# Blender 4.4.1
# www.blender.org
mtllib AITerrain_00_OPEN_SEA.mtl
o AITerrain_00_OPEN_SEA
v -1050.000000 35.203510 500.000000
v -1050.000000 41.163410 474.358978
v -1050.000000 48.267284 448.717957
v -1050.000000 48.945957 423.076935
v -1050.000000 39.687336 397.435883
v -1050.000000 28.121521 371.794861
v -1050.000000 18.117973 346.153839
v -1050.000000 12.168282 320.512817
v -1050.000000 10.342786 294.871796
v -1050.000000 9.724440 269.230774
v -1050.000000 9.500000 243.589737
v -1050.000000 9.500000 217.948715
v -1050.000000 9.500000 192.307693
v -1050.000000 9.500000 166.666672
v -1050.000000 9.500000 141.025635
v -1050.000000 9.500000 115.384613
v -1050.000000 9.500000 89.743591
v -1050.000000 9.500000 64.102562
v -1050.000000 9.500000 38.461540
v -1050.000000 9.500000 12.820513
v -1050.000000 9.500000 -12.820513
v -1050.000000 9.500000 -38.461540
v -1050.000000 9.500000 -64.102562
v -1050.000000 9.500000 -89.743591
v -1050.000000 9.500000 -115.384613
v -1050.000000 9.500000 -141.025635
v -1050.000000 9.500000 -166.666672
v -1050.000000 9.500000 -192.307693
v -1050.000000 9.500000 -217.948715
v -1050.000000 9.500000 -243.589737
v -1050.000000 9.853045 -269.230774
v -1050.000000 11.101067 -294.871796
v -1050.000000 13.286741 -320.512817
v -1050.000000 16.473501 -346.153839
v -1050.000000 18.062544 -371.794861
v -1050.000000 17.488779 -397.435883
v -1050.000000 17.279644 -423.076935
v -1050.000000 24.306334 -448.717957
v -1050.000000 36.837330 -474.358978
v -1050.000000 43.492142 -500.000000
v -1033.464600 35.463573 500.000000
v -1033.464600 42.709698 474.358978
v -1033.464600 49.530094 448.717957
v -1033.464600 49.442471 423.076935
v -1033.464600 38.939289 397.435883
v -1033.464600 26.540836 371.794861
v -1033.464600 16.774693 346.153839
v -1033.464600 11.701699 320.512817
v -1033.464600 10.429082 294.871796
v -1033.464600 9.780273 269.230774
v -1033.464600 9.500009 243.589737
v -1033.464600 9.507047 217.948715
v -1033.464600 9.510832 192.307693
v -1033.464600 9.527951 166.666672
v -1033.464600 9.534779 141.025635
v -1033.464600 9.517015 115.384613
v -1033.464600 9.550984 89.743591
v -1033.464600 9.563033 64.102562
v -1033.464600 9.549555 38.461540
v -1033.464600 9.522643 12.820513
v -1033.464600 9.523075 -12.820513
v -1033.464600 9.511950 -38.461540
v -1033.464600 9.516033 -64.102562
v -1033.464600 9.527389 -89.743591
v -1033.464600 9.521945 -115.384613
v -1033.464600 9.529267 -141.025635
v -1033.464600 9.511734 -166.666672
v -1033.464600 9.509457 -192.307693
v -1033.464600 9.507580 -217.948715
v -1033.464600 9.500181 -243.589737
v -1033.464600 9.964128 -269.230774
v -1033.464600 11.557076 -294.871796
v -1033.464600 13.530405 -320.512817
v -1033.464600 15.759498 -346.153839
v -1033.464600 16.861145 -371.794861
v -1033.464600 17.702297 -397.435883
v -1033.464600 19.860161 -423.076935
v -1033.464600 27.369980 -448.717957
v -1033.466309 39.934601 -474.369507
v -1033.467163 46.266273 -500.015594
v -1016.929138 33.924824 500.000000
v -1016.929138 42.030331 474.358978
v -1016.929138 48.843937 448.717957
v -1016.929138 48.499825 423.076935
v -1016.929138 37.358150 397.435883
v -1016.929138 24.550823 371.794861
v -1016.929138 15.515656 346.153839
v -1016.929138 11.620000 320.512817
v -1016.929138 10.789992 294.871796
v -1016.929138 9.917954 269.230774
v -1016.929138 9.526402 243.589737
v -1016.929138 9.593925 217.948715
v -1016.929138 9.568829 192.307693
v -1016.929138 9.574297 166.666672
v -1016.929138 9.583948 141.025635
v -1016.929138 9.583905 115.384613
v -1016.929138 9.634318 89.743591
v -1016.929138 9.554634 64.102562
v -1016.929138 9.624171 38.461540
v -1016.929138 9.599987 12.820513
v -1016.929138 9.602921 -12.820513
v -1016.929138 9.607816 -38.461540
v -1016.929138 9.582183 -64.102562
v -1016.929138 9.653164 -89.743591
v -1016.929138 9.601214 -115.384613
v -1016.929138 9.597549 -141.025635
v -1016.929138 9.577782 -166.666672
v -1016.929138 9.619482 -192.307693
v -1016.929138 9.547837 -217.948715
v -1016.929138 9.531411 -243.589737
v -1016.929138 10.099372 -269.230774
v -1016.929138 12.156416 -294.871796
v -1016.929138 14.414305 -320.512817
v -1016.929138 16.432768 -346.153839
v -1016.929138 18.004820 -371.794861
v -1016.929138 21.052584 -397.435883
v -1016.940674 26.197901 -423.148651
v -1017.098328 35.588455 -449.770050
v -1017.208130 47.387383 -476.094299
v -1017.208252 51.082741 -501.735809
v -1000.393677 30.166647 500.000000
v -1000.393677 38.218735 474.358978
v -1000.393677 45.795788 448.717957
v -1000.393677 46.725399 423.076935
v -1000.393677 36.416237 397.435883
v -1000.393677 23.781656 371.794861
v -1000.393677 15.210539 346.153839
v -1000.393677 11.915337 320.512817
v -1000.393677 11.138612 294.871796
v -1000.393677 9.993674 269.230774
v -1000.393677 9.451025 243.589737
v -1000.393677 9.703970 217.948715
v -1000.393677 9.737980 192.307693
v -1000.393677 9.745070 166.666672
v -1000.393677 9.582501 141.025635
v -1000.393677 9.795695 115.384613
v -1000.393677 9.851273 89.743591
v -1000.393677 9.730751 64.102562
v -1000.393677 9.771015 38.461540
v -1000.393677 9.759891 12.820513
v -1000.393677 9.886755 -12.820513
v -1000.393677 9.726907 -38.461540
v -1000.393677 9.800028 -64.102562
v -1000.393677 9.973693 -89.743591
v -1000.393677 9.776754 -115.384613
v -1000.393677 9.693748 -141.025635
v -1000.393677 9.672849 -166.666672
v -1000.393677 9.828500 -192.307693
v -1000.393677 9.650333 -217.948715
v -1000.393677 9.576786 -243.589737
v -1000.393677 10.107858 -269.230774
v -1000.393677 12.597573 -294.871796
v -1000.414734 15.568650 -320.534088
v -1000.414734 18.182636 -346.175140
v -1000.393677 20.685314 -371.794861
v -1000.398132 25.492243 -397.463470
v -1000.693359 35.311153 -424.940674
v -1001.120544 47.208496 -453.238770
v -1001.310791 56.689034 -480.062775
v -1001.308899 56.363415 -505.692078
v -983.858276 25.450035 500.000000
v -983.858276 31.872532 474.358978
v -983.858276 40.421120 448.717957
v -983.858276 43.302242 423.076935
v -983.858276 34.862202 397.435883
v -983.858276 23.159021 371.794861
v -983.858276 15.380477 346.153839
v -983.858276 12.506907 320.512817
v -983.858276 11.514683 294.871796
v -983.858276 9.914705 269.230774
v -983.858276 9.286941 243.589737
v -983.858276 9.582422 217.948715
v -983.858276 9.554343 192.307693
v -983.858276 9.773000 166.666672
v -983.858276 9.567343 141.025635
v -983.858276 9.907856 115.384613
v -983.858276 9.669226 89.743591
v -983.858276 9.921166 64.102562
v -983.858276 9.918862 38.461540
v -983.858276 9.769860 12.820513
v -983.858276 10.043977 -12.820513
v -983.858276 9.780898 -38.461540
v -983.858276 9.822853 -64.102562
v -983.858276 9.867652 -89.743591
v -983.858276 9.597421 -115.384613
v -983.858276 9.794559 -141.025635
v -983.858276 9.977071 -166.666672
v -983.858276 9.673450 -192.307693
v -983.858276 9.594489 -217.948715
v -983.858276 9.577569 -243.589737
v -984.092896 10.446414 -269.468140
v -985.451660 15.541837 -296.483917
v -986.192200 20.421326 -322.874207
v -986.189514 23.609434 -348.512512
v -985.441223 25.427193 -373.396423
v -984.180481 30.061264 -398.647888
v -984.687927 44.010929 -428.236969
v -985.355286 57.914185 -458.028442
v -985.623413 65.087296 -485.337280
v -985.622925 60.836174 -510.975311
v -967.322815 22.578148 500.000000
v -967.322815 26.494308 474.358978
v -967.322815 35.119244 448.717957
v -967.322815 38.652561 423.076935
v -967.322815 31.577627 397.435883
v -967.322815 21.237700 371.794861
v -967.322815 15.244001 346.153839
v -967.322815 13.274866 320.512817
v -967.322815 12.057440 294.871796
v -967.322815 10.178744 269.230774
v -967.322815 9.362644 243.589737
v -967.322815 9.512071 217.948715
v -967.322815 9.740081 192.307693
v -967.322815 9.663484 166.666672
v -967.322815 9.748060 141.025635
v -967.322815 9.872248 115.384613
v -967.322815 10.062943 89.743591
v -967.322815 10.031793 64.102562
v -967.322815 10.262149 38.461540
v -967.322815 9.808805 12.820513
v -967.322815 10.931453 -12.820513
v -967.322815 9.904255 -38.461540
v -967.322815 10.472164 -64.102562
v -967.322815 9.963946 -89.743591
v -967.322815 9.852192 -115.384613
v -967.322815 10.156670 -141.025635
v -967.322815 9.858476 -166.666672
v -967.322815 9.990752 -192.307693
v -967.322815 9.651139 -217.948715
v -967.462463 9.573073 -243.731003
v -970.090271 14.732438 -272.030792
v -973.474976 23.550653 -301.096313
v -974.942505 29.878103 -328.222137
v -974.937317 32.939995 -353.857941
v -973.454041 33.398705 -378.000000
v -969.850647 36.642849 -402.402557
v -968.761719 51.167343 -432.026154
v -969.652466 67.322289 -463.207184
v -970.001526 73.582497 -491.019287
v -969.992554 66.635262 -516.604492
v -950.787415 22.683756 500.000000
v -950.787415 24.527225 474.358978
v -950.787415 32.388130 448.717957
v -950.787415 35.252296 423.076935
v -950.787415 28.666674 397.435883
v -950.787415 19.511868 371.794861
v -950.787415 15.317026 346.153839
v -950.787415 14.045930 320.512817
v -950.787415 11.984846 294.871796
v -950.787415 10.006104 269.230774
v -950.787415 9.496926 243.589737
v -950.787415 9.455393 217.948715
v -950.787415 9.792810 192.307693
v -950.787415 9.718887 166.666672
v -950.787415 10.299273 141.025635
v -950.787415 10.363965 115.384613
v -950.787415 9.666948 89.743591
v -950.787415 10.092216 64.102562
v -950.787415 10.086771 38.461540
v -950.787415 9.862152 12.820513
v -950.787415 10.168564 -12.820513
v -950.787415 9.922397 -38.461540
v -950.787415 10.106805 -64.102562
v -950.787415 9.921480 -89.743591
v -950.787415 9.664424 -115.384613
v -950.787415 10.022376 -141.025635
v -950.787415 9.877488 -166.666672
v -950.787415 9.377847 -192.307693
v -950.787415 10.208060 -217.948715
v -952.566284 12.936893 -245.389511
v -957.944397 22.880964 -276.471924
v -963.263489 34.600708 -307.494629
v -965.453247 41.859940 -335.351227
v -965.451904 44.418583 -360.990875
v -963.249756 43.231739 -384.588837
v -956.967834 43.728661 -407.591980
v -952.769531 55.426773 -435.404510
v -953.866394 74.104340 -467.867737
v -954.299316 81.385025 -496.200989
v -954.283691 73.873337 -521.744873
v -934.251953 25.572048 500.000000
v -934.251953 26.502043 474.358978
v -934.251953 33.056114 448.717957
v -934.251953 34.330990 423.076935
v -934.251953 27.394747 397.435883
v -934.251953 18.947142 371.794861
v -934.251953 15.894706 346.153839
v -934.251953 14.669439 320.512817
v -934.251953 12.158953 294.871796
v -934.251953 9.524439 269.230774
v -934.251953 9.621322 243.589737
v -934.251953 10.410247 217.948715
v -934.251953 10.313575 192.307693
v -934.251953 9.845207 166.666672
v -934.251953 10.932079 141.025635
v -934.251953 10.623860 115.384613
v -934.251953 9.508516 89.743591
v -934.251953 10.236863 64.102562
v -934.251953 10.130672 38.461540
v -934.251953 10.779574 12.820513
v -934.251953 10.380942 -12.820513
v -934.251953 9.793959 -38.461540
v -934.251953 10.318919 -64.102562
v -934.251953 9.438449 -89.743591
v -934.251953 9.736662 -115.384613
v -934.251953 9.581354 -141.025635
v -934.251953 9.512741 -166.666672
v -934.251953 10.465804 -192.307693
v -934.337219 10.602063 -218.035004
v -938.674866 17.452213 -248.064697
v -946.503967 32.557674 -281.626953
v -953.610168 46.630512 -314.457764
v -956.508850 54.705940 -343.031586
v -956.507629 56.421455 -368.671356
v -953.593811 53.319427 -391.774170
v -944.778625 50.052689 -412.951752
v -936.815002 56.730934 -437.837891
v -937.853882 77.491066 -471.120056
v -938.371155 87.463089 -499.978394
v -938.363159 81.492371 -525.569458
v -917.716553 29.832027 500.000000
v -917.716553 31.219688 474.358978
v -917.716553 36.450275 448.717957
v -917.716553 36.006508 423.076935
v -917.716553 28.279314 397.435883
v -917.716553 19.870657 371.794861
v -917.716553 17.020376 346.153839
v -917.716553 15.329524 320.512817
v -917.716553 12.330488 294.871796
v -917.716553 9.895741 269.230774
v -917.716553 9.557445 243.589737
v -917.716553 9.476556 217.948715
v -917.716553 9.502644 192.307693
v -917.716553 9.687104 166.666672
v -917.716553 9.413937 141.025635
v -917.716553 9.853385 115.384613
v -917.716553 10.611696 89.743591
v -917.716553 9.928285 64.102562
v -917.716553 9.194201 38.461540
v -917.716553 10.535913 12.820513
v -917.716553 10.128193 -12.820513
v -917.716553 9.841260 -38.461540
v -917.716553 9.944200 -64.102562
v -917.716553 10.400050 -89.743591
v -917.716553 10.808343 -115.384613
v -917.716553 10.671465 -141.025635
v -917.716553 10.818146 -166.666672
v -917.716553 9.529042 -192.307693
v -918.375854 10.283641 -218.615738
v -924.817200 21.332193 -250.773926
v -934.578064 39.333855 -286.290680
v -943.297485 56.982216 -320.753693
v -946.889465 66.016098 -350.028931
v -946.876709 67.264061 -375.657043
v -943.293091 62.322708 -398.142517
v -932.551147 55.277691 -417.515625
v -921.236694 56.460934 -439.297180
v -921.496826 77.434563 -472.229218
v -922.071167 90.543594 -501.442291
v -922.071167 87.096062 -527.083313
v -901.181091 32.685951 500.000000
v -901.181091 35.566219 474.358978
v -901.181091 40.248268 448.717957
v -901.181091 39.189777 423.076935
v -901.181091 31.038172 397.435883
v -901.181091 22.367388 371.794861
v -901.181091 18.378918 346.153839
v -901.181091 15.867219 320.512817
v -901.181091 12.479239 294.871796
v -901.181091 10.060846 269.230774
v -901.181091 8.868996 243.589737
v -901.181091 9.764360 217.948715
v -901.181091 9.840476 192.307693
v -901.181091 9.811822 166.666672
v -901.181091 8.845273 141.025635
v -901.181091 9.686648 115.384613
v -901.181091 10.087397 89.743591
v -901.181091 10.455285 64.102562
v -901.181091 11.508957 38.461540
v -901.181091 10.549801 12.820513
v -901.181091 10.686025 -12.820513
v -901.181091 10.369629 -38.461540
v -901.181091 10.253453 -64.102562
v -901.181091 11.349926 -89.743591
v -901.181091 10.934930 -115.384613
v -901.203186 9.667314 -141.056412
v -901.203674 11.286551 -166.698135
v -901.181091 9.595785 -192.307693
v -902.468750 11.815783 -219.251541
v -910.285828 25.765999 -252.801575
v -921.318054 45.098351 -289.604614
v -931.234741 65.595200 -325.279053
v -935.401794 75.195160 -355.136139
v -935.381165 76.109528 -380.756226
v -931.207397 69.828934 -402.603271
v -919.183716 59.889271 -420.554932
v -905.680725 57.045895 -440.082794
v -904.942627 76.994827 -472.112671
v -905.535706 91.830345 -501.442291
v -905.535706 89.883926 -527.083313
v -884.645691 33.185432 500.000000
v -884.645691 37.682316 474.358978
v -884.645691 43.017555 448.717957
v -884.645691 43.008926 423.076935
v -884.645691 35.393307 397.435883
v -884.645691 26.154762 371.794861
v -884.645691 20.761173 346.153839
v -884.645691 16.539246 320.512817
v -884.645691 12.109500 294.871796
v -884.645691 10.120614 269.230774
v -884.645691 10.262279 243.589737
v -884.645691 10.435697 217.948715
v -884.645691 10.239358 192.307693
v -884.645691 10.836072 166.666672
v -884.645691 11.069345 141.025635
v -884.645691 11.933231 115.384613
v -884.645691 10.142406 89.743591
v -884.645691 10.966271 64.102562
v -884.645691 10.032778 38.461540
v -884.645691 9.393671 12.820513
v -884.645691 11.244690 -12.820513
v -884.645691 10.472368 -38.461540
v -884.645691 10.801818 -64.102562
v -884.915039 10.456550 -90.118568
v -886.403320 15.257233 -117.831360
v -887.197327 15.669586 -144.577667
v -887.198730 16.676750 -170.220627
v -886.397034 14.393907 -194.745697
v -886.554321 14.117157 -219.982239
v -894.522034 28.821281 -253.582306
v -905.994507 47.791420 -290.830750
v -916.329834 68.388206 -326.928711
v -920.825195 79.695389 -357.117981
v -920.825195 81.633141 -382.759003
v -916.328430 74.392838 -404.216980
v -903.903137 62.579563 -421.506653
v -889.710510 57.457031 -439.991272
v -888.217102 75.454674 -470.930176
v -888.765381 89.344978 -499.981384
v -888.765320 87.270844 -525.622070
v -868.110229 32.935646 500.000000
v -868.110229 38.680401 474.358978
v -868.110229 45.078167 448.717957
v -868.110229 46.310940 423.076935
v -868.110229 39.493587 397.435883
v -868.110229 30.195616 371.794861
v -868.110229 23.605745 346.153839
v -868.110229 17.675768 320.512817
v -868.110229 11.772489 294.871796
v -868.110229 11.155847 269.230774
v -868.110229 10.530834 243.589737
v -868.110229 10.842686 217.948715
v -868.110229 9.938333 192.307693
v -868.110229 10.906878 166.666672
v -868.110229 11.556210 141.025635
v -868.110229 9.997993 115.384613
v -868.110229 9.979362 89.743591
v -868.110229 11.942893 64.102562
v -868.110229 10.482815 38.461540
v -868.110229 8.927455 12.820513
v -868.110229 11.554457 -12.820513
v -868.110229 11.413183 -38.461540
v -868.277466 11.744912 -64.335350
v -871.194763 17.111828 -94.037415
v -874.873474 28.477184 -124.799438
v -876.460876 29.373211 -152.650253
v -876.434998 27.675354 -178.255295
v -874.853882 24.280634 -201.695297
v -873.738342 21.237621 -224.812912
v -878.187134 27.944885 -253.847763
v -889.438293 48.378349 -290.809753
v -899.738037 68.148735 -326.871704
v -904.289734 80.709229 -357.117981
v -904.289734 83.373184 -382.759003
v -899.838135 75.639656 -404.042755
v -888.045471 62.327515 -421.118591
v -874.043579 54.931770 -438.828674
v -871.134827 68.602325 -467.529358
v -871.615906 80.868515 -496.499542
v -871.614563 79.009880 -522.431335
v -851.574829 31.416115 500.000000
v -851.574829 38.076183 474.358978
v -851.574829 45.340717 448.717957
v -851.574829 47.060116 423.076935
v -851.574829 40.697933 397.435883
v -851.574829 31.719246 371.794861
v -851.574829 24.941376 346.153839
v -851.574829 18.584150 320.512817
v -851.574829 13.068928 294.871796
v -851.574829 11.051332 269.230774
v -851.574829 9.141298 243.589737
v -851.574829 9.725820 217.948715
v -851.574829 11.741484 192.307693
v -851.574829 11.147139 166.666672
v -851.574829 10.925800 141.025635
v -851.574829 10.960903 115.384613
v -851.574829 12.736994 89.743591
v -851.574829 9.476947 64.102562
v -851.574829 14.033694 38.461540
v -851.574829 10.301086 12.820513
v -851.574829 10.813252 -12.820513
v -851.625061 10.254409 -38.503426
v -853.976440 16.715527 -67.218987
v -859.476624 26.103905 -100.743355
v -865.287964 40.910881 -134.474121
v -867.632874 44.517338 -163.379379
v -867.594421 43.511326 -188.966919
v -865.529053 40.593540 -211.635117
v -863.653748 35.231144 -233.179916
v -864.060547 33.725296 -256.979034
v -871.664307 45.203705 -289.556610
v -881.599487 65.877174 -325.249664
v -885.794739 78.372200 -355.135345
v -885.802063 80.329346 -380.783752
v -881.692261 73.059509 -402.266571
v -871.151001 58.782890 -419.260529
v -858.211182 50.242691 -436.657959
v -853.882446 61.433037 -464.497894
v -854.225891 73.358170 -494.568573
v -854.218994 72.120422 -521.067627
v -835.039368 28.642191 500.000000
v -835.039368 36.024929 474.358978
v -835.039368 43.627125 448.717957
v -835.039368 44.693363 423.076935
v -835.039368 38.157631 397.435883
v -835.039368 30.431337 371.794861
v -835.039368 24.472879 346.153839
v -835.039368 18.747068 320.512817
v -835.039368 12.797647 294.871796
v -835.039368 10.349091 269.230774
v -835.039368 10.093057 243.589737
v -835.039368 10.386412 217.948715
v -835.039368 11.771510 192.307693
v -835.039368 11.610941 166.666672
v -835.039368 14.130270 141.025635
v -835.039368 10.618660 115.384613
v -835.039368 10.813572 89.743591
v -835.039368 11.159876 64.102562
v -835.039368 10.199768 38.461540
v -835.374878 13.959198 12.540582
v -837.157776 12.387930 -14.587939
v -838.312134 16.718666 -41.248508
v -843.816345 27.904879 -74.171219
v -849.007996 39.920647 -108.928474
v -856.292053 55.583427 -144.969681
v -859.437073 64.142212 -174.988770
v -859.394775 62.212925 -200.570892
v -857.125122 57.707180 -222.734787
v -853.938110 48.183342 -242.195908
v -850.411255 40.710518 -261.014252
v -852.059387 40.088470 -286.488647
v -860.639893 58.536282 -320.773468
v -864.219543 69.141273 -350.036285
v -864.222595 71.179169 -375.680420
v -860.702576 64.296921 -397.760010
v -851.903992 50.678986 -415.133270
v -841.079529 44.890083 -434.191711
v -836.591370 57.793068 -463.750702
v -836.718933 68.639107 -494.439117
v -836.697083 67.890259 -521.388184
v -818.503967 25.143816 500.000000
v -818.503967 33.272827 474.358978
v -818.503967 40.590206 448.717957
v -818.503967 39.982986 423.076935
v -818.503967 32.852020 397.435883
v -818.503967 26.422035 371.794861
v -818.503967 21.820339 346.153839
v -818.503967 16.829334 320.512817
v -818.503967 12.287764 294.871796
v -818.503967 11.599466 269.230774
v -818.503967 13.177913 243.589737
v -818.503967 11.640578 217.948715
v -818.503967 8.455013 192.307693
v -818.503967 8.237935 166.666672
v -818.503967 11.151320 141.025635
v -818.503967 12.429582 115.384613
v -818.503967 12.794690 89.743591
v -818.503967 11.467155 64.102562
v -818.672852 10.395152 38.320618
v -822.148376 20.607143 9.779885
v -826.485840 21.613144 -19.479980
v -829.033142 29.404884 -47.668114
v -836.194336 43.741848 -83.273392
v -838.719604 54.907257 -117.012459
v -846.636658 72.566833 -154.546997
v -850.490967 80.022011 -185.553467
v -850.485718 80.283913 -211.187195
v -847.494690 72.922424 -232.331619
v -842.545776 58.422646 -249.340958
v -835.565735 44.376236 -263.858002
v -832.091492 35.237755 -283.264557
v -837.877441 48.249832 -314.473175
v -840.816833 55.976265 -343.089325
v -841.062012 58.887966 -368.983398
v -839.575256 54.352177 -393.148285
v -835.899353 49.292408 -415.139496
v -828.726074 51.918964 -438.771301
v -819.857239 58.094238 -464.911682
v -819.276611 67.737564 -495.905792
v -819.203491 67.147133 -523.043213
v -801.968506 22.041786 500.000000
v -801.968506 31.225155 474.358978
v -801.968506 37.800312 448.717957
v -801.968506 35.138973 423.076935
v -801.968506 27.086918 397.435883
v -801.968506 20.910364 371.794861
v -801.968506 19.170649 346.153839
v -801.968506 16.248295 320.512817
v -801.968506 12.530706 294.871796
v -801.968506 13.264288 269.230774
v -801.968506 10.031829 243.589737
v -801.968506 10.731074 217.948715
v -801.968506 12.428985 192.307693
v -801.968506 11.276093 166.666672
v -801.968506 9.526872 141.025635
v -801.968506 13.567444 115.384613
v -801.968506 10.849051 89.743591
v -801.968506 11.708630 64.102562
v -804.178894 14.047605 36.617348
v -811.153992 25.513760 5.156840
v -818.171326 38.345104 -26.338936
v -821.845215 45.481064 -55.855385
v -829.493591 61.420647 -92.696831
v -827.977966 63.928509 -123.851387
v -834.979614 83.516563 -161.338104
v -839.479736 91.363411 -193.243530
v -839.391113 89.373169 -218.761185
v -835.410461 82.262573 -238.687759
v -828.192261 64.081284 -252.925079
v -818.480103 45.118706 -264.133148
v -811.547485 28.499393 -279.473450
v -816.993347 40.386734 -310.124969
v -824.415466 54.586494 -343.381866
v -828.268738 63.011902 -372.999969
v -828.858398 62.708874 -399.293854
v -828.740051 65.931427 -425.337830
v -821.372559 71.039185 -449.845062
v -805.664856 65.883430 -469.548279
v -802.068176 71.656349 -498.828949
v -801.979309 71.692497 -526.403992
v -785.433044 19.763523 500.000000
v -785.433044 30.100271 474.358978
v -785.433044 35.891109 448.717957
v -785.433044 31.759573 423.076935
v -785.433044 23.050886 397.435883
v -785.433044 17.481714 371.794861
v -785.433044 16.815310 346.153839
v -785.433044 15.308820 320.512817
v -785.433044 12.429232 294.871796
v -785.433044 12.612924 269.230774
v -785.433044 11.698023 243.589737
v -785.433044 10.090884 217.948715
v -785.433044 11.064080 192.307693
v -785.433044 13.221406 166.666672
v -785.433044 12.947816 141.025635
v -785.433044 17.850086 115.384613
v -785.433044 11.194139 89.743591
v -785.509155 12.169179 64.039062
v -790.948853 19.575996 33.859581
v -800.940247 33.578499 -0.117524
v -810.443237 53.729477 -33.687138
v -814.952332 65.999939 -64.037933
v -822.956299 75.711311 -101.475861
v -817.262329 71.566246 -129.396927
v -820.241760 86.592918 -163.840469
v -825.091431 96.993858 -196.232529
v -825.091431 97.755135 -221.873566
v -820.231628 84.379921 -240.730240
v -810.610657 66.095909 -252.384506
v -799.414062 39.254730 -261.868652
v -791.208130 19.510580 -275.736938
v -800.160095 37.745071 -309.946655
v -813.570251 64.377228 -349.397095
v -822.982300 80.382111 -384.753082
v -824.899292 84.056450 -412.401459
v -824.817261 90.167381 -439.215485
v -814.210388 93.029251 -461.969696
v -791.477478 76.189865 -475.029236
v -785.294067 79.698044 -503.237762
v -785.279785 81.433228 -531.849976
v -768.897644 17.711941 500.000000
v -768.897644 28.543119 474.358978
v -768.897644 33.750729 448.717957
v -768.897644 28.946617 423.076935
v -768.897644 20.486326 397.435883
v -768.897644 16.918140 371.794861
v -768.897644 15.932939 346.153839
v -768.897644 13.725135 320.512817
v -768.897644 10.644858 294.871796
v -768.897644 10.279610 269.230774
v -768.897644 14.462928 243.589737
v -768.897644 10.379814 217.948715
v -768.897644 11.381950 192.307693
v -768.897644 13.754737 166.666672
v -768.897644 11.245590 141.025635
v -768.897644 10.230633 115.384613
v -768.897644 13.985130 89.743591
v -769.636658 13.002374 63.486008
v -777.843933 29.072142 30.993156
v -790.155151 41.643589 -4.915134
v -801.807007 66.540756 -40.277603
v -807.612915 73.387672 -71.727295
v -815.409485 91.565231 -108.975380
v -806.467773 82.145950 -134.183685
v -803.632690 84.852722 -163.737885
v -808.556030 98.650841 -196.232529
v -808.556030 96.799637 -221.873566
v -803.700989 85.558067 -240.756042
v -792.689392 60.999817 -250.975693
v -780.396423 38.174572 -259.413849
v -775.548096 21.901186 -277.285645
v -784.341980 40.167534 -310.901703
v -801.436218 70.637482 -354.046783
v -815.637329 96.682190 -394.344269
v -820.363403 104.960129 -424.877411
v -819.913330 113.228828 -451.863708
v -805.443359 110.708984 -471.602051
v -776.732971 83.765656 -479.388062
v -768.742554 84.933258 -506.587585
v -768.726196 87.674011 -535.631042
v -752.362183 16.368103 500.000000
v -752.362183 27.093842 474.358978
v -752.362183 31.900888 448.717957
v -752.362183 26.996218 423.076935
v -752.362183 19.556023 397.435883
v -752.362183 17.458660 371.794861
v -752.362183 15.933291 346.153839
v -752.362183 14.191869 320.512817
v -752.362183 10.980683 294.871796
v -752.362183 9.634006 269.230774
v -752.362183 10.041457 243.589737
v -752.362183 9.672247 217.948715
v -752.362183 13.118020 192.307693
v -752.362183 11.988799 166.666672
v -752.362183 9.984015 141.025635
v -752.362183 9.839212 115.384613
v -752.362183 10.309963 89.743591
v -754.055359 14.606603 62.541363
v -764.920898 32.594337 27.167936
v -778.735962 56.545929 -9.685091
v -790.875916 74.942162 -45.014038
v -797.499756 82.564941 -76.924347
v -805.461243 102.055939 -114.030502
v -794.341492 94.154846 -137.179169
v -785.931396 83.704887 -161.795670
v -789.864258 92.524963 -193.230835
v -789.879700 91.718872 -218.893295
v -785.352722 84.514526 -238.232483
v -774.710022 57.425480 -249.056137
v -767.103699 43.434322 -264.002502
v -768.514160 42.318153 -289.179504
v -775.903625 57.806221 -320.582916
v -787.995667 74.268784 -357.363983
v -804.807190 106.480476 -400.278320
v -812.076965 121.173050 -433.422333
v -812.142273 129.914886 -460.969849
v -795.360352 122.541542 -478.328217
v -763.190308 88.103615 -482.550446
v -752.209900 83.407890 -506.701599
v -752.193359 86.827621 -535.815613
v -735.826782 15.856948 500.000000
v -735.826782 26.101057 474.358978
v -735.826782 30.639774 448.717957
v -735.826782 26.032568 423.076935
v -735.826782 19.587372 397.435883
v -735.826782 17.721136 371.794861
v -735.826782 17.097345 346.153839
v -735.826782 14.053489 320.512817
v -735.826782 12.678109 294.871796
v -735.826782 12.276725 269.230774
v -735.826782 10.893308 243.589737
v -735.826782 13.034470 217.948715
v -735.826782 11.796757 192.307693
v -735.826782 10.715399 166.666672
v -735.826782 12.753386 141.025635
v -735.826782 11.438231 115.384613
v -735.826782 11.488179 89.743591
v -739.475586 19.323418 59.816471
v -752.438477 40.513489 21.661785
v -766.284363 63.299969 -14.896608
v -777.855103 79.700249 -49.064888
v -783.102356 89.533218 -78.362885
v -790.195068 102.562561 -113.871964
v -784.136536 98.763023 -140.443771
v -769.315796 80.667343 -159.005219
v -767.813904 82.916214 -185.553650
v -767.814514 79.925926 -211.195526
v -764.346130 72.856789 -232.001175
v -760.394653 63.219902 -252.038681
v -759.039795 63.491554 -275.328369
v -765.874207 69.678894 -306.578888
v -772.539795 81.592628 -336.406952
v -778.913208 90.077316 -365.897156
v -791.122803 111.820259 -403.220978
v -799.027466 129.932098 -437.019867
v -799.019043 136.508270 -464.409393
v -781.675415 126.374252 -481.245331
v -747.103760 88.174026 -484.365967
v -736.278503 83.894051 -509.173859
v -736.263428 87.163101 -537.722351
v -719.291321 15.912274 500.000000
v -719.291321 25.670847 474.358978
v -719.291321 29.950758 448.717957
v -719.291321 25.452547 423.076935
v -719.291321 19.692228 397.435883
v -719.291321 18.292070 371.794861
v -719.291321 17.498585 346.153839
v -719.291321 12.101724 320.512817
v -719.291321 11.350630 294.871796
v -719.291321 13.036138 269.230774
v -719.291321 10.993500 243.589737
v -719.291321 16.491016 217.948715
v -719.291321 12.333526 192.307693
v -719.291321 13.561138 166.666672
v -719.291321 13.232975 141.025635
v -719.291321 9.706685 115.384613
v -719.799072 15.599113 88.987595
v -725.897217 28.071581 55.557304
v -740.834656 47.752434 14.683663
v -754.499023 71.492752 -21.584112
v -765.662048 86.875877 -55.203018
v -768.032593 87.872978 -80.608932
v -770.698547 98.497879 -109.757034
v -768.662964 94.787476 -138.449280
v -753.415222 81.081329 -155.881866
v -747.400146 71.126251 -179.966980
v -750.685242 78.154739 -210.238968
v -751.773376 80.171974 -237.316544
v -753.000122 80.217911 -264.497742
v -753.338135 87.418755 -290.085480
v -760.152771 93.728127 -321.186340
v -767.761597 101.979568 -351.101227
v -769.362671 105.084846 -374.451599
v -774.917908 114.823746 -403.607361
v -782.500061 130.985397 -437.043152
v -782.547668 136.137039 -464.096222
v -763.991882 123.878166 -481.240814
v -728.927734 85.328285 -485.109985
v -721.166992 84.710373 -512.188538
v -721.158997 86.003616 -538.952515
v -702.755920 15.897301 500.000000
v -702.755920 25.690722 474.358978
v -702.755920 29.555058 448.717957
v -702.755920 24.449678 423.076935
v -702.755920 18.837223 397.435883
v -702.755920 18.093388 371.794861
v -702.755920 19.199436 346.153839
v -702.755920 15.578146 320.512817
v -702.755920 12.222548 294.871796
v -702.755920 13.542078 269.230774
v -702.755920 7.959295 243.589737
v -702.755920 15.971841 217.948715
v -702.755920 13.057178 192.307693
v -702.755920 9.286589 166.666672
v -702.755920 13.742045 141.025635
v -702.755920 12.213743 115.384613
v -704.223572 17.603994 87.558479
v -711.520325 30.737934 52.139828
v -728.625854 65.922012 7.551058
v -741.443787 83.209717 -27.830196
v -753.126404 99.103279 -62.568977
v -753.512390 99.657257 -85.894028
v -751.520935 94.335320 -108.627808
v -748.237732 92.397232 -134.101395
v -734.997314 77.136017 -152.837845
v -731.631348 72.899597 -181.043747
v -741.033081 92.347092 -219.538635
v -745.905762 103.600555 -251.828522
v -747.120850 103.772873 -279.030731
v -747.156433 105.200409 -304.405792
v -750.486755 106.960754 -331.409729
v -754.904541 114.273796 -357.268494
v -758.675964 117.015968 -381.931976
v -758.024292 116.257889 -404.248810
v -763.249634 128.701248 -435.451843
v -763.838013 134.637054 -463.658508
v -743.121704 117.596741 -479.112152
v -711.285339 83.110085 -485.786224
v -706.524536 84.923859 -514.109009
v -706.527466 85.132416 -539.813477
v -686.220459 17.184967 500.000000
v -686.220459 26.383127 474.358978
v -686.220459 29.050835 448.717957
v -686.220459 23.053038 423.076935
v -686.220459 16.969500 397.435883
v -686.220459 16.860037 371.794861
v -686.220459 17.739609 346.153839
v -686.220459 17.033249 320.512817
v -686.220459 11.838006 294.871796
v -686.220459 14.304023 269.230774
v -686.220459 8.964579 243.589737
v -686.220459 9.736988 217.948715
v -686.220459 15.680936 192.307693
v -686.220459 11.324173 166.666672
v -686.220459 20.533829 141.025635
v -686.220459 13.444511 115.384613
v -688.350281 15.119121 86.572586
v -695.886780 32.090359 50.271511
v -713.648865 67.034805 3.631519
v -726.641296 92.473862 -33.252228
v -739.655945 114.470428 -71.182434
v -737.272339 114.375565 -93.067871
v -733.745117 98.342728 -112.506966
v -726.742981 88.005997 -131.838425
v -714.997192 73.040337 -150.880096
v -714.543457 75.570465 -181.079666
v -726.966980 100.357292 -222.840912
v -735.506897 122.112762 -260.126862
v -737.565063 126.338707 -288.526917
v -736.810364 121.285103 -313.077972
v -734.903320 115.069740 -334.653198
v -740.452637 119.307419 -361.111481
v -741.528564 117.972664 -383.109528
v -736.896729 110.108597 -401.784576
v -739.169739 119.632523 -430.424133
v -739.671082 127.440567 -459.699829
v -717.977356 106.454460 -472.982330
v -694.085571 81.507973 -485.004944
v -692.036133 84.868828 -513.961609
v -692.042297 84.957809 -539.680542
v -669.685059 22.068653 500.000000
v -669.685059 27.639187 474.358978
v -669.685059 27.938950 448.717957
v -669.685059 22.175636 423.076935
v -669.685059 17.317726 397.435883
v -669.685059 16.999321 371.794861
v -669.685059 17.701832 346.153839
v -669.685059 16.235910 320.512817
v -669.685059 11.081160 294.871796
v -669.685059 12.519074 269.230774
v -669.685059 14.190211 243.589737
v -669.685059 13.796140 217.948715
v -669.685059 12.348788 192.307693
v -669.685059 10.296049 166.666672
v -669.685059 15.954835 141.025635
v -669.685059 12.185686 115.384613
v -672.609741 20.989651 85.389175
v -679.683960 36.648582 49.282196
v -695.072205 64.351639 4.392313
v -711.913879 98.721313 -39.706047
v -724.821594 122.500702 -79.235939
v -720.959839 121.512924 -101.275429
v -714.838379 105.522659 -117.078430
v -704.947510 86.270233 -131.969757
v -694.089966 70.921997 -149.332611
v -696.743896 75.380608 -180.784882
v -708.399292 92.575394 -220.519897
v -719.153259 117.454605 -260.284851
v -723.378540 126.336548 -291.701691
v -723.106506 125.146866 -316.963989
v -720.229126 117.696030 -337.404663
v -724.116882 117.676346 -362.383453
v -716.441467 107.394112 -376.036194
v -710.644348 101.452515 -394.777222
v -711.751221 108.470619 -423.138184
v -709.910278 114.211357 -451.155792
v -692.192139 95.048187 -465.631775
v -677.593628 80.321327 -483.072815
v -677.385803 84.141891 -512.163696
v -677.387207 83.657181 -537.989502
v -653.149597 28.196062 500.000000
v -653.149597 28.186914 474.358978
v -653.149597 25.615999 448.717957
v -653.149597 20.976290 423.076935
v -653.149597 18.609541 397.435883
v -653.149597 18.542515 371.794861
v -653.149597 16.385572 346.153839
v -653.149597 17.973032 320.512817
v -653.149597 9.543000 294.871796
v -653.149597 7.485985 269.230774
v -653.149597 14.359755 243.589737
v -653.149597 12.625072 217.948715
v -653.149597 8.210863 192.307693
v -653.149597 8.002741 166.666672
v -653.149597 14.861195 141.025635
v -653.177124 21.846167 115.343620
v -656.749146 23.101269 84.384384
v -663.884705 33.733967 48.119499
v -675.846375 67.184250 6.097397
v -693.516846 99.194633 -41.352711
v -705.038879 124.414764 -81.440536
v -703.474854 120.445847 -106.278015
v -694.360779 106.313477 -120.051605
v -683.150574 81.318481 -132.396042
v -673.759644 69.770638 -149.117188
v -679.356873 77.787201 -181.346939
v -689.266846 92.749611 -217.849426
v -699.702698 113.920227 -256.280701
v -706.571655 121.741875 -291.343018
v -706.571594 121.576553 -316.983582
v -701.858887 117.286957 -335.403564
v -700.692871 108.640022 -355.981964
v -686.729980 88.115234 -363.872406
v -682.643860 89.816193 -386.403687
v -684.518494 97.111336 -416.318146
v -679.280945 98.966965 -441.612152
v -668.420044 86.744781 -460.032043
v -661.644592 79.997482 -481.672882
v -662.227478 82.946762 -510.070190
v -662.226501 81.910500 -535.921692
v -636.614197 33.481014 500.000000
v -636.614197 27.343050 474.358978
v -636.614197 22.024899 448.717957
v -636.614197 18.716496 423.076935
v -636.614197 18.333279 397.435883
v -636.614197 16.931240 371.794861
v -636.614197 17.130352 346.153839
v -636.614197 14.420204 320.512817
v -636.614197 11.423850 294.871796
v -636.614197 11.722779 269.230774
v -636.614197 18.036640 243.589737
v -636.614197 13.133879 217.948715
v -636.614197 16.383993 192.307693
v -636.614197 13.801250 166.666672
v -636.614197 11.042226 141.025635
v -636.627380 16.201315 115.364990
v -640.032959 19.587921 84.653519
v -647.430054 35.696232 47.999260
v -657.155457 63.612514 7.817038
v -673.040771 89.948624 -39.654190
v -682.266968 119.608528 -79.138000
v -678.516724 123.030663 -102.544182
v -670.955872 103.057045 -118.414062
v -660.687134 79.616188 -131.221420
v -655.469116 75.478287 -150.282623
v -664.822327 84.863739 -185.731293
v -674.160706 95.569168 -220.936371
v -682.212280 110.488579 -256.668335
v -686.618469 121.992096 -288.843323
v -686.921631 120.070297 -314.900269
v -679.945862 112.307060 -330.244324
v -675.497314 94.305382 -347.534668
v -658.803406 68.590729 -353.578033
v -656.659363 75.261024 -379.774384
v -657.624817 84.417313 -409.295837
v -653.065369 88.249054 -435.531647
v -648.193909 84.048485 -458.506256
v -646.262756 80.811676 -481.957306
v -646.228638 80.712646 -508.199860
v -646.228210 79.501709 -533.925476
v -620.078735 36.476624 500.000000
v -620.078735 25.101038 474.358978
v -620.078735 17.716015 448.717957
v -620.078735 16.029690 423.076935
v -620.078735 17.899029 397.435883
v -620.078735 18.312244 371.794861
v -620.078735 17.289024 346.153839
v -620.078735 12.256560 320.512817
v -620.078735 12.230647 294.871796
v -620.078735 13.863635 269.230774
v -620.078735 14.523504 243.589737
v -620.078735 16.751068 217.948715
v -620.078735 12.169675 192.307693
v -620.078735 12.719357 166.666672
v -620.078735 8.271520 141.025635
v -620.078735 17.891640 115.384613
v -622.841125 19.677938 85.630783
v -629.750305 36.790424 49.702900
v -638.237183 52.852222 11.044838
v -651.031921 82.735672 -34.942535
v -658.595276 103.976669 -73.249710
v -657.583862 118.255630 -101.284401
v -649.538818 101.372604 -116.920967
v -641.089783 83.653954 -130.980576
v -640.190063 79.559013 -153.566849
v -648.610168 85.010643 -187.403778
v -654.437439 96.104607 -219.489960
v -659.663330 106.989151 -252.884064
v -660.605103 111.408936 -280.821625
v -660.688049 111.108643 -306.589813
v -654.397034 95.496277 -323.076385
v -645.451782 71.808861 -335.022858
v -632.195679 50.785408 -344.095612
v -632.797546 62.503284 -374.350464
v -633.567261 74.859917 -404.108032
v -632.470093 84.452957 -433.929077
v -632.175964 86.597305 -461.307404
v -630.454590 81.150398 -483.470581
v -629.746460 78.655731 -507.686981
v -629.709351 77.908066 -533.220215
v -603.543335 36.192017 500.000000
v -603.543335 22.076416 474.358978
v -603.543335 13.624481 448.717957
v -603.543335 12.501495 423.076935
v -603.543335 15.318165 397.435883
v -603.543335 15.530290 371.794861
v -603.543335 14.105032 346.153839
v -603.543335 15.000551 320.512817
v -603.543335 13.905060 294.871796
v -603.543335 17.801353 269.230774
v -603.543335 8.722631 243.589737
v -603.543335 10.725720 217.948715
v -603.543335 16.302050 192.307693
v -603.543335 16.234190 166.666672
v -603.543335 7.779412 141.025635
v -603.543335 18.634108 115.384613
v -605.132446 16.294695 87.377609
v -610.788391 32.096684 53.315651
v -618.691833 50.163872 15.443317
v -628.985046 79.822113 -27.964821
v -633.710266 91.235291 -63.753040
v -635.937744 108.876579 -95.957726
v -629.807739 99.234406 -113.814011
v -623.816345 83.903786 -130.534729
v -622.373840 79.117928 -152.376175
v -628.050537 80.715416 -183.929657
v -632.240967 88.331009 -216.425232
v -633.741089 94.077042 -246.126938
v -632.121094 93.855576 -271.123413
v -632.482605 91.637573 -297.259186
v -625.115417 77.037766 -312.579376
v -614.839111 59.835815 -322.346161
v -609.895447 46.244705 -339.974182
v -612.235718 55.559235 -370.941833
v -613.843018 68.638924 -401.660400
v -615.839539 81.953110 -434.428070
v -616.355225 85.427925 -462.925323
v -615.092163 79.443222 -484.813232
v -614.295349 76.298630 -507.844635
v -614.196167 76.596390 -533.161377
v -587.007874 31.436687 500.000000
v -587.007874 18.078789 474.358978
v -587.007874 10.250158 448.717957
v -587.007874 9.348274 423.076935
v -587.007874 12.073511 397.435883
v -587.007874 12.690763 371.794861
v -587.007874 15.345714 346.153839
v -587.007874 17.181797 320.512817
v -587.007874 10.688073 294.871796
v -587.007874 6.880427 269.230774
v -587.007874 13.003798 243.589737
v -587.007874 8.143606 217.948715
v -587.007874 22.361389 192.307693
v -587.007874 21.025017 166.666672
v -587.007874 9.824241 141.025635
v -587.007874 17.517967 115.384613
v -587.528931 16.938395 88.967812
v -591.441589 28.774513 57.501423
v -597.818909 44.770142 21.912079
v -608.209045 66.969193 -21.437309
v -613.215210 79.747009 -57.707832
v -615.049500 103.350143 -89.256599
v -611.052673 90.738731 -110.433937
v -606.098572 80.428345 -128.773697
v -604.390564 73.832298 -150.560287
v -605.991028 77.027733 -178.449234
v -608.295898 82.008736 -210.555771
v -608.174805 81.477631 -239.563232
v -604.096436 78.517731 -262.477234
v -601.241882 75.229691 -284.416748
v -595.943665 65.279762 -302.278259
v -592.961304 52.237465 -320.788818
v -593.462524 49.928207 -343.288483
v -595.598267 54.937416 -371.136322
v -597.037720 64.571442 -400.961914
v -598.848999 75.548012 -432.654144
v -600.776001 80.701675 -462.428650
v -600.690552 77.187469 -485.313782
v -600.047302 74.715675 -507.673676
v -599.927917 76.365097 -532.793396
v -570.472412 22.874392 500.000000
v -570.472412 12.665146 474.358978
v -570.472412 7.429263 448.717957
v -570.472412 7.589599 423.076935
v -570.472412 10.909784 397.435883
v -570.472412 13.768134 371.794861
v -570.472412 14.168321 346.153839
v -570.472412 13.167031 320.512817
v -570.472412 15.479685 294.871796
v -570.472412 8.454946 269.230774
v -570.472412 17.419485 243.589737
v -570.472412 14.784854 217.948715
v -570.472412 9.244795 192.307693
v -570.472412 15.193238 166.666672
v -570.472412 9.876689 141.025635
v -570.472412 20.073807 115.384613
v -570.472412 8.234286 89.743591
v -572.146729 19.231741 61.609772
v -576.647278 27.438274 28.935646
v -587.560059 58.999687 -14.677253
v -593.690918 73.584877 -52.321785
v -595.033630 95.268173 -83.059517
v -592.424133 85.230087 -106.317299
v -589.716492 76.876373 -127.607643
v -590.105652 73.341034 -153.295700
v -588.934082 79.490868 -178.669189
v -588.291321 81.406166 -208.093201
v -584.097900 76.812843 -233.255768
v -578.959229 68.673790 -256.581177
v -575.797668 61.247272 -278.880402
v -573.396667 61.511742 -300.128113
v -574.996826 56.596695 -323.390747
v -576.923828 54.068665 -345.742584
v -578.673828 52.653442 -370.550385
v -579.776123 57.811527 -398.771393
v -582.122864 68.229355 -429.912079
v -585.826599 77.761749 -461.575348
v -586.668030 76.804085 -484.564789
v -586.385193 76.251114 -506.667175
v -586.167236 78.498871 -531.456116
v -553.937012 13.878190 500.000000
v -553.937012 8.585448 474.358978
v -553.937012 6.455535 448.717957
v -553.937012 7.578336 423.076935
v -553.937012 10.655334 397.435883
v -553.937012 14.509641 371.794861
v -553.937012 15.557004 346.153839
v -553.937012 15.577167 320.512817
v -553.937012 10.899444 294.871796
v -553.937012 14.889330 269.230774
v -553.937012 20.115503 243.589737
v -553.937012 14.505743 217.948715
v -553.937012 13.487015 192.307693
v -553.937012 10.405515 166.666672
v -553.937012 15.395659 141.025635
v -553.937012 8.791610 115.384613
v -553.937012 11.356751 89.743591
v -554.083740 18.829742 63.884068
v -556.865906 18.792465 34.105362
v -567.003113 45.957970 -7.638230
v -573.881653 67.910698 -45.740982
v -576.369446 83.018394 -77.768204
v -575.966919 80.954277 -103.428185
v -578.581360 78.688927 -130.715500
v -580.222839 83.509918 -159.569763
v -577.548523 88.600243 -184.505951
v -575.425964 86.735893 -213.043137
v -567.869019 82.181831 -235.293167
v -558.930115 71.750290 -255.704819
v -554.995850 66.901070 -277.552917
v -556.326172 61.709713 -303.397339
v -557.956970 59.276382 -324.909576
v -559.641113 51.922230 -345.382568
v -560.992065 47.770546 -367.803406
v -561.816589 47.664955 -394.585052
v -565.192749 58.243111 -425.519623
v -570.789978 74.888512 -459.485260
v -572.649414 77.159561 -482.717987
v -572.683899 78.010628 -504.565369
v -572.312927 79.585815 -529.100037
v -537.401550 6.956023 500.000000
v -537.401550 7.399464 474.358978
v -537.401550 7.949112 448.717957
v -537.401550 8.768214 423.076935
v -537.401550 10.271418 397.435883
v -537.401550 13.785761 371.794861
v -537.401550 16.093134 346.153839
v -537.401550 15.428429 320.512817
v -537.401550 12.377106 294.871796
v -537.401550 9.358811 269.230774
v -537.401550 10.824984 243.589737
v -537.401550 11.818611 217.948715
v -537.401550 10.205026 192.307693
v -537.401550 13.427382 166.666672
v -537.401550 23.303034 141.025635
v -537.409912 6.170675 115.381905
v -537.420044 16.077747 89.737595
v -537.401550 11.011156 64.102562
v -538.902039 14.315210 36.565453
v -546.693909 33.802898 -0.867294
v -554.438477 56.799080 -39.272072
v -557.844421 72.204575 -71.956352
v -563.013306 80.895653 -103.703812
v -568.230408 90.553802 -133.882248
v -572.491577 98.240982 -165.856979
v -569.811401 106.231552 -190.863312
v -567.239624 105.430870 -219.791183
v -558.770081 93.236115 -243.627167
v -545.895752 77.930672 -260.964111
v -539.015381 66.711441 -279.949890
v -539.340149 57.946949 -303.413300
v -540.435181 56.465088 -323.124664
v -541.725952 47.494507 -342.036163
v -542.759766 38.964600 -363.119629
v -543.726074 38.222481 -389.519409
v -547.998535 48.512100 -420.360657
v -555.007080 69.959908 -455.502106
v -558.135437 76.746689 -479.943573
v -558.641296 79.258995 -502.425385
v -558.181335 78.877167 -526.852783
v -520.866150 3.361247 500.000000
v -520.866150 9.239461 474.358978
v -520.866150 11.348439 448.717957
v -520.866150 10.533763 423.076935
v -520.866150 10.410266 397.435883
v -520.866150 12.480507 371.794861
v -520.866150 15.446313 346.153839
v -520.866150 15.329047 320.512817
v -520.866150 18.438551 294.871796
v -520.866150 11.252910 269.230774
v -520.866150 16.924309 243.589737
v -520.866150 15.537777 217.948715
v -520.866150 12.456089 192.307693
v -521.056152 27.264894 166.604980
v -522.260071 13.044988 140.573074
v -522.821838 9.073328 114.749649
v -522.936462 18.013792 89.071419
v -522.288635 12.716526 63.631554
v -522.764404 13.651064 36.190086
v -527.992065 28.391701 3.308023
v -535.684631 48.186859 -34.263706
v -540.870178 68.473457 -68.411118
v -550.818726 82.717834 -104.915016
v -560.336670 95.201187 -139.305099
v -564.439758 111.423660 -169.794449
v -565.798584 112.376549 -201.426849
v -560.620911 119.177582 -227.305664
v -549.670654 104.414673 -250.726028
v -533.336487 85.156868 -264.818481
v -523.963013 66.126732 -281.373199
v -522.038635 61.494579 -301.271790
v -522.849854 48.918377 -320.075500
v -523.635864 39.263779 -337.500122
v -524.339355 30.629538 -357.648865
v -525.476440 27.260586 -383.949799
v -530.459229 39.025673 -415.209808
v -538.115784 62.135372 -449.924377
v -542.508057 73.709549 -476.232391
v -543.753479 78.150978 -500.341278
v -543.515137 75.964561 -525.363586
v -504.330719 3.313207 500.000000
v -504.330719 12.896989 474.358978
v -504.330719 14.922669 448.717957
v -504.330719 12.197419 423.076935
v -504.330719 10.767979 397.435883
v -504.330719 12.701182 371.794861
v -504.330719 16.203867 346.153839
v -504.330719 13.417913 320.512817
v -504.330719 15.842005 294.871796
v -504.330719 10.692152 269.230774
v -504.330719 12.743901 243.589737
v -504.330719 10.069366 217.948715
v -504.466461 17.300611 192.263626
v -506.793152 14.250492 165.867188
v -509.812286 22.699259 139.245926
v -511.076050 21.568779 113.194603
v -510.778870 33.887421 87.650070
v -509.829895 19.752987 62.289795
v -508.237091 20.793833 35.286823
v -510.479889 24.728394 5.040097
v -516.233826 41.766514 -31.790514
v -523.864380 64.550789 -69.657074
v -535.298096 90.724731 -106.456909
v -547.642761 107.201286 -143.881332
v -553.068481 122.956787 -172.454193
v -556.618347 118.445679 -204.575912
v -551.923462 120.995636 -232.511093
v -537.363708 118.285385 -253.007996
v -520.601868 92.336121 -266.543091
v -509.295380 68.652153 -281.277313
v -505.190002 62.334846 -298.520386
v -505.290100 45.279922 -315.961273
v -505.672546 30.112238 -332.725494
v -506.026764 17.779930 -352.269257
v -507.118652 16.158241 -378.485962
v -512.272827 28.018919 -409.876770
v -519.987183 51.073566 -443.631592
v -525.438599 66.694229 -472.158936
v -527.556946 73.180771 -498.429382
v -527.518494 69.124725 -523.937744
v -487.795288 6.233490 500.000000
v -487.795288 17.062317 474.358978
v -487.795288 17.715097 448.717957
v -487.795288 11.992656 423.076935
v -487.795288 7.912666 397.435883
v -487.795288 8.748157 371.794861
v -487.795288 15.774797 346.153839
v -487.795288 13.231007 320.512817
v -487.795288 14.432555 294.871796
v -487.795288 13.092082 269.230774
v -487.795288 12.064888 243.589737
v -487.795288 14.837114 217.948715
v -489.386566 24.263544 191.791046
v -494.112030 16.987808 164.615814
v -498.748505 21.668896 137.469452
v -500.763306 27.190228 111.174286
v -500.772003 32.206230 85.530441
v -498.912689 25.330736 60.468967
v -495.239838 23.446939 34.152172
v -493.816681 27.513571 3.539778
v -497.504395 41.024391 -32.554348
v -507.009521 61.716652 -72.670448
v -522.057068 93.504990 -113.787834
v -533.220337 116.622536 -149.396729
v -541.501892 127.017715 -180.256042
v -542.804932 121.763863 -206.128265
v -538.619385 125.241096 -231.972534
v -526.311218 121.314774 -254.079819
v -509.426331 93.303932 -266.937561
v -495.681244 67.747467 -279.221344
v -488.979401 51.975403 -294.960968
v -488.288757 36.249859 -311.692657
v -488.152588 22.346703 -328.075378
v -488.221710 10.040504 -348.012451
v -489.229492 8.031466 -374.418243
v -494.345886 18.400019 -405.558380
v -502.040649 40.659729 -439.271393
v -508.032196 58.370995 -469.331116
v -510.685638 66.357307 -497.269745
v -510.685638 61.303238 -522.910706
v -471.259857 10.445593 500.000000
v -471.259857 21.414173 474.358978
v -471.259857 21.099812 448.717957
v -471.259857 12.589437 423.076935
v -471.259857 5.047303 397.435883
v -471.259857 4.995662 371.794861
v -471.259857 12.478456 346.153839
v -471.259857 14.898199 320.512817
v -471.259857 11.303487 294.871796
v -471.259857 8.443531 269.230774
v -471.259857 7.315658 243.589737
v -471.335114 11.681444 217.924286
v -475.211670 16.719135 191.024658
v -482.183502 26.203022 163.120087
v -488.483002 37.316875 135.433792
v -491.007629 40.387768 108.973099
v -490.903534 40.963223 83.365875
v -488.479126 35.104553 58.499607
v -482.891266 28.325214 32.870914
v -477.266754 33.822430 1.375486
v -480.930634 52.198975 -36.321342
v -490.653778 74.463768 -76.348145
v -506.604797 104.575127 -118.794937
v -519.775940 121.932777 -156.821014
v -526.459106 131.820862 -185.333588
v -527.000122 129.949173 -207.236298
v -523.574463 123.890472 -228.930756
v -512.888367 111.790329 -251.292770
v -496.659698 86.474289 -263.965027
v -481.928772 63.206268 -275.253723
v -473.180389 40.374008 -289.750397
v -471.617767 28.082073 -307.071136
v -471.390228 16.934647 -324.956329
v -471.318573 11.371854 -346.258301
v -472.080872 5.076145 -372.509949
v -476.566895 13.464087 -402.808350
v -483.706787 32.312267 -435.747711
v -490.174530 52.388645 -467.649475
v -492.881256 61.037651 -495.999634
v -493.327576 56.799805 -522.087402
v -454.724396 13.381509 500.000000
v -454.724396 23.193449 474.358978
v -454.724396 23.134285 448.717957
v -454.724396 13.033535 423.076935
v -454.724396 3.862764 397.435883
v -454.724396 4.081423 371.794861
v -454.724396 7.952592 346.153839
v -454.724396 10.151313 320.512817
v -454.724396 9.936513 294.871796
v -454.724396 9.176554 269.230774
v -454.724396 11.175789 243.589737
v -455.324371 13.357977 217.753922
v -461.055603 18.011955 190.252136
v -469.830536 33.496513 161.762161
v -477.453827 45.325386 133.646072
v -480.633209 45.298088 106.972794
v -480.587677 45.259922 81.346558
v -477.457550 42.293488 56.721783
v -469.973663 32.821609 31.641186
v -460.702301 29.841293 0.044202
v -463.839172 54.861969 -38.731697
v -473.973724 80.384827 -79.500610
v -489.317230 110.966843 -121.829178
v -502.750824 125.950485 -160.177811
v -507.999298 132.680023 -187.108185
v -507.073242 117.768913 -205.577759
v -506.439117 118.277985 -225.496048
v -497.956848 103.867065 -245.774353
v -482.654816 81.490677 -259.197571
v -467.274414 51.407112 -269.881592
v -457.236023 34.707600 -283.656586
v -455.346039 19.023052 -302.127319
v -456.105804 14.815733 -322.645905
v -456.667603 11.716106 -346.641052
v -457.592438 8.889197 -372.758179
v -459.923828 12.513021 -401.802063
v -464.973755 26.813194 -433.335419
v -470.783234 45.497299 -464.791077
v -473.150665 54.374954 -492.801636
v -474.044647 51.754112 -519.337402
v -438.188965 13.625096 500.000000
v -438.188965 21.159628 474.358978
v -438.188965 22.776163 448.717957
v -438.188965 13.875587 423.076935
v -438.188965 3.737321 397.435883
v -438.188965 1.952611 371.794861
v -438.188965 4.506972 346.153839
v -438.188965 10.678778 320.512817
v -438.188965 10.811615 294.871796
v -438.188965 10.587017 269.230774
v -438.188965 17.769344 243.589737
v -439.351196 14.364830 217.571381
v -446.233093 18.506599 189.695999
v -455.690338 24.298450 160.984497
v -464.581848 37.528793 132.456650
v -468.289825 42.772392 105.611763
v -468.504578 43.553185 79.901016
v -464.912964 41.479012 55.426079
v -455.780304 32.509651 30.992502
v -443.937744 34.985920 -0.260381
v -445.933228 58.315887 -38.668152
v -455.704651 77.588394 -80.082672
v -470.419281 104.839615 -122.383072
v -475.133423 123.043365 -151.334930
v -483.813904 125.895401 -182.178467
v -485.824554 114.572662 -201.872360
v -487.041168 115.902489 -220.561554
v -480.875000 93.577316 -239.023880
v -466.889771 77.222023 -253.400070
v -452.657074 54.577545 -265.018127
v -441.806641 28.083988 -278.481750
v -440.688263 20.518835 -298.248871
v -443.011871 17.527443 -321.871887
v -444.112793 19.308922 -347.639099
v -445.236603 14.892382 -373.579285
v -445.710297 16.432123 -401.210022
v -446.579956 23.170694 -430.736084
v -450.325348 37.897572 -460.865143
v -452.261597 47.257320 -488.444153
v -453.407776 46.236855 -515.232361
v -421.653534 11.128736 500.000000
v -421.653534 15.875986 474.358978
v -421.653534 20.312996 448.717957
v -421.653534 15.187387 423.076935
v -421.653534 7.004602 397.435883
v -421.653534 3.750732 371.794861
v -421.653534 6.043423 346.153839
v -421.653534 11.864526 320.512817
v -421.653534 14.063521 294.871796
v -421.653534 8.778470 269.230774
v -421.653534 15.693581 243.589737
v -423.057770 20.920441 217.492798
v -430.261536 17.255587 189.512939
v -440.610779 32.019470 160.511810
v -449.493774 39.229713 131.986740
v -453.773621 51.872688 104.956184
v -453.773621 48.956909 79.315163
v -449.844482 44.255783 54.949799
v -439.737854 41.914169 31.083279
v -427.629395 29.156797 -0.047448
v -427.556030 58.151131 -36.606594
v -434.073090 68.888924 -75.413986
v -444.691254 93.646133 -114.084160
v -452.960144 106.399338 -147.341934
v -457.838074 113.685379 -173.766357
v -462.602509 107.529343 -195.847382
v -466.513855 105.785751 -216.121201
v -462.511810 89.562408 -233.442749
v -449.458496 68.278656 -247.671783
v -436.752991 52.992367 -260.899017
v -427.589478 23.897058 -275.654297
v -427.703430 21.730473 -296.973755
v -431.271362 27.441288 -322.924255
v -432.987396 25.260042 -348.995514
v -434.260040 24.315136 -374.955627
v -433.248138 24.848354 -401.086975
v -431.114685 24.252922 -428.615356
v -429.830902 30.748274 -456.623138
v -430.932404 39.824585 -483.646118
v -432.107117 39.789886 -510.462891
v -405.118103 7.080166 500.000000
v -405.118103 9.574078 474.358978
v -405.118103 16.720215 448.717957
v -405.118103 16.433390 423.076935
v -405.118103 11.008169 397.435883
v -405.118103 8.910137 371.794861
v -405.118103 8.525180 346.153839
v -405.118103 9.051202 320.512817
v -405.118103 11.467653 294.871796
v -405.118103 14.547687 269.230774
v -405.118103 14.447983 243.589737
v -406.521118 8.624877 217.493195
v -413.799835 26.319981 189.488998
v -423.880157 38.659142 160.575195
v -433.279175 37.246399 131.882568
v -437.238190 43.881226 104.956184
v -437.238190 58.818489 79.315163
v -433.110229 47.971180 54.991135
v -423.851898 34.876839 29.923931
v -412.344208 27.081957 -1.188035
v -411.416992 54.348125 -37.085751
v -413.548584 63.450947 -70.991867
v -418.961273 78.587654 -104.539825
v -427.254913 89.354324 -138.081909
v -433.203735 99.455399 -165.842773
v -438.452209 100.564316 -188.227631
v -444.840881 95.964569 -211.492447
v -441.785645 86.633682 -228.212311
v -430.439056 69.139359 -243.246765
v -419.311310 56.709785 -258.202667
v -414.133545 28.218405 -275.981140
v -415.736725 26.721655 -298.448547
v -420.056122 30.776321 -324.258148
v -422.090485 40.352554 -350.409241
v -423.590912 35.494766 -376.413757
v -422.502319 33.047974 -401.542236
v -418.987976 29.399006 -427.187988
v -414.189392 29.911356 -453.343842
v -411.996735 34.362640 -479.502289
v -412.018219 32.761234 -505.921265
v -388.582672 4.205828 500.000000
v -388.582672 6.364879 474.358978
v -388.582672 14.503518 448.717957
v -388.582672 16.166918 423.076935
v -388.582672 14.170417 397.435883
v -388.582672 9.922921 371.794861
v -388.582672 9.956618 346.153839
v -388.582672 10.953539 320.512817
v -388.582672 11.027858 294.871796
v -388.582672 14.534079 269.230774
v -388.582672 11.794665 243.589737
v -389.755310 8.340335 217.567993
v -396.722839 22.037479 189.664825
v -405.948273 41.407185 161.028580
v -415.319702 37.526253 132.344925
v -418.763947 47.678947 105.585648
v -418.078705 43.691208 80.167107
v -415.866730 46.613468 54.616550
v -408.596069 43.886383 27.801384
v -398.253754 33.297279 -3.849967
v -397.404358 57.282135 -38.542637
v -398.787323 61.238579 -71.471451
v -397.199921 67.247101 -97.745735
v -402.396515 74.813843 -128.330170
v -409.193909 88.468307 -157.110489
v -418.093750 87.639763 -184.172226
v -421.255341 92.680840 -203.460754
v -420.048218 77.168327 -223.291824
v -410.446991 59.998611 -240.253220
v -402.901001 44.705589 -258.257690
v -401.295990 39.734917 -278.288300
v -403.395477 36.540047 -300.056488
v -408.276398 37.918701 -325.450531
v -410.967529 43.405605 -351.766266
v -412.765900 41.972927 -377.663757
v -412.596985 41.950592 -402.665802
v -408.538544 35.232819 -426.788422
v -402.228790 31.680368 -451.377258
v -397.412811 30.914749 -476.596558
v -396.476105 27.234888 -502.567352
v -372.047241 3.891774 500.000000
v -372.047241 7.331853 474.358978
v -372.047241 14.285108 448.717957
v -372.047241 15.499517 423.076935
v -372.047241 12.833531 397.435883
v -372.047241 9.607591 371.794861
v -372.047241 9.930789 346.153839
v -372.047241 5.766160 320.512817
v -372.047241 7.749732 294.871796
v -372.047241 7.755801 269.230774
v -372.047241 13.673323 243.589737
v -372.636902 16.423859 217.757278
v -378.210083 27.161427 190.306808
v -386.554840 38.431091 161.956482
v -394.832458 33.775692 133.627945
v -397.844513 41.818157 107.009010
v -397.405396 40.959236 81.505981
v -396.319153 35.227459 54.609612
v -392.263336 44.695259 26.113941
v -384.612244 43.730976 -6.330613
v -384.311584 62.074493 -39.598602
v -385.592041 67.355934 -71.845505
v -382.939087 61.952263 -96.501717
v -381.247925 65.516640 -119.901016
v -386.578339 78.902596 -146.982361
v -394.857849 79.973953 -174.731262
v -400.218292 77.754784 -198.409286
v -397.981781 72.679565 -217.627441
v -390.877533 61.802803 -237.578171
v -387.422455 46.230324 -259.134155
v -387.971527 39.354156 -280.454132
v -390.214813 39.090393 -301.565887
v -395.073212 45.073189 -326.285980
v -398.250275 49.704330 -352.718109
v -401.149597 48.329582 -378.598328
v -402.143799 47.776337 -403.604309
v -398.371582 40.763351 -427.499298
v -391.616364 33.476772 -451.157623
v -385.738861 28.198927 -475.488464
v -383.680328 23.376186 -500.960480
v -355.511810 4.630706 500.000000
v -355.511810 9.726399 474.358978
v -355.511810 14.159968 448.717957
v -355.511810 13.321440 423.076935
v -355.511810 10.871505 397.435883
v -355.511810 9.662723 371.794861
v -355.511810 10.563217 346.153839
v -355.511810 7.491950 320.512817
v -355.511810 6.397524 294.871796
v -355.511810 8.905271 269.230774
v -355.511810 14.412361 243.589737
v -355.593567 10.794514 217.922180
v -359.430054 20.444592 191.035553
v -366.251831 29.669476 163.179703
v -372.731567 26.185328 135.434891
v -374.255432 45.556755 109.299126
v -374.839447 31.209515 83.302223
v -376.810455 36.525391 54.398819
v -375.017365 42.365059 24.917662
v -370.782440 49.038059 -7.509288
v -371.933838 62.101547 -40.752480
v -373.504272 66.950562 -72.323540
v -370.275085 65.028893 -95.557465
v -366.324860 61.553848 -116.535248
v -367.493896 65.663582 -140.094070
v -373.758575 67.777557 -166.736801
v -377.988007 69.502144 -190.784668
v -376.598816 64.895042 -213.003738
v -373.058167 58.806721 -236.577652
v -371.936188 56.149483 -260.134460
v -372.918915 41.753540 -281.608215
v -375.059814 44.495964 -302.367462
v -379.654572 49.090881 -326.569336
v -383.525787 49.491688 -353.109344
v -387.555573 53.710060 -379.038330
v -389.968689 53.531555 -404.169281
v -387.025360 45.537685 -428.077454
v -380.524689 34.696251 -451.685364
v -374.484528 26.232105 -475.864044
v -371.497681 21.655363 -501.142334
v -338.976379 5.071897 500.000000
v -338.976379 11.284320 474.358978
v -338.976379 12.889421 448.717957
v -338.976379 10.331143 423.076935
v -338.976379 9.239799 397.435883
v -338.976379 9.382058 371.794861
v -338.976379 7.978975 346.153839
v -338.976379 5.549542 320.512817
v -338.976379 12.973526 294.871796
v -338.976379 11.352581 269.230774
v -338.976379 19.313358 243.589737
v -338.976379 11.212950 217.948715
v -340.582367 7.869797 191.786270
v -345.388733 18.336445 164.584763
v -350.078613 19.858500 137.421066
v -351.725494 32.561737 111.245354
v -352.216858 25.002975 85.053230
v -355.980408 38.002319 54.877777
v -356.290131 48.070591 24.216732
v -356.347656 43.960068 -7.457983
v -358.602905 57.020622 -40.392448
v -359.746613 58.714043 -70.508942
v -357.474670 61.540798 -94.185127
v -352.431976 58.519413 -113.775871
v -351.018860 52.434479 -135.694733
v -354.442352 52.905529 -160.627594
v -357.691193 55.022995 -185.847656
v -357.570892 57.705280 -211.290527
v -356.444244 50.233845 -236.550079
v -354.917755 56.584023 -259.623840
v -356.273895 45.176689 -281.488434
v -358.633789 47.538506 -302.518921
v -363.276520 44.119144 -326.672638
v -367.354645 51.109879 -353.135376
v -372.258728 55.268044 -379.126831
v -375.377319 55.991573 -404.285736
v -373.509064 48.474922 -428.323242
v -367.611603 35.178753 -451.999084
v -361.628143 23.980045 -476.149048
v -358.025513 20.493607 -501.361237
v -322.440948 4.213087 500.000000
v -322.440948 10.438112 474.358978
v -322.440948 10.101125 448.717957
v -322.440948 6.268136 423.076935
v -322.440948 4.618842 397.435883
v -322.440948 6.459203 371.794861
v -322.440948 7.982496 346.153839
v -322.440948 8.905957 320.512817
v -322.440948 13.856940 294.871796
v -322.440948 6.625291 269.230774
v -322.440948 14.060294 243.589737
v -322.440948 9.049428 217.948715
v -322.575775 11.450447 192.263916
v -324.813904 22.462208 165.896240
v -327.921967 16.126007 139.246109
v -329.190948 19.371674 113.193092
v -329.905334 18.851393 86.743980
v -334.379089 30.280476 56.174824
v -337.379242 36.469063 24.577122
v -340.740723 44.810238 -6.948567
v -343.522949 59.258347 -38.126080
v -344.400391 64.081657 -66.814980
v -342.605682 58.538872 -90.880241
v -337.646790 50.286362 -110.800507
v -334.535431 39.766277 -131.673019
v -335.870239 48.715038 -155.398224
v -339.110565 55.210732 -183.048431
v -339.051788 51.863068 -209.838287
v -338.927368 51.242493 -235.504929
v -337.648529 53.301224 -259.000946
v -338.844147 43.527527 -281.026672
v -340.961517 44.773506 -302.088348
v -345.407928 43.968735 -326.342773
v -349.526917 47.942158 -352.780243
v -354.638428 55.512417 -378.788025
v -359.359863 56.883644 -404.284241
v -357.848297 50.980202 -428.369385
v -352.400604 35.244827 -452.106781
v -346.436005 21.880947 -476.252350
v -342.592590 19.753839 -501.440033
v -305.905518 1.339754 500.000000
v -305.905518 6.228475 474.358978
v -305.905518 5.624562 448.717957
v -305.905518 2.411434 423.076935
v -305.905518 1.759776 397.435883
v -305.905518 4.694553 371.794861
v -305.905518 8.499650 346.153839
v -305.905518 11.606928 320.512817
v -305.905518 12.332020 294.871796
v -305.905518 6.695674 269.230774
v -305.905518 11.822987 243.589737
v -305.905518 5.175860 217.948715
v -305.905518 11.950688 192.307693
v -306.125183 11.202124 166.595352
v -307.314056 15.175117 140.568329
v -307.954285 16.281607 114.719444
v -308.974884 16.206882 88.060242
v -313.951569 26.715933 57.117504
v -319.078949 38.420322 24.695995
v -324.861115 41.297256 -7.492254
v -327.472137 47.633232 -36.179462
v -327.581390 60.504395 -62.958984
v -325.002533 46.963200 -86.112541
v -320.499176 46.790131 -106.297531
v -316.331970 29.936371 -126.986794
v -315.916809 33.730984 -150.956085
v -318.664215 45.935047 -179.890030
v -319.738068 52.946133 -207.037842
v -319.912628 47.056793 -232.864761
v -318.749786 43.956829 -256.864471
v -319.727112 36.117695 -279.554443
v -322.002472 33.185379 -301.601196
v -325.380127 38.014263 -325.459900
v -329.180450 41.721794 -351.820984
v -334.447754 48.519932 -377.853546
v -340.167816 55.108009 -403.629517
v -339.838470 51.691772 -428.020325
v -335.346344 35.467152 -451.976715
v -329.740509 21.432308 -476.212219
v -326.037750 20.264139 -501.438629
v -289.370087 -2.000903 500.000000
v -289.370087 0.502597 474.358978
v -289.370087 1.242282 448.717957
v -289.370087 1.167359 423.076935
v -289.370087 3.202634 397.435883
v -289.370087 6.014865 371.794861
v -289.370087 8.620284 346.153839
v -289.370087 11.436980 320.512817
v -289.370087 8.456241 294.871796
v -289.370087 13.478303 269.230774
v -289.370087 10.289944 243.589737
v -289.370087 12.459734 217.948715
v -289.370087 12.290443 192.307693
v -289.370087 9.022841 166.666672
v -289.370087 14.025563 141.025635
v -289.388763 10.001135 115.378555
v -290.164398 11.569107 88.907394
v -294.814056 25.262997 58.304905
v -301.360291 37.054695 25.612885
v -306.950134 51.240849 -6.018217
v -309.799500 41.745461 -34.712620
v -309.780029 54.643093 -60.332764
v -307.270142 42.998184 -83.261459
v -302.061493 38.597656 -103.170998
v -297.167969 33.924324 -123.450432
v -295.573700 22.023438 -147.586914
v -298.475464 37.931313 -176.362900
v -299.868866 39.456528 -203.487747
v -299.975708 41.022526 -229.242523
v -298.745483 35.273602 -253.528137
v -298.937378 27.892151 -276.720612
v -300.977539 26.588120 -299.735229
v -303.975220 29.635338 -324.205170
v -307.151978 32.332516 -350.469849
v -312.099396 38.686520 -376.470032
v -318.527039 48.105213 -402.487244
v -319.394043 47.761456 -427.244659
v -315.982330 34.272137 -451.495636
v -311.478271 21.842779 -476.007202
v -308.367950 21.438080 -501.357574
v -272.834656 -0.518436 500.000000
v -272.834656 -0.531764 474.358978
v -272.834656 0.744147 448.717957
v -272.834656 2.407900 423.076935
v -272.834656 5.331742 397.435883
v -272.834656 7.613276 371.794861
v -272.834656 10.836659 346.153839
v -272.834656 10.319633 320.512817
v -272.834656 12.510429 294.871796
v -272.834656 10.561101 269.230774
v -272.834656 11.344761 243.589737
v -272.834656 5.521762 217.948715
v -272.834656 10.600539 192.307693
v -272.834656 15.861697 166.666672
v -272.834656 14.348608 141.025635
v -272.834656 9.114991 115.384613
v -273.223602 14.866985 89.326805
v -277.122742 15.172699 59.507454
v -282.965393 29.723881 27.605453
v -288.106110 40.883850 -3.544325
v -290.292725 42.183136 -31.528540
v -290.199921 47.942009 -57.070114
v -288.287628 43.821533 -80.661919
v -282.855835 25.306726 -100.482254
v -277.760742 14.046645 -120.658463
v -276.388336 15.856563 -144.812027
v -278.621796 27.402454 -172.829330
v -279.543457 21.876457 -199.451813
v -279.831177 31.068920 -225.399231
v -278.711151 31.615423 -249.847565
v -277.691711 23.887487 -273.347351
v -279.260773 17.708893 -297.375031
v -282.124969 20.457031 -322.842133
v -284.251862 20.364237 -348.941040
v -288.108002 25.467186 -374.814209
v -294.332886 37.049061 -400.935333
v -296.032898 39.548733 -426.048065
v -293.950470 28.717209 -450.700531
v -291.256378 20.482273 -475.676025
v -288.776611 22.051859 -501.139191
v -256.299225 3.742950 500.000000
v -256.299225 1.508224 474.358978
v -256.299225 2.475324 448.717957
v -256.299225 4.978198 423.076935
v -256.299225 7.143715 397.435883
v -256.299225 9.740523 371.794861
v -256.299225 7.679885 346.153839
v -256.299225 9.626083 320.512817
v -256.299225 8.591636 294.871796
v -256.299225 2.361235 269.230774
v -256.299225 16.971037 243.589737
v -256.299225 12.558679 217.948715
v -256.299225 11.097297 192.307693
v -256.299225 10.976248 166.666672
v -256.299225 16.639858 141.025635
v -256.299225 13.995732 115.384613
v -256.347839 13.252550 89.691483
v -258.946045 17.825809 61.266224
v -263.647125 24.059330 30.587540
v -267.884460 32.348648 0.405813
v -269.519592 38.850433 -26.987434
v -269.570465 42.055626 -52.682980
v -267.861664 33.235115 -76.492851
v -263.725922 24.662014 -97.702019
v -259.117310 15.886277 -118.404198
v -257.571014 22.534254 -142.380432
v -259.076294 19.613478 -169.623947
v -259.768494 21.141449 -196.002090
v -259.943848 21.047855 -221.829849
v -259.210663 22.064360 -246.690109
v -257.731567 15.821877 -270.684875
v -258.422699 9.790799 -295.496033
v -260.792114 12.497026 -321.639282
v -261.874603 10.674234 -347.542023
v -264.349396 14.105419 -373.308258
v -269.140594 24.644102 -399.288666
v -271.441895 28.197166 -424.724365
v -270.938599 20.239790 -449.864136
v -270.254730 16.932333 -475.356232
v -268.107971 20.310196 -500.843842
v -239.763779 8.384370 500.000000
v -239.763779 4.387999 474.358978
v -239.763779 4.645179 448.717957
v -239.763779 6.861384 423.076935
v -239.763779 8.428242 397.435883
v -239.763779 7.375831 371.794861
v -239.763779 5.861859 346.153839
v -239.763779 4.933079 320.512817
v -239.763779 12.250540 294.871796
v -239.763779 4.556520 269.230774
v -239.763779 18.511614 243.589737
v -239.763779 12.788171 217.948715
v -239.763779 18.067471 192.307693
v -239.763779 13.974157 166.666672
v -239.763779 14.435084 141.025635
v -239.763779 20.479630 115.384613
v -239.763779 13.944152 89.743591
v -240.820084 16.282547 62.970627
v -244.070053 13.499800 33.846947
v -247.221100 25.910002 4.829273
v -248.354889 33.917542 -22.026718
v -248.334595 27.184380 -47.646011
v -247.177567 24.774155 -72.047157
v -244.168060 20.880774 -94.463211
v -240.973633 20.149883 -116.681099
v -239.839874 14.037041 -141.106674
v -240.424713 14.753154 -167.370483
v -240.742203 22.331013 -193.349609
v -240.878586 13.687265 -219.135864
v -240.535019 10.941189 -244.411026
v -239.879562 11.384491 -269.354065
v -239.909790 12.424285 -294.908417
v -240.869324 8.417141 -320.790009
v -241.380188 6.431437 -346.559113
v -242.151321 4.366982 -372.188293
v -245.305161 12.680661 -398.020447
v -247.833344 17.245556 -423.711151
v -249.062683 11.813586 -449.382446
v -248.943924 10.781608 -475.014984
v -247.276627 15.620709 -500.536865
v -223.228348 11.164933 500.000000
v -223.228348 5.845854 474.358978
v -223.228348 5.310243 448.717957
v -223.228348 7.071626 423.076935
v -223.228348 8.103273 397.435883
v -223.228348 5.362179 371.794861
v -223.228348 4.193913 346.153839
v -223.228348 6.267423 320.512817
v -223.228348 7.663562 294.871796
v -223.228348 4.740380 269.230774
v -223.228348 20.067097 243.589737
v -223.228348 11.508233 217.948715
v -223.228348 12.602583 192.307693
v -223.228348 9.298323 166.666672
v -223.228348 10.200002 141.025635
v -223.228348 13.845942 115.384613
v -223.228348 12.069426 89.743591
v -223.312088 14.096045 64.012817
v -224.907715 13.388968 36.661926
v -226.916702 17.954414 8.868084
v -227.561279 29.539053 -17.463673
v -227.702713 22.099480 -43.256264
v -226.916031 19.923363 -68.054276
v -224.984802 18.088259 -91.625801
v -223.331161 9.965901 -115.494789
v -223.228348 6.042833 -141.025635
v -223.228348 12.701534 -166.666672
v -223.229294 11.824549 -192.308701
v -223.235458 14.273036 -217.956299
v -223.228348 13.440372 -243.589737
v -223.228348 6.693186 -269.230774
v -223.228348 11.112256 -294.871796
v -223.228348 6.616614 -320.512817
v -223.231918 4.504625 -346.154724
v -223.321060 1.746579 -371.801483
v -224.963181 7.135325 -397.559845
v -227.064285 9.868920 -423.351044
v -228.071045 3.753822 -449.064026
v -228.020584 3.043851 -474.701416
v -226.945129 8.458971 -500.265594
v -206.692917 10.202648 500.000000
v -206.692917 3.724926 474.358978
v -206.692917 2.976318 448.717957
v -206.692917 5.251949 423.076935
v -206.692917 5.485755 397.435883
v -206.692917 4.211674 371.794861
v -206.692917 6.383753 346.153839
v -206.692917 6.379040 320.512817
v -206.692917 4.102120 294.871796
v -206.692917 9.259781 269.230774
v -206.692917 12.600488 243.589737
v -206.692917 9.016450 217.948715
v -206.692917 10.296630 192.307693
v -206.692917 6.916103 166.666672
v -206.692917 6.816849 141.025635
v -206.692917 2.082860 115.384613
v -206.692917 13.551801 89.743591
v -206.692917 21.878485 64.102562
v -206.834229 14.106932 38.310112
v -207.653656 12.288110 11.790993
v -208.081787 15.909321 -14.308815
v -208.003021 13.093374 -39.865440
v -207.660950 16.346531 -65.139900
v -206.869156 18.454540 -89.932449
v -206.692917 7.354272 -115.384613
v -206.692917 5.422937 -141.025635
v -206.692917 11.039521 -166.666672
v -206.692917 7.411640 -192.307693
v -206.692917 11.472986 -217.948715
v -206.692917 15.068693 -243.589737
v -206.692917 5.791213 -269.230774
v -206.692917 4.604974 -294.871796
v -206.692917 9.524755 -320.512817
v -206.692917 5.207716 -346.153839
v -206.692917 3.953644 -371.794861
v -206.835312 4.992788 -397.446045
v -207.684677 4.666862 -423.147797
v -208.175537 -2.544983 -448.823914
v -208.170288 -4.217096 -474.464539
v -207.669434 0.601315 -500.069794
v -190.157486 5.141585 500.000000
v -190.157486 -2.516919 474.358978
v -190.157486 -2.017759 448.717957
v -190.157486 1.975760 423.076935
v -190.157486 3.580942 397.435883
v -190.157486 2.512108 371.794861
v -190.157486 3.386252 346.153839
v -190.157486 4.758080 320.512817
v -190.157486 5.250147 294.871796
v -190.157486 12.128041 269.230774
v -190.157486 7.580858 243.589737
v -190.157486 10.930258 217.948715
v -190.157486 11.247264 192.307693
v -190.157486 17.918655 166.666672
v -190.157486 18.750124 141.025635
v -190.157486 3.183097 115.384613
v -190.157486 14.857327 89.743591
v -190.157486 13.665275 64.102562
v -190.157486 11.305133 38.461540
v -190.157486 12.003334 12.820513
v -190.167892 15.651583 -12.831660
v -190.163300 10.654244 -38.467770
v -190.157486 13.165117 -64.102562
v -190.157486 16.031614 -89.743591
v -190.157486 9.746356 -115.384613
v -190.157486 13.496501 -141.025635
v -190.157486 14.908001 -166.666672
v -190.157486 10.486509 -192.307693
v -190.157486 15.294538 -217.948715
v -190.157486 11.112906 -243.589737
v -190.157486 8.414814 -269.230774
v -190.157486 12.632842 -294.871796
v -190.157486 7.765406 -320.512817
v -190.157486 4.388044 -346.153839
v -190.157486 4.722233 -371.794861
v -190.157486 5.365639 -397.435883
v -190.157486 3.503507 -423.076935
v -190.170746 -4.560080 -448.718903
v -190.170792 -7.796351 -474.359924
v -190.157486 -4.261441 -500.000000
v -173.622040 1.335476 500.000000
v -173.622040 -6.593492 474.358978
v -173.622040 -4.444270 448.717957
v -173.622040 1.243489 423.076935
v -173.622040 4.192956 397.435883
v -173.622040 2.958765 371.794861
v -173.622040 2.100537 346.153839
v -173.622040 3.649033 320.512817
v -173.622040 5.276834 294.871796
v -173.622040 16.496620 269.230774
v -173.622040 15.906388 243.589737
v -173.622040 10.700191 217.948715
v -173.622040 14.874270 192.307693
v -173.622040 20.894230 166.666672
v -173.622040 17.634132 141.025635
v -173.622040 5.129984 115.384613
v -173.622040 13.014068 89.743591
v -173.622040 4.625605 64.102562
v -173.622040 23.678225 38.461540
v -173.622040 10.375520 12.820513
v -173.622040 11.107857 -12.820513
v -173.622040 11.008984 -38.461540
v -173.622040 18.039347 -64.102562
v -173.622040 10.052122 -89.743591
v -173.622040 19.282162 -115.384613
v -173.622040 14.555099 -141.025635
v -173.622040 9.769033 -166.666672
v -173.622040 11.099885 -192.307693
v -173.622040 13.640944 -217.948715
v -173.622040 6.698164 -243.589737
v -173.622040 11.050177 -269.230774
v -173.622040 8.510252 -294.871796
v -173.622040 6.977904 -320.512817
v -173.622040 8.381799 -346.153839
v -173.622040 6.999310 -371.794861
v -173.622040 8.422514 -397.435883
v -173.622040 4.931807 -423.076935
v -173.622040 -3.385085 -448.717957
v -173.622040 -7.417685 -474.358978
v -173.622040 -4.615016 -500.000000
v -157.086609 0.029111 500.000000
v -157.086609 -7.343227 474.358978
v -157.086609 -4.116765 448.717957
v -157.086609 2.802510 423.076935
v -157.086609 6.095017 397.435883
v -157.086609 4.303242 371.794861
v -157.086609 4.669896 346.153839
v -157.086609 8.009744 320.512817
v -157.086609 4.418990 294.871796
v -157.086609 19.705824 269.230774
v -157.086609 8.620830 243.589737
v -157.086609 6.866389 217.948715
v -157.086609 7.985839 192.307693
v -157.086609 17.392139 166.666672
v -157.086609 13.928537 141.025635
v -157.086609 6.558444 115.384613
v -157.086609 13.958535 89.743591
v -157.086609 12.779478 64.102562
v -157.086609 9.466944 38.461540
v -157.086609 11.395315 12.820513
v -157.086609 8.001780 -12.820513
v -157.086609 16.903416 -38.461540
v -157.086609 11.179572 -64.102562
v -157.086609 12.682674 -89.743591
v -157.086609 15.349515 -115.384613
v -157.086609 10.363220 -141.025635
v -157.086609 18.323387 -166.666672
v -157.086609 10.372757 -192.307693
v -157.086609 8.964902 -217.948715
v -157.086609 4.966548 -243.589737
v -157.086609 13.496071 -269.230774
v -157.086609 6.941222 -294.871796
v -157.086609 8.992561 -320.512817
v -157.086609 6.939810 -346.153839
v -157.086609 8.274418 -371.794861
v -157.086609 9.430779 -397.435883
v -157.086609 5.519666 -423.076935
v -157.086609 -2.195940 -448.717957
v -157.086609 -6.440293 -474.358978
v -157.086609 -3.451122 -500.000000
v -140.551178 1.085265 500.000000
v -140.551178 -5.247820 474.358978
v -140.551178 -1.448285 448.717957
v -140.551178 4.995691 423.076935
v -140.551178 8.334279 397.435883
v -140.551178 6.225056 371.794861
v -140.551178 3.783320 346.153839
v -140.551178 7.523178 320.512817
v -140.551178 7.295466 294.871796
v -140.551178 14.526233 269.230774
v -140.551178 9.899620 243.589737
v -140.551178 9.347175 217.948715
v -140.551178 9.170080 192.307693
v -140.551178 11.777224 166.666672
v -140.551178 11.628637 141.025635
v -140.551178 12.771854 115.384613
v -140.551178 23.314600 89.743591
v -140.551178 7.869109 64.102562
v -140.551178 5.432035 38.461540
v -140.551178 8.063566 12.820513
v -140.551178 15.597539 -12.820513
v -140.551178 23.360210 -38.461540
v -140.551178 9.682848 -64.102562
v -140.551178 8.978044 -89.743591
v -140.551178 23.335238 -115.384613
v -140.551178 8.231045 -141.025635
v -140.551178 13.141477 -166.666672
v -140.551178 14.160281 -192.307693
v -140.551178 5.270536 -217.948715
v -140.551178 8.499474 -243.589737
v -140.551178 5.380608 -269.230774
v -140.551178 12.411222 -294.871796
v -140.551178 11.734785 -320.512817
v -140.551178 6.468292 -346.153839
v -140.551178 9.385040 -371.794861
v -140.551178 9.933391 -397.435883
v -140.551178 5.201303 -423.076935
v -140.551178 -1.917633 -448.717957
v -140.551178 -6.076283 -474.358978
v -140.551178 -2.446243 -500.000000
v -124.015747 3.452955 500.000000
v -124.015747 -1.857214 474.358978
v -124.015747 1.770376 448.717957
v -124.015747 6.714998 423.076935
v -124.015747 7.632186 397.435883
v -124.015747 4.747722 371.794861
v -124.015747 6.091187 346.153839
v -124.015747 6.743431 320.512817
v -124.015747 13.219999 294.871796
v -124.015747 10.489178 269.230774
v -124.015747 4.464730 243.589737
v -124.015747 11.043252 217.948715
v -124.015747 10.318570 192.307693
v -124.015747 14.704390 166.666672
v -124.015747 7.246336 141.025635
v -124.015747 9.248802 115.384613
v -124.015747 12.683018 89.743591
v -124.015747 14.762105 64.102562
v -124.015747 12.833183 38.461540
v -124.015747 8.961343 12.820513
v -124.015747 9.511962 -12.820513
v -124.015747 14.540980 -38.461540
v -124.015747 11.282873 -64.102562
v -124.015747 5.814297 -89.743591
v -124.015747 10.719459 -115.384613
v -124.015747 7.972364 -141.025635
v -124.015747 10.484416 -166.666672
v -124.015747 8.460848 -192.307693
v -124.015747 18.547001 -217.948715
v -124.015747 19.644464 -243.589737
v -124.015747 2.933805 -269.230774
v -124.015747 10.186690 -294.871796
v -124.015747 8.460875 -320.512817
v -124.015747 6.557788 -346.153839
v -124.015747 10.212678 -371.794861
v -124.015747 9.763229 -397.435883
v -124.015747 4.405160 -423.076935
v -124.015747 -2.980197 -448.717957
v -124.015747 -7.064098 -474.358978
v -124.015747 -2.920932 -500.000000
v -107.480316 4.494967 500.000000
v -107.480316 0.310704 474.358978
v -107.480316 3.433015 448.717957
v -107.480316 6.347211 423.076935
v -107.480316 5.817947 397.435883
v -107.480316 2.966373 371.794861
v -107.480316 3.915941 346.153839
v -107.480316 7.270811 320.512817
v -107.480316 10.388084 294.871796
v -107.480316 12.976515 269.230774
v -107.480316 0.397151 243.589737
v -107.480316 14.758585 217.948715
v -107.480316 6.478514 192.307693
v -107.480316 22.754929 166.666672
v -107.480316 15.122102 141.025635
v -107.480316 5.323753 115.384613
v -107.480316 10.224295 89.743591
v -107.480316 22.603241 64.102562
v -107.480316 9.683890 38.461540
v -107.480316 14.050437 12.820513
v -107.480316 9.061776 -12.820513
v -107.480316 3.648346 -38.461540
v -107.480316 12.050533 -64.102562
v -107.480316 7.175713 -89.743591
v -107.480316 22.827389 -115.384613
v -107.480316 10.629778 -141.025635
v -107.480316 14.097717 -166.666672
v -107.480316 8.644357 -192.307693
v -107.480316 15.910571 -217.948715
v -107.480316 12.565552 -243.589737
v -107.480316 9.919822 -269.230774
v -107.480316 9.317261 -294.871796
v -107.480316 1.800961 -320.512817
v -107.480316 6.169356 -346.153839
v -107.480316 7.797590 -371.794861
v -107.480316 8.663633 -397.435883
v -107.480316 3.149346 -423.076935
v -107.480316 -4.864144 -448.717957
v -107.480316 -9.637015 -474.358978
v -107.480316 -5.786222 -500.000000
v -90.944885 2.668752 500.000000
v -90.944885 -0.958283 474.358978
v -90.944885 1.017933 448.717957
v -90.944885 3.264082 423.076935
v -90.944885 2.416423 397.435883
v -90.944885 0.333731 371.794861
v -90.944885 3.608613 346.153839
v -90.944885 4.473664 320.512817
v -90.944885 6.193730 294.871796
v -90.944885 11.561753 269.230774
v -90.944885 5.215600 243.589737
v -90.944885 20.242031 217.948715
v -90.944885 9.639186 192.307693
v -90.944885 10.902778 166.666672
v -90.944885 11.395359 141.025635
v -90.944885 6.018984 115.384613
v -90.944885 13.833229 89.743591
v -90.944885 6.971015 64.102562
v -90.944885 9.414700 38.461540
v -90.944885 12.420391 12.820513
v -90.944885 10.963088 -12.820513
v -90.944885 11.669819 -38.461540
v -90.944885 15.079566 -64.102562
v -90.944885 20.721861 -89.743591
v -90.944885 9.381849 -115.384613
v -90.944885 2.520198 -141.025635
v -90.944885 11.243783 -166.666672
v -90.944885 12.720474 -192.307693
v -90.944885 12.801224 -217.948715
v -90.944885 5.508855 -243.589737
v -90.944885 8.491650 -269.230774
v -90.944885 8.935263 -294.871796
v -90.944885 6.124045 -320.512817
v -90.944885 3.907568 -346.153839
v -90.944885 5.941864 -371.794861
v -90.944885 5.990086 -397.435883
v -90.944885 1.558564 -423.076935
v -90.944885 -6.137390 -448.717957
v -90.944885 -11.013351 -474.358978
v -90.944885 -8.530382 -500.000000
v -74.409447 1.025924 500.000000
v -74.409447 -2.033024 474.358978
v -74.409447 -1.487107 448.717957
v -74.409447 -0.336812 423.076935
v -74.409447 -0.299852 397.435883
v -74.409447 0.416024 371.794861
v -74.409447 3.408824 346.153839
v -74.409447 6.523547 320.512817
v -74.409447 4.331088 294.871796
v -74.409447 2.978742 269.230774
v -74.409447 10.158995 243.589737
v -74.409447 10.795753 217.948715
v -74.409447 11.469687 192.307693
v -74.409447 7.860027 166.666672
v -74.409447 5.534193 141.025635
v -74.409447 6.032189 115.384613
v -74.409447 7.518798 89.743591
v -74.409447 11.888847 64.102562
v -74.409447 17.222364 38.461540
v -74.409447 13.599120 12.820513
v -74.409447 10.124530 -12.820513
v -74.409447 17.259361 -38.461540
v -74.409447 16.930355 -64.102562
v -74.409447 12.885364 -89.743591
v -74.409447 11.292403 -115.384613
v -74.409447 5.192603 -141.025635
v -74.409447 10.040526 -166.666672
v -74.409447 7.716041 -192.307693
v -74.409447 5.815374 -217.948715
v -74.409447 8.053535 -243.589737
v -74.409447 8.163168 -269.230774
v -74.409447 3.471406 -294.871796
v -74.409447 11.521076 -320.512817
v -74.409447 6.861700 -346.153839
v -74.409447 3.650068 -371.794861
v -74.409447 5.537085 -397.435883
v -74.409447 1.680001 -423.076935
v -74.409447 -3.635799 -448.717957
v -74.409447 -8.069088 -474.358978
v -74.409447 -7.844768 -500.000000
v -57.874016 0.202266 500.000000
v -57.874016 -1.987785 474.358978
v -57.874016 -2.479002 448.717957
v -57.874016 -2.147537 423.076935
v -57.874016 -1.412347 397.435883
v -57.874016 -0.752723 371.794861
v -57.874016 1.020668 346.153839
v -57.874016 3.588875 320.512817
v -57.874016 6.102737 294.871796
v -57.874016 9.124574 269.230774
v -57.874016 8.778676 243.589737
v -57.874016 10.732471 217.948715
v -57.874016 11.983395 192.307693
v -57.874016 13.795998 166.666672
v -57.874016 9.745432 141.025635
v -57.874016 8.993979 115.384613
v -57.874016 9.406201 89.743591
v -57.874016 7.528225 64.102562
v -57.874016 6.026294 38.461540
v -57.874016 8.519540 12.820513
v -57.874016 8.291187 -12.820513
v -57.874016 8.362732 -38.461540
v -57.874016 6.122038 -64.102562
v -57.874016 12.827676 -89.743591
v -57.874016 19.122316 -115.384613
v -57.874016 7.595729 -141.025635
v -57.874016 8.910166 -166.666672
v -57.874016 12.572453 -192.307693
v -57.874016 7.371528 -217.948715
v -57.874016 10.687716 -243.589737
v -57.874016 7.174243 -269.230774
v -57.874016 3.123329 -294.871796
v -57.874016 1.965114 -320.512817
v -57.874016 3.093598 -346.153839
v -57.874016 2.528540 -371.794861
v -57.874016 4.605815 -397.435883
v -57.874016 2.416674 -423.076935
v -57.874016 -1.171788 -448.717957
v -57.874016 -4.378780 -474.358978
v -57.874016 -5.157569 -500.000000
v -41.338581 -0.031400 500.000000
v -41.338581 -1.314690 474.358978
v -41.338581 -2.317703 448.717957
v -41.338581 -2.490674 423.076935
v -41.338581 -1.283506 397.435883
v -41.338581 -0.093999 371.794861
v -41.338581 0.896836 346.153839
v -41.338581 1.046264 320.512817
v -41.338581 6.791369 294.871796
v -41.338581 5.054480 269.230774
v -41.338581 6.803208 243.589737
v -41.338581 3.190200 217.948715
v -41.338581 6.805713 192.307693
v -41.338581 9.520180 166.666672
v -41.338581 11.685827 141.025635
v -41.338581 10.348192 115.384613
v -41.338581 17.668461 89.743591
v -41.338581 8.431146 64.102562
v -41.338581 8.802195 38.461540
v -41.338581 15.582887 12.820513
v -41.338581 15.494672 -12.820513
v -41.338581 16.172264 -38.461540
v -41.338581 12.432610 -64.102562
v -41.338581 10.088851 -89.743591
v -41.338581 4.678660 -115.384613
v -41.338581 6.533530 -141.025635
v -41.338581 13.199022 -166.666672
v -41.338581 9.360180 -192.307693
v -41.338581 11.212824 -217.948715
v -41.338581 5.679883 -243.589737
v -41.338581 3.737131 -269.230774
v -41.338581 1.560337 -294.871796
v -41.338581 3.422732 -320.512817
v -41.338581 2.264919 -346.153839
v -41.338581 2.578545 -371.794861
v -41.338581 3.510900 -397.435883
v -41.338581 2.243212 -423.076935
v -41.338581 0.090452 -448.717957
v -41.338581 -1.550732 -474.358978
v -41.338581 -2.303570 -500.000000
v -24.803150 -0.000327 500.000000
v -24.803150 -0.602784 474.358978
v -24.803150 -1.718559 448.717957
v -24.803150 -2.082541 423.076935
v -24.803150 -1.115691 397.435883
v -24.803150 0.348028 371.794861
v -24.803150 1.430219 346.153839
v -24.803150 2.826231 320.512817
v -24.803150 1.655704 294.871796
v -24.803150 4.901149 269.230774
v -24.803150 2.720255 243.589737
v -24.803150 2.684820 217.948715
v -24.803150 4.784882 192.307693
v -24.803150 8.321922 166.666672
v -24.803150 4.269102 141.025635
v -24.803150 0.983895 115.384613
v -24.803150 5.820119 89.743591
v -24.803150 7.103559 64.102562
v -24.803150 5.267647 38.461540
v -24.803150 3.038167 12.820513
v -24.803150 2.263660 -12.820513
v -24.803150 4.883747 -38.461540
v -24.803150 3.143765 -64.102562
v -24.803150 7.405765 -89.743591
v -24.803150 4.087541 -115.384613
v -24.803150 6.106849 -141.025635
v -24.803150 6.504195 -166.666672
v -24.803150 3.288221 -192.307693
v -24.803150 8.249782 -217.948715
v -24.803150 6.681189 -243.589737
v -24.803150 5.647913 -269.230774
v -24.803150 2.682932 -294.871796
v -24.803150 1.785153 -320.512817
v -24.803150 0.782299 -346.153839
v -24.803150 1.621186 -371.794861
v -24.803150 2.047870 -397.435883
v -24.803150 1.394932 -423.076935
v -24.803150 0.330710 -448.717957
v -24.803150 -0.063798 -474.358978
v -24.803150 -0.366785 -500.000000
v -8.267716 0.108668 500.000000
v -8.267716 -0.102517 474.358978
v -8.267716 -1.240125 448.717957
v -8.267716 -1.708012 423.076935
v -8.267716 -0.912089 397.435883
v -8.267716 0.253298 371.794861
v -8.267716 0.739659 346.153839
v -8.267716 0.834178 320.512817
v -8.267716 1.764704 294.871796
v -8.267716 0.818344 269.230774
v -8.267716 1.819618 243.589737
v -8.267716 2.191070 217.948715
v -8.267716 4.091954 192.307693
v -8.267716 5.092973 166.666672
v -8.267716 4.598750 141.025635
v -8.267716 1.411345 115.384613
v -8.267716 2.457153 89.743591
v -8.267716 6.067087 64.102562
v -8.267716 5.760441 38.461540
v -8.267716 4.748356 12.820513
v -8.267716 1.044714 -12.820513
v -8.267716 2.740378 -38.461540
v -8.267716 2.146756 -64.102562
v -8.267716 3.515970 -89.743591
v -8.267716 8.782849 -115.384613
v -8.267716 3.721188 -141.025635
v -8.267716 4.780459 -166.666672
v -8.267716 3.208538 -192.307693
v -8.267716 2.267175 -217.948715
v -8.267716 3.934195 -243.589737
v -8.267716 4.559234 -269.230774
v -8.267716 1.522231 -294.871796
v -8.267716 1.326771 -320.512817
v -8.267716 0.267251 -346.153839
v -8.267716 0.748849 -371.794861
v -8.267716 1.004131 -397.435883
v -8.267716 0.536516 -423.076935
v -8.267716 0.031908 -448.717957
v -8.267716 0.355869 -474.358978
v -8.267716 0.539035 -500.000000
v 8.267716 0.149635 500.000000
v 8.267716 0.121175 474.358978
v 8.267716 -1.148979 448.717957
v 8.267716 -1.707768 423.076935
v 8.267716 -1.051880 397.435883
v 8.267716 -0.132742 371.794861
v 8.267716 0.221401 346.153839
v 8.267716 0.162144 320.512817
v 8.267716 0.295307 294.871796
v 8.267716 0.313350 269.230774
v 8.267716 0.516836 243.589737
v 8.267716 1.140915 217.948715
v 8.267716 1.364142 192.307693
v 8.267716 1.229340 166.666672
v 8.267716 1.954421 141.025635
v 8.267716 2.917748 115.384613
v 8.267716 1.246821 89.743591
v 8.267716 1.624249 64.102562
v 8.267716 3.323952 38.461540
v 8.267716 4.568966 12.820513
v 8.267716 2.936101 -12.820513
v 8.267716 2.188057 -38.461540
v 8.267716 3.382602 -64.102562
v 8.267716 1.462418 -89.743591
v 8.267716 3.288807 -115.384613
v 8.267716 1.688783 -141.025635
v 8.267716 2.081855 -166.666672
v 8.267716 3.032633 -192.307693
v 8.267716 1.426320 -217.948715
v 8.267716 0.573411 -243.589737
v 8.267716 0.826603 -269.230774
v 8.267716 0.505476 -294.871796
v 8.267716 0.337496 -320.512817
v 8.267716 0.114722 -346.153839
v 8.267716 0.248786 -371.794861
v 8.267716 0.298270 -397.435883
v 8.267716 -0.118884 -423.076935
v 8.267716 -0.478219 -448.717957
v 8.267716 0.085476 -474.358978
v 8.267716 0.620440 -500.000000
v 24.803150 -0.454931 500.000000
v 24.803150 -0.290883 474.358978
v 24.803150 -1.665066 448.717957
v 24.803150 -2.337461 423.076935
v 24.803150 -1.582519 397.435883
v 24.803150 -0.538442 371.794861
v 24.803150 -0.029188 346.153839
v 24.803150 0.000800 320.512817
v 24.803150 -0.044616 294.871796
v 24.803150 0.013600 269.230774
v 24.803150 0.135786 243.589737
v 24.803150 0.190051 217.948715
v 24.803150 0.274351 192.307693
v 24.803150 0.837321 166.666672
v 24.803150 0.496524 141.025635
v 24.803150 1.165459 115.384613
v 24.803150 1.794164 89.743591
v 24.803150 1.495571 64.102562
v 24.803150 1.106208 38.461540
v 24.803150 2.437754 12.820513
v 24.803150 0.867583 -12.820513
v 24.803150 1.612067 -38.461540
v 24.803150 1.624327 -64.102562
v 24.803150 1.179917 -89.743591
v 24.803150 1.528492 -115.384613
v 24.803150 0.794334 -141.025635
v 24.803150 0.698610 -166.666672
v 24.803150 1.034719 -192.307693
v 24.803150 0.417439 -217.948715
v 24.803150 0.243390 -243.589737
v 24.803150 0.412631 -269.230774
v 24.803150 0.219186 -294.871796
v 24.803150 0.081727 -320.512817
v 24.803150 -0.003130 -346.153839
v 24.803150 0.080523 -371.794861
v 24.803150 0.094609 -397.435883
v 24.803150 -0.340697 -423.076935
v 24.803150 -0.834911 -448.717957
v 24.803150 -0.476620 -474.358978
v 24.803150 0.035539 -500.000000
v 41.338581 -1.894017 500.000000
v 41.338581 -1.429478 474.358978
v 41.338581 -2.616615 448.717957
v 41.338581 -3.385774 423.076935
v 41.338581 -2.404386 397.435883
v 41.338581 -1.106454 371.794861
v 41.338581 -0.048722 346.153839
v 41.338581 0.287322 320.512817
v 41.338581 0.099415 294.871796
v 41.338581 0.011296 269.230774
v 41.338581 0.027495 243.589737
v 41.338581 0.000120 217.948715
v 41.338581 0.006698 192.307693
v 41.338581 0.033287 166.666672
v 41.338581 0.072354 141.025635
v 41.338581 0.183311 115.384613
v 41.338581 0.346075 89.743591
v 41.338581 0.126740 64.102562
v 41.338581 0.105268 38.461540
v 41.338581 0.352123 12.820513
v 41.338581 0.163925 -12.820513
v 41.338581 0.653780 -38.461540
v 41.338581 0.533949 -64.102562
v 41.338581 0.483601 -89.743591
v 41.338581 0.471680 -115.384613
v 41.338581 0.285128 -141.025635
v 41.338581 0.065464 -166.666672
v 41.338581 0.073581 -192.307693
v 41.338581 0.039040 -217.948715
v 41.338581 0.017637 -243.589737
v 41.338581 0.017839 -269.230774
v 41.338581 0.121383 -294.871796
v 41.338581 0.160116 -320.512817
v 41.338581 0.106723 -346.153839
v 41.338581 0.158768 -371.794861
v 41.338581 0.161005 -397.435883
v 41.338581 -0.324120 -423.076935
v 41.338581 -1.125559 -448.717957
v 41.338581 -1.406239 -474.358978
v 41.338581 -1.335443 -500.000000
v 57.874016 -3.895746 500.000000
v 57.874016 -3.032770 474.358978
v 57.874016 -3.491999 448.717957
v 57.874016 -4.342412 423.076935
v 57.874016 -3.411662 397.435883
v 57.874016 -1.572021 371.794861
v 57.874016 0.184581 346.153839
v 57.874016 0.629623 320.512817
v 57.874016 0.910122 294.871796
v 57.874016 0.358766 269.230774
v 57.874016 0.704796 243.589737
v 57.874016 0.336380 217.948715
v 57.874016 0.103605 192.307693
v 57.874016 0.123910 166.666672
v 57.874016 0.018347 141.025635
v 57.874016 0.028277 115.384613
v 57.874016 0.006466 89.743591
v 57.874016 0.000313 64.102562
v 57.874016 0.000146 38.461540
v 57.874016 0.001126 12.820513
v 57.874016 0.003764 -12.820513
v 57.874016 0.008124 -38.461540
v 57.874016 0.003338 -64.102562
v 57.874016 0.000717 -89.743591
v 57.874016 0.000159 -115.384613
v 57.874016 0.005881 -141.025635
v 57.874016 0.011403 -166.666672
v 57.874016 0.055548 -192.307693
v 57.874016 0.045793 -217.948715
v 57.874016 0.224037 -243.589737
v 57.874016 0.271740 -269.230774
v 57.874016 0.433806 -294.871796
v 57.874016 0.526392 -320.512817
v 57.874016 0.369164 -346.153839
v 57.874016 0.396926 -371.794861
v 57.874016 0.365020 -397.435883
v 57.874016 0.059912 -423.076935
v 57.874016 -1.228515 -448.717957
v 57.874016 -2.699245 -474.358978
v 57.874016 -3.453753 -500.000000
v 74.409447 -5.466950 500.000000
v 74.409447 -4.071909 474.358978
v 74.409447 -3.346896 448.717957
v 74.409447 -4.155331 423.076935
v 74.409447 -3.437242 397.435883
v 74.409447 -0.874595 371.794861
v 74.409447 1.802409 346.153839
v 74.409447 1.837010 320.512817
v 74.409447 2.720726 294.871796
v 74.409447 0.284300 269.230774
v 74.409447 0.670299 243.589737
v 74.409447 0.971313 217.948715
v 74.409447 1.303869 192.307693
v 74.409447 0.868380 166.666672
v 74.409447 0.199549 141.025635
v 74.409447 0.547418 115.384613
v 74.409447 0.342331 89.743591
v 74.409447 0.428290 64.102562
v 74.409447 0.157935 38.461540
v 74.409447 0.372513 12.820513
v 74.409447 0.291385 -12.820513
v 74.409447 0.176190 -38.461540
v 74.409447 0.110734 -64.102562
v 74.409447 0.178811 -89.743591
v 74.409447 0.321326 -115.384613
v 74.409447 0.256238 -141.025635
v 74.409447 0.501000 -166.666672
v 74.409447 0.242938 -192.307693
v 74.409447 0.411806 -217.948715
v 74.409447 0.597131 -243.589737
v 74.409447 0.444838 -269.230774
v 74.409447 0.545104 -294.871796
v 74.409447 1.095785 -320.512817
v 74.409447 0.709828 -346.153839
v 74.409447 0.997513 -371.794861
v 74.409447 0.982566 -397.435883
v 74.409447 0.802914 -423.076935
v 74.409447 -1.142743 -448.717957
v 74.409447 -4.043808 -474.358978
v 74.409447 -5.510388 -500.000000
v 90.944885 -5.110565 500.000000
v 90.944885 -2.835206 474.358978
v 90.944885 -0.959239 448.717957
v 90.944885 -2.307097 423.076935
v 90.944885 -2.462919 397.435883
v 90.944885 0.735037 371.794861
v 90.944885 3.590023 346.153839
v 90.944885 3.440557 320.512817
v 90.944885 2.922442 294.871796
v 90.944885 1.920274 269.230774
v 90.944885 1.461981 243.589737
v 90.944885 2.622942 217.948715
v 90.944885 1.973657 192.307693
v 90.944885 3.075701 166.666672
v 90.944885 0.817719 141.025635
v 90.944885 1.834605 115.384613
v 90.944885 1.339469 89.743591
v 90.944885 1.219822 64.102562
v 90.944885 0.505721 38.461540
v 90.944885 1.468243 12.820513
v 90.944885 0.837878 -12.820513
v 90.944885 0.771450 -38.461540
v 90.944885 0.836361 -64.102562
v 90.944885 0.872004 -89.743591
v 90.944885 1.368438 -115.384613
v 90.944885 0.262460 -141.025635
v 90.944885 1.357797 -166.666672
v 90.944885 2.475803 -192.307693
v 90.944885 2.193684 -217.948715
v 90.944885 1.483232 -243.589737
v 90.944885 1.097130 -269.230774
v 90.944885 2.878669 -294.871796
v 90.944885 2.588918 -320.512817
v 90.944885 0.999312 -346.153839
v 90.944885 0.636806 -371.794861
v 90.944885 1.862368 -397.435883
v 90.944885 1.036527 -423.076935
v 90.944885 -1.372099 -448.717957
v 90.944885 -5.085964 -474.358978
v 90.944885 -5.986847 -500.000000
v 107.480316 -0.722731 500.000000
v 107.480316 2.662008 474.358978
v 107.480316 4.303353 448.717957
v 107.480316 1.267580 423.076935
v 107.480316 0.001794 397.435883
v 107.480316 3.320232 371.794861
v 107.480316 5.837336 346.153839
v 107.480316 4.133984 320.512817
v 107.480316 5.642359 294.871796
v 107.480316 2.457093 269.230774
v 107.480316 2.885260 243.589737
v 107.480316 6.972727 217.948715
v 107.480316 3.690031 192.307693
v 107.480316 2.126348 166.666672
v 107.480316 0.432340 141.025635
v 107.480316 1.139951 115.384613
v 107.480316 2.143498 89.743591
v 107.480316 2.023921 64.102562
v 107.480316 2.245918 38.461540
v 107.480316 2.225382 12.820513
v 107.480316 2.435539 -12.820513
v 107.480316 1.596570 -38.461540
v 107.480316 2.415395 -64.102562
v 107.480316 3.200134 -89.743591
v 107.480316 5.079358 -115.384613
v 107.480316 0.898626 -141.025635
v 107.480316 3.683354 -166.666672
v 107.480316 2.742214 -192.307693
v 107.480316 2.496568 -217.948715
v 107.480316 3.432593 -243.589737
v 107.480316 3.005469 -269.230774
v 107.480316 3.957255 -294.871796
v 107.480316 1.703001 -320.512817
v 107.480316 2.294301 -346.153839
v 107.480316 -0.288679 -371.794861
v 107.480316 -0.512307 -397.435883
v 107.480316 -0.633906 -423.076935
v 107.480316 -3.613499 -448.717957
v 107.480316 -5.784207 -474.358978
v 107.480316 -2.815809 -500.000000
v 124.015747 6.302548 500.000000
v 124.015747 11.150161 474.358978
v 124.015747 10.679186 448.717957
v 124.015747 4.765628 423.076935
v 124.015747 3.873985 397.435883
v 124.015747 3.774639 371.794861
v 124.015747 7.645379 346.153839
v 124.015747 8.692076 320.512817
v 124.015747 5.498661 294.871796
v 124.015747 14.306472 269.230774
v 124.015747 2.643140 243.589737
v 124.015747 5.184547 217.948715
v 124.015747 5.809346 192.307693
v 124.015747 3.825157 166.666672
v 124.015747 4.640853 141.025635
v 124.015747 5.212086 115.384613
v 124.015747 3.343978 89.743591
v 124.015747 4.061701 64.102562
v 124.015747 4.891650 38.461540
v 124.015747 4.863840 12.820513
v 124.015747 5.447488 -12.820513
v 124.015747 6.468143 -38.461540
v 124.015747 2.972533 -64.102562
v 124.015747 3.846171 -89.743591
v 124.015747 8.327811 -115.384613
v 124.015747 2.411741 -141.025635
v 124.015747 7.001889 -166.666672
v 124.015747 6.010773 -192.307693
v 124.015747 2.381900 -217.948715
v 124.015747 8.327179 -243.589737
v 124.015747 3.529280 -269.230774
v 124.015747 6.125989 -294.871796
v 124.015747 2.117189 -320.512817
v 124.015747 0.668738 -346.153839
v 124.015747 -3.146632 -371.794861
v 124.015747 -4.588767 -397.435883
v 124.015747 -4.641194 -423.076935
v 124.015747 -6.552479 -448.717957
v 124.015747 -3.950713 -474.358978
v 124.015747 3.924469 -500.000000
v 140.551178 11.539573 500.000000
v 140.551178 17.423950 474.358978
v 140.551178 14.834918 448.717957
v 140.551178 6.256827 423.076935
v 140.551178 3.613541 397.435883
v 140.551178 5.147136 371.794861
v 140.551178 11.499662 346.153839
v 140.551178 9.147487 320.512817
v 140.551178 3.548560 294.871796
v 140.551178 13.804137 269.230774
v 140.551178 8.526481 243.589737
v 140.551178 20.140661 217.948715
v 140.551178 9.777312 192.307693
v 140.551178 3.458329 166.666672
v 140.551178 10.531419 141.025635
v 140.551178 12.925618 115.384613
v 140.551178 8.720860 89.743591
v 140.551178 8.387908 64.102562
v 140.551178 10.016974 38.461540
v 140.551178 5.080078 12.820513
v 140.551178 3.241063 -12.820513
v 140.551178 3.327511 -38.461540
v 140.551178 9.731855 -64.102562
v 140.551178 5.283683 -89.743591
v 140.551178 8.556824 -115.384613
v 140.551178 2.682250 -141.025635
v 140.551178 3.919220 -166.666672
v 140.551178 6.257397 -192.307693
v 140.551178 10.339643 -217.948715
v 140.551178 9.086658 -243.589737
v 140.551178 3.172448 -269.230774
v 140.551178 8.566511 -294.871796
v 140.551178 3.344127 -320.512817
v 140.551178 -2.151229 -346.153839
v 140.551178 -5.803339 -371.794861
v 140.551178 -8.093767 -397.435883
v 140.551178 -7.189750 -423.076935
v 140.551178 -7.454277 -448.717957
v 140.551178 -1.612916 -474.358978
v 140.551178 9.055965 -500.000000
v 157.086609 12.206045 500.000000
v 157.086609 18.426035 474.358978
v 157.086609 14.112605 448.717957
v 157.086609 4.704121 423.076935
v 157.086609 1.024457 397.435883
v 157.086609 6.017774 371.794861
v 157.086609 7.489028 346.153839
v 157.086609 8.408459 320.512817
v 157.086609 3.804627 294.871796
v 157.086609 15.693655 269.230774
v 157.086609 5.057796 243.589737
v 157.086609 10.428382 217.948715
v 157.086609 9.157077 192.307693
v 157.086609 10.534669 166.666672
v 157.086609 15.369157 141.025635
v 157.086609 14.243253 115.384613
v 157.086609 16.047676 89.743591
v 157.086609 12.419748 64.102562
v 157.086609 13.214627 38.461540
v 157.086609 1.246792 12.820513
v 157.086609 8.808140 -12.820513
v 157.086609 8.696909 -38.461540
v 157.086609 10.424878 -64.102562
v 157.086609 7.039495 -89.743591
v 157.086609 7.025010 -115.384613
v 157.086609 15.650448 -141.025635
v 157.086609 6.077551 -166.666672
v 157.086609 14.335769 -192.307693
v 157.086609 9.884770 -217.948715
v 157.086609 16.811243 -243.589737
v 157.086609 6.043043 -269.230774
v 157.086609 5.205502 -294.871796
v 157.086609 2.328874 -320.512817
v 157.086609 -1.677129 -346.153839
v 157.086609 -3.866570 -371.794861
v 157.086609 -8.066291 -397.435883
v 157.086609 -7.150758 -423.076935
v 157.086609 -6.285631 -448.717957
v 157.086609 0.173850 -474.358978
v 157.086609 10.328615 -500.000000
v 173.622040 7.865031 500.000000
v 173.622040 13.740528 474.358978
v 173.622040 9.026031 448.717957
v 173.622040 0.878800 423.076935
v 173.622040 -0.662262 397.435883
v 173.622040 2.882812 371.794861
v 173.622040 8.488742 346.153839
v 173.622040 12.449060 320.512817
v 173.622040 3.357605 294.871796
v 173.622040 15.522045 269.230774
v 173.622040 7.751568 243.589737
v 173.622040 5.247191 217.948715
v 173.622040 6.128810 192.307693
v 173.622040 7.667285 166.666672
v 173.622040 14.260716 141.025635
v 173.622040 11.065505 115.384613
v 173.622040 8.187092 89.743591
v 173.622040 6.345657 64.102562
v 173.622040 19.837564 38.461540
v 173.622040 11.609727 12.820513
v 173.622040 16.324776 -12.820513
v 173.622040 13.505313 -38.461540
v 173.622040 11.340532 -64.102562
v 173.622040 8.104916 -89.743591
v 173.622040 5.755707 -115.384613
v 173.622040 22.528881 -141.025635
v 173.622040 21.115801 -166.666672
v 173.622040 8.146438 -192.307693
v 173.622040 6.430459 -217.948715
v 173.622040 11.002713 -243.589737
v 173.622040 17.985439 -269.230774
v 173.622040 5.388556 -294.871796
v 173.622040 2.310652 -320.512817
v 173.622040 0.978076 -346.153839
v 173.622040 -2.744484 -371.794861
v 173.622040 -5.846297 -397.435883
v 173.622040 -4.666316 -423.076935
v 173.622040 -3.359299 -448.717957
v 173.622040 0.993205 -474.358978
v 173.622040 7.445724 -500.000000
v 190.157486 0.444127 500.000000
v 190.157486 5.651591 474.358978
v 190.157486 1.865466 448.717957
v 190.157486 -3.783944 423.076935
v 190.157486 -1.712741 397.435883
v 190.157486 1.476050 371.794861
v 190.157486 9.971772 346.153839
v 190.157486 10.488972 320.512817
v 190.157486 3.698015 294.871796
v 190.157486 12.922157 269.230774
v 190.157486 6.503858 243.589737
v 190.157486 10.204264 217.948715
v 190.157486 11.088471 192.307693
v 190.157486 15.289301 166.666672
v 190.157486 12.587735 141.025635
v 190.157486 8.748034 115.384613
v 190.157486 7.050819 89.743591
v 190.157486 10.296159 64.102562
v 190.157486 13.602317 38.461540
v 190.157486 12.738586 12.820513
v 190.157486 3.813383 -12.820513
v 190.157486 13.726936 -38.461540
v 190.157486 8.918726 -64.102562
v 190.157486 17.768986 -89.743591
v 190.157486 2.762490 -115.384613
v 190.157486 16.485445 -141.025635
v 190.157486 16.082674 -166.666672
v 190.157486 10.160368 -192.307693
v 190.157486 13.770391 -217.948715
v 190.157486 7.895515 -243.589737
v 190.157486 12.581941 -269.230774
v 190.157486 4.205419 -294.871796
v 190.157486 4.588224 -320.512817
v 190.157486 5.810573 -346.153839
v 190.157486 -0.516751 -371.794861
v 190.157486 -1.931112 -397.435883
v 190.157486 -1.238703 -423.076935
v 190.157486 0.274890 -448.717957
v 190.157486 0.855088 -474.358978
v 190.157486 2.104827 -500.000000
v 206.692917 -6.356227 500.000000
v 206.692917 -1.466311 474.358978
v 206.692917 -3.463413 448.717957
v 206.692917 -5.803908 423.076935
v 206.692917 -2.015184 397.435883
v 206.692917 3.999777 371.794861
v 206.692917 8.782242 346.153839
v 206.692917 3.812015 320.512817
v 206.692917 4.496684 294.871796
v 206.692917 10.939765 269.230774
v 206.692917 9.597949 243.589737
v 206.692917 15.361235 217.948715
v 206.692917 12.420495 192.307693
v 206.692917 8.567219 166.666672
v 206.692917 8.002079 141.025635
v 206.692917 4.087842 115.384613
v 206.692917 10.467595 89.743591
v 206.692917 13.796195 64.102562
v 206.692917 9.718603 38.461540
v 206.692917 7.228261 12.820513
v 206.692917 0.419921 -12.820513
v 206.692917 10.092803 -38.461540
v 206.692917 12.784201 -64.102562
v 206.692917 10.945283 -89.743591
v 206.692917 7.981057 -115.384613
v 206.692917 9.484783 -141.025635
v 206.692917 4.777464 -166.666672
v 206.692917 8.317212 -192.307693
v 206.692917 10.153295 -217.948715
v 206.692917 8.081962 -243.589737
v 206.692917 8.024929 -269.230774
v 206.692917 4.801761 -294.871796
v 206.692917 8.701214 -320.512817
v 206.692917 4.235249 -346.153839
v 206.692917 1.951841 -371.794861
v 206.692917 0.875067 -397.435883
v 206.692917 2.099946 -423.076935
v 206.692917 2.898960 -448.717957
v 206.692917 0.062528 -474.358978
v 206.692917 -2.680016 -500.000000
v 223.228348 -11.972681 500.000000
v 223.228348 -6.756802 474.358978
v 223.228348 -6.041049 448.717957
v 223.228348 -3.997169 423.076935
v 223.228348 1.291276 397.435883
v 223.228348 7.282691 371.794861
v 223.228348 10.013954 346.153839
v 223.228348 7.849748 320.512817
v 223.228348 8.289608 294.871796
v 223.228348 7.623127 269.230774
v 223.228348 11.154536 243.589737
v 223.228348 14.267938 217.948715
v 223.228348 12.691604 192.307693
v 223.228348 6.588477 166.666672
v 223.228348 15.793563 141.025635
v 223.228348 9.752975 115.384613
v 223.228348 11.143220 89.743591
v 223.228348 11.412133 64.102562
v 223.228348 14.658510 38.461540
v 223.228348 15.495179 12.820513
v 223.228348 1.658519 -12.820513
v 223.228348 18.586403 -38.461540
v 223.228348 13.329111 -64.102562
v 223.228348 6.419106 -89.743591
v 223.228348 10.131184 -115.384613
v 223.228348 15.387073 -141.025635
v 223.228348 14.368788 -166.666672
v 223.228348 10.807140 -192.307693
v 223.228348 13.133523 -217.948715
v 223.228348 6.070036 -243.589737
v 223.228348 10.053677 -269.230774
v 223.228348 9.342096 -294.871796
v 223.228348 6.446813 -320.512817
v 223.228348 8.428699 -346.153839
v 223.228348 5.375836 -371.794861
v 223.228348 4.600224 -397.435883
v 223.228348 6.254617 -423.076935
v 223.228348 5.234136 -448.717957
v 223.228348 -1.641820 -474.358978
v 223.228348 -7.742634 -500.000000
v 239.763779 -14.847023 500.000000
v 239.763779 -8.943190 474.358978
v 239.763779 -5.658396 448.717957
v 239.763779 -0.237651 423.076935
v 239.763779 6.353496 397.435883
v 239.763779 10.285301 371.794861
v 239.763779 10.481605 346.153839
v 239.763779 12.815352 320.512817
v 239.763779 11.288057 294.871796
v 239.763779 12.608939 269.230774
v 239.763779 6.013665 243.589737
v 239.763779 5.666945 217.948715
v 239.763779 7.938945 192.307693
v 239.763779 8.555070 166.666672
v 239.763779 14.856454 141.025635
v 239.763779 4.154679 115.384613
v 239.763779 8.098620 89.743591
v 239.763779 18.238544 64.102562
v 239.763779 16.669140 38.461540
v 239.763779 17.149973 12.820513
v 239.763779 6.386345 -12.820513
v 239.763779 12.043400 -38.461540
v 239.763779 6.858566 -64.102562
v 239.763779 13.327556 -89.743591
v 239.763779 11.147428 -115.384613
v 239.763779 19.198189 -141.025635
v 239.763779 9.977220 -166.666672
v 239.763779 12.923078 -192.307693
v 239.763779 19.217041 -217.948715
v 239.763779 11.806551 -243.589737
v 239.763779 14.564864 -269.230774
v 239.763779 14.349364 -294.871796
v 239.763779 4.919247 -320.512817
v 239.763779 5.460056 -346.153839
v 239.763779 6.976232 -371.794861
v 239.763779 9.123761 -397.435883
v 239.763779 10.054090 -423.076935
v 239.763779 6.155903 -448.717957
v 239.763779 -3.977262 -474.358978
v 239.763779 -11.585107 -500.000000
v 256.299225 -13.998981 500.000000
v 256.299225 -7.312322 474.358978
v 256.299225 -2.445112 448.717957
v 256.299225 3.973804 423.076935
v 256.299225 9.885184 397.435883
v 256.299225 11.432853 371.794861
v 256.299225 8.660621 346.153839
v 256.299225 9.079039 320.512817
v 256.299225 11.177304 294.871796
v 256.299225 11.247165 269.230774
v 256.299225 5.853903 243.589737
v 256.299225 11.354091 217.948715
v 256.299225 11.331128 192.307693
v 256.299225 8.286361 166.666672
v 256.299225 11.884936 141.025635
v 256.299225 9.246625 115.384613
v 256.299225 15.278210 89.743591
v 256.299225 10.673749 64.102562
v 256.299225 17.574673 38.461540
v 256.299225 18.750765 12.820513
v 256.299225 8.894073 -12.820513
v 256.299225 16.743862 -38.461540
v 256.299225 12.932587 -64.102562
v 256.299225 14.721638 -89.743591
v 256.299225 5.367606 -115.384613
v 256.299225 18.750774 -141.025635
v 256.299225 9.969778 -166.666672
v 256.299225 11.634644 -192.307693
v 256.299225 16.198858 -217.948715
v 256.299225 7.499866 -243.589737
v 256.299225 11.817764 -269.230774
v 256.299225 7.802048 -294.871796
v 256.299225 6.457453 -320.512817
v 256.299225 6.633383 -346.153839
v 256.299225 9.700039 -371.794861
v 256.299225 13.469925 -397.435883
v 256.299225 11.237832 -423.076935
v 256.299225 5.067318 -448.717957
v 256.299225 -6.494684 -474.358978
v 256.299225 -12.786945 -500.000000
v 272.834656 -10.041277 500.000000
v 272.834656 -2.717110 474.358978
v 272.834656 2.421812 448.717957
v 272.834656 7.739391 423.076935
v 272.834656 9.807346 397.435883
v 272.834656 9.911726 371.794861
v 272.834656 5.787980 346.153839
v 272.834656 4.790051 320.512817
v 272.834656 10.037178 294.871796
v 272.834656 12.109677 269.230774
v 272.834656 9.151457 243.589737
v 272.834656 14.920328 217.948715
v 272.834656 12.938944 192.307693
v 272.834656 9.387269 166.666672
v 272.834656 12.619115 141.025635
v 272.834656 15.244404 115.384613
v 272.834656 14.761916 89.743591
v 272.834656 7.468256 64.102562
v 272.834656 7.853854 38.461540
v 272.834656 9.142249 12.820513
v 272.834656 8.797809 -12.820513
v 272.834656 19.630217 -38.461540
v 272.834656 8.738559 -64.102562
v 272.834656 10.042820 -89.743591
v 272.834656 13.532342 -115.384613
v 272.834656 19.419428 -141.025635
v 272.834656 5.014436 -166.666672
v 272.834656 9.442147 -192.307693
v 272.834656 6.800930 -217.948715
v 272.834656 6.560329 -243.589737
v 272.834656 7.744403 -269.230774
v 272.834656 6.399729 -294.871796
v 272.834656 9.004453 -320.512817
v 272.834656 7.776100 -346.153839
v 272.834656 12.525088 -371.794861
v 272.834656 14.249407 -397.435883
v 272.834656 10.327896 -423.076935
v 272.834656 1.860661 -448.717957
v 272.834656 -8.730547 -474.358978
v 272.834656 -11.188547 -500.000000
v 289.370087 -5.164605 500.000000
v 289.370087 2.446120 474.358978
v 289.370087 6.580011 448.717957
v 289.370087 9.871891 423.076935
v 289.370087 7.628417 397.435883
v 289.370087 9.628889 371.794861
v 289.370087 5.678427 346.153839
v 289.370087 10.138567 320.512817
v 289.370087 14.376459 294.871796
v 289.370087 24.381172 269.230774
v 289.370087 21.017895 243.589737
v 289.370087 18.563158 217.948715
v 289.370087 21.165859 192.307693
v 289.370087 15.129889 166.666672
v 289.370087 15.345969 141.025635
v 289.370087 17.828701 115.384613
v 289.370087 8.385570 89.743591
v 289.370087 12.735943 64.102562
v 289.370087 12.679208 38.461540
v 289.370087 8.057380 12.820513
v 289.370087 21.907352 -12.820513
v 289.370087 10.586931 -38.461540
v 289.370087 13.291659 -64.102562
v 289.370087 9.684782 -89.743591
v 289.370087 13.146570 -115.384613
v 289.370087 15.405668 -141.025635
v 289.370087 7.181813 -166.666672
v 289.370087 11.916969 -192.307693
v 289.370087 16.360703 -217.948715
v 289.370087 10.632894 -243.589737
v 289.370087 10.974230 -269.230774
v 289.370087 6.715469 -294.871796
v 289.370087 6.663643 -320.512817
v 289.370087 8.646918 -346.153839
v 289.370087 12.966614 -371.794861
v 289.370087 13.145710 -397.435883
v 289.370087 7.148286 -423.076935
v 289.370087 -2.139286 -448.717957
v 289.370087 -10.286878 -474.358978
v 289.370087 -7.953928 -500.000000
v 305.905518 -2.450493 500.000000
v 305.905518 4.996894 474.358978
v 305.905518 7.970403 448.717957
v 305.905518 8.449203 423.076935
v 305.905518 5.472126 397.435883
v 305.905518 4.105621 371.794861
v 305.905518 7.203701 346.153839
v 305.905518 18.403593 320.512817
v 305.905518 23.249914 294.871796
v 305.905518 30.939999 269.230774
v 305.905518 28.012024 243.589737
v 305.905518 28.681625 217.948715
v 305.905518 31.775154 192.307693
v 305.905518 17.899479 166.666672
v 305.905518 17.604683 141.025635
v 305.905518 22.900282 115.384613
v 305.905518 9.841427 89.743591
v 305.905518 17.032526 64.102562
v 305.905518 19.108315 38.461540
v 305.905518 11.724488 12.820513
v 305.905518 17.036610 -12.820513
v 305.905518 3.789168 -38.461540
v 305.905518 11.266648 -64.102562
v 305.905518 12.176238 -89.743591
v 305.905518 8.570636 -115.384613
v 305.905518 10.220228 -141.025635
v 305.905518 9.058640 -166.666672
v 305.905518 7.411980 -192.307693
v 305.905518 21.505753 -217.948715
v 305.905518 9.880853 -243.589737
v 305.905518 9.761891 -269.230774
v 305.905518 5.607415 -294.871796
v 305.905518 6.190436 -320.512817
v 305.905518 7.253259 -346.153839
v 305.905518 10.942879 -371.794861
v 305.905518 11.712539 -397.435883
v 305.905518 4.179232 -423.076935
v 305.905518 -5.055411 -448.717957
v 305.905518 -10.631400 -474.358978
v 305.905518 -5.084952 -500.000000
v 322.440948 1.397560 500.000000
v 322.440948 9.077660 474.358978
v 322.440948 10.925168 448.717957
v 322.440948 8.385343 423.076935
v 322.440948 3.378258 397.435883
v 322.440948 2.664577 371.794861
v 322.440948 8.803939 346.153839
v 322.440948 18.059566 320.512817
v 322.440948 28.196552 294.871796
v 322.440948 36.054798 269.230774
v 322.440948 36.035130 243.589737
v 322.440948 37.794350 217.948715
v 322.440948 37.383408 192.307693
v 322.440948 39.453030 166.666672
v 322.440948 26.268478 141.025635
v 322.440948 15.871452 115.384613
v 322.440948 11.576020 89.743591
v 322.440948 10.702257 64.102562
v 322.440948 14.268428 38.461540
v 322.440948 2.313244 12.820513
v 322.418152 15.317074 -12.834239
v 322.359680 8.469673 -38.510448
v 322.403564 11.757119 -64.125053
v 322.440948 12.959956 -89.743591
v 322.440948 15.387366 -115.384613
v 322.440948 11.667484 -141.025635
v 322.440948 8.462585 -166.666672
v 322.440948 13.185534 -192.307693
v 322.440948 8.923144 -217.948715
v 322.440948 11.424902 -243.589737
v 322.440948 19.629202 -269.230774
v 322.440948 7.248669 -294.871796
v 322.440948 7.917780 -320.512817
v 322.440948 8.871526 -346.153839
v 322.440948 10.322486 -371.794861
v 322.440948 9.214249 -397.435883
v 322.440948 0.065963 -423.076935
v 322.440948 -6.436034 -448.717957
v 322.440948 -7.876861 -474.358978
v 322.440948 -0.491158 -500.000000
v 338.976379 5.454765 500.000000
v 338.976379 13.498273 474.358978
v 338.976379 14.813126 448.717957
v 338.976379 9.664347 423.076935
v 338.976379 2.819903 397.435883
v 338.976379 2.814634 371.794861
v 338.976379 13.162228 346.153839
v 338.976379 25.077417 320.512817
v 338.976379 35.168816 294.871796
v 338.976379 46.607929 269.230774
v 338.976379 45.321190 243.589737
v 338.976379 51.971939 217.948715
v 338.976379 46.584732 192.307693
v 338.976379 53.112972 166.666672
v 338.976379 29.547228 141.025635
v 338.976379 19.456516 115.384613
v 338.976379 16.908264 89.743591
v 338.976379 7.677964 64.102562
v 338.709564 12.333797 38.300991
v 337.231903 15.621175 11.770808
v 336.392792 15.411817 -14.375139
v 336.179504 11.624164 -40.144505
v 336.360046 17.364609 -65.676895
v 338.148407 13.942586 -90.241806
v 338.976379 10.990265 -115.384613
v 338.976379 7.689200 -141.025635
v 338.976379 6.052787 -166.666672
v 338.976379 15.637963 -192.307693
v 338.976379 5.241366 -217.948715
v 338.976379 18.189171 -243.589737
v 338.976379 11.867732 -269.230774
v 338.976379 11.546371 -294.871796
v 338.976379 8.791873 -320.512817
v 338.976379 7.947076 -346.153839
v 338.976379 9.139836 -371.794861
v 338.976379 5.019566 -397.435883
v 338.976379 -3.100131 -423.076935
v 338.976379 -5.207218 -448.717957
v 338.976379 -1.894810 -474.358978
v 338.976379 5.535995 -500.000000
v 355.511810 7.831058 500.000000
v 355.511810 15.950939 474.358978
v 355.511810 17.846748 448.717957
v 355.511810 13.020524 423.076935
v 355.511810 5.832011 397.435883
v 355.511810 5.423351 371.794861
v 355.511810 16.299810 346.153839
v 355.511810 31.621946 320.512817
v 355.511810 46.106903 294.871796
v 355.511810 60.047825 269.230774
v 355.511810 55.931564 243.589737
v 355.511810 64.394035 217.948715
v 355.511810 58.967972 192.307693
v 355.511810 44.910660 166.666672
v 355.511810 34.870087 141.025635
v 355.511810 33.634266 115.384613
v 355.511810 28.595932 89.743591
v 355.356354 11.977051 64.009018
v 352.466064 15.922258 36.628826
v 348.869568 24.056366 8.823672
v 347.108185 19.902597 -17.877239
v 346.505554 25.210712 -43.880882
v 347.286987 26.199020 -69.051689
v 350.895081 22.067097 -92.521614
v 354.760559 14.020437 -115.840759
v 355.500977 12.930878 -141.041565
v 355.511810 20.277868 -166.666672
v 355.511810 11.355427 -192.307693
v 355.511810 7.182240 -217.948715
v 355.511810 17.618464 -243.589737
v 355.511810 8.535883 -269.230774
v 355.511810 8.274435 -294.871796
v 355.511810 6.594862 -320.512817
v 355.511810 5.449606 -346.153839
v 355.511810 7.121130 -371.794861
v 355.511810 1.528880 -397.435883
v 355.511810 -3.213940 -423.076935
v 355.511810 -0.731340 -448.717957
v 355.511810 6.407183 -474.358978
v 355.511810 11.763330 -500.000000
v 372.047241 7.689179 500.000000
v 372.047241 15.371487 474.358978
v 372.047241 18.852287 448.717957
v 372.047241 16.040300 423.076935
v 372.047241 8.627117 397.435883
v 372.047241 10.830830 371.794861
v 372.047241 23.221680 346.153839
v 372.047241 37.337734 320.512817
v 372.047241 58.748238 294.871796
v 372.047241 66.505051 269.230774
v 372.047241 63.987320 243.589737
v 372.047241 63.436420 217.948715
v 372.047241 64.465790 192.307693
v 372.047241 58.786152 166.666672
v 372.047241 50.278954 141.025635
v 372.047241 37.067703 115.384613
v 371.898895 28.737534 89.585045
v 369.855255 17.562679 62.648434
v 364.232819 22.266848 33.759361
v 359.064667 39.224697 5.008487
v 356.023804 33.413105 -22.462311
v 355.043304 39.937973 -48.693336
v 357.139771 30.987780 -73.156357
v 361.969666 26.568306 -96.478767
v 368.124298 17.120756 -118.716827
v 370.817139 14.839751 -142.834686
v 371.242279 26.322586 -167.850479
v 371.916626 17.720175 -192.499771
v 372.047241 19.625883 -217.948715
v 372.047241 7.611372 -243.589737
v 372.046448 13.463484 -269.230286
v 372.047241 7.860871 -294.871796
v 372.047241 6.529473 -320.512817
v 372.084625 7.627717 -346.153839
v 372.065918 5.026430 -371.788605
v 372.047241 0.999722 -397.435883
v 372.047241 -0.627796 -423.076935
v 372.047241 6.222510 -448.717957
v 372.047241 15.551682 -474.358978
v 372.047241 17.206945 -500.000000
v 388.582672 5.299999 500.000000
v 388.582672 12.026434 474.358978
v 388.582672 17.567320 448.717957
v 388.582672 16.954174 423.076935
v 388.582672 12.175320 397.435883
v 388.582672 16.667074 371.794861
v 388.582672 30.252611 346.153839
v 388.582672 47.638710 320.512817
v 388.582672 63.998192 294.871796
v 388.582672 75.675034 269.230774
v 388.582672 73.518700 243.589737
v 388.582672 83.644577 217.948715
v 388.582672 74.244148 192.307693
v 388.582672 65.383774 166.666672
v 388.371002 55.567467 140.799393
v 387.291565 38.436058 114.004662
v 386.341583 20.863293 87.389069
v 381.441254 24.587820 58.692577
v 374.899139 30.909660 30.047119
v 367.601715 41.901196 0.195607
v 364.270233 43.281570 -27.450069
v 364.500824 43.833931 -53.000786
v 365.328003 44.573601 -79.298256
v 372.049011 35.696728 -102.357285
v 380.018250 27.667309 -123.898819
v 384.474121 25.275826 -147.004501
v 385.320099 19.640316 -171.464783
v 387.123505 11.542089 -194.453613
v 388.462952 10.892600 -218.037689
v 388.239899 5.505559 -243.382446
v 388.098846 17.721455 -268.938202
v 388.232880 6.962626 -294.660278
v 389.132690 6.991593 -320.388855
v 390.127747 5.625741 -345.622864
v 390.177307 5.369983 -370.382019
v 389.888733 2.742902 -396.163269
v 389.039459 3.473980 -421.730011
v 388.583984 13.516746 -447.669708
v 388.582672 23.309511 -474.229614
v 388.582672 21.044741 -500.000000
v 405.118103 2.226588 500.000000
v 405.118103 7.746600 474.358978
v 405.118103 14.627762 448.717957
v 405.118103 16.708746 423.076935
v 405.118103 13.752058 397.435883
v 405.118103 21.070797 371.794861
v 405.118103 35.915703 346.153839
v 405.118103 54.511330 320.512817
v 405.118103 70.502136 294.871796
v 405.118103 74.224136 269.230774
v 405.118103 84.370567 243.589737
v 405.118103 79.920914 217.948715
v 405.118103 74.861259 192.307693
v 404.990784 74.779938 166.530594
v 402.832214 62.465263 138.582428
v 400.286194 41.943256 110.220200
v 398.104187 36.772072 82.548569
v 391.716766 39.808563 53.249985
v 385.598602 45.651768 25.967575
v 377.820526 54.861481 -3.605291
v 373.246033 51.364807 -31.998940
v 374.061035 50.824074 -57.862663
v 373.966736 57.532799 -86.025307
v 382.537506 48.877289 -108.898834
v 392.246155 36.442963 -129.657608
v 397.329803 27.075006 -152.418228
v 398.598206 21.536013 -176.255173
v 401.310577 16.860048 -197.843658
v 403.577606 8.646133 -218.929749
v 403.722290 12.725533 -242.745667
v 403.371429 11.226936 -268.174530
v 404.296722 4.081377 -293.983368
v 407.021637 6.289015 -319.219086
v 409.540588 8.504616 -342.710144
v 409.982117 6.310874 -367.123016
v 410.186127 6.372531 -392.667084
v 408.623413 7.556210 -418.000275
v 406.686493 18.470207 -444.254700
v 405.118103 27.326326 -472.463074
v 405.118103 22.770290 -499.949371
v 421.653534 2.693526 500.000000
v 421.653534 7.746880 474.358978
v 421.653534 13.728831 448.717957
v 421.653534 15.382494 423.076935
v 421.653534 13.378842 397.435883
v 421.653534 20.991737 371.794861
v 421.653534 33.215317 346.153839
v 421.653534 50.852993 320.512817
v 421.653534 67.664413 294.871796
v 421.653534 74.137009 269.230774
v 421.653534 84.935524 243.589737
v 421.653534 88.389915 217.948715
v 421.653534 84.076195 192.307693
v 420.276886 71.163277 165.195312
v 415.985840 61.619827 134.967926
v 412.142426 43.910683 105.218994
v 409.160889 38.425152 77.027702
v 401.079132 44.805580 46.697517
v 395.535675 46.482346 20.797613
v 389.082367 56.036274 -6.778574
v 384.314911 58.507210 -35.307175
v 383.058899 66.557106 -63.642063
v 384.344116 70.719452 -92.099350
v 395.225891 62.555435 -114.502625
v 405.371490 41.239437 -134.966293
v 409.868195 42.900047 -158.357773
v 411.378204 39.676548 -181.778122
v 414.712402 26.483040 -201.631912
v 417.682892 11.358689 -220.326431
v 418.743134 15.973841 -241.931396
v 418.540985 15.662359 -267.165741
v 421.529999 10.770324 -292.855591
v 425.101715 13.334916 -316.087128
v 427.451996 20.540932 -338.134583
v 427.823181 17.048223 -362.829498
v 429.171478 18.462395 -388.602448
v 428.527130 18.994844 -413.261078
v 427.025421 25.020245 -439.485809
v 422.418243 29.201464 -469.474518
v 421.653534 21.642342 -499.396912
v 438.188965 5.971380 500.000000
v 438.188965 11.126719 474.358978
v 438.188965 14.498114 448.717957
v 438.188965 14.048496 423.076935
v 438.188965 13.621927 397.435883
v 438.188965 20.345388 371.794861
v 438.188965 35.228325 346.153839
v 438.188965 54.822227 320.512817
v 438.188965 71.745064 294.871796
v 438.188965 75.361610 269.230774
v 438.188965 89.092934 243.589737
v 438.188965 89.295242 217.948715
v 438.125519 84.318329 192.239883
v 434.634735 79.830864 162.867859
v 428.697479 62.477734 130.881012
v 423.481659 49.014671 99.665253
v 420.089294 40.491837 71.161293
v 411.120483 48.436844 40.127899
v 407.319672 58.271896 16.236717
v 403.303040 58.340435 -8.424858
v 398.534210 60.403545 -36.912849
v 394.982239 83.751678 -67.777588
v 397.802216 72.172485 -95.891312
v 408.997253 57.544579 -118.435402
v 419.620087 54.975163 -139.834915
v 422.882904 41.884342 -163.535522
v 424.592621 49.070873 -186.579483
v 428.120209 35.986839 -204.924835
v 431.502686 19.350164 -221.785507
v 433.298492 6.962531 -241.325317
v 433.585205 8.124197 -266.004486
v 438.059387 11.865973 -291.308197
v 440.745453 27.498831 -312.652618
v 441.341461 33.565212 -334.816284
v 442.137238 33.936714 -359.065125
v 444.213776 34.987068 -385.258484
v 445.423218 36.577328 -409.487793
v 445.533875 36.840351 -435.750977
v 440.825226 30.419025 -466.385040
v 438.188965 19.326498 -498.270935
v 454.724396 10.037768 500.000000
v 454.724396 15.368208 474.358978
v 454.724396 15.409546 448.717957
v 454.724396 11.721021 423.076935
v 454.724396 10.986370 397.435883
v 454.724396 19.073631 371.794861
v 454.724396 37.336632 346.153839
v 454.724396 50.072193 320.512817
v 454.724396 67.015762 294.871796
v 454.724396 74.209625 269.230774
v 454.724396 83.100349 243.589737
v 454.724396 86.229950 217.948715
v 454.225372 81.673767 191.774323
v 449.251526 74.044022 160.817215
v 441.454773 68.733620 126.842873
v 434.550171 61.783318 93.822121
v 430.632111 55.909939 64.709953
v 422.753418 72.508629 34.640030
v 420.933044 73.374748 12.635702
v 418.477112 63.991241 -10.020883
v 414.774597 61.150482 -37.346771
v 410.660828 75.676697 -69.037689
v 414.363708 78.817001 -97.572922
v 425.729492 68.142891 -120.838379
v 434.709717 58.974041 -142.986755
v 436.973267 44.075359 -167.131393
v 438.406830 49.884140 -189.909805
v 441.982544 34.285252 -206.818634
v 445.830994 26.050386 -222.693375
v 447.976807 13.269634 -240.947418
v 449.405579 12.200718 -264.954651
v 453.344177 22.192717 -289.670685
v 453.047852 33.087009 -311.411896
v 452.587280 43.944809 -333.210327
v 453.923309 49.834755 -357.026306
v 456.372894 51.227558 -383.272217
v 459.087372 53.133320 -407.539948
v 460.822418 49.530304 -434.396515
v 457.484985 34.844429 -465.286621
v 454.724396 18.434561 -497.412445
v 471.259857 13.127713 500.000000
v 471.259857 18.307699 474.358978
v 471.259857 15.566446 448.717957
v 471.259857 9.958320 423.076935
v 471.259857 8.291040 397.435883
v 471.259857 19.727875 371.794861
v 471.259857 36.869144 346.153839
v 471.259857 46.875824 320.512817
v 471.259857 64.737846 294.871796
v 471.259857 68.854813 269.230774
v 471.259857 81.292549 243.589737
v 471.259857 77.857292 217.948715
v 470.365295 72.299049 191.351578
v 464.134155 76.677452 159.050629
v 455.577209 68.442398 124.263802
v 447.828369 63.483265 90.340714
v 443.136414 65.850151 60.253586
v 435.787567 80.511520 30.482508
v 433.216400 77.840042 7.663237
v 433.520874 65.171959 -12.422797
v 433.505554 65.134560 -36.233589
v 429.031036 79.523468 -68.394135
v 432.104645 80.555557 -97.474754
v 442.044312 63.200150 -121.347900
v 451.276611 68.017212 -144.063461
v 452.093231 57.601387 -169.213089
v 453.724762 53.106117 -190.974228
v 457.146973 37.865990 -207.368546
v 461.090057 29.038797 -222.715012
v 463.424805 21.029675 -240.585999
v 464.802917 10.136011 -264.269226
v 467.186646 28.841711 -289.102783
v 465.301697 43.337204 -310.277222
v 463.694519 56.429913 -332.036377
v 464.451721 62.387329 -356.465973
v 466.977905 64.609108 -382.628235
v 470.314575 65.921204 -407.363617
v 473.320953 58.971027 -434.872894
v 471.832031 40.517075 -466.017090
v 471.146057 20.511822 -497.555969
v 487.795288 13.674472 500.000000
v 487.795288 18.091904 474.358978
v 487.795288 13.985168 448.717957
v 487.795288 7.875445 423.076935
v 487.795288 6.630995 397.435883
v 487.795288 18.250660 371.794861
v 487.795288 30.868155 346.153839
v 487.795288 45.490631 320.512817
v 487.795288 58.627281 294.871796
v 487.795288 65.670273 269.230774
v 487.795288 78.024208 243.589737
v 487.795288 73.878891 217.948715
v 486.629852 73.856087 191.062057
v 480.221863 70.393921 158.572083
v 471.649658 62.435432 123.768982
v 463.166656 64.059303 89.061211
v 458.556854 74.122383 58.729301
v 451.650818 74.514343 28.932684
v 447.520325 75.488266 3.818699
v 449.732849 60.293816 -15.056497
v 453.779541 57.851635 -34.674606
v 450.587341 68.687614 -65.421082
v 450.419220 69.955170 -96.425201
v 460.523407 65.410980 -120.766823
v 467.584747 59.239159 -144.200226
v 468.578766 53.431831 -169.182922
v 469.773499 48.584290 -190.682007
v 473.333923 40.700146 -207.118912
v 477.006317 26.308870 -222.323441
v 479.318756 14.720995 -240.206741
v 479.934875 8.624220 -264.244965
v 480.867004 33.941811 -289.346069
v 478.075989 52.228748 -309.848206
v 475.826416 69.069931 -331.256256
v 475.820282 74.230232 -356.218719
v 477.977203 76.134628 -382.414185
v 480.950745 74.545502 -408.057129
v 484.632629 65.196182 -436.360107
v 485.091431 46.132988 -467.784393
v 486.938721 26.085709 -498.726776
v 504.330719 10.408543 500.000000
v 504.330719 13.238540 474.358978
v 504.330719 10.090837 448.717957
v 504.330719 5.974632 423.076935
v 504.330719 7.780794 397.435883
v 504.330719 16.415752 371.794861
v 504.330719 27.683006 346.153839
v 504.330719 39.509834 320.512817
v 504.330719 50.774242 294.871796
v 504.330719 65.682655 269.230774
v 504.330719 73.737808 243.589737
v 504.330719 73.077568 217.948715
v 503.086914 67.737007 190.978287
v 496.523895 64.601860 158.322632
v 487.343384 63.968857 122.869339
v 479.138245 65.587631 88.458572
v 475.557739 68.446281 59.009377
v 471.110657 72.135681 30.692400
v 467.727753 70.468567 5.383888
v 469.923004 58.630630 -14.301494
v 475.481842 49.363880 -32.586594
v 475.141113 56.953358 -60.259518
v 473.582581 66.488983 -91.953636
v 481.187775 66.804176 -117.420494
v 485.371948 46.333210 -142.240311
v 486.101837 52.117306 -167.627823
v 486.867523 43.859463 -189.174774
v 489.951324 34.320339 -205.936798
v 493.647217 22.129414 -221.610809
v 495.968781 17.576180 -239.982391
v 496.141846 16.884272 -264.488495
v 494.484650 33.705963 -290.296356
v 491.793579 57.768074 -310.199493
v 489.848877 80.288155 -330.930756
v 489.143372 83.755791 -355.901733
v 490.763947 83.730515 -382.087280
v 493.217773 80.102287 -408.727142
v 496.525391 69.091866 -438.288574
v 498.986633 51.591805 -469.602295
v 502.768677 33.564411 -499.973511
v 520.866150 4.227898 500.000000
v 520.866150 4.660511 474.358978
v 520.866150 4.651035 448.717957
v 520.866150 5.975006 423.076935
v 520.866150 9.617456 397.435883
v 520.866150 15.792825 371.794861
v 520.866150 25.540134 346.153839
v 520.866150 42.201202 320.512817
v 520.866150 51.257820 294.871796
v 520.866150 65.122101 269.230774
v 520.866150 63.951805 243.589737
v 520.866150 62.464912 217.948715
v 519.828125 63.811539 191.198242
v 513.607361 63.226059 158.908386
v 504.752563 65.292488 123.803223
v 497.179688 58.181168 90.068207
v 493.934814 59.195477 60.959023
v 492.615631 63.435474 34.715370
v 490.155029 71.713699 8.991163
v 493.671356 61.167416 -10.216496
v 499.677551 45.187164 -28.278170
v 501.573425 40.172539 -53.374802
v 497.879242 50.129135 -85.738472
v 501.762787 55.295517 -113.039795
v 505.093262 41.465908 -138.125916
v 505.374451 48.820087 -163.660095
v 505.814850 41.113178 -185.782120
v 508.471893 39.200439 -203.612045
v 509.917206 20.289223 -221.288666
v 510.862762 21.338926 -241.365570
v 511.858826 27.531139 -266.220795
v 509.877136 34.175785 -291.164093
v 507.617706 62.205654 -310.637024
v 504.864594 82.491829 -331.215027
v 504.754333 88.488739 -355.548004
v 506.183167 87.469231 -381.648438
v 507.672485 80.693359 -409.626709
v 510.456665 68.455078 -440.034943
v 513.598389 52.223476 -471.551544
v 519.069275 38.342022 -501.570618
v 537.401550 -0.463668 500.000000
v 537.401550 -1.808532 474.358978
v 537.401550 1.482485 448.717957
v 537.401550 8.014720 423.076935
v 537.401550 14.159844 397.435883
v 537.401550 17.468538 371.794861
v 537.401550 26.188498 346.153839
v 537.401550 38.893475 320.512817
v 537.401550 51.256798 294.871796
v 537.401550 62.275177 269.230774
v 537.401550 65.593445 243.589737
v 537.401550 61.283096 217.948715
v 536.864380 62.598999 191.733551
v 531.816101 60.287468 160.696854
v 524.070068 59.356377 126.776749
v 517.076599 60.670364 93.661026
v 514.265015 67.839256 65.014938
v 515.801636 59.040703 41.062630
v 514.548950 60.030079 15.315193
v 517.444275 51.204815 -5.517683
v 521.042725 40.562992 -25.801668
v 523.044312 39.381069 -50.093586
v 521.415710 42.545338 -79.864197
v 523.519104 39.728165 -107.157516
v 525.758179 32.849983 -132.491516
v 525.830017 46.323746 -158.040558
v 524.580688 39.836441 -182.383240
v 523.588928 36.521523 -203.528732
v 523.033020 27.166573 -223.634735
v 522.704285 24.447519 -245.540604
v 523.158752 26.637894 -270.738739
v 525.745972 50.675823 -293.423431
v 524.293091 65.034462 -311.995117
v 521.800049 83.678276 -331.576324
v 521.664062 91.326347 -355.764740
v 522.853760 89.596375 -381.714844
v 523.954407 79.460777 -410.059357
v 524.693237 65.069122 -442.219177
v 527.757019 48.544472 -474.229431
v 535.504944 38.980839 -503.140442
v 553.937012 -0.967106 500.000000
v 553.937012 -2.489913 474.358978
v 553.937012 2.871474 448.717957
v 553.937012 11.565527 423.076935
v 553.937012 18.360538 397.435883
v 553.937012 20.177586 371.794861
v 553.937012 24.989202 346.153839
v 553.937012 32.863949 320.512817
v 553.937012 47.745338 294.871796
v 553.937012 53.473999 269.230774
v 553.937012 62.018860 243.589737
v 553.937012 60.536583 217.948715
v 553.867737 64.554718 192.233627
v 550.406982 74.167702 162.893707
v 544.160889 69.845856 130.576782
v 538.577026 65.353577 98.967667
v 536.458862 64.544853 71.062698
v 538.341003 62.061714 47.433342
v 537.998840 56.049294 22.031139
v 536.211304 55.400620 -3.531504
v 534.079773 46.494400 -29.037172
v 533.485413 42.933205 -54.949486
v 532.870911 44.250381 -83.024628
v 537.352966 44.553547 -107.303131
v 543.158630 37.376804 -129.188095
v 544.017944 31.889027 -154.180740
v 539.576599 33.355774 -181.575424
v 535.680847 35.396908 -205.682236
v 535.022461 46.288269 -227.885284
v 533.968811 43.233772 -251.729706
v 534.200867 39.527664 -276.963257
v 537.118286 54.793953 -298.050873
v 538.456238 63.205345 -315.720367
v 538.966553 82.670074 -334.013489
v 539.129395 91.529785 -357.347900
v 539.950745 89.110420 -383.105103
v 539.474182 77.297012 -412.020203
v 538.632019 59.578690 -445.542145
v 543.026855 41.920792 -477.165558
v 552.377930 36.359486 -504.253845
v 570.472412 3.310024 500.000000
v 570.472412 3.405030 474.358978
v 570.472412 8.842609 448.717957
v 570.472412 16.684149 423.076935
v 570.472412 20.558462 397.435883
v 570.472412 22.498861 371.794861
v 570.472412 27.250824 346.153839
v 570.472412 35.532791 320.512817
v 570.472412 48.995365 294.871796
v 570.472412 51.979671 269.230774
v 570.472412 66.527672 243.589737
v 570.472412 63.044277 217.948715
v 570.472412 72.928871 192.307693
v 569.034546 77.384048 165.129898
v 564.864197 73.697372 135.031509
v 560.553284 79.915642 104.782898
v 558.999207 72.570427 77.480843
v 560.247986 71.193230 53.307373
v 555.482117 69.317642 24.232035
v 549.563049 64.498428 -5.112592
v 543.846130 56.167709 -34.190056
v 541.173767 62.602997 -61.664463
v 540.618286 59.910080 -88.703697
v 545.701782 57.920258 -111.536758
v 555.125732 45.899399 -130.243484
v 558.439880 34.542053 -153.346725
v 554.142334 37.411312 -181.501282
v 547.579407 44.077282 -208.758591
v 544.324585 48.912178 -233.726242
v 544.170898 52.863438 -258.718445
v 545.899597 57.775871 -283.310852
v 548.709534 60.508484 -303.299316
v 552.503479 62.695587 -320.743073
v 555.278748 72.036232 -339.212250
v 555.721375 83.401924 -362.032776
v 556.389526 82.956902 -387.694550
v 554.510742 70.684189 -416.500122
v 554.012207 51.703568 -449.742523
v 561.389832 32.924026 -479.139740
v 571.208130 32.254261 -504.429565
v 587.007874 10.701305 500.000000
v 587.007874 13.535683 474.358978
v 587.007874 17.276796 448.717957
v 587.007874 21.145323 423.076935
v 587.007874 20.550112 397.435883
v 587.007874 22.850407 371.794861
v 587.007874 27.835897 346.153839
v 587.007874 40.305256 320.512817
v 587.007874 49.424461 294.871796
v 587.007874 54.352993 269.230774
v 587.007874 61.913616 243.589737
v 587.007874 64.458183 217.948715
v 587.007874 73.244446 192.307693
v 586.900330 82.874252 166.551743
v 584.849609 86.155273 138.718857
v 582.117554 92.929863 110.157753
v 580.977539 90.896957 83.298302
v 580.641846 87.334740 57.713303
v 572.711731 82.756599 26.098774
v 562.478333 72.847191 -7.024893
v 553.107056 63.861050 -39.612732
v 548.353638 68.408112 -69.001587
v 548.253296 69.787865 -94.807922
v 553.011414 64.200455 -117.176758
v 564.079956 51.040020 -134.351669
v 569.167725 36.770630 -156.075455
v 568.112000 42.722523 -182.326416
v 559.682495 50.390285 -212.334732
v 555.070862 59.814796 -239.898026
v 554.569580 59.067314 -265.090790
v 557.330811 67.177162 -289.097504
v 561.663391 66.490913 -308.532745
v 567.486450 63.579418 -326.152039
v 570.970154 60.128227 -345.857422
v 570.905884 72.297508 -369.752625
v 571.084839 75.348541 -395.890930
v 569.650574 63.014877 -423.749939
v 572.449280 42.307568 -453.406830
v 583.208130 25.250937 -478.927124
v 591.048584 28.811148 -504.178497
v 603.543335 17.666115 500.000000
v 603.543335 22.952559 474.358978
v 603.543335 24.323559 448.717957
v 603.543335 23.494007 423.076935
v 603.543335 19.275099 397.435883
v 603.543335 22.616634 371.794861
v 603.543335 30.072685 346.153839
v 603.543335 42.758606 320.512817
v 603.543335 51.800278 294.871796
v 603.543335 65.717377 269.230774
v 603.543335 67.580566 243.589737
v 603.543335 73.586586 217.948715
v 603.543335 90.226974 192.307693
v 603.543335 96.562012 166.666672
v 603.355713 99.635933 140.825119
v 602.278687 102.108887 114.032959
v 601.736633 95.052269 87.812553
v 600.273193 99.719040 61.165531
v 590.340393 94.510345 27.837681
v 576.564087 83.845276 -8.507229
v 563.617126 76.601097 -44.365528
v 558.201111 78.803757 -74.285660
v 558.190430 77.953712 -99.935112
v 563.998596 77.929016 -120.987221
v 574.492188 55.073589 -138.373718
v 580.168823 46.072212 -159.634918
v 581.288391 54.281620 -184.575089
v 572.583984 59.293030 -216.266708
v 567.503845 64.332298 -244.549347
v 567.054565 67.704819 -269.858185
v 569.996582 70.521957 -293.138306
v 576.025024 66.751022 -312.496155
v 582.766846 54.972336 -330.564880
v 586.924927 52.172855 -352.328979
v 586.309753 66.087120 -379.059143
v 585.447144 69.100838 -406.101990
v 586.618103 56.574440 -432.517456
v 595.074280 37.044510 -457.622162
v 605.104248 25.164177 -479.796753
v 610.835815 29.454332 -504.437500
v 620.078735 26.087835 500.000000
v 620.078735 33.107224 474.358978
v 620.078735 31.190702 448.717957
v 620.078735 24.519289 423.076935
v 620.078735 16.599791 397.435883
v 620.078735 19.620251 371.794861
v 620.078735 28.529116 346.153839
v 620.078735 43.885925 320.512817
v 620.078735 54.230000 294.871796
v 620.078735 66.057793 269.230774
v 620.078735 69.111717 243.589737
v 620.078735 79.387802 217.948715
v 620.078735 98.566315 192.307693
v 620.078735 105.121964 166.666672
v 620.078735 108.658180 141.025635
v 620.078735 108.958023 115.384613
v 620.064209 105.905930 89.728096
v 617.976440 105.370834 62.441574
v 606.986572 101.495468 28.117626
v 591.577026 92.255020 -9.698168
v 578.167114 86.697388 -45.934174
v 572.110840 84.891418 -76.360123
v 572.110840 83.714630 -102.001144
v 578.212585 79.771835 -122.821320
v 587.070679 59.827236 -141.470901
v 591.800842 50.244167 -163.555511
v 593.421814 54.363586 -188.844009
v 587.356934 64.098495 -219.243118
v 582.720581 69.927704 -247.590515
v 582.282288 67.749222 -272.760864
v 584.708008 63.572208 -295.536133
v 591.291626 55.769531 -315.124664
v 599.623596 44.218029 -334.518433
v 603.912842 49.292889 -358.138641
v 602.522705 60.441650 -387.323273
v 601.775330 63.889011 -415.258240
v 607.363159 51.781052 -439.897614
v 615.693054 41.137074 -463.656555
v 622.455200 34.159752 -485.776031
v 629.900574 34.841690 -507.309326
v 636.614197 33.975166 500.000000
v 636.614197 41.479591 474.358978
v 636.614197 36.697174 448.717957
v 636.614197 24.262075 423.076935
v 636.614197 13.657902 397.435883
v 636.614197 16.418800 371.794861
v 636.614197 28.774986 346.153839
v 636.614197 44.196045 320.512817
v 636.614197 55.267723 294.871796
v 636.614197 64.541031 269.230774
v 636.614197 80.212952 243.589737
v 636.614197 87.138718 217.948715
v 636.614197 101.038681 192.307693
v 636.614197 110.379425 166.666672
v 636.614197 109.383720 141.025635
v 636.614197 115.752029 115.384613
v 636.614197 110.360191 89.743591
v 634.514648 115.327698 62.443733
v 623.499146 113.919449 28.099552
v 608.480652 96.874863 -9.407326
v 594.669495 86.656189 -45.960274
v 588.646301 89.030098 -76.360123
v 588.642334 84.905823 -102.004051
v 593.804749 78.850540 -123.522972
v 600.246399 64.384491 -144.012482
v 604.711609 60.528023 -167.063080
v 606.683594 67.953148 -192.826218
v 601.738037 69.993385 -222.937943
v 598.636658 75.980682 -250.502548
v 598.617737 74.533661 -275.742371
v 602.307983 65.558006 -299.057770
v 610.053284 54.069454 -319.210052
v 617.350891 46.541336 -340.330444
v 621.061096 47.244164 -364.271088
v 619.431763 57.611900 -393.718933
v 619.169373 62.953411 -422.645020
v 625.432312 56.751690 -447.249084
v 630.593079 55.077991 -473.693237
v 638.698486 46.954273 -493.690094
v 648.779846 43.731472 -511.942474
v 653.149597 38.070728 500.000000
v 653.149597 44.392433 474.358978
v 653.149597 38.486824 448.717957
v 653.149597 23.897953 423.076935
v 653.149597 11.983294 397.435883
v 653.149597 15.423223 371.794861
v 653.149597 29.466991 346.153839
v 653.149597 44.835808 320.512817
v 653.149597 59.132786 294.871796
v 653.149597 68.990593 269.230774
v 653.149597 76.848236 243.589737
v 653.149597 87.699219 217.948715
v 653.149597 101.333824 192.307693
v 653.149597 109.143311 166.666672
v 653.149597 110.462158 141.025635
v 653.149597 114.373512 115.384613
v 653.149597 113.375542 89.743591
v 651.395996 117.094055 62.717083
v 641.010620 124.360634 28.870739
v 626.213623 107.000519 -8.460474
v 613.011292 90.405533 -44.516102
v 607.187134 85.827652 -74.740051
v 606.860107 87.651222 -100.605881
v 609.749390 79.219757 -123.830452
v 614.554810 72.933716 -145.878708
v 618.285217 75.178787 -170.557343
v 618.546631 68.910301 -199.262665
v 615.759705 74.201782 -228.029953
v 614.612488 80.635864 -253.893326
v 615.107666 79.157616 -278.883270
v 618.294312 69.158272 -303.306427
v 626.369995 63.341705 -324.177368
v 633.305298 55.448929 -346.713318
v 637.023987 50.322105 -370.627441
v 634.823425 59.727779 -399.906158
v 633.417908 70.787399 -430.702484
v 638.500488 71.190521 -457.179871
v 645.187378 70.452721 -483.160126
v 656.083557 60.483395 -500.793732
v 667.620239 52.414814 -515.766785
v 669.685059 37.247177 500.000000
v 669.685059 40.954918 474.358978
v 669.685059 36.116760 448.717957
v 669.685059 23.521315 423.076935
v 669.685059 13.612776 397.435883
v 669.685059 17.331131 371.794861
v 669.685059 30.987183 346.153839
v 669.685059 44.311890 320.512817
v 669.685059 55.385136 294.871796
v 669.685059 69.052696 269.230774
v 669.685059 72.745895 243.589737
v 669.685059 90.371872 217.948715
v 669.685059 100.834549 192.307693
v 669.685059 108.364258 166.666672
v 669.685059 112.673264 141.025635
v 669.685059 117.237709 115.384613
v 669.685059 115.627701 89.743591
v 668.775757 119.600632 63.384132
v 660.153442 119.786377 30.930763
v 646.407898 107.222305 -5.523219
v 633.403992 94.137207 -41.351822
v 626.941223 79.691093 -71.976669
v 625.260315 81.875038 -98.858559
v 626.729736 75.260986 -123.193512
v 628.630005 75.227013 -148.703186
v 630.968811 78.276306 -175.748428
v 632.156311 76.949127 -204.697388
v 630.876526 82.047455 -233.202911
v 631.693787 86.784126 -257.971313
v 632.701477 79.795692 -283.075592
v 635.388794 73.369644 -307.784088
v 641.713989 66.353966 -330.273193
v 647.971680 59.625000 -352.678070
v 651.556091 57.622250 -375.717407
v 648.461182 64.799194 -405.106903
v 646.815186 79.871017 -437.294373
v 652.471741 83.765633 -464.912933
v 661.521301 82.174332 -489.172852
v 675.098267 69.766899 -504.310242
v 686.432800 58.063545 -517.321777
v 686.220459 32.624004 500.000000
v 686.220459 33.261570 474.358978
v 686.220459 31.003725 448.717957
v 686.220459 23.145018 423.076935
v 686.220459 16.801943 397.435883
v 686.220459 21.104141 371.794861
v 686.220459 31.495140 346.153839
v 686.220459 44.270916 320.512817
v 686.220459 54.793419 294.871796
v 686.220459 64.867348 269.230774
v 686.220459 72.602371 243.589737
v 686.220459 92.736389 217.948715
v 686.220459 104.136703 192.307693
v 686.220459 106.894707 166.666672
v 686.220459 111.240112 141.025635
v 686.220459 112.663811 115.384613
v 686.220459 115.764534 89.743591
v 686.117188 122.999634 64.020981
v 680.323120 128.093292 33.802147
v 667.806763 116.871689 -1.603709
v 654.606445 92.253212 -37.448380
v 646.995056 78.210068 -68.868797
v 643.283997 74.650368 -97.228737
v 643.511108 76.120331 -122.961082
v 644.819702 75.770248 -150.088135
v 646.457031 86.643204 -178.307755
v 646.226807 83.208450 -209.568695
v 646.643677 88.369934 -238.398209
v 648.282654 84.023605 -264.718750
v 650.774536 80.528694 -288.391022
v 653.465881 77.137604 -312.519287
v 658.598389 72.118134 -335.206848
v 663.972168 65.545746 -356.920715
v 666.535400 62.668709 -379.192902
v 663.318909 69.040627 -407.804138
v 662.408997 84.028168 -439.924072
v 668.554871 91.534668 -468.114716
v 680.038391 87.596970 -489.958069
v 694.506531 75.460556 -504.895050
v 706.008789 63.247326 -518.000000
v 702.755920 27.380800 500.000000
v 702.755920 26.035883 474.358978
v 702.755920 26.444365 448.717957
v 702.755920 23.798168 423.076935
v 702.755920 20.525497 397.435883
v 702.755920 23.826077 371.794861
v 702.755920 31.390610 346.153839
v 702.755920 42.918003 320.512817
v 702.755920 57.687748 294.871796
v 702.755920 63.547127 269.230774
v 702.755920 74.740112 243.589737
v 702.755920 85.615021 217.948715
v 702.755920 98.521950 192.307693
v 702.755920 103.990639 166.666672
v 702.755920 107.465210 141.025635
v 702.755920 108.146057 115.384613
v 702.755920 121.177895 89.743591
v 702.755920 132.683517 64.102562
v 700.282898 135.380463 36.511738
v 689.920471 123.391830 2.876663
v 677.017822 100.839561 -32.610909
v 668.099426 77.545197 -64.934799
v 662.655762 72.009926 -94.560287
v 660.822510 77.573318 -122.289322
v 662.612488 72.829422 -149.526352
v 661.854431 82.605270 -180.231857
v 660.418457 88.630829 -213.209946
v 662.604248 90.662926 -242.713562
v 666.564209 90.867668 -268.167969
v 669.564880 81.926254 -292.572937
v 672.578918 81.417038 -315.868683
v 676.776611 71.955765 -338.631348
v 680.987549 67.968307 -359.737946
v 682.018066 65.142151 -381.625092
v 679.635925 70.862183 -408.321777
v 679.099548 86.693764 -439.988373
v 685.435181 96.531464 -468.257782
v 697.252869 93.059601 -490.087646
v 712.740540 78.629791 -503.755249
v 723.948303 65.680809 -517.190247
v 719.291321 21.419842 500.000000
v 719.291321 17.974380 474.358978
v 719.291321 20.646528 448.717957
v 719.291321 22.867201 423.076935
v 719.291321 23.368906 397.435883
v 719.291321 25.549812 371.794861
v 719.291321 32.064640 346.153839
v 719.291321 41.761982 320.512817
v 719.291321 58.454037 294.871796
v 719.291321 68.562668 269.230774
v 719.291321 78.302017 243.589737
v 719.291321 84.795837 217.948715
v 719.291321 93.727753 192.307693
v 719.291321 98.710541 166.666672
v 719.291321 100.141800 141.025635
v 719.291321 110.973274 115.384613
v 719.291321 120.580223 89.743591
v 719.291321 135.508667 64.102562
v 718.971863 134.747025 38.217442
v 712.026123 128.209137 7.298467
v 700.694214 113.312805 -26.882975
v 690.778564 90.987991 -59.896172
v 683.801270 70.011185 -90.637054
v 679.683044 69.614723 -120.159348
v 679.508545 68.515762 -148.934738
v 678.195862 79.064148 -180.345398
v 675.091919 86.929733 -215.221191
v 679.086365 94.014465 -244.534149
v 684.788208 92.151161 -270.086548
v 688.928223 82.383972 -294.151733
v 692.401001 79.574654 -317.096161
v 695.783020 72.535210 -339.458252
v 697.924927 68.970772 -361.450653
v 697.892212 66.524689 -383.307831
v 696.404907 71.566620 -408.195862
v 697.087341 86.475281 -437.674988
v 703.566833 98.865112 -465.745239
v 716.542297 94.257248 -485.852631
v 731.843994 79.708916 -499.825226
v 741.783936 67.200722 -515.075867
v 735.826782 16.768076 500.000000
v 735.826782 11.269967 474.358978
v 735.826782 15.070417 448.717957
v 735.826782 20.999813 423.076935
v 735.826782 24.947474 397.435883
v 735.826782 26.538923 371.794861
v 735.826782 31.185497 346.153839
v 735.826782 41.359390 320.512817
v 735.826782 52.870567 294.871796
v 735.826782 64.915054 269.230774
v 735.826782 70.980469 243.589737
v 735.826782 83.412231 217.948715
v 735.826782 88.557556 192.307693
v 735.826782 93.007278 166.666672
v 735.826782 95.886909 141.025635
v 735.826782 107.475121 115.384613
v 735.826782 119.995773 89.743591
v 735.826782 132.860809 64.102562
v 735.562927 138.566406 38.268734
v 731.693237 136.724335 9.780812
v 723.249146 130.601349 -22.132776
v 713.830994 111.946884 -54.717712
v 706.027283 84.758995 -86.063263
v 700.380615 67.925049 -116.460648
v 696.179077 73.251831 -148.538803
v 691.435608 86.583557 -183.906448
v 689.969055 94.667404 -217.871384
v 695.120239 94.846153 -246.433594
v 701.964600 91.132607 -271.633942
v 707.241638 81.795685 -294.789642
v 711.522522 76.105774 -316.759521
v 714.660522 68.285004 -338.201294
v 714.863281 68.408401 -361.470154
v 715.070862 65.538902 -383.042206
v 714.811340 67.521210 -405.788208
v 717.238037 78.739059 -431.885223
v 724.020935 94.228668 -459.552307
v 737.587891 91.172203 -478.720154
v 751.829773 78.760201 -494.374329
v 759.819397 68.120239 -512.603333
v 752.362183 16.124876 500.000000
v 752.362183 9.844911 474.358978
v 752.362183 12.891912 448.717957
v 752.362183 19.360889 423.076935
v 752.362183 25.100580 397.435883
v 752.362183 25.675552 371.794861
v 752.362183 28.873837 346.153839
v 752.362183 38.760315 320.512817
v 752.362183 50.379139 294.871796
v 752.362183 61.718666 269.230774
v 752.362183 67.482323 243.589737
v 752.362183 75.838821 217.948715
v 752.362183 82.472382 192.307693
v 752.362183 86.250542 166.666672
v 752.362183 94.343140 141.025635
v 752.362183 105.044647 115.384613
v 752.362183 118.096802 89.743591
v 752.362183 133.373825 64.102562
v 752.066650 150.291763 38.245564
v 748.401062 157.832504 9.925745
v 742.020386 159.101578 -20.378210
v 733.904541 141.481644 -51.951817
v 725.950500 108.475708 -83.405609
v 718.900635 78.993149 -114.794388
v 710.830627 82.205193 -150.932083
v 705.139282 93.281036 -187.814362
v 704.366272 100.495018 -221.684555
v 710.161987 98.973907 -249.643173
v 717.470459 93.376564 -274.380646
v 723.396362 85.579323 -296.958618
v 727.755127 78.385063 -318.440826
v 730.724731 71.334534 -339.219666
v 732.375977 65.548820 -360.362854
v 733.127808 61.752079 -381.523163
v 734.076721 60.101540 -402.370880
v 738.262390 66.492355 -424.795410
v 745.578369 84.097595 -451.597198
v 759.007568 84.183151 -470.958954
v 771.617798 75.754593 -489.152649
v 777.385803 68.274925 -510.821014
v 768.897644 20.133715 500.000000
v 768.897644 14.811757 474.358978
v 768.897644 15.275100 448.717957
v 768.897644 18.636951 423.076935
v 768.897644 23.053288 397.435883
v 768.897644 23.614004 371.794861
v 768.897644 28.377584 346.153839
v 768.897644 37.759090 320.512817
v 768.897644 48.738876 294.871796
v 768.897644 60.801697 269.230774
v 768.897644 71.278374 243.589737
v 768.897644 73.314926 217.948715
v 768.897644 78.331474 192.307693
v 768.897644 82.305321 166.666672
v 768.897644 91.831375 141.025635
v 768.897644 103.654053 115.384613
v 768.897644 118.270630 89.743591
v 768.897644 144.564850 64.102562
v 768.697083 169.527908 38.314976
v 765.252319 185.156570 10.156561
v 759.190308 185.386505 -19.914566
v 751.201599 169.211273 -51.393658
v 743.689331 129.766861 -82.525742
v 735.522339 89.696304 -115.276276
v 725.649353 84.296005 -153.778931
v 719.191895 96.955399 -192.004684
v 718.616821 108.717758 -226.582336
v 724.972717 104.467522 -253.910339
v 732.142578 96.294540 -278.122925
v 738.225281 89.986595 -299.929962
v 742.731201 78.680374 -320.802094
v 746.393250 73.551331 -340.315643
v 750.172852 63.520081 -358.338776
v 752.123352 57.298313 -378.202820
v 753.937256 50.770611 -398.024231
v 759.195679 52.743397 -418.115234
v 767.346985 69.757889 -443.276306
v 779.937195 74.458878 -464.072174
v 790.563660 71.490387 -485.381531
v 794.142944 68.213188 -510.473053
v 785.433044 27.235022 500.000000
v 785.433044 24.281012 474.358978
v 785.433044 21.285189 448.717957
v 785.433044 19.508417 423.076935
v 785.433044 20.567003 397.435883
v 785.433044 22.054190 371.794861
v 785.433044 27.998999 346.153839
v 785.433044 35.217049 320.512817
v 785.433044 47.656113 294.871796
v 785.433044 62.048958 269.230774
v 785.433044 70.322090 243.589737
v 785.433044 72.651100 217.948715
v 785.433044 75.155685 192.307693
v 785.433044 79.558830 166.666672
v 785.433044 90.821968 141.025635
v 785.433044 104.458412 115.384613
v 785.433044 123.492195 89.743591
v 785.433044 159.798462 64.102562
v 785.355652 190.492935 38.404999
v 782.544922 203.284866 10.709904
v 776.716003 208.487137 -19.190872
v 769.242920 190.736664 -50.293159
v 761.054993 149.663086 -82.138573
v 751.028442 102.372101 -117.132553
v 741.059448 86.020088 -156.358231
v 733.878174 102.843948 -195.909515
v 734.038513 111.931435 -230.030182
v 740.760010 109.020706 -256.822693
v 747.804199 102.442863 -280.443939
v 753.499634 90.514343 -301.588470
v 758.103821 82.838631 -322.200928
v 762.420593 76.666046 -340.415497
v 767.815002 61.736420 -356.045074
v 771.832031 48.656406 -373.185516
v 774.351257 40.423630 -392.345612
v 779.943787 39.008373 -411.584900
v 788.583801 53.745838 -435.518463
v 799.744812 63.793362 -458.760010
v 808.004333 67.393715 -483.742004
v 810.488647 66.565605 -510.394379
v 801.968506 33.874523 500.000000
v 801.968506 33.606415 474.358978
v 801.968506 28.009544 448.717957
v 801.968506 21.906866 423.076935
v 801.968506 19.838179 397.435883
v 801.968506 21.239006 371.794861
v 801.968506 27.652386 346.153839
v 801.968506 35.547855 320.512817
v 801.968506 47.408371 294.871796
v 801.968506 57.869984 269.230774
v 801.968506 67.288338 243.589737
v 801.968506 72.273430 217.948715
v 801.968506 72.049728 192.307693
v 801.968506 75.907829 166.666672
v 801.968506 88.676628 141.025635
v 801.968506 104.751015 115.384613
v 801.968506 126.968002 89.743591
v 801.968506 171.839386 64.102562
v 801.962402 204.185623 38.457096
v 799.712036 217.905731 11.171526
v 794.298645 226.557739 -18.425600
v 787.343384 210.595734 -49.149452
v 778.675110 166.829895 -81.874527
v 768.232300 112.468735 -117.726578
v 757.916260 84.774666 -157.589630
v 748.980408 108.459961 -199.721710
v 749.520691 115.109726 -233.473541
v 756.028931 111.327461 -259.583405
v 762.777771 102.541321 -282.390350
v 769.189514 90.065361 -302.292755
v 774.128906 83.078827 -322.165863
v 779.088745 72.959183 -339.264008
v 785.051331 59.644676 -354.015503
v 790.910095 43.547367 -368.575165
v 794.672058 31.716024 -386.221069
v 799.589722 27.805408 -405.675262
v 807.545105 40.257511 -429.394409
v 816.449280 54.498051 -455.314911
v 822.503723 62.593651 -482.878052
v 824.681641 62.218189 -509.422577
v 818.503967 41.761219 500.000000
v 818.503967 42.961487 474.358978
v 818.503967 35.081448 448.717957
v 818.503967 25.690804 423.076935
v 818.503967 21.203196 397.435883
v 818.503967 22.159342 371.794861
v 818.503967 27.623619 346.153839
v 818.503967 36.453781 320.512817
v 818.503967 45.551361 294.871796
v 818.503967 56.670792 269.230774
v 818.503967 67.230080 243.589737
v 818.503967 74.461632 217.948715
v 818.503967 71.558052 192.307693
v 818.503967 72.792999 166.666672
v 818.503967 86.615448 141.025635
v 818.503967 104.905571 115.384613
v 818.503967 128.807007 89.743591
v 818.503967 177.240189 64.102562
v 818.503967 208.023438 38.461540
v 817.027710 223.647736 11.741693
v 812.457153 230.797821 -17.239460
v 806.286499 219.586502 -47.404251
v 797.094604 178.329987 -81.134560
v 786.418701 120.788269 -117.588448
v 773.488892 88.376839 -160.662567
v 763.610413 117.212486 -204.438019
v 765.018127 121.714790 -236.867477
v 770.879333 116.552780 -262.067474
v 777.144836 107.505669 -284.195068
v 784.048828 92.582909 -303.407532
v 790.775391 79.600548 -320.849548
v 796.198975 70.397751 -337.178925
v 802.549805 56.517429 -351.385834
v 808.864075 41.400162 -365.404144
v 813.798523 25.190926 -381.542053
v 817.716431 19.212549 -401.378357
v 824.024231 29.752935 -425.651642
v 830.467407 46.796463 -453.681000
v 835.543701 56.667217 -481.427948
v 840.708679 61.361816 -509.211670
v 835.039368 50.154472 500.000000
v 835.039368 50.884579 474.358978
v 835.039368 40.654816 448.717957
v 835.039368 28.904270 423.076935
v 835.039368 23.049372 397.435883
v 835.039368 23.683247 371.794861
v 835.039368 28.075758 346.153839
v 835.039368 35.824013 320.512817
v 835.039368 46.134113 294.871796
v 835.039368 59.319191 269.230774
v 835.039368 69.116196 243.589737
v 835.039368 70.984833 217.948715
v 835.039368 72.740631 192.307693
v 835.039368 74.898399 166.666672
v 835.039368 87.426804 141.025635
v 835.039368 105.166046 115.384613
v 835.039368 132.383499 89.743591
v 835.039368 175.469833 64.102562
v 835.039368 207.260727 38.461540
v 834.351746 223.283356 12.317991
v 830.906433 226.002731 -15.840828
v 825.504150 215.738358 -45.540771
v 816.383850 181.714935 -79.693100
v 803.246338 124.399841 -118.996582
v 788.539124 93.567482 -164.617859
v 777.499329 120.256332 -209.302689
v 779.035889 123.563118 -240.666290
v 784.613525 118.787659 -264.576447
v 790.698486 110.324303 -285.893463
v 798.378845 97.631165 -304.134674
v 806.904175 79.823212 -319.463837
v 813.797974 67.157295 -334.196686
v 820.365906 53.211708 -348.162292
v 826.821838 37.153610 -362.145508
v 831.741089 20.753677 -378.573730
v 834.393127 14.203766 -399.375549
v 838.472961 23.303270 -424.501373
v 843.541992 39.728474 -452.245270
v 850.931091 54.878750 -480.951691
v 857.278381 62.821289 -509.225891
v 851.574829 55.400696 500.000000
v 851.574829 53.754734 474.358978
v 851.574829 41.943241 448.717957
v 851.574829 29.688099 423.076935
v 851.574829 24.346485 397.435883
v 851.574829 24.697954 371.794861
v 851.574829 28.245537 346.153839
v 851.574829 35.232544 320.512817
v 851.574829 45.476437 294.871796
v 851.574829 57.784679 269.230774
v 851.574829 68.036690 243.589737
v 851.574829 69.181839 217.948715
v 851.574829 69.829239 192.307693
v 851.574829 72.986633 166.666672
v 851.574829 84.162506 141.025635
v 851.574829 101.562523 115.384613
v 851.574829 131.761887 89.743591
v 851.574829 168.834686 64.102562
v 851.574829 203.124176 38.461540
v 851.469849 213.464142 12.743784
v 849.224792 217.555038 -14.537892
v 844.806824 211.710968 -43.635521
v 836.231323 177.416336 -77.703735
v 820.201721 122.249786 -120.172882
v 803.318970 98.385971 -168.411316
v 792.381042 124.265991 -212.660629
v 793.525452 126.758041 -242.946594
v 798.291260 121.362083 -266.347473
v 804.037720 111.788902 -287.365204
v 812.592834 98.458374 -304.468445
v 822.828308 80.142990 -317.789612
v 831.851379 62.319401 -330.436493
v 838.551270 47.555607 -344.371948
v 844.883301 32.641079 -358.750336
v 849.563354 16.538246 -375.848999
v 851.309326 11.763870 -397.986328
v 853.183228 20.436102 -423.744171
v 859.016907 38.423267 -451.805328
v 866.341064 55.732113 -480.484772
v 872.352783 64.248260 -508.619781
v 868.110229 56.044544 500.000000
v 868.110229 50.759876 474.358978
v 868.110229 38.442184 448.717957
v 868.110229 27.550289 423.076935
v 868.110229 24.121244 397.435883
v 868.110229 24.799572 371.794861
v 868.110229 28.169498 346.153839
v 868.110229 34.129490 320.512817
v 868.110229 42.738773 294.871796
v 868.110229 53.437859 269.230774
v 868.110229 62.284901 243.589737
v 868.110229 64.969856 217.948715
v 868.110229 65.865448 192.307693
v 868.110229 66.885529 166.666672
v 868.110229 77.922470 141.025635
v 868.110229 94.987831 115.384613
v 868.110229 119.692299 89.743591
v 868.110229 158.022903 64.102562
v 868.110229 188.621384 38.461540
v 868.110229 196.968842 12.820513
v 867.217529 199.196548 -13.472896
v 864.008850 194.909378 -41.757847
v 855.660461 170.653824 -76.008141
v 837.656372 116.740845 -120.891617
v 819.193970 101.014496 -170.548645
v 808.592651 127.256447 -213.740051
v 808.742981 129.496475 -243.503174
v 812.667725 124.636726 -266.796021
v 818.117981 115.297035 -287.749817
v 827.441101 99.111122 -303.799988
v 839.172729 77.588516 -315.456512
v 849.942627 57.694263 -326.420807
v 856.964355 41.911465 -340.296967
v 862.988831 27.158684 -355.400513
v 867.121338 14.008188 -373.691864
v 868.109985 12.681675 -397.436432
v 869.158142 22.577480 -423.511658
v 874.134949 40.420277 -451.217316
v 880.560730 57.642750 -479.524078
v 885.829712 64.813843 -507.350952
v 884.645691 52.587360 500.000000
v 884.645691 43.634312 474.358978
v 884.645691 31.732208 448.717957
v 884.645691 23.261799 423.076935
v 884.645691 22.513466 397.435883
v 884.645691 23.810904 371.794861
v 884.645691 26.441700 346.153839
v 884.645691 31.517086 320.512817
v 884.645691 39.407921 294.871796
v 884.645691 47.947803 269.230774
v 884.645691 56.446480 243.589737
v 884.645691 59.448498 217.948715
v 884.645691 60.109852 192.307693
v 884.645691 59.637039 166.666672
v 884.645691 67.420387 141.025635
v 884.645691 83.302345 115.384613
v 884.645691 106.773643 89.743591
v 884.645691 140.808914 64.102562
v 884.645691 167.711227 38.461540
v 884.645691 177.150803 12.820513
v 884.584778 171.083405 -12.865039
v 882.868896 166.623413 -40.024895
v 875.199524 154.099716 -73.987747
v 856.579041 111.944023 -119.975075
v 837.429993 99.438263 -169.807358
v 825.625122 125.911392 -213.337891
v 825.067688 130.253662 -242.588104
v 827.861816 125.090775 -266.597870
v 833.313965 116.069290 -287.097534
v 843.440979 97.416206 -301.963135
v 856.497925 72.672699 -312.057037
v 868.370361 50.394386 -322.008514
v 875.422302 35.975281 -336.321442
v 880.857666 23.289675 -352.633423
v 884.226746 13.863197 -372.498322
v 884.645691 16.140125 -397.435883
v 885.076843 27.152340 -423.255798
v 888.772095 44.086643 -450.429810
v 893.886902 59.415932 -478.192688
v 901.097717 66.877098 -506.825165
v 901.181091 47.665821 500.000000
v 901.181091 36.928230 474.358978
v 901.181091 25.717857 448.717957
v 901.181091 19.006559 423.076935
v 901.181091 20.068747 397.435883
v 901.181091 21.889921 371.794861
v 901.181091 23.354771 346.153839
v 901.181091 27.311506 320.512817
v 901.181091 33.693237 294.871796
v 901.181091 41.019062 269.230774
v 901.181091 48.055241 243.589737
v 901.181091 50.075386 217.948715
v 901.181091 50.064327 192.307693
v 901.181091 48.354847 166.666672
v 901.181091 55.070839 141.025635
v 901.181091 69.381615 115.384613
v 901.181091 89.468155 89.743591
v 901.181091 117.189789 64.102562
v 901.181091 141.737061 38.461540
v 901.181091 149.040771 12.820513
v 901.181091 142.136993 -12.820513
v 900.685364 138.384079 -39.093163
v 894.626648 128.879120 -71.861214
v 877.037170 103.019310 -117.233360
v 858.161194 91.642235 -166.032089
v 844.735474 119.649750 -210.340256
v 842.716675 125.568405 -240.601883
v 845.071838 122.428619 -264.576874
v 850.401001 112.491501 -284.840210
v 861.100342 93.617989 -298.602356
v 874.527893 67.699783 -308.322357
v 886.534668 46.054283 -318.416809
v 893.300720 33.029896 -333.544708
v 898.065002 22.644209 -351.236755
v 900.794006 16.026791 -372.423981
v 901.181091 19.889864 -397.435883
v 901.199707 31.768085 -423.084656
v 903.438477 47.129139 -449.654419
v 909.285706 61.725330 -477.721191
v 916.333435 66.708267 -506.285980
v 917.716553 44.795200 500.000000
v 917.716553 35.023109 474.358978
v 917.716553 24.426701 448.717957
v 917.716553 18.265409 423.076935
v 917.716553 19.341778 397.435883
v 917.716553 20.904531 371.794861
v 917.716553 20.379253 346.153839
v 917.716553 22.507484 320.512817
v 917.716553 27.744930 294.871796
v 917.716553 34.435219 269.230774
v 917.716553 39.350300 243.589737
v 917.716553 40.888657 217.948715
v 917.716553 40.826965 192.307693
v 917.716553 39.681313 166.666672
v 917.716553 41.572296 141.025635
v 917.716553 52.694572 115.384613
v 917.716553 70.081230 89.743591
v 917.716553 91.667068 64.102562
v 917.716553 113.326508 38.461540
v 917.716553 119.949371 12.820513
v 917.716553 112.317230 -12.820513
v 917.495911 109.836021 -38.820137
v 913.452576 99.745468 -69.871872
v 897.857544 88.895233 -113.758217
v 879.255249 84.662994 -162.184280
v 865.346191 112.825684 -205.874084
v 862.219482 120.870522 -236.678497
v 863.536194 117.690826 -261.505310
v 868.362976 108.183342 -281.966370
v 879.389709 87.576149 -295.088379
v 893.178833 61.806690 -304.215607
v 904.875732 41.369556 -314.999817
v 910.858459 31.062172 -331.659210
v 914.934143 23.084164 -350.676086
v 917.414612 17.815462 -372.285645
v 917.716553 22.808035 -397.435883
v 917.716553 35.212780 -423.076935
v 919.203979 49.458454 -449.335022
v 924.103699 62.208630 -477.008698
v 930.332886 65.679619 -505.233917
v 934.251953 44.302750 500.000000
v 934.251953 36.707264 474.358978
v 934.251953 26.878918 448.717957
v 934.251953 20.988729 423.076935
v 934.251953 21.067575 397.435883
v 934.251953 21.299084 371.794861
v 934.251953 18.240747 346.153839
v 934.251953 18.164101 320.512817
v 934.251953 21.722664 294.871796
v 934.251953 26.331882 269.230774
v 934.251953 30.955376 243.589737
v 934.251953 33.076241 217.948715
v 934.251953 32.881012 192.307693
v 934.251953 30.446699 166.666672
v 934.251953 27.979275 141.025635
v 934.251953 35.662090 115.384613
v 934.251953 48.690075 89.743591
v 934.251953 67.703560 64.102562
v 934.251953 82.875458 38.461540
v 934.251953 88.837837 12.820513
v 934.251953 82.553055 -12.820513
v 934.177490 78.858795 -38.582588
v 931.135986 72.734077 -68.470955
v 918.772705 70.215179 -109.438324
v 901.257812 74.113678 -156.740601
v 887.150330 101.683411 -200.050079
v 882.862000 111.246330 -231.734756
v 883.407837 110.608818 -257.042480
v 887.890930 102.589874 -277.563660
v 899.000610 80.909203 -290.288300
v 912.372620 56.068062 -299.960815
v 923.101868 37.888771 -312.302917
v 928.364502 29.162518 -330.081665
v 932.039734 22.281834 -349.749359
v 934.104065 18.620056 -372.035217
v 934.251953 24.553850 -397.435883
v 934.251953 37.054859 -423.076935
v 934.869812 49.817726 -448.974274
v 938.470581 61.411911 -476.109100
v 943.523743 64.791763 -503.846405
v 950.787415 45.356609 500.000000
v 950.787415 39.837402 474.358978
v 950.787415 30.927965 448.717957
v 950.787415 25.330790 423.076935
v 950.787415 24.043034 397.435883
v 950.787415 22.431425 371.794861
v 950.787415 17.506929 346.153839
v 950.787415 14.444940 320.512817
v 950.787415 16.191042 294.871796
v 950.787415 19.529957 269.230774
v 950.787415 22.721031 243.589737
v 950.787415 23.998680 217.948715
v 950.787415 24.322971 192.307693
v 950.787415 22.713779 166.666672
v 950.787415 20.021599 141.025635
v 950.787415 19.988636 115.384613
v 950.787415 29.682438 89.743591
v 950.787415 44.094410 64.102562
v 950.787415 55.862385 38.461540
v 950.787415 60.275063 12.820513
v 950.787415 56.596249 -12.820513
v 950.787292 51.787861 -38.461781
v 948.941101 46.602509 -66.741280
v 939.338074 50.322025 -104.561028
v 924.717468 60.812611 -148.723557
v 911.686646 87.469482 -190.888565
v 906.692200 96.762085 -223.004807
v 906.602234 97.553543 -248.789185
v 910.461304 90.358528 -270.006531
v 920.645752 70.723289 -283.639282
v 932.703247 48.218700 -294.830933
v 941.960083 32.691154 -308.859985
v 946.203369 26.057907 -327.963257
v 949.311890 20.408581 -348.552002
v 950.771118 18.444344 -371.821350
v 950.787415 24.852989 -397.435883
v 950.787415 36.869381 -423.076935
v 950.833984 48.106750 -448.737274
v 952.884888 58.506565 -475.229126
v 956.526855 62.170639 -502.381012
v 967.322815 46.852493 500.000000
v 967.322815 42.458576 474.358978
v 967.322815 34.579357 448.717957
v 967.322815 29.504778 423.076935
v 967.322815 27.042757 397.435883
v 967.322815 23.666307 371.794861
v 967.322815 17.562416 346.153839
v 967.322815 12.759527 320.512817
v 967.322815 12.210044 294.871796
v 967.322815 13.735193 269.230774
v 967.322815 16.184805 243.589737
v 967.322815 17.053009 217.948715
v 967.322815 17.423925 192.307693
v 967.322815 16.187733 166.666672
v 967.322815 14.171422 141.025635
v 967.322815 11.750204 115.384613
v 967.322815 14.963845 89.743591
v 967.322815 24.539585 64.102562
v 967.322815 32.873199 38.461540
v 967.322815 35.952713 12.820513
v 967.322815 34.172798 -12.820513
v 967.322815 29.224133 -38.461540
v 966.678894 24.448887 -65.100861
v 960.157043 29.765743 -99.031342
v 948.579041 46.067772 -139.376480
v 937.660706 68.781693 -179.041733
v 932.893433 78.117493 -210.936691
v 932.807190 78.162384 -236.712051
v 935.754517 72.900291 -259.059814
v 944.276184 56.435913 -274.568939
v 954.192627 37.945614 -288.210632
v 961.063354 26.860083 -304.997955
v 964.191589 22.380108 -325.602020
v 966.587463 18.197216 -347.348999
v 967.322815 17.823687 -371.794861
v 967.322815 24.055210 -397.435883
v 967.322815 35.109005 -423.076935
v 967.322815 45.041870 -448.717957
v 967.844360 53.822140 -474.575348
v 969.975098 57.266163 -501.100311
v 983.858276 47.441650 500.000000
v 983.858276 42.771580 474.358978
v 983.858276 35.946854 448.717957
v 983.858276 31.738970 423.076935
v 983.858276 28.789602 397.435883
v 983.858276 24.285227 371.794861
v 983.858276 17.663647 346.153839
v 983.858276 12.891964 320.512817
v 983.858276 10.501576 294.871796
v 983.858276 10.273420 269.230774
v 983.858276 11.266233 243.589737
v 983.858276 11.762896 217.948715
v 983.858276 12.053916 192.307693
v 983.858276 11.359490 166.666672
v 983.858276 10.107841 141.025635
v 983.858276 8.937670 115.384613
v 983.858276 8.768709 89.743591
v 983.858276 12.218630 64.102562
v 983.858276 16.841204 38.461540
v 983.858276 18.442245 12.820513
v 983.858276 16.836359 -12.820513
v 983.858276 14.709158 -38.461540
v 983.753601 11.452071 -64.272690
v 980.664429 15.790606 -93.978981
v 972.785400 30.598885 -129.586533
v 964.517029 48.113701 -165.889450
v 960.565247 55.981956 -196.823700
v 960.403137 56.411674 -222.723938
v 962.452576 52.438885 -246.165726
v 968.765686 40.434746 -264.320068
v 975.823608 27.366245 -281.333221
v 979.758423 22.043777 -301.535217
v 982.112366 19.031734 -323.350403
v 983.678467 16.493032 -346.446106
v 983.858276 17.124992 -371.794861
v 983.858276 22.850683 -397.435883
v 983.858276 32.946911 -423.076935
v 983.858276 41.458206 -448.717957
v 983.858276 48.771980 -474.358978
v 984.421082 50.640911 -500.233490
v 1000.393677 45.512794 500.000000
v 1000.393677 39.142700 474.358978
v 1000.393677 33.241844 448.717957
v 1000.393677 30.245813 423.076935
v 1000.393677 27.925997 397.435883
v 1000.393677 23.511143 371.794861
v 1000.393677 17.452608 346.153839
v 1000.393677 13.347523 320.512817
v 1000.393677 10.949874 294.871796
v 1000.393677 9.260194 269.230774
v 1000.393677 9.003574 243.589737
v 1000.393677 8.980389 217.948715
v 1000.393677 8.982860 192.307693
v 1000.393677 8.779974 166.666672
v 1000.393677 8.705027 141.025635
v 1000.393677 8.864062 115.384613
v 1000.393677 8.747469 89.743591
v 1000.393677 8.738490 64.102562
v 1000.393677 8.841467 38.461540
v 1000.393677 9.321286 12.820513
v 1000.393677 8.963949 -12.820513
v 1000.393677 8.702264 -38.461540
v 1000.393677 8.694979 -64.102562
v 999.755066 10.323804 -90.701424
v 995.729492 18.061768 -121.486427
v 990.474731 28.974567 -153.904938
v 987.631775 34.579697 -183.409149
v 987.275085 35.571426 -209.625885
v 988.599915 33.160114 -233.872864
v 992.524170 25.686047 -254.898987
v 996.367371 18.875971 -275.694489
v 998.177368 17.880026 -298.473907
v 999.748474 16.734394 -321.561493
v 1000.393677 16.367704 -346.153839
v 1000.393677 17.270100 -371.794861
v 1000.393677 22.566921 -397.435883
v 1000.393677 32.097683 -423.076935
v 1000.393677 39.556458 -448.717957
v 1000.393677 44.824806 -474.358978
v 1000.393677 44.223770 -500.000000
v 1016.929138 39.194042 500.000000
v 1016.929138 30.943504 474.358978
v 1016.929138 26.559923 448.717957
v 1016.929138 25.209354 423.076935
v 1016.929138 24.123629 397.435883
v 1016.929138 20.663595 371.794861
v 1016.929138 16.301020 346.153839
v 1016.929138 13.715256 320.512817
v 1016.929138 11.627779 294.871796
v 1016.929138 9.511372 269.230774
v 1016.929138 8.849144 243.589737
v 1016.929138 8.808802 217.948715
v 1016.929138 8.814062 192.307693
v 1016.929138 8.796100 166.666672
v 1016.929138 8.695975 141.025635
v 1016.929138 8.812499 115.384613
v 1016.929138 8.764353 89.743591
v 1016.929138 8.702859 64.102562
v 1016.929138 8.608453 38.461540
v 1016.929138 8.718945 12.820513
v 1016.929138 8.596901 -12.820513
v 1016.929138 8.638350 -38.461540
v 1016.929138 8.665624 -64.102562
v 1016.914551 8.726254 -89.767296
v 1016.050781 10.705584 -116.682281
v 1013.709778 15.385336 -145.416580
v 1012.071289 18.900110 -173.337662
v 1011.739197 19.715923 -199.516617
v 1012.346619 18.677780 -224.553787
v 1013.979492 15.552631 -248.253342
v 1015.107910 13.862734 -272.190765
v 1016.152161 14.695591 -296.134644
v 1016.880737 16.081949 -320.591492
v 1016.929138 17.628584 -346.153839
v 1016.929138 18.287113 -371.794861
v 1016.929138 22.413340 -397.435883
v 1016.929138 30.730206 -423.076935
v 1016.929138 37.815567 -448.717957
v 1016.929138 41.929832 -474.358978
v 1016.929138 39.525524 -500.000000
v 1033.464600 31.369965 500.000000
v 1033.464600 22.891251 474.358978
v 1033.464600 20.699409 448.717957
v 1033.464600 20.842834 423.076935
v 1033.464600 20.345572 397.435883
v 1033.464600 17.510303 371.794861
v 1033.464600 14.824966 346.153839
v 1033.464600 13.826259 320.512817
v 1033.464600 12.205115 294.871796
v 1033.464600 9.790962 269.230774
v 1033.464600 8.961841 243.589737
v 1033.464600 8.927921 217.948715
v 1033.464600 8.890983 192.307693
v 1033.464600 8.871782 166.666672
v 1033.464600 8.831905 141.025635
v 1033.464600 8.828719 115.384613
v 1033.464600 8.801886 89.743591
v 1033.464600 8.797871 64.102562
v 1033.464600 8.779614 38.461540
v 1033.464600 8.816667 12.820513
v 1033.464600 8.761739 -12.820513
v 1033.464600 8.770878 -38.461540
v 1033.464600 8.791802 -64.102562
v 1033.464600 8.761621 -89.743591
v 1033.444336 8.858127 -115.417526
v 1033.060669 9.739311 -141.682098
v 1032.569580 10.919720 -168.110458
v 1032.371826 11.389782 -194.072784
v 1032.347656 11.473749 -219.764023
v 1032.554199 11.019113 -245.069366
v 1033.027588 10.673004 -269.940979
v 1033.422363 12.961830 -294.940521
v 1033.464600 16.662701 -320.512817
v 1033.464600 19.080967 -346.153839
v 1033.464600 19.342457 -371.794861
v 1033.464600 21.554735 -397.435883
v 1033.464600 27.878191 -423.076935
v 1033.464600 35.384090 -448.717957
v 1033.464600 40.518650 -474.358978
v 1033.464600 37.921219 -500.000000
v 1050.000000 25.944777 500.000000
v 1050.000000 19.475922 474.358978
v 1050.000000 19.324091 448.717957
v 1050.000000 20.117907 423.076935
v 1050.000000 19.095110 397.435883
v 1050.000000 16.052555 371.794861
v 1050.000000 14.005209 346.153839
v 1050.000000 13.732111 320.512817
v 1050.000000 12.456846 294.871796
v 1050.000000 10.001036 269.230774
v 1050.000000 9.127784 243.589737
v 1050.000000 9.088625 217.948715
v 1050.000000 9.052469 192.307693
v 1050.000000 9.019582 166.666672
v 1050.000000 8.990201 141.025635
v 1050.000000 8.964542 115.384613
v 1050.000000 8.942793 89.743591
v 1050.000000 8.925111 64.102562
v 1050.000000 8.911627 38.461540
v 1050.000000 8.902437 12.820513
v 1050.000000 8.897612 -12.820513
v 1050.000000 8.897182 -38.461540
v 1050.000000 8.901155 -64.102562
v 1050.000000 8.909500 -89.743591
v 1050.000000 8.922155 -115.384613
v 1050.000000 8.939030 -141.025635
v 1049.967773 9.035596 -166.718964
v 1049.923462 9.164712 -192.432053
v 1049.912231 9.219841 -218.091370
v 1049.961304 9.136835 -243.652695
v 1050.000000 9.691681 -269.230774
v 1050.000000 12.653832 -294.871796
v 1050.000000 16.958725 -320.512817
v 1050.000000 20.091030 -346.153839
v 1050.000000 20.240431 -371.794861
v 1050.000000 21.014416 -397.435883
v 1050.000000 25.802208 -423.076935
v 1050.000000 34.403065 -448.717957
v 1050.000000 41.806763 -474.358978
v 1050.000000 39.921398 -500.000000
vn -0.0153 0.9739 0.2264
vn -0.0764 0.9624 0.2606
vn -0.0783 0.9863 0.1449
vn -0.0381 0.9849 -0.1692
vn 0.0294 0.9211 -0.3881
vn 0.0797 0.9152 -0.3951
vn 0.0797 0.9528 -0.2931
vn 0.0372 0.9896 -0.1387
vn 0.0012 0.9992 -0.0411
vn -0.0028 0.9998 -0.0171
vn -0.0001 1.0000 -0.0043
vn -0.0004 1.0000 -0.0000
vn -0.0006 1.0000 -0.0000
vn -0.0016 1.0000 0.0003
vn -0.0019 1.0000 -0.0002
vn -0.0010 1.0000 -0.0000
vn -0.0027 1.0000 0.0004
vn -0.0037 1.0000 0.0001
vn -0.0028 1.0000 -0.0005
vn -0.0014 1.0000 -0.0000
vn -0.0013 1.0000 -0.0001
vn -0.0007 1.0000 -0.0000
vn -0.0010 1.0000 0.0002
vn -0.0016 1.0000 -0.0001
vn -0.0014 1.0000 0.0001
vn -0.0018 1.0000 -0.0000
vn -0.0009 1.0000 -0.0002
vn -0.0004 1.0000 -0.0001
vn -0.0000 1.0000 0.0069
vn -0.0055 0.9995 0.0326
vn -0.0237 0.9972 0.0710
vn -0.0066 0.9959 0.0898
vn 0.0483 0.9951 0.0865
vn 0.0569 0.9977 0.0372
vn -0.0129 0.9998 -0.0153
vn -0.1263 0.9798 0.1552
vn -0.1657 0.9219 0.3502
vn -0.1723 0.9223 0.3459
vn -0.1669 0.9562 0.2404
vn 0.0151 0.9635 0.2671
vn -0.0236 0.9637 0.2659
vn -0.0129 0.9912 0.1320
vn 0.0177 0.9819 -0.1886
vn 0.0649 0.9118 -0.4055
vn 0.0955 0.9126 -0.3976
vn 0.0743 0.9582 -0.2762
vn 0.0173 0.9931 -0.1157
vn -0.0123 0.9992 -0.0388
vn -0.0054 0.9998 -0.0186
vn -0.0011 1.0000 -0.0050
vn -0.0023 1.0000 0.0003
vn -0.0022 1.0000 0.0003
vn -0.0023 1.0000 0.0004
vn -0.0026 1.0000 -0.0001
vn -0.0028 1.0000 0.0002
vn -0.0035 1.0000 0.0004
vn -0.0016 1.0000 0.0001
vn -0.0033 1.0000 -0.0003
vn -0.0032 1.0000 -0.0003
vn -0.0032 1.0000 -0.0001
vn -0.0025 1.0000 0.0003
vn -0.0040 1.0000 0.0001
vn -0.0030 1.0000 -0.0000
vn -0.0028 1.0000 -0.0001
vn -0.0024 1.0000 -0.0004
vn -0.0030 1.0000 -0.0002
vn -0.0014 1.0000 -0.0002
vn -0.0017 1.0000 0.0082
vn -0.0088 0.9992 0.0386
vn -0.0281 0.9969 0.0735
vn -0.0324 0.9960 0.0834
vn -0.0052 0.9976 0.0694
vn 0.0016 0.9990 0.0438
vn -0.0991 0.9939 0.0479
vn -0.2382 0.9523 0.1909
vn -0.2801 0.8929 0.3526
vn -0.2761 0.9027 0.3299
vn -0.2428 0.9489 0.2015
vn 0.1528 0.9425 0.2973
vn 0.1284 0.9525 0.2760
vn 0.1045 0.9859 0.1307
vn 0.0829 0.9752 -0.2053
vn 0.0750 0.9064 -0.4156
vn 0.0734 0.9171 -0.3918
vn 0.0416 0.9684 -0.2461
vn -0.0035 0.9962 -0.0874
vn -0.0175 0.9991 -0.0376
vn -0.0077 0.9997 -0.0232
vn -0.0003 1.0000 -0.0069
vn -0.0049 1.0000 0.0020
vn -0.0066 1.0000 0.0002
vn -0.0056 1.0000 -0.0008
vn -0.0014 1.0000 0.0002
vn -0.0072 1.0000 0.0021
vn -0.0088 1.0000 -0.0008
vn -0.0060 1.0000 -0.0001
vn -0.0069 1.0000 0.0008
vn -0.0072 1.0000 -0.0004
vn -0.0094 1.0000 -0.0001
vn -0.0064 1.0000 -0.0005
vn -0.0085 1.0000 0.0013
vn -0.0121 0.9999 0.0001
vn -0.0075 1.0000 -0.0013
vn -0.0050 1.0000 -0.0004
vn -0.0051 1.0000 0.0002
vn -0.0084 1.0000 -0.0005
vn -0.0043 1.0000 -0.0016
vn -0.0029 0.9999 0.0101
vn -0.0071 0.9988 0.0480
vn -0.0305 0.9959 0.0847
vn -0.0562 0.9945 0.0886
vn -0.0722 0.9949 0.0704
vn -0.1211 0.9893 0.0810
vn -0.2326 0.9616 0.1455
vn -0.3840 0.8863 0.2588
vn -0.4402 0.8272 0.3493
vn -0.4094 0.8741 0.2615
vn -0.3332 0.9392 0.0834
vn 0.2560 0.9277 0.2717
vn 0.2750 0.9180 0.2858
vn 0.2350 0.9583 0.1624
vn 0.1545 0.9711 -0.1818
vn 0.0776 0.9143 -0.3976
vn 0.0409 0.9250 -0.3779
vn 0.0024 0.9756 -0.2198
vn -0.0255 0.9964 -0.0802
vn -0.0191 0.9990 -0.0406
vn -0.0006 0.9995 -0.0303
vn 0.0055 1.0000 -0.0071
vn 0.0004 1.0000 0.0048
vn -0.0007 1.0000 0.0021
vn -0.0058 1.0000 -0.0033
vn -0.0016 1.0000 0.0007
vn -0.0091 0.9999 0.0060
vn -0.0047 1.0000 -0.0008
vn -0.0111 0.9999 -0.0011
vn -0.0057 1.0000 0.0014
vn -0.0120 0.9999 -0.0004
vn -0.0067 1.0000 -0.0013
vn -0.0073 1.0000 0.0032
vn -0.0065 1.0000 -0.0005
vn -0.0026 1.0000 -0.0033
vn -0.0064 1.0000 -0.0015
vn -0.0091 1.0000 0.0003
vn -0.0016 1.0000 -0.0004
vn -0.0015 1.0000 -0.0036
vn -0.0012 1.0000 0.0099
vn -0.0107 0.9983 0.0580
vn -0.0912 0.9888 0.1181
vn -0.1782 0.9770 0.1171
vn -0.2258 0.9695 0.0950
vn -0.2377 0.9640 0.1189
vn -0.2726 0.9354 0.2252
vn -0.4050 0.8474 0.3434
vn -0.4618 0.8170 0.3453
vn -0.4371 0.8848 0.1614
vn -0.3547 0.9328 -0.0643
vn 0.2422 0.9480 0.2064
vn 0.3128 0.9092 0.2750
vn 0.3022 0.9313 0.2034
vn 0.2353 0.9641 -0.1232
vn 0.1375 0.9236 -0.3579
vn 0.0745 0.9337 -0.3503
vn 0.0033 0.9825 -0.1861
vn -0.0374 0.9962 -0.0790
vn -0.0274 0.9983 -0.0508
vn -0.0066 0.9991 -0.0412
vn 0.0027 1.0000 -0.0065
vn 0.0052 1.0000 0.0040
vn 0.0010 1.0000 0.0057
vn 0.0004 1.0000 -0.0011
vn -0.0059 1.0000 0.0021
vn -0.0043 1.0000 0.0051
vn -0.0064 1.0000 0.0003
vn -0.0084 1.0000 0.0011
vn -0.0119 0.9999 -0.0034
vn -0.0031 1.0000 0.0024
vn -0.0227 0.9997 0.0007
vn -0.0058 1.0000 -0.0035
vn -0.0144 0.9999 0.0015
vn -0.0009 1.0000 -0.0022
vn -0.0023 1.0000 -0.0014
vn -0.0103 0.9999 0.0021
vn -0.0080 1.0000 0.0003
vn -0.0065 1.0000 -0.0068
vn -0.0003 1.0000 -0.0022
vn -0.0020 0.9999 0.0140
vn -0.1291 0.9838 0.1246
vn -0.3181 0.9264 0.2014
vn -0.4442 0.8827 0.1533
vn -0.4801 0.8729 0.0864
vn -0.4232 0.9018 0.0870
vn -0.3299 0.9124 0.2422
vn -0.3408 0.8518 0.3978
vn -0.4093 0.8468 0.3396
vn -0.4416 0.8948 0.0649
vn -0.3972 0.8993 -0.1831
vn 0.1037 0.9867 0.1248
vn 0.1982 0.9504 0.2399
vn 0.2339 0.9473 0.2190
vn 0.2330 0.9694 -0.0770
vn 0.1705 0.9318 -0.3206
vn 0.1009 0.9474 -0.3038
vn 0.0076 0.9905 -0.1376
vn -0.0368 0.9967 -0.0727
vn -0.0154 0.9981 -0.0588
vn -0.0048 0.9987 -0.0514
vn -0.0049 0.9999 -0.0090
vn 0.0014 1.0000 0.0046
vn -0.0050 1.0000 0.0055
vn 0.0016 1.0000 0.0002
vn -0.0166 0.9998 0.0067
vn -0.0092 1.0000 0.0003
vn 0.0015 1.0000 0.0050
vn -0.0052 1.0000 0.0010
vn -0.0051 1.0000 -0.0043
vn -0.0034 1.0000 0.0060
vn -0.0038 1.0000 0.0019
vn -0.0050 1.0000 -0.0050
vn -0.0086 1.0000 0.0012
vn -0.0029 1.0000 -0.0067
vn -0.0028 1.0000 0.0015
vn -0.0069 1.0000 0.0001
vn 0.0012 1.0000 0.0007
vn 0.0014 1.0000 -0.0034
vn -0.0197 0.9998 -0.0061
vn -0.1082 0.9903 0.0871
vn -0.3465 0.9012 0.2604
vn -0.5373 0.7987 0.2710
vn -0.6551 0.7386 0.1591
vn -0.6897 0.7230 0.0406
vn -0.6227 0.7825 0.0052
vn -0.4248 0.8858 0.1867
vn -0.2390 0.8785 0.4136
vn -0.3280 0.8793 0.3453
vn -0.4411 0.8974 0.0085
vn -0.4504 0.8598 -0.2404
vn -0.0890 0.9935 0.0714
vn -0.0169 0.9818 0.1891
vn 0.0585 0.9798 0.1911
vn 0.1234 0.9900 -0.0689
vn 0.1119 0.9474 -0.2999
vn 0.0543 0.9670 -0.2489
vn -0.0198 0.9942 -0.1053
vn -0.0357 0.9968 -0.0719
vn -0.0071 0.9973 -0.0727
vn 0.0145 0.9984 -0.0544
vn -0.0034 1.0000 -0.0058
vn -0.0231 0.9997 0.0102
vn -0.0176 0.9998 -0.0000
vn -0.0082 0.9999 0.0068
vn -0.0306 0.9994 0.0138
vn -0.0204 0.9997 -0.0149
vn 0.0102 0.9999 0.0021
vn -0.0031 1.0000 0.0047
vn 0.0014 1.0000 -0.0044
vn -0.0206 0.9998 0.0026
vn 0.0097 1.0000 -0.0007
vn 0.0033 1.0000 -0.0012
vn 0.0026 1.0000 0.0025
vn 0.0098 0.9999 -0.0086
vn 0.0063 1.0000 -0.0012
vn 0.0168 0.9999 0.0029
vn 0.0144 0.9999 -0.0082
vn -0.0063 0.9999 0.0154
vn -0.0404 0.9984 0.0394
vn -0.2242 0.9489 0.2221
vn -0.4503 0.8119 0.3716
vn -0.6179 0.7208 0.3140
vn -0.7398 0.6539 0.1582
vn -0.7845 0.6201 -0.0102
vn -0.7307 0.6733 -0.1129
vn -0.4730 0.8785 0.0665
vn -0.1110 0.9102 0.3991
vn -0.1980 0.9071 0.3715
vn -0.3830 0.9237 0.0085
vn -0.4537 0.8596 -0.2351
vn -0.2008 0.9785 0.0467
vn -0.1849 0.9712 0.1501
vn -0.1276 0.9818 0.1410
vn -0.0349 0.9932 -0.1113
vn 0.0073 0.9567 -0.2911
vn -0.0117 0.9766 -0.2148
vn -0.0424 0.9948 -0.0928
vn -0.0358 0.9965 -0.0758
vn -0.0104 0.9957 -0.0918
vn 0.0024 0.9984 -0.0557
vn -0.0016 1.0000 0.0067
vn 0.0018 0.9999 0.0162
vn 0.0094 0.9999 -0.0103
vn 0.0071 1.0000 0.0070
vn 0.0225 0.9996 0.0198
vn 0.0031 0.9999 -0.0138
vn -0.0308 0.9995 -0.0049
vn -0.0012 1.0000 0.0015
vn 0.0143 0.9999 0.0062
vn -0.0203 0.9998 0.0049
vn -0.0027 0.9999 -0.0149
vn 0.0027 1.0000 -0.0020
vn 0.0014 1.0000 0.0057
vn -0.0144 0.9998 -0.0113
vn -0.0310 0.9995 0.0001
vn -0.0228 0.9997 -0.0017
vn -0.0228 0.9997 -0.0043
vn -0.0007 0.9997 0.0255
vn -0.0284 0.9920 0.1227
vn -0.2334 0.9162 0.3257
vn -0.3855 0.8104 0.4413
vn -0.5751 0.7343 0.3608
vn -0.7231 0.6704 0.1664
vn -0.7841 0.6181 -0.0561
vn -0.7385 0.6253 -0.2522
vn -0.4579 0.8838 -0.0962
vn -0.0201 0.9391 0.3430
vn -0.0531 0.9097 0.4119
vn -0.2584 0.9646 0.0532
vn -0.3720 0.9103 -0.1816
vn -0.2148 0.9755 0.0474
vn -0.2474 0.9587 0.1401
vn -0.2022 0.9749 0.0931
vn -0.1416 0.9776 -0.1560
vn -0.1070 0.9493 -0.2955
vn -0.0935 0.9715 -0.2176
vn -0.0690 0.9932 -0.0942
vn -0.0365 0.9952 -0.0905
vn -0.0124 0.9947 -0.1023
vn -0.0151 0.9984 -0.0551
vn 0.0103 0.9999 -0.0047
vn 0.0140 0.9999 0.0036
vn 0.0110 0.9999 0.0004
vn -0.0002 1.0000 -0.0030
vn 0.0494 0.9987 0.0098
vn 0.0344 0.9993 0.0165
vn 0.0006 1.0000 -0.0014
vn 0.0027 0.9998 -0.0172
vn -0.0314 0.9992 0.0228
vn -0.0049 1.0000 0.0031
vn -0.0107 0.9998 -0.0156
vn -0.0162 0.9999 -0.0049
vn -0.0003 0.9999 0.0135
vn -0.0429 0.9991 0.0068
vn -0.0362 0.9993 0.0053
vn -0.0099 0.9999 -0.0083
vn -0.0454 0.9989 -0.0131
vn 0.0005 1.0000 0.0061
vn -0.0423 0.9798 0.1952
vn -0.1890 0.8995 0.3939
vn -0.2748 0.8323 0.4815
vn -0.4729 0.7830 0.4040
vn -0.6300 0.7568 0.1744
vn -0.6994 0.7073 -0.1027
vn -0.6489 0.6573 -0.3833
vn -0.3913 0.8786 -0.2738
vn -0.0302 0.9710 0.2373
vn 0.0048 0.8853 0.4650
vn -0.1484 0.9804 0.1297
vn -0.2493 0.9598 -0.1290
vn -0.1166 0.9888 0.0929
vn -0.1775 0.9716 0.1566
vn -0.1958 0.9775 0.0787
vn -0.2106 0.9638 -0.1634
vn -0.1991 0.9309 -0.3063
vn -0.1745 0.9548 -0.2405
vn -0.1082 0.9858 -0.1283
vn -0.0352 0.9927 -0.1155
vn 0.0045 0.9939 -0.1101
vn -0.0070 0.9985 -0.0541
vn -0.0212 0.9998 -0.0058
vn -0.0264 0.9996 0.0064
vn -0.0211 0.9998 0.0022
vn -0.0340 0.9994 -0.0038
vn -0.0495 0.9988 -0.0024
vn -0.0482 0.9988 0.0083
vn 0.0064 0.9999 0.0107
vn -0.0278 0.9996 0.0072
vn -0.0124 0.9998 0.0160
vn 0.0268 0.9996 -0.0034
vn -0.0282 0.9996 -0.0097
vn -0.0192 0.9998 -0.0083
vn -0.0282 0.9994 0.0192
vn -0.0094 0.9999 0.0043
vn -0.1101 0.9938 0.0173
vn -0.1636 0.9865 0.0074
vn -0.1994 0.9799 0.0011
vn -0.1651 0.9863 0.0014
vn -0.1169 0.9670 0.2264
vn -0.1692 0.8815 0.4408
vn -0.1815 0.8441 0.5046
vn -0.2819 0.8632 0.4189
vn -0.4179 0.8901 0.1818
vn -0.4986 0.8555 -0.1399
vn -0.4461 0.7602 -0.4723
vn -0.2620 0.8717 -0.4142
vn -0.0369 0.9869 0.1567
vn 0.0368 0.8736 0.4853
vn 0.0335 0.9839 0.1757
vn 0.0092 0.9955 -0.0946
vn -0.0250 0.9879 0.1533
vn -0.0889 0.9775 0.1911
vn -0.1378 0.9846 0.1076
vn -0.2001 0.9705 -0.1347
vn -0.2328 0.9229 -0.3067
vn -0.2184 0.9378 -0.2700
vn -0.1518 0.9712 -0.1838
vn -0.0552 0.9848 -0.1646
vn 0.0057 0.9937 -0.1119
vn -0.0288 0.9988 -0.0406
vn -0.0388 0.9992 0.0024
vn -0.0279 0.9996 -0.0040
vn -0.0100 0.9999 0.0079
vn -0.0331 0.9993 0.0162
vn -0.0728 0.9972 0.0164
vn -0.0225 0.9992 -0.0329
vn -0.0016 1.0000 0.0029
vn -0.0358 0.9994 0.0017
vn 0.0182 0.9996 -0.0203
vn 0.0396 0.9990 0.0227
vn -0.0203 0.9997 0.0143
vn -0.0365 0.9993 -0.0086
vn -0.0375 0.9993 0.0089
vn -0.1671 0.9820 0.0884
vn -0.4770 0.8677 0.1397
vn -0.5875 0.8081 0.0427
vn -0.5705 0.8205 -0.0361
vn -0.5006 0.8644 -0.0479
vn -0.3160 0.9333 0.1708
vn -0.0717 0.9039 0.4217
vn -0.0708 0.8690 0.4897
vn -0.0694 0.9005 0.4292
vn -0.1716 0.9631 0.2075
vn -0.2319 0.9630 -0.1374
vn -0.1851 0.8529 -0.4882
vn -0.0738 0.8903 -0.4493
vn 0.0773 0.9890 0.1264
vn 0.1594 0.8752 0.4567
vn 0.2635 0.9491 0.1724
vn 0.2944 0.9527 -0.0754
vn 0.0294 0.9762 0.2147
vn -0.0218 0.9731 0.2292
vn -0.0758 0.9876 0.1374
vn -0.1191 0.9880 -0.0985
vn -0.1472 0.9431 -0.2980
vn -0.1575 0.9431 -0.2929
vn -0.1259 0.9648 -0.2309
vn -0.0715 0.9747 -0.2120
vn -0.0286 0.9918 -0.1242
vn -0.0205 0.9993 -0.0327
vn 0.0203 0.9998 -0.0085
vn 0.0214 0.9997 -0.0115
vn -0.0330 0.9992 0.0236
vn -0.0135 0.9998 0.0116
vn 0.0089 0.9999 0.0072
vn 0.0194 0.9989 -0.0416
vn -0.0456 0.9989 0.0097
vn 0.0443 0.9990 0.0097
vn -0.0728 0.9970 -0.0261
vn -0.0273 0.9994 0.0207
vn 0.0057 0.9995 0.0305
vn 0.0079 1.0000 -0.0029
vn -0.1697 0.9793 0.1105
vn -0.4285 0.8644 0.2632
vn -0.6590 0.7156 0.2315
vn -0.7971 0.6023 0.0438
vn -0.8151 0.5746 -0.0736
vn -0.7857 0.6095 -0.1054
vn -0.6232 0.7762 0.0959
vn -0.1656 0.9440 0.2855
vn 0.0473 0.8817 0.4694
vn 0.0400 0.9028 0.4282
vn 0.0221 0.9745 0.2235
vn 0.0289 0.9924 -0.1196
vn 0.0540 0.8900 -0.4528
vn 0.1348 0.9024 -0.4094
vn 0.2223 0.9692 0.1060
vn 0.2697 0.8702 0.4124
vn 0.3814 0.9084 0.1713
vn 0.4121 0.9086 -0.0677
vn 0.1175 0.9590 0.2579
vn 0.0802 0.9628 0.2579
vn 0.0483 0.9863 0.1579
vn 0.0478 0.9950 -0.0871
vn 0.0396 0.9567 -0.2884
vn 0.0014 0.9574 -0.2887
vn -0.0220 0.9699 -0.2423
vn -0.0305 0.9752 -0.2193
vn -0.0309 0.9882 -0.1498
vn 0.0123 0.9986 -0.0523
vn 0.0131 0.9996 -0.0257
vn -0.0024 0.9996 0.0291
vn -0.0523 0.9980 0.0359
vn -0.0213 0.9996 -0.0159
vn -0.0473 0.9989 -0.0032
vn -0.0111 0.9999 0.0045
vn -0.0245 0.9993 -0.0284
vn 0.0118 0.9999 0.0084
vn 0.0080 0.9999 0.0153
vn -0.1110 0.9938 0.0104
vn -0.0419 0.9991 -0.0099
vn -0.1736 0.9797 0.1004
vn -0.4410 0.8534 0.2779
vn -0.5424 0.7624 0.3529
vn -0.7002 0.6627 0.2656
vn -0.8656 0.4948 0.0765
vn -0.9120 0.4032 -0.0759
vn -0.9064 0.3958 -0.1479
vn -0.8116 0.5799 -0.0706
vn -0.4162 0.9079 0.0501
vn 0.1307 0.8983 0.4195
vn 0.1652 0.9028 0.3970
vn 0.2186 0.9525 0.2120
vn 0.2742 0.9570 -0.0952
vn 0.2918 0.8794 -0.3762
vn 0.3366 0.8818 -0.3304
vn 0.2853 0.9498 0.1286
vn 0.2315 0.8968 0.3770
vn 0.3147 0.9343 0.1674
vn 0.3151 0.9480 -0.0455
vn 0.1719 0.9442 0.2810
vn 0.1434 0.9516 0.2719
vn 0.1507 0.9771 0.1501
vn 0.2035 0.9744 -0.0960
vn 0.2116 0.9388 -0.2719
vn 0.1549 0.9552 -0.2522
vn 0.0954 0.9715 -0.2169
vn 0.0578 0.9750 -0.2147
vn 0.0236 0.9900 -0.1392
vn -0.0165 0.9985 -0.0525
vn -0.0902 0.9959 -0.0077
vn -0.0543 0.9979 0.0365
vn 0.0731 0.9973 -0.0041
vn 0.0716 0.9970 0.0283
vn -0.0065 0.9998 -0.0188
vn -0.0374 0.9992 -0.0130
vn -0.0201 0.9997 -0.0113
vn -0.0599 0.9981 -0.0119
vn 0.0372 0.9985 0.0410
vn -0.2802 0.9530 0.1152
vn -0.3795 0.9237 0.0520
vn -0.5631 0.7895 0.2441
vn -0.6721 0.6582 0.3392
vn -0.6617 0.6611 0.3537
vn -0.7337 0.6050 0.3092
vn -0.8627 0.4943 0.1067
vn -0.9171 0.3890 -0.0877
vn -0.9001 0.3654 -0.2371
vn -0.7858 0.5222 -0.3313
vn -0.4533 0.8485 -0.2729
vn 0.1238 0.9688 0.2147
vn 0.2836 0.8949 0.3446
vn 0.3817 0.9046 0.1895
vn 0.4311 0.9002 -0.0609
vn 0.4391 0.8447 -0.3061
vn 0.3033 0.9160 -0.2625
vn -0.0777 0.9923 0.0968
vn 0.0620 0.9420 0.3299
vn 0.1488 0.9762 0.1576
vn 0.1359 0.9904 -0.0254
vn 0.1752 0.9347 0.3093
vn 0.1456 0.9498 0.2769
vn 0.1708 0.9771 0.1268
vn 0.2586 0.9557 -0.1402
vn 0.2961 0.9200 -0.2566
vn 0.2648 0.9414 -0.2092
vn 0.1674 0.9713 -0.1687
vn 0.0775 0.9809 -0.1782
vn 0.0124 0.9953 -0.0958
vn -0.0804 0.9968 0.0037
vn -0.0244 0.9993 -0.0290
vn -0.0134 0.9974 -0.0708
vn 0.0097 0.9986 0.0519
vn 0.0735 0.9966 0.0378
vn -0.0896 0.9955 0.0308
vn -0.0180 0.9991 -0.0378
vn -0.0132 0.9997 -0.0221
vn -0.1240 0.9821 0.1419
vn -0.3674 0.9037 0.2199
vn -0.6915 0.6878 0.2209
vn -0.7627 0.5780 0.2903
vn -0.7816 0.5321 0.3256
vn -0.6483 0.7025 0.2936
vn -0.6195 0.6989 0.3574
vn -0.7584 0.6401 0.1228
vn -0.8106 0.5688 -0.1396
vn -0.7718 0.4846 -0.4117
vn -0.5599 0.5207 -0.6445
vn -0.1349 0.8085 -0.5729
vn 0.2471 0.9661 -0.0745
vn 0.2651 0.9094 0.3204
vn 0.2629 0.9468 0.1854
vn 0.1495 0.9883 0.0292
vn -0.1026 0.9692 -0.2241
vn -0.4932 0.8485 -0.1918
vn -0.7415 0.6705 -0.0229
vn -0.3989 0.9169 -0.0088
vn -0.0949 0.9886 0.1169
vn -0.1157 0.9932 -0.0141
vn 0.1385 0.9278 0.3464
vn 0.1011 0.9542 0.2815
vn 0.1477 0.9849 0.0904
vn 0.2335 0.9514 -0.2007
vn 0.2690 0.9268 -0.2621
vn 0.2444 0.9565 -0.1593
vn 0.1437 0.9850 -0.0957
vn 0.0489 0.9910 -0.1246
vn -0.0045 0.9979 -0.0648
vn -0.0168 0.9998 -0.0045
vn 0.0439 0.9961 -0.0766
vn 0.0507 0.9978 0.0421
vn -0.0500 0.9986 -0.0191
vn -0.1188 0.9929 0.0075
vn -0.0524 0.9977 0.0436
vn -0.1040 0.9945 0.0086
vn 0.0359 0.9981 -0.0493
vn -0.0384 0.9984 0.0419
vn -0.2403 0.9332 0.2672
vn -0.4019 0.8462 0.3499
vn -0.7509 0.5585 0.3525
vn -0.8209 0.4774 0.3133
vn -0.8309 0.5073 0.2286
vn -0.5692 0.7978 0.1987
vn -0.3523 0.8685 0.3488
vn -0.4995 0.8585 0.1162
vn -0.6032 0.7697 -0.2090
vn -0.4515 0.6460 -0.6155
vn -0.1948 0.5201 -0.8316
vn 0.1433 0.6351 -0.7590
vn 0.3571 0.9182 -0.1713
vn 0.2035 0.9189 0.3380
vn -0.1380 0.9192 0.3689
vn -0.6218 0.7605 0.1871
vn -0.8769 0.4800 -0.0245
vn -0.9691 0.2180 -0.1155
vn -0.9017 0.1411 -0.4086
vn -0.6346 0.6868 -0.3543
vn -0.3474 0.9367 0.0432
vn -0.3804 0.9246 0.0193
vn 0.1153 0.9192 0.3766
vn 0.0861 0.9540 0.2872
vn 0.1252 0.9911 0.0449
vn 0.1786 0.9548 -0.2377
vn 0.1862 0.9463 -0.2644
vn 0.1224 0.9861 -0.1124
vn 0.0877 0.9947 -0.0529
vn 0.0673 0.9933 -0.0944
vn 0.0557 0.9970 -0.0536
vn 0.0836 0.9964 -0.0141
vn -0.0789 0.9958 -0.0471
vn -0.0021 1.0000 0.0019
vn 0.0096 0.9989 0.0451
vn -0.0733 0.9966 0.0378
vn -0.0276 0.9993 0.0251
vn 0.0851 0.9959 -0.0310
vn -0.0595 0.9980 -0.0219
vn -0.0702 0.9917 0.1077
vn -0.3599 0.8451 0.3954
vn -0.4181 0.7813 0.4635
vn -0.6701 0.5979 0.4400
vn -0.7013 0.6355 0.3230
vn -0.8425 0.5255 0.1184
vn -0.6296 0.7736 0.0712
vn -0.0860 0.9464 0.3115
vn -0.2246 0.9652 0.1341
vn -0.2184 0.9391 -0.2652
vn -0.0955 0.6885 -0.7189
vn 0.0846 0.4726 -0.8772
vn 0.2289 0.5456 -0.8062
vn 0.1148 0.9737 -0.1967
vn 0.0152 0.8836 0.4681
vn -0.3611 0.7875 0.4995
vn -0.8079 0.4975 0.3159
vn -0.9566 0.2734 0.1011
vn -0.9783 0.1192 -0.1694
vn -0.7669 -0.0237 -0.6413
vn -0.5853 0.5658 -0.5808
vn -0.3843 0.9231 0.0116
vn -0.3915 0.9177 0.0679
vn 0.0947 0.9175 0.3863
vn 0.0912 0.9528 0.2894
vn 0.1204 0.9926 0.0153
vn 0.1363 0.9588 -0.2492
vn 0.0960 0.9682 -0.2309
vn 0.0134 0.9967 -0.0805
vn 0.0279 0.9981 -0.0549
vn 0.0353 0.9941 -0.1021
vn 0.0464 0.9969 -0.0633
vn 0.0770 0.9969 0.0132
vn 0.0468 0.9989 0.0019
vn 0.0193 0.9996 -0.0217
vn -0.0304 0.9979 0.0578
vn 0.0492 0.9987 0.0112
vn 0.0918 0.9936 -0.0651
vn 0.1653 0.9862 0.0111
vn 0.0097 0.9953 0.0963
vn -0.1001 0.9772 0.1874
vn -0.2814 0.8491 0.4471
vn -0.4385 0.7153 0.5442
vn -0.5261 0.7284 0.4389
vn -0.5248 0.7811 0.3383
vn -0.7834 0.6200 0.0434
vn -0.6698 0.7307 -0.1323
vn 0.0275 0.9911 0.1302
vn 0.0956 0.9866 0.1322
vn 0.1367 0.9482 -0.2869
vn 0.0872 0.7148 -0.6938
vn 0.1747 0.4208 -0.8902
vn -0.1468 0.5686 -0.8094
vn -0.5339 0.8436 -0.0571
vn -0.3989 0.7390 0.5430
vn -0.2098 0.8173 0.5367
vn -0.6235 0.6548 0.4271
vn -0.8725 0.4400 0.2124
vn -0.9425 0.2495 -0.2224
vn -0.6232 -0.0128 -0.7819
vn -0.4341 0.5776 -0.6913
vn -0.1272 0.9919 -0.0031
vn -0.1195 0.9876 0.1017
vn 0.0561 0.9231 0.3803
vn 0.0716 0.9558 0.2852
vn 0.0922 0.9957 0.0013
vn 0.0816 0.9681 -0.2371
vn 0.0224 0.9830 -0.1824
vn -0.0292 0.9975 -0.0649
vn -0.0309 0.9972 -0.0682
vn -0.0173 0.9960 -0.0876
vn -0.0615 0.9952 -0.0755
vn -0.0498 0.9983 -0.0292
vn 0.0648 0.9979 0.0011
vn -0.0778 0.9952 0.0592
vn -0.0379 0.9992 0.0157
vn 0.0698 0.9967 -0.0421
vn -0.0213 0.9993 -0.0295
vn -0.0363 0.9993 0.0063
vn 0.0499 0.9935 0.1021
vn -0.1137 0.9449 0.3071
vn -0.2113 0.8374 0.5040
vn -0.3704 0.7273 0.5778
vn -0.3426 0.8551 0.3892
vn -0.4140 0.8214 0.3923
vn -0.4434 0.8959 -0.0270
vn -0.4916 0.8068 -0.3278
vn 0.1296 0.9800 -0.1512
vn 0.3248 0.9391 0.1124
vn 0.3689 0.9124 -0.1774
vn 0.3232 0.7448 -0.5839
vn -0.0659 0.5803 -0.8117
vn -0.7674 0.5129 -0.3848
vn -0.8655 0.4160 0.2789
vn -0.7227 0.4997 0.4775
vn -0.4191 0.7501 0.5116
vn -0.3786 0.7886 0.4845
vn -0.6422 0.6945 0.3244
vn -0.7422 0.6091 -0.2795
vn -0.4201 0.2351 -0.8765
vn -0.1974 0.6053 -0.7712
vn 0.0163 0.9989 -0.0435
vn 0.0204 0.9931 0.1156
vn 0.0175 0.9305 0.3659
vn 0.0404 0.9605 0.2752
vn 0.0559 0.9984 -0.0015
vn 0.0409 0.9757 -0.2154
vn -0.0030 0.9884 -0.1519
vn -0.0230 0.9984 -0.0509
vn -0.0421 0.9962 -0.0766
vn 0.0427 0.9948 -0.0922
vn -0.0090 0.9995 -0.0292
vn -0.0931 0.9947 -0.0445
vn -0.0525 0.9986 0.0103
vn -0.1433 0.9885 0.0484
vn 0.0234 0.9987 -0.0455
vn -0.0562 0.9984 0.0074
vn -0.1100 0.9939 -0.0008
vn -0.0123 0.9995 -0.0285
vn -0.1375 0.9783 0.1547
vn -0.2922 0.8602 0.4179
vn -0.2304 0.8055 0.5460
vn -0.2229 0.8104 0.5418
vn -0.2643 0.8759 0.4036
vn -0.1616 0.9362 0.3122
vn 0.0090 0.9967 0.0801
vn -0.0793 0.9225 -0.3778
vn 0.2060 0.9272 -0.3127
vn 0.3749 0.9243 0.0713
vn 0.3171 0.9336 -0.1668
vn -0.0278 0.9156 -0.4012
vn -0.7517 0.5852 -0.3040
vn -0.9371 0.3370 0.0910
vn -0.8858 0.3458 0.3097
vn -0.8245 0.4329 0.3645
vn -0.6497 0.6169 0.4443
vn -0.2218 0.8540 0.4706
vn -0.2520 0.9002 0.3550
vn -0.2729 0.9263 -0.2598
vn -0.0805 0.4932 -0.8662
vn -0.0130 0.6534 -0.7569
vn -0.0171 0.9998 0.0037
vn 0.0202 0.9957 0.0903
vn -0.0011 0.9346 0.3557
vn 0.0120 0.9650 0.2620
vn 0.0308 0.9995 -0.0032
vn 0.0399 0.9783 -0.2035
vn 0.0233 0.9903 -0.1366
vn -0.0051 0.9991 -0.0416
vn -0.0507 0.9954 -0.0814
vn -0.0332 0.9901 -0.1366
vn 0.0137 0.9997 0.0181
vn -0.0287 0.9993 -0.0221
vn 0.0333 0.9985 0.0434
vn -0.0928 0.9952 0.0325
vn -0.0667 0.9964 -0.0527
vn 0.0015 0.9995 0.0309
vn -0.0287 0.9984 -0.0489
vn -0.0536 0.9985 0.0074
vn -0.1795 0.9449 0.2738
vn -0.2108 0.8717 0.4424
vn -0.3358 0.7358 0.5881
vn -0.3562 0.7715 0.5272
vn -0.3925 0.8481 0.3558
vn -0.2422 0.9517 0.1890
vn 0.1207 0.9907 0.0631
vn 0.2155 0.9153 -0.3401
vn 0.1670 0.8828 -0.4390
vn 0.1546 0.9880 0.0068
vn -0.2686 0.9528 0.1414
vn -0.8142 0.5802 0.0204
vn -0.9469 0.3186 0.0431
vn -0.9162 0.3636 0.1684
vn -0.7989 0.5287 0.2867
vn -0.7380 0.6207 0.2648
vn -0.6152 0.7203 0.3204
vn -0.1539 0.9296 0.3348
vn 0.0009 0.9471 0.3210
vn 0.0506 0.9861 -0.1583
vn 0.1373 0.5434 -0.8281
vn 0.0669 0.7469 -0.6616
vn -0.0005 0.9990 0.0453
vn 0.0581 0.9977 0.0341
vn -0.0359 0.9337 0.3562
vn -0.0238 0.9676 0.2514
vn 0.0216 0.9995 -0.0245
vn 0.0652 0.9755 -0.2102
vn 0.0753 0.9888 -0.1287
vn 0.0375 0.9993 -0.0022
vn -0.0072 0.9988 -0.0483
vn -0.1105 0.9842 -0.1382
vn -0.0271 0.9994 -0.0211
vn -0.0141 0.9986 -0.0516
vn 0.0979 0.9952 -0.0007
vn 0.1557 0.9796 0.1271
vn -0.0625 0.9920 -0.1097
vn 0.0639 0.9979 0.0128
vn -0.1322 0.9910 0.0221
vn -0.0780 0.9963 0.0361
vn 0.0275 0.9577 0.2865
vn -0.0675 0.8817 0.4669
vn -0.2243 0.7796 0.5847
vn -0.3455 0.7795 0.5225
vn -0.5772 0.7590 0.3012
vn -0.5910 0.8067 -0.0018
vn -0.0962 0.9666 -0.2377
vn 0.1613 0.9254 -0.3429
vn 0.2048 0.9099 -0.3606
vn -0.1284 0.9761 0.1755
vn -0.5750 0.7280 0.3735
vn -0.8464 0.4818 0.2268
vn -0.9267 0.3710 0.0604
vn -0.8584 0.5042 0.0949
vn -0.6060 0.7729 0.1882
vn -0.4702 0.8561 0.2145
vn -0.3378 0.9338 0.1181
vn 0.0776 0.9885 0.1296
vn 0.1665 0.9417 0.2924
vn 0.1904 0.9654 -0.1780
vn 0.3068 0.5832 -0.7521
vn 0.1258 0.8646 -0.4864
vn 0.0124 0.9986 0.0521
vn 0.0356 0.9993 0.0081
vn -0.1613 0.9266 0.3398
vn -0.0699 0.9756 0.2083
vn 0.0403 0.9966 -0.0719
vn 0.0706 0.9719 -0.2246
vn 0.0493 0.9921 -0.1155
vn 0.0330 0.9993 0.0150
vn 0.0270 0.9995 -0.0144
vn -0.0238 0.9928 -0.1177
vn 0.0241 0.9982 -0.0541
vn -0.0075 0.9999 -0.0117
vn -0.1789 0.9800 -0.0869
vn 0.0123 0.9865 0.1631
vn 0.0288 0.9973 -0.0682
vn -0.0277 0.9979 0.0581
vn -0.0563 0.9978 0.0353
vn -0.0448 0.9990 -0.0086
vn -0.1049 0.9570 0.2705
vn -0.0934 0.8644 0.4941
vn 0.0505 0.8251 0.5627
vn -0.2098 0.8021 0.5591
vn -0.4875 0.8296 0.2722
vn -0.5695 0.7696 -0.2887
vn -0.2954 0.7981 -0.5251
vn 0.0805 0.8141 -0.5751
vn 0.1134 0.9522 -0.2838
vn -0.0548 0.9604 0.2730
vn -0.0670 0.8725 0.4840
vn -0.3603 0.8767 0.3189
vn -0.5173 0.8558 0.0085
vn -0.5500 0.8251 -0.1290
vn -0.3043 0.9498 -0.0724
vn -0.0760 0.9933 0.0866
vn 0.1879 0.9659 -0.1781
vn 0.3181 0.9480 0.0138
vn 0.2963 0.9180 0.2637
vn 0.3740 0.9172 -0.1377
vn 0.4293 0.6766 -0.5983
vn 0.1503 0.9447 -0.2916
vn 0.0272 0.9982 0.0540
vn 0.0471 0.9989 0.0051
vn -0.2692 0.9310 0.2465
vn -0.0713 0.9931 0.0927
vn 0.0852 0.9888 -0.1227
vn 0.0477 0.9809 -0.1884
vn -0.0506 0.9939 -0.0978
vn -0.0352 0.9994 -0.0078
vn 0.0450 0.9989 -0.0101
vn 0.0059 0.9916 -0.1289
vn 0.0691 0.9951 -0.0711
vn 0.1488 0.9859 0.0769
vn -0.1142 0.9934 -0.0105
vn -0.0523 0.9986 0.0012
vn 0.1914 0.9765 -0.0987
vn 0.1035 0.9908 0.0872
vn 0.1326 0.9905 0.0369
vn -0.1442 0.9848 0.0968
vn -0.1550 0.9393 0.3060
vn -0.0215 0.8661 0.4995
vn -0.0418 0.8102 0.5847
vn -0.0356 0.8275 0.5603
vn -0.2419 0.9490 0.2022
vn -0.2909 0.8561 -0.4272
vn -0.2208 0.6375 -0.7382
vn 0.0645 0.6780 -0.7322
vn 0.0835 0.9697 -0.2295
vn -0.0497 0.9635 0.2629
vn 0.1078 0.8846 0.4537
vn 0.2005 0.9186 0.3407
vn 0.1161 0.9925 0.0377
vn -0.0476 0.9809 -0.1887
vn 0.0058 0.9791 -0.2034
vn 0.2723 0.9509 -0.1470
vn 0.4550 0.8481 -0.2716
vn 0.3491 0.9367 0.0257
vn 0.3228 0.9215 0.2161
vn 0.4400 0.8906 -0.1146
vn 0.4170 0.7893 -0.4507
vn 0.1168 0.9805 -0.1583
vn 0.0629 0.9968 0.0494
vn 0.0950 0.9954 -0.0106
vn -0.2076 0.9782 -0.0082
vn 0.0247 0.9992 -0.0323
vn 0.1529 0.9751 -0.1605
vn 0.1104 0.9858 -0.1264
vn -0.0061 0.9987 -0.0504
vn -0.0039 0.9986 -0.0530
vn -0.0023 1.0000 0.0023
vn 0.0281 0.9881 -0.1510
vn 0.0074 0.9938 -0.1110
vn 0.0216 0.9959 0.0883
vn -0.0654 0.9965 0.0520
vn -0.0059 0.9985 -0.0539
vn -0.1025 0.9884 -0.1122
vn -0.0970 0.9876 0.1233
vn 0.0523 0.9910 0.1229
vn -0.0912 0.9819 0.1661
vn -0.0085 0.9712 0.2380
vn 0.0355 0.8871 0.4602
vn 0.0069 0.8370 0.5472
vn 0.1504 0.8289 0.5388
vn 0.0199 0.9761 0.2163
vn -0.0673 0.8567 -0.5115
vn 0.0139 0.5966 -0.8024
vn 0.1064 0.6814 -0.7241
vn -0.0893 0.9891 -0.1170
vn -0.1995 0.9240 0.3263
vn -0.0829 0.9069 0.4130
vn 0.1040 0.9199 0.3781
vn 0.1241 0.9882 0.0901
vn 0.1321 0.9828 -0.1291
vn 0.1507 0.9390 -0.3090
vn 0.4524 0.7842 -0.4247
vn 0.5775 0.7843 -0.2267
vn 0.4201 0.8934 0.1594
vn 0.3507 0.9191 0.1797
vn 0.4094 0.9073 -0.0960
vn 0.2728 0.9153 -0.2962
vn 0.0249 0.9958 -0.0876
vn 0.1000 0.9943 0.0356
vn 0.1280 0.9913 -0.0321
vn -0.1779 0.9404 -0.2898
vn 0.0730 0.9836 -0.1648
vn 0.2110 0.9604 -0.1821
vn 0.1335 0.9893 -0.0593
vn 0.0188 0.9997 -0.0153
vn 0.0006 0.9990 -0.0455
vn -0.0037 0.9997 -0.0222
vn 0.1270 0.9795 -0.1566
vn -0.0647 0.9973 -0.0341
vn -0.1362 0.9866 0.0896
vn -0.0432 0.9967 0.0689
vn -0.1387 0.9903 -0.0112
vn -0.1062 0.9911 -0.0798
vn -0.0804 0.9967 -0.0119
vn 0.1621 0.9849 0.0616
vn 0.1032 0.9834 0.1490
vn 0.0920 0.9664 0.2401
vn -0.0460 0.8998 0.4338
vn 0.2308 0.8368 0.4964
vn 0.2729 0.8451 0.4597
vn 0.2601 0.8901 0.3744
vn 0.1470 0.9317 -0.3322
vn 0.1253 0.5863 -0.8003
vn -0.0645 0.7802 -0.6222
vn -0.2528 0.9675 -0.0050
vn -0.1416 0.9326 0.3321
vn -0.0619 0.9380 0.3410
vn 0.1566 0.9314 0.3287
vn 0.1671 0.9813 0.0954
vn 0.2314 0.9581 -0.1691
vn 0.4472 0.7931 -0.4136
vn 0.5804 0.5855 -0.5659
vn 0.5977 0.7859 -0.1586
vn 0.4136 0.8717 0.2627
vn 0.3355 0.9118 0.2368
vn 0.2617 0.9651 -0.0032
vn 0.0086 0.9923 -0.1235
vn -0.0586 0.9940 -0.0928
vn 0.0994 0.9949 -0.0172
vn 0.1253 0.9911 -0.0443
vn -0.0722 0.9117 -0.4045
vn 0.1220 0.9409 -0.3160
vn 0.2282 0.9562 -0.1833
vn 0.1827 0.9831 0.0127
vn 0.1037 0.9942 0.0290
vn 0.0516 0.9984 -0.0231
vn 0.0927 0.9910 -0.0962
vn 0.0037 0.9963 -0.0857
vn -0.0820 0.9964 0.0229
vn -0.1681 0.9841 0.0578
vn 0.1918 0.9810 0.0296
vn 0.0931 0.9955 0.0189
vn -0.0148 0.9953 -0.0956
vn -0.0446 0.9946 -0.0935
vn 0.0962 0.9911 0.0921
vn -0.0210 0.9858 0.1663
vn 0.0655 0.9652 0.2533
vn 0.0235 0.9130 0.4072
vn 0.1596 0.8614 0.4821
vn 0.1415 0.8930 0.4273
vn 0.3235 0.8307 0.4531
vn 0.3306 0.9235 -0.1946
vn 0.1597 0.6933 -0.7027
vn -0.0619 0.8579 -0.5101
vn -0.0900 0.9958 -0.0164
vn 0.0947 0.9674 0.2349
vn 0.1426 0.9516 0.2721
vn 0.2570 0.9431 0.2108
vn 0.4126 0.9071 0.0833
vn 0.5122 0.8324 -0.2116
vn 0.5967 0.6263 -0.5017
vn 0.5747 0.5705 -0.5867
vn 0.4229 0.8906 -0.1670
vn 0.3287 0.8825 0.3364
vn 0.2749 0.9036 0.3284
vn 0.1523 0.9773 0.1476
vn -0.0303 0.9977 -0.0604
vn 0.0416 0.9867 -0.1571
vn 0.1332 0.9887 -0.0690
vn 0.1076 0.9940 -0.0215
vn 0.1509 0.8799 -0.4505
vn 0.2007 0.9019 -0.3826
vn 0.2165 0.9604 -0.1753
vn 0.1995 0.9794 0.0329
vn 0.1760 0.9829 0.0545
vn 0.1468 0.9892 0.0052
vn 0.0250 0.9986 -0.0468
vn -0.1421 0.9898 0.0020
vn 0.0392 0.9987 -0.0331
vn 0.2119 0.9769 -0.0271
vn 0.1547 0.9850 -0.0762
vn 0.2449 0.9591 0.1419
vn -0.1887 0.9777 0.0918
vn -0.2270 0.9585 -0.1725
vn -0.0736 0.9956 0.0572
vn -0.0128 0.9886 0.1498
vn 0.0454 0.9833 0.1765
vn 0.1102 0.9084 0.4032
vn 0.0895 0.8921 0.4429
vn 0.1947 0.8937 0.4041
vn 0.2576 0.8675 0.4256
vn 0.2983 0.9545 0.0030
vn 0.2758 0.8074 -0.5216
vn 0.1536 0.9069 -0.3924
vn 0.1479 0.9855 -0.0829
vn 0.1546 0.9801 0.1248
vn 0.2781 0.9460 0.1668
vn 0.4162 0.9039 0.0982
vn 0.4921 0.8704 -0.0142
vn 0.5636 0.7886 -0.2460
vn 0.5300 0.6768 -0.5109
vn 0.3994 0.7117 -0.5779
vn 0.0732 0.9913 -0.1095
vn 0.1292 0.9421 0.3095
vn 0.2315 0.9065 0.3529
vn 0.2341 0.9473 0.2187
vn 0.1788 0.9813 -0.0709
vn 0.1412 0.9757 -0.1678
vn 0.1199 0.9914 -0.0519
vn 0.0503 0.9987 0.0119
vn 0.3163 0.8374 -0.4457
vn 0.2675 0.8966 -0.3530
vn 0.1940 0.9698 -0.1476
vn 0.1488 0.9878 0.0452
vn 0.1188 0.9898 0.0790
vn 0.0667 0.9967 0.0469
vn 0.0309 0.9988 0.0387
vn 0.0350 0.9994 -0.0028
vn -0.0259 0.9765 -0.2142
vn 0.1312 0.9914 0.0004
vn -0.2513 0.9664 0.0542
vn -0.0922 0.9947 0.0461
vn 0.1106 0.9637 0.2429
vn 0.0200 0.9764 -0.2149
vn -0.0301 0.9995 0.0067
vn -0.0304 0.9881 0.1509
vn 0.1723 0.9812 0.0872
vn 0.2505 0.9135 0.3205
vn 0.2924 0.8661 0.4055
vn 0.2952 0.8806 0.3706
vn 0.2706 0.8670 0.4185
vn 0.3182 0.9440 0.0877
vn 0.3743 0.8291 -0.4153
vn 0.2435 0.9159 -0.3190
vn 0.1749 0.9820 -0.0716
vn 0.0452 0.9924 0.1147
vn 0.1447 0.9878 0.0579
vn 0.3059 0.9520 -0.0132
vn 0.4120 0.9077 -0.0798
vn 0.4854 0.8471 -0.2163
vn 0.3631 0.8412 -0.4007
vn 0.0178 0.9386 -0.3444
vn -0.1738 0.9841 0.0369
vn 0.1012 0.9714 0.2149
vn 0.2537 0.9168 0.3085
vn 0.3140 0.9164 0.2481
vn 0.2214 0.9752 -0.0053
vn 0.0755 0.9900 -0.1191
vn -0.0045 0.9999 -0.0161
vn -0.0531 0.9975 0.0464
vn 0.4097 0.8344 -0.3687
vn 0.2762 0.9248 -0.2616
vn 0.1185 0.9899 -0.0778
vn 0.0544 0.9964 0.0657
vn 0.0458 0.9922 0.1159
vn -0.0372 0.9978 0.0556
vn -0.0208 0.9997 0.0126
vn 0.0311 0.9986 0.0425
vn -0.0511 0.9919 -0.1163
vn -0.2564 0.9659 0.0355
vn -0.2109 0.9748 0.0722
vn -0.1905 0.9719 -0.1381
vn 0.1536 0.9867 0.0536
vn 0.2613 0.9652 -0.0088
vn -0.0845 0.9961 -0.0240
vn 0.2595 0.9646 0.0469
vn 0.2146 0.9760 0.0380
vn 0.2373 0.9449 0.2254
vn 0.3973 0.8507 0.3441
vn 0.2991 0.8656 0.4017
vn 0.1821 0.8939 0.4096
vn 0.3556 0.9201 0.1644
vn 0.3022 0.8888 -0.3444
vn 0.0394 0.9769 -0.2100
vn -0.3017 0.9508 0.0709
vn -0.3960 0.9106 0.1178
vn -0.2304 0.9704 -0.0719
vn -0.0640 0.9709 -0.2306
vn 0.1321 0.9417 -0.3094
vn 0.0976 0.9804 -0.1710
vn -0.0158 0.9853 -0.1704
vn -0.1682 0.9718 -0.1650
vn -0.0480 0.9940 -0.0987
vn 0.1909 0.9794 0.0659
vn 0.3691 0.8992 0.2349
vn 0.3644 0.8866 0.2850
vn 0.1755 0.9787 0.1069
vn 0.0103 0.9991 -0.0412
vn -0.1047 0.9944 0.0132
vn -0.1215 0.9894 0.0798
vn 0.3796 0.8936 -0.2396
vn 0.1541 0.9822 -0.1078
vn -0.0156 0.9997 -0.0195
vn -0.0318 0.9968 0.0736
vn 0.0057 0.9930 0.1177
vn -0.0111 0.9951 0.0985
vn -0.0543 0.9984 0.0165
vn -0.0330 0.9985 -0.0434
vn 0.1272 0.9903 -0.0568
vn 0.0722 0.9912 0.1111
vn 0.1672 0.9859 -0.0068
vn 0.1086 0.9917 -0.0693
vn -0.0396 0.9966 -0.0717
vn 0.0003 0.9959 0.0905
vn -0.2507 0.9604 -0.1214
vn 0.2237 0.9726 -0.0634
vn -0.1250 0.9792 0.1598
vn 0.1829 0.9685 0.1691
vn 0.2402 0.9366 0.2553
vn 0.3438 0.8231 0.4520
vn 0.2726 0.8828 0.3826
vn 0.3936 0.8842 0.2516
vn 0.1519 0.9757 -0.1578
vn -0.4548 0.8876 0.0727
vn -0.7411 0.6554 0.1455
vn -0.7822 0.6230 0.0054
vn -0.7136 0.6662 -0.2167
vn -0.6242 0.6349 -0.4553
vn -0.3981 0.7736 -0.4930
vn -0.1713 0.9483 -0.2673
vn 0.0445 0.9810 -0.1887
vn 0.0178 0.9693 -0.2453
vn 0.2007 0.9446 -0.2597
vn 0.3542 0.9312 -0.0859
vn 0.4214 0.8949 0.1467
vn 0.3861 0.8606 0.3322
vn 0.1875 0.9529 0.2382
vn 0.0016 0.9985 0.0540
vn -0.0896 0.9957 0.0247
vn -0.0405 0.9965 0.0734
vn 0.1864 0.9823 0.0174
vn -0.0196 0.9996 0.0194
vn -0.1212 0.9924 0.0212
vn -0.0892 0.9950 0.0448
vn 0.0063 0.9969 0.0784
vn 0.0553 0.9914 0.1186
vn 0.0102 0.9997 0.0241
vn 0.0067 0.9979 -0.0645
vn -0.1562 0.9810 -0.1151
vn 0.0665 0.9977 0.0120
vn 0.0637 0.9970 0.0433
vn -0.0190 0.9997 -0.0175
vn 0.0300 0.9991 0.0308
vn -0.2701 0.9566 0.1098
vn 0.0649 0.9934 -0.0944
vn -0.0402 0.9987 -0.0308
vn -0.2041 0.9755 0.0820
vn 0.1008 0.9949 0.0105
vn 0.1548 0.9600 0.2332
vn 0.2496 0.8622 0.4407
vn 0.2986 0.8524 0.4292
vn 0.2546 0.9075 0.3341
vn -0.0580 0.9836 0.1705
vn -0.5129 0.8036 0.3020
vn -0.8212 0.5414 0.1802
vn -0.8730 0.4876 -0.0049
vn -0.9131 0.3273 -0.2431
vn -0.7767 0.2769 -0.5657
vn -0.4952 0.5764 -0.6500
vn -0.0612 0.8693 -0.4905
vn 0.1211 0.9529 -0.2780
vn 0.3090 0.9116 -0.2712
vn 0.3656 0.8490 -0.3814
vn 0.4497 0.8727 -0.1902
vn 0.4561 0.8833 0.1081
vn 0.3599 0.8612 0.3588
vn 0.2338 0.9036 0.3588
vn 0.0883 0.9832 0.1600
vn 0.0109 0.9997 0.0224
vn 0.0911 0.9957 0.0149
vn 0.1040 0.9694 0.2222
vn -0.1226 0.9835 0.1328
vn -0.1880 0.9819 0.0223
vn -0.0871 0.9961 -0.0162
vn -0.0150 0.9992 0.0379
vn 0.0238 0.9941 0.1056
vn 0.0002 0.9987 0.0512
vn 0.0158 0.9999 -0.0006
vn -0.0945 0.9928 -0.0737
vn -0.0554 0.9977 -0.0385
vn -0.0514 0.9955 0.0796
vn -0.0250 0.9996 -0.0164
vn -0.1877 0.9812 0.0446
vn -0.0598 0.9888 0.1369
vn -0.2204 0.9495 -0.2234
vn -0.4549 0.8858 0.0918
vn -0.4867 0.8731 0.0306
vn -0.3098 0.9471 -0.0834
vn -0.1785 0.9663 0.1856
vn 0.1550 0.8985 0.4107
vn 0.2404 0.8590 0.4520
vn 0.1539 0.8810 0.4474
vn -0.2405 0.8973 0.3701
vn -0.4345 0.8094 0.3951
vn -0.7175 0.6485 0.2544
vn -0.7704 0.6371 -0.0244
vn -0.6468 0.7208 -0.2493
vn -0.6331 0.3230 -0.7035
vn -0.3849 0.4384 -0.8122
vn -0.1220 0.8161 -0.5650
vn -0.0349 0.8945 -0.4457
vn 0.3283 0.8170 -0.4741
vn 0.4746 0.7856 -0.3971
vn 0.5167 0.8184 -0.2514
vn 0.4860 0.8706 0.0762
vn 0.3838 0.8488 0.3635
vn 0.3061 0.8549 0.4189
vn 0.2356 0.9408 0.2436
vn 0.1990 0.9798 0.0210
vn 0.2759 0.9595 -0.0566
vn -0.1171 0.9445 0.3068
vn -0.2184 0.9509 0.2193
vn -0.1800 0.9828 -0.0403
vn -0.0544 0.9961 -0.0689
vn 0.0600 0.9982 -0.0044
vn 0.0879 0.9885 0.1232
vn 0.0048 0.9995 0.0302
vn 0.0710 0.9974 -0.0130
vn 0.0852 0.9957 -0.0373
vn -0.0546 0.9968 -0.0586
vn 0.1153 0.9933 -0.0010
vn 0.0477 0.9922 0.1154
vn -0.2765 0.9605 0.0320
vn 0.1637 0.9708 0.1755
vn -0.1909 0.9814 -0.0218
vn -0.5625 0.8053 0.1873
vn -0.3695 0.9268 -0.0668
vn -0.4903 0.8603 -0.1400
vn -0.3343 0.9409 0.0550
vn -0.0290 0.9510 0.3078
vn 0.1461 0.8886 0.4348
vn 0.2290 0.8401 0.4918
vn -0.1120 0.8677 0.4843
vn -0.4024 0.7636 0.5049
vn -0.4446 0.8647 0.2337
vn -0.4032 0.9151 -0.0039
vn -0.4102 0.8606 -0.3019
vn -0.3975 0.6227 -0.6740
vn -0.1836 0.4166 -0.8904
vn 0.0212 0.7774 -0.6286
vn 0.2641 0.8077 -0.5271
vn 0.3783 0.6917 -0.6152
vn 0.4757 0.7219 -0.5026
vn 0.5196 0.8101 -0.2715
vn 0.4593 0.8849 0.0776
vn 0.3893 0.8463 0.3635
vn 0.3576 0.8249 0.4377
vn 0.3444 0.8918 0.2933
vn 0.3371 0.9412 0.0219
vn 0.3855 0.9130 -0.1337
vn -0.2058 0.9069 0.3676
vn -0.2359 0.9479 0.2140
vn -0.1732 0.9777 -0.1184
vn -0.0132 0.9880 -0.1537
vn 0.1564 0.9837 -0.0884
vn 0.2160 0.9640 0.1551
vn 0.1271 0.9901 0.0598
vn -0.0173 0.9998 0.0046
vn 0.1028 0.9944 -0.0243
vn 0.0944 0.9937 -0.0597
vn 0.1220 0.9925 0.0089
vn -0.0257 0.9829 0.1823
vn -0.0313 0.9870 0.1579
vn -0.4033 0.9120 0.0747
vn -0.3939 0.8974 0.1989
vn -0.5868 0.7752 0.2339
vn -0.3752 0.9154 -0.1458
vn -0.5605 0.8118 -0.1635
vn -0.3159 0.9480 -0.0377
vn -0.2345 0.9431 0.2359
vn -0.1981 0.8727 0.4463
vn -0.1186 0.8197 0.5604
vn -0.1490 0.8090 0.5685
vn -0.2208 0.8519 0.4749
vn -0.2635 0.9602 0.0925
vn -0.3370 0.9405 -0.0445
vn -0.1679 0.9755 -0.1424
vn 0.1404 0.8010 -0.5820
vn 0.2383 0.5588 -0.7943
vn 0.3504 0.6948 -0.6280
vn 0.5489 0.6328 -0.5461
vn 0.5007 0.6615 -0.5583
vn 0.3835 0.7818 -0.4916
vn 0.2211 0.9179 -0.3294
vn 0.2805 0.9564 0.0809
vn 0.2884 0.8853 0.3647
vn 0.3199 0.8274 0.4615
vn 0.3208 0.8859 0.3350
vn 0.3378 0.9408 0.0293
vn 0.3399 0.9227 -0.1819
vn -0.1979 0.9018 0.3841
vn -0.1781 0.9654 0.1906
vn -0.1506 0.9734 -0.1724
vn -0.0267 0.9643 -0.2634
vn 0.1097 0.9826 -0.1499
vn 0.1507 0.9811 0.1214
vn 0.2039 0.9675 0.1496
vn 0.1142 0.9934 0.0078
vn 0.1600 0.9827 -0.0935
vn 0.1258 0.9901 -0.0629
vn 0.0415 0.9959 0.0804
vn 0.0353 0.9883 0.1485
vn 0.1459 0.9449 0.2930
vn -0.4785 0.8331 0.2774
vn -0.6572 0.6948 0.2922
vn -0.6225 0.7780 0.0846
vn -0.5460 0.8296 -0.1173
vn -0.5956 0.7688 -0.2327
vn -0.3738 0.9183 -0.1303
vn -0.0858 0.9589 0.2705
vn -0.2468 0.8428 0.4783
vn -0.2797 0.7582 0.5890
vn -0.2474 0.7915 0.5589
vn -0.1309 0.9150 0.3817
vn -0.1784 0.9785 0.1034
vn -0.0091 0.9848 -0.1735
vn 0.2996 0.9369 -0.1799
vn 0.5382 0.7192 -0.4394
vn 0.4586 0.6144 -0.6420
vn 0.5404 0.6005 -0.5894
vn 0.5321 0.6712 -0.5161
vn 0.4561 0.7578 -0.4665
vn 0.2443 0.9008 -0.3591
vn -0.0082 0.9634 -0.2679
vn -0.0510 0.9987 0.0088
vn 0.1224 0.9290 0.3493
vn 0.2345 0.8498 0.4722
vn 0.2670 0.8920 0.3647
vn 0.2920 0.9551 0.0504
vn 0.2705 0.9480 -0.1677
vn -0.0566 0.9368 0.3452
vn -0.0021 0.9821 0.1884
vn -0.0535 0.9821 -0.1808
vn -0.0314 0.9401 -0.3395
vn 0.0389 0.9854 -0.1660
vn 0.0892 0.9944 0.0568
vn 0.1919 0.9681 0.1608
vn 0.1031 0.9944 0.0215
vn 0.0003 0.9996 -0.0287
vn -0.0818 0.9966 0.0046
vn -0.2361 0.9673 0.0927
vn -0.0775 0.9885 0.1302
vn -0.0016 0.9634 0.2681
vn 0.0783 0.9244 0.3733
vn -0.0371 0.9708 0.2370
vn -0.1264 0.9919 0.0096
vn -0.1571 0.9838 -0.0868
vn -0.2539 0.9361 -0.2433
vn -0.1202 0.9742 -0.1908
vn -0.0240 0.9663 0.2564
vn -0.0955 0.8650 0.4926
vn -0.0011 0.8356 0.5493
vn 0.0027 0.8631 0.5051
vn -0.0385 0.9573 0.2864
vn 0.1737 0.9771 -0.1230
vn 0.3184 0.9019 -0.2919
vn 0.2916 0.9366 -0.1943
vn 0.5159 0.6969 -0.4983
vn 0.4667 0.6388 -0.6116
vn 0.3874 0.6155 -0.6864
vn 0.4095 0.7105 -0.5723
vn 0.2468 0.8910 -0.3810
vn 0.0069 0.9835 -0.1808
vn -0.2602 0.9561 -0.1351
vn -0.3168 0.9484 -0.0133
vn -0.1081 0.9582 0.2647
vn 0.1557 0.8851 0.4386
vn 0.2524 0.8909 0.3775
vn 0.2999 0.9499 0.0882
vn 0.2881 0.9499 -0.1215
vn 0.0958 0.9637 0.2492
vn 0.1827 0.9628 0.1991
vn 0.0925 0.9852 -0.1440
vn -0.0463 0.9452 -0.3232
vn -0.0759 0.9748 -0.2096
vn 0.0098 0.9998 0.0148
vn 0.0465 0.9840 0.1721
vn -0.0320 0.9950 0.0947
vn -0.0828 0.9963 -0.0224
vn -0.0119 0.9952 0.0968
vn -0.1672 0.9774 0.1296
vn -0.2190 0.9755 0.0203
vn -0.0183 0.9700 0.2423
vn 0.0510 0.9445 0.3246
vn 0.2463 0.9376 0.2456
vn -0.0991 0.9884 0.1152
vn -0.1239 0.9901 -0.0667
vn -0.0847 0.9617 -0.2606
vn -0.2370 0.9479 -0.2130
vn -0.0271 0.9683 0.2483
vn -0.0717 0.8950 0.4402
vn 0.1810 0.8659 0.4664
vn 0.3052 0.8485 0.4323
vn 0.3027 0.9230 0.2375
vn 0.3315 0.9216 -0.2019
vn 0.3149 0.9097 -0.2709
vn 0.3503 0.8983 -0.2653
vn 0.4692 0.6977 -0.5414
vn 0.4241 0.6482 -0.6325
vn 0.2627 0.6170 -0.7418
vn 0.3574 0.7603 -0.5424
vn -0.0426 0.9727 -0.2280
vn -0.4142 0.9100 -0.0173
vn -0.4921 0.8675 -0.0720
vn -0.5376 0.8432 -0.0053
vn -0.4032 0.9098 0.0987
vn 0.0159 0.9459 0.3241
vn 0.2382 0.8994 0.3665
vn 0.2978 0.9465 0.1241
vn 0.3001 0.9515 -0.0670
vn 0.2160 0.9646 0.1515
vn 0.2970 0.9337 0.2000
vn 0.1746 0.9832 -0.0535
vn -0.0636 0.9766 -0.2054
vn -0.2059 0.9545 -0.2157
vn -0.2091 0.9779 -0.0072
vn -0.1045 0.9885 0.1096
vn 0.0350 0.9893 0.1416
vn -0.0640 0.9979 -0.0065
vn -0.1369 0.9887 0.0606
vn 0.1204 0.9861 0.1148
vn 0.0951 0.9890 0.1132
vn -0.2279 0.9377 0.2624
vn -0.3133 0.8912 0.3280
vn -0.0241 0.9501 0.3109
vn -0.0440 0.9841 0.1721
vn -0.3342 0.9409 -0.0549
vn -0.2599 0.9191 -0.2960
vn -0.0580 0.9644 -0.2582
vn 0.2456 0.9498 0.1939
vn 0.1129 0.8990 0.4232
vn 0.2178 0.9059 0.3632
vn 0.3417 0.8757 0.3411
vn 0.4818 0.8455 0.2304
vn 0.4802 0.8720 -0.0952
vn 0.3893 0.8777 -0.2795
vn 0.4247 0.8292 -0.3635
vn 0.3539 0.7321 -0.5821
vn 0.3175 0.6882 -0.6524
vn 0.1231 0.6288 -0.7678
vn 0.0101 0.8392 -0.5437
vn -0.1887 0.9817 0.0238
vn -0.4215 0.9046 0.0637
vn -0.6287 0.7776 0.0064
vn -0.6792 0.7339 0.0102
vn -0.5949 0.8022 -0.0512
vn -0.2649 0.9619 0.0680
vn 0.1182 0.9530 0.2790
vn 0.2805 0.9500 0.1373
vn 0.3222 0.9463 -0.0265
vn 0.2069 0.9741 0.0906
vn 0.2518 0.9479 0.1952
vn 0.1502 0.9841 0.0946
vn -0.0478 0.9949 -0.0885
vn -0.1832 0.9680 -0.1715
vn -0.1635 0.9859 -0.0362
vn -0.1174 0.9931 0.0027
vn 0.0002 0.9957 0.0926
vn 0.0766 0.9927 0.0931
vn -0.0856 0.9951 0.0499
vn 0.0896 0.9893 -0.1150
vn 0.2543 0.9549 0.1536
vn -0.0623 0.9073 0.4157
vn -0.2464 0.9405 0.2338
vn -0.0106 0.9827 0.1847
vn 0.1137 0.9699 0.2153
vn 0.0574 0.9950 0.0812
vn 0.0592 0.9591 -0.2767
vn -0.0374 0.9463 -0.3211
vn -0.1608 0.9790 0.1255
vn 0.0253 0.8936 0.4481
vn 0.1745 0.9512 0.2546
vn 0.3715 0.8829 0.2871
vn 0.4302 0.8737 0.2271
vn 0.4762 0.8782 0.0439
vn 0.4259 0.8922 -0.1501
vn 0.3195 0.8750 -0.3638
vn 0.2989 0.7729 -0.5598
vn 0.2625 0.7572 -0.5981
vn 0.2591 0.7172 -0.6469
vn -0.3829 0.8125 -0.4395
vn -0.4891 0.8659 0.1045
vn -0.4435 0.8770 0.1849
vn -0.5560 0.8274 0.0787
vn -0.6192 0.7834 -0.0535
vn -0.6122 0.7836 -0.1057
vn -0.4413 0.8852 -0.1474
vn -0.0870 0.9951 0.0475
vn 0.2287 0.9708 0.0731
vn 0.3286 0.9435 -0.0437
vn 0.0947 0.9920 0.0835
vn 0.0700 0.9769 0.2021
vn 0.0739 0.9826 0.1701
vn 0.0390 0.9991 -0.0185
vn -0.0383 0.9887 -0.1451
vn -0.0288 0.9978 -0.0603
vn -0.0427 0.9990 0.0146
vn 0.0701 0.9974 0.0157
vn 0.1300 0.9904 0.0478
vn 0.1630 0.9836 0.0779
vn -0.0130 0.9967 -0.0803
vn -0.1862 0.9716 0.1462
vn -0.0105 0.8740 0.4858
vn 0.0316 0.9852 0.1687
vn 0.0696 0.9913 0.1118
vn 0.0199 0.9955 0.0925
vn 0.2570 0.9661 0.0252
vn 0.1822 0.9785 -0.0966
vn -0.2213 0.9608 -0.1671
vn -0.4310 0.8913 0.1407
vn -0.2240 0.9075 0.3553
vn -0.1195 0.9772 0.1756
vn 0.2909 0.9437 0.1572
vn 0.3401 0.9009 0.2697
vn 0.3761 0.9225 0.0871
vn 0.4790 0.8768 -0.0427
vn 0.4746 0.8499 -0.2288
vn 0.4143 0.7566 -0.5059
vn 0.2741 0.8076 -0.5221
vn 0.0621 0.8337 -0.5488
vn -0.3622 0.9118 -0.1934
vn -0.4126 0.9064 0.0910
vn -0.4585 0.8643 0.2068
vn -0.3749 0.9238 0.0770
vn -0.5128 0.8580 -0.0277
vn -0.5696 0.8107 -0.1355
vn -0.4500 0.8598 -0.2413
vn -0.1677 0.9730 -0.1584
vn 0.1882 0.9794 -0.0734
vn 0.3084 0.9459 -0.1006
vn -0.0266 0.9927 0.1173
vn -0.0835 0.9734 0.2135
vn 0.0083 0.9917 0.1281
vn 0.0865 0.9960 -0.0210
vn 0.0942 0.9885 -0.1185
vn 0.0189 0.9989 -0.0438
vn 0.0088 0.9994 -0.0341
vn 0.0983 0.9943 -0.0411
vn 0.1182 0.9927 0.0234
vn 0.1373 0.9819 0.1304
vn 0.0017 0.9974 0.0720
vn -0.0114 0.9778 0.2094
vn 0.0338 0.9308 0.3641
vn 0.2241 0.9689 0.1048
vn 0.1816 0.9788 0.0952
vn 0.1232 0.9899 0.0702
vn 0.2801 0.9595 -0.0300
vn 0.1848 0.9827 0.0149
vn -0.0288 0.9987 0.0409
vn -0.3961 0.8813 0.2579
vn -0.1657 0.9432 0.2880
vn -0.1395 0.9888 0.0522
vn 0.1215 0.9912 -0.0519
vn 0.2932 0.9302 0.2207
vn 0.4179 0.8967 0.1460
vn 0.4304 0.8940 -0.1244
vn 0.4234 0.8860 -0.1889
vn 0.2912 0.8959 -0.3354
vn 0.1127 0.8690 -0.4818
vn -0.2237 0.8851 -0.4081
vn -0.1251 0.9810 -0.1480
vn -0.2441 0.9599 0.1380
vn -0.3095 0.9319 0.1893
vn -0.2427 0.9621 0.1241
vn -0.4285 0.9036 -0.0004
vn -0.4595 0.8735 -0.1608
vn -0.4107 0.8543 -0.3185
vn -0.1304 0.9528 -0.2740
vn 0.1782 0.9639 -0.1976
vn 0.2111 0.9659 -0.1497
vn -0.0530 0.9832 0.1749
vn -0.0968 0.9743 0.2034
vn 0.0267 0.9983 0.0520
vn 0.1324 0.9892 -0.0625
vn 0.1041 0.9918 -0.0748
vn 0.0111 0.9999 -0.0012
vn 0.0454 0.9974 -0.0559
vn 0.0329 0.9974 -0.0648
vn -0.1016 0.9918 0.0776
vn -0.1137 0.9868 0.1153
vn -0.1309 0.9911 0.0233
vn 0.1719 0.9845 0.0351
vn 0.4201 0.8761 0.2364
vn 0.4020 0.9150 0.0351
vn 0.3175 0.9343 0.1622
vn 0.2093 0.9778 0.0089
vn 0.2694 0.9623 -0.0373
vn 0.0042 0.9887 0.1497
vn -0.0790 0.9828 0.1670
vn -0.0129 0.9691 0.2463
vn 0.1997 0.9533 0.2267
vn 0.2169 0.9757 0.0324
vn 0.0208 0.9926 -0.1195
vn 0.2574 0.9663 -0.0064
vn 0.5502 0.8320 0.0707
vn 0.5749 0.8157 -0.0638
vn 0.4752 0.8759 -0.0840
vn 0.3520 0.9134 -0.2044
vn 0.2436 0.9377 -0.2477
vn -0.2330 0.9394 -0.2515
vn -0.2181 0.9632 -0.1574
vn -0.1872 0.9767 0.1051
vn -0.0242 0.9875 0.1561
vn -0.0645 0.9898 0.1267
vn -0.2109 0.9751 0.0679
vn -0.2959 0.9414 -0.1620
vn -0.2735 0.8867 -0.3728
vn -0.0747 0.9216 -0.3808
vn 0.1425 0.9569 -0.2531
vn 0.1203 0.9819 -0.1463
vn 0.0004 0.9749 0.2227
vn 0.0054 0.9880 0.1544
vn 0.1306 0.9914 -0.0076
vn 0.1938 0.9773 -0.0856
vn 0.1655 0.9860 -0.0198
vn 0.0925 0.9957 0.0077
vn 0.0553 0.9968 -0.0577
vn -0.0859 0.9955 0.0400
vn -0.2009 0.9731 0.1130
vn 0.0261 0.9973 0.0689
vn 0.0092 1.0000 -0.0024
vn 0.0140 0.9907 -0.1356
vn 0.1121 0.9796 0.1671
vn 0.2047 0.9724 0.1116
vn 0.2805 0.9509 0.1307
vn 0.4133 0.9053 0.0983
vn 0.2710 0.9619 0.0360
vn 0.1503 0.9538 0.2600
vn 0.1207 0.9739 0.1920
vn 0.1218 0.9839 0.1306
vn 0.0719 0.9699 0.2325
vn 0.1519 0.9872 0.0483
vn 0.2545 0.9670 -0.0127
vn 0.3539 0.9181 -0.1785
vn 0.5312 0.8466 -0.0345
vn 0.3969 0.9175 0.0240
vn 0.3466 0.9378 0.0188
vn 0.3449 0.9361 -0.0690
vn 0.1533 0.9870 -0.0482
vn 0.0515 0.9912 -0.1217
vn -0.0218 0.9770 -0.2121
vn -0.0278 0.9996 0.0096
vn 0.1185 0.9900 0.0764
vn 0.0532 0.9828 0.1771
vn -0.0624 0.9923 0.1067
vn -0.1111 0.9832 -0.1448
vn -0.1555 0.9082 -0.3887
vn -0.0219 0.8905 -0.4545
vn 0.1260 0.9516 -0.2805
vn 0.0797 0.9912 -0.1058
vn 0.1241 0.9679 0.2187
vn 0.1477 0.9829 0.1102
vn 0.2082 0.9762 -0.0605
vn 0.2379 0.9665 -0.0961
vn 0.2190 0.9756 0.0165
vn 0.1367 0.9882 0.0686
vn 0.0004 0.9996 0.0296
vn -0.1363 0.9834 0.1199
vn 0.0260 0.9991 -0.0334
vn 0.1539 0.9881 -0.0008
vn 0.2031 0.9787 0.0284
vn 0.1476 0.9885 -0.0326
vn -0.0207 0.9896 0.1424
vn 0.1081 0.9864 0.1241
vn 0.0788 0.9965 -0.0272
vn 0.2821 0.9551 0.0909
vn 0.2230 0.9686 0.1101
vn 0.2036 0.9379 0.2810
vn 0.2125 0.9580 0.1926
vn 0.1728 0.9613 0.2144
vn 0.1463 0.9372 0.3167
vn -0.0433 0.9979 -0.0479
vn 0.3462 0.9237 -0.1639
vn 0.4450 0.8640 -0.2354
vn 0.5420 0.8373 -0.0720
vn 0.4012 0.8937 0.2010
vn 0.1568 0.9851 0.0702
vn 0.1330 0.9886 -0.0704
vn 0.1722 0.9850 -0.0081
vn 0.3214 0.9339 -0.1566
vn 0.2864 0.9332 -0.2169
vn 0.3101 0.9506 0.0113
vn 0.1647 0.9863 0.0108
vn 0.2140 0.9585 0.1881
vn 0.1424 0.9790 0.1457
vn 0.0091 0.9938 -0.1110
vn -0.0652 0.9224 -0.3806
vn 0.0024 0.8616 -0.5075
vn 0.0655 0.9549 -0.2897
vn 0.0159 0.9975 -0.0684
vn 0.2077 0.9658 0.1551
vn 0.2731 0.9572 0.0963
vn 0.2549 0.9640 -0.0753
vn 0.1625 0.9849 -0.0604
vn 0.0566 0.9966 0.0607
vn 0.0186 0.9923 0.1227
vn -0.0237 0.9950 0.0973
vn -0.0521 0.9936 0.1000
vn 0.0748 0.9953 -0.0617
vn -0.1909 0.9816 -0.0091
vn 0.0162 0.9999 -0.0019
vn -0.0879 0.9961 0.0022
vn -0.0256 0.9992 0.0307
vn 0.2637 0.9576 0.1162
vn 0.1405 0.9901 -0.0019
vn 0.2119 0.9767 0.0347
vn 0.1619 0.9733 0.1629
vn 0.0957 0.9423 0.3207
vn -0.0537 0.9637 0.2615
vn -0.0860 0.9899 0.1128
vn 0.3752 0.8682 0.3248
vn 0.3433 0.9391 -0.0155
vn 0.3827 0.8975 -0.2193
vn 0.3402 0.9105 -0.2351
vn 0.3098 0.9179 -0.2479
vn 0.4594 0.8464 0.2692
vn 0.4049 0.8896 0.2112
vn 0.2789 0.9600 -0.0239
vn 0.2572 0.9552 -0.1462
vn 0.3969 0.8981 -0.1895
vn 0.3662 0.9024 -0.2273
vn 0.3976 0.9176 -0.0035
vn 0.3571 0.9317 0.0668
vn 0.3359 0.9331 0.1282
vn 0.3338 0.9237 0.1880
vn 0.1931 0.9812 -0.0050
vn 0.0762 0.9348 -0.3468
vn 0.0444 0.8595 -0.5092
vn 0.0065 0.9612 -0.2757
vn -0.0407 0.9983 -0.0416
vn 0.0542 0.9938 0.0970
vn 0.1679 0.9837 0.0643
vn 0.1346 0.9908 -0.0141
vn -0.0050 0.9995 0.0323
vn -0.1013 0.9898 0.0998
vn -0.0838 0.9905 0.1088
vn -0.0664 0.9919 0.1087
vn 0.0109 0.9994 0.0329
vn -0.0050 0.9993 0.0380
vn -0.0457 0.9987 -0.0218
vn 0.0361 0.9993 0.0050
vn 0.0041 0.9999 0.0110
vn 0.0405 0.9970 -0.0664
vn -0.0970 0.9906 0.0964
vn -0.0073 0.9996 -0.0273
vn 0.1320 0.9912 -0.0039
vn 0.0808 0.9871 0.1385
vn 0.2636 0.9105 0.3184
vn 0.2043 0.9246 0.3214
vn -0.0220 0.9987 0.0465
vn 0.0904 0.9872 0.1317
vn 0.2700 0.9622 0.0354
vn 0.1576 0.9477 -0.2774
vn 0.3764 0.8848 -0.2746
vn 0.3129 0.9039 -0.2916
vn 0.3830 0.9132 0.1395
vn 0.4288 0.8854 0.1793
vn 0.5456 0.8325 0.0965
vn 0.3848 0.9192 -0.0836
vn 0.3077 0.9216 -0.2365
vn 0.3271 0.9197 -0.2170
vn 0.3532 0.9354 -0.0168
vn 0.3744 0.9255 0.0577
vn 0.4224 0.9019 0.0906
vn 0.4144 0.8894 0.1931
vn 0.3514 0.9304 0.1042
vn 0.2599 0.9271 -0.2702
vn 0.1549 0.8833 -0.4424
vn 0.0427 0.9752 -0.2170
vn -0.0254 0.9997 0.0052
vn -0.1192 0.9929 0.0040
vn -0.0301 0.9992 0.0246
vn -0.0453 0.9981 0.0412
vn -0.1140 0.9896 0.0881
vn -0.1190 0.9880 0.0989
vn -0.0846 0.9938 0.0723
vn 0.0324 0.9956 0.0877
vn 0.0723 0.9973 0.0125
vn 0.0613 0.9980 0.0160
vn 0.2041 0.9789 0.0109
vn -0.1606 0.9863 -0.0389
vn -0.0024 0.9999 -0.0132
vn 0.0115 0.9991 0.0419
vn -0.0556 0.9868 0.1523
vn -0.0858 0.9906 -0.1068
vn -0.0811 0.9963 -0.0290
vn -0.0471 0.9916 0.1208
vn 0.1299 0.9664 0.2219
vn 0.3040 0.9100 0.2818
vn 0.3704 0.9109 0.1816
vn 0.1304 0.9904 0.0450
vn 0.2785 0.9586 0.0599
vn 0.3450 0.8774 -0.3333
vn 0.4184 0.8255 -0.3788
vn 0.2517 0.9547 -0.1590
vn 0.0234 0.9898 0.1404
vn 0.3501 0.9271 0.1338
vn 0.3713 0.9282 0.0243
vn 0.4561 0.8802 0.1311
vn 0.3635 0.9186 -0.1551
vn 0.3152 0.9134 -0.2576
vn 0.3497 0.9338 -0.0759
vn 0.3732 0.9277 0.0074
vn 0.4217 0.9057 0.0436
vn 0.4354 0.8784 0.1971
vn 0.4197 0.8924 0.1658
vn 0.3757 0.9109 -0.1707
vn 0.2828 0.9006 -0.3300
vn 0.1325 0.9861 -0.1005
vn 0.0472 0.9951 0.0864
vn -0.2405 0.9649 -0.1052
vn -0.1572 0.9875 -0.0087
vn -0.1253 0.9905 0.0574
vn -0.1303 0.9871 0.0927
vn -0.0781 0.9949 0.0642
vn 0.0070 0.9999 0.0103
vn 0.1384 0.9903 0.0154
vn 0.1267 0.9905 0.0527
vn 0.0218 0.9943 -0.1040
vn 0.1525 0.9797 0.1298
vn -0.1363 0.9866 0.0895
vn -0.1677 0.9824 -0.0826
vn -0.1585 0.9873 -0.0142
vn 0.0232 0.9903 0.1370
vn 0.0083 0.9998 -0.0178
vn -0.2387 0.9691 -0.0628
vn -0.0016 0.9959 0.0905
vn 0.0313 0.9951 0.0942
vn 0.2768 0.9253 0.2591
vn 0.2727 0.9327 0.2360
vn 0.2589 0.9628 0.0780
vn 0.3890 0.9201 -0.0466
vn 0.3906 0.8636 -0.3187
vn 0.1686 0.9261 -0.3374
vn -0.0316 0.9949 -0.0954
vn 0.0628 0.9951 0.0768
vn 0.1914 0.9770 0.0938
vn 0.0878 0.9936 -0.0715
vn 0.3712 0.9270 0.0537
vn 0.4484 0.8921 -0.0554
vn 0.2812 0.9417 -0.1849
vn 0.1498 0.9811 -0.1228
vn 0.2791 0.9603 -0.0032
vn 0.3192 0.9476 -0.0161
vn 0.4028 0.8975 0.1796
vn 0.4227 0.8864 0.1885
vn 0.4158 0.9033 -0.1057
vn 0.3396 0.9173 -0.2080
vn 0.2234 0.9746 0.0147
vn 0.1633 0.9740 0.1573
vn -0.2004 0.9654 -0.1669
vn -0.1312 0.9894 -0.0615
vn -0.0837 0.9953 0.0498
vn -0.0591 0.9957 0.0710
vn -0.0289 0.9995 0.0100
vn 0.0992 0.9942 -0.0411
vn 0.0903 0.9956 -0.0267
vn 0.1109 0.9889 0.0990
vn 0.0696 0.9960 -0.0565
vn -0.0499 0.9882 0.1450
vn -0.0702 0.9892 0.1288
vn 0.0105 0.9977 -0.0675
vn -0.0383 0.9990 0.0215
vn 0.0575 0.9983 -0.0062
vn 0.1572 0.9859 0.0570
vn 0.0037 1.0000 -0.0086
vn 0.0317 0.9993 -0.0191
vn 0.0814 0.9965 0.0162
vn 0.2186 0.9675 0.1270
vn 0.2612 0.9161 0.3042
vn 0.2297 0.9733 0.0024
vn 0.3896 0.9148 -0.1068
vn 0.3289 0.9334 -0.1435
vn 0.1394 0.9814 -0.1317
vn 0.1205 0.9778 -0.1713
vn 0.3515 0.9361 0.0161
vn 0.2433 0.9674 0.0701
vn 0.2110 0.9775 0.0023
vn 0.1258 0.9801 -0.1535
vn 0.2183 0.9736 -0.0664
vn 0.2738 0.9616 0.0164
vn 0.0142 0.9948 -0.1006
vn 0.1189 0.9897 -0.0797
vn 0.1595 0.9835 -0.0848
vn 0.2511 0.9630 0.0980
vn 0.3489 0.9179 0.1888
vn 0.3781 0.9241 -0.0547
vn 0.3460 0.9282 -0.1367
vn 0.3041 0.9495 0.0771
vn 0.2684 0.9431 0.1963
vn -0.0523 0.9778 -0.2028
vn 0.0063 0.9937 -0.1122
vn 0.0443 0.9985 0.0335
vn 0.0527 0.9974 0.0494
vn 0.0942 0.9954 -0.0191
vn 0.1010 0.9925 -0.0686
vn 0.0029 0.9993 0.0381
vn -0.0386 0.9986 0.0361
vn 0.1637 0.9855 -0.0441
vn -0.0414 0.9812 0.1886
vn 0.1538 0.9829 0.1008
vn 0.1239 0.9880 -0.0921
vn 0.2022 0.9791 -0.0215
vn 0.2118 0.9759 -0.0520
vn 0.2257 0.9706 0.0832
vn 0.3538 0.9341 0.0478
vn 0.0116 0.9999 0.0047
vn -0.0923 0.9955 0.0220
vn 0.0271 0.9996 0.0127
vn 0.2735 0.9263 0.2593
vn 0.3717 0.9261 0.0652
vn 0.3220 0.9366 -0.1384
vn 0.1961 0.9794 -0.0481
vn 0.1309 0.9784 -0.1601
vn 0.3042 0.9216 -0.2409
vn 0.2500 0.9667 0.0548
vn 0.1414 0.9873 0.0726
vn 0.3252 0.9434 0.0653
vn 0.1080 0.9941 -0.0095
vn -0.0908 0.9815 -0.1688
vn 0.1550 0.9872 -0.0380
vn 0.1921 0.9809 0.0304
vn -0.0248 0.9901 -0.1381
vn 0.0238 0.9961 -0.0848
vn 0.0213 0.9995 0.0228
vn 0.1893 0.9723 0.1371
vn 0.2933 0.9538 -0.0653
vn 0.3230 0.9367 -0.1352
vn 0.3422 0.9360 0.0828
vn 0.3479 0.9149 0.2047
vn 0.1808 0.9569 -0.2271
vn 0.2365 0.9614 -0.1407
vn 0.2129 0.9760 0.0467
vn 0.1471 0.9877 0.0533
vn 0.1232 0.9921 -0.0242
vn 0.0758 0.9971 -0.0099
vn 0.0276 0.9976 0.0633
vn 0.0656 0.9976 -0.0215
vn 0.0428 0.9988 0.0232
vn -0.2054 0.9638 0.1700
vn 0.2308 0.9730 -0.0084
vn 0.0549 0.9985 -0.0012
vn 0.0369 0.9982 -0.0474
vn -0.1724 0.9850 -0.0120
vn -0.1175 0.9886 -0.0937
vn 0.2562 0.9604 0.1093
vn 0.0051 0.9804 0.1969
vn 0.0113 0.9999 0.0103
vn 0.0427 0.9950 -0.0902
vn 0.1084 0.9918 0.0673
vn 0.2844 0.9577 0.0447
vn 0.3045 0.9523 -0.0184
vn 0.2003 0.9764 0.0805
vn 0.0807 0.9872 -0.1378
vn -0.0049 0.9684 -0.2493
vn -0.1736 0.9799 0.0988
vn -0.0750 0.9967 0.0309
vn 0.0377 0.9993 0.0081
vn -0.0164 0.9897 0.1425
vn 0.0476 0.9835 -0.1743
vn -0.0301 0.9893 -0.1427
vn -0.0393 0.9901 0.1351
vn -0.0359 0.9937 -0.1057
vn -0.0034 0.9961 -0.0886
vn -0.0700 0.9975 -0.0058
vn 0.0326 0.9990 0.0291
vn 0.1553 0.9800 -0.1244
vn 0.2063 0.9644 -0.1656
vn 0.2673 0.9627 0.0428
vn 0.3099 0.9316 0.1901
vn 0.2627 0.9283 -0.2631
vn 0.2767 0.9525 -0.1275
vn 0.2073 0.9736 0.0952
vn 0.1212 0.9870 0.1056
vn 0.0462 0.9989 -0.0003
vn 0.0472 0.9988 -0.0145
vn 0.1199 0.9914 0.0524
vn 0.0684 0.9975 0.0177
vn -0.0444 0.9905 0.1302
vn -0.1692 0.9756 0.1400
vn -0.0767 0.9906 -0.1132
vn -0.0451 0.9960 0.0767
vn -0.1678 0.9815 0.0926
vn -0.3530 0.9305 0.0980
vn -0.2678 0.9386 -0.2175
vn -0.1484 0.9889 0.0028
vn -0.0022 0.9860 0.1667
vn 0.3608 0.9291 -0.0807
vn -0.0679 0.9976 0.0127
vn 0.0857 0.9951 0.0490
vn 0.1401 0.9899 -0.0212
vn 0.0727 0.9973 -0.0074
vn -0.0363 0.9899 0.1367
vn 0.1858 0.9742 -0.1284
vn -0.2169 0.9735 -0.0722
vn -0.2324 0.9652 0.1202
vn 0.0015 0.9955 -0.0945
vn -0.0755 0.9967 0.0292
vn -0.0205 0.9981 0.0585
vn 0.1576 0.9768 -0.1452
vn -0.1497 0.9877 -0.0448
vn -0.0516 0.9977 0.0437
vn 0.0628 0.9914 -0.1145
vn -0.0923 0.9926 -0.0785
vn -0.0915 0.9956 0.0190
vn -0.0918 0.9954 -0.0264
vn -0.0120 0.9843 -0.1763
vn 0.0333 0.9775 -0.2083
vn 0.0858 0.9963 0.0055
vn 0.1228 0.9821 0.1429
vn 0.1503 0.9454 -0.2891
vn 0.1376 0.9858 -0.0957
vn 0.0712 0.9877 0.1396
vn -0.0088 0.9866 0.1632
vn -0.0635 0.9977 0.0237
vn -0.0616 0.9976 -0.0321
vn -0.0477 0.9986 0.0241
vn -0.0569 0.9976 0.0399
vn 0.0091 0.9785 0.2058
vn -0.1987 0.9569 0.2117
vn -0.0619 0.9785 -0.1968
vn 0.0890 0.9960 0.0117
vn 0.0734 0.9729 0.2193
vn 0.0150 0.9986 0.0509
vn 0.1136 0.9592 -0.2589
vn -0.0404 0.9982 -0.0448
vn 0.0246 0.9969 0.0752
vn 0.0264 0.9979 -0.0587
vn 0.0283 0.9973 0.0672
vn 0.0253 0.9980 -0.0574
vn 0.1621 0.9865 -0.0251
vn -0.0905 0.9924 0.0831
vn 0.1064 0.9931 0.0495
vn 0.0937 0.9945 -0.0460
vn -0.1360 0.9878 0.0764
vn 0.0769 0.9926 -0.0938
vn -0.0083 0.9967 -0.0806
vn 0.0252 0.9984 0.0510
vn 0.1867 0.9812 -0.0493
vn 0.1951 0.9804 -0.0286
vn -0.0696 0.9976 -0.0075
vn 0.1147 0.9917 -0.0580
vn 0.0018 1.0000 -0.0017
vn -0.0488 0.9984 -0.0287
vn -0.1055 0.9941 0.0233
vn -0.1202 0.9918 -0.0438
vn -0.0714 0.9754 -0.2086
vn -0.0695 0.9703 -0.2319
vn -0.0412 0.9991 -0.0141
vn -0.0223 0.9936 0.1109
vn -0.0094 0.9626 -0.2709
vn -0.0398 0.9963 -0.0764
vn -0.0853 0.9797 0.1816
vn -0.1151 0.9753 0.1884
vn -0.1223 0.9921 0.0271
vn -0.0858 0.9954 -0.0414
vn -0.0557 0.9969 0.0560
vn -0.1309 0.9913 0.0163
vn -0.0698 0.9836 0.1664
vn 0.1084 0.9866 0.1217
vn 0.1662 0.9651 -0.2022
vn 0.0392 0.9992 -0.0123
vn 0.1658 0.9733 0.1586
vn 0.2795 0.9564 0.0844
vn 0.1232 0.9786 -0.1649
vn -0.2135 0.9769 0.0035
vn -0.2035 0.9778 0.0503
vn -0.0454 0.9906 -0.1293
vn 0.3002 0.9535 0.0250
vn 0.0905 0.9959 -0.0023
vn -0.1045 0.9889 0.1052
vn -0.3178 0.9482 -0.0016
vn 0.1366 0.9878 -0.0754
vn 0.0313 0.9962 0.0812
vn -0.0319 0.9995 0.0075
vn 0.1349 0.9901 -0.0381
vn -0.0811 0.9967 0.0002
vn -0.0519 0.9921 -0.1139
vn 0.2087 0.9732 -0.0965
vn 0.0264 0.9991 0.0331
vn 0.0773 0.9910 0.1091
vn -0.1498 0.9854 -0.0808
vn -0.1398 0.9895 -0.0366
vn 0.0238 0.9997 -0.0094
vn -0.0617 0.9963 0.0598
vn -0.0444 0.9971 -0.0618
vn -0.0102 0.9761 -0.2172
vn -0.0375 0.9734 -0.2258
vn -0.0428 0.9988 -0.0239
vn -0.0580 0.9907 0.1234
vn -0.1115 0.9676 -0.2264
vn -0.1601 0.9855 -0.0567
vn -0.1703 0.9661 0.1943
vn -0.1237 0.9766 0.1761
vn -0.0590 0.9982 0.0086
vn -0.0399 0.9969 -0.0678
vn -0.0577 0.9974 0.0422
vn 0.0235 0.9986 0.0466
vn -0.1980 0.9691 0.1469
vn 0.1433 0.9897 -0.0015
vn 0.0758 0.9950 -0.0656
vn -0.1087 0.9939 -0.0169
vn -0.0703 0.9964 0.0471
vn 0.0324 0.9962 0.0808
vn 0.1544 0.9878 -0.0204
vn -0.0097 0.9939 0.1099
vn 0.0248 0.9975 -0.0667
vn -0.0454 0.9882 -0.1461
vn -0.0561 0.9978 -0.0341
vn 0.0551 0.9951 0.0819
vn -0.0163 0.9608 0.2767
vn 0.0535 0.9946 -0.0892
vn 0.0097 0.9877 -0.1559
vn 0.1556 0.9819 0.1082
vn 0.0873 0.9961 -0.0095
vn 0.0978 0.9932 -0.0633
vn 0.1669 0.9830 0.0768
vn 0.0347 0.9866 -0.1597
vn -0.2107 0.9775 -0.0086
vn -0.3438 0.9350 -0.0874
vn 0.2309 0.9635 0.1356
vn -0.0070 0.9985 0.0543
vn 0.0095 0.9928 -0.1195
vn 0.0037 0.9999 -0.0144
vn -0.0510 0.9958 0.0754
vn -0.0155 0.9961 -0.0865
vn 0.0219 0.9737 -0.2268
vn 0.0217 0.9762 -0.2159
vn 0.0134 0.9998 -0.0110
vn -0.0158 0.9900 0.1402
vn -0.1120 0.9757 -0.1881
vn -0.1597 0.9865 -0.0368
vn -0.1385 0.9758 0.1692
vn -0.0298 0.9939 0.1062
vn 0.0799 0.9963 -0.0332
vn 0.1004 0.9944 -0.0319
vn 0.0188 0.9985 0.0513
vn -0.0106 0.9971 0.0755
vn -0.0305 0.9913 0.1283
vn 0.0812 0.9885 -0.1274
vn 0.2019 0.9793 0.0169
vn -0.1232 0.9900 0.0687
vn 0.0261 0.9995 0.0169
vn -0.2176 0.9744 0.0565
vn -0.0253 0.9854 -0.1687
vn 0.2154 0.9707 0.1066
vn 0.2396 0.9699 0.0438
vn -0.3066 0.9518 -0.0015
vn -0.1120 0.9872 -0.1137
vn -0.1379 0.9904 -0.0077
vn 0.1486 0.9780 0.1463
vn 0.3601 0.9329 -0.0068
vn -0.0484 0.9896 -0.1353
vn 0.0525 0.9986 -0.0104
vn 0.0037 0.9994 0.0339
vn -0.0714 0.9974 -0.0045
vn -0.0009 0.9996 0.0279
vn 0.0740 0.9971 0.0203
vn -0.2339 0.9506 0.2041
vn -0.1101 0.9568 -0.2690
vn -0.1226 0.9924 -0.0065
vn 0.0576 0.9964 0.0626
vn 0.2066 0.9745 -0.0875
vn 0.0161 0.9997 0.0168
vn 0.0454 0.9961 0.0758
vn 0.0414 0.9933 -0.1075
vn 0.0606 0.9690 -0.2397
vn 0.0829 0.9717 -0.2210
vn 0.1052 0.9944 -0.0049
vn 0.1036 0.9829 0.1524
vn 0.0230 0.9867 -0.1610
vn -0.0088 0.9996 -0.0279
vn 0.0371 0.9914 0.1252
vn 0.1026 0.9937 0.0459
vn 0.1452 0.9877 -0.0580
vn 0.1239 0.9921 -0.0175
vn 0.0857 0.9939 0.0701
vn 0.0897 0.9910 0.0997
vn 0.1452 0.9828 0.1142
vn -0.0301 0.9939 -0.1058
vn -0.0197 0.9995 0.0253
vn -0.1784 0.9796 0.0930
vn 0.0364 0.9992 -0.0164
vn 0.0747 0.9897 0.1221
vn -0.0620 0.9609 -0.2700
vn 0.0552 0.9985 0.0059
vn 0.0384 0.9869 0.1569
vn 0.1365 0.9906 -0.0074
vn 0.0892 0.9944 -0.0559
vn -0.1167 0.9931 0.0104
vn -0.0499 0.9966 -0.0648
vn 0.0606 0.9969 0.0503
vn -0.0780 0.9963 -0.0353
vn -0.3512 0.9264 0.1362
vn -0.0925 0.9909 -0.0979
vn 0.0992 0.9939 -0.0486
vn -0.0587 0.9983 0.0055
vn -0.1425 0.9883 0.0538
vn 0.1427 0.9869 0.0757
vn 0.2757 0.9433 -0.1851
vn -0.1169 0.9930 -0.0161
vn 0.0496 0.9951 -0.0850
vn 0.0608 0.9966 -0.0556
vn 0.0759 0.9963 0.0396
vn 0.1213 0.9910 0.0557
vn 0.1203 0.9882 -0.0952
vn 0.0921 0.9655 -0.2435
vn 0.0976 0.9673 -0.2339
vn 0.1249 0.9918 -0.0264
vn 0.1623 0.9753 0.1501
vn 0.0973 0.9845 -0.1461
vn 0.0816 0.9960 -0.0371
vn 0.1464 0.9859 0.0815
vn 0.1960 0.9801 0.0327
vn 0.1822 0.9817 -0.0554
vn 0.0929 0.9949 0.0385
vn 0.0280 0.9974 0.0660
vn 0.0421 0.9976 0.0553
vn 0.2061 0.9733 0.1006
vn 0.2215 0.9745 0.0368
vn -0.1857 0.9822 0.0295
vn 0.0894 0.9941 0.0620
vn -0.1020 0.9904 -0.0933
vn 0.2651 0.9632 0.0441
vn 0.2377 0.9621 -0.1334
vn 0.0297 0.9992 0.0256
vn 0.0714 0.9973 0.0163
vn 0.1398 0.9901 0.0077
vn -0.1638 0.9830 0.0835
vn 0.0173 0.9995 0.0260
vn -0.0126 0.9993 -0.0365
vn -0.2939 0.9497 0.1084
vn -0.1697 0.9851 0.0282
vn 0.0084 0.9984 0.0560
vn 0.2811 0.9182 -0.2793
vn 0.1397 0.9897 0.0313
vn 0.1285 0.9820 0.1381
vn 0.0825 0.9966 0.0091
vn 0.2942 0.9487 -0.1163
vn 0.1707 0.9852 -0.0175
vn 0.0623 0.9980 0.0078
vn 0.0856 0.9963 -0.0109
vn -0.2096 0.9728 -0.0986
vn 0.0084 0.9993 -0.0358
vn 0.1165 0.9920 0.0490
vn 0.0834 0.9928 -0.0861
vn 0.0322 0.9762 -0.2144
vn -0.0374 0.9717 -0.2332
vn -0.0460 0.9979 -0.0451
vn 0.0219 0.9961 0.0853
vn 0.0677 0.9898 -0.1251
vn 0.0415 0.9979 -0.0497
vn 0.1015 0.9942 0.0366
vn 0.1468 0.9888 0.0285
vn 0.0999 0.9950 -0.0029
vn 0.0394 0.9971 0.0645
vn 0.0664 0.9925 0.1026
vn 0.0002 0.9989 0.0465
vn -0.0186 0.9988 -0.0447
vn 0.0473 0.9842 0.1704
vn -0.0792 0.9964 0.0302
vn 0.1330 0.9901 0.0447
vn -0.0705 0.9975 0.0102
vn -0.0558 0.9927 -0.1072
vn 0.0204 0.9967 -0.0785
vn -0.0887 0.9953 0.0385
vn 0.0612 0.9974 0.0387
vn 0.0059 0.9917 0.1281
vn 0.0731 0.9969 0.0307
vn 0.1086 0.9923 -0.0595
vn 0.0911 0.9957 0.0194
vn 0.1007 0.9839 0.1475
vn 0.1720 0.9845 -0.0349
vn 0.1224 0.9863 -0.1102
vn -0.2101 0.9688 -0.1312
vn -0.1271 0.9919 -0.0041
vn 0.0721 0.9961 0.0504
vn 0.0639 0.9965 -0.0537
vn 0.1014 0.9936 -0.0497
vn -0.1136 0.9924 0.0472
vn 0.0677 0.9961 -0.0565
vn 0.2178 0.9760 0.0055
vn 0.1522 0.9883 -0.0087
vn 0.0416 0.9939 -0.1023
vn 0.0873 0.9959 0.0240
vn 0.0488 0.9974 -0.0528
vn -0.0259 0.9875 -0.1556
vn -0.1399 0.9714 -0.1917
vn -0.1761 0.9816 -0.0745
vn -0.1011 0.9948 0.0087
vn 0.0124 0.9963 -0.0846
vn -0.0188 0.9983 -0.0553
vn 0.0221 0.9998 0.0002
vn 0.0577 0.9979 0.0287
vn 0.0335 0.9992 0.0229
vn 0.0180 0.9985 0.0510
vn 0.0774 0.9944 0.0718
vn 0.1421 0.9825 0.1206
vn -0.0461 0.9987 0.0223
vn -0.0273 0.9936 0.1099
vn 0.1009 0.9944 0.0311
vn 0.1789 0.9834 0.0313
vn 0.1309 0.9893 0.0646
vn -0.0161 0.9971 -0.0746
vn -0.1548 0.9868 -0.0474
vn -0.1301 0.9915 0.0076
vn -0.2162 0.9759 -0.0310
vn 0.0578 0.9982 -0.0160
vn 0.1520 0.9881 0.0232
vn -0.0486 0.9975 0.0511
vn -0.1495 0.9888 -0.0030
vn 0.0108 0.9999 0.0060
vn 0.1019 0.9916 0.0800
vn 0.1135 0.9935 0.0099
vn 0.1240 0.9889 -0.0816
vn 0.0228 0.9982 -0.0560
vn -0.0562 0.9973 0.0466
vn -0.0833 0.9964 0.0151
vn -0.1827 0.9829 -0.0212
vn 0.0194 0.9982 -0.0572
vn 0.1163 0.9863 -0.1172
vn 0.0512 0.9962 -0.0707
vn 0.1559 0.9878 0.0050
vn 0.1227 0.9924 -0.0052
vn 0.0434 0.9987 0.0277
vn 0.0531 0.9985 -0.0136
vn -0.0196 0.9951 -0.0974
vn -0.1101 0.9852 -0.1315
vn -0.1864 0.9789 -0.0833
vn -0.1759 0.9842 -0.0177
vn -0.0014 0.9991 -0.0416
vn -0.0362 0.9981 -0.0508
vn -0.0247 0.9995 -0.0209
vn -0.0047 0.9997 0.0233
vn -0.0106 0.9992 0.0390
vn -0.0274 0.9984 0.0490
vn -0.0119 0.9997 0.0228
vn 0.0527 0.9943 0.0924
vn 0.1175 0.9895 0.0841
vn 0.0989 0.9947 0.0288
vn 0.1990 0.9793 -0.0370
vn 0.2504 0.9680 0.0132
vn 0.2178 0.9697 0.1109
vn 0.1339 0.9897 0.0511
vn 0.1191 0.9927 -0.0199
vn 0.1836 0.9818 0.0497
vn 0.0721 0.9969 -0.0308
vn 0.0302 0.9977 -0.0600
vn 0.0459 0.9984 0.0322
vn 0.1172 0.9856 0.1215
vn 0.1190 0.9928 0.0133
vn 0.0767 0.9954 -0.0575
vn 0.0919 0.9958 -0.0026
vn 0.1600 0.9761 -0.1471
vn 0.2696 0.9610 -0.0622
vn 0.0500 0.9944 0.0929
vn 0.0629 0.9967 0.0508
vn 0.2180 0.9755 0.0300
vn 0.0597 0.9965 -0.0590
vn 0.1220 0.9851 -0.1210
vn 0.0389 0.9946 -0.0964
vn 0.0284 0.9993 -0.0232
vn 0.0219 0.9997 -0.0050
vn 0.0503 0.9987 -0.0035
vn 0.0302 0.9993 0.0212
vn 0.0657 0.9978 -0.0051
vn 0.0342 0.9974 -0.0627
vn -0.0382 0.9969 -0.0682
vn -0.1230 0.9910 -0.0531
vn -0.1430 0.9893 -0.0294
vn -0.0085 0.9998 -0.0186
vn -0.0327 0.9987 -0.0378
vn -0.0326 0.9991 -0.0288
vn -0.0234 0.9996 0.0144
vn -0.0137 0.9989 0.0446
vn -0.0093 0.9990 0.0435
vn 0.0050 0.9995 0.0325
vn 0.0063 1.0000 0.0044
vn 0.1428 0.9874 0.0676
vn 0.1728 0.9849 0.0136
vn 0.1432 0.9888 -0.0419
vn 0.0313 0.9988 0.0389
vn 0.0867 0.9910 0.1024
vn 0.1697 0.9852 0.0239
vn 0.2259 0.9686 -0.1042
vn 0.2560 0.9667 0.0034
vn 0.3355 0.9384 0.0831
vn 0.0834 0.9965 0.0029
vn 0.0918 0.9939 -0.0617
vn 0.2487 0.9682 -0.0265
vn 0.3659 0.9303 0.0270
vn 0.3598 0.9330 -0.0040
vn 0.2986 0.9538 0.0346
vn 0.2181 0.9753 -0.0361
vn -0.0360 0.9992 -0.0159
vn 0.0815 0.9954 0.0498
vn 0.2085 0.9778 -0.0200
vn 0.2148 0.9766 0.0051
vn 0.2365 0.9709 0.0368
vn 0.0520 0.9974 -0.0506
vn -0.0103 0.9973 -0.0728
vn -0.0036 0.9975 -0.0707
vn 0.0511 0.9986 -0.0166
vn 0.0619 0.9981 -0.0058
vn 0.0591 0.9980 0.0203
vn 0.0694 0.9976 -0.0051
vn 0.0465 0.9982 -0.0390
vn 0.0009 0.9998 -0.0205
vn -0.0533 0.9984 -0.0183
vn -0.0807 0.9966 -0.0173
vn -0.0065 1.0000 -0.0060
vn -0.0190 0.9994 -0.0295
vn -0.0168 0.9994 -0.0317
vn -0.0102 0.9999 0.0072
vn 0.0011 0.9993 0.0385
vn 0.0153 0.9994 0.0314
vn 0.0341 0.9993 0.0141
vn 0.0659 0.9978 0.0101
vn 0.0410 0.9992 -0.0003
vn 0.1060 0.9943 0.0083
vn 0.0651 0.9975 0.0283
vn 0.0581 0.9978 0.0313
vn 0.1074 0.9929 0.0505
vn 0.1707 0.9853 0.0107
vn 0.0689 0.9951 -0.0710
vn -0.0201 0.9992 -0.0333
vn 0.1326 0.9869 0.0924
vn 0.1544 0.9867 0.0507
vn 0.0459 0.9989 -0.0118
vn -0.0503 0.9950 -0.0858
vn -0.0359 0.9991 -0.0205
vn 0.0564 0.9984 0.0050
vn 0.0027 0.9997 0.0261
vn 0.1159 0.9919 0.0520
vn 0.0213 0.9998 0.0037
vn 0.1166 0.9930 -0.0167
vn 0.1270 0.9916 -0.0242
vn 0.0216 0.9992 -0.0333
vn 0.1763 0.9839 0.0286
vn 0.1918 0.9814 0.0119
vn 0.1431 0.9887 -0.0457
vn 0.0766 0.9958 -0.0501
vn 0.0442 0.9987 -0.0239
vn 0.0267 0.9996 -0.0082
vn 0.0406 0.9991 0.0153
vn 0.0509 0.9987 -0.0042
vn 0.0429 0.9988 -0.0221
vn 0.0239 0.9997 -0.0011
vn -0.0025 1.0000 0.0076
vn -0.0245 0.9997 0.0011
vn 0.0149 0.9999 0.0013
vn 0.0067 0.9996 -0.0264
vn 0.0115 0.9993 -0.0355
vn 0.0174 0.9998 0.0024
vn 0.0188 0.9993 0.0323
vn 0.0217 0.9994 0.0273
vn 0.0225 0.9997 0.0066
vn 0.0258 0.9997 0.0018
vn 0.0447 0.9990 0.0022
vn 0.0248 0.9997 0.0038
vn 0.0495 0.9986 0.0175
vn 0.0625 0.9979 0.0141
vn 0.1015 0.9947 0.0163
vn 0.1259 0.9920 0.0116
vn 0.1086 0.9941 -0.0020
vn 0.0073 0.9999 -0.0137
vn 0.0177 0.9998 0.0058
vn 0.1248 0.9913 0.0423
vn 0.1496 0.9877 0.0450
vn 0.0817 0.9964 -0.0215
vn 0.0304 0.9986 -0.0437
vn 0.0390 0.9992 -0.0004
vn 0.0337 0.9994 0.0063
vn 0.0863 0.9963 -0.0018
vn 0.1769 0.9842 0.0042
vn 0.0954 0.9952 -0.0210
vn 0.1084 0.9940 0.0109
vn 0.0689 0.9976 -0.0086
vn 0.0612 0.9973 -0.0417
vn 0.1005 0.9949 0.0074
vn 0.1067 0.9942 -0.0156
vn 0.0399 0.9992 -0.0089
vn 0.0332 0.9994 -0.0126
vn 0.0092 1.0000 -0.0012
vn 0.0185 0.9998 0.0055
vn 0.0261 0.9996 -0.0062
vn 0.0256 0.9995 -0.0161
vn 0.0266 0.9996 0.0019
vn 0.0266 0.9995 0.0198
vn 0.0191 0.9997 0.0165
vn 0.0583 0.9982 0.0101
vn 0.0484 0.9985 -0.0241
vn 0.0460 0.9982 -0.0380
vn 0.0489 0.9988 0.0024
vn 0.0400 0.9986 0.0360
vn 0.0271 0.9991 0.0329
vn 0.0085 0.9999 0.0090
vn -0.0013 1.0000 0.0007
vn 0.0057 1.0000 0.0004
vn 0.0099 0.9999 0.0026
vn 0.0148 0.9999 0.0034
vn 0.0317 0.9995 0.0057
vn 0.0432 0.9990 0.0101
vn 0.0400 0.9992 -0.0000
vn 0.0561 0.9984 0.0119
vn 0.0707 0.9974 0.0100
vn 0.0308 0.9995 0.0106
vn 0.0456 0.9989 -0.0129
vn 0.0932 0.9953 0.0266
vn 0.1266 0.9919 -0.0055
vn 0.0841 0.9963 -0.0181
vn 0.0463 0.9988 0.0147
vn 0.0705 0.9974 -0.0110
vn 0.0337 0.9994 -0.0017
vn 0.0720 0.9974 -0.0037
vn 0.0454 0.9989 -0.0128
vn 0.0593 0.9982 0.0049
vn 0.0803 0.9967 -0.0078
vn 0.0414 0.9990 -0.0160
vn 0.0186 0.9998 -0.0002
vn 0.0233 0.9997 -0.0007
vn 0.0121 0.9999 -0.0037
vn 0.0044 1.0000 -0.0050
vn 0.0002 1.0000 -0.0000
vn 0.0023 1.0000 0.0019
vn 0.0043 1.0000 -0.0082
vn 0.0069 0.9998 -0.0173
vn 0.0214 0.9997 -0.0085
vn 0.0463 0.9988 0.0155
vn 0.0587 0.9981 0.0202
vn 0.0991 0.9948 0.0229
vn 0.0832 0.9964 -0.0170
vn 0.0597 0.9977 -0.0330
vn 0.0603 0.9982 0.0033
vn 0.0534 0.9975 0.0463
vn 0.0288 0.9984 0.0486
vn -0.0051 0.9997 0.0219
vn -0.0184 0.9998 0.0036
vn -0.0245 0.9997 -0.0045
vn -0.0112 0.9999 -0.0005
vn -0.0141 0.9999 0.0004
vn -0.0036 1.0000 -0.0014
vn 0.0047 1.0000 0.0011
vn 0.0173 0.9998 0.0013
vn 0.0150 0.9999 0.0023
vn 0.0323 0.9994 0.0076
vn 0.0509 0.9987 0.0013
vn 0.0443 0.9990 -0.0056
vn 0.0349 0.9994 0.0030
vn 0.0598 0.9982 -0.0007
vn 0.0298 0.9995 0.0041
vn 0.0478 0.9988 0.0096
vn 0.0474 0.9989 -0.0050
vn 0.0359 0.9994 -0.0009
vn 0.0412 0.9991 -0.0050
vn 0.0256 0.9997 -0.0060
vn 0.0218 0.9998 -0.0025
vn 0.0244 0.9997 -0.0019
vn 0.0104 0.9999 -0.0020
vn 0.0017 1.0000 0.0008
vn 0.0020 1.0000 0.0015
vn -0.0062 1.0000 0.0031
vn -0.0116 0.9999 -0.0017
vn -0.0109 0.9999 -0.0000
vn -0.0095 1.0000 0.0007
vn -0.0092 0.9999 -0.0082
vn -0.0080 0.9996 -0.0259
vn 0.0119 0.9997 -0.0211
vn 0.0570 0.9983 -0.0075
vn 0.0911 0.9958 -0.0019
vn 0.1015 0.9940 0.0400
vn 0.0713 0.9974 0.0082
vn 0.0223 0.9994 -0.0248
vn 0.0232 0.9997 0.0016
vn 0.0297 0.9982 0.0529
vn -0.0000 0.9975 0.0711
vn -0.0475 0.9979 0.0435
vn -0.0516 0.9986 0.0087
vn -0.0653 0.9978 -0.0132
vn -0.0128 0.9999 -0.0029
vn -0.0231 0.9997 0.0037
vn -0.0312 0.9995 -0.0096
vn -0.0348 0.9994 -0.0019
vn -0.0221 0.9997 -0.0051
vn -0.0046 1.0000 -0.0010
vn -0.0087 1.0000 0.0014
vn -0.0021 1.0000 -0.0007
vn -0.0072 1.0000 -0.0014
vn -0.0016 1.0000 -0.0000
vn -0.0014 1.0000 0.0012
vn -0.0032 1.0000 -0.0006
vn 0.0115 0.9999 0.0019
vn 0.0125 0.9999 -0.0004
vn 0.0095 1.0000 0.0003
vn 0.0047 1.0000 -0.0006
vn -0.0004 1.0000 -0.0012
vn -0.0102 0.9999 0.0006
vn -0.0049 1.0000 0.0004
vn -0.0112 0.9999 0.0030
vn -0.0166 0.9999 0.0029
vn -0.0132 0.9999 0.0037
vn -0.0134 0.9999 0.0042
vn -0.0245 0.9997 0.0002
vn -0.0187 0.9998 -0.0017
vn -0.0240 0.9997 0.0016
vn -0.0257 0.9997 -0.0056
vn -0.0294 0.9989 -0.0362
vn 0.0044 0.9990 -0.0434
vn 0.0761 0.9960 -0.0470
vn 0.1174 0.9924 -0.0380
vn 0.0365 0.9979 0.0543
vn 0.0018 0.9991 0.0435
vn -0.0604 0.9982 -0.0052
vn -0.0598 0.9982 -0.0007
vn -0.0374 0.9979 0.0538
vn -0.0707 0.9925 0.0996
vn -0.0981 0.9937 0.0549
vn -0.0880 0.9960 0.0141
vn -0.0760 0.9967 -0.0298
vn -0.0526 0.9981 -0.0332
vn -0.0227 0.9997 0.0131
vn -0.0583 0.9983 0.0039
vn -0.0564 0.9984 -0.0020
vn -0.0742 0.9971 -0.0190
vn -0.0291 0.9996 -0.0049
vn -0.0493 0.9988 0.0051
vn -0.0406 0.9992 -0.0030
vn -0.0344 0.9994 -0.0063
vn -0.0180 0.9998 -0.0007
vn -0.0372 0.9993 0.0038
vn -0.0259 0.9997 -0.0030
vn -0.0244 0.9997 -0.0020
vn -0.0259 0.9997 -0.0000
vn -0.0273 0.9996 0.0030
vn -0.0336 0.9994 -0.0027
vn -0.0095 1.0000 0.0025
vn -0.0360 0.9993 0.0050
vn -0.0654 0.9978 0.0047
vn -0.0598 0.9982 0.0013
vn -0.0368 0.9993 -0.0008
vn -0.0257 0.9997 0.0006
vn -0.0667 0.9976 0.0201
vn -0.0602 0.9981 -0.0094
vn -0.0217 0.9998 -0.0021
vn -0.0108 0.9999 0.0013
vn -0.0348 0.9994 -0.0002
vn -0.0262 0.9986 -0.0450
vn 0.0085 0.9967 -0.0812
vn 0.0712 0.9938 -0.0852
vn 0.0822 0.9954 -0.0499
vn -0.1482 0.9860 0.0765
vn -0.1964 0.9774 0.0786
vn -0.2171 0.9762 -0.0014
vn -0.1535 0.9878 -0.0269
vn -0.1063 0.9928 0.0546
vn -0.1252 0.9853 0.1160
vn -0.1144 0.9926 0.0405
vn -0.0626 0.9980 -0.0032
vn -0.0646 0.9974 -0.0306
vn -0.0625 0.9975 -0.0318
vn -0.0761 0.9970 0.0135
vn -0.1483 0.9889 0.0117
vn -0.0711 0.9974 -0.0110
vn -0.0375 0.9990 -0.0223
vn -0.0147 0.9997 -0.0169
vn -0.0178 0.9998 0.0102
vn -0.0477 0.9989 -0.0009
vn -0.0545 0.9985 -0.0092
vn -0.0694 0.9976 0.0029
vn -0.0659 0.9978 0.0056
vn -0.0634 0.9979 -0.0149
vn -0.0426 0.9991 -0.0003
vn -0.0645 0.9979 0.0060
vn -0.0886 0.9960 0.0127
vn -0.1178 0.9928 -0.0222
vn -0.0298 0.9996 0.0010
vn -0.0938 0.9946 0.0448
vn -0.0865 0.9962 0.0037
vn -0.0652 0.9977 -0.0165
vn -0.0810 0.9967 -0.0059
vn -0.0875 0.9960 0.0181
vn -0.0916 0.9957 0.0167
vn -0.0302 0.9993 -0.0230
vn -0.0386 0.9984 -0.0402
vn 0.0400 0.9992 0.0002
vn 0.0446 0.9990 0.0078
vn 0.0435 0.9976 -0.0544
vn 0.0724 0.9909 -0.1137
vn 0.0576 0.9949 -0.0832
vn -0.0381 0.9992 0.0124
vn -0.3319 0.9368 0.1103
vn -0.3781 0.9204 0.0997
vn -0.3278 0.9431 -0.0548
vn -0.2195 0.9732 -0.0691
vn -0.1939 0.9800 0.0450
vn -0.1074 0.9898 0.0934
vn -0.1292 0.9908 0.0410
vn -0.1488 0.9883 -0.0346
vn -0.0767 0.9965 -0.0322
vn -0.2229 0.9740 -0.0404
vn -0.0383 0.9978 0.0546
vn -0.0948 0.9947 0.0394
vn -0.1268 0.9887 -0.0797
vn -0.0540 0.9979 -0.0349
vn -0.1123 0.9935 -0.0190
vn -0.0949 0.9955 0.0076
vn -0.0605 0.9980 0.0172
vn -0.0809 0.9967 0.0071
vn -0.1176 0.9930 0.0079
vn -0.1018 0.9948 0.0037
vn -0.1313 0.9912 -0.0151
vn -0.1430 0.9896 -0.0151
vn -0.0685 0.9973 0.0266
vn -0.0964 0.9944 0.0437
vn -0.1825 0.9825 -0.0380
vn -0.0907 0.9957 -0.0180
vn -0.1470 0.9874 0.0587
vn -0.0869 0.9953 -0.0437
vn -0.0146 0.9999 0.0030
vn -0.1522 0.9882 0.0138
vn -0.0689 0.9975 0.0156
vn -0.0792 0.9965 -0.0259
vn 0.0035 0.9998 -0.0202
vn 0.0107 0.9979 -0.0646
vn 0.0945 0.9943 -0.0483
vn 0.1730 0.9849 -0.0094
vn 0.1712 0.9837 -0.0552
vn 0.1261 0.9893 -0.0730
vn -0.0552 0.9984 -0.0087
vn -0.2337 0.9577 0.1681
vn -0.3582 0.9203 0.1575
vn -0.3793 0.9216 0.0822
vn -0.2855 0.9491 -0.1329
vn -0.1539 0.9804 -0.1227
vn -0.0867 0.9962 -0.0007
vn -0.0532 0.9958 0.0745
vn -0.1367 0.9866 0.0889
vn -0.1321 0.9896 -0.0571
vn -0.0493 0.9973 0.0546
vn -0.3026 0.9531 -0.0034
vn -0.2190 0.9722 -0.0830
vn -0.2380 0.9693 0.0614
vn -0.1362 0.9877 -0.0768
vn -0.0425 0.9989 -0.0201
vn -0.2460 0.9680 0.0493
vn -0.3137 0.9492 -0.0271
vn -0.2114 0.9774 -0.0091
vn -0.1968 0.9802 0.0196
vn -0.1983 0.9801 -0.0094
vn -0.0877 0.9961 0.0086
vn -0.0420 0.9991 -0.0009
vn -0.0487 0.9977 -0.0472
vn -0.1547 0.9880 0.0032
vn -0.0766 0.9933 0.0871
vn -0.1093 0.9934 -0.0337
vn -0.0549 0.9974 -0.0458
vn -0.0251 0.9957 0.0888
vn -0.1044 0.9906 -0.0885
vn -0.2197 0.9728 0.0729
vn -0.1965 0.9800 -0.0315
vn -0.0381 0.9989 -0.0254
vn -0.1164 0.9931 -0.0171
vn -0.0476 0.9955 -0.0821
vn 0.1168 0.9861 -0.1182
vn 0.1711 0.9809 -0.0920
vn 0.2134 0.9766 -0.0282
vn 0.1885 0.9811 -0.0440
vn 0.1235 0.9921 0.0235
vn -0.1057 0.9817 0.1584
vn -0.2920 0.9042 0.3118
vn -0.1828 0.9608 0.2083
vn -0.1956 0.9793 0.0516
vn -0.1099 0.9747 -0.1947
vn -0.0167 0.9793 -0.2018
vn 0.0425 0.9991 -0.0059
vn -0.0544 0.9928 0.1068
vn 0.0044 0.9973 0.0738
vn 0.0207 0.9951 -0.0972
vn 0.0556 0.9946 0.0876
vn -0.0262 0.9955 0.0909
vn -0.0806 0.9956 -0.0473
vn -0.0895 0.9958 0.0181
vn -0.1488 0.9779 -0.1467
vn -0.2393 0.9710 0.0009
vn -0.3244 0.9344 0.1473
vn -0.3016 0.9533 -0.0172
vn -0.3463 0.9347 -0.0802
vn -0.2491 0.9683 0.0197
vn -0.2462 0.9669 -0.0664
vn 0.0557 0.9902 -0.1281
vn -0.0445 0.9988 0.0221
vn -0.1186 0.9908 0.0659
vn -0.2388 0.9710 0.0120
vn -0.1185 0.9928 0.0182
vn 0.0208 0.9974 -0.0688
vn -0.2204 0.9730 -0.0685
vn 0.0086 0.9959 0.0900
vn -0.1845 0.9820 0.0398
vn -0.1691 0.9812 0.0935
vn -0.1755 0.9775 -0.1173
vn -0.0616 0.9965 -0.0567
vn 0.0264 0.9996 0.0031
vn 0.0214 0.9870 -0.1592
vn 0.0679 0.9851 -0.1578
vn 0.0364 0.9919 -0.1213
vn 0.1030 0.9943 -0.0267
vn 0.0716 0.9974 -0.0035
vn -0.0189 0.9954 0.0937
vn -0.1292 0.9482 0.2902
vn -0.1745 0.9114 0.3728
vn 0.1077 0.9680 0.2266
vn 0.1053 0.9938 0.0347
vn 0.1567 0.9584 -0.2387
vn 0.1681 0.9588 -0.2289
vn 0.1472 0.9887 0.0289
vn 0.0621 0.9898 0.1278
vn 0.0448 0.9974 0.0566
vn -0.0629 0.9943 -0.0860
vn -0.0037 0.9926 0.1211
vn -0.0377 0.9971 0.0656
vn 0.0658 0.9882 -0.1383
vn 0.3387 0.9391 0.0578
vn 0.1200 0.9926 0.0161
vn -0.0761 0.9922 0.0991
vn -0.0881 0.9920 0.0908
vn 0.0441 0.9990 0.0005
vn 0.0204 0.9950 -0.0976
vn 0.0533 0.9984 -0.0190
vn -0.2047 0.9767 -0.0649
vn -0.2022 0.9709 -0.1282
vn -0.3673 0.9247 0.0999
vn -0.2515 0.9671 0.0369
vn -0.0494 0.9983 -0.0310
vn -0.0611 0.9968 -0.0520
vn -0.0072 0.9981 0.0604
vn -0.4950 0.8644 0.0883
vn -0.3968 0.9146 -0.0783
vn -0.0454 0.9968 0.0659
vn 0.0535 0.9972 0.0521
vn -0.1365 0.9896 0.0457
vn -0.3396 0.9128 -0.2269
vn 0.0493 0.9976 -0.0495
vn 0.0083 0.9920 -0.1258
vn -0.0845 0.9881 -0.1285
vn -0.0892 0.9881 -0.1251
vn -0.0775 0.9957 -0.0512
vn -0.0804 0.9963 0.0292
vn -0.1218 0.9830 0.1372
vn -0.0655 0.9585 0.2775
vn 0.0433 0.9289 0.3679
vn 0.3358 0.9197 0.2032
vn 0.3539 0.9350 0.0249
vn 0.3350 0.9137 -0.2303
vn 0.2287 0.9611 -0.1547
vn 0.0842 0.9958 0.0363
vn 0.1255 0.9752 0.1824
vn -0.0347 0.9900 0.1365
vn -0.0590 0.9941 -0.0910
vn 0.0058 0.9972 0.0740
vn 0.0829 0.9940 0.0714
vn -0.0202 0.9786 -0.2046
vn -0.0140 0.9990 0.0417
vn -0.0549 0.9974 0.0470
vn -0.1113 0.9799 0.1657
vn 0.0540 0.9985 0.0100
vn 0.1846 0.9785 -0.0918
vn 0.2492 0.9642 -0.0911
vn 0.0739 0.9911 0.1104
vn -0.0094 0.9968 0.0800
vn -0.2506 0.9677 -0.0264
vn -0.0109 0.9995 0.0311
vn -0.1616 0.9836 -0.0797
vn 0.0087 0.9953 -0.0969
vn -0.1593 0.9823 -0.0988
vn 0.1027 0.9767 0.1886
vn -0.0201 0.9699 0.2426
vn -0.1598 0.9484 -0.2737
vn 0.0309 0.9921 -0.1218
vn -0.0247 0.9994 0.0237
vn 0.2520 0.9442 0.2118
vn -0.0533 0.9821 -0.1809
vn -0.0294 0.9839 -0.1765
vn -0.0826 0.9942 -0.0685
vn -0.1909 0.9732 -0.1281
vn -0.1175 0.9868 -0.1114
vn -0.1769 0.9832 -0.0450
vn -0.1806 0.9827 0.0420
vn -0.1808 0.9760 0.1215
vn -0.0127 0.9882 0.1524
vn 0.1914 0.9400 0.2824
vn 0.3907 0.9028 0.1797
vn 0.4112 0.9113 0.0232
vn 0.3444 0.9226 -0.1739
vn 0.2037 0.9784 -0.0350
vn 0.0606 0.9950 0.0797
vn -0.0328 0.9747 0.2212
vn -0.0275 0.9888 0.1467
vn 0.1850 0.9728 -0.1392
vn 0.0216 0.9971 0.0726
vn 0.0870 0.9923 0.0885
vn -0.0882 0.9921 -0.0887
vn -0.2619 0.9621 0.0753
vn -0.1559 0.9873 0.0320
vn 0.0261 0.9961 0.0841
vn 0.1979 0.9743 -0.1075
vn 0.1563 0.9856 -0.0647
vn -0.0948 0.9955 -0.0021
vn -0.2176 0.9681 0.1242
vn 0.1644 0.9862 0.0191
vn 0.1861 0.9770 -0.1041
vn 0.4062 0.9134 0.0276
vn 0.1404 0.9875 0.0720
vn -0.0499 0.9969 -0.0616
vn -0.0617 0.9942 -0.0885
vn -0.0087 0.9990 0.0450
vn 0.3378 0.9118 0.2334
vn 0.3735 0.9110 -0.1751
vn 0.0273 0.9992 -0.0302
vn -0.0975 0.9944 -0.0410
vn 0.0761 0.9965 0.0342
vn 0.2560 0.9636 -0.0769
vn 0.0443 0.9919 -0.1188
vn -0.1216 0.9926 -0.0035
vn -0.0999 0.9913 -0.0854
vn -0.1549 0.9795 -0.1285
vn -0.1876 0.9820 -0.0211
vn -0.1985 0.9791 0.0441
vn -0.1509 0.9878 0.0379
vn 0.0281 0.9990 0.0356
vn 0.1982 0.9782 0.0625
vn 0.3411 0.9227 0.1798
vn 0.3414 0.9389 0.0436
vn 0.2276 0.9700 -0.0854
vn 0.0305 0.9980 0.0547
vn -0.0850 0.9821 0.1680
vn -0.1495 0.9627 0.2254
vn 0.0023 0.9994 0.0349
vn 0.0302 0.9916 -0.1254
vn -0.1358 0.9818 0.1326
vn 0.0789 0.9918 0.1008
vn -0.1230 0.9916 0.0399
vn -0.1295 0.9909 0.0358
vn -0.0616 0.9931 -0.0994
vn 0.1864 0.9804 -0.0640
vn -0.0246 0.9989 -0.0406
vn -0.0267 0.9987 0.0445
vn -0.0894 0.9921 0.0879
vn -0.0323 0.9966 0.0754
vn -0.0384 0.9946 -0.0964
vn -0.0449 0.9710 -0.2349
vn 0.0621 0.9969 0.0492
vn -0.0558 0.9707 0.2338
vn -0.0900 0.9955 -0.0290
vn 0.1479 0.9848 -0.0914
vn -0.2167 0.9758 -0.0277
vn -0.0137 0.9962 0.0856
vn 0.0251 0.9931 -0.1145
vn -0.0192 0.9943 0.1044
vn 0.0184 0.9988 -0.0451
vn 0.0549 0.9976 -0.0414
vn 0.0290 0.9992 -0.0258
vn -0.1690 0.9856 -0.0094
vn -0.1245 0.9921 -0.0129
vn -0.1021 0.9899 -0.0988
vn -0.1547 0.9841 -0.0876
vn -0.1945 0.9809 -0.0025
vn -0.2053 0.9781 0.0346
vn -0.1264 0.9899 -0.0640
vn 0.0782 0.9950 -0.0624
vn 0.2486 0.9580 -0.1428
vn 0.2328 0.9513 0.2021
vn 0.1927 0.9751 0.1100
vn 0.0418 0.9988 0.0267
vn -0.1531 0.9767 0.1502
vn -0.2321 0.9483 0.2165
vn -0.1840 0.9691 0.1641
vn -0.0652 0.9979 -0.0048
vn -0.2133 0.9764 -0.0336
vn -0.1632 0.9858 0.0391
vn -0.0362 0.9971 0.0666
vn 0.1094 0.9935 0.0329
vn 0.2410 0.9697 0.0403
vn 0.1408 0.9813 -0.1309
vn -0.0145 0.9992 0.0372
vn -0.1970 0.9797 0.0359
vn -0.0257 0.9979 -0.0599
vn 0.0704 0.9970 0.0322
vn -0.0862 0.9856 0.1455
vn -0.1917 0.9814 0.0050
vn -0.2633 0.9397 -0.2181
vn -0.1897 0.9818 -0.0046
vn -0.0443 0.9839 0.1730
vn 0.0848 0.9937 -0.0732
vn -0.0616 0.9965 -0.0573
vn -0.1113 0.9912 0.0723
vn -0.2644 0.9597 0.0952
vn -0.1574 0.9746 -0.1595
vn -0.1434 0.9881 0.0561
vn -0.2423 0.9680 -0.0652
vn -0.1504 0.9873 -0.0501
vn -0.2025 0.9776 0.0577
vn -0.1951 0.9773 -0.0828
vn 0.1213 0.9923 -0.0264
vn 0.0001 0.9982 -0.0599
vn -0.1292 0.9908 -0.0411
vn -0.2272 0.9734 0.0295
vn -0.2224 0.9749 -0.0100
vn -0.1066 0.9846 -0.1382
vn 0.0983 0.9705 -0.2201
vn 0.2357 0.9411 -0.2424
vn 0.0579 0.9729 0.2240
vn 0.0244 0.9839 0.1771
vn -0.1013 0.9850 0.1393
vn -0.2300 0.9480 0.2200
vn -0.2384 0.9498 0.2024
vn -0.1226 0.9893 0.0797
vn 0.0102 0.9999 -0.0088
vn -0.0539 0.9978 0.0379
vn -0.1010 0.9948 -0.0119
vn -0.0515 0.9979 -0.0394
vn 0.1583 0.9798 -0.1220
vn 0.0874 0.9918 0.0934
vn 0.0303 0.9985 -0.0452
vn -0.0208 0.9908 0.1337
vn 0.0988 0.9951 -0.0052
vn 0.0131 0.9933 -0.1152
vn -0.0658 0.9908 0.1180
vn -0.0025 0.9739 0.2268
vn -0.0859 0.9961 -0.0189
vn -0.0970 0.9792 -0.1780
vn -0.1991 0.9741 -0.1076
vn -0.0042 0.9950 0.0993
vn 0.0100 0.9997 0.0227
vn -0.1636 0.9865 0.0082
vn 0.0583 0.9949 0.0828
vn -0.0548 0.9982 0.0256
vn 0.0998 0.9827 -0.1560
vn -0.0369 0.9890 0.1431
vn -0.0824 0.9964 -0.0194
vn -0.0519 0.9956 -0.0785
vn -0.0504 0.9975 0.0489
vn 0.0215 0.9799 -0.1986
vn 0.0080 0.9968 -0.0795
vn 0.0187 0.9997 0.0185
vn -0.1367 0.9887 0.0621
vn -0.2302 0.9717 0.0533
vn -0.1351 0.9883 -0.0705
vn 0.0048 0.9744 -0.2247
vn 0.1383 0.9364 -0.3225
vn 0.1559 0.9513 -0.2658
vn -0.1445 0.9598 0.2405
vn -0.1848 0.9600 0.2105
vn -0.2353 0.9502 0.2043
vn -0.2306 0.9467 0.2250
vn -0.1006 0.9872 0.1236
vn 0.0274 0.9996 -0.0053
vn 0.1331 0.9897 -0.0536
vn 0.2015 0.9770 0.0701
vn 0.0466 0.9984 0.0321
vn -0.0116 0.9961 -0.0873
vn -0.1241 0.9917 -0.0345
vn -0.2428 0.9645 0.1042
vn -0.1458 0.9874 -0.0619
vn -0.0452 0.9984 0.0332
vn 0.0214 0.9976 0.0656
vn -0.2871 0.9579 -0.0016
vn -0.2177 0.9759 -0.0160
vn 0.2469 0.9668 0.0660
vn 0.2698 0.9589 0.0884
vn 0.2037 0.9673 -0.1513
vn -0.0284 0.9996 0.0025
vn -0.2057 0.9744 0.0907
vn -0.0571 0.9962 -0.0661
vn 0.0654 0.9976 -0.0222
vn -0.0558 0.9966 0.0598
vn -0.0209 0.9998 0.0027
vn 0.1029 0.9834 -0.1496
vn 0.1363 0.9871 0.0838
vn 0.3305 0.9425 -0.0508
vn 0.2141 0.9758 -0.0450
vn 0.2293 0.9732 0.0195
vn 0.1983 0.9712 -0.1322
vn -0.0914 0.9958 -0.0048
vn -0.0782 0.9955 0.0532
vn -0.1638 0.9778 0.1307
vn -0.1613 0.9868 0.0162
vn -0.0350 0.9878 -0.1514
vn 0.1039 0.9439 -0.3136
vn 0.1322 0.9363 -0.3253
vn 0.0287 0.9807 -0.1933
vn -0.2544 0.9319 0.2584
vn -0.2756 0.9341 0.2268
vn -0.2578 0.9466 0.1936
vn -0.1631 0.9750 0.1506
vn 0.0338 0.9991 0.0274
vn 0.0538 0.9967 -0.0604
vn 0.0972 0.9913 -0.0887
vn 0.0008 0.9936 0.1129
vn -0.0818 0.9899 0.1159
vn -0.2975 0.9546 0.0119
vn -0.3794 0.9247 0.0310
vn -0.2557 0.9665 0.0204
vn -0.2526 0.9642 -0.0809
vn -0.1976 0.9803 -0.0004
vn -0.1196 0.9883 0.0945
vn -0.1889 0.9808 0.0480
vn 0.1592 0.9708 -0.1797
vn 0.0018 0.9982 -0.0598
vn 0.1201 0.9923 0.0290
vn 0.2482 0.9680 -0.0369
vn -0.1753 0.9753 0.1347
vn 0.1861 0.9817 0.0413
vn 0.0829 0.9892 -0.1210
vn 0.1446 0.9850 0.0943
vn -0.0948 0.9874 0.1271
vn 0.1214 0.9868 -0.1073
vn 0.1039 0.9861 -0.1297
vn 0.0084 0.9998 0.0194
vn -0.0200 0.9982 -0.0560
vn -0.0920 0.9956 0.0183
vn 0.0044 0.9997 -0.0236
vn 0.0256 0.9995 -0.0163
vn -0.0237 0.9986 0.0464
vn -0.0775 0.9948 0.0658
vn -0.0794 0.9891 0.1244
vn 0.0189 0.9993 -0.0318
vn 0.1189 0.9660 -0.2298
vn 0.1906 0.9168 -0.3509
vn 0.0756 0.9725 -0.2204
vn -0.1432 0.9852 -0.0944
vn -0.2195 0.9362 0.2745
vn -0.2153 0.9511 0.2213
vn -0.1430 0.9812 0.1296
vn 0.0026 0.9989 0.0466
vn 0.1442 0.9891 -0.0299
vn 0.1763 0.9831 -0.0496
vn -0.0337 0.9992 0.0191
vn -0.3350 0.9205 0.2012
vn -0.3900 0.8986 0.2009
vn -0.4877 0.8679 0.0940
vn -0.4731 0.8801 -0.0399
vn -0.3927 0.9193 -0.0255
vn -0.4594 0.8825 -0.1007
vn -0.2429 0.9668 -0.0789
vn -0.1481 0.9876 0.0528
vn -0.1464 0.9859 -0.0811
vn 0.0711 0.9851 -0.1564
vn -0.2593 0.9606 0.0997
vn -0.2971 0.9506 -0.0903
vn -0.1388 0.9881 0.0667
vn -0.1703 0.9848 0.0352
vn 0.2310 0.9685 -0.0928
vn -0.0967 0.9953 0.0111
vn -0.0904 0.9955 0.0278
vn 0.1118 0.9916 0.0645
vn 0.2158 0.9688 -0.1220
vn -0.0506 0.9967 -0.0633
vn 0.0190 0.9909 0.1332
vn -0.3221 0.9467 0.0010
vn -0.1211 0.9903 -0.0682
vn -0.0592 0.9954 -0.0749
vn 0.0050 0.9981 -0.0610
vn 0.0748 0.9960 0.0480
vn 0.0391 0.9941 0.1010
vn 0.0439 0.9950 0.0900
vn 0.0787 0.9930 -0.0886
vn 0.1714 0.9432 -0.2847
vn 0.1812 0.9266 -0.3294
vn 0.0702 0.9932 -0.0924
vn -0.0952 0.9929 0.0714
vn -0.1842 0.9433 0.2760
vn -0.1853 0.9615 0.2030
vn -0.1199 0.9919 0.0412
vn 0.0334 0.9991 -0.0266
vn 0.1160 0.9886 -0.0962
vn 0.1522 0.9882 0.0154
vn -0.1091 0.9643 0.2414
vn -0.2207 0.9373 0.2697
vn -0.3343 0.9040 0.2665
vn -0.3429 0.9338 0.1021
vn -0.4104 0.9109 -0.0424
vn -0.4871 0.8719 0.0508
vn -0.5085 0.8562 -0.0915
vn -0.4739 0.8548 -0.2114
vn -0.2440 0.9697 -0.0092
vn 0.0485 0.9910 -0.1246
vn -0.0407 0.9945 -0.0965
vn 0.0342 0.9851 0.1688
vn -0.0414 0.9945 -0.0961
vn 0.0797 0.9968 -0.0035
vn 0.1297 0.9907 -0.0414
vn 0.0523 0.9946 -0.0900
vn 0.0493 0.9931 0.1063
vn -0.0665 0.9978 0.0024
vn -0.0314 0.9971 -0.0687
vn 0.0790 0.9960 -0.0429
vn -0.0384 0.9978 -0.0546
vn 0.0083 0.9903 0.1388
vn 0.1547 0.9874 0.0341
vn 0.0206 0.9949 -0.0988
vn -0.1564 0.9844 -0.0807
vn -0.0159 0.9975 -0.0686
vn -0.0337 0.9990 0.0286
vn -0.0124 0.9952 0.0968
vn 0.0638 0.9950 0.0765
vn 0.1175 0.9843 -0.1320
vn 0.1902 0.9302 -0.3139
vn 0.1022 0.9629 -0.2497
vn -0.0886 0.9959 -0.0203
vn -0.1965 0.9535 0.2284
vn -0.2255 0.9341 0.2769
vn -0.2372 0.9538 0.1842
vn -0.1917 0.9809 -0.0324
vn -0.0321 0.9915 -0.1257
vn 0.0755 0.9907 -0.1135
vn 0.0265 0.9956 0.0894
vn -0.1359 0.9385 0.3174
vn -0.1899 0.9240 0.3319
vn -0.3226 0.8936 0.3122
vn -0.4000 0.9041 0.1504
vn -0.4550 0.8904 0.0081
vn -0.5226 0.8516 0.0407
vn -0.4042 0.9142 0.0295
vn -0.6071 0.7569 -0.2421
vn -0.3758 0.8666 -0.3283
vn -0.0381 0.9740 -0.2235
vn -0.1599 0.9760 -0.1480
vn 0.2211 0.9697 0.1037
vn 0.1540 0.9872 -0.0412
vn -0.0934 0.9956 0.0091
vn 0.0106 0.9999 -0.0124
vn -0.1792 0.9817 -0.0647
vn -0.1863 0.9772 0.1017
vn -0.0826 0.9959 0.0378
vn -0.0610 0.9939 -0.0920
vn 0.0466 0.9941 -0.0982
vn 0.0531 0.9985 0.0122
vn -0.2119 0.9765 0.0386
vn 0.2467 0.9679 -0.0473
vn -0.1542 0.9795 0.1297
vn -0.0448 0.9970 -0.0633
vn -0.1383 0.9834 -0.1173
vn -0.0679 0.9975 0.0211
vn -0.0071 0.9982 0.0591
vn 0.0647 0.9977 0.0183
vn 0.1852 0.9630 -0.1958
vn 0.1964 0.9351 -0.2950
vn 0.0276 0.9918 -0.1249
vn -0.2127 0.9722 0.0981
vn -0.2959 0.9177 0.2649
vn -0.1877 0.9385 0.2900
vn -0.1956 0.9647 0.1761
vn -0.2025 0.9770 -0.0662
vn -0.1473 0.9661 -0.2119
vn -0.0832 0.9887 -0.1245
vn -0.1018 0.9812 0.1640
vn -0.2147 0.9006 0.3780
vn -0.3353 0.8583 0.3884
vn -0.4393 0.8273 0.3501
vn -0.5639 0.8113 0.1540
vn -0.5374 0.8407 0.0665
vn -0.6172 0.7863 0.0285
vn -0.4985 0.8634 -0.0781
vn -0.0992 0.9722 -0.2123
vn -0.2692 0.8845 -0.3810
vn -0.4164 0.8814 -0.2231
vn -0.4001 0.8811 -0.2522
vn -0.0799 0.9963 -0.0317
vn -0.0570 0.9878 0.1447
vn -0.4852 0.8687 0.0998
vn -0.2579 0.9596 -0.1125
vn -0.4927 0.8683 0.0574
vn -0.5081 0.8610 0.0236
vn -0.3025 0.9461 -0.1154
vn -0.0055 0.9860 -0.1666
vn -0.0341 0.9950 -0.0934
vn -0.2471 0.9577 0.1472
vn -0.0197 0.9958 -0.0894
vn 0.0299 0.9994 0.0196
vn -0.1793 0.9794 0.0927
vn 0.1655 0.9776 -0.1300
vn -0.0289 0.9978 -0.0589
vn 0.0267 0.9987 -0.0423
vn 0.0887 0.9959 0.0190
vn 0.1110 0.9932 -0.0358
vn 0.2071 0.9483 -0.2406
vn 0.0886 0.9762 -0.1978
vn -0.1690 0.9854 0.0202
vn -0.3681 0.9059 0.2093
vn -0.3573 0.9033 0.2375
vn -0.0613 0.9533 0.2957
vn -0.0580 0.9812 0.1841
vn -0.1223 0.9919 -0.0331
vn -0.1815 0.9568 -0.2270
vn -0.1731 0.9749 -0.1400
vn -0.2183 0.9553 0.1993
vn -0.2668 0.8645 0.4260
vn -0.3342 0.8291 0.4483
vn -0.5091 0.7423 0.4357
vn -0.5187 0.8467 0.1183
vn -0.5108 0.8564 0.0751
vn -0.3518 0.9355 0.0339
vn -0.4768 0.8399 -0.2591
vn -0.2716 0.8915 -0.3626
vn -0.4384 0.8666 -0.2384
vn -0.3807 0.9085 -0.1726
vn -0.3219 0.8975 -0.3016
vn -0.3396 0.9286 -0.1494
vn -0.3377 0.9168 0.2132
vn -0.6522 0.7349 0.1859
vn -0.6659 0.7458 -0.0198
vn -0.7977 0.5939 0.1045
vn -0.6158 0.7704 -0.1651
vn -0.4724 0.8443 -0.2528
vn -0.2582 0.9348 -0.2437
vn -0.2655 0.9632 0.0422
vn -0.4077 0.9090 0.0866
vn -0.1241 0.9613 -0.2461
vn -0.2535 0.9673 0.0129
vn 0.2845 0.9579 0.0388
vn 0.0595 0.9914 -0.1163
vn 0.1042 0.9936 -0.0442
vn 0.0714 0.9962 -0.0508
vn 0.0451 0.9990 -0.0024
vn 0.1335 0.9887 -0.0681
vn 0.0907 0.9779 -0.1886
vn -0.0988 0.9926 -0.0713
vn -0.3165 0.9323 0.1751
vn -0.4353 0.8689 0.2355
vn -0.3640 0.9194 0.1489
vn 0.0839 0.9577 0.2753
vn 0.0918 0.9723 0.2148
vn 0.0084 0.9999 0.0128
vn -0.1060 0.9787 -0.1755
vn -0.2019 0.9732 -0.1104
vn -0.3061 0.9168 0.2565
vn -0.3388 0.8301 0.4429
vn -0.3809 0.7743 0.5054
vn -0.4022 0.8060 0.4343
vn -0.4102 0.9047 0.1151
vn -0.4213 0.9069 -0.0106
vn -0.3315 0.9434 0.0103
vn -0.3691 0.9191 -0.1382
vn -0.4546 0.8451 -0.2814
vn -0.4586 0.8109 -0.3636
vn -0.2170 0.9239 -0.3152
vn 0.1318 0.9151 -0.3811
vn -0.3306 0.9433 -0.0300
vn -0.4718 0.8152 0.3361
vn -0.5252 0.8277 0.1979
vn -0.7689 0.6326 0.0926
vn -0.6519 0.7569 -0.0470
vn -0.6741 0.7021 -0.2294
vn -0.6174 0.6913 -0.3753
vn -0.4956 0.8196 -0.2876
vn -0.3915 0.9165 0.0821
vn -0.0782 0.9951 -0.0611
vn 0.0022 0.9902 -0.1395
vn -0.0524 0.9767 -0.2081
vn 0.1828 0.9827 -0.0284
vn -0.2113 0.9774 0.0099
vn 0.0100 0.9947 -0.1028
vn -0.0166 0.9998 -0.0100
vn -0.0348 0.9989 -0.0299
vn 0.0179 0.9945 -0.1036
vn -0.0437 0.9947 -0.0926
vn -0.2036 0.9776 0.0536
vn -0.3831 0.8793 0.2830
vn -0.4118 0.8925 0.1842
vn -0.2687 0.9612 0.0621
vn 0.1713 0.9565 0.2361
vn 0.2062 0.9484 0.2407
vn 0.1098 0.9905 0.0834
vn -0.0299 0.9953 -0.0927
vn -0.1518 0.9878 -0.0358
vn -0.2717 0.9066 0.3229
vn -0.3222 0.8159 0.4801
vn -0.3651 0.7610 0.5362
vn -0.3210 0.8425 0.4326
vn -0.2351 0.9654 0.1126
vn -0.5096 0.8509 0.1280
vn -0.3655 0.9264 -0.0910
vn -0.3459 0.9188 -0.1901
vn -0.4287 0.8546 -0.2930
vn -0.3689 0.8339 -0.4105
vn -0.2154 0.8542 -0.4732
vn -0.2825 0.9326 -0.2247
vn -0.6205 0.7457 0.2428
vn -0.5863 0.7143 0.3821
vn -0.5537 0.8104 0.1916
vn -0.6818 0.7259 0.0910
vn -0.5789 0.8111 -0.0833
vn -0.8376 0.5278 -0.1411
vn -0.7664 0.4719 -0.4359
vn -0.6915 0.6280 -0.3570
vn -0.3911 0.9080 -0.1506
vn 0.0677 0.9581 -0.2784
vn 0.0144 0.9887 -0.1490
vn 0.2202 0.9533 -0.2068
vn -0.0667 0.9960 0.0590
vn 0.0647 0.9977 0.0202
vn 0.1045 0.9830 -0.1509
vn 0.0104 0.9997 0.0239
vn -0.0032 0.9990 -0.0441
vn -0.0300 0.9980 -0.0550
vn -0.1289 0.9910 -0.0364
vn -0.2479 0.9530 0.1744
vn -0.3494 0.8778 0.3278
vn -0.3200 0.9418 0.1033
vn -0.2067 0.9776 -0.0397
vn 0.0749 0.9749 0.2099
vn 0.1182 0.9655 0.2319
vn 0.1232 0.9795 0.1595
vn 0.0622 0.9975 -0.0336
vn -0.0379 0.9974 0.0614
vn -0.1131 0.9207 0.3734
vn -0.0735 0.8397 0.5380
vn -0.0771 0.8257 0.5589
vn -0.0639 0.9177 0.3920
vn -0.0189 0.9822 0.1867
vn -0.2559 0.9407 0.2227
vn -0.1520 0.9672 -0.2034
vn -0.2048 0.9649 -0.1643
vn -0.0910 0.9671 -0.2377
vn -0.2408 0.8681 -0.4341
vn -0.3739 0.8390 -0.3954
vn -0.5205 0.8534 0.0265
vn -0.5377 0.7980 0.2721
vn -0.4033 0.8668 0.2933
vn -0.4076 0.8945 0.1836
vn -0.5778 0.8159 0.0209
vn -0.7162 0.6943 0.0714
vn -0.8378 0.5173 -0.1745
vn -0.7467 0.4299 -0.5075
vn -0.5640 0.6460 -0.5145
vn -0.5262 0.8091 -0.2616
vn -0.5751 0.7804 -0.2454
vn -0.4997 0.8154 -0.2924
vn -0.1449 0.9639 -0.2236
vn -0.3203 0.9450 0.0654
vn -0.0353 0.9953 -0.0899
vn -0.0953 0.9893 -0.1107
vn -0.1714 0.9826 0.0716
vn -0.3210 0.9469 -0.0203
vn -0.2984 0.9540 -0.0285
vn -0.3487 0.9372 0.0109
vn -0.3555 0.9136 0.1975
vn -0.3073 0.8979 0.3151
vn -0.1693 0.9839 0.0568
vn -0.0381 0.9895 -0.1391
vn -0.1035 0.9747 0.1979
vn -0.0978 0.9729 0.2097
vn -0.0035 0.9923 0.1234
vn 0.0726 0.9973 -0.0100
vn 0.0173 0.9938 0.1094
vn 0.0220 0.9338 0.3572
vn 0.0175 0.8532 0.5213
vn -0.0030 0.8216 0.5700
vn -0.0293 0.9130 0.4068
vn -0.0366 0.9590 0.2811
vn -0.1210 0.9525 0.2795
vn -0.2318 0.9693 -0.0825
vn -0.2816 0.9324 -0.2267
vn -0.2352 0.9186 -0.3177
vn -0.1386 0.9023 -0.4083
vn -0.3607 0.8940 -0.2659
vn -0.2065 0.9784 -0.0061
vn -0.2281 0.9462 0.2294
vn -0.2671 0.9198 0.2873
vn -0.1813 0.9739 0.1366
vn -0.3795 0.9140 0.1435
vn -0.7519 0.6174 0.2313
vn -0.6109 0.7259 -0.3161
vn -0.3012 0.7291 -0.6146
vn -0.5974 0.6786 -0.4274
vn -0.5402 0.8077 -0.2363
vn -0.6519 0.7263 -0.2180
vn -0.5409 0.6482 -0.5359
vn -0.3537 0.9044 -0.2388
vn 0.0634 0.9979 -0.0121
vn 0.0874 0.9910 -0.1013
vn -0.1670 0.9858 -0.0157
vn -0.5053 0.8480 0.1601
vn -0.6468 0.7610 0.0506
vn -0.6349 0.7707 -0.0539
vn -0.6433 0.7655 0.0144
vn -0.6082 0.7875 0.0998
vn -0.4373 0.8827 0.1720
vn -0.0923 0.9952 -0.0322
vn 0.0862 0.9720 -0.2184
vn -0.2131 0.9581 0.1914
vn -0.2066 0.9623 0.1770
vn -0.0690 0.9970 0.0359
vn 0.0721 0.9968 -0.0338
vn 0.0626 0.9900 0.1265
vn 0.0374 0.9266 0.3742
vn -0.0716 0.8415 0.5355
vn 0.0177 0.8171 0.5762
vn 0.0126 0.9254 0.3789
vn 0.0075 0.9620 0.2729
vn 0.0495 0.9608 0.2729
vn 0.0636 0.9938 -0.0908
vn 0.0853 0.9786 -0.1871
vn -0.0687 0.9350 -0.3478
vn -0.3596 0.8962 -0.2597
vn -0.6260 0.7620 -0.1656
vn -0.4985 0.8617 0.0946
vn -0.5501 0.7675 0.3290
vn -0.6410 0.7406 0.2013
vn -0.2255 0.9733 0.0434
vn -0.0969 0.9590 0.2662
vn -0.1606 0.9733 0.1643
vn -0.1896 0.9030 -0.3856
vn -0.2958 0.7601 -0.5786
vn -0.4824 0.7798 -0.3989
vn -0.1873 0.9623 -0.1971
vn -0.3572 0.9177 -0.1740
vn -0.3127 0.6884 -0.6544
vn -0.3206 0.8103 -0.4906
vn 0.0831 0.9644 -0.2511
vn 0.0824 0.9962 0.0291
vn -0.3649 0.8969 0.2498
vn -0.5592 0.7695 0.3085
vn -0.6675 0.7347 0.1210
vn -0.7615 0.6478 -0.0219
vn -0.7726 0.6348 -0.0124
vn -0.7386 0.6739 -0.0194
vn -0.5854 0.8083 -0.0633
vn -0.1719 0.9639 -0.2035
vn 0.0844 0.9497 -0.3017
vn -0.2097 0.9577 0.1970
vn -0.1785 0.9785 0.1028
vn -0.0145 0.9986 -0.0507
vn 0.1135 0.9890 -0.0949
vn 0.1355 0.9793 0.1506
vn 0.0111 0.9062 0.4227
vn -0.0335 0.8682 0.4950
vn 0.1655 0.8343 0.5259
vn 0.2065 0.8959 0.3933
vn 0.1827 0.9383 0.2937
vn 0.1973 0.9479 0.2502
vn 0.2986 0.9508 -0.0820
vn 0.2865 0.9438 -0.1650
vn 0.0046 0.9666 -0.2563
vn -0.2477 0.9626 -0.1099
vn -0.4964 0.8569 -0.1388
vn -0.6560 0.7091 0.2586
vn -0.6149 0.7178 0.3266
vn -0.5868 0.8034 -0.1006
vn -0.3338 0.9304 -0.1515
vn -0.1512 0.9648 0.2152
vn 0.0492 0.9751 0.2162
vn -0.2763 0.9233 -0.2667
vn -0.1511 0.8679 -0.4731
vn -0.3537 0.8614 -0.3645
vn -0.4058 0.9064 -0.1170
vn -0.2225 0.9139 -0.3397
vn -0.1486 0.7614 -0.6310
vn -0.3027 0.8015 -0.5157
vn -0.3411 0.8631 -0.3725
vn -0.1248 0.9837 0.1293
vn -0.4243 0.8043 0.4160
vn -0.5208 0.7624 0.3841
vn -0.7138 0.6620 0.2284
vn -0.7836 0.6201 0.0389
vn -0.7860 0.6175 -0.0308
vn -0.7461 0.6567 -0.1099
vn -0.6063 0.7625 -0.2259
vn -0.3100 0.8752 -0.3715
vn -0.0595 0.9136 -0.4021
vn -0.1059 0.9743 0.1987
vn -0.0846 0.9956 0.0412
vn 0.0297 0.9897 -0.1397
vn 0.1169 0.9838 -0.1362
vn 0.1293 0.9755 0.1779
vn 0.0626 0.8897 0.4523
vn 0.1412 0.8680 0.4761
vn 0.1271 0.8797 0.4583
vn 0.2112 0.9035 0.3730
vn 0.2204 0.9253 0.3086
vn 0.2013 0.9637 0.1755
vn 0.3164 0.9394 -0.1317
vn 0.2259 0.9678 -0.1106
vn 0.1428 0.9779 -0.1525
vn 0.1307 0.9777 -0.1641
vn -0.1672 0.9857 -0.0209
vn -0.4190 0.8650 0.2761
vn -0.0434 0.9846 0.1696
vn -0.1194 0.9572 -0.2635
vn 0.0354 0.9509 -0.3075
vn 0.0865 0.9805 0.1763
vn 0.1032 0.9690 0.2245
vn 0.2119 0.9572 -0.1972
vn 0.0517 0.9753 -0.2148
vn -0.0250 0.9822 -0.1859
vn -0.1554 0.9578 -0.2416
vn 0.0132 0.8926 -0.4506
vn -0.1275 0.8116 -0.5702
vn -0.0387 0.8652 -0.4999
vn -0.0149 0.8858 -0.4639
vn 0.0425 0.9881 0.1480
vn -0.3249 0.7602 0.5626
vn -0.5423 0.6804 0.4930
vn -0.7001 0.6459 0.3044
vn -0.7454 0.6641 0.0582
vn -0.7499 0.6606 -0.0351
vn -0.6907 0.7040 -0.1656
vn -0.5495 0.7631 -0.3402
vn -0.3831 0.8012 -0.4598
vn -0.2426 0.8423 -0.4814
vn 0.1062 0.9815 0.1592
vn 0.1540 0.9880 0.0143
vn 0.1673 0.9687 -0.1835
vn 0.1104 0.9876 -0.1116
vn 0.0291 0.9852 0.1691
vn 0.0977 0.9033 0.4177
vn 0.2275 0.8562 0.4639
vn 0.2213 0.8740 0.4326
vn 0.3000 0.8620 0.4086
vn 0.1253 0.9431 0.3079
vn 0.2225 0.9641 0.1451
vn 0.1861 0.9780 -0.0942
vn 0.1660 0.9806 -0.1041
vn 0.2825 0.9496 -0.1357
vn 0.1217 0.9856 -0.1174
vn 0.0049 0.9945 0.1048
vn -0.0555 0.9863 0.1551
vn 0.1802 0.9826 0.0444
vn 0.1687 0.9295 -0.3280
vn 0.1944 0.9311 -0.3086
vn 0.3139 0.9471 0.0670
vn 0.3616 0.9096 0.2046
vn 0.2881 0.9514 -0.1089
vn 0.0186 0.9945 -0.1027
vn 0.4025 0.8895 -0.2161
vn 0.1704 0.9631 -0.2085
vn 0.1992 0.9051 -0.3757
vn 0.1237 0.8476 -0.5160
vn 0.2277 0.8071 -0.5447
vn 0.0763 0.9398 -0.3331
vn -0.1877 0.9589 0.2130
vn -0.1487 0.7574 0.6358
vn -0.3717 0.6842 0.6275
vn -0.6111 0.6892 0.3893
vn -0.6575 0.7502 0.0704
vn -0.6179 0.7844 -0.0548
vn -0.5172 0.8271 -0.2202
vn -0.4158 0.8132 -0.4073
vn -0.3905 0.7784 -0.4915
vn -0.3663 0.7778 -0.5107
vn 0.2971 0.9517 0.0779
vn 0.3578 0.9338 -0.0018
vn 0.2744 0.9529 -0.1290
vn 0.0867 0.9962 -0.0104
vn -0.0611 0.9802 0.1881
vn 0.0488 0.9335 0.3552
vn 0.1383 0.9000 0.4134
vn 0.0940 0.8896 0.4470
vn 0.1687 0.8837 0.4367
vn 0.1029 0.9446 0.3116
vn 0.3385 0.9314 0.1337
vn 0.2722 0.9588 -0.0818
vn 0.2475 0.9606 -0.1267
vn 0.1942 0.9775 -0.0829
vn -0.0130 0.9967 -0.0798
vn 0.1494 0.9880 0.0381
vn 0.3380 0.9343 0.1129
vn 0.2023 0.9787 0.0356
vn 0.0977 0.9454 -0.3109
vn 0.0894 0.9028 -0.4207
vn 0.3048 0.9394 -0.1568
vn 0.4269 0.8721 0.2392
vn 0.3137 0.9426 0.1144
vn 0.3021 0.9361 -0.1799
vn 0.4243 0.8989 -0.1091
vn 0.2154 0.9693 -0.1184
vn 0.2020 0.9142 -0.3513
vn 0.0899 0.8224 -0.5618
vn 0.0940 0.8651 -0.4926
vn -0.1646 0.9816 -0.0972
vn -0.3868 0.8740 0.2940
vn -0.0357 0.7936 0.6074
vn -0.2131 0.6406 0.7377
vn -0.3504 0.8300 0.4340
vn -0.4247 0.9020 0.0777
vn -0.3708 0.9245 -0.0882
vn -0.2464 0.9310 -0.2693
vn -0.1808 0.8851 -0.4289
vn -0.2349 0.8344 -0.4985
vn -0.3202 0.8099 -0.4914
vn 0.3116 0.9501 0.0160
vn 0.3644 0.9311 0.0125
vn 0.1954 0.9804 0.0251
vn -0.0709 0.9939 0.0845
vn -0.1580 0.9640 0.2139
vn -0.0460 0.9595 0.2778
vn 0.0244 0.9094 0.4151
vn 0.0102 0.8852 0.4650
vn -0.0004 0.9199 0.3923
vn 0.0678 0.9654 0.2519
vn 0.1919 0.9813 -0.0125
vn 0.3101 0.9507 -0.0093
vn 0.1896 0.9804 -0.0538
vn 0.1487 0.9878 -0.0457
vn 0.0869 0.9941 -0.0641
vn 0.0687 0.9976 -0.0074
vn 0.1111 0.9937 0.0152
vn 0.2947 0.9433 0.1527
vn 0.2457 0.9587 -0.1434
vn 0.2506 0.8420 -0.4778
vn 0.2408 0.9062 -0.3477
vn 0.2406 0.9692 0.0532
vn 0.4351 0.8799 0.1908
vn 0.5341 0.8385 -0.1080
vn 0.3125 0.9499 0.0021
vn 0.1519 0.9880 -0.0282
vn 0.1562 0.9634 -0.2177
vn 0.0280 0.9182 -0.3952
vn -0.2219 0.8847 -0.4100
vn -0.3021 0.9521 0.0479
vn -0.1628 0.9506 0.2645
vn -0.2113 0.7740 0.5970
vn -0.1451 0.6609 0.7363
vn -0.1038 0.8765 0.4701
vn -0.2132 0.9707 0.1105
vn -0.1689 0.9767 -0.1328
vn -0.0106 0.9476 -0.3192
vn 0.0551 0.9030 -0.4261
vn 0.0065 0.8882 -0.4594
vn -0.1369 0.9084 -0.3951
vn 0.1719 0.9846 -0.0308
vn 0.2026 0.9786 0.0354
vn 0.0813 0.9805 0.1790
vn -0.1373 0.9690 0.2055
vn -0.2326 0.9526 0.1963
vn -0.1309 0.9665 0.2209
vn 0.0200 0.9407 0.3387
vn 0.2127 0.8622 0.4598
vn 0.1397 0.9201 0.3660
vn 0.2690 0.9170 0.2946
vn 0.0807 0.9957 -0.0465
vn 0.0431 0.9990 -0.0069
vn -0.0856 0.9939 0.0701
vn -0.2351 0.9719 -0.0127
vn -0.0728 0.9973 0.0025
vn -0.0949 0.9940 0.0550
vn -0.1297 0.9902 -0.0526
vn 0.0258 0.9920 -0.1237
vn 0.2430 0.9659 -0.0889
vn 0.0859 0.9074 -0.4113
vn -0.1228 0.9508 -0.2843
vn -0.1431 0.9895 -0.0223
vn 0.0401 0.9983 0.0419
vn 0.1192 0.9807 -0.1552
vn 0.1636 0.9864 -0.0143
vn 0.3535 0.9297 0.1030
vn 0.2419 0.9509 -0.1931
vn 0.0953 0.9561 -0.2772
vn -0.5607 0.8071 -0.1847
vn -0.5525 0.8327 0.0368
vn -0.3833 0.8923 0.2386
vn -0.2419 0.7126 0.6585
vn 0.0681 0.7779 0.6247
vn 0.0350 0.8602 0.5088
vn -0.0691 0.9885 0.1344
vn -0.0457 0.9811 -0.1882
vn 0.0693 0.9264 -0.3701
vn 0.1789 0.8835 -0.4329
vn 0.2094 0.8999 -0.3825
vn 0.0996 0.9670 -0.2346
vn -0.1268 0.9912 -0.0374
vn -0.1583 0.9857 0.0586
vn -0.2164 0.9453 0.2441
vn -0.2512 0.9291 0.2714
vn -0.1937 0.9692 0.1518
vn -0.1276 0.9803 0.1510
vn -0.0311 0.9708 0.2381
vn 0.0617 0.9050 0.4209
vn 0.0835 0.9393 0.3329
vn 0.2470 0.9258 0.2860
vn 0.0287 0.9937 0.1088
vn -0.0524 0.9975 0.0483
vn -0.2212 0.9479 0.2292
vn -0.3468 0.9342 0.0830
vn -0.3997 0.9161 0.0308
vn -0.3743 0.9269 -0.0263
vn -0.1375 0.9905 -0.0069
vn -0.2194 0.9617 -0.1640
vn -0.2596 0.9624 -0.0799
vn -0.3563 0.9195 -0.1659
vn -0.5625 0.8036 -0.1945
vn -0.6296 0.7753 0.0502
vn -0.6044 0.7947 -0.0559
vn -0.6522 0.7085 -0.2697
vn -0.4018 0.8325 -0.3814
vn 0.1088 0.9938 0.0221
vn 0.0814 0.9954 0.0497
vn -0.3316 0.9412 0.0643
vn -0.5633 0.8163 0.1280
vn -0.7477 0.6639 -0.0119
vn -0.6561 0.6968 0.2899
vn -0.2524 0.8704 0.4228
vn 0.1565 0.8415 0.5172
vn 0.3225 0.8110 0.4881
vn 0.2510 0.9555 0.1551
vn 0.1764 0.9634 -0.2018
vn 0.1754 0.8958 -0.4085
vn 0.2672 0.8526 -0.4491
vn 0.3398 0.8953 -0.2881
vn 0.2431 0.9691 -0.0425
vn -0.3303 0.9439 0.0035
vn -0.4078 0.9076 0.0999
vn -0.3908 0.8922 0.2262
vn -0.2769 0.9384 0.2067
vn -0.0904 0.9924 0.0837
vn -0.0775 0.9883 0.1315
vn -0.0840 0.9661 0.2440
vn -0.1726 0.8959 0.4094
vn -0.0691 0.9600 0.2712
vn -0.0252 0.9623 0.2707
vn 0.0028 0.9837 0.1800
vn -0.1257 0.9835 0.1298
vn -0.2594 0.9234 0.2829
vn -0.2997 0.9471 0.1145
vn -0.3659 0.9272 0.0797
vn -0.5182 0.8552 0.0017
vn -0.4923 0.8642 -0.1040
vn -0.5002 0.8654 -0.0305
vn -0.5743 0.8180 -0.0328
vn -0.5691 0.8207 -0.0515
vn -0.7041 0.7100 -0.0089
vn -0.7483 0.6536 0.1132
vn -0.8512 0.5155 -0.0982
vn -0.7840 0.4888 -0.3827
vn -0.5716 0.5979 -0.5620
vn -0.2809 0.9416 -0.1855
vn -0.2814 0.9341 0.2199
vn -0.3983 0.8720 0.2846
vn -0.4620 0.8745 0.1476
vn -0.6424 0.7654 0.0373
vn -0.6455 0.7472 0.1585
vn -0.3609 0.9271 0.1012
vn 0.0857 0.9533 0.2895
vn 0.5517 0.7678 0.3258
vn 0.5430 0.8199 0.1816
vn 0.3739 0.9129 -0.1639
vn 0.2462 0.8671 -0.4331
vn 0.3063 0.8283 -0.4691
vn 0.3493 0.9159 -0.1977
vn 0.2288 0.9666 0.1155
vn -0.4222 0.9038 0.0702
vn -0.4873 0.8631 0.1326
vn -0.4122 0.8998 0.1428
vn -0.1822 0.9826 0.0372
vn 0.0311 0.9988 0.0374
vn -0.0048 0.9903 0.1390
vn -0.0870 0.9479 0.3065
vn -0.1722 0.8985 0.4038
vn -0.0925 0.9637 0.2505
vn -0.3085 0.9122 0.2698
vn -0.1289 0.9779 0.1647
vn -0.2579 0.9390 0.2276
vn -0.3457 0.8706 0.3502
vn -0.4672 0.8651 0.1824
vn -0.5290 0.8372 0.1391
vn -0.4504 0.8902 0.0678
vn -0.4453 0.8938 -0.0535
vn -0.5755 0.8171 -0.0340
vn -0.5906 0.8070 -0.0020
vn -0.6005 0.7994 -0.0174
vn -0.6551 0.7474 0.1109
vn -0.6691 0.7385 0.0834
vn -0.7492 0.6483 -0.1357
vn -0.7318 0.4716 -0.4921
vn -0.5340 0.5561 -0.6369
vn -0.4598 0.8700 -0.1781
vn -0.4816 0.8326 0.2735
vn -0.4516 0.8381 0.3060
vn -0.4773 0.8631 0.1652
vn -0.4889 0.8644 0.1174
vn -0.4399 0.8969 0.0459
vn -0.2407 0.9610 -0.1361
vn 0.2670 0.9604 -0.0797
vn 0.5629 0.8109 0.1602
vn 0.5621 0.7956 0.2260
vn 0.3507 0.9245 -0.1497
vn 0.1649 0.8677 -0.4690
vn 0.2053 0.8291 -0.5201
vn 0.1531 0.9721 -0.1780
vn 0.0607 0.9837 0.1693
vn -0.4366 0.8862 0.1549
vn -0.4761 0.8715 0.1172
vn -0.3377 0.9412 0.0019
vn -0.1007 0.9902 -0.0969
vn 0.0810 0.9965 -0.0194
vn 0.0800 0.9779 0.1929
vn -0.0329 0.9258 0.3767
vn -0.0986 0.9169 0.3867
vn -0.1712 0.9167 0.3611
vn -0.2677 0.9222 0.2791
vn -0.2205 0.9660 0.1351
vn -0.3990 0.8483 0.3481
vn -0.5285 0.7682 0.3614
vn -0.5415 0.8265 0.1539
vn -0.5268 0.8446 0.0957
vn -0.4236 0.9057 -0.0167
vn -0.3560 0.9340 -0.0289
vn -0.3818 0.9230 0.0487
vn -0.4745 0.8798 -0.0266
vn -0.5548 0.8320 -0.0003
vn -0.6381 0.7633 0.1010
vn -0.5527 0.8303 0.0715
vn -0.5745 0.8073 -0.1348
vn -0.4740 0.7205 -0.5062
vn -0.4484 0.6131 -0.6505
vn -0.5396 0.8336 -0.1181
vn -0.2740 0.9325 0.2354
vn -0.3352 0.9000 0.2786
vn -0.3280 0.9337 0.1434
vn -0.2797 0.9537 0.1101
vn 0.0431 0.9977 -0.0529
vn 0.2812 0.9329 -0.2250
vn 0.4748 0.8599 -0.1873
vn 0.4180 0.8736 0.2491
vn 0.4378 0.8693 0.2294
vn 0.2485 0.9524 -0.1765
vn 0.0438 0.8554 -0.5161
vn -0.0854 0.8327 -0.5471
vn -0.2413 0.9481 -0.2073
vn -0.2281 0.9719 0.0579
vn -0.4473 0.8673 0.2183
vn -0.4703 0.8796 0.0712
vn -0.3332 0.9272 -0.1713
vn -0.0354 0.9752 -0.2183
vn 0.1544 0.9821 -0.1077
vn 0.1603 0.9568 0.2425
vn 0.0431 0.9093 0.4139
vn -0.0342 0.9038 0.4266
vn -0.0702 0.9149 0.3975
vn 0.0274 0.9643 0.2633
vn -0.2777 0.9205 0.2748
vn -0.3650 0.8260 0.4295
vn -0.2973 0.8752 0.3816
vn -0.3637 0.9113 0.1933
vn -0.2876 0.9568 0.0421
vn -0.3408 0.9400 -0.0126
vn -0.3927 0.9189 -0.0377
vn -0.4536 0.8883 0.0720
vn -0.4725 0.8805 -0.0391
vn -0.3552 0.9307 -0.0879
vn -0.3250 0.9456 0.0119
vn -0.3246 0.9458 -0.0110
vn -0.2211 0.9688 -0.1124
vn -0.1050 0.8364 -0.5379
vn -0.3590 0.7317 -0.5794
vn -0.4408 0.8944 -0.0755
vn -0.3616 0.9068 0.2168
vn -0.3223 0.9133 0.2491
vn -0.2975 0.9474 0.1180
vn -0.1502 0.9860 -0.0727
vn 0.1429 0.9615 -0.2346
vn 0.2403 0.8879 -0.3924
vn 0.1358 0.9790 -0.1519
vn 0.2123 0.9403 0.2658
vn 0.3220 0.9238 0.2071
vn 0.1121 0.9789 -0.1710
vn -0.2048 0.8519 -0.4820
vn -0.5307 0.7330 -0.4256
vn -0.5795 0.7736 -0.2563
vn -0.4835 0.8450 -0.2285
vn -0.3358 0.9055 0.2596
vn -0.3097 0.9503 0.0324
vn -0.2079 0.9312 -0.2996
vn 0.0027 0.9304 -0.3665
vn 0.1257 0.9817 -0.1433
vn 0.1107 0.9532 0.2814
vn -0.0090 0.8887 0.4584
vn -0.0293 0.8910 0.4531
vn -0.1194 0.9160 0.3829
vn -0.1444 0.9139 0.3793
vn -0.2114 0.9019 0.3766
vn -0.1947 0.8978 0.3950
vn -0.0844 0.9195 0.3840
vn -0.1004 0.9764 0.1911
vn -0.0742 0.9960 0.0505
vn -0.1713 0.9842 0.0450
vn -0.2258 0.9742 0.0016
vn -0.3115 0.9368 0.1590
vn -0.5438 0.8387 -0.0293
vn -0.3729 0.9109 -0.1764
vn -0.0717 0.9938 -0.0853
vn -0.0613 0.9977 -0.0303
vn -0.1013 0.9762 -0.1920
vn -0.0461 0.8688 -0.4930
vn -0.4327 0.7987 -0.4182
vn -0.6678 0.7440 -0.0238
vn -0.4332 0.8968 0.0895
vn -0.2601 0.9468 0.1897
vn -0.3014 0.9492 0.0908
vn -0.3283 0.9250 -0.1912
vn -0.2252 0.8680 -0.4426
vn -0.2967 0.8226 -0.4851
vn -0.3285 0.9271 -0.1804
vn -0.0439 0.9920 0.1184
vn 0.0937 0.9667 0.2382
vn -0.2452 0.9669 -0.0711
vn -0.6270 0.7242 -0.2871
vn -0.7585 0.5590 -0.3349
vn -0.6529 0.6077 -0.4521
vn -0.5290 0.6749 -0.5144
vn -0.0554 0.9734 0.2223
vn 0.0149 0.9999 0.0075
vn 0.0158 0.9377 -0.3471
vn 0.0164 0.9058 -0.4234
vn 0.0013 0.9890 -0.1477
vn -0.0204 0.9516 0.3065
vn -0.0522 0.8715 0.4876
vn -0.0117 0.8867 0.4621
vn -0.0265 0.8992 0.4367
vn -0.0627 0.9370 0.3437
vn 0.1744 0.9119 0.3715
vn -0.0674 0.9097 0.4097
vn -0.0071 0.9310 0.3649
vn 0.0520 0.9820 0.1814
vn -0.0692 0.9921 0.1049
vn -0.0509 0.9961 0.0718
vn -0.1345 0.9905 0.0278
vn -0.1012 0.9834 0.1505
vn -0.1126 0.9884 -0.1016
vn -0.2403 0.9206 -0.3079
vn -0.1295 0.9561 -0.2630
vn 0.1995 0.9798 -0.0114
vn 0.1202 0.9802 -0.1574
vn 0.0555 0.9336 -0.3539
vn -0.3455 0.9275 -0.1425
vn -0.4423 0.8968 -0.0103
vn -0.2980 0.9545 0.0089
vn -0.3062 0.9275 0.2146
vn -0.3025 0.9497 0.0806
vn -0.2367 0.9357 -0.2615
vn -0.3234 0.8542 -0.4071
vn -0.4339 0.8054 -0.4038
vn -0.4240 0.8582 -0.2893
vn -0.2785 0.9583 0.0646
vn -0.1687 0.9452 0.2796
vn -0.5213 0.8495 0.0811
vn -0.7316 0.6661 -0.1449
vn -0.6924 0.5798 -0.4294
vn -0.5206 0.5546 -0.6491
vn -0.3659 0.6186 -0.6953
vn 0.1933 0.9755 0.1049
vn 0.2925 0.9562 -0.0105
vn 0.2130 0.9286 -0.3038
vn 0.0262 0.9333 -0.3583
vn -0.1335 0.9833 -0.1237
vn -0.1548 0.9376 0.3115
vn -0.0600 0.8865 0.4588
vn 0.0156 0.9056 0.4239
vn 0.1167 0.8959 0.4286
vn 0.1092 0.9448 0.3089
vn 0.0917 0.9204 0.3802
vn -0.0809 0.8781 0.4716
vn -0.0741 0.9391 0.3355
vn 0.0239 0.9833 0.1805
vn -0.0092 0.9890 0.1476
vn 0.0228 0.9962 0.0842
vn -0.0926 0.9933 0.0689
vn -0.1932 0.9720 0.1340
vn -0.1156 0.9901 -0.0797
vn -0.0825 0.9150 -0.3949
vn 0.0294 0.9136 -0.4056
vn 0.2017 0.9625 -0.1814
vn 0.3309 0.9388 -0.0955
vn 0.1014 0.9882 -0.1149
vn -0.0988 0.9943 0.0408
vn -0.3549 0.9346 0.0257
vn -0.4412 0.8955 0.0593
vn -0.3490 0.9188 0.1845
vn -0.1443 0.9870 -0.0703
vn -0.1101 0.9561 -0.2716
vn -0.2688 0.9164 -0.2967
vn -0.3496 0.8666 -0.3560
vn -0.3973 0.8770 -0.2702
vn -0.3558 0.9318 0.0720
vn -0.2318 0.9182 0.3213
vn -0.3967 0.8988 0.1865
vn -0.5540 0.8278 -0.0880
vn -0.4412 0.7284 -0.5242
vn -0.2854 0.6113 -0.7381
vn -0.2162 0.6207 -0.7537
vn 0.2858 0.9580 0.0238
vn 0.3760 0.9259 -0.0373
vn 0.2665 0.9434 -0.1974
vn 0.0025 0.9758 -0.2188
vn -0.1886 0.9800 -0.0628
vn -0.1750 0.9437 0.2807
vn -0.0168 0.9193 0.3933
vn 0.0383 0.9102 0.4124
vn -0.0452 0.9167 0.3970
vn 0.1158 0.9393 0.3229
vn 0.0123 0.9131 0.4075
vn 0.1013 0.8561 0.5067
vn 0.0733 0.9520 0.2970
vn 0.1345 0.9823 0.1307
vn 0.1578 0.9819 0.1052
vn 0.2475 0.9633 0.1037
vn -0.0777 0.9714 0.2242
vn -0.3075 0.9240 0.2274
vn -0.3328 0.9428 -0.0179
vn -0.2723 0.9006 -0.3387
vn -0.0275 0.8831 -0.4684
vn 0.1138 0.9472 -0.2997
vn 0.1714 0.9849 -0.0263
vn -0.0663 0.9976 0.0216
vn 0.0152 0.9948 0.1007
vn -0.0874 0.9880 0.1277
vn -0.3086 0.9461 0.0987
vn -0.2077 0.9774 0.0387
vn -0.1486 0.9745 -0.1681
vn -0.1623 0.9631 -0.2148
vn -0.2521 0.9434 -0.2157
vn -0.2538 0.9083 -0.3325
vn -0.2600 0.9399 -0.2212
vn -0.2205 0.9740 0.0515
vn -0.1502 0.9305 0.3340
vn -0.1971 0.9371 0.2880
vn -0.3372 0.9403 -0.0455
vn -0.2564 0.8028 -0.5384
vn -0.1536 0.6527 -0.7419
vn -0.1138 0.6713 -0.7324
vn 0.3399 0.9401 -0.0265
vn 0.3875 0.9214 -0.0307
vn 0.2711 0.9597 -0.0737
vn 0.0145 0.9980 -0.0617
vn -0.1734 0.9848 -0.0123
vn -0.1219 0.9691 0.2144
vn -0.0131 0.9432 0.3319
vn 0.0350 0.8921 0.4504
vn -0.0784 0.9196 0.3850
vn -0.0937 0.9448 0.3139
vn -0.1638 0.9093 0.3825
vn 0.1572 0.8952 0.4170
vn 0.2951 0.9047 0.3074
vn 0.2608 0.9555 0.1376
vn 0.2569 0.9560 0.1418
vn -0.0016 0.9812 0.1928
vn -0.1658 0.9074 0.3862
vn -0.2876 0.9239 0.2522
vn -0.1762 0.9834 -0.0438
vn -0.2034 0.9218 -0.3299
vn -0.2691 0.8341 -0.4816
vn -0.1126 0.9109 -0.3970
vn 0.1455 0.9887 -0.0355
vn 0.1711 0.9849 0.0276
vn 0.2031 0.9763 0.0745
vn 0.1810 0.9634 0.1980
vn -0.0829 0.9860 0.1448
vn -0.1735 0.9847 0.0162
vn -0.2132 0.9600 -0.1814
vn -0.1049 0.9706 -0.2166
vn -0.0769 0.9751 -0.2078
vn -0.0508 0.9538 -0.2962
vn -0.1152 0.9796 -0.1648
vn -0.1079 0.9930 0.0485
vn -0.0736 0.9405 0.3317
vn -0.1081 0.9276 0.3576
vn -0.2088 0.9779 0.0099
vn -0.1057 0.8521 -0.5126
vn 0.0167 0.7160 -0.6979
vn 0.0061 0.7413 -0.6711
vn 0.3250 0.9402 -0.1023
vn 0.3913 0.9201 -0.0193
vn 0.2932 0.9534 0.0716
vn 0.0651 0.9951 0.0740
vn -0.1059 0.9937 0.0356
vn -0.0784 0.9826 0.1684
vn -0.0061 0.9561 0.2930
vn 0.0555 0.8978 0.4369
vn 0.0993 0.8969 0.4309
vn -0.0083 0.9374 0.3482
vn 0.0881 0.9309 0.3545
vn 0.0837 0.9605 0.2653
vn 0.2619 0.9264 0.2707
vn 0.3028 0.9443 0.1288
vn 0.3037 0.9248 0.2290
vn 0.0691 0.9347 0.3487
vn 0.0267 0.9147 0.4032
vn -0.0417 0.9593 0.2792
vn -0.1397 0.9887 -0.0544
vn -0.2820 0.9375 -0.2038
vn -0.4405 0.8296 -0.3430
vn -0.4436 0.7753 -0.4496
vn -0.1647 0.9501 -0.2649
vn 0.1744 0.9839 0.0393
vn -0.0022 0.9927 0.1209
vn -0.0973 0.9510 0.2934
vn -0.1558 0.9716 0.1781
vn -0.1469 0.9888 0.0253
vn -0.0326 0.9704 -0.2394
vn 0.0068 0.9725 -0.2327
vn 0.0954 0.9680 -0.2322
vn 0.0868 0.9694 -0.2298
vn 0.0016 0.9937 -0.1123
vn 0.0022 0.9995 0.0302
vn 0.0650 0.9425 0.3280
vn 0.0464 0.9012 0.4309
vn 0.0090 0.9944 0.1056
vn 0.1469 0.9097 -0.3884
vn 0.1474 0.7955 -0.5877
vn 0.0641 0.8215 -0.5666
vn 0.1771 0.9670 -0.1829
vn 0.2295 0.9725 -0.0404
vn 0.2252 0.9580 0.1778
vn 0.1141 0.9777 0.1763
vn -0.0245 0.9962 0.0835
vn 0.0142 0.9923 0.1230
vn 0.0939 0.9575 0.2728
vn 0.0849 0.9185 0.3863
vn 0.1920 0.8815 0.4314
vn 0.2034 0.9284 0.3109
vn 0.2905 0.9030 0.3165
vn 0.2604 0.9240 0.2799
vn 0.3008 0.9338 0.1937
vn 0.3196 0.9328 0.1668
vn 0.1772 0.9529 0.2462
vn 0.1613 0.8938 0.4185
vn 0.0697 0.8954 0.4398
vn 0.0503 0.9366 0.3467
vn -0.3687 0.9130 0.1747
vn -0.6142 0.7888 0.0232
vn -0.7082 0.6995 -0.0953
vn -0.6728 0.6630 -0.3282
vn -0.5504 0.7244 -0.4151
vn -0.2797 0.9593 -0.0385
vn -0.3469 0.9089 0.2314
vn -0.3901 0.8738 0.2902
vn -0.3627 0.9222 0.1339
vn -0.1727 0.9795 -0.1035
vn -0.0958 0.9492 -0.2997
vn -0.0941 0.9486 -0.3022
vn -0.0008 0.9530 -0.3028
vn -0.0074 0.9816 -0.1906
vn 0.0744 0.9918 -0.1036
vn 0.1555 0.9870 -0.0415
vn 0.2413 0.9369 0.2530
vn 0.2316 0.8455 0.4812
vn 0.2235 0.9419 0.2508
vn 0.2886 0.9377 -0.1934
vn 0.2182 0.8774 -0.4272
vn 0.0811 0.9036 -0.4205
vn -0.1008 0.9710 -0.2167
vn -0.1005 0.9932 -0.0594
vn -0.0245 0.9852 0.1697
vn 0.0631 0.9773 0.2022
vn 0.0659 0.9918 0.1094
vn 0.0737 0.9933 0.0889
vn 0.0759 0.9659 0.2477
vn 0.1012 0.9184 0.3824
vn 0.1102 0.9058 0.4092
vn 0.1136 0.9418 0.3164
vn 0.0160 0.9562 0.2923
vn 0.2342 0.9392 0.2509
vn 0.2964 0.9374 0.1825
vn 0.2872 0.9308 0.2260
vn 0.1372 0.9383 0.3175
vn 0.0924 0.8983 0.4295
vn 0.0481 0.8763 0.4794
vn -0.2572 0.8287 0.4971
vn -0.6066 0.6893 0.3961
vn -0.7745 0.5942 0.2169
vn -0.8317 0.5532 0.0471
vn -0.7998 0.5433 -0.2552
vn -0.6680 0.5950 -0.4470
vn -0.5210 0.8336 -0.1837
vn -0.2904 0.9236 0.2501
vn -0.2583 0.9271 0.2715
vn -0.3879 0.9185 0.0769
vn -0.3523 0.9100 -0.2185
vn -0.2556 0.8981 -0.3578
vn -0.2788 0.8950 -0.3483
vn -0.1539 0.9140 -0.3754
vn -0.1251 0.9598 -0.2514
vn 0.1414 0.9557 -0.2583
vn 0.2560 0.9572 -0.1351
vn 0.3639 0.9210 0.1390
vn 0.3318 0.8176 0.4705
vn 0.3154 0.8635 0.3935
vn 0.3553 0.9344 0.0254
vn 0.2502 0.9404 -0.2304
vn 0.0733 0.9671 -0.2434
vn -0.3376 0.9266 -0.1658
vn -0.3577 0.9291 -0.0940
vn -0.2256 0.9699 0.0912
vn -0.0146 0.9951 0.0982
vn 0.1229 0.9864 0.1089
vn 0.1017 0.9888 0.1092
vn 0.0451 0.9691 0.2425
vn 0.0891 0.9216 0.3777
vn 0.0717 0.9084 0.4118
vn -0.0177 0.9224 0.3859
vn -0.0572 0.9652 0.2552
vn 0.1082 0.9869 0.1195
vn 0.2018 0.9625 0.1812
vn 0.1839 0.9491 0.2559
vn 0.0968 0.9187 0.3830
vn 0.0213 0.8922 0.4511
vn -0.1354 0.8066 0.5754
vn -0.4871 0.6139 0.6212
vn -0.6876 0.5548 0.4685
vn -0.7684 0.5732 0.2845
vn -0.8127 0.5820 0.0263
vn -0.7577 0.5705 -0.3167
vn -0.6521 0.5579 -0.5134
vn -0.5537 0.7642 -0.3308
vn -0.1340 0.9781 0.1593
vn -0.2179 0.9226 0.3185
vn -0.3462 0.9372 0.0419
vn -0.3397 0.8973 -0.2817
vn -0.3296 0.8702 -0.3663
vn -0.2152 0.8766 -0.4304
vn -0.1678 0.9109 -0.3769
vn -0.1396 0.9186 -0.3697
vn 0.1123 0.9030 -0.4146
vn 0.3092 0.9069 -0.2863
vn 0.4290 0.9031 -0.0207
vn 0.3905 0.8177 0.4228
vn 0.3539 0.7936 0.4949
vn 0.3722 0.9006 0.2244
vn 0.2435 0.9695 -0.0276
vn 0.0851 0.9927 -0.0852
vn -0.4072 0.9103 -0.0749
vn -0.4693 0.8737 -0.1281
vn -0.3293 0.9421 -0.0629
vn -0.0810 0.9962 -0.0330
vn 0.0784 0.9945 0.0695
vn 0.0735 0.9876 0.1390
vn 0.0241 0.9691 0.2454
vn 0.0500 0.9297 0.3649
vn 0.0482 0.9044 0.4239
vn 0.0837 0.9069 0.4130
vn 0.1016 0.9716 0.2139
vn 0.0480 0.9960 0.0752
vn 0.1743 0.9742 0.1431
vn 0.1772 0.9406 0.2897
vn 0.0828 0.8953 0.4377
vn -0.0384 0.8601 0.5087
vn -0.1984 0.6955 0.6906
vn -0.4478 0.5399 0.7127
vn -0.5921 0.6060 0.5313
vn -0.6574 0.6787 0.3274
vn -0.7459 0.6658 0.0203
vn -0.6873 0.6161 -0.3848
vn -0.5678 0.5561 -0.6070
vn -0.5074 0.7132 -0.4836
vn -0.0667 0.9954 0.0692
vn -0.2213 0.9025 0.3696
vn -0.2158 0.9762 0.0209
vn -0.2641 0.9269 -0.2666
vn -0.2066 0.8907 -0.4049
vn -0.0672 0.8828 -0.4649
vn -0.1317 0.9297 -0.3438
vn 0.0310 0.8677 -0.4961
vn 0.2089 0.8012 -0.5607
vn 0.3782 0.8198 -0.4300
vn 0.4365 0.8882 -0.1433
vn 0.3999 0.8578 0.3228
vn 0.3471 0.7635 0.5446
vn 0.3597 0.8607 0.3603
vn 0.2676 0.9564 0.1167
vn 0.2050 0.9787 -0.0068
vn -0.4018 0.9157 -0.0096
vn -0.4616 0.8792 -0.1183
vn -0.3734 0.9034 -0.2106
vn -0.1911 0.9713 -0.1417
vn -0.0363 0.9993 0.0065
vn -0.0061 0.9892 0.1466
vn 0.0084 0.9655 0.2604
vn -0.0111 0.9374 0.3480
vn 0.0548 0.9143 0.4014
vn 0.1230 0.9146 0.3853
vn 0.0955 0.9603 0.2622
vn -0.0130 0.9973 0.0728
vn 0.1062 0.9919 0.0699
vn 0.1830 0.9348 0.3043
vn 0.1082 0.8658 0.4885
vn -0.0120 0.8184 0.5745
vn -0.1134 0.6385 0.7612
vn -0.2833 0.5390 0.7932
vn -0.3616 0.7245 0.5869
vn -0.4422 0.8130 0.3789
vn -0.4712 0.8820 0.0051
vn -0.5001 0.7158 -0.4874
vn -0.4353 0.5716 -0.6955
vn -0.3779 0.6981 -0.6081
vn -0.1230 0.9923 -0.0110
vn -0.2820 0.8783 0.3860
vn -0.3035 0.9526 -0.0219
vn -0.2723 0.9126 -0.3050
vn -0.2006 0.8511 -0.4853
vn -0.1059 0.8743 -0.4738
vn 0.0889 0.9049 -0.4161
vn 0.2009 0.8174 -0.5399
vn 0.2158 0.7466 -0.6294
vn 0.2872 0.7781 -0.5586
vn 0.4003 0.8702 -0.2872
vn 0.4034 0.8915 0.2061
vn 0.3520 0.7629 0.5423
vn 0.3727 0.8204 0.4337
vn 0.3449 0.9230 0.1707
vn 0.2245 0.9717 0.0735
vn -0.4541 0.8906 0.0261
vn -0.4493 0.8841 -0.1289
vn -0.3402 0.8910 -0.3008
vn -0.2103 0.9470 -0.2429
vn -0.1071 0.9930 -0.0499
vn -0.0698 0.9895 0.1266
vn -0.0174 0.9681 0.2500
vn -0.0139 0.9416 0.3365
vn 0.0215 0.9246 0.3803
vn -0.0262 0.9176 0.3966
vn -0.0350 0.9610 0.2743
vn 0.0370 0.9962 0.0793
vn -0.0099 0.9999 0.0129
vn 0.0184 0.9588 0.2833
vn 0.0310 0.8558 0.5164
vn -0.0087 0.7864 0.6176
vn -0.0930 0.6039 0.7916
vn -0.0656 0.5659 0.8219
vn -0.0814 0.7686 0.6345
vn -0.1190 0.9281 0.3527
vn 0.0055 0.9990 -0.0434
vn -0.0604 0.8309 -0.5532
vn -0.1922 0.6012 -0.7756
vn -0.2656 0.6952 -0.6680
vn -0.2820 0.9591 0.0229
vn -0.2459 0.9032 0.3517
vn -0.2777 0.9586 -0.0636
vn -0.2830 0.8975 -0.3383
vn -0.2701 0.8070 -0.5252
vn -0.1829 0.7876 -0.5885
vn 0.0922 0.8252 -0.5572
vn 0.1944 0.8060 -0.5591
vn 0.2349 0.7258 -0.6466
vn 0.2643 0.7298 -0.6305
vn 0.3431 0.8433 -0.4137
vn 0.3429 0.9342 0.0983
vn 0.3387 0.7951 0.5031
vn 0.3849 0.8005 0.4595
vn 0.2454 0.9291 0.2769
vn 0.0067 0.9781 0.2078
vn -0.3519 0.9360 0.0038
vn -0.2881 0.9416 -0.1746
vn -0.1953 0.9058 -0.3759
vn -0.1286 0.9438 -0.3045
vn -0.0999 0.9910 -0.0891
vn -0.0720 0.9922 0.1016
vn -0.0190 0.9753 0.2202
vn 0.0296 0.9411 0.3369
vn 0.0022 0.9184 0.3957
vn -0.0286 0.9106 0.4123
vn -0.0194 0.9773 0.2110
vn 0.1094 0.9917 0.0678
vn 0.0407 0.9962 0.0765
vn 0.0074 0.9630 0.2692
vn 0.0670 0.8590 0.5076
vn 0.0560 0.7544 0.6540
vn -0.0315 0.5979 0.8009
vn 0.1355 0.5630 0.8153
vn 0.1422 0.7683 0.6241
vn 0.2438 0.9254 0.2901
vn 0.2997 0.9483 -0.1043
vn 0.2228 0.8022 -0.5540
vn 0.0889 0.6188 -0.7805
vn -0.0907 0.7247 -0.6831
vn -0.2887 0.9560 0.0525
vn -0.1323 0.9393 0.3167
vn -0.1944 0.9773 -0.0843
vn -0.2188 0.9163 -0.3356
vn -0.2056 0.8226 -0.5302
vn -0.1466 0.7221 -0.6760
vn 0.0693 0.7337 -0.6759
vn 0.2515 0.7415 -0.6220
vn 0.3004 0.7183 -0.6276
vn 0.2981 0.7111 -0.6367
vn 0.2841 0.8470 -0.4493
vn 0.2242 0.9730 0.0554
vn 0.2269 0.8600 0.4570
vn 0.2043 0.8407 0.5014
vn 0.0101 0.9301 0.3672
vn -0.0876 0.9618 0.2594
vn -0.1710 0.9833 -0.0631
vn -0.0307 0.9681 -0.2486
vn 0.0490 0.9068 -0.4187
vn 0.0431 0.9491 -0.3119
vn -0.0194 0.9963 -0.0838
vn -0.0290 0.9963 0.0807
vn 0.0016 0.9811 0.1934
vn 0.0528 0.9484 0.3126
vn 0.1012 0.9141 0.3927
vn 0.1631 0.9048 0.3933
vn 0.1858 0.9597 0.2107
vn 0.1726 0.9842 0.0403
vn 0.2084 0.9758 0.0662
vn 0.2329 0.9391 0.2526
vn 0.2379 0.8468 0.4758
vn 0.2411 0.7317 0.6375
vn 0.2197 0.5932 0.7745
vn 0.2924 0.5554 0.7785
vn 0.4031 0.7409 0.5372
vn 0.5710 0.7913 0.2187
vn 0.5725 0.8154 -0.0859
vn 0.4337 0.7536 -0.4939
vn 0.2674 0.6161 -0.7409
vn 0.1288 0.7568 -0.6408
vn -0.2062 0.9750 0.0832
vn -0.1681 0.9395 0.2985
vn -0.2029 0.9744 -0.0966
vn -0.2072 0.9145 -0.3476
vn -0.1721 0.8183 -0.5484
vn -0.0331 0.6783 -0.7340
vn 0.1498 0.6375 -0.7557
vn 0.3113 0.6773 -0.6667
vn 0.3392 0.7143 -0.6121
vn 0.3152 0.7286 -0.6081
vn 0.2071 0.8954 -0.3941
vn 0.0400 0.9977 0.0542
vn 0.0117 0.9012 0.4333
vn -0.0442 0.8579 0.5118
vn -0.1082 0.9184 0.3805
vn -0.0931 0.9625 0.2547
vn 0.1199 0.9804 -0.1563
vn 0.2556 0.9109 -0.3239
vn 0.2645 0.8763 -0.4027
vn 0.1864 0.9478 -0.2586
vn 0.0666 0.9972 -0.0329
vn 0.0336 0.9968 0.0731
vn 0.0583 0.9831 0.1733
vn 0.1057 0.9561 0.2733
vn 0.1721 0.9230 0.3441
vn 0.2612 0.8996 0.3499
vn 0.3148 0.9243 0.2156
vn 0.2903 0.9553 0.0560
vn 0.2898 0.9567 0.0258
vn 0.3719 0.9065 0.2001
vn 0.4091 0.8034 0.4328
vn 0.3951 0.7159 0.5757
vn 0.4256 0.5733 0.7001
vn 0.4709 0.5422 0.6959
vn 0.6317 0.6233 0.4609
vn 0.7237 0.6770 0.1341
vn 0.7713 0.6302 -0.0891
vn 0.6972 0.5972 -0.3965
vn 0.4429 0.6102 -0.6569
vn 0.2343 0.7920 -0.5638
vn -0.0190 0.9932 0.1147
vn -0.0572 0.9504 0.3058
vn -0.1182 0.9895 -0.0836
vn -0.1255 0.9353 -0.3307
vn -0.1001 0.8175 -0.5671
vn 0.0826 0.6307 -0.7716
vn 0.2545 0.5624 -0.7867
vn 0.3588 0.6382 -0.6811
vn 0.3621 0.7228 -0.5886
vn 0.2911 0.7740 -0.5624
vn 0.0988 0.9586 -0.2672
vn -0.1137 0.9869 0.1143
vn -0.1826 0.8829 0.4326
vn -0.1865 0.8505 0.4917
vn -0.1528 0.9218 0.3563
vn -0.1056 0.9681 0.2271
vn 0.2698 0.9223 -0.2768
vn 0.3499 0.8634 -0.3634
vn 0.3272 0.8751 -0.3565
vn 0.2321 0.9589 -0.1629
vn 0.1188 0.9928 0.0138
vn 0.0972 0.9931 0.0650
vn 0.1445 0.9789 0.1447
vn 0.1992 0.9510 0.2365
vn 0.2539 0.9219 0.2926
vn 0.3318 0.8939 0.3015
vn 0.3875 0.9007 0.1964
vn 0.4095 0.9104 0.0596
vn 0.4247 0.9053 0.0047
vn 0.4781 0.8703 0.1181
vn 0.5239 0.7717 0.3605
vn 0.5336 0.6784 0.5051
vn 0.5398 0.5752 0.6146
vn 0.6144 0.5039 0.6071
vn 0.7491 0.5399 0.3839
vn 0.8246 0.5627 0.0577
vn 0.8491 0.5105 -0.1357
vn 0.8028 0.5286 -0.2760
vn 0.6302 0.5561 -0.5418
vn 0.3471 0.7836 -0.5153
vn 0.2121 0.9724 0.0969
vn 0.1504 0.9360 0.3183
vn 0.1127 0.9928 -0.0409
vn 0.0820 0.9550 -0.2851
vn 0.1152 0.8214 -0.5586
vn 0.2222 0.5928 -0.7741
vn 0.3132 0.5163 -0.7971
vn 0.3428 0.6385 -0.6891
vn 0.2850 0.7709 -0.5697
vn 0.1553 0.8561 -0.4930
vn -0.0356 0.9869 -0.1575
vn -0.1854 0.9583 0.2172
vn -0.2474 0.8634 0.4396
vn -0.2193 0.8551 0.4698
vn -0.1566 0.9290 0.3352
vn -0.0825 0.9765 0.1991
vn 0.2336 0.9043 -0.3573
vn 0.2304 0.8952 -0.3816
vn 0.1931 0.9254 -0.3261
vn 0.1484 0.9837 -0.1016
vn 0.1063 0.9934 0.0432
vn 0.1011 0.9937 0.0482
vn 0.1829 0.9781 0.0991
vn 0.2581 0.9471 0.1905
vn 0.3179 0.9147 0.2497
vn 0.3709 0.8956 0.2457
vn 0.4489 0.8791 0.1601
vn 0.4850 0.8736 0.0394
vn 0.5057 0.8625 -0.0196
vn 0.5335 0.8439 0.0567
vn 0.5957 0.7482 0.2921
vn 0.6137 0.6589 0.4349
vn 0.6410 0.5688 0.5154
vn 0.7096 0.4848 0.5113
vn 0.8088 0.4993 0.3108
vn 0.8632 0.5047 0.0127
vn 0.8614 0.4942 -0.1170
vn 0.8358 0.5116 -0.1994
vn 0.7311 0.5298 -0.4299
vn 0.4714 0.7572 -0.4521
vn 0.3210 0.9444 0.0711
vn 0.2334 0.9139 0.3322
vn 0.2403 0.9706 0.0127
vn 0.2299 0.9439 -0.2372
vn 0.2638 0.7981 -0.5418
vn 0.2963 0.5677 -0.7681
vn 0.3150 0.4995 -0.8070
vn 0.2930 0.6688 -0.6833
vn 0.1868 0.8327 -0.5213
vn 0.0268 0.9165 -0.3991
vn -0.1168 0.9898 -0.0811
vn -0.1885 0.9400 0.2843
vn -0.2117 0.8674 0.4504
vn -0.1716 0.8732 0.4561
vn -0.0932 0.9477 0.3053
vn 0.0206 0.9875 0.1564
vn 0.0648 0.9371 -0.3429
vn -0.0009 0.9296 -0.3686
vn -0.0373 0.9505 -0.3085
vn -0.0584 0.9937 -0.0958
vn -0.0354 0.9984 0.0451
vn 0.0091 0.9999 0.0136
vn 0.1401 0.9900 0.0136
vn 0.2631 0.9550 0.1373
vn 0.3374 0.9181 0.2079
vn 0.3949 0.8957 0.2045
vn 0.4440 0.8871 0.1263
vn 0.4549 0.8901 0.0284
vn 0.4577 0.8888 -0.0246
vn 0.4709 0.8822 0.0059
vn 0.6051 0.7765 0.1758
vn 0.6700 0.6523 0.3545
vn 0.6997 0.5687 0.4324
vn 0.7539 0.5014 0.4245
vn 0.8362 0.4781 0.2688
vn 0.8753 0.4835 -0.0053
vn 0.8698 0.4835 -0.0985
vn 0.8565 0.4887 -0.1660
vn 0.8027 0.5131 -0.3039
vn 0.6277 0.6923 -0.3560
vn 0.3757 0.9223 0.0907
vn 0.2855 0.8943 0.3446
vn 0.3084 0.9496 0.0569
vn 0.3175 0.9217 -0.2229
vn 0.3215 0.7868 -0.5268
vn 0.3442 0.5472 -0.7630
vn 0.3311 0.5229 -0.7855
vn 0.2602 0.7331 -0.6284
vn 0.1358 0.8943 -0.4264
vn 0.0239 0.9507 -0.3090
vn -0.0718 0.9972 -0.0196
vn -0.1302 0.9393 0.3176
vn -0.1374 0.8806 0.4535
vn -0.0858 0.8938 0.4402
vn -0.0018 0.9611 0.2764
vn 0.0564 0.9895 0.1329
vn -0.0383 0.9648 -0.2604
vn -0.1300 0.9365 -0.3258
vn -0.1819 0.9399 -0.2888
vn -0.1925 0.9749 -0.1122
vn -0.1234 0.9924 0.0030
vn -0.0220 0.9985 -0.0507
vn 0.0861 0.9944 -0.0605
vn 0.2186 0.9746 0.0495
vn 0.3239 0.9339 0.1510
vn 0.4020 0.9005 0.1657
vn 0.4488 0.8864 0.1136
vn 0.4548 0.8900 0.0335
vn 0.4516 0.8914 -0.0386
vn 0.4767 0.8772 -0.0578
vn 0.5616 0.8266 0.0358
vn 0.6751 0.6850 0.2740
vn 0.7198 0.5909 0.3643
vn 0.7699 0.5316 0.3531
vn 0.8398 0.4962 0.2200
vn 0.8733 0.4872 -0.0048
vn 0.8599 0.5025 -0.0902
vn 0.8514 0.5040 -0.1450
vn 0.8114 0.5465 -0.2073
vn 0.6921 0.6881 -0.2181
vn 0.4469 0.8851 0.1297
vn 0.3767 0.8696 0.3192
vn 0.4423 0.8915 0.0978
vn 0.4405 0.8850 -0.1506
vn 0.4356 0.7701 -0.4660
vn 0.4277 0.5659 -0.7048
vn 0.3685 0.5816 -0.7253
vn 0.2838 0.7964 -0.5341
vn 0.1740 0.9256 -0.3361
vn 0.0892 0.9679 -0.2350
vn -0.0144 0.9990 0.0429
vn -0.0586 0.9405 0.3347
vn -0.0351 0.8990 0.4366
vn 0.0322 0.9051 0.4241
vn 0.0992 0.9588 0.2662
vn 0.1194 0.9825 0.1430
vn -0.0875 0.9766 -0.1963
vn -0.1591 0.9490 -0.2724
vn -0.2168 0.9390 -0.2671
vn -0.2395 0.9612 -0.1370
vn -0.1754 0.9828 -0.0581
vn -0.0747 0.9898 -0.1215
vn 0.0268 0.9919 -0.1242
vn 0.1631 0.9853 -0.0501
vn 0.2746 0.9569 0.0944
vn 0.3506 0.9286 0.1213
vn 0.4014 0.9119 0.0852
vn 0.4310 0.9017 0.0329
vn 0.4215 0.9063 -0.0299
vn 0.3974 0.9147 -0.0734
vn 0.3864 0.9213 -0.0448
vn 0.5506 0.8246 0.1298
vn 0.6811 0.6669 0.3023
vn 0.7542 0.5829 0.3022
vn 0.8178 0.5470 0.1789
vn 0.8429 0.5380 0.0048
vn 0.8265 0.5566 -0.0842
vn 0.8190 0.5574 -0.1359
vn 0.7942 0.5937 -0.1296
vn 0.7050 0.7054 -0.0738
vn 0.4803 0.8600 0.1724
vn 0.4291 0.8533 0.2963
vn 0.5171 0.8501 0.0999
vn 0.5558 0.8277 -0.0771
vn 0.5679 0.7380 -0.3645
vn 0.5311 0.6156 -0.5822
vn 0.4574 0.6638 -0.5917
vn 0.3420 0.8508 -0.3989
vn 0.2156 0.9449 -0.2463
vn 0.1270 0.9789 -0.1599
vn 0.0344 0.9953 0.0909
vn 0.0233 0.9434 0.3308
vn 0.0600 0.9122 0.4053
vn 0.1356 0.9109 0.3898
vn 0.2272 0.9375 0.2637
vn 0.2513 0.9542 0.1625
vn -0.0588 0.9834 -0.1719
vn -0.0846 0.9693 -0.2309
vn -0.1445 0.9592 -0.2430
vn -0.1825 0.9719 -0.1489
vn -0.1412 0.9837 -0.1117
vn -0.0620 0.9829 -0.1733
vn -0.0017 0.9817 -0.1905
vn 0.0464 0.9936 -0.1027
vn 0.1559 0.9877 0.0102
vn 0.2658 0.9610 0.0762
vn 0.3245 0.9438 0.0632
vn 0.3448 0.9384 0.0245
vn 0.3459 0.9381 -0.0182
vn 0.3230 0.9445 -0.0606
vn 0.3016 0.9513 -0.0641
vn 0.3309 0.9437 0.0010
vn 0.5028 0.8413 0.1984
vn 0.6633 0.7058 0.2488
vn 0.7476 0.6470 0.1501
vn 0.7761 0.6304 0.0143
vn 0.7650 0.6387 -0.0826
vn 0.7354 0.6658 -0.1257
vn 0.6898 0.7213 -0.0622
vn 0.6242 0.7781 0.0704
vn 0.4866 0.8454 0.2201
vn 0.4897 0.8302 0.2662
vn 0.5734 0.8153 0.0805
vn 0.6144 0.7877 -0.0450
vn 0.6340 0.7295 -0.2566
vn 0.5961 0.6709 -0.4412
vn 0.5008 0.7485 -0.4347
vn 0.3290 0.9077 -0.2603
vn 0.2100 0.9629 -0.1696
vn 0.1141 0.9898 -0.0850
vn 0.0422 0.9932 0.1088
vn 0.0611 0.9479 0.3127
vn 0.1118 0.9208 0.3736
vn 0.1868 0.9231 0.3360
vn 0.2862 0.9297 0.2320
vn 0.3577 0.9207 0.1560
vn 0.0393 0.9831 -0.1790
vn 0.0849 0.9706 -0.2253
vn 0.0497 0.9762 -0.2110
vn -0.0105 0.9906 -0.1363
vn -0.0255 0.9903 -0.1366
vn -0.0011 0.9789 -0.2042
vn -0.0001 0.9785 -0.2065
vn -0.0073 0.9919 -0.1270
vn 0.0378 0.9980 -0.0508
vn 0.1227 0.9924 0.0085
vn 0.2062 0.9779 0.0339
vn 0.2356 0.9717 0.0153
vn 0.2433 0.9699 -0.0103
vn 0.2162 0.9756 -0.0386
vn 0.1616 0.9857 -0.0468
vn 0.0935 0.9955 -0.0177
vn 0.1786 0.9821 0.0602
vn 0.4019 0.9040 0.1456
vn 0.5647 0.8179 0.1099
vn 0.6107 0.7919 0.0050
vn 0.5824 0.8105 -0.0633
vn 0.5101 0.8556 -0.0881
vn 0.4082 0.9129 -0.0036
vn 0.4133 0.8982 0.1499
vn 0.4401 0.8606 0.2561
vn 0.5131 0.8282 0.2254
vn 0.5928 0.8017 0.0763
vn 0.6230 0.7816 -0.0310
vn 0.6369 0.7492 -0.1816
vn 0.5931 0.7412 -0.3145
vn 0.4424 0.8599 -0.2547
vn 0.2388 0.9591 -0.1517
vn 0.1453 0.9838 -0.1049
vn 0.0523 0.9979 -0.0392
vn 0.0243 0.9932 0.1134
vn 0.0429 0.9554 0.2923
vn 0.0858 0.9368 0.3392
vn 0.1598 0.9444 0.2875
vn 0.2681 0.9489 0.1663
vn 0.3696 0.9238 0.1000
vn 0.2458 0.9455 -0.2134
vn 0.3094 0.9209 -0.2369
vn 0.2685 0.9493 -0.1634
vn 0.1962 0.9759 -0.0954
vn 0.1435 0.9821 -0.1216
vn 0.1085 0.9746 -0.1962
vn 0.0495 0.9817 -0.1840
vn -0.0146 0.9928 -0.1186
vn -0.0236 0.9971 -0.0730
vn 0.0252 0.9989 -0.0404
vn 0.0658 0.9978 0.0022
vn 0.0855 0.9963 0.0027
vn 0.0926 0.9957 -0.0051
vn 0.0716 0.9974 -0.0116
vn 0.0355 0.9993 -0.0068
vn 0.0035 1.0000 0.0005
vn 0.0005 1.0000 -0.0020
vn 0.0867 0.9960 0.0214
vn 0.2098 0.9771 0.0344
vn 0.2567 0.9665 0.0016
vn 0.2233 0.9745 -0.0207
vn 0.1598 0.9869 -0.0223
vn 0.0903 0.9957 0.0196
vn 0.1806 0.9766 0.1165
vn 0.3485 0.9122 0.2155
vn 0.4799 0.8586 0.1803
vn 0.5558 0.8284 0.0695
vn 0.5812 0.8137 -0.0104
vn 0.5721 0.8118 -0.1167
vn 0.4830 0.8523 -0.2006
vn 0.3296 0.9369 -0.1167
vn 0.2121 0.9765 -0.0368
vn 0.0857 0.9960 -0.0270
vn -0.0217 0.9998 -0.0038
vn -0.0347 0.9927 0.1158
vn 0.0102 0.9641 0.2652
vn 0.0626 0.9473 0.3143
vn 0.1071 0.9652 0.2384
vn 0.1912 0.9764 0.1005
vn 0.2790 0.9602 -0.0132
vn 0.3934 0.8814 -0.2614
vn 0.4220 0.8782 -0.2251
vn 0.3551 0.9295 -0.1000
vn 0.2745 0.9606 -0.0441
vn 0.2207 0.9713 -0.0883
vn 0.1708 0.9730 -0.1550
vn 0.0794 0.9880 -0.1328
vn -0.0083 0.9969 -0.0781
vn -0.0345 0.9958 -0.0854
vn -0.0174 0.9985 -0.0525
vn -0.0009 0.9999 -0.0110
vn 0.0018 1.0000 -0.0009
vn 0.0018 1.0000 -0.0014
vn -0.0031 1.0000 -0.0019
vn -0.0040 1.0000 0.0005
vn -0.0003 1.0000 0.0006
vn -0.0017 1.0000 -0.0015
vn -0.0022 1.0000 -0.0026
vn 0.0008 1.0000 0.0015
vn 0.0111 0.9999 0.0006
vn 0.0044 1.0000 -0.0034
vn -0.0023 1.0000 0.0011
vn -0.0023 1.0000 0.0009
vn 0.0449 0.9984 0.0346
vn 0.1976 0.9742 0.1085
vn 0.3538 0.9273 0.1225
vn 0.4348 0.8985 0.0603
vn 0.4568 0.8895 0.0040
vn 0.4389 0.8972 -0.0480
vn 0.3587 0.9299 -0.0811
vn 0.2392 0.9707 -0.0235
vn 0.1301 0.9901 0.0536
vn 0.0146 0.9989 0.0435
vn -0.0650 0.9972 0.0380
vn -0.0581 0.9936 0.0970
vn 0.0299 0.9769 0.2118
vn 0.1125 0.9490 0.2946
vn 0.1146 0.9689 0.2194
vn 0.1327 0.9898 0.0509
vn 0.1818 0.9788 -0.0942
vn 0.3607 0.8863 -0.2905
vn 0.3132 0.9306 -0.1892
vn 0.2092 0.9774 -0.0306
vn 0.1474 0.9890 -0.0103
vn 0.1432 0.9871 -0.0712
vn 0.1267 0.9850 -0.1176
vn 0.0638 0.9950 -0.0772
vn 0.0016 0.9990 -0.0444
vn -0.0222 0.9964 -0.0815
vn -0.0162 0.9980 -0.0615
vn -0.0093 0.9998 -0.0158
vn -0.0084 1.0000 -0.0014
vn -0.0074 1.0000 -0.0009
vn -0.0068 1.0000 -0.0011
vn -0.0078 1.0000 -0.0006
vn -0.0046 1.0000 -0.0006
vn -0.0052 1.0000 -0.0008
vn -0.0064 1.0000 -0.0008
vn -0.0083 1.0000 0.0003
vn -0.0061 1.0000 -0.0003
vn -0.0085 1.0000 -0.0011
vn -0.0078 1.0000 0.0006
vn -0.0074 1.0000 -0.0000
vn -0.0056 1.0000 0.0013
vn 0.0441 0.9987 0.0239
vn 0.1459 0.9881 0.0494
vn 0.2231 0.9741 0.0373
vn 0.2492 0.9684 0.0110
vn 0.2396 0.9708 -0.0089
vn 0.1848 0.9825 -0.0219
vn 0.1179 0.9924 0.0352
vn 0.0594 0.9919 0.1125
vn -0.0191 0.9948 0.1000
vn -0.0680 0.9960 0.0588
vn -0.0490 0.9970 0.0592
vn 0.0420 0.9885 0.1451
vn 0.1257 0.9530 0.2757
vn 0.1019 0.9665 0.2355
vn 0.0187 0.9979 0.0617
vn -0.0117 0.9948 -0.1008
vn 0.2622 0.9238 -0.2791
vn 0.1780 0.9730 -0.1467
vn 0.0829 0.9965 0.0125
vn 0.0567 0.9984 -0.0060
vn 0.0774 0.9941 -0.0763
vn 0.0804 0.9911 -0.1061
vn 0.0414 0.9977 -0.0540
vn 0.0057 0.9995 -0.0302
vn -0.0114 0.9970 -0.0768
vn -0.0131 0.9978 -0.0642
vn -0.0105 0.9998 -0.0172
vn -0.0098 1.0000 -0.0014
vn -0.0091 1.0000 -0.0010
vn -0.0095 1.0000 -0.0012
vn -0.0085 1.0000 -0.0006
vn -0.0085 1.0000 -0.0008
vn -0.0078 1.0000 -0.0004
vn -0.0074 1.0000 0.0001
vn -0.0052 1.0000 -0.0003
vn -0.0076 1.0000 -0.0006
vn -0.0075 1.0000 0.0003
vn -0.0085 1.0000 -0.0001
vn -0.0048 1.0000 0.0016
vn 0.0374 0.9992 0.0128
vn 0.0949 0.9953 0.0173
vn 0.1215 0.9926 0.0076
vn 0.1270 0.9919 -0.0000
vn 0.1112 0.9938 0.0042
vn 0.0651 0.9963 0.0561
vn 0.0244 0.9908 0.1328
vn -0.0191 0.9916 0.1276
vn -0.0596 0.9961 0.0648
vn -0.0384 0.9986 0.0358
vn 0.0325 0.9937 0.1070
vn 0.1037 0.9582 0.2666
vn 0.0449 0.9645 0.2601
vn -0.0773 0.9917 0.1025
vn -0.1042 0.9904 -0.0903
vt -103.346458 -50.000000
vt -105.000000 -47.435898
vt -105.000000 -50.000000
vt -103.346458 -47.435898
vt -105.000000 -44.871796
vt -103.346458 -44.871796
vt -105.000000 -42.307693
vt -103.346458 -42.307693
vt -105.000000 -39.743587
vt -103.346458 -39.743587
vt -105.000000 -37.179485
vt -103.346458 -37.179485
vt -105.000000 -34.615383
vt -103.346458 -34.615383
vt -105.000000 -32.051281
vt -103.346458 -32.051281
vt -105.000000 -29.487179
vt -103.346458 -26.923077
vt -103.346458 -29.487179
vt -103.346458 -24.358974
vt -105.000000 -26.923077
vt -103.346458 -21.794872
vt -105.000000 -24.358974
vt -105.000000 -19.230770
vt -105.000000 -21.794872
vt -103.346458 -19.230770
vt -105.000000 -16.666668
vt -103.346458 -14.102564
vt -103.346458 -16.666668
vt -103.346458 -11.538462
vt -105.000000 -14.102564
vt -105.000000 -8.974360
vt -105.000000 -11.538462
vt -103.346458 -8.974360
vt -105.000000 -6.410256
vt -103.346458 -6.410256
vt -105.000000 -3.846154
vt -103.346458 -1.282051
vt -103.346458 -3.846154
vt -105.000000 1.282051
vt -105.000000 -1.282051
vt -103.346458 3.846154
vt -103.346458 1.282051
vt -105.000000 6.410256
vt -105.000000 3.846154
vt -103.346458 8.974360
vt -103.346458 6.410256
vt -103.346458 11.538462
vt -105.000000 8.974360
vt -103.346458 14.102564
vt -105.000000 11.538462
vt -105.000000 16.666668
vt -105.000000 14.102564
vt -103.346458 19.230770
vt -103.346458 16.666668
vt -105.000000 21.794872
vt -105.000000 19.230770
vt -103.346458 24.358974
vt -103.346458 21.794872
vt -105.000000 26.923077
vt -105.000000 24.358974
vt -103.346458 26.923077
vt -105.000000 29.487179
vt -103.346458 29.487179
vt -105.000000 32.051281
vt -103.346458 34.615383
vt -103.346458 32.051281
vt -103.346458 37.179485
vt -105.000000 34.615383
vt -103.346458 39.743587
vt -105.000000 37.179485
vt -105.000000 42.307693
vt -105.000000 39.743587
vt -103.346458 42.307693
vt -105.000000 44.871796
vt -103.346458 44.871796
vt -105.000000 47.435898
vt -103.346458 47.435898
vt -105.000000 50.000000
vt -101.692917 -47.435898
vt -101.692917 -50.000000
vt -101.692917 -44.871796
vt -101.692917 -42.307693
vt -101.692917 -39.743587
vt -101.692917 -37.179485
vt -101.692917 -34.615383
vt -101.692917 -29.487179
vt -101.692917 -32.051281
vt -101.692917 -26.923077
vt -101.692917 -24.358974
vt -101.692917 -19.230770
vt -101.692917 -21.794872
vt -101.692917 -16.666668
vt -101.692917 -11.538462
vt -101.692917 -14.102564
vt -101.692917 -6.410256
vt -101.692917 -8.974360
vt -101.692917 -1.282051
vt -101.692917 -3.846154
vt -101.692917 1.282051
vt -101.692917 3.846154
vt -101.692917 6.410256
vt -101.692917 11.538462
vt -101.692917 8.974360
vt -101.692917 14.102564
vt -101.692917 16.666668
vt -101.692917 21.794872
vt -101.692917 19.230770
vt -101.692917 24.358974
vt -101.692917 26.923077
vt -101.692917 29.487179
vt -101.692917 32.051281
vt -101.692917 34.615383
vt -101.692917 37.179485
vt -101.692917 39.743587
vt -101.692917 42.307693
vt -101.692917 44.871796
vt -101.692917 47.435898
vt -103.346458 50.000000
vt -100.039368 -47.435898
vt -100.039368 -50.000000
vt -100.039368 -44.871796
vt -100.039368 -42.307693
vt -100.039368 -39.743587
vt -100.039368 -37.179485
vt -100.039368 -34.615383
vt -100.039368 -29.487179
vt -100.039368 -32.051281
vt -100.039368 -26.923077
vt -100.039368 -24.358974
vt -100.039368 -21.794872
vt -100.039368 -19.230770
vt -100.039368 -14.102564
vt -100.039368 -16.666668
vt -100.039368 -11.538462
vt -100.039368 -6.410256
vt -100.039368 -8.974360
vt -100.039368 -1.282051
vt -100.039368 -3.846154
vt -100.039368 3.846154
vt -100.039368 1.282051
vt -100.039368 6.410256
vt -100.039368 11.538462
vt -100.039368 8.974360
vt -100.039368 14.102564
vt -100.039368 16.666668
vt -100.039368 21.794872
vt -100.039368 19.230770
vt -100.039368 24.358974
vt -100.039368 26.923077
vt -100.039368 29.487179
vt -100.039368 32.051281
vt -100.039368 34.615383
vt -100.039368 37.179485
vt -100.039368 39.743587
vt -100.039368 42.307693
vt -100.039368 44.871796
vt -100.039368 47.435898
vt -101.692917 50.000000
vt -98.385826 -47.435898
vt -98.385826 -50.000000
vt -98.385826 -44.871796
vt -98.385826 -42.307693
vt -98.385826 -39.743587
vt -98.385826 -37.179485
vt -98.385826 -32.051281
vt -98.385826 -34.615383
vt -98.385826 -29.487179
vt -98.385826 -26.923077
vt -98.385826 -21.794872
vt -98.385826 -24.358974
vt -98.385826 -19.230770
vt -98.385826 -16.666668
vt -98.385826 -14.102564
vt -98.385826 -11.538462
vt -98.385826 -6.410256
vt -98.385826 -8.974360
vt -98.385826 -1.282051
vt -98.385826 -3.846154
vt -98.385826 3.846154
vt -98.385826 1.282051
vt -98.385826 8.974360
vt -98.385826 6.410256
vt -98.385826 14.102564
vt -98.385826 11.538462
vt -98.385826 19.230770
vt -98.385826 16.666668
vt -98.385826 21.794872
vt -98.385826 24.358974
vt -98.385826 26.923077
vt -98.385826 29.487179
vt -98.385826 32.051281
vt -98.385826 34.615383
vt -98.385826 37.179485
vt -98.385826 39.743587
vt -98.385826 42.307693
vt -98.385826 44.871796
vt -98.385826 47.435898
vt -100.039368 50.000000
vt -96.732285 -47.435898
vt -96.732285 -50.000000
vt -96.732285 -44.871796
vt -96.732285 -42.307693
vt -96.732285 -39.743587
vt -96.732285 -37.179485
vt -96.732285 -32.051281
vt -96.732285 -34.615383
vt -96.732285 -29.487179
vt -96.732285 -26.923077
vt -96.732285 -24.358974
vt -96.732285 -21.794872
vt -96.732285 -19.230770
vt -96.732285 -14.102564
vt -96.732285 -16.666668
vt -96.732285 -8.974360
vt -96.732285 -11.538462
vt -96.732285 -6.410256
vt -96.732285 -1.282051
vt -96.732285 -3.846154
vt -96.732285 3.846154
vt -96.732285 1.282051
vt -96.732285 8.974360
vt -96.732285 6.410256
vt -96.732285 11.538462
vt -96.732285 16.666668
vt -96.732285 14.102564
vt -96.732285 19.230770
vt -96.732285 21.794872
vt -96.732285 24.358974
vt -96.732285 26.923077
vt -96.732285 29.487179
vt -96.732285 32.051281
vt -96.732285 34.615383
vt -96.732285 37.179485
vt -96.732285 39.743587
vt -96.732285 42.307693
vt -96.732285 44.871796
vt -96.732285 47.435898
vt -98.385826 50.000000
vt -95.078743 -47.435898
vt -95.078743 -50.000000
vt -95.078743 -44.871796
vt -95.078743 -42.307693
vt -95.078743 -39.743587
vt -95.078743 -37.179485
vt -95.078743 -32.051281
vt -95.078743 -34.615383
vt -95.078743 -29.487179
vt -95.078743 -26.923077
vt -95.078743 -24.358974
vt -95.078743 -21.794872
vt -95.078743 -16.666668
vt -95.078743 -19.230770
vt -95.078743 -14.102564
vt -95.078743 -8.974360
vt -95.078743 -11.538462
vt -95.078743 -6.410256
vt -95.078743 -3.846154
vt -95.078743 1.282051
vt -95.078743 -1.282051
vt -95.078743 6.410256
vt -95.078743 3.846154
vt -95.078743 8.974360
vt -95.078743 14.102564
vt -95.078743 11.538462
vt -95.078743 16.666668
vt -95.078743 21.794872
vt -95.078743 19.230770
vt -95.078743 24.358974
vt -95.078743 26.923077
vt -95.078743 29.487179
vt -95.078743 32.051281
vt -95.078743 34.615383
vt -95.078743 37.179485
vt -95.078743 39.743587
vt -95.078743 42.307693
vt -95.078743 44.871796
vt -95.078743 47.435898
vt -96.732285 50.000000
vt -93.425194 -50.000000
vt -93.425194 -47.435898
vt -93.425194 -42.307693
vt -93.425194 -44.871796
vt -93.425194 -39.743587
vt -93.425194 -34.615383
vt -93.425194 -37.179485
vt -93.425194 -32.051281
vt -93.425194 -29.487179
vt -93.425194 -26.923077
vt -93.425194 -24.358974
vt -93.425194 -21.794872
vt -93.425194 -16.666668
vt -93.425194 -19.230770
vt -93.425194 -11.538462
vt -93.425194 -14.102564
vt -93.425194 -8.974360
vt -93.425194 -6.410256
vt -93.425194 -3.846154
vt -93.425194 1.282051
vt -93.425194 -1.282051
vt -93.425194 3.846154
vt -93.425194 6.410256
vt -93.425194 11.538462
vt -93.425194 8.974360
vt -93.425194 14.102564
vt -93.425194 16.666668
vt -93.425194 19.230770
vt -93.425194 21.794872
vt -93.425194 24.358974
vt -93.425194 26.923077
vt -93.425194 29.487179
vt -93.425194 32.051281
vt -93.425194 34.615383
vt -93.425194 37.179485
vt -93.425194 39.743587
vt -93.425194 42.307693
vt -93.425194 44.871796
vt -93.425194 47.435898
vt -95.078743 50.000000
vt -91.771652 -50.000000
vt -91.771652 -47.435898
vt -91.771652 -44.871796
vt -91.771652 -39.743587
vt -91.771652 -42.307693
vt -91.771652 -37.179485
vt -91.771652 -34.615383
vt -91.771652 -32.051281
vt -91.771652 -29.487179
vt -91.771652 -26.923077
vt -91.771652 -24.358974
vt -91.771652 -21.794872
vt -91.771652 -19.230770
vt -91.771652 -14.102564
vt -91.771652 -16.666668
vt -91.771652 -11.538462
vt -91.771652 -8.974360
vt -91.771652 -6.410256
vt -91.771652 -1.282051
vt -91.771652 -3.846154
vt -91.771652 1.282051
vt -91.771652 6.410256
vt -91.771652 3.846154
vt -91.771652 8.974360
vt -91.771652 14.102564
vt -91.771652 11.538462
vt -91.771652 19.230770
vt -91.771652 16.666668
vt -91.771652 24.358974
vt -91.771652 21.794872
vt -91.771652 26.923077
vt -91.771652 29.487179
vt -91.771652 32.051281
vt -91.771652 34.615383
vt -91.771652 37.179485
vt -91.771652 39.743587
vt -91.771652 42.307693
vt -91.771652 44.871796
vt -91.771652 47.435898
vt -93.425194 50.000000
vt -90.118111 -50.000000
vt -90.118111 -47.435898
vt -90.118111 -42.307693
vt -90.118111 -44.871796
vt -90.118111 -39.743587
vt -90.118111 -37.179485
vt -90.118111 -34.615383
vt -90.118111 -32.051281
vt -90.118111 -29.487179
vt -90.118111 -26.923077
vt -90.118111 -21.794872
vt -90.118111 -24.358974
vt -90.118111 -19.230770
vt -90.118111 -16.666668
vt -90.118111 -11.538462
vt -90.118111 -14.102564
vt -90.118111 -8.974360
vt -90.118111 -6.410256
vt -90.118111 -3.846154
vt -90.118111 1.282051
vt -90.118111 -1.282051
vt -90.118111 3.846154
vt -90.118111 6.410256
vt -90.118111 11.538462
vt -90.118111 8.974360
vt -90.118111 14.102564
vt -90.118111 16.666668
vt -90.118111 21.794872
vt -90.118111 19.230770
vt -90.118111 24.358974
vt -90.118111 26.923077
vt -90.118111 29.487179
vt -90.118111 32.051281
vt -90.118111 34.615383
vt -90.118111 37.179485
vt -90.118111 39.743587
vt -90.118111 42.307693
vt -90.118111 47.435898
vt -90.118111 44.871796
vt -90.118111 50.000000
vt -88.464569 -50.000000
vt -88.464569 -47.435898
vt -88.464569 -42.307693
vt -88.464569 -44.871796
vt -88.464569 -39.743587
vt -88.464569 -37.179485
vt -88.464569 -34.615383
vt -88.464569 -32.051281
vt -88.464569 -29.487179
vt -88.464569 -24.358974
vt -88.464569 -26.923077
vt -88.464569 -19.230770
vt -88.464569 -21.794872
vt -88.464569 -14.102564
vt -88.464569 -16.666668
vt -88.464569 -8.974360
vt -88.464569 -11.538462
vt -88.464569 -3.846154
vt -88.464569 -6.410256
vt -88.464569 1.282051
vt -88.464569 -1.282051
vt -88.464569 3.846154
vt -88.464569 6.410256
vt -88.464569 8.974360
vt -88.464569 11.538462
vt -88.464569 14.102564
vt -88.464569 16.666668
vt -88.464569 19.230770
vt -88.464569 24.358974
vt -88.464569 21.794872
vt -88.464569 26.923077
vt -88.464569 29.487179
vt -88.464569 32.051281
vt -88.464569 34.615383
vt -88.464569 37.179485
vt -88.464569 39.743587
vt -88.464569 44.871796
vt -88.464569 42.307693
vt -88.464569 47.435898
vt -88.464569 50.000000
vt -86.811020 -50.000000
vt -86.811020 -47.435898
vt -86.811020 -44.871796
vt -86.811020 -39.743587
vt -86.811020 -42.307693
vt -86.811020 -37.179485
vt -86.811020 -34.615383
vt -86.811020 -32.051281
vt -86.811020 -29.487179
vt -86.811020 -26.923077
vt -86.811020 -24.358974
vt -86.811020 -19.230770
vt -86.811020 -21.794872
vt -86.811020 -16.666668
vt -86.811020 -14.102564
vt -86.811020 -11.538462
vt -86.811020 -8.974360
vt -86.811020 -3.846154
vt -86.811020 -6.410256
vt -86.811020 1.282051
vt -86.811020 -1.282051
vt -86.811020 3.846154
vt -86.811020 6.410256
vt -86.811020 8.974360
vt -86.811020 11.538462
vt -86.811020 14.102564
vt -86.811020 16.666668
vt -86.811020 19.230770
vt -86.811020 21.794872
vt -86.811020 26.923077
vt -86.811020 24.358974
vt -86.811020 29.487179
vt -86.811020 32.051281
vt -86.811020 34.615383
vt -86.811020 37.179485
vt -86.811020 39.743587
vt -86.811020 44.871796
vt -86.811020 42.307693
vt -86.811020 47.435898
vt -86.811020 50.000000
vt -85.157486 -47.435898
vt -85.157486 -50.000000
vt -85.157486 -44.871796
vt -85.157486 -39.743587
vt -85.157486 -42.307693
vt -85.157486 -37.179485
vt -85.157486 -34.615383
vt -85.157486 -32.051281
vt -85.157486 -29.487179
vt -85.157486 -26.923077
vt -85.157486 -21.794872
vt -85.157486 -24.358974
vt -85.157486 -19.230770
vt -85.157486 -14.102564
vt -85.157486 -16.666668
vt -85.157486 -11.538462
vt -85.157486 -6.410256
vt -85.157486 -8.974360
vt -85.157486 -1.282051
vt -85.157486 -3.846154
vt -85.157486 1.282051
vt -85.157486 3.846154
vt -85.157486 6.410256
vt -85.157486 8.974360
vt -85.157486 11.538462
vt -85.157486 14.102564
vt -85.157486 16.666668
vt -85.157486 19.230770
vt -85.157486 21.794872
vt -85.157486 26.923077
vt -85.157486 24.358974
vt -85.157486 29.487179
vt -85.157486 32.051281
vt -85.157486 34.615383
vt -85.157486 37.179485
vt -85.157486 39.743587
vt -85.157486 44.871796
vt -85.157486 42.307693
vt -85.157486 47.435898
vt -85.157486 50.000000
vt -83.503937 -47.435898
vt -83.503937 -50.000000
vt -83.503937 -44.871796
vt -83.503937 -42.307693
vt -83.503937 -39.743587
vt -83.503937 -37.179485
vt -83.503937 -34.615383
vt -83.503937 -32.051281
vt -83.503937 -29.487179
vt -83.503937 -24.358974
vt -83.503937 -26.923077
vt -83.503937 -21.794872
vt -83.503937 -16.666668
vt -83.503937 -19.230770
vt -83.503937 -11.538462
vt -83.503937 -14.102564
vt -83.503937 -8.974360
vt -83.503937 -3.846154
vt -83.503937 -6.410256
vt -83.503937 -1.282051
vt -83.503937 1.282051
vt -83.503937 3.846154
vt -83.503937 6.410256
vt -83.503937 8.974360
vt -83.503937 11.538462
vt -83.503937 14.102564
vt -83.503937 16.666668
vt -83.503937 19.230770
vt -83.503937 21.794872
vt -83.503937 26.923077
vt -83.503937 24.358974
vt -83.503937 29.487179
vt -83.503937 32.051281
vt -83.503937 34.615383
vt -83.503937 37.179485
vt -83.503937 39.743587
vt -83.503937 44.871796
vt -83.503937 42.307693
vt -83.503937 47.435898
vt -81.850395 -47.435898
vt -81.850395 -50.000000
vt -81.850395 -44.871796
vt -81.850395 -42.307693
vt -81.850395 -39.743587
vt -81.850395 -37.179485
vt -81.850395 -34.615383
vt -81.850395 -32.051281
vt -81.850395 -26.923077
vt -81.850395 -29.487179
vt -81.850395 -21.794872
vt -81.850395 -24.358974
vt -81.850395 -19.230770
vt -81.850395 -14.102564
vt -81.850395 -16.666668
vt -81.850395 -11.538462
vt -81.850395 -6.410256
vt -81.850395 -8.974360
vt -81.850395 -3.846154
vt -81.850395 -1.282051
vt -81.850395 1.282051
vt -81.850395 3.846154
vt -81.850395 6.410256
vt -81.850395 8.974360
vt -81.850395 11.538462
vt -81.850395 14.102564
vt -81.850395 16.666668
vt -81.850395 19.230770
vt -81.850395 21.794872
vt -81.850395 24.358974
vt -81.850395 29.487179
vt -81.850395 26.923077
vt -81.850395 32.051281
vt -81.850395 34.615383
vt -81.850395 37.179485
vt -81.850395 39.743587
vt -81.850395 42.307693
vt -81.850395 44.871796
vt -81.850395 47.435898
vt -83.503937 50.000000
vt -80.196854 -47.435898
vt -80.196854 -50.000000
vt -80.196854 -44.871796
vt -80.196854 -42.307693
vt -80.196854 -39.743587
vt -80.196854 -37.179485
vt -80.196854 -34.615383
vt -80.196854 -32.051281
vt -80.196854 -29.487179
vt -80.196854 -26.923077
vt -80.196854 -24.358974
vt -80.196854 -19.230770
vt -80.196854 -21.794872
vt -80.196854 -16.666668
vt -80.196854 -11.538462
vt -80.196854 -14.102564
vt -80.196854 -8.974360
vt -80.196854 -6.410256
vt -80.196854 -3.846154
vt -80.196854 -1.282051
vt -80.196854 1.282051
vt -80.196854 3.846154
vt -80.196854 6.410256
vt -80.196854 8.974360
vt -80.196854 11.538462
vt -80.196854 14.102564
vt -80.196854 16.666668
vt -80.196854 19.230770
vt -80.196854 21.794872
vt -80.196854 24.358974
vt -80.196854 29.487179
vt -80.196854 26.923077
vt -80.196854 32.051281
vt -80.196854 34.615383
vt -80.196854 37.179485
vt -80.196854 39.743587
vt -80.196854 42.307693
vt -80.196854 44.871796
vt -80.196854 47.435898
vt -81.850395 50.000000
vt -78.543304 -47.435898
vt -78.543304 -50.000000
vt -78.543304 -44.871796
vt -78.543304 -42.307693
vt -78.543304 -39.743587
vt -78.543304 -37.179485
vt -78.543304 -34.615383
vt -78.543304 -32.051281
vt -78.543304 -26.923077
vt -78.543304 -29.487179
vt -78.543304 -24.358974
vt -78.543304 -21.794872
vt -78.543304 -19.230770
vt -78.543304 -14.102564
vt -78.543304 -16.666668
vt -78.543304 -8.974360
vt -78.543304 -11.538462
vt -78.543304 -6.410256
vt -78.543304 -3.846154
vt -78.543304 -1.282051
vt -78.543304 1.282051
vt -78.543304 3.846154
vt -78.543304 6.410256
vt -78.543304 8.974360
vt -78.543304 11.538462
vt -78.543304 14.102564
vt -78.543304 16.666668
vt -78.543304 19.230770
vt -78.543304 21.794872
vt -78.543304 24.358974
vt -78.543304 29.487179
vt -78.543304 26.923077
vt -78.543304 32.051281
vt -78.543304 34.615383
vt -78.543304 37.179485
vt -78.543304 39.743587
vt -78.543304 42.307693
vt -78.543304 44.871796
vt -78.543304 47.435898
vt -80.196854 50.000000
vt -76.889763 -47.435898
vt -76.889763 -50.000000
vt -76.889763 -44.871796
vt -76.889763 -42.307693
vt -76.889763 -39.743587
vt -76.889763 -37.179485
vt -76.889763 -34.615383
vt -76.889763 -32.051281
vt -76.889763 -29.487179
vt -76.889763 -26.923077
vt -76.889763 -21.794872
vt -76.889763 -24.358974
vt -76.889763 -19.230770
vt -76.889763 -16.666668
vt -76.889763 -11.538462
vt -76.889763 -14.102564
vt -76.889763 -8.974360
vt -76.889763 -6.410256
vt -76.889763 -3.846154
vt -76.889763 -1.282051
vt -76.889763 1.282051
vt -76.889763 3.846154
vt -76.889763 6.410256
vt -76.889763 8.974360
vt -76.889763 14.102564
vt -76.889763 11.538462
vt -76.889763 16.666668
vt -76.889763 19.230770
vt -76.889763 21.794872
vt -76.889763 24.358974
vt -76.889763 29.487179
vt -76.889763 26.923077
vt -76.889763 32.051281
vt -76.889763 34.615383
vt -76.889763 37.179485
vt -76.889763 39.743587
vt -76.889763 42.307693
vt -76.889763 44.871796
vt -76.889763 47.435898
vt -78.543304 50.000000
vt -75.236221 -47.435898
vt -75.236221 -50.000000
vt -75.236221 -44.871796
vt -75.236221 -42.307693
vt -75.236221 -39.743587
vt -75.236221 -34.615383
vt -75.236221 -37.179485
vt -75.236221 -32.051281
vt -75.236221 -29.487179
vt -75.236221 -24.358974
vt -75.236221 -26.923077
vt -75.236221 -21.794872
vt -75.236221 -16.666668
vt -75.236221 -19.230770
vt -75.236221 -14.102564
vt -75.236221 -8.974360
vt -75.236221 -11.538462
vt -75.236221 -6.410256
vt -75.236221 -3.846154
vt -75.236221 -1.282051
vt -75.236221 1.282051
vt -75.236221 3.846154
vt -75.236221 6.410256
vt -75.236221 8.974360
vt -75.236221 14.102564
vt -75.236221 11.538462
vt -75.236221 16.666668
vt -75.236221 19.230770
vt -75.236221 21.794872
vt -75.236221 24.358974
vt -75.236221 26.923077
vt -75.236221 29.487179
vt -75.236221 32.051281
vt -75.236221 34.615383
vt -75.236221 37.179485
vt -75.236221 39.743587
vt -75.236221 42.307693
vt -75.236221 44.871796
vt -75.236221 47.435898
vt -76.889763 50.000000
vt -73.582680 -47.435898
vt -73.582680 -50.000000
vt -73.582680 -44.871796
vt -73.582680 -42.307693
vt -73.582680 -37.179485
vt -73.582680 -39.743587
vt -73.582680 -34.615383
vt -73.582680 -32.051281
vt -73.582680 -29.487179
vt -73.582680 -26.923077
vt -73.582680 -24.358974
vt -73.582680 -21.794872
vt -73.582680 -19.230770
vt -73.582680 -16.666668
vt -73.582680 -11.538462
vt -73.582680 -14.102564
vt -73.582680 -8.974360
vt -73.582680 -6.410256
vt -73.582680 -3.846154
vt -73.582680 -1.282051
vt -73.582680 1.282051
vt -73.582680 6.410256
vt -73.582680 3.846154
vt -73.582680 8.974360
vt -73.582680 14.102564
vt -73.582680 11.538462
vt -73.582680 16.666668
vt -73.582680 19.230770
vt -73.582680 21.794872
vt -73.582680 24.358974
vt -73.582680 26.923077
vt -73.582680 29.487179
vt -73.582680 32.051281
vt -73.582680 34.615383
vt -73.582680 37.179485
vt -73.582680 39.743587
vt -73.582680 42.307693
vt -73.582680 44.871796
vt -73.582680 47.435898
vt -75.236221 50.000000
vt -71.929131 -47.435898
vt -71.929131 -50.000000
vt -71.929131 -44.871796
vt -71.929131 -42.307693
vt -71.929131 -37.179485
vt -71.929131 -39.743587
vt -71.929131 -34.615383
vt -71.929131 -32.051281
vt -71.929131 -26.923077
vt -71.929131 -29.487179
vt -71.929131 -24.358974
vt -71.929131 -19.230770
vt -71.929131 -21.794872
vt -71.929131 -16.666668
vt -71.929131 -14.102564
vt -71.929131 -11.538462
vt -71.929131 -8.974360
vt -71.929131 -6.410256
vt -71.929131 -3.846154
vt -71.929131 -1.282051
vt -71.929131 1.282051
vt -71.929131 6.410256
vt -71.929131 3.846154
vt -71.929131 8.974360
vt -71.929131 14.102564
vt -71.929131 11.538462
vt -71.929131 16.666668
vt -71.929131 19.230770
vt -71.929131 21.794872
vt -71.929131 24.358974
vt -71.929131 26.923077
vt -71.929131 29.487179
vt -71.929131 32.051281
vt -71.929131 37.179485
vt -71.929131 34.615383
vt -71.929131 39.743587
vt -71.929131 42.307693
vt -71.929131 44.871796
vt -71.929131 47.435898
vt -73.582680 50.000000
vt -70.275589 -50.000000
vt -70.275589 -44.871796
vt -70.275589 -47.435898
vt -70.275589 -42.307693
vt -70.275589 -39.743587
vt -70.275589 -37.179485
vt -70.275589 -32.051281
vt -70.275589 -34.615383
vt -70.275589 -29.487179
vt -70.275589 -26.923077
vt -70.275589 -21.794872
vt -70.275589 -24.358974
vt -70.275589 -19.230770
vt -70.275589 -14.102564
vt -70.275589 -16.666668
vt -70.275589 -11.538462
vt -70.275589 -8.974360
vt -70.275589 -6.410256
vt -70.275589 -3.846154
vt -70.275589 -1.282051
vt -70.275589 1.282051
vt -70.275589 3.846154
vt -70.275589 8.974360
vt -70.275589 6.410256
vt -70.275589 11.538462
vt -70.275589 14.102564
vt -70.275589 16.666668
vt -70.275589 19.230770
vt -70.275589 21.794872
vt -70.275589 24.358974
vt -70.275589 26.923077
vt -70.275589 29.487179
vt -70.275589 32.051281
vt -70.275589 37.179485
vt -70.275589 34.615383
vt -70.275589 39.743587
vt -70.275589 42.307693
vt -70.275589 44.871796
vt -70.275589 47.435898
vt -71.929131 50.000000
vt -68.622047 -50.000000
vt -68.622047 -47.435898
vt -68.622047 -44.871796
vt -68.622047 -42.307693
vt -68.622047 -39.743587
vt -68.622047 -34.615383
vt -68.622047 -37.179485
vt -68.622047 -29.487179
vt -68.622047 -32.051281
vt -68.622047 -24.358974
vt -68.622047 -26.923077
vt -68.622047 -21.794872
vt -68.622047 -19.230770
vt -68.622047 -16.666668
vt -68.622047 -11.538462
vt -68.622047 -14.102564
vt -68.622047 -8.974360
vt -68.622047 -6.410256
vt -68.622047 -3.846154
vt -68.622047 -1.282051
vt -68.622047 1.282051
vt -68.622047 3.846154
vt -68.622047 6.410256
vt -68.622047 8.974360
vt -68.622047 11.538462
vt -68.622047 14.102564
vt -68.622047 16.666668
vt -68.622047 19.230770
vt -68.622047 21.794872
vt -68.622047 24.358974
vt -68.622047 26.923077
vt -68.622047 29.487179
vt -68.622047 32.051281
vt -68.622047 37.179485
vt -68.622047 34.615383
vt -68.622047 39.743587
vt -68.622047 42.307693
vt -68.622047 44.871796
vt -68.622047 50.000000
vt -68.622047 47.435898
vt -66.968506 -50.000000
vt -66.968506 -47.435898
vt -66.968506 -44.871796
vt -66.968506 -42.307693
vt -66.968506 -37.179485
vt -66.968506 -39.743587
vt -66.968506 -34.615383
vt -66.968506 -32.051281
vt -66.968506 -26.923077
vt -66.968506 -29.487179
vt -66.968506 -24.358974
vt -66.968506 -21.794872
vt -66.968506 -19.230770
vt -66.968506 -14.102564
vt -66.968506 -16.666668
vt -66.968506 -8.974360
vt -66.968506 -11.538462
vt -66.968506 -3.846154
vt -66.968506 -6.410256
vt -66.968506 -1.282051
vt -66.968506 1.282051
vt -66.968506 3.846154
vt -66.968506 6.410256
vt -66.968506 8.974360
vt -66.968506 14.102564
vt -66.968506 11.538462
vt -66.968506 16.666668
vt -66.968506 19.230770
vt -66.968506 21.794872
vt -66.968506 24.358974
vt -66.968506 29.487179
vt -66.968506 26.923077
vt -66.968506 32.051281
vt -66.968506 37.179485
vt -66.968506 34.615383
vt -66.968506 39.743587
vt -66.968506 42.307693
vt -66.968506 47.435898
vt -66.968506 44.871796
vt -66.968506 50.000000
vt -65.314957 -50.000000
vt -65.314957 -47.435898
vt -65.314957 -44.871796
vt -65.314957 -39.743587
vt -65.314957 -42.307693
vt -65.314957 -37.179485
vt -65.314957 -34.615383
vt -65.314957 -29.487179
vt -65.314957 -32.051281
vt -65.314957 -24.358974
vt -65.314957 -26.923077
vt -65.314957 -21.794872
vt -65.314957 -19.230770
vt -65.314957 -14.102564
vt -65.314957 -16.666668
vt -65.314957 -8.974360
vt -65.314957 -11.538462
vt -65.314957 -6.410256
vt -65.314957 -3.846154
vt -65.314957 -1.282051
vt -65.314957 1.282051
vt -65.314957 3.846154
vt -65.314957 6.410256
vt -65.314957 8.974360
vt -65.314957 14.102564
vt -65.314957 11.538462
vt -65.314957 16.666668
vt -65.314957 19.230770
vt -65.314957 21.794872
vt -65.314957 24.358974
vt -65.314957 29.487179
vt -65.314957 26.923077
vt -65.314957 34.615383
vt -65.314957 32.051281
vt -65.314957 37.179485
vt -65.314957 39.743587
vt -65.314957 42.307693
vt -65.314957 47.435898
vt -65.314957 44.871796
vt -65.314957 50.000000
vt -63.661419 -47.435898
vt -63.661419 -50.000000
vt -63.661419 -44.871796
vt -63.661419 -42.307693
vt -63.661419 -39.743587
vt -63.661419 -37.179485
vt -63.661419 -34.615383
vt -63.661419 -32.051281
vt -63.661419 -26.923077
vt -63.661419 -29.487179
vt -63.661419 -21.794872
vt -63.661419 -24.358974
vt -63.661419 -19.230770
vt -63.661419 -16.666668
vt -63.661419 -11.538462
vt -63.661419 -14.102564
vt -63.661419 -8.974360
vt -63.661419 -6.410256
vt -63.661419 -3.846154
vt -63.661419 -1.282051
vt -63.661419 1.282051
vt -63.661419 3.846154
vt -63.661419 6.410256
vt -63.661419 8.974360
vt -63.661419 11.538462
vt -63.661419 14.102564
vt -63.661419 19.230770
vt -63.661419 16.666668
vt -63.661419 21.794872
vt -63.661419 24.358974
vt -63.661419 26.923077
vt -63.661419 29.487179
vt -63.661419 34.615383
vt -63.661419 32.051281
vt -63.661419 37.179485
vt -63.661419 39.743587
vt -63.661419 42.307693
vt -63.661419 47.435898
vt -63.661419 44.871796
vt -63.661419 50.000000
vt -62.007874 -47.435898
vt -62.007874 -50.000000
vt -62.007874 -44.871796
vt -62.007874 -39.743587
vt -62.007874 -42.307693
vt -62.007874 -37.179485
vt -62.007874 -34.615383
vt -62.007874 -32.051281
vt -62.007874 -29.487179
vt -62.007874 -24.358974
vt -62.007874 -26.923077
vt -62.007874 -21.794872
vt -62.007874 -19.230770
vt -62.007874 -16.666668
vt -62.007874 -11.538462
vt -62.007874 -14.102564
vt -62.007874 -8.974360
vt -62.007874 -6.410256
vt -62.007874 -3.846154
vt -62.007874 -1.282051
vt -62.007874 1.282051
vt -62.007874 3.846154
vt -62.007874 6.410256
vt -62.007874 8.974360
vt -62.007874 14.102564
vt -62.007874 11.538462
vt -62.007874 16.666668
vt -62.007874 19.230770
vt -62.007874 21.794872
vt -62.007874 24.358974
vt -62.007874 26.923077
vt -62.007874 29.487179
vt -62.007874 34.615383
vt -62.007874 32.051281
vt -62.007874 37.179485
vt -62.007874 39.743587
vt -62.007874 42.307693
vt -62.007874 44.871796
vt -62.007874 50.000000
vt -62.007874 47.435898
vt -60.354332 -50.000000
vt -60.354332 -47.435898
vt -60.354332 -44.871796
vt -60.354332 -39.743587
vt -60.354332 -42.307693
vt -60.354332 -37.179485
vt -60.354332 -34.615383
vt -60.354332 -29.487179
vt -60.354332 -32.051281
vt -60.354332 -26.923077
vt -60.354332 -21.794872
vt -60.354332 -24.358974
vt -60.354332 -19.230770
vt -60.354332 -14.102564
vt -60.354332 -16.666668
vt -60.354332 -8.974360
vt -60.354332 -11.538462
vt -60.354332 -6.410256
vt -60.354332 -3.846154
vt -60.354332 -1.282051
vt -60.354332 1.282051
vt -60.354332 3.846154
vt -60.354332 6.410256
vt -60.354332 8.974360
vt -60.354332 14.102564
vt -60.354332 11.538462
vt -60.354332 16.666668
vt -60.354332 19.230770
vt -60.354332 21.794872
vt -60.354332 24.358974
vt -60.354332 26.923077
vt -60.354332 29.487179
vt -60.354332 34.615383
vt -60.354332 32.051281
vt -60.354332 37.179485
vt -60.354332 39.743587
vt -60.354332 42.307693
vt -60.354332 44.871796
vt -60.354332 47.435898
vt -58.700787 -50.000000
vt -58.700787 -47.435898
vt -58.700787 -44.871796
vt -58.700787 -39.743587
vt -58.700787 -42.307693
vt -58.700787 -37.179485
vt -58.700787 -34.615383
vt -58.700787 -32.051281
vt -58.700787 -26.923077
vt -58.700787 -29.487179
vt -58.700787 -21.794872
vt -58.700787 -24.358974
vt -58.700787 -16.666668
vt -58.700787 -19.230770
vt -58.700787 -14.102564
vt -58.700787 -8.974360
vt -58.700787 -11.538462
vt -58.700787 -6.410256
vt -58.700787 -3.846154
vt -58.700787 -1.282051
vt -58.700787 1.282051
vt -58.700787 3.846154
vt -58.700787 6.410256
vt -58.700787 8.974360
vt -58.700787 14.102564
vt -58.700787 11.538462
vt -58.700787 16.666668
vt -58.700787 19.230770
vt -58.700787 21.794872
vt -58.700787 24.358974
vt -58.700787 26.923077
vt -58.700787 29.487179
vt -58.700787 32.051281
vt -58.700787 37.179485
vt -58.700787 34.615383
vt -58.700787 39.743587
vt -58.700787 42.307693
vt -58.700787 44.871796
vt -58.700787 50.000000
vt -58.700787 47.435898
vt -57.047241 -50.000000
vt -57.047241 -47.435898
vt -57.047241 -44.871796
vt -57.047241 -39.743587
vt -57.047241 -42.307693
vt -57.047241 -37.179485
vt -57.047241 -34.615383
vt -57.047241 -32.051281
vt -57.047241 -29.487179
vt -57.047241 -26.923077
vt -57.047241 -21.794872
vt -57.047241 -24.358974
vt -57.047241 -19.230770
vt -57.047241 -16.666668
vt -57.047241 -14.102564
vt -57.047241 -11.538462
vt -57.047241 -6.410256
vt -57.047241 -8.974360
vt -57.047241 -3.846154
vt -57.047241 -1.282051
vt -57.047241 1.282051
vt -57.047241 3.846154
vt -57.047241 6.410256
vt -57.047241 8.974360
vt -57.047241 11.538462
vt -57.047241 16.666668
vt -57.047241 14.102564
vt -57.047241 19.230770
vt -57.047241 21.794872
vt -57.047241 24.358974
vt -57.047241 26.923077
vt -57.047241 29.487179
vt -57.047241 34.615383
vt -57.047241 32.051281
vt -57.047241 37.179485
vt -57.047241 39.743587
vt -57.047241 42.307693
vt -57.047241 44.871796
vt -57.047241 47.435898
vt -57.047241 50.000000
vt -55.393700 -50.000000
vt -55.393700 -47.435898
vt -55.393700 -42.307693
vt -55.393700 -44.871796
vt -55.393700 -39.743587
vt -55.393700 -37.179485
vt -55.393700 -32.051281
vt -55.393700 -34.615383
vt -55.393700 -26.923077
vt -55.393700 -29.487179
vt -55.393700 -21.794872
vt -55.393700 -24.358974
vt -55.393700 -19.230770
vt -55.393700 -16.666668
vt -55.393700 -14.102564
vt -55.393700 -11.538462
vt -55.393700 -6.410256
vt -55.393700 -8.974360
vt -55.393700 -3.846154
vt -55.393700 -1.282051
vt -55.393700 1.282051
vt -55.393700 3.846154
vt -55.393700 6.410256
vt -55.393700 8.974360
vt -55.393700 11.538462
vt -55.393700 14.102564
vt -55.393700 16.666668
vt -55.393700 19.230770
vt -55.393700 21.794872
vt -55.393700 24.358974
vt -55.393700 26.923077
vt -55.393700 32.051281
vt -55.393700 29.487179
vt -55.393700 34.615383
vt -55.393700 37.179485
vt -55.393700 39.743587
vt -55.393700 42.307693
vt -55.393700 44.871796
vt -55.393700 47.435898
vt -55.393700 50.000000
vt -53.740154 -50.000000
vt -53.740154 -44.871796
vt -53.740154 -47.435898
vt -53.740154 -42.307693
vt -53.740154 -37.179485
vt -53.740154 -39.743587
vt -53.740154 -34.615383
vt -53.740154 -32.051281
vt -53.740154 -29.487179
vt -53.740154 -26.923077
vt -53.740154 -24.358974
vt -53.740154 -21.794872
vt -53.740154 -16.666668
vt -53.740154 -19.230770
vt -53.740154 -11.538462
vt -53.740154 -14.102564
vt -53.740154 -6.410256
vt -53.740154 -8.974360
vt -53.740154 -3.846154
vt -53.740154 -1.282051
vt -53.740154 1.282051
vt -53.740154 3.846154
vt -53.740154 6.410256
vt -53.740154 8.974360
vt -53.740154 11.538462
vt -53.740154 14.102564
vt -53.740154 16.666668
vt -53.740154 19.230770
vt -53.740154 21.794872
vt -53.740154 24.358974
vt -53.740154 29.487179
vt -53.740154 26.923077
vt -53.740154 32.051281
vt -53.740154 34.615383
vt -53.740154 37.179485
vt -53.740154 39.743587
vt -53.740154 42.307693
vt -53.740154 44.871796
vt -53.740154 47.435898
vt -53.740154 50.000000
vt -52.086617 -47.435898
vt -52.086617 -50.000000
vt -52.086617 -44.871796
vt -52.086617 -42.307693
vt -52.086617 -37.179485
vt -52.086617 -39.743587
vt -52.086617 -34.615383
vt -52.086617 -32.051281
vt -52.086617 -26.923077
vt -52.086617 -29.487179
vt -52.086617 -21.794872
vt -52.086617 -24.358974
vt -52.086617 -19.230770
vt -52.086617 -14.102564
vt -52.086617 -16.666668
vt -52.086617 -11.538462
vt -52.086617 -8.974360
vt -52.086617 -3.846154
vt -52.086617 -6.410256
vt -52.086617 -1.282051
vt -52.086617 1.282051
vt -52.086617 3.846154
vt -52.086617 6.410256
vt -52.086617 8.974360
vt -52.086617 11.538462
vt -52.086617 14.102564
vt -52.086617 16.666668
vt -52.086617 19.230770
vt -52.086617 21.794872
vt -52.086617 24.358974
vt -52.086617 29.487179
vt -52.086617 26.923077
vt -52.086617 32.051281
vt -52.086617 34.615383
vt -52.086617 37.179485
vt -52.086617 39.743587
vt -52.086617 42.307693
vt -52.086617 44.871796
vt -52.086617 47.435898
vt -52.086617 50.000000
vt -50.433071 -50.000000
vt -50.433071 -47.435898
vt -50.433071 -42.307693
vt -50.433071 -44.871796
vt -50.433071 -39.743587
vt -50.433071 -37.179485
vt -50.433071 -34.615383
vt -50.433071 -29.487179
vt -50.433071 -32.051281
vt -50.433071 -24.358974
vt -50.433071 -26.923077
vt -50.433071 -19.230770
vt -50.433071 -21.794872
vt -50.433071 -16.666668
vt -50.433071 -14.102564
vt -50.433071 -11.538462
vt -50.433071 -6.410256
vt -50.433071 -8.974360
vt -50.433071 -1.282051
vt -50.433071 -3.846154
vt -50.433071 1.282051
vt -50.433071 3.846154
vt -50.433071 6.410256
vt -50.433071 8.974360
vt -50.433071 11.538462
vt -50.433071 14.102564
vt -50.433071 16.666668
vt -50.433071 19.230770
vt -50.433071 21.794872
vt -50.433071 24.358974
vt -50.433071 29.487179
vt -50.433071 26.923077
vt -50.433071 32.051281
vt -50.433071 37.179485
vt -50.433071 34.615383
vt -50.433071 39.743587
vt -50.433071 42.307693
vt -50.433071 44.871796
vt -50.433071 47.435898
vt -50.433071 50.000000
vt -48.779530 -50.000000
vt -48.779530 -47.435898
vt -48.779530 -42.307693
vt -48.779530 -44.871796
vt -48.779530 -37.179485
vt -48.779530 -39.743587
vt -48.779530 -34.615383
vt -48.779530 -29.487179
vt -48.779530 -32.051281
vt -48.779530 -26.923077
vt -48.779530 -24.358974
vt -48.779530 -21.794872
vt -48.779530 -16.666668
vt -48.779530 -19.230770
vt -48.779530 -14.102564
vt -48.779530 -11.538462
vt -48.779530 -8.974360
vt -48.779530 -6.410256
vt -48.779530 -3.846154
vt -48.779530 1.282051
vt -48.779530 -1.282051
vt -48.779530 3.846154
vt -48.779530 6.410256
vt -48.779530 8.974360
vt -48.779530 11.538462
vt -48.779530 14.102564
vt -48.779530 16.666668
vt -48.779530 19.230770
vt -48.779530 21.794872
vt -48.779530 24.358974
vt -48.779530 26.923077
vt -48.779530 29.487179
vt -48.779530 32.051281
vt -48.779530 37.179485
vt -48.779530 34.615383
vt -48.779530 39.743587
vt -48.779530 42.307693
vt -48.779530 44.871796
vt -48.779530 47.435898
vt -47.125984 -50.000000
vt -47.125984 -47.435898
vt -47.125984 -42.307693
vt -47.125984 -44.871796
vt -47.125984 -37.179485
vt -47.125984 -39.743587
vt -47.125984 -34.615383
vt -47.125984 -32.051281
vt -47.125984 -29.487179
vt -47.125984 -26.923077
vt -47.125984 -21.794872
vt -47.125984 -24.358974
vt -47.125984 -19.230770
vt -47.125984 -16.666668
vt -47.125984 -14.102564
vt -47.125984 -11.538462
vt -47.125984 -8.974360
vt -47.125984 -6.410256
vt -47.125984 -3.846154
vt -47.125984 -1.282051
vt -47.125984 1.282051
vt -47.125984 3.846154
vt -47.125984 6.410256
vt -47.125984 8.974360
vt -47.125984 11.538462
vt -47.125984 14.102564
vt -47.125984 16.666668
vt -47.125984 19.230770
vt -47.125984 21.794872
vt -47.125984 24.358974
vt -47.125984 26.923077
vt -47.125984 29.487179
vt -47.125984 34.615383
vt -47.125984 32.051281
vt -47.125984 37.179485
vt -47.125984 39.743587
vt -47.125984 42.307693
vt -47.125984 44.871796
vt -47.125984 47.435898
vt -47.125984 50.000000
vt -45.472439 -50.000000
vt -45.472439 -44.871796
vt -45.472439 -47.435898
vt -45.472439 -42.307693
vt -45.472439 -37.179485
vt -45.472439 -39.743587
vt -45.472439 -34.615383
vt -45.472439 -32.051281
vt -45.472439 -29.487179
vt -45.472439 -26.923077
vt -45.472439 -24.358974
vt -45.472439 -19.230770
vt -45.472439 -21.794872
vt -45.472439 -16.666668
vt -45.472439 -14.102564
vt -45.472439 -11.538462
vt -45.472439 -8.974360
vt -45.472439 -6.410256
vt -45.472439 -3.846154
vt -45.472439 1.282051
vt -45.472439 -1.282051
vt -45.472439 3.846154
vt -45.472439 8.974360
vt -45.472439 6.410256
vt -45.472439 11.538462
vt -45.472439 14.102564
vt -45.472439 16.666668
vt -45.472439 19.230770
vt -45.472439 21.794872
vt -45.472439 24.358974
vt -45.472439 26.923077
vt -45.472439 32.051281
vt -45.472439 29.487179
vt -45.472439 34.615383
vt -45.472439 37.179485
vt -45.472439 39.743587
vt -45.472439 42.307693
vt -45.472439 44.871796
vt -45.472439 47.435898
vt -45.472439 50.000000
vt -43.818897 -47.435898
vt -43.818897 -50.000000
vt -43.818897 -44.871796
vt -43.818897 -42.307693
vt -43.818897 -39.743587
vt -43.818897 -34.615383
vt -43.818897 -37.179485
vt -43.818897 -32.051281
vt -43.818897 -29.487179
vt -43.818897 -26.923077
vt -43.818897 -21.794872
vt -43.818897 -24.358974
vt -43.818897 -19.230770
vt -43.818897 -16.666668
vt -43.818897 -14.102564
vt -43.818897 -11.538462
vt -43.818897 -8.974360
vt -43.818897 -6.410256
vt -43.818897 -3.846154
vt -43.818897 -1.282051
vt -43.818897 3.846154
vt -43.818897 1.282051
vt -43.818897 6.410256
vt -43.818897 8.974360
vt -43.818897 11.538462
vt -43.818897 14.102564
vt -43.818897 16.666668
vt -43.818897 19.230770
vt -43.818897 21.794872
vt -43.818897 24.358974
vt -43.818897 29.487179
vt -43.818897 26.923077
vt -43.818897 32.051281
vt -43.818897 34.615383
vt -43.818897 37.179485
vt -43.818897 39.743587
vt -43.818897 42.307693
vt -43.818897 44.871796
vt -43.818897 47.435898
vt -43.818897 50.000000
vt -42.165352 -47.435898
vt -42.165352 -50.000000
vt -42.165352 -44.871796
vt -42.165352 -39.743587
vt -42.165352 -42.307693
vt -42.165352 -37.179485
vt -42.165352 -34.615383
vt -42.165352 -32.051281
vt -42.165352 -26.923077
vt -42.165352 -29.487179
vt -42.165352 -24.358974
vt -42.165352 -21.794872
vt -42.165352 -19.230770
vt -42.165352 -16.666668
vt -42.165352 -14.102564
vt -42.165352 -11.538462
vt -42.165352 -8.974360
vt -42.165352 -6.410256
vt -42.165352 -3.846154
vt -42.165352 1.282051
vt -42.165352 -1.282051
vt -42.165352 3.846154
vt -42.165352 6.410256
vt -42.165352 8.974360
vt -42.165352 11.538462
vt -42.165352 14.102564
vt -42.165352 16.666668
vt -42.165352 19.230770
vt -42.165352 21.794872
vt -42.165352 24.358974
vt -42.165352 29.487179
vt -42.165352 26.923077
vt -42.165352 32.051281
vt -42.165352 34.615383
vt -42.165352 37.179485
vt -42.165352 42.307693
vt -42.165352 39.743587
vt -42.165352 44.871796
vt -42.165352 47.435898
vt -42.165352 50.000000
vt -40.511810 -47.435898
vt -40.511810 -50.000000
vt -40.511810 -44.871796
vt -40.511810 -39.743587
vt -40.511810 -42.307693
vt -40.511810 -37.179485
vt -40.511810 -32.051281
vt -40.511810 -34.615383
vt -40.511810 -29.487179
vt -40.511810 -26.923077
vt -40.511810 -21.794872
vt -40.511810 -24.358974
vt -40.511810 -19.230770
vt -40.511810 -16.666668
vt -40.511810 -14.102564
vt -40.511810 -11.538462
vt -40.511810 -8.974360
vt -40.511810 -6.410256
vt -40.511810 -3.846154
vt -40.511810 1.282051
vt -40.511810 -1.282051
vt -40.511810 3.846154
vt -40.511810 6.410256
vt -40.511810 8.974360
vt -40.511810 11.538462
vt -40.511810 14.102564
vt -40.511810 16.666668
vt -40.511810 19.230770
vt -40.511810 21.794872
vt -40.511810 26.923077
vt -40.511810 24.358974
vt -40.511810 29.487179
vt -40.511810 32.051281
vt -40.511810 37.179485
vt -40.511810 34.615383
vt -40.511810 39.743587
vt -40.511810 44.871796
vt -40.511810 42.307693
vt -40.511810 47.435898
vt -40.511810 50.000000
vt -38.858269 -47.435898
vt -38.858269 -50.000000
vt -38.858269 -44.871796
vt -38.858269 -42.307693
vt -38.858269 -39.743587
vt -38.858269 -37.179485
vt -38.858269 -34.615383
vt -38.858269 -32.051281
vt -38.858269 -26.923077
vt -38.858269 -29.487179
vt -38.858269 -21.794872
vt -38.858269 -24.358974
vt -38.858269 -19.230770
vt -38.858269 -16.666668
vt -38.858269 -14.102564
vt -38.858269 -11.538462
vt -38.858269 -8.974360
vt -38.858269 -6.410256
vt -38.858269 -3.846154
vt -38.858269 -1.282051
vt -38.858269 1.282051
vt -38.858269 6.410256
vt -38.858269 3.846154
vt -38.858269 8.974360
vt -38.858269 11.538462
vt -38.858269 14.102564
vt -38.858269 16.666668
vt -38.858269 19.230770
vt -38.858269 21.794872
vt -38.858269 24.358974
vt -38.858269 29.487179
vt -38.858269 26.923077
vt -38.858269 32.051281
vt -38.858269 34.615383
vt -38.858269 37.179485
vt -38.858269 39.743587
vt -38.858269 42.307693
vt -38.858269 47.435898
vt -38.858269 44.871796
vt -38.858269 50.000000
vt -37.204723 -50.000000
vt -37.204723 -47.435898
vt -37.204723 -42.307693
vt -37.204723 -44.871796
vt -37.204723 -39.743587
vt -37.204723 -34.615383
vt -37.204723 -37.179485
vt -37.204723 -29.487179
vt -37.204723 -32.051281
vt -37.204723 -26.923077
vt -37.204723 -24.358974
vt -37.204723 -21.794872
vt -37.204723 -19.230770
vt -37.204723 -16.666668
vt -37.204723 -14.102564
vt -37.204723 -11.538462
vt -37.204723 -8.974360
vt -37.204723 -6.410256
vt -37.204723 -3.846154
vt -37.204723 -1.282051
vt -37.204723 1.282051
vt -37.204723 3.846154
vt -37.204723 8.974360
vt -37.204723 6.410256
vt -37.204723 11.538462
vt -37.204723 14.102564
vt -37.204723 16.666668
vt -37.204723 19.230770
vt -37.204723 21.794872
vt -37.204723 24.358974
vt -37.204723 26.923077
vt -37.204723 32.051281
vt -37.204723 29.487179
vt -37.204723 37.179485
vt -37.204723 34.615383
vt -37.204723 39.743587
vt -37.204723 42.307693
vt -37.204723 44.871796
vt -37.204723 50.000000
vt -37.204723 47.435898
vt -35.551182 -50.000000
vt -35.551182 -47.435898
vt -35.551182 -42.307693
vt -35.551182 -44.871796
vt -35.551182 -39.743587
vt -35.551182 -37.179485
vt -35.551182 -32.051281
vt -35.551182 -34.615383
vt -35.551182 -26.923077
vt -35.551182 -29.487179
vt -35.551182 -21.794872
vt -35.551182 -24.358974
vt -35.551182 -19.230770
vt -35.551182 -16.666668
vt -35.551182 -14.102564
vt -35.551182 -11.538462
vt -35.551182 -8.974360
vt -35.551182 -6.410256
vt -35.551182 -3.846154
vt -35.551182 -1.282051
vt -35.551182 1.282051
vt -35.551182 3.846154
vt -35.551182 8.974360
vt -35.551182 6.410256
vt -35.551182 11.538462
vt -35.551182 14.102564
vt -35.551182 16.666668
vt -35.551182 19.230770
vt -35.551182 21.794872
vt -35.551182 26.923077
vt -35.551182 24.358974
vt -35.551182 29.487179
vt -35.551182 32.051281
vt -35.551182 34.615383
vt -35.551182 37.179485
vt -35.551182 39.743587
vt -35.551182 42.307693
vt -35.551182 44.871796
vt -35.551182 47.435898
vt -33.897636 -50.000000
vt -33.897636 -47.435898
vt -33.897636 -44.871796
vt -33.897636 -42.307693
vt -33.897636 -39.743587
vt -33.897636 -37.179485
vt -33.897636 -34.615383
vt -33.897636 -32.051281
vt -33.897636 -29.487179
vt -33.897636 -26.923077
vt -33.897636 -21.794872
vt -33.897636 -24.358974
vt -33.897636 -19.230770
vt -33.897636 -16.666668
vt -33.897636 -14.102564
vt -33.897636 -11.538462
vt -33.897636 -6.410256
vt -33.897636 -8.974360
vt -33.897636 -3.846154
vt -33.897636 1.282051
vt -33.897636 -1.282051
vt -33.897636 3.846154
vt -33.897636 6.410256
vt -33.897636 11.538462
vt -33.897636 8.974360
vt -33.897636 14.102564
vt -33.897636 16.666668
vt -33.897636 19.230770
vt -33.897636 21.794872
vt -33.897636 26.923077
vt -33.897636 24.358974
vt -33.897636 29.487179
vt -33.897636 32.051281
vt -33.897636 34.615383
vt -33.897636 37.179485
vt -33.897636 39.743587
vt -33.897636 42.307693
vt -33.897636 44.871796
vt -33.897636 47.435898
vt -35.551182 50.000000
vt -32.244095 -47.435898
vt -32.244095 -50.000000
vt -32.244095 -44.871796
vt -32.244095 -42.307693
vt -32.244095 -37.179485
vt -32.244095 -39.743587
vt -32.244095 -34.615383
vt -32.244095 -32.051281
vt -32.244095 -29.487179
vt -32.244095 -24.358974
vt -32.244095 -26.923077
vt -32.244095 -19.230770
vt -32.244095 -21.794872
vt -32.244095 -16.666668
vt -32.244095 -14.102564
vt -32.244095 -11.538462
vt -32.244095 -8.974360
vt -32.244095 -6.410256
vt -32.244095 -3.846154
vt -32.244095 -1.282051
vt -32.244095 1.282051
vt -32.244095 3.846154
vt -32.244095 6.410256
vt -32.244095 8.974360
vt -32.244095 14.102564
vt -32.244095 11.538462
vt -32.244095 16.666668
vt -32.244095 19.230770
vt -32.244095 21.794872
vt -32.244095 26.923077
vt -32.244095 24.358974
vt -32.244095 29.487179
vt -32.244095 32.051281
vt -32.244095 34.615383
vt -32.244095 37.179485
vt -32.244095 39.743587
vt -32.244095 42.307693
vt -32.244095 44.871796
vt -32.244095 47.435898
vt -33.897636 50.000000
vt -30.590551 -47.435898
vt -30.590551 -50.000000
vt -30.590551 -44.871796
vt -30.590551 -42.307693
vt -30.590551 -37.179485
vt -30.590551 -39.743587
vt -30.590551 -34.615383
vt -30.590551 -32.051281
vt -30.590551 -29.487179
vt -30.590551 -24.358974
vt -30.590551 -26.923077
vt -30.590551 -19.230770
vt -30.590551 -21.794872
vt -30.590551 -16.666668
vt -30.590551 -14.102564
vt -30.590551 -11.538462
vt -30.590551 -8.974360
vt -30.590551 -6.410256
vt -30.590551 -3.846154
vt -30.590551 -1.282051
vt -30.590551 1.282051
vt -30.590551 3.846154
vt -30.590551 6.410256
vt -30.590551 8.974360
vt -30.590551 14.102564
vt -30.590551 11.538462
vt -30.590551 16.666668
vt -30.590551 19.230770
vt -30.590551 21.794872
vt -30.590551 24.358974
vt -30.590551 29.487179
vt -30.590551 26.923077
vt -30.590551 32.051281
vt -30.590551 34.615383
vt -30.590551 37.179485
vt -30.590551 39.743587
vt -30.590551 42.307693
vt -30.590551 44.871796
vt -30.590551 47.435898
vt -32.244095 50.000000
vt -28.937008 -47.435898
vt -28.937008 -50.000000
vt -28.937008 -44.871796
vt -28.937008 -42.307693
vt -28.937008 -39.743587
vt -28.937008 -37.179485
vt -28.937008 -32.051281
vt -28.937008 -34.615383
vt -28.937008 -26.923077
vt -28.937008 -29.487179
vt -28.937008 -21.794872
vt -28.937008 -24.358974
vt -28.937008 -16.666668
vt -28.937008 -19.230770
vt -28.937008 -14.102564
vt -28.937008 -11.538462
vt -28.937008 -8.974360
vt -28.937008 -6.410256
vt -28.937008 -3.846154
vt -28.937008 -1.282051
vt -28.937008 1.282051
vt -28.937008 3.846154
vt -28.937008 6.410256
vt -28.937008 8.974360
vt -28.937008 14.102564
vt -28.937008 11.538462
vt -28.937008 16.666668
vt -28.937008 19.230770
vt -28.937008 21.794872
vt -28.937008 24.358974
vt -28.937008 26.923077
vt -28.937008 29.487179
vt -28.937008 32.051281
vt -28.937008 34.615383
vt -28.937008 37.179485
vt -28.937008 39.743587
vt -28.937008 42.307693
vt -28.937008 44.871796
vt -28.937008 47.435898
vt -30.590551 50.000000
vt -27.283466 -50.000000
vt -27.283466 -44.871796
vt -27.283466 -47.435898
vt -27.283466 -42.307693
vt -27.283466 -39.743587
vt -27.283466 -37.179485
vt -27.283466 -34.615383
vt -27.283466 -29.487179
vt -27.283466 -32.051281
vt -27.283466 -26.923077
vt -27.283466 -24.358974
vt -27.283466 -19.230770
vt -27.283466 -21.794872
vt -27.283466 -16.666668
vt -27.283466 -14.102564
vt -27.283466 -8.974360
vt -27.283466 -11.538462
vt -27.283466 -6.410256
vt -27.283466 -3.846154
vt -27.283466 -1.282051
vt -27.283466 1.282051
vt -27.283466 3.846154
vt -27.283466 6.410256
vt -27.283466 8.974360
vt -27.283466 11.538462
vt -27.283466 16.666668
vt -27.283466 14.102564
vt -27.283466 19.230770
vt -27.283466 21.794872
vt -27.283466 24.358974
vt -27.283466 26.923077
vt -27.283466 29.487179
vt -27.283466 32.051281
vt -27.283466 34.615383
vt -27.283466 37.179485
vt -27.283466 39.743587
vt -27.283466 42.307693
vt -27.283466 44.871796
vt -27.283466 47.435898
vt -28.937008 50.000000
vt -25.629923 -47.435898
vt -25.629923 -50.000000
vt -25.629923 -44.871796
vt -25.629923 -42.307693
vt -25.629923 -39.743587
vt -25.629923 -34.615383
vt -25.629923 -37.179485
vt -25.629923 -32.051281
vt -25.629923 -29.487179
vt -25.629923 -24.358974
vt -25.629923 -26.923077
vt -25.629923 -21.794872
vt -25.629923 -16.666668
vt -25.629923 -19.230770
vt -25.629923 -14.102564
vt -25.629923 -11.538462
vt -25.629923 -8.974360
vt -25.629923 -6.410256
vt -25.629923 -3.846154
vt -25.629923 -1.282051
vt -25.629923 1.282051
vt -25.629923 3.846154
vt -25.629923 6.410256
vt -25.629923 8.974360
vt -25.629923 14.102564
vt -25.629923 11.538462
vt -25.629923 16.666668
vt -25.629923 19.230770
vt -25.629923 21.794872
vt -25.629923 24.358974
vt -25.629923 29.487179
vt -25.629923 26.923077
vt -25.629923 32.051281
vt -25.629923 34.615383
vt -25.629923 37.179485
vt -25.629923 39.743587
vt -25.629923 42.307693
vt -25.629923 44.871796
vt -25.629923 47.435898
vt -27.283466 50.000000
vt -23.976377 -47.435898
vt -23.976377 -50.000000
vt -23.976377 -44.871796
vt -23.976377 -42.307693
vt -23.976377 -37.179485
vt -23.976377 -39.743587
vt -23.976377 -32.051281
vt -23.976377 -34.615383
vt -23.976377 -29.487179
vt -23.976377 -26.923077
vt -23.976377 -21.794872
vt -23.976377 -24.358974
vt -23.976377 -16.666668
vt -23.976377 -19.230770
vt -23.976377 -14.102564
vt -23.976377 -8.974360
vt -23.976377 -11.538462
vt -23.976377 -6.410256
vt -23.976377 -3.846154
vt -23.976377 -1.282051
vt -23.976377 1.282051
vt -23.976377 3.846154
vt -23.976377 6.410256
vt -23.976377 8.974360
vt -23.976377 14.102564
vt -23.976377 11.538462
vt -23.976377 16.666668
vt -23.976377 19.230770
vt -23.976377 21.794872
vt -23.976377 24.358974
vt -23.976377 26.923077
vt -23.976377 29.487179
vt -23.976377 32.051281
vt -23.976377 34.615383
vt -23.976377 37.179485
vt -23.976377 39.743587
vt -23.976377 42.307693
vt -23.976377 44.871796
vt -23.976377 47.435898
vt -25.629923 50.000000
vt -22.322834 -47.435898
vt -22.322834 -50.000000
vt -22.322834 -44.871796
vt -22.322834 -39.743587
vt -22.322834 -42.307693
vt -22.322834 -37.179485
vt -22.322834 -32.051281
vt -22.322834 -34.615383
vt -22.322834 -29.487179
vt -22.322834 -26.923077
vt -22.322834 -21.794872
vt -22.322834 -24.358974
vt -22.322834 -19.230770
vt -22.322834 -14.102564
vt -22.322834 -16.666668
vt -22.322834 -11.538462
vt -22.322834 -6.410256
vt -22.322834 -8.974360
vt -22.322834 -3.846154
vt -22.322834 -1.282051
vt -22.322834 1.282051
vt -22.322834 3.846154
vt -22.322834 6.410256
vt -22.322834 8.974360
vt -22.322834 11.538462
vt -22.322834 16.666668
vt -22.322834 14.102564
vt -22.322834 19.230770
vt -22.322834 21.794872
vt -22.322834 24.358974
vt -22.322834 26.923077
vt -22.322834 29.487179
vt -22.322834 32.051281
vt -22.322834 34.615383
vt -22.322834 37.179485
vt -22.322834 39.743587
vt -22.322834 42.307693
vt -22.322834 44.871796
vt -22.322834 50.000000
vt -22.322834 47.435898
vt -20.669292 -50.000000
vt -20.669292 -47.435898
vt -20.669292 -42.307693
vt -20.669292 -44.871796
vt -20.669292 -39.743587
vt -20.669292 -37.179485
vt -20.669292 -34.615383
vt -20.669292 -32.051281
vt -20.669292 -29.487179
vt -20.669292 -24.358974
vt -20.669292 -26.923077
vt -20.669292 -19.230770
vt -20.669292 -21.794872
vt -20.669292 -14.102564
vt -20.669292 -16.666668
vt -20.669292 -8.974360
vt -20.669292 -11.538462
vt -20.669292 -3.846154
vt -20.669292 -6.410256
vt -20.669292 -1.282051
vt -20.669292 1.282051
vt -20.669292 3.846154
vt -20.669292 6.410256
vt -20.669292 8.974360
vt -20.669292 11.538462
vt -20.669292 16.666668
vt -20.669292 14.102564
vt -20.669292 21.794872
vt -20.669292 19.230770
vt -20.669292 24.358974
vt -20.669292 26.923077
vt -20.669292 29.487179
vt -20.669292 32.051281
vt -20.669292 34.615383
vt -20.669292 37.179485
vt -20.669292 39.743587
vt -20.669292 42.307693
vt -20.669292 44.871796
vt -20.669292 50.000000
vt -20.669292 47.435898
vt -19.015749 -50.000000
vt -19.015749 -47.435898
vt -19.015749 -42.307693
vt -19.015749 -44.871796
vt -19.015749 -39.743587
vt -19.015749 -34.615383
vt -19.015749 -37.179485
vt -19.015749 -32.051281
vt -19.015749 -29.487179
vt -19.015749 -26.923077
vt -19.015749 -24.358974
vt -19.015749 -21.794872
vt -19.015749 -19.230770
vt -19.015749 -16.666668
vt -19.015749 -11.538462
vt -19.015749 -14.102564
vt -19.015749 -6.410256
vt -19.015749 -8.974360
vt -19.015749 -1.282051
vt -19.015749 -3.846154
vt -19.015749 1.282051
vt -19.015749 3.846154
vt -19.015749 6.410256
vt -19.015749 8.974360
vt -19.015749 11.538462
vt -19.015749 14.102564
vt -19.015749 19.230770
vt -19.015749 16.666668
vt -19.015749 21.794872
vt -19.015749 24.358974
vt -19.015749 26.923077
vt -19.015749 29.487179
vt -19.015749 32.051281
vt -19.015749 34.615383
vt -19.015749 39.743587
vt -19.015749 37.179485
vt -19.015749 42.307693
vt -19.015749 44.871796
vt -19.015749 50.000000
vt -19.015749 47.435898
vt -17.362204 -50.000000
vt -17.362204 -44.871796
vt -17.362204 -47.435898
vt -17.362204 -42.307693
vt -17.362204 -39.743587
vt -17.362204 -37.179485
vt -17.362204 -34.615383
vt -17.362204 -32.051281
vt -17.362204 -29.487179
vt -17.362204 -24.358974
vt -17.362204 -26.923077
vt -17.362204 -21.794872
vt -17.362204 -19.230770
vt -17.362204 -14.102564
vt -17.362204 -16.666668
vt -17.362204 -11.538462
vt -17.362204 -8.974360
vt -17.362204 -6.410256
vt -17.362204 -1.282051
vt -17.362204 -3.846154
vt -17.362204 1.282051
vt -17.362204 3.846154
vt -17.362204 6.410256
vt -17.362204 8.974360
vt -17.362204 14.102564
vt -17.362204 11.538462
vt -17.362204 16.666668
vt -17.362204 21.794872
vt -17.362204 19.230770
vt -17.362204 26.923077
vt -17.362204 24.358974
vt -17.362204 29.487179
vt -17.362204 34.615383
vt -17.362204 32.051281
vt -17.362204 37.179485
vt -17.362204 42.307693
vt -17.362204 39.743587
vt -17.362204 44.871796
vt -17.362204 47.435898
vt -15.708661 -50.000000
vt -15.708661 -44.871796
vt -15.708661 -47.435898
vt -15.708661 -42.307693
vt -15.708661 -37.179485
vt -15.708661 -39.743587
vt -15.708661 -34.615383
vt -15.708661 -29.487179
vt -15.708661 -32.051281
vt -15.708661 -26.923077
vt -15.708661 -24.358974
vt -15.708661 -19.230770
vt -15.708661 -21.794872
vt -15.708661 -16.666668
vt -15.708661 -14.102564
vt -15.708661 -11.538462
vt -15.708661 -6.410256
vt -15.708661 -8.974360
vt -15.708661 -3.846154
vt -15.708661 -1.282051
vt -15.708661 1.282051
vt -15.708661 6.410256
vt -15.708661 3.846154
vt -15.708661 11.538462
vt -15.708661 8.974360
vt -15.708661 14.102564
vt -15.708661 19.230770
vt -15.708661 16.666668
vt -15.708661 21.794872
vt -15.708661 24.358974
vt -15.708661 29.487179
vt -15.708661 26.923077
vt -15.708661 34.615383
vt -15.708661 32.051281
vt -15.708661 37.179485
vt -15.708661 42.307693
vt -15.708661 39.743587
vt -15.708661 44.871796
vt -15.708661 47.435898
vt -17.362204 50.000000
vt -14.055118 -47.435898
vt -14.055118 -50.000000
vt -14.055118 -44.871796
vt -14.055118 -42.307693
vt -14.055118 -37.179485
vt -14.055118 -39.743587
vt -14.055118 -34.615383
vt -14.055118 -32.051281
vt -14.055118 -29.487179
vt -14.055118 -26.923077
vt -14.055118 -21.794872
vt -14.055118 -24.358974
vt -14.055118 -16.666668
vt -14.055118 -19.230770
vt -14.055118 -11.538462
vt -14.055118 -14.102564
vt -14.055118 -6.410256
vt -14.055118 -8.974360
vt -14.055118 -1.282051
vt -14.055118 -3.846154
vt -14.055118 1.282051
vt -14.055118 6.410256
vt -14.055118 3.846154
vt -14.055118 8.974360
vt -14.055118 14.102564
vt -14.055118 11.538462
vt -14.055118 16.666668
vt -14.055118 21.794872
vt -14.055118 19.230770
vt -14.055118 26.923077
vt -14.055118 24.358974
vt -14.055118 29.487179
vt -14.055118 34.615383
vt -14.055118 32.051281
vt -14.055118 37.179485
vt -14.055118 42.307693
vt -14.055118 39.743587
vt -14.055118 47.435898
vt -14.055118 44.871796
vt -15.708661 50.000000
vt -12.401575 -47.435898
vt -12.401575 -50.000000
vt -12.401575 -44.871796
vt -12.401575 -42.307693
vt -12.401575 -39.743587
vt -12.401575 -34.615383
vt -12.401575 -37.179485
vt -12.401575 -32.051281
vt -12.401575 -29.487179
vt -12.401575 -26.923077
vt -12.401575 -21.794872
vt -12.401575 -24.358974
vt -12.401575 -19.230770
vt -12.401575 -16.666668
vt -12.401575 -11.538462
vt -12.401575 -14.102564
vt -12.401575 -8.974360
vt -12.401575 -3.846154
vt -12.401575 -6.410256
vt -12.401575 -1.282051
vt -12.401575 1.282051
vt -12.401575 3.846154
vt -12.401575 6.410256
vt -12.401575 11.538462
vt -12.401575 8.974360
vt -12.401575 16.666668
vt -12.401575 14.102564
vt -12.401575 19.230770
vt -12.401575 21.794872
vt -12.401575 26.923077
vt -12.401575 24.358974
vt -12.401575 29.487179
vt -12.401575 32.051281
vt -12.401575 34.615383
vt -12.401575 37.179485
vt -12.401575 39.743587
vt -12.401575 42.307693
vt -12.401575 44.871796
vt -12.401575 50.000000
vt -12.401575 47.435898
vt -10.748032 -47.435898
vt -10.748032 -50.000000
vt -10.748032 -44.871796
vt -10.748032 -39.743587
vt -10.748032 -42.307693
vt -10.748032 -34.615383
vt -10.748032 -37.179485
vt -10.748032 -32.051281
vt -10.748032 -29.487179
vt -10.748032 -26.923077
vt -10.748032 -21.794872
vt -10.748032 -24.358974
vt -10.748032 -19.230770
vt -10.748032 -14.102564
vt -10.748032 -16.666668
vt -10.748032 -11.538462
vt -10.748032 -8.974360
vt -10.748032 -3.846154
vt -10.748032 -6.410256
vt -10.748032 1.282051
vt -10.748032 -1.282051
vt -10.748032 6.410256
vt -10.748032 3.846154
vt -10.748032 8.974360
vt -10.748032 14.102564
vt -10.748032 11.538462
vt -10.748032 19.230770
vt -10.748032 16.666668
vt -10.748032 21.794872
vt -10.748032 24.358974
vt -10.748032 26.923077
vt -10.748032 29.487179
vt -10.748032 34.615383
vt -10.748032 32.051281
vt -10.748032 37.179485
vt -10.748032 39.743587
vt -10.748032 42.307693
vt -10.748032 44.871796
vt -10.748032 50.000000
vt -10.748032 47.435898
vt -9.094488 -50.000000
vt -9.094488 -44.871796
vt -9.094488 -47.435898
vt -9.094488 -42.307693
vt -9.094488 -39.743587
vt -9.094488 -34.615383
vt -9.094488 -37.179485
vt -9.094488 -32.051281
vt -9.094488 -29.487179
vt -9.094488 -26.923077
vt -9.094488 -24.358974
vt -9.094488 -19.230770
vt -9.094488 -21.794872
vt -9.094488 -16.666668
vt -9.094488 -14.102564
vt -9.094488 -11.538462
vt -9.094488 -6.410256
vt -9.094488 -8.974360
vt -9.094488 -1.282051
vt -9.094488 -3.846154
vt -9.094488 1.282051
vt -9.094488 3.846154
vt -9.094488 6.410256
vt -9.094488 8.974360
vt -9.094488 11.538462
vt -9.094488 16.666668
vt -9.094488 14.102564
vt -9.094488 19.230770
vt -9.094488 21.794872
vt -9.094488 26.923077
vt -9.094488 24.358974
vt -9.094488 32.051281
vt -9.094488 29.487179
vt -9.094488 37.179485
vt -9.094488 34.615383
vt -9.094488 39.743587
vt -9.094488 42.307693
vt -9.094488 44.871796
vt -9.094488 50.000000
vt -9.094488 47.435898
vt -7.440945 -50.000000
vt -7.440945 -44.871796
vt -7.440945 -47.435898
vt -7.440945 -42.307693
vt -7.440945 -39.743587
vt -7.440945 -34.615383
vt -7.440945 -37.179485
vt -7.440945 -29.487179
vt -7.440945 -32.051281
vt -7.440945 -26.923077
vt -7.440945 -24.358974
vt -7.440945 -21.794872
vt -7.440945 -19.230770
vt -7.440945 -16.666668
vt -7.440945 -14.102564
vt -7.440945 -8.974360
vt -7.440945 -11.538462
vt -7.440945 -6.410256
vt -7.440945 -1.282051
vt -7.440945 -3.846154
vt -7.440945 1.282051
vt -7.440945 3.846154
vt -7.440945 8.974360
vt -7.440945 6.410256
vt -7.440945 14.102564
vt -7.440945 11.538462
vt -7.440945 16.666668
vt -7.440945 19.230770
vt -7.440945 21.794872
vt -7.440945 24.358974
vt -7.440945 26.923077
vt -7.440945 32.051281
vt -7.440945 29.487179
vt -7.440945 34.615383
vt -7.440945 37.179485
vt -7.440945 39.743587
vt -7.440945 44.871796
vt -7.440945 42.307693
vt -7.440945 47.435898
vt -5.787402 -50.000000
vt -5.787402 -44.871796
vt -5.787402 -47.435898
vt -5.787402 -42.307693
vt -5.787402 -39.743587
vt -5.787402 -37.179485
vt -5.787402 -34.615383
vt -5.787402 -32.051281
vt -5.787402 -29.487179
vt -5.787402 -26.923077
vt -5.787402 -21.794872
vt -5.787402 -24.358974
vt -5.787402 -16.666668
vt -5.787402 -19.230770
vt -5.787402 -14.102564
vt -5.787402 -11.538462
vt -5.787402 -6.410256
vt -5.787402 -8.974360
vt -5.787402 -3.846154
vt -5.787402 -1.282051
vt -5.787402 3.846154
vt -5.787402 1.282051
vt -5.787402 8.974360
vt -5.787402 6.410256
vt -5.787402 14.102564
vt -5.787402 11.538462
vt -5.787402 16.666668
vt -5.787402 21.794872
vt -5.787402 19.230770
vt -5.787402 26.923077
vt -5.787402 24.358974
vt -5.787402 32.051281
vt -5.787402 29.487179
vt -5.787402 34.615383
vt -5.787402 39.743587
vt -5.787402 37.179485
vt -5.787402 44.871796
vt -5.787402 42.307693
vt -5.787402 47.435898
vt -5.787402 50.000000
vt -4.133858 -47.435898
vt -4.133858 -50.000000
vt -4.133858 -44.871796
vt -4.133858 -42.307693
vt -4.133858 -39.743587
vt -4.133858 -37.179485
vt -4.133858 -32.051281
vt -4.133858 -34.615383
vt -4.133858 -29.487179
vt -4.133858 -26.923077
vt -4.133858 -24.358974
vt -4.133858 -19.230770
vt -4.133858 -21.794872
vt -4.133858 -16.666668
vt -4.133858 -11.538462
vt -4.133858 -14.102564
vt -4.133858 -6.410256
vt -4.133858 -8.974360
vt -4.133858 -3.846154
vt -4.133858 1.282051
vt -4.133858 -1.282051
vt -4.133858 6.410256
vt -4.133858 3.846154
vt -4.133858 11.538462
vt -4.133858 8.974360
vt -4.133858 14.102564
vt -4.133858 19.230770
vt -4.133858 16.666668
vt -4.133858 21.794872
vt -4.133858 24.358974
vt -4.133858 26.923077
vt -4.133858 32.051281
vt -4.133858 29.487179
vt -4.133858 34.615383
vt -4.133858 39.743587
vt -4.133858 37.179485
vt -4.133858 44.871796
vt -4.133858 42.307693
vt -4.133858 47.435898
vt -4.133858 50.000000
vt -2.480315 -47.435898
vt -2.480315 -50.000000
vt -2.480315 -44.871796
vt -2.480315 -42.307693
vt -2.480315 -39.743587
vt -2.480315 -37.179485
vt -2.480315 -34.615383
vt -2.480315 -29.487179
vt -2.480315 -32.051281
vt -2.480315 -26.923077
vt -2.480315 -24.358974
vt -2.480315 -19.230770
vt -2.480315 -21.794872
vt -2.480315 -16.666668
vt -2.480315 -14.102564
vt -2.480315 -8.974360
vt -2.480315 -11.538462
vt -2.480315 -6.410256
vt -2.480315 -1.282051
vt -2.480315 -3.846154
vt -2.480315 3.846154
vt -2.480315 1.282051
vt -2.480315 8.974360
vt -2.480315 6.410256
vt -2.480315 14.102564
vt -2.480315 11.538462
vt -2.480315 16.666668
vt -2.480315 21.794872
vt -2.480315 19.230770
vt -2.480315 26.923077
vt -2.480315 24.358974
vt -2.480315 29.487179
vt -2.480315 32.051281
vt -2.480315 37.179485
vt -2.480315 34.615383
vt -2.480315 39.743587
vt -2.480315 42.307693
vt -2.480315 47.435898
vt -2.480315 44.871796
vt -2.480315 50.000000
vt -0.826772 -47.435898
vt -0.826772 -50.000000
vt -0.826772 -44.871796
vt -0.826772 -42.307693
vt -0.826772 -39.743587
vt -0.826772 -34.615383
vt -0.826772 -37.179485
vt -0.826772 -32.051281
vt -0.826772 -26.923077
vt -0.826772 -29.487179
vt -0.826772 -21.794872
vt -0.826772 -24.358974
vt -0.826772 -19.230770
vt -0.826772 -16.666668
vt -0.826772 -11.538462
vt -0.826772 -14.102564
vt -0.826772 -8.974360
vt -0.826772 -6.410256
vt -0.826772 -1.282051
vt -0.826772 -3.846154
vt -0.826772 1.282051
vt -0.826772 3.846154
vt -0.826772 8.974360
vt -0.826772 6.410256
vt -0.826772 14.102564
vt -0.826772 11.538462
vt -0.826772 16.666668
vt -0.826772 21.794872
vt -0.826772 19.230770
vt -0.826772 24.358974
vt -0.826772 26.923077
vt -0.826772 29.487179
vt -0.826772 32.051281
vt -0.826772 37.179485
vt -0.826772 34.615383
vt -0.826772 39.743587
vt -0.826772 42.307693
vt -0.826772 47.435898
vt -0.826772 44.871796
vt -0.826772 50.000000
vt 0.826772 -47.435898
vt 0.826772 -50.000000
vt 0.826772 -44.871796
vt 0.826772 -42.307693
vt 0.826772 -39.743587
vt 0.826772 -37.179485
vt 0.826772 -34.615383
vt 0.826772 -32.051281
vt 0.826772 -29.487179
vt 0.826772 -24.358974
vt 0.826772 -26.923077
vt 0.826772 -21.794872
vt 0.826772 -19.230770
vt 0.826772 -16.666668
vt 0.826772 -14.102564
vt 0.826772 -8.974360
vt 0.826772 -11.538462
vt 0.826772 -6.410256
vt 0.826772 -3.846154
vt 0.826772 -1.282051
vt 0.826772 1.282051
vt 0.826772 3.846154
vt 0.826772 6.410256
vt 0.826772 11.538462
vt 0.826772 8.974360
vt 0.826772 16.666668
vt 0.826772 14.102564
vt 0.826772 19.230770
vt 0.826772 24.358974
vt 0.826772 21.794872
vt 0.826772 26.923077
vt 0.826772 29.487179
vt 0.826772 32.051281
vt 0.826772 37.179485
vt 0.826772 34.615383
vt 0.826772 39.743587
vt 0.826772 42.307693
vt 0.826772 47.435898
vt 0.826772 44.871796
vt 0.826772 50.000000
vt 2.480315 -47.435898
vt 2.480315 -50.000000
vt 2.480315 -44.871796
vt 2.480315 -39.743587
vt 2.480315 -42.307693
vt 2.480315 -37.179485
vt 2.480315 -34.615383
vt 2.480315 -29.487179
vt 2.480315 -32.051281
vt 2.480315 -26.923077
vt 2.480315 -24.358974
vt 2.480315 -21.794872
vt 2.480315 -19.230770
vt 2.480315 -16.666668
vt 2.480315 -14.102564
vt 2.480315 -11.538462
vt 2.480315 -8.974360
vt 2.480315 -3.846154
vt 2.480315 -6.410256
vt 2.480315 -1.282051
vt 2.480315 1.282051
vt 2.480315 6.410256
vt 2.480315 3.846154
vt 2.480315 11.538462
vt 2.480315 8.974360
vt 2.480315 16.666668
vt 2.480315 14.102564
vt 2.480315 19.230770
vt 2.480315 21.794872
vt 2.480315 26.923077
vt 2.480315 24.358974
vt 2.480315 29.487179
vt 2.480315 32.051281
vt 2.480315 37.179485
vt 2.480315 34.615383
vt 2.480315 39.743587
vt 2.480315 42.307693
vt 2.480315 47.435898
vt 2.480315 44.871796
vt 2.480315 50.000000
vt 4.133858 -47.435898
vt 4.133858 -50.000000
vt 4.133858 -44.871796
vt 4.133858 -39.743587
vt 4.133858 -42.307693
vt 4.133858 -37.179485
vt 4.133858 -34.615383
vt 4.133858 -29.487179
vt 4.133858 -32.051281
vt 4.133858 -26.923077
vt 4.133858 -24.358974
vt 4.133858 -21.794872
vt 4.133858 -19.230770
vt 4.133858 -16.666668
vt 4.133858 -11.538462
vt 4.133858 -14.102564
vt 4.133858 -8.974360
vt 4.133858 -6.410256
vt 4.133858 -1.282051
vt 4.133858 -3.846154
vt 4.133858 3.846154
vt 4.133858 1.282051
vt 4.133858 6.410256
vt 4.133858 11.538462
vt 4.133858 8.974360
vt 4.133858 14.102564
vt 4.133858 19.230770
vt 4.133858 16.666668
vt 4.133858 21.794872
vt 4.133858 26.923077
vt 4.133858 24.358974
vt 4.133858 32.051281
vt 4.133858 29.487179
vt 4.133858 34.615383
vt 4.133858 39.743587
vt 4.133858 37.179485
vt 4.133858 42.307693
vt 4.133858 47.435898
vt 4.133858 44.871796
vt 4.133858 50.000000
vt 5.787402 -47.435898
vt 5.787402 -50.000000
vt 5.787402 -44.871796
vt 5.787402 -39.743587
vt 5.787402 -42.307693
vt 5.787402 -37.179485
vt 5.787402 -34.615383
vt 5.787402 -32.051281
vt 5.787402 -26.923077
vt 5.787402 -29.487179
vt 5.787402 -21.794872
vt 5.787402 -24.358974
vt 5.787402 -19.230770
vt 5.787402 -14.102564
vt 5.787402 -16.666668
vt 5.787402 -11.538462
vt 5.787402 -8.974360
vt 5.787402 -6.410256
vt 5.787402 -1.282051
vt 5.787402 -3.846154
vt 5.787402 3.846154
vt 5.787402 1.282051
vt 5.787402 6.410256
vt 5.787402 8.974360
vt 5.787402 11.538462
vt 5.787402 14.102564
vt 5.787402 19.230770
vt 5.787402 16.666668
vt 5.787402 21.794872
vt 5.787402 24.358974
vt 5.787402 26.923077
vt 5.787402 29.487179
vt 5.787402 34.615383
vt 5.787402 32.051281
vt 5.787402 39.743587
vt 5.787402 37.179485
vt 5.787402 42.307693
vt 5.787402 44.871796
vt 5.787402 47.435898
vt 7.440945 -47.435898
vt 7.440945 -50.000000
vt 7.440945 -44.871796
vt 7.440945 -42.307693
vt 7.440945 -39.743587
vt 7.440945 -37.179485
vt 7.440945 -34.615383
vt 7.440945 -32.051281
vt 7.440945 -26.923077
vt 7.440945 -29.487179
vt 7.440945 -24.358974
vt 7.440945 -21.794872
vt 7.440945 -16.666668
vt 7.440945 -19.230770
vt 7.440945 -14.102564
vt 7.440945 -8.974360
vt 7.440945 -11.538462
vt 7.440945 -3.846154
vt 7.440945 -6.410256
vt 7.440945 1.282051
vt 7.440945 -1.282051
vt 7.440945 3.846154
vt 7.440945 6.410256
vt 7.440945 8.974360
vt 7.440945 14.102564
vt 7.440945 11.538462
vt 7.440945 19.230770
vt 7.440945 16.666668
vt 7.440945 21.794872
vt 7.440945 26.923077
vt 7.440945 24.358974
vt 7.440945 29.487179
vt 7.440945 34.615383
vt 7.440945 32.051281
vt 7.440945 39.743587
vt 7.440945 37.179485
vt 7.440945 42.307693
vt 7.440945 44.871796
vt 7.440945 47.435898
vt 5.787402 50.000000
vt 9.094488 -50.000000
vt 9.094488 -47.435898
vt 9.094488 -42.307693
vt 9.094488 -44.871796
vt 9.094488 -39.743587
vt 9.094488 -37.179485
vt 9.094488 -32.051281
vt 9.094488 -34.615383
vt 9.094488 -26.923077
vt 9.094488 -29.487179
vt 9.094488 -24.358974
vt 9.094488 -19.230770
vt 9.094488 -21.794872
vt 9.094488 -14.102564
vt 9.094488 -16.666668
vt 9.094488 -8.974360
vt 9.094488 -11.538462
vt 9.094488 -6.410256
vt 9.094488 -3.846154
vt 9.094488 1.282051
vt 9.094488 -1.282051
vt 9.094488 3.846154
vt 9.094488 6.410256
vt 9.094488 8.974360
vt 9.094488 14.102564
vt 9.094488 11.538462
vt 9.094488 16.666668
vt 9.094488 21.794872
vt 9.094488 19.230770
vt 9.094488 24.358974
vt 9.094488 26.923077
vt 9.094488 29.487179
vt 9.094488 34.615383
vt 9.094488 32.051281
vt 9.094488 37.179485
vt 9.094488 42.307693
vt 9.094488 39.743587
vt 9.094488 44.871796
vt 9.094488 47.435898
vt 7.440945 50.000000
vt 10.748032 -50.000000
vt 10.748032 -47.435898
vt 10.748032 -42.307693
vt 10.748032 -44.871796
vt 10.748032 -39.743587
vt 10.748032 -37.179485
vt 10.748032 -32.051281
vt 10.748032 -34.615383
vt 10.748032 -26.923077
vt 10.748032 -29.487179
vt 10.748032 -24.358974
vt 10.748032 -19.230770
vt 10.748032 -21.794872
vt 10.748032 -16.666668
vt 10.748032 -11.538462
vt 10.748032 -14.102564
vt 10.748032 -6.410256
vt 10.748032 -8.974360
vt 10.748032 -3.846154
vt 10.748032 1.282051
vt 10.748032 -1.282051
vt 10.748032 3.846154
vt 10.748032 6.410256
vt 10.748032 8.974360
vt 10.748032 14.102564
vt 10.748032 11.538462
vt 10.748032 16.666668
vt 10.748032 21.794872
vt 10.748032 19.230770
vt 10.748032 26.923077
vt 10.748032 24.358974
vt 10.748032 32.051281
vt 10.748032 29.487179
vt 10.748032 34.615383
vt 10.748032 37.179485
vt 10.748032 39.743587
vt 10.748032 42.307693
vt 10.748032 44.871796
vt 10.748032 47.435898
vt 9.094488 50.000000
vt 12.401575 -50.000000
vt 12.401575 -47.435898
vt 12.401575 -42.307693
vt 12.401575 -44.871796
vt 12.401575 -39.743587
vt 12.401575 -37.179485
vt 12.401575 -32.051281
vt 12.401575 -34.615383
vt 12.401575 -29.487179
vt 12.401575 -24.358974
vt 12.401575 -26.923077
vt 12.401575 -21.794872
vt 12.401575 -19.230770
vt 12.401575 -16.666668
vt 12.401575 -14.102564
vt 12.401575 -8.974360
vt 12.401575 -11.538462
vt 12.401575 -6.410256
vt 12.401575 -1.282051
vt 12.401575 -3.846154
vt 12.401575 1.282051
vt 12.401575 6.410256
vt 12.401575 3.846154
vt 12.401575 8.974360
vt 12.401575 14.102564
vt 12.401575 11.538462
vt 12.401575 19.230770
vt 12.401575 16.666668
vt 12.401575 21.794872
vt 12.401575 26.923077
vt 12.401575 24.358974
vt 12.401575 32.051281
vt 12.401575 29.487179
vt 12.401575 34.615383
vt 12.401575 37.179485
vt 12.401575 39.743587
vt 12.401575 42.307693
vt 12.401575 47.435898
vt 12.401575 44.871796
vt 10.748032 50.000000
vt 14.055118 -50.000000
vt 14.055118 -44.871796
vt 14.055118 -47.435898
vt 14.055118 -42.307693
vt 14.055118 -39.743587
vt 14.055118 -37.179485
vt 14.055118 -32.051281
vt 14.055118 -34.615383
vt 14.055118 -26.923077
vt 14.055118 -29.487179
vt 14.055118 -24.358974
vt 14.055118 -19.230770
vt 14.055118 -21.794872
vt 14.055118 -16.666668
vt 14.055118 -14.102564
vt 14.055118 -8.974360
vt 14.055118 -11.538462
vt 14.055118 -6.410256
vt 14.055118 -1.282051
vt 14.055118 -3.846154
vt 14.055118 3.846154
vt 14.055118 1.282051
vt 14.055118 8.974360
vt 14.055118 6.410256
vt 14.055118 14.102564
vt 14.055118 11.538462
vt 14.055118 16.666668
vt 14.055118 19.230770
vt 14.055118 21.794872
vt 14.055118 26.923077
vt 14.055118 24.358974
vt 14.055118 32.051281
vt 14.055118 29.487179
vt 14.055118 34.615383
vt 14.055118 37.179485
vt 14.055118 42.307693
vt 14.055118 39.743587
vt 14.055118 44.871796
vt 14.055118 47.435898
vt 12.401575 50.000000
vt 15.708661 -50.000000
vt 15.708661 -44.871796
vt 15.708661 -47.435898
vt 15.708661 -42.307693
vt 15.708661 -37.179485
vt 15.708661 -39.743587
vt 15.708661 -34.615383
vt 15.708661 -32.051281
vt 15.708661 -29.487179
vt 15.708661 -26.923077
vt 15.708661 -21.794872
vt 15.708661 -24.358974
vt 15.708661 -16.666668
vt 15.708661 -19.230770
vt 15.708661 -14.102564
vt 15.708661 -8.974360
vt 15.708661 -11.538462
vt 15.708661 -6.410256
vt 15.708661 -3.846154
vt 15.708661 -1.282051
vt 15.708661 3.846154
vt 15.708661 1.282051
vt 15.708661 8.974360
vt 15.708661 6.410256
vt 15.708661 11.538462
vt 15.708661 16.666668
vt 15.708661 14.102564
vt 15.708661 21.794872
vt 15.708661 19.230770
vt 15.708661 26.923077
vt 15.708661 24.358974
vt 15.708661 29.487179
vt 15.708661 32.051281
vt 15.708661 37.179485
vt 15.708661 34.615383
vt 15.708661 39.743587
vt 15.708661 42.307693
vt 15.708661 44.871796
vt 15.708661 47.435898
vt 14.055118 50.000000
vt 17.362204 -47.435898
vt 17.362204 -50.000000
vt 17.362204 -44.871796
vt 17.362204 -42.307693
vt 17.362204 -37.179485
vt 17.362204 -39.743587
vt 17.362204 -34.615383
vt 17.362204 -29.487179
vt 17.362204 -32.051281
vt 17.362204 -26.923077
vt 17.362204 -24.358974
vt 17.362204 -21.794872
vt 17.362204 -16.666668
vt 17.362204 -19.230770
vt 17.362204 -14.102564
vt 17.362204 -11.538462
vt 17.362204 -8.974360
vt 17.362204 -6.410256
vt 17.362204 -1.282051
vt 17.362204 -3.846154
vt 17.362204 3.846154
vt 17.362204 1.282051
vt 17.362204 6.410256
vt 17.362204 8.974360
vt 17.362204 11.538462
vt 17.362204 16.666668
vt 17.362204 14.102564
vt 17.362204 19.230770
vt 17.362204 24.358974
vt 17.362204 21.794872
vt 17.362204 26.923077
vt 17.362204 29.487179
vt 17.362204 32.051281
vt 17.362204 34.615383
vt 17.362204 37.179485
vt 17.362204 39.743587
vt 17.362204 42.307693
vt 17.362204 44.871796
vt 17.362204 50.000000
vt 17.362204 47.435898
vt 19.015749 -47.435898
vt 19.015749 -50.000000
vt 19.015749 -44.871796
vt 19.015749 -39.743587
vt 19.015749 -42.307693
vt 19.015749 -37.179485
vt 19.015749 -32.051281
vt 19.015749 -34.615383
vt 19.015749 -26.923077
vt 19.015749 -29.487179
vt 19.015749 -24.358974
vt 19.015749 -21.794872
vt 19.015749 -19.230770
vt 19.015749 -16.666668
vt 19.015749 -14.102564
vt 19.015749 -11.538462
vt 19.015749 -8.974360
vt 19.015749 -3.846154
vt 19.015749 -6.410256
vt 19.015749 -1.282051
vt 19.015749 3.846154
vt 19.015749 1.282051
vt 19.015749 6.410256
vt 19.015749 11.538462
vt 19.015749 8.974360
vt 19.015749 14.102564
vt 19.015749 16.666668
vt 19.015749 19.230770
vt 19.015749 24.358974
vt 19.015749 21.794872
vt 19.015749 26.923077
vt 19.015749 32.051281
vt 19.015749 29.487179
vt 19.015749 34.615383
vt 19.015749 37.179485
vt 19.015749 39.743587
vt 19.015749 42.307693
vt 19.015749 44.871796
vt 19.015749 50.000000
vt 19.015749 47.435898
vt 20.669292 -47.435898
vt 20.669292 -50.000000
vt 20.669292 -44.871796
vt 20.669292 -39.743587
vt 20.669292 -42.307693
vt 20.669292 -37.179485
vt 20.669292 -34.615383
vt 20.669292 -32.051281
vt 20.669292 -26.923077
vt 20.669292 -29.487179
vt 20.669292 -24.358974
vt 20.669292 -19.230770
vt 20.669292 -21.794872
vt 20.669292 -16.666668
vt 20.669292 -14.102564
vt 20.669292 -8.974360
vt 20.669292 -11.538462
vt 20.669292 -6.410256
vt 20.669292 -3.846154
vt 20.669292 -1.282051
vt 20.669292 3.846154
vt 20.669292 1.282051
vt 20.669292 6.410256
vt 20.669292 8.974360
vt 20.669292 14.102564
vt 20.669292 11.538462
vt 20.669292 16.666668
vt 20.669292 21.794872
vt 20.669292 19.230770
vt 20.669292 26.923077
vt 20.669292 24.358974
vt 20.669292 29.487179
vt 20.669292 34.615383
vt 20.669292 32.051281
vt 20.669292 37.179485
vt 20.669292 39.743587
vt 20.669292 42.307693
vt 20.669292 47.435898
vt 20.669292 44.871796
vt 22.322834 -47.435898
vt 22.322834 -50.000000
vt 22.322834 -44.871796
vt 22.322834 -42.307693
vt 22.322834 -39.743587
vt 22.322834 -37.179485
vt 22.322834 -32.051281
vt 22.322834 -34.615383
vt 22.322834 -29.487179
vt 22.322834 -24.358974
vt 22.322834 -26.923077
vt 22.322834 -21.794872
vt 22.322834 -19.230770
vt 22.322834 -16.666668
vt 22.322834 -11.538462
vt 22.322834 -14.102564
vt 22.322834 -6.410256
vt 22.322834 -8.974360
vt 22.322834 -3.846154
vt 22.322834 -1.282051
vt 22.322834 1.282051
vt 22.322834 6.410256
vt 22.322834 3.846154
vt 22.322834 11.538462
vt 22.322834 8.974360
vt 22.322834 16.666668
vt 22.322834 14.102564
vt 22.322834 19.230770
vt 22.322834 24.358974
vt 22.322834 21.794872
vt 22.322834 29.487179
vt 22.322834 26.923077
vt 22.322834 34.615383
vt 22.322834 32.051281
vt 22.322834 37.179485
vt 22.322834 39.743587
vt 22.322834 44.871796
vt 22.322834 42.307693
vt 22.322834 47.435898
vt 20.669292 50.000000
vt 23.976377 -47.435898
vt 23.976377 -50.000000
vt 23.976377 -44.871796
vt 23.976377 -42.307693
vt 23.976377 -39.743587
vt 23.976377 -37.179485
vt 23.976377 -34.615383
vt 23.976377 -29.487179
vt 23.976377 -32.051281
vt 23.976377 -26.923077
vt 23.976377 -21.794872
vt 23.976377 -24.358974
vt 23.976377 -19.230770
vt 23.976377 -16.666668
vt 23.976377 -14.102564
vt 23.976377 -8.974360
vt 23.976377 -11.538462
vt 23.976377 -6.410256
vt 23.976377 -3.846154
vt 23.976377 1.282051
vt 23.976377 -1.282051
vt 23.976377 3.846154
vt 23.976377 8.974360
vt 23.976377 6.410256
vt 23.976377 11.538462
vt 23.976377 14.102564
vt 23.976377 16.666668
vt 23.976377 19.230770
vt 23.976377 24.358974
vt 23.976377 21.794872
vt 23.976377 29.487179
vt 23.976377 26.923077
vt 23.976377 32.051281
vt 23.976377 34.615383
vt 23.976377 37.179485
vt 23.976377 39.743587
vt 23.976377 44.871796
vt 23.976377 42.307693
vt 23.976377 47.435898
vt 22.322834 50.000000
vt 25.629923 -50.000000
vt 25.629923 -47.435898
vt 25.629923 -44.871796
vt 25.629923 -42.307693
vt 25.629923 -39.743587
vt 25.629923 -37.179485
vt 25.629923 -32.051281
vt 25.629923 -34.615383
vt 25.629923 -29.487179
vt 25.629923 -26.923077
vt 25.629923 -24.358974
vt 25.629923 -21.794872
vt 25.629923 -16.666668
vt 25.629923 -19.230770
vt 25.629923 -14.102564
vt 25.629923 -11.538462
vt 25.629923 -6.410256
vt 25.629923 -8.974360
vt 25.629923 -3.846154
vt 25.629923 1.282051
vt 25.629923 -1.282051
vt 25.629923 6.410256
vt 25.629923 3.846154
vt 25.629923 8.974360
vt 25.629923 14.102564
vt 25.629923 11.538462
vt 25.629923 19.230770
vt 25.629923 16.666668
vt 25.629923 21.794872
vt 25.629923 26.923077
vt 25.629923 24.358974
vt 25.629923 29.487179
vt 25.629923 32.051281
vt 25.629923 34.615383
vt 25.629923 37.179485
vt 25.629923 42.307693
vt 25.629923 39.743587
vt 25.629923 44.871796
vt 25.629923 47.435898
vt 23.976377 50.000000
vt 27.283466 -50.000000
vt 27.283466 -47.435898
vt 27.283466 -44.871796
vt 27.283466 -42.307693
vt 27.283466 -37.179485
vt 27.283466 -39.743587
vt 27.283466 -34.615383
vt 27.283466 -29.487179
vt 27.283466 -32.051281
vt 27.283466 -26.923077
vt 27.283466 -24.358974
vt 27.283466 -19.230770
vt 27.283466 -21.794872
vt 27.283466 -16.666668
vt 27.283466 -11.538462
vt 27.283466 -14.102564
vt 27.283466 -8.974360
vt 27.283466 -3.846154
vt 27.283466 -6.410256
vt 27.283466 -1.282051
vt 27.283466 1.282051
vt 27.283466 3.846154
vt 27.283466 8.974360
vt 27.283466 6.410256
vt 27.283466 11.538462
vt 27.283466 14.102564
vt 27.283466 19.230770
vt 27.283466 16.666668
vt 27.283466 21.794872
vt 27.283466 26.923077
vt 27.283466 24.358974
vt 27.283466 29.487179
vt 27.283466 34.615383
vt 27.283466 32.051281
vt 27.283466 37.179485
vt 27.283466 39.743587
vt 27.283466 42.307693
vt 27.283466 44.871796
vt 27.283466 47.435898
vt 25.629923 50.000000
vt 28.937008 -50.000000
vt 28.937008 -47.435898
vt 28.937008 -44.871796
vt 28.937008 -42.307693
vt 28.937008 -37.179485
vt 28.937008 -39.743587
vt 28.937008 -34.615383
vt 28.937008 -32.051281
vt 28.937008 -29.487179
vt 28.937008 -24.358974
vt 28.937008 -26.923077
vt 28.937008 -21.794872
vt 28.937008 -16.666668
vt 28.937008 -19.230770
vt 28.937008 -14.102564
vt 28.937008 -11.538462
vt 28.937008 -8.974360
vt 28.937008 -6.410256
vt 28.937008 -1.282051
vt 28.937008 -3.846154
vt 28.937008 3.846154
vt 28.937008 1.282051
vt 28.937008 8.974360
vt 28.937008 6.410256
vt 28.937008 11.538462
vt 28.937008 14.102564
vt 28.937008 16.666668
vt 28.937008 19.230770
vt 28.937008 24.358974
vt 28.937008 21.794872
vt 28.937008 29.487179
vt 28.937008 26.923077
vt 28.937008 32.051281
vt 28.937008 34.615383
vt 28.937008 39.743587
vt 28.937008 37.179485
vt 28.937008 42.307693
vt 28.937008 44.871796
vt 28.937008 50.000000
vt 28.937008 47.435898
vt 30.590551 -50.000000
vt 30.590551 -47.435898
vt 30.590551 -42.307693
vt 30.590551 -44.871796
vt 30.590551 -37.179485
vt 30.590551 -39.743587
vt 30.590551 -34.615383
vt 30.590551 -32.051281
vt 30.590551 -29.487179
vt 30.590551 -24.358974
vt 30.590551 -26.923077
vt 30.590551 -21.794872
vt 30.590551 -16.666668
vt 30.590551 -19.230770
vt 30.590551 -14.102564
vt 30.590551 -8.974360
vt 30.590551 -11.538462
vt 30.590551 -6.410256
vt 30.590551 -1.282051
vt 30.590551 -3.846154
vt 30.590551 1.282051
vt 30.590551 6.410256
vt 30.590551 3.846154
vt 30.590551 8.974360
vt 30.590551 14.102564
vt 30.590551 11.538462
vt 30.590551 19.230770
vt 30.590551 16.666668
vt 30.590551 24.358974
vt 30.590551 21.794872
vt 30.590551 26.923077
vt 30.590551 32.051281
vt 30.590551 29.487179
vt 30.590551 34.615383
vt 30.590551 37.179485
vt 30.590551 39.743587
vt 30.590551 42.307693
vt 30.590551 44.871796
vt 30.590551 47.435898
vt 32.244095 -50.000000
vt 32.244095 -47.435898
vt 32.244095 -42.307693
vt 32.244095 -44.871796
vt 32.244095 -39.743587
vt 32.244095 -37.179485
vt 32.244095 -34.615383
vt 32.244095 -32.051281
vt 32.244095 -29.487179
vt 32.244095 -24.358974
vt 32.244095 -26.923077
vt 32.244095 -21.794872
vt 32.244095 -16.666668
vt 32.244095 -19.230770
vt 32.244095 -14.102564
vt 32.244095 -11.538462
vt 32.244095 -6.410256
vt 32.244095 -8.974360
vt 32.244095 -3.846154
vt 32.244095 1.282051
vt 32.244095 -1.282051
vt 32.244095 3.846154
vt 32.244095 6.410256
vt 32.244095 11.538462
vt 32.244095 8.974360
vt 32.244095 14.102564
vt 32.244095 16.666668
vt 32.244095 21.794872
vt 32.244095 19.230770
vt 32.244095 24.358974
vt 32.244095 29.487179
vt 32.244095 26.923077
vt 32.244095 32.051281
vt 32.244095 34.615383
vt 32.244095 37.179485
vt 32.244095 39.743587
vt 32.244095 42.307693
vt 32.244095 47.435898
vt 32.244095 44.871796
vt 30.590551 50.000000
vt 33.897636 -50.000000
vt 33.897636 -47.435898
vt 33.897636 -42.307693
vt 33.897636 -44.871796
vt 33.897636 -39.743587
vt 33.897636 -37.179485
vt 33.897636 -34.615383
vt 33.897636 -32.051281
vt 33.897636 -29.487179
vt 33.897636 -24.358974
vt 33.897636 -26.923077
vt 33.897636 -19.230770
vt 33.897636 -21.794872
vt 33.897636 -14.102564
vt 33.897636 -16.666668
vt 33.897636 -11.538462
vt 33.897636 -8.974360
vt 33.897636 -6.410256
vt 33.897636 -3.846154
vt 33.897636 -1.282051
vt 33.897636 1.282051
vt 33.897636 3.846154
vt 33.897636 6.410256
vt 33.897636 8.974360
vt 33.897636 11.538462
vt 33.897636 14.102564
vt 33.897636 16.666668
vt 33.897636 19.230770
vt 33.897636 21.794872
vt 33.897636 26.923077
vt 33.897636 24.358974
vt 33.897636 32.051281
vt 33.897636 29.487179
vt 33.897636 34.615383
vt 33.897636 37.179485
vt 33.897636 39.743587
vt 33.897636 42.307693
vt 33.897636 44.871796
vt 33.897636 47.435898
vt 32.244095 50.000000
vt 35.551182 -50.000000
vt 35.551182 -47.435898
vt 35.551182 -42.307693
vt 35.551182 -44.871796
vt 35.551182 -39.743587
vt 35.551182 -37.179485
vt 35.551182 -34.615383
vt 35.551182 -32.051281
vt 35.551182 -29.487179
vt 35.551182 -24.358974
vt 35.551182 -26.923077
vt 35.551182 -19.230770
vt 35.551182 -21.794872
vt 35.551182 -16.666668
vt 35.551182 -11.538462
vt 35.551182 -14.102564
vt 35.551182 -8.974360
vt 35.551182 -6.410256
vt 35.551182 -3.846154
vt 35.551182 -1.282051
vt 35.551182 1.282051
vt 35.551182 3.846154
vt 35.551182 6.410256
vt 35.551182 8.974360
vt 35.551182 11.538462
vt 35.551182 14.102564
vt 35.551182 16.666668
vt 35.551182 19.230770
vt 35.551182 21.794872
vt 35.551182 24.358974
vt 35.551182 26.923077
vt 35.551182 29.487179
vt 35.551182 32.051281
vt 35.551182 37.179485
vt 35.551182 34.615383
vt 35.551182 39.743587
vt 35.551182 42.307693
vt 35.551182 44.871796
vt 35.551182 47.435898
vt 33.897636 50.000000
vt 37.204723 -47.435898
vt 37.204723 -50.000000
vt 37.204723 -42.307693
vt 37.204723 -44.871796
vt 37.204723 -39.743587
vt 37.204723 -37.179485
vt 37.204723 -34.615383
vt 37.204723 -32.051281
vt 37.204723 -29.487179
vt 37.204723 -24.358974
vt 37.204723 -26.923077
vt 37.204723 -19.230770
vt 37.204723 -21.794872
vt 37.204723 -16.666668
vt 37.204723 -14.102564
vt 37.204723 -11.538462
vt 37.204723 -8.974360
vt 37.204723 -6.410256
vt 37.204723 -3.846154
vt 37.204723 -1.282051
vt 37.204723 1.282051
vt 37.204723 3.846154
vt 37.204723 6.410256
vt 37.204723 8.974360
vt 37.204723 11.538462
vt 37.204723 14.102564
vt 37.204723 19.230770
vt 37.204723 16.666668
vt 37.204723 21.794872
vt 37.204723 24.358974
vt 37.204723 29.487179
vt 37.204723 26.923077
vt 37.204723 32.051281
vt 37.204723 37.179485
vt 37.204723 34.615383
vt 37.204723 42.307693
vt 37.204723 39.743587
vt 37.204723 44.871796
vt 37.204723 47.435898
vt 35.551182 50.000000
vt 38.858269 -47.435898
vt 38.858269 -50.000000
vt 38.858269 -44.871796
vt 38.858269 -39.743587
vt 38.858269 -42.307693
vt 38.858269 -37.179485
vt 38.858269 -34.615383
vt 38.858269 -32.051281
vt 38.858269 -29.487179
vt 38.858269 -24.358974
vt 38.858269 -26.923077
vt 38.858269 -19.230770
vt 38.858269 -21.794872
vt 38.858269 -16.666668
vt 38.858269 -14.102564
vt 38.858269 -11.538462
vt 38.858269 -8.974360
vt 38.858269 -6.410256
vt 38.858269 -3.846154
vt 38.858269 -1.282051
vt 38.858269 1.282051
vt 38.858269 3.846154
vt 38.858269 6.410256
vt 38.858269 8.974360
vt 38.858269 11.538462
vt 38.858269 14.102564
vt 38.858269 16.666668
vt 38.858269 19.230770
vt 38.858269 21.794872
vt 38.858269 24.358974
vt 38.858269 29.487179
vt 38.858269 26.923077
vt 38.858269 32.051281
vt 38.858269 37.179485
vt 38.858269 34.615383
vt 38.858269 39.743587
vt 38.858269 42.307693
vt 38.858269 44.871796
vt 38.858269 50.000000
vt 38.858269 47.435898
vt 40.511810 -47.435898
vt 40.511810 -50.000000
vt 40.511810 -44.871796
vt 40.511810 -42.307693
vt 40.511810 -39.743587
vt 40.511810 -37.179485
vt 40.511810 -34.615383
vt 40.511810 -32.051281
vt 40.511810 -29.487179
vt 40.511810 -26.923077
vt 40.511810 -24.358974
vt 40.511810 -21.794872
vt 40.511810 -16.666668
vt 40.511810 -19.230770
vt 40.511810 -14.102564
vt 40.511810 -11.538462
vt 40.511810 -8.974360
vt 40.511810 -6.410256
vt 40.511810 -3.846154
vt 40.511810 -1.282051
vt 40.511810 1.282051
vt 40.511810 3.846154
vt 40.511810 6.410256
vt 40.511810 8.974360
vt 40.511810 11.538462
vt 40.511810 14.102564
vt 40.511810 16.666668
vt 40.511810 19.230770
vt 40.511810 21.794872
vt 40.511810 26.923077
vt 40.511810 24.358974
vt 40.511810 29.487179
vt 40.511810 34.615383
vt 40.511810 32.051281
vt 40.511810 37.179485
vt 40.511810 39.743587
vt 40.511810 42.307693
vt 40.511810 44.871796
vt 40.511810 47.435898
vt 40.511810 50.000000
vt 42.165352 -50.000000
vt 42.165352 -44.871796
vt 42.165352 -47.435898
vt 42.165352 -42.307693
vt 42.165352 -37.179485
vt 42.165352 -39.743587
vt 42.165352 -34.615383
vt 42.165352 -32.051281
vt 42.165352 -29.487179
vt 42.165352 -26.923077
vt 42.165352 -21.794872
vt 42.165352 -24.358974
vt 42.165352 -19.230770
vt 42.165352 -16.666668
vt 42.165352 -14.102564
vt 42.165352 -11.538462
vt 42.165352 -8.974360
vt 42.165352 -6.410256
vt 42.165352 -3.846154
vt 42.165352 -1.282051
vt 42.165352 1.282051
vt 42.165352 3.846154
vt 42.165352 6.410256
vt 42.165352 8.974360
vt 42.165352 11.538462
vt 42.165352 14.102564
vt 42.165352 16.666668
vt 42.165352 19.230770
vt 42.165352 21.794872
vt 42.165352 26.923077
vt 42.165352 24.358974
vt 42.165352 29.487179
vt 42.165352 32.051281
vt 42.165352 37.179485
vt 42.165352 34.615383
vt 42.165352 39.743587
vt 42.165352 42.307693
vt 42.165352 44.871796
vt 42.165352 47.435898
vt 42.165352 50.000000
vt 43.818897 -50.000000
vt 43.818897 -47.435898
vt 43.818897 -42.307693
vt 43.818897 -44.871796
vt 43.818897 -37.179485
vt 43.818897 -39.743587
vt 43.818897 -34.615383
vt 43.818897 -32.051281
vt 43.818897 -29.487179
vt 43.818897 -26.923077
vt 43.818897 -24.358974
vt 43.818897 -19.230770
vt 43.818897 -21.794872
vt 43.818897 -16.666668
vt 43.818897 -14.102564
vt 43.818897 -11.538462
vt 43.818897 -8.974360
vt 43.818897 -6.410256
vt 43.818897 -3.846154
vt 43.818897 1.282051
vt 43.818897 -1.282051
vt 43.818897 3.846154
vt 43.818897 6.410256
vt 43.818897 8.974360
vt 43.818897 11.538462
vt 43.818897 14.102564
vt 43.818897 19.230770
vt 43.818897 16.666668
vt 43.818897 21.794872
vt 43.818897 26.923077
vt 43.818897 24.358974
vt 43.818897 29.487179
vt 43.818897 32.051281
vt 43.818897 37.179485
vt 43.818897 34.615383
vt 43.818897 39.743587
vt 43.818897 42.307693
vt 43.818897 44.871796
vt 43.818897 47.435898
vt 43.818897 50.000000
vt 45.472439 -50.000000
vt 45.472439 -47.435898
vt 45.472439 -44.871796
vt 45.472439 -42.307693
vt 45.472439 -37.179485
vt 45.472439 -39.743587
vt 45.472439 -32.051281
vt 45.472439 -34.615383
vt 45.472439 -29.487179
vt 45.472439 -26.923077
vt 45.472439 -24.358974
vt 45.472439 -21.794872
vt 45.472439 -16.666668
vt 45.472439 -19.230770
vt 45.472439 -11.538462
vt 45.472439 -14.102564
vt 45.472439 -8.974360
vt 45.472439 -6.410256
vt 45.472439 -1.282051
vt 45.472439 -3.846154
vt 45.472439 1.282051
vt 45.472439 3.846154
vt 45.472439 6.410256
vt 45.472439 8.974360
vt 45.472439 11.538462
vt 45.472439 14.102564
vt 45.472439 16.666668
vt 45.472439 19.230770
vt 45.472439 24.358974
vt 45.472439 21.794872
vt 45.472439 26.923077
vt 45.472439 29.487179
vt 45.472439 32.051281
vt 45.472439 34.615383
vt 45.472439 39.743587
vt 45.472439 37.179485
vt 45.472439 44.871796
vt 45.472439 42.307693
vt 45.472439 47.435898
vt 45.472439 50.000000
vt 47.125984 -50.000000
vt 47.125984 -44.871796
vt 47.125984 -47.435898
vt 47.125984 -42.307693
vt 47.125984 -37.179485
vt 47.125984 -39.743587
vt 47.125984 -32.051281
vt 47.125984 -34.615383
vt 47.125984 -29.487179
vt 47.125984 -26.923077
vt 47.125984 -24.358974
vt 47.125984 -21.794872
vt 47.125984 -16.666668
vt 47.125984 -19.230770
vt 47.125984 -14.102564
vt 47.125984 -11.538462
vt 47.125984 -8.974360
vt 47.125984 -6.410256
vt 47.125984 -3.846154
vt 47.125984 1.282051
vt 47.125984 -1.282051
vt 47.125984 3.846154
vt 47.125984 6.410256
vt 47.125984 8.974360
vt 47.125984 14.102564
vt 47.125984 11.538462
vt 47.125984 16.666668
vt 47.125984 19.230770
vt 47.125984 24.358974
vt 47.125984 21.794872
vt 47.125984 26.923077
vt 47.125984 29.487179
vt 47.125984 32.051281
vt 47.125984 34.615383
vt 47.125984 37.179485
vt 47.125984 39.743587
vt 47.125984 44.871796
vt 47.125984 42.307693
vt 47.125984 47.435898
vt 47.125984 50.000000
vt 48.779530 -50.000000
vt 48.779530 -47.435898
vt 48.779530 -44.871796
vt 48.779530 -42.307693
vt 48.779530 -37.179485
vt 48.779530 -39.743587
vt 48.779530 -34.615383
vt 48.779530 -32.051281
vt 48.779530 -29.487179
vt 48.779530 -26.923077
vt 48.779530 -24.358974
vt 48.779530 -19.230770
vt 48.779530 -21.794872
vt 48.779530 -16.666668
vt 48.779530 -14.102564
vt 48.779530 -11.538462
vt 48.779530 -8.974360
vt 48.779530 -6.410256
vt 48.779530 -3.846154
vt 48.779530 -1.282051
vt 48.779530 3.846154
vt 48.779530 1.282051
vt 48.779530 6.410256
vt 48.779530 8.974360
vt 48.779530 11.538462
vt 48.779530 14.102564
vt 48.779530 16.666668
vt 48.779530 19.230770
vt 48.779530 21.794872
vt 48.779530 24.358974
vt 48.779530 26.923077
vt 48.779530 29.487179
vt 48.779530 32.051281
vt 48.779530 34.615383
vt 48.779530 37.179485
vt 48.779530 39.743587
vt 48.779530 42.307693
vt 48.779530 47.435898
vt 48.779530 44.871796
vt 48.779530 50.000000
vt 50.433071 -47.435898
vt 50.433071 -50.000000
vt 50.433071 -44.871796
vt 50.433071 -39.743587
vt 50.433071 -42.307693
vt 50.433071 -37.179485
vt 50.433071 -34.615383
vt 50.433071 -32.051281
vt 50.433071 -29.487179
vt 50.433071 -26.923077
vt 50.433071 -24.358974
vt 50.433071 -19.230770
vt 50.433071 -21.794872
vt 50.433071 -16.666668
vt 50.433071 -14.102564
vt 50.433071 -11.538462
vt 50.433071 -8.974360
vt 50.433071 -6.410256
vt 50.433071 -3.846154
vt 50.433071 -1.282051
vt 50.433071 3.846154
vt 50.433071 1.282051
vt 50.433071 6.410256
vt 50.433071 8.974360
vt 50.433071 14.102564
vt 50.433071 11.538462
vt 50.433071 16.666668
vt 50.433071 19.230770
vt 50.433071 21.794872
vt 50.433071 26.923077
vt 50.433071 24.358974
vt 50.433071 29.487179
vt 50.433071 32.051281
vt 50.433071 34.615383
vt 50.433071 37.179485
vt 50.433071 39.743587
vt 50.433071 42.307693
vt 50.433071 47.435898
vt 50.433071 44.871796
vt 50.433071 50.000000
vt 52.086617 -47.435898
vt 52.086617 -50.000000
vt 52.086617 -44.871796
vt 52.086617 -42.307693
vt 52.086617 -39.743587
vt 52.086617 -34.615383
vt 52.086617 -37.179485
vt 52.086617 -32.051281
vt 52.086617 -26.923077
vt 52.086617 -29.487179
vt 52.086617 -24.358974
vt 52.086617 -19.230770
vt 52.086617 -21.794872
vt 52.086617 -16.666668
vt 52.086617 -14.102564
vt 52.086617 -11.538462
vt 52.086617 -8.974360
vt 52.086617 -6.410256
vt 52.086617 -3.846154
vt 52.086617 -1.282051
vt 52.086617 3.846154
vt 52.086617 1.282051
vt 52.086617 6.410256
vt 52.086617 8.974360
vt 52.086617 14.102564
vt 52.086617 11.538462
vt 52.086617 16.666668
vt 52.086617 19.230770
vt 52.086617 21.794872
vt 52.086617 24.358974
vt 52.086617 26.923077
vt 52.086617 29.487179
vt 52.086617 32.051281
vt 52.086617 34.615383
vt 52.086617 37.179485
vt 52.086617 39.743587
vt 52.086617 42.307693
vt 52.086617 44.871796
vt 52.086617 47.435898
vt 53.740154 -50.000000
vt 53.740154 -44.871796
vt 53.740154 -47.435898
vt 53.740154 -42.307693
vt 53.740154 -39.743587
vt 53.740154 -37.179485
vt 53.740154 -32.051281
vt 53.740154 -34.615383
vt 53.740154 -29.487179
vt 53.740154 -26.923077
vt 53.740154 -24.358974
vt 53.740154 -21.794872
vt 53.740154 -19.230770
vt 53.740154 -16.666668
vt 53.740154 -14.102564
vt 53.740154 -11.538462
vt 53.740154 -8.974360
vt 53.740154 -6.410256
vt 53.740154 -3.846154
vt 53.740154 -1.282051
vt 53.740154 3.846154
vt 53.740154 1.282051
vt 53.740154 6.410256
vt 53.740154 8.974360
vt 53.740154 14.102564
vt 53.740154 11.538462
vt 53.740154 16.666668
vt 53.740154 19.230770
vt 53.740154 21.794872
vt 53.740154 24.358974
vt 53.740154 26.923077
vt 53.740154 29.487179
vt 53.740154 32.051281
vt 53.740154 34.615383
vt 53.740154 37.179485
vt 53.740154 39.743587
vt 53.740154 42.307693
vt 53.740154 44.871796
vt 53.740154 47.435898
vt 52.086617 50.000000
vt 55.393700 -50.000000
vt 55.393700 -47.435898
vt 55.393700 -44.871796
vt 55.393700 -42.307693
vt 55.393700 -39.743587
vt 55.393700 -37.179485
vt 55.393700 -32.051281
vt 55.393700 -34.615383
vt 55.393700 -29.487179
vt 55.393700 -26.923077
vt 55.393700 -24.358974
vt 55.393700 -19.230770
vt 55.393700 -21.794872
vt 55.393700 -16.666668
vt 55.393700 -14.102564
vt 55.393700 -11.538462
vt 55.393700 -8.974360
vt 55.393700 -6.410256
vt 55.393700 -3.846154
vt 55.393700 -1.282051
vt 55.393700 1.282051
vt 55.393700 3.846154
vt 55.393700 6.410256
vt 55.393700 11.538462
vt 55.393700 8.974360
vt 55.393700 14.102564
vt 55.393700 16.666668
vt 55.393700 19.230770
vt 55.393700 21.794872
vt 55.393700 24.358974
vt 55.393700 26.923077
vt 55.393700 29.487179
vt 55.393700 32.051281
vt 55.393700 34.615383
vt 55.393700 37.179485
vt 55.393700 39.743587
vt 55.393700 42.307693
vt 55.393700 44.871796
vt 55.393700 47.435898
vt 53.740154 50.000000
vt 57.047241 -47.435898
vt 57.047241 -50.000000
vt 57.047241 -44.871796
vt 57.047241 -42.307693
vt 57.047241 -39.743587
vt 57.047241 -37.179485
vt 57.047241 -34.615383
vt 57.047241 -32.051281
vt 57.047241 -26.923077
vt 57.047241 -29.487179
vt 57.047241 -21.794872
vt 57.047241 -24.358974
vt 57.047241 -16.666668
vt 57.047241 -19.230770
vt 57.047241 -14.102564
vt 57.047241 -11.538462
vt 57.047241 -8.974360
vt 57.047241 -6.410256
vt 57.047241 -3.846154
vt 57.047241 -1.282051
vt 57.047241 1.282051
vt 57.047241 3.846154
vt 57.047241 6.410256
vt 57.047241 8.974360
vt 57.047241 14.102564
vt 57.047241 11.538462
vt 57.047241 16.666668
vt 57.047241 19.230770
vt 57.047241 21.794872
vt 57.047241 24.358974
vt 57.047241 26.923077
vt 57.047241 29.487179
vt 57.047241 32.051281
vt 57.047241 34.615383
vt 57.047241 37.179485
vt 57.047241 39.743587
vt 57.047241 42.307693
vt 57.047241 44.871796
vt 57.047241 47.435898
vt 55.393700 50.000000
vt 58.700787 -50.000000
vt 58.700787 -47.435898
vt 58.700787 -44.871796
vt 58.700787 -42.307693
vt 58.700787 -39.743587
vt 58.700787 -37.179485
vt 58.700787 -34.615383
vt 58.700787 -32.051281
vt 58.700787 -29.487179
vt 58.700787 -24.358974
vt 58.700787 -26.923077
vt 58.700787 -21.794872
vt 58.700787 -16.666668
vt 58.700787 -19.230770
vt 58.700787 -14.102564
vt 58.700787 -11.538462
vt 58.700787 -8.974360
vt 58.700787 -6.410256
vt 58.700787 -3.846154
vt 58.700787 -1.282051
vt 58.700787 1.282051
vt 58.700787 3.846154
vt 58.700787 6.410256
vt 58.700787 8.974360
vt 58.700787 11.538462
vt 58.700787 14.102564
vt 58.700787 16.666668
vt 58.700787 19.230770
vt 58.700787 21.794872
vt 58.700787 24.358974
vt 58.700787 26.923077
vt 58.700787 29.487179
vt 58.700787 32.051281
vt 58.700787 34.615383
vt 58.700787 37.179485
vt 58.700787 39.743587
vt 58.700787 42.307693
vt 58.700787 44.871796
vt 58.700787 47.435898
vt 57.047241 50.000000
vt 60.354332 -50.000000
vt 60.354332 -47.435898
vt 60.354332 -44.871796
vt 60.354332 -39.743587
vt 60.354332 -42.307693
vt 60.354332 -37.179485
vt 60.354332 -34.615383
vt 60.354332 -32.051281
vt 60.354332 -29.487179
vt 60.354332 -26.923077
vt 60.354332 -24.358974
vt 60.354332 -21.794872
vt 60.354332 -19.230770
vt 60.354332 -14.102564
vt 60.354332 -16.666668
vt 60.354332 -11.538462
vt 60.354332 -8.974360
vt 60.354332 -6.410256
vt 60.354332 -3.846154
vt 60.354332 -1.282051
vt 60.354332 1.282051
vt 60.354332 3.846154
vt 60.354332 6.410256
vt 60.354332 8.974360
vt 60.354332 11.538462
vt 60.354332 14.102564
vt 60.354332 16.666668
vt 60.354332 19.230770
vt 60.354332 21.794872
vt 60.354332 24.358974
vt 60.354332 26.923077
vt 60.354332 29.487179
vt 60.354332 32.051281
vt 60.354332 34.615383
vt 60.354332 37.179485
vt 60.354332 39.743587
vt 60.354332 42.307693
vt 60.354332 44.871796
vt 60.354332 47.435898
vt 58.700787 50.000000
vt 62.007874 -50.000000
vt 62.007874 -44.871796
vt 62.007874 -47.435898
vt 62.007874 -42.307693
vt 62.007874 -37.179485
vt 62.007874 -39.743587
vt 62.007874 -34.615383
vt 62.007874 -32.051281
vt 62.007874 -29.487179
vt 62.007874 -26.923077
vt 62.007874 -24.358974
vt 62.007874 -21.794872
vt 62.007874 -19.230770
vt 62.007874 -16.666668
vt 62.007874 -11.538462
vt 62.007874 -14.102564
vt 62.007874 -8.974360
vt 62.007874 -6.410256
vt 62.007874 -3.846154
vt 62.007874 -1.282051
vt 62.007874 1.282051
vt 62.007874 3.846154
vt 62.007874 6.410256
vt 62.007874 8.974360
vt 62.007874 11.538462
vt 62.007874 14.102564
vt 62.007874 16.666668
vt 62.007874 19.230770
vt 62.007874 21.794872
vt 62.007874 24.358974
vt 62.007874 26.923077
vt 62.007874 29.487179
vt 62.007874 32.051281
vt 62.007874 34.615383
vt 62.007874 37.179485
vt 62.007874 39.743587
vt 62.007874 42.307693
vt 62.007874 44.871796
vt 62.007874 47.435898
vt 60.354332 50.000000
vt 63.661419 -50.000000
vt 63.661419 -44.871796
vt 63.661419 -47.435898
vt 63.661419 -42.307693
vt 63.661419 -37.179485
vt 63.661419 -39.743587
vt 63.661419 -34.615383
vt 63.661419 -32.051281
vt 63.661419 -26.923077
vt 63.661419 -29.487179
vt 63.661419 -24.358974
vt 63.661419 -21.794872
vt 63.661419 -19.230770
vt 63.661419 -16.666668
vt 63.661419 -14.102564
vt 63.661419 -8.974360
vt 63.661419 -11.538462
vt 63.661419 -6.410256
vt 63.661419 -3.846154
vt 63.661419 -1.282051
vt 63.661419 1.282051
vt 63.661419 3.846154
vt 63.661419 6.410256
vt 63.661419 8.974360
vt 63.661419 11.538462
vt 63.661419 14.102564
vt 63.661419 16.666668
vt 63.661419 19.230770
vt 63.661419 21.794872
vt 63.661419 24.358974
vt 63.661419 26.923077
vt 63.661419 29.487179
vt 63.661419 32.051281
vt 63.661419 34.615383
vt 63.661419 37.179485
vt 63.661419 39.743587
vt 63.661419 42.307693
vt 63.661419 44.871796
vt 63.661419 47.435898
vt 62.007874 50.000000
vt 65.314957 -50.000000
vt 65.314957 -44.871796
vt 65.314957 -47.435898
vt 65.314957 -42.307693
vt 65.314957 -37.179485
vt 65.314957 -39.743587
vt 65.314957 -34.615383
vt 65.314957 -32.051281
vt 65.314957 -29.487179
vt 65.314957 -26.923077
vt 65.314957 -21.794872
vt 65.314957 -24.358974
vt 65.314957 -16.666668
vt 65.314957 -19.230770
vt 65.314957 -14.102564
vt 65.314957 -11.538462
vt 65.314957 -8.974360
vt 65.314957 -6.410256
vt 65.314957 -3.846154
vt 65.314957 -1.282051
vt 65.314957 1.282051
vt 65.314957 3.846154
vt 65.314957 6.410256
vt 65.314957 8.974360
vt 65.314957 11.538462
vt 65.314957 14.102564
vt 65.314957 16.666668
vt 65.314957 19.230770
vt 65.314957 21.794872
vt 65.314957 24.358974
vt 65.314957 26.923077
vt 65.314957 29.487179
vt 65.314957 32.051281
vt 65.314957 34.615383
vt 65.314957 37.179485
vt 65.314957 39.743587
vt 65.314957 42.307693
vt 65.314957 44.871796
vt 65.314957 47.435898
vt 63.661419 50.000000
vt 66.968506 -47.435898
vt 66.968506 -50.000000
vt 66.968506 -44.871796
vt 66.968506 -39.743587
vt 66.968506 -42.307693
vt 66.968506 -37.179485
vt 66.968506 -34.615383
vt 66.968506 -29.487179
vt 66.968506 -32.051281
vt 66.968506 -26.923077
vt 66.968506 -24.358974
vt 66.968506 -21.794872
vt 66.968506 -16.666668
vt 66.968506 -19.230770
vt 66.968506 -14.102564
vt 66.968506 -8.974360
vt 66.968506 -11.538462
vt 66.968506 -6.410256
vt 66.968506 -3.846154
vt 66.968506 -1.282051
vt 66.968506 1.282051
vt 66.968506 3.846154
vt 66.968506 6.410256
vt 66.968506 8.974360
vt 66.968506 11.538462
vt 66.968506 14.102564
vt 66.968506 16.666668
vt 66.968506 19.230770
vt 66.968506 21.794872
vt 66.968506 24.358974
vt 66.968506 26.923077
vt 66.968506 29.487179
vt 66.968506 32.051281
vt 66.968506 34.615383
vt 66.968506 37.179485
vt 66.968506 39.743587
vt 66.968506 42.307693
vt 66.968506 44.871796
vt 66.968506 47.435898
vt 65.314957 50.000000
vt 68.622047 -47.435898
vt 68.622047 -50.000000
vt 68.622047 -44.871796
vt 68.622047 -39.743587
vt 68.622047 -42.307693
vt 68.622047 -37.179485
vt 68.622047 -34.615383
vt 68.622047 -29.487179
vt 68.622047 -32.051281
vt 68.622047 -26.923077
vt 68.622047 -24.358974
vt 68.622047 -21.794872
vt 68.622047 -19.230770
vt 68.622047 -14.102564
vt 68.622047 -16.666668
vt 68.622047 -11.538462
vt 68.622047 -8.974360
vt 68.622047 -6.410256
vt 68.622047 -3.846154
vt 68.622047 -1.282051
vt 68.622047 1.282051
vt 68.622047 3.846154
vt 68.622047 6.410256
vt 68.622047 8.974360
vt 68.622047 11.538462
vt 68.622047 14.102564
vt 68.622047 16.666668
vt 68.622047 19.230770
vt 68.622047 21.794872
vt 68.622047 24.358974
vt 68.622047 26.923077
vt 68.622047 29.487179
vt 68.622047 32.051281
vt 68.622047 34.615383
vt 68.622047 37.179485
vt 68.622047 39.743587
vt 68.622047 42.307693
vt 68.622047 44.871796
vt 68.622047 47.435898
vt 66.968506 50.000000
vt 70.275589 -50.000000
vt 70.275589 -47.435898
vt 70.275589 -44.871796
vt 70.275589 -39.743587
vt 70.275589 -42.307693
vt 70.275589 -37.179485
vt 70.275589 -32.051281
vt 70.275589 -34.615383
vt 70.275589 -29.487179
vt 70.275589 -26.923077
vt 70.275589 -21.794872
vt 70.275589 -24.358974
vt 70.275589 -19.230770
vt 70.275589 -16.666668
vt 70.275589 -14.102564
vt 70.275589 -11.538462
vt 70.275589 -8.974360
vt 70.275589 -3.846154
vt 70.275589 -6.410256
vt 70.275589 -1.282051
vt 70.275589 1.282051
vt 70.275589 3.846154
vt 70.275589 6.410256
vt 70.275589 8.974360
vt 70.275589 14.102564
vt 70.275589 11.538462
vt 70.275589 16.666668
vt 70.275589 19.230770
vt 70.275589 21.794872
vt 70.275589 24.358974
vt 70.275589 26.923077
vt 70.275589 29.487179
vt 70.275589 32.051281
vt 70.275589 34.615383
vt 70.275589 37.179485
vt 70.275589 39.743587
vt 70.275589 42.307693
vt 70.275589 44.871796
vt 70.275589 47.435898
vt 68.622047 50.000000
vt 71.929131 -50.000000
vt 71.929131 -44.871796
vt 71.929131 -47.435898
vt 71.929131 -39.743587
vt 71.929131 -42.307693
vt 71.929131 -37.179485
vt 71.929131 -32.051281
vt 71.929131 -34.615383
vt 71.929131 -29.487179
vt 71.929131 -26.923077
vt 71.929131 -24.358974
vt 71.929131 -19.230770
vt 71.929131 -21.794872
vt 71.929131 -16.666668
vt 71.929131 -14.102564
vt 71.929131 -11.538462
vt 71.929131 -8.974360
vt 71.929131 -3.846154
vt 71.929131 -6.410256
vt 71.929131 -1.282051
vt 71.929131 1.282051
vt 71.929131 3.846154
vt 71.929131 6.410256
vt 71.929131 8.974360
vt 71.929131 11.538462
vt 71.929131 14.102564
vt 71.929131 16.666668
vt 71.929131 19.230770
vt 71.929131 21.794872
vt 71.929131 24.358974
vt 71.929131 26.923077
vt 71.929131 29.487179
vt 71.929131 32.051281
vt 71.929131 37.179485
vt 71.929131 34.615383
vt 71.929131 39.743587
vt 71.929131 42.307693
vt 71.929131 44.871796
vt 71.929131 47.435898
vt 70.275589 50.000000
vt 73.582680 -50.000000
vt 73.582680 -44.871796
vt 73.582680 -47.435898
vt 73.582680 -42.307693
vt 73.582680 -39.743587
vt 73.582680 -37.179485
vt 73.582680 -32.051281
vt 73.582680 -34.615383
vt 73.582680 -29.487179
vt 73.582680 -26.923077
vt 73.582680 -24.358974
vt 73.582680 -21.794872
vt 73.582680 -19.230770
vt 73.582680 -16.666668
vt 73.582680 -14.102564
vt 73.582680 -11.538462
vt 73.582680 -8.974360
vt 73.582680 -6.410256
vt 73.582680 -3.846154
vt 73.582680 -1.282051
vt 73.582680 1.282051
vt 73.582680 3.846154
vt 73.582680 6.410256
vt 73.582680 8.974360
vt 73.582680 11.538462
vt 73.582680 14.102564
vt 73.582680 16.666668
vt 73.582680 19.230770
vt 73.582680 21.794872
vt 73.582680 24.358974
vt 73.582680 26.923077
vt 73.582680 29.487179
vt 73.582680 32.051281
vt 73.582680 37.179485
vt 73.582680 34.615383
vt 73.582680 39.743587
vt 73.582680 42.307693
vt 73.582680 44.871796
vt 73.582680 47.435898
vt 71.929131 50.000000
vt 75.236221 -50.000000
vt 75.236221 -44.871796
vt 75.236221 -47.435898
vt 75.236221 -42.307693
vt 75.236221 -39.743587
vt 75.236221 -37.179485
vt 75.236221 -34.615383
vt 75.236221 -32.051281
vt 75.236221 -29.487179
vt 75.236221 -26.923077
vt 75.236221 -24.358974
vt 75.236221 -21.794872
vt 75.236221 -19.230770
vt 75.236221 -16.666668
vt 75.236221 -14.102564
vt 75.236221 -11.538462
vt 75.236221 -8.974360
vt 75.236221 -6.410256
vt 75.236221 -1.282051
vt 75.236221 -3.846154
vt 75.236221 1.282051
vt 75.236221 3.846154
vt 75.236221 6.410256
vt 75.236221 8.974360
vt 75.236221 11.538462
vt 75.236221 14.102564
vt 75.236221 16.666668
vt 75.236221 19.230770
vt 75.236221 21.794872
vt 75.236221 24.358974
vt 75.236221 26.923077
vt 75.236221 29.487179
vt 75.236221 34.615383
vt 75.236221 32.051281
vt 75.236221 37.179485
vt 75.236221 39.743587
vt 75.236221 42.307693
vt 75.236221 44.871796
vt 75.236221 47.435898
vt 73.582680 50.000000
vt 76.889763 -47.435898
vt 76.889763 -50.000000
vt 76.889763 -44.871796
vt 76.889763 -39.743587
vt 76.889763 -42.307693
vt 76.889763 -37.179485
vt 76.889763 -34.615383
vt 76.889763 -32.051281
vt 76.889763 -29.487179
vt 76.889763 -26.923077
vt 76.889763 -24.358974
vt 76.889763 -19.230770
vt 76.889763 -21.794872
vt 76.889763 -16.666668
vt 76.889763 -14.102564
vt 76.889763 -11.538462
vt 76.889763 -8.974360
vt 76.889763 -6.410256
vt 76.889763 -3.846154
vt 76.889763 1.282051
vt 76.889763 -1.282051
vt 76.889763 3.846154
vt 76.889763 6.410256
vt 76.889763 8.974360
vt 76.889763 11.538462
vt 76.889763 14.102564
vt 76.889763 16.666668
vt 76.889763 19.230770
vt 76.889763 21.794872
vt 76.889763 24.358974
vt 76.889763 26.923077
vt 76.889763 29.487179
vt 76.889763 34.615383
vt 76.889763 32.051281
vt 76.889763 37.179485
vt 76.889763 39.743587
vt 76.889763 42.307693
vt 76.889763 44.871796
vt 76.889763 47.435898
vt 75.236221 50.000000
vt 78.543304 -47.435898
vt 78.543304 -50.000000
vt 78.543304 -44.871796
vt 78.543304 -39.743587
vt 78.543304 -42.307693
vt 78.543304 -37.179485
vt 78.543304 -34.615383
vt 78.543304 -32.051281
vt 78.543304 -29.487179
vt 78.543304 -26.923077
vt 78.543304 -21.794872
vt 78.543304 -24.358974
vt 78.543304 -19.230770
vt 78.543304 -16.666668
vt 78.543304 -14.102564
vt 78.543304 -11.538462
vt 78.543304 -8.974360
vt 78.543304 -6.410256
vt 78.543304 -3.846154
vt 78.543304 1.282051
vt 78.543304 -1.282051
vt 78.543304 3.846154
vt 78.543304 6.410256
vt 78.543304 8.974360
vt 78.543304 11.538462
vt 78.543304 14.102564
vt 78.543304 16.666668
vt 78.543304 19.230770
vt 78.543304 21.794872
vt 78.543304 24.358974
vt 78.543304 26.923077
vt 78.543304 29.487179
vt 78.543304 32.051281
vt 78.543304 34.615383
vt 78.543304 39.743587
vt 78.543304 37.179485
vt 78.543304 42.307693
vt 78.543304 44.871796
vt 78.543304 47.435898
vt 76.889763 50.000000
vt 80.196854 -47.435898
vt 80.196854 -50.000000
vt 80.196854 -44.871796
vt 80.196854 -42.307693
vt 80.196854 -39.743587
vt 80.196854 -37.179485
vt 80.196854 -34.615383
vt 80.196854 -32.051281
vt 80.196854 -26.923077
vt 80.196854 -29.487179
vt 80.196854 -24.358974
vt 80.196854 -21.794872
vt 80.196854 -19.230770
vt 80.196854 -16.666668
vt 80.196854 -14.102564
vt 80.196854 -11.538462
vt 80.196854 -8.974360
vt 80.196854 -6.410256
vt 80.196854 -3.846154
vt 80.196854 1.282051
vt 80.196854 -1.282051
vt 80.196854 3.846154
vt 80.196854 6.410256
vt 80.196854 8.974360
vt 80.196854 11.538462
vt 80.196854 14.102564
vt 80.196854 16.666668
vt 80.196854 19.230770
vt 80.196854 21.794872
vt 80.196854 24.358974
vt 80.196854 26.923077
vt 80.196854 29.487179
vt 80.196854 32.051281
vt 80.196854 34.615383
vt 80.196854 37.179485
vt 80.196854 42.307693
vt 80.196854 39.743587
vt 80.196854 44.871796
vt 80.196854 47.435898
vt 78.543304 50.000000
vt 81.850395 -50.000000
vt 81.850395 -44.871796
vt 81.850395 -47.435898
vt 81.850395 -42.307693
vt 81.850395 -39.743587
vt 81.850395 -37.179485
vt 81.850395 -34.615383
vt 81.850395 -29.487179
vt 81.850395 -32.051281
vt 81.850395 -26.923077
vt 81.850395 -24.358974
vt 81.850395 -19.230770
vt 81.850395 -21.794872
vt 81.850395 -16.666668
vt 81.850395 -14.102564
vt 81.850395 -11.538462
vt 81.850395 -8.974360
vt 81.850395 -6.410256
vt 81.850395 -3.846154
vt 81.850395 1.282051
vt 81.850395 -1.282051
vt 81.850395 3.846154
vt 81.850395 6.410256
vt 81.850395 8.974360
vt 81.850395 11.538462
vt 81.850395 14.102564
vt 81.850395 16.666668
vt 81.850395 19.230770
vt 81.850395 21.794872
vt 81.850395 24.358974
vt 81.850395 26.923077
vt 81.850395 29.487179
vt 81.850395 32.051281
vt 81.850395 34.615383
vt 81.850395 37.179485
vt 81.850395 42.307693
vt 81.850395 39.743587
vt 81.850395 44.871796
vt 81.850395 47.435898
vt 80.196854 50.000000
vt 83.503937 -50.000000
vt 83.503937 -44.871796
vt 83.503937 -47.435898
vt 83.503937 -42.307693
vt 83.503937 -39.743587
vt 83.503937 -37.179485
vt 83.503937 -32.051281
vt 83.503937 -34.615383
vt 83.503937 -29.487179
vt 83.503937 -26.923077
vt 83.503937 -21.794872
vt 83.503937 -24.358974
vt 83.503937 -19.230770
vt 83.503937 -16.666668
vt 83.503937 -14.102564
vt 83.503937 -11.538462
vt 83.503937 -8.974360
vt 83.503937 -3.846154
vt 83.503937 -6.410256
vt 83.503937 -1.282051
vt 83.503937 1.282051
vt 83.503937 3.846154
vt 83.503937 6.410256
vt 83.503937 8.974360
vt 83.503937 11.538462
vt 83.503937 14.102564
vt 83.503937 16.666668
vt 83.503937 19.230770
vt 83.503937 21.794872
vt 83.503937 24.358974
vt 83.503937 26.923077
vt 83.503937 29.487179
vt 83.503937 32.051281
vt 83.503937 34.615383
vt 83.503937 37.179485
vt 83.503937 42.307693
vt 83.503937 39.743587
vt 83.503937 44.871796
vt 83.503937 47.435898
vt 81.850395 50.000000
vt 85.157486 -47.435898
vt 85.157486 -50.000000
vt 85.157486 -44.871796
vt 85.157486 -42.307693
vt 85.157486 -39.743587
vt 85.157486 -37.179485
vt 85.157486 -32.051281
vt 85.157486 -34.615383
vt 85.157486 -29.487179
vt 85.157486 -26.923077
vt 85.157486 -24.358974
vt 85.157486 -21.794872
vt 85.157486 -19.230770
vt 85.157486 -16.666668
vt 85.157486 -14.102564
vt 85.157486 -11.538462
vt 85.157486 -8.974360
vt 85.157486 -6.410256
vt 85.157486 -3.846154
vt 85.157486 -1.282051
vt 85.157486 1.282051
vt 85.157486 3.846154
vt 85.157486 6.410256
vt 85.157486 8.974360
vt 85.157486 11.538462
vt 85.157486 14.102564
vt 85.157486 16.666668
vt 85.157486 19.230770
vt 85.157486 21.794872
vt 85.157486 24.358974
vt 85.157486 26.923077
vt 85.157486 29.487179
vt 85.157486 32.051281
vt 85.157486 34.615383
vt 85.157486 37.179485
vt 85.157486 42.307693
vt 85.157486 39.743587
vt 85.157486 44.871796
vt 85.157486 47.435898
vt 83.503937 50.000000
vt 86.811020 -50.000000
vt 86.811020 -47.435898
vt 86.811020 -44.871796
vt 86.811020 -42.307693
vt 86.811020 -37.179485
vt 86.811020 -39.743587
vt 86.811020 -32.051281
vt 86.811020 -34.615383
vt 86.811020 -29.487179
vt 86.811020 -26.923077
vt 86.811020 -24.358974
vt 86.811020 -21.794872
vt 86.811020 -19.230770
vt 86.811020 -16.666668
vt 86.811020 -14.102564
vt 86.811020 -11.538462
vt 86.811020 -8.974360
vt 86.811020 -6.410256
vt 86.811020 -3.846154
vt 86.811020 -1.282051
vt 86.811020 1.282051
vt 86.811020 3.846154
vt 86.811020 6.410256
vt 86.811020 11.538462
vt 86.811020 8.974360
vt 86.811020 14.102564
vt 86.811020 16.666668
vt 86.811020 19.230770
vt 86.811020 21.794872
vt 86.811020 24.358974
vt 86.811020 26.923077
vt 86.811020 29.487179
vt 86.811020 32.051281
vt 86.811020 34.615383
vt 86.811020 39.743587
vt 86.811020 37.179485
vt 86.811020 42.307693
vt 86.811020 44.871796
vt 86.811020 47.435898
vt 85.157486 50.000000
vt 88.464569 -50.000000
vt 88.464569 -47.435898
vt 88.464569 -44.871796
vt 88.464569 -42.307693
vt 88.464569 -37.179485
vt 88.464569 -39.743587
vt 88.464569 -34.615383
vt 88.464569 -32.051281
vt 88.464569 -29.487179
vt 88.464569 -26.923077
vt 88.464569 -24.358974
vt 88.464569 -21.794872
vt 88.464569 -19.230770
vt 88.464569 -16.666668
vt 88.464569 -14.102564
vt 88.464569 -11.538462
vt 88.464569 -8.974360
vt 88.464569 -6.410256
vt 88.464569 -3.846154
vt 88.464569 -1.282051
vt 88.464569 1.282051
vt 88.464569 3.846154
vt 88.464569 6.410256
vt 88.464569 11.538462
vt 88.464569 8.974360
vt 88.464569 14.102564
vt 88.464569 16.666668
vt 88.464569 19.230770
vt 88.464569 21.794872
vt 88.464569 24.358974
vt 88.464569 26.923077
vt 88.464569 29.487179
vt 88.464569 32.051281
vt 88.464569 34.615383
vt 88.464569 39.743587
vt 88.464569 37.179485
vt 88.464569 42.307693
vt 88.464569 44.871796
vt 88.464569 47.435898
vt 86.811020 50.000000
vt 90.118111 -50.000000
vt 90.118111 -47.435898
vt 90.118111 -44.871796
vt 90.118111 -39.743587
vt 90.118111 -42.307693
vt 90.118111 -37.179485
vt 90.118111 -34.615383
vt 90.118111 -32.051281
vt 90.118111 -29.487179
vt 90.118111 -26.923077
vt 90.118111 -24.358974
vt 90.118111 -21.794872
vt 90.118111 -19.230770
vt 90.118111 -14.102564
vt 90.118111 -16.666668
vt 90.118111 -11.538462
vt 90.118111 -8.974360
vt 90.118111 -6.410256
vt 90.118111 -3.846154
vt 90.118111 -1.282051
vt 90.118111 1.282051
vt 90.118111 3.846154
vt 90.118111 6.410256
vt 90.118111 11.538462
vt 90.118111 8.974360
vt 90.118111 14.102564
vt 90.118111 16.666668
vt 90.118111 19.230770
vt 90.118111 21.794872
vt 90.118111 24.358974
vt 90.118111 26.923077
vt 90.118111 29.487179
vt 90.118111 32.051281
vt 90.118111 34.615383
vt 90.118111 37.179485
vt 90.118111 39.743587
vt 90.118111 42.307693
vt 90.118111 44.871796
vt 90.118111 47.435898
vt 88.464569 50.000000
vt 91.771652 -50.000000
vt 91.771652 -47.435898
vt 91.771652 -44.871796
vt 91.771652 -39.743587
vt 91.771652 -42.307693
vt 91.771652 -37.179485
vt 91.771652 -34.615383
vt 91.771652 -32.051281
vt 91.771652 -29.487179
vt 91.771652 -26.923077
vt 91.771652 -24.358974
vt 91.771652 -21.794872
vt 91.771652 -19.230770
vt 91.771652 -14.102564
vt 91.771652 -16.666668
vt 91.771652 -11.538462
vt 91.771652 -8.974360
vt 91.771652 -6.410256
vt 91.771652 -3.846154
vt 91.771652 -1.282051
vt 91.771652 1.282051
vt 91.771652 3.846154
vt 91.771652 8.974360
vt 91.771652 6.410256
vt 91.771652 11.538462
vt 91.771652 14.102564
vt 91.771652 16.666668
vt 91.771652 19.230770
vt 91.771652 21.794872
vt 91.771652 24.358974
vt 91.771652 26.923077
vt 91.771652 29.487179
vt 91.771652 32.051281
vt 91.771652 34.615383
vt 91.771652 37.179485
vt 91.771652 39.743587
vt 91.771652 42.307693
vt 91.771652 44.871796
vt 91.771652 47.435898
vt 90.118111 50.000000
vt 93.425194 -47.435898
vt 93.425194 -50.000000
vt 93.425194 -44.871796
vt 93.425194 -42.307693
vt 93.425194 -39.743587
vt 93.425194 -37.179485
vt 93.425194 -32.051281
vt 93.425194 -34.615383
vt 93.425194 -29.487179
vt 93.425194 -26.923077
vt 93.425194 -24.358974
vt 93.425194 -21.794872
vt 93.425194 -19.230770
vt 93.425194 -16.666668
vt 93.425194 -11.538462
vt 93.425194 -14.102564
vt 93.425194 -8.974360
vt 93.425194 -6.410256
vt 93.425194 -3.846154
vt 93.425194 -1.282051
vt 93.425194 1.282051
vt 93.425194 3.846154
vt 93.425194 8.974360
vt 93.425194 6.410256
vt 93.425194 11.538462
vt 93.425194 14.102564
vt 93.425194 16.666668
vt 93.425194 19.230770
vt 93.425194 21.794872
vt 93.425194 24.358974
vt 93.425194 26.923077
vt 93.425194 29.487179
vt 93.425194 32.051281
vt 93.425194 34.615383
vt 93.425194 37.179485
vt 93.425194 39.743587
vt 93.425194 42.307693
vt 93.425194 44.871796
vt 93.425194 47.435898
vt 91.771652 50.000000
vt 95.078743 -47.435898
vt 95.078743 -50.000000
vt 95.078743 -44.871796
vt 95.078743 -42.307693
vt 95.078743 -39.743587
vt 95.078743 -37.179485
vt 95.078743 -34.615383
vt 95.078743 -29.487179
vt 95.078743 -32.051281
vt 95.078743 -26.923077
vt 95.078743 -24.358974
vt 95.078743 -21.794872
vt 95.078743 -19.230770
vt 95.078743 -16.666668
vt 95.078743 -11.538462
vt 95.078743 -14.102564
vt 95.078743 -8.974360
vt 95.078743 -6.410256
vt 95.078743 -3.846154
vt 95.078743 -1.282051
vt 95.078743 1.282051
vt 95.078743 3.846154
vt 95.078743 8.974360
vt 95.078743 6.410256
vt 95.078743 11.538462
vt 95.078743 14.102564
vt 95.078743 16.666668
vt 95.078743 19.230770
vt 95.078743 21.794872
vt 95.078743 24.358974
vt 95.078743 26.923077
vt 95.078743 29.487179
vt 95.078743 32.051281
vt 95.078743 34.615383
vt 95.078743 39.743587
vt 95.078743 37.179485
vt 95.078743 44.871796
vt 95.078743 42.307693
vt 95.078743 47.435898
vt 93.425194 50.000000
vt 96.732285 -47.435898
vt 96.732285 -50.000000
vt 96.732285 -44.871796
vt 96.732285 -42.307693
vt 96.732285 -39.743587
vt 96.732285 -37.179485
vt 96.732285 -34.615383
vt 96.732285 -29.487179
vt 96.732285 -32.051281
vt 96.732285 -26.923077
vt 96.732285 -24.358974
vt 96.732285 -21.794872
vt 96.732285 -19.230770
vt 96.732285 -16.666668
vt 96.732285 -14.102564
vt 96.732285 -8.974360
vt 96.732285 -11.538462
vt 96.732285 -6.410256
vt 96.732285 -3.846154
vt 96.732285 -1.282051
vt 96.732285 1.282051
vt 96.732285 3.846154
vt 96.732285 8.974360
vt 96.732285 6.410256
vt 96.732285 11.538462
vt 96.732285 14.102564
vt 96.732285 16.666668
vt 96.732285 19.230770
vt 96.732285 21.794872
vt 96.732285 24.358974
vt 96.732285 26.923077
vt 96.732285 29.487179
vt 96.732285 32.051281
vt 96.732285 34.615383
vt 96.732285 39.743587
vt 96.732285 37.179485
vt 96.732285 42.307693
vt 96.732285 44.871796
vt 96.732285 47.435898
vt 96.732285 50.000000
vt 98.385826 -47.435898
vt 98.385826 -50.000000
vt 98.385826 -44.871796
vt 98.385826 -42.307693
vt 98.385826 -39.743587
vt 98.385826 -37.179485
vt 98.385826 -34.615383
vt 98.385826 -32.051281
vt 98.385826 -26.923077
vt 98.385826 -29.487179
vt 98.385826 -24.358974
vt 98.385826 -21.794872
vt 98.385826 -19.230770
vt 98.385826 -16.666668
vt 98.385826 -14.102564
vt 98.385826 -8.974360
vt 98.385826 -11.538462
vt 98.385826 -6.410256
vt 98.385826 -3.846154
vt 98.385826 -1.282051
vt 98.385826 1.282051
vt 98.385826 3.846154
vt 98.385826 8.974360
vt 98.385826 6.410256
vt 98.385826 11.538462
vt 98.385826 14.102564
vt 98.385826 16.666668
vt 98.385826 19.230770
vt 98.385826 21.794872
vt 98.385826 24.358974
vt 98.385826 26.923077
vt 98.385826 29.487179
vt 98.385826 32.051281
vt 98.385826 37.179485
vt 98.385826 34.615383
vt 98.385826 39.743587
vt 98.385826 42.307693
vt 98.385826 44.871796
vt 98.385826 47.435898
vt 98.385826 50.000000
vt 100.039368 -50.000000
vt 100.039368 -47.435898
vt 100.039368 -44.871796
vt 100.039368 -42.307693
vt 100.039368 -39.743587
vt 100.039368 -37.179485
vt 100.039368 -32.051281
vt 100.039368 -34.615383
vt 100.039368 -29.487179
vt 100.039368 -24.358974
vt 100.039368 -26.923077
vt 100.039368 -21.794872
vt 100.039368 -19.230770
vt 100.039368 -16.666668
vt 100.039368 -14.102564
vt 100.039368 -11.538462
vt 100.039368 -6.410256
vt 100.039368 -8.974360
vt 100.039368 -3.846154
vt 100.039368 -1.282051
vt 100.039368 1.282051
vt 100.039368 3.846154
vt 100.039368 8.974360
vt 100.039368 6.410256
vt 100.039368 11.538462
vt 100.039368 14.102564
vt 100.039368 16.666668
vt 100.039368 19.230770
vt 100.039368 21.794872
vt 100.039368 24.358974
vt 100.039368 29.487179
vt 100.039368 26.923077
vt 100.039368 32.051281
vt 100.039368 34.615383
vt 100.039368 37.179485
vt 100.039368 39.743587
vt 100.039368 42.307693
vt 100.039368 44.871796
vt 100.039368 47.435898
vt 100.039368 50.000000
vt 101.692917 -50.000000
vt 101.692917 -47.435898
vt 101.692917 -44.871796
vt 101.692917 -42.307693
vt 101.692917 -39.743587
vt 101.692917 -37.179485
vt 101.692917 -34.615383
vt 101.692917 -29.487179
vt 101.692917 -32.051281
vt 101.692917 -26.923077
vt 101.692917 -24.358974
vt 101.692917 -19.230770
vt 101.692917 -21.794872
vt 101.692917 -14.102564
vt 101.692917 -16.666668
vt 101.692917 -11.538462
vt 101.692917 -8.974360
vt 101.692917 -3.846154
vt 101.692917 -6.410256
vt 101.692917 -1.282051
vt 101.692917 1.282051
vt 101.692917 6.410256
vt 101.692917 3.846154
vt 101.692917 8.974360
vt 101.692917 11.538462
vt 101.692917 14.102564
vt 101.692917 16.666668
vt 101.692917 19.230770
vt 101.692917 21.794872
vt 101.692917 24.358974
vt 101.692917 26.923077
vt 101.692917 29.487179
vt 101.692917 32.051281
vt 101.692917 34.615383
vt 101.692917 37.179485
vt 101.692917 42.307693
vt 101.692917 39.743587
vt 101.692917 44.871796
vt 101.692917 47.435898
vt 103.346458 -50.000000
vt 103.346458 -47.435898
vt 103.346458 -44.871796
vt 103.346458 -42.307693
vt 103.346458 -39.743587
vt 103.346458 -37.179485
vt 103.346458 -34.615383
vt 103.346458 -29.487179
vt 103.346458 -32.051281
vt 103.346458 -26.923077
vt 103.346458 -24.358974
vt 103.346458 -21.794872
vt 103.346458 -19.230770
vt 103.346458 -14.102564
vt 103.346458 -16.666668
vt 103.346458 -8.974360
vt 103.346458 -11.538462
vt 103.346458 -6.410256
vt 103.346458 -3.846154
vt 103.346458 1.282051
vt 103.346458 -1.282051
vt 103.346458 3.846154
vt 103.346458 8.974360
vt 103.346458 6.410256
vt 103.346458 11.538462
vt 103.346458 14.102564
vt 103.346458 16.666668
vt 103.346458 19.230770
vt 103.346458 21.794872
vt 103.346458 24.358974
vt 103.346458 26.923077
vt 103.346458 29.487179
vt 103.346458 32.051281
vt 103.346458 34.615383
vt 103.346458 37.179485
vt 103.346458 42.307693
vt 103.346458 39.743587
vt 103.346458 44.871796
vt 103.346458 47.435898
vt 101.692917 50.000000
vt 105.000000 -50.000000
vt 105.000000 -47.435898
vt 105.000000 -42.307693
vt 105.000000 -44.871796
vt 105.000000 -39.743587
vt 105.000000 -37.179485
vt 105.000000 -34.615383
vt 105.000000 -29.487179
vt 105.000000 -32.051281
vt 105.000000 -26.923077
vt 105.000000 -24.358974
vt 105.000000 -21.794872
vt 105.000000 -19.230770
vt 105.000000 -16.666668
vt 105.000000 -14.102564
vt 105.000000 -11.538462
vt 105.000000 -8.974360
vt 105.000000 -6.410256
vt 105.000000 -3.846154
vt 105.000000 1.282051
vt 105.000000 -1.282051
vt 105.000000 3.846154
vt 105.000000 8.974360
vt 105.000000 6.410256
vt 105.000000 11.538462
vt 105.000000 14.102564
vt 105.000000 16.666668
vt 105.000000 19.230770
vt 105.000000 21.794872
vt 105.000000 24.358974
vt 105.000000 26.923077
vt 105.000000 29.487179
vt 105.000000 32.051281
vt 105.000000 34.615383
vt 105.000000 37.179485
vt 105.000000 42.307693
vt 105.000000 39.743587
vt 105.000000 44.871796
vt 105.000000 50.000000
vt 105.000000 47.435898
vt -91.771652 50.000000
vt -70.275589 50.000000
vt -60.354332 50.000000
vt -48.779530 50.000000
vt -23.976377 50.000000
vt -14.055118 50.000000
vt -7.440945 50.000000
vt 15.708661 50.000000
vt 27.283466 50.000000
vt 37.204723 50.000000
vt 95.078743 50.000000
vt 103.346458 50.000000
s 1
usemtl 草
f 41/1/40 2/2/2 1/3/1
f 42/4/41 3/5/3 2/2/2
f 43/6/42 4/7/4 3/5/3
f 44/8/43 5/9/5 4/7/4
f 45/10/44 6/11/6 5/9/5
f 46/12/45 7/13/7 6/11/6
f 47/14/46 8/15/8 7/13/7
f 48/16/47 9/17/9 8/15/8
f 50/18/49 9/17/9 49/19/48
f 51/20/50 10/21/10 50/18/49
f 52/22/51 11/23/11 51/20/50
f 52/22/51 13/24/13 12/25/12
f 53/26/52 14/27/14 13/24/13
f 55/28/54 14/27/14 54/29/53
f 56/30/55 15/31/15 55/28/54
f 56/30/55 17/32/17 16/33/16
f 57/34/56 18/35/18 17/32/17
f 58/36/57 19/37/19 18/35/18
f 60/38/59 19/37/19 59/39/58
f 60/38/59 21/40/21 20/41/20
f 62/42/59 21/40/21 61/43/60
f 62/42/59 23/44/23 22/45/22
f 64/46/62 23/44/23 63/47/61
f 65/48/63 24/49/24 64/46/62
f 66/50/64 25/51/25 65/48/63
f 66/50/64 27/52/27 26/53/26
f 68/54/66 27/52/27 67/55/65
f 68/54/66 29/56/28 28/57/13
f 70/58/68 29/56/28 69/59/67
f 70/58/68 31/60/30 30/61/29
f 71/62/69 32/63/31 31/60/30
f 72/64/70 33/65/32 32/63/31
f 74/66/72 33/65/32 73/67/71
f 75/68/73 34/69/33 74/66/72
f 76/70/74 35/71/34 75/68/73
f 76/70/74 37/72/36 36/73/35
f 77/74/75 38/75/37 37/72/36
f 78/76/76 39/77/38 38/75/37
f 79/78/77 40/79/39 39/77/38
f 82/80/80 41/1/40 81/81/79
f 83/82/81 42/4/41 82/80/80
f 83/82/81 44/8/43 43/6/42
f 84/83/82 45/10/44 44/8/43
f 85/84/83 46/12/45 45/10/44
f 86/85/84 47/14/46 46/12/45
f 87/86/85 48/16/47 47/14/46
f 89/87/87 48/16/47 88/88/86
f 90/89/88 49/19/48 89/87/87
f 91/90/89 50/18/49 90/89/88
f 91/90/89 52/22/51 51/20/50
f 93/91/91 52/22/51 92/92/90
f 93/91/91 54/29/53 53/26/52
f 94/93/92 55/28/54 54/29/53
f 96/94/94 55/28/54 95/95/93
f 96/94/94 57/34/56 56/30/55
f 98/96/96 57/34/56 97/97/95
f 98/96/96 59/39/58 58/36/57
f 100/98/98 59/39/58 99/99/97
f 101/100/99 60/38/59 100/98/98
f 102/101/100 61/43/60 101/100/99
f 103/102/101 62/42/59 102/101/100
f 103/102/101 64/46/62 63/47/61
f 105/103/103 64/46/62 104/104/102
f 106/105/104 65/48/63 105/103/103
f 106/105/104 67/55/65 66/50/64
f 107/106/105 68/54/66 67/55/65
f 109/107/107 68/54/66 108/108/106
f 109/107/107 70/58/68 69/59/67
f 110/109/108 71/62/69 70/58/68
f 111/110/109 72/64/70 71/62/69
f 112/111/110 73/67/71 72/64/70
f 113/112/111 74/66/72 73/67/71
f 114/113/112 75/68/73 74/66/72
f 115/114/113 76/70/74 75/68/73
f 116/115/114 77/74/75 76/70/74
f 117/116/115 78/76/76 77/74/75
f 118/117/116 79/78/77 78/76/76
f 119/118/117 80/119/78 79/78/77
f 122/120/120 81/81/79 121/121/119
f 123/122/121 82/80/80 122/120/120
f 124/123/122 83/82/81 123/122/121
f 124/123/122 85/84/83 84/83/82
f 125/124/123 86/85/84 85/84/83
f 126/125/124 87/86/85 86/85/84
f 127/126/125 88/88/86 87/86/85
f 129/127/127 88/88/86 128/128/126
f 130/129/128 89/87/87 129/127/127
f 130/129/128 91/90/89 90/89/88
f 131/130/129 92/92/90 91/90/89
f 132/131/130 93/91/91 92/92/90
f 133/132/131 94/93/92 93/91/91
f 135/133/133 94/93/92 134/134/132
f 135/133/133 96/94/94 95/95/93
f 136/135/134 97/97/95 96/94/94
f 138/136/136 97/97/95 137/137/135
f 138/136/136 99/99/97 98/96/96
f 140/138/137 99/99/97 139/139/106
f 140/138/137 101/100/99 100/98/98
f 142/140/139 101/100/99 141/141/138
f 142/140/139 103/102/101 102/101/100
f 143/142/140 104/104/102 103/102/101
f 145/143/142 104/104/102 144/144/141
f 146/145/143 105/103/103 145/143/142
f 147/146/144 106/105/104 146/145/143
f 147/146/144 108/108/106 107/106/105
f 149/147/146 108/108/106 148/148/145
f 150/149/147 109/107/107 149/147/146
f 150/149/147 111/110/109 110/109/108
f 151/150/148 112/111/110 111/110/109
f 152/151/149 113/112/111 112/111/110
f 153/152/150 114/113/112 113/112/111
f 154/153/151 115/114/113 114/113/112
f 155/154/152 116/115/114 115/114/113
f 156/155/153 117/116/115 116/115/114
f 157/156/154 118/117/116 117/116/115
f 158/157/155 119/118/117 118/117/116
f 159/158/156 120/159/118 119/118/117
f 162/160/159 121/121/119 161/161/158
f 163/162/160 122/120/120 162/160/159
f 164/163/161 123/122/121 163/162/160
f 164/163/161 125/124/123 124/123/122
f 165/164/162 126/125/124 125/124/123
f 166/165/163 127/126/125 126/125/124
f 168/166/165 127/126/125 167/167/164
f 169/168/166 128/128/126 168/166/165
f 170/169/167 129/127/127 169/168/166
f 170/169/167 131/130/129 130/129/128
f 172/170/169 131/130/129 171/171/168
f 173/172/170 132/131/130 172/170/169
f 174/173/171 133/132/131 173/172/170
f 175/174/172 134/134/132 174/173/171
f 175/174/172 136/135/134 135/133/133
f 176/175/173 137/137/135 136/135/134
f 178/176/175 137/137/135 177/177/174
f 178/176/175 139/139/106 138/136/136
f 180/178/177 139/139/106 179/179/176
f 180/178/177 141/141/138 140/138/137
f 182/180/179 141/141/138 181/181/178
f 182/180/179 143/142/140 142/140/139
f 184/182/181 143/142/140 183/183/180
f 184/182/181 145/143/142 144/144/141
f 186/184/183 145/143/142 185/185/182
f 186/184/183 147/146/144 146/145/143
f 188/186/185 147/146/144 187/187/184
f 188/186/185 149/147/146 148/148/145
f 189/188/186 150/149/147 149/147/146
f 190/189/187 151/150/148 150/149/147
f 191/190/188 152/151/149 151/150/148
f 192/191/189 153/152/150 152/151/149
f 193/192/190 154/153/151 153/152/150
f 194/193/191 155/154/152 154/153/151
f 195/194/192 156/155/153 155/154/152
f 196/195/193 157/156/154 156/155/153
f 197/196/194 158/157/155 157/156/154
f 198/197/195 159/158/156 158/157/155
f 199/198/196 160/199/157 159/158/156
f 202/200/199 161/161/158 201/201/198
f 203/202/200 162/160/159 202/200/199
f 204/203/201 163/162/160 203/202/200
f 204/203/201 165/164/162 164/163/161
f 205/204/202 166/165/163 165/164/162
f 206/205/203 167/167/164 166/165/163
f 208/206/205 167/167/164 207/207/204
f 209/208/206 168/166/165 208/206/205
f 210/209/207 169/168/166 209/208/206
f 211/210/208 170/169/167 210/209/207
f 211/210/208 172/170/169 171/171/168
f 212/211/209 173/172/170 172/170/169
f 213/212/210 174/173/171 173/172/170
f 215/213/212 174/173/171 214/214/211
f 215/213/212 176/175/173 175/174/172
f 217/215/214 176/175/173 216/216/213
f 217/215/214 178/176/175 177/177/174
f 218/217/215 179/179/176 178/176/175
f 220/218/217 179/179/176 219/219/216
f 220/218/217 181/181/178 180/178/177
f 222/220/219 181/181/178 221/221/218
f 222/220/219 183/183/180 182/180/179
f 224/222/221 183/183/180 223/223/220
f 225/224/222 184/182/181 224/222/221
f 225/224/222 186/184/183 185/185/182
f 227/225/224 186/184/183 226/226/223
f 228/227/225 187/187/184 227/225/224
f 229/228/226 188/186/185 228/227/225
f 229/228/226 190/189/187 189/188/186
f 230/229/227 191/190/188 190/189/187
f 231/230/228 192/191/189 191/190/188
f 232/231/229 193/192/190 192/191/189
f 233/232/230 194/193/191 193/192/190
f 234/233/231 195/194/192 194/193/191
f 235/234/232 196/195/193 195/194/192
f 236/235/233 197/196/194 196/195/193
f 237/236/234 198/197/195 197/196/194
f 238/237/235 199/198/196 198/197/195
f 239/238/236 200/239/197 199/198/196
f 242/240/239 201/201/198 241/241/238
f 243/242/240 202/200/199 242/240/239
f 244/243/241 203/202/200 243/242/240
f 244/243/241 205/204/202 204/203/201
f 245/244/242 206/205/203 205/204/202
f 246/245/243 207/207/204 206/205/203
f 248/246/245 207/207/204 247/247/244
f 249/248/246 208/206/205 248/246/245
f 249/248/246 210/209/207 209/208/206
f 250/249/247 211/210/208 210/209/207
f 251/250/248 212/211/209 211/210/208
f 252/251/249 213/212/210 212/211/209
f 254/252/251 213/212/210 253/253/250
f 254/252/251 215/213/212 214/214/211
f 255/254/252 216/216/213 215/213/212
f 257/255/254 216/216/213 256/256/253
f 258/257/255 217/215/214 257/255/254
f 259/258/256 218/217/215 258/257/255
f 259/258/256 220/218/217 219/219/216
f 261/259/258 220/218/217 260/260/257
f 261/259/258 222/220/219 221/221/218
f 263/261/260 222/220/219 262/262/259
f 263/261/260 224/222/221 223/223/220
f 264/263/261 225/224/222 224/222/221
f 266/264/263 225/224/222 265/265/262
f 266/264/263 227/225/224 226/226/223
f 267/266/264 228/227/225 227/225/224
f 269/267/266 228/227/225 268/268/265
f 269/267/266 230/229/227 229/228/226
f 270/269/267 231/230/228 230/229/227
f 271/270/268 232/231/229 231/230/228
f 272/271/269 233/232/230 232/231/229
f 273/272/270 234/233/231 233/232/230
f 274/273/271 235/234/232 234/233/231
f 275/274/272 236/235/233 235/234/232
f 276/275/273 237/236/234 236/235/233
f 277/276/274 238/237/235 237/236/234
f 278/277/275 239/238/236 238/237/235
f 279/278/276 240/279/237 239/238/236
f 281/280/278 242/240/239 241/241/238
f 282/281/279 243/242/240 242/240/239
f 284/282/281 243/242/240 283/283/280
f 284/282/281 245/244/242 244/243/241
f 285/284/282 246/245/243 245/244/242
f 287/285/284 246/245/243 286/286/283
f 288/287/285 247/247/244 287/285/284
f 289/288/286 248/246/245 288/287/285
f 289/288/286 250/249/247 249/248/246
f 290/289/287 251/250/248 250/249/247
f 291/290/288 252/251/249 251/250/248
f 292/291/289 253/253/250 252/251/249
f 294/292/291 253/253/250 293/293/290
f 294/292/291 255/254/252 254/252/251
f 296/294/293 255/254/252 295/295/292
f 297/296/294 256/256/253 296/294/293
f 298/297/295 257/255/254 297/296/294
f 299/298/296 258/257/255 298/297/295
f 299/298/296 260/260/257 259/258/256
f 301/299/298 260/260/257 300/300/297
f 302/301/299 261/259/258 301/299/298
f 302/301/299 263/261/260 262/262/259
f 303/302/300 264/263/261 263/261/260
f 305/303/302 264/263/261 304/304/301
f 306/305/303 265/265/262 305/303/302
f 306/305/303 267/266/264 266/264/263
f 307/306/304 268/268/265 267/266/264
f 308/307/305 269/267/266 268/268/265
f 309/308/306 270/269/267 269/267/266
f 310/309/307 271/270/268 270/269/267
f 311/310/308 272/271/269 271/270/268
f 312/311/309 273/272/270 272/271/269
f 313/312/310 274/273/271 273/272/270
f 314/313/311 275/274/272 274/273/271
f 315/314/312 276/275/273 275/274/272
f 316/315/313 277/276/274 276/275/273
f 317/316/314 278/277/275 277/276/274
f 318/317/315 279/278/276 278/277/275
f 319/318/316 280/319/277 279/278/276
f 321/320/318 282/281/279 281/280/278
f 322/321/319 283/283/280 282/281/279
f 323/322/320 284/282/281 283/283/280
f 325/323/322 284/282/281 324/324/321
f 326/325/323 285/284/282 325/323/322
f 327/326/324 286/286/283 326/325/323
f 328/327/325 287/285/284 327/326/324
f 329/328/326 288/287/285 328/327/325
f 330/329/327 289/288/286 329/328/326
f 331/330/328 290/289/287 330/329/327
f 332/331/329 291/290/288 331/330/328
f 332/331/329 293/293/290 292/291/289
f 333/332/330 294/292/291 293/293/290
f 335/333/332 294/292/291 334/334/331
f 336/335/333 295/295/292 335/333/332
f 337/336/334 296/294/293 336/335/333
f 337/336/334 298/297/295 297/296/294
f 338/337/335 299/298/296 298/297/295
f 340/338/337 299/298/296 339/339/336
f 340/338/337 301/299/298 300/300/297
f 341/340/338 302/301/299 301/299/298
f 343/341/340 302/301/299 342/342/339
f 344/343/341 303/302/300 343/341/340
f 344/343/341 305/303/302 304/304/301
f 346/344/343 305/303/302 345/345/342
f 346/344/343 307/306/304 306/305/303
f 348/346/345 307/306/304 347/347/344
f 348/346/345 309/308/306 308/307/305
f 350/348/347 309/308/306 349/349/346
f 350/348/347 311/310/308 310/309/307
f 351/350/348 312/311/309 311/310/308
f 352/351/349 313/312/310 312/311/309
f 353/352/350 314/313/311 313/312/310
f 354/353/351 315/314/312 314/313/311
f 355/354/352 316/315/313 315/314/312
f 356/355/353 317/316/314 316/315/313
f 357/356/354 318/317/315 317/316/314
f 358/357/355 319/318/316 318/317/315
f 359/358/356 320/359/317 319/318/316
f 361/360/358 322/321/319 321/320/318
f 362/361/359 323/322/320 322/321/319
f 364/362/361 323/322/320 363/363/360
f 365/364/362 324/324/321 364/362/361
f 366/365/363 325/323/322 365/364/362
f 367/366/364 326/325/323 366/365/363
f 368/367/365 327/326/324 367/366/364
f 369/368/366 328/327/325 368/367/365
f 370/369/367 329/328/326 369/368/366
f 370/369/367 331/330/328 330/329/327
f 372/370/369 331/330/328 371/371/368
f 372/370/369 333/332/330 332/331/329
f 373/372/370 334/334/331 333/332/330
f 374/373/371 335/333/332 334/334/331
f 376/374/373 335/333/332 375/375/372
f 377/376/374 336/335/333 376/374/373
f 377/376/374 338/337/335 337/336/334
f 378/377/375 339/339/336 338/337/335
f 379/378/376 340/338/337 339/339/336
f 381/379/378 340/338/337 380/380/377
f 382/381/379 341/340/338 381/379/378
f 383/382/380 342/342/339 382/381/379
f 383/382/380 344/343/341 343/341/340
f 385/383/382 344/343/341 384/384/381
f 385/383/382 346/344/343 345/345/342
f 386/385/383 347/347/344 346/344/343
f 387/386/384 348/346/345 347/347/344
f 389/387/386 348/346/345 388/388/385
f 390/389/387 349/349/346 389/387/386
f 390/389/387 351/350/348 350/348/347
f 391/390/388 352/351/349 351/350/348
f 392/391/389 353/352/350 352/351/349
f 393/392/390 354/353/351 353/352/350
f 394/393/391 355/354/352 354/353/351
f 395/394/392 356/355/353 355/354/352
f 396/395/393 357/356/354 356/355/353
f 397/396/394 358/357/355 357/356/354
f 399/397/396 358/357/355 398/398/395
f 400/399/397 359/358/356 399/397/396
f 401/400/398 362/361/359 361/360/358
f 402/401/399 363/363/360 362/361/359
f 404/402/401 363/363/360 403/403/400
f 405/404/402 364/362/361 404/402/401
f 406/405/403 365/364/362 405/404/402
f 407/406/404 366/365/363 406/405/403
f 408/407/405 367/366/364 407/406/404
f 409/408/406 368/367/365 408/407/405
f 409/408/406 370/369/367 369/368/366
f 411/409/408 370/369/367 410/410/407
f 411/409/408 372/370/369 371/371/368
f 413/411/410 372/370/369 412/412/409
f 413/411/410 374/373/371 373/372/370
f 415/413/412 374/373/371 414/414/411
f 415/413/412 376/374/373 375/375/372
f 417/415/414 376/374/373 416/416/413
f 417/415/414 378/377/375 377/376/374
f 419/417/416 378/377/375 418/418/415
f 419/417/416 380/380/377 379/378/376
f 421/419/418 380/380/377 420/420/417
f 422/421/419 381/379/378 421/419/418
f 422/421/419 383/382/380 382/381/379
f 423/422/420 384/384/381 383/382/380
f 424/423/421 385/383/382 384/384/381
f 425/424/422 386/385/383 385/383/382
f 426/425/423 387/386/384 386/385/383
f 427/426/424 388/388/385 387/386/384
f 428/427/425 389/387/386 388/388/385
f 430/428/427 389/387/386 429/429/426
f 431/430/428 390/389/387 430/428/427
f 432/431/429 391/390/388 431/430/428
f 432/431/429 393/392/390 392/391/389
f 433/432/430 394/393/391 393/392/390
f 434/433/431 395/394/392 394/393/391
f 435/434/432 396/395/393 395/394/392
f 436/435/433 397/396/394 396/395/393
f 438/436/435 397/396/394 437/437/434
f 439/438/436 398/398/395 438/436/435
f 440/439/437 399/397/396 439/438/436
f 441/440/438 402/401/399 401/400/398
f 442/441/439 403/403/400 402/401/399
f 443/442/440 404/402/401 403/403/400
f 445/443/442 404/402/401 444/444/441
f 446/445/443 405/404/402 445/443/442
f 447/446/444 406/405/403 446/445/443
f 448/447/445 407/406/404 447/446/444
f 449/448/446 408/407/405 448/447/445
f 450/449/447 409/408/406 449/448/446
f 451/450/448 410/410/407 450/449/447
f 451/450/448 412/412/409 411/409/408
f 453/451/450 412/412/409 452/452/449
f 454/453/451 413/411/410 453/451/450
f 454/453/451 415/413/412 414/414/411
f 455/454/452 416/416/413 415/413/412
f 456/455/453 417/415/414 416/416/413
f 457/456/454 418/418/415 417/415/414
f 459/457/456 418/418/415 458/458/455
f 459/457/456 420/420/417 419/417/416
f 461/459/458 420/420/417 460/460/457
f 462/461/459 421/419/418 461/459/458
f 462/461/459 423/422/420 422/421/419
f 463/462/460 424/423/421 423/422/420
f 464/463/461 425/424/422 424/423/421
f 465/464/462 426/425/423 425/424/422
f 466/465/463 427/426/424 426/425/423
f 467/466/464 428/427/425 427/426/424
f 468/467/465 429/429/426 428/427/425
f 469/468/466 430/428/427 429/429/426
f 471/469/468 430/428/427 470/470/467
f 472/471/469 431/430/428 471/469/468
f 473/472/470 432/431/429 472/471/469
f 473/472/470 434/433/431 433/432/430
f 474/473/471 435/434/432 434/433/431
f 475/474/472 436/435/433 435/434/432
f 476/475/473 437/437/434 436/435/433
f 478/476/475 437/437/434 477/477/474
f 479/478/476 438/436/435 478/476/475
f 480/479/477 439/438/436 479/478/476
f 482/480/479 441/440/438 481/481/478
f 483/482/480 442/441/439 482/480/479
f 483/482/480 444/444/441 443/442/440
f 485/483/482 444/444/441 484/484/481
f 486/485/483 445/443/442 485/483/482
f 487/486/484 446/445/443 486/485/483
f 488/487/485 447/446/444 487/486/484
f 489/488/486 448/447/445 488/487/485
f 490/489/487 449/448/446 489/488/486
f 490/489/487 451/450/448 450/449/447
f 492/490/489 451/450/448 491/491/488
f 492/490/489 453/451/450 452/452/449
f 493/492/490 454/453/451 453/451/450
f 495/493/492 454/453/451 494/494/491
f 496/495/493 455/454/452 495/493/492
f 496/495/493 457/456/454 456/455/453
f 498/496/495 457/456/454 497/497/494
f 498/496/495 459/457/456 458/458/455
f 500/498/497 459/457/456 499/499/496
f 500/498/497 461/459/458 460/460/457
f 501/500/498 462/461/459 461/459/458
f 502/501/499 463/462/460 462/461/459
f 503/502/500 464/463/461 463/462/460
f 504/503/501 465/464/462 464/463/461
f 505/504/502 466/465/463 465/464/462
f 506/505/503 467/466/464 466/465/463
f 507/506/504 468/467/465 467/466/464
f 508/507/505 469/468/466 468/467/465
f 509/508/506 470/470/467 469/468/466
f 511/509/508 470/470/467 510/510/507
f 512/511/509 471/469/468 511/509/508
f 513/512/510 472/471/469 512/511/509
f 514/513/511 473/472/470 513/512/510
f 514/513/511 475/474/472 474/473/471
f 515/514/512 476/475/473 475/474/472
f 516/515/513 477/477/474 476/475/473
f 518/516/515 477/477/474 517/517/514
f 519/518/516 478/476/475 518/516/515
f 520/519/517 479/478/476 519/518/516
f 522/520/519 481/481/478 521/521/518
f 523/522/520 482/480/479 522/520/519
f 524/523/521 483/482/480 523/522/520
f 524/523/521 485/483/482 484/484/481
f 525/524/522 486/485/483 485/483/482
f 526/525/523 487/486/484 486/485/483
f 527/526/524 488/487/485 487/486/484
f 528/527/525 489/488/486 488/487/485
f 529/528/526 490/489/487 489/488/486
f 531/529/528 490/489/487 530/530/527
f 531/529/528 492/490/489 491/491/488
f 532/531/529 493/492/490 492/490/489
f 534/532/531 493/492/490 533/533/530
f 534/532/531 495/493/492 494/494/491
f 536/534/533 495/493/492 535/535/532
f 537/536/534 496/495/493 536/534/533
f 537/536/534 498/496/495 497/497/494
f 539/537/536 498/496/495 538/538/535
f 539/537/536 500/498/497 499/499/496
f 540/539/537 501/500/498 500/498/497
f 541/540/538 502/501/499 501/500/498
f 542/541/539 503/502/500 502/501/499
f 543/542/540 504/503/501 503/502/500
f 544/543/541 505/504/502 504/503/501
f 545/544/542 506/505/503 505/504/502
f 546/545/543 507/506/504 506/505/503
f 547/546/544 508/507/505 507/506/504
f 548/547/545 509/508/506 508/507/505
f 549/548/546 510/510/507 509/508/506
f 551/549/548 510/510/507 550/550/547
f 552/551/549 511/509/508 551/549/548
f 553/552/550 512/511/509 552/551/549
f 554/553/551 513/512/510 553/552/550
f 554/553/551 515/514/512 514/513/511
f 555/554/552 516/515/513 515/514/512
f 556/555/553 517/517/514 516/515/513
f 558/556/555 517/517/514 557/557/554
f 559/558/556 518/516/515 558/556/555
f 559/558/556 520/519/517 519/518/516
f 562/559/559 521/521/518 561/560/558
f 563/561/560 522/520/519 562/559/559
f 564/562/561 523/522/520 563/561/560
f 564/562/561 525/524/522 524/523/521
f 565/563/562 526/525/523 525/524/522
f 566/564/563 527/526/524 526/525/523
f 567/565/564 528/527/525 527/526/524
f 568/566/565 529/528/526 528/527/525
f 570/567/567 529/528/526 569/568/566
f 570/567/567 531/529/528 530/530/527
f 572/569/343 531/529/528 571/570/568
f 572/569/343 533/533/530 532/531/529
f 573/571/569 534/532/531 533/533/530
f 575/572/571 534/532/531 574/573/570
f 575/572/571 536/534/533 535/535/532
f 576/574/572 537/536/534 536/534/533
f 578/575/574 537/536/534 577/576/573
f 578/575/574 539/537/536 538/538/535
f 579/577/575 540/539/537 539/537/536
f 580/578/576 541/540/538 540/539/537
f 581/579/577 542/541/539 541/540/538
f 582/580/578 543/542/540 542/541/539
f 583/581/579 544/543/541 543/542/540
f 584/582/580 545/544/542 544/543/541
f 585/583/581 546/545/543 545/544/542
f 586/584/582 547/546/544 546/545/543
f 587/585/583 548/547/545 547/546/544
f 588/586/584 549/548/546 548/547/545
f 589/587/585 550/550/547 549/548/546
f 590/588/586 551/549/548 550/550/547
f 592/589/588 551/549/548 591/590/587
f 593/591/589 552/551/549 592/589/588
f 594/592/590 553/552/550 593/591/589
f 595/593/591 554/553/551 594/592/590
f 595/593/591 556/555/553 555/554/552
f 596/594/592 557/557/554 556/555/553
f 597/595/593 558/556/555 557/557/554
f 598/596/594 559/558/556 558/556/555
f 599/597/595 560/598/557 559/558/556
f 602/599/598 561/560/558 601/600/597
f 603/601/599 562/559/559 602/599/598
f 603/601/599 564/562/561 563/561/560
f 604/602/600 565/563/562 564/562/561
f 605/603/601 566/564/563 565/563/562
f 606/604/602 567/565/564 566/564/563
f 607/605/603 568/566/565 567/565/564
f 608/606/604 569/568/566 568/566/565
f 609/607/605 570/567/567 569/568/566
f 610/608/606 571/570/568 570/567/567
f 611/609/607 572/569/343 571/570/568
f 613/610/609 572/569/343 612/611/608
f 614/612/610 573/571/569 613/610/609
f 614/612/610 575/572/571 574/573/570
f 616/613/612 575/572/571 615/614/611
f 616/613/612 577/576/573 576/574/572
f 617/615/613 578/575/574 577/576/573
f 618/616/614 579/577/575 578/575/574
f 619/617/615 580/578/576 579/577/575
f 620/618/616 581/579/577 580/578/576
f 621/619/617 582/580/578 581/579/577
f 622/620/618 583/581/579 582/580/578
f 623/621/619 584/582/580 583/581/579
f 624/622/620 585/583/581 584/582/580
f 625/623/621 586/584/582 585/583/581
f 626/624/622 587/585/583 586/584/582
f 627/625/623 588/586/584 587/585/583
f 628/626/624 589/587/585 588/586/584
f 629/627/625 590/588/586 589/587/585
f 630/628/626 591/590/587 590/588/586
f 632/629/628 591/590/587 631/630/627
f 633/631/629 592/589/588 632/629/628
f 633/631/629 594/592/590 593/591/589
f 634/632/630 595/593/591 594/592/590
f 635/633/631 596/594/592 595/593/591
f 636/634/632 597/595/593 596/594/592
f 637/635/633 598/596/594 597/595/593
f 638/636/634 599/597/595 598/596/594
f 639/637/635 600/638/596 599/597/595
f 642/639/638 601/600/597 641/640/637
f 643/641/639 602/599/598 642/639/638
f 643/641/639 604/602/600 603/601/599
f 644/642/640 605/603/601 604/602/600
f 645/643/641 606/604/602 605/603/601
f 646/644/642 607/605/603 606/604/602
f 647/645/643 608/606/604 607/605/603
f 648/646/644 609/607/605 608/606/604
f 650/647/646 609/607/605 649/648/645
f 651/649/647 610/608/606 650/647/646
f 652/650/648 611/609/607 651/649/647
f 653/651/649 612/611/608 652/650/648
f 653/651/649 614/612/610 613/610/609
f 655/652/651 614/612/610 654/653/650
f 655/652/651 616/613/612 615/614/611
f 657/654/653 616/613/612 656/655/652
f 657/654/653 618/616/614 617/615/613
f 658/656/654 619/617/615 618/616/614
f 659/657/655 620/618/616 619/617/615
f 660/658/656 621/619/617 620/618/616
f 661/659/657 622/620/618 621/619/617
f 662/660/658 623/621/619 622/620/618
f 663/661/659 624/622/620 623/621/619
f 664/662/660 625/623/621 624/622/620
f 665/663/661 626/624/622 625/623/621
f 666/664/662 627/625/623 626/624/622
f 667/665/663 628/626/624 627/625/623
f 668/666/664 629/627/625 628/626/624
f 669/667/665 630/628/626 629/627/625
f 670/668/666 631/630/627 630/628/626
f 672/669/668 631/630/627 671/670/667
f 672/669/668 633/631/629 632/629/628
f 673/671/669 634/632/630 633/631/629
f 674/672/670 635/633/631 634/632/630
f 675/673/671 636/634/632 635/633/631
f 676/674/672 637/635/633 636/634/632
f 677/675/673 638/636/634 637/635/633
f 678/676/674 639/637/635 638/636/634
f 679/677/675 640/678/636 639/637/635
f 682/679/678 641/640/637 681/680/677
f 683/681/679 642/639/638 682/679/678
f 683/681/679 644/642/640 643/641/639
f 684/682/680 645/643/641 644/642/640
f 685/683/681 646/644/642 645/643/641
f 686/684/682 647/645/643 646/644/642
f 687/685/683 648/646/644 647/645/643
f 688/686/684 649/648/645 648/646/644
f 689/687/685 650/647/646 649/648/645
f 690/688/686 651/649/647 650/647/646
f 692/689/688 651/649/647 691/690/687
f 692/689/688 653/651/649 652/650/648
f 693/691/689 654/653/650 653/651/649
f 694/692/690 655/652/651 654/653/650
f 696/693/692 655/652/651 695/694/691
f 696/693/692 657/654/653 656/655/652
f 697/695/693 658/656/654 657/654/653
f 698/696/694 659/657/655 658/656/654
f 699/697/695 660/658/656 659/657/655
f 700/698/696 661/659/657 660/658/656
f 701/699/697 662/660/658 661/659/657
f 702/700/698 663/661/659 662/660/658
f 703/701/699 664/662/660 663/661/659
f 704/702/700 665/663/661 664/662/660
f 706/703/702 665/663/661 705/704/701
f 707/705/703 666/664/662 706/703/702
f 707/705/703 668/666/664 667/665/663
f 708/706/704 669/667/665 668/666/664
f 709/707/705 670/668/666 669/667/665
f 710/708/706 671/670/667 670/668/666
f 712/709/708 671/670/667 711/710/707
f 712/709/708 673/671/669 672/669/668
f 713/711/709 674/672/670 673/671/669
f 714/712/710 675/673/671 674/672/670
f 715/713/711 676/674/672 675/673/671
f 716/714/712 677/675/673 676/674/672
f 717/715/713 678/676/674 677/675/673
f 718/716/714 679/677/675 678/676/674
f 719/717/715 680/718/676 679/677/675
f 722/719/718 681/680/677 721/720/717
f 723/721/719 682/679/678 722/719/718
f 723/721/719 684/682/680 683/681/679
f 724/722/720 685/683/681 684/682/680
f 725/723/721 686/684/682 685/683/681
f 727/724/723 686/684/682 726/725/722
f 728/726/724 687/685/683 727/724/723
f 729/727/725 688/686/684 728/726/724
f 729/727/725 690/688/686 689/687/685
f 731/728/727 690/688/686 730/729/726
f 731/728/727 692/689/688 691/690/687
f 732/730/728 693/691/689 692/689/688
f 734/731/730 693/691/689 733/732/729
f 734/731/730 695/694/691 694/692/690
f 735/733/731 696/693/692 695/694/691
f 737/734/733 696/693/692 736/735/732
f 738/736/734 697/695/693 737/734/733
f 739/737/735 698/696/694 738/736/734
f 739/737/735 700/698/696 699/697/695
f 740/738/736 701/699/697 700/698/696
f 741/739/737 702/700/698 701/699/697
f 742/740/738 703/701/699 702/700/698
f 743/741/739 704/702/700 703/701/699
f 744/742/740 705/704/701 704/702/700
f 746/743/742 705/704/701 745/744/741
f 747/745/743 706/703/702 746/743/742
f 747/745/743 708/706/704 707/705/703
f 748/746/744 709/707/705 708/706/704
f 749/747/745 710/708/706 709/707/705
f 750/748/746 711/710/707 710/708/706
f 751/749/747 712/709/708 711/710/707
f 752/750/748 713/711/709 712/709/708
f 753/751/749 714/712/710 713/711/709
f 754/752/750 715/713/711 714/712/710
f 755/753/751 716/714/712 715/713/711
f 756/754/752 717/715/713 716/714/712
f 757/755/753 718/716/714 717/715/713
f 758/756/754 719/717/715 718/716/714
f 759/757/755 720/758/716 719/717/715
f 762/759/758 721/720/717 761/760/757
f 763/761/759 722/719/718 762/759/758
f 763/761/759 724/722/720 723/721/719
f 764/762/760 725/723/721 724/722/720
f 766/763/762 725/723/721 765/764/761
f 767/765/763 726/725/722 766/763/762
f 768/766/764 727/724/723 767/765/763
f 769/767/765 728/726/724 768/766/764
f 770/768/766 729/727/725 769/767/765
f 771/769/767 730/729/726 770/768/766
f 771/769/767 732/730/728 731/728/727
f 772/770/768 733/732/729 732/730/728
f 773/771/769 734/731/730 733/732/729
f 774/772/770 735/733/731 734/731/730
f 776/773/772 735/733/731 775/774/771
f 776/773/772 737/734/733 736/735/732
f 777/775/773 738/736/734 737/734/733
f 778/776/774 739/737/735 738/736/734
f 779/777/775 740/738/736 739/737/735
f 780/778/776 741/739/737 740/738/736
f 781/779/777 742/740/738 741/739/737
f 783/780/779 742/740/738 782/781/778
f 783/780/779 744/742/740 743/741/739
f 784/782/780 745/744/741 744/742/740
f 786/783/782 745/744/741 785/784/781
f 787/785/783 746/743/742 786/783/782
f 787/785/783 748/746/744 747/745/743
f 788/786/784 749/747/745 748/746/744
f 789/787/785 750/748/746 749/747/745
f 790/788/786 751/749/747 750/748/746
f 791/789/787 752/750/748 751/749/747
f 792/790/788 753/751/749 752/750/748
f 793/791/789 754/752/750 753/751/749
f 794/792/790 755/753/751 754/752/750
f 795/793/791 756/754/752 755/753/751
f 796/794/792 757/755/753 756/754/752
f 797/795/793 758/756/754 757/755/753
f 798/796/794 759/757/755 758/756/754
f 799/797/795 760/798/756 759/757/755
f 802/799/798 761/760/757 801/800/797
f 803/801/799 762/759/758 802/799/798
f 803/801/799 764/762/760 763/761/759
f 804/802/800 765/764/761 764/762/760
f 806/803/802 765/764/761 805/804/801
f 807/805/803 766/763/762 806/803/802
f 807/805/803 768/766/764 767/765/763
f 808/806/804 769/767/765 768/766/764
f 810/807/806 769/767/765 809/808/805
f 811/809/807 770/768/766 810/807/806
f 811/809/807 772/770/768 771/769/767
f 813/810/809 772/770/768 812/811/808
f 813/810/809 774/772/770 773/771/769
f 814/812/810 775/774/771 774/772/770
f 815/813/811 776/773/772 775/774/771
f 816/814/812 777/775/773 776/773/772
f 817/815/813 778/776/774 777/775/773
f 818/816/814 779/777/775 778/776/774
f 819/817/815 780/778/776 779/777/775
f 820/818/816 781/779/777 780/778/776
f 821/819/817 782/781/778 781/779/777
f 823/820/819 782/781/778 822/821/818
f 823/820/819 784/782/780 783/780/779
f 824/822/820 785/784/781 784/782/780
f 826/823/822 785/784/781 825/824/821
f 827/825/823 786/783/782 826/823/822
f 827/825/823 788/786/784 787/785/783
f 828/826/824 789/787/785 788/786/784
f 829/827/825 790/788/786 789/787/785
f 830/828/826 791/789/787 790/788/786
f 831/829/827 792/790/788 791/789/787
f 832/830/828 793/791/789 792/790/788
f 833/831/829 794/792/790 793/791/789
f 835/832/831 794/792/790 834/833/830
f 836/834/832 795/793/791 835/832/831
f 836/834/832 797/795/793 796/794/792
f 837/835/833 798/796/794 797/795/793
f 838/836/834 799/797/795 798/796/794
f 839/837/835 800/838/796 799/797/795
f 841/839/837 802/799/798 801/800/797
f 843/840/839 802/799/798 842/841/838
f 843/840/839 804/802/800 803/801/799
f 844/842/840 805/804/801 804/802/800
f 845/843/841 806/803/802 805/804/801
f 846/844/842 807/805/803 806/803/802
f 848/845/844 807/805/803 847/846/843
f 849/847/845 808/806/804 848/845/844
f 849/847/845 810/807/806 809/808/805
f 850/848/846 811/809/807 810/807/806
f 852/849/848 811/809/807 851/850/847
f 853/851/849 812/811/808 852/849/848
f 853/851/849 814/812/810 813/810/809
f 855/852/851 814/812/810 854/853/850
f 856/854/852 815/813/811 855/852/851
f 856/854/852 817/815/813 816/814/812
f 857/855/853 818/816/814 817/815/813
f 858/856/854 819/817/815 818/816/814
f 859/857/855 820/818/816 819/817/815
f 860/858/856 821/819/817 820/818/816
f 861/859/857 822/821/818 821/819/817
f 862/860/858 823/820/819 822/821/818
f 864/861/860 823/820/819 863/862/859
f 864/861/860 825/824/821 824/822/820
f 865/863/861 826/823/822 825/824/821
f 866/864/862 827/825/823 826/823/822
f 867/865/863 828/826/824 827/825/823
f 868/866/864 829/827/825 828/826/824
f 869/867/865 830/828/826 829/827/825
f 870/868/866 831/829/827 830/828/826
f 871/869/867 832/830/828 831/829/827
f 872/870/868 833/831/829 832/830/828
f 873/871/869 834/833/830 833/831/829
f 875/872/871 834/833/830 874/873/870
f 876/874/872 835/832/831 875/872/871
f 876/874/872 837/835/833 836/834/832
f 877/875/873 838/836/834 837/835/833
f 878/876/874 839/837/835 838/836/834
f 879/877/875 840/878/836 839/837/835
f 881/879/877 842/841/838 841/839/837
f 882/880/878 843/840/839 842/841/838
f 883/881/879 844/842/840 843/840/839
f 884/882/880 845/843/841 844/842/840
f 885/883/881 846/844/842 845/843/841
f 887/884/883 846/844/842 886/885/882
f 887/884/883 848/845/844 847/846/843
f 889/886/885 848/845/844 888/887/884
f 889/886/885 850/848/846 849/847/845
f 891/888/887 850/848/846 890/889/886
f 892/890/888 851/850/847 891/888/887
f 893/891/889 852/849/848 892/890/888
f 894/892/890 853/851/849 893/891/889
f 894/892/890 855/852/851 854/853/850
f 896/893/892 855/852/851 895/894/891
f 897/895/893 856/854/852 896/893/892
f 898/896/894 857/855/853 897/895/893
f 899/897/895 858/856/854 898/896/894
f 899/897/895 860/858/856 859/857/855
f 900/898/896 861/859/857 860/858/856
f 901/899/897 862/860/858 861/859/857
f 902/900/898 863/862/859 862/860/858
f 903/901/899 864/861/860 863/862/859
f 904/902/900 865/863/861 864/861/860
f 905/903/901 866/864/862 865/863/861
f 906/904/902 867/865/863 866/864/862
f 907/905/903 868/866/864 867/865/863
f 908/906/904 869/867/865 868/866/864
f 909/907/905 870/868/866 869/867/865
f 910/908/906 871/869/867 870/868/866
f 911/909/907 872/870/868 871/869/867
f 912/910/908 873/871/869 872/870/868
f 913/911/909 874/873/870 873/871/869
f 915/912/911 874/873/870 914/913/910
f 916/914/912 875/872/871 915/912/911
f 916/914/912 877/875/873 876/874/872
f 917/915/913 878/876/874 877/875/873
f 918/916/914 879/877/875 878/876/874
f 920/917/916 879/877/875 919/918/915
f 921/919/917 882/880/878 881/879/877
f 922/920/918 883/881/879 882/880/878
f 923/921/919 884/882/880 883/881/879
f 924/922/920 885/883/881 884/882/880
f 926/923/922 885/883/881 925/924/921
f 926/923/922 887/884/883 886/885/882
f 927/925/923 888/887/884 887/884/883
f 928/926/924 889/886/885 888/887/884
f 930/927/926 889/886/885 929/928/925
f 931/929/927 890/889/886 930/927/926
f 931/929/927 892/890/888 891/888/887
f 932/930/928 893/891/889 892/890/888
f 933/931/929 894/892/890 893/891/889
f 935/932/931 894/892/890 934/933/930
f 935/932/931 896/893/892 895/894/891
f 937/934/933 896/893/892 936/935/932
f 937/934/933 898/896/894 897/895/893
f 939/936/935 898/896/894 938/937/934
f 940/938/936 899/897/895 939/936/935
f 940/938/936 901/899/897 900/898/896
f 941/939/937 902/900/898 901/899/897
f 942/940/938 903/901/899 902/900/898
f 943/941/939 904/902/900 903/901/899
f 944/942/940 905/903/901 904/902/900
f 946/943/942 905/903/901 945/944/941
f 947/945/943 906/904/902 946/943/942
f 948/946/944 907/905/903 947/945/943
f 949/947/945 908/906/904 948/946/944
f 949/947/945 910/908/906 909/907/905
f 950/948/946 911/909/907 910/908/906
f 952/949/948 911/909/907 951/950/947
f 952/949/948 913/911/909 912/910/908
f 953/951/949 914/913/910 913/911/909
f 955/952/951 914/913/910 954/953/950
f 956/954/952 915/912/911 955/952/951
f 956/954/952 917/915/913 916/914/912
f 957/955/953 918/916/914 917/915/913
f 959/956/955 918/916/914 958/957/954
f 960/958/956 919/918/915 959/956/955
f 961/959/957 922/920/918 921/919/917
f 962/960/958 923/921/919 922/920/918
f 963/961/959 924/922/920 923/921/919
f 965/962/961 924/922/920 964/963/960
f 966/964/962 925/924/921 965/962/961
f 967/965/963 926/923/922 966/964/962
f 967/965/963 928/926/924 927/925/923
f 969/966/965 928/926/924 968/967/964
f 969/966/965 930/927/926 929/928/925
f 971/968/967 930/927/926 970/969/966
f 971/968/967 932/930/928 931/929/927
f 972/970/968 933/931/929 932/930/928
f 973/971/969 934/933/930 933/931/929
f 975/972/971 934/933/930 974/973/970
f 975/972/971 936/935/932 935/932/931
f 977/974/973 936/935/932 976/975/972
f 978/976/974 937/934/933 977/974/973
f 979/977/975 938/937/934 978/976/974
f 980/978/976 939/936/935 979/977/975
f 981/979/977 940/938/936 980/978/976
f 981/979/977 942/940/938 941/939/937
f 982/980/978 943/941/939 942/940/938
f 983/981/979 944/942/940 943/941/939
f 984/982/980 945/944/941 944/942/940
f 986/983/982 945/944/941 985/984/981
f 987/985/983 946/943/942 986/983/982
f 988/986/984 947/945/943 987/985/983
f 989/987/985 948/946/944 988/986/984
f 989/987/985 950/948/946 949/947/945
f 990/988/986 951/950/947 950/948/946
f 992/989/988 951/950/947 991/990/987
f 992/989/988 953/951/949 952/949/948
f 994/991/990 953/951/949 993/992/989
f 995/993/991 954/953/950 994/991/990
f 996/994/992 955/952/951 995/993/991
f 996/994/992 957/955/953 956/954/952
f 997/995/993 958/957/954 957/955/953
f 999/996/995 958/957/954 998/997/994
f 1000/998/996 959/956/955 999/996/995
f 1002/999/998 961/959/957 1001/1000/997
f 1002/999/998 963/961/959 962/960/958
f 1003/1001/999 964/963/960 963/961/959
f 1004/1002/1000 965/962/961 964/963/960
f 1005/1003/1001 966/964/962 965/962/961
f 1006/1004/1002 967/965/963 966/964/962
f 1007/1005/1003 968/967/964 967/965/963
f 1008/1006/1004 969/966/965 968/967/964
f 1010/1007/1006 969/966/965 1009/1008/1005
f 1010/1007/1006 971/968/967 970/969/966
f 1012/1009/1008 971/968/967 1011/1010/1007
f 1013/1011/1009 972/970/968 1012/1009/1008
f 1014/1012/1010 973/971/969 1013/1011/1009
f 1014/1012/1010 975/972/971 974/973/970
f 1016/1013/1012 975/972/971 1015/1014/1011
f 1017/1015/1013 976/975/972 1016/1013/1012
f 1018/1016/1014 977/974/973 1017/1015/1013
f 1019/1017/1015 978/976/974 1018/1016/1014
f 1020/1018/1016 979/977/975 1019/1017/1015
f 1021/1019/1017 980/978/976 1020/1018/1016
f 1022/1020/1018 981/979/977 1021/1019/1017
f 1022/1020/1018 983/981/979 982/980/978
f 1023/1021/1019 984/982/980 983/981/979
f 1024/1022/1020 985/984/981 984/982/980
f 1025/1023/1021 986/983/982 985/984/981
f 1026/1024/1022 987/985/983 986/983/982
f 1028/1025/1024 987/985/983 1027/1026/1023
f 1029/1027/1025 988/986/984 1028/1025/1024
f 1030/1028/1026 989/987/985 1029/1027/1025
f 1030/1028/1026 991/990/987 990/988/986
f 1031/1029/1027 992/989/988 991/990/987
f 1032/1030/1028 993/992/989 992/989/988
f 1034/1031/1030 993/992/989 1033/1032/1029
f 1035/1033/1031 994/991/990 1034/1031/1030
f 1036/1034/1032 995/993/991 1035/1033/1031
f 1036/1034/1032 997/995/993 996/994/992
f 1037/1035/1033 998/997/994 997/995/993
f 1039/1036/1035 998/997/994 1038/1037/1034
f 1040/1038/1036 999/996/995 1039/1036/1035
f 1042/1039/1038 1001/1000/997 1041/1040/1037
f 1042/1039/1038 1003/1001/999 1002/999/998
f 1043/1041/1039 1004/1002/1000 1003/1001/999
f 1045/1042/1041 1004/1002/1000 1044/1043/1040
f 1046/1044/1042 1005/1003/1001 1045/1042/1041
f 1047/1045/1043 1006/1004/1002 1046/1044/1042
f 1047/1045/1043 1008/1006/1004 1007/1005/1003
f 1048/1046/1044 1009/1008/1005 1008/1006/1004
f 1049/1047/1045 1010/1007/1006 1009/1008/1005
f 1051/1048/1047 1010/1007/1006 1050/1049/1046
f 1052/1050/1048 1011/1010/1007 1051/1048/1047
f 1052/1050/1048 1013/1011/1009 1012/1009/1008
f 1053/1051/1049 1014/1012/1010 1013/1011/1009
f 1054/1052/1050 1015/1014/1011 1014/1012/1010
f 1056/1053/1052 1015/1014/1011 1055/1054/1051
f 1057/1055/1053 1016/1013/1012 1056/1053/1052
f 1058/1056/1054 1017/1015/1013 1057/1055/1053
f 1059/1057/1055 1018/1016/1014 1058/1056/1054
f 1060/1058/1056 1019/1017/1015 1059/1057/1055
f 1061/1059/1057 1020/1018/1016 1060/1058/1056
f 1062/1060/1058 1021/1019/1017 1061/1059/1057
f 1062/1060/1058 1023/1021/1019 1022/1020/1018
f 1063/1061/1059 1024/1022/1020 1023/1021/1019
f 1064/1062/1060 1025/1023/1021 1024/1022/1020
f 1066/1063/1062 1025/1023/1021 1065/1064/1061
f 1067/1065/1063 1026/1024/1022 1066/1063/1062
f 1068/1066/1064 1027/1026/1023 1067/1065/1063
f 1069/1067/1065 1028/1025/1024 1068/1066/1064
f 1070/1068/1066 1029/1027/1025 1069/1067/1065
f 1070/1068/1066 1031/1029/1027 1030/1028/1026
f 1071/1069/1067 1032/1030/1028 1031/1029/1027
f 1072/1070/1068 1033/1032/1029 1032/1030/1028
f 1074/1071/1070 1033/1032/1029 1073/1072/1069
f 1075/1073/1071 1034/1031/1030 1074/1071/1070
f 1076/1074/1072 1035/1033/1031 1075/1073/1071
f 1076/1074/1072 1037/1035/1033 1036/1034/1032
f 1077/1075/1073 1038/1037/1034 1037/1035/1033
f 1078/1076/1074 1039/1036/1035 1038/1037/1034
f 1080/1077/1076 1039/1036/1035 1079/1078/1075
f 1081/1079/1077 1042/1039/1038 1041/1040/1037
f 1082/1080/1078 1043/1041/1039 1042/1039/1038
f 1083/1081/1079 1044/1043/1040 1043/1041/1039
f 1085/1082/1081 1044/1043/1040 1084/1083/1080
f 1086/1084/1082 1045/1042/1041 1085/1082/1081
f 1086/1084/1082 1047/1045/1043 1046/1044/1042
f 1087/1085/1083 1048/1046/1044 1047/1045/1043
f 1089/1086/1085 1048/1046/1044 1088/1087/1084
f 1089/1086/1085 1050/1049/1046 1049/1047/1045
f 1090/1088/1086 1051/1048/1047 1050/1049/1046
f 1092/1089/1088 1051/1048/1047 1091/1090/1087
f 1093/1091/1089 1052/1050/1048 1092/1089/1088
f 1093/1091/1089 1054/1052/1050 1053/1051/1049
f 1095/1092/1091 1054/1052/1050 1094/1093/1090
f 1095/1092/1091 1056/1053/1052 1055/1054/1051
f 1097/1094/1093 1056/1053/1052 1096/1095/1092
f 1098/1096/1094 1057/1055/1053 1097/1094/1093
f 1099/1097/1095 1058/1056/1054 1098/1096/1094
f 1100/1098/1096 1059/1057/1055 1099/1097/1095
f 1101/1099/1097 1060/1058/1056 1100/1098/1096
f 1102/1100/1098 1061/1059/1057 1101/1099/1097
f 1102/1100/1098 1063/1061/1059 1062/1060/1058
f 1103/1101/1099 1064/1062/1060 1063/1061/1059
f 1104/1102/1100 1065/1064/1061 1064/1062/1060
f 1106/1103/1102 1065/1064/1061 1105/1104/1101
f 1107/1105/1103 1066/1063/1062 1106/1103/1102
f 1108/1106/1104 1067/1065/1063 1107/1105/1103
f 1109/1107/1105 1068/1066/1064 1108/1106/1104
f 1110/1108/1106 1069/1067/1065 1109/1107/1105
f 1110/1108/1106 1071/1069/1067 1070/1068/1066
f 1111/1109/1107 1072/1070/1068 1071/1069/1067
f 1112/1110/1108 1073/1072/1069 1072/1070/1068
f 1114/1111/1110 1073/1072/1069 1113/1112/1109
f 1115/1113/1111 1074/1071/1070 1114/1111/1110
f 1116/1114/1112 1075/1073/1071 1115/1113/1111
f 1116/1114/1112 1077/1075/1073 1076/1074/1072
f 1117/1115/1113 1078/1076/1074 1077/1075/1073
f 1118/1116/1114 1079/1078/1075 1078/1076/1074
f 1119/1117/1115 1080/1077/1076 1079/1078/1075
f 1121/1118/1117 1082/1080/1078 1081/1079/1077
f 1122/1119/1118 1083/1081/1079 1082/1080/1078
f 1123/1120/1119 1084/1083/1080 1083/1081/1079
f 1125/1121/1121 1084/1083/1080 1124/1122/1120
f 1126/1123/1122 1085/1082/1081 1125/1121/1121
f 1127/1124/1123 1086/1084/1082 1126/1123/1122
f 1127/1124/1123 1088/1087/1084 1087/1085/1083
f 1128/1125/1124 1089/1086/1085 1088/1087/1084
f 1130/1126/1126 1089/1086/1085 1129/1127/1125
f 1130/1126/1126 1091/1090/1087 1090/1088/1086
f 1132/1128/1128 1091/1090/1087 1131/1129/1127
f 1132/1128/1128 1093/1091/1089 1092/1089/1088
f 1134/1130/1130 1093/1091/1089 1133/1131/1129
f 1135/1132/1131 1094/1093/1090 1134/1130/1130
f 1135/1132/1131 1096/1095/1092 1095/1092/1091
f 1137/1133/1133 1096/1095/1092 1136/1134/1132
f 1138/1135/1134 1097/1094/1093 1137/1133/1133
f 1139/1136/1135 1098/1096/1094 1138/1135/1134
f 1140/1137/1136 1099/1097/1095 1139/1136/1135
f 1141/1138/1137 1100/1098/1096 1140/1137/1136
f 1142/1139/1138 1101/1099/1097 1141/1138/1137
f 1142/1139/1138 1103/1101/1099 1102/1100/1098
f 1143/1140/1139 1104/1102/1100 1103/1101/1099
f 1144/1141/1140 1105/1104/1101 1104/1102/1100
f 1146/1142/1142 1105/1104/1101 1145/1143/1141
f 1147/1144/1143 1106/1103/1102 1146/1142/1142
f 1148/1145/1144 1107/1105/1103 1147/1144/1143
f 1149/1146/1145 1108/1106/1104 1148/1145/1144
f 1150/1147/1146 1109/1107/1105 1149/1146/1145
f 1150/1147/1146 1111/1109/1107 1110/1108/1106
f 1151/1148/1147 1112/1110/1108 1111/1109/1107
f 1152/1149/1148 1113/1112/1109 1112/1110/1108
f 1153/1150/1149 1114/1111/1110 1113/1112/1109
f 1155/1151/1151 1114/1111/1110 1154/1152/1150
f 1156/1153/1152 1115/1113/1111 1155/1151/1151
f 1157/1154/1153 1116/1114/1112 1156/1153/1152
f 1157/1154/1153 1118/1116/1114 1117/1115/1113
f 1158/1155/1154 1119/1117/1115 1118/1116/1114
f 1160/1156/1156 1119/1117/1115 1159/1157/1155
f 1161/1158/1157 1122/1119/1118 1121/1118/1117
f 1162/1159/1158 1123/1120/1119 1122/1119/1118
f 1163/1160/1159 1124/1122/1120 1123/1120/1119
f 1165/1161/1161 1124/1122/1120 1164/1162/1160
f 1166/1163/1162 1125/1121/1121 1165/1161/1161
f 1167/1164/1163 1126/1123/1122 1166/1163/1162
f 1168/1165/1164 1127/1124/1123 1167/1164/1163
f 1169/1166/1165 1128/1125/1124 1168/1165/1164
f 1170/1167/1166 1129/1127/1125 1169/1166/1165
f 1170/1167/1166 1131/1129/1127 1130/1126/1126
f 1172/1168/1168 1131/1129/1127 1171/1169/1167
f 1173/1170/1169 1132/1128/1128 1172/1168/1168
f 1174/1171/1170 1133/1131/1129 1173/1170/1169
f 1174/1171/1170 1135/1132/1131 1134/1130/1130
f 1175/1172/1171 1136/1134/1132 1135/1132/1131
f 1176/1173/1172 1137/1133/1133 1136/1134/1132
f 1178/1174/1174 1137/1133/1133 1177/1175/1173
f 1179/1176/1175 1138/1135/1134 1178/1174/1174
f 1180/1177/1176 1139/1136/1135 1179/1176/1175
f 1181/1178/1177 1140/1137/1136 1180/1177/1176
f 1182/1179/1178 1141/1138/1137 1181/1178/1177
f 1182/1179/1178 1143/1140/1139 1142/1139/1138
f 1183/1180/1179 1144/1141/1140 1143/1140/1139
f 1184/1181/1180 1145/1143/1141 1144/1141/1140
f 1185/1182/1181 1146/1142/1142 1145/1143/1141
f 1187/1183/1183 1146/1142/1142 1186/1184/1182
f 1188/1185/1184 1147/1144/1143 1187/1183/1183
f 1188/1185/1184 1149/1146/1145 1148/1145/1144
f 1189/1186/1185 1150/1147/1146 1149/1146/1145
f 1190/1187/1186 1151/1148/1147 1150/1147/1146
f 1191/1188/1187 1152/1149/1148 1151/1148/1147
f 1192/1189/1188 1153/1150/1149 1152/1149/1148
f 1194/1190/1190 1153/1150/1149 1193/1191/1189
f 1195/1192/1191 1154/1152/1150 1194/1190/1190
f 1196/1193/1192 1155/1151/1151 1195/1192/1191
f 1197/1194/1193 1156/1153/1152 1196/1193/1192
f 1198/1195/1194 1157/1154/1153 1197/1194/1193
f 1199/1196/1195 1158/1155/1154 1198/1195/1194
f 1200/1197/1196 1159/1157/1155 1199/1196/1195
f 1201/1198/1197 1162/1159/1158 1161/1158/1157
f 1202/1199/1198 1163/1160/1159 1162/1159/1158
f 1204/1200/1200 1163/1160/1159 1203/1201/1199
f 1205/1202/1201 1164/1162/1160 1204/1200/1200
f 1205/1202/1201 1166/1163/1162 1165/1161/1161
f 1206/1203/1202 1167/1164/1163 1166/1163/1162
f 1208/1204/1204 1167/1164/1163 1207/1205/1203
f 1208/1204/1204 1169/1166/1165 1168/1165/1164
f 1210/1206/1206 1169/1166/1165 1209/1207/1205
f 1210/1206/1206 1171/1169/1167 1170/1167/1166
f 1212/1208/1208 1171/1169/1167 1211/1209/1207
f 1213/1210/1209 1172/1168/1168 1212/1208/1208
f 1214/1211/1210 1173/1170/1169 1213/1210/1209
f 1215/1212/1211 1174/1171/1170 1214/1211/1210
f 1216/1213/1212 1175/1172/1171 1215/1212/1211
f 1216/1213/1212 1177/1175/1173 1176/1173/1172
f 1218/1214/1214 1177/1175/1173 1217/1215/1213
f 1219/1216/1215 1178/1174/1174 1218/1214/1214
f 1220/1217/1216 1179/1176/1175 1219/1216/1215
f 1221/1218/1217 1180/1177/1176 1220/1217/1216
f 1222/1219/1218 1181/1178/1177 1221/1218/1217
f 1223/1220/1219 1182/1179/1178 1222/1219/1218
f 1223/1220/1219 1184/1181/1180 1183/1180/1179
f 1224/1221/1220 1185/1182/1181 1184/1181/1180
f 1225/1222/1221 1186/1184/1182 1185/1182/1181
f 1226/1223/1222 1187/1183/1183 1186/1184/1182
f 1227/1224/1223 1188/1185/1184 1187/1183/1183
f 1228/1225/1224 1189/1186/1185 1188/1185/1184
f 1229/1226/1225 1190/1187/1186 1189/1186/1185
f 1230/1227/1226 1191/1188/1187 1190/1187/1186
f 1231/1228/1227 1192/1189/1188 1191/1188/1187
f 1233/1229/1229 1192/1189/1188 1232/1230/1228
f 1234/1231/1230 1193/1191/1189 1233/1229/1229
f 1235/1232/1231 1194/1190/1190 1234/1231/1230
f 1236/1233/1232 1195/1192/1191 1235/1232/1231
f 1237/1234/1233 1196/1193/1192 1236/1233/1232
f 1238/1235/1234 1197/1194/1193 1237/1234/1233
f 1239/1236/1235 1198/1195/1194 1238/1235/1234
f 1240/1237/1236 1199/1196/1195 1239/1236/1235
f 1241/1238/1237 1202/1199/1198 1201/1198/1197
f 1243/1239/1239 1202/1199/1198 1242/1240/1238
f 1243/1239/1239 1204/1200/1200 1203/1201/1199
f 1244/1241/1240 1205/1202/1201 1204/1200/1200
f 1246/1242/1242 1205/1202/1201 1245/1243/1241
f 1247/1244/1243 1206/1203/1202 1246/1242/1242
f 1248/1245/1244 1207/1205/1203 1247/1244/1243
f 1249/1246/1245 1208/1204/1204 1248/1245/1244
f 1250/1247/1246 1209/1207/1205 1249/1246/1245
f 1251/1248/1247 1210/1206/1206 1250/1247/1246
f 1251/1248/1247 1212/1208/1208 1211/1209/1207
f 1252/1249/1248 1213/1210/1209 1212/1208/1208
f 1254/1250/1250 1213/1210/1209 1253/1251/1249
f 1254/1250/1250 1215/1212/1211 1214/1211/1210
f 1256/1252/1252 1215/1212/1211 1255/1253/1251
f 1256/1252/1252 1217/1215/1213 1216/1213/1212
f 1258/1254/1254 1217/1215/1213 1257/1255/1253
f 1259/1256/1255 1218/1214/1214 1258/1254/1254
f 1260/1257/1256 1219/1216/1215 1259/1256/1255
f 1261/1258/1257 1220/1217/1216 1260/1257/1256
f 1262/1259/1258 1221/1218/1217 1261/1258/1257
f 1263/1260/1259 1222/1219/1218 1262/1259/1258
f 1263/1260/1259 1224/1221/1220 1223/1220/1219
f 1264/1261/1260 1225/1222/1221 1224/1221/1220
f 1265/1262/1261 1226/1223/1222 1225/1222/1221
f 1266/1263/1262 1227/1224/1223 1226/1223/1222
f 1267/1264/1263 1228/1225/1224 1227/1224/1223
f 1268/1265/1264 1229/1226/1225 1228/1225/1224
f 1269/1266/1265 1230/1227/1226 1229/1226/1225
f 1270/1267/1266 1231/1228/1227 1230/1227/1226
f 1272/1268/1268 1231/1228/1227 1271/1269/1267
f 1273/1270/1269 1232/1230/1228 1272/1268/1268
f 1274/1271/1270 1233/1229/1229 1273/1270/1269
f 1275/1272/1271 1234/1231/1230 1274/1271/1270
f 1276/1273/1272 1235/1232/1231 1275/1272/1271
f 1277/1274/1273 1236/1233/1232 1276/1273/1272
f 1278/1275/1274 1237/1234/1233 1277/1274/1273
f 1279/1276/1275 1238/1235/1234 1278/1275/1274
f 1280/1277/1276 1239/1236/1235 1279/1276/1275
f 1282/1278/1278 1241/1238/1237 1281/1279/1277
f 1282/1278/1278 1243/1239/1239 1242/1240/1238
f 1283/1280/1279 1244/1241/1240 1243/1239/1239
f 1284/1281/1280 1245/1243/1241 1244/1241/1240
f 1286/1282/1282 1245/1243/1241 1285/1283/1281
f 1287/1284/1283 1246/1242/1242 1286/1282/1282
f 1287/1284/1283 1248/1245/1244 1247/1244/1243
f 1288/1285/1284 1249/1246/1245 1248/1245/1244
f 1290/1286/1286 1249/1246/1245 1289/1287/1285
f 1290/1286/1286 1251/1248/1247 1250/1247/1246
f 1292/1288/1288 1251/1248/1247 1291/1289/1287
f 1293/1290/1289 1252/1249/1248 1292/1288/1288
f 1293/1290/1289 1254/1250/1250 1253/1251/1249
f 1295/1291/1291 1254/1250/1250 1294/1292/1290
f 1295/1291/1291 1256/1252/1252 1255/1253/1251
f 1296/1293/1292 1257/1255/1253 1256/1252/1252
f 1297/1294/1293 1258/1254/1254 1257/1255/1253
f 1299/1295/1295 1258/1254/1254 1298/1296/1294
f 1300/1297/1296 1259/1256/1255 1299/1295/1295
f 1301/1298/1297 1260/1257/1256 1300/1297/1296
f 1302/1299/1298 1261/1258/1257 1301/1298/1297
f 1303/1300/1299 1262/1259/1258 1302/1299/1298
f 1303/1300/1299 1264/1261/1260 1263/1260/1259
f 1304/1301/1300 1265/1262/1261 1264/1261/1260
f 1305/1302/1301 1266/1263/1262 1265/1262/1261
f 1306/1303/1302 1267/1264/1263 1266/1263/1262
f 1307/1304/1303 1268/1265/1264 1267/1264/1263
f 1308/1305/1304 1269/1266/1265 1268/1265/1264
f 1309/1306/1305 1270/1267/1266 1269/1266/1265
f 1310/1307/1306 1271/1269/1267 1270/1267/1266
f 1312/1308/1308 1271/1269/1267 1311/1309/1307
f 1313/1310/1309 1272/1268/1268 1312/1308/1308
f 1314/1311/1310 1273/1270/1269 1313/1310/1309
f 1315/1312/1311 1274/1271/1270 1314/1311/1310
f 1316/1313/1312 1275/1272/1271 1315/1312/1311
f 1317/1314/1313 1276/1273/1272 1316/1313/1312
f 1318/1315/1314 1277/1274/1273 1317/1314/1313
f 1319/1316/1315 1278/1275/1274 1318/1315/1314
f 1320/1317/1316 1279/1276/1275 1319/1316/1315
f 1321/1318/1317 1282/1278/1278 1281/1279/1277
f 1322/1319/1318 1283/1280/1279 1282/1278/1278
f 1324/1320/1320 1283/1280/1279 1323/1321/1319
f 1325/1322/1321 1284/1281/1280 1324/1320/1320
f 1325/1322/1321 1286/1282/1282 1285/1283/1281
f 1326/1323/1322 1287/1284/1283 1286/1282/1282
f 1327/1324/1323 1288/1285/1284 1287/1284/1283
f 1329/1325/1325 1288/1285/1284 1328/1326/1324
f 1329/1325/1325 1290/1286/1286 1289/1287/1285
f 1331/1327/1327 1290/1286/1286 1330/1328/1326
f 1331/1327/1327 1292/1288/1288 1291/1289/1287
f 1333/1329/1329 1292/1288/1288 1332/1330/1328
f 1334/1331/1330 1293/1290/1289 1333/1329/1329
f 1335/1332/1331 1294/1292/1290 1334/1331/1330
f 1336/1333/1332 1295/1291/1291 1335/1332/1331
f 1336/1333/1332 1297/1294/1293 1296/1293/1292
f 1338/1334/1334 1297/1294/1293 1337/1335/1333
f 1338/1334/1334 1299/1295/1295 1298/1296/1294
f 1340/1336/1336 1299/1295/1295 1339/1337/1335
f 1341/1338/1337 1300/1297/1296 1340/1336/1336
f 1342/1339/1338 1301/1298/1297 1341/1338/1337
f 1343/1340/1339 1302/1299/1298 1342/1339/1338
f 1343/1340/1339 1304/1301/1300 1303/1300/1299
f 1344/1341/1340 1305/1302/1301 1304/1301/1300
f 1345/1342/1341 1306/1303/1302 1305/1302/1301
f 1346/1343/1342 1307/1304/1303 1306/1303/1302
f 1347/1344/1343 1308/1305/1304 1307/1304/1303
f 1348/1345/1344 1309/1306/1305 1308/1305/1304
f 1349/1346/1345 1310/1307/1306 1309/1306/1305
f 1350/1347/1346 1311/1309/1307 1310/1307/1306
f 1352/1348/1348 1311/1309/1307 1351/1349/1347
f 1353/1350/1349 1312/1308/1308 1352/1348/1348
f 1353/1350/1349 1314/1311/1310 1313/1310/1309
f 1355/1351/1351 1314/1311/1310 1354/1352/1350
f 1356/1353/1352 1315/1312/1311 1355/1351/1351
f 1357/1354/1353 1316/1313/1312 1356/1353/1352
f 1358/1355/1354 1317/1314/1313 1357/1354/1353
f 1359/1356/1355 1318/1315/1314 1358/1355/1354
f 1360/1357/1356 1319/1316/1315 1359/1356/1355
f 1361/1358/1357 1322/1319/1318 1321/1318/1317
f 1362/1359/1358 1323/1321/1319 1322/1319/1318
f 1364/1360/1360 1323/1321/1319 1363/1361/1359
f 1364/1360/1360 1325/1322/1321 1324/1320/1320
f 1366/1362/1362 1325/1322/1321 1365/1363/1361
f 1367/1364/1363 1326/1323/1322 1366/1362/1362
f 1367/1364/1363 1328/1326/1324 1327/1324/1323
f 1369/1365/1365 1328/1326/1324 1368/1366/1364
f 1370/1367/1366 1329/1325/1325 1369/1365/1365
f 1370/1367/1366 1331/1327/1327 1330/1328/1326
f 1371/1368/1367 1332/1330/1328 1331/1327/1327
f 1372/1369/1368 1333/1329/1329 1332/1330/1328
f 1374/1370/1370 1333/1329/1329 1373/1371/1369
f 1374/1370/1370 1335/1332/1331 1334/1331/1330
f 1375/1372/1371 1336/1333/1332 1335/1332/1331
f 1376/1373/1372 1337/1335/1333 1336/1333/1332
f 1377/1374/1373 1338/1334/1334 1337/1335/1333
f 1378/1375/1374 1339/1337/1335 1338/1334/1334
f 1379/1376/1375 1340/1336/1336 1339/1337/1335
f 1381/1377/1377 1340/1336/1336 1380/1378/1376
f 1382/1379/1378 1341/1338/1337 1381/1377/1377
f 1382/1379/1378 1343/1340/1339 1342/1339/1338
f 1383/1380/1379 1344/1341/1340 1343/1340/1339
f 1384/1381/1380 1345/1342/1341 1344/1341/1340
f 1385/1382/1381 1346/1343/1342 1345/1342/1341
f 1386/1383/1382 1347/1344/1343 1346/1343/1342
f 1387/1384/1383 1348/1345/1344 1347/1344/1343
f 1388/1385/1384 1349/1346/1345 1348/1345/1344
f 1389/1386/1385 1350/1347/1346 1349/1346/1345
f 1390/1387/1386 1351/1349/1347 1350/1347/1346
f 1391/1388/1387 1352/1348/1348 1351/1349/1347
f 1392/1389/1388 1353/1350/1349 1352/1348/1348
f 1393/1390/1389 1354/1352/1350 1353/1350/1349
f 1395/1391/1391 1354/1352/1350 1394/1392/1390
f 1396/1393/1392 1355/1351/1351 1395/1391/1391
f 1397/1394/1393 1356/1353/1352 1396/1393/1392
f 1398/1395/1394 1357/1354/1353 1397/1394/1393
f 1399/1396/1395 1358/1355/1354 1398/1395/1394
f 1399/1396/1395 1360/1357/1356 1359/1356/1355
f 1401/1397/1397 1362/1359/1358 1361/1358/1357
f 1402/1398/1398 1363/1361/1359 1362/1359/1358
f 1404/1399/1400 1363/1361/1359 1403/1400/1399
f 1404/1399/1400 1365/1363/1361 1364/1360/1360
f 1406/1401/1402 1365/1363/1361 1405/1402/1401
f 1407/1403/1403 1366/1362/1362 1406/1401/1402
f 1407/1403/1403 1368/1366/1364 1367/1364/1363
f 1408/1404/1404 1369/1365/1365 1368/1366/1364
f 1409/1405/1405 1370/1367/1366 1369/1365/1365
f 1410/1406/1406 1371/1368/1367 1370/1367/1366
f 1412/1407/1408 1371/1368/1367 1411/1408/1407
f 1413/1409/1409 1372/1369/1368 1412/1407/1408
f 1414/1410/1410 1373/1371/1369 1413/1409/1409
f 1414/1410/1410 1375/1372/1371 1374/1370/1370
f 1415/1411/1411 1376/1373/1372 1375/1372/1371
f 1416/1412/1412 1377/1374/1373 1376/1373/1372
f 1417/1413/1413 1378/1375/1374 1377/1374/1373
f 1418/1414/1414 1379/1376/1375 1378/1375/1374
f 1419/1415/1415 1380/1378/1376 1379/1376/1375
f 1420/1416/1416 1381/1377/1377 1380/1378/1376
f 1421/1417/1417 1382/1379/1378 1381/1377/1377
f 1422/1418/1418 1383/1380/1379 1382/1379/1378
f 1423/1419/1419 1384/1381/1380 1383/1380/1379
f 1424/1420/1420 1385/1382/1381 1384/1381/1380
f 1425/1421/1421 1386/1383/1382 1385/1382/1381
f 1426/1422/1422 1387/1384/1383 1386/1383/1382
f 1427/1423/1423 1388/1385/1384 1387/1384/1383
f 1428/1424/1424 1389/1386/1385 1388/1385/1384
f 1429/1425/1425 1390/1387/1386 1389/1386/1385
f 1430/1426/1426 1391/1388/1387 1390/1387/1386
f 1431/1427/1427 1392/1389/1388 1391/1388/1387
f 1432/1428/1428 1393/1390/1389 1392/1389/1388
f 1434/1429/1430 1393/1390/1389 1433/1430/1429
f 1435/1431/1431 1394/1392/1390 1434/1429/1430
f 1436/1432/1432 1395/1391/1391 1435/1431/1431
f 1437/1433/1433 1396/1393/1392 1436/1432/1432
f 1438/1434/1434 1397/1394/1393 1437/1433/1433
f 1439/1435/1435 1398/1395/1394 1438/1434/1434
f 1440/1436/1436 1399/1396/1395 1439/1435/1435
f 1441/1437/1437 1402/1398/1398 1401/1397/1397
f 1443/1438/1439 1402/1398/1398 1442/1439/1438
f 1444/1440/1440 1403/1400/1399 1443/1438/1439
f 1444/1440/1440 1405/1402/1401 1404/1399/1400
f 1446/1441/1442 1405/1402/1401 1445/1442/1441
f 1447/1443/1443 1406/1401/1402 1446/1441/1442
f 1448/1444/1444 1407/1403/1403 1447/1443/1443
f 1448/1444/1444 1409/1405/1405 1408/1404/1404
f 1449/1445/1445 1410/1406/1406 1409/1405/1405
f 1450/1446/1446 1411/1408/1407 1410/1406/1406
f 1451/1447/1447 1412/1407/1408 1411/1408/1407
f 1453/1448/1449 1412/1407/1408 1452/1449/1448
f 1454/1450/1450 1413/1409/1409 1453/1448/1449
f 1454/1450/1450 1415/1411/1411 1414/1410/1410
f 1455/1451/1451 1416/1412/1412 1415/1411/1411
f 1456/1452/1452 1417/1413/1413 1416/1412/1412
f 1457/1453/1453 1418/1414/1414 1417/1413/1413
f 1458/1454/1454 1419/1415/1415 1418/1414/1414
f 1459/1455/1455 1420/1416/1416 1419/1415/1415
f 1461/1456/1457 1420/1416/1416 1460/1457/1456
f 1461/1456/1457 1422/1418/1418 1421/1417/1417
f 1462/1458/1458 1423/1419/1419 1422/1418/1418
f 1464/1459/1460 1423/1419/1419 1463/1460/1459
f 1465/1461/1461 1424/1420/1420 1464/1459/1460
f 1465/1461/1461 1426/1422/1422 1425/1421/1421
f 1466/1462/1462 1427/1423/1423 1426/1422/1422
f 1467/1463/1463 1428/1424/1424 1427/1423/1423
f 1468/1464/1464 1429/1425/1425 1428/1424/1424
f 1469/1465/1465 1430/1426/1426 1429/1425/1425
f 1470/1466/1466 1431/1427/1427 1430/1426/1426
f 1471/1467/1467 1432/1428/1428 1431/1427/1427
f 1473/1468/1469 1432/1428/1428 1472/1469/1468
f 1474/1470/1470 1433/1430/1429 1473/1468/1469
f 1475/1471/1471 1434/1429/1430 1474/1470/1470
f 1476/1472/1472 1435/1431/1431 1475/1471/1471
f 1477/1473/1473 1436/1432/1432 1476/1472/1472
f 1478/1474/1474 1437/1433/1433 1477/1473/1473
f 1479/1475/1475 1438/1434/1434 1478/1474/1474
f 1480/1476/1476 1439/1435/1435 1479/1475/1475
f 1482/1477/1478 1441/1437/1437 1481/1478/1477
f 1483/1479/1479 1442/1439/1438 1482/1477/1478
f 1484/1480/1480 1443/1438/1439 1483/1479/1479
f 1485/1481/1481 1444/1440/1440 1484/1480/1480
f 1485/1481/1481 1446/1441/1442 1445/1442/1441
f 1487/1482/1483 1446/1441/1442 1486/1483/1482
f 1488/1484/1484 1447/1443/1443 1487/1482/1483
f 1489/1485/1485 1448/1444/1444 1488/1484/1484
f 1490/1486/1486 1449/1445/1445 1489/1485/1485
f 1490/1486/1486 1451/1447/1447 1450/1446/1446
f 1492/1487/1488 1451/1447/1447 1491/1488/1487
f 1493/1489/1489 1452/1449/1448 1492/1487/1488
f 1494/1490/1490 1453/1448/1449 1493/1489/1489
f 1495/1491/1491 1454/1450/1450 1494/1490/1490
f 1496/1492/1492 1455/1451/1451 1495/1491/1491
f 1496/1492/1492 1457/1453/1453 1456/1452/1452
f 1497/1493/1493 1458/1454/1454 1457/1453/1453
f 1498/1494/1494 1459/1455/1455 1458/1454/1454
f 1499/1495/1495 1460/1457/1456 1459/1455/1455
f 1500/1496/1496 1461/1456/1457 1460/1457/1456
f 1502/1497/1498 1461/1456/1457 1501/1498/1497
f 1503/1499/1499 1462/1458/1458 1502/1497/1498
f 1504/1500/1500 1463/1460/1459 1503/1499/1499
f 1505/1501/1501 1464/1459/1460 1504/1500/1500
f 1506/1502/1502 1465/1461/1461 1505/1501/1501
f 1507/1503/1503 1466/1462/1462 1506/1502/1502
f 1507/1503/1503 1468/1464/1464 1467/1463/1463
f 1508/1504/1504 1469/1465/1465 1468/1464/1464
f 1509/1505/1505 1470/1466/1466 1469/1465/1465
f 1510/1506/1506 1471/1467/1467 1470/1466/1466
f 1512/1507/1508 1471/1467/1467 1511/1508/1507
f 1513/1509/1509 1472/1469/1468 1512/1507/1508
f 1514/1510/1510 1473/1468/1469 1513/1509/1509
f 1515/1511/1511 1474/1470/1470 1514/1510/1510
f 1516/1512/1512 1475/1471/1471 1515/1511/1511
f 1517/1513/1513 1476/1472/1472 1516/1512/1512
f 1518/1514/1514 1477/1473/1473 1517/1513/1513
f 1519/1515/1515 1478/1474/1474 1518/1514/1514
f 1520/1516/1516 1479/1475/1475 1519/1515/1515
f 1522/1517/1518 1481/1478/1477 1521/1518/1517
f 1523/1519/1519 1482/1477/1478 1522/1517/1518
f 1523/1519/1519 1484/1480/1480 1483/1479/1479
f 1525/1520/1521 1484/1480/1480 1524/1521/1520
f 1526/1522/1522 1485/1481/1481 1525/1520/1521
f 1526/1522/1522 1487/1482/1483 1486/1483/1482
f 1527/1523/1523 1488/1484/1484 1487/1482/1483
f 1528/1524/1524 1489/1485/1485 1488/1484/1484
f 1530/1525/1526 1489/1485/1485 1529/1526/1525
f 1531/1527/1527 1490/1486/1486 1530/1525/1526
f 1532/1528/1528 1491/1488/1487 1531/1527/1527
f 1533/1529/1529 1492/1487/1488 1532/1528/1528
f 1534/1530/1530 1493/1489/1489 1533/1529/1529
f 1535/1531/1531 1494/1490/1490 1534/1530/1530
f 1535/1531/1531 1496/1492/1492 1495/1491/1491
f 1536/1532/1532 1497/1493/1493 1496/1492/1492
f 1537/1533/1533 1498/1494/1494 1497/1493/1493
f 1538/1534/1534 1499/1495/1495 1498/1494/1494
f 1539/1535/1535 1500/1496/1496 1499/1495/1495
f 1541/1536/1537 1500/1496/1496 1540/1537/1536
f 1542/1538/1538 1501/1498/1497 1541/1536/1537
f 1543/1539/1539 1502/1497/1498 1542/1538/1538
f 1544/1540/1540 1503/1499/1499 1543/1539/1539
f 1545/1541/1541 1504/1500/1500 1544/1540/1540
f 1546/1542/1542 1505/1501/1501 1545/1541/1541
f 1547/1543/1543 1506/1502/1502 1546/1542/1542
f 1547/1543/1543 1508/1504/1504 1507/1503/1503
f 1548/1544/1544 1509/1505/1505 1508/1504/1504
f 1549/1545/1545 1510/1506/1506 1509/1505/1505
f 1550/1546/1546 1511/1508/1507 1510/1506/1506
f 1552/1547/1548 1511/1508/1507 1551/1548/1547
f 1553/1549/1549 1512/1507/1508 1552/1547/1548
f 1553/1549/1549 1514/1510/1510 1513/1509/1509
f 1554/1550/1550 1515/1511/1511 1514/1510/1510
f 1555/1551/1551 1516/1512/1512 1515/1511/1511
f 1557/1552/1553 1516/1512/1512 1556/1553/1552
f 1558/1554/1554 1517/1513/1513 1557/1552/1553
f 1559/1555/1555 1518/1514/1514 1558/1554/1554
f 1560/1556/1556 1519/1515/1515 1559/1555/1555
f 1562/1557/1558 1521/1518/1517 1561/1558/1557
f 1563/1559/1559 1522/1517/1518 1562/1557/1558
f 1563/1559/1559 1524/1521/1520 1523/1519/1519
f 1565/1560/1561 1524/1521/1520 1564/1561/1560
f 1566/1562/1562 1525/1520/1521 1565/1560/1561
f 1566/1562/1562 1527/1523/1523 1526/1522/1522
f 1568/1563/1564 1527/1523/1523 1567/1564/1563
f 1569/1565/1565 1528/1524/1524 1568/1563/1564
f 1570/1566/1566 1529/1526/1525 1569/1565/1565
f 1570/1566/1566 1531/1527/1527 1530/1525/1526
f 1572/1567/1568 1531/1527/1527 1571/1568/1567
f 1573/1569/1569 1532/1528/1528 1572/1567/1568
f 1574/1570/1570 1533/1529/1529 1573/1569/1569
f 1575/1571/1571 1534/1530/1530 1574/1570/1570
f 1576/1572/1572 1535/1531/1531 1575/1571/1571
f 1576/1572/1572 1537/1533/1533 1536/1532/1532
f 1577/1573/1573 1538/1534/1534 1537/1533/1533
f 1578/1574/1574 1539/1535/1535 1538/1534/1534
f 1579/1575/1575 1540/1537/1536 1539/1535/1535
f 1581/1576/1577 1540/1537/1536 1580/1577/1576
f 1582/1578/1578 1541/1536/1537 1581/1576/1577
f 1583/1579/1579 1542/1538/1538 1582/1578/1578
f 1584/1580/1580 1543/1539/1539 1583/1579/1579
f 1585/1581/1581 1544/1540/1540 1584/1580/1580
f 1586/1582/1582 1545/1541/1541 1585/1581/1581
f 1587/1583/1583 1546/1542/1542 1586/1582/1582
f 1587/1583/1583 1548/1544/1544 1547/1543/1543
f 1588/1584/1584 1549/1545/1545 1548/1544/1544
f 1589/1585/1585 1550/1546/1546 1549/1545/1545
f 1591/1586/1587 1550/1546/1546 1590/1587/1586
f 1591/1586/1587 1552/1547/1548 1551/1548/1547
f 1592/1588/1588 1553/1549/1549 1552/1547/1548
f 1593/1589/1589 1554/1550/1550 1553/1549/1549
f 1595/1590/1591 1554/1550/1550 1594/1591/1590
f 1595/1590/1591 1556/1553/1552 1555/1551/1551
f 1596/1592/1592 1557/1552/1553 1556/1553/1552
f 1598/1593/1594 1557/1552/1553 1597/1594/1593
f 1599/1595/1595 1558/1554/1554 1598/1593/1594
f 1600/1596/1596 1559/1555/1555 1599/1595/1595
f 1602/1597/1598 1561/1558/1557 1601/1598/1597
f 1603/1599/1599 1562/1557/1558 1602/1597/1598
f 1604/1600/1600 1563/1559/1559 1603/1599/1599
f 1605/1601/1601 1564/1561/1560 1604/1600/1600
f 1606/1602/1602 1565/1560/1561 1605/1601/1601
f 1607/1603/1603 1566/1562/1562 1606/1602/1602
f 1607/1603/1603 1568/1563/1564 1567/1564/1563
f 1608/1604/1604 1569/1565/1565 1568/1563/1564
f 1610/1605/1606 1569/1565/1565 1609/1606/1605
f 1610/1605/1606 1571/1568/1567 1570/1566/1566
f 1612/1607/1608 1571/1568/1567 1611/1608/1607
f 1613/1609/1609 1572/1567/1568 1612/1607/1608
f 1614/1610/1610 1573/1569/1569 1613/1609/1609
f 1615/1611/1611 1574/1570/1570 1614/1610/1610
f 1616/1612/1612 1575/1571/1571 1615/1611/1611
f 1617/1613/1613 1576/1572/1572 1616/1612/1612
f 1617/1613/1613 1578/1574/1574 1577/1573/1573
f 1618/1614/1614 1579/1575/1575 1578/1574/1574
f 1619/1615/1615 1580/1577/1576 1579/1575/1575
f 1620/1616/1616 1581/1576/1577 1580/1577/1576
f 1621/1617/1617 1582/1578/1578 1581/1576/1577
f 1623/1618/1619 1582/1578/1578 1622/1619/1618
f 1624/1620/1620 1583/1579/1579 1623/1618/1619
f 1625/1621/1621 1584/1580/1580 1624/1620/1620
f 1626/1622/1622 1585/1581/1581 1625/1621/1621
f 1627/1623/1623 1586/1582/1582 1626/1622/1622
f 1627/1623/1623 1588/1584/1584 1587/1583/1583
f 1628/1624/1624 1589/1585/1585 1588/1584/1584
f 1629/1625/1625 1590/1587/1586 1589/1585/1585
f 1630/1626/1626 1591/1586/1587 1590/1587/1586
f 1632/1627/1628 1591/1586/1587 1631/1628/1627
f 1632/1627/1628 1593/1589/1589 1592/1588/1588
f 1633/1629/1629 1594/1591/1590 1593/1589/1589
f 1634/1630/1630 1595/1590/1591 1594/1591/1590
f 1635/1631/1631 1596/1592/1592 1595/1590/1591
f 1636/1632/1632 1597/1594/1593 1596/1592/1592
f 1637/1633/1633 1598/1593/1594 1597/1594/1593
f 1639/1634/1635 1598/1593/1594 1638/1635/1634
f 1640/1636/1636 1599/1595/1595 1639/1634/1635
f 1641/1637/1637 1602/1597/1598 1601/1598/1597
f 1642/1638/1638 1603/1599/1599 1602/1597/1598
f 1644/1639/1640 1603/1599/1599 1643/1640/1639
f 1644/1639/1640 1605/1601/1601 1604/1600/1600
f 1645/1641/1641 1606/1602/1602 1605/1601/1601
f 1647/1642/1643 1606/1602/1602 1646/1643/1642
f 1647/1642/1643 1608/1604/1604 1607/1603/1603
f 1649/1644/1645 1608/1604/1604 1648/1645/1644
f 1650/1646/1646 1609/1606/1605 1649/1644/1645
f 1651/1647/1647 1610/1605/1606 1650/1646/1646
f 1652/1648/1648 1611/1608/1607 1651/1647/1647
f 1653/1649/1649 1612/1607/1608 1652/1648/1648
f 1654/1650/1650 1613/1609/1609 1653/1649/1649
f 1655/1651/1651 1614/1610/1610 1654/1650/1650
f 1656/1652/1652 1615/1611/1611 1655/1651/1651
f 1657/1653/1653 1616/1612/1612 1656/1652/1652
f 1657/1653/1653 1618/1614/1614 1617/1613/1613
f 1658/1654/1654 1619/1615/1615 1618/1614/1614
f 1659/1655/1655 1620/1616/1616 1619/1615/1615
f 1660/1656/1656 1621/1617/1617 1620/1616/1616
f 1661/1657/1657 1622/1619/1618 1621/1617/1617
f 1662/1658/1658 1623/1618/1619 1622/1619/1618
f 1664/1659/1660 1623/1618/1619 1663/1660/1659
f 1665/1661/1661 1624/1620/1620 1664/1659/1660
f 1666/1662/1662 1625/1621/1621 1665/1661/1661
f 1667/1663/1663 1626/1622/1622 1666/1662/1662
f 1667/1663/1663 1628/1624/1624 1627/1623/1623
f 1668/1664/1664 1629/1625/1625 1628/1624/1624
f 1669/1665/1665 1630/1626/1626 1629/1625/1625
f 1670/1666/1666 1631/1628/1627 1630/1626/1626
f 1671/1667/1667 1632/1627/1628 1631/1628/1627
f 1673/1668/1669 1632/1627/1628 1672/1669/1668
f 1673/1668/1669 1634/1630/1630 1633/1629/1629
f 1675/1670/1671 1634/1630/1630 1674/1671/1670
f 1675/1670/1671 1636/1632/1632 1635/1631/1631
f 1676/1672/1672 1637/1633/1633 1636/1632/1632
f 1677/1673/1673 1638/1635/1634 1637/1633/1633
f 1678/1674/1674 1639/1634/1635 1638/1635/1634
f 1680/1675/1676 1639/1634/1635 1679/1676/1675
f 1681/1677/1677 1642/1638/1638 1641/1637/1637
f 1682/1678/1678 1643/1640/1639 1642/1638/1638
f 1684/1679/1680 1643/1640/1639 1683/1680/1679
f 1684/1679/1680 1645/1641/1641 1644/1639/1640
f 1685/1681/1681 1646/1643/1642 1645/1641/1641
f 1686/1682/1682 1647/1642/1643 1646/1643/1642
f 1688/1683/1684 1647/1642/1643 1687/1684/1683
f 1688/1683/1684 1649/1644/1645 1648/1645/1644
f 1690/1685/1686 1649/1644/1645 1689/1686/1685
f 1690/1685/1686 1651/1647/1647 1650/1646/1646
f 1692/1687/1688 1651/1647/1647 1691/1688/1687
f 1693/1689/1689 1652/1648/1648 1692/1687/1688
f 1694/1690/1690 1653/1649/1649 1693/1689/1689
f 1695/1691/1691 1654/1650/1650 1694/1690/1690
f 1696/1692/1692 1655/1651/1651 1695/1691/1691
f 1697/1693/1693 1656/1652/1652 1696/1692/1692
f 1698/1694/1694 1657/1653/1653 1697/1693/1693
f 1698/1694/1694 1659/1655/1655 1658/1654/1654
f 1699/1695/1695 1660/1656/1656 1659/1655/1655
f 1700/1696/1696 1661/1657/1657 1660/1656/1656
f 1701/1697/1697 1662/1658/1658 1661/1657/1657
f 1702/1698/1698 1663/1660/1659 1662/1658/1658
f 1704/1699/1700 1663/1660/1659 1703/1700/1699
f 1705/1701/1701 1664/1659/1660 1704/1699/1700
f 1706/1702/1702 1665/1661/1661 1705/1701/1701
f 1707/1703/1703 1666/1662/1662 1706/1702/1702
f 1708/1704/1704 1667/1663/1663 1707/1703/1703
f 1708/1704/1704 1669/1665/1665 1668/1664/1664
f 1709/1705/1705 1670/1666/1666 1669/1665/1665
f 1711/1706/1707 1670/1666/1666 1710/1707/1706
f 1712/1708/1708 1671/1667/1667 1711/1706/1707
f 1713/1709/1709 1672/1669/1668 1712/1708/1708
f 1714/1710/1710 1673/1668/1669 1713/1709/1709
f 1715/1711/1711 1674/1671/1670 1714/1710/1710
f 1716/1712/1712 1675/1670/1671 1715/1711/1711
f 1716/1712/1712 1677/1673/1673 1676/1672/1672
f 1717/1713/1713 1678/1674/1674 1677/1673/1673
f 1718/1714/1714 1679/1676/1675 1678/1674/1674
f 1719/1715/1715 1680/1675/1676 1679/1676/1675
f 1721/1716/1717 1682/1678/1678 1681/1677/1677
f 1722/1717/1718 1683/1680/1679 1682/1678/1678
f 1723/1718/1719 1684/1679/1680 1683/1680/1679
f 1724/1719/1720 1685/1681/1681 1684/1679/1680
f 1725/1720/1721 1686/1682/1682 1685/1681/1681
f 1726/1721/1722 1687/1684/1683 1686/1682/1682
f 1727/1722/1723 1688/1683/1684 1687/1684/1683
f 1728/1723/1724 1689/1686/1685 1688/1683/1684
f 1729/1724/1725 1690/1685/1686 1689/1686/1685
f 1730/1725/1726 1691/1688/1687 1690/1685/1686
f 1732/1726/1728 1691/1688/1687 1731/1727/1727
f 1733/1728/1729 1692/1687/1688 1732/1726/1728
f 1734/1729/1730 1693/1689/1689 1733/1728/1729
f 1735/1730/1731 1694/1690/1690 1734/1729/1730
f 1736/1731/1732 1695/1691/1691 1735/1730/1731
f 1736/1731/1732 1697/1693/1693 1696/1692/1692
f 1738/1732/1734 1697/1693/1693 1737/1733/1733
f 1738/1732/1734 1699/1695/1695 1698/1694/1694
f 1739/1734/1735 1700/1696/1696 1699/1695/1695
f 1741/1735/1737 1700/1696/1696 1740/1736/1736
f 1742/1737/1738 1701/1697/1697 1741/1735/1737
f 1743/1738/1739 1702/1698/1698 1742/1737/1738
f 1743/1738/1739 1704/1699/1700 1703/1700/1699
f 1745/1739/1741 1704/1699/1700 1744/1740/1740
f 1746/1741/1742 1705/1701/1701 1745/1739/1741
f 1747/1742/1743 1706/1702/1702 1746/1741/1742
f 1748/1743/1744 1707/1703/1703 1747/1742/1743
f 1748/1743/1744 1709/1705/1705 1708/1704/1704
f 1749/1744/1745 1710/1707/1706 1709/1705/1705
f 1751/1745/1747 1710/1707/1706 1750/1746/1746
f 1752/1747/1748 1711/1706/1707 1751/1745/1747
f 1753/1748/1749 1712/1708/1708 1752/1747/1748
f 1754/1749/1750 1713/1709/1709 1753/1748/1749
f 1755/1750/1751 1714/1710/1710 1754/1749/1750
f 1756/1751/1752 1715/1711/1711 1755/1750/1751
f 1756/1751/1752 1717/1713/1713 1716/1712/1712
f 1757/1752/1753 1718/1714/1714 1717/1713/1713
f 1758/1753/1754 1719/1715/1715 1718/1714/1714
f 1759/1754/1755 1720/1755/1716 1719/1715/1715
f 1762/1756/1758 1721/1716/1717 1761/1757/1757
f 1763/1758/1759 1722/1717/1718 1762/1756/1758
f 1763/1758/1759 1724/1719/1720 1723/1718/1719
f 1764/1759/1760 1725/1720/1721 1724/1719/1720
f 1766/1760/1762 1725/1720/1721 1765/1761/1761
f 1767/1762/1763 1726/1721/1722 1766/1760/1762
f 1768/1763/1764 1727/1722/1723 1767/1762/1763
f 1768/1763/1764 1729/1724/1725 1728/1723/1724
f 1769/1764/1765 1730/1725/1726 1729/1724/1725
f 1771/1765/1767 1730/1725/1726 1770/1766/1766
f 1771/1765/1767 1732/1726/1728 1731/1727/1727
f 1773/1767/1769 1732/1726/1728 1772/1768/1768
f 1774/1769/1770 1733/1728/1729 1773/1767/1769
f 1775/1770/1771 1734/1729/1730 1774/1769/1770
f 1776/1771/1772 1735/1730/1731 1775/1770/1771
f 1777/1772/1773 1736/1731/1732 1776/1771/1772
f 1778/1773/1774 1737/1733/1733 1777/1772/1773
f 1779/1774/1775 1738/1732/1734 1778/1773/1774
f 1780/1775/1776 1739/1734/1735 1779/1774/1775
f 1781/1776/1777 1740/1736/1736 1780/1775/1776
f 1782/1777/1778 1741/1735/1737 1781/1776/1777
f 1783/1778/1779 1742/1737/1738 1782/1777/1778
f 1783/1778/1779 1744/1740/1740 1743/1738/1739
f 1784/1779/1780 1745/1739/1741 1744/1740/1740
f 1786/1780/1782 1745/1739/1741 1785/1781/1781
f 1787/1782/1783 1746/1741/1742 1786/1780/1782
f 1788/1783/1784 1747/1742/1743 1787/1782/1783
f 1789/1784/1785 1748/1743/1744 1788/1783/1784
f 1789/1784/1785 1750/1746/1746 1749/1744/1745
f 1791/1785/1787 1750/1746/1746 1790/1786/1786
f 1792/1787/1788 1751/1745/1747 1791/1785/1787
f 1793/1788/1789 1752/1747/1748 1792/1787/1788
f 1794/1789/1790 1753/1748/1749 1793/1788/1789
f 1795/1790/1791 1754/1749/1750 1794/1789/1790
f 1796/1791/1792 1755/1750/1751 1795/1790/1791
f 1796/1791/1792 1757/1752/1753 1756/1751/1752
f 1797/1792/1793 1758/1753/1754 1757/1752/1753
f 1798/1793/1794 1759/1754/1755 1758/1753/1754
f 1799/1794/1795 1760/1795/1756 1759/1754/1755
f 1802/1796/1798 1761/1757/1757 1801/1797/1797
f 1802/1796/1798 1763/1758/1759 1762/1756/1758
f 1803/1798/1799 1764/1759/1760 1763/1758/1759
f 1804/1799/1800 1765/1761/1761 1764/1759/1760
f 1806/1800/1802 1765/1761/1761 1805/1801/1801
f 1807/1802/1803 1766/1760/1762 1806/1800/1802
f 1807/1802/1803 1768/1763/1764 1767/1762/1763
f 1808/1803/1804 1769/1764/1765 1768/1763/1764
f 1809/1804/1805 1770/1766/1766 1769/1764/1765
f 1811/1805/1807 1770/1766/1766 1810/1806/1806
f 1811/1805/1807 1772/1768/1768 1771/1765/1767
f 1813/1807/1809 1772/1768/1768 1812/1808/1808
f 1814/1809/1810 1773/1767/1769 1813/1807/1809
f 1815/1810/1811 1774/1769/1770 1814/1809/1810
f 1816/1811/1812 1775/1770/1771 1815/1810/1811
f 1817/1812/1813 1776/1771/1772 1816/1811/1812
f 1818/1813/1814 1777/1772/1773 1817/1812/1813
f 1819/1814/1815 1778/1773/1774 1818/1813/1814
f 1820/1815/1816 1779/1774/1775 1819/1814/1815
f 1821/1816/1817 1780/1775/1776 1820/1815/1816
f 1822/1817/1818 1781/1776/1777 1821/1816/1817
f 1822/1817/1818 1783/1778/1779 1782/1777/1778
f 1823/1818/1819 1784/1779/1780 1783/1778/1779
f 1824/1819/1820 1785/1781/1781 1784/1779/1780
f 1826/1820/1822 1785/1781/1781 1825/1821/1821
f 1827/1822/1823 1786/1780/1782 1826/1820/1822
f 1828/1823/1824 1787/1782/1783 1827/1822/1823
f 1829/1824/1825 1788/1783/1784 1828/1823/1824
f 1830/1825/1826 1789/1784/1785 1829/1824/1825
f 1830/1825/1826 1791/1785/1787 1790/1786/1786
f 1832/1826/1828 1791/1785/1787 1831/1827/1827
f 1833/1828/1829 1792/1787/1788 1832/1826/1828
f 1834/1829/1830 1793/1788/1789 1833/1828/1829
f 1835/1830/1831 1794/1789/1790 1834/1829/1830
f 1836/1831/1832 1795/1790/1791 1835/1830/1831
f 1836/1831/1832 1797/1792/1793 1796/1791/1792
f 1837/1832/1833 1798/1793/1794 1797/1792/1793
f 1838/1833/1834 1799/1794/1795 1798/1793/1794
f 1839/1834/1835 1800/1835/1796 1799/1794/1795
f 1842/1836/1838 1801/1797/1797 1841/1837/1837
f 1843/1838/1839 1802/1796/1798 1842/1836/1838
f 1843/1838/1839 1804/1799/1800 1803/1798/1799
f 1844/1839/1840 1805/1801/1801 1804/1799/1800
f 1845/1840/1841 1806/1800/1802 1805/1801/1801
f 1846/1841/1842 1807/1802/1803 1806/1800/1802
f 1848/1842/1844 1807/1802/1803 1847/1843/1843
f 1848/1842/1844 1809/1804/1805 1808/1803/1804
f 1850/1844/1846 1809/1804/1805 1849/1845/1845
f 1850/1844/1846 1811/1805/1807 1810/1806/1806
f 1852/1846/1848 1811/1805/1807 1851/1847/1847
f 1852/1846/1848 1813/1807/1809 1812/1808/1808
f 1854/1848/1850 1813/1807/1809 1853/1849/1849
f 1855/1850/1851 1814/1809/1810 1854/1848/1850
f 1856/1851/1852 1815/1810/1811 1855/1850/1851
f 1857/1852/1853 1816/1811/1812 1856/1851/1852
f 1858/1853/1854 1817/1812/1813 1857/1852/1853
f 1859/1854/1855 1818/1813/1814 1858/1853/1854
f 1860/1855/1856 1819/1814/1815 1859/1854/1855
f 1861/1856/1857 1820/1815/1816 1860/1855/1856
f 1862/1857/1858 1821/1816/1817 1861/1856/1857
f 1862/1857/1858 1823/1818/1819 1822/1817/1818
f 1863/1858/1859 1824/1819/1820 1823/1818/1819
f 1864/1859/1860 1825/1821/1821 1824/1819/1820
f 1866/1860/1862 1825/1821/1821 1865/1861/1861
f 1867/1862/1863 1826/1820/1822 1866/1860/1862
f 1868/1863/1864 1827/1822/1823 1867/1862/1863
f 1869/1864/1865 1828/1823/1824 1868/1863/1864
f 1870/1865/1866 1829/1824/1825 1869/1864/1865
f 1871/1866/1867 1830/1825/1826 1870/1865/1866
f 1872/1867/1868 1831/1827/1827 1871/1866/1867
f 1873/1868/1869 1832/1826/1828 1872/1867/1868
f 1874/1869/1870 1833/1828/1829 1873/1868/1869
f 1875/1870/1871 1834/1829/1830 1874/1869/1870
f 1876/1871/1872 1835/1830/1831 1875/1870/1871
f 1877/1872/1873 1836/1831/1832 1876/1871/1872
f 1877/1872/1873 1838/1833/1834 1837/1832/1833
f 1878/1873/1874 1839/1834/1835 1838/1833/1834
f 1879/1874/1875 1840/1875/1836 1839/1834/1835
f 1881/1876/1877 1842/1836/1838 1841/1837/1837
f 1883/1877/1879 1842/1836/1838 1882/1878/1878
f 1883/1877/1879 1844/1839/1840 1843/1838/1839
f 1884/1879/1880 1845/1840/1841 1844/1839/1840
f 1885/1880/1881 1846/1841/1842 1845/1840/1841
f 1886/1881/1882 1847/1843/1843 1846/1841/1842
f 1887/1882/1883 1848/1842/1844 1847/1843/1843
f 1889/1883/1885 1848/1842/1844 1888/1884/1884
f 1889/1883/1885 1850/1844/1846 1849/1845/1845
f 1890/1885/1886 1851/1847/1847 1850/1844/1846
f 1891/1886/1887 1852/1846/1848 1851/1847/1847
f 1893/1887/1889 1852/1846/1848 1892/1888/1888
f 1893/1887/1889 1854/1848/1850 1853/1849/1849
f 1894/1889/1890 1855/1850/1851 1854/1848/1850
f 1895/1890/1891 1856/1851/1852 1855/1850/1851
f 1897/1891/1893 1856/1851/1852 1896/1892/1892
f 1898/1893/1894 1857/1852/1853 1897/1891/1893
f 1899/1894/1895 1858/1853/1854 1898/1893/1894
f 1900/1895/1896 1859/1854/1855 1899/1894/1895
f 1901/1896/1897 1860/1855/1856 1900/1895/1896
f 1902/1897/1898 1861/1856/1857 1901/1896/1897
f 1903/1898/1899 1862/1857/1858 1902/1897/1898
f 1903/1898/1899 1864/1859/1860 1863/1858/1859
f 1904/1899/1900 1865/1861/1861 1864/1859/1860
f 1905/1900/1901 1866/1860/1862 1865/1861/1861
f 1907/1901/1903 1866/1860/1862 1906/1902/1902
f 1908/1903/1904 1867/1862/1863 1907/1901/1903
f 1909/1904/1905 1868/1863/1864 1908/1903/1904
f 1910/1905/1906 1869/1864/1865 1909/1904/1905
f 1911/1906/1907 1870/1865/1866 1910/1905/1906
f 1912/1907/1908 1871/1866/1867 1911/1906/1907
f 1913/1908/1909 1872/1867/1868 1912/1907/1908
f 1914/1909/1910 1873/1868/1869 1913/1908/1909
f 1915/1910/1911 1874/1869/1870 1914/1909/1910
f 1916/1911/1912 1875/1870/1871 1915/1910/1911
f 1917/1912/1913 1876/1871/1872 1916/1911/1912
f 1917/1912/1913 1878/1873/1874 1877/1872/1873
f 1918/1913/1914 1879/1874/1875 1878/1873/1874
f 1919/1914/1915 1880/1915/1876 1879/1874/1875
f 1922/1916/1918 1881/1876/1877 1921/1917/1917
f 1922/1916/1918 1883/1877/1879 1882/1878/1878
f 1923/1918/1919 1884/1879/1880 1883/1877/1879
f 1924/1919/1920 1885/1880/1881 1884/1879/1880
f 1925/1920/1921 1886/1881/1882 1885/1880/1881
f 1927/1921/1923 1886/1881/1882 1926/1922/1922
f 1928/1923/1924 1887/1882/1883 1927/1921/1923
f 1929/1924/1925 1888/1884/1884 1928/1923/1924
f 1929/1924/1925 1890/1885/1886 1889/1883/1885
f 1931/1925/1927 1890/1885/1886 1930/1926/1926
f 1932/1927/1928 1891/1886/1887 1931/1925/1927
f 1932/1927/1928 1893/1887/1889 1892/1888/1888
f 1934/1928/1930 1893/1887/1889 1933/1929/1929
f 1935/1930/1931 1894/1889/1890 1934/1928/1930
f 1936/1931/1932 1895/1890/1891 1935/1930/1931
f 1937/1932/1933 1896/1892/1892 1936/1931/1932
f 1938/1933/1934 1897/1891/1893 1937/1932/1933
f 1939/1934/1935 1898/1893/1894 1938/1933/1934
f 1940/1935/1936 1899/1894/1895 1939/1934/1935
f 1941/1936/1937 1900/1895/1896 1940/1935/1936
f 1942/1937/1938 1901/1896/1897 1941/1936/1937
f 1943/1938/1939 1902/1897/1898 1942/1937/1938
f 1943/1938/1939 1904/1899/1900 1903/1898/1899
f 1944/1939/1940 1905/1900/1901 1904/1899/1900
f 1946/1940/1942 1905/1900/1901 1945/1941/1941
f 1947/1942/1943 1906/1902/1902 1946/1940/1942
f 1948/1943/1944 1907/1901/1903 1947/1942/1943
f 1949/1944/1945 1908/1903/1904 1948/1943/1944
f 1950/1945/1946 1909/1904/1905 1949/1944/1945
f 1950/1945/1946 1911/1906/1907 1910/1905/1906
f 1952/1946/1948 1911/1906/1907 1951/1947/1947
f 1953/1948/1949 1912/1907/1908 1952/1946/1948
f 1954/1949/1950 1913/1908/1909 1953/1948/1949
f 1955/1950/1951 1914/1909/1910 1954/1949/1950
f 1956/1951/1952 1915/1910/1911 1955/1950/1951
f 1957/1952/1953 1916/1911/1912 1956/1951/1952
f 1957/1952/1953 1918/1913/1914 1917/1912/1913
f 1958/1953/1954 1919/1914/1915 1918/1913/1914
f 1959/1954/1955 1920/1955/1916 1919/1914/1915
f 1962/1956/1958 1921/1917/1917 1961/1957/1957
f 1962/1956/1958 1923/1918/1919 1922/1916/1918
f 1963/1958/1959 1924/1919/1920 1923/1918/1919
f 1964/1959/1960 1925/1920/1921 1924/1919/1920
f 1966/1960/1962 1925/1920/1921 1965/1961/1961
f 1966/1960/1962 1927/1921/1923 1926/1922/1922
f 1968/1962/1964 1927/1921/1923 1967/1963/1963
f 1969/1964/1965 1928/1923/1924 1968/1962/1964
f 1970/1965/1966 1929/1924/1925 1969/1964/1965
f 1970/1965/1966 1931/1925/1927 1930/1926/1926
f 1972/1966/1968 1931/1925/1927 1971/1967/1967
f 1972/1966/1968 1933/1929/1929 1932/1927/1928
f 1974/1968/1970 1933/1929/1929 1973/1969/1969
f 1974/1968/1970 1935/1930/1931 1934/1928/1930
f 1975/1970/1971 1936/1931/1932 1935/1930/1931
f 1977/1971/1973 1936/1931/1932 1976/1972/1972
f 1978/1973/1974 1937/1932/1933 1977/1971/1973
f 1979/1974/1975 1938/1933/1934 1978/1973/1974
f 1980/1975/1976 1939/1934/1935 1979/1974/1975
f 1981/1976/1977 1940/1935/1936 1980/1975/1976
f 1982/1977/1978 1941/1936/1937 1981/1976/1977
f 1983/1978/1979 1942/1937/1938 1982/1977/1978
f 1983/1978/1979 1944/1939/1940 1943/1938/1939
f 1984/1979/1980 1945/1941/1941 1944/1939/1940
f 1986/1980/1982 1945/1941/1941 1985/1981/1981
f 1987/1982/1983 1946/1940/1942 1986/1980/1982
f 1988/1983/1984 1947/1942/1943 1987/1982/1983
f 1989/1984/1985 1948/1943/1944 1988/1983/1984
f 1990/1985/1986 1949/1944/1945 1989/1984/1985
f 1991/1986/1987 1950/1945/1946 1990/1985/1986
f 1992/1987/1988 1951/1947/1947 1991/1986/1987
f 1993/1988/1989 1952/1946/1948 1992/1987/1988
f 1994/1989/1990 1953/1948/1949 1993/1988/1989
f 1995/1990/1991 1954/1949/1950 1994/1989/1990
f 1996/1991/1992 1955/1950/1951 1995/1990/1991
f 1997/1992/1993 1956/1951/1952 1996/1991/1992
f 1997/1992/1993 1958/1953/1954 1957/1952/1953
f 1998/1993/1994 1959/1954/1955 1958/1953/1954
f 1999/1994/1995 1960/1995/1956 1959/1954/1955
f 2002/1996/1998 1961/1957/1957 2001/1997/1997
f 2003/1998/1999 1962/1956/1958 2002/1996/1998
f 2003/1998/1999 1964/1959/1960 1963/1958/1959
f 2005/1999/2001 1964/1959/1960 2004/2000/2000
f 2005/1999/2001 1966/1960/1962 1965/1961/1961
f 2006/2001/2002 1967/1963/1963 1966/1960/1962
f 2008/2002/2004 1967/1963/1963 2007/2003/2003
f 2009/2004/2005 1968/1962/1964 2008/2002/2004
f 2009/2004/2005 1970/1965/1966 1969/1964/1965
f 2010/2005/2006 1971/1967/1967 1970/1965/1966
f 2012/2006/2008 1971/1967/1967 2011/2007/2007
f 2013/2008/2009 1972/1966/1968 2012/2006/2008
f 2013/2008/2009 1974/1968/1970 1973/1969/1969
f 2015/2009/2011 1974/1968/1970 2014/2010/2010
f 2016/2011/2012 1975/1970/1971 2015/2009/2011
f 2016/2011/2012 1977/1971/1973 1976/1972/1972
f 2018/2012/2014 1977/1971/1973 2017/2013/2013
f 2019/2014/2015 1978/1973/1974 2018/2012/2014
f 2020/2015/2016 1979/1974/1975 2019/2014/2015
f 2021/2016/2017 1980/1975/1976 2020/2015/2016
f 2022/2017/2018 1981/1976/1977 2021/2016/2017
f 2023/2018/2019 1982/1977/1978 2022/2017/2018
f 2024/2019/2020 1983/1978/1979 2023/2018/2019
f 2024/2019/2020 1985/1981/1981 1984/1979/1980
f 2025/2020/2021 1986/1980/1982 1985/1981/1981
f 2027/2021/2023 1986/1980/1982 2026/2022/2022
f 2028/2023/2024 1987/1982/1983 2027/2021/2023
f 2029/2024/2025 1988/1983/1984 2028/2023/2024
f 2030/2025/2026 1989/1984/1985 2029/2024/2025
f 2031/2026/2027 1990/1985/1986 2030/2025/2026
f 2032/2027/2028 1991/1986/1987 2031/2026/2027
f 2033/2028/2029 1992/1987/1988 2032/2027/2028
f 2034/2029/2030 1993/1988/1989 2033/2028/2029
f 2035/2030/2031 1994/1989/1990 2034/2029/2030
f 2036/2031/2032 1995/1990/1991 2035/2030/2031
f 2037/2032/2033 1996/1991/1992 2036/2031/2032
f 2037/2032/2033 1998/1993/1994 1997/1992/1993
f 2038/2033/2034 1999/1994/1995 1998/1993/1994
f 2040/2034/2036 1999/1994/1995 2039/2035/2035
f 2041/2036/2037 2002/1996/1998 2001/1997/1997
f 2042/2037/2038 2003/1998/1999 2002/1996/1998
f 2044/2038/2040 2003/1998/1999 2043/2039/2039
f 2045/2040/2041 2004/2000/2000 2044/2038/2040
f 2045/2040/2041 2006/2001/2002 2005/1999/2001
f 2046/2041/2042 2007/2003/2003 2006/2001/2002
f 2047/2042/2043 2008/2002/2004 2007/2003/2003
f 2048/2043/2044 2009/2004/2005 2008/2002/2004
f 2049/2044/2045 2010/2005/2006 2009/2004/2005
f 2051/2045/2047 2010/2005/2006 2050/2046/2046
f 2051/2045/2047 2012/2006/2008 2011/2007/2007
f 2053/2047/2049 2012/2006/2008 2052/2048/2048
f 2053/2047/2049 2014/2010/2010 2013/2008/2009
f 2055/2049/2051 2014/2010/2010 2054/2050/2050
f 2055/2049/2051 2016/2011/2012 2015/2009/2011
f 2057/2051/2053 2016/2011/2012 2056/2052/2052
f 2057/2051/2053 2018/2012/2014 2017/2013/2013
f 2059/2053/2055 2018/2012/2014 2058/2054/2054
f 2060/2055/2056 2019/2014/2015 2059/2053/2055
f 2061/2056/2057 2020/2015/2016 2060/2055/2056
f 2062/2057/2058 2021/2016/2017 2061/2056/2057
f 2063/2058/2059 2022/2017/2018 2062/2057/2058
f 2064/2059/2060 2023/2018/2019 2063/2058/2059
f 2064/2059/2060 2025/2020/2021 2024/2019/2020
f 2065/2060/2061 2026/2022/2022 2025/2020/2021
f 2067/2061/2063 2026/2022/2022 2066/2062/2062
f 2067/2061/2063 2028/2023/2024 2027/2021/2023
f 2069/2063/2065 2028/2023/2024 2068/2064/2064
f 2070/2065/2066 2029/2024/2025 2069/2063/2065
f 2071/2066/2067 2030/2025/2026 2070/2065/2066
f 2072/2067/2068 2031/2026/2027 2071/2066/2067
f 2073/2068/2069 2032/2027/2028 2072/2067/2068
f 2074/2069/2070 2033/2028/2029 2073/2068/2069
f 2075/2070/2071 2034/2029/2030 2074/2069/2070
f 2076/2071/2072 2035/2030/2031 2075/2070/2071
f 2077/2072/2073 2036/2031/2032 2076/2071/2072
f 2077/2072/2073 2038/2033/2034 2037/2032/2033
f 2078/2073/2074 2039/2035/2035 2038/2033/2034
f 2080/2074/2076 2039/2035/2035 2079/2075/2075
f 2081/2076/2077 2042/2037/2038 2041/2036/2037
f 2082/2077/2078 2043/2039/2039 2042/2037/2038
f 2084/2078/2080 2043/2039/2039 2083/2079/2079
f 2085/2080/2081 2044/2038/2040 2084/2078/2080
f 2085/2080/2081 2046/2041/2042 2045/2040/2041
f 2087/2081/2083 2046/2041/2042 2086/2082/2082
f 2088/2083/2084 2047/2042/2043 2087/2081/2083
f 2088/2083/2084 2049/2044/2045 2048/2043/2044
f 2089/2084/2085 2050/2046/2046 2049/2044/2045
f 2090/2085/2086 2051/2045/2047 2050/2046/2046
f 2091/2086/2087 2052/2048/2048 2051/2045/2047
f 2092/2087/2088 2053/2047/2049 2052/2048/2048
f 2093/2088/2089 2054/2050/2050 2053/2047/2049
f 2094/2089/2090 2055/2049/2051 2054/2050/2050
f 2096/2090/2092 2055/2049/2051 2095/2091/2091
f 2096/2090/2092 2057/2051/2053 2056/2052/2052
f 2098/2092/2094 2057/2051/2053 2097/2093/2093
f 2098/2092/2094 2059/2053/2055 2058/2054/2054
f 2100/2094/2096 2059/2053/2055 2099/2095/2095
f 2101/2096/2097 2060/2055/2056 2100/2094/2096
f 2102/2097/2098 2061/2056/2057 2101/2096/2097
f 2103/2098/2099 2062/2057/2058 2102/2097/2098
f 2104/2099/2100 2063/2058/2059 2103/2098/2099
f 2105/2100/2101 2064/2059/2060 2104/2099/2100
f 2105/2100/2101 2066/2062/2062 2065/2060/2061
f 2106/2101/2102 2067/2061/2063 2066/2062/2062
f 2108/2102/2104 2067/2061/2063 2107/2103/2103
f 2108/2102/2104 2069/2063/2065 2068/2064/2064
f 2109/2104/2105 2070/2065/2066 2069/2063/2065
f 2110/2105/2106 2071/2066/2067 2070/2065/2066
f 2111/2106/2107 2072/2067/2068 2071/2066/2067
f 2112/2107/2108 2073/2068/2069 2072/2067/2068
f 2113/2108/2109 2074/2069/2070 2073/2068/2069
f 2114/2109/2110 2075/2070/2071 2074/2069/2070
f 2116/2110/2112 2075/2070/2071 2115/2111/2111
f 2117/2112/2113 2076/2071/2072 2116/2110/2112
f 2117/2112/2113 2078/2073/2074 2077/2072/2073
f 2118/2113/2114 2079/2075/2075 2078/2073/2074
f 2120/2114/2116 2079/2075/2075 2119/2115/2115
f 2121/2116/2117 2082/2077/2078 2081/2076/2077
f 2123/2117/2119 2082/2077/2078 2122/2118/2118
f 2124/2119/2120 2083/2079/2079 2123/2117/2119
f 2125/2120/2121 2084/2078/2080 2124/2119/2120
f 2126/2121/2122 2085/2080/2081 2125/2120/2121
f 2127/2122/2123 2086/2082/2082 2126/2121/2122
f 2128/2123/2124 2087/2081/2083 2127/2122/2123
f 2129/2124/2125 2088/2083/2084 2128/2123/2124
f 2129/2124/2125 2090/2085/2086 2089/2084/2085
f 2131/2125/2127 2090/2085/2086 2130/2126/2126
f 2132/2127/2128 2091/2086/2087 2131/2125/2127
f 2132/2127/2128 2093/2088/2089 2092/2087/2088
f 2133/2128/2129 2094/2089/2090 2093/2088/2089
f 2135/2129/2131 2094/2089/2090 2134/2130/2130
f 2136/2131/2132 2095/2091/2091 2135/2129/2131
f 2136/2131/2132 2097/2093/2093 2096/2090/2092
f 2137/2132/2133 2098/2092/2094 2097/2093/2093
f 2138/2133/2134 2099/2095/2095 2098/2092/2094
f 2140/2134/2136 2099/2095/2095 2139/2135/2135
f 2141/2136/2137 2100/2094/2096 2140/2134/2136
f 2141/2136/2137 2102/2097/2098 2101/2096/2097
f 2142/2137/2138 2103/2098/2099 2102/2097/2098
f 2143/2138/2139 2104/2099/2100 2103/2098/2099
f 2144/2139/2140 2105/2100/2101 2104/2099/2100
f 2146/2140/2142 2105/2100/2101 2145/2141/2141
f 2146/2140/2142 2107/2103/2103 2106/2101/2102
f 2147/2142/2143 2108/2102/2104 2107/2103/2103
f 2149/2143/2145 2108/2102/2104 2148/2144/2144
f 2149/2143/2145 2110/2105/2106 2109/2104/2105
f 2151/2145/2147 2110/2105/2106 2150/2146/2146
f 2152/2147/2148 2111/2106/2107 2151/2145/2147
f 2152/2147/2148 2113/2108/2109 2112/2107/2108
f 2154/2148/2150 2113/2108/2109 2153/2149/2149
f 2155/2150/2151 2114/2109/2110 2154/2148/2150
f 2155/2150/2151 2116/2110/2112 2115/2111/2111
f 2157/2151/2153 2116/2110/2112 2156/2152/2152
f 2158/2153/2154 2117/2112/2113 2157/2151/2153
f 2159/2154/2155 2118/2113/2114 2158/2153/2154
f 2159/2154/2155 2120/2114/2116 2119/2115/2115
f 2161/2155/2157 2122/2118/2118 2121/2116/2117
f 2163/2156/2159 2122/2118/2118 2162/2157/2158
f 2163/2156/2159 2124/2119/2120 2123/2117/2119
f 2164/2158/2160 2125/2120/2121 2124/2119/2120
f 2166/2159/2162 2125/2120/2121 2165/2160/2161
f 2167/2161/2163 2126/2121/2122 2166/2159/2162
f 2167/2161/2163 2128/2123/2124 2127/2122/2123
f 2169/2162/2165 2128/2123/2124 2168/2163/2164
f 2169/2162/2165 2130/2126/2126 2129/2124/2125
f 2170/2164/2166 2131/2125/2127 2130/2126/2126
f 2171/2165/2167 2132/2127/2128 2131/2125/2127
f 2173/2166/2169 2132/2127/2128 2172/2167/2168
f 2174/2168/2170 2133/2128/2129 2173/2166/2169
f 2174/2168/2170 2135/2129/2131 2134/2130/2130
f 2175/2169/2171 2136/2131/2132 2135/2129/2131
f 2176/2170/2172 2137/2132/2133 2136/2131/2132
f 2178/2171/2174 2137/2132/2133 2177/2172/2173
f 2179/2173/2175 2138/2133/2134 2178/2171/2174
f 2179/2173/2175 2140/2134/2136 2139/2135/2135
f 2180/2174/2176 2141/2136/2137 2140/2134/2136
f 2181/2175/2177 2142/2137/2138 2141/2136/2137
f 2183/2176/2179 2142/2137/2138 2182/2177/2178
f 2183/2176/2179 2144/2139/2140 2143/2138/2139
f 2185/2178/2181 2144/2139/2140 2184/2179/2180
f 2185/2178/2181 2146/2140/2142 2145/2141/2141
f 2186/2180/2182 2147/2142/2143 2146/2140/2142
f 2188/2181/2184 2147/2142/2143 2187/2182/2183
f 2189/2183/2185 2148/2144/2144 2188/2181/2184
f 2189/2183/2185 2150/2146/2146 2149/2143/2145
f 2190/2184/2186 2151/2145/2147 2150/2146/2146
f 2192/2185/2188 2151/2145/2147 2191/2186/2187
f 2192/2185/2188 2153/2149/2149 2152/2147/2148
f 2194/2187/2190 2153/2149/2149 2193/2188/2189
f 2194/2187/2190 2155/2150/2151 2154/2148/2150
f 2195/2189/2191 2156/2152/2152 2155/2150/2151
f 2197/2190/2193 2156/2152/2152 2196/2191/2192
f 2198/2192/2194 2157/2151/2153 2197/2190/2193
f 2199/2193/2195 2158/2153/2154 2198/2192/2194
f 2199/2193/2195 2160/2194/2156 2159/2154/2155
f 2202/2195/2198 2161/2155/2157 2201/2196/2197
f 2202/2195/2198 2163/2156/2159 2162/2157/2158
f 2203/2197/2199 2164/2158/2160 2163/2156/2159
f 2204/2198/2200 2165/2160/2161 2164/2158/2160
f 2206/2199/2202 2165/2160/2161 2205/2200/2201
f 2207/2201/2203 2166/2159/2162 2206/2199/2202
f 2208/2202/2204 2167/2161/2163 2207/2201/2203
f 2209/2203/2205 2168/2163/2164 2208/2202/2204
f 2210/2204/2206 2169/2162/2165 2209/2203/2205
f 2210/2204/2206 2171/2165/2167 2170/2164/2166
f 2212/2205/2208 2171/2165/2167 2211/2206/2207
f 2212/2205/2208 2173/2166/2169 2172/2167/2168
f 2214/2207/2210 2173/2166/2169 2213/2208/2209
f 2214/2207/2210 2175/2169/2171 2174/2168/2170
f 2216/2209/2212 2175/2169/2171 2215/2210/2211
f 2216/2209/2212 2177/2172/2173 2176/2170/2172
f 2218/2211/2214 2177/2172/2173 2217/2212/2213
f 2218/2211/2214 2179/2173/2175 2178/2171/2174
f 2220/2213/2216 2179/2173/2175 2219/2214/2215
f 2220/2213/2216 2181/2175/2177 2180/2174/2176
f 2221/2215/2217 2182/2177/2178 2181/2175/2177
f 2223/2216/2219 2182/2177/2178 2222/2217/2218
f 2224/2218/2220 2183/2176/2179 2223/2216/2219
f 2224/2218/2220 2185/2178/2181 2184/2179/2180
f 2226/2219/2222 2185/2178/2181 2225/2220/2221
f 2227/2221/2223 2186/2180/2182 2226/2219/2222
f 2227/2221/2223 2188/2181/2184 2187/2182/2183
f 2229/2222/2225 2188/2181/2184 2228/2223/2224
f 2229/2222/2225 2190/2184/2186 2189/2183/2185
f 2231/2224/2227 2190/2184/2186 2230/2225/2226
f 2232/2226/2228 2191/2186/2187 2231/2224/2227
f 2232/2226/2228 2193/2188/2189 2192/2185/2188
f 2234/2227/2230 2193/2188/2189 2233/2228/2229
f 2234/2227/2230 2195/2189/2191 2194/2187/2190
f 2235/2229/2231 2196/2191/2192 2195/2189/2191
f 2237/2230/2233 2196/2191/2192 2236/2231/2232
f 2237/2230/2233 2198/2192/2194 2197/2190/2193
f 2239/2232/2235 2198/2192/2194 2238/2233/2234
f 2239/2232/2235 2200/2234/2196 2199/2193/2195
f 2242/2235/2238 2201/2196/2197 2241/2236/2237
f 2242/2235/2238 2203/2197/2199 2202/2195/2198
f 2243/2237/2239 2204/2198/2200 2203/2197/2199
f 2244/2238/2240 2205/2200/2201 2204/2198/2200
f 2245/2239/2241 2206/2199/2202 2205/2200/2201
f 2247/2240/2243 2206/2199/2202 2246/2241/2242
f 2247/2240/2243 2208/2202/2204 2207/2201/2203
f 2248/2242/2244 2209/2203/2205 2208/2202/2204
f 2249/2243/2245 2210/2204/2206 2209/2203/2205
f 2250/2244/2246 2211/2206/2207 2210/2204/2206
f 2252/2245/2248 2211/2206/2207 2251/2246/2247
f 2253/2247/2249 2212/2205/2208 2252/2245/2248
f 2253/2247/2249 2214/2207/2210 2213/2208/2209
f 2254/2248/2250 2215/2210/2211 2214/2207/2210
f 2256/2249/2252 2215/2210/2211 2255/2250/2251
f 2257/2251/2253 2216/2209/2212 2256/2249/2252
f 2257/2251/2253 2218/2211/2214 2217/2212/2213
f 2259/2252/2255 2218/2211/2214 2258/2253/2254
f 2260/2254/2256 2219/2214/2215 2259/2252/2255
f 2261/2255/2257 2220/2213/2216 2260/2254/2256
f 2262/2256/2258 2221/2215/2217 2261/2255/2257
f 2262/2256/2258 2223/2216/2219 2222/2217/2218
f 2263/2257/2259 2224/2218/2220 2223/2216/2219
f 2265/2258/2261 2224/2218/2220 2264/2259/2260
f 2265/2258/2261 2226/2219/2222 2225/2220/2221
f 2267/2260/2263 2226/2219/2222 2266/2261/2262
f 2267/2260/2263 2228/2223/2224 2227/2221/2223
f 2268/2262/2264 2229/2222/2225 2228/2223/2224
f 2269/2263/2265 2230/2225/2226 2229/2222/2225
f 2271/2264/2267 2230/2225/2226 2270/2265/2266
f 2272/2266/2268 2231/2224/2227 2271/2264/2267
f 2272/2266/2268 2233/2228/2229 2232/2226/2228
f 2273/2267/2269 2234/2227/2230 2233/2228/2229
f 2274/2268/2270 2235/2229/2231 2234/2227/2230
f 2275/2269/2271 2236/2231/2232 2235/2229/2231
f 2276/2270/2272 2237/2230/2233 2236/2231/2232
f 2277/2271/2273 2238/2233/2234 2237/2230/2233
f 2278/2272/2274 2239/2232/2235 2238/2233/2234
f 2280/2273/2276 2239/2232/2235 2279/2274/2275
f 2282/2275/2278 2241/2236/2237 2281/2276/2277
f 2282/2275/2278 2243/2237/2239 2242/2235/2238
f 2283/2277/2279 2244/2238/2240 2243/2237/2239
f 2285/2278/2281 2244/2238/2240 2284/2279/2280
f 2285/2278/2281 2246/2241/2242 2245/2239/2241
f 2287/2280/2283 2246/2241/2242 2286/2281/2282
f 2288/2282/2284 2247/2240/2243 2287/2280/2283
f 2289/2283/2285 2248/2242/2244 2288/2282/2284
f 2289/2283/2285 2250/2244/2246 2249/2243/2245
f 2290/2284/2286 2251/2246/2247 2250/2244/2246
f 2292/2285/2288 2251/2246/2247 2291/2286/2287
f 2292/2285/2288 2253/2247/2249 2252/2245/2248
f 2293/2287/2289 2254/2248/2250 2253/2247/2249
f 2295/2288/2291 2254/2248/2250 2294/2289/2290
f 2296/2290/2292 2255/2250/2251 2295/2288/2291
f 2297/2291/2293 2256/2249/2252 2296/2290/2292
f 2297/2291/2293 2258/2253/2254 2257/2251/2253
f 2299/2292/2295 2258/2253/2254 2298/2293/2294
f 2299/2292/2295 2260/2254/2256 2259/2252/2255
f 2301/2294/2297 2260/2254/2256 2300/2295/2296
f 2301/2294/2297 2262/2256/2258 2261/2255/2257
f 2303/2296/2299 2262/2256/2258 2302/2297/2298
f 2304/2298/2300 2263/2257/2259 2303/2296/2299
f 2304/2298/2300 2265/2258/2261 2264/2259/2260
f 2306/2299/2302 2265/2258/2261 2305/2300/2301
f 2306/2299/2302 2267/2260/2263 2266/2261/2262
f 2308/2301/2304 2267/2260/2263 2307/2302/2303
f 2309/2303/2305 2268/2262/2264 2308/2301/2304
f 2309/2303/2305 2270/2265/2266 2269/2263/2265
f 2310/2304/2306 2271/2264/2267 2270/2265/2266
f 2311/2305/2307 2272/2266/2268 2271/2264/2267
f 2312/2306/2308 2273/2267/2269 2272/2266/2268
f 2314/2307/2310 2273/2267/2269 2313/2308/2309
f 2315/2309/2311 2274/2268/2270 2314/2307/2310
f 2316/2310/2312 2275/2269/2271 2315/2309/2311
f 2316/2310/2312 2277/2271/2273 2276/2270/2272
f 2317/2311/2313 2278/2272/2274 2277/2271/2273
f 2318/2312/2314 2279/2274/2275 2278/2272/2274
f 2320/2313/2316 2279/2274/2275 2319/2314/2315
f 2321/2315/2317 2282/2275/2278 2281/2276/2277
f 2323/2316/2319 2282/2275/2278 2322/2317/2318
f 2324/2318/2320 2283/2277/2279 2323/2316/2319
f 2324/2318/2320 2285/2278/2281 2284/2279/2280
f 2325/2319/2321 2286/2281/2282 2285/2278/2281
f 2327/2320/2323 2286/2281/2282 2326/2321/2322
f 2328/2322/2324 2287/2280/2283 2327/2320/2323
f 2329/2323/2325 2288/2282/2284 2328/2322/2324
f 2330/2324/2326 2289/2283/2285 2329/2323/2325
f 2331/2325/2327 2290/2284/2286 2330/2324/2326
f 2331/2325/2327 2292/2285/2288 2291/2286/2287
f 2333/2326/2329 2292/2285/2288 2332/2327/2328
f 2334/2328/2330 2293/2287/2289 2333/2326/2329
f 2334/2328/2330 2295/2288/2291 2294/2289/2290
f 2335/2329/2331 2296/2290/2292 2295/2288/2291
f 2336/2330/2332 2297/2291/2293 2296/2290/2292
f 2338/2331/2334 2297/2291/2293 2337/2332/2333
f 2338/2331/2334 2299/2292/2295 2298/2293/2294
f 2340/2333/2336 2299/2292/2295 2339/2334/2335
f 2341/2335/2337 2300/2295/2296 2340/2333/2336
f 2342/2336/2338 2301/2294/2297 2341/2335/2337
f 2342/2336/2338 2303/2296/2299 2302/2297/2298
f 2343/2337/2339 2304/2298/2300 2303/2296/2299
f 2344/2338/2340 2305/2300/2301 2304/2298/2300
f 2345/2339/2341 2306/2299/2302 2305/2300/2301
f 2347/2340/2343 2306/2299/2302 2346/2341/2342
f 2348/2342/2344 2307/2302/2303 2347/2340/2343
f 2348/2342/2344 2309/2303/2305 2308/2301/2304
f 2349/2343/2345 2310/2304/2306 2309/2303/2305
f 2351/2344/2347 2310/2304/2306 2350/2345/2346
f 2351/2344/2347 2312/2306/2308 2311/2305/2307
f 2353/2346/2349 2312/2306/2308 2352/2347/2348
f 2353/2346/2349 2314/2307/2310 2313/2308/2309
f 2355/2348/2351 2314/2307/2310 2354/2349/2350
f 2356/2350/2352 2315/2309/2311 2355/2348/2351
f 2356/2350/2352 2317/2311/2313 2316/2310/2312
f 2357/2351/2353 2318/2312/2314 2317/2311/2313
f 2358/2352/2354 2319/2314/2315 2318/2312/2314
f 2360/2353/2356 2319/2314/2315 2359/2354/2355
f 2361/2355/2357 2322/2317/2318 2321/2315/2317
f 2363/2356/2359 2322/2317/2318 2362/2357/2358
f 2364/2358/2360 2323/2316/2319 2363/2356/2359
f 2364/2358/2360 2325/2319/2321 2324/2318/2320
f 2365/2359/2361 2326/2321/2322 2325/2319/2321
f 2367/2360/2363 2326/2321/2322 2366/2361/2362
f 2367/2360/2363 2328/2322/2324 2327/2320/2323
f 2369/2362/2365 2328/2322/2324 2368/2363/2364
f 2370/2364/2366 2329/2323/2325 2369/2362/2365
f 2371/2365/2367 2330/2324/2326 2370/2364/2366
f 2372/2366/2368 2331/2325/2327 2371/2365/2367
f 2372/2366/2368 2333/2326/2329 2332/2327/2328
f 2373/2367/2369 2334/2328/2330 2333/2326/2329
f 2374/2368/2370 2335/2329/2331 2334/2328/2330
f 2375/2369/2371 2336/2330/2332 2335/2329/2331
f 2377/2370/2373 2336/2330/2332 2376/2371/2372
f 2377/2370/2373 2338/2331/2334 2337/2332/2333
f 2378/2372/2374 2339/2334/2335 2338/2331/2334
f 2380/2373/2376 2339/2334/2335 2379/2374/2375
f 2381/2375/2377 2340/2333/2336 2380/2373/2376
f 2381/2375/2377 2342/2336/2338 2341/2335/2337
f 2382/2376/2378 2343/2337/2339 2342/2336/2338
f 2384/2377/2380 2343/2337/2339 2383/2378/2379
f 2384/2377/2380 2345/2339/2341 2344/2338/2340
f 2386/2379/2382 2345/2339/2341 2385/2380/2381
f 2386/2379/2382 2347/2340/2343 2346/2341/2342
f 2387/2381/2383 2348/2342/2344 2347/2340/2343
f 2388/2382/2384 2349/2343/2345 2348/2342/2344
f 2389/2383/2385 2350/2345/2346 2349/2343/2345
f 2390/2384/2386 2351/2344/2347 2350/2345/2346
f 2391/2385/2387 2352/2347/2348 2351/2344/2347
f 2393/2386/2389 2352/2347/2348 2392/2387/2388
f 2394/2388/2390 2353/2346/2349 2393/2386/2389
f 2395/2389/2391 2354/2349/2350 2394/2388/2390
f 2396/2390/2392 2355/2348/2351 2395/2389/2391
f 2396/2390/2392 2357/2351/2353 2356/2350/2352
f 2398/2391/2394 2357/2351/2353 2397/2392/2393
f 2399/2393/2395 2358/2352/2354 2398/2391/2394
f 2399/2393/2395 2360/2353/2356 2359/2354/2355
f 2401/2394/2397 2362/2357/2358 2361/2355/2357
f 2403/2395/2399 2362/2357/2358 2402/2396/2398
f 2404/2397/2400 2363/2356/2359 2403/2395/2399
f 2405/2398/2401 2364/2358/2360 2404/2397/2400
f 2406/2399/2402 2365/2359/2361 2405/2398/2401
f 2407/2400/2403 2366/2361/2362 2406/2399/2402
f 2408/2401/2404 2367/2360/2363 2407/2400/2403
f 2409/2402/2405 2368/2363/2364 2408/2401/2404
f 2409/2402/2405 2370/2364/2366 2369/2362/2365
f 2410/2403/2406 2371/2365/2367 2370/2364/2366
f 2412/2404/2408 2371/2365/2367 2411/2405/2407
f 2412/2404/2408 2373/2367/2369 2372/2366/2368
f 2414/2406/2410 2373/2367/2369 2413/2407/2409
f 2415/2408/2411 2374/2368/2370 2414/2406/2410
f 2416/2409/2412 2375/2369/2371 2415/2408/2411
f 2416/2409/2412 2377/2370/2373 2376/2371/2372
f 2418/2410/2414 2377/2370/2373 2417/2411/2413
f 2419/2412/2415 2378/2372/2374 2418/2410/2414
f 2419/2412/2415 2380/2373/2376 2379/2374/2375
f 2420/2413/2416 2381/2375/2377 2380/2373/2376
f 2422/2414/2418 2381/2375/2377 2421/2415/2417
f 2422/2414/2418 2383/2378/2379 2382/2376/2378
f 2424/2416/2420 2383/2378/2379 2423/2417/2419
f 2424/2416/2420 2385/2380/2381 2384/2377/2380
f 2426/2418/2422 2385/2380/2381 2425/2419/2421
f 2426/2418/2422 2387/2381/2383 2386/2379/2382
f 2427/2420/2423 2388/2382/2384 2387/2381/2383
f 2429/2421/2425 2388/2382/2384 2428/2422/2424
f 2429/2421/2425 2390/2384/2386 2389/2383/2385
f 2431/2423/2427 2390/2384/2386 2430/2424/2426
f 2431/2423/2427 2392/2387/2388 2391/2385/2387
f 2433/2425/2429 2392/2387/2388 2432/2426/2428
f 2433/2425/2429 2394/2388/2390 2393/2386/2389
f 2434/2427/2430 2395/2389/2391 2394/2388/2390
f 2436/2428/2432 2395/2389/2391 2435/2429/2431
f 2436/2428/2432 2397/2392/2393 2396/2390/2392
f 2438/2430/2434 2397/2392/2393 2437/2431/2433
f 2439/2432/2435 2398/2391/2394 2438/2430/2434
f 2440/2433/2436 2399/2393/2395 2439/2432/2435
f 2442/2434/2438 2401/2394/2397 2441/2435/2437
f 2443/2436/2439 2402/2396/2398 2442/2434/2438
f 2444/2437/2440 2403/2395/2399 2443/2436/2439
f 2445/2438/2441 2404/2397/2400 2444/2437/2440
f 2445/2438/2441 2406/2399/2402 2405/2398/2401
f 2446/2439/2442 2407/2400/2403 2406/2399/2402
f 2448/2440/2444 2407/2400/2403 2447/2441/2443
f 2449/2442/2445 2408/2401/2404 2448/2440/2444
f 2450/2443/2446 2409/2402/2405 2449/2442/2445
f 2451/2444/2447 2410/2403/2406 2450/2443/2446
f 2451/2444/2447 2412/2404/2408 2411/2405/2407
f 2453/2445/2449 2412/2404/2408 2452/2446/2448
f 2454/2447/2450 2413/2407/2409 2453/2445/2449
f 2454/2447/2450 2415/2408/2411 2414/2406/2410
f 2456/2448/2452 2415/2408/2411 2455/2449/2451
f 2456/2448/2452 2417/2411/2413 2416/2409/2412
f 2458/2450/2454 2417/2411/2413 2457/2451/2453
f 2459/2452/2455 2418/2410/2414 2458/2450/2454
f 2459/2452/2455 2420/2413/2416 2419/2412/2415
f 2461/2453/2457 2420/2413/2416 2460/2454/2456
f 2461/2453/2457 2422/2414/2418 2421/2415/2417
f 2463/2455/2459 2422/2414/2418 2462/2456/2458
f 2463/2455/2459 2424/2416/2420 2423/2417/2419
f 2465/2457/2461 2424/2416/2420 2464/2458/2460
f 2465/2457/2461 2426/2418/2422 2425/2419/2421
f 2466/2459/2462 2427/2420/2423 2426/2418/2422
f 2468/2460/2464 2427/2420/2423 2467/2461/2463
f 2469/2462/2465 2428/2422/2424 2468/2460/2464
f 2469/2462/2465 2430/2424/2426 2429/2421/2425
f 2470/2463/2466 2431/2423/2427 2430/2424/2426
f 2471/2464/2467 2432/2426/2428 2431/2423/2427
f 2473/2465/2469 2432/2426/2428 2472/2466/2468
f 2474/2467/2470 2433/2425/2429 2473/2465/2469
f 2474/2467/2470 2435/2429/2431 2434/2427/2430
f 2476/2468/2472 2435/2429/2431 2475/2469/2471
f 2476/2468/2472 2437/2431/2433 2436/2428/2432
f 2478/2470/2474 2437/2431/2433 2477/2471/2473
f 2479/2472/2475 2438/2430/2434 2478/2470/2474
f 2480/2473/2476 2439/2432/2435 2479/2472/2475
f 2482/2474/2478 2441/2435/2437 2481/2475/2477
f 2483/2476/2479 2442/2434/2438 2482/2474/2478
f 2484/2477/2480 2443/2436/2439 2483/2476/2479
f 2484/2477/2480 2445/2438/2441 2444/2437/2440
f 2485/2478/2481 2446/2439/2442 2445/2438/2441
f 2486/2479/2482 2447/2441/2443 2446/2439/2442
f 2487/2480/2483 2448/2440/2444 2447/2441/2443
f 2489/2481/2485 2448/2440/2444 2488/2482/2484
f 2490/2483/2486 2449/2442/2445 2489/2481/2485
f 2490/2483/2486 2451/2444/2447 2450/2443/2446
f 2491/2484/2487 2452/2446/2448 2451/2444/2447
f 2493/2485/2489 2452/2446/2448 2492/2486/2488
f 2494/2487/2490 2453/2445/2449 2493/2485/2489
f 2494/2487/2490 2455/2449/2451 2454/2447/2450
f 2495/2488/2491 2456/2448/2452 2455/2449/2451
f 2497/2489/2493 2456/2448/2452 2496/2490/2492
f 2497/2489/2493 2458/2450/2454 2457/2451/2453
f 2498/2491/2494 2459/2452/2455 2458/2450/2454
f 2500/2492/2496 2459/2452/2455 2499/2493/2495
f 2500/2492/2496 2461/2453/2457 2460/2454/2456
f 2502/2494/2498 2461/2453/2457 2501/2495/2497
f 2502/2494/2498 2463/2455/2459 2462/2456/2458
f 2504/2496/2500 2463/2455/2459 2503/2497/2499
f 2504/2496/2500 2465/2457/2461 2464/2458/2460
f 2506/2498/2502 2465/2457/2461 2505/2499/2501
f 2507/2500/2503 2466/2459/2462 2506/2498/2502
f 2507/2500/2503 2468/2460/2464 2467/2461/2463
f 2509/2501/2505 2468/2460/2464 2508/2502/2504
f 2509/2501/2505 2470/2463/2466 2469/2462/2465
f 2511/2503/2507 2470/2463/2466 2510/2504/2506
f 2512/2505/2508 2471/2464/2467 2511/2503/2507
f 2513/2506/2509 2472/2466/2468 2512/2505/2508
f 2513/2506/2509 2474/2467/2470 2473/2465/2469
f 2515/2507/2511 2474/2467/2470 2514/2508/2510
f 2516/2509/2512 2475/2469/2471 2515/2507/2511
f 2516/2509/2512 2477/2471/2473 2476/2468/2472
f 2517/2510/2513 2478/2470/2474 2477/2471/2473
f 2519/2511/2515 2478/2470/2474 2518/2512/2514
f 2520/2513/2516 2479/2472/2475 2519/2511/2515
f 2522/2514/2518 2481/2475/2477 2521/2515/2517
f 2523/2516/2519 2482/2474/2478 2522/2514/2518
f 2524/2517/2520 2483/2476/2479 2523/2516/2519
f 2524/2517/2520 2485/2478/2481 2484/2477/2480
f 2525/2518/2521 2486/2479/2482 2485/2478/2481
f 2527/2519/2523 2486/2479/2482 2526/2520/2522
f 2528/2521/2524 2487/2480/2483 2527/2519/2523
f 2528/2521/2524 2489/2481/2485 2488/2482/2484
f 2530/2522/2526 2489/2481/2485 2529/2523/2525
f 2530/2522/2526 2491/2484/2487 2490/2483/2486
f 2532/2524/2528 2491/2484/2487 2531/2525/2527
f 2533/2526/2529 2492/2486/2488 2532/2524/2528
f 2534/2527/2530 2493/2485/2489 2533/2526/2529
f 2534/2527/2530 2495/2488/2491 2494/2487/2490
f 2536/2528/2532 2495/2488/2491 2535/2529/2531
f 2537/2530/2533 2496/2490/2492 2536/2528/2532
f 2538/2531/2534 2497/2489/2493 2537/2530/2533
f 2538/2531/2534 2499/2493/2495 2498/2491/2494
f 2540/2532/2536 2499/2493/2495 2539/2533/2535
f 2541/2534/2537 2500/2492/2496 2540/2532/2536
f 2542/2535/2538 2501/2495/2497 2541/2534/2537
f 2542/2535/2538 2503/2497/2499 2502/2494/2498
f 2544/2536/2540 2503/2497/2499 2543/2537/2539
f 2544/2536/2540 2505/2499/2501 2504/2496/2500
f 2546/2538/2542 2505/2499/2501 2545/2539/2541
f 2547/2540/2543 2506/2498/2502 2546/2538/2542
f 2547/2540/2543 2508/2502/2504 2507/2500/2503
f 2549/2541/2545 2508/2502/2504 2548/2542/2544
f 2550/2543/2546 2509/2501/2505 2549/2541/2545
f 2550/2543/2546 2511/2503/2507 2510/2504/2506
f 2551/2544/2547 2512/2505/2508 2511/2503/2507
f 2552/2545/2548 2513/2506/2509 2512/2505/2508
f 2553/2546/2549 2514/2508/2510 2513/2506/2509
f 2555/2547/2551 2514/2508/2510 2554/2548/2550
f 2556/2549/2552 2515/2507/2511 2555/2547/2551
f 2556/2549/2552 2517/2510/2513 2516/2509/2512
f 2557/2550/2553 2518/2512/2514 2517/2510/2513
f 2559/2551/2555 2518/2512/2514 2558/2552/2554
f 2560/2553/2556 2519/2511/2515 2559/2551/2555
f 2562/2554/2558 2521/2515/2517 2561/2555/2557
f 2563/2556/2559 2522/2514/2518 2562/2554/2558
f 2564/2557/2560 2523/2516/2519 2563/2556/2559
f 2565/2558/2561 2524/2517/2520 2564/2557/2560
f 2566/2559/2562 2525/2518/2521 2565/2558/2561
f 2567/2560/2563 2526/2520/2522 2566/2559/2562
f 2568/2561/2564 2527/2519/2523 2567/2560/2563
f 2569/2562/2565 2528/2521/2524 2568/2561/2564
f 2569/2562/2565 2530/2522/2526 2529/2523/2525
f 2571/2563/2567 2530/2522/2526 2570/2564/2566
f 2572/2565/2568 2531/2525/2527 2571/2563/2567
f 2573/2566/2569 2532/2524/2528 2572/2565/2568
f 2574/2567/2570 2533/2526/2529 2573/2566/2569
f 2575/2568/2571 2534/2527/2530 2574/2567/2570
f 2575/2568/2571 2536/2528/2532 2535/2529/2531
f 2577/2569/2573 2536/2528/2532 2576/2570/2572
f 2578/2571/2574 2537/2530/2533 2577/2569/2573
f 2579/2572/2575 2538/2531/2534 2578/2571/2574
f 2580/2573/2576 2539/2533/2535 2579/2572/2575
f 2581/2574/2577 2540/2532/2536 2580/2573/2576
f 2581/2574/2577 2542/2535/2538 2541/2534/2537
f 2582/2575/2578 2543/2537/2539 2542/2535/2538
f 2583/2576/2579 2544/2536/2540 2543/2537/2539
f 2585/2577/2581 2544/2536/2540 2584/2578/2580
f 2585/2577/2581 2546/2538/2542 2545/2539/2541
f 2587/2579/2583 2546/2538/2542 2586/2580/2582
f 2587/2579/2583 2548/2542/2544 2547/2540/2543
f 2588/2581/2584 2549/2541/2545 2548/2542/2544
f 2590/2582/2586 2549/2541/2545 2589/2583/2585
f 2591/2584/2587 2550/2543/2546 2590/2582/2586
f 2591/2584/2587 2552/2545/2548 2551/2544/2547
f 2592/2585/2588 2553/2546/2549 2552/2545/2548
f 2593/2586/2589 2554/2548/2550 2553/2546/2549
f 2595/2587/2591 2554/2548/2550 2594/2588/2590
f 2596/2589/2592 2555/2547/2551 2595/2587/2591
f 2596/2589/2592 2557/2550/2553 2556/2549/2552
f 2597/2590/2593 2558/2552/2554 2557/2550/2553
f 2599/2591/2595 2558/2552/2554 2598/2592/2594
f 2600/2593/2596 2559/2551/2555 2599/2591/2595
f 2602/2594/2598 2561/2555/2557 2601/2595/2597
f 2602/2594/2598 2563/2556/2559 2562/2554/2558
f 2603/2596/2599 2564/2557/2560 2563/2556/2559
f 2605/2597/2601 2564/2557/2560 2604/2598/2600
f 2606/2599/2602 2565/2558/2561 2605/2597/2601
f 2607/2600/2603 2566/2559/2562 2606/2599/2602
f 2607/2600/2603 2568/2561/2564 2567/2560/2563
f 2609/2601/2605 2568/2561/2564 2608/2602/2604
f 2610/2603/2606 2569/2562/2565 2609/2601/2605
f 2611/2604/2607 2570/2564/2566 2610/2603/2606
f 2612/2605/2608 2571/2563/2567 2611/2604/2607
f 2613/2606/2609 2572/2565/2568 2612/2605/2608
f 2614/2607/2610 2573/2566/2569 2613/2606/2609
f 2615/2608/2611 2574/2567/2570 2614/2607/2610
f 2616/2609/2612 2575/2568/2571 2615/2608/2611
f 2616/2609/2612 2577/2569/2573 2576/2570/2572
f 2617/2610/2613 2578/2571/2574 2577/2569/2573
f 2619/2611/2615 2578/2571/2574 2618/2612/2614
f 2620/2613/2616 2579/2572/2575 2619/2611/2615
f 2620/2613/2616 2581/2574/2577 2580/2573/2576
f 2621/2614/2617 2582/2575/2578 2581/2574/2577
f 2623/2615/2619 2582/2575/2578 2622/2616/2618
f 2623/2615/2619 2584/2578/2580 2583/2576/2579
f 2625/2617/2621 2584/2578/2580 2624/2618/2620
f 2625/2617/2621 2586/2580/2582 2585/2577/2581
f 2627/2619/2623 2586/2580/2582 2626/2620/2622
f 2628/2621/2624 2587/2579/2583 2627/2619/2623
f 2628/2621/2624 2589/2583/2585 2588/2581/2584
f 2629/2622/2625 2590/2582/2586 2589/2583/2585
f 2631/2623/2627 2590/2582/2586 2630/2624/2626
f 2631/2623/2627 2592/2585/2588 2591/2584/2587
f 2632/2625/2628 2593/2586/2589 2592/2585/2588
f 2633/2626/2629 2594/2588/2590 2593/2586/2589
f 2635/2627/2631 2594/2588/2590 2634/2628/2630
f 2636/2629/2632 2595/2587/2591 2635/2627/2631
f 2636/2629/2632 2597/2590/2593 2596/2589/2592
f 2637/2630/2633 2598/2592/2594 2597/2590/2593
f 2639/2631/2635 2598/2592/2594 2638/2632/2634
f 2640/2633/2636 2599/2591/2595 2639/2631/2635
f 2642/2634/2638 2601/2595/2597 2641/2635/2637
f 2642/2634/2638 2603/2596/2599 2602/2594/2598
f 2643/2636/2639 2604/2598/2600 2603/2596/2599
f 2645/2637/2641 2604/2598/2600 2644/2638/2640
f 2646/2639/2642 2605/2597/2601 2645/2637/2641
f 2647/2640/2643 2606/2599/2602 2646/2639/2642
f 2647/2640/2643 2608/2602/2604 2607/2600/2603
f 2649/2641/2645 2608/2602/2604 2648/2642/2644
f 2650/2643/2646 2609/2601/2605 2649/2641/2645
f 2651/2644/2647 2610/2603/2606 2650/2643/2646
f 2652/2645/2648 2611/2604/2607 2651/2644/2647
f 2653/2646/2649 2612/2605/2608 2652/2645/2648
f 2654/2647/2650 2613/2606/2609 2653/2646/2649
f 2654/2647/2650 2615/2608/2611 2614/2607/2610
f 2656/2648/2652 2615/2608/2611 2655/2649/2651
f 2657/2650/2653 2616/2609/2612 2656/2648/2652
f 2657/2650/2653 2618/2612/2614 2617/2610/2613
f 2658/2651/2654 2619/2611/2615 2618/2612/2614
f 2660/2652/2656 2619/2611/2615 2659/2653/2655
f 2660/2652/2656 2621/2614/2617 2620/2613/2616
f 2662/2654/2658 2621/2614/2617 2661/2655/2657
f 2662/2654/2658 2623/2615/2619 2622/2616/2618
f 2663/2656/2659 2624/2618/2620 2623/2615/2619
f 2665/2657/2661 2624/2618/2620 2664/2658/2660
f 2665/2657/2661 2626/2620/2622 2625/2617/2621
f 2666/2659/2662 2627/2619/2623 2626/2620/2622
f 2668/2660/2664 2627/2619/2623 2667/2661/2663
f 2668/2660/2664 2629/2622/2625 2628/2621/2624
f 2669/2662/2665 2630/2624/2626 2629/2622/2625
f 2671/2663/2667 2630/2624/2626 2670/2664/2666
f 2671/2663/2667 2632/2625/2628 2631/2623/2627
f 2673/2665/2669 2632/2625/2628 2672/2666/2668
f 2674/2667/2670 2633/2626/2629 2673/2665/2669
f 2674/2667/2670 2635/2627/2631 2634/2628/2630
f 2676/2668/2672 2635/2627/2631 2675/2669/2671
f 2677/2670/2673 2636/2629/2632 2676/2668/2672
f 2677/2670/2673 2638/2632/2634 2637/2630/2633
f 2679/2671/2675 2638/2632/2634 2678/2672/2674
f 2680/2673/2676 2639/2631/2635 2679/2671/2675
f 2682/2674/2678 2641/2635/2637 2681/2675/2677
f 2682/2674/2678 2643/2636/2639 2642/2634/2638
f 2683/2676/2679 2644/2638/2640 2643/2636/2639
f 2685/2677/2681 2644/2638/2640 2684/2678/2680
f 2686/2679/2682 2645/2637/2641 2685/2677/2681
f 2687/2680/2683 2646/2639/2642 2686/2679/2682
f 2687/2680/2683 2648/2642/2644 2647/2640/2643
f 2688/2681/2684 2649/2641/2645 2648/2642/2644
f 2690/2682/2686 2649/2641/2645 2689/2683/2685
f 2690/2682/2686 2651/2644/2647 2650/2643/2646
f 2692/2684/2688 2651/2644/2647 2691/2685/2687
f 2693/2686/2689 2652/2645/2648 2692/2684/2688
f 2693/2686/2689 2654/2647/2650 2653/2646/2649
f 2695/2687/2691 2654/2647/2650 2694/2688/2690
f 2696/2689/2692 2655/2649/2651 2695/2687/2691
f 2697/2690/2693 2656/2648/2652 2696/2689/2692
f 2697/2690/2693 2658/2651/2654 2657/2650/2653
f 2698/2691/2694 2659/2653/2655 2658/2651/2654
f 2700/2692/2696 2659/2653/2655 2699/2693/2695
f 2700/2692/2696 2661/2655/2657 2660/2652/2656
f 2702/2694/2698 2661/2655/2657 2701/2695/2697
f 2702/2694/2698 2663/2656/2659 2662/2654/2658
f 2703/2696/2699 2664/2658/2660 2663/2656/2659
f 2704/2697/2700 2665/2657/2661 2664/2658/2660
f 2705/2698/2701 2666/2659/2662 2665/2657/2661
f 2706/2699/2702 2667/2661/2663 2666/2659/2662
f 2708/2700/2704 2667/2661/2663 2707/2701/2703
f 2709/2702/2705 2668/2660/2664 2708/2700/2704
f 2709/2702/2705 2670/2664/2666 2669/2662/2665
f 2710/2703/2706 2671/2663/2667 2670/2664/2666
f 2711/2704/2707 2672/2666/2668 2671/2663/2667
f 2712/2705/2708 2673/2665/2669 2672/2666/2668
f 2714/2706/2710 2673/2665/2669 2713/2707/2709
f 2714/2706/2710 2675/2669/2671 2674/2667/2670
f 2716/2708/2712 2675/2669/2671 2715/2709/2711
f 2717/2710/2713 2676/2668/2672 2716/2708/2712
f 2718/2711/2714 2677/2670/2673 2717/2710/2713
f 2718/2711/2714 2679/2671/2675 2678/2672/2674
f 2719/2712/2715 2680/2673/2676 2679/2671/2675
f 2722/2713/2718 2681/2675/2677 2721/2714/2717
f 2723/2715/2719 2682/2674/2678 2722/2713/2718
f 2724/2716/2720 2683/2676/2679 2723/2715/2719
f 2724/2716/2720 2685/2677/2681 2684/2678/2680
f 2725/2717/2721 2686/2679/2682 2685/2677/2681
f 2726/2718/2722 2687/2680/2683 2686/2679/2682
f 2727/2719/2723 2688/2681/2684 2687/2680/2683
f 2728/2720/2724 2689/2683/2685 2688/2681/2684
f 2730/2721/2726 2689/2683/2685 2729/2722/2725
f 2731/2723/2727 2690/2682/2686 2730/2721/2726
f 2732/2724/2728 2691/2685/2687 2731/2723/2727
f 2732/2724/2728 2693/2686/2689 2692/2684/2688
f 2734/2725/2730 2693/2686/2689 2733/2726/2729
f 2735/2727/2731 2694/2688/2690 2734/2725/2730
f 2735/2727/2731 2696/2689/2692 2695/2687/2691
f 2737/2728/2733 2696/2689/2692 2736/2729/2732
f 2737/2728/2733 2698/2691/2694 2697/2690/2693
f 2739/2730/2735 2698/2691/2694 2738/2731/2734
f 2739/2730/2735 2700/2692/2696 2699/2693/2695
f 2741/2732/2737 2700/2692/2696 2740/2733/2736
f 2742/2734/2738 2701/2695/2697 2741/2732/2737
f 2743/2735/2739 2702/2694/2698 2742/2734/2738
f 2743/2735/2739 2704/2697/2700 2703/2696/2699
f 2744/2736/2740 2705/2698/2701 2704/2697/2700
f 2746/2737/2742 2705/2698/2701 2745/2738/2741
f 2746/2737/2742 2707/2701/2703 2706/2699/2702
f 2748/2739/2744 2707/2701/2703 2747/2740/2743
f 2748/2739/2744 2709/2702/2705 2708/2700/2704
f 2749/2741/2745 2710/2703/2706 2709/2702/2705
f 2751/2742/2747 2710/2703/2706 2750/2743/2746
f 2751/2742/2747 2712/2705/2708 2711/2704/2707
f 2752/2744/2748 2713/2707/2709 2712/2705/2708
f 2754/2745/2750 2713/2707/2709 2753/2746/2749
f 2754/2745/2750 2715/2709/2711 2714/2706/2710
f 2756/2747/2752 2715/2709/2711 2755/2748/2751
f 2757/2749/2753 2716/2708/2712 2756/2747/2752
f 2758/2750/2754 2717/2710/2713 2757/2749/2753
f 2758/2750/2754 2719/2712/2715 2718/2711/2714
f 2759/2751/2755 2720/2752/2716 2719/2712/2715
f 2761/2753/2757 2722/2713/2718 2721/2714/2717
f 2762/2754/2758 2723/2715/2719 2722/2713/2718
f 2764/2755/2760 2723/2715/2719 2763/2756/2759
f 2764/2755/2760 2725/2717/2721 2724/2716/2720
f 2765/2757/2761 2726/2718/2722 2725/2717/2721
f 2766/2758/2762 2727/2719/2723 2726/2718/2722
f 2768/2759/2764 2727/2719/2723 2767/2760/2763
f 2768/2759/2764 2729/2722/2725 2728/2720/2724
f 2770/2761/2766 2729/2722/2725 2769/2762/2765
f 2771/2763/2767 2730/2721/2726 2770/2761/2766
f 2771/2763/2767 2732/2724/2728 2731/2723/2727
f 2773/2764/2769 2732/2724/2728 2772/2765/2768
f 2773/2764/2769 2734/2725/2730 2733/2726/2729
f 2775/2766/2771 2734/2725/2730 2774/2767/2770
f 2775/2766/2771 2736/2729/2732 2735/2727/2731
f 2777/2768/2773 2736/2729/2732 2776/2769/2772
f 2778/2770/2774 2737/2728/2733 2777/2768/2773
f 2779/2771/2775 2738/2731/2734 2778/2770/2774
f 2779/2771/2775 2740/2733/2736 2739/2730/2735
f 2781/2772/2777 2740/2733/2736 2780/2773/2776
f 2782/2774/2778 2741/2732/2737 2781/2772/2777
f 2783/2775/2779 2742/2734/2738 2782/2774/2778
f 2783/2775/2779 2744/2736/2740 2743/2735/2739
f 2784/2776/2780 2745/2738/2741 2744/2736/2740
f 2786/2777/2782 2745/2738/2741 2785/2778/2781
f 2786/2777/2782 2747/2740/2743 2746/2737/2742
f 2787/2779/2783 2748/2739/2744 2747/2740/2743
f 2789/2780/2785 2748/2739/2744 2788/2781/2784
f 2790/2782/2786 2749/2741/2745 2789/2780/2785
f 2791/2783/2787 2750/2743/2746 2790/2782/2786
f 2791/2783/2787 2752/2744/2748 2751/2742/2747
f 2792/2784/2788 2753/2746/2749 2752/2744/2748
f 2794/2785/2790 2753/2746/2749 2793/2786/2789
f 2794/2785/2790 2755/2748/2751 2754/2745/2750
f 2795/2787/2791 2756/2747/2752 2755/2748/2751
f 2797/2788/2793 2756/2747/2752 2796/2789/2792
f 2798/2790/2794 2757/2749/2753 2797/2788/2793
f 2798/2790/2794 2759/2751/2755 2758/2750/2754
f 2799/2791/2795 2760/2792/2756 2759/2751/2755
f 2801/2793/2797 2762/2754/2758 2761/2753/2757
f 2802/2794/2798 2763/2756/2759 2762/2754/2758
f 2804/2795/2800 2763/2756/2759 2803/2796/2799
f 2805/2797/2801 2764/2755/2760 2804/2795/2800
f 2805/2797/2801 2766/2758/2762 2765/2757/2761
f 2806/2798/2802 2767/2760/2763 2766/2758/2762
f 2808/2799/2804 2767/2760/2763 2807/2800/2803
f 2808/2799/2804 2769/2762/2765 2768/2759/2764
f 2810/2801/2806 2769/2762/2765 2809/2802/2805
f 2811/2803/2807 2770/2761/2766 2810/2801/2806
f 2811/2803/2807 2772/2765/2768 2771/2763/2767
f 2813/2804/2809 2772/2765/2768 2812/2805/2808
f 2814/2806/2810 2773/2764/2769 2813/2804/2809
f 2814/2806/2810 2775/2766/2771 2774/2767/2770
f 2816/2807/2812 2775/2766/2771 2815/2808/2811
f 2816/2807/2812 2777/2768/2773 2776/2769/2772
f 2818/2809/2814 2777/2768/2773 2817/2810/2813
f 2819/2811/2815 2778/2770/2774 2818/2809/2814
f 2819/2811/2815 2780/2773/2776 2779/2771/2775
f 2821/2812/2817 2780/2773/2776 2820/2813/2816
f 2822/2814/2818 2781/2772/2777 2821/2812/2817
f 2822/2814/2818 2783/2775/2779 2782/2774/2778
f 2823/2815/2819 2784/2776/2780 2783/2775/2779
f 2824/2816/2820 2785/2778/2781 2784/2776/2780
f 2826/2817/2822 2785/2778/2781 2825/2818/2821
f 2826/2817/2822 2787/2779/2783 2786/2777/2782
f 2827/2819/2823 2788/2781/2784 2787/2779/2783
f 2829/2820/2825 2788/2781/2784 2828/2821/2824
f 2829/2820/2825 2790/2782/2786 2789/2780/2785
f 2831/2822/2827 2790/2782/2786 2830/2823/2826
f 2831/2822/2827 2792/2784/2788 2791/2783/2787
f 2833/2824/2829 2792/2784/2788 2832/2825/2828
f 2834/2826/2830 2793/2786/2789 2833/2824/2829
f 2835/2827/2831 2794/2785/2790 2834/2826/2830
f 2836/2828/2832 2795/2787/2791 2835/2827/2831
f 2836/2828/2832 2797/2788/2793 2796/2789/2792
f 2837/2829/2833 2798/2790/2794 2797/2788/2793
f 2838/2830/2834 2799/2791/2795 2798/2790/2794
f 2839/2831/2835 2800/2832/2796 2799/2791/2795
f 2841/2833/2837 2802/2794/2798 2801/2793/2797
f 2842/2834/2838 2803/2796/2799 2802/2794/2798
f 2844/2835/2840 2803/2796/2799 2843/2836/2839
f 2845/2837/2841 2804/2795/2800 2844/2835/2840
f 2845/2837/2841 2806/2798/2802 2805/2797/2801
f 2846/2838/2842 2807/2800/2803 2806/2798/2802
f 2848/2839/2844 2807/2800/2803 2847/2840/2843
f 2849/2841/2845 2808/2799/2804 2848/2839/2844
f 2849/2841/2845 2810/2801/2806 2809/2802/2805
f 2851/2842/2847 2810/2801/2806 2850/2843/2846
f 2852/2844/2848 2811/2803/2807 2851/2842/2847
f 2853/2845/2849 2812/2805/2808 2852/2844/2848
f 2854/2846/2850 2813/2804/2809 2853/2845/2849
f 2855/2847/2851 2814/2806/2810 2854/2846/2850
f 2855/2847/2851 2816/2807/2812 2815/2808/2811
f 2857/2848/2853 2816/2807/2812 2856/2849/2852
f 2857/2848/2853 2818/2809/2814 2817/2810/2813
f 2858/2850/2854 2819/2811/2815 2818/2809/2814
f 2860/2851/2856 2819/2811/2815 2859/2852/2855
f 2860/2851/2856 2821/2812/2817 2820/2813/2816
f 2861/2853/2857 2822/2814/2818 2821/2812/2817
f 2863/2854/2859 2822/2814/2818 2862/2855/2858
f 2863/2854/2859 2824/2816/2820 2823/2815/2819
f 2864/2856/2860 2825/2818/2821 2824/2816/2820
f 2866/2857/2862 2825/2818/2821 2865/2858/2861
f 2866/2857/2862 2827/2819/2823 2826/2817/2822
f 2868/2859/2864 2827/2819/2823 2867/2860/2863
f 2869/2861/2865 2828/2821/2824 2868/2859/2864
f 2869/2861/2865 2830/2823/2826 2829/2820/2825
f 2871/2862/2867 2830/2823/2826 2870/2863/2866
f 2871/2862/2867 2832/2825/2828 2831/2822/2827
f 2873/2864/2869 2832/2825/2828 2872/2865/2868
f 2873/2864/2869 2834/2826/2830 2833/2824/2829
f 2874/2866/2870 2835/2827/2831 2834/2826/2830
f 2875/2867/2871 2836/2828/2832 2835/2827/2831
f 2876/2868/2872 2837/2829/2833 2836/2828/2832
f 2877/2869/2873 2838/2830/2834 2837/2829/2833
f 2879/2870/2875 2838/2830/2834 2878/2871/2874
f 2879/2870/2875 2840/2872/2836 2839/2831/2835
f 2881/2873/2877 2842/2834/2838 2841/2833/2837
f 2883/2874/2879 2842/2834/2838 2882/2875/2878
f 2884/2876/2880 2843/2836/2839 2883/2874/2879
f 2885/2877/2881 2844/2835/2840 2884/2876/2880
f 2885/2877/2881 2846/2838/2842 2845/2837/2841
f 2886/2878/2882 2847/2840/2843 2846/2838/2842
f 2888/2879/2884 2847/2840/2843 2887/2880/2883
f 2888/2879/2884 2849/2841/2845 2848/2839/2844
f 2890/2881/2886 2849/2841/2845 2889/2882/2885
f 2891/2883/2887 2850/2843/2846 2890/2881/2886
f 2891/2883/2887 2852/2844/2848 2851/2842/2847
f 2893/2884/2889 2852/2844/2848 2892/2885/2888
f 2894/2886/2890 2853/2845/2849 2893/2884/2889
f 2894/2886/2890 2855/2847/2851 2854/2846/2850
f 2895/2887/2891 2856/2849/2852 2855/2847/2851
f 2897/2888/2893 2856/2849/2852 2896/2889/2892
f 2897/2888/2893 2858/2850/2854 2857/2848/2853
f 2898/2890/2894 2859/2852/2855 2858/2850/2854
f 2900/2891/2896 2859/2852/2855 2899/2892/2895
f 2900/2891/2896 2861/2853/2857 2860/2851/2856
f 2902/2893/2898 2861/2853/2857 2901/2894/2897
f 2902/2893/2898 2863/2854/2859 2862/2855/2858
f 2904/2895/2900 2863/2854/2859 2903/2896/2899
f 2904/2895/2900 2865/2858/2861 2864/2856/2860
f 2906/2897/2902 2865/2858/2861 2905/2898/2901
f 2907/2899/2903 2866/2857/2862 2906/2897/2902
f 2908/2900/2904 2867/2860/2863 2907/2899/2903
f 2908/2900/2904 2869/2861/2865 2868/2859/2864
f 2909/2901/2905 2870/2863/2866 2869/2861/2865
f 2911/2902/2907 2870/2863/2866 2910/2903/2906
f 2911/2902/2907 2872/2865/2868 2871/2862/2867
f 2913/2904/2909 2872/2865/2868 2912/2905/2908
f 2913/2904/2909 2874/2866/2870 2873/2864/2869
f 2914/2906/2910 2875/2867/2871 2874/2866/2870
f 2915/2907/2911 2876/2868/2872 2875/2867/2871
f 2917/2908/2913 2876/2868/2872 2916/2909/2912
f 2917/2908/2913 2878/2871/2874 2877/2869/2873
f 2918/2910/2914 2879/2870/2875 2878/2871/2874
f 2919/2911/2915 2880/2912/2876 2879/2870/2875
f 2921/2913/2917 2882/2875/2878 2881/2873/2877
f 2923/2914/2919 2882/2875/2878 2922/2915/2918
f 2923/2914/2919 2884/2876/2880 2883/2874/2879
f 2924/2916/2920 2885/2877/2881 2884/2876/2880
f 2926/2917/2922 2885/2877/2881 2925/2918/2921
f 2927/2919/2923 2886/2878/2882 2926/2917/2922
f 2927/2919/2923 2888/2879/2884 2887/2880/2883
f 2928/2920/2924 2889/2882/2885 2888/2879/2884
f 2929/2921/2925 2890/2881/2886 2889/2882/2885
f 2930/2922/2926 2891/2883/2887 2890/2881/2886
f 2932/2923/2928 2891/2883/2887 2931/2924/2927
f 2932/2923/2928 2893/2884/2889 2892/2885/2888
f 2934/2925/2930 2893/2884/2889 2933/2926/2929
f 2934/2925/2930 2895/2887/2891 2894/2886/2890
f 2935/2927/2931 2896/2889/2892 2895/2887/2891
f 2937/2928/2933 2896/2889/2892 2936/2929/2932
f 2938/2930/2934 2897/2888/2893 2937/2928/2933
f 2938/2930/2934 2899/2892/2895 2898/2890/2894
f 2939/2931/2935 2900/2891/2896 2899/2892/2895
f 2940/2932/2936 2901/2894/2897 2900/2891/2896
f 2942/2933/2938 2901/2894/2897 2941/2934/2937
f 2942/2933/2938 2903/2896/2899 2902/2893/2898
f 2944/2935/2940 2903/2896/2899 2943/2936/2939
f 2944/2935/2940 2905/2898/2901 2904/2895/2900
f 2945/2937/2941 2906/2897/2902 2905/2898/2901
f 2947/2938/2943 2906/2897/2902 2946/2939/2942
f 2947/2938/2943 2908/2900/2904 2907/2899/2903
f 2949/2940/2945 2908/2900/2904 2948/2941/2944
f 2949/2940/2945 2910/2903/2906 2909/2901/2905
f 2951/2942/2947 2910/2903/2906 2950/2943/2946
f 2952/2944/2948 2911/2902/2907 2951/2942/2947
f 2952/2944/2948 2913/2904/2909 2912/2905/2908
f 2953/2945/2949 2914/2906/2910 2913/2904/2909
f 2955/2946/2951 2914/2906/2910 2954/2947/2950
f 2956/2948/2952 2915/2907/2911 2955/2946/2951
f 2956/2948/2952 2917/2908/2913 2916/2909/2912
f 2957/2949/2953 2918/2910/2914 2917/2908/2913
f 2958/2950/2954 2919/2911/2915 2918/2910/2914
f 2959/2951/2955 2920/2952/2916 2919/2911/2915
f 2962/2953/2958 2921/2913/2917 2961/2954/2957
f 2962/2953/2958 2923/2914/2919 2922/2915/2918
f 2963/2955/2959 2924/2916/2920 2923/2914/2919
f 2964/2956/2960 2925/2918/2921 2924/2916/2920
f 2966/2957/2962 2925/2918/2921 2965/2958/2961
f 2967/2959/2963 2926/2917/2922 2966/2957/2962
f 2967/2959/2963 2928/2920/2924 2927/2919/2923
f 2969/2960/2965 2928/2920/2924 2968/2961/2964
f 2970/2962/2966 2929/2921/2925 2969/2960/2965
f 2971/2963/2967 2930/2922/2926 2970/2962/2966
f 2972/2964/2968 2931/2924/2927 2971/2963/2967
f 2972/2964/2968 2933/2926/2929 2932/2923/2928
f 2974/2965/2970 2933/2926/2929 2973/2966/2969
f 2975/2967/2971 2934/2925/2930 2974/2965/2970
f 2975/2967/2971 2936/2929/2932 2935/2927/2931
f 2976/2968/2972 2937/2928/2933 2936/2929/2932
f 2977/2969/2973 2938/2930/2934 2937/2928/2933
f 2978/2970/2974 2939/2931/2935 2938/2930/2934
f 2980/2971/2976 2939/2931/2935 2979/2972/2975
f 2980/2971/2976 2941/2934/2937 2940/2932/2936
f 2982/2973/2978 2941/2934/2937 2981/2974/2977
f 2983/2975/2979 2942/2933/2938 2982/2973/2978
f 2984/2976/2980 2943/2936/2939 2983/2975/2979
f 2984/2976/2980 2945/2937/2941 2944/2935/2940
f 2985/2977/2981 2946/2939/2942 2945/2937/2941
f 2987/2978/2983 2946/2939/2942 2986/2979/2982
f 2988/2980/2984 2947/2938/2943 2987/2978/2983
f 2988/2980/2984 2949/2940/2945 2948/2941/2944
f 2990/2981/2986 2949/2940/2945 2989/2982/2985
f 2991/2983/2987 2950/2943/2946 2990/2981/2986
f 2992/2984/2988 2951/2942/2947 2991/2983/2987
f 2993/2985/2989 2952/2944/2948 2992/2984/2988
f 2994/2986/2990 2953/2945/2949 2993/2985/2989
f 2995/2987/2991 2954/2947/2950 2994/2986/2990
f 2996/2988/2992 2955/2946/2951 2995/2987/2991
f 2996/2988/2992 2957/2949/2953 2956/2948/2952
f 2997/2989/2993 2958/2950/2954 2957/2949/2953
f 2998/2990/2994 2959/2951/2955 2958/2950/2954
f 3000/2991/2996 2959/2951/2955 2999/2992/2995
f 3002/2993/2998 2961/2954/2957 3001/2994/2997
f 3002/2993/2998 2963/2955/2959 2962/2953/2958
f 3003/2995/2999 2964/2956/2960 2963/2955/2959
f 3005/2996/3001 2964/2956/2960 3004/2997/3000
f 3006/2998/3002 2965/2958/2961 3005/2996/3001
f 3006/2998/3002 2967/2959/2963 2966/2957/2962
f 3008/2999/3004 2967/2959/2963 3007/3000/3003
f 3008/2999/3004 2969/2960/2965 2968/2961/2964
f 3010/3001/3006 2969/2960/2965 3009/3002/3005
f 3010/3001/3006 2971/2963/2967 2970/2962/2966
f 3011/3003/3007 2972/2964/2968 2971/2963/2967
f 3012/3004/3008 2973/2966/2969 2972/2964/2968
f 3013/3005/3009 2974/2965/2970 2973/2966/2969
f 3014/3006/3010 2975/2967/2971 2974/2965/2970
f 3015/3007/3011 2976/2968/2972 2975/2967/2971
f 3016/3008/3012 2977/2969/2973 2976/2968/2972
f 3017/3009/3013 2978/2970/2974 2977/2969/2973
f 3019/3010/3015 2978/2970/2974 3018/3011/3014
f 3019/3010/3015 2980/2971/2976 2979/2972/2975
f 3020/3012/3016 2981/2974/2977 2980/2971/2976
f 3022/3013/3018 2981/2974/2977 3021/3014/3017
f 3022/3013/3018 2983/2975/2979 2982/2973/2978
f 3023/3015/3019 2984/2976/2980 2983/2975/2979
f 3025/3016/3021 2984/2976/2980 3024/3017/3020
f 3026/3018/3022 2985/2977/2981 3025/3016/3021
f 3026/3018/3022 2987/2978/2983 2986/2979/2982
f 3027/3019/3023 2988/2980/2984 2987/2978/2983
f 3028/3020/3024 2989/2982/2985 2988/2980/2984
f 3030/3021/3026 2989/2982/2985 3029/3022/3025
f 3031/3023/3027 2990/2981/2986 3030/3021/3026
f 3031/3023/3027 2992/2984/2988 2991/2983/2987
f 3033/3024/3029 2992/2984/2988 3032/3025/3028
f 3034/3026/3030 2993/2985/2989 3033/3024/3029
f 3035/3027/3031 2994/2986/2990 3034/3026/3030
f 3036/3028/3032 2995/2987/2991 3035/3027/3031
f 3036/3028/3032 2997/2989/2993 2996/2988/2992
f 3037/3029/3033 2998/2990/2994 2997/2989/2993
f 3038/3030/3034 2999/2992/2995 2998/2990/2994
f 3040/3031/3036 2999/2992/2995 3039/3032/3035
f 3042/3033/3038 3001/2994/2997 3041/3034/3037
f 3042/3033/3038 3003/2995/2999 3002/2993/2998
f 3043/3035/3039 3004/2997/3000 3003/2995/2999
f 3045/3036/3041 3004/2997/3000 3044/3037/3040
f 3045/3036/3041 3006/2998/3002 3005/2996/3001
f 3046/3038/3042 3007/3000/3003 3006/2998/3002
f 3047/3039/3043 3008/2999/3004 3007/3000/3003
f 3048/3040/3044 3009/3002/3005 3008/2999/3004
f 3050/3041/3046 3009/3002/3005 3049/3042/3045
f 3051/3043/3047 3010/3001/3006 3050/3041/3046
f 3051/3043/3047 3012/3004/3008 3011/3003/3007
f 3053/3044/3049 3012/3004/3008 3052/3045/3048
f 3054/3046/3050 3013/3005/3009 3053/3044/3049
f 3054/3046/3050 3015/3007/3011 3014/3006/3010
f 3055/3047/3051 3016/3008/3012 3015/3007/3011
f 3057/3048/3053 3016/3008/3012 3056/3049/3052
f 3057/3048/3053 3018/3011/3014 3017/3009/3013
f 3058/3050/3054 3019/3010/3015 3018/3011/3014
f 3059/3051/3055 3020/3012/3016 3019/3010/3015
f 3060/3052/3056 3021/3014/3017 3020/3012/3016
f 3062/3053/3058 3021/3014/3017 3061/3054/3057
f 3063/3055/3059 3022/3013/3018 3062/3053/3058
f 3064/3056/3060 3023/3015/3019 3063/3055/3059
f 3064/3056/3060 3025/3016/3021 3024/3017/3020
f 3066/3057/3062 3025/3016/3021 3065/3058/3061
f 3066/3057/3062 3027/3019/3023 3026/3018/3022
f 3067/3059/3063 3028/3020/3024 3027/3019/3023
f 3069/3060/3065 3028/3020/3024 3068/3061/3064
f 3069/3060/3065 3030/3021/3026 3029/3022/3025
f 3071/3062/3067 3030/3021/3026 3070/3063/3066
f 3071/3062/3067 3032/3025/3028 3031/3023/3027
f 3072/3064/3068 3033/3024/3029 3032/3025/3028
f 3074/3065/3070 3033/3024/3029 3073/3066/3069
f 3075/3067/3071 3034/3026/3030 3074/3065/3070
f 3076/3068/3072 3035/3027/3031 3075/3067/3071
f 3076/3068/3072 3037/3029/3033 3036/3028/3032
f 3077/3069/3073 3038/3030/3034 3037/3029/3033
f 3079/3070/3075 3038/3030/3034 3078/3071/3074
f 3079/3070/3075 3040/3031/3036 3039/3032/3035
f 3082/3072/3078 3041/3034/3037 3081/3073/3077
f 3082/3072/3078 3043/3035/3039 3042/3033/3038
f 3083/3074/3079 3044/3037/3040 3043/3035/3039
f 3084/3075/3080 3045/3036/3041 3044/3037/3040
f 3085/3076/3081 3046/3038/3042 3045/3036/3041
f 3086/3077/3082 3047/3039/3043 3046/3038/3042
f 3088/3078/3084 3047/3039/3043 3087/3079/3083
f 3088/3078/3084 3049/3042/3045 3048/3040/3044
f 3089/3080/3085 3050/3041/3046 3049/3042/3045
f 3091/3081/3087 3050/3041/3046 3090/3082/3086
f 3091/3081/3087 3052/3045/3048 3051/3043/3047
f 3092/3083/3088 3053/3044/3049 3052/3045/3048
f 3093/3084/3089 3054/3046/3050 3053/3044/3049
f 3094/3085/3090 3055/3047/3051 3054/3046/3050
f 3096/3086/3092 3055/3047/3051 3095/3087/3091
f 3096/3086/3092 3057/3048/3053 3056/3049/3052
f 3098/3088/3094 3057/3048/3053 3097/3089/3093
f 3099/3090/3095 3058/3050/3054 3098/3088/3094
f 3100/3091/3096 3059/3051/3055 3099/3090/3095
f 3101/3092/3097 3060/3052/3056 3100/3091/3096
f 3101/3092/3097 3062/3053/3058 3061/3054/3057
f 3103/3093/3099 3062/3053/3058 3102/3094/3098
f 3103/3093/3099 3064/3056/3060 3063/3055/3059
f 3105/3095/3101 3064/3056/3060 3104/3096/3100
f 3105/3095/3101 3066/3057/3062 3065/3058/3061
f 3107/3097/3103 3066/3057/3062 3106/3098/3102
f 3108/3099/3104 3067/3059/3063 3107/3097/3103
f 3108/3099/3104 3069/3060/3065 3068/3061/3064
f 3110/3100/3106 3069/3060/3065 3109/3101/3105
f 3110/3100/3106 3071/3062/3067 3070/3063/3066
f 3112/3102/3108 3071/3062/3067 3111/3103/3107
f 3112/3102/3108 3073/3066/3069 3072/3064/3068
f 3114/3104/3110 3073/3066/3069 3113/3105/3109
f 3115/3106/3111 3074/3065/3070 3114/3104/3110
f 3116/3107/3112 3075/3067/3071 3115/3106/3111
f 3116/3107/3112 3077/3069/3073 3076/3068/3072
f 3118/3108/3114 3077/3069/3073 3117/3109/3113
f 3119/3110/3115 3078/3071/3074 3118/3108/3114
f 3119/3110/3115 3080/3111/3076 3079/3070/3075
f 3122/3112/3118 3081/3073/3077 3121/3113/3117
f 3123/3114/3119 3082/3072/3078 3122/3112/3118
f 3123/3114/3119 3084/3075/3080 3083/3074/3079
f 3124/3115/3120 3085/3076/3081 3084/3075/3080
f 3125/3116/3121 3086/3077/3082 3085/3076/3081
f 3126/3117/3122 3087/3079/3083 3086/3077/3082
f 3127/3118/3123 3088/3078/3084 3087/3079/3083
f 3129/3119/3125 3088/3078/3084 3128/3120/3124
f 3129/3119/3125 3090/3082/3086 3089/3080/3085
f 3130/3121/3126 3091/3081/3087 3090/3082/3086
f 3132/3122/3128 3091/3081/3087 3131/3123/3127
f 3133/3124/3129 3092/3083/3088 3132/3122/3128
f 3133/3124/3129 3094/3085/3090 3093/3084/3089
f 3134/3125/3130 3095/3087/3091 3094/3085/3090
f 3135/3126/3131 3096/3086/3092 3095/3087/3091
f 3137/3127/3133 3096/3086/3092 3136/3128/3132
f 3137/3127/3133 3098/3088/3094 3097/3089/3093
f 3138/3129/3134 3099/3090/3095 3098/3088/3094
f 3139/3130/3135 3100/3091/3096 3099/3090/3095
f 3141/3131/3137 3100/3091/3096 3140/3132/3136
f 3142/3133/3138 3101/3092/3097 3141/3131/3137
f 3142/3133/3138 3103/3093/3099 3102/3094/3098
f 3144/3134/3140 3103/3093/3099 3143/3135/3139
f 3144/3134/3140 3105/3095/3101 3104/3096/3100
f 3145/3136/3141 3106/3098/3102 3105/3095/3101
f 3146/3137/3142 3107/3097/3103 3106/3098/3102
f 3147/3138/3143 3108/3099/3104 3107/3097/3103
f 3148/3139/3144 3109/3101/3105 3108/3099/3104
f 3150/3140/3146 3109/3101/3105 3149/3141/3145
f 3150/3140/3146 3111/3103/3107 3110/3100/3106
f 3152/3142/3148 3111/3103/3107 3151/3143/3147
f 3153/3144/3149 3112/3102/3108 3152/3142/3148
f 3154/3145/3150 3113/3105/3109 3153/3144/3149
f 3154/3145/3150 3115/3106/3111 3114/3104/3110
f 3155/3146/3151 3116/3107/3112 3115/3106/3111
f 3156/3147/3152 3117/3109/3113 3116/3107/3112
f 3158/3148/3154 3117/3109/3113 3157/3149/3153
f 3158/3148/3154 3119/3110/3115 3118/3108/3114
f 3159/3150/3155 3120/3151/3116 3119/3110/3115
f 3161/3152/3157 3122/3112/3118 3121/3113/3117
f 3162/3153/3158 3123/3114/3119 3122/3112/3118
f 3163/3154/3159 3124/3115/3120 3123/3114/3119
f 3164/3155/3160 3125/3116/3121 3124/3115/3120
f 3165/3156/3161 3126/3117/3122 3125/3116/3121
f 3166/3157/3162 3127/3118/3123 3126/3117/3122
f 3168/3158/3164 3127/3118/3123 3167/3159/3163
f 3169/3160/3165 3128/3120/3124 3168/3158/3164
f 3170/3161/3166 3129/3119/3125 3169/3160/3165
f 3170/3161/3166 3131/3123/3127 3130/3121/3126
f 3171/3162/3167 3132/3122/3128 3131/3123/3127
f 3172/3163/3168 3133/3124/3129 3132/3122/3128
f 3174/3164/3170 3133/3124/3129 3173/3165/3169
f 3175/3166/3171 3134/3125/3130 3174/3164/3170
f 3176/3167/3172 3135/3126/3131 3175/3166/3171
f 3176/3167/3172 3137/3127/3133 3136/3128/3132
f 3178/3168/3174 3137/3127/3133 3177/3169/3173
f 3179/3170/3175 3138/3129/3134 3178/3168/3174
f 3179/3170/3175 3140/3132/3136 3139/3130/3135
f 3181/3171/3177 3140/3132/3136 3180/3172/3176
f 3181/3171/3177 3142/3133/3138 3141/3131/3137
f 3183/3173/3179 3142/3133/3138 3182/3174/3178
f 3183/3173/3179 3144/3134/3140 3143/3135/3139
f 3184/3175/3180 3145/3136/3141 3144/3134/3140
f 3186/3176/3182 3145/3136/3141 3185/3177/3181
f 3186/3176/3182 3147/3138/3143 3146/3137/3142
f 3188/3178/3184 3147/3138/3143 3187/3179/3183
f 3189/3180/3185 3148/3139/3144 3188/3178/3184
f 3189/3180/3185 3150/3140/3146 3149/3141/3145
f 3191/3181/3187 3150/3140/3146 3190/3182/3186
f 3191/3181/3187 3152/3142/3148 3151/3143/3147
f 3192/3183/3188 3153/3144/3149 3152/3142/3148
f 3193/3184/3189 3154/3145/3150 3153/3144/3149
f 3194/3185/3190 3155/3146/3151 3154/3145/3150
f 3195/3186/3191 3156/3147/3152 3155/3146/3151
f 3197/3187/3193 3156/3147/3152 3196/3188/3192
f 3198/3189/3194 3157/3149/3153 3197/3187/3193
f 3198/3189/3194 3159/3150/3155 3158/3148/3154
f 3199/3190/3195 3160/3191/3156 3159/3150/3155
f 3201/3192/3197 3162/3153/3158 3161/3152/3157
f 3202/3193/3198 3163/3154/3159 3162/3153/3158
f 3203/3194/3199 3164/3155/3160 3163/3154/3159
f 3204/3195/3200 3165/3156/3161 3164/3155/3160
f 3206/3196/3202 3165/3156/3161 3205/3197/3201
f 3206/3196/3202 3167/3159/3163 3166/3157/3162
f 3207/3198/3203 3168/3158/3164 3167/3159/3163
f 3209/3199/3205 3168/3158/3164 3208/3200/3204
f 3210/3201/3206 3169/3160/3165 3209/3199/3205
f 3211/3202/3207 3170/3161/3166 3210/3201/3206
f 3211/3202/3207 3172/3163/3168 3171/3162/3167
f 3213/3203/3209 3172/3163/3168 3212/3204/3208
f 3214/3205/3210 3173/3165/3169 3213/3203/3209
f 3214/3205/3210 3175/3166/3171 3174/3164/3170
f 3216/3206/3212 3175/3166/3171 3215/3207/3211
f 3216/3206/3212 3177/3169/3173 3176/3167/3172
f 3217/3208/3213 3178/3168/3174 3177/3169/3173
f 3219/3209/3215 3178/3168/3174 3218/3210/3214
f 3220/3211/3216 3179/3170/3175 3219/3209/3215
f 3220/3211/3216 3181/3171/3177 3180/3172/3176
f 3221/3212/3217 3182/3174/3178 3181/3171/3177
f 3222/3213/3218 3183/3173/3179 3182/3174/3178
f 3224/3214/3220 3183/3173/3179 3223/3215/3219
f 3225/3216/3221 3184/3175/3180 3224/3214/3220
f 3225/3216/3221 3186/3176/3182 3185/3177/3181
f 3226/3217/3222 3187/3179/3183 3186/3176/3182
f 3228/3218/3224 3187/3179/3183 3227/3219/3223
f 3229/3220/3225 3188/3178/3184 3228/3218/3224
f 3229/3220/3225 3190/3182/3186 3189/3180/3185
f 3231/3221/3227 3190/3182/3186 3230/3222/3226
f 3231/3221/3227 3192/3183/3188 3191/3181/3187
f 3232/3223/3228 3193/3184/3189 3192/3183/3188
f 3234/3224/3230 3193/3184/3189 3233/3225/3229
f 3234/3224/3230 3195/3186/3191 3194/3185/3190
f 3235/3226/3231 3196/3188/3192 3195/3186/3191
f 3236/3227/3232 3197/3187/3193 3196/3188/3192
f 3237/3228/3233 3198/3189/3194 3197/3187/3193
f 3238/3229/3234 3199/3190/3195 3198/3189/3194
f 3239/3230/3235 3200/3231/3196 3199/3190/3195
f 3241/3232/3237 3202/3193/3198 3201/3192/3197
f 3242/3233/3238 3203/3194/3199 3202/3193/3198
f 3243/3234/3239 3204/3195/3200 3203/3194/3199
f 3244/3235/3240 3205/3197/3201 3204/3195/3200
f 3246/3236/3242 3205/3197/3201 3245/3237/3241
f 3246/3236/3242 3207/3198/3203 3206/3196/3202
f 3247/3238/3243 3208/3200/3204 3207/3198/3203
f 3248/3239/3244 3209/3199/3205 3208/3200/3204
f 3249/3240/3245 3210/3201/3206 3209/3199/3205
f 3251/3241/3247 3210/3201/3206 3250/3242/3246
f 3251/3241/3247 3212/3204/3208 3211/3202/3207
f 3252/3243/3248 3213/3203/3209 3212/3204/3208
f 3254/3244/3250 3213/3203/3209 3253/3245/3249
f 3254/3244/3250 3215/3207/3211 3214/3205/3210
f 3255/3246/3251 3216/3206/3212 3215/3207/3211
f 3256/3247/3252 3217/3208/3213 3216/3206/3212
f 3257/3248/3253 3218/3210/3214 3217/3208/3213
f 3258/3249/3254 3219/3209/3215 3218/3210/3214
f 3260/3250/3256 3219/3209/3215 3259/3251/3255
f 3260/3250/3256 3221/3212/3217 3220/3211/3216
f 3262/3252/3258 3221/3212/3217 3261/3253/3257
f 3262/3252/3258 3223/3215/3219 3222/3213/3218
f 3264/3254/3260 3223/3215/3219 3263/3255/3259
f 3265/3256/3261 3224/3214/3220 3264/3254/3260
f 3266/3257/3262 3225/3216/3221 3265/3256/3261
f 3266/3257/3262 3227/3219/3223 3226/3217/3222
f 3267/3258/3263 3228/3218/3224 3227/3219/3223
f 3268/3259/3264 3229/3220/3225 3228/3218/3224
f 3270/3260/3266 3229/3220/3225 3269/3261/3265
f 3270/3260/3266 3231/3221/3227 3230/3222/3226
f 3272/3262/3268 3231/3221/3227 3271/3263/3267
f 3273/3264/3269 3232/3223/3228 3272/3262/3268
f 3274/3265/3270 3233/3225/3229 3273/3264/3269
f 3274/3265/3270 3235/3226/3231 3234/3224/3230
f 3276/3266/3272 3235/3226/3231 3275/3267/3271
f 3276/3266/3272 3237/3228/3233 3236/3227/3232
f 3277/3268/3273 3238/3229/3234 3237/3228/3233
f 3278/3269/3274 3239/3230/3235 3238/3229/3234
f 3280/3270/3276 3239/3230/3235 3279/3271/3275
f 3281/3272/3277 3242/3233/3238 3241/3232/3237
f 3282/3273/3278 3243/3234/3239 3242/3233/3238
f 3284/3274/3280 3243/3234/3239 3283/3275/3279
f 3284/3274/3280 3245/3237/3241 3244/3235/3240
f 3286/3276/3282 3245/3237/3241 3285/3277/3281
f 3286/3276/3282 3247/3238/3243 3246/3236/3242
f 3287/3278/3283 3248/3239/3244 3247/3238/3243
f 3288/3279/3284 3249/3240/3245 3248/3239/3244
f 3289/3280/3285 3250/3242/3246 3249/3240/3245
f 3291/3281/3287 3250/3242/3246 3290/3282/3286
f 3292/3283/3288 3251/3241/3247 3291/3281/3287
f 3292/3283/3288 3253/3245/3249 3252/3243/3248
f 3294/3284/3290 3253/3245/3249 3293/3285/3289
f 3295/3286/3291 3254/3244/3250 3294/3284/3290
f 3295/3286/3291 3256/3247/3252 3255/3246/3251
f 3297/3287/3293 3256/3247/3252 3296/3288/3292
f 3297/3287/3293 3258/3249/3254 3257/3248/3253
f 3298/3289/3294 3259/3251/3255 3258/3249/3254
f 3300/3290/3296 3259/3251/3255 3299/3291/3295
f 3301/3292/3297 3260/3250/3256 3300/3290/3296
f 3301/3292/3297 3262/3252/3258 3261/3253/3257
f 3303/3293/3299 3262/3252/3258 3302/3294/3298
f 3304/3295/3300 3263/3255/3259 3303/3293/3299
f 3304/3295/3300 3265/3256/3261 3264/3254/3260
f 3306/3296/3302 3265/3256/3261 3305/3297/3301
f 3306/3296/3302 3267/3258/3263 3266/3257/3262
f 3308/3298/3304 3267/3258/3263 3307/3299/3303
f 3308/3298/3304 3269/3261/3265 3268/3259/3264
f 3310/3300/3306 3269/3261/3265 3309/3301/3305
f 3311/3302/3307 3270/3260/3266 3310/3300/3306
f 3311/3302/3307 3272/3262/3268 3271/3263/3267
f 3313/3303/3309 3272/3262/3268 3312/3304/3308
f 3314/3305/3310 3273/3264/3269 3313/3303/3309
f 3315/3306/3311 3274/3265/3270 3314/3305/3310
f 3316/3307/3312 3275/3267/3271 3315/3306/3311
f 3316/3307/3312 3277/3268/3273 3276/3266/3272
f 3317/3308/3313 3278/3269/3274 3277/3268/3273
f 3318/3309/3314 3279/3271/3275 3278/3269/3274
f 3319/3310/3315 3280/3270/3276 3279/3271/3275
f 3321/3311/3317 3282/3273/3278 3281/3272/3277
f 3322/3312/3318 3283/3275/3279 3282/3273/3278
f 3324/3313/3320 3283/3275/3279 3323/3314/3319
f 3324/3313/3320 3285/3277/3281 3284/3274/3280
f 3325/3315/3321 3286/3276/3282 3285/3277/3281
f 3326/3316/3322 3287/3278/3283 3286/3276/3282
f 3327/3317/3323 3288/3279/3284 3287/3278/3283
f 3328/3318/3324 3289/3280/3285 3288/3279/3284
f 3329/3319/3325 3290/3282/3286 3289/3280/3285
f 3331/3320/3327 3290/3282/3286 3330/3321/3326
f 3331/3320/3327 3292/3283/3288 3291/3281/3287
f 3332/3322/3328 3293/3285/3289 3292/3283/3288
f 3334/3323/3330 3293/3285/3289 3333/3324/3329
f 3335/3325/3331 3294/3284/3290 3334/3323/3330
f 3336/3326/3332 3295/3286/3291 3335/3325/3331
f 3336/3326/3332 3297/3287/3293 3296/3288/3292
f 3338/3327/3334 3297/3287/3293 3337/3328/3333
f 3339/3329/3335 3298/3289/3294 3338/3327/3334
f 3339/3329/3335 3300/3290/3296 3299/3291/3295
f 3341/3330/3337 3300/3290/3296 3340/3331/3336
f 3342/3332/3338 3301/3292/3297 3341/3330/3337
f 3342/3332/3338 3303/3293/3299 3302/3294/3298
f 3343/3333/3339 3304/3295/3300 3303/3293/3299
f 3345/3334/3341 3304/3295/3300 3344/3335/3340
f 3346/3336/3342 3305/3297/3301 3345/3334/3341
f 3347/3337/3343 3306/3296/3302 3346/3336/3342
f 3347/3337/3343 3308/3298/3304 3307/3299/3303
f 3349/3338/3345 3308/3298/3304 3348/3339/3344
f 3349/3338/3345 3310/3300/3306 3309/3301/3305
f 3350/3340/3346 3311/3302/3307 3310/3300/3306
f 3352/3341/3348 3311/3302/3307 3351/3342/3347
f 3352/3341/3348 3313/3303/3309 3312/3304/3308
f 3353/3343/3349 3314/3305/3310 3313/3303/3309
f 3354/3344/3350 3315/3306/3311 3314/3305/3310
f 3355/3345/3351 3316/3307/3312 3315/3306/3311
f 3356/3346/3352 3317/3308/3313 3316/3307/3312
f 3357/3347/3353 3318/3309/3314 3317/3308/3313
f 3359/3348/3355 3318/3309/3314 3358/3349/3354
f 3359/3348/3355 3320/3350/3316 3319/3310/3315
f 3361/3351/3357 3322/3312/3318 3321/3311/3317
f 3362/3352/3358 3323/3314/3319 3322/3312/3318
f 3364/3353/3360 3323/3314/3319 3363/3354/3359
f 3365/3355/3361 3324/3313/3320 3364/3353/3360
f 3365/3355/3361 3326/3316/3322 3325/3315/3321
f 3366/3356/3362 3327/3317/3323 3326/3316/3322
f 3367/3357/3363 3328/3318/3324 3327/3317/3323
f 3368/3358/3364 3329/3319/3325 3328/3318/3324
f 3369/3359/3365 3330/3321/3326 3329/3319/3325
f 3371/3360/3367 3330/3321/3326 3370/3361/3366
f 3371/3360/3367 3332/3322/3328 3331/3320/3327
f 3373/3362/3369 3332/3322/3328 3372/3363/3368
f 3373/3362/3369 3334/3323/3330 3333/3324/3329
f 3375/3364/3371 3334/3323/3330 3374/3365/3370
f 3376/3366/3372 3335/3325/3331 3375/3364/3371
f 3377/3367/3373 3336/3326/3332 3376/3366/3372
f 3378/3368/3374 3337/3328/3333 3377/3367/3373
f 3379/3369/3375 3338/3327/3334 3378/3368/3374
f 3380/3370/3376 3339/3329/3335 3379/3369/3375
f 3380/3370/3376 3341/3330/3337 3340/3331/3336
f 3381/3371/3377 3342/3332/3338 3341/3330/3337
f 3382/3372/3378 3343/3333/3339 3342/3332/3338
f 3383/3373/3379 3344/3335/3340 3343/3333/3339
f 3384/3374/3380 3345/3334/3341 3344/3335/3340
f 3385/3375/3381 3346/3336/3342 3345/3334/3341
f 3386/3376/3382 3347/3337/3343 3346/3336/3342
f 3387/3377/3383 3348/3339/3344 3347/3337/3343
f 3388/3378/3384 3349/3338/3345 3348/3339/3344
f 3389/3379/3385 3350/3340/3346 3349/3338/3345
f 3391/3380/3387 3350/3340/3346 3390/3381/3386
f 3391/3380/3387 3352/3341/3348 3351/3342/3347
f 3393/3382/3389 3352/3341/3348 3392/3383/3388
f 3394/3384/3390 3353/3343/3349 3393/3382/3389
f 3395/3385/3391 3354/3344/3350 3394/3384/3390
f 3395/3385/3391 3356/3346/3352 3355/3345/3351
f 3396/3386/3392 3357/3347/3353 3356/3346/3352
f 3397/3387/3393 3358/3349/3354 3357/3347/3353
f 3398/3388/3394 3359/3348/3355 3358/3349/3354
f 3399/3389/3395 3360/3390/3356 3359/3348/3355
f 3401/3391/3397 3362/3352/3358 3361/3351/3357
f 3402/3392/3398 3363/3354/3359 3362/3352/3358
f 3404/3393/3400 3363/3354/3359 3403/3394/3399
f 3405/3395/3401 3364/3353/3360 3404/3393/3400
f 3406/3396/3402 3365/3355/3361 3405/3395/3401
f 3406/3396/3402 3367/3357/3363 3366/3356/3362
f 3407/3397/3403 3368/3358/3364 3367/3357/3363
f 3408/3398/3404 3369/3359/3365 3368/3358/3364
f 3409/3399/3405 3370/3361/3366 3369/3359/3365
f 3411/3400/3407 3370/3361/3366 3410/3401/3406
f 3411/3400/3407 3372/3363/3368 3371/3360/3367
f 3413/3402/3409 3372/3363/3368 3412/3403/3408
f 3414/3404/3410 3373/3362/3369 3413/3402/3409
f 3414/3404/3410 3375/3364/3371 3374/3365/3370
f 3416/3405/3412 3375/3364/3371 3415/3406/3411
f 3417/3407/3413 3376/3366/3372 3416/3405/3412
f 3418/3408/3414 3377/3367/3373 3417/3407/3413
f 3418/3408/3414 3379/3369/3375 3378/3368/3374
f 3419/3409/3415 3380/3370/3376 3379/3369/3375
f 3420/3410/3416 3381/3371/3377 3380/3370/3376
f 3421/3411/3417 3382/3372/3378 3381/3371/3377
f 3422/3412/3418 3383/3373/3379 3382/3372/3378
f 3423/3413/3419 3384/3374/3380 3383/3373/3379
f 3424/3414/3420 3385/3375/3381 3384/3374/3380
f 3425/3415/3421 3386/3376/3382 3385/3375/3381
f 3426/3416/3422 3387/3377/3383 3386/3376/3382
f 3427/3417/3423 3388/3378/3384 3387/3377/3383
f 3428/3418/3424 3389/3379/3385 3388/3378/3384
f 3429/3419/3425 3390/3381/3386 3389/3379/3385
f 3430/3420/3426 3391/3380/3387 3390/3381/3386
f 3431/3421/3427 3392/3383/3388 3391/3380/3387
f 3432/3422/3428 3393/3382/3389 3392/3383/3388
f 3433/3423/3429 3394/3384/3390 3393/3382/3389
f 3435/3424/3431 3394/3384/3390 3434/3425/3430
f 3435/3424/3431 3396/3386/3392 3395/3385/3391
f 3436/3426/3432 3397/3387/3393 3396/3386/3392
f 3437/3427/3433 3398/3388/3394 3397/3387/3393
f 3438/3428/3434 3399/3389/3395 3398/3388/3394
f 3439/3429/3435 3400/3430/3396 3399/3389/3395
f 3442/3431/3438 3401/3391/3397 3441/3432/3437
f 3442/3431/3438 3403/3394/3399 3402/3392/3398
f 3444/3433/3440 3403/3394/3399 3443/3434/3439
f 3445/3435/3441 3404/3393/3400 3444/3433/3440
f 3445/3435/3441 3406/3396/3402 3405/3395/3401
f 3446/3436/3442 3407/3397/3403 3406/3396/3402
f 3447/3437/3443 3408/3398/3404 3407/3397/3403
f 3448/3438/3444 3409/3399/3405 3408/3398/3404
f 3449/3439/3445 3410/3401/3406 3409/3399/3405
f 3451/3440/3447 3410/3401/3406 3450/3441/3446
f 3451/3440/3447 3412/3403/3408 3411/3400/3407
f 3453/3442/3449 3412/3403/3408 3452/3443/3448
f 3454/3444/3450 3413/3402/3409 3453/3442/3449
f 3455/3445/3451 3414/3404/3410 3454/3444/3450
f 3456/3446/3452 3415/3406/3411 3455/3445/3451
f 3457/3447/3453 3416/3405/3412 3456/3446/3452
f 3458/3448/3454 3417/3407/3413 3457/3447/3453
f 3458/3448/3454 3419/3409/3415 3418/3408/3414
f 3459/3449/3455 3420/3410/3416 3419/3409/3415
f 3460/3450/3456 3421/3411/3417 3420/3410/3416
f 3461/3451/3457 3422/3412/3418 3421/3411/3417
f 3462/3452/3458 3423/3413/3419 3422/3412/3418
f 3463/3453/3459 3424/3414/3420 3423/3413/3419
f 3464/3454/3460 3425/3415/3421 3424/3414/3420
f 3465/3455/3461 3426/3416/3422 3425/3415/3421
f 3466/3456/3462 3427/3417/3423 3426/3416/3422
f 3468/3457/3464 3427/3417/3423 3467/3458/3463
f 3469/3459/3465 3428/3418/3424 3468/3457/3464
f 3470/3460/3466 3429/3419/3425 3469/3459/3465
f 3470/3460/3466 3431/3421/3427 3430/3420/3426
f 3472/3461/3468 3431/3421/3427 3471/3462/3467
f 3472/3461/3468 3433/3423/3429 3432/3422/3428
f 3473/3463/3469 3434/3425/3430 3433/3423/3429
f 3475/3464/3471 3434/3425/3430 3474/3465/3470
f 3475/3464/3471 3436/3426/3432 3435/3424/3431
f 3477/3466/3473 3436/3426/3432 3476/3467/3472
f 3477/3466/3473 3438/3428/3434 3437/3427/3433
f 3478/3468/3474 3439/3429/3435 3438/3428/3434
f 3479/3469/3475 3440/3470/3436 3439/3429/3435
f 3482/3471/3478 3441/3432/3437 3481/3472/3477
f 3483/3473/3479 3442/3431/3438 3482/3471/3478
f 3483/3473/3479 3444/3433/3440 3443/3434/3439
f 3485/3474/3481 3444/3433/3440 3484/3475/3480
f 3485/3474/3481 3446/3436/3442 3445/3435/3441
f 3486/3476/3482 3447/3437/3443 3446/3436/3442
f 3487/3477/3483 3448/3438/3444 3447/3437/3443
f 3488/3478/3484 3449/3439/3445 3448/3438/3444
f 3489/3479/3485 3450/3441/3446 3449/3439/3445
f 3491/3480/3487 3450/3441/3446 3490/3481/3486
f 3491/3480/3487 3452/3443/3448 3451/3440/3447
f 3493/3482/3489 3452/3443/3448 3492/3483/3488
f 3494/3484/3490 3453/3442/3449 3493/3482/3489
f 3495/3485/3491 3454/3444/3450 3494/3484/3490
f 3496/3486/3492 3455/3445/3451 3495/3485/3491
f 3496/3486/3492 3457/3447/3453 3456/3446/3452
f 3497/3487/3493 3458/3448/3454 3457/3447/3453
f 3498/3488/3494 3459/3449/3455 3458/3448/3454
f 3499/3489/3495 3460/3450/3456 3459/3449/3455
f 3500/3490/3496 3461/3451/3457 3460/3450/3456
f 3501/3491/3497 3462/3452/3458 3461/3451/3457
f 3502/3492/3498 3463/3453/3459 3462/3452/3458
f 3503/3493/3499 3464/3454/3460 3463/3453/3459
f 3504/3494/3500 3465/3455/3461 3464/3454/3460
f 3505/3495/3501 3466/3456/3462 3465/3455/3461
f 3506/3496/3502 3467/3458/3463 3466/3456/3462
f 3507/3497/3503 3468/3457/3464 3467/3458/3463
f 3508/3498/3504 3469/3459/3465 3468/3457/3464
f 3509/3499/3505 3470/3460/3466 3469/3459/3465
f 3510/3500/3506 3471/3462/3467 3470/3460/3466
f 3512/3501/3508 3471/3462/3467 3511/3502/3507
f 3512/3501/3508 3473/3463/3469 3472/3461/3468
f 3513/3503/3509 3474/3465/3470 3473/3463/3469
f 3515/3504/3511 3474/3465/3470 3514/3505/3510
f 3516/3506/3512 3475/3464/3471 3515/3504/3511
f 3517/3507/3513 3476/3467/3472 3516/3506/3512
f 3517/3507/3513 3478/3468/3474 3477/3466/3473
f 3518/3508/3514 3479/3469/3475 3478/3468/3474
f 3520/3509/3516 3479/3469/3475 3519/3510/3515
f 3522/3511/3518 3481/3472/3477 3521/3512/3517
f 3523/3513/3519 3482/3471/3478 3522/3511/3518
f 3524/3514/3520 3483/3473/3479 3523/3513/3519
f 3525/3515/3521 3484/3475/3480 3524/3514/3520
f 3525/3515/3521 3486/3476/3482 3485/3474/3481
f 3526/3516/3522 3487/3477/3483 3486/3476/3482
f 3527/3517/3523 3488/3478/3484 3487/3477/3483
f 3528/3518/3524 3489/3479/3485 3488/3478/3484
f 3529/3519/3525 3490/3481/3486 3489/3479/3485
f 3530/3520/3526 3491/3480/3487 3490/3481/3486
f 3531/3521/3527 3492/3483/3488 3491/3480/3487
f 3532/3522/3528 3493/3482/3489 3492/3483/3488
f 3534/3523/3530 3493/3482/3489 3533/3524/3529
f 3535/3525/3531 3494/3484/3490 3534/3523/3530
f 3536/3526/3532 3495/3485/3491 3535/3525/3531
f 3536/3526/3532 3497/3487/3493 3496/3486/3492
f 3537/3527/3533 3498/3488/3494 3497/3487/3493
f 3538/3528/3534 3499/3489/3495 3498/3488/3494
f 3539/3529/3535 3500/3490/3496 3499/3489/3495
f 3540/3530/3536 3501/3491/3497 3500/3490/3496
f 3541/3531/3537 3502/3492/3498 3501/3491/3497
f 3542/3532/3538 3503/3493/3499 3502/3492/3498
f 3543/3533/3539 3504/3494/3500 3503/3493/3499
f 3544/3534/3540 3505/3495/3501 3504/3494/3500
f 3545/3535/3541 3506/3496/3502 3505/3495/3501
f 3546/3536/3542 3507/3497/3503 3506/3496/3502
f 3547/3537/3543 3508/3498/3504 3507/3497/3503
f 3548/3538/3544 3509/3499/3505 3508/3498/3504
f 3549/3539/3545 3510/3500/3506 3509/3499/3505
f 3551/3540/3547 3510/3500/3506 3550/3541/3546
f 3551/3540/3547 3512/3501/3508 3511/3502/3507
f 3552/3542/3548 3513/3503/3509 3512/3501/3508
f 3554/3543/3550 3513/3503/3509 3553/3544/3549
f 3555/3545/3551 3514/3505/3510 3554/3543/3550
f 3556/3546/3552 3515/3504/3511 3555/3545/3551
f 3557/3547/3553 3516/3506/3512 3556/3546/3552
f 3558/3548/3554 3517/3507/3513 3557/3547/3553
f 3559/3549/3555 3518/3508/3514 3558/3548/3554
f 3560/3550/3556 3519/3510/3515 3559/3549/3555
f 3561/3551/3557 3522/3511/3518 3521/3512/3517
f 3563/3552/3559 3522/3511/3518 3562/3553/3558
f 3564/3554/3560 3523/3513/3519 3563/3552/3559
f 3564/3554/3560 3525/3515/3521 3524/3514/3520
f 3566/3555/3562 3525/3515/3521 3565/3556/3561
f 3567/3557/3563 3526/3516/3522 3566/3555/3562
f 3568/3558/3564 3527/3517/3523 3567/3557/3563
f 3569/3559/3565 3528/3518/3524 3568/3558/3564
f 3570/3560/3566 3529/3519/3525 3569/3559/3565
f 3570/3560/3566 3531/3521/3527 3530/3520/3526
f 3572/3561/3568 3531/3521/3527 3571/3562/3567
f 3573/3563/3569 3532/3522/3528 3572/3561/3568
f 3574/3564/3570 3533/3524/3529 3573/3563/3569
f 3574/3564/3570 3535/3525/3531 3534/3523/3530
f 3575/3565/3571 3536/3526/3532 3535/3525/3531
f 3576/3566/3572 3537/3527/3533 3536/3526/3532
f 3577/3567/3573 3538/3528/3534 3537/3527/3533
f 3578/3568/3574 3539/3529/3535 3538/3528/3534
f 3579/3569/3575 3540/3530/3536 3539/3529/3535
f 3580/3570/3576 3541/3531/3537 3540/3530/3536
f 3581/3571/3577 3542/3532/3538 3541/3531/3537
f 3582/3572/3578 3543/3533/3539 3542/3532/3538
f 3583/3573/3579 3544/3534/3540 3543/3533/3539
f 3584/3574/3580 3545/3535/3541 3544/3534/3540
f 3585/3575/3581 3546/3536/3542 3545/3535/3541
f 3586/3576/3582 3547/3537/3543 3546/3536/3542
f 3587/3577/3583 3548/3538/3544 3547/3537/3543
f 3588/3578/3584 3549/3539/3545 3548/3538/3544
f 3589/3579/3585 3550/3541/3546 3549/3539/3545
f 3591/3580/3587 3550/3541/3546 3590/3581/3586
f 3592/3582/3588 3551/3540/3547 3591/3580/3587
f 3592/3582/3588 3553/3544/3549 3552/3542/3548
f 3593/3583/3589 3554/3543/3550 3553/3544/3549
f 3595/3584/3591 3554/3543/3550 3594/3585/3590
f 3596/3586/3592 3555/3545/3551 3595/3584/3591
f 3597/3587/3593 3556/3546/3552 3596/3586/3592
f 3598/3588/3594 3557/3547/3553 3597/3587/3593
f 3599/3589/3595 3558/3548/3554 3598/3588/3594
f 3600/3590/3596 3559/3549/3555 3599/3589/3595
f 3601/3591/3597 3562/3553/3558 3561/3551/3557
f 3602/3592/3598 3563/3552/3559 3562/3553/3558
f 3604/3593/3600 3563/3552/3559 3603/3594/3599
f 3604/3593/3600 3565/3556/3561 3564/3554/3560
f 3606/3595/3602 3565/3556/3561 3605/3596/3601
f 3606/3595/3602 3567/3557/3563 3566/3555/3562
f 3607/3597/3603 3568/3558/3564 3567/3557/3563
f 3608/3598/3604 3569/3559/3565 3568/3558/3564
f 3609/3599/3605 3570/3560/3566 3569/3559/3565
f 3610/3600/3606 3571/3562/3567 3570/3560/3566
f 3611/3601/3607 3572/3561/3568 3571/3562/3567
f 3613/3602/3609 3572/3561/3568 3612/3603/3608
f 3614/3604/3610 3573/3563/3569 3613/3602/3609
f 3615/3605/3611 3574/3564/3570 3614/3604/3610
f 3615/3605/3611 3576/3566/3572 3575/3565/3571
f 3616/3606/3612 3577/3567/3573 3576/3566/3572
f 3617/3607/3613 3578/3568/3574 3577/3567/3573
f 3618/3608/3614 3579/3569/3575 3578/3568/3574
f 3619/3609/3615 3580/3570/3576 3579/3569/3575
f 3621/3610/3617 3580/3570/3576 3620/3611/3616
f 3621/3610/3617 3582/3572/3578 3581/3571/3577
f 3622/3612/3618 3583/3573/3579 3582/3572/3578
f 3623/3613/3619 3584/3574/3580 3583/3573/3579
f 3624/3614/3620 3585/3575/3581 3584/3574/3580
f 3625/3615/3621 3586/3576/3582 3585/3575/3581
f 3626/3616/3622 3587/3577/3583 3586/3576/3582
f 3628/3617/3624 3587/3577/3583 3627/3618/3623
f 3629/3619/3625 3588/3578/3584 3628/3617/3624
f 3629/3619/3625 3590/3581/3586 3589/3579/3585
f 3631/3620/3627 3590/3581/3586 3630/3621/3626
f 3631/3620/3627 3592/3582/3588 3591/3580/3587
f 3632/3622/3628 3593/3583/3589 3592/3582/3588
f 3633/3623/3629 3594/3585/3590 3593/3583/3589
f 3635/3624/3631 3594/3585/3590 3634/3625/3630
f 3636/3626/3632 3595/3584/3591 3635/3624/3631
f 3637/3627/3633 3596/3586/3592 3636/3626/3632
f 3638/3628/3634 3597/3587/3593 3637/3627/3633
f 3639/3629/3635 3598/3588/3594 3638/3628/3634
f 3640/3630/3636 3599/3589/3595 3639/3629/3635
f 3641/3631/3637 3602/3592/3598 3601/3591/3597
f 3642/3632/3638 3603/3594/3599 3602/3592/3598
f 3643/3633/3639 3604/3593/3600 3603/3594/3599
f 3644/3634/3640 3605/3596/3601 3604/3593/3600
f 3646/3635/3642 3605/3596/3601 3645/3636/3641
f 3646/3635/3642 3607/3597/3603 3606/3595/3602
f 3648/3637/3644 3607/3597/3603 3647/3638/3643
f 3649/3639/3645 3608/3598/3604 3648/3637/3644
f 3650/3640/3646 3609/3599/3605 3649/3639/3645
f 3651/3641/3647 3610/3600/3606 3650/3640/3646
f 3652/3642/3648 3611/3601/3607 3651/3641/3647
f 3652/3642/3648 3613/3602/3609 3612/3603/3608
f 3654/3643/3650 3613/3602/3609 3653/3644/3649
f 3654/3643/3650 3615/3605/3611 3614/3604/3610
f 3656/3645/3652 3615/3605/3611 3655/3646/3651
f 3656/3645/3652 3617/3607/3613 3616/3606/3612
f 3657/3647/3653 3618/3608/3614 3617/3607/3613
f 3658/3648/3654 3619/3609/3615 3618/3608/3614
f 3660/3649/3656 3619/3609/3615 3659/3650/3655
f 3661/3651/3657 3620/3611/3616 3660/3649/3656
f 3662/3652/3658 3621/3610/3617 3661/3651/3657
f 3662/3652/3658 3623/3613/3619 3622/3612/3618
f 3663/3653/3659 3624/3614/3620 3623/3613/3619
f 3664/3654/3660 3625/3615/3621 3624/3614/3620
f 3665/3655/3661 3626/3616/3622 3625/3615/3621
f 3666/3656/3662 3627/3618/3623 3626/3616/3622
f 3667/3657/3663 3628/3617/3624 3627/3618/3623
f 3668/3658/3664 3629/3619/3625 3628/3617/3624
f 3670/3659/3666 3629/3619/3625 3669/3660/3665
f 3671/3661/3667 3630/3621/3626 3670/3659/3666
f 3671/3661/3667 3632/3622/3628 3631/3620/3627
f 3672/3662/3668 3633/3623/3629 3632/3622/3628
f 3673/3663/3669 3634/3625/3630 3633/3623/3629
f 3674/3664/3670 3635/3624/3631 3634/3625/3630
f 3676/3665/3672 3635/3624/3631 3675/3666/3671
f 3676/3665/3672 3637/3627/3633 3636/3626/3632
f 3678/3667/3674 3637/3627/3633 3677/3668/3673
f 3679/3669/3675 3638/3628/3634 3678/3667/3674
f 3680/3670/3676 3639/3629/3635 3679/3669/3675
f 3681/3671/3677 3642/3632/3638 3641/3631/3637
f 3683/3672/3679 3642/3632/3638 3682/3673/3678
f 3683/3672/3679 3644/3634/3640 3643/3633/3639
f 3684/3674/3680 3645/3636/3641 3644/3634/3640
f 3686/3675/3682 3645/3636/3641 3685/3676/3681
f 3686/3675/3682 3647/3638/3643 3646/3635/3642
f 3688/3677/3684 3647/3638/3643 3687/3678/3683
f 3689/3679/3685 3648/3637/3644 3688/3677/3684
f 3690/3680/3686 3649/3639/3645 3689/3679/3685
f 3691/3681/3687 3650/3640/3646 3690/3680/3686
f 3691/3681/3687 3652/3642/3648 3651/3641/3647
f 3692/3682/3688 3653/3644/3649 3652/3642/3648
f 3694/3683/3690 3653/3644/3649 3693/3684/3689
f 3695/3685/3691 3654/3643/3650 3694/3683/3690
f 3696/3686/3692 3655/3646/3651 3695/3685/3691
f 3696/3686/3692 3657/3647/3653 3656/3645/3652
f 3697/3687/3693 3658/3648/3654 3657/3647/3653
f 3698/3688/3694 3659/3650/3655 3658/3648/3654
f 3699/3689/3695 3660/3649/3656 3659/3650/3655
f 3701/3690/3697 3660/3649/3656 3700/3691/3696
f 3702/3692/3698 3661/3651/3657 3701/3690/3697
f 3702/3692/3698 3663/3653/3659 3662/3652/3658
f 3703/3693/3699 3664/3654/3660 3663/3653/3659
f 3704/3694/3700 3665/3655/3661 3664/3654/3660
f 3706/3695/3702 3665/3655/3661 3705/3696/3701
f 3706/3695/3702 3667/3657/3663 3666/3656/3662
f 3707/3697/3703 3668/3658/3664 3667/3657/3663
f 3708/3698/3704 3669/3660/3665 3668/3658/3664
f 3710/3699/3706 3669/3660/3665 3709/3700/3705
f 3711/3701/3707 3670/3659/3666 3710/3699/3706
f 3711/3701/3707 3672/3662/3668 3671/3661/3667
f 3712/3702/3708 3673/3663/3669 3672/3662/3668
f 3713/3703/3709 3674/3664/3670 3673/3663/3669
f 3714/3704/3710 3675/3666/3671 3674/3664/3670
f 3715/3705/3711 3676/3665/3672 3675/3666/3671
f 3716/3706/3712 3677/3668/3673 3676/3665/3672
f 3718/3707/3714 3677/3668/3673 3717/3708/3713
f 3719/3709/3715 3678/3667/3674 3718/3707/3714
f 3720/3710/3716 3679/3669/3675 3719/3709/3715
f 3721/3711/3717 3682/3673/3678 3681/3671/3677
f 3722/3712/3718 3683/3672/3679 3682/3673/3678
f 3723/3713/3719 3684/3674/3680 3683/3672/3679
f 3724/3714/3720 3685/3676/3681 3684/3674/3680
f 3726/3715/3722 3685/3676/3681 3725/3716/3721
f 3727/3717/3723 3686/3675/3682 3726/3715/3722
f 3728/3718/3724 3687/3678/3683 3727/3717/3723
f 3729/3719/3725 3688/3677/3684 3728/3718/3724
f 3730/3720/3726 3689/3679/3685 3729/3719/3725
f 3731/3721/3727 3690/3680/3686 3730/3720/3726
f 3731/3721/3727 3692/3682/3688 3691/3681/3687
f 3733/3722/3729 3692/3682/3688 3732/3723/3728
f 3734/3724/3730 3693/3684/3689 3733/3722/3729
f 3735/3725/3731 3694/3683/3690 3734/3724/3730
f 3736/3726/3732 3695/3685/3691 3735/3725/3731
f 3737/3727/3733 3696/3686/3692 3736/3726/3732
f 3738/3728/3734 3697/3687/3693 3737/3727/3733
f 3738/3728/3734 3699/3689/3695 3698/3688/3694
f 3739/3729/3735 3700/3691/3696 3699/3689/3695
f 3740/3730/3736 3701/3690/3697 3700/3691/3696
f 3742/3731/3738 3701/3690/3697 3741/3732/3737
f 3743/3733/3739 3702/3692/3698 3742/3731/3738
f 3743/3733/3739 3704/3694/3700 3703/3693/3699
f 3744/3734/3740 3705/3696/3701 3704/3694/3700
f 3745/3735/3741 3706/3695/3702 3705/3696/3701
f 3746/3736/3742 3707/3697/3703 3706/3695/3702
f 3747/3737/3743 3708/3698/3704 3707/3697/3703
f 3748/3738/3744 3709/3700/3705 3708/3698/3704
f 3749/3739/3745 3710/3699/3706 3709/3700/3705
f 3750/3740/3746 3711/3701/3707 3710/3699/3706
f 3751/3741/3747 3712/3702/3708 3711/3701/3707
f 3752/3742/3748 3713/3703/3709 3712/3702/3708
f 3753/3743/3749 3714/3704/3710 3713/3703/3709
f 3754/3744/3750 3715/3705/3711 3714/3704/3710
f 3755/3745/3751 3716/3706/3712 3715/3705/3711
f 3756/3746/3752 3717/3708/3713 3716/3706/3712
f 3757/3747/3753 3718/3707/3714 3717/3708/3713
f 3759/3748/3755 3718/3707/3714 3758/3749/3754
f 3760/3750/3756 3719/3709/3715 3759/3748/3755
f 3762/3751/3758 3721/3711/3717 3761/3752/3757
f 3762/3751/3758 3723/3713/3719 3722/3712/3718
f 3763/3753/3759 3724/3714/3720 3723/3713/3719
f 3765/3754/3761 3724/3714/3720 3764/3755/3760
f 3766/3756/3762 3725/3716/3721 3765/3754/3761
f 3767/3757/3763 3726/3715/3722 3766/3756/3762
f 3768/3758/3764 3727/3717/3723 3767/3757/3763
f 3769/3759/3765 3728/3718/3724 3768/3758/3764
f 3770/3760/3766 3729/3719/3725 3769/3759/3765
f 3771/3761/3767 3730/3720/3726 3770/3760/3766
f 3771/3761/3767 3732/3723/3728 3731/3721/3727
f 3773/3762/3769 3732/3723/3728 3772/3763/3768
f 3774/3764/3770 3733/3722/3729 3773/3762/3769
f 3775/3765/3771 3734/3724/3730 3774/3764/3770
f 3776/3766/3772 3735/3725/3731 3775/3765/3771
f 3777/3767/3773 3736/3726/3732 3776/3766/3772
f 3778/3768/3774 3737/3727/3733 3777/3767/3773
f 3779/3769/3775 3738/3728/3734 3778/3768/3774
f 3779/3769/3775 3740/3730/3736 3739/3729/3735
f 3780/3770/3776 3741/3732/3737 3740/3730/3736
f 3782/3771/3778 3741/3732/3737 3781/3772/3777
f 3783/3773/3779 3742/3731/3738 3782/3771/3778
f 3783/3773/3779 3744/3734/3740 3743/3733/3739
f 3784/3774/3780 3745/3735/3741 3744/3734/3740
f 3786/3775/3782 3745/3735/3741 3785/3776/3781
f 3786/3775/3782 3747/3737/3743 3746/3736/3742
f 3787/3777/3783 3748/3738/3744 3747/3737/3743
f 3788/3778/3784 3749/3739/3745 3748/3738/3744
f 3789/3779/3785 3750/3740/3746 3749/3739/3745
f 3791/3780/3787 3750/3740/3746 3790/3781/3786
f 3791/3780/3787 3752/3742/3748 3751/3741/3747
f 3792/3782/3788 3753/3743/3749 3752/3742/3748
f 3793/3783/3789 3754/3744/3750 3753/3743/3749
f 3794/3784/3790 3755/3745/3751 3754/3744/3750
f 3795/3785/3791 3756/3746/3752 3755/3745/3751
f 3796/3786/3792 3757/3747/3753 3756/3746/3752
f 3797/3787/3793 3758/3749/3754 3757/3747/3753
f 3799/3788/3795 3758/3749/3754 3798/3789/3794
f 3800/3790/3796 3759/3748/3755 3799/3788/3795
f 3802/3791/3798 3761/3752/3757 3801/3792/3797
f 3802/3791/3798 3763/3753/3759 3762/3751/3758
f 3803/3793/3799 3764/3755/3760 3763/3753/3759
f 3804/3794/3800 3765/3754/3761 3764/3755/3760
f 3805/3795/3801 3766/3756/3762 3765/3754/3761
f 3807/3796/3803 3766/3756/3762 3806/3797/3802
f 3807/3796/3803 3768/3758/3764 3767/3757/3763
f 3808/3798/3804 3769/3759/3765 3768/3758/3764
f 3810/3799/3806 3769/3759/3765 3809/3800/3805
f 3811/3801/3807 3770/3760/3766 3810/3799/3806
f 3811/3801/3807 3772/3763/3768 3771/3761/3767
f 3813/3802/3809 3772/3763/3768 3812/3803/3808
f 3814/3804/3810 3773/3762/3769 3813/3802/3809
f 3815/3805/3811 3774/3764/3770 3814/3804/3810
f 3816/3806/3812 3775/3765/3771 3815/3805/3811
f 3817/3807/3813 3776/3766/3772 3816/3806/3812
f 3818/3808/3814 3777/3767/3773 3817/3807/3813
f 3819/3809/3815 3778/3768/3774 3818/3808/3814
f 3820/3810/3816 3779/3769/3775 3819/3809/3815
f 3820/3810/3816 3781/3772/3777 3780/3770/3776
f 3822/3811/3818 3781/3772/3777 3821/3812/3817
f 3823/3813/3819 3782/3771/3778 3822/3811/3818
f 3824/3814/3820 3783/3773/3779 3823/3813/3819
f 3824/3814/3820 3785/3776/3781 3784/3774/3780
f 3826/3815/3822 3785/3776/3781 3825/3816/3821
f 3827/3817/3823 3786/3775/3782 3826/3815/3822
f 3828/3818/3824 3787/3777/3783 3827/3817/3823
f 3828/3818/3824 3789/3779/3785 3788/3778/3784
f 3829/3819/3825 3790/3781/3786 3789/3779/3785
f 3830/3820/3826 3791/3780/3787 3790/3781/3786
f 3831/3821/3827 3792/3782/3788 3791/3780/3787
f 3832/3822/3828 3793/3783/3789 3792/3782/3788
f 3833/3823/3829 3794/3784/3790 3793/3783/3789
f 3834/3824/3830 3795/3785/3791 3794/3784/3790
f 3835/3825/3831 3796/3786/3792 3795/3785/3791
f 3836/3826/3832 3797/3787/3793 3796/3786/3792
f 3837/3827/3833 3798/3789/3794 3797/3787/3793
f 3838/3828/3834 3799/3788/3795 3798/3789/3794
f 3839/3829/3835 3800/3790/3796 3799/3788/3795
f 3841/3830/3837 3802/3791/3798 3801/3792/3797
f 3843/3831/3839 3802/3791/3798 3842/3832/3838
f 3844/3833/3840 3803/3793/3799 3843/3831/3839
f 3844/3833/3840 3805/3795/3801 3804/3794/3800
f 3845/3834/3841 3806/3797/3802 3805/3795/3801
f 3846/3835/3842 3807/3796/3803 3806/3797/3802
f 3848/3836/3844 3807/3796/3803 3847/3837/3843
f 3849/3838/3845 3808/3798/3804 3848/3836/3844
f 3850/3839/3846 3809/3800/3805 3849/3838/3845
f 3851/3840/3847 3810/3799/3806 3850/3839/3846
f 3852/3841/3848 3811/3801/3807 3851/3840/3847
f 3853/3842/3849 3812/3803/3808 3852/3841/3848
f 3854/3843/3850 3813/3802/3809 3853/3842/3849
f 3855/3844/3851 3814/3804/3810 3854/3843/3850
f 3856/3845/3852 3815/3805/3811 3855/3844/3851
f 3857/3846/3853 3816/3806/3812 3856/3845/3852
f 3858/3847/3854 3817/3807/3813 3857/3846/3853
f 3859/3848/3855 3818/3808/3814 3858/3847/3854
f 3859/3848/3855 3820/3810/3816 3819/3809/3815
f 3860/3849/3856 3821/3812/3817 3820/3810/3816
f 3862/3850/3858 3821/3812/3817 3861/3851/3857
f 3863/3852/3859 3822/3811/3818 3862/3850/3858
f 3864/3853/3860 3823/3813/3819 3863/3852/3859
f 3864/3853/3860 3825/3816/3821 3824/3814/3820
f 3866/3854/3862 3825/3816/3821 3865/3855/3861
f 3867/3856/3863 3826/3815/3822 3866/3854/3862
f 3868/3857/3864 3827/3817/3823 3867/3856/3863
f 3869/3858/3865 3828/3818/3824 3868/3857/3864
f 3869/3858/3865 3830/3820/3826 3829/3819/3825
f 3870/3859/3866 3831/3821/3827 3830/3820/3826
f 3871/3860/3867 3832/3822/3828 3831/3821/3827
f 3872/3861/3868 3833/3823/3829 3832/3822/3828
f 3873/3862/3869 3834/3824/3830 3833/3823/3829
f 3874/3863/3870 3835/3825/3831 3834/3824/3830
f 3875/3864/3871 3836/3826/3832 3835/3825/3831
f 3876/3865/3872 3837/3827/3833 3836/3826/3832
f 3877/3866/3873 3838/3828/3834 3837/3827/3833
f 3878/3867/3874 3839/3829/3835 3838/3828/3834
f 3879/3868/3875 3840/3869/3836 3839/3829/3835
f 3881/3870/3877 3842/3832/3838 3841/3830/3837
f 3882/3871/3878 3843/3831/3839 3842/3832/3838
f 3883/3872/3879 3844/3833/3840 3843/3831/3839
f 3884/3873/3880 3845/3834/3841 3844/3833/3840
f 3885/3874/3881 3846/3835/3842 3845/3834/3841
f 3886/3875/3882 3847/3837/3843 3846/3835/3842
f 3888/3876/3884 3847/3837/3843 3887/3877/3883
f 3889/3878/3885 3848/3836/3844 3888/3876/3884
f 3890/3879/3886 3849/3838/3845 3889/3878/3885
f 3891/3880/3887 3850/3839/3846 3890/3879/3886
f 3891/3880/3887 3852/3841/3848 3851/3840/3847
f 3893/3881/3889 3852/3841/3848 3892/3882/3888
f 3894/3883/3890 3853/3842/3849 3893/3881/3889
f 3895/3884/3891 3854/3843/3850 3894/3883/3890
f 3896/3885/3892 3855/3844/3851 3895/3884/3891
f 3897/3886/3893 3856/3845/3852 3896/3885/3892
f 3898/3887/3894 3857/3846/3853 3897/3886/3893
f 3899/3888/3895 3858/3847/3854 3898/3887/3894
f 3900/3889/3896 3859/3848/3855 3899/3888/3895
f 3901/3890/3897 3860/3849/3856 3900/3889/3896
f 3901/3890/3897 3862/3850/3858 3861/3851/3857
f 3902/3891/3898 3863/3852/3859 3862/3850/3858
f 3903/3892/3899 3864/3853/3860 3863/3852/3859
f 3905/3893/3901 3864/3853/3860 3904/3894/3900
f 3906/3895/3902 3865/3855/3861 3905/3893/3901
f 3907/3896/3903 3866/3854/3862 3906/3895/3902
f 3908/3897/3904 3867/3856/3863 3907/3896/3903
f 3908/3897/3904 3869/3858/3865 3868/3857/3864
f 3909/3898/3905 3870/3859/3866 3869/3858/3865
f 3910/3899/3906 3871/3860/3867 3870/3859/3866
f 3911/3900/3907 3872/3861/3868 3871/3860/3867
f 3912/3901/3908 3873/3862/3869 3872/3861/3868
f 3913/3902/3909 3874/3863/3870 3873/3862/3869
f 3914/3903/3910 3875/3864/3871 3874/3863/3870
f 3915/3904/3911 3876/3865/3872 3875/3864/3871
f 3916/3905/3912 3877/3866/3873 3876/3865/3872
f 3917/3906/3913 3878/3867/3874 3877/3866/3873
f 3918/3907/3914 3879/3868/3875 3878/3867/3874
f 3919/3908/3915 3880/3909/3876 3879/3868/3875
f 3922/3910/3918 3881/3870/3877 3921/3911/3917
f 3922/3910/3918 3883/3872/3879 3882/3871/3878
f 3923/3912/3919 3884/3873/3880 3883/3872/3879
f 3924/3913/3920 3885/3874/3881 3884/3873/3880
f 3925/3914/3921 3886/3875/3882 3885/3874/3881
f 3926/3915/3922 3887/3877/3883 3886/3875/3882
f 3927/3916/3923 3888/3876/3884 3887/3877/3883
f 3928/3917/3924 3889/3878/3885 3888/3876/3884
f 3930/3918/3926 3889/3878/3885 3929/3919/3925
f 3930/3918/3926 3891/3880/3887 3890/3879/3886
f 3932/3920/3928 3891/3880/3887 3931/3921/3927
f 3932/3920/3928 3893/3881/3889 3892/3882/3888
f 3934/3922/3930 3893/3881/3889 3933/3923/3929
f 3935/3924/3931 3894/3883/3890 3934/3922/3930
f 3936/3925/3932 3895/3884/3891 3935/3924/3931
f 3937/3926/3933 3896/3885/3892 3936/3925/3932
f 3938/3927/3934 3897/3886/3893 3937/3926/3933
f 3939/3928/3935 3898/3887/3894 3938/3927/3934
f 3940/3929/3936 3899/3888/3895 3939/3928/3935
f 3941/3930/3937 3900/3889/3896 3940/3929/3936
f 3941/3930/3937 3902/3891/3898 3901/3890/3897
f 3942/3931/3938 3903/3892/3899 3902/3891/3898
f 3943/3932/3939 3904/3894/3900 3903/3892/3899
f 3944/3933/3940 3905/3893/3901 3904/3894/3900
f 3946/3934/3942 3905/3893/3901 3945/3935/3941
f 3947/3936/3943 3906/3895/3902 3946/3934/3942
f 3948/3937/3944 3907/3896/3903 3947/3936/3943
f 3948/3937/3944 3909/3898/3905 3908/3897/3904
f 3949/3938/3945 3910/3899/3906 3909/3898/3905
f 3950/3939/3946 3911/3900/3907 3910/3899/3906
f 3951/3940/3947 3912/3901/3908 3911/3900/3907
f 3952/3941/3948 3913/3902/3909 3912/3901/3908
f 3953/3942/3949 3914/3903/3910 3913/3902/3909
f 3954/3943/3950 3915/3904/3911 3914/3903/3910
f 3955/3944/3951 3916/3905/3912 3915/3904/3911
f 3956/3945/3952 3917/3906/3913 3916/3905/3912
f 3957/3946/3953 3918/3907/3914 3917/3906/3913
f 3958/3947/3954 3919/3908/3915 3918/3907/3914
f 3959/3948/3955 3920/3949/3916 3919/3908/3915
f 3961/3950/3957 3922/3910/3918 3921/3911/3917
f 3962/3951/3958 3923/3912/3919 3922/3910/3918
f 3963/3952/3959 3924/3913/3920 3923/3912/3919
f 3964/3953/3960 3925/3914/3921 3924/3913/3920
f 3965/3954/3961 3926/3915/3922 3925/3914/3921
f 3966/3955/3962 3927/3916/3923 3926/3915/3922
f 3967/3956/3963 3928/3917/3924 3927/3916/3923
f 3968/3957/3964 3929/3919/3925 3928/3917/3924
f 3969/3958/3965 3930/3918/3926 3929/3919/3925
f 3971/3959/3967 3930/3918/3926 3970/3960/3966
f 3971/3959/3967 3932/3920/3928 3931/3921/3927
f 3972/3961/3968 3933/3923/3929 3932/3920/3928
f 3974/3962/3970 3933/3923/3929 3973/3963/3969
f 3975/3964/3971 3934/3922/3930 3974/3962/3970
f 3976/3965/3972 3935/3924/3931 3975/3964/3971
f 3977/3966/3973 3936/3925/3932 3976/3965/3972
f 3978/3967/3974 3937/3926/3933 3977/3966/3973
f 3979/3968/3975 3938/3927/3934 3978/3967/3974
f 3980/3969/3976 3939/3928/3935 3979/3968/3975
f 3981/3970/3977 3940/3929/3936 3980/3969/3976
f 3981/3970/3977 3942/3931/3938 3941/3930/3937
f 3982/3971/3978 3943/3932/3939 3942/3931/3938
f 3983/3972/3979 3944/3933/3940 3943/3932/3939
f 3984/3973/3980 3945/3935/3941 3944/3933/3940
f 3985/3974/3981 3946/3934/3942 3945/3935/3941
f 3986/3975/3982 3947/3936/3943 3946/3934/3942
f 3987/3976/3983 3948/3937/3944 3947/3936/3943
f 3988/3977/3984 3949/3938/3945 3948/3937/3944
f 3989/3978/3985 3950/3939/3946 3949/3938/3945
f 3990/3979/3986 3951/3940/3947 3950/3939/3946
f 3991/3980/3987 3952/3941/3948 3951/3940/3947
f 3992/3981/3988 3953/3942/3949 3952/3941/3948
f 3993/3982/3989 3954/3943/3950 3953/3942/3949
f 3994/3983/3990 3955/3944/3951 3954/3943/3950
f 3995/3984/3991 3956/3945/3952 3955/3944/3951
f 3996/3985/3992 3957/3946/3953 3956/3945/3952
f 3997/3986/3993 3958/3947/3954 3957/3946/3953
f 3998/3987/3994 3959/3948/3955 3958/3947/3954
f 3999/3988/3995 3960/3989/3956 3959/3948/3955
f 4001/3990/3997 3962/3951/3958 3961/3950/3957
f 4002/3991/3998 3963/3952/3959 3962/3951/3958
f 4003/3992/3999 3964/3953/3960 3963/3952/3959
f 4005/3993/4001 3964/3953/3960 4004/3994/4000
f 4006/3995/4002 3965/3954/3961 4005/3993/4001
f 4006/3995/4002 3967/3956/3963 3966/3955/3962
f 4007/3996/4003 3968/3957/3964 3967/3956/3963
f 4008/3997/4004 3969/3958/3965 3968/3957/3964
f 4009/3998/4005 3970/3960/3966 3969/3958/3965
f 4010/3999/4006 3971/3959/3967 3970/3960/3966
f 4011/4000/4007 3972/3961/3968 3971/3959/3967
f 4012/4001/4008 3973/3963/3969 3972/3961/3968
f 4013/4002/4009 3974/3962/3970 3973/3963/3969
f 4015/4003/4011 3974/3962/3970 4014/4004/4010
f 4016/4005/4012 3975/3964/3971 4015/4003/4011
f 4017/4006/4013 3976/3965/3972 4016/4005/4012
f 4018/4007/4014 3977/3966/3973 4017/4006/4013
f 4019/4008/4015 3978/3967/3974 4018/4007/4014
f 4020/4009/4016 3979/3968/3975 4019/4008/4015
f 4021/4010/4017 3980/3969/3976 4020/4009/4016
f 4021/4010/4017 3982/3971/3978 3981/3970/3977
f 4022/4011/4018 3983/3972/3979 3982/3971/3978
f 4023/4012/4019 3984/3973/3980 3983/3972/3979
f 4024/4013/4020 3985/3974/3981 3984/3973/3980
f 4025/4014/4021 3986/3975/3982 3985/3974/3981
f 4026/4015/4022 3987/3976/3983 3986/3975/3982
f 4027/4016/4023 3988/3977/3984 3987/3976/3983
f 4028/4017/4024 3989/3978/3985 3988/3977/3984
f 4029/4018/4025 3990/3979/3986 3989/3978/3985
f 4030/4019/4026 3991/3980/3987 3990/3979/3986
f 4031/4020/4027 3992/3981/3988 3991/3980/3987
f 4032/4021/4028 3993/3982/3989 3992/3981/3988
f 4033/4022/4029 3994/3983/3990 3993/3982/3989
f 4034/4023/4030 3995/3984/3991 3994/3983/3990
f 4035/4024/4031 3996/3985/3992 3995/3984/3991
f 4036/4025/4032 3997/3986/3993 3996/3985/3992
f 4037/4026/4033 3998/3987/3994 3997/3986/3993
f 4038/4027/4034 3999/3988/3995 3998/3987/3994
f 4039/4028/4035 4000/4029/3996 3999/3988/3995
f 4041/4030/4037 4002/3991/3998 4001/3990/3997
f 4043/4031/4039 4002/3991/3998 4042/4032/4038
f 4044/4033/4040 4003/3992/3999 4043/4031/4039
f 4044/4033/4040 4005/3993/4001 4004/3994/4000
f 4046/4034/4042 4005/3993/4001 4045/4035/4041
f 4047/4036/4043 4006/3995/4002 4046/4034/4042
f 4048/4037/4044 4007/3996/4003 4047/4036/4043
f 4048/4037/4044 4009/3998/4005 4008/3997/4004
f 4049/4038/4045 4010/3999/4006 4009/3998/4005
f 4050/4039/4046 4011/4000/4007 4010/3999/4006
f 4051/4040/4047 4012/4001/4008 4011/4000/4007
f 4052/4041/4048 4013/4002/4009 4012/4001/4008
f 4053/4042/4049 4014/4004/4010 4013/4002/4009
f 4054/4043/4050 4015/4003/4011 4014/4004/4010
f 4056/4044/4052 4015/4003/4011 4055/4045/4051
f 4057/4046/4053 4016/4005/4012 4056/4044/4052
f 4058/4047/4054 4017/4006/4013 4057/4046/4053
f 4059/4048/4055 4018/4007/4014 4058/4047/4054
f 4060/4049/4056 4019/4008/4015 4059/4048/4055
f 4061/4050/4057 4020/4009/4016 4060/4049/4056
f 4062/4051/4058 4021/4010/4017 4061/4050/4057
f 4062/4051/4058 4023/4012/4019 4022/4011/4018
f 4063/4052/4059 4024/4013/4020 4023/4012/4019
f 4064/4053/4060 4025/4014/4021 4024/4013/4020
f 4065/4054/4061 4026/4015/4022 4025/4014/4021
f 4066/4055/4062 4027/4016/4023 4026/4015/4022
f 4067/4056/4063 4028/4017/4024 4027/4016/4023
f 4068/4057/4064 4029/4018/4025 4028/4017/4024
f 4069/4058/4065 4030/4019/4026 4029/4018/4025
f 4070/4059/4066 4031/4020/4027 4030/4019/4026
f 4071/4060/4067 4032/4021/4028 4031/4020/4027
f 4072/4061/4068 4033/4022/4029 4032/4021/4028
f 4073/4062/4069 4034/4023/4030 4033/4022/4029
f 4074/4063/4070 4035/4024/4031 4034/4023/4030
f 4075/4064/4071 4036/4025/4032 4035/4024/4031
f 4076/4065/4072 4037/4026/4033 4036/4025/4032
f 4077/4066/4073 4038/4027/4034 4037/4026/4033
f 4078/4067/4074 4039/4028/4035 4038/4027/4034
f 4079/4068/4075 4040/4069/4036 4039/4028/4035
f 4081/4070/4077 4042/4032/4038 4041/4030/4037
f 4083/4071/4079 4042/4032/4038 4082/4072/4078
f 4084/4073/4080 4043/4031/4039 4083/4071/4079
f 4084/4073/4080 4045/4035/4041 4044/4033/4040
f 4086/4074/4082 4045/4035/4041 4085/4075/4081
f 4087/4076/4083 4046/4034/4042 4086/4074/4082
f 4087/4076/4083 4048/4037/4044 4047/4036/4043
f 4088/4077/4084 4049/4038/4045 4048/4037/4044
f 4090/4078/4086 4049/4038/4045 4089/4079/4085
f 4090/4078/4086 4051/4040/4047 4050/4039/4046
f 4091/4080/4087 4052/4041/4048 4051/4040/4047
f 4092/4081/4088 4053/4042/4049 4052/4041/4048
f 4093/4082/4089 4054/4043/4050 4053/4042/4049
f 4094/4083/4090 4055/4045/4051 4054/4043/4050
f 4095/4084/4091 4056/4044/4052 4055/4045/4051
f 4097/4085/4093 4056/4044/4052 4096/4086/4092
f 4098/4087/4094 4057/4046/4053 4097/4085/4093
f 4099/4088/4095 4058/4047/4054 4098/4087/4094
f 4100/4089/4096 4059/4048/4055 4099/4088/4095
f 4101/4090/4097 4060/4049/4056 4100/4089/4096
f 4102/4091/4098 4061/4050/4057 4101/4090/4097
f 4103/4092/4099 4062/4051/4058 4102/4091/4098
f 4103/4092/4099 4064/4053/4060 4063/4052/4059
f 4104/4093/4100 4065/4054/4061 4064/4053/4060
f 4105/4094/4101 4066/4055/4062 4065/4054/4061
f 4106/4095/4102 4067/4056/4063 4066/4055/4062
f 4107/4096/4103 4068/4057/4064 4067/4056/4063
f 4108/4097/4104 4069/4058/4065 4068/4057/4064
f 4109/4098/4105 4070/4059/4066 4069/4058/4065
f 4110/4099/4106 4071/4060/4067 4070/4059/4066
f 4111/4100/4107 4072/4061/4068 4071/4060/4067
f 4112/4101/4108 4073/4062/4069 4072/4061/4068
f 4113/4102/4109 4074/4063/4070 4073/4062/4069
f 4114/4103/4110 4075/4064/4071 4074/4063/4070
f 4115/4104/4111 4076/4065/4072 4075/4064/4071
f 4116/4105/4112 4077/4066/4073 4076/4065/4072
f 4117/4106/4113 4078/4067/4074 4077/4066/4073
f 4118/4107/4114 4079/4068/4075 4078/4067/4074
f 4119/4108/4115 4080/4109/4076 4079/4068/4075
f 4121/4110/4117 4082/4072/4078 4081/4070/4077
f 4123/4111/4119 4082/4072/4078 4122/4112/4118
f 4124/4113/4120 4083/4071/4079 4123/4111/4119
f 4124/4113/4120 4085/4075/4081 4084/4073/4080
f 4126/4114/4122 4085/4075/4081 4125/4115/4121
f 4127/4116/4123 4086/4074/4082 4126/4114/4122
f 4127/4116/4123 4088/4077/4084 4087/4076/4083
f 4128/4117/4124 4089/4079/4085 4088/4077/4084
f 4129/4118/4125 4090/4078/4086 4089/4079/4085
f 4130/4119/4126 4091/4080/4087 4090/4078/4086
f 4132/4120/4128 4091/4080/4087 4131/4121/4127
f 4132/4120/4128 4093/4082/4089 4092/4081/4088
f 4134/4122/4130 4093/4082/4089 4133/4123/4129
f 4135/4124/4131 4094/4083/4090 4134/4122/4130
f 4136/4125/4132 4095/4084/4091 4135/4124/4131
f 4137/4126/4133 4096/4086/4092 4136/4125/4132
f 4138/4127/4134 4097/4085/4093 4137/4126/4133
f 4139/4128/4135 4098/4087/4094 4138/4127/4134
f 4140/4129/4136 4099/4088/4095 4139/4128/4135
f 4141/4130/4137 4100/4089/4096 4140/4129/4136
f 4142/4131/4138 4101/4090/4097 4141/4130/4137
f 4143/4132/4139 4102/4091/4098 4142/4131/4138
f 4143/4132/4139 4104/4093/4100 4103/4092/4099
f 4144/4133/4140 4105/4094/4101 4104/4093/4100
f 4145/4134/4141 4106/4095/4102 4105/4094/4101
f 4146/4135/4142 4107/4096/4103 4106/4095/4102
f 4147/4136/4143 4108/4097/4104 4107/4096/4103
f 4148/4137/4144 4109/4098/4105 4108/4097/4104
f 4149/4138/4145 4110/4099/4106 4109/4098/4105
f 4150/4139/4146 4111/4100/4107 4110/4099/4106
f 4151/4140/4147 4112/4101/4108 4111/4100/4107
f 4152/4141/4148 4113/4102/4109 4112/4101/4108
f 4153/4142/4149 4114/4103/4110 4113/4102/4109
f 4154/4143/4150 4115/4104/4111 4114/4103/4110
f 4155/4144/4151 4116/4105/4112 4115/4104/4111
f 4156/4145/4152 4117/4106/4113 4116/4105/4112
f 4157/4146/4153 4118/4107/4114 4117/4106/4113
f 4158/4147/4154 4119/4108/4115 4118/4107/4114
f 4159/4148/4155 4120/4149/4116 4119/4108/4115
f 4162/4150/4158 4121/4110/4117 4161/4151/4157
f 4162/4150/4158 4123/4111/4119 4122/4112/4118
f 4163/4152/4159 4124/4113/4120 4123/4111/4119
f 4165/4153/4161 4124/4113/4120 4164/4154/4160
f 4165/4153/4161 4126/4114/4122 4125/4115/4121
f 4166/4155/4162 4127/4116/4123 4126/4114/4122
f 4167/4156/4163 4128/4117/4124 4127/4116/4123
f 4169/4157/4165 4128/4117/4124 4168/4158/4164
f 4170/4159/4166 4129/4118/4125 4169/4157/4165
f 4171/4160/4167 4130/4119/4126 4170/4159/4166
f 4172/4161/4168 4131/4121/4127 4171/4160/4167
f 4172/4161/4168 4133/4123/4129 4132/4120/4128
f 4174/4162/4170 4133/4123/4129 4173/4163/4169
f 4174/4162/4170 4135/4124/4131 4134/4122/4130
f 4175/4164/4171 4136/4125/4132 4135/4124/4131
f 4177/4165/4173 4136/4125/4132 4176/4166/4172
f 4178/4167/4174 4137/4126/4133 4177/4165/4173
f 4179/4168/4175 4138/4127/4134 4178/4167/4174
f 4180/4169/4176 4139/4128/4135 4179/4168/4175
f 4181/4170/4177 4140/4129/4136 4180/4169/4176
f 4182/4171/4178 4141/4130/4137 4181/4170/4177
f 4183/4172/4179 4142/4131/4138 4182/4171/4178
f 4183/4172/4179 4144/4133/4140 4143/4132/4139
f 4184/4173/4180 4145/4134/4141 4144/4133/4140
f 4185/4174/4181 4146/4135/4142 4145/4134/4141
f 4186/4175/4182 4147/4136/4143 4146/4135/4142
f 4187/4176/4183 4148/4137/4144 4147/4136/4143
f 4188/4177/4184 4149/4138/4145 4148/4137/4144
f 4189/4178/4185 4150/4139/4146 4149/4138/4145
f 4190/4179/4186 4151/4140/4147 4150/4139/4146
f 4191/4180/4187 4152/4141/4148 4151/4140/4147
f 4192/4181/4188 4153/4142/4149 4152/4141/4148
f 4193/4182/4189 4154/4143/4150 4153/4142/4149
f 4194/4183/4190 4155/4144/4151 4154/4143/4150
f 4195/4184/4191 4156/4145/4152 4155/4144/4151
f 4196/4185/4192 4157/4146/4153 4156/4145/4152
f 4197/4186/4193 4158/4147/4154 4157/4146/4153
f 4198/4187/4194 4159/4148/4155 4158/4147/4154
f 4199/4188/4195 4160/4189/4156 4159/4148/4155
f 4202/4190/4198 4161/4151/4157 4201/4191/4197
f 4202/4190/4198 4163/4152/4159 4162/4150/4158
f 4203/4192/4199 4164/4154/4160 4163/4152/4159
f 4205/4193/4201 4164/4154/4160 4204/4194/4200
f 4205/4193/4201 4166/4155/4162 4165/4153/4161
f 4206/4195/4202 4167/4156/4163 4166/4155/4162
f 4207/4196/4203 4168/4158/4164 4167/4156/4163
f 4209/4197/4205 4168/4158/4164 4208/4198/4204
f 4210/4199/4206 4169/4157/4165 4209/4197/4205
f 4211/4200/4207 4170/4159/4166 4210/4199/4206
f 4211/4200/4207 4172/4161/4168 4171/4160/4167
f 4212/4201/4208 4173/4163/4169 4172/4161/4168
f 4213/4202/4209 4174/4162/4170 4173/4163/4169
f 4215/4203/4211 4174/4162/4170 4214/4204/4210
f 4216/4205/4212 4175/4164/4171 4215/4203/4211
f 4217/4206/4213 4176/4166/4172 4216/4205/4212
f 4218/4207/4214 4177/4165/4173 4217/4206/4213
f 4219/4208/4215 4178/4167/4174 4218/4207/4214
f 4220/4209/4216 4179/4168/4175 4219/4208/4215
f 4221/4210/4217 4180/4169/4176 4220/4209/4216
f 4222/4211/4218 4181/4170/4177 4221/4210/4217
f 4223/4212/4219 4182/4171/4178 4222/4211/4218
f 4223/4212/4219 4184/4173/4180 4183/4172/4179
f 4224/4213/4220 4185/4174/4181 4184/4173/4180
f 4225/4214/4221 4186/4175/4182 4185/4174/4181
f 4226/4215/4222 4187/4176/4183 4186/4175/4182
f 4227/4216/4223 4188/4177/4184 4187/4176/4183
f 4228/4217/4224 4189/4178/4185 4188/4177/4184
f 4229/4218/4225 4190/4179/4186 4189/4178/4185
f 4230/4219/4226 4191/4180/4187 4190/4179/4186
f 4231/4220/4227 4192/4181/4188 4191/4180/4187
f 4232/4221/4228 4193/4182/4189 4192/4181/4188
f 4233/4222/4229 4194/4183/4190 4193/4182/4189
f 4234/4223/4230 4195/4184/4191 4194/4183/4190
f 4235/4224/4231 4196/4185/4192 4195/4184/4191
f 4236/4225/4232 4197/4186/4193 4196/4185/4192
f 4237/4226/4233 4198/4187/4194 4197/4186/4193
f 4238/4227/4234 4199/4188/4195 4198/4187/4194
f 4239/4228/4235 4200/4229/4196 4199/4188/4195
f 4241/4230/4237 4202/4190/4198 4201/4191/4197
f 4242/4231/4238 4203/4192/4199 4202/4190/4198
f 4243/4232/4239 4204/4194/4200 4203/4192/4199
f 4245/4233/4241 4204/4194/4200 4244/4234/4240
f 4245/4233/4241 4206/4195/4202 4205/4193/4201
f 4246/4235/4242 4207/4196/4203 4206/4195/4202
f 4248/4236/4244 4207/4196/4203 4247/4237/4243
f 4248/4236/4244 4209/4197/4205 4208/4198/4204
f 4249/4238/4245 4210/4199/4206 4209/4197/4205
f 4250/4239/4246 4211/4200/4207 4210/4199/4206
f 4252/4240/4248 4211/4200/4207 4251/4241/4247
f 4253/4242/4249 4212/4201/4208 4252/4240/4248
f 4254/4243/4250 4213/4202/4209 4253/4242/4249
f 4255/4244/4251 4214/4204/4210 4254/4243/4250
f 4256/4245/4252 4215/4203/4211 4255/4244/4251
f 4256/4245/4252 4217/4206/4213 4216/4205/4212
f 4257/4246/4253 4218/4207/4214 4217/4206/4213
f 4259/4247/4255 4218/4207/4214 4258/4248/4254
f 4260/4249/4256 4219/4208/4215 4259/4247/4255
f 4261/4250/4257 4220/4209/4216 4260/4249/4256
f 4262/4251/4258 4221/4210/4217 4261/4250/4257
f 4263/4252/4259 4222/4211/4218 4262/4251/4258
f 4264/4253/4260 4223/4212/4219 4263/4252/4259
f 4264/4253/4260 4225/4214/4221 4224/4213/4220
f 4266/4254/4262 4225/4214/4221 4265/4255/4261
f 4266/4254/4262 4227/4216/4223 4226/4215/4222
f 4267/4256/4263 4228/4217/4224 4227/4216/4223
f 4268/4257/4264 4229/4218/4225 4228/4217/4224
f 4269/4258/4265 4230/4219/4226 4229/4218/4225
f 4270/4259/4266 4231/4220/4227 4230/4219/4226
f 4271/4260/4267 4232/4221/4228 4231/4220/4227
f 4272/4261/4268 4233/4222/4229 4232/4221/4228
f 4273/4262/4269 4234/4223/4230 4233/4222/4229
f 4274/4263/4270 4235/4224/4231 4234/4223/4230
f 4275/4264/4271 4236/4225/4232 4235/4224/4231
f 4276/4265/4272 4237/4226/4233 4236/4225/4232
f 4277/4266/4273 4238/4227/4234 4237/4226/4233
f 4278/4267/4274 4239/4228/4235 4238/4227/4234
f 4279/4268/4275 4240/4269/4236 4239/4228/4235
f 4281/4270/4277 4242/4231/4238 4241/4230/4237
f 4283/4271/4279 4242/4231/4238 4282/4272/4278
f 4283/4271/4279 4244/4234/4240 4243/4232/4239
f 4285/4273/4281 4244/4234/4240 4284/4274/4280
f 4285/4273/4281 4246/4235/4242 4245/4233/4241
f 4286/4275/4282 4247/4237/4243 4246/4235/4242
f 4288/4276/4284 4247/4237/4243 4287/4277/4283
f 4289/4278/4285 4248/4236/4244 4288/4276/4284
f 4289/4278/4285 4250/4239/4246 4249/4238/4245
f 4290/4279/4286 4251/4241/4247 4250/4239/4246
f 4291/4280/4287 4252/4240/4248 4251/4241/4247
f 4293/4281/4289 4252/4240/4248 4292/4282/4288
f 4294/4283/4290 4253/4242/4249 4293/4281/4289
f 4295/4284/4291 4254/4243/4250 4294/4283/4290
f 4296/4285/4292 4255/4244/4251 4295/4284/4291
f 4296/4285/4292 4257/4246/4253 4256/4245/4252
f 4297/4286/4293 4258/4248/4254 4257/4246/4253
f 4299/4287/4295 4258/4248/4254 4298/4288/4294
f 4300/4289/4296 4259/4247/4255 4299/4287/4295
f 4301/4290/4297 4260/4249/4256 4300/4289/4296
f 4302/4291/4298 4261/4250/4257 4301/4290/4297
f 4303/4292/4299 4262/4251/4258 4302/4291/4298
f 4304/4293/4300 4263/4252/4259 4303/4292/4299
f 4305/4294/4301 4264/4253/4260 4304/4293/4300
f 4306/4295/4302 4265/4255/4261 4305/4294/4301
f 4307/4296/4303 4266/4254/4262 4306/4295/4302
f 4307/4296/4303 4268/4257/4264 4267/4256/4263
f 4308/4297/4304 4269/4258/4265 4268/4257/4264
f 4309/4298/4305 4270/4259/4266 4269/4258/4265
f 4310/4299/4306 4271/4260/4267 4270/4259/4266
f 4311/4300/4307 4272/4261/4268 4271/4260/4267
f 4312/4301/4308 4273/4262/4269 4272/4261/4268
f 4313/4302/4309 4274/4263/4270 4273/4262/4269
f 4315/4303/4311 4274/4263/4270 4314/4304/4310
f 4316/4305/4312 4275/4264/4271 4315/4303/4311
f 4316/4305/4312 4277/4266/4273 4276/4265/4272
f 4317/4306/4313 4278/4267/4274 4277/4266/4273
f 4318/4307/4314 4279/4268/4275 4278/4267/4274
f 4319/4308/4315 4280/4309/4276 4279/4268/4275
f 4321/4310/4317 4282/4272/4278 4281/4270/4277
f 4323/4311/4319 4282/4272/4278 4322/4312/4318
f 4324/4313/4320 4283/4271/4279 4323/4311/4319
f 4325/4314/4321 4284/4274/4280 4324/4313/4320
f 4325/4314/4321 4286/4275/4282 4285/4273/4281
f 4326/4315/4322 4287/4277/4283 4286/4275/4282
f 4328/4316/4324 4287/4277/4283 4327/4317/4323
f 4329/4318/4325 4288/4276/4284 4328/4316/4324
f 4330/4319/4326 4289/4278/4285 4329/4318/4325
f 4331/4320/4327 4290/4279/4286 4330/4319/4326
f 4332/4321/4328 4291/4280/4287 4331/4320/4327
f 4333/4322/4329 4292/4282/4288 4332/4321/4328
f 4334/4323/4330 4293/4281/4289 4333/4322/4329
f 4335/4324/4331 4294/4283/4290 4334/4323/4330
f 4336/4325/4332 4295/4284/4291 4335/4324/4331
f 4337/4326/4333 4296/4285/4292 4336/4325/4332
f 4338/4327/4334 4297/4286/4293 4337/4326/4333
f 4339/4328/4335 4298/4288/4294 4338/4327/4334
f 4340/4329/4336 4299/4287/4295 4339/4328/4335
f 4341/4330/4337 4300/4289/4296 4340/4329/4336
f 4342/4331/4338 4301/4290/4297 4341/4330/4337
f 4343/4332/4339 4302/4291/4298 4342/4331/4338
f 4344/4333/4340 4303/4292/4299 4343/4332/4339
f 4345/4334/4341 4304/4293/4300 4344/4333/4340
f 4345/4334/4341 4306/4295/4302 4305/4294/4301
f 4346/4335/4342 4307/4296/4303 4306/4295/4302
f 4347/4336/4343 4308/4297/4304 4307/4296/4303
f 4348/4337/4344 4309/4298/4305 4308/4297/4304
f 4349/4338/4345 4310/4299/4306 4309/4298/4305
f 4350/4339/4346 4311/4300/4307 4310/4299/4306
f 4351/4340/4347 4312/4301/4308 4311/4300/4307
f 4352/4341/4348 4313/4302/4309 4312/4301/4308
f 4353/4342/4349 4314/4304/4310 4313/4302/4309
f 4355/4343/4351 4314/4304/4310 4354/4344/4350
f 4356/4345/4352 4315/4303/4311 4355/4343/4351
f 4357/4346/4353 4316/4305/4312 4356/4345/4352
f 4357/4346/4353 4318/4307/4314 4317/4306/4313
f 4358/4347/4354 4319/4308/4315 4318/4307/4314
f 4359/4348/4355 4320/4349/4316 4319/4308/4315
f 4361/4350/4357 4322/4312/4318 4321/4310/4317
f 4363/4351/4359 4322/4312/4318 4362/4352/4358
f 4364/4353/4360 4323/4311/4319 4363/4351/4359
f 4365/4354/4361 4324/4313/4320 4364/4353/4360
f 4366/4355/4362 4325/4314/4321 4365/4354/4361
f 4367/4356/4363 4326/4315/4322 4366/4355/4362
f 4368/4357/4364 4327/4317/4323 4367/4356/4363
f 4369/4358/4365 4328/4316/4324 4368/4357/4364
f 4370/4359/4366 4329/4318/4325 4369/4358/4365
f 4371/4360/4367 4330/4319/4326 4370/4359/4366
f 4372/4361/4368 4331/4320/4327 4371/4360/4367
f 4373/4362/4369 4332/4321/4328 4372/4361/4368
f 4374/4363/4370 4333/4322/4329 4373/4362/4369
f 4375/4364/4371 4334/4323/4330 4374/4363/4370
f 4376/4365/4372 4335/4324/4331 4375/4364/4371
f 4377/4366/4373 4336/4325/4332 4376/4365/4372
f 4378/4367/4374 4337/4326/4333 4377/4366/4373
f 4378/4367/4374 4339/4328/4335 4338/4327/4334
f 4380/4368/4376 4339/4328/4335 4379/4369/4375
f 4381/4370/4377 4340/4329/4336 4380/4368/4376
f 4382/4371/4378 4341/4330/4337 4381/4370/4377
f 4383/4372/4379 4342/4331/4338 4382/4371/4378
f 4384/4373/4380 4343/4332/4339 4383/4372/4379
f 4385/4374/4381 4344/4333/4340 4384/4373/4380
f 4385/4374/4381 4346/4335/4342 4345/4334/4341
f 4386/4375/4382 4347/4336/4343 4346/4335/4342
f 4387/4376/4383 4348/4337/4344 4347/4336/4343
f 4388/4377/4384 4349/4338/4345 4348/4337/4344
f 4389/4378/4385 4350/4339/4346 4349/4338/4345
f 4390/4379/4386 4351/4340/4347 4350/4339/4346
f 4391/4380/4387 4352/4341/4348 4351/4340/4347
f 4392/4381/4388 4353/4342/4349 4352/4341/4348
f 4394/4382/4390 4353/4342/4349 4393/4383/4389
f 4395/4384/4391 4354/4344/4350 4394/4382/4390
f 4396/4385/4392 4355/4343/4351 4395/4384/4391
f 4397/4386/4393 4356/4345/4352 4396/4385/4392
f 4397/4386/4393 4358/4347/4354 4357/4346/4353
f 4398/4387/4394 4359/4348/4355 4358/4347/4354
f 4399/4388/4395 4360/4389/4356 4359/4348/4355
f 4402/4390/4398 4361/4350/4357 4401/4391/4397
f 4402/4390/4398 4363/4351/4359 4362/4352/4358
f 4403/4392/4399 4364/4353/4360 4363/4351/4359
f 4405/4393/4401 4364/4353/4360 4404/4394/4400
f 4406/4395/4402 4365/4354/4361 4405/4393/4401
f 4407/4396/4403 4366/4355/4362 4406/4395/4402
f 4408/4397/4404 4367/4356/4363 4407/4396/4403
f 4409/4398/4405 4368/4357/4364 4408/4397/4404
f 4410/4399/4406 4369/4358/4365 4409/4398/4405
f 4410/4399/4406 4371/4360/4367 4370/4359/4366
f 4411/4400/4407 4372/4361/4368 4371/4360/4367
f 4413/4401/4409 4372/4361/4368 4412/4402/4408
f 4414/4403/4410 4373/4362/4369 4413/4401/4409
f 4415/4404/4411 4374/4363/4370 4414/4403/4410
f 4416/4405/4412 4375/4364/4371 4415/4404/4411
f 4417/4406/4413 4376/4365/4372 4416/4405/4412
f 4417/4406/4413 4378/4367/4374 4377/4366/4373
f 4418/4407/4414 4379/4369/4375 4378/4367/4374
f 4419/4408/4415 4380/4368/4376 4379/4369/4375
f 4421/4409/4417 4380/4368/4376 4420/4410/4416
f 4422/4411/4418 4381/4370/4377 4421/4409/4417
f 4423/4412/4419 4382/4371/4378 4422/4411/4418
f 4424/4413/4420 4383/4372/4379 4423/4412/4419
f 4425/4414/4421 4384/4373/4380 4424/4413/4420
f 4425/4414/4421 4386/4375/4382 4385/4374/4381
f 4426/4415/4422 4387/4376/4383 4386/4375/4382
f 4427/4416/4423 4388/4377/4384 4387/4376/4383
f 4428/4417/4424 4389/4378/4385 4388/4377/4384
f 4429/4418/4425 4390/4379/4386 4389/4378/4385
f 4430/4419/4426 4391/4380/4387 4390/4379/4386
f 4431/4420/4427 4392/4381/4388 4391/4380/4387
f 4432/4421/4428 4393/4383/4389 4392/4381/4388
f 4434/4422/4430 4393/4383/4389 4433/4423/4429
f 4435/4424/4431 4394/4382/4390 4434/4422/4430
f 4436/4425/4432 4395/4384/4391 4435/4424/4431
f 4437/4426/4433 4396/4385/4392 4436/4425/4432
f 4437/4426/4433 4398/4387/4394 4397/4386/4393
f 4438/4427/4434 4399/4388/4395 4398/4387/4394
f 4439/4428/4435 4400/4429/4396 4399/4388/4395
f 4442/4430/4438 4401/4391/4397 4441/4431/4437
f 4443/4432/4439 4402/4390/4398 4442/4430/4438
f 4443/4432/4439 4404/4394/4400 4403/4392/4399
f 4445/4433/4441 4404/4394/4400 4444/4434/4440
f 4446/4435/4442 4405/4393/4401 4445/4433/4441
f 4447/4436/4443 4406/4395/4402 4446/4435/4442
f 4448/4437/4444 4407/4396/4403 4447/4436/4443
f 4449/4438/4445 4408/4397/4404 4448/4437/4444
f 4449/4438/4445 4410/4399/4406 4409/4398/4405
f 4450/4439/4446 4411/4400/4407 4410/4399/4406
f 4452/4440/4448 4411/4400/4407 4451/4441/4447
f 4453/4442/4449 4412/4402/4408 4452/4440/4448
f 4454/4443/4450 4413/4401/4409 4453/4442/4449
f 4455/4444/4451 4414/4403/4410 4454/4443/4450
f 4456/4445/4452 4415/4404/4411 4455/4444/4451
f 4456/4445/4452 4417/4406/4413 4416/4405/4412
f 4457/4446/4453 4418/4407/4414 4417/4406/4413
f 4458/4447/4454 4419/4408/4415 4418/4407/4414
f 4459/4448/4455 4420/4410/4416 4419/4408/4415
f 4461/4449/4457 4420/4410/4416 4460/4450/4456
f 4462/4451/4458 4421/4409/4417 4461/4449/4457
f 4463/4452/4459 4422/4411/4418 4462/4451/4458
f 4464/4453/4460 4423/4412/4419 4463/4452/4459
f 4465/4454/4461 4424/4413/4420 4464/4453/4460
f 4465/4454/4461 4426/4415/4422 4425/4414/4421
f 4466/4455/4462 4427/4416/4423 4426/4415/4422
f 4467/4456/4463 4428/4417/4424 4427/4416/4423
f 4468/4457/4464 4429/4418/4425 4428/4417/4424
f 4469/4458/4465 4430/4419/4426 4429/4418/4425
f 4470/4459/4466 4431/4420/4427 4430/4419/4426
f 4471/4460/4467 4432/4421/4428 4431/4420/4427
f 4472/4461/4468 4433/4423/4429 4432/4421/4428
f 4473/4462/4469 4434/4422/4430 4433/4423/4429
f 4474/4463/4470 4435/4424/4431 4434/4422/4430
f 4476/4464/4472 4435/4424/4431 4475/4465/4471
f 4477/4466/4473 4436/4425/4432 4476/4464/4472
f 4477/4466/4473 4438/4427/4434 4437/4426/4433
f 4478/4467/4474 4439/4428/4435 4438/4427/4434
f 4479/4468/4475 4440/4469/4436 4439/4428/4435
f 4482/4470/4478 4441/4431/4437 4481/4471/4477
f 4483/4472/4479 4442/4430/4438 4482/4470/4478
f 4484/4473/4480 4443/4432/4439 4483/4472/4479
f 4485/4474/4481 4444/4434/4440 4484/4473/4480
f 4486/4475/4482 4445/4433/4441 4485/4474/4481
f 4487/4476/4483 4446/4435/4442 4486/4475/4482
f 4488/4477/4484 4447/4436/4443 4487/4476/4483
f 4488/4477/4484 4449/4438/4445 4448/4437/4444
f 4490/4478/4486 4449/4438/4445 4489/4479/4485
f 4491/4480/4487 4450/4439/4446 4490/4478/4486
f 4492/4481/4488 4451/4441/4447 4491/4480/4487
f 4493/4482/4489 4452/4440/4448 4492/4481/4488
f 4494/4483/4490 4453/4442/4449 4493/4482/4489
f 4495/4484/4491 4454/4443/4450 4494/4483/4490
f 4496/4485/4492 4455/4444/4451 4495/4484/4491
f 4496/4485/4492 4457/4446/4453 4456/4445/4452
f 4497/4486/4493 4458/4447/4454 4457/4446/4453
f 4498/4487/4494 4459/4448/4455 4458/4447/4454
f 4499/4488/4495 4460/4450/4456 4459/4448/4455
f 4501/4489/4497 4460/4450/4456 4500/4490/4496
f 4502/4491/4498 4461/4449/4457 4501/4489/4497
f 4503/4492/4499 4462/4451/4458 4502/4491/4498
f 4504/4493/4500 4463/4452/4459 4503/4492/4499
f 4505/4494/4501 4464/4453/4460 4504/4493/4500
f 4505/4494/4501 4466/4455/4462 4465/4454/4461
f 4506/4495/4502 4467/4456/4463 4466/4455/4462
f 4507/4496/4503 4468/4457/4464 4467/4456/4463
f 4508/4497/4504 4469/4458/4465 4468/4457/4464
f 4509/4498/4505 4470/4459/4466 4469/4458/4465
f 4510/4499/4506 4471/4460/4467 4470/4459/4466
f 4511/4500/4507 4472/4461/4468 4471/4460/4467
f 4512/4501/4508 4473/4462/4469 4472/4461/4468
f 4513/4502/4509 4474/4463/4470 4473/4462/4469
f 4514/4503/4510 4475/4465/4471 4474/4463/4470
f 4515/4504/4511 4476/4464/4472 4475/4465/4471
f 4517/4505/4513 4476/4464/4472 4516/4506/4512
f 4518/4507/4514 4477/4466/4473 4517/4505/4513
f 4518/4507/4514 4479/4468/4475 4478/4467/4474
f 4519/4508/4515 4480/4509/4476 4479/4468/4475
f 4521/4510/4517 4482/4470/4478 4481/4471/4477
f 4523/4511/4519 4482/4470/4478 4522/4512/4518
f 4524/4513/4520 4483/4472/4479 4523/4511/4519
f 4525/4514/4521 4484/4473/4480 4524/4513/4520
f 4525/4514/4521 4486/4475/4482 4485/4474/4481
f 4526/4515/4522 4487/4476/4483 4486/4475/4482
f 4527/4516/4523 4488/4477/4484 4487/4476/4483
f 4529/4517/4525 4488/4477/4484 4528/4518/4524
f 4530/4519/4526 4489/4479/4485 4529/4517/4525
f 4531/4520/4527 4490/4478/4486 4530/4519/4526
f 4531/4520/4527 4492/4481/4488 4491/4480/4487
f 4533/4521/4529 4492/4481/4488 4532/4522/4528
f 4534/4523/4530 4493/4482/4489 4533/4521/4529
f 4535/4524/4531 4494/4483/4490 4534/4523/4530
f 4536/4525/4532 4495/4484/4491 4535/4524/4531
f 4536/4525/4532 4497/4486/4493 4496/4485/4492
f 4537/4526/4533 4498/4487/4494 4497/4486/4493
f 4538/4527/4534 4499/4488/4495 4498/4487/4494
f 4539/4528/4535 4500/4490/4496 4499/4488/4495
f 4541/4529/4537 4500/4490/4496 4540/4530/4536
f 4542/4531/4538 4501/4489/4497 4541/4529/4537
f 4543/4532/4539 4502/4491/4498 4542/4531/4538
f 4544/4533/4540 4503/4492/4499 4543/4532/4539
f 4545/4534/4541 4504/4493/4500 4544/4533/4540
f 4545/4534/4541 4506/4495/4502 4505/4494/4501
f 4546/4535/4542 4507/4496/4503 4506/4495/4502
f 4547/4536/4543 4508/4497/4504 4507/4496/4503
f 4548/4537/4544 4509/4498/4505 4508/4497/4504
f 4549/4538/4545 4510/4499/4506 4509/4498/4505
f 4550/4539/4546 4511/4500/4507 4510/4499/4506
f 4551/4540/4547 4512/4501/4508 4511/4500/4507
f 4552/4541/4548 4513/4502/4509 4512/4501/4508
f 4553/4542/4549 4514/4503/4510 4513/4502/4509
f 4554/4543/4550 4515/4504/4511 4514/4503/4510
f 4555/4544/4551 4516/4506/4512 4515/4504/4511
f 4557/4545/4553 4516/4506/4512 4556/4546/4552
f 4558/4547/4554 4517/4505/4513 4557/4545/4553
f 4559/4548/4555 4518/4507/4514 4558/4547/4554
f 4559/4548/4555 4520/4549/4516 4519/4508/4515
f 4561/4550/4557 4522/4512/4518 4521/4510/4517
f 4563/4551/4559 4522/4512/4518 4562/4552/4558
f 4564/4553/4560 4523/4511/4519 4563/4551/4559
f 4565/4554/4561 4524/4513/4520 4564/4553/4560
f 4565/4554/4561 4526/4515/4522 4525/4514/4521
f 4566/4555/4562 4527/4516/4523 4526/4515/4522
f 4568/4556/4564 4527/4516/4523 4567/4557/4563
f 4569/4558/4565 4528/4518/4524 4568/4556/4564
f 4569/4558/4565 4530/4519/4526 4529/4517/4525
f 4570/4559/4566 4531/4520/4527 4530/4519/4526
f 4572/4560/4568 4531/4520/4527 4571/4561/4567
f 4572/4560/4568 4533/4521/4529 4532/4522/4528
f 4573/4562/4569 4534/4523/4530 4533/4521/4529
f 4574/4563/4570 4535/4524/4531 4534/4523/4530
f 4575/4564/4571 4536/4525/4532 4535/4524/4531
f 4576/4565/4572 4537/4526/4533 4536/4525/4532
f 4577/4566/4573 4538/4527/4534 4537/4526/4533
f 4579/4567/4575 4538/4527/4534 4578/4568/4574
f 4580/4569/4576 4539/4528/4535 4579/4567/4575
f 4581/4570/4577 4540/4530/4536 4580/4569/4576
f 4582/4571/4578 4541/4529/4537 4581/4570/4577
f 4583/4572/4579 4542/4531/4538 4582/4571/4578
f 4584/4573/4580 4543/4532/4539 4583/4572/4579
f 4585/4574/4581 4544/4533/4540 4584/4573/4580
f 4585/4574/4581 4546/4535/4542 4545/4534/4541
f 4586/4575/4582 4547/4536/4543 4546/4535/4542
f 4587/4576/4583 4548/4537/4544 4547/4536/4543
f 4588/4577/4584 4549/4538/4545 4548/4537/4544
f 4589/4578/4585 4550/4539/4546 4549/4538/4545
f 4590/4579/4586 4551/4540/4547 4550/4539/4546
f 4591/4580/4587 4552/4541/4548 4551/4540/4547
f 4592/4581/4588 4553/4542/4549 4552/4541/4548
f 4593/4582/4589 4554/4543/4550 4553/4542/4549
f 4594/4583/4590 4555/4544/4551 4554/4543/4550
f 4595/4584/4591 4556/4546/4552 4555/4544/4551
f 4597/4585/4593 4556/4546/4552 4596/4586/4592
f 4598/4587/4594 4557/4545/4553 4597/4585/4593
f 4598/4587/4594 4559/4548/4555 4558/4547/4554
f 4599/4588/4595 4560/4589/4556 4559/4548/4555
f 4602/4590/4598 4561/4550/4557 4601/4591/4597
f 4603/4592/4599 4562/4552/4558 4602/4590/4598
f 4604/4593/4600 4563/4551/4559 4603/4592/4599
f 4605/4594/4601 4564/4553/4560 4604/4593/4600
f 4605/4594/4601 4566/4555/4562 4565/4554/4561
f 4606/4595/4602 4567/4557/4563 4566/4555/4562
f 4608/4596/4604 4567/4557/4563 4607/4597/4603
f 4609/4598/4605 4568/4556/4564 4608/4596/4604
f 4610/4599/4606 4569/4558/4565 4609/4598/4605
f 4611/4600/4607 4570/4559/4566 4610/4599/4606
f 4612/4601/4608 4571/4561/4567 4611/4600/4607
f 4613/4602/4609 4572/4560/4568 4612/4601/4608
f 4614/4603/4610 4573/4562/4569 4613/4602/4609
f 4615/4604/4611 4574/4563/4570 4614/4603/4610
f 4616/4605/4612 4575/4564/4571 4615/4604/4611
f 4617/4606/4613 4576/4565/4572 4616/4605/4612
f 4618/4607/4614 4577/4566/4573 4617/4606/4613
f 4619/4608/4615 4578/4568/4574 4618/4607/4614
f 4620/4609/4616 4579/4567/4575 4619/4608/4615
f 4621/4610/4617 4580/4569/4576 4620/4609/4616
f 4622/4611/4618 4581/4570/4577 4621/4610/4617
f 4623/4612/4619 4582/4571/4578 4622/4611/4618
f 4624/4613/4620 4583/4572/4579 4623/4612/4619
f 4625/4614/4621 4584/4573/4580 4624/4613/4620
f 4625/4614/4621 4586/4575/4582 4585/4574/4581
f 4626/4615/4622 4587/4576/4583 4586/4575/4582
f 4627/4616/4623 4588/4577/4584 4587/4576/4583
f 4628/4617/4624 4589/4578/4585 4588/4577/4584
f 4629/4618/4625 4590/4579/4586 4589/4578/4585
f 4630/4619/4626 4591/4580/4587 4590/4579/4586
f 4631/4620/4627 4592/4581/4588 4591/4580/4587
f 4632/4621/4628 4593/4582/4589 4592/4581/4588
f 4633/4622/4629 4594/4583/4590 4593/4582/4589
f 4634/4623/4630 4595/4584/4591 4594/4583/4590
f 4635/4624/4631 4596/4586/4592 4595/4584/4591
f 4637/4625/4633 4596/4586/4592 4636/4626/4632
f 4637/4625/4633 4598/4587/4594 4597/4585/4593
f 4638/4627/4634 4599/4588/4595 4598/4587/4594
f 4639/4628/4635 4600/4629/4596 4599/4588/4595
f 4641/4630/4637 4602/4590/4598 4601/4591/4597
f 4642/4631/4638 4603/4592/4599 4602/4590/4598
f 4643/4632/4639 4604/4593/4600 4603/4592/4599
f 4644/4633/4640 4605/4594/4601 4604/4593/4600
f 4646/4634/4642 4605/4594/4601 4645/4635/4641
f 4646/4634/4642 4607/4597/4603 4606/4595/4602
f 4648/4636/4644 4607/4597/4603 4647/4637/4643
f 4649/4638/4645 4608/4596/4604 4648/4636/4644
f 4650/4639/4646 4609/4598/4605 4649/4638/4645
f 4651/4640/4647 4610/4599/4606 4650/4639/4646
f 4652/4641/4648 4611/4600/4607 4651/4640/4647
f 4653/4642/4649 4612/4601/4608 4652/4641/4648
f 4654/4643/4650 4613/4602/4609 4653/4642/4649
f 4655/4644/4651 4614/4603/4610 4654/4643/4650
f 4656/4645/4652 4615/4604/4611 4655/4644/4651
f 4657/4646/4653 4616/4605/4612 4656/4645/4652
f 4658/4647/4654 4617/4606/4613 4657/4646/4653
f 4659/4648/4655 4618/4607/4614 4658/4647/4654
f 4660/4649/4656 4619/4608/4615 4659/4648/4655
f 4661/4650/4657 4620/4609/4616 4660/4649/4656
f 4662/4651/4658 4621/4610/4617 4661/4650/4657
f 4662/4651/4658 4623/4612/4619 4622/4611/4618
f 4663/4652/4659 4624/4613/4620 4623/4612/4619
f 4665/4653/4661 4624/4613/4620 4664/4654/4660
f 4666/4655/4662 4625/4614/4621 4665/4653/4661
f 4666/4655/4662 4627/4616/4623 4626/4615/4622
f 4667/4656/4663 4628/4617/4624 4627/4616/4623
f 4668/4657/4664 4629/4618/4625 4628/4617/4624
f 4669/4658/4665 4630/4619/4626 4629/4618/4625
f 4670/4659/4666 4631/4620/4627 4630/4619/4626
f 4671/4660/4667 4632/4621/4628 4631/4620/4627
f 4672/4661/4668 4633/4622/4629 4632/4621/4628
f 4673/4662/4669 4634/4623/4630 4633/4622/4629
f 4674/4663/4670 4635/4624/4631 4634/4623/4630
f 4676/4664/4672 4635/4624/4631 4675/4665/4671
f 4676/4664/4672 4637/4625/4633 4636/4626/4632
f 4677/4666/4673 4638/4627/4634 4637/4625/4633
f 4678/4667/4674 4639/4628/4635 4638/4627/4634
f 4679/4668/4675 4640/4669/4636 4639/4628/4635
f 4681/4670/4677 4642/4631/4638 4641/4630/4637
f 4682/4671/4678 4643/4632/4639 4642/4631/4638
f 4683/4672/4679 4644/4633/4640 4643/4632/4639
f 4684/4673/4680 4645/4635/4641 4644/4633/4640
f 4686/4674/4682 4645/4635/4641 4685/4675/4681
f 4687/4676/4683 4646/4634/4642 4686/4674/4682
f 4688/4677/4684 4647/4637/4643 4687/4676/4683
f 4689/4678/4685 4648/4636/4644 4688/4677/4684
f 4690/4679/4686 4649/4638/4645 4689/4678/4685
f 4691/4680/4687 4650/4639/4646 4690/4679/4686
f 4692/4681/4688 4651/4640/4647 4691/4680/4687
f 4693/4682/4689 4652/4641/4648 4692/4681/4688
f 4694/4683/4690 4653/4642/4649 4693/4682/4689
f 4695/4684/4691 4654/4643/4650 4694/4683/4690
f 4696/4685/4692 4655/4644/4651 4695/4684/4691
f 4697/4686/4693 4656/4645/4652 4696/4685/4692
f 4698/4687/4694 4657/4646/4653 4697/4686/4693
f 4699/4688/4695 4658/4647/4654 4698/4687/4694
f 4700/4689/4696 4659/4648/4655 4699/4688/4695
f 4700/4689/4696 4661/4650/4657 4660/4649/4656
f 4701/4690/4697 4662/4651/4658 4661/4650/4657
f 4702/4691/4698 4663/4652/4659 4662/4651/4658
f 4703/4692/4699 4664/4654/4660 4663/4652/4659
f 4705/4693/4701 4664/4654/4660 4704/4694/4700
f 4706/4695/4702 4665/4653/4661 4705/4693/4701
f 4707/4696/4703 4666/4655/4662 4706/4695/4702
f 4707/4696/4703 4668/4657/4664 4667/4656/4663
f 4708/4697/4704 4669/4658/4665 4668/4657/4664
f 4709/4698/4705 4670/4659/4666 4669/4658/4665
f 4710/4699/4706 4671/4660/4667 4670/4659/4666
f 4711/4700/4707 4672/4661/4668 4671/4660/4667
f 4712/4701/4708 4673/4662/4669 4672/4661/4668
f 4713/4702/4709 4674/4663/4670 4673/4662/4669
f 4714/4703/4710 4675/4665/4671 4674/4663/4670
f 4716/4704/4712 4675/4665/4671 4715/4705/4711
f 4716/4704/4712 4677/4666/4673 4676/4664/4672
f 4717/4706/4713 4678/4667/4674 4677/4666/4673
f 4718/4707/4714 4679/4668/4675 4678/4667/4674
f 4719/4708/4715 4680/4709/4676 4679/4668/4675
f 4721/4710/4717 4682/4671/4678 4681/4670/4677
f 4722/4711/4718 4683/4672/4679 4682/4671/4678
f 4723/4712/4719 4684/4673/4680 4683/4672/4679
f 4725/4713/4721 4684/4673/4680 4724/4714/4720
f 4726/4715/4722 4685/4675/4681 4725/4713/4721
f 4727/4716/4723 4686/4674/4682 4726/4715/4722
f 4728/4717/4724 4687/4676/4683 4727/4716/4723
f 4729/4718/4725 4688/4677/4684 4728/4717/4724
f 4730/4719/4726 4689/4678/4685 4729/4718/4725
f 4731/4720/4727 4690/4679/4686 4730/4719/4726
f 4732/4721/4728 4691/4680/4687 4731/4720/4727
f 4733/4722/4729 4692/4681/4688 4732/4721/4728
f 4733/4722/4729 4694/4683/4690 4693/4682/4689
f 4735/4723/4731 4694/4683/4690 4734/4724/4730
f 4736/4725/4732 4695/4684/4691 4735/4723/4731
f 4737/4726/4733 4696/4685/4692 4736/4725/4732
f 4738/4727/4734 4697/4686/4693 4737/4726/4733
f 4739/4728/4735 4698/4687/4694 4738/4727/4734
f 4740/4729/4736 4699/4688/4695 4739/4728/4735
f 4740/4729/4736 4701/4690/4697 4700/4689/4696
f 4741/4730/4737 4702/4691/4698 4701/4690/4697
f 4742/4731/4738 4703/4692/4699 4702/4691/4698
f 4743/4732/4739 4704/4694/4700 4703/4692/4699
f 4745/4733/4741 4704/4694/4700 4744/4734/4740
f 4746/4735/4742 4705/4693/4701 4745/4733/4741
f 4747/4736/4743 4706/4695/4702 4746/4735/4742
f 4747/4736/4743 4708/4697/4704 4707/4696/4703
f 4748/4737/4744 4709/4698/4705 4708/4697/4704
f 4749/4738/4745 4710/4699/4706 4709/4698/4705
f 4750/4739/4746 4711/4700/4707 4710/4699/4706
f 4751/4740/4747 4712/4701/4708 4711/4700/4707
f 4752/4741/4748 4713/4702/4709 4712/4701/4708
f 4753/4742/4749 4714/4703/4710 4713/4702/4709
f 4754/4743/4750 4715/4705/4711 4714/4703/4710
f 4755/4744/4751 4716/4704/4712 4715/4705/4711
f 4756/4745/4752 4717/4706/4713 4716/4704/4712
f 4757/4746/4753 4718/4707/4714 4717/4706/4713
f 4758/4747/4754 4719/4708/4715 4718/4707/4714
f 4759/4748/4755 4720/4749/4716 4719/4708/4715
f 4761/4750/4757 4722/4711/4718 4721/4710/4717
f 4762/4751/4758 4723/4712/4719 4722/4711/4718
f 4763/4752/4759 4724/4714/4720 4723/4712/4719
f 4765/4753/4761 4724/4714/4720 4764/4754/4760
f 4766/4755/4762 4725/4713/4721 4765/4753/4761
f 4767/4756/4763 4726/4715/4722 4766/4755/4762
f 4768/4757/4764 4727/4716/4723 4767/4756/4763
f 4769/4758/4765 4728/4717/4724 4768/4757/4764
f 4770/4759/4766 4729/4718/4725 4769/4758/4765
f 4771/4760/4767 4730/4719/4726 4770/4759/4766
f 4772/4761/4768 4731/4720/4727 4771/4760/4767
f 4772/4761/4768 4733/4722/4729 4732/4721/4728
f 4773/4762/4769 4734/4724/4730 4733/4722/4729
f 4775/4763/4771 4734/4724/4730 4774/4764/4770
f 4776/4765/4772 4735/4723/4731 4775/4763/4771
f 4777/4766/4773 4736/4725/4732 4776/4765/4772
f 4778/4767/4774 4737/4726/4733 4777/4766/4773
f 4779/4768/4775 4738/4727/4734 4778/4767/4774
f 4780/4769/4776 4739/4728/4735 4779/4768/4775
f 4780/4769/4776 4741/4730/4737 4740/4729/4736
f 4781/4770/4777 4742/4731/4738 4741/4730/4737
f 4782/4771/4778 4743/4732/4739 4742/4731/4738
f 4784/4772/4780 4743/4732/4739 4783/4773/4779
f 4785/4774/4781 4744/4734/4740 4784/4772/4780
f 4786/4775/4782 4745/4733/4741 4785/4774/4781
f 4787/4776/4783 4746/4735/4742 4786/4775/4782
f 4788/4777/4784 4747/4736/4743 4787/4776/4783
f 4788/4777/4784 4749/4738/4745 4748/4737/4744
f 4789/4778/4785 4750/4739/4746 4749/4738/4745
f 4790/4779/4786 4751/4740/4747 4750/4739/4746
f 4791/4780/4787 4752/4741/4748 4751/4740/4747
f 4792/4781/4788 4753/4742/4749 4752/4741/4748
f 4793/4782/4789 4754/4743/4750 4753/4742/4749
f 4794/4783/4790 4755/4744/4751 4754/4743/4750
f 4795/4784/4791 4756/4745/4752 4755/4744/4751
f 4796/4785/4792 4757/4746/4753 4756/4745/4752
f 4797/4786/4793 4758/4747/4754 4757/4746/4753
f 4798/4787/4794 4759/4748/4755 4758/4747/4754
f 4799/4788/4795 4760/4789/4756 4759/4748/4755
f 4802/4790/4798 4761/4750/4757 4801/4791/4797
f 4803/4792/4799 4762/4751/4758 4802/4790/4798
f 4804/4793/4800 4763/4752/4759 4803/4792/4799
f 4804/4793/4800 4765/4753/4761 4764/4754/4760
f 4805/4794/4801 4766/4755/4762 4765/4753/4761
f 4806/4795/4802 4767/4756/4763 4766/4755/4762
f 4808/4796/4804 4767/4756/4763 4807/4797/4803
f 4809/4798/4805 4768/4757/4764 4808/4796/4804
f 4810/4799/4806 4769/4758/4765 4809/4798/4805
f 4811/4800/4807 4770/4759/4766 4810/4799/4806
f 4812/4801/4808 4771/4760/4767 4811/4800/4807
f 4812/4801/4808 4773/4762/4769 4772/4761/4768
f 4813/4802/4809 4774/4764/4770 4773/4762/4769
f 4814/4803/4810 4775/4763/4771 4774/4764/4770
f 4816/4804/4812 4775/4763/4771 4815/4805/4811
f 4817/4806/4813 4776/4765/4772 4816/4804/4812
f 4818/4807/4814 4777/4766/4773 4817/4806/4813
f 4819/4808/4815 4778/4767/4774 4818/4807/4814
f 4820/4809/4816 4779/4768/4775 4819/4808/4815
f 4820/4809/4816 4781/4770/4777 4780/4769/4776
f 4821/4810/4817 4782/4771/4778 4781/4770/4777
f 4822/4811/4818 4783/4773/4779 4782/4771/4778
f 4824/4812/4820 4783/4773/4779 4823/4813/4819
f 4825/4814/4821 4784/4772/4780 4824/4812/4820
f 4826/4815/4822 4785/4774/4781 4825/4814/4821
f 4827/4816/4823 4786/4775/4782 4826/4815/4822
f 4828/4817/4824 4787/4776/4783 4827/4816/4823
f 4828/4817/4824 4789/4778/4785 4788/4777/4784
f 4829/4818/4825 4790/4779/4786 4789/4778/4785
f 4830/4819/4826 4791/4780/4787 4790/4779/4786
f 4831/4820/4827 4792/4781/4788 4791/4780/4787
f 4832/4821/4828 4793/4782/4789 4792/4781/4788
f 4833/4822/4829 4794/4783/4790 4793/4782/4789
f 4834/4823/4830 4795/4784/4791 4794/4783/4790
f 4835/4824/4831 4796/4785/4792 4795/4784/4791
f 4836/4825/4832 4797/4786/4793 4796/4785/4792
f 4837/4826/4833 4798/4787/4794 4797/4786/4793
f 4838/4827/4834 4799/4788/4795 4798/4787/4794
f 4839/4828/4835 4800/4829/4796 4799/4788/4795
f 4842/4830/4838 4801/4791/4797 4841/4831/4837
f 4843/4832/4839 4802/4790/4798 4842/4830/4838
f 4844/4833/4840 4803/4792/4799 4843/4832/4839
f 4845/4834/4841 4804/4793/4800 4844/4833/4840
f 4846/4835/4842 4805/4794/4801 4845/4834/4841
f 4847/4836/4843 4806/4795/4802 4846/4835/4842
f 4847/4836/4843 4808/4796/4804 4807/4797/4803
f 4849/4837/4845 4808/4796/4804 4848/4838/4844
f 4850/4839/4846 4809/4798/4805 4849/4837/4845
f 4851/4840/4847 4810/4799/4806 4850/4839/4846
f 4852/4841/4848 4811/4800/4807 4851/4840/4847
f 4853/4842/4849 4812/4801/4808 4852/4841/4848
f 4853/4842/4849 4814/4803/4810 4813/4802/4809
f 4854/4843/4850 4815/4805/4811 4814/4803/4810
f 4856/4844/4852 4815/4805/4811 4855/4845/4851
f 4857/4846/4853 4816/4804/4812 4856/4844/4852
f 4858/4847/4854 4817/4806/4813 4857/4846/4853
f 4859/4848/4855 4818/4807/4814 4858/4847/4854
f 4860/4849/4856 4819/4808/4815 4859/4848/4855
f 4860/4849/4856 4821/4810/4817 4820/4809/4816
f 4861/4850/4857 4822/4811/4818 4821/4810/4817
f 4862/4851/4858 4823/4813/4819 4822/4811/4818
f 4864/4852/4860 4823/4813/4819 4863/4853/4859
f 4865/4854/4861 4824/4812/4820 4864/4852/4860
f 4866/4855/4862 4825/4814/4821 4865/4854/4861
f 4867/4856/4863 4826/4815/4822 4866/4855/4862
f 4868/4857/4864 4827/4816/4823 4867/4856/4863
f 4868/4857/4864 4829/4818/4825 4828/4817/4824
f 4869/4858/4865 4830/4819/4826 4829/4818/4825
f 4870/4859/4866 4831/4820/4827 4830/4819/4826
f 4871/4860/4867 4832/4821/4828 4831/4820/4827
f 4872/4861/4868 4833/4822/4829 4832/4821/4828
f 4873/4862/4869 4834/4823/4830 4833/4822/4829
f 4874/4863/4870 4835/4824/4831 4834/4823/4830
f 4876/4864/4872 4835/4824/4831 4875/4865/4871
f 4876/4864/4872 4837/4826/4833 4836/4825/4832
f 4878/4866/4874 4837/4826/4833 4877/4867/4873
f 4878/4866/4874 4839/4828/4835 4838/4827/4834
f 4879/4868/4875 4840/4869/4836 4839/4828/4835
f 4882/4870/4878 4841/4831/4837 4881/4871/4877
f 4883/4872/4879 4842/4830/4838 4882/4870/4878
f 4884/4873/4880 4843/4832/4839 4883/4872/4879
f 4885/4874/4881 4844/4833/4840 4884/4873/4880
f 4886/4875/4882 4845/4834/4841 4885/4874/4881
f 4887/4876/4883 4846/4835/4842 4886/4875/4882
f 4887/4876/4883 4848/4838/4844 4847/4836/4843
f 4889/4877/4885 4848/4838/4844 4888/4878/4884
f 4890/4879/4886 4849/4837/4845 4889/4877/4885
f 4891/4880/4887 4850/4839/4846 4890/4879/4886
f 4892/4881/4888 4851/4840/4847 4891/4880/4887
f 4893/4882/4889 4852/4841/4848 4892/4881/4888
f 4893/4882/4889 4854/4843/4850 4853/4842/4849
f 4894/4883/4890 4855/4845/4851 4854/4843/4850
f 4895/4884/4891 4856/4844/4852 4855/4845/4851
f 4897/4885/4893 4856/4844/4852 4896/4886/4892
f 4898/4887/4894 4857/4846/4853 4897/4885/4893
f 4899/4888/4895 4858/4847/4854 4898/4887/4894
f 4900/4889/4896 4859/4848/4855 4899/4888/4895
f 4900/4889/4896 4861/4850/4857 4860/4849/4856
f 4901/4890/4897 4862/4851/4858 4861/4850/4857
f 4902/4891/4898 4863/4853/4859 4862/4851/4858
f 4904/4892/4900 4863/4853/4859 4903/4893/4899
f 4905/4894/4901 4864/4852/4860 4904/4892/4900
f 4906/4895/4902 4865/4854/4861 4905/4894/4901
f 4907/4896/4903 4866/4855/4862 4906/4895/4902
f 4908/4897/4904 4867/4856/4863 4907/4896/4903
f 4909/4898/4905 4868/4857/4864 4908/4897/4904
f 4909/4898/4905 4870/4859/4866 4869/4858/4865
f 4910/4899/4906 4871/4860/4867 4870/4859/4866
f 4911/4900/4907 4872/4861/4868 4871/4860/4867
f 4912/4901/4908 4873/4862/4869 4872/4861/4868
f 4913/4902/4909 4874/4863/4870 4873/4862/4869
f 4914/4903/4910 4875/4865/4871 4874/4863/4870
f 4916/4904/4912 4875/4865/4871 4915/4905/4911
f 4917/4906/4913 4876/4864/4872 4916/4904/4912
f 4918/4907/4914 4877/4867/4873 4917/4906/4913
f 4919/4908/4915 4878/4866/4874 4918/4907/4914
f 4920/4909/4916 4879/4868/4875 4919/4908/4915
f 4922/4910/4918 4881/4871/4877 4921/4911/4917
f 4923/4912/4919 4882/4870/4878 4922/4910/4918
f 4924/4913/4920 4883/4872/4879 4923/4912/4919
f 4925/4914/4921 4884/4873/4880 4924/4913/4920
f 4926/4915/4922 4885/4874/4881 4925/4914/4921
f 4927/4916/4923 4886/4875/4882 4926/4915/4922
f 4928/4917/4924 4887/4876/4883 4927/4916/4923
f 4928/4917/4924 4889/4877/4885 4888/4878/4884
f 4930/4918/4926 4889/4877/4885 4929/4919/4925
f 4931/4920/4927 4890/4879/4886 4930/4918/4926
f 4932/4921/4928 4891/4880/4887 4931/4920/4927
f 4933/4922/4929 4892/4881/4888 4932/4921/4928
f 4933/4922/4929 4894/4883/4890 4893/4882/4889
f 4934/4923/4930 4895/4884/4891 4894/4883/4890
f 4935/4924/4931 4896/4886/4892 4895/4884/4891
f 4937/4925/4933 4896/4886/4892 4936/4926/4932
f 4938/4927/4934 4897/4885/4893 4937/4925/4933
f 4939/4928/4935 4898/4887/4894 4938/4927/4934
f 4940/4929/4936 4899/4888/4895 4939/4928/4935
f 4940/4929/4936 4901/4890/4897 4900/4889/4896
f 4941/4930/4937 4902/4891/4898 4901/4890/4897
f 4942/4931/4938 4903/4893/4899 4902/4891/4898
f 4944/4932/4940 4903/4893/4899 4943/4933/4939
f 4945/4934/4941 4904/4892/4900 4944/4932/4940
f 4946/4935/4942 4905/4894/4901 4945/4934/4941
f 4947/4936/4943 4906/4895/4902 4946/4935/4942
f 4948/4937/4944 4907/4896/4903 4947/4936/4943
f 4949/4938/4945 4908/4897/4904 4948/4937/4944
f 4949/4938/4945 4910/4899/4906 4909/4898/4905
f 4950/4939/4946 4911/4900/4907 4910/4899/4906
f 4951/4940/4947 4912/4901/4908 4911/4900/4907
f 4952/4941/4948 4913/4902/4909 4912/4901/4908
f 4953/4942/4949 4914/4903/4910 4913/4902/4909
f 4955/4943/4951 4914/4903/4910 4954/4944/4950
f 4956/4945/4952 4915/4905/4911 4955/4943/4951
f 4957/4946/4953 4916/4904/4912 4956/4945/4952
f 4958/4947/4954 4917/4906/4913 4957/4946/4953
f 4959/4948/4955 4918/4907/4914 4958/4947/4954
f 4960/4949/4956 4919/4908/4915 4959/4948/4955
f 4961/4950/4957 4922/4910/4918 4921/4911/4917
f 4962/4951/4958 4923/4912/4919 4922/4910/4918
f 4963/4952/4959 4924/4913/4920 4923/4912/4919
f 4964/4953/4960 4925/4914/4921 4924/4913/4920
f 4965/4954/4961 4926/4915/4922 4925/4914/4921
f 4966/4955/4962 4927/4916/4923 4926/4915/4922
f 4968/4956/4964 4927/4916/4923 4967/4957/4963
f 4969/4958/4965 4928/4917/4924 4968/4956/4964
f 4969/4958/4965 4930/4918/4926 4929/4919/4925
f 4971/4959/4967 4930/4918/4926 4970/4960/4966
f 4972/4961/4968 4931/4920/4927 4971/4959/4967
f 4973/4962/4969 4932/4921/4928 4972/4961/4968
f 4973/4962/4969 4934/4923/4930 4933/4922/4929
f 4974/4963/4970 4935/4924/4931 4934/4923/4930
f 4975/4964/4971 4936/4926/4932 4935/4924/4931
f 4976/4965/4972 4937/4925/4933 4936/4926/4932
f 4978/4966/4974 4937/4925/4933 4977/4967/4973
f 4979/4968/4975 4938/4927/4934 4978/4966/4974
f 4980/4969/4976 4939/4928/4935 4979/4968/4975
f 4980/4969/4976 4941/4930/4937 4940/4929/4936
f 4981/4970/4977 4942/4931/4938 4941/4930/4937
f 4982/4971/4978 4943/4933/4939 4942/4931/4938
f 4984/4972/4980 4943/4933/4939 4983/4973/4979
f 4985/4974/4981 4944/4932/4940 4984/4972/4980
f 4986/4975/4982 4945/4934/4941 4985/4974/4981
f 4987/4976/4983 4946/4935/4942 4986/4975/4982
f 4988/4977/4984 4947/4936/4943 4987/4976/4983
f 4989/4978/4985 4948/4937/4944 4988/4977/4984
f 4989/4978/4985 4950/4939/4946 4949/4938/4945
f 4990/4979/4986 4951/4940/4947 4950/4939/4946
f 4992/4980/4988 4951/4940/4947 4991/4981/4987
f 4993/4982/4989 4952/4941/4948 4992/4980/4988
f 4994/4983/4990 4953/4942/4949 4993/4982/4989
f 4995/4984/4991 4954/4944/4950 4994/4983/4990
f 4996/4985/4992 4955/4943/4951 4995/4984/4991
f 4997/4986/4993 4956/4945/4952 4996/4985/4992
f 4998/4987/4994 4957/4946/4953 4997/4986/4993
f 4999/4988/4995 4958/4947/4954 4998/4987/4994
f 5000/4989/4996 4959/4948/4955 4999/4988/4995
f 5001/4990/4997 4962/4951/4958 4961/4950/4957
f 5002/4991/4998 4963/4952/4959 4962/4951/4958
f 5003/4992/4999 4964/4953/4960 4963/4952/4959
f 5004/4993/5000 4965/4954/4961 4964/4953/4960
f 5005/4994/5001 4966/4955/4962 4965/4954/4961
f 5006/4995/5002 4967/4957/4963 4966/4955/4962
f 5007/4996/5003 4968/4956/4964 4967/4957/4963
f 5009/4997/5005 4968/4956/4964 5008/4998/5004
f 5010/4999/5006 4969/4958/4965 5009/4997/5005
f 5011/5000/5007 4970/4960/4966 5010/4999/5006
f 5011/5000/5007 4972/4961/4968 4971/4959/4967
f 5013/5001/5009 4972/4961/4968 5012/5002/5008
f 5013/5001/5009 4974/4963/4970 4973/4962/4969
f 5015/5003/5011 4974/4963/4970 5014/5004/5010
f 5016/5005/5012 4975/4964/4971 5015/5003/5011
f 5016/5005/5012 4977/4967/4973 4976/4965/4972
f 5017/5006/5013 4978/4966/4974 4977/4967/4973
f 5019/5007/5015 4978/4966/4974 5018/5008/5014
f 5020/5009/5016 4979/4968/4975 5019/5007/5015
f 5020/5009/5016 4981/4970/4977 4980/4969/4976
f 5021/5010/5017 4982/4971/4978 4981/4970/4977
f 5023/5011/5019 4982/4971/4978 5022/5012/5018
f 5024/5013/5020 4983/4973/4979 5023/5011/5019
f 5025/5014/5021 4984/4972/4980 5024/5013/5020
f 5026/5015/5022 4985/4974/4981 5025/5014/5021
f 5027/5016/5023 4986/4975/4982 5026/5015/5022
f 5028/5017/5024 4987/4976/4983 5027/5016/5023
f 5029/5018/5025 4988/4977/4984 5028/5017/5024
f 5030/5019/5026 4989/4978/4985 5029/5018/5025
f 5031/5020/5027 4990/4979/4986 5030/5019/5026
f 5032/5021/5028 4991/4981/4987 5031/5020/5027
f 5033/5022/5029 4992/4980/4988 5032/5021/5028
f 5034/5023/5030 4993/4982/4989 5033/5022/5029
f 5034/5023/5030 4995/4984/4991 4994/4983/4990
f 5035/5024/5031 4996/4985/4992 4995/4984/4991
f 5037/5025/5033 4996/4985/4992 5036/5026/5032
f 5038/5027/5034 4997/4986/4993 5037/5025/5033
f 5039/5028/5035 4998/4987/4994 5038/5027/5034
f 5039/5028/5035 5000/4989/4996 4999/4988/4995
f 5041/5029/5037 5002/4991/4998 5001/4990/4997
f 5042/5030/5038 5003/4992/4999 5002/4991/4998
f 5043/5031/5039 5004/4993/5000 5003/4992/4999
f 5044/5032/5040 5005/4994/5001 5004/4993/5000
f 5045/5033/5041 5006/4995/5002 5005/4994/5001
f 5046/5034/5042 5007/4996/5003 5006/4995/5002
f 5047/5035/5043 5008/4998/5004 5007/4996/5003
f 5049/5036/5045 5008/4998/5004 5048/5037/5044
f 5050/5038/5046 5009/4997/5005 5049/5036/5045
f 5051/5039/5047 5010/4999/5006 5050/5038/5046
f 5052/5040/5048 5011/5000/5007 5051/5039/5047
f 5053/5041/5049 5012/5002/5008 5052/5040/5048
f 5053/5041/5049 5014/5004/5010 5013/5001/5009
f 5055/5042/5051 5014/5004/5010 5054/5043/5050
f 5055/5042/5051 5016/5005/5012 5015/5003/5011
f 5057/5044/5053 5016/5005/5012 5056/5045/5052
f 5058/5046/5054 5017/5006/5013 5057/5044/5053
f 5059/5047/5055 5018/5008/5014 5058/5046/5054
f 5059/5047/5055 5020/5009/5016 5019/5007/5015
f 5061/5048/5057 5020/5009/5016 5060/5049/5056
f 5061/5048/5057 5022/5012/5018 5021/5010/5017
f 5062/5050/5058 5023/5011/5019 5022/5012/5018
f 5064/5051/5060 5023/5011/5019 5063/5052/5059
f 5065/5053/5061 5024/5013/5020 5064/5051/5060
f 5066/5054/5062 5025/5014/5021 5065/5053/5061
f 5067/5055/5063 5026/5015/5022 5066/5054/5062
f 5068/5056/5064 5027/5016/5023 5067/5055/5063
f 5069/5057/5065 5028/5017/5024 5068/5056/5064
f 5070/5058/5066 5029/5018/5025 5069/5057/5065
f 5071/5059/5067 5030/5019/5026 5070/5058/5066
f 5072/5060/5068 5031/5020/5027 5071/5059/5067
f 5073/5061/5069 5032/5021/5028 5072/5060/5068
f 5073/5061/5069 5034/5023/5030 5033/5022/5029
f 5074/5062/5070 5035/5024/5031 5034/5023/5030
f 5075/5063/5071 5036/5026/5032 5035/5024/5031
f 5077/5064/5073 5036/5026/5032 5076/5065/5072
f 5078/5066/5074 5037/5025/5033 5077/5064/5073
f 5079/5067/5075 5038/5027/5034 5078/5066/5074
f 5079/5067/5075 5040/5068/5036 5039/5028/5035
f 5081/5069/5077 5042/5030/5038 5041/5029/5037
f 5082/5070/5078 5043/5031/5039 5042/5030/5038
f 5084/5071/5080 5043/5031/5039 5083/5072/5079
f 5084/5071/5080 5045/5033/5041 5044/5032/5040
f 5085/5073/5081 5046/5034/5042 5045/5033/5041
f 5086/5074/5082 5047/5035/5043 5046/5034/5042
f 5087/5075/5083 5048/5037/5044 5047/5035/5043
f 5089/5076/5085 5048/5037/5044 5088/5077/5084
f 5090/5078/5086 5049/5036/5045 5089/5076/5085
f 5091/5079/5087 5050/5038/5046 5090/5078/5086
f 5092/5080/5088 5051/5039/5047 5091/5079/5087
f 5093/5081/5088 5052/5040/5048 5092/5080/5088
f 5094/5082/5089 5053/5041/5049 5093/5081/5088
f 5095/5083/5090 5054/5043/5050 5094/5082/5089
f 5096/5084/5091 5055/5042/5051 5095/5083/5090
f 5097/5085/5092 5056/5045/5052 5096/5084/5091
f 5098/5086/5093 5057/5044/5053 5097/5085/5092
f 5099/5087/5094 5058/5046/5054 5098/5086/5093
f 5099/5087/5094 5060/5049/5056 5059/5047/5055
f 5101/5088/5096 5060/5049/5056 5100/5089/5095
f 5101/5088/5096 5062/5050/5058 5061/5048/5057
f 5102/5090/5097 5063/5052/5059 5062/5050/5058
f 5104/5091/5098 5063/5052/5059 5103/5092/91
f 5105/5093/5099 5064/5051/5060 5104/5091/5098
f 5106/5094/5100 5065/5053/5061 5105/5093/5099
f 5107/5095/5101 5066/5054/5062 5106/5094/5100
f 5108/5096/5102 5067/5055/5063 5107/5095/5101
f 5109/5097/5103 5068/5056/5064 5108/5096/5102
f 5110/5098/5104 5069/5057/5065 5109/5097/5103
f 5111/5099/5105 5070/5058/5066 5110/5098/5104
f 5112/5100/5106 5071/5059/5067 5111/5099/5105
f 5113/5101/5107 5072/5060/5068 5112/5100/5106
f 5113/5101/5107 5074/5062/5070 5073/5061/5069
f 5114/5102/5108 5075/5063/5071 5074/5062/5070
f 5115/5103/5109 5076/5065/5072 5075/5063/5071
f 5117/5104/5111 5076/5065/5072 5116/5105/5110
f 5118/5106/5112 5077/5064/5073 5117/5104/5111
f 5118/5106/5112 5079/5067/5075 5078/5066/5074
f 5120/5107/5114 5079/5067/5075 5119/5108/5113
f 41/1/40 42/4/41 2/2/2
f 42/4/41 43/6/42 3/5/3
f 43/6/42 44/8/43 4/7/4
f 44/8/43 45/10/44 5/9/5
f 45/10/44 46/12/45 6/11/6
f 46/12/45 47/14/46 7/13/7
f 47/14/46 48/16/47 8/15/8
f 48/16/47 49/19/48 9/17/9
f 50/18/49 10/21/10 9/17/9
f 51/20/50 11/23/11 10/21/10
f 52/22/51 12/25/12 11/23/11
f 52/22/51 53/26/52 13/24/13
f 53/26/52 54/29/53 14/27/14
f 55/28/54 15/31/15 14/27/14
f 56/30/55 16/33/16 15/31/15
f 56/30/55 57/34/56 17/32/17
f 57/34/56 58/36/57 18/35/18
f 58/36/57 59/39/58 19/37/19
f 60/38/59 20/41/20 19/37/19
f 60/38/59 61/43/60 21/40/21
f 62/42/59 22/45/22 21/40/21
f 62/42/59 63/47/61 23/44/23
f 64/46/62 24/49/24 23/44/23
f 65/48/63 25/51/25 24/49/24
f 66/50/64 26/53/26 25/51/25
f 66/50/64 67/55/65 27/52/27
f 68/54/66 28/57/13 27/52/27
f 68/54/66 69/59/67 29/56/28
f 70/58/68 30/61/29 29/56/28
f 70/58/68 71/62/69 31/60/30
f 71/62/69 72/64/70 32/63/31
f 72/64/70 73/67/71 33/65/32
f 74/66/72 34/69/33 33/65/32
f 75/68/73 35/71/34 34/69/33
f 76/70/74 36/73/35 35/71/34
f 76/70/74 77/74/75 37/72/36
f 77/74/75 78/76/76 38/75/37
f 78/76/76 79/78/77 39/77/38
f 79/78/77 80/119/78 40/79/39
f 82/80/80 42/4/41 41/1/40
f 83/82/81 43/6/42 42/4/41
f 83/82/81 84/83/82 44/8/43
f 84/83/82 85/84/83 45/10/44
f 85/84/83 86/85/84 46/12/45
f 86/85/84 87/86/85 47/14/46
f 87/86/85 88/88/86 48/16/47
f 89/87/87 49/19/48 48/16/47
f 90/89/88 50/18/49 49/19/48
f 91/90/89 51/20/50 50/18/49
f 91/90/89 92/92/90 52/22/51
f 93/91/91 53/26/52 52/22/51
f 93/91/91 94/93/92 54/29/53
f 94/93/92 95/95/93 55/28/54
f 96/94/94 56/30/55 55/28/54
f 96/94/94 97/97/95 57/34/56
f 98/96/96 58/36/57 57/34/56
f 98/96/96 99/99/97 59/39/58
f 100/98/98 60/38/59 59/39/58
f 101/100/99 61/43/60 60/38/59
f 102/101/100 62/42/59 61/43/60
f 103/102/101 63/47/61 62/42/59
f 103/102/101 104/104/102 64/46/62
f 105/103/103 65/48/63 64/46/62
f 106/105/104 66/50/64 65/48/63
f 106/105/104 107/106/105 67/55/65
f 107/106/105 108/108/106 68/54/66
f 109/107/107 69/59/67 68/54/66
f 109/107/107 110/109/108 70/58/68
f 110/109/108 111/110/109 71/62/69
f 111/110/109 112/111/110 72/64/70
f 112/111/110 113/112/111 73/67/71
f 113/112/111 114/113/112 74/66/72
f 114/113/112 115/114/113 75/68/73
f 115/114/113 116/115/114 76/70/74
f 116/115/114 117/116/115 77/74/75
f 117/116/115 118/117/116 78/76/76
f 118/117/116 119/118/117 79/78/77
f 119/118/117 120/159/118 80/119/78
f 122/120/120 82/80/80 81/81/79
f 123/122/121 83/82/81 82/80/80
f 124/123/122 84/83/82 83/82/81
f 124/123/122 125/124/123 85/84/83
f 125/124/123 126/125/124 86/85/84
f 126/125/124 127/126/125 87/86/85
f 127/126/125 128/128/126 88/88/86
f 129/127/127 89/87/87 88/88/86
f 130/129/128 90/89/88 89/87/87
f 130/129/128 131/130/129 91/90/89
f 131/130/129 132/131/130 92/92/90
f 132/131/130 133/132/131 93/91/91
f 133/132/131 134/134/132 94/93/92
f 135/133/133 95/95/93 94/93/92
f 135/133/133 136/135/134 96/94/94
f 136/135/134 137/137/135 97/97/95
f 138/136/136 98/96/96 97/97/95
f 138/136/136 139/139/106 99/99/97
f 140/138/137 100/98/98 99/99/97
f 140/138/137 141/141/138 101/100/99
f 142/140/139 102/101/100 101/100/99
f 142/140/139 143/142/140 103/102/101
f 143/142/140 144/144/141 104/104/102
f 145/143/142 105/103/103 104/104/102
f 146/145/143 106/105/104 105/103/103
f 147/146/144 107/106/105 106/105/104
f 147/146/144 148/148/145 108/108/106
f 149/147/146 109/107/107 108/108/106
f 150/149/147 110/109/108 109/107/107
f 150/149/147 151/150/148 111/110/109
f 151/150/148 152/151/149 112/111/110
f 152/151/149 153/152/150 113/112/111
f 153/152/150 154/153/151 114/113/112
f 154/153/151 155/154/152 115/114/113
f 155/154/152 156/155/153 116/115/114
f 156/155/153 157/156/154 117/116/115
f 157/156/154 158/157/155 118/117/116
f 158/157/155 159/158/156 119/118/117
f 159/158/156 160/199/157 120/159/118
f 162/160/159 122/120/120 121/121/119
f 163/162/160 123/122/121 122/120/120
f 164/163/161 124/123/122 123/122/121
f 164/163/161 165/164/162 125/124/123
f 165/164/162 166/165/163 126/125/124
f 166/165/163 167/167/164 127/126/125
f 168/166/165 128/128/126 127/126/125
f 169/168/166 129/127/127 128/128/126
f 170/169/167 130/129/128 129/127/127
f 170/169/167 171/171/168 131/130/129
f 172/170/169 132/131/130 131/130/129
f 173/172/170 133/132/131 132/131/130
f 174/173/171 134/134/132 133/132/131
f 175/174/172 135/133/133 134/134/132
f 175/174/172 176/175/173 136/135/134
f 176/175/173 177/177/174 137/137/135
f 178/176/175 138/136/136 137/137/135
f 178/176/175 179/179/176 139/139/106
f 180/178/177 140/138/137 139/139/106
f 180/178/177 181/181/178 141/141/138
f 182/180/179 142/140/139 141/141/138
f 182/180/179 183/183/180 143/142/140
f 184/182/181 144/144/141 143/142/140
f 184/182/181 185/185/182 145/143/142
f 186/184/183 146/145/143 145/143/142
f 186/184/183 187/187/184 147/146/144
f 188/186/185 148/148/145 147/146/144
f 188/186/185 189/188/186 149/147/146
f 189/188/186 190/189/187 150/149/147
f 190/189/187 191/190/188 151/150/148
f 191/190/188 192/191/189 152/151/149
f 192/191/189 193/192/190 153/152/150
f 193/192/190 194/193/191 154/153/151
f 194/193/191 195/194/192 155/154/152
f 195/194/192 196/195/193 156/155/153
f 196/195/193 197/196/194 157/156/154
f 197/196/194 198/197/195 158/157/155
f 198/197/195 199/198/196 159/158/156
f 199/198/196 200/239/197 160/199/157
f 202/200/199 162/160/159 161/161/158
f 203/202/200 163/162/160 162/160/159
f 204/203/201 164/163/161 163/162/160
f 204/203/201 205/204/202 165/164/162
f 205/204/202 206/205/203 166/165/163
f 206/205/203 207/207/204 167/167/164
f 208/206/205 168/166/165 167/167/164
f 209/208/206 169/168/166 168/166/165
f 210/209/207 170/169/167 169/168/166
f 211/210/208 171/171/168 170/169/167
f 211/210/208 212/211/209 172/170/169
f 212/211/209 213/212/210 173/172/170
f 213/212/210 214/214/211 174/173/171
f 215/213/212 175/174/172 174/173/171
f 215/213/212 216/216/213 176/175/173
f 217/215/214 177/177/174 176/175/173
f 217/215/214 218/217/215 178/176/175
f 218/217/215 219/219/216 179/179/176
f 220/218/217 180/178/177 179/179/176
f 220/218/217 221/221/218 181/181/178
f 222/220/219 182/180/179 181/181/178
f 222/220/219 223/223/220 183/183/180
f 224/222/221 184/182/181 183/183/180
f 225/224/222 185/185/182 184/182/181
f 225/224/222 226/226/223 186/184/183
f 227/225/224 187/187/184 186/184/183
f 228/227/225 188/186/185 187/187/184
f 229/228/226 189/188/186 188/186/185
f 229/228/226 230/229/227 190/189/187
f 230/229/227 231/230/228 191/190/188
f 231/230/228 232/231/229 192/191/189
f 232/231/229 233/232/230 193/192/190
f 233/232/230 234/233/231 194/193/191
f 234/233/231 235/234/232 195/194/192
f 235/234/232 236/235/233 196/195/193
f 236/235/233 237/236/234 197/196/194
f 237/236/234 238/237/235 198/197/195
f 238/237/235 239/238/236 199/198/196
f 239/238/236 240/279/237 200/239/197
f 242/240/239 202/200/199 201/201/198
f 243/242/240 203/202/200 202/200/199
f 244/243/241 204/203/201 203/202/200
f 244/243/241 245/244/242 205/204/202
f 245/244/242 246/245/243 206/205/203
f 246/245/243 247/247/244 207/207/204
f 248/246/245 208/206/205 207/207/204
f 249/248/246 209/208/206 208/206/205
f 249/248/246 250/249/247 210/209/207
f 250/249/247 251/250/248 211/210/208
f 251/250/248 252/251/249 212/211/209
f 252/251/249 253/253/250 213/212/210
f 254/252/251 214/214/211 213/212/210
f 254/252/251 255/254/252 215/213/212
f 255/254/252 256/256/253 216/216/213
f 257/255/254 217/215/214 216/216/213
f 258/257/255 218/217/215 217/215/214
f 259/258/256 219/219/216 218/217/215
f 259/258/256 260/260/257 220/218/217
f 261/259/258 221/221/218 220/218/217
f 261/259/258 262/262/259 222/220/219
f 263/261/260 223/223/220 222/220/219
f 263/261/260 264/263/261 224/222/221
f 264/263/261 265/265/262 225/224/222
f 266/264/263 226/226/223 225/224/222
f 266/264/263 267/266/264 227/225/224
f 267/266/264 268/268/265 228/227/225
f 269/267/266 229/228/226 228/227/225
f 269/267/266 270/269/267 230/229/227
f 270/269/267 271/270/268 231/230/228
f 271/270/268 272/271/269 232/231/229
f 272/271/269 273/272/270 233/232/230
f 273/272/270 274/273/271 234/233/231
f 274/273/271 275/274/272 235/234/232
f 275/274/272 276/275/273 236/235/233
f 276/275/273 277/276/274 237/236/234
f 277/276/274 278/277/275 238/237/235
f 278/277/275 279/278/276 239/238/236
f 279/278/276 280/319/277 240/279/237
f 281/280/278 282/281/279 242/240/239
f 282/281/279 283/283/280 243/242/240
f 284/282/281 244/243/241 243/242/240
f 284/282/281 285/284/282 245/244/242
f 285/284/282 286/286/283 246/245/243
f 287/285/284 247/247/244 246/245/243
f 288/287/285 248/246/245 247/247/244
f 289/288/286 249/248/246 248/246/245
f 289/288/286 290/289/287 250/249/247
f 290/289/287 291/290/288 251/250/248
f 291/290/288 292/291/289 252/251/249
f 292/291/289 293/293/290 253/253/250
f 294/292/291 254/252/251 253/253/250
f 294/292/291 295/295/292 255/254/252
f 296/294/293 256/256/253 255/254/252
f 297/296/294 257/255/254 256/256/253
f 298/297/295 258/257/255 257/255/254
f 299/298/296 259/258/256 258/257/255
f 299/298/296 300/300/297 260/260/257
f 301/299/298 261/259/258 260/260/257
f 302/301/299 262/262/259 261/259/258
f 302/301/299 303/302/300 263/261/260
f 303/302/300 304/304/301 264/263/261
f 305/303/302 265/265/262 264/263/261
f 306/305/303 266/264/263 265/265/262
f 306/305/303 307/306/304 267/266/264
f 307/306/304 308/307/305 268/268/265
f 308/307/305 309/308/306 269/267/266
f 309/308/306 310/309/307 270/269/267
f 310/309/307 311/310/308 271/270/268
f 311/310/308 312/311/309 272/271/269
f 312/311/309 313/312/310 273/272/270
f 313/312/310 314/313/311 274/273/271
f 314/313/311 315/314/312 275/274/272
f 315/314/312 316/315/313 276/275/273
f 316/315/313 317/316/314 277/276/274
f 317/316/314 318/317/315 278/277/275
f 318/317/315 319/318/316 279/278/276
f 319/318/316 320/359/317 280/319/277
f 321/320/318 322/321/319 282/281/279
f 322/321/319 323/322/320 283/283/280
f 323/322/320 324/324/321 284/282/281
f 325/323/322 285/284/282 284/282/281
f 326/325/323 286/286/283 285/284/282
f 327/326/324 287/285/284 286/286/283
f 328/327/325 288/287/285 287/285/284
f 329/328/326 289/288/286 288/287/285
f 330/329/327 290/289/287 289/288/286
f 331/330/328 291/290/288 290/289/287
f 332/331/329 292/291/289 291/290/288
f 332/331/329 333/332/330 293/293/290
f 333/332/330 334/334/331 294/292/291
f 335/333/332 295/295/292 294/292/291
f 336/335/333 296/294/293 295/295/292
f 337/336/334 297/296/294 296/294/293
f 337/336/334 338/337/335 298/297/295
f 338/337/335 339/339/336 299/298/296
f 340/338/337 300/300/297 299/298/296
f 340/338/337 341/340/338 301/299/298
f 341/340/338 342/342/339 302/301/299
f 343/341/340 303/302/300 302/301/299
f 344/343/341 304/304/301 303/302/300
f 344/343/341 345/345/342 305/303/302
f 346/344/343 306/305/303 305/303/302
f 346/344/343 347/347/344 307/306/304
f 348/346/345 308/307/305 307/306/304
f 348/346/345 349/349/346 309/308/306
f 350/348/347 310/309/307 309/308/306
f 350/348/347 351/350/348 311/310/308
f 351/350/348 352/351/349 312/311/309
f 352/351/349 353/352/350 313/312/310
f 353/352/350 354/353/351 314/313/311
f 354/353/351 355/354/352 315/314/312
f 355/354/352 356/355/353 316/315/313
f 356/355/353 357/356/354 317/316/314
f 357/356/354 358/357/355 318/317/315
f 358/357/355 359/358/356 319/318/316
f 359/358/356 360/5109/357 320/359/317
f 361/360/358 362/361/359 322/321/319
f 362/361/359 363/363/360 323/322/320
f 364/362/361 324/324/321 323/322/320
f 365/364/362 325/323/322 324/324/321
f 366/365/363 326/325/323 325/323/322
f 367/366/364 327/326/324 326/325/323
f 368/367/365 328/327/325 327/326/324
f 369/368/366 329/328/326 328/327/325
f 370/369/367 330/329/327 329/328/326
f 370/369/367 371/371/368 331/330/328
f 372/370/369 332/331/329 331/330/328
f 372/370/369 373/372/370 333/332/330
f 373/372/370 374/373/371 334/334/331
f 374/373/371 375/375/372 335/333/332
f 376/374/373 336/335/333 335/333/332
f 377/376/374 337/336/334 336/335/333
f 377/376/374 378/377/375 338/337/335
f 378/377/375 379/378/376 339/339/336
f 379/378/376 380/380/377 340/338/337
f 381/379/378 341/340/338 340/338/337
f 382/381/379 342/342/339 341/340/338
f 383/382/380 343/341/340 342/342/339
f 383/382/380 384/384/381 344/343/341
f 385/383/382 345/345/342 344/343/341
f 385/383/382 386/385/383 346/344/343
f 386/385/383 387/386/384 347/347/344
f 387/386/384 388/388/385 348/346/345
f 389/387/386 349/349/346 348/346/345
f 390/389/387 350/348/347 349/349/346
f 390/389/387 391/390/388 351/350/348
f 391/390/388 392/391/389 352/351/349
f 392/391/389 393/392/390 353/352/350
f 393/392/390 394/393/391 354/353/351
f 394/393/391 395/394/392 355/354/352
f 395/394/392 396/395/393 356/355/353
f 396/395/393 397/396/394 357/356/354
f 397/396/394 398/398/395 358/357/355
f 399/397/396 359/358/356 358/357/355
f 400/399/397 360/5109/357 359/358/356
f 401/400/398 402/401/399 362/361/359
f 402/401/399 403/403/400 363/363/360
f 404/402/401 364/362/361 363/363/360
f 405/404/402 365/364/362 364/362/361
f 406/405/403 366/365/363 365/364/362
f 407/406/404 367/366/364 366/365/363
f 408/407/405 368/367/365 367/366/364
f 409/408/406 369/368/366 368/367/365
f 409/408/406 410/410/407 370/369/367
f 411/409/408 371/371/368 370/369/367
f 411/409/408 412/412/409 372/370/369
f 413/411/410 373/372/370 372/370/369
f 413/411/410 414/414/411 374/373/371
f 415/413/412 375/375/372 374/373/371
f 415/413/412 416/416/413 376/374/373
f 417/415/414 377/376/374 376/374/373
f 417/415/414 418/418/415 378/377/375
f 419/417/416 379/378/376 378/377/375
f 419/417/416 420/420/417 380/380/377
f 421/419/418 381/379/378 380/380/377
f 422/421/419 382/381/379 381/379/378
f 422/421/419 423/422/420 383/382/380
f 423/422/420 424/423/421 384/384/381
f 424/423/421 425/424/422 385/383/382
f 425/424/422 426/425/423 386/385/383
f 426/425/423 427/426/424 387/386/384
f 427/426/424 428/427/425 388/388/385
f 428/427/425 429/429/426 389/387/386
f 430/428/427 390/389/387 389/387/386
f 431/430/428 391/390/388 390/389/387
f 432/431/429 392/391/389 391/390/388
f 432/431/429 433/432/430 393/392/390
f 433/432/430 434/433/431 394/393/391
f 434/433/431 435/434/432 395/394/392
f 435/434/432 436/435/433 396/395/393
f 436/435/433 437/437/434 397/396/394
f 438/436/435 398/398/395 397/396/394
f 439/438/436 399/397/396 398/398/395
f 440/439/437 400/399/397 399/397/396
f 441/440/438 442/441/439 402/401/399
f 442/441/439 443/442/440 403/403/400
f 443/442/440 444/444/441 404/402/401
f 445/443/442 405/404/402 404/402/401
f 446/445/443 406/405/403 405/404/402
f 447/446/444 407/406/404 406/405/403
f 448/447/445 408/407/405 407/406/404
f 449/448/446 409/408/406 408/407/405
f 450/449/447 410/410/407 409/408/406
f 451/450/448 411/409/408 410/410/407
f 451/450/448 452/452/449 412/412/409
f 453/451/450 413/411/410 412/412/409
f 454/453/451 414/414/411 413/411/410
f 454/453/451 455/454/452 415/413/412
f 455/454/452 456/455/453 416/416/413
f 456/455/453 457/456/454 417/415/414
f 457/456/454 458/458/455 418/418/415
f 459/457/456 419/417/416 418/418/415
f 459/457/456 460/460/457 420/420/417
f 461/459/458 421/419/418 420/420/417
f 462/461/459 422/421/419 421/419/418
f 462/461/459 463/462/460 423/422/420
f 463/462/460 464/463/461 424/423/421
f 464/463/461 465/464/462 425/424/422
f 465/464/462 466/465/463 426/425/423
f 466/465/463 467/466/464 427/426/424
f 467/466/464 468/467/465 428/427/425
f 468/467/465 469/468/466 429/429/426
f 469/468/466 470/470/467 430/428/427
f 471/469/468 431/430/428 430/428/427
f 472/471/469 432/431/429 431/430/428
f 473/472/470 433/432/430 432/431/429
f 473/472/470 474/473/471 434/433/431
f 474/473/471 475/474/472 435/434/432
f 475/474/472 476/475/473 436/435/433
f 476/475/473 477/477/474 437/437/434
f 478/476/475 438/436/435 437/437/434
f 479/478/476 439/438/436 438/436/435
f 480/479/477 440/439/437 439/438/436
f 482/480/479 442/441/439 441/440/438
f 483/482/480 443/442/440 442/441/439
f 483/482/480 484/484/481 444/444/441
f 485/483/482 445/443/442 444/444/441
f 486/485/483 446/445/443 445/443/442
f 487/486/484 447/446/444 446/445/443
f 488/487/485 448/447/445 447/446/444
f 489/488/486 449/448/446 448/447/445
f 490/489/487 450/449/447 449/448/446
f 490/489/487 491/491/488 451/450/448
f 492/490/489 452/452/449 451/450/448
f 492/490/489 493/492/490 453/451/450
f 493/492/490 494/494/491 454/453/451
f 495/493/492 455/454/452 454/453/451
f 496/495/493 456/455/453 455/454/452
f 496/495/493 497/497/494 457/456/454
f 498/496/495 458/458/455 457/456/454
f 498/496/495 499/499/496 459/457/456
f 500/498/497 460/460/457 459/457/456
f 500/498/497 501/500/498 461/459/458
f 501/500/498 502/501/499 462/461/459
f 502/501/499 503/502/500 463/462/460
f 503/502/500 504/503/501 464/463/461
f 504/503/501 505/504/502 465/464/462
f 505/504/502 506/505/503 466/465/463
f 506/505/503 507/506/504 467/466/464
f 507/506/504 508/507/505 468/467/465
f 508/507/505 509/508/506 469/468/466
f 509/508/506 510/510/507 470/470/467
f 511/509/508 471/469/468 470/470/467
f 512/511/509 472/471/469 471/469/468
f 513/512/510 473/472/470 472/471/469
f 514/513/511 474/473/471 473/472/470
f 514/513/511 515/514/512 475/474/472
f 515/514/512 516/515/513 476/475/473
f 516/515/513 517/517/514 477/477/474
f 518/516/515 478/476/475 477/477/474
f 519/518/516 479/478/476 478/476/475
f 520/519/517 480/479/477 479/478/476
f 522/520/519 482/480/479 481/481/478
f 523/522/520 483/482/480 482/480/479
f 524/523/521 484/484/481 483/482/480
f 524/523/521 525/524/522 485/483/482
f 525/524/522 526/525/523 486/485/483
f 526/525/523 527/526/524 487/486/484
f 527/526/524 528/527/525 488/487/485
f 528/527/525 529/528/526 489/488/486
f 529/528/526 530/530/527 490/489/487
f 531/529/528 491/491/488 490/489/487
f 531/529/528 532/531/529 492/490/489
f 532/531/529 533/533/530 493/492/490
f 534/532/531 494/494/491 493/492/490
f 534/532/531 535/535/532 495/493/492
f 536/534/533 496/495/493 495/493/492
f 537/536/534 497/497/494 496/495/493
f 537/536/534 538/538/535 498/496/495
f 539/537/536 499/499/496 498/496/495
f 539/537/536 540/539/537 500/498/497
f 540/539/537 541/540/538 501/500/498
f 541/540/538 542/541/539 502/501/499
f 542/541/539 543/542/540 503/502/500
f 543/542/540 544/543/541 504/503/501
f 544/543/541 545/544/542 505/504/502
f 545/544/542 546/545/543 506/505/503
f 546/545/543 547/546/544 507/506/504
f 547/546/544 548/547/545 508/507/505
f 548/547/545 549/548/546 509/508/506
f 549/548/546 550/550/547 510/510/507
f 551/549/548 511/509/508 510/510/507
f 552/551/549 512/511/509 511/509/508
f 553/552/550 513/512/510 512/511/509
f 554/553/551 514/513/511 513/512/510
f 554/553/551 555/554/552 515/514/512
f 555/554/552 556/555/553 516/515/513
f 556/555/553 557/557/554 517/517/514
f 558/556/555 518/516/515 517/517/514
f 559/558/556 519/518/516 518/516/515
f 559/558/556 560/598/557 520/519/517
f 562/559/559 522/520/519 521/521/518
f 563/561/560 523/522/520 522/520/519
f 564/562/561 524/523/521 523/522/520
f 564/562/561 565/563/562 525/524/522
f 565/563/562 566/564/563 526/525/523
f 566/564/563 567/565/564 527/526/524
f 567/565/564 568/566/565 528/527/525
f 568/566/565 569/568/566 529/528/526
f 570/567/567 530/530/527 529/528/526
f 570/567/567 571/570/568 531/529/528
f 572/569/343 532/531/529 531/529/528
f 572/569/343 573/571/569 533/533/530
f 573/571/569 574/573/570 534/532/531
f 575/572/571 535/535/532 534/532/531
f 575/572/571 576/574/572 536/534/533
f 576/574/572 577/576/573 537/536/534
f 578/575/574 538/538/535 537/536/534
f 578/575/574 579/577/575 539/537/536
f 579/577/575 580/578/576 540/539/537
f 580/578/576 581/579/577 541/540/538
f 581/579/577 582/580/578 542/541/539
f 582/580/578 583/581/579 543/542/540
f 583/581/579 584/582/580 544/543/541
f 584/582/580 585/583/581 545/544/542
f 585/583/581 586/584/582 546/545/543
f 586/584/582 587/585/583 547/546/544
f 587/585/583 588/586/584 548/547/545
f 588/586/584 589/587/585 549/548/546
f 589/587/585 590/588/586 550/550/547
f 590/588/586 591/590/587 551/549/548
f 592/589/588 552/551/549 551/549/548
f 593/591/589 553/552/550 552/551/549
f 594/592/590 554/553/551 553/552/550
f 595/593/591 555/554/552 554/553/551
f 595/593/591 596/594/592 556/555/553
f 596/594/592 597/595/593 557/557/554
f 597/595/593 598/596/594 558/556/555
f 598/596/594 599/597/595 559/558/556
f 599/597/595 600/638/596 560/598/557
f 602/599/598 562/559/559 561/560/558
f 603/601/599 563/561/560 562/559/559
f 603/601/599 604/602/600 564/562/561
f 604/602/600 605/603/601 565/563/562
f 605/603/601 606/604/602 566/564/563
f 606/604/602 607/605/603 567/565/564
f 607/605/603 608/606/604 568/566/565
f 608/606/604 609/607/605 569/568/566
f 609/607/605 610/608/606 570/567/567
f 610/608/606 611/609/607 571/570/568
f 611/609/607 612/611/608 572/569/343
f 613/610/609 573/571/569 572/569/343
f 614/612/610 574/573/570 573/571/569
f 614/612/610 615/614/611 575/572/571
f 616/613/612 576/574/572 575/572/571
f 616/613/612 617/615/613 577/576/573
f 617/615/613 618/616/614 578/575/574
f 618/616/614 619/617/615 579/577/575
f 619/617/615 620/618/616 580/578/576
f 620/618/616 621/619/617 581/579/577
f 621/619/617 622/620/618 582/580/578
f 622/620/618 623/621/619 583/581/579
f 623/621/619 624/622/620 584/582/580
f 624/622/620 625/623/621 585/583/581
f 625/623/621 626/624/622 586/584/582
f 626/624/622 627/625/623 587/585/583
f 627/625/623 628/626/624 588/586/584
f 628/626/624 629/627/625 589/587/585
f 629/627/625 630/628/626 590/588/586
f 630/628/626 631/630/627 591/590/587
f 632/629/628 592/589/588 591/590/587
f 633/631/629 593/591/589 592/589/588
f 633/631/629 634/632/630 594/592/590
f 634/632/630 635/633/631 595/593/591
f 635/633/631 636/634/632 596/594/592
f 636/634/632 637/635/633 597/595/593
f 637/635/633 638/636/634 598/596/594
f 638/636/634 639/637/635 599/597/595
f 639/637/635 640/678/636 600/638/596
f 642/639/638 602/599/598 601/600/597
f 643/641/639 603/601/599 602/599/598
f 643/641/639 644/642/640 604/602/600
f 644/642/640 645/643/641 605/603/601
f 645/643/641 646/644/642 606/604/602
f 646/644/642 647/645/643 607/605/603
f 647/645/643 648/646/644 608/606/604
f 648/646/644 649/648/645 609/607/605
f 650/647/646 610/608/606 609/607/605
f 651/649/647 611/609/607 610/608/606
f 652/650/648 612/611/608 611/609/607
f 653/651/649 613/610/609 612/611/608
f 653/651/649 654/653/650 614/612/610
f 655/652/651 615/614/611 614/612/610
f 655/652/651 656/655/652 616/613/612
f 657/654/653 617/615/613 616/613/612
f 657/654/653 658/656/654 618/616/614
f 658/656/654 659/657/655 619/617/615
f 659/657/655 660/658/656 620/618/616
f 660/658/656 661/659/657 621/619/617
f 661/659/657 662/660/658 622/620/618
f 662/660/658 663/661/659 623/621/619
f 663/661/659 664/662/660 624/622/620
f 664/662/660 665/663/661 625/623/621
f 665/663/661 666/664/662 626/624/622
f 666/664/662 667/665/663 627/625/623
f 667/665/663 668/666/664 628/626/624
f 668/666/664 669/667/665 629/627/625
f 669/667/665 670/668/666 630/628/626
f 670/668/666 671/670/667 631/630/627
f 672/669/668 632/629/628 631/630/627
f 672/669/668 673/671/669 633/631/629
f 673/671/669 674/672/670 634/632/630
f 674/672/670 675/673/671 635/633/631
f 675/673/671 676/674/672 636/634/632
f 676/674/672 677/675/673 637/635/633
f 677/675/673 678/676/674 638/636/634
f 678/676/674 679/677/675 639/637/635
f 679/677/675 680/718/676 640/678/636
f 682/679/678 642/639/638 641/640/637
f 683/681/679 643/641/639 642/639/638
f 683/681/679 684/682/680 644/642/640
f 684/682/680 685/683/681 645/643/641
f 685/683/681 686/684/682 646/644/642
f 686/684/682 687/685/683 647/645/643
f 687/685/683 688/686/684 648/646/644
f 688/686/684 689/687/685 649/648/645
f 689/687/685 690/688/686 650/647/646
f 690/688/686 691/690/687 651/649/647
f 692/689/688 652/650/648 651/649/647
f 692/689/688 693/691/689 653/651/649
f 693/691/689 694/692/690 654/653/650
f 694/692/690 695/694/691 655/652/651
f 696/693/692 656/655/652 655/652/651
f 696/693/692 697/695/693 657/654/653
f 697/695/693 698/696/694 658/656/654
f 698/696/694 699/697/695 659/657/655
f 699/697/695 700/698/696 660/658/656
f 700/698/696 701/699/697 661/659/657
f 701/699/697 702/700/698 662/660/658
f 702/700/698 703/701/699 663/661/659
f 703/701/699 704/702/700 664/662/660
f 704/702/700 705/704/701 665/663/661
f 706/703/702 666/664/662 665/663/661
f 707/705/703 667/665/663 666/664/662
f 707/705/703 708/706/704 668/666/664
f 708/706/704 709/707/705 669/667/665
f 709/707/705 710/708/706 670/668/666
f 710/708/706 711/710/707 671/670/667
f 712/709/708 672/669/668 671/670/667
f 712/709/708 713/711/709 673/671/669
f 713/711/709 714/712/710 674/672/670
f 714/712/710 715/713/711 675/673/671
f 715/713/711 716/714/712 676/674/672
f 716/714/712 717/715/713 677/675/673
f 717/715/713 718/716/714 678/676/674
f 718/716/714 719/717/715 679/677/675
f 719/717/715 720/758/716 680/718/676
f 722/719/718 682/679/678 681/680/677
f 723/721/719 683/681/679 682/679/678
f 723/721/719 724/722/720 684/682/680
f 724/722/720 725/723/721 685/683/681
f 725/723/721 726/725/722 686/684/682
f 727/724/723 687/685/683 686/684/682
f 728/726/724 688/686/684 687/685/683
f 729/727/725 689/687/685 688/686/684
f 729/727/725 730/729/726 690/688/686
f 731/728/727 691/690/687 690/688/686
f 731/728/727 732/730/728 692/689/688
f 732/730/728 733/732/729 693/691/689
f 734/731/730 694/692/690 693/691/689
f 734/731/730 735/733/731 695/694/691
f 735/733/731 736/735/732 696/693/692
f 737/734/733 697/695/693 696/693/692
f 738/736/734 698/696/694 697/695/693
f 739/737/735 699/697/695 698/696/694
f 739/737/735 740/738/736 700/698/696
f 740/738/736 741/739/737 701/699/697
f 741/739/737 742/740/738 702/700/698
f 742/740/738 743/741/739 703/701/699
f 743/741/739 744/742/740 704/702/700
f 744/742/740 745/744/741 705/704/701
f 746/743/742 706/703/702 705/704/701
f 747/745/743 707/705/703 706/703/702
f 747/745/743 748/746/744 708/706/704
f 748/746/744 749/747/745 709/707/705
f 749/747/745 750/748/746 710/708/706
f 750/748/746 751/749/747 711/710/707
f 751/749/747 752/750/748 712/709/708
f 752/750/748 753/751/749 713/711/709
f 753/751/749 754/752/750 714/712/710
f 754/752/750 755/753/751 715/713/711
f 755/753/751 756/754/752 716/714/712
f 756/754/752 757/755/753 717/715/713
f 757/755/753 758/756/754 718/716/714
f 758/756/754 759/757/755 719/717/715
f 759/757/755 760/798/756 720/758/716
f 762/759/758 722/719/718 721/720/717
f 763/761/759 723/721/719 722/719/718
f 763/761/759 764/762/760 724/722/720
f 764/762/760 765/764/761 725/723/721
f 766/763/762 726/725/722 725/723/721
f 767/765/763 727/724/723 726/725/722
f 768/766/764 728/726/724 727/724/723
f 769/767/765 729/727/725 728/726/724
f 770/768/766 730/729/726 729/727/725
f 771/769/767 731/728/727 730/729/726
f 771/769/767 772/770/768 732/730/728
f 772/770/768 773/771/769 733/732/729
f 773/771/769 774/772/770 734/731/730
f 774/772/770 775/774/771 735/733/731
f 776/773/772 736/735/732 735/733/731
f 776/773/772 777/775/773 737/734/733
f 777/775/773 778/776/774 738/736/734
f 778/776/774 779/777/775 739/737/735
f 779/777/775 780/778/776 740/738/736
f 780/778/776 781/779/777 741/739/737
f 781/779/777 782/781/778 742/740/738
f 783/780/779 743/741/739 742/740/738
f 783/780/779 784/782/780 744/742/740
f 784/782/780 785/784/781 745/744/741
f 786/783/782 746/743/742 745/744/741
f 787/785/783 747/745/743 746/743/742
f 787/785/783 788/786/784 748/746/744
f 788/786/784 789/787/785 749/747/745
f 789/787/785 790/788/786 750/748/746
f 790/788/786 791/789/787 751/749/747
f 791/789/787 792/790/788 752/750/748
f 792/790/788 793/791/789 753/751/749
f 793/791/789 794/792/790 754/752/750
f 794/792/790 795/793/791 755/753/751
f 795/793/791 796/794/792 756/754/752
f 796/794/792 797/795/793 757/755/753
f 797/795/793 798/796/794 758/756/754
f 798/796/794 799/797/795 759/757/755
f 799/797/795 800/838/796 760/798/756
f 802/799/798 762/759/758 761/760/757
f 803/801/799 763/761/759 762/759/758
f 803/801/799 804/802/800 764/762/760
f 804/802/800 805/804/801 765/764/761
f 806/803/802 766/763/762 765/764/761
f 807/805/803 767/765/763 766/763/762
f 807/805/803 808/806/804 768/766/764
f 808/806/804 809/808/805 769/767/765
f 810/807/806 770/768/766 769/767/765
f 811/809/807 771/769/767 770/768/766
f 811/809/807 812/811/808 772/770/768
f 813/810/809 773/771/769 772/770/768
f 813/810/809 814/812/810 774/772/770
f 814/812/810 815/813/811 775/774/771
f 815/813/811 816/814/812 776/773/772
f 816/814/812 817/815/813 777/775/773
f 817/815/813 818/816/814 778/776/774
f 818/816/814 819/817/815 779/777/775
f 819/817/815 820/818/816 780/778/776
f 820/818/816 821/819/817 781/779/777
f 821/819/817 822/821/818 782/781/778
f 823/820/819 783/780/779 782/781/778
f 823/820/819 824/822/820 784/782/780
f 824/822/820 825/824/821 785/784/781
f 826/823/822 786/783/782 785/784/781
f 827/825/823 787/785/783 786/783/782
f 827/825/823 828/826/824 788/786/784
f 828/826/824 829/827/825 789/787/785
f 829/827/825 830/828/826 790/788/786
f 830/828/826 831/829/827 791/789/787
f 831/829/827 832/830/828 792/790/788
f 832/830/828 833/831/829 793/791/789
f 833/831/829 834/833/830 794/792/790
f 835/832/831 795/793/791 794/792/790
f 836/834/832 796/794/792 795/793/791
f 836/834/832 837/835/833 797/795/793
f 837/835/833 838/836/834 798/796/794
f 838/836/834 839/837/835 799/797/795
f 839/837/835 840/878/836 800/838/796
f 841/839/837 842/841/838 802/799/798
f 843/840/839 803/801/799 802/799/798
f 843/840/839 844/842/840 804/802/800
f 844/842/840 845/843/841 805/804/801
f 845/843/841 846/844/842 806/803/802
f 846/844/842 847/846/843 807/805/803
f 848/845/844 808/806/804 807/805/803
f 849/847/845 809/808/805 808/806/804
f 849/847/845 850/848/846 810/807/806
f 850/848/846 851/850/847 811/809/807
f 852/849/848 812/811/808 811/809/807
f 853/851/849 813/810/809 812/811/808
f 853/851/849 854/853/850 814/812/810
f 855/852/851 815/813/811 814/812/810
f 856/854/852 816/814/812 815/813/811
f 856/854/852 857/855/853 817/815/813
f 857/855/853 858/856/854 818/816/814
f 858/856/854 859/857/855 819/817/815
f 859/857/855 860/858/856 820/818/816
f 860/858/856 861/859/857 821/819/817
f 861/859/857 862/860/858 822/821/818
f 862/860/858 863/862/859 823/820/819
f 864/861/860 824/822/820 823/820/819
f 864/861/860 865/863/861 825/824/821
f 865/863/861 866/864/862 826/823/822
f 866/864/862 867/865/863 827/825/823
f 867/865/863 868/866/864 828/826/824
f 868/866/864 869/867/865 829/827/825
f 869/867/865 870/868/866 830/828/826
f 870/868/866 871/869/867 831/829/827
f 871/869/867 872/870/868 832/830/828
f 872/870/868 873/871/869 833/831/829
f 873/871/869 874/873/870 834/833/830
f 875/872/871 835/832/831 834/833/830
f 876/874/872 836/834/832 835/832/831
f 876/874/872 877/875/873 837/835/833
f 877/875/873 878/876/874 838/836/834
f 878/876/874 879/877/875 839/837/835
f 879/877/875 880/5110/876 840/878/836
f 881/879/877 882/880/878 842/841/838
f 882/880/878 883/881/879 843/840/839
f 883/881/879 884/882/880 844/842/840
f 884/882/880 885/883/881 845/843/841
f 885/883/881 886/885/882 846/844/842
f 887/884/883 847/846/843 846/844/842
f 887/884/883 888/887/884 848/845/844
f 889/886/885 849/847/845 848/845/844
f 889/886/885 890/889/886 850/848/846
f 891/888/887 851/850/847 850/848/846
f 892/890/888 852/849/848 851/850/847
f 893/891/889 853/851/849 852/849/848
f 894/892/890 854/853/850 853/851/849
f 894/892/890 895/894/891 855/852/851
f 896/893/892 856/854/852 855/852/851
f 897/895/893 857/855/853 856/854/852
f 898/896/894 858/856/854 857/855/853
f 899/897/895 859/857/855 858/856/854
f 899/897/895 900/898/896 860/858/856
f 900/898/896 901/899/897 861/859/857
f 901/899/897 902/900/898 862/860/858
f 902/900/898 903/901/899 863/862/859
f 903/901/899 904/902/900 864/861/860
f 904/902/900 905/903/901 865/863/861
f 905/903/901 906/904/902 866/864/862
f 906/904/902 907/905/903 867/865/863
f 907/905/903 908/906/904 868/866/864
f 908/906/904 909/907/905 869/867/865
f 909/907/905 910/908/906 870/868/866
f 910/908/906 911/909/907 871/869/867
f 911/909/907 912/910/908 872/870/868
f 912/910/908 913/911/909 873/871/869
f 913/911/909 914/913/910 874/873/870
f 915/912/911 875/872/871 874/873/870
f 916/914/912 876/874/872 875/872/871
f 916/914/912 917/915/913 877/875/873
f 917/915/913 918/916/914 878/876/874
f 918/916/914 919/918/915 879/877/875
f 920/917/916 880/5110/876 879/877/875
f 921/919/917 922/920/918 882/880/878
f 922/920/918 923/921/919 883/881/879
f 923/921/919 924/922/920 884/882/880
f 924/922/920 925/924/921 885/883/881
f 926/923/922 886/885/882 885/883/881
f 926/923/922 927/925/923 887/884/883
f 927/925/923 928/926/924 888/887/884
f 928/926/924 929/928/925 889/886/885
f 930/927/926 890/889/886 889/886/885
f 931/929/927 891/888/887 890/889/886
f 931/929/927 932/930/928 892/890/888
f 932/930/928 933/931/929 893/891/889
f 933/931/929 934/933/930 894/892/890
f 935/932/931 895/894/891 894/892/890
f 935/932/931 936/935/932 896/893/892
f 937/934/933 897/895/893 896/893/892
f 937/934/933 938/937/934 898/896/894
f 939/936/935 899/897/895 898/896/894
f 940/938/936 900/898/896 899/897/895
f 940/938/936 941/939/937 901/899/897
f 941/939/937 942/940/938 902/900/898
f 942/940/938 943/941/939 903/901/899
f 943/941/939 944/942/940 904/902/900
f 944/942/940 945/944/941 905/903/901
f 946/943/942 906/904/902 905/903/901
f 947/945/943 907/905/903 906/904/902
f 948/946/944 908/906/904 907/905/903
f 949/947/945 909/907/905 908/906/904
f 949/947/945 950/948/946 910/908/906
f 950/948/946 951/950/947 911/909/907
f 952/949/948 912/910/908 911/909/907
f 952/949/948 953/951/949 913/911/909
f 953/951/949 954/953/950 914/913/910
f 955/952/951 915/912/911 914/913/910
f 956/954/952 916/914/912 915/912/911
f 956/954/952 957/955/953 917/915/913
f 957/955/953 958/957/954 918/916/914
f 959/956/955 919/918/915 918/916/914
f 960/958/956 920/917/916 919/918/915
f 961/959/957 962/960/958 922/920/918
f 962/960/958 963/961/959 923/921/919
f 963/961/959 964/963/960 924/922/920
f 965/962/961 925/924/921 924/922/920
f 966/964/962 926/923/922 925/924/921
f 967/965/963 927/925/923 926/923/922
f 967/965/963 968/967/964 928/926/924
f 969/966/965 929/928/925 928/926/924
f 969/966/965 970/969/966 930/927/926
f 971/968/967 931/929/927 930/927/926
f 971/968/967 972/970/968 932/930/928
f 972/970/968 973/971/969 933/931/929
f 973/971/969 974/973/970 934/933/930
f 975/972/971 935/932/931 934/933/930
f 975/972/971 976/975/972 936/935/932
f 977/974/973 937/934/933 936/935/932
f 978/976/974 938/937/934 937/934/933
f 979/977/975 939/936/935 938/937/934
f 980/978/976 940/938/936 939/936/935
f 981/979/977 941/939/937 940/938/936
f 981/979/977 982/980/978 942/940/938
f 982/980/978 983/981/979 943/941/939
f 983/981/979 984/982/980 944/942/940
f 984/982/980 985/984/981 945/944/941
f 986/983/982 946/943/942 945/944/941
f 987/985/983 947/945/943 946/943/942
f 988/986/984 948/946/944 947/945/943
f 989/987/985 949/947/945 948/946/944
f 989/987/985 990/988/986 950/948/946
f 990/988/986 991/990/987 951/950/947
f 992/989/988 952/949/948 951/950/947
f 992/989/988 993/992/989 953/951/949
f 994/991/990 954/953/950 953/951/949
f 995/993/991 955/952/951 954/953/950
f 996/994/992 956/954/952 955/952/951
f 996/994/992 997/995/993 957/955/953
f 997/995/993 998/997/994 958/957/954
f 999/996/995 959/956/955 958/957/954
f 1000/998/996 960/958/956 959/956/955
f 1002/999/998 962/960/958 961/959/957
f 1002/999/998 1003/1001/999 963/961/959
f 1003/1001/999 1004/1002/1000 964/963/960
f 1004/1002/1000 1005/1003/1001 965/962/961
f 1005/1003/1001 1006/1004/1002 966/964/962
f 1006/1004/1002 1007/1005/1003 967/965/963
f 1007/1005/1003 1008/1006/1004 968/967/964
f 1008/1006/1004 1009/1008/1005 969/966/965
f 1010/1007/1006 970/969/966 969/966/965
f 1010/1007/1006 1011/1010/1007 971/968/967
f 1012/1009/1008 972/970/968 971/968/967
f 1013/1011/1009 973/971/969 972/970/968
f 1014/1012/1010 974/973/970 973/971/969
f 1014/1012/1010 1015/1014/1011 975/972/971
f 1016/1013/1012 976/975/972 975/972/971
f 1017/1015/1013 977/974/973 976/975/972
f 1018/1016/1014 978/976/974 977/974/973
f 1019/1017/1015 979/977/975 978/976/974
f 1020/1018/1016 980/978/976 979/977/975
f 1021/1019/1017 981/979/977 980/978/976
f 1022/1020/1018 982/980/978 981/979/977
f 1022/1020/1018 1023/1021/1019 983/981/979
f 1023/1021/1019 1024/1022/1020 984/982/980
f 1024/1022/1020 1025/1023/1021 985/984/981
f 1025/1023/1021 1026/1024/1022 986/983/982
f 1026/1024/1022 1027/1026/1023 987/985/983
f 1028/1025/1024 988/986/984 987/985/983
f 1029/1027/1025 989/987/985 988/986/984
f 1030/1028/1026 990/988/986 989/987/985
f 1030/1028/1026 1031/1029/1027 991/990/987
f 1031/1029/1027 1032/1030/1028 992/989/988
f 1032/1030/1028 1033/1032/1029 993/992/989
f 1034/1031/1030 994/991/990 993/992/989
f 1035/1033/1031 995/993/991 994/991/990
f 1036/1034/1032 996/994/992 995/993/991
f 1036/1034/1032 1037/1035/1033 997/995/993
f 1037/1035/1033 1038/1037/1034 998/997/994
f 1039/1036/1035 999/996/995 998/997/994
f 1040/1038/1036 1000/998/996 999/996/995
f 1042/1039/1038 1002/999/998 1001/1000/997
f 1042/1039/1038 1043/1041/1039 1003/1001/999
f 1043/1041/1039 1044/1043/1040 1004/1002/1000
f 1045/1042/1041 1005/1003/1001 1004/1002/1000
f 1046/1044/1042 1006/1004/1002 1005/1003/1001
f 1047/1045/1043 1007/1005/1003 1006/1004/1002
f 1047/1045/1043 1048/1046/1044 1008/1006/1004
f 1048/1046/1044 1049/1047/1045 1009/1008/1005
f 1049/1047/1045 1050/1049/1046 1010/1007/1006
f 1051/1048/1047 1011/1010/1007 1010/1007/1006
f 1052/1050/1048 1012/1009/1008 1011/1010/1007
f 1052/1050/1048 1053/1051/1049 1013/1011/1009
f 1053/1051/1049 1054/1052/1050 1014/1012/1010
f 1054/1052/1050 1055/1054/1051 1015/1014/1011
f 1056/1053/1052 1016/1013/1012 1015/1014/1011
f 1057/1055/1053 1017/1015/1013 1016/1013/1012
f 1058/1056/1054 1018/1016/1014 1017/1015/1013
f 1059/1057/1055 1019/1017/1015 1018/1016/1014
f 1060/1058/1056 1020/1018/1016 1019/1017/1015
f 1061/1059/1057 1021/1019/1017 1020/1018/1016
f 1062/1060/1058 1022/1020/1018 1021/1019/1017
f 1062/1060/1058 1063/1061/1059 1023/1021/1019
f 1063/1061/1059 1064/1062/1060 1024/1022/1020
f 1064/1062/1060 1065/1064/1061 1025/1023/1021
f 1066/1063/1062 1026/1024/1022 1025/1023/1021
f 1067/1065/1063 1027/1026/1023 1026/1024/1022
f 1068/1066/1064 1028/1025/1024 1027/1026/1023
f 1069/1067/1065 1029/1027/1025 1028/1025/1024
f 1070/1068/1066 1030/1028/1026 1029/1027/1025
f 1070/1068/1066 1071/1069/1067 1031/1029/1027
f 1071/1069/1067 1072/1070/1068 1032/1030/1028
f 1072/1070/1068 1073/1072/1069 1033/1032/1029
f 1074/1071/1070 1034/1031/1030 1033/1032/1029
f 1075/1073/1071 1035/1033/1031 1034/1031/1030
f 1076/1074/1072 1036/1034/1032 1035/1033/1031
f 1076/1074/1072 1077/1075/1073 1037/1035/1033
f 1077/1075/1073 1078/1076/1074 1038/1037/1034
f 1078/1076/1074 1079/1078/1075 1039/1036/1035
f 1080/1077/1076 1040/1038/1036 1039/1036/1035
f 1081/1079/1077 1082/1080/1078 1042/1039/1038
f 1082/1080/1078 1083/1081/1079 1043/1041/1039
f 1083/1081/1079 1084/1083/1080 1044/1043/1040
f 1085/1082/1081 1045/1042/1041 1044/1043/1040
f 1086/1084/1082 1046/1044/1042 1045/1042/1041
f 1086/1084/1082 1087/1085/1083 1047/1045/1043
f 1087/1085/1083 1088/1087/1084 1048/1046/1044
f 1089/1086/1085 1049/1047/1045 1048/1046/1044
f 1089/1086/1085 1090/1088/1086 1050/1049/1046
f 1090/1088/1086 1091/1090/1087 1051/1048/1047
f 1092/1089/1088 1052/1050/1048 1051/1048/1047
f 1093/1091/1089 1053/1051/1049 1052/1050/1048
f 1093/1091/1089 1094/1093/1090 1054/1052/1050
f 1095/1092/1091 1055/1054/1051 1054/1052/1050
f 1095/1092/1091 1096/1095/1092 1056/1053/1052
f 1097/1094/1093 1057/1055/1053 1056/1053/1052
f 1098/1096/1094 1058/1056/1054 1057/1055/1053
f 1099/1097/1095 1059/1057/1055 1058/1056/1054
f 1100/1098/1096 1060/1058/1056 1059/1057/1055
f 1101/1099/1097 1061/1059/1057 1060/1058/1056
f 1102/1100/1098 1062/1060/1058 1061/1059/1057
f 1102/1100/1098 1103/1101/1099 1063/1061/1059
f 1103/1101/1099 1104/1102/1100 1064/1062/1060
f 1104/1102/1100 1105/1104/1101 1065/1064/1061
f 1106/1103/1102 1066/1063/1062 1065/1064/1061
f 1107/1105/1103 1067/1065/1063 1066/1063/1062
f 1108/1106/1104 1068/1066/1064 1067/1065/1063
f 1109/1107/1105 1069/1067/1065 1068/1066/1064
f 1110/1108/1106 1070/1068/1066 1069/1067/1065
f 1110/1108/1106 1111/1109/1107 1071/1069/1067
f 1111/1109/1107 1112/1110/1108 1072/1070/1068
f 1112/1110/1108 1113/1112/1109 1073/1072/1069
f 1114/1111/1110 1074/1071/1070 1073/1072/1069
f 1115/1113/1111 1075/1073/1071 1074/1071/1070
f 1116/1114/1112 1076/1074/1072 1075/1073/1071
f 1116/1114/1112 1117/1115/1113 1077/1075/1073
f 1117/1115/1113 1118/1116/1114 1078/1076/1074
f 1118/1116/1114 1119/1117/1115 1079/1078/1075
f 1119/1117/1115 1120/5111/1116 1080/1077/1076
f 1121/1118/1117 1122/1119/1118 1082/1080/1078
f 1122/1119/1118 1123/1120/1119 1083/1081/1079
f 1123/1120/1119 1124/1122/1120 1084/1083/1080
f 1125/1121/1121 1085/1082/1081 1084/1083/1080
f 1126/1123/1122 1086/1084/1082 1085/1082/1081
f 1127/1124/1123 1087/1085/1083 1086/1084/1082
f 1127/1124/1123 1128/1125/1124 1088/1087/1084
f 1128/1125/1124 1129/1127/1125 1089/1086/1085
f 1130/1126/1126 1090/1088/1086 1089/1086/1085
f 1130/1126/1126 1131/1129/1127 1091/1090/1087
f 1132/1128/1128 1092/1089/1088 1091/1090/1087
f 1132/1128/1128 1133/1131/1129 1093/1091/1089
f 1134/1130/1130 1094/1093/1090 1093/1091/1089
f 1135/1132/1131 1095/1092/1091 1094/1093/1090
f 1135/1132/1131 1136/1134/1132 1096/1095/1092
f 1137/1133/1133 1097/1094/1093 1096/1095/1092
f 1138/1135/1134 1098/1096/1094 1097/1094/1093
f 1139/1136/1135 1099/1097/1095 1098/1096/1094
f 1140/1137/1136 1100/1098/1096 1099/1097/1095
f 1141/1138/1137 1101/1099/1097 1100/1098/1096
f 1142/1139/1138 1102/1100/1098 1101/1099/1097
f 1142/1139/1138 1143/1140/1139 1103/1101/1099
f 1143/1140/1139 1144/1141/1140 1104/1102/1100
f 1144/1141/1140 1145/1143/1141 1105/1104/1101
f 1146/1142/1142 1106/1103/1102 1105/1104/1101
f 1147/1144/1143 1107/1105/1103 1106/1103/1102
f 1148/1145/1144 1108/1106/1104 1107/1105/1103
f 1149/1146/1145 1109/1107/1105 1108/1106/1104
f 1150/1147/1146 1110/1108/1106 1109/1107/1105
f 1150/1147/1146 1151/1148/1147 1111/1109/1107
f 1151/1148/1147 1152/1149/1148 1112/1110/1108
f 1152/1149/1148 1153/1150/1149 1113/1112/1109
f 1153/1150/1149 1154/1152/1150 1114/1111/1110
f 1155/1151/1151 1115/1113/1111 1114/1111/1110
f 1156/1153/1152 1116/1114/1112 1115/1113/1111
f 1157/1154/1153 1117/1115/1113 1116/1114/1112
f 1157/1154/1153 1158/1155/1154 1118/1116/1114
f 1158/1155/1154 1159/1157/1155 1119/1117/1115
f 1160/1156/1156 1120/5111/1116 1119/1117/1115
f 1161/1158/1157 1162/1159/1158 1122/1119/1118
f 1162/1159/1158 1163/1160/1159 1123/1120/1119
f 1163/1160/1159 1164/1162/1160 1124/1122/1120
f 1165/1161/1161 1125/1121/1121 1124/1122/1120
f 1166/1163/1162 1126/1123/1122 1125/1121/1121
f 1167/1164/1163 1127/1124/1123 1126/1123/1122
f 1168/1165/1164 1128/1125/1124 1127/1124/1123
f 1169/1166/1165 1129/1127/1125 1128/1125/1124
f 1170/1167/1166 1130/1126/1126 1129/1127/1125
f 1170/1167/1166 1171/1169/1167 1131/1129/1127
f 1172/1168/1168 1132/1128/1128 1131/1129/1127
f 1173/1170/1169 1133/1131/1129 1132/1128/1128
f 1174/1171/1170 1134/1130/1130 1133/1131/1129
f 1174/1171/1170 1175/1172/1171 1135/1132/1131
f 1175/1172/1171 1176/1173/1172 1136/1134/1132
f 1176/1173/1172 1177/1175/1173 1137/1133/1133
f 1178/1174/1174 1138/1135/1134 1137/1133/1133
f 1179/1176/1175 1139/1136/1135 1138/1135/1134
f 1180/1177/1176 1140/1137/1136 1139/1136/1135
f 1181/1178/1177 1141/1138/1137 1140/1137/1136
f 1182/1179/1178 1142/1139/1138 1141/1138/1137
f 1182/1179/1178 1183/1180/1179 1143/1140/1139
f 1183/1180/1179 1184/1181/1180 1144/1141/1140
f 1184/1181/1180 1185/1182/1181 1145/1143/1141
f 1185/1182/1181 1186/1184/1182 1146/1142/1142
f 1187/1183/1183 1147/1144/1143 1146/1142/1142
f 1188/1185/1184 1148/1145/1144 1147/1144/1143
f 1188/1185/1184 1189/1186/1185 1149/1146/1145
f 1189/1186/1185 1190/1187/1186 1150/1147/1146
f 1190/1187/1186 1191/1188/1187 1151/1148/1147
f 1191/1188/1187 1192/1189/1188 1152/1149/1148
f 1192/1189/1188 1193/1191/1189 1153/1150/1149
f 1194/1190/1190 1154/1152/1150 1153/1150/1149
f 1195/1192/1191 1155/1151/1151 1154/1152/1150
f 1196/1193/1192 1156/1153/1152 1155/1151/1151
f 1197/1194/1193 1157/1154/1153 1156/1153/1152
f 1198/1195/1194 1158/1155/1154 1157/1154/1153
f 1199/1196/1195 1159/1157/1155 1158/1155/1154
f 1200/1197/1196 1160/1156/1156 1159/1157/1155
f 1201/1198/1197 1202/1199/1198 1162/1159/1158
f 1202/1199/1198 1203/1201/1199 1163/1160/1159
f 1204/1200/1200 1164/1162/1160 1163/1160/1159
f 1205/1202/1201 1165/1161/1161 1164/1162/1160
f 1205/1202/1201 1206/1203/1202 1166/1163/1162
f 1206/1203/1202 1207/1205/1203 1167/1164/1163
f 1208/1204/1204 1168/1165/1164 1167/1164/1163
f 1208/1204/1204 1209/1207/1205 1169/1166/1165
f 1210/1206/1206 1170/1167/1166 1169/1166/1165
f 1210/1206/1206 1211/1209/1207 1171/1169/1167
f 1212/1208/1208 1172/1168/1168 1171/1169/1167
f 1213/1210/1209 1173/1170/1169 1172/1168/1168
f 1214/1211/1210 1174/1171/1170 1173/1170/1169
f 1215/1212/1211 1175/1172/1171 1174/1171/1170
f 1216/1213/1212 1176/1173/1172 1175/1172/1171
f 1216/1213/1212 1217/1215/1213 1177/1175/1173
f 1218/1214/1214 1178/1174/1174 1177/1175/1173
f 1219/1216/1215 1179/1176/1175 1178/1174/1174
f 1220/1217/1216 1180/1177/1176 1179/1176/1175
f 1221/1218/1217 1181/1178/1177 1180/1177/1176
f 1222/1219/1218 1182/1179/1178 1181/1178/1177
f 1223/1220/1219 1183/1180/1179 1182/1179/1178
f 1223/1220/1219 1224/1221/1220 1184/1181/1180
f 1224/1221/1220 1225/1222/1221 1185/1182/1181
f 1225/1222/1221 1226/1223/1222 1186/1184/1182
f 1226/1223/1222 1227/1224/1223 1187/1183/1183
f 1227/1224/1223 1228/1225/1224 1188/1185/1184
f 1228/1225/1224 1229/1226/1225 1189/1186/1185
f 1229/1226/1225 1230/1227/1226 1190/1187/1186
f 1230/1227/1226 1231/1228/1227 1191/1188/1187
f 1231/1228/1227 1232/1230/1228 1192/1189/1188
f 1233/1229/1229 1193/1191/1189 1192/1189/1188
f 1234/1231/1230 1194/1190/1190 1193/1191/1189
f 1235/1232/1231 1195/1192/1191 1194/1190/1190
f 1236/1233/1232 1196/1193/1192 1195/1192/1191
f 1237/1234/1233 1197/1194/1193 1196/1193/1192
f 1238/1235/1234 1198/1195/1194 1197/1194/1193
f 1239/1236/1235 1199/1196/1195 1198/1195/1194
f 1240/1237/1236 1200/1197/1196 1199/1196/1195
f 1241/1238/1237 1242/1240/1238 1202/1199/1198
f 1243/1239/1239 1203/1201/1199 1202/1199/1198
f 1243/1239/1239 1244/1241/1240 1204/1200/1200
f 1244/1241/1240 1245/1243/1241 1205/1202/1201
f 1246/1242/1242 1206/1203/1202 1205/1202/1201
f 1247/1244/1243 1207/1205/1203 1206/1203/1202
f 1248/1245/1244 1208/1204/1204 1207/1205/1203
f 1249/1246/1245 1209/1207/1205 1208/1204/1204
f 1250/1247/1246 1210/1206/1206 1209/1207/1205
f 1251/1248/1247 1211/1209/1207 1210/1206/1206
f 1251/1248/1247 1252/1249/1248 1212/1208/1208
f 1252/1249/1248 1253/1251/1249 1213/1210/1209
f 1254/1250/1250 1214/1211/1210 1213/1210/1209
f 1254/1250/1250 1255/1253/1251 1215/1212/1211
f 1256/1252/1252 1216/1213/1212 1215/1212/1211
f 1256/1252/1252 1257/1255/1253 1217/1215/1213
f 1258/1254/1254 1218/1214/1214 1217/1215/1213
f 1259/1256/1255 1219/1216/1215 1218/1214/1214
f 1260/1257/1256 1220/1217/1216 1219/1216/1215
f 1261/1258/1257 1221/1218/1217 1220/1217/1216
f 1262/1259/1258 1222/1219/1218 1221/1218/1217
f 1263/1260/1259 1223/1220/1219 1222/1219/1218
f 1263/1260/1259 1264/1261/1260 1224/1221/1220
f 1264/1261/1260 1265/1262/1261 1225/1222/1221
f 1265/1262/1261 1266/1263/1262 1226/1223/1222
f 1266/1263/1262 1267/1264/1263 1227/1224/1223
f 1267/1264/1263 1268/1265/1264 1228/1225/1224
f 1268/1265/1264 1269/1266/1265 1229/1226/1225
f 1269/1266/1265 1270/1267/1266 1230/1227/1226
f 1270/1267/1266 1271/1269/1267 1231/1228/1227
f 1272/1268/1268 1232/1230/1228 1231/1228/1227
f 1273/1270/1269 1233/1229/1229 1232/1230/1228
f 1274/1271/1270 1234/1231/1230 1233/1229/1229
f 1275/1272/1271 1235/1232/1231 1234/1231/1230
f 1276/1273/1272 1236/1233/1232 1235/1232/1231
f 1277/1274/1273 1237/1234/1233 1236/1233/1232
f 1278/1275/1274 1238/1235/1234 1237/1234/1233
f 1279/1276/1275 1239/1236/1235 1238/1235/1234
f 1280/1277/1276 1240/1237/1236 1239/1236/1235
f 1282/1278/1278 1242/1240/1238 1241/1238/1237
f 1282/1278/1278 1283/1280/1279 1243/1239/1239
f 1283/1280/1279 1284/1281/1280 1244/1241/1240
f 1284/1281/1280 1285/1283/1281 1245/1243/1241
f 1286/1282/1282 1246/1242/1242 1245/1243/1241
f 1287/1284/1283 1247/1244/1243 1246/1242/1242
f 1287/1284/1283 1288/1285/1284 1248/1245/1244
f 1288/1285/1284 1289/1287/1285 1249/1246/1245
f 1290/1286/1286 1250/1247/1246 1249/1246/1245
f 1290/1286/1286 1291/1289/1287 1251/1248/1247
f 1292/1288/1288 1252/1249/1248 1251/1248/1247
f 1293/1290/1289 1253/1251/1249 1252/1249/1248
f 1293/1290/1289 1294/1292/1290 1254/1250/1250
f 1295/1291/1291 1255/1253/1251 1254/1250/1250
f 1295/1291/1291 1296/1293/1292 1256/1252/1252
f 1296/1293/1292 1297/1294/1293 1257/1255/1253
f 1297/1294/1293 1298/1296/1294 1258/1254/1254
f 1299/1295/1295 1259/1256/1255 1258/1254/1254
f 1300/1297/1296 1260/1257/1256 1259/1256/1255
f 1301/1298/1297 1261/1258/1257 1260/1257/1256
f 1302/1299/1298 1262/1259/1258 1261/1258/1257
f 1303/1300/1299 1263/1260/1259 1262/1259/1258
f 1303/1300/1299 1304/1301/1300 1264/1261/1260
f 1304/1301/1300 1305/1302/1301 1265/1262/1261
f 1305/1302/1301 1306/1303/1302 1266/1263/1262
f 1306/1303/1302 1307/1304/1303 1267/1264/1263
f 1307/1304/1303 1308/1305/1304 1268/1265/1264
f 1308/1305/1304 1309/1306/1305 1269/1266/1265
f 1309/1306/1305 1310/1307/1306 1270/1267/1266
f 1310/1307/1306 1311/1309/1307 1271/1269/1267
f 1312/1308/1308 1272/1268/1268 1271/1269/1267
f 1313/1310/1309 1273/1270/1269 1272/1268/1268
f 1314/1311/1310 1274/1271/1270 1273/1270/1269
f 1315/1312/1311 1275/1272/1271 1274/1271/1270
f 1316/1313/1312 1276/1273/1272 1275/1272/1271
f 1317/1314/1313 1277/1274/1273 1276/1273/1272
f 1318/1315/1314 1278/1275/1274 1277/1274/1273
f 1319/1316/1315 1279/1276/1275 1278/1275/1274
f 1320/1317/1316 1280/1277/1276 1279/1276/1275
f 1321/1318/1317 1322/1319/1318 1282/1278/1278
f 1322/1319/1318 1323/1321/1319 1283/1280/1279
f 1324/1320/1320 1284/1281/1280 1283/1280/1279
f 1325/1322/1321 1285/1283/1281 1284/1281/1280
f 1325/1322/1321 1326/1323/1322 1286/1282/1282
f 1326/1323/1322 1327/1324/1323 1287/1284/1283
f 1327/1324/1323 1328/1326/1324 1288/1285/1284
f 1329/1325/1325 1289/1287/1285 1288/1285/1284
f 1329/1325/1325 1330/1328/1326 1290/1286/1286
f 1331/1327/1327 1291/1289/1287 1290/1286/1286
f 1331/1327/1327 1332/1330/1328 1292/1288/1288
f 1333/1329/1329 1293/1290/1289 1292/1288/1288
f 1334/1331/1330 1294/1292/1290 1293/1290/1289
f 1335/1332/1331 1295/1291/1291 1294/1292/1290
f 1336/1333/1332 1296/1293/1292 1295/1291/1291
f 1336/1333/1332 1337/1335/1333 1297/1294/1293
f 1338/1334/1334 1298/1296/1294 1297/1294/1293
f 1338/1334/1334 1339/1337/1335 1299/1295/1295
f 1340/1336/1336 1300/1297/1296 1299/1295/1295
f 1341/1338/1337 1301/1298/1297 1300/1297/1296
f 1342/1339/1338 1302/1299/1298 1301/1298/1297
f 1343/1340/1339 1303/1300/1299 1302/1299/1298
f 1343/1340/1339 1344/1341/1340 1304/1301/1300
f 1344/1341/1340 1345/1342/1341 1305/1302/1301
f 1345/1342/1341 1346/1343/1342 1306/1303/1302
f 1346/1343/1342 1347/1344/1343 1307/1304/1303
f 1347/1344/1343 1348/1345/1344 1308/1305/1304
f 1348/1345/1344 1349/1346/1345 1309/1306/1305
f 1349/1346/1345 1350/1347/1346 1310/1307/1306
f 1350/1347/1346 1351/1349/1347 1311/1309/1307
f 1352/1348/1348 1312/1308/1308 1311/1309/1307
f 1353/1350/1349 1313/1310/1309 1312/1308/1308
f 1353/1350/1349 1354/1352/1350 1314/1311/1310
f 1355/1351/1351 1315/1312/1311 1314/1311/1310
f 1356/1353/1352 1316/1313/1312 1315/1312/1311
f 1357/1354/1353 1317/1314/1313 1316/1313/1312
f 1358/1355/1354 1318/1315/1314 1317/1314/1313
f 1359/1356/1355 1319/1316/1315 1318/1315/1314
f 1360/1357/1356 1320/1317/1316 1319/1316/1315
f 1361/1358/1357 1362/1359/1358 1322/1319/1318
f 1362/1359/1358 1363/1361/1359 1323/1321/1319
f 1364/1360/1360 1324/1320/1320 1323/1321/1319
f 1364/1360/1360 1365/1363/1361 1325/1322/1321
f 1366/1362/1362 1326/1323/1322 1325/1322/1321
f 1367/1364/1363 1327/1324/1323 1326/1323/1322
f 1367/1364/1363 1368/1366/1364 1328/1326/1324
f 1369/1365/1365 1329/1325/1325 1328/1326/1324
f 1370/1367/1366 1330/1328/1326 1329/1325/1325
f 1370/1367/1366 1371/1368/1367 1331/1327/1327
f 1371/1368/1367 1372/1369/1368 1332/1330/1328
f 1372/1369/1368 1373/1371/1369 1333/1329/1329
f 1374/1370/1370 1334/1331/1330 1333/1329/1329
f 1374/1370/1370 1375/1372/1371 1335/1332/1331
f 1375/1372/1371 1376/1373/1372 1336/1333/1332
f 1376/1373/1372 1377/1374/1373 1337/1335/1333
f 1377/1374/1373 1378/1375/1374 1338/1334/1334
f 1378/1375/1374 1379/1376/1375 1339/1337/1335
f 1379/1376/1375 1380/1378/1376 1340/1336/1336
f 1381/1377/1377 1341/1338/1337 1340/1336/1336
f 1382/1379/1378 1342/1339/1338 1341/1338/1337
f 1382/1379/1378 1383/1380/1379 1343/1340/1339
f 1383/1380/1379 1384/1381/1380 1344/1341/1340
f 1384/1381/1380 1385/1382/1381 1345/1342/1341
f 1385/1382/1381 1386/1383/1382 1346/1343/1342
f 1386/1383/1382 1387/1384/1383 1347/1344/1343
f 1387/1384/1383 1388/1385/1384 1348/1345/1344
f 1388/1385/1384 1389/1386/1385 1349/1346/1345
f 1389/1386/1385 1390/1387/1386 1350/1347/1346
f 1390/1387/1386 1391/1388/1387 1351/1349/1347
f 1391/1388/1387 1392/1389/1388 1352/1348/1348
f 1392/1389/1388 1393/1390/1389 1353/1350/1349
f 1393/1390/1389 1394/1392/1390 1354/1352/1350
f 1395/1391/1391 1355/1351/1351 1354/1352/1350
f 1396/1393/1392 1356/1353/1352 1355/1351/1351
f 1397/1394/1393 1357/1354/1353 1356/1353/1352
f 1398/1395/1394 1358/1355/1354 1357/1354/1353
f 1399/1396/1395 1359/1356/1355 1358/1355/1354
f 1399/1396/1395 1400/5112/1396 1360/1357/1356
f 1401/1397/1397 1402/1398/1398 1362/1359/1358
f 1402/1398/1398 1403/1400/1399 1363/1361/1359
f 1404/1399/1400 1364/1360/1360 1363/1361/1359
f 1404/1399/1400 1405/1402/1401 1365/1363/1361
f 1406/1401/1402 1366/1362/1362 1365/1363/1361
f 1407/1403/1403 1367/1364/1363 1366/1362/1362
f 1407/1403/1403 1408/1404/1404 1368/1366/1364
f 1408/1404/1404 1409/1405/1405 1369/1365/1365
f 1409/1405/1405 1410/1406/1406 1370/1367/1366
f 1410/1406/1406 1411/1408/1407 1371/1368/1367
f 1412/1407/1408 1372/1369/1368 1371/1368/1367
f 1413/1409/1409 1373/1371/1369 1372/1369/1368
f 1414/1410/1410 1374/1370/1370 1373/1371/1369
f 1414/1410/1410 1415/1411/1411 1375/1372/1371
f 1415/1411/1411 1416/1412/1412 1376/1373/1372
f 1416/1412/1412 1417/1413/1413 1377/1374/1373
f 1417/1413/1413 1418/1414/1414 1378/1375/1374
f 1418/1414/1414 1419/1415/1415 1379/1376/1375
f 1419/1415/1415 1420/1416/1416 1380/1378/1376
f 1420/1416/1416 1421/1417/1417 1381/1377/1377
f 1421/1417/1417 1422/1418/1418 1382/1379/1378
f 1422/1418/1418 1423/1419/1419 1383/1380/1379
f 1423/1419/1419 1424/1420/1420 1384/1381/1380
f 1424/1420/1420 1425/1421/1421 1385/1382/1381
f 1425/1421/1421 1426/1422/1422 1386/1383/1382
f 1426/1422/1422 1427/1423/1423 1387/1384/1383
f 1427/1423/1423 1428/1424/1424 1388/1385/1384
f 1428/1424/1424 1429/1425/1425 1389/1386/1385
f 1429/1425/1425 1430/1426/1426 1390/1387/1386
f 1430/1426/1426 1431/1427/1427 1391/1388/1387
f 1431/1427/1427 1432/1428/1428 1392/1389/1388
f 1432/1428/1428 1433/1430/1429 1393/1390/1389
f 1434/1429/1430 1394/1392/1390 1393/1390/1389
f 1435/1431/1431 1395/1391/1391 1394/1392/1390
f 1436/1432/1432 1396/1393/1392 1395/1391/1391
f 1437/1433/1433 1397/1394/1393 1396/1393/1392
f 1438/1434/1434 1398/1395/1394 1397/1394/1393
f 1439/1435/1435 1399/1396/1395 1398/1395/1394
f 1440/1436/1436 1400/5112/1396 1399/1396/1395
f 1441/1437/1437 1442/1439/1438 1402/1398/1398
f 1443/1438/1439 1403/1400/1399 1402/1398/1398
f 1444/1440/1440 1404/1399/1400 1403/1400/1399
f 1444/1440/1440 1445/1442/1441 1405/1402/1401
f 1446/1441/1442 1406/1401/1402 1405/1402/1401
f 1447/1443/1443 1407/1403/1403 1406/1401/1402
f 1448/1444/1444 1408/1404/1404 1407/1403/1403
f 1448/1444/1444 1449/1445/1445 1409/1405/1405
f 1449/1445/1445 1450/1446/1446 1410/1406/1406
f 1450/1446/1446 1451/1447/1447 1411/1408/1407
f 1451/1447/1447 1452/1449/1448 1412/1407/1408
f 1453/1448/1449 1413/1409/1409 1412/1407/1408
f 1454/1450/1450 1414/1410/1410 1413/1409/1409
f 1454/1450/1450 1455/1451/1451 1415/1411/1411
f 1455/1451/1451 1456/1452/1452 1416/1412/1412
f 1456/1452/1452 1457/1453/1453 1417/1413/1413
f 1457/1453/1453 1458/1454/1454 1418/1414/1414
f 1458/1454/1454 1459/1455/1455 1419/1415/1415
f 1459/1455/1455 1460/1457/1456 1420/1416/1416
f 1461/1456/1457 1421/1417/1417 1420/1416/1416
f 1461/1456/1457 1462/1458/1458 1422/1418/1418
f 1462/1458/1458 1463/1460/1459 1423/1419/1419
f 1464/1459/1460 1424/1420/1420 1423/1419/1419
f 1465/1461/1461 1425/1421/1421 1424/1420/1420
f 1465/1461/1461 1466/1462/1462 1426/1422/1422
f 1466/1462/1462 1467/1463/1463 1427/1423/1423
f 1467/1463/1463 1468/1464/1464 1428/1424/1424
f 1468/1464/1464 1469/1465/1465 1429/1425/1425
f 1469/1465/1465 1470/1466/1466 1430/1426/1426
f 1470/1466/1466 1471/1467/1467 1431/1427/1427
f 1471/1467/1467 1472/1469/1468 1432/1428/1428
f 1473/1468/1469 1433/1430/1429 1432/1428/1428
f 1474/1470/1470 1434/1429/1430 1433/1430/1429
f 1475/1471/1471 1435/1431/1431 1434/1429/1430
f 1476/1472/1472 1436/1432/1432 1435/1431/1431
f 1477/1473/1473 1437/1433/1433 1436/1432/1432
f 1478/1474/1474 1438/1434/1434 1437/1433/1433
f 1479/1475/1475 1439/1435/1435 1438/1434/1434
f 1480/1476/1476 1440/1436/1436 1439/1435/1435
f 1482/1477/1478 1442/1439/1438 1441/1437/1437
f 1483/1479/1479 1443/1438/1439 1442/1439/1438
f 1484/1480/1480 1444/1440/1440 1443/1438/1439
f 1485/1481/1481 1445/1442/1441 1444/1440/1440
f 1485/1481/1481 1486/1483/1482 1446/1441/1442
f 1487/1482/1483 1447/1443/1443 1446/1441/1442
f 1488/1484/1484 1448/1444/1444 1447/1443/1443
f 1489/1485/1485 1449/1445/1445 1448/1444/1444
f 1490/1486/1486 1450/1446/1446 1449/1445/1445
f 1490/1486/1486 1491/1488/1487 1451/1447/1447
f 1492/1487/1488 1452/1449/1448 1451/1447/1447
f 1493/1489/1489 1453/1448/1449 1452/1449/1448
f 1494/1490/1490 1454/1450/1450 1453/1448/1449
f 1495/1491/1491 1455/1451/1451 1454/1450/1450
f 1496/1492/1492 1456/1452/1452 1455/1451/1451
f 1496/1492/1492 1497/1493/1493 1457/1453/1453
f 1497/1493/1493 1498/1494/1494 1458/1454/1454
f 1498/1494/1494 1499/1495/1495 1459/1455/1455
f 1499/1495/1495 1500/1496/1496 1460/1457/1456
f 1500/1496/1496 1501/1498/1497 1461/1456/1457
f 1502/1497/1498 1462/1458/1458 1461/1456/1457
f 1503/1499/1499 1463/1460/1459 1462/1458/1458
f 1504/1500/1500 1464/1459/1460 1463/1460/1459
f 1505/1501/1501 1465/1461/1461 1464/1459/1460
f 1506/1502/1502 1466/1462/1462 1465/1461/1461
f 1507/1503/1503 1467/1463/1463 1466/1462/1462
f 1507/1503/1503 1508/1504/1504 1468/1464/1464
f 1508/1504/1504 1509/1505/1505 1469/1465/1465
f 1509/1505/1505 1510/1506/1506 1470/1466/1466
f 1510/1506/1506 1511/1508/1507 1471/1467/1467
f 1512/1507/1508 1472/1469/1468 1471/1467/1467
f 1513/1509/1509 1473/1468/1469 1472/1469/1468
f 1514/1510/1510 1474/1470/1470 1473/1468/1469
f 1515/1511/1511 1475/1471/1471 1474/1470/1470
f 1516/1512/1512 1476/1472/1472 1475/1471/1471
f 1517/1513/1513 1477/1473/1473 1476/1472/1472
f 1518/1514/1514 1478/1474/1474 1477/1473/1473
f 1519/1515/1515 1479/1475/1475 1478/1474/1474
f 1520/1516/1516 1480/1476/1476 1479/1475/1475
f 1522/1517/1518 1482/1477/1478 1481/1478/1477
f 1523/1519/1519 1483/1479/1479 1482/1477/1478
f 1523/1519/1519 1524/1521/1520 1484/1480/1480
f 1525/1520/1521 1485/1481/1481 1484/1480/1480
f 1526/1522/1522 1486/1483/1482 1485/1481/1481
f 1526/1522/1522 1527/1523/1523 1487/1482/1483
f 1527/1523/1523 1528/1524/1524 1488/1484/1484
f 1528/1524/1524 1529/1526/1525 1489/1485/1485
f 1530/1525/1526 1490/1486/1486 1489/1485/1485
f 1531/1527/1527 1491/1488/1487 1490/1486/1486
f 1532/1528/1528 1492/1487/1488 1491/1488/1487
f 1533/1529/1529 1493/1489/1489 1492/1487/1488
f 1534/1530/1530 1494/1490/1490 1493/1489/1489
f 1535/1531/1531 1495/1491/1491 1494/1490/1490
f 1535/1531/1531 1536/1532/1532 1496/1492/1492
f 1536/1532/1532 1537/1533/1533 1497/1493/1493
f 1537/1533/1533 1538/1534/1534 1498/1494/1494
f 1538/1534/1534 1539/1535/1535 1499/1495/1495
f 1539/1535/1535 1540/1537/1536 1500/1496/1496
f 1541/1536/1537 1501/1498/1497 1500/1496/1496
f 1542/1538/1538 1502/1497/1498 1501/1498/1497
f 1543/1539/1539 1503/1499/1499 1502/1497/1498
f 1544/1540/1540 1504/1500/1500 1503/1499/1499
f 1545/1541/1541 1505/1501/1501 1504/1500/1500
f 1546/1542/1542 1506/1502/1502 1505/1501/1501
f 1547/1543/1543 1507/1503/1503 1506/1502/1502
f 1547/1543/1543 1548/1544/1544 1508/1504/1504
f 1548/1544/1544 1549/1545/1545 1509/1505/1505
f 1549/1545/1545 1550/1546/1546 1510/1506/1506
f 1550/1546/1546 1551/1548/1547 1511/1508/1507
f 1552/1547/1548 1512/1507/1508 1511/1508/1507
f 1553/1549/1549 1513/1509/1509 1512/1507/1508
f 1553/1549/1549 1554/1550/1550 1514/1510/1510
f 1554/1550/1550 1555/1551/1551 1515/1511/1511
f 1555/1551/1551 1556/1553/1552 1516/1512/1512
f 1557/1552/1553 1517/1513/1513 1516/1512/1512
f 1558/1554/1554 1518/1514/1514 1517/1513/1513
f 1559/1555/1555 1519/1515/1515 1518/1514/1514
f 1560/1556/1556 1520/1516/1516 1519/1515/1515
f 1562/1557/1558 1522/1517/1518 1521/1518/1517
f 1563/1559/1559 1523/1519/1519 1522/1517/1518
f 1563/1559/1559 1564/1561/1560 1524/1521/1520
f 1565/1560/1561 1525/1520/1521 1524/1521/1520
f 1566/1562/1562 1526/1522/1522 1525/1520/1521
f 1566/1562/1562 1567/1564/1563 1527/1523/1523
f 1568/1563/1564 1528/1524/1524 1527/1523/1523
f 1569/1565/1565 1529/1526/1525 1528/1524/1524
f 1570/1566/1566 1530/1525/1526 1529/1526/1525
f 1570/1566/1566 1571/1568/1567 1531/1527/1527
f 1572/1567/1568 1532/1528/1528 1531/1527/1527
f 1573/1569/1569 1533/1529/1529 1532/1528/1528
f 1574/1570/1570 1534/1530/1530 1533/1529/1529
f 1575/1571/1571 1535/1531/1531 1534/1530/1530
f 1576/1572/1572 1536/1532/1532 1535/1531/1531
f 1576/1572/1572 1577/1573/1573 1537/1533/1533
f 1577/1573/1573 1578/1574/1574 1538/1534/1534
f 1578/1574/1574 1579/1575/1575 1539/1535/1535
f 1579/1575/1575 1580/1577/1576 1540/1537/1536
f 1581/1576/1577 1541/1536/1537 1540/1537/1536
f 1582/1578/1578 1542/1538/1538 1541/1536/1537
f 1583/1579/1579 1543/1539/1539 1542/1538/1538
f 1584/1580/1580 1544/1540/1540 1543/1539/1539
f 1585/1581/1581 1545/1541/1541 1544/1540/1540
f 1586/1582/1582 1546/1542/1542 1545/1541/1541
f 1587/1583/1583 1547/1543/1543 1546/1542/1542
f 1587/1583/1583 1588/1584/1584 1548/1544/1544
f 1588/1584/1584 1589/1585/1585 1549/1545/1545
f 1589/1585/1585 1590/1587/1586 1550/1546/1546
f 1591/1586/1587 1551/1548/1547 1550/1546/1546
f 1591/1586/1587 1592/1588/1588 1552/1547/1548
f 1592/1588/1588 1593/1589/1589 1553/1549/1549
f 1593/1589/1589 1594/1591/1590 1554/1550/1550
f 1595/1590/1591 1555/1551/1551 1554/1550/1550
f 1595/1590/1591 1596/1592/1592 1556/1553/1552
f 1596/1592/1592 1597/1594/1593 1557/1552/1553
f 1598/1593/1594 1558/1554/1554 1557/1552/1553
f 1599/1595/1595 1559/1555/1555 1558/1554/1554
f 1600/1596/1596 1560/1556/1556 1559/1555/1555
f 1602/1597/1598 1562/1557/1558 1561/1558/1557
f 1603/1599/1599 1563/1559/1559 1562/1557/1558
f 1604/1600/1600 1564/1561/1560 1563/1559/1559
f 1605/1601/1601 1565/1560/1561 1564/1561/1560
f 1606/1602/1602 1566/1562/1562 1565/1560/1561
f 1607/1603/1603 1567/1564/1563 1566/1562/1562
f 1607/1603/1603 1608/1604/1604 1568/1563/1564
f 1608/1604/1604 1609/1606/1605 1569/1565/1565
f 1610/1605/1606 1570/1566/1566 1569/1565/1565
f 1610/1605/1606 1611/1608/1607 1571/1568/1567
f 1612/1607/1608 1572/1567/1568 1571/1568/1567
f 1613/1609/1609 1573/1569/1569 1572/1567/1568
f 1614/1610/1610 1574/1570/1570 1573/1569/1569
f 1615/1611/1611 1575/1571/1571 1574/1570/1570
f 1616/1612/1612 1576/1572/1572 1575/1571/1571
f 1617/1613/1613 1577/1573/1573 1576/1572/1572
f 1617/1613/1613 1618/1614/1614 1578/1574/1574
f 1618/1614/1614 1619/1615/1615 1579/1575/1575
f 1619/1615/1615 1620/1616/1616 1580/1577/1576
f 1620/1616/1616 1621/1617/1617 1581/1576/1577
f 1621/1617/1617 1622/1619/1618 1582/1578/1578
f 1623/1618/1619 1583/1579/1579 1582/1578/1578
f 1624/1620/1620 1584/1580/1580 1583/1579/1579
f 1625/1621/1621 1585/1581/1581 1584/1580/1580
f 1626/1622/1622 1586/1582/1582 1585/1581/1581
f 1627/1623/1623 1587/1583/1583 1586/1582/1582
f 1627/1623/1623 1628/1624/1624 1588/1584/1584
f 1628/1624/1624 1629/1625/1625 1589/1585/1585
f 1629/1625/1625 1630/1626/1626 1590/1587/1586
f 1630/1626/1626 1631/1628/1627 1591/1586/1587
f 1632/1627/1628 1592/1588/1588 1591/1586/1587
f 1632/1627/1628 1633/1629/1629 1593/1589/1589
f 1633/1629/1629 1634/1630/1630 1594/1591/1590
f 1634/1630/1630 1635/1631/1631 1595/1590/1591
f 1635/1631/1631 1636/1632/1632 1596/1592/1592
f 1636/1632/1632 1637/1633/1633 1597/1594/1593
f 1637/1633/1633 1638/1635/1634 1598/1593/1594
f 1639/1634/1635 1599/1595/1595 1598/1593/1594
f 1640/1636/1636 1600/1596/1596 1599/1595/1595
f 1641/1637/1637 1642/1638/1638 1602/1597/1598
f 1642/1638/1638 1643/1640/1639 1603/1599/1599
f 1644/1639/1640 1604/1600/1600 1603/1599/1599
f 1644/1639/1640 1645/1641/1641 1605/1601/1601
f 1645/1641/1641 1646/1643/1642 1606/1602/1602
f 1647/1642/1643 1607/1603/1603 1606/1602/1602
f 1647/1642/1643 1648/1645/1644 1608/1604/1604
f 1649/1644/1645 1609/1606/1605 1608/1604/1604
f 1650/1646/1646 1610/1605/1606 1609/1606/1605
f 1651/1647/1647 1611/1608/1607 1610/1605/1606
f 1652/1648/1648 1612/1607/1608 1611/1608/1607
f 1653/1649/1649 1613/1609/1609 1612/1607/1608
f 1654/1650/1650 1614/1610/1610 1613/1609/1609
f 1655/1651/1651 1615/1611/1611 1614/1610/1610
f 1656/1652/1652 1616/1612/1612 1615/1611/1611
f 1657/1653/1653 1617/1613/1613 1616/1612/1612
f 1657/1653/1653 1658/1654/1654 1618/1614/1614
f 1658/1654/1654 1659/1655/1655 1619/1615/1615
f 1659/1655/1655 1660/1656/1656 1620/1616/1616
f 1660/1656/1656 1661/1657/1657 1621/1617/1617
f 1661/1657/1657 1662/1658/1658 1622/1619/1618
f 1662/1658/1658 1663/1660/1659 1623/1618/1619
f 1664/1659/1660 1624/1620/1620 1623/1618/1619
f 1665/1661/1661 1625/1621/1621 1624/1620/1620
f 1666/1662/1662 1626/1622/1622 1625/1621/1621
f 1667/1663/1663 1627/1623/1623 1626/1622/1622
f 1667/1663/1663 1668/1664/1664 1628/1624/1624
f 1668/1664/1664 1669/1665/1665 1629/1625/1625
f 1669/1665/1665 1670/1666/1666 1630/1626/1626
f 1670/1666/1666 1671/1667/1667 1631/1628/1627
f 1671/1667/1667 1672/1669/1668 1632/1627/1628
f 1673/1668/1669 1633/1629/1629 1632/1627/1628
f 1673/1668/1669 1674/1671/1670 1634/1630/1630
f 1675/1670/1671 1635/1631/1631 1634/1630/1630
f 1675/1670/1671 1676/1672/1672 1636/1632/1632
f 1676/1672/1672 1677/1673/1673 1637/1633/1633
f 1677/1673/1673 1678/1674/1674 1638/1635/1634
f 1678/1674/1674 1679/1676/1675 1639/1634/1635
f 1680/1675/1676 1640/1636/1636 1639/1634/1635
f 1681/1677/1677 1682/1678/1678 1642/1638/1638
f 1682/1678/1678 1683/1680/1679 1643/1640/1639
f 1684/1679/1680 1644/1639/1640 1643/1640/1639
f 1684/1679/1680 1685/1681/1681 1645/1641/1641
f 1685/1681/1681 1686/1682/1682 1646/1643/1642
f 1686/1682/1682 1687/1684/1683 1647/1642/1643
f 1688/1683/1684 1648/1645/1644 1647/1642/1643
f 1688/1683/1684 1689/1686/1685 1649/1644/1645
f 1690/1685/1686 1650/1646/1646 1649/1644/1645
f 1690/1685/1686 1691/1688/1687 1651/1647/1647
f 1692/1687/1688 1652/1648/1648 1651/1647/1647
f 1693/1689/1689 1653/1649/1649 1652/1648/1648
f 1694/1690/1690 1654/1650/1650 1653/1649/1649
f 1695/1691/1691 1655/1651/1651 1654/1650/1650
f 1696/1692/1692 1656/1652/1652 1655/1651/1651
f 1697/1693/1693 1657/1653/1653 1656/1652/1652
f 1698/1694/1694 1658/1654/1654 1657/1653/1653
f 1698/1694/1694 1699/1695/1695 1659/1655/1655
f 1699/1695/1695 1700/1696/1696 1660/1656/1656
f 1700/1696/1696 1701/1697/1697 1661/1657/1657
f 1701/1697/1697 1702/1698/1698 1662/1658/1658
f 1702/1698/1698 1703/1700/1699 1663/1660/1659
f 1704/1699/1700 1664/1659/1660 1663/1660/1659
f 1705/1701/1701 1665/1661/1661 1664/1659/1660
f 1706/1702/1702 1666/1662/1662 1665/1661/1661
f 1707/1703/1703 1667/1663/1663 1666/1662/1662
f 1708/1704/1704 1668/1664/1664 1667/1663/1663
f 1708/1704/1704 1709/1705/1705 1669/1665/1665
f 1709/1705/1705 1710/1707/1706 1670/1666/1666
f 1711/1706/1707 1671/1667/1667 1670/1666/1666
f 1712/1708/1708 1672/1669/1668 1671/1667/1667
f 1713/1709/1709 1673/1668/1669 1672/1669/1668
f 1714/1710/1710 1674/1671/1670 1673/1668/1669
f 1715/1711/1711 1675/1670/1671 1674/1671/1670
f 1716/1712/1712 1676/1672/1672 1675/1670/1671
f 1716/1712/1712 1717/1713/1713 1677/1673/1673
f 1717/1713/1713 1718/1714/1714 1678/1674/1674
f 1718/1714/1714 1719/1715/1715 1679/1676/1675
f 1719/1715/1715 1720/1755/1716 1680/1675/1676
f 1721/1716/1717 1722/1717/1718 1682/1678/1678
f 1722/1717/1718 1723/1718/1719 1683/1680/1679
f 1723/1718/1719 1724/1719/1720 1684/1679/1680
f 1724/1719/1720 1725/1720/1721 1685/1681/1681
f 1725/1720/1721 1726/1721/1722 1686/1682/1682
f 1726/1721/1722 1727/1722/1723 1687/1684/1683
f 1727/1722/1723 1728/1723/1724 1688/1683/1684
f 1728/1723/1724 1729/1724/1725 1689/1686/1685
f 1729/1724/1725 1730/1725/1726 1690/1685/1686
f 1730/1725/1726 1731/1727/1727 1691/1688/1687
f 1732/1726/1728 1692/1687/1688 1691/1688/1687
f 1733/1728/1729 1693/1689/1689 1692/1687/1688
f 1734/1729/1730 1694/1690/1690 1693/1689/1689
f 1735/1730/1731 1695/1691/1691 1694/1690/1690
f 1736/1731/1732 1696/1692/1692 1695/1691/1691
f 1736/1731/1732 1737/1733/1733 1697/1693/1693
f 1738/1732/1734 1698/1694/1694 1697/1693/1693
f 1738/1732/1734 1739/1734/1735 1699/1695/1695
f 1739/1734/1735 1740/1736/1736 1700/1696/1696
f 1741/1735/1737 1701/1697/1697 1700/1696/1696
f 1742/1737/1738 1702/1698/1698 1701/1697/1697
f 1743/1738/1739 1703/1700/1699 1702/1698/1698
f 1743/1738/1739 1744/1740/1740 1704/1699/1700
f 1745/1739/1741 1705/1701/1701 1704/1699/1700
f 1746/1741/1742 1706/1702/1702 1705/1701/1701
f 1747/1742/1743 1707/1703/1703 1706/1702/1702
f 1748/1743/1744 1708/1704/1704 1707/1703/1703
f 1748/1743/1744 1749/1744/1745 1709/1705/1705
f 1749/1744/1745 1750/1746/1746 1710/1707/1706
f 1751/1745/1747 1711/1706/1707 1710/1707/1706
f 1752/1747/1748 1712/1708/1708 1711/1706/1707
f 1753/1748/1749 1713/1709/1709 1712/1708/1708
f 1754/1749/1750 1714/1710/1710 1713/1709/1709
f 1755/1750/1751 1715/1711/1711 1714/1710/1710
f 1756/1751/1752 1716/1712/1712 1715/1711/1711
f 1756/1751/1752 1757/1752/1753 1717/1713/1713
f 1757/1752/1753 1758/1753/1754 1718/1714/1714
f 1758/1753/1754 1759/1754/1755 1719/1715/1715
f 1759/1754/1755 1760/1795/1756 1720/1755/1716
f 1762/1756/1758 1722/1717/1718 1721/1716/1717
f 1763/1758/1759 1723/1718/1719 1722/1717/1718
f 1763/1758/1759 1764/1759/1760 1724/1719/1720
f 1764/1759/1760 1765/1761/1761 1725/1720/1721
f 1766/1760/1762 1726/1721/1722 1725/1720/1721
f 1767/1762/1763 1727/1722/1723 1726/1721/1722
f 1768/1763/1764 1728/1723/1724 1727/1722/1723
f 1768/1763/1764 1769/1764/1765 1729/1724/1725
f 1769/1764/1765 1770/1766/1766 1730/1725/1726
f 1771/1765/1767 1731/1727/1727 1730/1725/1726
f 1771/1765/1767 1772/1768/1768 1732/1726/1728
f 1773/1767/1769 1733/1728/1729 1732/1726/1728
f 1774/1769/1770 1734/1729/1730 1733/1728/1729
f 1775/1770/1771 1735/1730/1731 1734/1729/1730
f 1776/1771/1772 1736/1731/1732 1735/1730/1731
f 1777/1772/1773 1737/1733/1733 1736/1731/1732
f 1778/1773/1774 1738/1732/1734 1737/1733/1733
f 1779/1774/1775 1739/1734/1735 1738/1732/1734
f 1780/1775/1776 1740/1736/1736 1739/1734/1735
f 1781/1776/1777 1741/1735/1737 1740/1736/1736
f 1782/1777/1778 1742/1737/1738 1741/1735/1737
f 1783/1778/1779 1743/1738/1739 1742/1737/1738
f 1783/1778/1779 1784/1779/1780 1744/1740/1740
f 1784/1779/1780 1785/1781/1781 1745/1739/1741
f 1786/1780/1782 1746/1741/1742 1745/1739/1741
f 1787/1782/1783 1747/1742/1743 1746/1741/1742
f 1788/1783/1784 1748/1743/1744 1747/1742/1743
f 1789/1784/1785 1749/1744/1745 1748/1743/1744
f 1789/1784/1785 1790/1786/1786 1750/1746/1746
f 1791/1785/1787 1751/1745/1747 1750/1746/1746
f 1792/1787/1788 1752/1747/1748 1751/1745/1747
f 1793/1788/1789 1753/1748/1749 1752/1747/1748
f 1794/1789/1790 1754/1749/1750 1753/1748/1749
f 1795/1790/1791 1755/1750/1751 1754/1749/1750
f 1796/1791/1792 1756/1751/1752 1755/1750/1751
f 1796/1791/1792 1797/1792/1793 1757/1752/1753
f 1797/1792/1793 1798/1793/1794 1758/1753/1754
f 1798/1793/1794 1799/1794/1795 1759/1754/1755
f 1799/1794/1795 1800/1835/1796 1760/1795/1756
f 1802/1796/1798 1762/1756/1758 1761/1757/1757
f 1802/1796/1798 1803/1798/1799 1763/1758/1759
f 1803/1798/1799 1804/1799/1800 1764/1759/1760
f 1804/1799/1800 1805/1801/1801 1765/1761/1761
f 1806/1800/1802 1766/1760/1762 1765/1761/1761
f 1807/1802/1803 1767/1762/1763 1766/1760/1762
f 1807/1802/1803 1808/1803/1804 1768/1763/1764
f 1808/1803/1804 1809/1804/1805 1769/1764/1765
f 1809/1804/1805 1810/1806/1806 1770/1766/1766
f 1811/1805/1807 1771/1765/1767 1770/1766/1766
f 1811/1805/1807 1812/1808/1808 1772/1768/1768
f 1813/1807/1809 1773/1767/1769 1772/1768/1768
f 1814/1809/1810 1774/1769/1770 1773/1767/1769
f 1815/1810/1811 1775/1770/1771 1774/1769/1770
f 1816/1811/1812 1776/1771/1772 1775/1770/1771
f 1817/1812/1813 1777/1772/1773 1776/1771/1772
f 1818/1813/1814 1778/1773/1774 1777/1772/1773
f 1819/1814/1815 1779/1774/1775 1778/1773/1774
f 1820/1815/1816 1780/1775/1776 1779/1774/1775
f 1821/1816/1817 1781/1776/1777 1780/1775/1776
f 1822/1817/1818 1782/1777/1778 1781/1776/1777
f 1822/1817/1818 1823/1818/1819 1783/1778/1779
f 1823/1818/1819 1824/1819/1820 1784/1779/1780
f 1824/1819/1820 1825/1821/1821 1785/1781/1781
f 1826/1820/1822 1786/1780/1782 1785/1781/1781
f 1827/1822/1823 1787/1782/1783 1786/1780/1782
f 1828/1823/1824 1788/1783/1784 1787/1782/1783
f 1829/1824/1825 1789/1784/1785 1788/1783/1784
f 1830/1825/1826 1790/1786/1786 1789/1784/1785
f 1830/1825/1826 1831/1827/1827 1791/1785/1787
f 1832/1826/1828 1792/1787/1788 1791/1785/1787
f 1833/1828/1829 1793/1788/1789 1792/1787/1788
f 1834/1829/1830 1794/1789/1790 1793/1788/1789
f 1835/1830/1831 1795/1790/1791 1794/1789/1790
f 1836/1831/1832 1796/1791/1792 1795/1790/1791
f 1836/1831/1832 1837/1832/1833 1797/1792/1793
f 1837/1832/1833 1838/1833/1834 1798/1793/1794
f 1838/1833/1834 1839/1834/1835 1799/1794/1795
f 1839/1834/1835 1840/1875/1836 1800/1835/1796
f 1842/1836/1838 1802/1796/1798 1801/1797/1797
f 1843/1838/1839 1803/1798/1799 1802/1796/1798
f 1843/1838/1839 1844/1839/1840 1804/1799/1800
f 1844/1839/1840 1845/1840/1841 1805/1801/1801
f 1845/1840/1841 1846/1841/1842 1806/1800/1802
f 1846/1841/1842 1847/1843/1843 1807/1802/1803
f 1848/1842/1844 1808/1803/1804 1807/1802/1803
f 1848/1842/1844 1849/1845/1845 1809/1804/1805
f 1850/1844/1846 1810/1806/1806 1809/1804/1805
f 1850/1844/1846 1851/1847/1847 1811/1805/1807
f 1852/1846/1848 1812/1808/1808 1811/1805/1807
f 1852/1846/1848 1853/1849/1849 1813/1807/1809
f 1854/1848/1850 1814/1809/1810 1813/1807/1809
f 1855/1850/1851 1815/1810/1811 1814/1809/1810
f 1856/1851/1852 1816/1811/1812 1815/1810/1811
f 1857/1852/1853 1817/1812/1813 1816/1811/1812
f 1858/1853/1854 1818/1813/1814 1817/1812/1813
f 1859/1854/1855 1819/1814/1815 1818/1813/1814
f 1860/1855/1856 1820/1815/1816 1819/1814/1815
f 1861/1856/1857 1821/1816/1817 1820/1815/1816
f 1862/1857/1858 1822/1817/1818 1821/1816/1817
f 1862/1857/1858 1863/1858/1859 1823/1818/1819
f 1863/1858/1859 1864/1859/1860 1824/1819/1820
f 1864/1859/1860 1865/1861/1861 1825/1821/1821
f 1866/1860/1862 1826/1820/1822 1825/1821/1821
f 1867/1862/1863 1827/1822/1823 1826/1820/1822
f 1868/1863/1864 1828/1823/1824 1827/1822/1823
f 1869/1864/1865 1829/1824/1825 1828/1823/1824
f 1870/1865/1866 1830/1825/1826 1829/1824/1825
f 1871/1866/1867 1831/1827/1827 1830/1825/1826
f 1872/1867/1868 1832/1826/1828 1831/1827/1827
f 1873/1868/1869 1833/1828/1829 1832/1826/1828
f 1874/1869/1870 1834/1829/1830 1833/1828/1829
f 1875/1870/1871 1835/1830/1831 1834/1829/1830
f 1876/1871/1872 1836/1831/1832 1835/1830/1831
f 1877/1872/1873 1837/1832/1833 1836/1831/1832
f 1877/1872/1873 1878/1873/1874 1838/1833/1834
f 1878/1873/1874 1879/1874/1875 1839/1834/1835
f 1879/1874/1875 1880/1915/1876 1840/1875/1836
f 1881/1876/1877 1882/1878/1878 1842/1836/1838
f 1883/1877/1879 1843/1838/1839 1842/1836/1838
f 1883/1877/1879 1884/1879/1880 1844/1839/1840
f 1884/1879/1880 1885/1880/1881 1845/1840/1841
f 1885/1880/1881 1886/1881/1882 1846/1841/1842
f 1886/1881/1882 1887/1882/1883 1847/1843/1843
f 1887/1882/1883 1888/1884/1884 1848/1842/1844
f 1889/1883/1885 1849/1845/1845 1848/1842/1844
f 1889/1883/1885 1890/1885/1886 1850/1844/1846
f 1890/1885/1886 1891/1886/1887 1851/1847/1847
f 1891/1886/1887 1892/1888/1888 1852/1846/1848
f 1893/1887/1889 1853/1849/1849 1852/1846/1848
f 1893/1887/1889 1894/1889/1890 1854/1848/1850
f 1894/1889/1890 1895/1890/1891 1855/1850/1851
f 1895/1890/1891 1896/1892/1892 1856/1851/1852
f 1897/1891/1893 1857/1852/1853 1856/1851/1852
f 1898/1893/1894 1858/1853/1854 1857/1852/1853
f 1899/1894/1895 1859/1854/1855 1858/1853/1854
f 1900/1895/1896 1860/1855/1856 1859/1854/1855
f 1901/1896/1897 1861/1856/1857 1860/1855/1856
f 1902/1897/1898 1862/1857/1858 1861/1856/1857
f 1903/1898/1899 1863/1858/1859 1862/1857/1858
f 1903/1898/1899 1904/1899/1900 1864/1859/1860
f 1904/1899/1900 1905/1900/1901 1865/1861/1861
f 1905/1900/1901 1906/1902/1902 1866/1860/1862
f 1907/1901/1903 1867/1862/1863 1866/1860/1862
f 1908/1903/1904 1868/1863/1864 1867/1862/1863
f 1909/1904/1905 1869/1864/1865 1868/1863/1864
f 1910/1905/1906 1870/1865/1866 1869/1864/1865
f 1911/1906/1907 1871/1866/1867 1870/1865/1866
f 1912/1907/1908 1872/1867/1868 1871/1866/1867
f 1913/1908/1909 1873/1868/1869 1872/1867/1868
f 1914/1909/1910 1874/1869/1870 1873/1868/1869
f 1915/1910/1911 1875/1870/1871 1874/1869/1870
f 1916/1911/1912 1876/1871/1872 1875/1870/1871
f 1917/1912/1913 1877/1872/1873 1876/1871/1872
f 1917/1912/1913 1918/1913/1914 1878/1873/1874
f 1918/1913/1914 1919/1914/1915 1879/1874/1875
f 1919/1914/1915 1920/1955/1916 1880/1915/1876
f 1922/1916/1918 1882/1878/1878 1881/1876/1877
f 1922/1916/1918 1923/1918/1919 1883/1877/1879
f 1923/1918/1919 1924/1919/1920 1884/1879/1880
f 1924/1919/1920 1925/1920/1921 1885/1880/1881
f 1925/1920/1921 1926/1922/1922 1886/1881/1882
f 1927/1921/1923 1887/1882/1883 1886/1881/1882
f 1928/1923/1924 1888/1884/1884 1887/1882/1883
f 1929/1924/1925 1889/1883/1885 1888/1884/1884
f 1929/1924/1925 1930/1926/1926 1890/1885/1886
f 1931/1925/1927 1891/1886/1887 1890/1885/1886
f 1932/1927/1928 1892/1888/1888 1891/1886/1887
f 1932/1927/1928 1933/1929/1929 1893/1887/1889
f 1934/1928/1930 1894/1889/1890 1893/1887/1889
f 1935/1930/1931 1895/1890/1891 1894/1889/1890
f 1936/1931/1932 1896/1892/1892 1895/1890/1891
f 1937/1932/1933 1897/1891/1893 1896/1892/1892
f 1938/1933/1934 1898/1893/1894 1897/1891/1893
f 1939/1934/1935 1899/1894/1895 1898/1893/1894
f 1940/1935/1936 1900/1895/1896 1899/1894/1895
f 1941/1936/1937 1901/1896/1897 1900/1895/1896
f 1942/1937/1938 1902/1897/1898 1901/1896/1897
f 1943/1938/1939 1903/1898/1899 1902/1897/1898
f 1943/1938/1939 1944/1939/1940 1904/1899/1900
f 1944/1939/1940 1945/1941/1941 1905/1900/1901
f 1946/1940/1942 1906/1902/1902 1905/1900/1901
f 1947/1942/1943 1907/1901/1903 1906/1902/1902
f 1948/1943/1944 1908/1903/1904 1907/1901/1903
f 1949/1944/1945 1909/1904/1905 1908/1903/1904
f 1950/1945/1946 1910/1905/1906 1909/1904/1905
f 1950/1945/1946 1951/1947/1947 1911/1906/1907
f 1952/1946/1948 1912/1907/1908 1911/1906/1907
f 1953/1948/1949 1913/1908/1909 1912/1907/1908
f 1954/1949/1950 1914/1909/1910 1913/1908/1909
f 1955/1950/1951 1915/1910/1911 1914/1909/1910
f 1956/1951/1952 1916/1911/1912 1915/1910/1911
f 1957/1952/1953 1917/1912/1913 1916/1911/1912
f 1957/1952/1953 1958/1953/1954 1918/1913/1914
f 1958/1953/1954 1959/1954/1955 1919/1914/1915
f 1959/1954/1955 1960/1995/1956 1920/1955/1916
f 1962/1956/1958 1922/1916/1918 1921/1917/1917
f 1962/1956/1958 1963/1958/1959 1923/1918/1919
f 1963/1958/1959 1964/1959/1960 1924/1919/1920
f 1964/1959/1960 1965/1961/1961 1925/1920/1921
f 1966/1960/1962 1926/1922/1922 1925/1920/1921
f 1966/1960/1962 1967/1963/1963 1927/1921/1923
f 1968/1962/1964 1928/1923/1924 1927/1921/1923
f 1969/1964/1965 1929/1924/1925 1928/1923/1924
f 1970/1965/1966 1930/1926/1926 1929/1924/1925
f 1970/1965/1966 1971/1967/1967 1931/1925/1927
f 1972/1966/1968 1932/1927/1928 1931/1925/1927
f 1972/1966/1968 1973/1969/1969 1933/1929/1929
f 1974/1968/1970 1934/1928/1930 1933/1929/1929
f 1974/1968/1970 1975/1970/1971 1935/1930/1931
f 1975/1970/1971 1976/1972/1972 1936/1931/1932
f 1977/1971/1973 1937/1932/1933 1936/1931/1932
f 1978/1973/1974 1938/1933/1934 1937/1932/1933
f 1979/1974/1975 1939/1934/1935 1938/1933/1934
f 1980/1975/1976 1940/1935/1936 1939/1934/1935
f 1981/1976/1977 1941/1936/1937 1940/1935/1936
f 1982/1977/1978 1942/1937/1938 1941/1936/1937
f 1983/1978/1979 1943/1938/1939 1942/1937/1938
f 1983/1978/1979 1984/1979/1980 1944/1939/1940
f 1984/1979/1980 1985/1981/1981 1945/1941/1941
f 1986/1980/1982 1946/1940/1942 1945/1941/1941
f 1987/1982/1983 1947/1942/1943 1946/1940/1942
f 1988/1983/1984 1948/1943/1944 1947/1942/1943
f 1989/1984/1985 1949/1944/1945 1948/1943/1944
f 1990/1985/1986 1950/1945/1946 1949/1944/1945
f 1991/1986/1987 1951/1947/1947 1950/1945/1946
f 1992/1987/1988 1952/1946/1948 1951/1947/1947
f 1993/1988/1989 1953/1948/1949 1952/1946/1948
f 1994/1989/1990 1954/1949/1950 1953/1948/1949
f 1995/1990/1991 1955/1950/1951 1954/1949/1950
f 1996/1991/1992 1956/1951/1952 1955/1950/1951
f 1997/1992/1993 1957/1952/1953 1956/1951/1952
f 1997/1992/1993 1998/1993/1994 1958/1953/1954
f 1998/1993/1994 1999/1994/1995 1959/1954/1955
f 1999/1994/1995 2000/5113/1996 1960/1995/1956
f 2002/1996/1998 1962/1956/1958 1961/1957/1957
f 2003/1998/1999 1963/1958/1959 1962/1956/1958
f 2003/1998/1999 2004/2000/2000 1964/1959/1960
f 2005/1999/2001 1965/1961/1961 1964/1959/1960
f 2005/1999/2001 2006/2001/2002 1966/1960/1962
f 2006/2001/2002 2007/2003/2003 1967/1963/1963
f 2008/2002/2004 1968/1962/1964 1967/1963/1963
f 2009/2004/2005 1969/1964/1965 1968/1962/1964
f 2009/2004/2005 2010/2005/2006 1970/1965/1966
f 2010/2005/2006 2011/2007/2007 1971/1967/1967
f 2012/2006/2008 1972/1966/1968 1971/1967/1967
f 2013/2008/2009 1973/1969/1969 1972/1966/1968
f 2013/2008/2009 2014/2010/2010 1974/1968/1970
f 2015/2009/2011 1975/1970/1971 1974/1968/1970
f 2016/2011/2012 1976/1972/1972 1975/1970/1971
f 2016/2011/2012 2017/2013/2013 1977/1971/1973
f 2018/2012/2014 1978/1973/1974 1977/1971/1973
f 2019/2014/2015 1979/1974/1975 1978/1973/1974
f 2020/2015/2016 1980/1975/1976 1979/1974/1975
f 2021/2016/2017 1981/1976/1977 1980/1975/1976
f 2022/2017/2018 1982/1977/1978 1981/1976/1977
f 2023/2018/2019 1983/1978/1979 1982/1977/1978
f 2024/2019/2020 1984/1979/1980 1983/1978/1979
f 2024/2019/2020 2025/2020/2021 1985/1981/1981
f 2025/2020/2021 2026/2022/2022 1986/1980/1982
f 2027/2021/2023 1987/1982/1983 1986/1980/1982
f 2028/2023/2024 1988/1983/1984 1987/1982/1983
f 2029/2024/2025 1989/1984/1985 1988/1983/1984
f 2030/2025/2026 1990/1985/1986 1989/1984/1985
f 2031/2026/2027 1991/1986/1987 1990/1985/1986
f 2032/2027/2028 1992/1987/1988 1991/1986/1987
f 2033/2028/2029 1993/1988/1989 1992/1987/1988
f 2034/2029/2030 1994/1989/1990 1993/1988/1989
f 2035/2030/2031 1995/1990/1991 1994/1989/1990
f 2036/2031/2032 1996/1991/1992 1995/1990/1991
f 2037/2032/2033 1997/1992/1993 1996/1991/1992
f 2037/2032/2033 2038/2033/2034 1998/1993/1994
f 2038/2033/2034 2039/2035/2035 1999/1994/1995
f 2040/2034/2036 2000/5113/1996 1999/1994/1995
f 2041/2036/2037 2042/2037/2038 2002/1996/1998
f 2042/2037/2038 2043/2039/2039 2003/1998/1999
f 2044/2038/2040 2004/2000/2000 2003/1998/1999
f 2045/2040/2041 2005/1999/2001 2004/2000/2000
f 2045/2040/2041 2046/2041/2042 2006/2001/2002
f 2046/2041/2042 2047/2042/2043 2007/2003/2003
f 2047/2042/2043 2048/2043/2044 2008/2002/2004
f 2048/2043/2044 2049/2044/2045 2009/2004/2005
f 2049/2044/2045 2050/2046/2046 2010/2005/2006
f 2051/2045/2047 2011/2007/2007 2010/2005/2006
f 2051/2045/2047 2052/2048/2048 2012/2006/2008
f 2053/2047/2049 2013/2008/2009 2012/2006/2008
f 2053/2047/2049 2054/2050/2050 2014/2010/2010
f 2055/2049/2051 2015/2009/2011 2014/2010/2010
f 2055/2049/2051 2056/2052/2052 2016/2011/2012
f 2057/2051/2053 2017/2013/2013 2016/2011/2012
f 2057/2051/2053 2058/2054/2054 2018/2012/2014
f 2059/2053/2055 2019/2014/2015 2018/2012/2014
f 2060/2055/2056 2020/2015/2016 2019/2014/2015
f 2061/2056/2057 2021/2016/2017 2020/2015/2016
f 2062/2057/2058 2022/2017/2018 2021/2016/2017
f 2063/2058/2059 2023/2018/2019 2022/2017/2018
f 2064/2059/2060 2024/2019/2020 2023/2018/2019
f 2064/2059/2060 2065/2060/2061 2025/2020/2021
f 2065/2060/2061 2066/2062/2062 2026/2022/2022
f 2067/2061/2063 2027/2021/2023 2026/2022/2022
f 2067/2061/2063 2068/2064/2064 2028/2023/2024
f 2069/2063/2065 2029/2024/2025 2028/2023/2024
f 2070/2065/2066 2030/2025/2026 2029/2024/2025
f 2071/2066/2067 2031/2026/2027 2030/2025/2026
f 2072/2067/2068 2032/2027/2028 2031/2026/2027
f 2073/2068/2069 2033/2028/2029 2032/2027/2028
f 2074/2069/2070 2034/2029/2030 2033/2028/2029
f 2075/2070/2071 2035/2030/2031 2034/2029/2030
f 2076/2071/2072 2036/2031/2032 2035/2030/2031
f 2077/2072/2073 2037/2032/2033 2036/2031/2032
f 2077/2072/2073 2078/2073/2074 2038/2033/2034
f 2078/2073/2074 2079/2075/2075 2039/2035/2035
f 2080/2074/2076 2040/2034/2036 2039/2035/2035
f 2081/2076/2077 2082/2077/2078 2042/2037/2038
f 2082/2077/2078 2083/2079/2079 2043/2039/2039
f 2084/2078/2080 2044/2038/2040 2043/2039/2039
f 2085/2080/2081 2045/2040/2041 2044/2038/2040
f 2085/2080/2081 2086/2082/2082 2046/2041/2042
f 2087/2081/2083 2047/2042/2043 2046/2041/2042
f 2088/2083/2084 2048/2043/2044 2047/2042/2043
f 2088/2083/2084 2089/2084/2085 2049/2044/2045
f 2089/2084/2085 2090/2085/2086 2050/2046/2046
f 2090/2085/2086 2091/2086/2087 2051/2045/2047
f 2091/2086/2087 2092/2087/2088 2052/2048/2048
f 2092/2087/2088 2093/2088/2089 2053/2047/2049
f 2093/2088/2089 2094/2089/2090 2054/2050/2050
f 2094/2089/2090 2095/2091/2091 2055/2049/2051
f 2096/2090/2092 2056/2052/2052 2055/2049/2051
f 2096/2090/2092 2097/2093/2093 2057/2051/2053
f 2098/2092/2094 2058/2054/2054 2057/2051/2053
f 2098/2092/2094 2099/2095/2095 2059/2053/2055
f 2100/2094/2096 2060/2055/2056 2059/2053/2055
f 2101/2096/2097 2061/2056/2057 2060/2055/2056
f 2102/2097/2098 2062/2057/2058 2061/2056/2057
f 2103/2098/2099 2063/2058/2059 2062/2057/2058
f 2104/2099/2100 2064/2059/2060 2063/2058/2059
f 2105/2100/2101 2065/2060/2061 2064/2059/2060
f 2105/2100/2101 2106/2101/2102 2066/2062/2062
f 2106/2101/2102 2107/2103/2103 2067/2061/2063
f 2108/2102/2104 2068/2064/2064 2067/2061/2063
f 2108/2102/2104 2109/2104/2105 2069/2063/2065
f 2109/2104/2105 2110/2105/2106 2070/2065/2066
f 2110/2105/2106 2111/2106/2107 2071/2066/2067
f 2111/2106/2107 2112/2107/2108 2072/2067/2068
f 2112/2107/2108 2113/2108/2109 2073/2068/2069
f 2113/2108/2109 2114/2109/2110 2074/2069/2070
f 2114/2109/2110 2115/2111/2111 2075/2070/2071
f 2116/2110/2112 2076/2071/2072 2075/2070/2071
f 2117/2112/2113 2077/2072/2073 2076/2071/2072
f 2117/2112/2113 2118/2113/2114 2078/2073/2074
f 2118/2113/2114 2119/2115/2115 2079/2075/2075
f 2120/2114/2116 2080/2074/2076 2079/2075/2075
f 2121/2116/2117 2122/2118/2118 2082/2077/2078
f 2123/2117/2119 2083/2079/2079 2082/2077/2078
f 2124/2119/2120 2084/2078/2080 2083/2079/2079
f 2125/2120/2121 2085/2080/2081 2084/2078/2080
f 2126/2121/2122 2086/2082/2082 2085/2080/2081
f 2127/2122/2123 2087/2081/2083 2086/2082/2082
f 2128/2123/2124 2088/2083/2084 2087/2081/2083
f 2129/2124/2125 2089/2084/2085 2088/2083/2084
f 2129/2124/2125 2130/2126/2126 2090/2085/2086
f 2131/2125/2127 2091/2086/2087 2090/2085/2086
f 2132/2127/2128 2092/2087/2088 2091/2086/2087
f 2132/2127/2128 2133/2128/2129 2093/2088/2089
f 2133/2128/2129 2134/2130/2130 2094/2089/2090
f 2135/2129/2131 2095/2091/2091 2094/2089/2090
f 2136/2131/2132 2096/2090/2092 2095/2091/2091
f 2136/2131/2132 2137/2132/2133 2097/2093/2093
f 2137/2132/2133 2138/2133/2134 2098/2092/2094
f 2138/2133/2134 2139/2135/2135 2099/2095/2095
f 2140/2134/2136 2100/2094/2096 2099/2095/2095
f 2141/2136/2137 2101/2096/2097 2100/2094/2096
f 2141/2136/2137 2142/2137/2138 2102/2097/2098
f 2142/2137/2138 2143/2138/2139 2103/2098/2099
f 2143/2138/2139 2144/2139/2140 2104/2099/2100
f 2144/2139/2140 2145/2141/2141 2105/2100/2101
f 2146/2140/2142 2106/2101/2102 2105/2100/2101
f 2146/2140/2142 2147/2142/2143 2107/2103/2103
f 2147/2142/2143 2148/2144/2144 2108/2102/2104
f 2149/2143/2145 2109/2104/2105 2108/2102/2104
f 2149/2143/2145 2150/2146/2146 2110/2105/2106
f 2151/2145/2147 2111/2106/2107 2110/2105/2106
f 2152/2147/2148 2112/2107/2108 2111/2106/2107
f 2152/2147/2148 2153/2149/2149 2113/2108/2109
f 2154/2148/2150 2114/2109/2110 2113/2108/2109
f 2155/2150/2151 2115/2111/2111 2114/2109/2110
f 2155/2150/2151 2156/2152/2152 2116/2110/2112
f 2157/2151/2153 2117/2112/2113 2116/2110/2112
f 2158/2153/2154 2118/2113/2114 2117/2112/2113
f 2159/2154/2155 2119/2115/2115 2118/2113/2114
f 2159/2154/2155 2160/2194/2156 2120/2114/2116
f 2161/2155/2157 2162/2157/2158 2122/2118/2118
f 2163/2156/2159 2123/2117/2119 2122/2118/2118
f 2163/2156/2159 2164/2158/2160 2124/2119/2120
f 2164/2158/2160 2165/2160/2161 2125/2120/2121
f 2166/2159/2162 2126/2121/2122 2125/2120/2121
f 2167/2161/2163 2127/2122/2123 2126/2121/2122
f 2167/2161/2163 2168/2163/2164 2128/2123/2124
f 2169/2162/2165 2129/2124/2125 2128/2123/2124
f 2169/2162/2165 2170/2164/2166 2130/2126/2126
f 2170/2164/2166 2171/2165/2167 2131/2125/2127
f 2171/2165/2167 2172/2167/2168 2132/2127/2128
f 2173/2166/2169 2133/2128/2129 2132/2127/2128
f 2174/2168/2170 2134/2130/2130 2133/2128/2129
f 2174/2168/2170 2175/2169/2171 2135/2129/2131
f 2175/2169/2171 2176/2170/2172 2136/2131/2132
f 2176/2170/2172 2177/2172/2173 2137/2132/2133
f 2178/2171/2174 2138/2133/2134 2137/2132/2133
f 2179/2173/2175 2139/2135/2135 2138/2133/2134
f 2179/2173/2175 2180/2174/2176 2140/2134/2136
f 2180/2174/2176 2181/2175/2177 2141/2136/2137
f 2181/2175/2177 2182/2177/2178 2142/2137/2138
f 2183/2176/2179 2143/2138/2139 2142/2137/2138
f 2183/2176/2179 2184/2179/2180 2144/2139/2140
f 2185/2178/2181 2145/2141/2141 2144/2139/2140
f 2185/2178/2181 2186/2180/2182 2146/2140/2142
f 2186/2180/2182 2187/2182/2183 2147/2142/2143
f 2188/2181/2184 2148/2144/2144 2147/2142/2143
f 2189/2183/2185 2149/2143/2145 2148/2144/2144
f 2189/2183/2185 2190/2184/2186 2150/2146/2146
f 2190/2184/2186 2191/2186/2187 2151/2145/2147
f 2192/2185/2188 2152/2147/2148 2151/2145/2147
f 2192/2185/2188 2193/2188/2189 2153/2149/2149
f 2194/2187/2190 2154/2148/2150 2153/2149/2149
f 2194/2187/2190 2195/2189/2191 2155/2150/2151
f 2195/2189/2191 2196/2191/2192 2156/2152/2152
f 2197/2190/2193 2157/2151/2153 2156/2152/2152
f 2198/2192/2194 2158/2153/2154 2157/2151/2153
f 2199/2193/2195 2159/2154/2155 2158/2153/2154
f 2199/2193/2195 2200/2234/2196 2160/2194/2156
f 2202/2195/2198 2162/2157/2158 2161/2155/2157
f 2202/2195/2198 2203/2197/2199 2163/2156/2159
f 2203/2197/2199 2204/2198/2200 2164/2158/2160
f 2204/2198/2200 2205/2200/2201 2165/2160/2161
f 2206/2199/2202 2166/2159/2162 2165/2160/2161
f 2207/2201/2203 2167/2161/2163 2166/2159/2162
f 2208/2202/2204 2168/2163/2164 2167/2161/2163
f 2209/2203/2205 2169/2162/2165 2168/2163/2164
f 2210/2204/2206 2170/2164/2166 2169/2162/2165
f 2210/2204/2206 2211/2206/2207 2171/2165/2167
f 2212/2205/2208 2172/2167/2168 2171/2165/2167
f 2212/2205/2208 2213/2208/2209 2173/2166/2169
f 2214/2207/2210 2174/2168/2170 2173/2166/2169
f 2214/2207/2210 2215/2210/2211 2175/2169/2171
f 2216/2209/2212 2176/2170/2172 2175/2169/2171
f 2216/2209/2212 2217/2212/2213 2177/2172/2173
f 2218/2211/2214 2178/2171/2174 2177/2172/2173
f 2218/2211/2214 2219/2214/2215 2179/2173/2175
f 2220/2213/2216 2180/2174/2176 2179/2173/2175
f 2220/2213/2216 2221/2215/2217 2181/2175/2177
f 2221/2215/2217 2222/2217/2218 2182/2177/2178
f 2223/2216/2219 2183/2176/2179 2182/2177/2178
f 2224/2218/2220 2184/2179/2180 2183/2176/2179
f 2224/2218/2220 2225/2220/2221 2185/2178/2181
f 2226/2219/2222 2186/2180/2182 2185/2178/2181
f 2227/2221/2223 2187/2182/2183 2186/2180/2182
f 2227/2221/2223 2228/2223/2224 2188/2181/2184
f 2229/2222/2225 2189/2183/2185 2188/2181/2184
f 2229/2222/2225 2230/2225/2226 2190/2184/2186
f 2231/2224/2227 2191/2186/2187 2190/2184/2186
f 2232/2226/2228 2192/2185/2188 2191/2186/2187
f 2232/2226/2228 2233/2228/2229 2193/2188/2189
f 2234/2227/2230 2194/2187/2190 2193/2188/2189
f 2234/2227/2230 2235/2229/2231 2195/2189/2191
f 2235/2229/2231 2236/2231/2232 2196/2191/2192
f 2237/2230/2233 2197/2190/2193 2196/2191/2192
f 2237/2230/2233 2238/2233/2234 2198/2192/2194
f 2239/2232/2235 2199/2193/2195 2198/2192/2194
f 2239/2232/2235 2240/5114/2236 2200/2234/2196
f 2242/2235/2238 2202/2195/2198 2201/2196/2197
f 2242/2235/2238 2243/2237/2239 2203/2197/2199
f 2243/2237/2239 2244/2238/2240 2204/2198/2200
f 2244/2238/2240 2245/2239/2241 2205/2200/2201
f 2245/2239/2241 2246/2241/2242 2206/2199/2202
f 2247/2240/2243 2207/2201/2203 2206/2199/2202
f 2247/2240/2243 2248/2242/2244 2208/2202/2204
f 2248/2242/2244 2249/2243/2245 2209/2203/2205
f 2249/2243/2245 2250/2244/2246 2210/2204/2206
f 2250/2244/2246 2251/2246/2247 2211/2206/2207
f 2252/2245/2248 2212/2205/2208 2211/2206/2207
f 2253/2247/2249 2213/2208/2209 2212/2205/2208
f 2253/2247/2249 2254/2248/2250 2214/2207/2210
f 2254/2248/2250 2255/2250/2251 2215/2210/2211
f 2256/2249/2252 2216/2209/2212 2215/2210/2211
f 2257/2251/2253 2217/2212/2213 2216/2209/2212
f 2257/2251/2253 2258/2253/2254 2218/2211/2214
f 2259/2252/2255 2219/2214/2215 2218/2211/2214
f 2260/2254/2256 2220/2213/2216 2219/2214/2215
f 2261/2255/2257 2221/2215/2217 2220/2213/2216
f 2262/2256/2258 2222/2217/2218 2221/2215/2217
f 2262/2256/2258 2263/2257/2259 2223/2216/2219
f 2263/2257/2259 2264/2259/2260 2224/2218/2220
f 2265/2258/2261 2225/2220/2221 2224/2218/2220
f 2265/2258/2261 2266/2261/2262 2226/2219/2222
f 2267/2260/2263 2227/2221/2223 2226/2219/2222
f 2267/2260/2263 2268/2262/2264 2228/2223/2224
f 2268/2262/2264 2269/2263/2265 2229/2222/2225
f 2269/2263/2265 2270/2265/2266 2230/2225/2226
f 2271/2264/2267 2231/2224/2227 2230/2225/2226
f 2272/2266/2268 2232/2226/2228 2231/2224/2227
f 2272/2266/2268 2273/2267/2269 2233/2228/2229
f 2273/2267/2269 2274/2268/2270 2234/2227/2230
f 2274/2268/2270 2275/2269/2271 2235/2229/2231
f 2275/2269/2271 2276/2270/2272 2236/2231/2232
f 2276/2270/2272 2277/2271/2273 2237/2230/2233
f 2277/2271/2273 2278/2272/2274 2238/2233/2234
f 2278/2272/2274 2279/2274/2275 2239/2232/2235
f 2280/2273/2276 2240/5114/2236 2239/2232/2235
f 2282/2275/2278 2242/2235/2238 2241/2236/2237
f 2282/2275/2278 2283/2277/2279 2243/2237/2239
f 2283/2277/2279 2284/2279/2280 2244/2238/2240
f 2285/2278/2281 2245/2239/2241 2244/2238/2240
f 2285/2278/2281 2286/2281/2282 2246/2241/2242
f 2287/2280/2283 2247/2240/2243 2246/2241/2242
f 2288/2282/2284 2248/2242/2244 2247/2240/2243
f 2289/2283/2285 2249/2243/2245 2248/2242/2244
f 2289/2283/2285 2290/2284/2286 2250/2244/2246
f 2290/2284/2286 2291/2286/2287 2251/2246/2247
f 2292/2285/2288 2252/2245/2248 2251/2246/2247
f 2292/2285/2288 2293/2287/2289 2253/2247/2249
f 2293/2287/2289 2294/2289/2290 2254/2248/2250
f 2295/2288/2291 2255/2250/2251 2254/2248/2250
f 2296/2290/2292 2256/2249/2252 2255/2250/2251
f 2297/2291/2293 2257/2251/2253 2256/2249/2252
f 2297/2291/2293 2298/2293/2294 2258/2253/2254
f 2299/2292/2295 2259/2252/2255 2258/2253/2254
f 2299/2292/2295 2300/2295/2296 2260/2254/2256
f 2301/2294/2297 2261/2255/2257 2260/2254/2256
f 2301/2294/2297 2302/2297/2298 2262/2256/2258
f 2303/2296/2299 2263/2257/2259 2262/2256/2258
f 2304/2298/2300 2264/2259/2260 2263/2257/2259
f 2304/2298/2300 2305/2300/2301 2265/2258/2261
f 2306/2299/2302 2266/2261/2262 2265/2258/2261
f 2306/2299/2302 2307/2302/2303 2267/2260/2263
f 2308/2301/2304 2268/2262/2264 2267/2260/2263
f 2309/2303/2305 2269/2263/2265 2268/2262/2264
f 2309/2303/2305 2310/2304/2306 2270/2265/2266
f 2310/2304/2306 2311/2305/2307 2271/2264/2267
f 2311/2305/2307 2312/2306/2308 2272/2266/2268
f 2312/2306/2308 2313/2308/2309 2273/2267/2269
f 2314/2307/2310 2274/2268/2270 2273/2267/2269
f 2315/2309/2311 2275/2269/2271 2274/2268/2270
f 2316/2310/2312 2276/2270/2272 2275/2269/2271
f 2316/2310/2312 2317/2311/2313 2277/2271/2273
f 2317/2311/2313 2318/2312/2314 2278/2272/2274
f 2318/2312/2314 2319/2314/2315 2279/2274/2275
f 2320/2313/2316 2280/2273/2276 2279/2274/2275
f 2321/2315/2317 2322/2317/2318 2282/2275/2278
f 2323/2316/2319 2283/2277/2279 2282/2275/2278
f 2324/2318/2320 2284/2279/2280 2283/2277/2279
f 2324/2318/2320 2325/2319/2321 2285/2278/2281
f 2325/2319/2321 2326/2321/2322 2286/2281/2282
f 2327/2320/2323 2287/2280/2283 2286/2281/2282
f 2328/2322/2324 2288/2282/2284 2287/2280/2283
f 2329/2323/2325 2289/2283/2285 2288/2282/2284
f 2330/2324/2326 2290/2284/2286 2289/2283/2285
f 2331/2325/2327 2291/2286/2287 2290/2284/2286
f 2331/2325/2327 2332/2327/2328 2292/2285/2288
f 2333/2326/2329 2293/2287/2289 2292/2285/2288
f 2334/2328/2330 2294/2289/2290 2293/2287/2289
f 2334/2328/2330 2335/2329/2331 2295/2288/2291
f 2335/2329/2331 2336/2330/2332 2296/2290/2292
f 2336/2330/2332 2337/2332/2333 2297/2291/2293
f 2338/2331/2334 2298/2293/2294 2297/2291/2293
f 2338/2331/2334 2339/2334/2335 2299/2292/2295
f 2340/2333/2336 2300/2295/2296 2299/2292/2295
f 2341/2335/2337 2301/2294/2297 2300/2295/2296
f 2342/2336/2338 2302/2297/2298 2301/2294/2297
f 2342/2336/2338 2343/2337/2339 2303/2296/2299
f 2343/2337/2339 2344/2338/2340 2304/2298/2300
f 2344/2338/2340 2345/2339/2341 2305/2300/2301
f 2345/2339/2341 2346/2341/2342 2306/2299/2302
f 2347/2340/2343 2307/2302/2303 2306/2299/2302
f 2348/2342/2344 2308/2301/2304 2307/2302/2303
f 2348/2342/2344 2349/2343/2345 2309/2303/2305
f 2349/2343/2345 2350/2345/2346 2310/2304/2306
f 2351/2344/2347 2311/2305/2307 2310/2304/2306
f 2351/2344/2347 2352/2347/2348 2312/2306/2308
f 2353/2346/2349 2313/2308/2309 2312/2306/2308
f 2353/2346/2349 2354/2349/2350 2314/2307/2310
f 2355/2348/2351 2315/2309/2311 2314/2307/2310
f 2356/2350/2352 2316/2310/2312 2315/2309/2311
f 2356/2350/2352 2357/2351/2353 2317/2311/2313
f 2357/2351/2353 2358/2352/2354 2318/2312/2314
f 2358/2352/2354 2359/2354/2355 2319/2314/2315
f 2360/2353/2356 2320/2313/2316 2319/2314/2315
f 2361/2355/2357 2362/2357/2358 2322/2317/2318
f 2363/2356/2359 2323/2316/2319 2322/2317/2318
f 2364/2358/2360 2324/2318/2320 2323/2316/2319
f 2364/2358/2360 2365/2359/2361 2325/2319/2321
f 2365/2359/2361 2366/2361/2362 2326/2321/2322
f 2367/2360/2363 2327/2320/2323 2326/2321/2322
f 2367/2360/2363 2368/2363/2364 2328/2322/2324
f 2369/2362/2365 2329/2323/2325 2328/2322/2324
f 2370/2364/2366 2330/2324/2326 2329/2323/2325
f 2371/2365/2367 2331/2325/2327 2330/2324/2326
f 2372/2366/2368 2332/2327/2328 2331/2325/2327
f 2372/2366/2368 2373/2367/2369 2333/2326/2329
f 2373/2367/2369 2374/2368/2370 2334/2328/2330
f 2374/2368/2370 2375/2369/2371 2335/2329/2331
f 2375/2369/2371 2376/2371/2372 2336/2330/2332
f 2377/2370/2373 2337/2332/2333 2336/2330/2332
f 2377/2370/2373 2378/2372/2374 2338/2331/2334
f 2378/2372/2374 2379/2374/2375 2339/2334/2335
f 2380/2373/2376 2340/2333/2336 2339/2334/2335
f 2381/2375/2377 2341/2335/2337 2340/2333/2336
f 2381/2375/2377 2382/2376/2378 2342/2336/2338
f 2382/2376/2378 2383/2378/2379 2343/2337/2339
f 2384/2377/2380 2344/2338/2340 2343/2337/2339
f 2384/2377/2380 2385/2380/2381 2345/2339/2341
f 2386/2379/2382 2346/2341/2342 2345/2339/2341
f 2386/2379/2382 2387/2381/2383 2347/2340/2343
f 2387/2381/2383 2388/2382/2384 2348/2342/2344
f 2388/2382/2384 2389/2383/2385 2349/2343/2345
f 2389/2383/2385 2390/2384/2386 2350/2345/2346
f 2390/2384/2386 2391/2385/2387 2351/2344/2347
f 2391/2385/2387 2392/2387/2388 2352/2347/2348
f 2393/2386/2389 2353/2346/2349 2352/2347/2348
f 2394/2388/2390 2354/2349/2350 2353/2346/2349
f 2395/2389/2391 2355/2348/2351 2354/2349/2350
f 2396/2390/2392 2356/2350/2352 2355/2348/2351
f 2396/2390/2392 2397/2392/2393 2357/2351/2353
f 2398/2391/2394 2358/2352/2354 2357/2351/2353
f 2399/2393/2395 2359/2354/2355 2358/2352/2354
f 2399/2393/2395 2400/5115/2396 2360/2353/2356
f 2401/2394/2397 2402/2396/2398 2362/2357/2358
f 2403/2395/2399 2363/2356/2359 2362/2357/2358
f 2404/2397/2400 2364/2358/2360 2363/2356/2359
f 2405/2398/2401 2365/2359/2361 2364/2358/2360
f 2406/2399/2402 2366/2361/2362 2365/2359/2361
f 2407/2400/2403 2367/2360/2363 2366/2361/2362
f 2408/2401/2404 2368/2363/2364 2367/2360/2363
f 2409/2402/2405 2369/2362/2365 2368/2363/2364
f 2409/2402/2405 2410/2403/2406 2370/2364/2366
f 2410/2403/2406 2411/2405/2407 2371/2365/2367
f 2412/2404/2408 2372/2366/2368 2371/2365/2367
f 2412/2404/2408 2413/2407/2409 2373/2367/2369
f 2414/2406/2410 2374/2368/2370 2373/2367/2369
f 2415/2408/2411 2375/2369/2371 2374/2368/2370
f 2416/2409/2412 2376/2371/2372 2375/2369/2371
f 2416/2409/2412 2417/2411/2413 2377/2370/2373
f 2418/2410/2414 2378/2372/2374 2377/2370/2373
f 2419/2412/2415 2379/2374/2375 2378/2372/2374
f 2419/2412/2415 2420/2413/2416 2380/2373/2376
f 2420/2413/2416 2421/2415/2417 2381/2375/2377
f 2422/2414/2418 2382/2376/2378 2381/2375/2377
f 2422/2414/2418 2423/2417/2419 2383/2378/2379
f 2424/2416/2420 2384/2377/2380 2383/2378/2379
f 2424/2416/2420 2425/2419/2421 2385/2380/2381
f 2426/2418/2422 2386/2379/2382 2385/2380/2381
f 2426/2418/2422 2427/2420/2423 2387/2381/2383
f 2427/2420/2423 2428/2422/2424 2388/2382/2384
f 2429/2421/2425 2389/2383/2385 2388/2382/2384
f 2429/2421/2425 2430/2424/2426 2390/2384/2386
f 2431/2423/2427 2391/2385/2387 2390/2384/2386
f 2431/2423/2427 2432/2426/2428 2392/2387/2388
f 2433/2425/2429 2393/2386/2389 2392/2387/2388
f 2433/2425/2429 2434/2427/2430 2394/2388/2390
f 2434/2427/2430 2435/2429/2431 2395/2389/2391
f 2436/2428/2432 2396/2390/2392 2395/2389/2391
f 2436/2428/2432 2437/2431/2433 2397/2392/2393
f 2438/2430/2434 2398/2391/2394 2397/2392/2393
f 2439/2432/2435 2399/2393/2395 2398/2391/2394
f 2440/2433/2436 2400/5115/2396 2399/2393/2395
f 2442/2434/2438 2402/2396/2398 2401/2394/2397
f 2443/2436/2439 2403/2395/2399 2402/2396/2398
f 2444/2437/2440 2404/2397/2400 2403/2395/2399
f 2445/2438/2441 2405/2398/2401 2404/2397/2400
f 2445/2438/2441 2446/2439/2442 2406/2399/2402
f 2446/2439/2442 2447/2441/2443 2407/2400/2403
f 2448/2440/2444 2408/2401/2404 2407/2400/2403
f 2449/2442/2445 2409/2402/2405 2408/2401/2404
f 2450/2443/2446 2410/2403/2406 2409/2402/2405
f 2451/2444/2447 2411/2405/2407 2410/2403/2406
f 2451/2444/2447 2452/2446/2448 2412/2404/2408
f 2453/2445/2449 2413/2407/2409 2412/2404/2408
f 2454/2447/2450 2414/2406/2410 2413/2407/2409
f 2454/2447/2450 2455/2449/2451 2415/2408/2411
f 2456/2448/2452 2416/2409/2412 2415/2408/2411
f 2456/2448/2452 2457/2451/2453 2417/2411/2413
f 2458/2450/2454 2418/2410/2414 2417/2411/2413
f 2459/2452/2455 2419/2412/2415 2418/2410/2414
f 2459/2452/2455 2460/2454/2456 2420/2413/2416
f 2461/2453/2457 2421/2415/2417 2420/2413/2416
f 2461/2453/2457 2462/2456/2458 2422/2414/2418
f 2463/2455/2459 2423/2417/2419 2422/2414/2418
f 2463/2455/2459 2464/2458/2460 2424/2416/2420
f 2465/2457/2461 2425/2419/2421 2424/2416/2420
f 2465/2457/2461 2466/2459/2462 2426/2418/2422
f 2466/2459/2462 2467/2461/2463 2427/2420/2423
f 2468/2460/2464 2428/2422/2424 2427/2420/2423
f 2469/2462/2465 2429/2421/2425 2428/2422/2424
f 2469/2462/2465 2470/2463/2466 2430/2424/2426
f 2470/2463/2466 2471/2464/2467 2431/2423/2427
f 2471/2464/2467 2472/2466/2468 2432/2426/2428
f 2473/2465/2469 2433/2425/2429 2432/2426/2428
f 2474/2467/2470 2434/2427/2430 2433/2425/2429
f 2474/2467/2470 2475/2469/2471 2435/2429/2431
f 2476/2468/2472 2436/2428/2432 2435/2429/2431
f 2476/2468/2472 2477/2471/2473 2437/2431/2433
f 2478/2470/2474 2438/2430/2434 2437/2431/2433
f 2479/2472/2475 2439/2432/2435 2438/2430/2434
f 2480/2473/2476 2440/2433/2436 2439/2432/2435
f 2482/2474/2478 2442/2434/2438 2441/2435/2437
f 2483/2476/2479 2443/2436/2439 2442/2434/2438
f 2484/2477/2480 2444/2437/2440 2443/2436/2439
f 2484/2477/2480 2485/2478/2481 2445/2438/2441
f 2485/2478/2481 2486/2479/2482 2446/2439/2442
f 2486/2479/2482 2487/2480/2483 2447/2441/2443
f 2487/2480/2483 2488/2482/2484 2448/2440/2444
f 2489/2481/2485 2449/2442/2445 2448/2440/2444
f 2490/2483/2486 2450/2443/2446 2449/2442/2445
f 2490/2483/2486 2491/2484/2487 2451/2444/2447
f 2491/2484/2487 2492/2486/2488 2452/2446/2448
f 2493/2485/2489 2453/2445/2449 2452/2446/2448
f 2494/2487/2490 2454/2447/2450 2453/2445/2449
f 2494/2487/2490 2495/2488/2491 2455/2449/2451
f 2495/2488/2491 2496/2490/2492 2456/2448/2452
f 2497/2489/2493 2457/2451/2453 2456/2448/2452
f 2497/2489/2493 2498/2491/2494 2458/2450/2454
f 2498/2491/2494 2499/2493/2495 2459/2452/2455
f 2500/2492/2496 2460/2454/2456 2459/2452/2455
f 2500/2492/2496 2501/2495/2497 2461/2453/2457
f 2502/2494/2498 2462/2456/2458 2461/2453/2457
f 2502/2494/2498 2503/2497/2499 2463/2455/2459
f 2504/2496/2500 2464/2458/2460 2463/2455/2459
f 2504/2496/2500 2505/2499/2501 2465/2457/2461
f 2506/2498/2502 2466/2459/2462 2465/2457/2461
f 2507/2500/2503 2467/2461/2463 2466/2459/2462
f 2507/2500/2503 2508/2502/2504 2468/2460/2464
f 2509/2501/2505 2469/2462/2465 2468/2460/2464
f 2509/2501/2505 2510/2504/2506 2470/2463/2466
f 2511/2503/2507 2471/2464/2467 2470/2463/2466
f 2512/2505/2508 2472/2466/2468 2471/2464/2467
f 2513/2506/2509 2473/2465/2469 2472/2466/2468
f 2513/2506/2509 2514/2508/2510 2474/2467/2470
f 2515/2507/2511 2475/2469/2471 2474/2467/2470
f 2516/2509/2512 2476/2468/2472 2475/2469/2471
f 2516/2509/2512 2517/2510/2513 2477/2471/2473
f 2517/2510/2513 2518/2512/2514 2478/2470/2474
f 2519/2511/2515 2479/2472/2475 2478/2470/2474
f 2520/2513/2516 2480/2473/2476 2479/2472/2475
f 2522/2514/2518 2482/2474/2478 2481/2475/2477
f 2523/2516/2519 2483/2476/2479 2482/2474/2478
f 2524/2517/2520 2484/2477/2480 2483/2476/2479
f 2524/2517/2520 2525/2518/2521 2485/2478/2481
f 2525/2518/2521 2526/2520/2522 2486/2479/2482
f 2527/2519/2523 2487/2480/2483 2486/2479/2482
f 2528/2521/2524 2488/2482/2484 2487/2480/2483
f 2528/2521/2524 2529/2523/2525 2489/2481/2485
f 2530/2522/2526 2490/2483/2486 2489/2481/2485
f 2530/2522/2526 2531/2525/2527 2491/2484/2487
f 2532/2524/2528 2492/2486/2488 2491/2484/2487
f 2533/2526/2529 2493/2485/2489 2492/2486/2488
f 2534/2527/2530 2494/2487/2490 2493/2485/2489
f 2534/2527/2530 2535/2529/2531 2495/2488/2491
f 2536/2528/2532 2496/2490/2492 2495/2488/2491
f 2537/2530/2533 2497/2489/2493 2496/2490/2492
f 2538/2531/2534 2498/2491/2494 2497/2489/2493
f 2538/2531/2534 2539/2533/2535 2499/2493/2495
f 2540/2532/2536 2500/2492/2496 2499/2493/2495
f 2541/2534/2537 2501/2495/2497 2500/2492/2496
f 2542/2535/2538 2502/2494/2498 2501/2495/2497
f 2542/2535/2538 2543/2537/2539 2503/2497/2499
f 2544/2536/2540 2504/2496/2500 2503/2497/2499
f 2544/2536/2540 2545/2539/2541 2505/2499/2501
f 2546/2538/2542 2506/2498/2502 2505/2499/2501
f 2547/2540/2543 2507/2500/2503 2506/2498/2502
f 2547/2540/2543 2548/2542/2544 2508/2502/2504
f 2549/2541/2545 2509/2501/2505 2508/2502/2504
f 2550/2543/2546 2510/2504/2506 2509/2501/2505
f 2550/2543/2546 2551/2544/2547 2511/2503/2507
f 2551/2544/2547 2552/2545/2548 2512/2505/2508
f 2552/2545/2548 2553/2546/2549 2513/2506/2509
f 2553/2546/2549 2554/2548/2550 2514/2508/2510
f 2555/2547/2551 2515/2507/2511 2514/2508/2510
f 2556/2549/2552 2516/2509/2512 2515/2507/2511
f 2556/2549/2552 2557/2550/2553 2517/2510/2513
f 2557/2550/2553 2558/2552/2554 2518/2512/2514
f 2559/2551/2555 2519/2511/2515 2518/2512/2514
f 2560/2553/2556 2520/2513/2516 2519/2511/2515
f 2562/2554/2558 2522/2514/2518 2521/2515/2517
f 2563/2556/2559 2523/2516/2519 2522/2514/2518
f 2564/2557/2560 2524/2517/2520 2523/2516/2519
f 2565/2558/2561 2525/2518/2521 2524/2517/2520
f 2566/2559/2562 2526/2520/2522 2525/2518/2521
f 2567/2560/2563 2527/2519/2523 2526/2520/2522
f 2568/2561/2564 2528/2521/2524 2527/2519/2523
f 2569/2562/2565 2529/2523/2525 2528/2521/2524
f 2569/2562/2565 2570/2564/2566 2530/2522/2526
f 2571/2563/2567 2531/2525/2527 2530/2522/2526
f 2572/2565/2568 2532/2524/2528 2531/2525/2527
f 2573/2566/2569 2533/2526/2529 2532/2524/2528
f 2574/2567/2570 2534/2527/2530 2533/2526/2529
f 2575/2568/2571 2535/2529/2531 2534/2527/2530
f 2575/2568/2571 2576/2570/2572 2536/2528/2532
f 2577/2569/2573 2537/2530/2533 2536/2528/2532
f 2578/2571/2574 2538/2531/2534 2537/2530/2533
f 2579/2572/2575 2539/2533/2535 2538/2531/2534
f 2580/2573/2576 2540/2532/2536 2539/2533/2535
f 2581/2574/2577 2541/2534/2537 2540/2532/2536
f 2581/2574/2577 2582/2575/2578 2542/2535/2538
f 2582/2575/2578 2583/2576/2579 2543/2537/2539
f 2583/2576/2579 2584/2578/2580 2544/2536/2540
f 2585/2577/2581 2545/2539/2541 2544/2536/2540
f 2585/2577/2581 2586/2580/2582 2546/2538/2542
f 2587/2579/2583 2547/2540/2543 2546/2538/2542
f 2587/2579/2583 2588/2581/2584 2548/2542/2544
f 2588/2581/2584 2589/2583/2585 2549/2541/2545
f 2590/2582/2586 2550/2543/2546 2549/2541/2545
f 2591/2584/2587 2551/2544/2547 2550/2543/2546
f 2591/2584/2587 2592/2585/2588 2552/2545/2548
f 2592/2585/2588 2593/2586/2589 2553/2546/2549
f 2593/2586/2589 2594/2588/2590 2554/2548/2550
f 2595/2587/2591 2555/2547/2551 2554/2548/2550
f 2596/2589/2592 2556/2549/2552 2555/2547/2551
f 2596/2589/2592 2597/2590/2593 2557/2550/2553
f 2597/2590/2593 2598/2592/2594 2558/2552/2554
f 2599/2591/2595 2559/2551/2555 2558/2552/2554
f 2600/2593/2596 2560/2553/2556 2559/2551/2555
f 2602/2594/2598 2562/2554/2558 2561/2555/2557
f 2602/2594/2598 2603/2596/2599 2563/2556/2559
f 2603/2596/2599 2604/2598/2600 2564/2557/2560
f 2605/2597/2601 2565/2558/2561 2564/2557/2560
f 2606/2599/2602 2566/2559/2562 2565/2558/2561
f 2607/2600/2603 2567/2560/2563 2566/2559/2562
f 2607/2600/2603 2608/2602/2604 2568/2561/2564
f 2609/2601/2605 2569/2562/2565 2568/2561/2564
f 2610/2603/2606 2570/2564/2566 2569/2562/2565
f 2611/2604/2607 2571/2563/2567 2570/2564/2566
f 2612/2605/2608 2572/2565/2568 2571/2563/2567
f 2613/2606/2609 2573/2566/2569 2572/2565/2568
f 2614/2607/2610 2574/2567/2570 2573/2566/2569
f 2615/2608/2611 2575/2568/2571 2574/2567/2570
f 2616/2609/2612 2576/2570/2572 2575/2568/2571
f 2616/2609/2612 2617/2610/2613 2577/2569/2573
f 2617/2610/2613 2618/2612/2614 2578/2571/2574
f 2619/2611/2615 2579/2572/2575 2578/2571/2574
f 2620/2613/2616 2580/2573/2576 2579/2572/2575
f 2620/2613/2616 2621/2614/2617 2581/2574/2577
f 2621/2614/2617 2622/2616/2618 2582/2575/2578
f 2623/2615/2619 2583/2576/2579 2582/2575/2578
f 2623/2615/2619 2624/2618/2620 2584/2578/2580
f 2625/2617/2621 2585/2577/2581 2584/2578/2580
f 2625/2617/2621 2626/2620/2622 2586/2580/2582
f 2627/2619/2623 2587/2579/2583 2586/2580/2582
f 2628/2621/2624 2588/2581/2584 2587/2579/2583
f 2628/2621/2624 2629/2622/2625 2589/2583/2585
f 2629/2622/2625 2630/2624/2626 2590/2582/2586
f 2631/2623/2627 2591/2584/2587 2590/2582/2586
f 2631/2623/2627 2632/2625/2628 2592/2585/2588
f 2632/2625/2628 2633/2626/2629 2593/2586/2589
f 2633/2626/2629 2634/2628/2630 2594/2588/2590
f 2635/2627/2631 2595/2587/2591 2594/2588/2590
f 2636/2629/2632 2596/2589/2592 2595/2587/2591
f 2636/2629/2632 2637/2630/2633 2597/2590/2593
f 2637/2630/2633 2638/2632/2634 2598/2592/2594
f 2639/2631/2635 2599/2591/2595 2598/2592/2594
f 2640/2633/2636 2600/2593/2596 2599/2591/2595
f 2642/2634/2638 2602/2594/2598 2601/2595/2597
f 2642/2634/2638 2643/2636/2639 2603/2596/2599
f 2643/2636/2639 2644/2638/2640 2604/2598/2600
f 2645/2637/2641 2605/2597/2601 2604/2598/2600
f 2646/2639/2642 2606/2599/2602 2605/2597/2601
f 2647/2640/2643 2607/2600/2603 2606/2599/2602
f 2647/2640/2643 2648/2642/2644 2608/2602/2604
f 2649/2641/2645 2609/2601/2605 2608/2602/2604
f 2650/2643/2646 2610/2603/2606 2609/2601/2605
f 2651/2644/2647 2611/2604/2607 2610/2603/2606
f 2652/2645/2648 2612/2605/2608 2611/2604/2607
f 2653/2646/2649 2613/2606/2609 2612/2605/2608
f 2654/2647/2650 2614/2607/2610 2613/2606/2609
f 2654/2647/2650 2655/2649/2651 2615/2608/2611
f 2656/2648/2652 2616/2609/2612 2615/2608/2611
f 2657/2650/2653 2617/2610/2613 2616/2609/2612
f 2657/2650/2653 2658/2651/2654 2618/2612/2614
f 2658/2651/2654 2659/2653/2655 2619/2611/2615
f 2660/2652/2656 2620/2613/2616 2619/2611/2615
f 2660/2652/2656 2661/2655/2657 2621/2614/2617
f 2662/2654/2658 2622/2616/2618 2621/2614/2617
f 2662/2654/2658 2663/2656/2659 2623/2615/2619
f 2663/2656/2659 2664/2658/2660 2624/2618/2620
f 2665/2657/2661 2625/2617/2621 2624/2618/2620
f 2665/2657/2661 2666/2659/2662 2626/2620/2622
f 2666/2659/2662 2667/2661/2663 2627/2619/2623
f 2668/2660/2664 2628/2621/2624 2627/2619/2623
f 2668/2660/2664 2669/2662/2665 2629/2622/2625
f 2669/2662/2665 2670/2664/2666 2630/2624/2626
f 2671/2663/2667 2631/2623/2627 2630/2624/2626
f 2671/2663/2667 2672/2666/2668 2632/2625/2628
f 2673/2665/2669 2633/2626/2629 2632/2625/2628
f 2674/2667/2670 2634/2628/2630 2633/2626/2629
f 2674/2667/2670 2675/2669/2671 2635/2627/2631
f 2676/2668/2672 2636/2629/2632 2635/2627/2631
f 2677/2670/2673 2637/2630/2633 2636/2629/2632
f 2677/2670/2673 2678/2672/2674 2638/2632/2634
f 2679/2671/2675 2639/2631/2635 2638/2632/2634
f 2680/2673/2676 2640/2633/2636 2639/2631/2635
f 2682/2674/2678 2642/2634/2638 2641/2635/2637
f 2682/2674/2678 2683/2676/2679 2643/2636/2639
f 2683/2676/2679 2684/2678/2680 2644/2638/2640
f 2685/2677/2681 2645/2637/2641 2644/2638/2640
f 2686/2679/2682 2646/2639/2642 2645/2637/2641
f 2687/2680/2683 2647/2640/2643 2646/2639/2642
f 2687/2680/2683 2688/2681/2684 2648/2642/2644
f 2688/2681/2684 2689/2683/2685 2649/2641/2645
f 2690/2682/2686 2650/2643/2646 2649/2641/2645
f 2690/2682/2686 2691/2685/2687 2651/2644/2647
f 2692/2684/2688 2652/2645/2648 2651/2644/2647
f 2693/2686/2689 2653/2646/2649 2652/2645/2648
f 2693/2686/2689 2694/2688/2690 2654/2647/2650
f 2695/2687/2691 2655/2649/2651 2654/2647/2650
f 2696/2689/2692 2656/2648/2652 2655/2649/2651
f 2697/2690/2693 2657/2650/2653 2656/2648/2652
f 2697/2690/2693 2698/2691/2694 2658/2651/2654
f 2698/2691/2694 2699/2693/2695 2659/2653/2655
f 2700/2692/2696 2660/2652/2656 2659/2653/2655
f 2700/2692/2696 2701/2695/2697 2661/2655/2657
f 2702/2694/2698 2662/2654/2658 2661/2655/2657
f 2702/2694/2698 2703/2696/2699 2663/2656/2659
f 2703/2696/2699 2704/2697/2700 2664/2658/2660
f 2704/2697/2700 2705/2698/2701 2665/2657/2661
f 2705/2698/2701 2706/2699/2702 2666/2659/2662
f 2706/2699/2702 2707/2701/2703 2667/2661/2663
f 2708/2700/2704 2668/2660/2664 2667/2661/2663
f 2709/2702/2705 2669/2662/2665 2668/2660/2664
f 2709/2702/2705 2710/2703/2706 2670/2664/2666
f 2710/2703/2706 2711/2704/2707 2671/2663/2667
f 2711/2704/2707 2712/2705/2708 2672/2666/2668
f 2712/2705/2708 2713/2707/2709 2673/2665/2669
f 2714/2706/2710 2674/2667/2670 2673/2665/2669
f 2714/2706/2710 2715/2709/2711 2675/2669/2671
f 2716/2708/2712 2676/2668/2672 2675/2669/2671
f 2717/2710/2713 2677/2670/2673 2676/2668/2672
f 2718/2711/2714 2678/2672/2674 2677/2670/2673
f 2718/2711/2714 2719/2712/2715 2679/2671/2675
f 2719/2712/2715 2720/2752/2716 2680/2673/2676
f 2722/2713/2718 2682/2674/2678 2681/2675/2677
f 2723/2715/2719 2683/2676/2679 2682/2674/2678
f 2724/2716/2720 2684/2678/2680 2683/2676/2679
f 2724/2716/2720 2725/2717/2721 2685/2677/2681
f 2725/2717/2721 2726/2718/2722 2686/2679/2682
f 2726/2718/2722 2727/2719/2723 2687/2680/2683
f 2727/2719/2723 2728/2720/2724 2688/2681/2684
f 2728/2720/2724 2729/2722/2725 2689/2683/2685
f 2730/2721/2726 2690/2682/2686 2689/2683/2685
f 2731/2723/2727 2691/2685/2687 2690/2682/2686
f 2732/2724/2728 2692/2684/2688 2691/2685/2687
f 2732/2724/2728 2733/2726/2729 2693/2686/2689
f 2734/2725/2730 2694/2688/2690 2693/2686/2689
f 2735/2727/2731 2695/2687/2691 2694/2688/2690
f 2735/2727/2731 2736/2729/2732 2696/2689/2692
f 2737/2728/2733 2697/2690/2693 2696/2689/2692
f 2737/2728/2733 2738/2731/2734 2698/2691/2694
f 2739/2730/2735 2699/2693/2695 2698/2691/2694
f 2739/2730/2735 2740/2733/2736 2700/2692/2696
f 2741/2732/2737 2701/2695/2697 2700/2692/2696
f 2742/2734/2738 2702/2694/2698 2701/2695/2697
f 2743/2735/2739 2703/2696/2699 2702/2694/2698
f 2743/2735/2739 2744/2736/2740 2704/2697/2700
f 2744/2736/2740 2745/2738/2741 2705/2698/2701
f 2746/2737/2742 2706/2699/2702 2705/2698/2701
f 2746/2737/2742 2747/2740/2743 2707/2701/2703
f 2748/2739/2744 2708/2700/2704 2707/2701/2703
f 2748/2739/2744 2749/2741/2745 2709/2702/2705
f 2749/2741/2745 2750/2743/2746 2710/2703/2706
f 2751/2742/2747 2711/2704/2707 2710/2703/2706
f 2751/2742/2747 2752/2744/2748 2712/2705/2708
f 2752/2744/2748 2753/2746/2749 2713/2707/2709
f 2754/2745/2750 2714/2706/2710 2713/2707/2709
f 2754/2745/2750 2755/2748/2751 2715/2709/2711
f 2756/2747/2752 2716/2708/2712 2715/2709/2711
f 2757/2749/2753 2717/2710/2713 2716/2708/2712
f 2758/2750/2754 2718/2711/2714 2717/2710/2713
f 2758/2750/2754 2759/2751/2755 2719/2712/2715
f 2759/2751/2755 2760/2792/2756 2720/2752/2716
f 2761/2753/2757 2762/2754/2758 2722/2713/2718
f 2762/2754/2758 2763/2756/2759 2723/2715/2719
f 2764/2755/2760 2724/2716/2720 2723/2715/2719
f 2764/2755/2760 2765/2757/2761 2725/2717/2721
f 2765/2757/2761 2766/2758/2762 2726/2718/2722
f 2766/2758/2762 2767/2760/2763 2727/2719/2723
f 2768/2759/2764 2728/2720/2724 2727/2719/2723
f 2768/2759/2764 2769/2762/2765 2729/2722/2725
f 2770/2761/2766 2730/2721/2726 2729/2722/2725
f 2771/2763/2767 2731/2723/2727 2730/2721/2726
f 2771/2763/2767 2772/2765/2768 2732/2724/2728
f 2773/2764/2769 2733/2726/2729 2732/2724/2728
f 2773/2764/2769 2774/2767/2770 2734/2725/2730
f 2775/2766/2771 2735/2727/2731 2734/2725/2730
f 2775/2766/2771 2776/2769/2772 2736/2729/2732
f 2777/2768/2773 2737/2728/2733 2736/2729/2732
f 2778/2770/2774 2738/2731/2734 2737/2728/2733
f 2779/2771/2775 2739/2730/2735 2738/2731/2734
f 2779/2771/2775 2780/2773/2776 2740/2733/2736
f 2781/2772/2777 2741/2732/2737 2740/2733/2736
f 2782/2774/2778 2742/2734/2738 2741/2732/2737
f 2783/2775/2779 2743/2735/2739 2742/2734/2738
f 2783/2775/2779 2784/2776/2780 2744/2736/2740
f 2784/2776/2780 2785/2778/2781 2745/2738/2741
f 2786/2777/2782 2746/2737/2742 2745/2738/2741
f 2786/2777/2782 2787/2779/2783 2747/2740/2743
f 2787/2779/2783 2788/2781/2784 2748/2739/2744
f 2789/2780/2785 2749/2741/2745 2748/2739/2744
f 2790/2782/2786 2750/2743/2746 2749/2741/2745
f 2791/2783/2787 2751/2742/2747 2750/2743/2746
f 2791/2783/2787 2792/2784/2788 2752/2744/2748
f 2792/2784/2788 2793/2786/2789 2753/2746/2749
f 2794/2785/2790 2754/2745/2750 2753/2746/2749
f 2794/2785/2790 2795/2787/2791 2755/2748/2751
f 2795/2787/2791 2796/2789/2792 2756/2747/2752
f 2797/2788/2793 2757/2749/2753 2756/2747/2752
f 2798/2790/2794 2758/2750/2754 2757/2749/2753
f 2798/2790/2794 2799/2791/2795 2759/2751/2755
f 2799/2791/2795 2800/2832/2796 2760/2792/2756
f 2801/2793/2797 2802/2794/2798 2762/2754/2758
f 2802/2794/2798 2803/2796/2799 2763/2756/2759
f 2804/2795/2800 2764/2755/2760 2763/2756/2759
f 2805/2797/2801 2765/2757/2761 2764/2755/2760
f 2805/2797/2801 2806/2798/2802 2766/2758/2762
f 2806/2798/2802 2807/2800/2803 2767/2760/2763
f 2808/2799/2804 2768/2759/2764 2767/2760/2763
f 2808/2799/2804 2809/2802/2805 2769/2762/2765
f 2810/2801/2806 2770/2761/2766 2769/2762/2765
f 2811/2803/2807 2771/2763/2767 2770/2761/2766
f 2811/2803/2807 2812/2805/2808 2772/2765/2768
f 2813/2804/2809 2773/2764/2769 2772/2765/2768
f 2814/2806/2810 2774/2767/2770 2773/2764/2769
f 2814/2806/2810 2815/2808/2811 2775/2766/2771
f 2816/2807/2812 2776/2769/2772 2775/2766/2771
f 2816/2807/2812 2817/2810/2813 2777/2768/2773
f 2818/2809/2814 2778/2770/2774 2777/2768/2773
f 2819/2811/2815 2779/2771/2775 2778/2770/2774
f 2819/2811/2815 2820/2813/2816 2780/2773/2776
f 2821/2812/2817 2781/2772/2777 2780/2773/2776
f 2822/2814/2818 2782/2774/2778 2781/2772/2777
f 2822/2814/2818 2823/2815/2819 2783/2775/2779
f 2823/2815/2819 2824/2816/2820 2784/2776/2780
f 2824/2816/2820 2825/2818/2821 2785/2778/2781
f 2826/2817/2822 2786/2777/2782 2785/2778/2781
f 2826/2817/2822 2827/2819/2823 2787/2779/2783
f 2827/2819/2823 2828/2821/2824 2788/2781/2784
f 2829/2820/2825 2789/2780/2785 2788/2781/2784
f 2829/2820/2825 2830/2823/2826 2790/2782/2786
f 2831/2822/2827 2791/2783/2787 2790/2782/2786
f 2831/2822/2827 2832/2825/2828 2792/2784/2788
f 2833/2824/2829 2793/2786/2789 2792/2784/2788
f 2834/2826/2830 2794/2785/2790 2793/2786/2789
f 2835/2827/2831 2795/2787/2791 2794/2785/2790
f 2836/2828/2832 2796/2789/2792 2795/2787/2791
f 2836/2828/2832 2837/2829/2833 2797/2788/2793
f 2837/2829/2833 2838/2830/2834 2798/2790/2794
f 2838/2830/2834 2839/2831/2835 2799/2791/2795
f 2839/2831/2835 2840/2872/2836 2800/2832/2796
f 2841/2833/2837 2842/2834/2838 2802/2794/2798
f 2842/2834/2838 2843/2836/2839 2803/2796/2799
f 2844/2835/2840 2804/2795/2800 2803/2796/2799
f 2845/2837/2841 2805/2797/2801 2804/2795/2800
f 2845/2837/2841 2846/2838/2842 2806/2798/2802
f 2846/2838/2842 2847/2840/2843 2807/2800/2803
f 2848/2839/2844 2808/2799/2804 2807/2800/2803
f 2849/2841/2845 2809/2802/2805 2808/2799/2804
f 2849/2841/2845 2850/2843/2846 2810/2801/2806
f 2851/2842/2847 2811/2803/2807 2810/2801/2806
f 2852/2844/2848 2812/2805/2808 2811/2803/2807
f 2853/2845/2849 2813/2804/2809 2812/2805/2808
f 2854/2846/2850 2814/2806/2810 2813/2804/2809
f 2855/2847/2851 2815/2808/2811 2814/2806/2810
f 2855/2847/2851 2856/2849/2852 2816/2807/2812
f 2857/2848/2853 2817/2810/2813 2816/2807/2812
f 2857/2848/2853 2858/2850/2854 2818/2809/2814
f 2858/2850/2854 2859/2852/2855 2819/2811/2815
f 2860/2851/2856 2820/2813/2816 2819/2811/2815
f 2860/2851/2856 2861/2853/2857 2821/2812/2817
f 2861/2853/2857 2862/2855/2858 2822/2814/2818
f 2863/2854/2859 2823/2815/2819 2822/2814/2818
f 2863/2854/2859 2864/2856/2860 2824/2816/2820
f 2864/2856/2860 2865/2858/2861 2825/2818/2821
f 2866/2857/2862 2826/2817/2822 2825/2818/2821
f 2866/2857/2862 2867/2860/2863 2827/2819/2823
f 2868/2859/2864 2828/2821/2824 2827/2819/2823
f 2869/2861/2865 2829/2820/2825 2828/2821/2824
f 2869/2861/2865 2870/2863/2866 2830/2823/2826
f 2871/2862/2867 2831/2822/2827 2830/2823/2826
f 2871/2862/2867 2872/2865/2868 2832/2825/2828
f 2873/2864/2869 2833/2824/2829 2832/2825/2828
f 2873/2864/2869 2874/2866/2870 2834/2826/2830
f 2874/2866/2870 2875/2867/2871 2835/2827/2831
f 2875/2867/2871 2876/2868/2872 2836/2828/2832
f 2876/2868/2872 2877/2869/2873 2837/2829/2833
f 2877/2869/2873 2878/2871/2874 2838/2830/2834
f 2879/2870/2875 2839/2831/2835 2838/2830/2834
f 2879/2870/2875 2880/2912/2876 2840/2872/2836
f 2881/2873/2877 2882/2875/2878 2842/2834/2838
f 2883/2874/2879 2843/2836/2839 2842/2834/2838
f 2884/2876/2880 2844/2835/2840 2843/2836/2839
f 2885/2877/2881 2845/2837/2841 2844/2835/2840
f 2885/2877/2881 2886/2878/2882 2846/2838/2842
f 2886/2878/2882 2887/2880/2883 2847/2840/2843
f 2888/2879/2884 2848/2839/2844 2847/2840/2843
f 2888/2879/2884 2889/2882/2885 2849/2841/2845
f 2890/2881/2886 2850/2843/2846 2849/2841/2845
f 2891/2883/2887 2851/2842/2847 2850/2843/2846
f 2891/2883/2887 2892/2885/2888 2852/2844/2848
f 2893/2884/2889 2853/2845/2849 2852/2844/2848
f 2894/2886/2890 2854/2846/2850 2853/2845/2849
f 2894/2886/2890 2895/2887/2891 2855/2847/2851
f 2895/2887/2891 2896/2889/2892 2856/2849/2852
f 2897/2888/2893 2857/2848/2853 2856/2849/2852
f 2897/2888/2893 2898/2890/2894 2858/2850/2854
f 2898/2890/2894 2899/2892/2895 2859/2852/2855
f 2900/2891/2896 2860/2851/2856 2859/2852/2855
f 2900/2891/2896 2901/2894/2897 2861/2853/2857
f 2902/2893/2898 2862/2855/2858 2861/2853/2857
f 2902/2893/2898 2903/2896/2899 2863/2854/2859
f 2904/2895/2900 2864/2856/2860 2863/2854/2859
f 2904/2895/2900 2905/2898/2901 2865/2858/2861
f 2906/2897/2902 2866/2857/2862 2865/2858/2861
f 2907/2899/2903 2867/2860/2863 2866/2857/2862
f 2908/2900/2904 2868/2859/2864 2867/2860/2863
f 2908/2900/2904 2909/2901/2905 2869/2861/2865
f 2909/2901/2905 2910/2903/2906 2870/2863/2866
f 2911/2902/2907 2871/2862/2867 2870/2863/2866
f 2911/2902/2907 2912/2905/2908 2872/2865/2868
f 2913/2904/2909 2873/2864/2869 2872/2865/2868
f 2913/2904/2909 2914/2906/2910 2874/2866/2870
f 2914/2906/2910 2915/2907/2911 2875/2867/2871
f 2915/2907/2911 2916/2909/2912 2876/2868/2872
f 2917/2908/2913 2877/2869/2873 2876/2868/2872
f 2917/2908/2913 2918/2910/2914 2878/2871/2874
f 2918/2910/2914 2919/2911/2915 2879/2870/2875
f 2919/2911/2915 2920/2952/2916 2880/2912/2876
f 2921/2913/2917 2922/2915/2918 2882/2875/2878
f 2923/2914/2919 2883/2874/2879 2882/2875/2878
f 2923/2914/2919 2924/2916/2920 2884/2876/2880
f 2924/2916/2920 2925/2918/2921 2885/2877/2881
f 2926/2917/2922 2886/2878/2882 2885/2877/2881
f 2927/2919/2923 2887/2880/2883 2886/2878/2882
f 2927/2919/2923 2928/2920/2924 2888/2879/2884
f 2928/2920/2924 2929/2921/2925 2889/2882/2885
f 2929/2921/2925 2930/2922/2926 2890/2881/2886
f 2930/2922/2926 2931/2924/2927 2891/2883/2887
f 2932/2923/2928 2892/2885/2888 2891/2883/2887
f 2932/2923/2928 2933/2926/2929 2893/2884/2889
f 2934/2925/2930 2894/2886/2890 2893/2884/2889
f 2934/2925/2930 2935/2927/2931 2895/2887/2891
f 2935/2927/2931 2936/2929/2932 2896/2889/2892
f 2937/2928/2933 2897/2888/2893 2896/2889/2892
f 2938/2930/2934 2898/2890/2894 2897/2888/2893
f 2938/2930/2934 2939/2931/2935 2899/2892/2895
f 2939/2931/2935 2940/2932/2936 2900/2891/2896
f 2940/2932/2936 2941/2934/2937 2901/2894/2897
f 2942/2933/2938 2902/2893/2898 2901/2894/2897
f 2942/2933/2938 2943/2936/2939 2903/2896/2899
f 2944/2935/2940 2904/2895/2900 2903/2896/2899
f 2944/2935/2940 2945/2937/2941 2905/2898/2901
f 2945/2937/2941 2946/2939/2942 2906/2897/2902
f 2947/2938/2943 2907/2899/2903 2906/2897/2902
f 2947/2938/2943 2948/2941/2944 2908/2900/2904
f 2949/2940/2945 2909/2901/2905 2908/2900/2904
f 2949/2940/2945 2950/2943/2946 2910/2903/2906
f 2951/2942/2947 2911/2902/2907 2910/2903/2906
f 2952/2944/2948 2912/2905/2908 2911/2902/2907
f 2952/2944/2948 2953/2945/2949 2913/2904/2909
f 2953/2945/2949 2954/2947/2950 2914/2906/2910
f 2955/2946/2951 2915/2907/2911 2914/2906/2910
f 2956/2948/2952 2916/2909/2912 2915/2907/2911
f 2956/2948/2952 2957/2949/2953 2917/2908/2913
f 2957/2949/2953 2958/2950/2954 2918/2910/2914
f 2958/2950/2954 2959/2951/2955 2919/2911/2915
f 2959/2951/2955 2960/5116/2956 2920/2952/2916
f 2962/2953/2958 2922/2915/2918 2921/2913/2917
f 2962/2953/2958 2963/2955/2959 2923/2914/2919
f 2963/2955/2959 2964/2956/2960 2924/2916/2920
f 2964/2956/2960 2965/2958/2961 2925/2918/2921
f 2966/2957/2962 2926/2917/2922 2925/2918/2921
f 2967/2959/2963 2927/2919/2923 2926/2917/2922
f 2967/2959/2963 2968/2961/2964 2928/2920/2924
f 2969/2960/2965 2929/2921/2925 2928/2920/2924
f 2970/2962/2966 2930/2922/2926 2929/2921/2925
f 2971/2963/2967 2931/2924/2927 2930/2922/2926
f 2972/2964/2968 2932/2923/2928 2931/2924/2927
f 2972/2964/2968 2973/2966/2969 2933/2926/2929
f 2974/2965/2970 2934/2925/2930 2933/2926/2929
f 2975/2967/2971 2935/2927/2931 2934/2925/2930
f 2975/2967/2971 2976/2968/2972 2936/2929/2932
f 2976/2968/2972 2977/2969/2973 2937/2928/2933
f 2977/2969/2973 2978/2970/2974 2938/2930/2934
f 2978/2970/2974 2979/2972/2975 2939/2931/2935
f 2980/2971/2976 2940/2932/2936 2939/2931/2935
f 2980/2971/2976 2981/2974/2977 2941/2934/2937
f 2982/2973/2978 2942/2933/2938 2941/2934/2937
f 2983/2975/2979 2943/2936/2939 2942/2933/2938
f 2984/2976/2980 2944/2935/2940 2943/2936/2939
f 2984/2976/2980 2985/2977/2981 2945/2937/2941
f 2985/2977/2981 2986/2979/2982 2946/2939/2942
f 2987/2978/2983 2947/2938/2943 2946/2939/2942
f 2988/2980/2984 2948/2941/2944 2947/2938/2943
f 2988/2980/2984 2989/2982/2985 2949/2940/2945
f 2990/2981/2986 2950/2943/2946 2949/2940/2945
f 2991/2983/2987 2951/2942/2947 2950/2943/2946
f 2992/2984/2988 2952/2944/2948 2951/2942/2947
f 2993/2985/2989 2953/2945/2949 2952/2944/2948
f 2994/2986/2990 2954/2947/2950 2953/2945/2949
f 2995/2987/2991 2955/2946/2951 2954/2947/2950
f 2996/2988/2992 2956/2948/2952 2955/2946/2951
f 2996/2988/2992 2997/2989/2993 2957/2949/2953
f 2997/2989/2993 2998/2990/2994 2958/2950/2954
f 2998/2990/2994 2999/2992/2995 2959/2951/2955
f 3000/2991/2996 2960/5116/2956 2959/2951/2955
f 3002/2993/2998 2962/2953/2958 2961/2954/2957
f 3002/2993/2998 3003/2995/2999 2963/2955/2959
f 3003/2995/2999 3004/2997/3000 2964/2956/2960
f 3005/2996/3001 2965/2958/2961 2964/2956/2960
f 3006/2998/3002 2966/2957/2962 2965/2958/2961
f 3006/2998/3002 3007/3000/3003 2967/2959/2963
f 3008/2999/3004 2968/2961/2964 2967/2959/2963
f 3008/2999/3004 3009/3002/3005 2969/2960/2965
f 3010/3001/3006 2970/2962/2966 2969/2960/2965
f 3010/3001/3006 3011/3003/3007 2971/2963/2967
f 3011/3003/3007 3012/3004/3008 2972/2964/2968
f 3012/3004/3008 3013/3005/3009 2973/2966/2969
f 3013/3005/3009 3014/3006/3010 2974/2965/2970
f 3014/3006/3010 3015/3007/3011 2975/2967/2971
f 3015/3007/3011 3016/3008/3012 2976/2968/2972
f 3016/3008/3012 3017/3009/3013 2977/2969/2973
f 3017/3009/3013 3018/3011/3014 2978/2970/2974
f 3019/3010/3015 2979/2972/2975 2978/2970/2974
f 3019/3010/3015 3020/3012/3016 2980/2971/2976
f 3020/3012/3016 3021/3014/3017 2981/2974/2977
f 3022/3013/3018 2982/2973/2978 2981/2974/2977
f 3022/3013/3018 3023/3015/3019 2983/2975/2979
f 3023/3015/3019 3024/3017/3020 2984/2976/2980
f 3025/3016/3021 2985/2977/2981 2984/2976/2980
f 3026/3018/3022 2986/2979/2982 2985/2977/2981
f 3026/3018/3022 3027/3019/3023 2987/2978/2983
f 3027/3019/3023 3028/3020/3024 2988/2980/2984
f 3028/3020/3024 3029/3022/3025 2989/2982/2985
f 3030/3021/3026 2990/2981/2986 2989/2982/2985
f 3031/3023/3027 2991/2983/2987 2990/2981/2986
f 3031/3023/3027 3032/3025/3028 2992/2984/2988
f 3033/3024/3029 2993/2985/2989 2992/2984/2988
f 3034/3026/3030 2994/2986/2990 2993/2985/2989
f 3035/3027/3031 2995/2987/2991 2994/2986/2990
f 3036/3028/3032 2996/2988/2992 2995/2987/2991
f 3036/3028/3032 3037/3029/3033 2997/2989/2993
f 3037/3029/3033 3038/3030/3034 2998/2990/2994
f 3038/3030/3034 3039/3032/3035 2999/2992/2995
f 3040/3031/3036 3000/2991/2996 2999/2992/2995
f 3042/3033/3038 3002/2993/2998 3001/2994/2997
f 3042/3033/3038 3043/3035/3039 3003/2995/2999
f 3043/3035/3039 3044/3037/3040 3004/2997/3000
f 3045/3036/3041 3005/2996/3001 3004/2997/3000
f 3045/3036/3041 3046/3038/3042 3006/2998/3002
f 3046/3038/3042 3047/3039/3043 3007/3000/3003
f 3047/3039/3043 3048/3040/3044 3008/2999/3004
f 3048/3040/3044 3049/3042/3045 3009/3002/3005
f 3050/3041/3046 3010/3001/3006 3009/3002/3005
f 3051/3043/3047 3011/3003/3007 3010/3001/3006
f 3051/3043/3047 3052/3045/3048 3012/3004/3008
f 3053/3044/3049 3013/3005/3009 3012/3004/3008
f 3054/3046/3050 3014/3006/3010 3013/3005/3009
f 3054/3046/3050 3055/3047/3051 3015/3007/3011
f 3055/3047/3051 3056/3049/3052 3016/3008/3012
f 3057/3048/3053 3017/3009/3013 3016/3008/3012
f 3057/3048/3053 3058/3050/3054 3018/3011/3014
f 3058/3050/3054 3059/3051/3055 3019/3010/3015
f 3059/3051/3055 3060/3052/3056 3020/3012/3016
f 3060/3052/3056 3061/3054/3057 3021/3014/3017
f 3062/3053/3058 3022/3013/3018 3021/3014/3017
f 3063/3055/3059 3023/3015/3019 3022/3013/3018
f 3064/3056/3060 3024/3017/3020 3023/3015/3019
f 3064/3056/3060 3065/3058/3061 3025/3016/3021
f 3066/3057/3062 3026/3018/3022 3025/3016/3021
f 3066/3057/3062 3067/3059/3063 3027/3019/3023
f 3067/3059/3063 3068/3061/3064 3028/3020/3024
f 3069/3060/3065 3029/3022/3025 3028/3020/3024
f 3069/3060/3065 3070/3063/3066 3030/3021/3026
f 3071/3062/3067 3031/3023/3027 3030/3021/3026
f 3071/3062/3067 3072/3064/3068 3032/3025/3028
f 3072/3064/3068 3073/3066/3069 3033/3024/3029
f 3074/3065/3070 3034/3026/3030 3033/3024/3029
f 3075/3067/3071 3035/3027/3031 3034/3026/3030
f 3076/3068/3072 3036/3028/3032 3035/3027/3031
f 3076/3068/3072 3077/3069/3073 3037/3029/3033
f 3077/3069/3073 3078/3071/3074 3038/3030/3034
f 3079/3070/3075 3039/3032/3035 3038/3030/3034
f 3079/3070/3075 3080/3111/3076 3040/3031/3036
f 3082/3072/3078 3042/3033/3038 3041/3034/3037
f 3082/3072/3078 3083/3074/3079 3043/3035/3039
f 3083/3074/3079 3084/3075/3080 3044/3037/3040
f 3084/3075/3080 3085/3076/3081 3045/3036/3041
f 3085/3076/3081 3086/3077/3082 3046/3038/3042
f 3086/3077/3082 3087/3079/3083 3047/3039/3043
f 3088/3078/3084 3048/3040/3044 3047/3039/3043
f 3088/3078/3084 3089/3080/3085 3049/3042/3045
f 3089/3080/3085 3090/3082/3086 3050/3041/3046
f 3091/3081/3087 3051/3043/3047 3050/3041/3046
f 3091/3081/3087 3092/3083/3088 3052/3045/3048
f 3092/3083/3088 3093/3084/3089 3053/3044/3049
f 3093/3084/3089 3094/3085/3090 3054/3046/3050
f 3094/3085/3090 3095/3087/3091 3055/3047/3051
f 3096/3086/3092 3056/3049/3052 3055/3047/3051
f 3096/3086/3092 3097/3089/3093 3057/3048/3053
f 3098/3088/3094 3058/3050/3054 3057/3048/3053
f 3099/3090/3095 3059/3051/3055 3058/3050/3054
f 3100/3091/3096 3060/3052/3056 3059/3051/3055
f 3101/3092/3097 3061/3054/3057 3060/3052/3056
f 3101/3092/3097 3102/3094/3098 3062/3053/3058
f 3103/3093/3099 3063/3055/3059 3062/3053/3058
f 3103/3093/3099 3104/3096/3100 3064/3056/3060
f 3105/3095/3101 3065/3058/3061 3064/3056/3060
f 3105/3095/3101 3106/3098/3102 3066/3057/3062
f 3107/3097/3103 3067/3059/3063 3066/3057/3062
f 3108/3099/3104 3068/3061/3064 3067/3059/3063
f 3108/3099/3104 3109/3101/3105 3069/3060/3065
f 3110/3100/3106 3070/3063/3066 3069/3060/3065
f 3110/3100/3106 3111/3103/3107 3071/3062/3067
f 3112/3102/3108 3072/3064/3068 3071/3062/3067
f 3112/3102/3108 3113/3105/3109 3073/3066/3069
f 3114/3104/3110 3074/3065/3070 3073/3066/3069
f 3115/3106/3111 3075/3067/3071 3074/3065/3070
f 3116/3107/3112 3076/3068/3072 3075/3067/3071
f 3116/3107/3112 3117/3109/3113 3077/3069/3073
f 3118/3108/3114 3078/3071/3074 3077/3069/3073
f 3119/3110/3115 3079/3070/3075 3078/3071/3074
f 3119/3110/3115 3120/3151/3116 3080/3111/3076
f 3122/3112/3118 3082/3072/3078 3081/3073/3077
f 3123/3114/3119 3083/3074/3079 3082/3072/3078
f 3123/3114/3119 3124/3115/3120 3084/3075/3080
f 3124/3115/3120 3125/3116/3121 3085/3076/3081
f 3125/3116/3121 3126/3117/3122 3086/3077/3082
f 3126/3117/3122 3127/3118/3123 3087/3079/3083
f 3127/3118/3123 3128/3120/3124 3088/3078/3084
f 3129/3119/3125 3089/3080/3085 3088/3078/3084
f 3129/3119/3125 3130/3121/3126 3090/3082/3086
f 3130/3121/3126 3131/3123/3127 3091/3081/3087
f 3132/3122/3128 3092/3083/3088 3091/3081/3087
f 3133/3124/3129 3093/3084/3089 3092/3083/3088
f 3133/3124/3129 3134/3125/3130 3094/3085/3090
f 3134/3125/3130 3135/3126/3131 3095/3087/3091
f 3135/3126/3131 3136/3128/3132 3096/3086/3092
f 3137/3127/3133 3097/3089/3093 3096/3086/3092
f 3137/3127/3133 3138/3129/3134 3098/3088/3094
f 3138/3129/3134 3139/3130/3135 3099/3090/3095
f 3139/3130/3135 3140/3132/3136 3100/3091/3096
f 3141/3131/3137 3101/3092/3097 3100/3091/3096
f 3142/3133/3138 3102/3094/3098 3101/3092/3097
f 3142/3133/3138 3143/3135/3139 3103/3093/3099
f 3144/3134/3140 3104/3096/3100 3103/3093/3099
f 3144/3134/3140 3145/3136/3141 3105/3095/3101
f 3145/3136/3141 3146/3137/3142 3106/3098/3102
f 3146/3137/3142 3147/3138/3143 3107/3097/3103
f 3147/3138/3143 3148/3139/3144 3108/3099/3104
f 3148/3139/3144 3149/3141/3145 3109/3101/3105
f 3150/3140/3146 3110/3100/3106 3109/3101/3105
f 3150/3140/3146 3151/3143/3147 3111/3103/3107
f 3152/3142/3148 3112/3102/3108 3111/3103/3107
f 3153/3144/3149 3113/3105/3109 3112/3102/3108
f 3154/3145/3150 3114/3104/3110 3113/3105/3109
f 3154/3145/3150 3155/3146/3151 3115/3106/3111
f 3155/3146/3151 3156/3147/3152 3116/3107/3112
f 3156/3147/3152 3157/3149/3153 3117/3109/3113
f 3158/3148/3154 3118/3108/3114 3117/3109/3113
f 3158/3148/3154 3159/3150/3155 3119/3110/3115
f 3159/3150/3155 3160/3191/3156 3120/3151/3116
f 3161/3152/3157 3162/3153/3158 3122/3112/3118
f 3162/3153/3158 3163/3154/3159 3123/3114/3119
f 3163/3154/3159 3164/3155/3160 3124/3115/3120
f 3164/3155/3160 3165/3156/3161 3125/3116/3121
f 3165/3156/3161 3166/3157/3162 3126/3117/3122
f 3166/3157/3162 3167/3159/3163 3127/3118/3123
f 3168/3158/3164 3128/3120/3124 3127/3118/3123
f 3169/3160/3165 3129/3119/3125 3128/3120/3124
f 3170/3161/3166 3130/3121/3126 3129/3119/3125
f 3170/3161/3166 3171/3162/3167 3131/3123/3127
f 3171/3162/3167 3172/3163/3168 3132/3122/3128
f 3172/3163/3168 3173/3165/3169 3133/3124/3129
f 3174/3164/3170 3134/3125/3130 3133/3124/3129
f 3175/3166/3171 3135/3126/3131 3134/3125/3130
f 3176/3167/3172 3136/3128/3132 3135/3126/3131
f 3176/3167/3172 3177/3169/3173 3137/3127/3133
f 3178/3168/3174 3138/3129/3134 3137/3127/3133
f 3179/3170/3175 3139/3130/3135 3138/3129/3134
f 3179/3170/3175 3180/3172/3176 3140/3132/3136
f 3181/3171/3177 3141/3131/3137 3140/3132/3136
f 3181/3171/3177 3182/3174/3178 3142/3133/3138
f 3183/3173/3179 3143/3135/3139 3142/3133/3138
f 3183/3173/3179 3184/3175/3180 3144/3134/3140
f 3184/3175/3180 3185/3177/3181 3145/3136/3141
f 3186/3176/3182 3146/3137/3142 3145/3136/3141
f 3186/3176/3182 3187/3179/3183 3147/3138/3143
f 3188/3178/3184 3148/3139/3144 3147/3138/3143
f 3189/3180/3185 3149/3141/3145 3148/3139/3144
f 3189/3180/3185 3190/3182/3186 3150/3140/3146
f 3191/3181/3187 3151/3143/3147 3150/3140/3146
f 3191/3181/3187 3192/3183/3188 3152/3142/3148
f 3192/3183/3188 3193/3184/3189 3153/3144/3149
f 3193/3184/3189 3194/3185/3190 3154/3145/3150
f 3194/3185/3190 3195/3186/3191 3155/3146/3151
f 3195/3186/3191 3196/3188/3192 3156/3147/3152
f 3197/3187/3193 3157/3149/3153 3156/3147/3152
f 3198/3189/3194 3158/3148/3154 3157/3149/3153
f 3198/3189/3194 3199/3190/3195 3159/3150/3155
f 3199/3190/3195 3200/3231/3196 3160/3191/3156
f 3201/3192/3197 3202/3193/3198 3162/3153/3158
f 3202/3193/3198 3203/3194/3199 3163/3154/3159
f 3203/3194/3199 3204/3195/3200 3164/3155/3160
f 3204/3195/3200 3205/3197/3201 3165/3156/3161
f 3206/3196/3202 3166/3157/3162 3165/3156/3161
f 3206/3196/3202 3207/3198/3203 3167/3159/3163
f 3207/3198/3203 3208/3200/3204 3168/3158/3164
f 3209/3199/3205 3169/3160/3165 3168/3158/3164
f 3210/3201/3206 3170/3161/3166 3169/3160/3165
f 3211/3202/3207 3171/3162/3167 3170/3161/3166
f 3211/3202/3207 3212/3204/3208 3172/3163/3168
f 3213/3203/3209 3173/3165/3169 3172/3163/3168
f 3214/3205/3210 3174/3164/3170 3173/3165/3169
f 3214/3205/3210 3215/3207/3211 3175/3166/3171
f 3216/3206/3212 3176/3167/3172 3175/3166/3171
f 3216/3206/3212 3217/3208/3213 3177/3169/3173
f 3217/3208/3213 3218/3210/3214 3178/3168/3174
f 3219/3209/3215 3179/3170/3175 3178/3168/3174
f 3220/3211/3216 3180/3172/3176 3179/3170/3175
f 3220/3211/3216 3221/3212/3217 3181/3171/3177
f 3221/3212/3217 3222/3213/3218 3182/3174/3178
f 3222/3213/3218 3223/3215/3219 3183/3173/3179
f 3224/3214/3220 3184/3175/3180 3183/3173/3179
f 3225/3216/3221 3185/3177/3181 3184/3175/3180
f 3225/3216/3221 3226/3217/3222 3186/3176/3182
f 3226/3217/3222 3227/3219/3223 3187/3179/3183
f 3228/3218/3224 3188/3178/3184 3187/3179/3183
f 3229/3220/3225 3189/3180/3185 3188/3178/3184
f 3229/3220/3225 3230/3222/3226 3190/3182/3186
f 3231/3221/3227 3191/3181/3187 3190/3182/3186
f 3231/3221/3227 3232/3223/3228 3192/3183/3188
f 3232/3223/3228 3233/3225/3229 3193/3184/3189
f 3234/3224/3230 3194/3185/3190 3193/3184/3189
f 3234/3224/3230 3235/3226/3231 3195/3186/3191
f 3235/3226/3231 3236/3227/3232 3196/3188/3192
f 3236/3227/3232 3237/3228/3233 3197/3187/3193
f 3237/3228/3233 3238/3229/3234 3198/3189/3194
f 3238/3229/3234 3239/3230/3235 3199/3190/3195
f 3239/3230/3235 3240/5117/3236 3200/3231/3196
f 3241/3232/3237 3242/3233/3238 3202/3193/3198
f 3242/3233/3238 3243/3234/3239 3203/3194/3199
f 3243/3234/3239 3244/3235/3240 3204/3195/3200
f 3244/3235/3240 3245/3237/3241 3205/3197/3201
f 3246/3236/3242 3206/3196/3202 3205/3197/3201
f 3246/3236/3242 3247/3238/3243 3207/3198/3203
f 3247/3238/3243 3248/3239/3244 3208/3200/3204
f 3248/3239/3244 3249/3240/3245 3209/3199/3205
f 3249/3240/3245 3250/3242/3246 3210/3201/3206
f 3251/3241/3247 3211/3202/3207 3210/3201/3206
f 3251/3241/3247 3252/3243/3248 3212/3204/3208
f 3252/3243/3248 3253/3245/3249 3213/3203/3209
f 3254/3244/3250 3214/3205/3210 3213/3203/3209
f 3254/3244/3250 3255/3246/3251 3215/3207/3211
f 3255/3246/3251 3256/3247/3252 3216/3206/3212
f 3256/3247/3252 3257/3248/3253 3217/3208/3213
f 3257/3248/3253 3258/3249/3254 3218/3210/3214
f 3258/3249/3254 3259/3251/3255 3219/3209/3215
f 3260/3250/3256 3220/3211/3216 3219/3209/3215
f 3260/3250/3256 3261/3253/3257 3221/3212/3217
f 3262/3252/3258 3222/3213/3218 3221/3212/3217
f 3262/3252/3258 3263/3255/3259 3223/3215/3219
f 3264/3254/3260 3224/3214/3220 3223/3215/3219
f 3265/3256/3261 3225/3216/3221 3224/3214/3220
f 3266/3257/3262 3226/3217/3222 3225/3216/3221
f 3266/3257/3262 3267/3258/3263 3227/3219/3223
f 3267/3258/3263 3268/3259/3264 3228/3218/3224
f 3268/3259/3264 3269/3261/3265 3229/3220/3225
f 3270/3260/3266 3230/3222/3226 3229/3220/3225
f 3270/3260/3266 3271/3263/3267 3231/3221/3227
f 3272/3262/3268 3232/3223/3228 3231/3221/3227
f 3273/3264/3269 3233/3225/3229 3232/3223/3228
f 3274/3265/3270 3234/3224/3230 3233/3225/3229
f 3274/3265/3270 3275/3267/3271 3235/3226/3231
f 3276/3266/3272 3236/3227/3232 3235/3226/3231
f 3276/3266/3272 3277/3268/3273 3237/3228/3233
f 3277/3268/3273 3278/3269/3274 3238/3229/3234
f 3278/3269/3274 3279/3271/3275 3239/3230/3235
f 3280/3270/3276 3240/5117/3236 3239/3230/3235
f 3281/3272/3277 3282/3273/3278 3242/3233/3238
f 3282/3273/3278 3283/3275/3279 3243/3234/3239
f 3284/3274/3280 3244/3235/3240 3243/3234/3239
f 3284/3274/3280 3285/3277/3281 3245/3237/3241
f 3286/3276/3282 3246/3236/3242 3245/3237/3241
f 3286/3276/3282 3287/3278/3283 3247/3238/3243
f 3287/3278/3283 3288/3279/3284 3248/3239/3244
f 3288/3279/3284 3289/3280/3285 3249/3240/3245
f 3289/3280/3285 3290/3282/3286 3250/3242/3246
f 3291/3281/3287 3251/3241/3247 3250/3242/3246
f 3292/3283/3288 3252/3243/3248 3251/3241/3247
f 3292/3283/3288 3293/3285/3289 3253/3245/3249
f 3294/3284/3290 3254/3244/3250 3253/3245/3249
f 3295/3286/3291 3255/3246/3251 3254/3244/3250
f 3295/3286/3291 3296/3288/3292 3256/3247/3252
f 3297/3287/3293 3257/3248/3253 3256/3247/3252
f 3297/3287/3293 3298/3289/3294 3258/3249/3254
f 3298/3289/3294 3299/3291/3295 3259/3251/3255
f 3300/3290/3296 3260/3250/3256 3259/3251/3255
f 3301/3292/3297 3261/3253/3257 3260/3250/3256
f 3301/3292/3297 3302/3294/3298 3262/3252/3258
f 3303/3293/3299 3263/3255/3259 3262/3252/3258
f 3304/3295/3300 3264/3254/3260 3263/3255/3259
f 3304/3295/3300 3305/3297/3301 3265/3256/3261
f 3306/3296/3302 3266/3257/3262 3265/3256/3261
f 3306/3296/3302 3307/3299/3303 3267/3258/3263
f 3308/3298/3304 3268/3259/3264 3267/3258/3263
f 3308/3298/3304 3309/3301/3305 3269/3261/3265
f 3310/3300/3306 3270/3260/3266 3269/3261/3265
f 3311/3302/3307 3271/3263/3267 3270/3260/3266
f 3311/3302/3307 3312/3304/3308 3272/3262/3268
f 3313/3303/3309 3273/3264/3269 3272/3262/3268
f 3314/3305/3310 3274/3265/3270 3273/3264/3269
f 3315/3306/3311 3275/3267/3271 3274/3265/3270
f 3316/3307/3312 3276/3266/3272 3275/3267/3271
f 3316/3307/3312 3317/3308/3313 3277/3268/3273
f 3317/3308/3313 3318/3309/3314 3278/3269/3274
f 3318/3309/3314 3319/3310/3315 3279/3271/3275
f 3319/3310/3315 3320/3350/3316 3280/3270/3276
f 3321/3311/3317 3322/3312/3318 3282/3273/3278
f 3322/3312/3318 3323/3314/3319 3283/3275/3279
f 3324/3313/3320 3284/3274/3280 3283/3275/3279
f 3324/3313/3320 3325/3315/3321 3285/3277/3281
f 3325/3315/3321 3326/3316/3322 3286/3276/3282
f 3326/3316/3322 3327/3317/3323 3287/3278/3283
f 3327/3317/3323 3328/3318/3324 3288/3279/3284
f 3328/3318/3324 3329/3319/3325 3289/3280/3285
f 3329/3319/3325 3330/3321/3326 3290/3282/3286
f 3331/3320/3327 3291/3281/3287 3290/3282/3286
f 3331/3320/3327 3332/3322/3328 3292/3283/3288
f 3332/3322/3328 3333/3324/3329 3293/3285/3289
f 3334/3323/3330 3294/3284/3290 3293/3285/3289
f 3335/3325/3331 3295/3286/3291 3294/3284/3290
f 3336/3326/3332 3296/3288/3292 3295/3286/3291
f 3336/3326/3332 3337/3328/3333 3297/3287/3293
f 3338/3327/3334 3298/3289/3294 3297/3287/3293
f 3339/3329/3335 3299/3291/3295 3298/3289/3294
f 3339/3329/3335 3340/3331/3336 3300/3290/3296
f 3341/3330/3337 3301/3292/3297 3300/3290/3296
f 3342/3332/3338 3302/3294/3298 3301/3292/3297
f 3342/3332/3338 3343/3333/3339 3303/3293/3299
f 3343/3333/3339 3344/3335/3340 3304/3295/3300
f 3345/3334/3341 3305/3297/3301 3304/3295/3300
f 3346/3336/3342 3306/3296/3302 3305/3297/3301
f 3347/3337/3343 3307/3299/3303 3306/3296/3302
f 3347/3337/3343 3348/3339/3344 3308/3298/3304
f 3349/3338/3345 3309/3301/3305 3308/3298/3304
f 3349/3338/3345 3350/3340/3346 3310/3300/3306
f 3350/3340/3346 3351/3342/3347 3311/3302/3307
f 3352/3341/3348 3312/3304/3308 3311/3302/3307
f 3352/3341/3348 3353/3343/3349 3313/3303/3309
f 3353/3343/3349 3354/3344/3350 3314/3305/3310
f 3354/3344/3350 3355/3345/3351 3315/3306/3311
f 3355/3345/3351 3356/3346/3352 3316/3307/3312
f 3356/3346/3352 3357/3347/3353 3317/3308/3313
f 3357/3347/3353 3358/3349/3354 3318/3309/3314
f 3359/3348/3355 3319/3310/3315 3318/3309/3314
f 3359/3348/3355 3360/3390/3356 3320/3350/3316
f 3361/3351/3357 3362/3352/3358 3322/3312/3318
f 3362/3352/3358 3363/3354/3359 3323/3314/3319
f 3364/3353/3360 3324/3313/3320 3323/3314/3319
f 3365/3355/3361 3325/3315/3321 3324/3313/3320
f 3365/3355/3361 3366/3356/3362 3326/3316/3322
f 3366/3356/3362 3367/3357/3363 3327/3317/3323
f 3367/3357/3363 3368/3358/3364 3328/3318/3324
f 3368/3358/3364 3369/3359/3365 3329/3319/3325
f 3369/3359/3365 3370/3361/3366 3330/3321/3326
f 3371/3360/3367 3331/3320/3327 3330/3321/3326
f 3371/3360/3367 3372/3363/3368 3332/3322/3328
f 3373/3362/3369 3333/3324/3329 3332/3322/3328
f 3373/3362/3369 3374/3365/3370 3334/3323/3330
f 3375/3364/3371 3335/3325/3331 3334/3323/3330
f 3376/3366/3372 3336/3326/3332 3335/3325/3331
f 3377/3367/3373 3337/3328/3333 3336/3326/3332
f 3378/3368/3374 3338/3327/3334 3337/3328/3333
f 3379/3369/3375 3339/3329/3335 3338/3327/3334
f 3380/3370/3376 3340/3331/3336 3339/3329/3335
f 3380/3370/3376 3381/3371/3377 3341/3330/3337
f 3381/3371/3377 3382/3372/3378 3342/3332/3338
f 3382/3372/3378 3383/3373/3379 3343/3333/3339
f 3383/3373/3379 3384/3374/3380 3344/3335/3340
f 3384/3374/3380 3385/3375/3381 3345/3334/3341
f 3385/3375/3381 3386/3376/3382 3346/3336/3342
f 3386/3376/3382 3387/3377/3383 3347/3337/3343
f 3387/3377/3383 3388/3378/3384 3348/3339/3344
f 3388/3378/3384 3389/3379/3385 3349/3338/3345
f 3389/3379/3385 3390/3381/3386 3350/3340/3346
f 3391/3380/3387 3351/3342/3347 3350/3340/3346
f 3391/3380/3387 3392/3383/3388 3352/3341/3348
f 3393/3382/3389 3353/3343/3349 3352/3341/3348
f 3394/3384/3390 3354/3344/3350 3353/3343/3349
f 3395/3385/3391 3355/3345/3351 3354/3344/3350
f 3395/3385/3391 3396/3386/3392 3356/3346/3352
f 3396/3386/3392 3397/3387/3393 3357/3347/3353
f 3397/3387/3393 3398/3388/3394 3358/3349/3354
f 3398/3388/3394 3399/3389/3395 3359/3348/3355
f 3399/3389/3395 3400/3430/3396 3360/3390/3356
f 3401/3391/3397 3402/3392/3398 3362/3352/3358
f 3402/3392/3398 3403/3394/3399 3363/3354/3359
f 3404/3393/3400 3364/3353/3360 3363/3354/3359
f 3405/3395/3401 3365/3355/3361 3364/3353/3360
f 3406/3396/3402 3366/3356/3362 3365/3355/3361
f 3406/3396/3402 3407/3397/3403 3367/3357/3363
f 3407/3397/3403 3408/3398/3404 3368/3358/3364
f 3408/3398/3404 3409/3399/3405 3369/3359/3365
f 3409/3399/3405 3410/3401/3406 3370/3361/3366
f 3411/3400/3407 3371/3360/3367 3370/3361/3366
f 3411/3400/3407 3412/3403/3408 3372/3363/3368
f 3413/3402/3409 3373/3362/3369 3372/3363/3368
f 3414/3404/3410 3374/3365/3370 3373/3362/3369
f 3414/3404/3410 3415/3406/3411 3375/3364/3371
f 3416/3405/3412 3376/3366/3372 3375/3364/3371
f 3417/3407/3413 3377/3367/3373 3376/3366/3372
f 3418/3408/3414 3378/3368/3374 3377/3367/3373
f 3418/3408/3414 3419/3409/3415 3379/3369/3375
f 3419/3409/3415 3420/3410/3416 3380/3370/3376
f 3420/3410/3416 3421/3411/3417 3381/3371/3377
f 3421/3411/3417 3422/3412/3418 3382/3372/3378
f 3422/3412/3418 3423/3413/3419 3383/3373/3379
f 3423/3413/3419 3424/3414/3420 3384/3374/3380
f 3424/3414/3420 3425/3415/3421 3385/3375/3381
f 3425/3415/3421 3426/3416/3422 3386/3376/3382
f 3426/3416/3422 3427/3417/3423 3387/3377/3383
f 3427/3417/3423 3428/3418/3424 3388/3378/3384
f 3428/3418/3424 3429/3419/3425 3389/3379/3385
f 3429/3419/3425 3430/3420/3426 3390/3381/3386
f 3430/3420/3426 3431/3421/3427 3391/3380/3387
f 3431/3421/3427 3432/3422/3428 3392/3383/3388
f 3432/3422/3428 3433/3423/3429 3393/3382/3389
f 3433/3423/3429 3434/3425/3430 3394/3384/3390
f 3435/3424/3431 3395/3385/3391 3394/3384/3390
f 3435/3424/3431 3436/3426/3432 3396/3386/3392
f 3436/3426/3432 3437/3427/3433 3397/3387/3393
f 3437/3427/3433 3438/3428/3434 3398/3388/3394
f 3438/3428/3434 3439/3429/3435 3399/3389/3395
f 3439/3429/3435 3440/3470/3436 3400/3430/3396
f 3442/3431/3438 3402/3392/3398 3401/3391/3397
f 3442/3431/3438 3443/3434/3439 3403/3394/3399
f 3444/3433/3440 3404/3393/3400 3403/3394/3399
f 3445/3435/3441 3405/3395/3401 3404/3393/3400
f 3445/3435/3441 3446/3436/3442 3406/3396/3402
f 3446/3436/3442 3447/3437/3443 3407/3397/3403
f 3447/3437/3443 3448/3438/3444 3408/3398/3404
f 3448/3438/3444 3449/3439/3445 3409/3399/3405
f 3449/3439/3445 3450/3441/3446 3410/3401/3406
f 3451/3440/3447 3411/3400/3407 3410/3401/3406
f 3451/3440/3447 3452/3443/3448 3412/3403/3408
f 3453/3442/3449 3413/3402/3409 3412/3403/3408
f 3454/3444/3450 3414/3404/3410 3413/3402/3409
f 3455/3445/3451 3415/3406/3411 3414/3404/3410
f 3456/3446/3452 3416/3405/3412 3415/3406/3411
f 3457/3447/3453 3417/3407/3413 3416/3405/3412
f 3458/3448/3454 3418/3408/3414 3417/3407/3413
f 3458/3448/3454 3459/3449/3455 3419/3409/3415
f 3459/3449/3455 3460/3450/3456 3420/3410/3416
f 3460/3450/3456 3461/3451/3457 3421/3411/3417
f 3461/3451/3457 3462/3452/3458 3422/3412/3418
f 3462/3452/3458 3463/3453/3459 3423/3413/3419
f 3463/3453/3459 3464/3454/3460 3424/3414/3420
f 3464/3454/3460 3465/3455/3461 3425/3415/3421
f 3465/3455/3461 3466/3456/3462 3426/3416/3422
f 3466/3456/3462 3467/3458/3463 3427/3417/3423
f 3468/3457/3464 3428/3418/3424 3427/3417/3423
f 3469/3459/3465 3429/3419/3425 3428/3418/3424
f 3470/3460/3466 3430/3420/3426 3429/3419/3425
f 3470/3460/3466 3471/3462/3467 3431/3421/3427
f 3472/3461/3468 3432/3422/3428 3431/3421/3427
f 3472/3461/3468 3473/3463/3469 3433/3423/3429
f 3473/3463/3469 3474/3465/3470 3434/3425/3430
f 3475/3464/3471 3435/3424/3431 3434/3425/3430
f 3475/3464/3471 3476/3467/3472 3436/3426/3432
f 3477/3466/3473 3437/3427/3433 3436/3426/3432
f 3477/3466/3473 3478/3468/3474 3438/3428/3434
f 3478/3468/3474 3479/3469/3475 3439/3429/3435
f 3479/3469/3475 3480/5118/3476 3440/3470/3436
f 3482/3471/3478 3442/3431/3438 3441/3432/3437
f 3483/3473/3479 3443/3434/3439 3442/3431/3438
f 3483/3473/3479 3484/3475/3480 3444/3433/3440
f 3485/3474/3481 3445/3435/3441 3444/3433/3440
f 3485/3474/3481 3486/3476/3482 3446/3436/3442
f 3486/3476/3482 3487/3477/3483 3447/3437/3443
f 3487/3477/3483 3488/3478/3484 3448/3438/3444
f 3488/3478/3484 3489/3479/3485 3449/3439/3445
f 3489/3479/3485 3490/3481/3486 3450/3441/3446
f 3491/3480/3487 3451/3440/3447 3450/3441/3446
f 3491/3480/3487 3492/3483/3488 3452/3443/3448
f 3493/3482/3489 3453/3442/3449 3452/3443/3448
f 3494/3484/3490 3454/3444/3450 3453/3442/3449
f 3495/3485/3491 3455/3445/3451 3454/3444/3450
f 3496/3486/3492 3456/3446/3452 3455/3445/3451
f 3496/3486/3492 3497/3487/3493 3457/3447/3453
f 3497/3487/3493 3498/3488/3494 3458/3448/3454
f 3498/3488/3494 3499/3489/3495 3459/3449/3455
f 3499/3489/3495 3500/3490/3496 3460/3450/3456
f 3500/3490/3496 3501/3491/3497 3461/3451/3457
f 3501/3491/3497 3502/3492/3498 3462/3452/3458
f 3502/3492/3498 3503/3493/3499 3463/3453/3459
f 3503/3493/3499 3504/3494/3500 3464/3454/3460
f 3504/3494/3500 3505/3495/3501 3465/3455/3461
f 3505/3495/3501 3506/3496/3502 3466/3456/3462
f 3506/3496/3502 3507/3497/3503 3467/3458/3463
f 3507/3497/3503 3508/3498/3504 3468/3457/3464
f 3508/3498/3504 3509/3499/3505 3469/3459/3465
f 3509/3499/3505 3510/3500/3506 3470/3460/3466
f 3510/3500/3506 3511/3502/3507 3471/3462/3467
f 3512/3501/3508 3472/3461/3468 3471/3462/3467
f 3512/3501/3508 3513/3503/3509 3473/3463/3469
f 3513/3503/3509 3514/3505/3510 3474/3465/3470
f 3515/3504/3511 3475/3464/3471 3474/3465/3470
f 3516/3506/3512 3476/3467/3472 3475/3464/3471
f 3517/3507/3513 3477/3466/3473 3476/3467/3472
f 3517/3507/3513 3518/3508/3514 3478/3468/3474
f 3518/3508/3514 3519/3510/3515 3479/3469/3475
f 3520/3509/3516 3480/5118/3476 3479/3469/3475
f 3522/3511/3518 3482/3471/3478 3481/3472/3477
f 3523/3513/3519 3483/3473/3479 3482/3471/3478
f 3524/3514/3520 3484/3475/3480 3483/3473/3479
f 3525/3515/3521 3485/3474/3481 3484/3475/3480
f 3525/3515/3521 3526/3516/3522 3486/3476/3482
f 3526/3516/3522 3527/3517/3523 3487/3477/3483
f 3527/3517/3523 3528/3518/3524 3488/3478/3484
f 3528/3518/3524 3529/3519/3525 3489/3479/3485
f 3529/3519/3525 3530/3520/3526 3490/3481/3486
f 3530/3520/3526 3531/3521/3527 3491/3480/3487
f 3531/3521/3527 3532/3522/3528 3492/3483/3488
f 3532/3522/3528 3533/3524/3529 3493/3482/3489
f 3534/3523/3530 3494/3484/3490 3493/3482/3489
f 3535/3525/3531 3495/3485/3491 3494/3484/3490
f 3536/3526/3532 3496/3486/3492 3495/3485/3491
f 3536/3526/3532 3537/3527/3533 3497/3487/3493
f 3537/3527/3533 3538/3528/3534 3498/3488/3494
f 3538/3528/3534 3539/3529/3535 3499/3489/3495
f 3539/3529/3535 3540/3530/3536 3500/3490/3496
f 3540/3530/3536 3541/3531/3537 3501/3491/3497
f 3541/3531/3537 3542/3532/3538 3502/3492/3498
f 3542/3532/3538 3543/3533/3539 3503/3493/3499
f 3543/3533/3539 3544/3534/3540 3504/3494/3500
f 3544/3534/3540 3545/3535/3541 3505/3495/3501
f 3545/3535/3541 3546/3536/3542 3506/3496/3502
f 3546/3536/3542 3547/3537/3543 3507/3497/3503
f 3547/3537/3543 3548/3538/3544 3508/3498/3504
f 3548/3538/3544 3549/3539/3545 3509/3499/3505
f 3549/3539/3545 3550/3541/3546 3510/3500/3506
f 3551/3540/3547 3511/3502/3507 3510/3500/3506
f 3551/3540/3547 3552/3542/3548 3512/3501/3508
f 3552/3542/3548 3553/3544/3549 3513/3503/3509
f 3554/3543/3550 3514/3505/3510 3513/3503/3509
f 3555/3545/3551 3515/3504/3511 3514/3505/3510
f 3556/3546/3552 3516/3506/3512 3515/3504/3511
f 3557/3547/3553 3517/3507/3513 3516/3506/3512
f 3558/3548/3554 3518/3508/3514 3517/3507/3513
f 3559/3549/3555 3519/3510/3515 3518/3508/3514
f 3560/3550/3556 3520/3509/3516 3519/3510/3515
f 3561/3551/3557 3562/3553/3558 3522/3511/3518
f 3563/3552/3559 3523/3513/3519 3522/3511/3518
f 3564/3554/3560 3524/3514/3520 3523/3513/3519
f 3564/3554/3560 3565/3556/3561 3525/3515/3521
f 3566/3555/3562 3526/3516/3522 3525/3515/3521
f 3567/3557/3563 3527/3517/3523 3526/3516/3522
f 3568/3558/3564 3528/3518/3524 3527/3517/3523
f 3569/3559/3565 3529/3519/3525 3528/3518/3524
f 3570/3560/3566 3530/3520/3526 3529/3519/3525
f 3570/3560/3566 3571/3562/3567 3531/3521/3527
f 3572/3561/3568 3532/3522/3528 3531/3521/3527
f 3573/3563/3569 3533/3524/3529 3532/3522/3528
f 3574/3564/3570 3534/3523/3530 3533/3524/3529
f 3574/3564/3570 3575/3565/3571 3535/3525/3531
f 3575/3565/3571 3576/3566/3572 3536/3526/3532
f 3576/3566/3572 3577/3567/3573 3537/3527/3533
f 3577/3567/3573 3578/3568/3574 3538/3528/3534
f 3578/3568/3574 3579/3569/3575 3539/3529/3535
f 3579/3569/3575 3580/3570/3576 3540/3530/3536
f 3580/3570/3576 3581/3571/3577 3541/3531/3537
f 3581/3571/3577 3582/3572/3578 3542/3532/3538
f 3582/3572/3578 3583/3573/3579 3543/3533/3539
f 3583/3573/3579 3584/3574/3580 3544/3534/3540
f 3584/3574/3580 3585/3575/3581 3545/3535/3541
f 3585/3575/3581 3586/3576/3582 3546/3536/3542
f 3586/3576/3582 3587/3577/3583 3547/3537/3543
f 3587/3577/3583 3588/3578/3584 3548/3538/3544
f 3588/3578/3584 3589/3579/3585 3549/3539/3545
f 3589/3579/3585 3590/3581/3586 3550/3541/3546
f 3591/3580/3587 3551/3540/3547 3550/3541/3546
f 3592/3582/3588 3552/3542/3548 3551/3540/3547
f 3592/3582/3588 3593/3583/3589 3553/3544/3549
f 3593/3583/3589 3594/3585/3590 3554/3543/3550
f 3595/3584/3591 3555/3545/3551 3554/3543/3550
f 3596/3586/3592 3556/3546/3552 3555/3545/3551
f 3597/3587/3593 3557/3547/3553 3556/3546/3552
f 3598/3588/3594 3558/3548/3554 3557/3547/3553
f 3599/3589/3595 3559/3549/3555 3558/3548/3554
f 3600/3590/3596 3560/3550/3556 3559/3549/3555
f 3601/3591/3597 3602/3592/3598 3562/3553/3558
f 3602/3592/3598 3603/3594/3599 3563/3552/3559
f 3604/3593/3600 3564/3554/3560 3563/3552/3559
f 3604/3593/3600 3605/3596/3601 3565/3556/3561
f 3606/3595/3602 3566/3555/3562 3565/3556/3561
f 3606/3595/3602 3607/3597/3603 3567/3557/3563
f 3607/3597/3603 3608/3598/3604 3568/3558/3564
f 3608/3598/3604 3609/3599/3605 3569/3559/3565
f 3609/3599/3605 3610/3600/3606 3570/3560/3566
f 3610/3600/3606 3611/3601/3607 3571/3562/3567
f 3611/3601/3607 3612/3603/3608 3572/3561/3568
f 3613/3602/3609 3573/3563/3569 3572/3561/3568
f 3614/3604/3610 3574/3564/3570 3573/3563/3569
f 3615/3605/3611 3575/3565/3571 3574/3564/3570
f 3615/3605/3611 3616/3606/3612 3576/3566/3572
f 3616/3606/3612 3617/3607/3613 3577/3567/3573
f 3617/3607/3613 3618/3608/3614 3578/3568/3574
f 3618/3608/3614 3619/3609/3615 3579/3569/3575
f 3619/3609/3615 3620/3611/3616 3580/3570/3576
f 3621/3610/3617 3581/3571/3577 3580/3570/3576
f 3621/3610/3617 3622/3612/3618 3582/3572/3578
f 3622/3612/3618 3623/3613/3619 3583/3573/3579
f 3623/3613/3619 3624/3614/3620 3584/3574/3580
f 3624/3614/3620 3625/3615/3621 3585/3575/3581
f 3625/3615/3621 3626/3616/3622 3586/3576/3582
f 3626/3616/3622 3627/3618/3623 3587/3577/3583
f 3628/3617/3624 3588/3578/3584 3587/3577/3583
f 3629/3619/3625 3589/3579/3585 3588/3578/3584
f 3629/3619/3625 3630/3621/3626 3590/3581/3586
f 3631/3620/3627 3591/3580/3587 3590/3581/3586
f 3631/3620/3627 3632/3622/3628 3592/3582/3588
f 3632/3622/3628 3633/3623/3629 3593/3583/3589
f 3633/3623/3629 3634/3625/3630 3594/3585/3590
f 3635/3624/3631 3595/3584/3591 3594/3585/3590
f 3636/3626/3632 3596/3586/3592 3595/3584/3591
f 3637/3627/3633 3597/3587/3593 3596/3586/3592
f 3638/3628/3634 3598/3588/3594 3597/3587/3593
f 3639/3629/3635 3599/3589/3595 3598/3588/3594
f 3640/3630/3636 3600/3590/3596 3599/3589/3595
f 3641/3631/3637 3642/3632/3638 3602/3592/3598
f 3642/3632/3638 3643/3633/3639 3603/3594/3599
f 3643/3633/3639 3644/3634/3640 3604/3593/3600
f 3644/3634/3640 3645/3636/3641 3605/3596/3601
f 3646/3635/3642 3606/3595/3602 3605/3596/3601
f 3646/3635/3642 3647/3638/3643 3607/3597/3603
f 3648/3637/3644 3608/3598/3604 3607/3597/3603
f 3649/3639/3645 3609/3599/3605 3608/3598/3604
f 3650/3640/3646 3610/3600/3606 3609/3599/3605
f 3651/3641/3647 3611/3601/3607 3610/3600/3606
f 3652/3642/3648 3612/3603/3608 3611/3601/3607
f 3652/3642/3648 3653/3644/3649 3613/3602/3609
f 3654/3643/3650 3614/3604/3610 3613/3602/3609
f 3654/3643/3650 3655/3646/3651 3615/3605/3611
f 3656/3645/3652 3616/3606/3612 3615/3605/3611
f 3656/3645/3652 3657/3647/3653 3617/3607/3613
f 3657/3647/3653 3658/3648/3654 3618/3608/3614
f 3658/3648/3654 3659/3650/3655 3619/3609/3615
f 3660/3649/3656 3620/3611/3616 3619/3609/3615
f 3661/3651/3657 3621/3610/3617 3620/3611/3616
f 3662/3652/3658 3622/3612/3618 3621/3610/3617
f 3662/3652/3658 3663/3653/3659 3623/3613/3619
f 3663/3653/3659 3664/3654/3660 3624/3614/3620
f 3664/3654/3660 3665/3655/3661 3625/3615/3621
f 3665/3655/3661 3666/3656/3662 3626/3616/3622
f 3666/3656/3662 3667/3657/3663 3627/3618/3623
f 3667/3657/3663 3668/3658/3664 3628/3617/3624
f 3668/3658/3664 3669/3660/3665 3629/3619/3625
f 3670/3659/3666 3630/3621/3626 3629/3619/3625
f 3671/3661/3667 3631/3620/3627 3630/3621/3626
f 3671/3661/3667 3672/3662/3668 3632/3622/3628
f 3672/3662/3668 3673/3663/3669 3633/3623/3629
f 3673/3663/3669 3674/3664/3670 3634/3625/3630
f 3674/3664/3670 3675/3666/3671 3635/3624/3631
f 3676/3665/3672 3636/3626/3632 3635/3624/3631
f 3676/3665/3672 3677/3668/3673 3637/3627/3633
f 3678/3667/3674 3638/3628/3634 3637/3627/3633
f 3679/3669/3675 3639/3629/3635 3638/3628/3634
f 3680/3670/3676 3640/3630/3636 3639/3629/3635
f 3681/3671/3677 3682/3673/3678 3642/3632/3638
f 3683/3672/3679 3643/3633/3639 3642/3632/3638
f 3683/3672/3679 3684/3674/3680 3644/3634/3640
f 3684/3674/3680 3685/3676/3681 3645/3636/3641
f 3686/3675/3682 3646/3635/3642 3645/3636/3641
f 3686/3675/3682 3687/3678/3683 3647/3638/3643
f 3688/3677/3684 3648/3637/3644 3647/3638/3643
f 3689/3679/3685 3649/3639/3645 3648/3637/3644
f 3690/3680/3686 3650/3640/3646 3649/3639/3645
f 3691/3681/3687 3651/3641/3647 3650/3640/3646
f 3691/3681/3687 3692/3682/3688 3652/3642/3648
f 3692/3682/3688 3693/3684/3689 3653/3644/3649
f 3694/3683/3690 3654/3643/3650 3653/3644/3649
f 3695/3685/3691 3655/3646/3651 3654/3643/3650
f 3696/3686/3692 3656/3645/3652 3655/3646/3651
f 3696/3686/3692 3697/3687/3693 3657/3647/3653
f 3697/3687/3693 3698/3688/3694 3658/3648/3654
f 3698/3688/3694 3699/3689/3695 3659/3650/3655
f 3699/3689/3695 3700/3691/3696 3660/3649/3656
f 3701/3690/3697 3661/3651/3657 3660/3649/3656
f 3702/3692/3698 3662/3652/3658 3661/3651/3657
f 3702/3692/3698 3703/3693/3699 3663/3653/3659
f 3703/3693/3699 3704/3694/3700 3664/3654/3660
f 3704/3694/3700 3705/3696/3701 3665/3655/3661
f 3706/3695/3702 3666/3656/3662 3665/3655/3661
f 3706/3695/3702 3707/3697/3703 3667/3657/3663
f 3707/3697/3703 3708/3698/3704 3668/3658/3664
f 3708/3698/3704 3709/3700/3705 3669/3660/3665
f 3710/3699/3706 3670/3659/3666 3669/3660/3665
f 3711/3701/3707 3671/3661/3667 3670/3659/3666
f 3711/3701/3707 3712/3702/3708 3672/3662/3668
f 3712/3702/3708 3713/3703/3709 3673/3663/3669
f 3713/3703/3709 3714/3704/3710 3674/3664/3670
f 3714/3704/3710 3715/3705/3711 3675/3666/3671
f 3715/3705/3711 3716/3706/3712 3676/3665/3672
f 3716/3706/3712 3717/3708/3713 3677/3668/3673
f 3718/3707/3714 3678/3667/3674 3677/3668/3673
f 3719/3709/3715 3679/3669/3675 3678/3667/3674
f 3720/3710/3716 3680/3670/3676 3679/3669/3675
f 3721/3711/3717 3722/3712/3718 3682/3673/3678
f 3722/3712/3718 3723/3713/3719 3683/3672/3679
f 3723/3713/3719 3724/3714/3720 3684/3674/3680
f 3724/3714/3720 3725/3716/3721 3685/3676/3681
f 3726/3715/3722 3686/3675/3682 3685/3676/3681
f 3727/3717/3723 3687/3678/3683 3686/3675/3682
f 3728/3718/3724 3688/3677/3684 3687/3678/3683
f 3729/3719/3725 3689/3679/3685 3688/3677/3684
f 3730/3720/3726 3690/3680/3686 3689/3679/3685
f 3731/3721/3727 3691/3681/3687 3690/3680/3686
f 3731/3721/3727 3732/3723/3728 3692/3682/3688
f 3733/3722/3729 3693/3684/3689 3692/3682/3688
f 3734/3724/3730 3694/3683/3690 3693/3684/3689
f 3735/3725/3731 3695/3685/3691 3694/3683/3690
f 3736/3726/3732 3696/3686/3692 3695/3685/3691
f 3737/3727/3733 3697/3687/3693 3696/3686/3692
f 3738/3728/3734 3698/3688/3694 3697/3687/3693
f 3738/3728/3734 3739/3729/3735 3699/3689/3695
f 3739/3729/3735 3740/3730/3736 3700/3691/3696
f 3740/3730/3736 3741/3732/3737 3701/3690/3697
f 3742/3731/3738 3702/3692/3698 3701/3690/3697
f 3743/3733/3739 3703/3693/3699 3702/3692/3698
f 3743/3733/3739 3744/3734/3740 3704/3694/3700
f 3744/3734/3740 3745/3735/3741 3705/3696/3701
f 3745/3735/3741 3746/3736/3742 3706/3695/3702
f 3746/3736/3742 3747/3737/3743 3707/3697/3703
f 3747/3737/3743 3748/3738/3744 3708/3698/3704
f 3748/3738/3744 3749/3739/3745 3709/3700/3705
f 3749/3739/3745 3750/3740/3746 3710/3699/3706
f 3750/3740/3746 3751/3741/3747 3711/3701/3707
f 3751/3741/3747 3752/3742/3748 3712/3702/3708
f 3752/3742/3748 3753/3743/3749 3713/3703/3709
f 3753/3743/3749 3754/3744/3750 3714/3704/3710
f 3754/3744/3750 3755/3745/3751 3715/3705/3711
f 3755/3745/3751 3756/3746/3752 3716/3706/3712
f 3756/3746/3752 3757/3747/3753 3717/3708/3713
f 3757/3747/3753 3758/3749/3754 3718/3707/3714
f 3759/3748/3755 3719/3709/3715 3718/3707/3714
f 3760/3750/3756 3720/3710/3716 3719/3709/3715
f 3762/3751/3758 3722/3712/3718 3721/3711/3717
f 3762/3751/3758 3763/3753/3759 3723/3713/3719
f 3763/3753/3759 3764/3755/3760 3724/3714/3720
f 3765/3754/3761 3725/3716/3721 3724/3714/3720
f 3766/3756/3762 3726/3715/3722 3725/3716/3721
f 3767/3757/3763 3727/3717/3723 3726/3715/3722
f 3768/3758/3764 3728/3718/3724 3727/3717/3723
f 3769/3759/3765 3729/3719/3725 3728/3718/3724
f 3770/3760/3766 3730/3720/3726 3729/3719/3725
f 3771/3761/3767 3731/3721/3727 3730/3720/3726
f 3771/3761/3767 3772/3763/3768 3732/3723/3728
f 3773/3762/3769 3733/3722/3729 3732/3723/3728
f 3774/3764/3770 3734/3724/3730 3733/3722/3729
f 3775/3765/3771 3735/3725/3731 3734/3724/3730
f 3776/3766/3772 3736/3726/3732 3735/3725/3731
f 3777/3767/3773 3737/3727/3733 3736/3726/3732
f 3778/3768/3774 3738/3728/3734 3737/3727/3733
f 3779/3769/3775 3739/3729/3735 3738/3728/3734
f 3779/3769/3775 3780/3770/3776 3740/3730/3736
f 3780/3770/3776 3781/3772/3777 3741/3732/3737
f 3782/3771/3778 3742/3731/3738 3741/3732/3737
f 3783/3773/3779 3743/3733/3739 3742/3731/3738
f 3783/3773/3779 3784/3774/3780 3744/3734/3740
f 3784/3774/3780 3785/3776/3781 3745/3735/3741
f 3786/3775/3782 3746/3736/3742 3745/3735/3741
f 3786/3775/3782 3787/3777/3783 3747/3737/3743
f 3787/3777/3783 3788/3778/3784 3748/3738/3744
f 3788/3778/3784 3789/3779/3785 3749/3739/3745
f 3789/3779/3785 3790/3781/3786 3750/3740/3746
f 3791/3780/3787 3751/3741/3747 3750/3740/3746
f 3791/3780/3787 3792/3782/3788 3752/3742/3748
f 3792/3782/3788 3793/3783/3789 3753/3743/3749
f 3793/3783/3789 3794/3784/3790 3754/3744/3750
f 3794/3784/3790 3795/3785/3791 3755/3745/3751
f 3795/3785/3791 3796/3786/3792 3756/3746/3752
f 3796/3786/3792 3797/3787/3793 3757/3747/3753
f 3797/3787/3793 3798/3789/3794 3758/3749/3754
f 3799/3788/3795 3759/3748/3755 3758/3749/3754
f 3800/3790/3796 3760/3750/3756 3759/3748/3755
f 3802/3791/3798 3762/3751/3758 3761/3752/3757
f 3802/3791/3798 3803/3793/3799 3763/3753/3759
f 3803/3793/3799 3804/3794/3800 3764/3755/3760
f 3804/3794/3800 3805/3795/3801 3765/3754/3761
f 3805/3795/3801 3806/3797/3802 3766/3756/3762
f 3807/3796/3803 3767/3757/3763 3766/3756/3762
f 3807/3796/3803 3808/3798/3804 3768/3758/3764
f 3808/3798/3804 3809/3800/3805 3769/3759/3765
f 3810/3799/3806 3770/3760/3766 3769/3759/3765
f 3811/3801/3807 3771/3761/3767 3770/3760/3766
f 3811/3801/3807 3812/3803/3808 3772/3763/3768
f 3813/3802/3809 3773/3762/3769 3772/3763/3768
f 3814/3804/3810 3774/3764/3770 3773/3762/3769
f 3815/3805/3811 3775/3765/3771 3774/3764/3770
f 3816/3806/3812 3776/3766/3772 3775/3765/3771
f 3817/3807/3813 3777/3767/3773 3776/3766/3772
f 3818/3808/3814 3778/3768/3774 3777/3767/3773
f 3819/3809/3815 3779/3769/3775 3778/3768/3774
f 3820/3810/3816 3780/3770/3776 3779/3769/3775
f 3820/3810/3816 3821/3812/3817 3781/3772/3777
f 3822/3811/3818 3782/3771/3778 3781/3772/3777
f 3823/3813/3819 3783/3773/3779 3782/3771/3778
f 3824/3814/3820 3784/3774/3780 3783/3773/3779
f 3824/3814/3820 3825/3816/3821 3785/3776/3781
f 3826/3815/3822 3786/3775/3782 3785/3776/3781
f 3827/3817/3823 3787/3777/3783 3786/3775/3782
f 3828/3818/3824 3788/3778/3784 3787/3777/3783
f 3828/3818/3824 3829/3819/3825 3789/3779/3785
f 3829/3819/3825 3830/3820/3826 3790/3781/3786
f 3830/3820/3826 3831/3821/3827 3791/3780/3787
f 3831/3821/3827 3832/3822/3828 3792/3782/3788
f 3832/3822/3828 3833/3823/3829 3793/3783/3789
f 3833/3823/3829 3834/3824/3830 3794/3784/3790
f 3834/3824/3830 3835/3825/3831 3795/3785/3791
f 3835/3825/3831 3836/3826/3832 3796/3786/3792
f 3836/3826/3832 3837/3827/3833 3797/3787/3793
f 3837/3827/3833 3838/3828/3834 3798/3789/3794
f 3838/3828/3834 3839/3829/3835 3799/3788/3795
f 3839/3829/3835 3840/3869/3836 3800/3790/3796
f 3841/3830/3837 3842/3832/3838 3802/3791/3798
f 3843/3831/3839 3803/3793/3799 3802/3791/3798
f 3844/3833/3840 3804/3794/3800 3803/3793/3799
f 3844/3833/3840 3845/3834/3841 3805/3795/3801
f 3845/3834/3841 3846/3835/3842 3806/3797/3802
f 3846/3835/3842 3847/3837/3843 3807/3796/3803
f 3848/3836/3844 3808/3798/3804 3807/3796/3803
f 3849/3838/3845 3809/3800/3805 3808/3798/3804
f 3850/3839/3846 3810/3799/3806 3809/3800/3805
f 3851/3840/3847 3811/3801/3807 3810/3799/3806
f 3852/3841/3848 3812/3803/3808 3811/3801/3807
f 3853/3842/3849 3813/3802/3809 3812/3803/3808
f 3854/3843/3850 3814/3804/3810 3813/3802/3809
f 3855/3844/3851 3815/3805/3811 3814/3804/3810
f 3856/3845/3852 3816/3806/3812 3815/3805/3811
f 3857/3846/3853 3817/3807/3813 3816/3806/3812
f 3858/3847/3854 3818/3808/3814 3817/3807/3813
f 3859/3848/3855 3819/3809/3815 3818/3808/3814
f 3859/3848/3855 3860/3849/3856 3820/3810/3816
f 3860/3849/3856 3861/3851/3857 3821/3812/3817
f 3862/3850/3858 3822/3811/3818 3821/3812/3817
f 3863/3852/3859 3823/3813/3819 3822/3811/3818
f 3864/3853/3860 3824/3814/3820 3823/3813/3819
f 3864/3853/3860 3865/3855/3861 3825/3816/3821
f 3866/3854/3862 3826/3815/3822 3825/3816/3821
f 3867/3856/3863 3827/3817/3823 3826/3815/3822
f 3868/3857/3864 3828/3818/3824 3827/3817/3823
f 3869/3858/3865 3829/3819/3825 3828/3818/3824
f 3869/3858/3865 3870/3859/3866 3830/3820/3826
f 3870/3859/3866 3871/3860/3867 3831/3821/3827
f 3871/3860/3867 3872/3861/3868 3832/3822/3828
f 3872/3861/3868 3873/3862/3869 3833/3823/3829
f 3873/3862/3869 3874/3863/3870 3834/3824/3830
f 3874/3863/3870 3875/3864/3871 3835/3825/3831
f 3875/3864/3871 3876/3865/3872 3836/3826/3832
f 3876/3865/3872 3877/3866/3873 3837/3827/3833
f 3877/3866/3873 3878/3867/3874 3838/3828/3834
f 3878/3867/3874 3879/3868/3875 3839/3829/3835
f 3879/3868/3875 3880/3909/3876 3840/3869/3836
f 3881/3870/3877 3882/3871/3878 3842/3832/3838
f 3882/3871/3878 3883/3872/3879 3843/3831/3839
f 3883/3872/3879 3884/3873/3880 3844/3833/3840
f 3884/3873/3880 3885/3874/3881 3845/3834/3841
f 3885/3874/3881 3886/3875/3882 3846/3835/3842
f 3886/3875/3882 3887/3877/3883 3847/3837/3843
f 3888/3876/3884 3848/3836/3844 3847/3837/3843
f 3889/3878/3885 3849/3838/3845 3848/3836/3844
f 3890/3879/3886 3850/3839/3846 3849/3838/3845
f 3891/3880/3887 3851/3840/3847 3850/3839/3846
f 3891/3880/3887 3892/3882/3888 3852/3841/3848
f 3893/3881/3889 3853/3842/3849 3852/3841/3848
f 3894/3883/3890 3854/3843/3850 3853/3842/3849
f 3895/3884/3891 3855/3844/3851 3854/3843/3850
f 3896/3885/3892 3856/3845/3852 3855/3844/3851
f 3897/3886/3893 3857/3846/3853 3856/3845/3852
f 3898/3887/3894 3858/3847/3854 3857/3846/3853
f 3899/3888/3895 3859/3848/3855 3858/3847/3854
f 3900/3889/3896 3860/3849/3856 3859/3848/3855
f 3901/3890/3897 3861/3851/3857 3860/3849/3856
f 3901/3890/3897 3902/3891/3898 3862/3850/3858
f 3902/3891/3898 3903/3892/3899 3863/3852/3859
f 3903/3892/3899 3904/3894/3900 3864/3853/3860
f 3905/3893/3901 3865/3855/3861 3864/3853/3860
f 3906/3895/3902 3866/3854/3862 3865/3855/3861
f 3907/3896/3903 3867/3856/3863 3866/3854/3862
f 3908/3897/3904 3868/3857/3864 3867/3856/3863
f 3908/3897/3904 3909/3898/3905 3869/3858/3865
f 3909/3898/3905 3910/3899/3906 3870/3859/3866
f 3910/3899/3906 3911/3900/3907 3871/3860/3867
f 3911/3900/3907 3912/3901/3908 3872/3861/3868
f 3912/3901/3908 3913/3902/3909 3873/3862/3869
f 3913/3902/3909 3914/3903/3910 3874/3863/3870
f 3914/3903/3910 3915/3904/3911 3875/3864/3871
f 3915/3904/3911 3916/3905/3912 3876/3865/3872
f 3916/3905/3912 3917/3906/3913 3877/3866/3873
f 3917/3906/3913 3918/3907/3914 3878/3867/3874
f 3918/3907/3914 3919/3908/3915 3879/3868/3875
f 3919/3908/3915 3920/3949/3916 3880/3909/3876
f 3922/3910/3918 3882/3871/3878 3881/3870/3877
f 3922/3910/3918 3923/3912/3919 3883/3872/3879
f 3923/3912/3919 3924/3913/3920 3884/3873/3880
f 3924/3913/3920 3925/3914/3921 3885/3874/3881
f 3925/3914/3921 3926/3915/3922 3886/3875/3882
f 3926/3915/3922 3927/3916/3923 3887/3877/3883
f 3927/3916/3923 3928/3917/3924 3888/3876/3884
f 3928/3917/3924 3929/3919/3925 3889/3878/3885
f 3930/3918/3926 3890/3879/3886 3889/3878/3885
f 3930/3918/3926 3931/3921/3927 3891/3880/3887
f 3932/3920/3928 3892/3882/3888 3891/3880/3887
f 3932/3920/3928 3933/3923/3929 3893/3881/3889
f 3934/3922/3930 3894/3883/3890 3893/3881/3889
f 3935/3924/3931 3895/3884/3891 3894/3883/3890
f 3936/3925/3932 3896/3885/3892 3895/3884/3891
f 3937/3926/3933 3897/3886/3893 3896/3885/3892
f 3938/3927/3934 3898/3887/3894 3897/3886/3893
f 3939/3928/3935 3899/3888/3895 3898/3887/3894
f 3940/3929/3936 3900/3889/3896 3899/3888/3895
f 3941/3930/3937 3901/3890/3897 3900/3889/3896
f 3941/3930/3937 3942/3931/3938 3902/3891/3898
f 3942/3931/3938 3943/3932/3939 3903/3892/3899
f 3943/3932/3939 3944/3933/3940 3904/3894/3900
f 3944/3933/3940 3945/3935/3941 3905/3893/3901
f 3946/3934/3942 3906/3895/3902 3905/3893/3901
f 3947/3936/3943 3907/3896/3903 3906/3895/3902
f 3948/3937/3944 3908/3897/3904 3907/3896/3903
f 3948/3937/3944 3949/3938/3945 3909/3898/3905
f 3949/3938/3945 3950/3939/3946 3910/3899/3906
f 3950/3939/3946 3951/3940/3947 3911/3900/3907
f 3951/3940/3947 3952/3941/3948 3912/3901/3908
f 3952/3941/3948 3953/3942/3949 3913/3902/3909
f 3953/3942/3949 3954/3943/3950 3914/3903/3910
f 3954/3943/3950 3955/3944/3951 3915/3904/3911
f 3955/3944/3951 3956/3945/3952 3916/3905/3912
f 3956/3945/3952 3957/3946/3953 3917/3906/3913
f 3957/3946/3953 3958/3947/3954 3918/3907/3914
f 3958/3947/3954 3959/3948/3955 3919/3908/3915
f 3959/3948/3955 3960/3989/3956 3920/3949/3916
f 3961/3950/3957 3962/3951/3958 3922/3910/3918
f 3962/3951/3958 3963/3952/3959 3923/3912/3919
f 3963/3952/3959 3964/3953/3960 3924/3913/3920
f 3964/3953/3960 3965/3954/3961 3925/3914/3921
f 3965/3954/3961 3966/3955/3962 3926/3915/3922
f 3966/3955/3962 3967/3956/3963 3927/3916/3923
f 3967/3956/3963 3968/3957/3964 3928/3917/3924
f 3968/3957/3964 3969/3958/3965 3929/3919/3925
f 3969/3958/3965 3970/3960/3966 3930/3918/3926
f 3971/3959/3967 3931/3921/3927 3930/3918/3926
f 3971/3959/3967 3972/3961/3968 3932/3920/3928
f 3972/3961/3968 3973/3963/3969 3933/3923/3929
f 3974/3962/3970 3934/3922/3930 3933/3923/3929
f 3975/3964/3971 3935/3924/3931 3934/3922/3930
f 3976/3965/3972 3936/3925/3932 3935/3924/3931
f 3977/3966/3973 3937/3926/3933 3936/3925/3932
f 3978/3967/3974 3938/3927/3934 3937/3926/3933
f 3979/3968/3975 3939/3928/3935 3938/3927/3934
f 3980/3969/3976 3940/3929/3936 3939/3928/3935
f 3981/3970/3977 3941/3930/3937 3940/3929/3936
f 3981/3970/3977 3982/3971/3978 3942/3931/3938
f 3982/3971/3978 3983/3972/3979 3943/3932/3939
f 3983/3972/3979 3984/3973/3980 3944/3933/3940
f 3984/3973/3980 3985/3974/3981 3945/3935/3941
f 3985/3974/3981 3986/3975/3982 3946/3934/3942
f 3986/3975/3982 3987/3976/3983 3947/3936/3943
f 3987/3976/3983 3988/3977/3984 3948/3937/3944
f 3988/3977/3984 3989/3978/3985 3949/3938/3945
f 3989/3978/3985 3990/3979/3986 3950/3939/3946
f 3990/3979/3986 3991/3980/3987 3951/3940/3947
f 3991/3980/3987 3992/3981/3988 3952/3941/3948
f 3992/3981/3988 3993/3982/3989 3953/3942/3949
f 3993/3982/3989 3994/3983/3990 3954/3943/3950
f 3994/3983/3990 3995/3984/3991 3955/3944/3951
f 3995/3984/3991 3996/3985/3992 3956/3945/3952
f 3996/3985/3992 3997/3986/3993 3957/3946/3953
f 3997/3986/3993 3998/3987/3994 3958/3947/3954
f 3998/3987/3994 3999/3988/3995 3959/3948/3955
f 3999/3988/3995 4000/4029/3996 3960/3989/3956
f 4001/3990/3997 4002/3991/3998 3962/3951/3958
f 4002/3991/3998 4003/3992/3999 3963/3952/3959
f 4003/3992/3999 4004/3994/4000 3964/3953/3960
f 4005/3993/4001 3965/3954/3961 3964/3953/3960
f 4006/3995/4002 3966/3955/3962 3965/3954/3961
f 4006/3995/4002 4007/3996/4003 3967/3956/3963
f 4007/3996/4003 4008/3997/4004 3968/3957/3964
f 4008/3997/4004 4009/3998/4005 3969/3958/3965
f 4009/3998/4005 4010/3999/4006 3970/3960/3966
f 4010/3999/4006 4011/4000/4007 3971/3959/3967
f 4011/4000/4007 4012/4001/4008 3972/3961/3968
f 4012/4001/4008 4013/4002/4009 3973/3963/3969
f 4013/4002/4009 4014/4004/4010 3974/3962/3970
f 4015/4003/4011 3975/3964/3971 3974/3962/3970
f 4016/4005/4012 3976/3965/3972 3975/3964/3971
f 4017/4006/4013 3977/3966/3973 3976/3965/3972
f 4018/4007/4014 3978/3967/3974 3977/3966/3973
f 4019/4008/4015 3979/3968/3975 3978/3967/3974
f 4020/4009/4016 3980/3969/3976 3979/3968/3975
f 4021/4010/4017 3981/3970/3977 3980/3969/3976
f 4021/4010/4017 4022/4011/4018 3982/3971/3978
f 4022/4011/4018 4023/4012/4019 3983/3972/3979
f 4023/4012/4019 4024/4013/4020 3984/3973/3980
f 4024/4013/4020 4025/4014/4021 3985/3974/3981
f 4025/4014/4021 4026/4015/4022 3986/3975/3982
f 4026/4015/4022 4027/4016/4023 3987/3976/3983
f 4027/4016/4023 4028/4017/4024 3988/3977/3984
f 4028/4017/4024 4029/4018/4025 3989/3978/3985
f 4029/4018/4025 4030/4019/4026 3990/3979/3986
f 4030/4019/4026 4031/4020/4027 3991/3980/3987
f 4031/4020/4027 4032/4021/4028 3992/3981/3988
f 4032/4021/4028 4033/4022/4029 3993/3982/3989
f 4033/4022/4029 4034/4023/4030 3994/3983/3990
f 4034/4023/4030 4035/4024/4031 3995/3984/3991
f 4035/4024/4031 4036/4025/4032 3996/3985/3992
f 4036/4025/4032 4037/4026/4033 3997/3986/3993
f 4037/4026/4033 4038/4027/4034 3998/3987/3994
f 4038/4027/4034 4039/4028/4035 3999/3988/3995
f 4039/4028/4035 4040/4069/4036 4000/4029/3996
f 4041/4030/4037 4042/4032/4038 4002/3991/3998
f 4043/4031/4039 4003/3992/3999 4002/3991/3998
f 4044/4033/4040 4004/3994/4000 4003/3992/3999
f 4044/4033/4040 4045/4035/4041 4005/3993/4001
f 4046/4034/4042 4006/3995/4002 4005/3993/4001
f 4047/4036/4043 4007/3996/4003 4006/3995/4002
f 4048/4037/4044 4008/3997/4004 4007/3996/4003
f 4048/4037/4044 4049/4038/4045 4009/3998/4005
f 4049/4038/4045 4050/4039/4046 4010/3999/4006
f 4050/4039/4046 4051/4040/4047 4011/4000/4007
f 4051/4040/4047 4052/4041/4048 4012/4001/4008
f 4052/4041/4048 4053/4042/4049 4013/4002/4009
f 4053/4042/4049 4054/4043/4050 4014/4004/4010
f 4054/4043/4050 4055/4045/4051 4015/4003/4011
f 4056/4044/4052 4016/4005/4012 4015/4003/4011
f 4057/4046/4053 4017/4006/4013 4016/4005/4012
f 4058/4047/4054 4018/4007/4014 4017/4006/4013
f 4059/4048/4055 4019/4008/4015 4018/4007/4014
f 4060/4049/4056 4020/4009/4016 4019/4008/4015
f 4061/4050/4057 4021/4010/4017 4020/4009/4016
f 4062/4051/4058 4022/4011/4018 4021/4010/4017
f 4062/4051/4058 4063/4052/4059 4023/4012/4019
f 4063/4052/4059 4064/4053/4060 4024/4013/4020
f 4064/4053/4060 4065/4054/4061 4025/4014/4021
f 4065/4054/4061 4066/4055/4062 4026/4015/4022
f 4066/4055/4062 4067/4056/4063 4027/4016/4023
f 4067/4056/4063 4068/4057/4064 4028/4017/4024
f 4068/4057/4064 4069/4058/4065 4029/4018/4025
f 4069/4058/4065 4070/4059/4066 4030/4019/4026
f 4070/4059/4066 4071/4060/4067 4031/4020/4027
f 4071/4060/4067 4072/4061/4068 4032/4021/4028
f 4072/4061/4068 4073/4062/4069 4033/4022/4029
f 4073/4062/4069 4074/4063/4070 4034/4023/4030
f 4074/4063/4070 4075/4064/4071 4035/4024/4031
f 4075/4064/4071 4076/4065/4072 4036/4025/4032
f 4076/4065/4072 4077/4066/4073 4037/4026/4033
f 4077/4066/4073 4078/4067/4074 4038/4027/4034
f 4078/4067/4074 4079/4068/4075 4039/4028/4035
f 4079/4068/4075 4080/4109/4076 4040/4069/4036
f 4081/4070/4077 4082/4072/4078 4042/4032/4038
f 4083/4071/4079 4043/4031/4039 4042/4032/4038
f 4084/4073/4080 4044/4033/4040 4043/4031/4039
f 4084/4073/4080 4085/4075/4081 4045/4035/4041
f 4086/4074/4082 4046/4034/4042 4045/4035/4041
f 4087/4076/4083 4047/4036/4043 4046/4034/4042
f 4087/4076/4083 4088/4077/4084 4048/4037/4044
f 4088/4077/4084 4089/4079/4085 4049/4038/4045
f 4090/4078/4086 4050/4039/4046 4049/4038/4045
f 4090/4078/4086 4091/4080/4087 4051/4040/4047
f 4091/4080/4087 4092/4081/4088 4052/4041/4048
f 4092/4081/4088 4093/4082/4089 4053/4042/4049
f 4093/4082/4089 4094/4083/4090 4054/4043/4050
f 4094/4083/4090 4095/4084/4091 4055/4045/4051
f 4095/4084/4091 4096/4086/4092 4056/4044/4052
f 4097/4085/4093 4057/4046/4053 4056/4044/4052
f 4098/4087/4094 4058/4047/4054 4057/4046/4053
f 4099/4088/4095 4059/4048/4055 4058/4047/4054
f 4100/4089/4096 4060/4049/4056 4059/4048/4055
f 4101/4090/4097 4061/4050/4057 4060/4049/4056
f 4102/4091/4098 4062/4051/4058 4061/4050/4057
f 4103/4092/4099 4063/4052/4059 4062/4051/4058
f 4103/4092/4099 4104/4093/4100 4064/4053/4060
f 4104/4093/4100 4105/4094/4101 4065/4054/4061
f 4105/4094/4101 4106/4095/4102 4066/4055/4062
f 4106/4095/4102 4107/4096/4103 4067/4056/4063
f 4107/4096/4103 4108/4097/4104 4068/4057/4064
f 4108/4097/4104 4109/4098/4105 4069/4058/4065
f 4109/4098/4105 4110/4099/4106 4070/4059/4066
f 4110/4099/4106 4111/4100/4107 4071/4060/4067
f 4111/4100/4107 4112/4101/4108 4072/4061/4068
f 4112/4101/4108 4113/4102/4109 4073/4062/4069
f 4113/4102/4109 4114/4103/4110 4074/4063/4070
f 4114/4103/4110 4115/4104/4111 4075/4064/4071
f 4115/4104/4111 4116/4105/4112 4076/4065/4072
f 4116/4105/4112 4117/4106/4113 4077/4066/4073
f 4117/4106/4113 4118/4107/4114 4078/4067/4074
f 4118/4107/4114 4119/4108/4115 4079/4068/4075
f 4119/4108/4115 4120/4149/4116 4080/4109/4076
f 4121/4110/4117 4122/4112/4118 4082/4072/4078
f 4123/4111/4119 4083/4071/4079 4082/4072/4078
f 4124/4113/4120 4084/4073/4080 4083/4071/4079
f 4124/4113/4120 4125/4115/4121 4085/4075/4081
f 4126/4114/4122 4086/4074/4082 4085/4075/4081
f 4127/4116/4123 4087/4076/4083 4086/4074/4082
f 4127/4116/4123 4128/4117/4124 4088/4077/4084
f 4128/4117/4124 4129/4118/4125 4089/4079/4085
f 4129/4118/4125 4130/4119/4126 4090/4078/4086
f 4130/4119/4126 4131/4121/4127 4091/4080/4087
f 4132/4120/4128 4092/4081/4088 4091/4080/4087
f 4132/4120/4128 4133/4123/4129 4093/4082/4089
f 4134/4122/4130 4094/4083/4090 4093/4082/4089
f 4135/4124/4131 4095/4084/4091 4094/4083/4090
f 4136/4125/4132 4096/4086/4092 4095/4084/4091
f 4137/4126/4133 4097/4085/4093 4096/4086/4092
f 4138/4127/4134 4098/4087/4094 4097/4085/4093
f 4139/4128/4135 4099/4088/4095 4098/4087/4094
f 4140/4129/4136 4100/4089/4096 4099/4088/4095
f 4141/4130/4137 4101/4090/4097 4100/4089/4096
f 4142/4131/4138 4102/4091/4098 4101/4090/4097
f 4143/4132/4139 4103/4092/4099 4102/4091/4098
f 4143/4132/4139 4144/4133/4140 4104/4093/4100
f 4144/4133/4140 4145/4134/4141 4105/4094/4101
f 4145/4134/4141 4146/4135/4142 4106/4095/4102
f 4146/4135/4142 4147/4136/4143 4107/4096/4103
f 4147/4136/4143 4148/4137/4144 4108/4097/4104
f 4148/4137/4144 4149/4138/4145 4109/4098/4105
f 4149/4138/4145 4150/4139/4146 4110/4099/4106
f 4150/4139/4146 4151/4140/4147 4111/4100/4107
f 4151/4140/4147 4152/4141/4148 4112/4101/4108
f 4152/4141/4148 4153/4142/4149 4113/4102/4109
f 4153/4142/4149 4154/4143/4150 4114/4103/4110
f 4154/4143/4150 4155/4144/4151 4115/4104/4111
f 4155/4144/4151 4156/4145/4152 4116/4105/4112
f 4156/4145/4152 4157/4146/4153 4117/4106/4113
f 4157/4146/4153 4158/4147/4154 4118/4107/4114
f 4158/4147/4154 4159/4148/4155 4119/4108/4115
f 4159/4148/4155 4160/4189/4156 4120/4149/4116
f 4162/4150/4158 4122/4112/4118 4121/4110/4117
f 4162/4150/4158 4163/4152/4159 4123/4111/4119
f 4163/4152/4159 4164/4154/4160 4124/4113/4120
f 4165/4153/4161 4125/4115/4121 4124/4113/4120
f 4165/4153/4161 4166/4155/4162 4126/4114/4122
f 4166/4155/4162 4167/4156/4163 4127/4116/4123
f 4167/4156/4163 4168/4158/4164 4128/4117/4124
f 4169/4157/4165 4129/4118/4125 4128/4117/4124
f 4170/4159/4166 4130/4119/4126 4129/4118/4125
f 4171/4160/4167 4131/4121/4127 4130/4119/4126
f 4172/4161/4168 4132/4120/4128 4131/4121/4127
f 4172/4161/4168 4173/4163/4169 4133/4123/4129
f 4174/4162/4170 4134/4122/4130 4133/4123/4129
f 4174/4162/4170 4175/4164/4171 4135/4124/4131
f 4175/4164/4171 4176/4166/4172 4136/4125/4132
f 4177/4165/4173 4137/4126/4133 4136/4125/4132
f 4178/4167/4174 4138/4127/4134 4137/4126/4133
f 4179/4168/4175 4139/4128/4135 4138/4127/4134
f 4180/4169/4176 4140/4129/4136 4139/4128/4135
f 4181/4170/4177 4141/4130/4137 4140/4129/4136
f 4182/4171/4178 4142/4131/4138 4141/4130/4137
f 4183/4172/4179 4143/4132/4139 4142/4131/4138
f 4183/4172/4179 4184/4173/4180 4144/4133/4140
f 4184/4173/4180 4185/4174/4181 4145/4134/4141
f 4185/4174/4181 4186/4175/4182 4146/4135/4142
f 4186/4175/4182 4187/4176/4183 4147/4136/4143
f 4187/4176/4183 4188/4177/4184 4148/4137/4144
f 4188/4177/4184 4189/4178/4185 4149/4138/4145
f 4189/4178/4185 4190/4179/4186 4150/4139/4146
f 4190/4179/4186 4191/4180/4187 4151/4140/4147
f 4191/4180/4187 4192/4181/4188 4152/4141/4148
f 4192/4181/4188 4193/4182/4189 4153/4142/4149
f 4193/4182/4189 4194/4183/4190 4154/4143/4150
f 4194/4183/4190 4195/4184/4191 4155/4144/4151
f 4195/4184/4191 4196/4185/4192 4156/4145/4152
f 4196/4185/4192 4197/4186/4193 4157/4146/4153
f 4197/4186/4193 4198/4187/4194 4158/4147/4154
f 4198/4187/4194 4199/4188/4195 4159/4148/4155
f 4199/4188/4195 4200/4229/4196 4160/4189/4156
f 4202/4190/4198 4162/4150/4158 4161/4151/4157
f 4202/4190/4198 4203/4192/4199 4163/4152/4159
f 4203/4192/4199 4204/4194/4200 4164/4154/4160
f 4205/4193/4201 4165/4153/4161 4164/4154/4160
f 4205/4193/4201 4206/4195/4202 4166/4155/4162
f 4206/4195/4202 4207/4196/4203 4167/4156/4163
f 4207/4196/4203 4208/4198/4204 4168/4158/4164
f 4209/4197/4205 4169/4157/4165 4168/4158/4164
f 4210/4199/4206 4170/4159/4166 4169/4157/4165
f 4211/4200/4207 4171/4160/4167 4170/4159/4166
f 4211/4200/4207 4212/4201/4208 4172/4161/4168
f 4212/4201/4208 4213/4202/4209 4173/4163/4169
f 4213/4202/4209 4214/4204/4210 4174/4162/4170
f 4215/4203/4211 4175/4164/4171 4174/4162/4170
f 4216/4205/4212 4176/4166/4172 4175/4164/4171
f 4217/4206/4213 4177/4165/4173 4176/4166/4172
f 4218/4207/4214 4178/4167/4174 4177/4165/4173
f 4219/4208/4215 4179/4168/4175 4178/4167/4174
f 4220/4209/4216 4180/4169/4176 4179/4168/4175
f 4221/4210/4217 4181/4170/4177 4180/4169/4176
f 4222/4211/4218 4182/4171/4178 4181/4170/4177
f 4223/4212/4219 4183/4172/4179 4182/4171/4178
f 4223/4212/4219 4224/4213/4220 4184/4173/4180
f 4224/4213/4220 4225/4214/4221 4185/4174/4181
f 4225/4214/4221 4226/4215/4222 4186/4175/4182
f 4226/4215/4222 4227/4216/4223 4187/4176/4183
f 4227/4216/4223 4228/4217/4224 4188/4177/4184
f 4228/4217/4224 4229/4218/4225 4189/4178/4185
f 4229/4218/4225 4230/4219/4226 4190/4179/4186
f 4230/4219/4226 4231/4220/4227 4191/4180/4187
f 4231/4220/4227 4232/4221/4228 4192/4181/4188
f 4232/4221/4228 4233/4222/4229 4193/4182/4189
f 4233/4222/4229 4234/4223/4230 4194/4183/4190
f 4234/4223/4230 4235/4224/4231 4195/4184/4191
f 4235/4224/4231 4236/4225/4232 4196/4185/4192
f 4236/4225/4232 4237/4226/4233 4197/4186/4193
f 4237/4226/4233 4238/4227/4234 4198/4187/4194
f 4238/4227/4234 4239/4228/4235 4199/4188/4195
f 4239/4228/4235 4240/4269/4236 4200/4229/4196
f 4241/4230/4237 4242/4231/4238 4202/4190/4198
f 4242/4231/4238 4243/4232/4239 4203/4192/4199
f 4243/4232/4239 4244/4234/4240 4204/4194/4200
f 4245/4233/4241 4205/4193/4201 4204/4194/4200
f 4245/4233/4241 4246/4235/4242 4206/4195/4202
f 4246/4235/4242 4247/4237/4243 4207/4196/4203
f 4248/4236/4244 4208/4198/4204 4207/4196/4203
f 4248/4236/4244 4249/4238/4245 4209/4197/4205
f 4249/4238/4245 4250/4239/4246 4210/4199/4206
f 4250/4239/4246 4251/4241/4247 4211/4200/4207
f 4252/4240/4248 4212/4201/4208 4211/4200/4207
f 4253/4242/4249 4213/4202/4209 4212/4201/4208
f 4254/4243/4250 4214/4204/4210 4213/4202/4209
f 4255/4244/4251 4215/4203/4211 4214/4204/4210
f 4256/4245/4252 4216/4205/4212 4215/4203/4211
f 4256/4245/4252 4257/4246/4253 4217/4206/4213
f 4257/4246/4253 4258/4248/4254 4218/4207/4214
f 4259/4247/4255 4219/4208/4215 4218/4207/4214
f 4260/4249/4256 4220/4209/4216 4219/4208/4215
f 4261/4250/4257 4221/4210/4217 4220/4209/4216
f 4262/4251/4258 4222/4211/4218 4221/4210/4217
f 4263/4252/4259 4223/4212/4219 4222/4211/4218
f 4264/4253/4260 4224/4213/4220 4223/4212/4219
f 4264/4253/4260 4265/4255/4261 4225/4214/4221
f 4266/4254/4262 4226/4215/4222 4225/4214/4221
f 4266/4254/4262 4267/4256/4263 4227/4216/4223
f 4267/4256/4263 4268/4257/4264 4228/4217/4224
f 4268/4257/4264 4269/4258/4265 4229/4218/4225
f 4269/4258/4265 4270/4259/4266 4230/4219/4226
f 4270/4259/4266 4271/4260/4267 4231/4220/4227
f 4271/4260/4267 4272/4261/4268 4232/4221/4228
f 4272/4261/4268 4273/4262/4269 4233/4222/4229
f 4273/4262/4269 4274/4263/4270 4234/4223/4230
f 4274/4263/4270 4275/4264/4271 4235/4224/4231
f 4275/4264/4271 4276/4265/4272 4236/4225/4232
f 4276/4265/4272 4277/4266/4273 4237/4226/4233
f 4277/4266/4273 4278/4267/4274 4238/4227/4234
f 4278/4267/4274 4279/4268/4275 4239/4228/4235
f 4279/4268/4275 4280/4309/4276 4240/4269/4236
f 4281/4270/4277 4282/4272/4278 4242/4231/4238
f 4283/4271/4279 4243/4232/4239 4242/4231/4238
f 4283/4271/4279 4284/4274/4280 4244/4234/4240
f 4285/4273/4281 4245/4233/4241 4244/4234/4240
f 4285/4273/4281 4286/4275/4282 4246/4235/4242
f 4286/4275/4282 4287/4277/4283 4247/4237/4243
f 4288/4276/4284 4248/4236/4244 4247/4237/4243
f 4289/4278/4285 4249/4238/4245 4248/4236/4244
f 4289/4278/4285 4290/4279/4286 4250/4239/4246
f 4290/4279/4286 4291/4280/4287 4251/4241/4247
f 4291/4280/4287 4292/4282/4288 4252/4240/4248
f 4293/4281/4289 4253/4242/4249 4252/4240/4248
f 4294/4283/4290 4254/4243/4250 4253/4242/4249
f 4295/4284/4291 4255/4244/4251 4254/4243/4250
f 4296/4285/4292 4256/4245/4252 4255/4244/4251
f 4296/4285/4292 4297/4286/4293 4257/4246/4253
f 4297/4286/4293 4298/4288/4294 4258/4248/4254
f 4299/4287/4295 4259/4247/4255 4258/4248/4254
f 4300/4289/4296 4260/4249/4256 4259/4247/4255
f 4301/4290/4297 4261/4250/4257 4260/4249/4256
f 4302/4291/4298 4262/4251/4258 4261/4250/4257
f 4303/4292/4299 4263/4252/4259 4262/4251/4258
f 4304/4293/4300 4264/4253/4260 4263/4252/4259
f 4305/4294/4301 4265/4255/4261 4264/4253/4260
f 4306/4295/4302 4266/4254/4262 4265/4255/4261
f 4307/4296/4303 4267/4256/4263 4266/4254/4262
f 4307/4296/4303 4308/4297/4304 4268/4257/4264
f 4308/4297/4304 4309/4298/4305 4269/4258/4265
f 4309/4298/4305 4310/4299/4306 4270/4259/4266
f 4310/4299/4306 4311/4300/4307 4271/4260/4267
f 4311/4300/4307 4312/4301/4308 4272/4261/4268
f 4312/4301/4308 4313/4302/4309 4273/4262/4269
f 4313/4302/4309 4314/4304/4310 4274/4263/4270
f 4315/4303/4311 4275/4264/4271 4274/4263/4270
f 4316/4305/4312 4276/4265/4272 4275/4264/4271
f 4316/4305/4312 4317/4306/4313 4277/4266/4273
f 4317/4306/4313 4318/4307/4314 4278/4267/4274
f 4318/4307/4314 4319/4308/4315 4279/4268/4275
f 4319/4308/4315 4320/4349/4316 4280/4309/4276
f 4321/4310/4317 4322/4312/4318 4282/4272/4278
f 4323/4311/4319 4283/4271/4279 4282/4272/4278
f 4324/4313/4320 4284/4274/4280 4283/4271/4279
f 4325/4314/4321 4285/4273/4281 4284/4274/4280
f 4325/4314/4321 4326/4315/4322 4286/4275/4282
f 4326/4315/4322 4327/4317/4323 4287/4277/4283
f 4328/4316/4324 4288/4276/4284 4287/4277/4283
f 4329/4318/4325 4289/4278/4285 4288/4276/4284
f 4330/4319/4326 4290/4279/4286 4289/4278/4285
f 4331/4320/4327 4291/4280/4287 4290/4279/4286
f 4332/4321/4328 4292/4282/4288 4291/4280/4287
f 4333/4322/4329 4293/4281/4289 4292/4282/4288
f 4334/4323/4330 4294/4283/4290 4293/4281/4289
f 4335/4324/4331 4295/4284/4291 4294/4283/4290
f 4336/4325/4332 4296/4285/4292 4295/4284/4291
f 4337/4326/4333 4297/4286/4293 4296/4285/4292
f 4338/4327/4334 4298/4288/4294 4297/4286/4293
f 4339/4328/4335 4299/4287/4295 4298/4288/4294
f 4340/4329/4336 4300/4289/4296 4299/4287/4295
f 4341/4330/4337 4301/4290/4297 4300/4289/4296
f 4342/4331/4338 4302/4291/4298 4301/4290/4297
f 4343/4332/4339 4303/4292/4299 4302/4291/4298
f 4344/4333/4340 4304/4293/4300 4303/4292/4299
f 4345/4334/4341 4305/4294/4301 4304/4293/4300
f 4345/4334/4341 4346/4335/4342 4306/4295/4302
f 4346/4335/4342 4347/4336/4343 4307/4296/4303
f 4347/4336/4343 4348/4337/4344 4308/4297/4304
f 4348/4337/4344 4349/4338/4345 4309/4298/4305
f 4349/4338/4345 4350/4339/4346 4310/4299/4306
f 4350/4339/4346 4351/4340/4347 4311/4300/4307
f 4351/4340/4347 4352/4341/4348 4312/4301/4308
f 4352/4341/4348 4353/4342/4349 4313/4302/4309
f 4353/4342/4349 4354/4344/4350 4314/4304/4310
f 4355/4343/4351 4315/4303/4311 4314/4304/4310
f 4356/4345/4352 4316/4305/4312 4315/4303/4311
f 4357/4346/4353 4317/4306/4313 4316/4305/4312
f 4357/4346/4353 4358/4347/4354 4318/4307/4314
f 4358/4347/4354 4359/4348/4355 4319/4308/4315
f 4359/4348/4355 4360/4389/4356 4320/4349/4316
f 4361/4350/4357 4362/4352/4358 4322/4312/4318
f 4363/4351/4359 4323/4311/4319 4322/4312/4318
f 4364/4353/4360 4324/4313/4320 4323/4311/4319
f 4365/4354/4361 4325/4314/4321 4324/4313/4320
f 4366/4355/4362 4326/4315/4322 4325/4314/4321
f 4367/4356/4363 4327/4317/4323 4326/4315/4322
f 4368/4357/4364 4328/4316/4324 4327/4317/4323
f 4369/4358/4365 4329/4318/4325 4328/4316/4324
f 4370/4359/4366 4330/4319/4326 4329/4318/4325
f 4371/4360/4367 4331/4320/4327 4330/4319/4326
f 4372/4361/4368 4332/4321/4328 4331/4320/4327
f 4373/4362/4369 4333/4322/4329 4332/4321/4328
f 4374/4363/4370 4334/4323/4330 4333/4322/4329
f 4375/4364/4371 4335/4324/4331 4334/4323/4330
f 4376/4365/4372 4336/4325/4332 4335/4324/4331
f 4377/4366/4373 4337/4326/4333 4336/4325/4332
f 4378/4367/4374 4338/4327/4334 4337/4326/4333
f 4378/4367/4374 4379/4369/4375 4339/4328/4335
f 4380/4368/4376 4340/4329/4336 4339/4328/4335
f 4381/4370/4377 4341/4330/4337 4340/4329/4336
f 4382/4371/4378 4342/4331/4338 4341/4330/4337
f 4383/4372/4379 4343/4332/4339 4342/4331/4338
f 4384/4373/4380 4344/4333/4340 4343/4332/4339
f 4385/4374/4381 4345/4334/4341 4344/4333/4340
f 4385/4374/4381 4386/4375/4382 4346/4335/4342
f 4386/4375/4382 4387/4376/4383 4347/4336/4343
f 4387/4376/4383 4388/4377/4384 4348/4337/4344
f 4388/4377/4384 4389/4378/4385 4349/4338/4345
f 4389/4378/4385 4390/4379/4386 4350/4339/4346
f 4390/4379/4386 4391/4380/4387 4351/4340/4347
f 4391/4380/4387 4392/4381/4388 4352/4341/4348
f 4392/4381/4388 4393/4383/4389 4353/4342/4349
f 4394/4382/4390 4354/4344/4350 4353/4342/4349
f 4395/4384/4391 4355/4343/4351 4354/4344/4350
f 4396/4385/4392 4356/4345/4352 4355/4343/4351
f 4397/4386/4393 4357/4346/4353 4356/4345/4352
f 4397/4386/4393 4398/4387/4394 4358/4347/4354
f 4398/4387/4394 4399/4388/4395 4359/4348/4355
f 4399/4388/4395 4400/4429/4396 4360/4389/4356
f 4402/4390/4398 4362/4352/4358 4361/4350/4357
f 4402/4390/4398 4403/4392/4399 4363/4351/4359
f 4403/4392/4399 4404/4394/4400 4364/4353/4360
f 4405/4393/4401 4365/4354/4361 4364/4353/4360
f 4406/4395/4402 4366/4355/4362 4365/4354/4361
f 4407/4396/4403 4367/4356/4363 4366/4355/4362
f 4408/4397/4404 4368/4357/4364 4367/4356/4363
f 4409/4398/4405 4369/4358/4365 4368/4357/4364
f 4410/4399/4406 4370/4359/4366 4369/4358/4365
f 4410/4399/4406 4411/4400/4407 4371/4360/4367
f 4411/4400/4407 4412/4402/4408 4372/4361/4368
f 4413/4401/4409 4373/4362/4369 4372/4361/4368
f 4414/4403/4410 4374/4363/4370 4373/4362/4369
f 4415/4404/4411 4375/4364/4371 4374/4363/4370
f 4416/4405/4412 4376/4365/4372 4375/4364/4371
f 4417/4406/4413 4377/4366/4373 4376/4365/4372
f 4417/4406/4413 4418/4407/4414 4378/4367/4374
f 4418/4407/4414 4419/4408/4415 4379/4369/4375
f 4419/4408/4415 4420/4410/4416 4380/4368/4376
f 4421/4409/4417 4381/4370/4377 4380/4368/4376
f 4422/4411/4418 4382/4371/4378 4381/4370/4377
f 4423/4412/4419 4383/4372/4379 4382/4371/4378
f 4424/4413/4420 4384/4373/4380 4383/4372/4379
f 4425/4414/4421 4385/4374/4381 4384/4373/4380
f 4425/4414/4421 4426/4415/4422 4386/4375/4382
f 4426/4415/4422 4427/4416/4423 4387/4376/4383
f 4427/4416/4423 4428/4417/4424 4388/4377/4384
f 4428/4417/4424 4429/4418/4425 4389/4378/4385
f 4429/4418/4425 4430/4419/4426 4390/4379/4386
f 4430/4419/4426 4431/4420/4427 4391/4380/4387
f 4431/4420/4427 4432/4421/4428 4392/4381/4388
f 4432/4421/4428 4433/4423/4429 4393/4383/4389
f 4434/4422/4430 4394/4382/4390 4393/4383/4389
f 4435/4424/4431 4395/4384/4391 4394/4382/4390
f 4436/4425/4432 4396/4385/4392 4395/4384/4391
f 4437/4426/4433 4397/4386/4393 4396/4385/4392
f 4437/4426/4433 4438/4427/4434 4398/4387/4394
f 4438/4427/4434 4439/4428/4435 4399/4388/4395
f 4439/4428/4435 4440/4469/4436 4400/4429/4396
f 4442/4430/4438 4402/4390/4398 4401/4391/4397
f 4443/4432/4439 4403/4392/4399 4402/4390/4398
f 4443/4432/4439 4444/4434/4440 4404/4394/4400
f 4445/4433/4441 4405/4393/4401 4404/4394/4400
f 4446/4435/4442 4406/4395/4402 4405/4393/4401
f 4447/4436/4443 4407/4396/4403 4406/4395/4402
f 4448/4437/4444 4408/4397/4404 4407/4396/4403
f 4449/4438/4445 4409/4398/4405 4408/4397/4404
f 4449/4438/4445 4450/4439/4446 4410/4399/4406
f 4450/4439/4446 4451/4441/4447 4411/4400/4407
f 4452/4440/4448 4412/4402/4408 4411/4400/4407
f 4453/4442/4449 4413/4401/4409 4412/4402/4408
f 4454/4443/4450 4414/4403/4410 4413/4401/4409
f 4455/4444/4451 4415/4404/4411 4414/4403/4410
f 4456/4445/4452 4416/4405/4412 4415/4404/4411
f 4456/4445/4452 4457/4446/4453 4417/4406/4413
f 4457/4446/4453 4458/4447/4454 4418/4407/4414
f 4458/4447/4454 4459/4448/4455 4419/4408/4415
f 4459/4448/4455 4460/4450/4456 4420/4410/4416
f 4461/4449/4457 4421/4409/4417 4420/4410/4416
f 4462/4451/4458 4422/4411/4418 4421/4409/4417
f 4463/4452/4459 4423/4412/4419 4422/4411/4418
f 4464/4453/4460 4424/4413/4420 4423/4412/4419
f 4465/4454/4461 4425/4414/4421 4424/4413/4420
f 4465/4454/4461 4466/4455/4462 4426/4415/4422
f 4466/4455/4462 4467/4456/4463 4427/4416/4423
f 4467/4456/4463 4468/4457/4464 4428/4417/4424
f 4468/4457/4464 4469/4458/4465 4429/4418/4425
f 4469/4458/4465 4470/4459/4466 4430/4419/4426
f 4470/4459/4466 4471/4460/4467 4431/4420/4427
f 4471/4460/4467 4472/4461/4468 4432/4421/4428
f 4472/4461/4468 4473/4462/4469 4433/4423/4429
f 4473/4462/4469 4474/4463/4470 4434/4422/4430
f 4474/4463/4470 4475/4465/4471 4435/4424/4431
f 4476/4464/4472 4436/4425/4432 4435/4424/4431
f 4477/4466/4473 4437/4426/4433 4436/4425/4432
f 4477/4466/4473 4478/4467/4474 4438/4427/4434
f 4478/4467/4474 4479/4468/4475 4439/4428/4435
f 4479/4468/4475 4480/4509/4476 4440/4469/4436
f 4482/4470/4478 4442/4430/4438 4441/4431/4437
f 4483/4472/4479 4443/4432/4439 4442/4430/4438
f 4484/4473/4480 4444/4434/4440 4443/4432/4439
f 4485/4474/4481 4445/4433/4441 4444/4434/4440
f 4486/4475/4482 4446/4435/4442 4445/4433/4441
f 4487/4476/4483 4447/4436/4443 4446/4435/4442
f 4488/4477/4484 4448/4437/4444 4447/4436/4443
f 4488/4477/4484 4489/4479/4485 4449/4438/4445
f 4490/4478/4486 4450/4439/4446 4449/4438/4445
f 4491/4480/4487 4451/4441/4447 4450/4439/4446
f 4492/4481/4488 4452/4440/4448 4451/4441/4447
f 4493/4482/4489 4453/4442/4449 4452/4440/4448
f 4494/4483/4490 4454/4443/4450 4453/4442/4449
f 4495/4484/4491 4455/4444/4451 4454/4443/4450
f 4496/4485/4492 4456/4445/4452 4455/4444/4451
f 4496/4485/4492 4497/4486/4493 4457/4446/4453
f 4497/4486/4493 4498/4487/4494 4458/4447/4454
f 4498/4487/4494 4499/4488/4495 4459/4448/4455
f 4499/4488/4495 4500/4490/4496 4460/4450/4456
f 4501/4489/4497 4461/4449/4457 4460/4450/4456
f 4502/4491/4498 4462/4451/4458 4461/4449/4457
f 4503/4492/4499 4463/4452/4459 4462/4451/4458
f 4504/4493/4500 4464/4453/4460 4463/4452/4459
f 4505/4494/4501 4465/4454/4461 4464/4453/4460
f 4505/4494/4501 4506/4495/4502 4466/4455/4462
f 4506/4495/4502 4507/4496/4503 4467/4456/4463
f 4507/4496/4503 4508/4497/4504 4468/4457/4464
f 4508/4497/4504 4509/4498/4505 4469/4458/4465
f 4509/4498/4505 4510/4499/4506 4470/4459/4466
f 4510/4499/4506 4511/4500/4507 4471/4460/4467
f 4511/4500/4507 4512/4501/4508 4472/4461/4468
f 4512/4501/4508 4513/4502/4509 4473/4462/4469
f 4513/4502/4509 4514/4503/4510 4474/4463/4470
f 4514/4503/4510 4515/4504/4511 4475/4465/4471
f 4515/4504/4511 4516/4506/4512 4476/4464/4472
f 4517/4505/4513 4477/4466/4473 4476/4464/4472
f 4518/4507/4514 4478/4467/4474 4477/4466/4473
f 4518/4507/4514 4519/4508/4515 4479/4468/4475
f 4519/4508/4515 4520/4549/4516 4480/4509/4476
f 4521/4510/4517 4522/4512/4518 4482/4470/4478
f 4523/4511/4519 4483/4472/4479 4482/4470/4478
f 4524/4513/4520 4484/4473/4480 4483/4472/4479
f 4525/4514/4521 4485/4474/4481 4484/4473/4480
f 4525/4514/4521 4526/4515/4522 4486/4475/4482
f 4526/4515/4522 4527/4516/4523 4487/4476/4483
f 4527/4516/4523 4528/4518/4524 4488/4477/4484
f 4529/4517/4525 4489/4479/4485 4488/4477/4484
f 4530/4519/4526 4490/4478/4486 4489/4479/4485
f 4531/4520/4527 4491/4480/4487 4490/4478/4486
f 4531/4520/4527 4532/4522/4528 4492/4481/4488
f 4533/4521/4529 4493/4482/4489 4492/4481/4488
f 4534/4523/4530 4494/4483/4490 4493/4482/4489
f 4535/4524/4531 4495/4484/4491 4494/4483/4490
f 4536/4525/4532 4496/4485/4492 4495/4484/4491
f 4536/4525/4532 4537/4526/4533 4497/4486/4493
f 4537/4526/4533 4538/4527/4534 4498/4487/4494
f 4538/4527/4534 4539/4528/4535 4499/4488/4495
f 4539/4528/4535 4540/4530/4536 4500/4490/4496
f 4541/4529/4537 4501/4489/4497 4500/4490/4496
f 4542/4531/4538 4502/4491/4498 4501/4489/4497
f 4543/4532/4539 4503/4492/4499 4502/4491/4498
f 4544/4533/4540 4504/4493/4500 4503/4492/4499
f 4545/4534/4541 4505/4494/4501 4504/4493/4500
f 4545/4534/4541 4546/4535/4542 4506/4495/4502
f 4546/4535/4542 4547/4536/4543 4507/4496/4503
f 4547/4536/4543 4548/4537/4544 4508/4497/4504
f 4548/4537/4544 4549/4538/4545 4509/4498/4505
f 4549/4538/4545 4550/4539/4546 4510/4499/4506
f 4550/4539/4546 4551/4540/4547 4511/4500/4507
f 4551/4540/4547 4552/4541/4548 4512/4501/4508
f 4552/4541/4548 4553/4542/4549 4513/4502/4509
f 4553/4542/4549 4554/4543/4550 4514/4503/4510
f 4554/4543/4550 4555/4544/4551 4515/4504/4511
f 4555/4544/4551 4556/4546/4552 4516/4506/4512
f 4557/4545/4553 4517/4505/4513 4516/4506/4512
f 4558/4547/4554 4518/4507/4514 4517/4505/4513
f 4559/4548/4555 4519/4508/4515 4518/4507/4514
f 4559/4548/4555 4560/4589/4556 4520/4549/4516
f 4561/4550/4557 4562/4552/4558 4522/4512/4518
f 4563/4551/4559 4523/4511/4519 4522/4512/4518
f 4564/4553/4560 4524/4513/4520 4523/4511/4519
f 4565/4554/4561 4525/4514/4521 4524/4513/4520
f 4565/4554/4561 4566/4555/4562 4526/4515/4522
f 4566/4555/4562 4567/4557/4563 4527/4516/4523
f 4568/4556/4564 4528/4518/4524 4527/4516/4523
f 4569/4558/4565 4529/4517/4525 4528/4518/4524
f 4569/4558/4565 4570/4559/4566 4530/4519/4526
f 4570/4559/4566 4571/4561/4567 4531/4520/4527
f 4572/4560/4568 4532/4522/4528 4531/4520/4527
f 4572/4560/4568 4573/4562/4569 4533/4521/4529
f 4573/4562/4569 4574/4563/4570 4534/4523/4530
f 4574/4563/4570 4575/4564/4571 4535/4524/4531
f 4575/4564/4571 4576/4565/4572 4536/4525/4532
f 4576/4565/4572 4577/4566/4573 4537/4526/4533
f 4577/4566/4573 4578/4568/4574 4538/4527/4534
f 4579/4567/4575 4539/4528/4535 4538/4527/4534
f 4580/4569/4576 4540/4530/4536 4539/4528/4535
f 4581/4570/4577 4541/4529/4537 4540/4530/4536
f 4582/4571/4578 4542/4531/4538 4541/4529/4537
f 4583/4572/4579 4543/4532/4539 4542/4531/4538
f 4584/4573/4580 4544/4533/4540 4543/4532/4539
f 4585/4574/4581 4545/4534/4541 4544/4533/4540
f 4585/4574/4581 4586/4575/4582 4546/4535/4542
f 4586/4575/4582 4587/4576/4583 4547/4536/4543
f 4587/4576/4583 4588/4577/4584 4548/4537/4544
f 4588/4577/4584 4589/4578/4585 4549/4538/4545
f 4589/4578/4585 4590/4579/4586 4550/4539/4546
f 4590/4579/4586 4591/4580/4587 4551/4540/4547
f 4591/4580/4587 4592/4581/4588 4552/4541/4548
f 4592/4581/4588 4593/4582/4589 4553/4542/4549
f 4593/4582/4589 4594/4583/4590 4554/4543/4550
f 4594/4583/4590 4595/4584/4591 4555/4544/4551
f 4595/4584/4591 4596/4586/4592 4556/4546/4552
f 4597/4585/4593 4557/4545/4553 4556/4546/4552
f 4598/4587/4594 4558/4547/4554 4557/4545/4553
f 4598/4587/4594 4599/4588/4595 4559/4548/4555
f 4599/4588/4595 4600/4629/4596 4560/4589/4556
f 4602/4590/4598 4562/4552/4558 4561/4550/4557
f 4603/4592/4599 4563/4551/4559 4562/4552/4558
f 4604/4593/4600 4564/4553/4560 4563/4551/4559
f 4605/4594/4601 4565/4554/4561 4564/4553/4560
f 4605/4594/4601 4606/4595/4602 4566/4555/4562
f 4606/4595/4602 4607/4597/4603 4567/4557/4563
f 4608/4596/4604 4568/4556/4564 4567/4557/4563
f 4609/4598/4605 4569/4558/4565 4568/4556/4564
f 4610/4599/4606 4570/4559/4566 4569/4558/4565
f 4611/4600/4607 4571/4561/4567 4570/4559/4566
f 4612/4601/4608 4572/4560/4568 4571/4561/4567
f 4613/4602/4609 4573/4562/4569 4572/4560/4568
f 4614/4603/4610 4574/4563/4570 4573/4562/4569
f 4615/4604/4611 4575/4564/4571 4574/4563/4570
f 4616/4605/4612 4576/4565/4572 4575/4564/4571
f 4617/4606/4613 4577/4566/4573 4576/4565/4572
f 4618/4607/4614 4578/4568/4574 4577/4566/4573
f 4619/4608/4615 4579/4567/4575 4578/4568/4574
f 4620/4609/4616 4580/4569/4576 4579/4567/4575
f 4621/4610/4617 4581/4570/4577 4580/4569/4576
f 4622/4611/4618 4582/4571/4578 4581/4570/4577
f 4623/4612/4619 4583/4572/4579 4582/4571/4578
f 4624/4613/4620 4584/4573/4580 4583/4572/4579
f 4625/4614/4621 4585/4574/4581 4584/4573/4580
f 4625/4614/4621 4626/4615/4622 4586/4575/4582
f 4626/4615/4622 4627/4616/4623 4587/4576/4583
f 4627/4616/4623 4628/4617/4624 4588/4577/4584
f 4628/4617/4624 4629/4618/4625 4589/4578/4585
f 4629/4618/4625 4630/4619/4626 4590/4579/4586
f 4630/4619/4626 4631/4620/4627 4591/4580/4587
f 4631/4620/4627 4632/4621/4628 4592/4581/4588
f 4632/4621/4628 4633/4622/4629 4593/4582/4589
f 4633/4622/4629 4634/4623/4630 4594/4583/4590
f 4634/4623/4630 4635/4624/4631 4595/4584/4591
f 4635/4624/4631 4636/4626/4632 4596/4586/4592
f 4637/4625/4633 4597/4585/4593 4596/4586/4592
f 4637/4625/4633 4638/4627/4634 4598/4587/4594
f 4638/4627/4634 4639/4628/4635 4599/4588/4595
f 4639/4628/4635 4640/4669/4636 4600/4629/4596
f 4641/4630/4637 4642/4631/4638 4602/4590/4598
f 4642/4631/4638 4643/4632/4639 4603/4592/4599
f 4643/4632/4639 4644/4633/4640 4604/4593/4600
f 4644/4633/4640 4645/4635/4641 4605/4594/4601
f 4646/4634/4642 4606/4595/4602 4605/4594/4601
f 4646/4634/4642 4647/4637/4643 4607/4597/4603
f 4648/4636/4644 4608/4596/4604 4607/4597/4603
f 4649/4638/4645 4609/4598/4605 4608/4596/4604
f 4650/4639/4646 4610/4599/4606 4609/4598/4605
f 4651/4640/4647 4611/4600/4607 4610/4599/4606
f 4652/4641/4648 4612/4601/4608 4611/4600/4607
f 4653/4642/4649 4613/4602/4609 4612/4601/4608
f 4654/4643/4650 4614/4603/4610 4613/4602/4609
f 4655/4644/4651 4615/4604/4611 4614/4603/4610
f 4656/4645/4652 4616/4605/4612 4615/4604/4611
f 4657/4646/4653 4617/4606/4613 4616/4605/4612
f 4658/4647/4654 4618/4607/4614 4617/4606/4613
f 4659/4648/4655 4619/4608/4615 4618/4607/4614
f 4660/4649/4656 4620/4609/4616 4619/4608/4615
f 4661/4650/4657 4621/4610/4617 4620/4609/4616
f 4662/4651/4658 4622/4611/4618 4621/4610/4617
f 4662/4651/4658 4663/4652/4659 4623/4612/4619
f 4663/4652/4659 4664/4654/4660 4624/4613/4620
f 4665/4653/4661 4625/4614/4621 4624/4613/4620
f 4666/4655/4662 4626/4615/4622 4625/4614/4621
f 4666/4655/4662 4667/4656/4663 4627/4616/4623
f 4667/4656/4663 4668/4657/4664 4628/4617/4624
f 4668/4657/4664 4669/4658/4665 4629/4618/4625
f 4669/4658/4665 4670/4659/4666 4630/4619/4626
f 4670/4659/4666 4671/4660/4667 4631/4620/4627
f 4671/4660/4667 4672/4661/4668 4632/4621/4628
f 4672/4661/4668 4673/4662/4669 4633/4622/4629
f 4673/4662/4669 4674/4663/4670 4634/4623/4630
f 4674/4663/4670 4675/4665/4671 4635/4624/4631
f 4676/4664/4672 4636/4626/4632 4635/4624/4631
f 4676/4664/4672 4677/4666/4673 4637/4625/4633
f 4677/4666/4673 4678/4667/4674 4638/4627/4634
f 4678/4667/4674 4679/4668/4675 4639/4628/4635
f 4679/4668/4675 4680/4709/4676 4640/4669/4636
f 4681/4670/4677 4682/4671/4678 4642/4631/4638
f 4682/4671/4678 4683/4672/4679 4643/4632/4639
f 4683/4672/4679 4684/4673/4680 4644/4633/4640
f 4684/4673/4680 4685/4675/4681 4645/4635/4641
f 4686/4674/4682 4646/4634/4642 4645/4635/4641
f 4687/4676/4683 4647/4637/4643 4646/4634/4642
f 4688/4677/4684 4648/4636/4644 4647/4637/4643
f 4689/4678/4685 4649/4638/4645 4648/4636/4644
f 4690/4679/4686 4650/4639/4646 4649/4638/4645
f 4691/4680/4687 4651/4640/4647 4650/4639/4646
f 4692/4681/4688 4652/4641/4648 4651/4640/4647
f 4693/4682/4689 4653/4642/4649 4652/4641/4648
f 4694/4683/4690 4654/4643/4650 4653/4642/4649
f 4695/4684/4691 4655/4644/4651 4654/4643/4650
f 4696/4685/4692 4656/4645/4652 4655/4644/4651
f 4697/4686/4693 4657/4646/4653 4656/4645/4652
f 4698/4687/4694 4658/4647/4654 4657/4646/4653
f 4699/4688/4695 4659/4648/4655 4658/4647/4654
f 4700/4689/4696 4660/4649/4656 4659/4648/4655
f 4700/4689/4696 4701/4690/4697 4661/4650/4657
f 4701/4690/4697 4702/4691/4698 4662/4651/4658
f 4702/4691/4698 4703/4692/4699 4663/4652/4659
f 4703/4692/4699 4704/4694/4700 4664/4654/4660
f 4705/4693/4701 4665/4653/4661 4664/4654/4660
f 4706/4695/4702 4666/4655/4662 4665/4653/4661
f 4707/4696/4703 4667/4656/4663 4666/4655/4662
f 4707/4696/4703 4708/4697/4704 4668/4657/4664
f 4708/4697/4704 4709/4698/4705 4669/4658/4665
f 4709/4698/4705 4710/4699/4706 4670/4659/4666
f 4710/4699/4706 4711/4700/4707 4671/4660/4667
f 4711/4700/4707 4712/4701/4708 4672/4661/4668
f 4712/4701/4708 4713/4702/4709 4673/4662/4669
f 4713/4702/4709 4714/4703/4710 4674/4663/4670
f 4714/4703/4710 4715/4705/4711 4675/4665/4671
f 4716/4704/4712 4676/4664/4672 4675/4665/4671
f 4716/4704/4712 4717/4706/4713 4677/4666/4673
f 4717/4706/4713 4718/4707/4714 4678/4667/4674
f 4718/4707/4714 4719/4708/4715 4679/4668/4675
f 4719/4708/4715 4720/4749/4716 4680/4709/4676
f 4721/4710/4717 4722/4711/4718 4682/4671/4678
f 4722/4711/4718 4723/4712/4719 4683/4672/4679
f 4723/4712/4719 4724/4714/4720 4684/4673/4680
f 4725/4713/4721 4685/4675/4681 4684/4673/4680
f 4726/4715/4722 4686/4674/4682 4685/4675/4681
f 4727/4716/4723 4687/4676/4683 4686/4674/4682
f 4728/4717/4724 4688/4677/4684 4687/4676/4683
f 4729/4718/4725 4689/4678/4685 4688/4677/4684
f 4730/4719/4726 4690/4679/4686 4689/4678/4685
f 4731/4720/4727 4691/4680/4687 4690/4679/4686
f 4732/4721/4728 4692/4681/4688 4691/4680/4687
f 4733/4722/4729 4693/4682/4689 4692/4681/4688
f 4733/4722/4729 4734/4724/4730 4694/4683/4690
f 4735/4723/4731 4695/4684/4691 4694/4683/4690
f 4736/4725/4732 4696/4685/4692 4695/4684/4691
f 4737/4726/4733 4697/4686/4693 4696/4685/4692
f 4738/4727/4734 4698/4687/4694 4697/4686/4693
f 4739/4728/4735 4699/4688/4695 4698/4687/4694
f 4740/4729/4736 4700/4689/4696 4699/4688/4695
f 4740/4729/4736 4741/4730/4737 4701/4690/4697
f 4741/4730/4737 4742/4731/4738 4702/4691/4698
f 4742/4731/4738 4743/4732/4739 4703/4692/4699
f 4743/4732/4739 4744/4734/4740 4704/4694/4700
f 4745/4733/4741 4705/4693/4701 4704/4694/4700
f 4746/4735/4742 4706/4695/4702 4705/4693/4701
f 4747/4736/4743 4707/4696/4703 4706/4695/4702
f 4747/4736/4743 4748/4737/4744 4708/4697/4704
f 4748/4737/4744 4749/4738/4745 4709/4698/4705
f 4749/4738/4745 4750/4739/4746 4710/4699/4706
f 4750/4739/4746 4751/4740/4747 4711/4700/4707
f 4751/4740/4747 4752/4741/4748 4712/4701/4708
f 4752/4741/4748 4753/4742/4749 4713/4702/4709
f 4753/4742/4749 4754/4743/4750 4714/4703/4710
f 4754/4743/4750 4755/4744/4751 4715/4705/4711
f 4755/4744/4751 4756/4745/4752 4716/4704/4712
f 4756/4745/4752 4757/4746/4753 4717/4706/4713
f 4757/4746/4753 4758/4747/4754 4718/4707/4714
f 4758/4747/4754 4759/4748/4755 4719/4708/4715
f 4759/4748/4755 4760/4789/4756 4720/4749/4716
f 4761/4750/4757 4762/4751/4758 4722/4711/4718
f 4762/4751/4758 4763/4752/4759 4723/4712/4719
f 4763/4752/4759 4764/4754/4760 4724/4714/4720
f 4765/4753/4761 4725/4713/4721 4724/4714/4720
f 4766/4755/4762 4726/4715/4722 4725/4713/4721
f 4767/4756/4763 4727/4716/4723 4726/4715/4722
f 4768/4757/4764 4728/4717/4724 4727/4716/4723
f 4769/4758/4765 4729/4718/4725 4728/4717/4724
f 4770/4759/4766 4730/4719/4726 4729/4718/4725
f 4771/4760/4767 4731/4720/4727 4730/4719/4726
f 4772/4761/4768 4732/4721/4728 4731/4720/4727
f 4772/4761/4768 4773/4762/4769 4733/4722/4729
f 4773/4762/4769 4774/4764/4770 4734/4724/4730
f 4775/4763/4771 4735/4723/4731 4734/4724/4730
f 4776/4765/4772 4736/4725/4732 4735/4723/4731
f 4777/4766/4773 4737/4726/4733 4736/4725/4732
f 4778/4767/4774 4738/4727/4734 4737/4726/4733
f 4779/4768/4775 4739/4728/4735 4738/4727/4734
f 4780/4769/4776 4740/4729/4736 4739/4728/4735
f 4780/4769/4776 4781/4770/4777 4741/4730/4737
f 4781/4770/4777 4782/4771/4778 4742/4731/4738
f 4782/4771/4778 4783/4773/4779 4743/4732/4739
f 4784/4772/4780 4744/4734/4740 4743/4732/4739
f 4785/4774/4781 4745/4733/4741 4744/4734/4740
f 4786/4775/4782 4746/4735/4742 4745/4733/4741
f 4787/4776/4783 4747/4736/4743 4746/4735/4742
f 4788/4777/4784 4748/4737/4744 4747/4736/4743
f 4788/4777/4784 4789/4778/4785 4749/4738/4745
f 4789/4778/4785 4790/4779/4786 4750/4739/4746
f 4790/4779/4786 4791/4780/4787 4751/4740/4747
f 4791/4780/4787 4792/4781/4788 4752/4741/4748
f 4792/4781/4788 4793/4782/4789 4753/4742/4749
f 4793/4782/4789 4794/4783/4790 4754/4743/4750
f 4794/4783/4790 4795/4784/4791 4755/4744/4751
f 4795/4784/4791 4796/4785/4792 4756/4745/4752
f 4796/4785/4792 4797/4786/4793 4757/4746/4753
f 4797/4786/4793 4798/4787/4794 4758/4747/4754
f 4798/4787/4794 4799/4788/4795 4759/4748/4755
f 4799/4788/4795 4800/4829/4796 4760/4789/4756
f 4802/4790/4798 4762/4751/4758 4761/4750/4757
f 4803/4792/4799 4763/4752/4759 4762/4751/4758
f 4804/4793/4800 4764/4754/4760 4763/4752/4759
f 4804/4793/4800 4805/4794/4801 4765/4753/4761
f 4805/4794/4801 4806/4795/4802 4766/4755/4762
f 4806/4795/4802 4807/4797/4803 4767/4756/4763
f 4808/4796/4804 4768/4757/4764 4767/4756/4763
f 4809/4798/4805 4769/4758/4765 4768/4757/4764
f 4810/4799/4806 4770/4759/4766 4769/4758/4765
f 4811/4800/4807 4771/4760/4767 4770/4759/4766
f 4812/4801/4808 4772/4761/4768 4771/4760/4767
f 4812/4801/4808 4813/4802/4809 4773/4762/4769
f 4813/4802/4809 4814/4803/4810 4774/4764/4770
f 4814/4803/4810 4815/4805/4811 4775/4763/4771
f 4816/4804/4812 4776/4765/4772 4775/4763/4771
f 4817/4806/4813 4777/4766/4773 4776/4765/4772
f 4818/4807/4814 4778/4767/4774 4777/4766/4773
f 4819/4808/4815 4779/4768/4775 4778/4767/4774
f 4820/4809/4816 4780/4769/4776 4779/4768/4775
f 4820/4809/4816 4821/4810/4817 4781/4770/4777
f 4821/4810/4817 4822/4811/4818 4782/4771/4778
f 4822/4811/4818 4823/4813/4819 4783/4773/4779
f 4824/4812/4820 4784/4772/4780 4783/4773/4779
f 4825/4814/4821 4785/4774/4781 4784/4772/4780
f 4826/4815/4822 4786/4775/4782 4785/4774/4781
f 4827/4816/4823 4787/4776/4783 4786/4775/4782
f 4828/4817/4824 4788/4777/4784 4787/4776/4783
f 4828/4817/4824 4829/4818/4825 4789/4778/4785
f 4829/4818/4825 4830/4819/4826 4790/4779/4786
f 4830/4819/4826 4831/4820/4827 4791/4780/4787
f 4831/4820/4827 4832/4821/4828 4792/4781/4788
f 4832/4821/4828 4833/4822/4829 4793/4782/4789
f 4833/4822/4829 4834/4823/4830 4794/4783/4790
f 4834/4823/4830 4835/4824/4831 4795/4784/4791
f 4835/4824/4831 4836/4825/4832 4796/4785/4792
f 4836/4825/4832 4837/4826/4833 4797/4786/4793
f 4837/4826/4833 4838/4827/4834 4798/4787/4794
f 4838/4827/4834 4839/4828/4835 4799/4788/4795
f 4839/4828/4835 4840/4869/4836 4800/4829/4796
f 4842/4830/4838 4802/4790/4798 4801/4791/4797
f 4843/4832/4839 4803/4792/4799 4802/4790/4798
f 4844/4833/4840 4804/4793/4800 4803/4792/4799
f 4845/4834/4841 4805/4794/4801 4804/4793/4800
f 4846/4835/4842 4806/4795/4802 4805/4794/4801
f 4847/4836/4843 4807/4797/4803 4806/4795/4802
f 4847/4836/4843 4848/4838/4844 4808/4796/4804
f 4849/4837/4845 4809/4798/4805 4808/4796/4804
f 4850/4839/4846 4810/4799/4806 4809/4798/4805
f 4851/4840/4847 4811/4800/4807 4810/4799/4806
f 4852/4841/4848 4812/4801/4808 4811/4800/4807
f 4853/4842/4849 4813/4802/4809 4812/4801/4808
f 4853/4842/4849 4854/4843/4850 4814/4803/4810
f 4854/4843/4850 4855/4845/4851 4815/4805/4811
f 4856/4844/4852 4816/4804/4812 4815/4805/4811
f 4857/4846/4853 4817/4806/4813 4816/4804/4812
f 4858/4847/4854 4818/4807/4814 4817/4806/4813
f 4859/4848/4855 4819/4808/4815 4818/4807/4814
f 4860/4849/4856 4820/4809/4816 4819/4808/4815
f 4860/4849/4856 4861/4850/4857 4821/4810/4817
f 4861/4850/4857 4862/4851/4858 4822/4811/4818
f 4862/4851/4858 4863/4853/4859 4823/4813/4819
f 4864/4852/4860 4824/4812/4820 4823/4813/4819
f 4865/4854/4861 4825/4814/4821 4824/4812/4820
f 4866/4855/4862 4826/4815/4822 4825/4814/4821
f 4867/4856/4863 4827/4816/4823 4826/4815/4822
f 4868/4857/4864 4828/4817/4824 4827/4816/4823
f 4868/4857/4864 4869/4858/4865 4829/4818/4825
f 4869/4858/4865 4870/4859/4866 4830/4819/4826
f 4870/4859/4866 4871/4860/4867 4831/4820/4827
f 4871/4860/4867 4872/4861/4868 4832/4821/4828
f 4872/4861/4868 4873/4862/4869 4833/4822/4829
f 4873/4862/4869 4874/4863/4870 4834/4823/4830
f 4874/4863/4870 4875/4865/4871 4835/4824/4831
f 4876/4864/4872 4836/4825/4832 4835/4824/4831
f 4876/4864/4872 4877/4867/4873 4837/4826/4833
f 4878/4866/4874 4838/4827/4834 4837/4826/4833
f 4878/4866/4874 4879/4868/4875 4839/4828/4835
f 4879/4868/4875 4880/5119/4876 4840/4869/4836
f 4882/4870/4878 4842/4830/4838 4841/4831/4837
f 4883/4872/4879 4843/4832/4839 4842/4830/4838
f 4884/4873/4880 4844/4833/4840 4843/4832/4839
f 4885/4874/4881 4845/4834/4841 4844/4833/4840
f 4886/4875/4882 4846/4835/4842 4845/4834/4841
f 4887/4876/4883 4847/4836/4843 4846/4835/4842
f 4887/4876/4883 4888/4878/4884 4848/4838/4844
f 4889/4877/4885 4849/4837/4845 4848/4838/4844
f 4890/4879/4886 4850/4839/4846 4849/4837/4845
f 4891/4880/4887 4851/4840/4847 4850/4839/4846
f 4892/4881/4888 4852/4841/4848 4851/4840/4847
f 4893/4882/4889 4853/4842/4849 4852/4841/4848
f 4893/4882/4889 4894/4883/4890 4854/4843/4850
f 4894/4883/4890 4895/4884/4891 4855/4845/4851
f 4895/4884/4891 4896/4886/4892 4856/4844/4852
f 4897/4885/4893 4857/4846/4853 4856/4844/4852
f 4898/4887/4894 4858/4847/4854 4857/4846/4853
f 4899/4888/4895 4859/4848/4855 4858/4847/4854
f 4900/4889/4896 4860/4849/4856 4859/4848/4855
f 4900/4889/4896 4901/4890/4897 4861/4850/4857
f 4901/4890/4897 4902/4891/4898 4862/4851/4858
f 4902/4891/4898 4903/4893/4899 4863/4853/4859
f 4904/4892/4900 4864/4852/4860 4863/4853/4859
f 4905/4894/4901 4865/4854/4861 4864/4852/4860
f 4906/4895/4902 4866/4855/4862 4865/4854/4861
f 4907/4896/4903 4867/4856/4863 4866/4855/4862
f 4908/4897/4904 4868/4857/4864 4867/4856/4863
f 4909/4898/4905 4869/4858/4865 4868/4857/4864
f 4909/4898/4905 4910/4899/4906 4870/4859/4866
f 4910/4899/4906 4911/4900/4907 4871/4860/4867
f 4911/4900/4907 4912/4901/4908 4872/4861/4868
f 4912/4901/4908 4913/4902/4909 4873/4862/4869
f 4913/4902/4909 4914/4903/4910 4874/4863/4870
f 4914/4903/4910 4915/4905/4911 4875/4865/4871
f 4916/4904/4912 4876/4864/4872 4875/4865/4871
f 4917/4906/4913 4877/4867/4873 4876/4864/4872
f 4918/4907/4914 4878/4866/4874 4877/4867/4873
f 4919/4908/4915 4879/4868/4875 4878/4866/4874
f 4920/4909/4916 4880/5119/4876 4879/4868/4875
f 4922/4910/4918 4882/4870/4878 4881/4871/4877
f 4923/4912/4919 4883/4872/4879 4882/4870/4878
f 4924/4913/4920 4884/4873/4880 4883/4872/4879
f 4925/4914/4921 4885/4874/4881 4884/4873/4880
f 4926/4915/4922 4886/4875/4882 4885/4874/4881
f 4927/4916/4923 4887/4876/4883 4886/4875/4882
f 4928/4917/4924 4888/4878/4884 4887/4876/4883
f 4928/4917/4924 4929/4919/4925 4889/4877/4885
f 4930/4918/4926 4890/4879/4886 4889/4877/4885
f 4931/4920/4927 4891/4880/4887 4890/4879/4886
f 4932/4921/4928 4892/4881/4888 4891/4880/4887
f 4933/4922/4929 4893/4882/4889 4892/4881/4888
f 4933/4922/4929 4934/4923/4930 4894/4883/4890
f 4934/4923/4930 4935/4924/4931 4895/4884/4891
f 4935/4924/4931 4936/4926/4932 4896/4886/4892
f 4937/4925/4933 4897/4885/4893 4896/4886/4892
f 4938/4927/4934 4898/4887/4894 4897/4885/4893
f 4939/4928/4935 4899/4888/4895 4898/4887/4894
f 4940/4929/4936 4900/4889/4896 4899/4888/4895
f 4940/4929/4936 4941/4930/4937 4901/4890/4897
f 4941/4930/4937 4942/4931/4938 4902/4891/4898
f 4942/4931/4938 4943/4933/4939 4903/4893/4899
f 4944/4932/4940 4904/4892/4900 4903/4893/4899
f 4945/4934/4941 4905/4894/4901 4904/4892/4900
f 4946/4935/4942 4906/4895/4902 4905/4894/4901
f 4947/4936/4943 4907/4896/4903 4906/4895/4902
f 4948/4937/4944 4908/4897/4904 4907/4896/4903
f 4949/4938/4945 4909/4898/4905 4908/4897/4904
f 4949/4938/4945 4950/4939/4946 4910/4899/4906
f 4950/4939/4946 4951/4940/4947 4911/4900/4907
f 4951/4940/4947 4952/4941/4948 4912/4901/4908
f 4952/4941/4948 4953/4942/4949 4913/4902/4909
f 4953/4942/4949 4954/4944/4950 4914/4903/4910
f 4955/4943/4951 4915/4905/4911 4914/4903/4910
f 4956/4945/4952 4916/4904/4912 4915/4905/4911
f 4957/4946/4953 4917/4906/4913 4916/4904/4912
f 4958/4947/4954 4918/4907/4914 4917/4906/4913
f 4959/4948/4955 4919/4908/4915 4918/4907/4914
f 4960/4949/4956 4920/4909/4916 4919/4908/4915
f 4961/4950/4957 4962/4951/4958 4922/4910/4918
f 4962/4951/4958 4963/4952/4959 4923/4912/4919
f 4963/4952/4959 4964/4953/4960 4924/4913/4920
f 4964/4953/4960 4965/4954/4961 4925/4914/4921
f 4965/4954/4961 4966/4955/4962 4926/4915/4922
f 4966/4955/4962 4967/4957/4963 4927/4916/4923
f 4968/4956/4964 4928/4917/4924 4927/4916/4923
f 4969/4958/4965 4929/4919/4925 4928/4917/4924
f 4969/4958/4965 4970/4960/4966 4930/4918/4926
f 4971/4959/4967 4931/4920/4927 4930/4918/4926
f 4972/4961/4968 4932/4921/4928 4931/4920/4927
f 4973/4962/4969 4933/4922/4929 4932/4921/4928
f 4973/4962/4969 4974/4963/4970 4934/4923/4930
f 4974/4963/4970 4975/4964/4971 4935/4924/4931
f 4975/4964/4971 4976/4965/4972 4936/4926/4932
f 4976/4965/4972 4977/4967/4973 4937/4925/4933
f 4978/4966/4974 4938/4927/4934 4937/4925/4933
f 4979/4968/4975 4939/4928/4935 4938/4927/4934
f 4980/4969/4976 4940/4929/4936 4939/4928/4935
f 4980/4969/4976 4981/4970/4977 4941/4930/4937
f 4981/4970/4977 4982/4971/4978 4942/4931/4938
f 4982/4971/4978 4983/4973/4979 4943/4933/4939
f 4984/4972/4980 4944/4932/4940 4943/4933/4939
f 4985/4974/4981 4945/4934/4941 4944/4932/4940
f 4986/4975/4982 4946/4935/4942 4945/4934/4941
f 4987/4976/4983 4947/4936/4943 4946/4935/4942
f 4988/4977/4984 4948/4937/4944 4947/4936/4943
f 4989/4978/4985 4949/4938/4945 4948/4937/4944
f 4989/4978/4985 4990/4979/4986 4950/4939/4946
f 4990/4979/4986 4991/4981/4987 4951/4940/4947
f 4992/4980/4988 4952/4941/4948 4951/4940/4947
f 4993/4982/4989 4953/4942/4949 4952/4941/4948
f 4994/4983/4990 4954/4944/4950 4953/4942/4949
f 4995/4984/4991 4955/4943/4951 4954/4944/4950
f 4996/4985/4992 4956/4945/4952 4955/4943/4951
f 4997/4986/4993 4957/4946/4953 4956/4945/4952
f 4998/4987/4994 4958/4947/4954 4957/4946/4953
f 4999/4988/4995 4959/4948/4955 4958/4947/4954
f 5000/4989/4996 4960/4949/4956 4959/4948/4955
f 5001/4990/4997 5002/4991/4998 4962/4951/4958
f 5002/4991/4998 5003/4992/4999 4963/4952/4959
f 5003/4992/4999 5004/4993/5000 4964/4953/4960
f 5004/4993/5000 5005/4994/5001 4965/4954/4961
f 5005/4994/5001 5006/4995/5002 4966/4955/4962
f 5006/4995/5002 5007/4996/5003 4967/4957/4963
f 5007/4996/5003 5008/4998/5004 4968/4956/4964
f 5009/4997/5005 4969/4958/4965 4968/4956/4964
f 5010/4999/5006 4970/4960/4966 4969/4958/4965
f 5011/5000/5007 4971/4959/4967 4970/4960/4966
f 5011/5000/5007 5012/5002/5008 4972/4961/4968
f 5013/5001/5009 4973/4962/4969 4972/4961/4968
f 5013/5001/5009 5014/5004/5010 4974/4963/4970
f 5015/5003/5011 4975/4964/4971 4974/4963/4970
f 5016/5005/5012 4976/4965/4972 4975/4964/4971
f 5016/5005/5012 5017/5006/5013 4977/4967/4973
f 5017/5006/5013 5018/5008/5014 4978/4966/4974
f 5019/5007/5015 4979/4968/4975 4978/4966/4974
f 5020/5009/5016 4980/4969/4976 4979/4968/4975
f 5020/5009/5016 5021/5010/5017 4981/4970/4977
f 5021/5010/5017 5022/5012/5018 4982/4971/4978
f 5023/5011/5019 4983/4973/4979 4982/4971/4978
f 5024/5013/5020 4984/4972/4980 4983/4973/4979
f 5025/5014/5021 4985/4974/4981 4984/4972/4980
f 5026/5015/5022 4986/4975/4982 4985/4974/4981
f 5027/5016/5023 4987/4976/4983 4986/4975/4982
f 5028/5017/5024 4988/4977/4984 4987/4976/4983
f 5029/5018/5025 4989/4978/4985 4988/4977/4984
f 5030/5019/5026 4990/4979/4986 4989/4978/4985
f 5031/5020/5027 4991/4981/4987 4990/4979/4986
f 5032/5021/5028 4992/4980/4988 4991/4981/4987
f 5033/5022/5029 4993/4982/4989 4992/4980/4988
f 5034/5023/5030 4994/4983/4990 4993/4982/4989
f 5034/5023/5030 5035/5024/5031 4995/4984/4991
f 5035/5024/5031 5036/5026/5032 4996/4985/4992
f 5037/5025/5033 4997/4986/4993 4996/4985/4992
f 5038/5027/5034 4998/4987/4994 4997/4986/4993
f 5039/5028/5035 4999/4988/4995 4998/4987/4994
f 5039/5028/5035 5040/5068/5036 5000/4989/4996
f 5041/5029/5037 5042/5030/5038 5002/4991/4998
f 5042/5030/5038 5043/5031/5039 5003/4992/4999
f 5043/5031/5039 5044/5032/5040 5004/4993/5000
f 5044/5032/5040 5045/5033/5041 5005/4994/5001
f 5045/5033/5041 5046/5034/5042 5006/4995/5002
f 5046/5034/5042 5047/5035/5043 5007/4996/5003
f 5047/5035/5043 5048/5037/5044 5008/4998/5004
f 5049/5036/5045 5009/4997/5005 5008/4998/5004
f 5050/5038/5046 5010/4999/5006 5009/4997/5005
f 5051/5039/5047 5011/5000/5007 5010/4999/5006
f 5052/5040/5048 5012/5002/5008 5011/5000/5007
f 5053/5041/5049 5013/5001/5009 5012/5002/5008
f 5053/5041/5049 5054/5043/5050 5014/5004/5010
f 5055/5042/5051 5015/5003/5011 5014/5004/5010
f 5055/5042/5051 5056/5045/5052 5016/5005/5012
f 5057/5044/5053 5017/5006/5013 5016/5005/5012
f 5058/5046/5054 5018/5008/5014 5017/5006/5013
f 5059/5047/5055 5019/5007/5015 5018/5008/5014
f 5059/5047/5055 5060/5049/5056 5020/5009/5016
f 5061/5048/5057 5021/5010/5017 5020/5009/5016
f 5061/5048/5057 5062/5050/5058 5022/5012/5018
f 5062/5050/5058 5063/5052/5059 5023/5011/5019
f 5064/5051/5060 5024/5013/5020 5023/5011/5019
f 5065/5053/5061 5025/5014/5021 5024/5013/5020
f 5066/5054/5062 5026/5015/5022 5025/5014/5021
f 5067/5055/5063 5027/5016/5023 5026/5015/5022
f 5068/5056/5064 5028/5017/5024 5027/5016/5023
f 5069/5057/5065 5029/5018/5025 5028/5017/5024
f 5070/5058/5066 5030/5019/5026 5029/5018/5025
f 5071/5059/5067 5031/5020/5027 5030/5019/5026
f 5072/5060/5068 5032/5021/5028 5031/5020/5027
f 5073/5061/5069 5033/5022/5029 5032/5021/5028
f 5073/5061/5069 5074/5062/5070 5034/5023/5030
f 5074/5062/5070 5075/5063/5071 5035/5024/5031
f 5075/5063/5071 5076/5065/5072 5036/5026/5032
f 5077/5064/5073 5037/5025/5033 5036/5026/5032
f 5078/5066/5074 5038/5027/5034 5037/5025/5033
f 5079/5067/5075 5039/5028/5035 5038/5027/5034
f 5079/5067/5075 5080/5120/5076 5040/5068/5036
f 5081/5069/5077 5082/5070/5078 5042/5030/5038
f 5082/5070/5078 5083/5072/5079 5043/5031/5039
f 5084/5071/5080 5044/5032/5040 5043/5031/5039
f 5084/5071/5080 5085/5073/5081 5045/5033/5041
f 5085/5073/5081 5086/5074/5082 5046/5034/5042
f 5086/5074/5082 5087/5075/5083 5047/5035/5043
f 5087/5075/5083 5088/5077/5084 5048/5037/5044
f 5089/5076/5085 5049/5036/5045 5048/5037/5044
f 5090/5078/5086 5050/5038/5046 5049/5036/5045
f 5091/5079/5087 5051/5039/5047 5050/5038/5046
f 5092/5080/5088 5052/5040/5048 5051/5039/5047
f 5093/5081/5088 5053/5041/5049 5052/5040/5048
f 5094/5082/5089 5054/5043/5050 5053/5041/5049
f 5095/5083/5090 5055/5042/5051 5054/5043/5050
f 5096/5084/5091 5056/5045/5052 5055/5042/5051
f 5097/5085/5092 5057/5044/5053 5056/5045/5052
f 5098/5086/5093 5058/5046/5054 5057/5044/5053
f 5099/5087/5094 5059/5047/5055 5058/5046/5054
f 5099/5087/5094 5100/5089/5095 5060/5049/5056
f 5101/5088/5096 5061/5048/5057 5060/5049/5056
f 5101/5088/5096 5102/5090/5097 5062/5050/5058
f 5102/5090/5097 5103/5092/91 5063/5052/5059
f 5104/5091/5098 5064/5051/5060 5063/5052/5059
f 5105/5093/5099 5065/5053/5061 5064/5051/5060
f 5106/5094/5100 5066/5054/5062 5065/5053/5061
f 5107/5095/5101 5067/5055/5063 5066/5054/5062
f 5108/5096/5102 5068/5056/5064 5067/5055/5063
f 5109/5097/5103 5069/5057/5065 5068/5056/5064
f 5110/5098/5104 5070/5058/5066 5069/5057/5065
f 5111/5099/5105 5071/5059/5067 5070/5058/5066
f 5112/5100/5106 5072/5060/5068 5071/5059/5067
f 5113/5101/5107 5073/5061/5069 5072/5060/5068
f 5113/5101/5107 5114/5102/5108 5074/5062/5070
f 5114/5102/5108 5115/5103/5109 5075/5063/5071
f 5115/5103/5109 5116/5105/5110 5076/5065/5072
f 5117/5104/5111 5077/5064/5073 5076/5065/5072
f 5118/5106/5112 5078/5066/5074 5077/5064/5073
f 5118/5106/5112 5119/5108/5113 5079/5067/5075
f 5120/5107/5114 5080/5120/5076 5079/5067/5075
