# Blender 4.4.1
# www.blender.org
mtllib AITerrain_01_PLAINS.mtl
o AITerrain_01_PLAINS
v -977.249756 64.447990 486.007751
v -976.933289 50.354172 462.334808
v -976.124878 33.340599 441.721893
v -975.349365 23.273142 420.903931
v -975.000183 24.120483 397.434601
v -975.000000 25.860882 371.794861
v -975.000000 19.814003 346.153839
v -975.000000 12.195896 320.512817
v -975.000000 7.447550 294.871796
v -975.000000 5.651832 269.230774
v -975.000000 5.215789 243.589737
v -975.000000 5.195803 217.948715
v -975.136108 6.489566 193.141815
v -975.424988 9.279284 169.257538
v -975.562134 10.671533 144.407776
v -975.559814 10.563595 118.796326
v -976.076965 15.507385 96.341934
v -976.278503 17.764833 72.012871
v -976.793579 23.850103 49.797581
v -977.094910 26.824701 26.019863
v -977.609924 31.882572 3.556769
v -978.069946 35.113884 -19.554678
v -978.093872 34.947723 -45.146240
v -978.431091 38.207333 -68.721252
v -978.899536 42.733963 -91.492058
v -978.937317 43.114079 -116.901573
v -979.475403 48.316231 -139.245773
v -979.475403 48.336853 -164.886795
v -979.475403 48.359489 -190.527817
v -979.475403 48.383976 -216.168839
v -978.936890 43.868977 -245.109451
v -977.700195 34.712124 -278.327728
v -976.719055 29.339685 -309.980194
v -975.625732 24.187082 -342.320068
v -975.012451 23.902939 -371.718689
v -975.000000 28.829496 -397.435883
v -975.000000 33.320206 -423.076935
v -975.000000 39.291149 -448.717957
v -975.000000 45.418167 -474.358978
v -975.000000 46.231609 -500.000000
v -962.717102 70.851669 480.897247
v -962.285095 54.571556 457.943451
v -961.271423 35.948311 438.606842
v -960.285034 25.151094 419.100677
v -959.693665 25.069311 397.137421
v -959.645691 26.900906 371.794861
v -959.645691 20.130945 346.153839
v -959.645691 11.803597 320.512817
v -959.645691 7.025570 294.871796
v -959.645691 5.490231 269.230774
v -959.645691 5.119645 243.589737
v -959.719421 5.812009 218.400574
v -960.201111 10.581636 195.625061
v -960.748291 16.514824 172.941055
v -960.984192 19.268267 148.455566
v -960.977478 18.978518 122.899612
v -961.504333 24.605959 100.818169
v -961.526062 29.056536 76.634148
v -961.758850 35.420116 53.813347
v -962.071655 39.535080 30.457726
v -962.378784 42.965500 6.833461
v -963.054260 46.010426 -15.524779
v -963.439880 43.381512 -40.425285
v -963.583008 43.010094 -65.619537
v -964.121094 48.193657 -87.963707
v -964.121094 48.208282 -113.604736
v -964.341064 50.341396 -137.897980
v -964.341064 50.364326 -163.539001
v -964.341064 50.386257 -189.180023
v -964.341064 50.407028 -214.821045
v -963.766479 45.561268 -243.982391
v -963.070190 41.877361 -273.889679
v -961.899170 35.161026 -306.705719
v -960.574158 28.083138 -340.465057
v -959.717346 25.844126 -371.355652
v -959.645691 30.409477 -397.435883
v -959.645691 34.452457 -423.076935
v -959.645691 38.163879 -448.717957
v -959.645691 41.361736 -474.358978
v -959.645691 42.328526 -500.000000
v -948.064087 78.181747 476.535553
v -947.553955 60.899200 454.067139
v -946.355530 39.814743 435.879547
v -945.182861 26.620789 417.532135
v -944.418091 24.952055 396.647614
v -944.291321 26.491594 371.794861
v -944.291321 19.841288 346.153839
v -944.291321 11.522226 320.512817
v -944.291321 6.854429 294.871796
v -944.291321 5.398093 269.230774
v -944.291321 5.038051 243.589737
v -944.620239 8.237185 219.942749
v -945.446472 17.099766 198.819397
v -946.246155 26.282604 177.219452
v -946.585449 30.615978 153.023834
v -946.581848 30.454710 127.425400
v -946.814148 37.114895 104.518982
v -946.534790 44.671516 80.209320
v -946.114258 50.627304 55.912086
v -946.280823 55.269989 33.146656
v -946.312744 55.524223 7.769186
v -947.163635 58.547905 -13.966004
v -947.990784 53.202099 -38.108814
v -948.688660 48.729946 -62.473503
v -948.986694 50.249298 -86.615921
v -948.986694 50.249245 -112.256943
v -948.986694 50.276512 -137.897980
v -948.986694 50.312801 -163.539001
v -948.986694 50.307072 -189.180023
v -948.986694 50.319729 -214.821045
v -948.766724 48.918304 -241.809845
v -948.220520 46.883205 -270.797546
v -946.912170 39.058403 -304.454651
v -945.435425 30.587128 -339.143768
v -944.422852 27.186773 -370.988831
v -944.291321 31.480947 -397.435883
v -944.291321 35.078331 -423.076935
v -944.291321 36.170612 -448.717957
v -944.291321 36.127396 -474.358978
v -944.291321 37.427071 -500.000000
v -933.172791 85.136002 473.655853
v -932.647766 68.165176 451.279877
v -931.312256 44.226738 433.945160
v -929.982849 27.268173 416.572540
v -929.116028 23.466154 396.322510
v -928.937012 24.808403 371.794861
v -928.937012 19.039478 346.153839
v -929.244019 11.826135 320.490906
v -929.580139 7.851213 294.825867
v -929.580261 6.302272 269.184845
v -929.279358 5.663935 243.716629
v -929.612610 11.929984 221.837448
v -930.744141 24.576073 202.114914
v -931.777405 36.671040 181.527847
v -932.221375 42.658108 157.572586
v -932.191772 43.272717 131.746460
v -931.942993 50.351807 107.118065
v -931.215027 61.575508 82.484497
v -929.932678 66.396568 55.900963
v -929.933533 71.440506 33.670250
v -929.910278 70.445465 8.330253
v -930.587524 69.580345 -15.117150
v -931.817200 61.851944 -38.572052
v -933.111206 53.591660 -61.909142
v -933.632385 50.270142 -86.615921
v -933.632385 50.220406 -112.256943
v -933.632385 50.300976 -137.897980
v -933.632385 50.235996 -163.539001
v -933.632385 50.255661 -189.180023
v -933.632385 50.268745 -214.821045
v -933.632385 50.996170 -240.462082
v -933.049622 48.657631 -269.673584
v -931.691772 40.152699 -303.634247
v -930.164551 30.918118 -338.632782
v -929.210754 28.282412 -370.117462
v -928.937012 31.594351 -397.435883
v -928.937012 34.872158 -423.076935
v -928.937012 33.512280 -448.717957
v -928.937012 30.707905 -474.358978
v -928.937012 32.679729 -500.000000
v -917.908691 89.354431 473.094604
v -917.436646 73.621796 450.389343
v -916.066284 47.573975 433.271301
v -914.651611 26.903442 416.429077
v -913.761169 21.122385 396.325928
v -913.582703 22.591961 371.794861
v -914.414246 19.217865 346.094452
v -916.431702 15.421077 320.309387
v -917.376160 12.560287 294.600922
v -917.376953 10.761463 268.959839
v -916.582214 9.945670 244.011734
v -915.703369 17.201038 223.481247
v -915.971130 31.272465 204.963928
v -917.204651 45.999538 185.274719
v -917.749023 53.569881 161.542664
v -917.680908 55.418938 135.383240
v -916.751465 62.195065 108.192825
v -915.616577 76.268257 83.382088
v -913.754578 82.412346 56.147720
v -913.173706 84.462952 31.972939
v -913.133484 82.620613 6.858478
v -913.753540 78.603783 -17.672115
v -915.370178 68.482574 -40.463268
v -917.169617 57.125046 -62.929287
v -918.231262 50.487728 -86.695160
v -918.278076 50.099152 -112.256943
v -918.278076 50.188911 -137.897980
v -918.278076 50.191662 -163.539001
v -918.278076 50.259525 -189.180023
v -918.278076 50.234756 -214.821045
v -918.278076 50.945618 -240.462082
v -917.695801 48.518887 -269.670654
v -916.343750 39.425438 -303.595642
v -915.275757 33.999050 -335.780304
v -914.176270 29.962513 -368.157990
v -913.589172 30.664818 -397.396271
v -913.582703 33.779308 -423.076935
v -913.582703 30.712042 -448.717957
v -913.582703 26.395691 -474.358978
v -913.582703 29.429335 -500.000000
v -902.563660 91.823799 473.036652
v -902.086975 76.333069 450.360260
v -900.689514 48.967705 433.410522
v -899.245361 26.165058 416.751709
v -898.381592 19.401779 396.482758
v -898.624817 21.634993 371.766541
v -901.792908 22.400568 345.899323
v -905.485352 21.706600 319.994629
v -907.035278 19.801479 294.242920
v -907.037231 17.952456 268.601776
v -905.770386 16.967718 244.129166
v -903.643188 24.465019 224.422882
v -901.893555 37.571556 206.784027
v -902.400635 52.507561 187.816757
v -903.032410 62.185680 164.288742
v -902.934204 64.443245 137.821671
v -901.675476 72.890411 109.839508
v -899.667114 86.360504 82.456154
v -897.383057 93.399452 55.012024
v -896.369263 93.899559 29.403322
v -896.325073 91.556854 4.353448
v -897.099487 86.594673 -19.916777
v -899.036621 74.505745 -42.150871
v -901.234619 60.848064 -63.927376
v -902.727234 51.444378 -86.948624
v -902.923706 50.044411 -112.256943
v -902.923706 50.063526 -137.897980
v -902.923706 50.154381 -163.539001
v -902.923706 50.303074 -189.180023
v -902.923706 50.290977 -214.821045
v -902.923706 50.968651 -240.462082
v -902.343445 48.139149 -269.658386
v -901.646240 44.482204 -299.571198
v -900.475342 37.268372 -332.386292
v -899.144775 30.800301 -366.179779
v -898.293579 29.307886 -397.036224
v -898.228333 32.038166 -423.076935
v -898.228333 28.538876 -448.717957
v -898.228333 24.570986 -474.358978
v -898.228333 28.989592 -500.000000
v -886.935974 88.557518 474.736633
v -886.497192 74.120026 451.824829
v -885.200500 49.029427 434.248474
v -883.827942 27.367441 417.144073
v -882.999207 19.975283 396.657379
v -884.874512 23.617052 371.652008
v -890.271301 27.331421 345.625641
v -895.559692 29.170967 319.606995
v -897.702026 28.376244 293.812988
v -897.705688 26.300737 268.171722
v -895.935303 25.192150 243.886856
v -892.522522 31.690628 224.467987
v -888.797852 42.604210 207.171417
v -887.281555 55.691853 188.537842
v -887.941772 65.894279 165.085052
v -887.803894 69.283409 138.372635
v -886.315613 78.923615 109.980103
v -883.658691 91.606606 80.869919
v -881.107117 98.942421 53.352173
v -879.994629 99.795204 27.666836
v -879.950134 98.149956 2.585495
v -880.849792 92.452446 -21.468746
v -883.002197 78.827995 -43.319717
v -885.457214 63.416107 -64.648651
v -887.225952 52.357651 -87.194748
v -887.569397 50.192497 -112.256943
v -887.569397 50.112949 -137.897980
v -887.569397 50.180328 -163.539001
v -887.569397 50.067318 -189.180023
v -887.569397 50.121620 -214.821045
v -887.569397 50.851631 -240.462082
v -887.348999 50.935802 -267.453491
v -886.805359 47.807594 -296.425476
v -885.511963 38.359360 -329.991089
v -884.034424 30.188423 -364.685028
v -883.007874 28.015131 -396.615845
v -882.874023 31.693541 -423.076935
v -882.874023 29.298380 -448.717957
v -882.874023 26.438854 -474.358978
v -882.874023 31.129480 -500.000000
v -870.998962 80.964325 477.658722
v -870.593933 68.609032 454.484039
v -869.502991 48.325424 436.044922
v -868.317505 29.956867 418.115265
v -867.697815 22.274326 396.982910
v -871.672241 26.916107 371.498352
v -879.060730 32.433670 345.329742
v -885.810181 36.615940 319.206787
v -888.522156 36.932602 293.372101
v -888.525513 35.071373 267.730835
v -886.239319 33.141647 243.476013
v -881.661743 37.903469 224.111389
v -876.084106 47.162159 206.880096
v -872.481812 57.096085 188.339355
v -872.605286 66.503326 164.858978
v -872.438965 70.290527 138.041306
v -870.833801 80.564285 109.454300
v -868.045654 93.677467 80.364693
v -865.406006 101.018814 52.834450
v -864.255676 101.939560 27.055830
v -864.215576 100.305176 1.921689
v -865.173035 94.102531 -22.029110
v -867.390259 80.591873 -43.754753
v -869.933411 64.377579 -64.929100
v -871.802979 52.845921 -87.304909
v -872.215088 50.502762 -112.256943
v -872.215088 49.953041 -137.897980
v -872.215088 50.178001 -163.539001
v -872.215088 50.340069 -189.180023
v -872.215088 50.110058 -214.821045
v -872.215088 50.784737 -240.462082
v -872.215088 52.361626 -266.103088
v -871.639160 48.282585 -295.272675
v -870.303345 37.299572 -329.098450
v -868.781006 28.217880 -364.067047
v -867.686157 26.672827 -396.416260
v -867.519714 32.716118 -423.076935
v -867.519714 32.460876 -448.717957
v -867.519714 30.553017 -474.358978
v -867.519714 34.033482 -500.000000
v -854.852905 74.786499 478.872742
v -854.453308 64.656021 455.678619
v -853.587158 49.930107 436.546478
v -852.696594 34.044205 418.764618
v -852.688538 25.660137 397.297668
v -858.382996 30.104073 371.350891
v -867.406982 36.623535 345.065491
v -875.395386 42.907024 318.854065
v -878.637146 44.623955 292.981567
v -878.641541 42.627365 267.340210
v -875.866089 40.472034 243.118729
v -870.341980 43.459869 223.826050
v -863.463379 50.419373 206.697037
v -858.083984 58.458736 188.270981
v -857.250977 66.776718 164.858459
v -857.084595 70.354317 138.041336
v -855.471436 81.250793 109.444832
v -852.689880 93.744400 80.341019
v -850.050781 101.330399 52.817959
v -848.902588 101.654480 27.039356
v -848.861206 99.944473 1.921689
v -849.816284 94.329216 -22.031916
v -852.028992 80.971207 -43.762577
v -854.576538 64.230415 -64.932076
v -856.447388 52.665688 -87.306351
v -856.860718 50.922825 -112.256943
v -856.860718 50.314907 -137.897980
v -856.860718 50.364162 -163.539001
v -856.860718 50.213516 -189.180023
v -856.860718 50.055317 -214.821045
v -856.860718 50.809540 -240.462082
v -856.860718 52.051861 -266.103088
v -856.285583 47.600281 -295.267914
v -854.952454 35.942726 -329.077026
v -853.436951 26.160568 -364.003784
v -852.336548 25.228046 -396.387024
v -852.165344 33.737160 -423.076935
v -852.165344 36.034370 -448.717957
v -852.165344 34.954247 -474.358978
v -852.165344 36.468704 -500.000000
v -838.587158 70.864899 478.618164
v -838.194336 62.980434 455.440582
v -837.542847 53.799183 435.609863
v -837.000183 40.858654 417.547394
v -837.664734 29.778870 396.918152
v -844.508362 32.173161 371.245239
v -854.636536 39.031204 344.880981
v -863.503296 46.788364 318.606842
v -867.195190 49.763893 292.702209
v -867.197021 48.108692 267.061035
v -863.955566 44.690166 242.715118
v -857.662109 46.887131 223.207565
v -849.978699 51.807785 205.851486
v -843.525574 57.322708 187.199341
v -841.663635 64.346207 163.675064
v -841.741150 69.312866 138.370605
v -840.211426 79.851097 109.920952
v -837.542664 91.300293 80.930504
v -835.004883 99.062935 53.470623
v -833.917419 99.643959 27.729050
v -833.878967 97.929413 2.575675
v -834.761414 92.480530 -21.499290
v -836.882751 79.505898 -43.387375
v -839.340088 63.481758 -64.713913
v -841.130676 52.848709 -87.233711
v -841.506409 50.616547 -112.256943
v -841.506409 50.479630 -137.897980
v -841.506409 50.331791 -163.539001
v -841.506409 50.252712 -189.180023
v -841.506409 50.261482 -214.821045
v -841.506409 50.662457 -240.462082
v -841.286438 49.865486 -267.450867
v -840.746765 46.175419 -296.398438
v -839.464600 34.761696 -329.895325
v -838.006592 24.336876 -364.469666
v -836.960876 23.538740 -396.517700
v -836.811035 33.811417 -423.076935
v -836.811035 38.556736 -448.717957
v -836.811035 38.247845 -474.358978
v -836.811035 37.730827 -500.000000
v -822.320374 69.786842 477.234741
v -821.984436 64.309547 453.724579
v -821.585571 60.079140 432.945984
v -821.419983 49.609234 414.341827
v -822.401917 34.754078 395.034698
v -829.723450 32.446106 371.204559
v -840.258667 38.915070 344.811279
v -849.423889 47.391144 318.515808
v -853.336365 51.285332 292.595398
v -853.336365 50.036499 266.954376
v -849.713074 45.025288 242.205902
v -843.059937 45.276192 221.948257
v -835.166931 48.522121 203.804047
v -828.297485 51.608421 184.448975
v -825.908997 58.429512 162.084213
v -826.412292 65.942429 139.225372
v -825.155701 75.159431 111.236061
v -822.798706 85.616104 82.512962
v -820.523254 92.907585 55.160954
v -819.536194 93.744026 29.474356
v -819.500244 92.235115 4.289684
v -820.251404 87.287552 -20.008720
v -822.153625 75.419334 -42.284950
v -824.365173 60.922398 -64.045387
v -825.910522 51.382538 -87.002998
v -826.152039 50.344139 -112.256943
v -826.152039 50.350357 -137.897980
v -826.152039 50.338436 -163.539001
v -826.152039 50.607357 -189.180023
v -826.152039 50.039146 -214.821045
v -825.932068 48.517082 -241.809845
v -825.392822 44.591187 -270.754974
v -824.883179 42.436806 -299.518494
v -823.732910 32.422871 -332.207214
v -822.427673 22.078835 -365.845398
v -821.543274 21.292038 -396.905212
v -821.456665 32.379303 -423.076935
v -821.456665 39.005020 -448.717957
v -821.456665 39.487926 -474.358978
v -821.456665 37.555271 -500.000000
v -806.241821 72.873535 474.510010
v -806.062683 69.992706 450.008575
v -806.001709 69.586136 427.799622
v -806.037659 58.621891 409.625549
v -807.027161 38.810810 392.483124
v -814.450195 31.327555 371.195770
v -824.957336 37.762676 344.807495
v -834.077332 46.904873 318.515259
v -837.982056 51.319054 292.595398
v -837.982056 50.219570 266.954376
v -834.149536 44.691505 241.738358
v -827.034302 40.661263 220.271179
v -819.084961 41.821907 200.957535
v -812.344299 43.676826 181.196869
v -810.483887 56.152451 162.964615
v -811.066528 62.175598 140.364105
v -810.214417 68.722656 113.076134
v -808.313049 78.351440 84.826828
v -806.414856 84.163719 57.645412
v -805.558228 84.698730 31.961428
v -805.521790 84.219559 6.701066
v -806.130432 79.328918 -17.844353
v -807.728149 69.274200 -40.658329
v -809.557068 57.828217 -63.088860
v -810.709778 50.682598 -86.744820
v -810.797729 51.287395 -112.256943
v -810.715637 50.059650 -137.918350
v -810.658447 50.789135 -163.573563
v -810.782593 50.326447 -189.183777
v -810.577698 48.088444 -216.168945
v -810.039185 43.511452 -245.109528
v -809.531311 40.229855 -273.862305
v -808.799561 36.536762 -303.987061
v -807.830444 28.731667 -335.565887
v -806.755371 19.303843 -367.793793
v -806.121277 18.657146 -397.320038
v -806.102356 29.251699 -423.076935
v -806.102356 36.793324 -448.717957
v -806.102356 38.188374 -474.358978
v -806.102356 36.129021 -500.000000
v -790.602905 81.276794 469.836151
v -790.602966 80.241226 444.206879
v -790.620483 78.986176 422.206421
v -790.663086 64.623291 405.421387
v -791.540771 40.947701 390.037811
v -798.642090 29.683802 370.860229
v -808.727173 35.714996 344.870026
v -817.476685 44.972046 318.604248
v -821.134216 49.304470 292.702057
v -821.130249 48.924767 267.061310
v -817.480164 43.345268 241.680908
v -809.879822 34.411236 218.546097
v -802.476562 34.677765 198.800049
v -797.136536 41.586731 181.990402
v -795.060120 53.410942 163.975464
v -795.652527 59.483059 141.508682
v -795.258484 61.450966 115.059761
v -793.915955 69.934052 87.485405
v -792.455017 74.408478 60.569706
v -791.767822 74.107414 34.847485
v -791.744385 73.668922 9.450009
v -792.200317 70.023430 -15.356451
v -793.437256 62.396698 -38.802544
v -794.801636 53.203766 -62.054657
v -795.435669 50.726429 -86.625313
v -794.430786 51.226379 -112.508247
v -792.358826 51.062805 -138.663483
v -792.047913 52.072636 -164.381683
v -792.362488 48.711933 -191.240280
v -792.947815 44.151608 -219.897598
v -794.146423 39.210835 -248.223679
v -793.451294 33.261642 -278.309052
v -792.619202 29.047501 -309.048157
v -791.860901 23.652517 -339.335297
v -791.070007 15.876274 -369.822205
v -790.748047 15.828218 -397.435883
v -790.748047 24.438440 -423.076935
v -790.748047 31.998846 -448.717957
v -790.748047 34.951138 -474.358978
v -790.748047 34.643688 -500.000000
v -775.227051 89.025650 465.377289
v -775.227051 88.271179 439.736328
v -775.247437 85.614548 418.323853
v -775.294800 68.917625 402.530975
v -775.786926 42.467747 388.283142
v -781.812927 27.862307 370.350250
v -790.852051 31.745037 345.050018
v -798.688660 39.650829 318.849426
v -801.869934 43.857391 292.981232
v -801.869934 42.463974 267.340210
v -798.686890 37.396488 241.926468
v -791.572205 30.626005 217.934814
v -785.560791 30.032667 198.898651
v -781.021301 37.038040 181.975754
v -779.438538 47.685780 163.836288
v -779.991760 54.622063 141.242523
v -780.135986 55.420654 116.742935
v -779.416260 61.173523 90.032799
v -778.432129 63.795650 63.486149
v -777.928406 64.229546 37.687519
v -777.922546 63.951126 12.125424
v -778.222595 62.212322 -12.948053
v -779.077820 56.796249 -37.067032
v -779.913574 50.407677 -61.255329
v -779.255432 51.582684 -86.822800
v -774.777771 51.882088 -113.575066
v -770.858276 54.457676 -140.188812
v -769.549866 52.769798 -167.447769
v -769.419800 47.257256 -196.284622
v -771.785034 41.356739 -224.314636
v -776.348083 32.490433 -253.094055
v -777.271057 25.412971 -283.369110
v -776.508911 21.656532 -313.679840
v -775.936340 18.177450 -342.828857
v -775.465454 12.594801 -371.354950
v -775.393677 12.571826 -397.435883
v -775.393677 18.683165 -423.076935
v -775.393677 26.764265 -448.717957
v -775.393677 32.829113 -474.358978
v -775.393677 35.291668 -500.000000
v -759.864563 91.296188 463.675079
v -759.864563 91.076050 438.034058
v -759.886292 87.832321 416.909363
v -759.935547 70.461281 401.499451
v -760.048401 42.859989 387.666260
v -764.339355 25.338760 370.153107
v -771.823242 26.190170 345.312408
v -778.658508 33.078800 319.289795
v -781.927856 36.848034 293.678741
v -782.422546 36.284294 268.209808
v -780.725708 33.120571 243.086182
v -775.413269 27.151104 218.850235
v -769.633667 26.445559 198.766510
v -764.901672 31.053612 180.678558
v -763.510071 40.470078 161.546234
v -764.210144 48.413582 139.981155
v -764.791687 52.857380 117.792397
v -764.617310 54.632130 91.951294
v -764.116028 55.776783 65.851845
v -763.818970 56.849052 39.963974
v -763.823486 56.254234 14.328116
v -763.988770 56.096493 -10.987731
v -764.456970 52.987080 -35.795681
v -764.731384 50.958042 -60.978481
v -760.898560 52.575504 -87.567963
v -753.153870 54.269569 -115.130997
v -746.162964 55.275337 -143.804382
v -743.981079 51.219482 -173.147003
v -744.305725 47.564674 -201.686707
v -748.586365 36.813339 -230.529846
v -757.264099 25.386618 -258.874023
v -761.162720 17.851921 -287.988831
v -760.585449 15.368353 -317.166992
v -760.171875 14.032251 -345.342041
v -760.039368 11.152470 -371.794861
v -760.039368 10.394743 -397.435883
v -760.039368 14.536411 -423.076935
v -760.039368 23.535212 -448.717957
v -760.039368 32.776436 -474.358978
v -760.039368 37.314663 -500.000000
v -744.662231 90.330414 463.150421
v -744.591431 90.434601 437.753876
v -744.531494 87.068848 416.810059
v -744.580627 70.273804 401.375122
v -744.637390 43.062935 387.523712
v -746.768127 22.547709 370.275452
v -753.369507 21.726603 345.982605
v -761.165894 28.234455 320.897217
v -765.775757 33.913750 295.990143
v -767.052856 34.841972 270.792999
v -766.343201 33.142056 245.774887
v -761.850159 25.977577 220.841614
v -755.426392 23.777218 198.605255
v -750.124207 26.336620 178.492783
v -747.829590 32.696316 158.203461
v -748.812195 46.024498 140.520782
v -749.391235 50.071529 118.375389
v -749.387634 51.469345 92.780251
v -749.324951 50.431992 67.119240
v -749.235413 51.479836 41.326019
v -749.236572 51.109295 15.686369
v -749.294678 50.734726 -9.839795
v -749.379150 50.934238 -35.335442
v -748.674133 50.209770 -61.150185
v -741.470154 53.900059 -88.579041
v -729.882202 56.811493 -118.399788
v -719.590576 56.338043 -149.766296
v -718.342041 51.743839 -178.677032
v -717.473877 43.498707 -208.800385
v -725.905029 32.022614 -237.204285
v -738.545654 19.067284 -264.140747
v -745.194580 12.474038 -291.514130
v -744.819092 11.200658 -319.691437
v -744.685059 11.956453 -346.153839
v -744.685059 11.062376 -371.794861
v -744.685059 10.169397 -397.435883
v -744.685059 13.451150 -423.076935
v -744.685059 23.495415 -448.717957
v -744.685059 34.827641 -474.358978
v -744.685059 39.739017 -500.000000
v -730.229553 90.008781 461.607178
v -730.010315 90.056152 436.731232
v -729.462524 84.289658 417.520966
v -729.231262 67.768051 402.412628
v -729.286072 42.067879 388.160553
v -729.866455 20.082226 370.657074
v -736.698547 19.398441 347.156555
v -745.832642 26.584702 323.187592
v -752.164124 33.699402 299.122040
v -754.207397 36.148865 274.190674
v -753.876282 35.080750 249.062088
v -749.416077 29.117220 223.367249
v -742.012573 21.788965 198.319641
v -736.341125 23.202003 176.084213
v -733.425598 32.535931 157.764893
v -733.490051 44.694477 139.184814
v -734.229919 51.512985 116.547890
v -734.427856 53.725651 92.288330
v -734.184570 51.129253 67.000237
v -734.047791 50.910786 41.557674
v -734.026062 49.968281 15.948181
v -734.026062 50.265541 -9.692846
v -734.026062 49.929325 -35.333870
v -731.268982 49.431946 -62.954018
v -720.840759 53.911987 -91.181328
v -704.407532 55.366062 -124.063972
v -693.117249 54.817680 -155.486206
v -692.879395 48.906441 -185.454865
v -692.656128 39.212990 -216.004944
v -705.414978 26.505823 -242.911484
v -720.847229 14.375481 -268.097839
v -729.248901 7.914506 -294.093536
v -729.330688 9.132915 -320.512817
v -729.330688 11.919429 -346.153839
v -729.330688 12.244740 -371.794861
v -729.330688 12.201819 -397.435883
v -729.330688 15.607667 -423.076935
v -729.330688 26.579111 -448.717957
v -729.330688 38.353455 -474.358978
v -729.330688 41.669086 -500.000000
v -716.403015 88.518616 460.822327
v -716.037537 88.450043 436.431824
v -715.011047 80.126938 419.049927
v -714.076904 62.665779 404.894501
v -713.940308 38.729027 389.936493
v -714.549011 18.861546 371.343658
v -721.086853 17.733126 348.242218
v -731.007874 26.405155 325.229279
v -738.808472 34.966080 301.918884
v -741.692810 37.283321 277.281097
v -741.372620 38.237587 251.912048
v -737.009155 31.509300 225.572937
v -729.113098 23.619699 198.165268
v -722.770386 26.155289 175.359848
v -719.247986 35.567436 154.995193
v -718.758179 50.243305 134.434036
v -719.832458 59.929089 112.476120
v -720.258789 63.819942 90.568695
v -719.753296 60.605034 65.661095
v -719.306702 55.038128 40.667999
v -718.736938 52.557419 15.853637
v -718.671753 51.693958 -9.692846
v -718.451782 47.955967 -36.681736
v -712.280823 45.667183 -67.019470
v -699.051208 53.154686 -96.188507
v -680.697144 53.640259 -129.113922
v -668.490540 50.607010 -162.052536
v -667.867554 44.803200 -192.707916
v -671.922302 35.235023 -221.773209
v -687.625427 22.965714 -246.892059
v -704.347229 11.440401 -270.820648
v -713.420654 6.893945 -295.009705
v -713.976379 8.829564 -320.512817
v -713.976379 12.523709 -346.153839
v -713.976379 14.280397 -371.794861
v -713.976379 15.540656 -397.435883
v -713.976379 19.841385 -423.076935
v -713.976379 31.345991 -448.717957
v -713.976379 41.937611 -474.358978
v -713.976379 42.220356 -500.000000
v -702.895813 87.232590 460.717133
v -702.393799 86.125336 437.220428
v -700.915833 75.683067 421.138641
v -699.323486 57.062492 407.584320
v -698.598083 33.188446 392.456848
v -699.671082 17.173843 372.020355
v -706.403503 17.626186 348.860535
v -716.090515 26.548878 326.456146
v -724.651611 35.270805 303.656403
v -728.098267 39.468346 279.214142
v -728.006775 38.581421 253.678040
v -724.432068 33.691483 226.930054
v -716.486145 25.979366 198.669708
v -709.118896 27.205330 173.452393
v -705.258118 39.933384 150.157440
v -704.597839 59.578674 127.872437
v -706.239258 74.328484 109.921013
v -706.606873 77.749428 88.098724
v -705.986023 72.058929 63.358532
v -705.169678 65.817368 38.901833
v -703.971436 56.424831 14.999352
v -703.097473 49.579548 -11.040596
v -702.554993 43.326424 -39.984585
v -693.843872 42.177704 -70.762268
v -676.765625 46.140945 -102.621124
v -659.098816 49.736515 -134.932724
v -649.136108 46.223083 -168.141586
v -648.332825 38.348743 -198.323700
v -655.921509 28.574577 -225.307632
v -671.200745 18.612877 -249.594650
v -687.267151 10.756867 -272.048767
v -697.491333 6.704981 -295.152435
v -698.622070 10.511565 -320.512817
v -698.622070 13.518551 -346.153839
v -698.622070 16.343695 -371.794861
v -698.622070 18.620804 -397.435883
v -698.622070 23.721924 -423.076935
v -698.622070 35.149204 -448.717957
v -698.622070 43.560005 -474.358978
v -698.622070 40.638340 -500.000000
v -689.439453 86.895370 461.189331
v -688.808899 83.335327 438.996796
v -686.924194 70.811737 423.365723
v -684.757141 50.182259 409.994873
v -683.360535 25.806097 394.797150
v -684.535217 14.960324 372.235748
v -691.597778 16.816362 349.051361
v -701.323242 26.598116 326.793274
v -709.914551 37.445564 304.140625
v -713.666504 39.108685 279.804718
v -714.522095 40.130226 254.471802
v -712.748169 38.745087 228.236176
v -705.141541 30.742191 199.959778
v -697.173340 34.562401 171.497330
v -693.138245 49.179153 146.294632
v -691.882202 73.879517 125.766205
v -692.898376 89.468414 106.990654
v -693.161072 94.045303 85.329712
v -692.528564 87.650734 60.606331
v -691.329224 80.121307 36.705372
v -689.320984 61.850964 12.311091
v -687.314880 45.020390 -14.497841
v -686.557678 38.226974 -43.122215
v -675.592224 34.889984 -75.746140
v -657.454956 37.394936 -108.950027
v -642.653442 45.971966 -141.256500
v -634.860657 46.751450 -175.489899
v -633.707764 38.552258 -203.784439
v -639.540161 25.103924 -228.065048
v -654.977905 17.747137 -250.610504
v -671.146179 11.355961 -272.239014
v -681.900940 8.060581 -295.210999
v -683.267700 9.887439 -320.512817
v -683.267700 14.510486 -346.153839
v -683.267700 18.064007 -371.794861
v -683.267700 20.696714 -397.435883
v -683.267700 25.802731 -423.076935
v -683.267700 36.211433 -448.717957
v -683.267700 42.109390 -474.358978
v -683.267700 37.435661 -500.000000
v -675.778198 85.705009 462.796265
v -675.023499 80.399040 441.010986
v -672.792419 65.658333 425.259949
v -670.149780 42.792480 411.832275
v -668.215698 18.953222 396.030029
v -669.257690 11.617130 372.262482
v -676.318115 15.531528 349.077332
v -686.040039 26.305424 326.817993
v -694.636597 36.443134 304.167206
v -698.775574 40.104908 279.971588
v -701.802856 44.803143 255.420746
v -701.605957 44.264244 229.752121
v -694.643677 37.175358 201.694427
v -687.091125 41.678459 171.444107
v -682.808716 64.442986 145.667282
v -680.705505 87.930222 123.902397
v -680.255920 104.427155 103.559692
v -679.537964 107.837357 81.150650
v -678.933289 102.770645 56.382446
v -677.374084 91.011978 33.007385
v -674.317261 62.930668 7.690839
v -671.676208 40.564941 -17.925613
v -670.304016 32.324959 -47.607121
v -659.027954 28.749338 -80.907822
v -641.596680 32.405582 -115.855194
v -628.953247 51.232140 -150.000702
v -624.500977 52.586716 -182.118805
v -622.623413 43.031242 -208.549393
v -627.490356 26.899868 -229.494186
v -641.419556 17.471357 -250.558289
v -656.682373 11.516933 -272.056824
v -666.810852 7.411758 -295.145416
v -667.913391 10.348176 -320.512817
v -667.913391 15.300039 -346.153839
v -667.913391 19.126434 -371.794861
v -667.913391 22.140131 -397.435883
v -667.913391 26.378191 -423.076935
v -667.913391 34.904457 -448.717957
v -667.913391 38.294041 -474.358978
v -667.913391 33.568161 -500.000000
v -661.645874 84.239632 464.573425
v -660.782227 77.836655 442.687622
v -658.288025 60.928322 426.708221
v -655.302551 36.666252 412.932037
v -653.025269 15.348227 395.826233
v -653.714355 8.902084 372.196716
v -660.402222 15.079460 348.882019
v -669.768066 25.603119 326.498779
v -678.019409 35.068829 303.727936
v -683.829956 41.668022 280.133575
v -689.085815 48.723099 256.382904
v -691.132690 50.594631 231.512451
v -685.259766 43.836151 203.777832
v -677.896545 53.166866 172.398224
v -673.086914 77.531937 144.747482
v -670.256226 100.002533 121.293549
v -668.288696 116.243408 99.100204
v -665.572998 115.641022 75.423637
v -664.776001 113.063248 50.264015
v -662.741150 94.905128 27.581503
v -659.063904 66.519150 3.737218
v -655.790344 37.064396 -22.654507
v -654.060730 22.717205 -52.693947
v -642.986206 22.372368 -85.597313
v -629.632874 38.993069 -123.407753
v -620.278259 56.273369 -156.927750
v -618.201172 56.219547 -186.152893
v -615.666809 46.982933 -210.511337
v -618.846680 31.843954 -230.000244
v -630.703430 18.054682 -250.357147
v -644.208740 11.335005 -272.124878
v -652.294983 8.482806 -295.295929
v -652.785156 10.718652 -320.782776
v -652.665649 15.626879 -346.281097
v -652.559082 19.875612 -371.794861
v -652.559082 22.545460 -397.435883
v -652.559082 25.394289 -423.076935
v -652.559082 31.651693 -448.717957
v -652.559082 32.890682 -474.358978
v -652.559082 29.441916 -500.000000
v -646.784119 82.235733 466.250427
v -645.861694 75.322075 444.060089
v -643.247314 56.959759 427.728088
v -640.112427 33.263626 413.037292
v -637.729736 13.749183 395.623108
v -637.870850 8.081902 372.026581
v -643.547668 14.535849 348.360168
v -651.945801 23.155518 325.640350
v -659.512390 31.267227 302.633209
v -667.575317 40.452339 279.846436
v -675.031555 50.288239 256.882965
v -679.353027 55.128105 232.820129
v -674.724731 51.721958 205.438004
v -668.188171 62.147713 173.342178
v -663.363831 85.511040 143.577209
v -659.756287 109.109665 118.036942
v -656.132996 123.188507 93.999428
v -651.651855 119.371559 69.070747
v -649.682556 113.181114 43.796104
v -647.070740 91.629669 21.941509
v -643.422852 61.515724 -1.345605
v -639.603760 28.050098 -27.703638
v -638.061096 15.373919 -57.279839
v -630.375427 20.206959 -90.196083
v -621.721191 43.096581 -128.019409
v -615.022339 58.160431 -160.361710
v -613.635742 59.326538 -187.370010
v -610.583191 53.158352 -210.710846
v -612.670776 34.948570 -230.032013
v -621.800598 19.168194 -249.909058
v -633.022888 14.129837 -272.538971
v -638.512146 12.153826 -296.474182
v -638.538330 14.978296 -322.105499
v -638.206543 18.331345 -347.350311
v -637.503052 21.010416 -372.151154
v -637.204712 21.676371 -397.435883
v -637.204712 23.362442 -423.076935
v -637.204712 27.272549 -448.717957
v -637.204712 26.812273 -474.358978
v -637.204712 25.361629 -500.000000
v -631.426758 80.733818 466.934937
v -630.507568 73.815514 444.467651
v -627.883606 54.776405 427.886566
v -624.745056 31.662220 413.082275
v -622.381714 14.052671 395.601349
v -622.003052 9.143121 371.847961
v -626.100159 13.117616 347.632080
v -633.031372 20.440781 324.402008
v -640.057556 26.619320 301.212952
v -649.812439 39.438065 279.033630
v -659.257507 50.208984 256.779297
v -665.723389 57.251945 233.476318
v -662.660156 56.316628 206.516251
v -657.029968 69.708244 174.279709
v -652.056396 94.256172 141.965973
v -648.204834 113.538696 114.456665
v -642.859558 121.534683 89.019730
v -637.222290 122.018677 62.144886
v -634.162231 111.008957 37.044506
v -631.598389 91.391174 15.128785
v -627.403931 56.527954 -6.690874
v -623.321228 18.662878 -32.080688
v -622.531860 10.540978 -60.928093
v -619.812134 24.961372 -94.450378
v -615.351135 46.374710 -129.788605
v -610.608582 61.999123 -160.766464
v -609.480225 63.463421 -187.253098
v -606.785278 56.046391 -210.588135
v -607.647583 36.626900 -229.919815
v -613.806458 21.610107 -249.659378
v -622.195435 17.697264 -273.324615
v -624.946228 19.035849 -298.569061
v -624.946045 21.338655 -324.209900
v -624.409424 23.686438 -349.210052
v -623.115906 24.297827 -373.306213
v -622.004395 21.175930 -397.619781
v -621.850403 20.974533 -423.076935
v -621.850403 22.909317 -448.717957
v -621.850403 21.171532 -474.358978
v -621.850403 21.604076 -500.000000
v -616.821533 79.659286 466.909576
v -615.572205 72.225792 444.845612
v -612.508301 52.617104 428.508759
v -609.257080 31.145027 413.543671
v -606.990051 16.138166 395.730225
v -606.496033 12.720817 371.794861
v -608.566711 12.131536 346.874115
v -613.680786 16.438690 323.011963
v -619.959106 22.042370 299.568573
v -630.725464 34.151928 277.752808
v -641.362671 48.474648 255.924911
v -649.475220 57.682728 233.205231
v -647.964294 59.990234 206.620758
v -644.213379 72.112534 174.849808
v -639.234680 96.415520 140.827606
v -634.298950 114.134445 111.280029
v -628.340149 121.405327 83.260803
v -622.616455 126.909485 54.422482
v -619.196838 114.401611 29.526966
v -616.035950 88.153015 8.494379
v -611.481689 48.938347 -12.086602
v -607.423096 13.071446 -35.675045
v -607.835693 12.271093 -65.065613
v -609.641724 31.869068 -97.224655
v -608.662842 51.162529 -130.683151
v -605.904358 66.245621 -160.972198
v -605.100281 67.100487 -187.225174
v -602.576355 61.154091 -210.501953
v -602.262268 40.854462 -230.010788
v -605.578674 24.852802 -249.922470
v -610.663269 24.769222 -274.740326
v -611.707886 28.105961 -301.096161
v -611.706848 29.467686 -326.735931
v -610.969482 30.915688 -351.496338
v -609.117249 29.204014 -374.925323
v -607.234192 23.028610 -398.317474
v -606.496033 19.490129 -423.076935
v -606.496033 20.108952 -448.717957
v -606.496033 17.269135 -474.358978
v -606.496033 18.401020 -500.000000
v -603.367737 78.658447 467.195770
v -601.692017 70.796692 445.786438
v -598.183289 51.721107 429.450470
v -594.091980 31.255457 414.516907
v -591.477905 17.840643 396.275208
v -591.141724 14.444580 371.794861
v -591.577332 12.601556 346.305359
v -594.611511 13.405382 321.719757
v -599.619446 17.983238 297.836731
v -610.220276 28.272709 275.967438
v -621.547302 41.800858 254.383118
v -630.427124 54.656464 231.935059
v -630.339966 60.124805 205.669113
v -628.250854 71.258728 174.507751
v -623.906433 95.384033 140.942856
v -618.853882 113.664696 108.481201
v -612.802002 123.317528 77.509979
v -607.294250 130.885040 47.680145
v -603.657471 114.601372 23.908138
v -600.332336 84.520081 3.154508
v -595.768311 43.934772 -16.687277
v -592.069153 12.907134 -38.883705
v -593.762573 19.066210 -68.015465
v -598.024170 40.138920 -100.022858
v -600.426392 57.785927 -132.468185
v -599.782898 71.184662 -161.978622
v -599.261292 72.192230 -187.984131
v -597.106873 64.697525 -211.272110
v -595.455383 46.644234 -230.865082
v -595.814819 30.167866 -251.024078
v -597.594666 33.517956 -276.937347
v -598.523315 37.058907 -303.687469
v -598.518555 37.705509 -329.322754
v -597.575623 39.834160 -353.837708
v -595.209045 35.280945 -376.652344
v -592.650635 26.756323 -399.237976
v -591.189453 19.901773 -423.133911
v -591.141724 19.875059 -448.717957
v -591.141724 15.875718 -474.358978
v -591.141724 15.846404 -500.000000
v -590.470520 80.157043 468.263367
v -588.425171 71.680954 447.336273
v -584.785767 53.665817 430.393188
v -580.027466 33.412437 414.997345
v -576.270508 19.087849 396.647858
v -575.787415 14.261456 371.794861
v -575.787415 12.132546 346.153839
v -576.612183 10.721081 320.799683
v -580.002625 12.056991 296.354095
v -589.607727 22.256807 274.138519
v -600.729004 36.702553 252.482971
v -610.253296 47.874866 230.258392
v -611.375916 55.401699 204.413528
v -610.195068 67.155853 174.148544
v -607.634033 90.317245 142.032410
v -603.496460 112.341667 107.063446
v -596.945923 124.926781 73.784760
v -590.950317 127.327545 44.466999
v -587.787598 109.380402 20.867668
v -584.590698 83.191887 -0.028839
v -580.446594 46.665237 -19.741528
v -577.465881 19.238132 -41.100376
v -579.672363 24.998466 -69.902718
v -584.824829 49.912624 -103.236336
v -589.371460 71.064911 -135.665482
v -590.810181 82.000237 -164.326431
v -590.615356 82.796883 -190.069199
v -588.757629 72.774033 -213.159378
v -585.848389 53.888260 -232.819275
v -583.198730 37.283791 -253.027374
v -583.974609 39.952534 -279.008545
v -585.091980 44.762875 -305.984009
v -585.089355 46.274284 -331.621918
v -583.916626 48.892738 -355.862366
v -581.111694 41.491032 -378.153534
v -578.036255 30.069891 -400.121582
v -576.010193 20.527830 -423.343018
v -575.787415 19.311501 -448.717957
v -575.787415 14.831336 -474.358978
v -575.787415 13.952665 -500.000000
v -577.594055 81.377106 470.342102
v -575.343445 72.360580 449.396820
v -571.865967 56.173775 431.316284
v -566.672424 36.551514 414.881500
v -562.030518 20.653610 395.835663
v -560.433044 13.371476 371.794861
v -560.433044 12.199286 346.153839
v -560.433044 9.366981 320.512817
v -561.905090 8.884931 295.397614
v -569.746521 17.332079 272.564514
v -580.033142 30.232744 250.614548
v -589.111694 41.023087 228.231018
v -591.238037 46.141758 203.009247
v -591.010315 61.569801 173.959915
v -590.631775 80.566673 142.470200
v -586.870728 107.756699 107.220299
v -580.411926 122.059532 73.781189
v -574.367737 119.786087 44.783047
v -571.719727 105.356438 20.947884
v -569.185242 82.079407 -0.881822
v -565.522705 50.866665 -20.875439
v -562.976013 27.142700 -42.451015
v -565.212585 29.686405 -71.238396
v -570.950989 56.628052 -105.446808
v -576.021301 80.878242 -138.657745
v -578.151550 90.990753 -167.479202
v -578.149475 90.134361 -193.117157
v -576.268005 84.095985 -215.823639
v -572.330078 64.750320 -234.852936
v -569.061890 44.256557 -254.579407
v -569.828613 44.646851 -280.451660
v -571.109680 50.887787 -307.622620
v -571.111816 54.053062 -333.266174
v -569.766296 53.688889 -357.300323
v -566.619629 45.634171 -379.183319
v -563.207764 32.353317 -400.749634
v -560.828308 20.604769 -423.548950
v -560.433044 18.148148 -448.717957
v -560.433044 14.039807 -474.358978
v -560.433044 13.116799 -500.000000
v -564.541870 81.279808 472.649750
v -562.274719 71.837463 451.183411
v -559.187378 58.263432 431.678741
v -553.697571 39.931614 413.937500
v -548.306824 23.302866 394.204895
v -545.193481 12.081399 371.679993
v -545.078735 9.933722 346.153839
v -545.078735 9.791285 320.512817
v -545.730347 7.661716 295.106445
v -551.307190 13.925609 271.473816
v -559.730286 26.085941 248.864319
v -567.310791 35.196144 225.949646
v -569.924438 36.686504 201.187836
v -571.143616 51.134060 173.584900
v -571.329224 70.914604 142.289810
v -568.186523 98.160431 107.566353
v -562.669189 113.004234 74.445099
v -557.615784 110.329041 45.789688
v -555.762939 100.080994 21.653269
v -553.637146 83.837753 -0.749530
v -550.486328 56.379528 -21.446423
v -548.173096 30.743618 -43.319710
v -550.193848 31.765482 -71.740875
v -556.124207 59.433937 -106.234390
v -561.385925 86.010361 -139.731125
v -563.668213 95.376999 -168.779556
v -563.668213 95.148140 -194.420593
v -561.780640 85.270042 -217.096924
v -558.033997 64.442230 -236.372498
v -554.340637 46.153954 -255.428818
v -554.912537 46.786755 -280.975067
v -556.283386 51.853035 -308.253235
v -556.283386 55.536926 -333.894257
v -554.855957 55.139610 -357.830536
v -551.580688 46.848770 -379.559998
v -548.047302 32.964600 -400.981171
v -545.547058 19.905499 -423.636261
v -545.078735 16.661064 -448.717957
v -545.078735 13.618854 -474.358978
v -545.078735 13.429053 -500.000000
v -551.226318 79.725616 474.329437
v -549.430908 70.407715 451.801575
v -546.532288 59.595604 431.041931
v -540.782166 43.466312 412.009338
v -534.508850 25.236889 392.647186
v -530.208252 11.165967 371.310577
v -529.724426 8.457983 346.153839
v -529.724426 8.589510 320.512817
v -529.878845 6.274329 294.927399
v -533.927002 11.454599 270.744232
v -540.758850 19.450573 247.563522
v -546.905273 30.784351 224.136017
v -549.348877 30.393702 199.375000
v -549.875732 36.719231 172.961380
v -550.440247 58.892181 141.844528
v -548.159973 84.545517 107.946983
v -544.017761 101.656189 75.433815
v -540.669189 100.638092 47.131779
v -539.577637 95.270988 22.353252
v -537.771423 83.268425 -0.944037
v -535.034607 56.660831 -22.222712
v -532.937622 32.943562 -43.958462
v -534.881470 32.530449 -71.807587
v -540.728943 64.519669 -106.173233
v -546.038147 85.062973 -139.740860
v -548.313904 96.983025 -168.779556
v -548.313904 98.067848 -194.420593
v -546.434998 86.702347 -217.109741
v -542.712830 66.843140 -236.421310
v -539.174927 46.321083 -255.711014
v -539.548889 44.754574 -280.963898
v -540.929077 52.737938 -308.253235
v -540.929077 54.994362 -333.894257
v -539.518066 53.810566 -357.850128
v -536.247742 45.629890 -379.585480
v -532.701538 31.992924 -400.991364
v -530.197021 18.521399 -423.641357
v -529.724426 15.078367 -448.717957
v -529.724426 13.549560 -474.358978
v -529.724426 14.609715 -500.000000
v -537.279480 75.880989 475.393158
v -536.358398 67.392174 451.466370
v -533.446594 59.582317 429.605835
v -527.278137 45.666412 410.157379
v -520.256409 26.962139 391.544312
v -515.201904 10.952538 370.962250
v -514.370056 6.860798 346.153839
v -514.370056 7.328466 320.512817
v -514.370056 9.848195 294.871796
v -516.449341 9.469400 269.979584
v -521.548950 15.817492 246.086838
v -526.468933 23.623201 221.900925
v -528.529236 24.993631 196.692047
v -528.712097 24.435652 170.764343
v -529.337891 45.608383 140.385742
v -527.781433 69.477760 107.964317
v -525.418945 86.511566 76.299370
v -523.786743 93.067093 47.786182
v -522.770813 92.920509 20.902597
v -521.233704 82.898170 -3.597146
v -518.546875 60.500328 -24.937141
v -516.751526 35.243793 -46.286198
v -519.096619 30.095619 -72.444885
v -524.884949 56.626297 -105.442207
v -529.923035 78.848114 -138.605042
v -532.074768 90.709717 -167.458618
v -532.043640 90.049263 -193.053162
v -530.479553 82.683670 -216.055496
v -527.262512 64.226837 -235.973770
v -523.896545 44.944321 -255.556610
v -523.903503 44.223591 -280.478271
v -525.040161 48.399006 -307.614807
v -525.049805 52.716579 -333.267334
v -523.741943 51.060173 -357.346405
v -520.617310 42.921249 -379.255829
v -517.171448 30.363592 -400.781525
v -514.779297 16.998320 -423.565674
v -514.370056 13.801599 -448.717957
v -514.370056 13.646154 -474.358978
v -514.370056 15.944849 -500.000000
v -522.037109 68.391792 476.637054
v -521.923218 61.285019 451.389282
v -519.102905 56.724384 428.612946
v -512.604370 45.164555 409.476227
v -505.299408 27.742523 391.146637
v -499.993500 11.916463 370.816254
v -499.015747 8.313950 346.153839
v -499.015747 13.309990 320.512817
v -499.015747 16.865826 294.871796
v -499.557587 17.077818 269.226044
v -503.249084 18.847965 243.277679
v -507.268799 19.171507 217.412155
v -509.072601 19.133789 191.358185
v -509.368530 25.598007 165.249603
v -510.151276 40.466682 135.693314
v -509.230194 61.621490 105.307999
v -507.569397 80.018883 76.193237
v -506.569336 89.819595 46.655823
v -505.255554 94.444664 17.972733
v -503.281555 80.821205 -6.645343
v -500.626282 57.107841 -27.982346
v -499.151001 38.341335 -49.108471
v -502.210205 30.887468 -74.078560
v -507.956635 50.895245 -103.789825
v -512.574768 69.544197 -135.628082
v -514.440796 79.511101 -164.055084
v -514.904419 82.641937 -189.872665
v -514.224548 74.809647 -213.323975
v -511.709778 58.813866 -234.053665
v -508.800049 41.950279 -254.410202
v -508.522034 40.479481 -279.329865
v -508.741028 43.616558 -306.084137
v -508.321320 47.155083 -331.626221
v -507.200195 43.959690 -355.928314
v -504.403046 38.137939 -378.228790
v -501.305267 26.817455 -400.170197
v -499.252930 15.800233 -423.360199
v -499.015747 13.251951 -448.717957
v -499.015747 13.603955 -474.358978
v -499.015747 16.384857 -500.000000
v -506.551758 62.556667 477.089264
v -506.551758 55.593754 451.448242
v -503.742920 51.671650 428.618561
v -497.193604 42.268879 409.532715
v -489.914825 27.335228 391.176910
v -484.664337 12.065194 370.791046
v -483.661407 16.411213 346.153839
v -483.661407 29.228165 320.512817
v -483.661407 35.303196 294.871796
v -484.143677 41.040115 268.206696
v -486.422211 34.842926 239.871414
v -489.589630 22.461559 212.048904
v -491.120605 15.877523 185.186523
v -491.653076 25.757854 158.760117
v -492.707581 41.356956 129.922867
v -492.156830 57.208702 102.209335
v -490.783051 74.684181 74.717659
v -488.377869 83.448616 45.581764
v -486.363953 86.939468 15.788648
v -483.819031 76.465225 -8.716956
v -481.616638 53.393112 -30.860231
v -480.683716 38.395729 -51.997017
v -484.402222 32.174797 -75.895927
v -489.952393 47.299103 -102.256699
v -494.369080 57.888329 -131.371063
v -496.163269 66.752007 -159.411606
v -497.790039 70.895370 -185.674133
v -498.041931 65.112099 -209.660995
v -496.069366 53.651340 -231.015381
v -493.716980 40.545403 -252.337875
v -493.517365 38.325443 -277.816559
v -492.797729 38.443871 -304.154419
v -491.257599 35.439209 -329.366791
v -490.115662 34.629070 -353.862000
v -487.790009 30.593647 -376.725555
v -485.204803 23.185318 -399.279144
v -483.714844 15.934907 -423.140747
v -483.661407 13.851106 -448.717957
v -483.661407 13.734750 -474.358978
v -483.661407 16.476229 -500.000000
v -490.105927 58.315834 478.181793
v -490.093781 50.743031 452.552917
v -487.476288 45.685150 429.531708
v -481.257568 36.812996 410.114929
v -474.190002 24.027773 391.547729
v -469.166626 12.610952 370.934570
v -468.307098 27.051636 346.153839
v -468.307098 48.607712 320.512817
v -468.311310 58.255810 294.862823
v -469.305847 62.038845 267.109924
v -471.311615 53.153374 237.209732
v -473.555450 30.632835 207.538208
v -474.835602 19.016531 179.927643
v -475.311920 22.754738 153.577942
v -476.402679 38.137787 125.844406
v -476.278778 55.184364 100.452812
v -473.792664 66.738571 73.774811
v -469.636261 70.194237 44.981758
v -466.852875 74.713036 14.359774
v -464.287933 63.563751 -10.981157
v -462.516937 48.170460 -33.778725
v -462.419800 33.986759 -55.430767
v -466.220520 30.076843 -77.493835
v -471.468109 35.672729 -100.764297
v -475.689056 41.545322 -126.633614
v -478.072174 52.616535 -154.366531
v -480.854553 54.840832 -181.131592
v -482.028259 54.188812 -205.662109
v -480.662933 43.762962 -227.770447
v -478.979065 33.690117 -250.249039
v -478.738647 34.315392 -276.132965
v -477.114441 32.772995 -302.064178
v -474.547333 26.577135 -326.998596
v -472.744568 24.455589 -351.539124
v -470.897095 23.355145 -375.076691
v -468.981598 20.460775 -398.429474
v -468.272980 17.019045 -423.128784
v -468.307098 14.644032 -448.717957
v -468.307098 13.438044 -474.358978
v -468.307098 16.251259 -500.000000
v -471.954803 53.416367 480.981049
v -471.936157 45.224121 455.358704
v -469.581177 37.856293 432.074738
v -464.039337 28.280125 411.980499
v -457.732880 18.354435 392.651489
v -453.450684 14.876743 371.296478
v -452.952759 38.470150 346.153839
v -452.952759 67.397049 320.512817
v -453.025269 80.973358 294.717834
v -454.435303 83.687080 266.082642
v -456.824646 69.397591 235.367874
v -459.139557 37.911118 204.812042
v -460.395355 22.138899 176.546768
v -460.664886 25.775841 150.494843
v -461.475983 37.541161 123.872002
v -460.613342 47.076267 99.669807
v -456.510895 52.822128 73.516396
v -451.123901 57.557922 44.705597
v -447.700714 61.105934 13.339594
v -445.331512 52.523041 -13.062349
v -444.238678 46.017517 -36.972729
v -445.134460 34.992397 -59.252335
v -448.343964 27.028522 -78.803955
v -453.023193 26.579912 -99.180984
v -457.078094 25.005152 -122.378059
v -460.348846 34.604591 -149.554825
v -464.024933 40.231155 -176.607346
v -465.988007 47.131477 -201.528519
v -465.115356 38.152641 -224.242081
v -464.125031 30.727753 -247.927017
v -463.983276 30.817673 -274.405762
v -461.550903 25.351604 -300.008148
v -458.000580 17.254505 -324.844055
v -455.226593 15.162050 -349.617401
v -453.789032 16.514793 -373.904694
v -452.678406 18.012032 -398.222137
v -452.641632 18.074837 -423.549591
v -452.852600 14.626988 -448.870117
v -452.952759 11.732972 -474.358978
v -452.952759 14.703995 -500.000000
v -452.679504 48.066452 484.905518
v -452.678467 39.322861 459.265503
v -450.646606 29.199099 435.658142
v -445.923004 18.328981 414.744934
v -440.788239 11.290554 394.243225
v -437.714539 16.333368 371.678650
v -437.598419 47.113155 346.153839
v -437.598419 80.299744 320.512817
v -437.746521 96.960075 294.557281
v -439.405243 100.737106 265.394043
v -442.260284 83.075226 233.729935
v -445.212830 44.941895 202.080643
v -446.662109 24.745604 173.556671
v -446.602203 28.264067 148.074661
v -446.521515 31.636173 122.996567
v -444.630707 38.245010 99.722923
v -439.422729 40.575165 73.847435
v -433.190063 47.278122 45.174812
v -429.530060 51.533184 12.888674
v -427.529358 49.534153 -14.810737
v -427.352234 47.551762 -40.067593
v -428.601410 41.153198 -62.386818
v -431.524231 29.582706 -80.255341
v -435.398407 20.442158 -97.947914
v -439.263733 15.625587 -119.062012
v -443.014435 22.608984 -145.386902
v -447.259827 31.709419 -172.427475
v -450.152222 35.874950 -198.032974
v -449.961578 29.434292 -221.587021
v -449.471588 27.902147 -246.249176
v -449.074921 27.816257 -272.790497
v -445.905945 21.827351 -298.185242
v -441.464417 12.846828 -323.331451
v -438.004272 10.147128 -348.481964
v -436.891968 13.530915 -373.535431
v -436.644867 18.271477 -398.884552
v -436.807129 18.282791 -424.279114
v -437.193909 13.349326 -449.332520
v -437.546417 8.432721 -474.437988
v -437.598419 11.499106 -500.000000
v -432.866669 41.921074 489.367950
v -432.890991 32.703011 463.702606
v -431.266785 20.452280 439.687225
v -427.497559 8.935529 417.818787
v -423.776703 4.728736 395.901886
v -422.244080 15.729660 371.794861
v -422.244080 50.336308 346.153839
v -422.244080 84.342720 320.512817
v -422.409058 100.612511 294.521454
v -424.725281 108.985672 264.029022
v -429.072510 88.460098 229.649506
v -432.658508 47.025154 196.989136
v -433.961029 28.846945 168.877258
v -433.558105 31.578732 144.056061
v -432.042419 30.387533 121.602684
v -428.964386 29.204666 99.230637
v -422.464325 33.243454 73.920921
v -416.181854 39.960487 45.089088
v -412.921295 45.301880 13.096255
v -411.468506 50.443249 -15.834393
v -411.468506 53.212444 -41.475418
v -412.786743 48.320446 -63.610909
v -415.840973 35.084488 -81.129974
v -419.292999 17.846918 -97.591217
v -422.560638 11.156923 -117.025581
v -426.287903 12.400200 -142.482224
v -430.732422 23.578312 -169.259415
v -434.261261 28.526705 -195.315979
v -434.992004 30.971546 -219.999802
v -434.953003 31.440088 -245.538544
v -433.906250 27.143616 -271.516754
v -430.031464 18.184187 -296.987122
v -425.011169 12.168463 -322.600891
v -421.319611 9.420565 -348.362274
v -420.638153 14.512484 -374.234680
v -420.637878 18.963953 -399.876068
v -420.861664 16.952826 -425.177185
v -421.423798 10.715370 -449.964172
v -422.017761 4.041632 -474.702789
v -422.244080 6.939073 -500.000000
v -413.951172 35.185806 493.643951
v -413.399384 24.801428 468.018036
v -412.014313 11.775092 443.588867
v -409.373779 1.750787 420.590698
v -407.213165 1.408410 397.112183
v -406.889771 15.921074 371.794861
v -406.889771 49.837513 346.153839
v -406.889771 83.905937 320.512817
v -407.296906 104.157333 294.043549
v -411.154480 113.005981 260.595886
v -417.020386 89.035454 223.612640
v -420.953033 48.572502 190.555756
v -422.137756 36.781761 162.714539
v -421.359558 33.612907 138.529205
v -418.319702 32.622139 117.213943
v -412.676270 29.649511 96.250961
v -405.234833 31.998865 71.001297
v -399.757965 40.402256 40.627346
v -397.241791 47.527393 11.626100
v -396.114197 50.034065 -15.834393
v -396.114197 51.114986 -41.475418
v -397.443298 43.134689 -63.582008
v -400.486694 33.209560 -81.129936
v -403.939514 15.587359 -97.589066
v -407.081482 11.490653 -116.730431
v -410.502197 9.233402 -141.530334
v -414.729004 22.950325 -167.782333
v -418.460022 34.476250 -193.942276
v -420.057129 39.469070 -219.788361
v -420.057129 39.587978 -245.429382
v -418.436340 32.892319 -270.884552
v -414.127228 21.841679 -296.668915
v -408.951233 12.840445 -322.892242
v -405.281128 11.106124 -349.204315
v -404.614624 15.783762 -375.251343
v -404.613525 18.599274 -400.894073
v -404.903992 14.832078 -426.093811
v -405.638794 7.339737 -450.618469
v -406.448181 -0.611633 -475.029846
v -406.876587 1.999652 -500.020020
v -399.048492 29.881807 496.931488
v -397.190796 17.887192 471.426453
v -394.223785 4.387071 446.708649
v -392.103760 -2.076982 422.508087
v -391.535431 1.977193 397.435883
v -391.535431 15.882729 371.794861
v -391.535431 46.336060 346.153839
v -391.535431 79.198608 320.512817
v -392.824493 99.946228 292.296143
v -398.300201 110.003647 255.970078
v -405.459808 83.047714 216.870514
v -409.879669 47.711792 182.982773
v -410.437378 44.048927 156.370209
v -409.301208 39.717560 131.951218
v -403.602203 40.344238 111.426353
v -395.753052 35.171478 91.553719
v -388.178101 38.131115 65.335892
v -383.823883 49.183617 33.590115
v -381.824188 52.754692 8.436229
v -381.210297 47.978371 -14.978033
v -381.280304 46.195473 -40.091381
v -382.516327 40.766434 -62.445538
v -385.453278 28.334209 -80.276459
v -388.766998 16.036530 -97.105553
v -391.785370 9.168470 -116.553413
v -395.150696 11.293418 -141.530731
v -399.348724 31.484890 -167.758286
v -403.092010 44.910778 -193.922302
v -404.702789 51.608536 -219.788361
v -404.702789 51.884041 -245.429382
v -402.999268 43.059784 -270.944550
v -398.479218 28.927784 -297.007538
v -393.090729 15.803269 -323.489746
v -389.342651 10.790272 -350.006012
v -388.667542 15.135353 -376.151886
v -388.667297 15.996369 -401.793274
v -389.029083 12.904203 -426.884674
v -389.914856 4.953145 -451.179993
v -390.894775 -3.480306 -475.332306
v -391.476257 -1.365108 -500.089874
v -386.918365 25.885410 498.816376
v -383.625793 14.247808 473.412964
v -379.099213 2.228923 448.337524
v -376.252655 -1.082253 423.071808
v -376.181091 9.603423 397.435883
v -376.181091 21.031620 371.794861
v -376.181091 44.655602 346.153839
v -376.269867 70.725037 320.336304
v -378.642395 86.150429 289.981903
v -385.580078 100.446495 251.274765
v -394.087585 73.398132 209.862549
v -398.292999 49.313671 176.502747
v -398.127655 48.661144 151.172714
v -395.976562 46.570683 125.591202
v -387.172394 45.648846 106.751984
v -377.880005 44.358688 87.379364
v -371.500153 48.055893 58.797928
v -368.246033 58.115395 26.281895
v -366.760925 56.451447 3.843267
v -366.848053 48.723522 -14.404546
v -367.258667 44.698864 -36.685452
v -368.338348 37.501945 -59.462421
v -370.954346 26.478901 -78.049896
v -373.929291 14.981881 -95.731712
v -376.481537 6.955504 -116.084587
v -379.567963 13.552727 -141.498825
v -383.606873 39.374840 -167.704147
v -387.220276 57.202797 -193.850006
v -388.730164 64.900620 -219.701981
v -388.731506 64.623398 -245.343201
v -387.070587 56.101353 -270.956757
v -382.517487 34.129860 -297.185333
v -377.154388 15.386971 -323.848907
v -373.495514 6.118456 -350.566315
v -372.888367 10.113037 -376.797302
v -372.888641 10.024224 -402.437897
v -373.302765 11.425816 -427.449799
v -374.283447 6.292982 -451.600952
v -375.372284 -1.788331 -475.587738
v -376.072388 -0.943879 -500.165161
v -375.788727 23.947691 498.930817
v -371.163086 14.296269 473.620361
v -365.383453 4.785761 448.392334
v -361.297913 8.070805 423.043274
v -360.826782 23.973148 397.435883
v -360.826782 31.895464 371.794861
v -360.826782 42.742981 346.153839
v -361.201111 60.448494 319.768677
v -364.484344 70.239059 287.682861
v -372.544800 86.112045 247.255096
v -381.763275 63.185310 204.709717
v -385.516235 53.696213 172.324921
v -385.121368 55.673843 147.169235
v -380.871552 52.991364 121.506851
v -369.349152 49.242634 104.001335
v -359.775970 54.087791 83.110489
v -355.571136 57.704304 51.439701
v -353.044586 67.526840 19.956261
v -352.142578 64.193947 -0.187916
v -352.776428 49.021755 -15.997772
v -353.829742 39.100124 -33.427387
v -354.862885 34.709541 -55.652752
v -357.031769 27.874994 -75.207603
v -359.391693 10.074777 -93.991043
v -361.072998 4.852293 -115.590218
v -363.577179 15.850660 -141.409897
v -367.195435 43.791809 -167.556458
v -370.441406 65.157837 -193.650986
v -371.759247 72.247498 -219.476120
v -371.760834 74.441818 -245.117371
v -370.266693 62.723122 -270.787384
v -366.004456 40.544968 -297.144409
v -361.064850 13.301270 -323.899536
v -357.887695 10.227871 -350.520416
v -357.330719 10.329226 -377.373749
v -357.372192 6.643188 -402.684204
v -357.803955 11.398943 -427.669373
v -358.808258 9.336895 -451.784576
v -359.927856 2.551471 -475.724640
v -360.690887 2.045364 -500.206451
v -363.931580 22.741634 498.680908
v -358.235138 16.018749 473.446960
v -351.421051 9.417395 448.292877
v -346.380646 21.446661 423.012024
v -345.472443 40.980843 397.435883
v -345.472443 48.723396 371.794861
v -345.472443 45.856621 346.153839
v -346.116180 51.761429 319.233063
v -350.011505 51.566696 285.983582
v -358.425476 65.522766 245.211563
v -367.872040 55.354515 202.538589
v -371.594086 52.434471 170.174637
v -370.985687 56.700916 144.441452
v -364.031219 57.925575 120.719490
v -350.785950 52.676933 103.294426
v -342.491241 60.830444 77.151588
v -339.940582 68.402153 45.325050
v -338.153351 75.581650 15.206690
v -337.710449 68.619499 -5.876955
v -338.952026 51.797489 -18.957901
v -340.533051 35.009064 -32.728390
v -341.854706 29.828077 -51.903919
v -343.480469 20.842493 -72.654259
v -345.143707 8.780810 -92.929749
v -345.767365 8.533681 -115.996582
v -347.344177 15.948295 -141.326813
v -350.351196 37.485245 -167.348297
v -353.057892 63.676189 -193.367477
v -354.147369 75.718666 -219.160721
v -354.148376 74.825623 -244.801880
v -352.874115 63.442059 -270.505554
v -349.148743 37.645458 -296.929108
v -344.883301 11.372334 -323.781525
v -342.490234 10.193724 -350.480804
v -341.977264 9.716894 -377.205902
v -342.017853 6.687334 -402.684204
v -342.445251 12.452559 -427.675964
v -343.435608 12.285508 -451.812408
v -344.545105 7.513817 -475.767822
v -345.328552 6.120732 -500.218628
v -350.509583 21.887951 498.542847
v -344.154572 18.369312 473.355927
v -336.721222 16.500740 448.246094
v -331.238739 35.315086 422.996857
v -330.118103 57.278542 397.435883
v -330.118103 64.584656 371.794861
v -330.118103 61.196754 346.153839
v -330.868286 51.699848 319.021484
v -334.952576 37.948750 285.395264
v -342.935150 46.885818 245.679596
v -352.036346 48.680588 203.881729
v -355.728638 50.920555 171.617493
v -355.318909 52.319084 144.493805
v -346.730957 57.236382 121.715347
v -333.040741 54.631855 103.086159
v -326.214447 63.680805 71.974792
v -324.497559 77.708694 41.067333
v -323.514923 79.898849 12.113566
v -323.620911 72.741638 -9.429863
v -325.342712 59.726849 -20.806000
v -327.389008 36.840549 -33.575016
v -329.010864 29.119904 -49.732010
v -330.179657 19.399401 -71.300537
v -331.087219 10.293320 -93.479538
v -330.903046 10.395476 -117.668182
v -331.343689 14.961294 -141.873901
v -333.269348 36.953415 -167.106949
v -335.374512 62.815765 -193.042084
v -336.243378 71.566284 -218.804489
v -336.241852 72.542488 -244.445297
v -335.232178 58.468388 -270.148224
v -332.174835 36.114822 -296.611481
v -328.827606 8.543639 -323.512878
v -327.236816 3.497719 -350.531189
v -326.826050 8.630880 -376.796295
v -326.825470 6.057404 -402.438202
v -327.226501 12.071473 -427.470001
v -328.172516 13.551003 -451.673767
v -329.236328 11.267876 -475.698608
v -329.990631 9.792658 -500.193665
v -335.181702 21.166195 498.540955
v -328.675934 20.304445 473.364838
v -321.146332 23.100222 448.261871
v -315.795929 45.473824 423.003174
v -314.763794 68.615067 397.435883
v -314.763794 75.970055 371.794861
v -314.763794 72.470253 346.153839
v -315.498169 60.601158 319.052887
v -319.588287 34.079933 285.409302
v -326.984680 30.642103 246.874313
v -335.308533 46.074165 206.798538
v -338.796143 50.391907 174.968735
v -338.402435 51.749821 147.405319
v -329.956726 58.323143 123.638229
v -316.648499 56.168163 103.164474
v -310.399292 65.988594 70.232574
v -309.036072 76.810257 38.951267
v -309.032013 78.983322 11.609995
v -309.685638 74.937073 -10.186358
v -311.823456 60.178852 -23.399439
v -314.217163 39.995918 -34.809513
v -315.942902 26.843525 -49.598961
v -316.744934 20.684570 -71.612000
v -316.937195 17.797363 -96.085930
v -316.395691 15.165722 -120.163002
v -315.835754 18.985401 -143.335297
v -316.403473 28.688314 -167.106323
v -317.783783 51.704975 -192.729630
v -318.402283 61.381149 -218.457062
v -318.398834 59.689980 -244.097595
v -317.697540 52.242146 -269.759491
v -315.475769 27.652164 -296.135040
v -313.224182 6.056159 -323.006256
v -312.262817 5.477533 -349.953430
v -311.900299 9.989641 -376.145203
v -311.898926 7.171785 -401.788300
v -312.253815 10.781587 -426.890198
v -313.096680 11.922336 -451.250702
v -314.045410 12.082682 -475.450409
v -314.689056 11.453176 -500.113525
v -319.843689 22.316439 498.539764
v -313.215424 22.121479 473.372406
v -305.644623 26.988211 448.272400
v -300.392609 49.776630 423.006683
v -299.409454 73.399422 397.435883
v -299.409454 81.236031 371.794861
v -299.409454 77.514442 346.153839
v -300.038849 65.161003 319.261627
v -303.865112 36.579712 286.072052
v -310.784058 27.531767 248.318130
v -317.985870 39.102901 210.489807
v -321.159271 46.770477 179.407150
v -320.869537 46.825504 151.622620
v -313.584106 51.855358 125.395187
v -300.619598 54.975426 104.087051
v -294.812805 67.975433 70.409508
v -293.732300 77.678200 38.808392
v -294.202087 78.161507 11.840742
v -295.570251 75.624527 -9.896010
v -298.240326 61.200150 -24.431097
v -300.822052 44.802086 -36.049770
v -302.492340 29.496498 -50.830147
v -302.841095 25.534504 -74.137299
v -302.751221 26.856047 -99.525307
v -301.978271 19.301729 -122.935356
v -300.827423 20.293070 -145.204773
v -300.164154 21.474533 -167.697006
v -300.598511 36.318172 -192.473816
v -300.975525 44.337379 -218.167511
v -300.975464 44.607506 -243.808533
v -300.577820 41.154861 -269.421997
v -299.275879 18.935045 -295.631622
v -298.164764 5.536467 -322.403809
v -297.446899 5.876495 -349.135406
v -297.141876 10.600758 -375.239868
v -297.149078 10.703970 -400.869965
v -297.459351 8.608649 -426.039612
v -298.162079 6.789205 -450.613037
v -298.930939 8.710782 -475.085968
v -299.392303 9.672853 -500.026031
v -302.675415 23.225817 498.669403
v -296.435272 23.188332 473.474304
v -289.425720 28.083149 448.334167
v -284.742004 51.136940 423.027863
v -284.055115 75.128387 397.435883
v -284.055115 82.714836 371.794861
v -284.055115 78.621193 346.153839
v -284.417023 64.822304 319.793365
v -287.606354 35.242039 287.812012
v -293.410706 20.425455 251.701752
v -299.551941 32.779171 215.803207
v -302.215759 36.508968 185.800720
v -302.044800 40.788128 158.195831
v -296.245148 47.070515 129.844482
v -284.565521 52.284588 106.734825
v -279.519501 65.577324 72.550827
v -278.787811 71.887154 40.970131
v -279.341797 79.072792 13.817780
v -281.144196 77.563118 -9.203716
v -284.295837 65.248756 -25.466314
v -287.076752 51.837112 -38.325218
v -288.733093 40.136272 -54.175354
v -288.798309 35.745193 -77.864746
v -288.514679 38.617268 -102.822304
v -287.533661 25.215900 -125.634888
v -286.113342 22.883028 -147.111511
v -284.711945 19.239100 -168.626022
v -284.203461 21.341175 -192.378510
v -284.319519 32.206482 -217.985657
v -284.320465 28.493881 -243.626816
v -284.184174 20.941748 -269.248810
v -283.830872 9.180491 -295.212494
v -283.259094 2.710039 -321.722168
v -282.695984 7.271062 -348.218689
v -282.460846 13.238730 -374.216949
v -282.475037 13.402012 -399.836395
v -282.740265 7.323500 -425.074524
v -283.286987 3.179861 -449.884949
v -283.832550 2.986866 -474.697113
v -284.055115 5.761998 -500.000000
v -284.019226 23.128748 498.905365
v -278.537598 23.652576 473.656036
v -272.618500 27.791565 448.437988
v -268.974701 49.293236 423.057373
v -268.700775 72.673073 397.435883
v -268.700775 79.560371 371.794861
v -268.700775 76.437889 346.153839
v -268.787415 62.833817 320.340607
v -271.107452 35.876076 290.087372
v -275.472107 17.402079 256.215118
v -280.361908 24.628729 222.248413
v -282.674133 28.868303 192.907059
v -282.656769 35.025681 166.009186
v -278.471222 39.372086 136.791000
v -269.234985 41.568176 111.215942
v -264.743500 60.128414 78.042191
v -264.484039 66.171051 46.506004
v -265.461334 71.004280 18.360104
v -267.334015 74.201065 -5.778463
v -270.596832 65.801544 -24.115519
v -273.437866 54.371346 -39.265282
v -274.949493 45.494408 -57.022064
v -274.740265 42.213219 -81.284477
v -274.035706 44.478455 -105.395012
v -272.903534 30.510452 -127.794716
v -271.265961 24.943939 -148.628723
v -269.639923 15.042015 -169.473648
v -268.773315 11.263023 -192.528702
v -268.700775 16.717348 -217.948715
v -268.700775 15.849102 -243.589737
v -268.700775 11.474571 -269.230774
v -268.654358 3.261899 -294.942322
v -268.317627 1.831286 -321.094910
v -267.934784 7.262691 -347.317566
v -267.760315 17.061981 -373.223663
v -267.780334 16.922583 -398.834259
v -267.974518 11.070417 -424.180298
v -268.357941 4.120503 -449.238800
v -268.662903 -0.008379 -474.416504
v -268.700775 1.833752 -500.000000
v -264.655182 20.740570 499.191895
v -260.202789 21.984589 473.869019
v -255.670456 23.394106 448.551880
v -253.358490 41.587448 423.076080
v -253.346451 61.844025 397.435883
v -253.346451 68.073250 371.794861
v -253.346451 64.197517 346.153839
v -253.346451 50.732365 320.512817
v -254.540192 30.694677 292.498688
v -257.500366 16.877756 261.023651
v -260.881439 16.290831 229.337814
v -262.728455 21.716248 200.735367
v -262.910461 25.121477 174.572205
v -260.266907 27.861887 145.637314
v -253.633240 33.211601 118.278023
v -250.407013 47.225063 85.571526
v -250.620300 57.002888 54.346970
v -251.752762 64.962723 26.187227
v -253.972107 65.731537 -0.133512
v -256.760712 65.765831 -19.599754
v -259.733398 54.465378 -38.402988
v -260.974670 49.012703 -59.032890
v -260.440704 51.147827 -83.862106
v -259.334137 44.803291 -107.159958
v -257.951813 32.513176 -129.011505
v -256.179871 23.072582 -149.446686
v -254.457687 12.465864 -169.995453
v -253.471268 7.405706 -192.688049
v -253.346451 6.442031 -217.948715
v -253.346451 8.368001 -243.589737
v -253.346451 8.696809 -269.230774
v -253.346451 3.953064 -294.871796
v -253.255844 2.668098 -320.650482
v -253.054214 9.647396 -346.597809
v -252.951248 21.064348 -372.395264
v -252.960968 23.558538 -398.021515
v -253.074524 18.693195 -423.490051
v -253.280869 8.706994 -448.817596
v -253.346451 -0.233340 -474.358978
v -253.346451 -1.198221 -500.000000
v -245.280991 15.819254 499.479156
v -241.997253 17.732460 474.072784
v -238.937225 16.084192 448.650421
v -237.992126 29.811176 423.076935
v -237.992126 45.450802 397.435883
v -237.992126 50.173065 371.794861
v -237.992126 47.112411 346.153839
v -237.992126 37.618374 320.512817
v -238.259628 20.147362 294.339996
v -240.000198 9.733001 265.238800
v -242.003494 12.403272 235.704773
v -243.116211 13.686315 208.168213
v -243.274643 14.075168 182.342484
v -241.923309 17.297478 155.034515
v -237.882080 27.179810 126.665451
v -236.106400 34.937210 94.349388
v -236.806274 46.325981 63.457218
v -238.385284 51.492020 34.478779
v -240.520355 58.529457 7.548078
v -243.188080 57.512417 -14.869341
v -245.750931 53.753014 -36.423206
v -246.645279 52.903259 -60.713188
v -245.825150 53.913612 -85.388405
v -244.414490 44.659988 -108.137924
v -242.765686 35.152218 -129.515457
v -240.930573 22.212973 -149.764282
v -239.173279 12.969221 -170.205765
v -238.137680 5.776743 -192.751236
v -237.992126 3.969495 -217.948715
v -237.992126 4.382194 -243.589737
v -237.992126 3.505122 -269.230774
v -237.992126 3.451859 -294.871796
v -237.992126 4.787808 -320.512817
v -237.965393 12.694500 -346.194458
v -237.929443 27.313606 -371.890076
v -237.931290 32.235985 -397.528320
v -237.967712 28.505154 -423.114014
v -237.992126 15.504435 -448.717957
v -237.992126 0.779825 -474.358978
v -237.992126 -2.917102 -500.000000
v -226.388596 8.872969 499.731964
v -224.302521 11.316916 474.240021
v -222.736252 8.884602 448.710907
v -222.637802 15.895700 423.076935
v -222.637802 26.637005 397.435883
v -222.637802 29.871641 371.794861
v -222.637802 28.343235 346.153839
v -222.637802 23.809883 320.512817
v -222.637802 9.609311 294.871796
v -223.128586 3.552166 268.255096
v -224.184814 8.506646 240.514328
v -224.676239 9.145216 213.897980
v -224.739655 10.694403 188.161911
v -224.186661 10.222374 162.633148
v -222.283875 18.302221 134.475784
v -221.700760 23.309521 103.059753
v -222.787094 30.266411 72.619141
v -224.406479 38.830055 43.826527
v -226.792343 45.579620 15.481153
v -229.166245 46.014893 -9.347684
v -231.305023 57.198063 -34.400604
v -231.955093 54.884506 -61.775867
v -230.896637 55.161652 -86.021118
v -229.226425 45.628410 -108.305023
v -227.355988 40.390881 -129.323441
v -225.489044 20.841278 -149.517593
v -223.771988 11.490772 -170.073227
v -222.783447 5.593029 -192.751511
v -222.637802 8.354183 -217.948715
v -222.637802 3.027415 -243.589737
v -222.637802 2.220443 -269.230774
v -222.637802 4.183958 -294.871796
v -222.637802 9.630395 -320.512817
v -222.637802 21.646311 -346.153839
v -222.637802 36.980022 -371.794861
v -222.637802 42.336723 -397.435883
v -222.637802 37.425861 -423.076935
v -222.637802 21.691605 -448.717957
v -222.637802 1.565164 -474.358978
v -222.637802 -4.421539 -500.000000
v -208.415878 1.382510 499.919067
v -207.501053 4.275855 474.343414
v -207.283463 2.849546 448.717957
v -207.283463 4.172565 423.076935
v -207.283463 9.470907 397.435883
v -207.283463 11.737703 371.794861
v -207.283463 13.156222 346.153839
v -207.283463 9.941434 320.512817
v -207.283463 4.758928 294.871796
v -207.283463 3.447868 269.230774
v -207.451859 3.860014 243.254959
v -207.624023 3.148704 217.271698
v -207.643921 7.297460 191.591125
v -207.488083 4.867975 166.259872
v -207.117203 7.074524 139.555191
v -207.041473 10.161126 110.328209
v -208.192688 19.979729 80.834282
v -209.862381 26.534725 52.148369
v -212.104095 34.792816 23.386089
v -214.423431 42.118980 -4.405784
v -216.351257 51.578171 -33.765930
v -216.703461 55.476906 -61.444626
v -215.501877 52.391533 -85.398781
v -213.648712 42.604080 -107.368439
v -211.673325 37.443695 -128.304703
v -209.880356 20.497866 -148.778702
v -208.278961 10.239144 -169.668701
v -207.408249 3.821922 -192.687943
v -207.283463 4.186245 -217.948715
v -207.283463 3.960913 -243.589737
v -207.283463 4.902486 -269.230774
v -207.283463 5.589798 -294.871796
v -207.283463 17.675695 -320.512817
v -207.283463 31.949036 -346.153839
v -207.283463 46.490231 -371.794861
v -207.283463 50.936680 -397.435883
v -207.283463 43.613178 -423.076935
v -207.283463 24.126293 -448.717957
v -207.283463 0.633634 -474.358978
v -207.283463 -6.563066 -500.000000
v -191.934357 -3.709693 499.999634
v -191.929138 -0.428096 474.358978
v -191.929138 -1.591562 448.717957
v -191.929138 -1.154557 423.076935
v -191.929138 -0.304088 397.435883
v -191.929138 0.839559 371.794861
v -191.929138 1.845223 346.153839
v -191.929138 3.315048 320.512817
v -191.929138 5.006271 294.871796
v -191.929138 6.191425 269.230774
v -191.929138 4.922054 243.589737
v -191.929138 2.424616 217.948715
v -191.929138 5.090889 192.307693
v -191.929138 2.433393 166.666672
v -191.929138 4.757371 141.025635
v -192.052689 5.527314 114.557388
v -193.176712 11.050579 86.265541
v -194.834503 17.370367 57.630070
v -196.768738 29.381407 28.747419
v -198.897766 38.216690 -1.670762
v -200.531509 48.122894 -32.130722
v -200.804688 50.846348 -59.514183
v -199.507828 47.808865 -83.222610
v -197.600113 38.030254 -105.134956
v -195.641846 28.476988 -126.249565
v -194.039978 19.033033 -147.347153
v -192.680618 9.906974 -168.943893
v -192.001740 5.727458 -192.528915
v -191.929138 2.962352 -217.948715
v -191.929138 6.391197 -243.589737
v -191.929138 4.125561 -269.230774
v -191.929138 9.918552 -294.871796
v -191.929138 27.644869 -320.512817
v -191.929138 43.887009 -346.153839
v -191.929138 56.204113 -371.794861
v -191.929138 57.710556 -397.435883
v -191.929138 46.494884 -423.076935
v -191.929138 23.226938 -448.717957
v -191.929138 -0.918041 -474.358978
v -191.929138 -8.184708 -500.000000
v -176.574799 -4.455067 500.000000
v -176.574799 -1.036117 474.358978
v -176.574799 -2.523574 448.717957
v -176.574799 -4.139315 423.076935
v -176.574799 -4.931926 397.435883
v -176.574799 -4.352396 371.794861
v -176.574799 -1.931161 346.153839
v -176.574799 2.607060 320.512817
v -176.574799 2.979121 294.871796
v -176.574799 3.991704 269.230774
v -176.574799 4.183496 243.589737
v -176.574799 6.141464 217.948715
v -176.574799 4.375235 192.307693
v -176.574799 2.611243 166.666672
v -176.574799 6.368271 141.025635
v -176.763489 6.147720 115.044327
v -177.921783 9.010417 87.314507
v -179.587357 16.983143 58.669853
v -181.211304 22.523727 29.975523
v -182.918549 32.651466 0.144374
v -184.242783 41.364552 -29.406212
v -184.375626 43.494118 -56.341526
v -183.036041 38.782761 -79.881439
v -181.171005 33.104851 -101.943230
v -179.379486 23.520456 -123.555687
v -178.060638 16.265440 -145.496170
v -177.043854 5.674315 -168.095795
v -176.592026 5.859819 -192.360168
v -176.574799 4.911685 -217.948715
v -176.574799 3.023559 -243.589737
v -176.574799 5.745934 -269.230774
v -176.574799 18.320175 -294.871796
v -176.574799 36.798958 -320.512817
v -176.574799 53.974380 -346.153839
v -176.574799 63.901360 -371.794861
v -176.574799 61.200287 -397.435883
v -176.574799 46.319408 -423.076935
v -176.574799 21.694118 -448.717957
v -176.574799 0.265958 -474.358978
v -176.574799 -5.479856 -500.000000
v -161.220474 -3.589960 500.000000
v -161.220474 0.675403 474.358978
v -161.220474 -0.976145 448.717957
v -161.220474 -4.827286 423.076935
v -161.220474 -7.661887 397.435883
v -161.220474 -7.238853 371.794861
v -161.220474 -2.845253 346.153839
v -161.220474 0.621796 320.512817
v -161.220474 4.135963 294.871796
v -161.220474 3.848627 269.230774
v -161.220474 5.583864 243.589737
v -161.220474 4.103919 217.948715
v -161.220474 6.462426 192.307693
v -161.220474 3.878758 166.666672
v -161.220474 5.865566 141.025635
v -161.376404 3.529029 115.103416
v -162.468338 6.654794 87.493256
v -164.071625 14.526670 58.960907
v -165.525681 20.843361 30.693441
v -166.702911 27.682705 2.368660
v -167.634155 33.950539 -26.041023
v -167.740021 34.786064 -52.698994
v -166.454483 31.283224 -76.264023
v -164.685181 24.344646 -98.554893
v -163.069931 17.524311 -120.712006
v -162.074646 10.397717 -143.615540
v -161.452347 6.948913 -167.373245
v -161.220474 5.197476 -192.307693
v -161.220474 6.087560 -217.948715
v -161.220474 2.533398 -243.589737
v -161.220474 11.038060 -269.230774
v -161.220474 24.222689 -294.871796
v -161.220474 43.491524 -320.512817
v -161.220474 59.663586 -346.153839
v -161.220474 66.077087 -371.794861
v -161.220474 59.774944 -397.435883
v -161.220474 41.610603 -423.076935
v -161.220474 18.735998 -448.717957
v -161.220474 2.551707 -474.358978
v -161.220474 -0.953903 -500.000000
v -145.866135 -2.532138 500.000000
v -145.866135 2.979162 474.358978
v -145.866135 1.812660 448.717957
v -145.866135 -3.217411 423.076935
v -145.866135 -7.524272 397.435883
v -145.866135 -7.989108 371.794861
v -145.866135 -2.778302 346.153839
v -145.866135 1.146341 320.512817
v -145.866135 0.727810 294.871796
v -145.866135 3.923447 269.230774
v -145.866135 6.499060 243.589737
v -145.866135 4.761981 217.948715
v -145.866135 2.135143 192.307693
v -145.866135 1.503394 166.666672
v -145.866135 3.094136 141.025635
v -145.948715 2.811095 115.235695
v -146.875198 8.141109 87.923882
v -148.308319 13.999797 59.698433
v -149.604706 18.930506 31.719564
v -150.273849 23.543320 4.773447
v -150.730988 25.458141 -22.285801
v -150.798019 28.369070 -48.624889
v -149.658859 22.780359 -72.377663
v -148.102386 13.436691 -95.110016
v -146.830887 10.748488 -118.134766
v -146.255737 8.319808 -142.212814
v -145.918335 4.947289 -166.825714
v -145.866135 3.431998 -192.307693
v -145.866135 3.623129 -217.948715
v -145.866135 4.312401 -243.589737
v -145.866135 11.440041 -269.230774
v -145.866135 26.091745 -294.871796
v -145.866135 45.149925 -320.512817
v -145.866135 60.622509 -346.153839
v -145.866135 61.862083 -371.794861
v -145.866135 51.829697 -397.435883
v -145.866135 33.205357 -423.076935
v -145.866135 14.864609 -448.717957
v -145.866135 4.877899 -474.358978
v -145.866135 3.563198 -500.000000
v -130.511810 -2.413859 500.000000
v -130.511810 4.368097 474.358978
v -130.511810 4.429034 448.717957
v -130.511810 -0.424105 423.076935
v -130.511810 -4.684008 397.435883
v -130.511810 -5.202068 371.794861
v -130.511810 -1.731054 346.153839
v -130.511810 -0.491117 320.512817
v -130.511810 2.497548 294.871796
v -130.511810 2.471493 269.230774
v -130.511810 1.977055 243.589737
v -130.511810 5.260858 217.948715
v -130.511810 1.810381 192.307693
v -130.511810 1.281842 166.666672
v -130.511810 2.443189 141.025635
v -130.524734 3.247284 115.361313
v -131.178177 6.594558 88.541908
v -132.351273 9.647191 60.785366
v -133.447906 16.033527 33.166706
v -133.914917 16.410694 6.683488
v -133.907593 15.776795 -19.063080
v -133.866669 19.579283 -44.910023
v -132.922455 13.694482 -68.955513
v -131.709213 6.813970 -92.394302
v -130.866302 8.144253 -116.397026
v -130.607941 3.232325 -141.318573
v -130.511810 1.360291 -166.666672
v -130.511810 1.632771 -192.307693
v -130.511810 1.324973 -217.948715
v -130.511810 5.596129 -243.589737
v -130.511810 12.115889 -269.230774
v -130.511810 28.298229 -294.871796
v -130.511810 47.809963 -320.512817
v -130.511810 55.024929 -346.153839
v -130.511810 53.046852 -371.794861
v -130.511810 40.982773 -397.435883
v -130.511810 25.259686 -423.076935
v -130.511810 11.799216 -448.717957
v -130.511810 7.018122 -474.358978
v -130.511810 7.417552 -500.000000
v -115.157478 -4.089447 500.000000
v -115.157478 3.550539 474.358978
v -115.157478 5.446296 448.717957
v -115.157478 2.575571 423.076935
v -115.157478 -1.328014 397.435883
v -115.157478 -2.152544 371.794861
v -115.157478 -0.933190 346.153839
v -115.157478 0.408886 320.512817
v -115.157478 2.393011 294.871796
v -115.157478 1.984882 269.230774
v -115.157478 1.506001 243.589737
v -115.157478 3.418426 217.948715
v -115.157478 1.363038 192.307693
v -115.157478 1.529873 166.666672
v -115.157478 1.930957 141.025635
v -115.157478 2.425045 115.384613
v -115.469521 3.505382 89.180878
v -116.328056 6.471425 61.991585
v -117.173470 9.986905 34.825985
v -117.549835 12.428298 8.506234
v -117.451973 11.797402 -16.958298
v -117.250290 10.962210 -42.275883
v -116.518150 7.757966 -66.638351
v -115.636612 2.202850 -90.689667
v -115.190315 2.339509 -115.484665
v -115.157478 2.059842 -141.025635
v -115.157478 1.602182 -166.666672
v -115.157478 3.078236 -192.307693
v -115.157478 4.404794 -217.948715
v -115.157478 2.800707 -243.589737
v -115.157478 11.657870 -269.230774
v -115.157478 30.468775 -294.871796
v -115.157478 45.680534 -320.512817
v -115.157478 49.982864 -346.153839
v -115.157478 42.549171 -371.794861
v -115.157478 30.186577 -397.435883
v -115.157478 18.989410 -423.076935
v -115.157478 9.887055 -448.717957
v -115.157478 9.153153 -474.358978
v -115.157478 8.782476 -500.000000
v -99.803146 -8.115330 500.000000
v -99.803146 -0.462921 474.358978
v -99.803146 2.943981 448.717957
v -99.803146 3.063930 423.076935
v -99.803146 1.364976 397.435883
v -99.803146 0.211566 371.794861
v -99.803146 0.154506 346.153839
v -99.803146 0.828560 320.512817
v -99.803146 1.384400 294.871796
v -99.803146 1.118647 269.230774
v -99.803146 1.542893 243.589737
v -99.803146 1.920995 217.948715
v -99.803146 1.509203 192.307693
v -99.803146 0.123498 166.666672
v -99.803146 2.832342 141.025635
v -99.803146 0.458712 115.384613
v -99.860413 1.911423 89.640312
v -100.357346 3.602722 63.103142
v -100.944153 6.860146 36.403893
v -101.211533 8.020264 10.280687
v -101.125008 6.722312 -15.204292
v -100.963921 6.934933 -40.554829
v -100.432289 3.935604 -65.237129
v -99.905426 0.483043 -89.928032
v -99.803146 2.268096 -115.384613
v -99.803146 1.569790 -141.025635
v -99.803146 1.957199 -166.666672
v -99.803146 2.187330 -192.307693
v -99.803146 1.774086 -217.948715
v -99.803146 2.080905 -243.589737
v -99.803146 8.785229 -269.230774
v -99.803146 26.419727 -294.871796
v -99.803146 39.250122 -320.512817
v -99.803146 41.199097 -346.153839
v -99.803146 33.091511 -371.794861
v -99.803146 22.468319 -397.435883
v -99.803146 14.301368 -423.076935
v -99.803146 9.094690 -448.717957
v -99.803146 10.364134 -474.358978
v -99.803146 6.088829 -500.000000
v -84.448822 -9.702644 500.000000
v -84.448822 -4.586817 474.358978
v -84.448822 -0.877416 448.717957
v -84.448822 1.646574 423.076935
v -84.448822 2.086034 397.435883
v -84.448822 1.758078 371.794861
v -84.448822 1.522895 346.153839
v -84.448822 1.778810 320.512817
v -84.448822 0.566511 294.871796
v -84.448822 1.503822 269.230774
v -84.448822 0.851779 243.589737
v -84.448822 0.748455 217.948715
v -84.448822 1.481256 192.307693
v -84.448822 0.531019 166.666672
v -84.448822 1.490478 141.025635
v -84.448822 0.895800 115.384613
v -84.448822 0.666838 89.743591
v -84.570709 1.426536 63.882751
v -84.879890 2.341598 37.684170
v -85.040359 3.020751 11.753759
v -84.986366 3.473448 -13.789900
v -84.884209 2.530902 -39.246700
v -84.602776 1.757961 -64.380203
v -84.448822 1.129588 -89.743591
v -84.448822 1.583282 -115.384613
v -84.448822 1.321802 -141.025635
v -84.448822 0.353849 -166.666672
v -84.448822 1.071000 -192.307693
v -84.448822 1.526081 -217.948715
v -84.448822 3.217729 -243.589737
v -84.448822 5.871961 -269.230774
v -84.448822 17.927811 -294.871796
v -84.448822 31.459448 -320.512817
v -84.448822 32.409828 -346.153839
v -84.448822 26.646885 -371.794861
v -84.448822 18.413769 -397.435883
v -84.448822 11.766820 -423.076935
v -84.448822 8.770300 -448.717957
v -84.448822 9.321068 -474.358978
v -84.448822 2.154609 -500.000000
v -69.094490 -7.907703 500.000000
v -69.094490 -5.582414 474.358978
v -69.094490 -2.800155 448.717957
v -69.094490 0.355973 423.076935
v -69.094490 2.005155 397.435883
v -69.094490 2.267846 371.794861
v -69.094490 1.447799 346.153839
v -69.094490 1.112755 320.512817
v -69.094490 0.806178 294.871796
v -69.094490 0.826670 269.230774
v -69.094490 0.832368 243.589737
v -69.094490 0.528261 217.948715
v -69.094490 0.840551 192.307693
v -69.094490 0.655857 166.666672
v -69.094490 0.747829 141.025635
v -69.094490 0.977992 115.384613
v -69.094490 0.505030 89.743591
v -69.094490 0.706784 64.102562
v -69.133301 1.163126 38.391548
v -69.186691 0.980100 12.654240
v -69.164642 1.228236 -12.947018
v -69.132187 0.381855 -38.529522
v -69.094490 1.142835 -64.102562
v -69.094490 0.499557 -89.743591
v -69.094490 0.747768 -115.384613
v -69.094490 0.732629 -141.025635
v -69.094490 0.937656 -166.666672
v -69.094490 0.520560 -192.307693
v -69.094490 0.689516 -217.948715
v -69.094490 1.950607 -243.589737
v -69.094490 4.708155 -269.230774
v -69.094490 11.921562 -294.871796
v -69.094490 20.375418 -320.512817
v -69.094490 22.120409 -346.153839
v -69.094490 17.946812 -371.794861
v -69.094490 12.174165 -397.435883
v -69.094490 8.075137 -423.076935
v -69.094490 8.105435 -448.717957
v -69.094490 7.778831 -474.358978
v -69.094490 0.408522 -500.000000
v -53.740158 -4.814919 500.000000
v -53.740158 -4.365045 474.358978
v -53.740158 -2.994238 448.717957
v -53.740158 -0.409695 423.076935
v -53.740158 1.359650 397.435883
v -53.740158 2.053340 371.794861
v -53.740158 1.136385 346.153839
v -53.740158 0.896314 320.512817
v -53.740158 0.453739 294.871796
v -53.740158 0.330623 269.230774
v -53.740158 1.064858 243.589737
v -53.740158 0.339657 217.948715
v -53.740158 0.373685 192.307693
v -53.740158 0.168825 166.666672
v -53.740158 0.668865 141.025635
v -53.740158 1.306648 115.384613
v -53.740158 0.528375 89.743591
v -53.740158 0.229136 64.102562
v -53.740158 0.369074 38.461540
v -53.740158 0.308579 12.820513
v -53.740158 0.388829 -12.820513
v -53.740158 0.535621 -38.461540
v -53.740158 0.499087 -64.102562
v -53.740158 0.409492 -89.743591
v -53.740158 0.764175 -115.384613
v -53.740158 1.147184 -141.025635
v -53.740158 0.447381 -166.666672
v -53.740158 0.503810 -192.307693
v -53.740158 0.650738 -217.948715
v -53.740158 1.225604 -243.589737
v -53.740158 3.732954 -269.230774
v -53.740158 6.951828 -294.871796
v -53.740158 11.138159 -320.512817
v -53.740158 11.948654 -346.153839
v -53.740158 9.199209 -371.794861
v -53.740158 5.570540 -397.435883
v -53.740158 4.173309 -423.076935
v -53.740158 6.606631 -448.717957
v -53.740158 6.245431 -474.358978
v -53.740158 0.612397 -500.000000
v -38.385826 -2.007303 500.000000
v -38.385826 -2.469718 474.358978
v -38.385826 -2.338201 448.717957
v -38.385826 -0.841430 423.076935
v -38.385826 0.672832 397.435883
v -38.385826 1.409431 371.794861
v -38.385826 0.929251 346.153839
v -38.385826 0.922179 320.512817
v -38.385826 0.593401 294.871796
v -38.385826 0.509827 269.230774
v -38.385826 0.523772 243.589737
v -38.385826 0.676081 217.948715
v -38.385826 0.490599 192.307693
v -38.385826 0.509938 166.666672
v -38.385826 0.559930 141.025635
v -38.385826 1.255867 115.384613
v -38.385826 1.064449 89.743591
v -38.385826 0.468956 64.102562
v -38.385826 0.878492 38.461540
v -38.385826 0.736435 12.820513
v -38.385826 0.526527 -12.820513
v -38.385826 0.737410 -38.461540
v -38.385826 0.581444 -64.102562
v -38.385826 0.828203 -89.743591
v -38.385826 1.103833 -115.384613
v -38.385826 1.063305 -141.025635
v -38.385826 0.466013 -166.666672
v -38.385826 0.766326 -192.307693
v -38.385826 0.481801 -217.948715
v -38.385826 0.780631 -243.589737
v -38.385826 2.291187 -269.230774
v -38.385826 4.590632 -294.871796
v -38.385826 5.710180 -320.512817
v -38.385826 5.034643 -346.153839
v -38.385826 3.143314 -371.794861
v -38.385826 1.335606 -397.435883
v -38.385826 2.298942 -423.076935
v -38.385826 4.369648 -448.717957
v -38.385826 4.585588 -474.358978
v -38.385826 1.287068 -500.000000
v -23.031496 -0.233074 500.000000
v -23.031496 -0.958424 474.358978
v -23.031496 -1.642385 448.717957
v -23.031496 -1.087093 423.076935
v -23.031496 0.067925 397.435883
v -23.031496 0.985243 371.794861
v -23.031496 0.886241 346.153839
v -23.031496 0.984336 320.512817
v -23.031496 0.783152 294.871796
v -23.031496 1.053102 269.230774
v -23.031496 0.881977 243.589737
v -23.031496 1.412805 217.948715
v -23.031496 0.768431 192.307693
v -23.031496 0.790323 166.666672
v -23.031496 1.090832 141.025635
v -23.031496 0.853993 115.384613
v -23.031496 1.503813 89.743591
v -23.031496 1.191777 64.102562
v -23.031496 1.730754 38.461540
v -23.031496 1.668245 12.820513
v -23.031496 1.144012 -12.820513
v -23.031496 0.539309 -38.461540
v -23.031496 0.643792 -64.102562
v -23.031496 1.137596 -89.743591
v -23.031496 0.955788 -115.384613
v -23.031496 0.385514 -141.025635
v -23.031496 0.958213 -166.666672
v -23.031496 0.690422 -192.307693
v -23.031496 1.152340 -217.948715
v -23.031496 0.226247 -243.589737
v -23.031496 1.086251 -269.230774
v -23.031496 2.550835 -294.871796
v -23.031496 3.038350 -320.512817
v -23.031496 2.304179 -346.153839
v -23.031496 1.070460 -371.794861
v -23.031496 0.016305 -397.435883
v -23.031496 1.014840 -423.076935
v -23.031496 2.432145 -448.717957
v -23.031496 3.081433 -474.358978
v -23.031496 1.628137 -500.000000
v -7.677166 0.558045 500.000000
v -7.677166 -0.100555 474.358978
v -7.677166 -1.284491 448.717957
v -7.677166 -1.427580 423.076935
v -7.677166 -0.526561 397.435883
v -7.677166 0.437390 371.794861
v -7.677166 0.774029 346.153839
v -7.688735 0.809071 320.523193
v -7.700661 0.801233 294.892853
v -7.700604 0.722429 269.251770
v -7.684536 1.072335 243.654678
v -7.669367 1.766483 218.050537
v -7.669888 0.732236 192.402710
v -7.673557 0.983020 166.713791
v -7.677166 2.553093 141.025635
v -7.677166 2.298368 115.384613
v -7.677166 2.073403 89.743591
v -7.677166 1.483561 64.102562
v -7.677166 1.736363 38.461540
v -7.677166 1.695747 12.820513
v -7.677166 1.185287 -12.820513
v -7.677166 2.905340 -38.461540
v -7.677166 1.300811 -64.102562
v -7.677166 1.571690 -89.743591
v -7.677166 2.105386 -115.384613
v -7.677166 1.576449 -141.025635
v -7.677166 1.347303 -166.666672
v -7.677166 1.419076 -192.307693
v -7.677166 1.132810 -217.948715
v -7.677166 0.763605 -243.589737
v -7.677166 1.242657 -269.230774
v -7.677166 1.218363 -294.871796
v -7.677166 1.443824 -320.512817
v -7.677166 0.649987 -346.153839
v -7.677166 -0.465334 -371.794861
v -7.677166 -0.887902 -397.435883
v -7.677166 0.168586 -423.076935
v -7.677166 1.189021 -448.717957
v -7.677166 1.999211 -474.358978
v -7.677166 1.486776 -500.000000
v 7.677166 0.632571 500.000000
v 7.677166 0.130811 474.358978
v 7.677166 -1.441027 448.717957
v 7.677166 -2.055330 423.076935
v 7.677166 -1.234168 397.435883
v 7.677166 -0.049977 371.794861
v 7.643425 0.392733 346.184082
v 7.571825 1.356831 320.607208
v 7.538464 0.612584 294.996094
v 7.549799 -0.578323 269.498016
v 7.604434 0.451792 244.108490
v 7.685666 1.857387 218.531342
v 7.718470 0.126180 192.847015
v 7.708302 2.930370 167.073227
v 7.687128 3.836427 141.155716
v 7.677166 2.288888 115.384613
v 7.677166 4.905197 89.743591
v 7.677166 3.111193 64.102562
v 7.677166 1.678565 38.461540
v 7.677166 1.650032 12.820513
v 7.677166 1.620525 -12.820513
v 7.677166 2.792555 -38.461540
v 7.677166 4.356041 -64.102562
v 7.677166 1.407921 -89.743591
v 7.677166 2.135294 -115.384613
v 7.677166 4.061106 -141.025635
v 7.677166 0.672157 -166.666672
v 7.677166 2.101232 -192.307693
v 7.677166 0.723077 -217.948715
v 7.677166 1.214037 -243.589737
v 7.677166 1.529082 -269.230774
v 7.677166 0.900781 -294.871796
v 7.677166 0.840758 -320.512817
v 7.677166 -0.250962 -346.153839
v 7.677166 -1.318049 -371.794861
v 7.677166 -1.377829 -397.435883
v 7.677166 -0.363135 -423.076935
v 7.677166 0.564657 -448.717957
v 7.677166 1.329305 -474.358978
v 7.677166 0.987780 -500.000000
v 23.031496 0.135922 500.000000
v 23.031496 -0.350324 474.358978
v 23.031496 -2.266323 448.717957
v 23.031496 -3.248893 423.076935
v 23.031496 -2.493382 397.435883
v 23.013367 -1.119032 371.811096
v 22.894817 0.321887 346.276337
v 22.764141 0.529647 320.752411
v 22.715324 0.251082 295.237732
v 22.750648 0.277211 270.057526
v 22.843943 -0.529156 244.869919
v 22.990660 2.610705 219.321777
v 23.108152 -0.562706 193.563126
v 23.109798 2.785106 167.689087
v 23.071138 5.263338 141.543259
v 23.036848 0.809240 115.454498
v 23.031496 5.939757 89.743591
v 23.031496 3.573852 64.102562
v 23.031496 2.708860 38.461540
v 23.031496 3.642562 12.820513
v 23.031496 3.640576 -12.820513
v 23.031496 3.178380 -38.461540
v 23.031496 2.349459 -64.102562
v 23.031496 2.073931 -89.743591
v 23.031496 2.475988 -115.384613
v 23.031496 3.263840 -141.025635
v 23.031496 3.458028 -166.666672
v 23.031496 1.936698 -192.307693
v 23.031496 1.947898 -217.948715
v 23.031496 2.471867 -243.589737
v 23.031496 1.571396 -269.230774
v 23.031496 0.888802 -294.871796
v 23.031496 1.424358 -320.512817
v 23.031496 -0.068878 -346.153839
v 23.031496 -1.717888 -371.794861
v 23.031496 -2.051140 -397.435883
v 23.031496 -0.993713 -423.076935
v 23.031496 -0.006170 -448.717957
v 23.031496 0.633549 -474.358978
v 23.031496 0.216454 -500.000000
v 38.385826 -1.099345 500.000000
v 38.385826 -1.627374 474.358978
v 38.385826 -3.544642 448.717957
v 38.385826 -4.609329 423.076935
v 38.385826 -3.844677 397.435883
v 38.305130 -2.329457 371.867188
v 38.106632 0.022863 346.404053
v 37.919456 -0.282728 320.930756
v 37.867630 0.934696 295.672913
v 37.925461 0.383517 270.787567
v 38.056431 0.939702 245.795486
v 38.266151 0.892821 220.281784
v 38.462872 2.018438 194.447449
v 38.521927 2.020708 168.443802
v 38.467030 2.753211 142.085953
v 38.409443 0.313336 115.692970
v 38.385826 5.419133 89.743591
v 38.385826 3.680681 64.102562
v 38.385826 4.248158 38.461540
v 38.385826 5.638087 12.820513
v 38.385826 5.057051 -12.820513
v 38.385826 3.715999 -38.461540
v 38.385826 2.104159 -64.102562
v 38.385826 3.481670 -89.743591
v 38.385826 6.656235 -115.384613
v 38.385826 1.174349 -141.025635
v 38.385826 5.300404 -166.666672
v 38.385826 4.987608 -192.307693
v 38.385826 3.981962 -217.948715
v 38.385826 3.090074 -243.589737
v 38.385826 3.651282 -269.230774
v 38.385826 2.487779 -294.871796
v 38.385826 1.623978 -320.512817
v 38.385826 0.539229 -346.153839
v 38.385826 -1.544188 -371.794861
v 38.385826 -2.529901 -397.435883
v 38.385826 -1.675948 -423.076935
v 38.385826 -0.768407 -448.717957
v 38.385826 -0.445792 -474.358978
v 38.385826 -0.977381 -500.000000
v 53.740158 -3.155720 500.000000
v 53.740158 -3.519506 474.358978
v 53.740158 -4.633848 448.717957
v 53.740158 -5.208649 423.076935
v 53.734573 -4.718457 397.440887
v 53.577553 -3.932763 371.940582
v 53.309242 -2.038947 346.540009
v 53.070480 -0.455475 321.137390
v 53.019588 0.655771 296.180176
v 53.097237 -0.028456 271.553894
v 53.264076 -0.799932 246.744003
v 53.532738 -1.531788 221.267517
v 53.799652 -0.621553 195.378815
v 53.928802 3.510092 169.212616
v 53.864952 3.995145 142.655121
v 53.787731 0.177473 116.005791
v 53.741760 5.319395 89.764503
v 53.740158 3.325946 64.102562
v 53.740158 3.384649 38.461540
v 53.740158 4.390903 12.820513
v 53.740158 3.845109 -12.820513
v 53.740158 6.168396 -38.461540
v 53.740158 5.598677 -64.102562
v 53.740158 3.507915 -89.743591
v 53.740158 8.296686 -115.384613
v 53.740158 3.092900 -141.025635
v 53.740158 6.505068 -166.666672
v 53.740158 2.618390 -192.307693
v 53.740158 3.595513 -217.948715
v 53.740158 2.769238 -243.589737
v 53.740158 2.576827 -269.230774
v 53.740158 4.406617 -294.871796
v 53.740158 2.698184 -320.512817
v 53.740158 1.847475 -346.153839
v 53.740158 -0.938384 -371.794861
v 53.740158 -2.385951 -397.435883
v 53.740158 -1.954194 -423.076935
v 53.740158 -1.588127 -448.717957
v 53.740158 -2.095536 -474.358978
v 53.740158 -2.774899 -500.000000
v 69.094490 -5.499166 500.000000
v 69.094490 -5.104261 474.358978
v 69.094490 -4.352778 448.717957
v 69.094490 -3.946949 423.076935
v 69.069801 -4.020020 397.458008
v 68.852386 -3.053869 372.011841
v 68.529007 -2.170027 346.660614
v 68.250633 -1.816448 321.366669
v 68.197266 2.165562 296.648468
v 68.289436 -1.679731 272.227356
v 68.489449 -3.760808 247.569504
v 68.810349 0.185730 222.137848
v 69.132713 -2.462905 196.206619
v 69.314354 5.542544 169.880661
v 69.258461 2.081153 143.166626
v 69.164841 -0.165794 116.303253
v 69.101555 4.181034 89.835884
v 69.094490 3.146684 64.102562
v 69.094490 8.462584 38.461540
v 69.094490 6.379047 12.820513
v 69.094490 3.665175 -12.820513
v 69.094490 5.063401 -38.461540
v 69.094490 5.948279 -64.102562
v 69.094490 5.583822 -89.743591
v 69.094490 2.580820 -115.384613
v 69.094490 6.685687 -141.025635
v 69.094490 6.466304 -166.666672
v 69.094490 5.782414 -192.307693
v 69.094490 3.252865 -217.948715
v 69.094490 2.726711 -243.589737
v 69.094490 1.334765 -269.230774
v 69.094490 2.306414 -294.871796
v 69.094490 3.903704 -320.512817
v 69.094490 4.438380 -346.153839
v 69.094490 0.561539 -371.794861
v 69.094490 -1.411687 -397.435883
v 69.094490 -1.578452 -423.076935
v 69.094490 -2.135633 -448.717957
v 69.094490 -3.995174 -474.358978
v 69.094490 -4.770370 -500.000000
v 84.448822 -6.864655 500.000000
v 84.448822 -4.727668 474.358978
v 84.448822 -1.495734 448.717957
v 84.448822 0.125573 423.076935
v 84.405151 -0.392902 397.475006
v 84.149399 -0.625464 372.063202
v 83.790077 -1.194396 346.744202
v 83.483757 -0.714642 321.545807
v 83.422913 -1.458151 296.977142
v 83.528236 0.726066 272.704132
v 83.754593 -1.210104 248.162125
v 84.113007 -0.704101 222.760803
v 84.472572 -4.340167 196.797058
v 84.688454 0.139626 170.406128
v 84.639534 0.826180 143.515839
v 84.534454 4.834547 116.502716
v 84.460983 4.799955 89.902367
v 84.448822 6.172333 64.102562
v 84.448822 2.765620 38.461540
v 84.448822 5.041379 12.820513
v 84.448822 6.436921 -12.820513
v 84.448822 3.478191 -38.461540
v 84.448822 8.615001 -64.102562
v 84.448822 5.749992 -89.743591
v 84.448822 1.450765 -115.384613
v 84.448822 8.465590 -141.025635
v 84.448822 1.655738 -166.666672
v 84.448822 2.905910 -192.307693
v 84.448822 2.731860 -217.948715
v 84.448822 3.351592 -243.589737
v 84.448822 5.655380 -269.230774
v 84.448822 4.325587 -294.871796
v 84.448822 4.036890 -320.512817
v 84.448822 2.110241 -346.153839
v 84.448822 0.103003 -371.794861
v 84.448822 -0.506188 -397.435883
v 84.448822 -0.449068 -423.076935
v 84.448822 -2.128344 -448.717957
v 84.448822 -5.391899 -474.358978
v 84.448822 -5.902377 -500.000000
v 99.803146 -5.410277 500.000000
v 99.803146 -0.430589 474.358978
v 99.803146 3.635919 448.717957
v 99.803146 4.415938 423.076935
v 99.752060 2.311682 397.481659
v 99.483170 0.703198 372.081635
v 99.110970 -0.314633 346.774170
v 98.794701 -0.648725 321.612762
v 98.728485 -0.004808 297.106171
v 98.836716 -0.815001 272.878357
v 99.076996 -0.743757 248.380615
v 99.449837 -1.089984 222.997589
v 99.822327 -3.567467 197.022751
v 100.048851 -2.054124 170.587753
v 100.000458 6.142118 143.601974
v 99.894325 4.850644 116.575188
v 99.817451 1.531667 89.930367
v 99.803146 2.155447 64.102562
v 99.803146 2.735002 38.461540
v 99.803146 3.597868 12.820513
v 99.803146 6.486542 -12.820513
v 99.803146 5.558902 -38.461540
v 99.803146 6.591603 -64.102562
v 99.803146 1.834564 -89.743591
v 99.803146 4.713639 -115.384613
v 99.803146 5.196007 -141.025635
v 99.803146 1.801427 -166.666672
v 99.812401 4.263142 -192.493362
v 99.822945 5.251150 -218.345886
v 99.824074 4.038954 -244.009537
v 99.813454 5.617229 -269.437500
v 99.803146 4.457378 -294.871796
v 99.803146 4.711375 -320.512817
v 99.803146 -0.145100 -346.153839
v 99.803146 -0.252688 -371.794861
v 99.803146 -0.668518 -397.435883
v 99.803146 0.231777 -423.076935
v 99.803146 -2.089910 -448.717957
v 99.803146 -5.722461 -474.358978
v 99.803146 -5.044642 -500.000000
v 115.157478 0.307616 500.000000
v 115.157478 7.145779 474.358978
v 115.157478 10.129268 448.717957
v 115.157478 8.736824 423.076935
v 115.106422 4.711103 397.481628
v 114.837486 2.516816 372.081635
v 114.466110 0.447093 346.773438
v 114.148750 1.816790 321.613495
v 114.082794 2.032086 297.105957
v 114.191284 2.507821 272.881470
v 114.431519 -1.381549 248.369476
v 114.803894 0.872188 222.997833
v 115.176552 1.306977 197.022842
v 115.403336 1.111181 170.589859
v 115.357689 3.716776 143.639893
v 115.249458 2.928377 116.585587
v 115.171730 7.722966 89.929649
v 115.157478 9.484227 64.102562
v 115.157478 8.912440 38.461540
v 115.157478 3.928371 12.820513
v 115.157478 3.872453 -12.820513
v 115.157478 3.295141 -38.461540
v 115.157478 4.809504 -64.102562
v 115.157478 3.004739 -89.743591
v 115.157478 7.009744 -115.384613
v 115.157478 4.117043 -141.025635
v 115.185432 6.329063 -167.227554
v 115.248283 9.282851 -194.129425
v 114.928520 13.220355 -220.566757
v 114.850288 16.240429 -246.273270
v 115.220276 9.038916 -271.129761
v 115.187576 3.973839 -295.475555
v 115.157478 1.971639 -320.512817
v 115.157478 -0.975626 -346.153839
v 115.157478 -1.820316 -371.794861
v 115.157478 -2.874818 -397.435883
v 115.157478 -1.989040 -423.076935
v 115.157478 -3.594609 -448.717957
v 115.157478 -4.609858 -474.358978
v 115.157478 -1.290174 -500.000000
v 130.511810 6.367433 500.000000
v 130.511810 14.654820 474.358978
v 130.511810 16.736641 448.717957
v 130.511810 13.512106 423.076935
v 130.468430 7.529773 397.474762
v 130.211960 3.856941 372.063599
v 129.853348 0.866056 346.743958
v 129.547882 0.681667 321.545074
v 129.486435 1.681155 296.985870
v 129.592682 -0.015974 272.705688
v 129.819382 -1.625690 248.159866
v 130.175400 0.488482 222.759384
v 130.535309 2.707297 196.795502
v 130.751205 1.064493 170.404022
v 130.701996 0.627173 143.508957
v 130.597717 3.802109 116.506416
v 130.523956 6.328436 89.902237
v 130.511810 6.481662 64.102562
v 130.511810 6.471524 38.461540
v 130.511810 6.215208 12.820513
v 130.511810 3.664582 -12.820513
v 130.511810 4.431202 -38.461540
v 130.511810 6.159307 -64.102562
v 130.511810 4.348806 -89.743591
v 130.511810 7.014884 -115.384613
v 130.526337 4.438594 -141.317047
v 130.629211 12.233383 -169.021927
v 130.483948 16.426697 -197.136047
v 127.906593 21.592575 -225.205902
v 128.062485 19.827589 -250.831558
v 129.634308 15.219527 -274.615112
v 130.633636 9.271051 -297.315979
v 130.527985 1.378953 -320.837280
v 130.511810 -1.474751 -346.153839
v 130.511810 -3.947594 -371.794861
v 130.511810 -4.642539 -397.435883
v 130.511810 -5.262504 -423.076935
v 130.511810 -6.374865 -448.717957
v 130.511810 -3.336637 -474.358978
v 130.511810 3.397311 -500.000000
v 145.866135 10.081822 500.000000
v 145.866135 18.651255 474.358978
v 145.866135 20.510145 448.717957
v 145.866135 16.751570 423.076935
v 145.841415 9.578921 397.458038
v 145.622742 5.859046 372.013000
v 145.299515 2.763009 346.661652
v 145.021790 2.565250 321.369598
v 144.968262 3.643153 296.657043
v 145.062698 2.423371 272.244110
v 145.262192 1.933349 247.589325
v 145.580597 3.093224 222.127609
v 145.903946 -1.525093 196.189835
v 146.086807 -0.794035 169.900909
v 146.029114 0.847633 143.153763
v 145.935272 8.355528 116.287315
v 145.873001 2.591813 89.833344
v 145.866135 2.744750 64.102562
v 145.866135 4.130381 38.461540
v 145.866135 5.850651 12.820513
v 145.866135 1.731450 -12.820513
v 145.866135 5.051462 -38.461540
v 145.866135 3.953840 -64.102562
v 145.866135 5.257556 -89.743591
v 145.866135 4.193124 -115.384613
v 145.935013 7.040244 -142.407471
v 146.108185 19.103529 -171.522919
v 145.064758 20.620951 -201.175613
v 141.669067 29.809917 -230.101685
v 141.672928 30.317533 -255.820084
v 144.632538 22.123407 -278.460449
v 146.114868 15.304098 -299.862091
v 145.937576 1.216349 -321.946136
v 145.866135 -1.838534 -346.153839
v 145.866135 -3.416560 -371.794861
v 145.866135 -4.734288 -397.435883
v 145.866135 -7.459027 -423.076935
v 145.866135 -8.287058 -448.717957
v 145.866135 -1.921467 -474.358978
v 145.866135 6.895240 -500.000000
v 161.220474 10.161576 500.000000
v 161.220474 17.609617 474.358978
v 161.220474 20.134634 448.717957
v 161.220474 17.476347 423.076935
v 161.214828 10.076599 397.440948
v 161.039001 5.268874 371.901428
v 160.754044 2.648293 346.458801
v 160.515839 4.422759 321.055817
v 160.450653 4.873165 296.132568
v 160.504150 2.712522 271.531464
v 160.669693 1.327237 246.712753
v 160.968857 5.213318 221.220200
v 161.278885 2.032516 195.364059
v 161.408020 1.695981 169.199875
v 161.344208 1.330848 142.641357
v 161.266663 9.092216 115.987801
v 161.221970 3.274367 89.763031
v 161.220474 4.365675 64.102562
v 161.220474 4.828124 38.461540
v 161.220474 4.532631 12.820513
v 161.220474 3.874019 -12.820513
v 161.220474 5.215868 -38.461540
v 161.220474 2.521877 -64.102562
v 161.220474 7.570586 -89.743591
v 161.224838 6.085149 -115.472069
v 161.362106 10.686490 -143.867050
v 161.598816 20.628328 -174.257019
v 160.682343 30.377844 -204.804382
v 157.224731 39.961666 -234.140610
v 157.228241 39.046577 -259.852203
v 160.134476 30.420134 -282.148102
v 161.605286 20.124359 -302.592072
v 161.365982 5.478208 -323.432098
v 161.225723 -0.186302 -346.259155
v 161.220474 -1.864729 -371.794861
v 161.220474 -3.205790 -397.435883
v 161.220474 -7.547096 -423.076935
v 161.220474 -8.117583 -448.717957
v 161.220474 -0.127533 -474.358978
v 161.220474 8.632111 -500.000000
v 176.574799 6.861664 500.000000
v 176.574799 12.089596 474.358978
v 176.574799 16.017467 448.717957
v 176.574799 15.397097 423.076935
v 176.527115 9.848513 397.318115
v 176.338989 6.030447 371.496490
v 176.090820 4.254684 345.919006
v 175.813980 6.638021 320.408203
v 175.598465 5.310031 295.197815
v 175.633652 6.578968 270.516388
v 175.810425 6.861749 245.624802
v 176.114090 6.057530 220.115738
v 176.533020 5.043139 194.385620
v 176.708786 3.626113 168.416183
v 176.654404 2.643882 142.065033
v 176.597458 6.442551 115.680496
v 176.574799 2.276984 89.743591
v 176.574799 8.784658 64.102562
v 176.574799 6.286980 38.461540
v 176.574799 1.267580 12.820513
v 176.574799 5.778548 -12.820513
v 176.574799 5.439701 -38.461540
v 176.574799 3.742855 -64.102562
v 176.574799 4.182805 -89.743591
v 176.595428 4.452028 -115.798569
v 176.785950 11.106610 -145.261826
v 177.072906 24.857880 -176.659836
v 176.327148 38.813869 -207.955048
v 174.562439 44.449253 -236.752655
v 174.630188 44.363533 -262.408997
v 176.649902 35.306442 -284.824097
v 177.079514 26.507904 -304.997803
v 176.791351 9.911956 -324.857452
v 176.597397 2.292615 -346.607300
v 176.574799 1.915632 -371.794861
v 176.574799 0.462189 -397.435883
v 176.574799 -4.996707 -423.076935
v 176.574799 -5.577494 -448.717957
v 176.574799 2.172352 -474.358978
v 176.574799 8.817609 -500.000000
v 191.929138 1.861035 500.000000
v 191.929138 4.609433 474.358978
v 191.929138 10.088384 448.717957
v 191.904465 12.356958 423.015991
v 191.733688 10.464204 396.953156
v 191.522919 7.780461 370.865875
v 191.278976 6.316373 345.131287
v 190.792282 10.770609 319.460297
v 190.424316 11.603052 293.994629
v 190.461212 10.033698 269.216705
v 190.724762 7.055957 244.428574
v 191.050323 6.803437 218.971741
v 191.566895 3.797230 193.377457
v 191.937088 3.796472 167.638123
v 191.967697 4.841870 141.529068
v 191.933929 7.852042 115.447128
v 191.929138 2.644124 89.743591
v 191.929138 6.213518 64.102562
v 191.929138 5.376246 38.461540
v 191.929138 5.664759 12.820513
v 191.929138 5.124247 -12.820513
v 191.929138 6.952855 -38.461540
v 191.929138 6.830227 -64.102562
v 191.929138 4.639658 -89.743591
v 192.012009 6.756164 -116.255791
v 192.290558 17.797197 -146.587891
v 192.586945 30.095966 -178.579468
v 192.773254 41.406784 -209.826218
v 192.540100 47.438656 -237.978287
v 192.574478 47.384853 -263.627319
v 192.800034 40.539291 -286.703247
v 192.516754 28.866472 -306.661011
v 192.196136 13.552700 -325.869598
v 191.968185 4.815385 -346.937103
v 191.929138 6.601268 -371.794861
v 191.929138 4.815046 -397.435883
v 191.929138 -0.374772 -423.076935
v 191.929138 -1.089998 -448.717957
v 191.929138 4.946917 -474.358978
v 191.929138 8.342465 -500.000000
v 207.283463 -2.436052 500.000000
v 207.283463 -1.297983 474.358978
v 207.283463 5.362070 448.717957
v 207.168091 10.852851 422.791992
v 206.883026 12.108632 396.446838
v 206.613312 10.729402 370.139709
v 206.233826 9.808740 344.184753
v 205.556564 14.015472 318.360962
v 205.062744 17.135475 292.782288
v 205.098419 14.351616 267.883667
v 205.439774 10.473020 243.185333
v 205.853333 7.855482 217.954391
v 206.444260 8.065639 192.495834
v 207.041153 5.817947 166.950623
v 207.292603 7.262699 141.145020
v 207.283463 5.010187 115.384613
v 207.283463 8.691600 89.743591
v 207.283463 3.853827 64.102562
v 207.283463 5.039283 38.461540
v 207.283463 4.855037 12.820513
v 207.283463 3.012789 -12.820513
v 207.283463 4.463521 -38.461540
v 207.283463 5.119255 -64.102562
v 207.416946 7.547205 -90.107208
v 208.088989 11.113240 -117.720360
v 208.957092 23.033810 -149.020203
v 209.259384 39.504593 -181.086121
v 209.144577 46.682713 -212.100266
v 208.599304 48.775997 -239.213837
v 208.322037 47.599339 -264.426178
v 208.195007 41.848396 -287.518738
v 207.899643 26.937582 -307.233826
v 207.568619 15.286884 -326.233826
v 207.328934 6.866759 -347.066010
v 207.283463 8.890042 -371.794861
v 207.283463 9.325821 -397.435883
v 207.283463 4.856304 -423.076935
v 207.283463 3.732243 -448.717957
v 207.283463 7.514195 -474.358978
v 207.283463 8.101411 -500.000000
v 222.637802 -7.067746 500.000000
v 222.637802 -6.755273 474.358978
v 222.629211 1.443460 448.696747
v 222.402603 10.739644 422.496033
v 222.018127 14.606107 395.905396
v 221.654465 15.484038 369.402954
v 221.038712 14.904947 343.233856
v 220.209763 18.736980 317.274780
v 219.619583 21.482470 291.693359
v 219.658844 20.766949 266.784851
v 220.067383 14.586974 242.148758
v 220.585495 9.701106 217.204346
v 221.295212 11.801618 191.862823
v 222.107178 8.444986 166.494110
v 222.610001 6.176770 141.014328
v 222.637802 2.025843 115.384613
v 222.637802 4.771334 89.743591
v 222.637802 3.214533 64.102562
v 222.637802 7.533290 38.461540
v 222.637802 6.872706 12.820513
v 222.637802 4.686109 -12.820513
v 222.637802 4.062790 -38.461540
v 222.709839 5.879570 -64.298782
v 223.625107 11.809361 -91.465263
v 225.634827 17.631384 -120.428749
v 227.152634 32.295238 -152.435471
v 227.218872 45.138374 -184.395966
v 227.083954 58.100288 -214.879654
v 225.512711 54.912167 -240.965485
v 223.981110 51.193161 -264.763275
v 223.550491 42.580128 -287.541687
v 223.257248 29.390341 -307.299438
v 222.925415 14.853865 -326.283051
v 222.685181 7.128511 -347.104523
v 222.637802 9.763438 -371.794861
v 222.637802 11.370707 -397.435883
v 222.637802 8.118994 -423.076935
v 222.637802 6.003497 -448.717957
v 222.637802 6.637310 -474.358978
v 222.637802 5.437109 -500.000000
v 237.992126 -10.692797 500.000000
v 237.992126 -10.067063 474.358978
v 237.956299 -0.403294 448.629456
v 237.462311 12.388868 421.687103
v 236.439789 20.630178 393.268707
v 235.920441 22.479151 366.505096
v 235.594589 20.575167 341.692200
v 234.868484 21.804031 316.376648
v 234.196442 24.823666 290.801910
v 234.257675 22.651545 266.031952
v 234.723190 17.029093 241.538467
v 235.353424 13.998158 216.801147
v 236.235626 10.376076 191.593643
v 237.213058 9.379641 166.349960
v 237.897400 6.827752 140.987122
v 237.992126 2.240016 115.384613
v 237.992126 4.232963 89.743591
v 237.992126 3.257433 64.102562
v 237.992126 3.315703 38.461540
v 237.992126 6.281245 12.820513
v 237.992126 5.680910 -12.820513
v 237.992126 7.830065 -38.461540
v 238.344650 5.925404 -64.998184
v 240.874603 16.672907 -93.741318
v 244.255905 27.164978 -124.032822
v 246.387192 45.091469 -156.003540
v 246.026871 52.930950 -187.415558
v 245.587967 61.140442 -217.020767
v 243.382263 60.152924 -242.094864
v 240.554932 50.820103 -265.015839
v 239.028107 40.955181 -286.941956
v 238.661957 28.616234 -306.820404
v 238.262726 14.760132 -325.941681
v 238.033112 6.580335 -346.976227
v 237.992126 10.679576 -371.794861
v 237.992126 12.199560 -397.435883
v 237.992126 9.811142 -423.076935
v 237.992126 5.483612 -448.717957
v 237.992126 2.846158 -474.358978
v 237.992126 1.208021 -500.000000
v 253.346451 -12.098636 500.000000
v 253.346451 -9.846844 474.358978
v 253.284286 0.474195 448.564423
v 251.059921 19.830093 416.593994
v 249.098343 32.313591 385.456512
v 248.441956 35.193443 358.469666
v 248.805725 32.062965 335.987762
v 249.663208 27.765730 315.567535
v 248.984299 27.732952 290.198761
v 249.053528 26.020691 265.531342
v 249.569275 18.091097 241.164886
v 250.314407 12.943378 216.586212
v 251.316345 9.623514 191.482422
v 252.403793 5.967239 166.283463
v 253.192139 7.343908 140.962906
v 253.346451 5.516623 115.384613
v 253.346451 10.345299 89.743591
v 253.346451 4.946814 64.102562
v 253.346451 7.758557 38.461540
v 253.346451 4.937003 12.820513
v 253.346451 4.976236 -12.820513
v 253.369537 8.551180 -38.524433
v 254.493439 10.205444 -66.154091
v 258.761749 26.251286 -96.444084
v 263.183441 34.730274 -127.356773
v 265.647186 50.955948 -158.504807
v 265.456451 61.410561 -188.085297
v 264.852173 65.494514 -216.631271
v 262.018433 60.974266 -241.507294
v 258.139130 50.418041 -264.300110
v 255.343063 39.702091 -285.705811
v 254.566879 25.584126 -305.834381
v 253.797058 13.710923 -325.207214
v 253.370773 5.491557 -346.641937
v 253.346451 9.576085 -371.794861
v 253.346451 11.769275 -397.435883
v 253.346451 9.277953 -423.076935
v 253.346451 2.764856 -448.717957
v 253.346451 -2.493497 -474.358978
v 253.346451 -3.167826 -500.000000
v 268.700775 -11.026025 500.000000
v 268.700775 -6.116172 474.358978
v 268.184174 5.144420 447.242676
v 263.915588 29.869442 409.311005
v 261.113770 44.362167 375.728790
v 260.411224 47.611595 348.678711
v 261.477386 42.118538 328.365662
v 263.978333 32.150452 312.844818
v 264.124878 28.503971 289.976685
v 264.194977 25.305981 265.344452
v 264.730591 18.408470 241.026291
v 265.536652 11.707584 216.510925
v 266.568176 12.133440 191.440750
v 267.696198 7.315913 166.258286
v 268.525696 5.285507 140.954468
v 268.700775 4.995668 115.384613
v 268.700775 9.266387 89.743591
v 268.700775 4.453229 64.102562
v 268.700775 5.832215 38.461540
v 268.700775 7.106027 12.820513
v 268.700775 5.643827 -12.820513
v 268.800842 8.124331 -38.734135
v 270.873230 13.420225 -67.403404
v 276.565552 35.473606 -98.934006
v 282.024689 46.873657 -130.162704
v 284.484497 56.109352 -159.899475
v 284.430847 62.804405 -188.151489
v 283.913422 63.807007 -215.885254
v 280.687988 59.834324 -239.764664
v 276.119537 50.594795 -262.276215
v 272.306000 38.495995 -283.859100
v 270.897430 24.162483 -304.585266
v 269.781342 12.504457 -324.609467
v 268.833130 5.452693 -346.456848
v 268.700775 8.762422 -371.794861
v 268.700775 11.411991 -397.435883
v 268.700775 7.522168 -423.076935
v 268.700775 -0.931883 -448.717957
v 268.700775 -7.857793 -474.358978
v 268.700775 -6.551661 -500.000000
v 284.055115 -8.152662 500.000000
v 284.055115 -0.242571 474.358978
v 282.728546 12.286699 444.877655
v 277.167175 38.376930 403.170288
v 273.603790 53.171684 367.366394
v 272.926971 56.957138 340.392273
v 274.548920 49.290337 321.708008
v 277.612488 37.012646 307.839111
v 279.475098 30.370409 289.939209
v 279.549896 25.526669 265.345886
v 280.085144 18.581722 241.026825
v 280.874390 15.989262 216.506012
v 281.920074 13.793709 191.439758
v 283.048615 8.384809 166.257507
v 283.878845 7.094511 140.953979
v 284.055115 5.207742 115.384613
v 284.055115 3.831261 89.743591
v 284.055115 5.530428 64.102562
v 284.055115 7.378308 38.461540
v 284.055115 5.350628 12.820513
v 284.055115 3.896755 -12.820513
v 284.228760 6.322901 -38.934574
v 287.075104 15.789392 -68.355179
v 293.562653 36.225548 -100.668259
v 299.738495 53.588482 -132.451355
v 302.265747 59.595539 -160.931870
v 302.752106 63.474430 -188.448135
v 302.218353 66.237564 -214.726151
v 298.575439 59.942207 -237.791580
v 293.569519 46.526669 -260.223419
v 289.286224 33.833420 -281.921082
v 287.469025 22.693804 -303.410492
v 286.038544 12.433518 -324.402130
v 284.617157 7.702181 -346.980713
v 284.055115 8.626082 -371.794861
v 284.055115 10.556138 -397.435883
v 284.055115 5.886606 -423.076935
v 284.055115 -3.899920 -448.717957
v 284.055115 -11.575404 -474.358978
v 284.055115 -8.090683 -500.000000
v 299.409454 -5.165529 500.000000
v 299.409454 4.886246 474.358978
v 297.718231 16.920103 443.807587
v 291.788971 41.242767 401.017883
v 287.617310 55.890701 363.222656
v 286.742249 60.250999 335.284485
v 288.030243 54.329941 315.546814
v 291.594116 42.329418 303.207184
v 294.755951 30.297546 289.103790
v 295.120117 26.258814 265.535767
v 295.634033 18.552011 241.166580
v 296.386627 14.431252 216.590897
v 297.392548 9.463079 191.487778
v 298.473358 6.395571 166.286133
v 299.257904 7.451136 140.964020
v 299.409454 7.916367 115.384613
v 299.409454 3.294841 89.743591
v 299.409454 8.261326 64.102562
v 299.409454 7.646998 38.461540
v 299.409454 8.046933 12.820513
v 299.409454 4.870875 -12.820513
v 299.611694 8.352789 -39.012470
v 302.824860 17.452118 -68.748100
v 309.435730 33.669132 -101.232506
v 315.952759 54.858097 -133.322403
v 318.579865 62.396557 -161.683365
v 319.676422 66.965294 -188.966095
v 318.928619 66.472824 -214.562683
v 315.251831 57.878407 -236.912842
v 310.323608 44.402966 -258.530701
v 306.035126 31.976059 -280.391602
v 304.111938 23.960512 -302.860596
v 302.398987 16.337532 -324.963928
v 300.546356 9.010139 -347.826477
v 299.448517 10.287727 -371.852325
v 299.409454 11.389977 -397.435883
v 299.409454 6.092457 -423.076935
v 299.409454 -3.997196 -448.717957
v 299.409454 -11.736676 -474.358978
v 299.409454 -7.174753 -500.000000
v 314.763794 -1.789067 500.000000
v 314.763794 8.236698 474.358978
v 313.456329 16.928261 444.916077
v 308.071014 36.861126 403.600677
v 301.075653 61.928764 355.161804
v 299.397827 70.481911 323.054901
v 302.060913 63.057571 305.603119
v 306.755920 44.683884 298.749634
v 310.447571 29.402147 287.913574
v 310.983124 23.348885 265.502258
v 311.511932 20.215311 241.552689
v 312.152313 13.759205 216.812592
v 313.036163 8.322679 191.605377
v 314.008942 4.142980 166.359802
v 314.674438 4.826296 140.989304
v 314.763794 7.249387 115.384613
v 314.763794 3.096549 89.743591
v 314.763794 6.505767 64.102562
v 314.763794 3.673771 38.461540
v 314.763794 5.745781 12.820513
v 314.763794 7.800202 -12.820513
v 314.960114 9.155109 -38.996311
v 318.237274 20.649273 -68.746498
v 324.848724 35.780586 -101.249519
v 331.285400 58.411911 -133.264908
v 334.067932 61.991890 -161.880096
v 335.577454 69.153168 -189.741974
v 334.988190 71.649132 -215.353912
v 331.578735 57.705845 -237.548538
v 326.718872 43.570889 -258.257111
v 322.571930 34.683384 -280.028595
v 320.654663 27.281036 -303.544403
v 318.670135 22.767023 -326.259918
v 316.442596 13.824457 -348.623718
v 314.930420 12.451530 -372.040009
v 314.763794 13.679399 -397.435883
v 314.763794 9.563729 -423.076935
v 314.763794 0.318806 -448.717957
v 314.763794 -8.157160 -474.358978
v 314.763794 -5.592890 -500.000000
v 330.118103 3.408933 500.000000
v 330.118103 11.056309 474.358978
v 329.613464 14.456363 447.248047
v 323.788696 34.661484 403.510498
v 315.664154 66.164902 348.862549
v 314.965485 76.928108 314.019592
v 319.035339 65.092430 300.551117
v 322.312164 50.472969 291.393890
v 326.201691 30.181999 285.592499
v 327.037048 22.062351 265.246277
v 327.585022 17.803246 242.079666
v 328.086578 11.190542 217.105209
v 328.804291 7.270862 191.773605
v 329.603271 5.950891 166.457382
v 330.093231 9.407890 141.015518
v 330.118103 6.112574 115.384613
v 330.118103 5.728516 89.743591
v 330.118103 4.924678 64.102562
v 330.118103 5.786130 38.461540
v 330.118103 6.981907 12.820513
v 330.118103 6.148759 -12.820513
v 330.287628 7.072421 -38.923306
v 333.365570 19.506258 -68.454399
v 339.727020 37.886463 -100.709030
v 345.903625 60.226826 -132.463486
v 348.655823 61.174740 -161.092636
v 350.396637 68.247932 -189.303131
v 350.066437 67.978951 -215.224075
v 346.862640 58.718441 -237.597031
v 342.398468 45.361614 -258.702393
v 338.623718 34.943459 -280.993042
v 336.874634 31.431248 -304.812134
v 334.679382 22.069883 -327.223450
v 332.176910 16.797279 -349.182800
v 330.406464 13.517129 -372.219086
v 330.118103 16.568968 -397.435883
v 330.118103 14.169889 -423.076935
v 330.118103 6.660011 -448.717957
v 330.118103 -3.158277 -474.358978
v 330.118103 -4.754418 -500.000000
v 345.472443 9.365627 500.000000
v 345.472443 12.712366 474.358978
v 345.470642 12.058553 448.712708
v 339.339752 33.881180 402.754883
v 330.486694 72.601273 341.781128
v 331.970978 79.142380 310.087555
v 332.042938 79.361794 285.357910
v 335.183350 64.233734 275.718628
v 341.087952 31.324881 280.113495
v 343.378540 13.723005 266.608978
v 343.747711 8.403540 242.647217
v 344.069794 10.551802 217.378510
v 344.621155 7.554878 191.961624
v 345.213837 7.141875 166.561539
v 345.472443 6.313695 141.025635
v 345.472443 6.269473 115.384613
v 345.472443 4.462556 89.743591
v 345.472443 7.566198 64.102562
v 345.472443 11.154739 38.461540
v 345.472443 10.324421 12.820513
v 345.472443 10.876748 -12.820513
v 345.569946 12.089399 -38.727173
v 348.011932 23.927353 -67.579079
v 353.608978 45.903210 -99.103615
v 359.102020 62.691986 -130.240234
v 361.745728 61.644138 -158.648376
v 363.536469 60.144077 -186.951996
v 363.634064 63.892460 -213.203720
v 360.975433 56.327278 -236.259430
v 357.126404 45.347153 -258.208527
v 354.009125 35.479618 -281.351318
v 352.529266 34.552124 -305.253937
v 350.262726 22.939953 -327.560394
v 347.662415 18.497225 -349.375763
v 345.805786 14.714107 -372.285278
v 345.472443 17.310062 -397.435883
v 345.472443 17.430061 -423.076935
v 345.472443 12.358593 -448.717957
v 345.472443 2.008210 -474.358978
v 345.472443 -3.526612 -500.000000
v 360.826782 15.092723 500.000000
v 360.826782 13.051615 474.358978
v 360.826782 10.600663 448.717957
v 356.573822 27.287506 407.708984
v 348.095917 67.432045 346.067017
v 346.240173 84.651779 303.657410
v 346.124451 86.295982 277.806549
v 349.689392 69.449127 269.455872
v 356.536743 31.053719 277.765839
v 359.627350 11.100318 267.600128
v 359.852264 8.124812 243.139694
v 360.027863 7.967222 217.623947
v 360.408386 8.453230 192.137604
v 360.766052 7.036452 166.641983
v 360.826782 4.819443 141.025635
v 360.826782 9.064401 115.384613
v 360.826782 5.802050 89.743591
v 360.826782 10.723400 64.102562
v 360.826782 18.784420 38.461540
v 360.826782 22.226877 12.820513
v 360.826782 23.105835 -12.820513
v 360.849243 22.835571 -38.522682
v 362.292999 31.975105 -66.321518
v 366.797272 55.270004 -96.751244
v 371.443207 71.484207 -127.027107
v 373.851257 66.793404 -155.126556
v 375.610657 55.454170 -183.407227
v 376.285278 55.868198 -210.184143
v 374.342438 50.160309 -234.163666
v 371.280365 42.086647 -257.121613
v 369.041290 36.182381 -281.175507
v 367.903412 32.033722 -305.283051
v 365.617706 23.241245 -327.561340
v 363.030579 17.645317 -349.396118
v 361.166718 14.303082 -372.294952
v 360.826782 16.551619 -397.435883
v 360.826782 17.865765 -423.076935
v 360.826782 15.541903 -448.717957
v 360.826782 6.390371 -474.358978
v 360.826782 -1.228947 -500.000000
v 376.181091 19.883770 500.000000
v 376.181091 12.446295 474.358978
v 376.181091 8.995315 448.717957
v 373.698578 21.860294 412.599335
v 365.524323 64.346840 349.941589
v 361.296356 88.545609 300.860046
v 361.624573 85.932350 277.491211
v 365.326813 67.848824 269.187958
v 372.455444 26.419617 278.512299
v 375.724213 7.618754 268.636139
v 375.780029 6.351697 243.426697
v 375.873474 3.831561 217.823654
v 376.078156 5.704965 192.265854
v 376.181091 5.153029 166.666672
v 376.181091 6.776607 141.025635
v 376.181091 5.736396 115.384613
v 376.181091 7.230012 89.743591
v 376.181091 14.320827 64.102562
v 376.181091 30.650059 38.461540
v 376.181091 39.874729 12.820513
v 376.181091 36.376381 -12.820513
v 376.181091 40.631435 -38.461540
v 376.671082 44.042336 -65.070183
v 379.635651 58.975029 -94.057686
v 383.285614 76.406235 -123.334175
v 385.443939 73.027115 -151.065781
v 387.161865 56.003059 -179.248581
v 388.308502 44.956314 -206.552139
v 387.201813 41.881611 -231.548645
v 385.098083 41.133842 -255.608246
v 383.866089 34.560814 -280.536957
v 382.941895 31.186235 -304.818420
v 380.742737 22.005726 -327.223999
v 378.251099 15.637589 -349.199249
v 376.476929 12.286793 -372.230133
v 376.181091 13.615639 -397.435883
v 376.181091 15.501931 -423.076935
v 376.181091 15.770924 -448.717957
v 376.181091 9.502685 -474.358978
v 376.181091 2.372592 -500.000000
v 391.535431 23.181318 500.000000
v 391.535431 11.753591 474.358978
v 391.465637 8.513632 448.274597
v 386.813629 37.157558 400.119537
v 379.454376 80.945633 337.236969
v 378.213043 86.403542 303.806152
v 378.029694 82.721565 279.599457
v 382.309937 56.334518 277.093750
v 388.853577 20.502544 282.810303
v 391.485168 5.205433 269.210358
v 391.470947 8.841962 243.563522
v 391.502777 6.455682 217.935440
v 391.535431 7.287103 192.307693
v 391.535431 3.947885 166.666672
v 391.535431 8.070414 141.025635
v 391.535431 4.435120 115.384613
v 391.535431 8.825324 89.743591
v 391.535431 24.154228 64.102562
v 391.535431 40.821453 38.461540
v 391.535431 47.523216 12.820513
v 391.535431 49.033264 -12.820513
v 391.535431 58.830055 -38.461540
v 391.690155 67.289650 -64.544289
v 393.261261 75.277115 -92.279556
v 395.678375 83.604538 -120.375114
v 397.105927 76.905228 -147.224106
v 398.546417 57.514874 -174.855240
v 399.997711 38.050961 -202.476486
v 399.707214 34.173210 -228.417480
v 398.633392 32.539783 -253.660400
v 398.231415 30.921648 -279.082031
v 397.424500 29.102879 -303.535919
v 395.455139 19.332230 -326.279572
v 393.216797 14.363159 -348.627502
v 391.707367 11.147187 -372.047791
v 391.535431 10.103670 -397.435883
v 391.535431 11.214180 -423.076935
v 391.535431 13.521740 -448.717957
v 391.535431 11.214700 -474.358978
v 391.535431 7.064145 -500.000000
v 406.889771 24.447943 500.037567
v 406.889771 11.688347 474.358978
v 406.186127 13.235710 444.247162
v 400.565826 50.434998 389.119476
v 397.803558 71.014191 346.495819
v 397.071533 72.819740 315.654419
v 397.761719 62.808086 296.874542
v 400.968231 40.540993 292.437469
v 405.650635 12.236412 289.712830
v 406.889771 5.613920 269.230774
v 406.889771 5.838637 243.589737
v 406.889771 4.877318 217.948715
v 406.889771 9.718576 192.307693
v 406.889771 6.370080 166.666672
v 406.889771 8.513762 141.025635
v 406.889771 6.500371 115.384613
v 406.889771 11.359432 89.743591
v 406.889771 29.922480 64.102562
v 406.889771 49.680485 38.461540
v 406.889771 56.607067 12.820513
v 406.889771 56.839668 -12.820513
v 407.124847 70.239128 -39.160927
v 407.622223 89.754440 -66.281860
v 408.197784 94.291229 -93.086243
v 409.475220 98.705399 -119.958076
v 410.032227 81.893883 -145.720932
v 410.607147 56.762947 -171.582306
v 411.847107 32.149727 -198.545059
v 412.276703 25.115612 -225.280228
v 412.202209 23.867563 -251.399765
v 412.201813 26.156931 -277.045929
v 411.533905 23.755516 -301.704346
v 409.876343 15.508528 -324.906708
v 408.020721 13.370041 -347.817688
v 406.930695 9.029878 -371.855072
v 406.889771 7.418447 -397.435883
v 406.889771 6.910085 -423.076935
v 406.889771 9.913826 -448.717957
v 406.889771 11.676149 -474.358978
v 406.889771 12.241846 -500.000000
v 422.244080 23.105787 500.671326
v 422.244080 9.716018 474.358978
v 420.818359 16.947378 439.659454
v 415.990265 52.707584 385.620148
v 414.763977 66.026192 349.850372
v 414.543152 64.977928 322.248596
v 416.323517 48.962914 309.276093
v 419.222565 23.925190 304.852631
v 422.090912 6.031518 294.238159
v 422.244080 5.574551 269.230774
v 422.244080 7.039990 243.589737
v 422.244080 4.587955 217.948715
v 422.244080 5.234612 192.307693
v 422.244080 6.911329 166.666672
v 422.244080 3.516036 141.025635
v 422.244080 5.903213 115.384613
v 422.244080 19.292318 89.743591
v 422.244080 39.093010 64.102562
v 422.244080 57.981552 38.461540
v 422.244080 65.772263 12.820513
v 422.371094 63.253483 -13.198420
v 423.192871 79.952560 -41.284485
v 424.103149 102.491745 -69.633888
v 424.480408 107.696754 -96.397415
v 424.662872 106.649002 -122.181862
v 424.523834 85.272369 -146.895721
v 424.282288 56.915848 -170.885025
v 424.633270 26.872314 -195.805511
v 425.494690 17.886513 -222.708496
v 425.995148 20.277651 -249.108383
v 425.994843 20.095861 -274.748962
v 425.464264 20.317604 -299.609406
v 424.175812 12.712975 -323.354828
v 422.801178 11.815734 -346.973450
v 422.244080 8.343530 -371.794861
v 422.244080 5.613070 -397.435883
v 422.244080 3.194164 -423.076935
v 422.244080 5.760283 -448.717957
v 422.244080 10.763571 -474.358978
v 422.244080 16.650558 -500.000000
v 437.598419 20.687466 501.606354
v 437.591583 7.438302 474.337219
v 435.387726 18.872961 436.254089
v 431.686462 50.313583 385.569946
v 429.348328 69.860641 345.016632
v 429.310547 69.621811 319.033569
v 431.708801 49.650227 308.732178
v 435.823395 19.185682 309.321289
v 437.598419 6.760140 294.871796
v 437.598419 5.380089 269.230774
v 437.598419 9.286013 243.589737
v 437.598419 6.126277 217.948715
v 437.598419 7.040720 192.307693
v 437.598419 4.346950 166.666672
v 437.598419 2.481999 141.025635
v 437.598419 11.166588 115.384613
v 437.598419 26.717442 89.743591
v 437.598419 48.853668 64.102562
v 437.598419 70.812080 38.461540
v 437.598419 73.608688 12.820513
v 438.163605 70.395180 -14.502153
v 439.525238 88.264214 -44.194416
v 440.843201 110.358459 -73.756866
v 441.349335 119.104362 -100.903801
v 441.370483 114.148819 -126.607697
v 440.834778 94.460625 -150.654800
v 439.718903 62.446404 -172.708450
v 439.137543 26.468876 -195.422501
v 439.442505 16.261217 -220.661758
v 439.826324 14.739386 -246.867462
v 439.821350 16.514408 -272.501190
v 439.436890 16.643139 -297.576599
v 438.542419 11.022035 -321.901642
v 437.722382 10.192325 -346.336212
v 437.598419 8.319977 -371.794861
v 437.598419 5.203375 -397.435883
v 437.598419 1.524385 -423.076935
v 437.598419 2.619778 -448.717957
v 437.598419 8.927139 -474.358978
v 437.598419 18.712837 -500.000000
v 452.952759 18.620598 502.431580
v 452.125427 9.535014 471.724213
v 448.613525 25.776712 429.434845
v 446.010956 51.889942 382.319244
v 444.703064 67.937416 345.020172
v 444.703064 69.193390 319.379150
v 447.058167 50.074669 308.701691
v 451.223572 18.076988 309.526184
v 452.952759 5.292412 294.871796
v 452.952759 4.280325 269.230774
v 452.952759 6.813763 243.589737
v 452.952759 4.688357 217.948715
v 452.952759 10.505896 192.307693
v 452.952759 6.652330 166.666672
v 452.952759 7.321672 141.025635
v 452.952759 22.824476 115.384613
v 452.952759 37.845768 89.743591
v 452.952759 58.042397 64.102562
v 452.952759 76.414642 38.461540
v 452.994659 82.154701 12.695881
v 454.095642 79.287254 -16.220984
v 455.947998 91.434814 -47.373322
v 457.623077 113.813446 -77.998291
v 458.284210 119.511810 -105.606331
v 458.295868 116.295761 -131.282089
v 457.624207 98.798553 -154.924683
v 455.956177 66.607025 -175.602844
v 454.339325 28.425390 -196.067886
v 453.722717 8.144240 -219.144699
v 453.910767 7.664299 -244.999176
v 453.912292 9.353188 -270.642456
v 453.680939 9.056069 -295.943115
v 453.183960 9.868276 -320.852936
v 452.952759 10.569986 -346.153839
v 452.952759 8.484807 -371.794861
v 452.952759 5.965636 -397.435883
v 452.952759 2.330259 -423.076935
v 452.952759 1.616723 -448.717957
v 452.952759 6.722714 -474.358978
v 452.952759 17.770311 -500.000000
v 468.157318 18.118109 502.812500
v 465.843994 16.911839 466.514832
v 461.393188 35.138828 422.176941
v 459.153870 56.741108 377.454681
v 461.005737 59.909924 351.045502
v 461.001404 62.346298 325.376892
v 463.083588 46.056084 312.965363
v 466.879364 16.586674 311.441559
v 468.307098 6.629817 294.871796
v 468.307098 4.595697 269.230774
v 468.307098 6.330009 243.589737
v 468.307098 3.228361 217.948715
v 468.307098 10.179688 192.307693
v 468.307098 6.515388 166.666672
v 468.307098 10.576818 141.025635
v 468.307098 26.798218 115.384613
v 468.307098 46.247879 89.743591
v 468.307098 63.137978 64.102562
v 468.307098 76.745605 38.461540
v 468.484253 86.298363 12.293449
v 470.000763 88.666916 -17.859749
v 472.244415 91.683388 -50.176285
v 474.223907 108.816422 -81.706978
v 475.038727 109.373413 -109.772308
v 475.035034 103.840286 -135.402390
v 474.231720 90.025543 -158.653305
v 472.233002 64.975838 -178.347473
v 470.002136 27.143486 -197.350952
v 468.563019 8.250213 -218.591812
v 468.469788 6.800107 -243.829086
v 468.469788 5.549442 -269.470123
v 468.387238 5.839572 -294.989716
v 468.307098 9.186396 -320.512817
v 468.307098 10.389659 -346.153839
v 468.307098 9.887858 -371.794861
v 468.307098 8.186323 -397.435883
v 468.307098 6.090627 -423.076935
v 468.307098 3.028372 -448.717957
v 468.307098 4.692232 -474.358978
v 468.307098 14.239203 -500.000000
v 482.532227 20.911758 501.949097
v 479.526733 26.888445 461.120056
v 474.947357 42.966167 417.993011
v 472.185089 59.937050 375.389313
v 475.995331 53.233803 356.896881
v 478.574066 47.773937 339.486786
v 480.139374 34.274471 323.776093
v 482.957031 12.929208 316.037415
v 483.661407 5.981497 294.871796
v 483.661407 7.584316 269.230774
v 483.661407 5.461465 243.589737
v 483.661407 4.601002 217.948715
v 483.661407 7.466319 192.307693
v 483.661407 5.241066 166.666672
v 483.661407 10.705956 141.025635
v 483.661407 33.021107 115.384613
v 483.661407 54.084179 89.743591
v 483.661407 66.904312 64.102562
v 483.661407 80.152023 38.461540
v 483.962524 93.762413 11.924562
v 485.744965 99.101105 -19.019751
v 488.248474 92.294601 -52.109493
v 490.448578 100.323761 -84.296562
v 491.382507 96.313377 -112.716339
v 491.389465 89.276199 -138.378036
v 490.456757 75.898209 -161.243942
v 488.244202 51.124111 -180.301926
v 485.746918 24.132210 -198.512726
v 483.965820 7.271432 -218.854446
v 483.661407 6.000777 -243.589737
v 483.661407 5.354899 -269.230774
v 483.661407 7.263116 -294.871796
v 483.661407 8.127563 -320.512817
v 483.661407 8.794049 -346.153839
v 483.661407 9.924149 -371.794861
v 483.661407 10.922563 -397.435883
v 483.661407 11.170613 -423.076935
v 483.661407 6.061629 -448.717957
v 483.661407 3.334986 -474.358978
v 483.661407 9.575707 -500.000000
v 496.938599 25.389116 501.300018
v 492.612640 44.977573 449.840302
v 488.901276 57.008263 409.467163
v 487.543457 61.483536 376.094849
v 489.686584 52.330719 358.979034
v 494.343628 37.222778 348.923096
v 497.423767 21.578045 336.192230
v 498.945801 8.099428 320.068359
v 499.015747 6.676004 294.871796
v 499.015747 6.767521 269.230774
v 499.015747 8.347175 243.589737
v 499.015747 4.958228 217.948715
v 499.015747 7.095726 192.307693
v 499.015747 6.281312 166.666672
v 499.015747 15.039938 141.025635
v 499.015747 44.668682 115.384613
v 499.015747 62.752514 89.743591
v 499.015747 71.438667 64.102562
v 498.974335 82.479156 38.344635
v 499.277557 100.729050 11.509800
v 501.138550 108.764854 -19.702572
v 503.826385 97.479454 -52.816536
v 506.115875 99.515015 -85.227722
v 507.124664 85.760895 -113.870209
v 507.124664 76.456764 -139.511230
v 506.133057 65.831436 -162.201920
v 503.831909 44.159172 -180.996307
v 501.242249 22.456905 -198.932205
v 499.370331 7.190909 -219.003693
v 499.015747 6.124102 -243.589737
v 499.015747 7.571958 -269.230774
v 499.015747 6.311935 -294.871796
v 499.015747 8.279853 -320.512817
v 499.015747 9.776708 -346.153839
v 499.015747 9.305640 -371.794861
v 499.015747 13.381850 -397.435883
v 499.015747 15.103085 -423.076935
v 499.015747 9.092672 -448.717957
v 499.015747 3.180900 -474.358978
v 499.015747 6.434283 -500.000000
v 511.797699 30.288504 499.580872
v 507.293365 60.869614 440.304382
v 503.383362 76.016670 397.122681
v 503.478333 69.324821 373.114075
v 505.756683 56.974422 358.310547
v 509.742035 35.181160 353.661865
v 513.797668 15.876919 343.207428
v 514.429810 8.704669 320.488037
v 514.370056 5.900847 294.871796
v 514.370056 4.442694 269.230774
v 514.370056 3.872378 243.589737
v 514.370056 5.000219 217.948715
v 514.370056 4.315835 192.307693
v 514.370056 10.577936 166.666672
v 514.370056 27.063295 141.025635
v 514.370056 51.363140 115.384613
v 514.370056 74.552567 89.743591
v 514.247681 82.783058 63.757076
v 513.988525 90.273186 37.384445
v 514.207031 107.129707 10.303143
v 516.058960 114.721275 -20.937111
v 518.969543 106.910957 -53.405682
v 521.466736 105.571213 -85.217499
v 522.478943 81.205757 -113.870209
v 522.478943 67.766121 -139.511230
v 521.472290 61.356194 -162.157043
v 519.186218 42.586430 -180.996353
v 516.596497 22.757797 -198.932083
v 514.724854 10.598934 -219.004318
v 514.370056 4.366555 -243.589737
v 514.370056 5.769762 -269.230774
v 514.370056 6.865716 -294.871796
v 514.370056 6.794548 -320.512817
v 514.370056 8.424116 -346.153839
v 514.370056 9.202488 -371.794861
v 514.370056 15.033914 -397.435883
v 514.370056 18.076134 -423.076935
v 514.370056 11.865880 -448.717957
v 514.370056 4.102937 -474.358978
v 514.370056 5.138998 -500.000000
v 526.975403 34.237621 495.586548
v 522.028259 74.303177 431.545074
v 521.220520 84.471664 394.015656
v 522.825806 78.488297 370.782745
v 525.237488 63.796440 357.787476
v 527.759583 38.391205 353.830109
v 531.190186 17.373985 344.052307
v 531.165405 9.481795 319.915009
v 530.163574 7.648018 294.689636
v 529.724426 5.179853 269.230774
v 529.724426 5.274102 243.589737
v 529.724426 5.182200 217.948715
v 529.724426 7.879888 192.307693
v 529.724426 16.481762 166.666672
v 529.724426 34.407791 141.025635
v 529.724426 59.325798 115.384613
v 529.657898 81.601059 89.555817
v 529.225830 90.733917 62.695087
v 528.750366 97.043343 35.711815
v 528.837769 113.024841 8.564272
v 530.607971 117.131714 -22.386477
v 533.630859 112.806290 -54.029968
v 536.472656 107.033165 -84.372787
v 537.446594 82.213638 -112.719482
v 537.452271 64.964928 -138.377502
v 536.515747 57.713284 -161.231903
v 534.312195 38.693470 -180.316696
v 531.809143 20.047016 -198.510452
v 530.029297 8.696206 -218.855759
v 529.724426 6.090110 -243.589737
v 529.724426 6.076731 -269.230774
v 529.724426 6.181678 -294.871796
v 529.724426 5.567386 -320.512817
v 529.724426 6.855970 -346.153839
v 529.724426 11.167169 -371.794861
v 529.724426 17.938595 -397.435883
v 529.724426 21.823866 -423.076935
v 529.724426 15.101897 -448.717957
v 529.724426 5.297313 -474.358978
v 529.724426 3.960054 -500.000000
v 542.337219 34.733692 492.533173
v 539.431641 73.995300 433.242371
v 541.800720 82.227448 399.820068
v 544.858582 78.405312 376.705109
v 546.675781 64.138191 362.751160
v 547.989929 39.614624 357.138611
v 550.068726 20.925095 344.028992
v 549.338989 13.668110 318.745453
v 547.341064 10.492036 293.933258
v 545.442078 7.536045 269.080048
v 545.078735 7.542550 243.589737
v 545.078735 6.013133 217.948715
v 545.078735 11.166437 192.307693
v 545.078735 25.786728 166.666672
v 545.078735 42.537521 141.025635
v 545.078735 63.140205 115.384613
v 544.785339 79.631653 88.915375
v 544.064697 86.796158 61.239967
v 543.380615 95.434334 33.667965
v 543.267944 111.410080 6.692843
v 544.780212 116.136009 -23.433107
v 547.702576 115.529030 -53.853645
v 550.679932 105.853218 -82.588013
v 551.792603 81.586479 -109.719444
v 551.810913 60.408310 -135.415070
v 550.999451 50.957077 -158.641586
v 549.020996 33.945210 -178.396179
v 546.772888 17.245573 -197.348267
v 545.255981 7.497510 -218.476120
v 545.078735 6.856032 -243.589737
v 545.078735 5.645299 -269.230774
v 545.078735 6.793677 -294.871796
v 545.078735 5.523702 -320.512817
v 545.078735 7.657577 -346.153839
v 545.078735 12.756502 -371.794861
v 545.078735 20.977324 -397.435883
v 545.078735 24.700251 -423.076935
v 545.078735 17.472712 -448.717957
v 545.078735 6.462138 -474.358978
v 545.078735 3.877943 -500.000000
v 558.737366 31.106754 492.173309
v 559.141907 65.717659 440.977966
v 561.900452 78.939110 405.388214
v 565.177307 80.209351 379.662659
v 567.308167 65.909866 365.364899
v 568.687256 39.918858 359.994751
v 569.534058 24.314514 342.378265
v 568.432617 18.935474 317.194183
v 565.471863 12.521555 292.781433
v 562.150330 8.299667 268.518341
v 560.437500 4.577580 243.587906
v 560.433044 5.666930 217.948715
v 560.433044 11.641600 192.307693
v 560.433044 29.641157 166.666672
v 560.433044 49.299530 141.025635
v 560.411926 61.838024 115.324997
v 559.836243 76.685654 88.058929
v 558.859985 81.466995 59.662037
v 557.990784 91.296982 31.567213
v 557.675720 106.104149 4.797011
v 558.748718 107.599442 -24.192608
v 561.323730 110.927643 -53.331287
v 564.247742 98.839828 -80.390778
v 565.684509 75.011307 -105.753807
v 565.771484 48.621517 -131.268250
v 565.100098 42.080582 -154.911606
v 563.437195 28.693928 -175.605026
v 561.576111 13.395603 -195.708771
v 560.475220 6.790574 -218.074188
v 560.433044 5.657015 -243.589737
v 560.433044 5.342239 -269.230774
v 560.433044 7.049394 -294.871796
v 560.433044 5.956985 -320.512817
v 560.433044 8.520976 -346.153839
v 560.433044 15.910834 -371.794861
v 560.433044 23.684433 -397.435883
v 560.433044 25.695002 -423.076935
v 560.433044 18.174080 -448.717957
v 560.433044 7.398112 -474.358978
v 560.433044 5.315669 -500.000000
v 577.000183 27.602692 492.792694
v 578.920776 59.016327 446.841003
v 581.263000 73.402473 411.873230
v 585.117554 76.878342 385.476379
v 587.527710 63.230682 370.663452
v 588.575562 40.755436 361.234253
v 589.085815 30.933090 339.720917
v 587.794006 24.371820 315.065857
v 584.057312 16.329967 291.441040
v 579.421631 8.867603 267.723114
v 576.216187 7.690439 243.411850
v 575.787415 5.056638 217.948715
v 575.787415 12.487967 192.307693
v 575.787415 30.199123 166.666672
v 575.787415 52.398438 141.025635
v 575.694824 63.307396 115.123322
v 574.901367 72.862350 87.242355
v 573.721619 74.970375 58.271114
v 572.697083 81.593353 29.737919
v 572.270752 92.216072 2.893359
v 572.804932 94.430481 -24.513950
v 574.849426 99.809486 -52.345882
v 577.545166 88.069275 -77.886864
v 579.178650 62.296432 -101.959007
v 579.555176 36.289551 -126.594978
v 579.032104 30.340120 -150.679550
v 577.730225 20.537025 -172.447235
v 576.350769 13.522688 -193.983932
v 575.787415 7.664039 -217.948715
v 575.787415 5.349554 -243.589737
v 575.787415 4.526032 -269.230774
v 575.787415 4.248187 -294.871796
v 575.787415 7.438041 -320.512817
v 575.787415 10.655051 -346.153839
v 575.787415 19.076466 -371.794861
v 575.787415 25.583889 -397.435883
v 575.787415 24.808069 -423.076935
v 575.787415 17.148331 -448.717957
v 575.787415 8.014365 -474.358978
v 575.787415 8.078519 -500.000000
v 595.836853 24.645370 495.044678
v 598.248352 50.199043 455.293213
v 601.911072 59.953247 425.509827
v 605.298584 65.307541 398.495758
v 607.206787 58.544621 379.909576
v 607.270203 48.831970 359.813812
v 607.420227 44.641632 334.103333
v 606.052429 36.608944 310.349518
v 602.237793 22.319370 289.140106
v 596.835815 12.413891 266.868561
v 593.378967 8.441833 242.661606
v 591.498657 6.458045 217.800644
v 591.141724 11.695835 192.307693
v 591.141724 30.274048 166.666672
v 591.141724 52.545612 141.025635
v 590.983459 61.268883 114.937798
v 590.049316 71.036400 86.659851
v 588.740967 68.938850 57.325504
v 587.582642 70.632607 28.414667
v 587.098938 76.785095 1.408132
v 587.213562 81.720177 -24.637167
v 588.637878 84.064735 -51.020348
v 590.913269 68.426514 -75.527725
v 592.625977 45.265411 -98.521400
v 593.347107 25.649092 -122.151131
v 593.000061 21.439766 -146.554794
v 592.092041 11.579157 -169.494110
v 591.269104 7.463332 -192.686630
v 591.141724 5.774227 -217.948715
v 591.141724 6.498728 -243.589737
v 591.141724 5.306748 -269.230774
v 591.141724 5.477036 -294.871796
v 591.141724 8.032870 -320.512817
v 591.141724 13.039274 -346.153839
v 591.141724 21.396263 -371.794861
v 591.141724 25.902842 -397.435883
v 591.141724 22.621220 -423.076935
v 591.141724 15.075782 -448.717957
v 591.141724 8.322220 -474.358978
v 591.141724 11.395217 -500.000000
v 614.246277 26.931105 495.856323
v 618.352295 42.456249 465.088013
v 622.186096 49.694748 437.645630
v 624.042786 59.971642 408.024475
v 625.077698 65.617386 380.092926
v 624.451111 64.615295 352.791595
v 624.523621 61.623615 327.113708
v 623.084229 51.970764 304.249847
v 619.213501 32.540417 285.179535
v 614.565430 17.679199 265.298248
v 611.508606 12.120182 241.510254
v 608.196655 6.684840 217.243195
v 606.500549 10.779639 192.305832
v 606.496033 29.914238 166.666672
v 606.496033 47.149036 141.025635
v 606.311340 57.947445 114.863174
v 605.333862 65.515511 86.462952
v 603.975891 65.295105 56.988434
v 602.772095 58.931240 27.949242
v 602.245300 64.952019 0.821210
v 602.245300 66.361832 -24.819817
v 603.025574 64.992485 -49.610901
v 604.824890 50.225483 -73.062439
v 606.441284 31.061138 -95.460220
v 607.340393 13.652660 -118.595451
v 607.226929 14.041502 -143.200272
v 606.730835 6.714700 -167.365219
v 606.496033 6.467644 -192.307693
v 606.496033 5.849017 -217.948715
v 606.496033 6.821856 -243.589737
v 606.496033 6.029166 -269.230774
v 606.496033 6.080056 -294.871796
v 606.496033 9.041449 -320.512817
v 606.496033 15.209217 -346.153839
v 606.496033 22.279490 -371.794861
v 606.496033 25.726322 -397.435883
v 606.496033 20.746674 -423.076935
v 606.496033 13.611792 -448.717957
v 606.496033 9.043115 -474.358978
v 606.496033 14.595864 -500.000000
v 631.719299 35.644993 491.775360
v 638.081421 42.633190 467.625519
v 640.621033 53.277256 438.357208
v 640.777832 67.064407 406.311523
v 641.220703 79.176620 373.880402
v 640.440002 78.992538 346.177094
v 640.448975 77.681366 320.529236
v 638.923401 67.955849 298.374146
v 635.228577 45.486946 280.715363
v 633.059326 25.747686 261.853424
v 630.075256 14.146560 240.175766
v 625.481689 9.863968 216.442261
v 622.281860 10.187527 192.128693
v 621.850403 23.369080 166.666672
v 621.850403 37.668770 141.025635
v 621.664124 49.417728 114.858727
v 620.683960 59.005405 86.450760
v 619.325134 57.983345 56.973949
v 618.119934 50.246689 27.930801
v 617.599670 49.132275 0.821210
v 617.599670 51.866848 -24.819817
v 618.128723 48.600842 -48.999756
v 619.420044 34.949486 -71.436607
v 620.868652 21.283409 -93.437157
v 621.838745 6.899683 -116.362411
v 621.930786 8.420096 -141.264862
v 621.850403 5.492912 -166.666672
v 621.850403 6.750955 -192.307693
v 621.850403 6.017165 -217.948715
v 621.850403 5.870282 -243.589737
v 621.850403 5.148764 -269.230774
v 621.850403 6.928940 -294.871796
v 621.850403 9.602839 -320.512817
v 621.850403 16.562202 -346.153839
v 621.850403 23.111420 -371.794861
v 621.850403 26.213003 -397.435883
v 621.850403 21.807316 -423.076935
v 621.850403 16.255611 -448.717957
v 621.850403 14.033232 -474.358978
v 621.850403 20.733656 -500.000000
v 649.032898 45.467453 486.833252
v 656.687439 47.293541 465.799927
v 657.606140 60.488045 435.426178
v 657.453430 77.886047 401.741547
v 656.039978 88.879578 369.400330
v 655.121643 90.092125 341.364502
v 655.115906 89.619896 315.708557
v 653.563171 80.172142 293.948334
v 652.630493 59.688923 275.591644
v 651.611023 36.444473 257.899902
v 648.474915 18.511036 238.451904
v 642.909790 13.840835 215.581955
v 639.450867 8.140536 191.375870
v 637.565369 16.973526 166.517044
v 637.204712 28.374777 141.025635
v 637.045166 35.758610 114.934174
v 636.111694 45.829041 86.658127
v 634.800903 47.016476 57.316917
v 633.843750 42.918671 28.242046
v 633.670288 40.511200 0.982861
v 633.696228 41.459137 -24.678261
v 634.321655 37.926418 -49.050694
v 635.364258 28.478197 -71.328323
v 636.324951 14.704277 -92.993584
v 637.045044 7.205659 -115.835411
v 637.204712 7.954335 -141.025635
v 637.204712 5.770797 -166.666672
v 637.204712 5.393188 -192.307693
v 637.184631 6.434420 -218.287949
v 637.163940 6.923638 -244.278793
v 637.163940 7.570981 -269.919800
v 637.185059 10.184606 -295.204285
v 637.204712 11.535757 -320.512817
v 637.204712 17.380220 -346.153839
v 637.204712 23.340792 -371.794861
v 637.204712 26.601950 -397.435883
v 637.204712 24.564966 -423.076935
v 637.204712 21.265150 -448.717957
v 637.204712 21.201000 -474.358978
v 637.204712 27.715891 -500.000000
v 666.410156 53.683075 483.116516
v 674.061951 51.793140 464.108185
v 674.901672 67.470337 432.857727
v 673.009033 84.946709 399.251953
v 670.407654 96.304398 366.827301
v 669.346985 98.326324 338.420441
v 669.341003 97.778709 312.763763
v 669.402771 89.928482 290.310760
v 669.409546 69.558105 272.146484
v 669.793884 44.530624 254.812134
v 666.334534 26.838198 236.614014
v 660.787903 17.260900 214.534988
v 657.582275 11.151034 190.223801
v 654.274170 13.841979 165.955170
v 652.563904 17.278238 141.023636
v 652.466370 22.611984 115.122818
v 651.670715 31.206251 87.235863
v 650.732849 34.851440 58.083752
v 650.688049 34.975853 28.737514
v 651.064331 36.953274 1.280599
v 651.195190 36.586864 -24.458679
v 651.829468 32.900017 -49.061924
v 652.533020 25.677994 -71.517181
v 652.837097 15.025760 -93.155067
v 652.649048 6.882931 -115.788261
v 652.559082 7.895789 -141.025635
v 652.559082 5.681835 -166.666672
v 652.500610 8.841158 -193.295883
v 652.376770 14.500288 -221.029160
v 652.318542 15.758454 -247.653732
v 652.318481 15.206026 -273.295929
v 652.376587 14.600649 -297.954926
v 652.502258 14.050825 -321.472961
v 652.559082 16.189650 -346.153839
v 652.559082 21.939512 -371.794861
v 652.559082 26.431189 -397.435883
v 652.559082 27.332685 -423.076935
v 652.559082 26.401134 -448.717957
v 652.559082 27.906147 -474.358978
v 652.559082 33.127098 -500.000000
v 683.799438 59.151058 481.480560
v 691.800720 56.132957 462.857758
v 691.083923 70.978882 431.987244
v 688.163818 88.740448 398.731628
v 685.462524 101.363571 365.954834
v 684.326111 103.853745 337.200287
v 684.336975 102.259323 311.549286
v 685.402954 94.308960 288.874573
v 686.901001 74.097313 270.350586
v 687.285889 48.394379 253.231033
v 683.495544 27.164522 235.485550
v 680.055969 19.964100 212.911346
v 676.174133 15.615595 188.880707
v 671.553711 12.989537 165.156479
v 668.318054 10.195813 140.857758
v 667.891357 11.791072 115.322403
v 667.313965 18.150974 88.051437
v 667.294617 22.997723 58.918068
v 668.289612 28.768660 29.364187
v 669.330872 33.381424 1.650426
v 669.647217 33.016235 -24.230394
v 670.191650 30.260361 -49.026234
v 670.447815 24.132988 -71.730804
v 669.925598 17.012651 -93.455704
v 668.564392 6.664176 -116.233704
v 667.593079 7.282994 -141.367706
v 667.671631 7.290550 -167.427277
v 667.489197 16.695650 -196.511734
v 667.449768 24.887611 -225.782150
v 667.355164 29.793356 -253.022324
v 667.354797 28.784363 -278.668884
v 667.450317 27.016495 -302.695770
v 667.679565 21.174175 -324.463531
v 667.885010 16.838608 -346.633057
v 667.913391 20.047615 -371.794861
v 667.913391 25.295437 -397.435883
v 667.913391 28.875710 -423.076935
v 667.913391 29.934576 -448.717957
v 667.913391 32.300987 -474.358978
v 667.913391 35.620235 -500.000000
v 702.009705 64.113022 480.840027
v 708.150024 59.011047 462.417969
v 706.457764 73.058517 432.038239
v 703.754517 92.756096 398.642090
v 701.486267 107.206459 365.429840
v 700.478699 109.134613 336.466309
v 700.498108 106.034721 310.807404
v 701.387085 97.144287 288.256989
v 703.482117 76.900780 269.672424
v 703.514404 50.117867 252.826736
v 702.388123 30.353512 234.112274
v 699.481750 24.940496 211.222305
v 694.731689 17.808643 187.551849
v 688.973694 11.750841 164.299530
v 684.984924 6.558532 140.313232
v 683.272400 6.168776 115.382660
v 683.043945 8.326951 88.850304
v 684.059570 17.629486 59.825535
v 686.071289 25.355209 30.172037
v 687.859009 30.027676 2.151865
v 688.303528 32.702774 -23.833050
v 688.773010 29.849533 -48.844563
v 688.675476 20.840481 -71.949127
v 686.723328 15.420747 -94.271027
v 683.357361 11.531860 -117.997696
v 681.404358 13.261517 -143.041763
v 681.417908 17.493544 -170.874435
v 681.341858 31.281258 -202.026871
v 682.238098 43.148129 -231.814041
v 682.327454 45.527973 -259.476746
v 682.327698 46.595291 -285.113770
v 682.461304 43.080143 -308.497742
v 682.787415 31.015728 -328.628204
v 683.131165 19.146984 -348.460968
v 683.267700 17.388279 -371.794861
v 683.267700 23.148230 -397.435883
v 683.267700 28.340685 -423.076935
v 683.267700 30.643671 -448.717957
v 683.267700 33.319595 -474.358978
v 683.267700 34.897060 -500.000000
v 719.006042 67.184570 481.350769
v 723.630127 60.832821 462.676117
v 722.147400 74.880043 432.358093
v 720.273438 95.905174 398.782288
v 718.681274 110.711838 365.501678
v 717.932983 111.953529 336.259338
v 717.932190 108.119362 310.474976
v 718.610291 97.099045 287.735016
v 720.096741 76.091583 269.002594
v 720.794861 53.009514 251.979126
v 720.243774 32.948509 233.237854
v 718.306641 28.218758 209.782532
v 712.810730 20.963345 186.421509
v 706.891907 14.618849 163.235916
v 702.261780 11.008425 139.515701
v 699.022766 5.420827 115.218376
v 698.811218 6.844214 89.357162
v 700.693848 14.025441 60.704044
v 703.568909 21.223454 31.123760
v 706.055420 26.814377 2.838039
v 706.903076 28.788887 -23.459145
v 707.231628 25.938393 -48.636349
v 706.301697 20.134602 -72.273979
v 702.123535 18.507351 -95.935951
v 696.920349 19.577976 -120.583832
v 694.293213 22.589699 -145.869415
v 694.077148 32.441002 -176.029449
v 694.643738 49.014214 -208.401031
v 696.813599 57.493778 -238.306396
v 697.290344 62.035416 -266.091553
v 697.290894 63.374306 -291.723785
v 697.459412 57.335831 -314.517120
v 697.877747 41.886894 -333.089813
v 698.342712 24.599739 -350.873962
v 698.613281 15.489554 -371.943542
v 698.622070 20.208645 -397.435883
v 698.622070 25.321207 -423.076935
v 698.622070 27.852425 -448.717957
v 698.622070 30.699860 -474.358978
v 698.622070 31.776342 -500.000000
v 735.558228 68.564613 483.228546
v 739.285889 62.577496 463.287994
v 738.563416 76.188515 433.043121
v 737.773315 96.086349 399.900177
v 737.183105 109.960144 366.599854
v 736.888794 110.758041 337.042084
v 736.802917 105.487450 310.786682
v 737.163147 94.511314 287.647034
v 737.805115 75.021400 268.456726
v 738.520935 52.812977 251.152176
v 738.262573 35.309845 232.269424
v 736.038025 30.178829 208.796387
v 730.212097 24.073898 185.572281
v 725.444153 19.449400 161.909256
v 719.660400 15.000255 138.667618
v 715.146301 7.087362 114.899254
v 714.406006 7.940390 89.410851
v 716.902527 10.134933 61.393761
v 720.366577 17.962357 32.130653
v 723.432556 22.634491 3.677161
v 724.676819 22.998093 -22.925270
v 724.793823 24.062347 -48.221443
v 722.508789 23.225803 -73.023849
v 716.137756 26.183804 -98.101860
v 709.551270 30.096498 -123.376602
v 706.625488 32.122623 -149.583176
v 706.265869 47.325729 -181.589310
v 707.985535 64.338753 -214.256073
v 711.596069 70.895615 -243.870148
v 712.298279 77.216400 -271.944458
v 712.297852 77.342392 -297.592407
v 712.502441 71.054329 -319.776276
v 712.998657 51.586048 -337.033600
v 713.560486 30.108578 -353.180786
v 713.934692 15.137824 -372.499573
v 713.976379 16.706728 -397.435883
v 713.976379 20.837763 -423.076935
v 713.976379 23.531652 -448.717957
v 713.976379 27.108368 -474.358978
v 713.976379 28.486677 -500.000000
v 752.526306 69.349274 485.758209
v 754.997070 64.988350 463.586578
v 755.397400 77.057533 434.034821
v 755.848633 95.042091 401.518768
v 756.412720 107.381493 368.354889
v 756.682861 107.985054 338.295898
v 756.517883 101.943504 311.371338
v 756.475098 90.668541 287.737701
v 756.146729 73.033569 268.090698
v 755.616760 53.035370 250.557495
v 755.095520 38.247570 231.269760
v 752.263428 30.905928 208.384689
v 749.024292 27.721598 184.137772
v 743.511353 21.817535 160.783813
v 736.821716 14.981079 137.917969
v 731.312256 7.803904 114.562553
v 729.831970 6.608525 89.355370
v 732.538757 9.983578 61.617928
v 736.284180 14.614678 32.924385
v 739.605835 19.122604 4.554395
v 741.049561 21.257675 -22.205021
v 741.042236 21.260212 -47.777611
v 737.314026 26.007137 -74.083870
v 729.389526 33.304405 -100.517761
v 722.007874 38.286106 -126.588951
v 719.119934 44.894337 -153.928970
v 718.473938 61.378914 -186.526413
v 721.508606 75.832115 -218.764679
v 726.612793 81.422142 -247.668976
v 727.404785 87.700546 -276.131470
v 727.404358 87.877792 -301.779938
v 727.639099 80.189522 -323.454651
v 728.191833 58.049438 -339.756287
v 728.815491 32.848526 -354.858612
v 729.256287 14.035063 -373.052124
v 729.330688 13.107235 -397.435883
v 729.330688 17.478540 -423.076935
v 729.330688 21.740709 -448.717957
v 729.330688 26.748869 -474.358978
v 729.330688 27.502567 -500.000000
v 769.341370 69.209526 488.047974
v 770.712463 67.593063 463.331970
v 772.352844 77.330170 434.906433
v 773.993530 92.967163 403.057953
v 775.652527 103.465721 370.019318
v 776.416870 103.854935 339.452454
v 776.282776 97.644905 312.052124
v 775.837463 86.489586 288.055298
v 774.545227 71.360580 267.942535
v 772.750549 51.680256 249.979935
v 770.941284 39.567379 230.201904
v 769.240234 32.736271 207.438934
v 766.741394 30.010056 183.157578
v 760.684143 24.638443 160.029419
v 753.395203 16.373098 137.412216
v 747.262268 7.287292 114.315460
v 745.173950 6.711823 89.364944
v 747.867188 10.068527 61.638016
v 751.633728 14.600516 33.079788
v 754.979187 19.083483 4.609994
v 756.402710 21.960907 -22.389507
v 756.174438 21.521227 -48.122742
v 751.576538 30.940714 -75.793228
v 742.702332 42.303509 -103.943542
v 734.959351 50.844654 -130.772186
v 732.499939 58.356091 -159.049744
v 731.306458 73.970551 -190.508881
v 735.235291 84.131012 -221.406509
v 741.406189 84.999863 -249.534485
v 742.663635 90.279213 -277.745483
v 742.663635 90.905029 -303.386536
v 742.912903 82.812820 -324.815491
v 743.488586 60.344212 -340.728943
v 744.133789 33.653847 -355.468170
v 744.597290 12.843753 -373.278137
v 744.685059 10.747879 -397.435883
v 744.685059 16.524416 -423.076935
v 744.685059 23.398613 -448.717957
v 744.685059 30.278265 -474.358978
v 744.685059 29.747103 -500.000000
v 785.684204 68.554314 489.317505
v 787.006165 69.181473 462.969238
v 789.633911 78.154655 435.070831
v 792.336548 90.845261 403.980377
v 794.888672 99.236473 371.219330
v 795.742249 99.239281 340.426178
v 795.320679 92.698235 312.822418
v 794.519287 82.194847 288.636658
v 792.348938 68.280838 267.968903
v 789.488464 52.694592 249.179291
v 786.732178 41.358738 229.104279
v 785.624512 35.351776 206.682877
v 782.944946 30.850403 182.805283
v 776.683594 24.975769 159.761795
v 769.182373 15.486418 137.232651
v 762.835938 8.681647 114.224449
v 760.460144 6.634442 89.419128
v 763.016663 9.872039 61.796665
v 766.622437 15.858657 32.663498
v 769.685303 23.222958 3.129820
v 770.735596 26.264006 -24.046917
v 770.377502 26.402924 -49.806259
v 765.383728 40.856110 -79.013939
v 756.712341 52.947300 -108.005486
v 749.425049 63.172180 -135.742340
v 747.081116 71.702751 -164.326828
v 745.206787 83.552284 -193.867950
v 749.216797 88.530540 -222.906921
v 756.287781 87.285919 -250.038742
v 758.017944 90.825417 -277.745483
v 758.017944 92.439903 -303.386536
v 758.265930 83.445251 -324.837585
v 758.841003 60.945919 -340.761749
v 759.485779 33.375603 -355.507751
v 759.950867 11.887493 -373.290222
v 760.039368 10.133063 -397.435883
v 760.039368 18.295317 -423.076935
v 760.039368 28.256428 -448.717957
v 760.039368 37.131618 -474.358978
v 760.039368 35.026909 -500.000000
v 801.818054 68.011139 489.347290
v 803.823181 69.581421 462.631622
v 806.935486 79.713760 434.441986
v 810.332031 90.236641 403.757446
v 813.482605 95.975403 371.566101
v 814.229980 95.091721 341.056732
v 813.294983 88.021698 313.684387
v 811.944153 79.345139 289.333221
v 809.131165 68.099586 267.870422
v 805.510437 54.532551 248.213852
v 802.402344 43.037117 228.395767
v 800.997620 35.920971 206.468750
v 798.298706 30.852829 182.805511
v 792.037903 23.646816 159.761780
v 784.535889 15.278608 137.232986
v 778.190247 8.823741 114.224457
v 775.635010 7.469260 89.558052
v 777.782410 9.772406 61.881378
v 780.876526 20.851345 31.340166
v 783.196899 30.965576 1.115476
v 783.665039 33.639534 -26.075787
v 783.335938 36.100960 -52.594131
v 778.613281 49.769455 -82.757614
v 771.774353 62.574932 -112.150352
v 765.847412 75.873741 -141.182816
v 763.375671 83.124344 -169.565521
v 760.837097 89.918655 -196.866333
v 763.822266 90.118828 -223.728500
v 771.144714 86.886505 -249.306549
v 773.466797 87.461205 -276.142944
v 773.467407 87.335861 -301.778931
v 773.700439 80.908844 -323.482147
v 774.254028 59.244110 -339.769287
v 774.875671 32.422737 -354.906555
v 775.317810 11.475300 -373.077209
v 775.393677 11.276999 -397.435883
v 775.393677 21.989479 -423.076935
v 775.393677 34.947861 -448.717957
v 775.393677 45.649265 -474.358978
v 775.393677 42.090782 -500.000000
v 817.139343 65.390335 489.744568
v 820.843689 69.172760 462.412598
v 824.246826 79.752563 434.084991
v 827.840637 89.692032 403.210419
v 831.002258 94.509186 371.038361
v 831.344666 93.143234 340.811462
v 829.910706 86.333344 313.801422
v 827.840027 78.511108 289.372040
v 824.802612 68.650681 267.624664
v 821.074219 55.520241 247.979980
v 817.853638 42.698166 228.300034
v 816.356201 36.234913 206.431763
v 813.653992 31.862644 182.805115
v 807.393127 24.048054 159.761429
v 799.891357 15.942404 137.232513
v 793.544556 8.703310 114.224472
v 790.803345 6.600016 89.702164
v 792.221741 11.607011 61.265469
v 794.524170 25.131241 29.636652
v 795.902466 36.658363 -1.072769
v 795.695862 40.785469 -28.198492
v 795.379822 45.435619 -55.779243
v 791.634094 60.291172 -86.484154
v 787.737671 73.876434 -116.637856
v 783.038025 89.139847 -146.634674
v 780.727051 94.904297 -174.508301
v 777.926147 95.780617 -199.786987
v 779.574951 90.506538 -223.711197
v 785.584106 81.136261 -247.180359
v 788.852539 77.603416 -272.186157
v 789.069397 77.257156 -297.594971
v 789.272339 71.541580 -319.806763
v 789.769287 52.654427 -337.050720
v 790.328247 29.238035 -353.246857
v 790.704102 11.168940 -372.537537
v 790.748047 13.227919 -397.435883
v 790.748047 25.873426 -423.076935
v 790.748047 40.993004 -448.717957
v 790.748047 53.033939 -474.358978
v 790.748047 48.618404 -500.000000
v 832.010254 62.619644 490.390961
v 837.864502 69.117241 462.308075
v 841.389893 79.349091 433.994202
v 845.020813 88.275833 403.205078
v 847.998718 92.192017 371.242310
v 847.880737 90.562912 341.240112
v 845.922058 84.977585 314.302704
v 843.314026 78.219376 289.861237
v 840.148254 68.262283 267.877228
v 836.437500 55.658386 248.013763
v 833.226624 43.829697 228.214828
v 831.711487 35.911064 206.422089
v 829.005615 32.170223 182.806244
v 822.745605 25.315311 159.762192
v 815.245911 16.029419 137.232407
v 808.898743 9.558130 114.224541
v 806.085693 6.974958 89.640945
v 806.495117 15.407227 60.346039
v 807.776306 30.414333 28.020119
v 808.141479 43.237350 -3.028393
v 807.439941 48.241501 -30.221178
v 807.371582 54.013355 -58.718994
v 805.713074 70.120056 -89.727554
v 805.076660 83.110626 -120.730347
v 801.041931 99.080399 -151.645538
v 798.955322 104.561920 -178.997223
v 796.380432 101.892258 -202.546478
v 795.675171 91.096336 -223.991074
v 800.407654 75.165344 -244.883102
v 803.947327 64.793457 -266.973999
v 804.770569 62.390083 -291.733551
v 804.939087 58.399460 -314.527466
v 805.358643 43.724297 -333.079315
v 805.820496 24.396111 -350.915955
v 806.092102 10.790248 -371.968628
v 806.102356 14.465368 -397.435883
v 806.102356 27.317545 -423.076935
v 806.102356 42.937580 -448.717957
v 806.102356 55.553757 -474.358978
v 806.102356 51.505768 -500.000000
v 848.655029 63.287804 490.299011
v 854.742065 69.954803 462.280762
v 858.309448 78.819809 434.079041
v 861.843018 86.319244 403.768555
v 864.419617 89.385139 372.446228
v 863.777893 87.264442 342.926147
v 861.395142 82.241768 316.060150
v 858.418701 75.662720 291.517975
v 854.174011 65.900940 269.450836
v 850.558655 52.599182 249.222382
v 847.460327 41.322311 229.064575
v 846.054871 34.115318 206.977020
v 843.513000 29.949200 183.157578
v 837.457397 24.499033 160.028748
v 830.168396 14.909666 137.411560
v 824.035400 9.026423 114.314819
v 821.365417 6.733570 89.295853
v 820.877014 17.785946 59.417835
v 821.058105 35.103996 26.753527
v 820.588928 49.178741 -4.621062
v 819.796021 55.469139 -32.244534
v 820.172058 63.693531 -61.665543
v 820.982300 76.169922 -92.350594
v 822.645264 85.627495 -122.515198
v 819.880798 103.999023 -154.850998
v 818.171387 109.064034 -182.090271
v 816.680908 103.198639 -204.779938
v 813.777466 89.246742 -224.181473
v 816.050171 69.755371 -242.410263
v 818.932556 51.385841 -261.630493
v 820.516235 46.300301 -285.121124
v 820.648499 43.036064 -308.527527
v 820.976440 32.592674 -328.627075
v 821.318420 19.047403 -348.490082
v 821.456665 11.640635 -371.794861
v 821.456665 14.811110 -397.435883
v 821.456665 25.722673 -423.076935
v 821.456665 40.219837 -448.717957
v 821.456665 52.664192 -474.358978
v 821.456665 50.819931 -500.000000
v 864.565857 64.826187 490.447510
v 870.027161 69.860306 462.909515
v 874.562073 77.690353 434.479828
v 877.764099 83.169228 405.051819
v 879.779846 85.480690 374.673157
v 878.670593 83.043022 345.737305
v 875.975220 78.273666 318.949463
v 871.914917 70.878029 294.509888
v 866.745789 60.124340 272.262665
v 862.751892 47.114243 251.672531
v 859.897278 36.218006 230.955490
v 858.743835 31.005798 208.289154
v 856.503906 27.089127 184.138077
v 850.992432 21.571709 160.783493
v 844.303955 14.295626 137.917191
v 838.792847 8.163705 114.562462
v 836.652161 7.079972 88.964119
v 835.698120 20.223356 58.635914
v 834.872314 37.477581 25.969479
v 833.848877 53.944809 -5.684632
v 833.204895 60.139828 -33.895260
v 834.451843 70.556267 -64.120598
v 837.373535 80.562378 -94.413582
v 839.700867 82.676117 -121.736588
v 838.426697 101.192627 -154.449005
v 837.057617 105.461624 -181.552246
v 836.466675 96.088173 -203.402817
v 833.251282 82.422958 -222.475433
v 833.158142 59.743530 -238.943100
v 834.752380 38.518566 -256.232361
v 836.227539 30.042690 -278.694885
v 836.347900 28.400589 -302.697235
v 836.576172 21.744839 -324.480896
v 836.780945 15.263261 -346.662506
v 836.811035 13.567501 -371.794861
v 836.811035 15.434131 -397.435883
v 836.811035 23.415424 -423.076935
v 836.811035 35.717171 -448.717957
v 836.811035 46.828148 -474.358978
v 836.811035 47.624886 -500.000000
v 878.365967 65.546661 491.348358
v 883.978027 68.945343 463.986359
v 890.073303 75.991783 435.137787
v 892.788330 79.284927 406.696777
v 894.215088 80.868362 377.416016
v 892.744873 78.110580 349.125122
v 889.004517 72.551971 322.717621
v 883.797791 63.910061 298.445343
v 878.928528 53.204258 275.676208
v 873.640137 39.625473 254.955292
v 871.164551 30.783098 233.441895
v 870.293579 26.236790 210.105026
v 868.401733 23.762600 185.571991
v 863.635681 18.564695 161.908188
v 857.862244 11.943069 138.662277
v 853.335510 6.936460 114.899178
v 851.979248 8.242996 88.830376
v 850.974976 21.308781 58.261887
v 849.579163 38.989841 25.757336
v 848.357422 54.516888 -6.009700
v 847.871155 62.155251 -34.538898
v 849.621277 72.674606 -65.060394
v 853.332520 79.975540 -94.388672
v 856.923706 78.818336 -120.739799
v 856.529663 91.661018 -151.513306
v 855.453125 95.190727 -178.304077
v 854.871399 85.348068 -199.790298
v 852.099487 68.408539 -217.573288
v 850.858582 44.879074 -233.553757
v 851.178223 23.328236 -250.646255
v 851.924744 16.081692 -273.294708
v 851.982910 16.189617 -297.954681
v 852.107788 14.102228 -321.485596
v 852.165344 14.998339 -346.153839
v 852.165344 16.026632 -371.794861
v 852.165344 17.074524 -397.435883
v 852.165344 22.135834 -423.076935
v 852.165344 31.683626 -448.717957
v 852.165344 40.150490 -474.358978
v 852.165344 42.824688 -500.000000
v 890.866577 65.814529 492.617523
v 899.864624 70.596634 464.041473
v 903.607300 73.744507 437.888763
v 906.152100 75.566963 406.194977
v 907.890259 75.807434 380.217285
v 905.370422 71.877548 352.902863
v 900.282898 64.774902 327.093414
v 895.642883 56.111465 302.561920
v 889.793884 44.323597 279.754700
v 883.827820 31.305733 258.657196
v 881.816895 23.957085 236.239868
v 881.225403 20.778137 212.148743
v 879.693054 19.139183 187.257553
v 875.790100 14.956642 163.235672
v 871.161438 9.629951 139.514847
v 867.920654 5.885993 115.218269
v 867.330750 8.472427 88.816536
v 866.323792 20.889505 58.234558
v 864.924866 38.867508 25.729496
v 863.681458 55.098030 -6.012653
v 863.183960 62.478283 -34.422962
v 864.728760 71.272949 -64.371811
v 868.572388 76.006187 -92.805435
v 872.730347 71.479774 -117.783066
v 873.708984 77.565277 -146.329712
v 872.884094 80.148392 -172.670059
v 872.428955 72.689026 -195.184189
v 870.119141 55.674198 -213.208923
v 868.408569 31.670238 -228.795258
v 867.629517 11.948922 -246.357330
v 867.478943 7.663552 -269.919464
v 867.499634 8.848159 -295.210815
v 867.519714 11.278920 -320.512817
v 867.519714 16.083199 -346.153839
v 867.519714 18.995689 -371.794861
v 867.519714 19.961246 -397.435883
v 867.519714 22.868788 -423.076935
v 867.519714 29.653088 -448.717957
v 867.519714 34.440392 -474.358978
v 867.519714 37.553047 -500.000000
v 905.822327 68.780479 492.779266
v 914.373901 70.636963 464.470276
v 919.129944 70.233665 439.148926
v 921.981445 70.675774 407.871063
v 921.286987 70.590164 382.669617
v 916.601807 64.008652 356.850647
v 911.906799 56.828133 331.199768
v 906.236084 46.753231 306.976440
v 899.932800 34.692272 284.062927
v 894.760681 23.289364 262.076508
v 892.469910 17.448624 238.910660
v 892.061157 15.827959 214.133804
v 890.885803 14.476377 188.983994
v 887.913513 11.310773 164.576035
v 884.592285 7.625089 140.312805
v 882.878723 5.961724 115.382652
v 882.712036 7.939718 88.948708
v 881.753418 19.998985 58.604118
v 880.402710 37.226894 26.335577
v 879.206604 52.421165 -5.174463
v 878.700623 59.005306 -33.300560
v 879.824707 65.964470 -62.103252
v 883.156738 70.436279 -90.287430
v 887.282043 62.838844 -114.124756
v 889.208496 59.850979 -139.139481
v 888.676636 59.649124 -164.382950
v 888.367676 54.339046 -187.973907
v 886.456543 40.518459 -207.551392
v 884.598816 21.599674 -224.918335
v 883.208557 7.607314 -244.522827
v 882.874023 5.824346 -269.230774
v 882.874023 7.943377 -294.871796
v 882.874023 11.100039 -320.512817
v 882.874023 17.231567 -346.153839
v 882.874023 22.115910 -371.794861
v 882.874023 23.852573 -397.435883
v 882.874023 25.860828 -423.076935
v 882.874023 30.442156 -448.717957
v 882.874023 31.190701 -474.358978
v 882.874023 33.149609 -500.000000
v 919.361816 68.729385 493.447205
v 927.253906 68.073647 465.404327
v 930.164307 65.016151 438.797028
v 933.864014 65.804672 411.182068
v 933.824707 64.261978 384.779358
v 929.490356 57.133129 359.662445
v 922.474731 47.301228 335.272858
v 916.209229 36.765034 311.289673
v 910.457214 25.671190 287.961945
v 906.137329 16.503864 265.016388
v 903.631042 11.836018 241.143158
v 903.315613 11.178838 215.838257
v 902.491699 10.477145 190.539032
v 900.491089 7.943884 165.727951
v 898.591797 6.138979 140.874847
v 898.228333 5.714927 115.384613
v 898.134521 6.810182 89.283241
v 897.317627 17.468374 59.634075
v 896.104248 32.860580 28.039251
v 895.031616 46.465790 -2.864943
v 894.590881 52.015881 -30.668310
v 895.166382 56.017559 -58.000290
v 897.623230 60.030987 -86.010658
v 901.172241 53.056854 -109.761398
v 903.404297 45.028786 -132.760193
v 903.280945 40.245506 -156.323517
v 903.037598 37.315239 -180.842224
v 901.516174 27.172541 -202.004745
v 899.634094 14.273635 -221.868835
v 898.308350 5.918589 -243.812881
v 898.228333 5.871316 -269.230774
v 898.228333 7.927485 -294.871796
v 898.228333 11.359806 -320.512817
v 898.228333 18.323448 -346.153839
v 898.228333 24.794806 -371.794861
v 898.228333 27.939449 -397.435883
v 898.228333 30.534649 -423.076935
v 898.228333 34.118874 -448.717957
v 898.228333 31.655167 -474.358978
v 898.228333 31.279875 -500.000000
v 931.587830 67.017937 494.497711
v 938.542480 64.865181 466.780243
v 942.290405 61.924305 439.868927
v 945.238220 59.774796 412.923065
v 944.703003 56.204903 387.005249
v 940.863708 49.090637 362.083710
v 932.666809 37.601074 338.740234
v 926.076843 27.185160 315.002014
v 921.687378 18.302992 291.015198
v 918.029724 11.223915 267.196899
v 915.754578 7.836296 242.688721
v 915.494751 7.611340 217.155502
v 915.023987 7.142283 191.709763
v 914.021912 6.007085 166.484451
v 913.582703 5.681228 141.025635
v 913.582703 5.599951 115.384613
v 913.560791 5.811668 89.636078
v 912.968567 13.506845 61.089195
v 911.963928 26.368225 30.518822
v 911.061890 37.805580 0.451679
v 910.695862 42.521774 -26.985287
v 910.816772 43.593750 -53.111553
v 912.361755 46.478516 -80.341469
v 914.981812 41.282455 -104.560265
v 916.881042 33.104378 -127.380836
v 916.962830 26.722767 -150.451630
v 916.736023 25.167208 -175.460052
v 915.582397 18.073013 -197.884201
v 914.185181 9.267430 -219.628738
v 913.582703 5.410695 -243.589737
v 913.582703 5.997722 -269.230774
v 913.582703 8.236111 -294.871796
v 913.582703 12.112037 -320.512817
v 913.582703 19.372486 -346.153839
v 913.582703 26.418196 -371.794861
v 913.582703 30.808853 -397.435883
v 913.582703 34.880444 -423.076935
v 913.582703 38.933826 -448.717957
v 913.582703 35.690723 -474.358978
v 913.582703 33.566833 -500.000000
v 942.888489 65.944664 495.792053
v 948.831848 63.371040 468.398163
v 953.431824 60.486588 441.112061
v 955.890503 55.545521 414.489441
v 954.888367 49.365799 389.025757
v 951.515198 42.208881 364.096954
v 944.392212 31.468416 340.586243
v 937.274414 20.435562 317.249603
v 933.574463 13.086361 292.944977
v 930.703979 7.893953 268.497742
v 929.249512 5.872463 243.460083
v 929.113159 5.739709 217.875641
v 928.997009 5.686473 192.282806
v 928.937012 5.539077 166.666672
v 928.937012 5.625456 141.025635
v 928.937012 5.563809 115.384613
v 928.937012 5.560321 89.743591
v 928.633484 9.537282 62.613235
v 927.890320 19.008696 33.325813
v 927.185608 27.984638 4.226925
v 926.898071 31.591179 -22.825024
v 926.864868 32.014812 -48.629013
v 927.505981 31.907791 -74.391846
v 929.191589 27.817833 -98.764282
v 930.553101 20.912621 -122.041107
v 930.642517 16.226408 -145.781677
v 930.473755 15.111781 -170.952011
v 929.735840 10.529259 -194.535294
v 929.015808 6.037879 -218.168381
v 928.937012 5.486364 -243.589737
v 928.937012 6.124297 -269.230774
v 928.937012 8.767248 -294.871796
v 928.937012 13.139628 -320.512817
v 928.937012 20.080578 -346.153839
v 928.937012 26.561617 -371.794861
v 928.937012 31.432178 -397.435883
v 928.937012 36.926891 -423.076935
v 928.937012 42.284592 -448.717957
v 928.937012 40.775021 -474.358978
v 928.937012 38.718208 -500.000000
v 953.918762 63.918198 497.137512
v 958.729370 61.453575 470.085907
v 963.694458 58.481026 442.619781
v 965.872803 51.770210 416.134460
v 964.890625 44.221519 390.712250
v 962.033020 37.019402 365.707703
v 956.036621 26.832357 341.875702
v 949.392212 16.042189 318.484894
v 946.222595 9.656510 294.070618
v 944.648621 6.270730 269.082550
v 944.291321 5.515656 243.589737
v 944.291321 5.518669 217.948715
v 944.291321 5.553316 192.307693
v 944.291321 5.534194 166.666672
v 944.291321 5.562910 141.025635
v 944.291321 5.516257 115.384613
v 944.291321 5.546639 89.743591
v 944.223450 6.415446 63.769543
v 943.778992 12.099785 35.947803
v 943.287231 18.372379 7.893733
v 943.079590 21.033699 -18.765987
v 943.039551 21.540169 -44.603531
v 943.184631 19.770395 -69.569977
v 943.977234 15.333171 -93.624146
v 944.763000 10.612010 -117.563675
v 944.775940 8.562645 -142.377106
v 944.683228 7.948753 -167.759598
v 944.378601 6.086406 -192.551010
v 944.291321 5.518890 -217.948715
v 944.291321 5.522141 -243.589737
v 944.291321 6.236189 -269.230774
v 944.291321 9.290030 -294.871796
v 944.291321 13.954241 -320.512817
v 944.291321 19.977907 -346.153839
v 944.291321 25.060102 -371.794861
v 944.291321 29.887867 -397.435883
v 944.291321 36.710480 -423.076935
v 944.291321 43.707874 -448.717957
v 944.291321 45.243069 -474.358978
v 944.291321 44.203899 -500.000000
v 965.251526 60.076088 498.370789
v 969.279785 58.256401 471.499481
v 973.638611 54.842785 444.238129
v 975.488708 47.620609 417.897247
v 974.654297 39.783234 392.457855
v 972.370300 32.709377 367.336395
v 967.555969 22.801508 343.183533
v 962.566833 13.244729 319.309875
v 959.957031 7.660692 294.742615
v 959.645691 5.873229 269.230774
v 959.645691 5.500133 243.589737
v 959.645691 5.501486 217.948715
v 959.645691 5.506279 192.307693
v 959.645691 5.505558 166.666672
v 959.645691 5.518702 141.025635
v 959.645691 5.504720 115.384613
v 959.645691 5.514265 89.743591
v 959.645691 5.510320 64.102562
v 959.519287 7.129094 37.841221
v 959.249939 10.565132 10.878568
v 959.123169 12.189926 -15.384340
v 959.088257 12.628011 -41.196575
v 959.175781 11.522642 -66.408371
v 959.450134 8.011895 -90.703041
v 959.651245 5.559556 -115.407082
v 959.645935 5.511173 -141.026306
v 959.645691 5.508752 -166.666672
v 959.645691 5.507402 -192.307693
v 959.645691 5.502220 -217.948715
v 959.645691 5.500085 -243.589737
v 959.645691 6.273267 -269.230774
v 959.645691 9.623835 -294.871796
v 959.645691 14.236021 -320.512817
v 959.645691 18.925116 -346.153839
v 959.645691 22.213743 -371.794861
v 959.645691 26.769478 -397.435883
v 959.645691 34.803371 -423.076935
v 959.645691 43.333370 -448.717957
v 959.645691 48.044418 -474.358978
v 959.645691 48.132095 -500.000000
v 977.349182 54.414749 499.355042
v 980.544800 52.853760 472.684082
v 983.786316 49.176098 445.826752
v 985.231384 42.782841 419.644806
v 984.600281 35.826797 394.165833
v 982.909607 29.154894 368.927063
v 979.376282 19.631517 344.431671
v 976.191162 11.418607 320.018677
v 975.000000 7.417113 294.871796
v 975.000000 5.933455 269.230774
v 975.000000 5.500000 243.589737
v 975.000000 5.500000 217.948715
v 975.000000 5.500000 192.307693
v 975.000000 5.500000 166.666672
v 975.000000 5.500000 141.025635
v 975.000000 5.500000 115.384613
v 975.000000 5.500000 89.743591
v 975.000000 5.500000 64.102562
v 975.000000 5.500000 38.461540
v 974.956360 6.057480 12.606373
v 974.911011 6.636878 -13.257213
v 974.892822 6.868956 -38.987385
v 974.927612 6.424972 -64.457863
v 974.998718 5.516761 -89.750031
v 975.000000 5.500000 -115.384613
v 975.000000 5.500000 -141.025635
v 975.000000 5.500000 -166.666672
v 975.000000 5.500000 -192.307693
v 975.000000 5.500000 -217.948715
v 975.000000 5.500000 -243.589737
v 975.000000 6.309506 -269.230774
v 975.000000 9.765345 -294.871796
v 975.000000 13.946525 -320.512817
v 975.000000 17.117270 -346.153839
v 975.000000 18.695045 -371.794861
v 975.000000 23.098774 -397.435883
v 975.000000 32.275646 -423.076935
v 975.000000 41.911499 -448.717957
v 975.000000 48.904690 -474.358978
v 975.000000 49.475555 -500.000000
vn -0.4879 0.7471 -0.4513
vn -0.4005 0.7309 -0.5526
vn -0.2781 0.7845 -0.5542
vn -0.1655 0.9563 -0.2412
vn -0.0725 0.9966 0.0381
vn -0.0584 0.9943 -0.0897
vn -0.0199 0.9661 -0.2573
vn 0.0175 0.9701 -0.2422
vn 0.0269 0.9916 -0.1266
vn 0.0134 0.9991 -0.0401
vn -0.0011 1.0000 0.0012
vn -0.0869 0.9933 0.0763
vn -0.3217 0.9378 0.1308
vn -0.4734 0.8758 0.0945
vn -0.5098 0.8601 0.0174
vn -0.5282 0.8411 0.1164
vn -0.5743 0.8045 0.1516
vn -0.6295 0.7617 0.1535
vn -0.6376 0.7516 0.1689
vn -0.6480 0.7511 0.1263
vn -0.6036 0.7822 0.1546
vn -0.5735 0.8188 0.0264
vn -0.4646 0.8852 0.0218
vn -0.3448 0.9223 0.1748
vn -0.3591 0.9293 0.0860
vn -0.2991 0.9506 0.0828
vn -0.1414 0.9839 0.1090
vn -0.1328 0.9911 0.0008
vn -0.1328 0.9911 0.0009
vn -0.1215 0.9889 -0.0855
vn -0.1418 0.9766 -0.1616
vn -0.3647 0.9052 -0.2181
vn -0.3092 0.9331 -0.1834
vn -0.2179 0.9702 -0.1059
vn -0.1275 0.9880 0.0877
vn -0.1055 0.9791 0.1741
vn -0.0770 0.9781 0.1934
vn 0.0798 0.9829 0.1660
vn 0.2517 0.9593 0.1283
vn 0.2463 0.9687 0.0307
vn -0.4683 0.7238 -0.5068
vn -0.3913 0.6986 -0.5990
vn -0.2703 0.7756 -0.5704
vn -0.1470 0.9533 -0.2640
vn -0.0378 0.9991 0.0208
vn -0.0217 0.9953 -0.0941
vn -0.0005 0.9620 -0.2731
vn 0.0215 0.9690 -0.2462
vn 0.0183 0.9923 -0.1226
vn 0.0083 0.9993 -0.0370
vn -0.0094 0.9997 0.0238
vn -0.1326 0.9806 0.1446
vn -0.3597 0.9078 0.2156
vn -0.5178 0.8417 0.1529
vn -0.5668 0.8231 0.0361
vn -0.5812 0.8070 0.1045
vn -0.6193 0.7634 0.1836
vn -0.6740 0.7217 0.1577
vn -0.6706 0.7226 0.1678
vn -0.6709 0.7336 0.1080
vn -0.6172 0.7755 0.1332
vn -0.5972 0.8019 0.0149
vn -0.5030 0.8625 -0.0556
vn -0.3490 0.9314 0.1035
vn -0.2515 0.9614 0.1114
vn -0.2253 0.9738 0.0298
vn -0.0891 0.9936 0.0690
vn -0.0647 0.9979 0.0007
vn -0.0639 0.9980 0.0008
vn -0.0764 0.9952 -0.0610
vn -0.1591 0.9783 -0.1326
vn -0.3017 0.9326 -0.1979
vn -0.2692 0.9411 -0.2048
vn -0.1937 0.9709 -0.1406
vn -0.1149 0.9914 0.0621
vn -0.0842 0.9828 0.1641
vn -0.0321 0.9890 0.1443
vn 0.1182 0.9866 0.1124
vn 0.2709 0.9576 0.0980
vn 0.2766 0.9604 0.0343
vn -0.4695 0.6959 -0.5434
vn -0.4273 0.6389 -0.6397
vn -0.2925 0.7205 -0.6288
vn -0.1057 0.9286 -0.3557
vn 0.0387 0.9990 -0.0229
vn 0.0657 0.9931 -0.0969
vn 0.0333 0.9628 -0.2683
vn -0.0056 0.9706 -0.2406
vn -0.0281 0.9925 -0.1191
vn -0.0278 0.9990 -0.0354
vn -0.0408 0.9958 0.0814
vn -0.2285 0.9359 0.2681
vn -0.4397 0.8328 0.3363
vn -0.5822 0.7726 0.2531
vn -0.6387 0.7667 0.0654
vn -0.6577 0.7461 0.1036
vn -0.6671 0.7148 0.2098
vn -0.7174 0.6717 0.1848
vn -0.7037 0.6965 0.1405
vn -0.7018 0.7082 0.0764
vn -0.6558 0.7503 0.0840
vn -0.5938 0.8035 -0.0421
vn -0.4884 0.8568 -0.1657
vn -0.3232 0.9446 -0.0575
vn -0.0961 0.9936 0.0600
vn -0.0667 0.9978 0.0006
vn -0.0110 0.9998 0.0152
vn 0.0035 1.0000 -0.0000
vn 0.0041 1.0000 0.0003
vn -0.0070 0.9999 -0.0126
vn -0.1476 0.9853 -0.0856
vn -0.1838 0.9697 -0.1610
vn -0.1371 0.9628 -0.2329
vn -0.0900 0.9820 -0.1659
vn -0.0778 0.9966 0.0283
vn -0.0338 0.9881 0.1502
vn -0.0136 0.9958 0.0908
vn 0.1219 0.9923 0.0216
vn 0.2941 0.9553 0.0302
vn 0.3029 0.9520 0.0442
vn -0.3457 0.7528 -0.5601
vn -0.3421 0.6406 -0.6874
vn -0.2231 0.6564 -0.7206
vn -0.0265 0.8857 -0.4635
vn 0.1103 0.9911 -0.0748
vn 0.1085 0.9914 -0.0738
vn -0.0004 0.9749 -0.2228
vn -0.1459 0.9677 -0.2058
vn -0.2094 0.9717 -0.1091
vn -0.2027 0.9784 -0.0404
vn -0.1836 0.9755 0.1214
vn -0.2904 0.8769 0.3831
vn -0.4486 0.7675 0.4579
vn -0.5845 0.7334 0.3471
vn -0.6354 0.7648 0.1070
vn -0.6630 0.7410 0.1064
vn -0.6538 0.7205 0.2311
vn -0.6936 0.6884 0.2122
vn -0.6947 0.7077 0.1289
vn -0.6690 0.7415 0.0517
vn -0.6257 0.7801 -0.0030
vn -0.5235 0.8372 -0.1582
vn -0.4213 0.8633 -0.2781
vn -0.2609 0.9410 -0.2155
vn -0.0357 0.9987 -0.0352
vn 0.0029 1.0000 -0.0015
vn 0.0037 1.0000 0.0006
vn 0.0041 1.0000 -0.0001
vn 0.0017 1.0000 0.0005
vn 0.0027 0.9999 0.0141
vn -0.0522 0.9979 -0.0391
vn -0.0493 0.9860 -0.1595
vn -0.0232 0.9719 -0.2343
vn -0.0875 0.9812 -0.1722
vn -0.0724 0.9974 -0.0030
vn 0.0214 0.9914 0.1292
vn 0.0541 0.9970 0.0547
vn 0.1802 0.9809 -0.0730
vn 0.2879 0.9575 -0.0183
vn 0.2584 0.9638 0.0660
vn -0.1860 0.8071 -0.5603
vn -0.1892 0.6754 -0.7127
vn -0.0997 0.6038 -0.7909
vn 0.0393 0.8380 -0.5443
vn 0.1203 0.9869 -0.1075
vn 0.0809 0.9967 -0.0087
vn -0.1385 0.9833 -0.1182
vn -0.3713 0.9211 -0.1169
vn -0.4620 0.8832 -0.0811
vn -0.4590 0.8871 -0.0487
vn -0.4365 0.8928 0.1109
vn -0.4401 0.8010 0.4059
vn -0.4359 0.7251 0.5332
vn -0.5005 0.7542 0.4250
vn -0.5654 0.8099 0.1559
vn -0.5885 0.8001 0.1160
vn -0.5945 0.7558 0.2744
vn -0.5989 0.7615 0.2480
vn -0.6100 0.7843 0.1131
vn -0.5570 0.8305 -0.0082
vn -0.5250 0.8471 -0.0823
vn -0.4607 0.8514 -0.2507
vn -0.3690 0.8497 -0.3766
vn -0.2308 0.9128 -0.3369
vn -0.0567 0.9915 -0.1167
vn 0.0004 0.9999 -0.0128
vn 0.0069 1.0000 0.0019
vn 0.0022 1.0000 0.0019
vn -0.0011 1.0000 0.0009
vn -0.0007 0.9999 0.0134
vn 0.0011 0.9996 -0.0271
vn -0.0031 0.9891 -0.1473
vn -0.1000 0.9702 -0.2208
vn -0.1442 0.9729 -0.1807
vn -0.0708 0.9958 -0.0578
vn 0.0618 0.9943 0.0864
vn 0.1003 0.9949 0.0128
vn 0.1642 0.9773 -0.1339
vn 0.1878 0.9821 -0.0127
vn 0.1300 0.9861 0.1034
vn 0.0495 0.8252 -0.5627
vn 0.0257 0.7024 -0.7113
vn 0.0046 0.5827 -0.8127
vn 0.0076 0.8157 -0.5784
vn 0.0245 0.9939 -0.1079
vn -0.0571 0.9948 0.0846
vn -0.3108 0.9499 0.0334
vn -0.5385 0.8426 -0.0059
vn -0.6202 0.7830 -0.0480
vn -0.6176 0.7845 -0.0565
vn -0.5886 0.8038 0.0866
vn -0.5075 0.7777 0.3710
vn -0.3757 0.7566 0.5352
vn -0.3214 0.8202 0.4733
vn -0.3769 0.8989 0.2233
vn -0.4305 0.8901 0.1497
vn -0.4549 0.8312 0.3196
vn -0.3994 0.8737 0.2778
vn -0.4191 0.9012 0.1101
vn -0.4135 0.9097 -0.0373
vn -0.4198 0.8993 -0.1228
vn -0.3875 0.8694 -0.3065
vn -0.3068 0.8340 -0.4586
vn -0.2016 0.8798 -0.4305
vn -0.0688 0.9782 -0.1959
vn -0.0025 0.9996 -0.0279
vn 0.0021 1.0000 0.0026
vn 0.0022 1.0000 0.0023
vn 0.0063 1.0000 0.0026
vn 0.0036 0.9999 0.0134
vn -0.0093 0.9998 -0.0163
vn -0.0738 0.9914 -0.1081
vn -0.1857 0.9595 -0.2120
vn -0.1053 0.9736 -0.2027
vn -0.0021 0.9939 -0.1105
vn 0.0696 0.9965 0.0472
vn 0.0618 0.9981 -0.0032
vn 0.0370 0.9896 -0.1393
vn -0.0014 1.0000 0.0085
vn -0.0364 0.9871 0.1559
vn 0.3255 0.7960 -0.5103
vn 0.2553 0.7069 -0.6597
vn 0.0813 0.6277 -0.7742
vn -0.0644 0.8101 -0.5827
vn -0.0999 0.9911 -0.0878
vn -0.1930 0.9657 0.1738
vn -0.3896 0.9048 0.1716
vn -0.5914 0.8017 0.0867
vn -0.6750 0.7376 -0.0209
vn -0.6775 0.7325 -0.0664
vn -0.6323 0.7735 0.0438
vn -0.4925 0.8163 0.3018
vn -0.3085 0.8163 0.4883
vn -0.1610 0.8750 0.4566
vn -0.1437 0.9550 0.2594
vn -0.1839 0.9611 0.2060
vn -0.2102 0.9119 0.3525
vn -0.1930 0.9322 0.3063
vn -0.2182 0.9679 0.1246
vn -0.2413 0.9701 -0.0253
vn -0.2575 0.9557 -0.1428
vn -0.2304 0.9053 -0.3569
vn -0.1881 0.8270 -0.5298
vn -0.1198 0.8599 -0.4963
vn -0.0560 0.9654 -0.2548
vn -0.0167 0.9990 -0.0424
vn 0.0023 1.0000 0.0016
vn -0.0008 1.0000 -0.0009
vn 0.0005 1.0000 0.0005
vn 0.0066 0.9999 0.0145
vn -0.0021 0.9997 0.0250
vn -0.1087 0.9911 -0.0771
vn -0.0879 0.9763 -0.1976
vn 0.0147 0.9709 -0.2391
vn 0.0836 0.9861 -0.1437
vn 0.0724 0.9957 0.0577
vn -0.0292 0.9991 0.0306
vn -0.1245 0.9869 -0.1023
vn -0.1844 0.9825 0.0252
vn -0.1732 0.9714 0.1624
vn 0.3860 0.8063 -0.4482
vn 0.2873 0.7527 -0.5924
vn 0.0446 0.7136 -0.6992
vn -0.1267 0.8195 -0.5589
vn -0.1842 0.9804 -0.0699
vn -0.2278 0.9445 0.2367
vn -0.3579 0.8960 0.2629
vn -0.5469 0.8221 0.1585
vn -0.6431 0.7658 0.0012
vn -0.6457 0.7592 -0.0819
vn -0.5979 0.8015 -0.0104
vn -0.4517 0.8650 0.2185
vn -0.2559 0.8777 0.4051
vn -0.0918 0.9110 0.4021
vn -0.0339 0.9682 0.2480
vn -0.0355 0.9712 0.2358
vn -0.0628 0.9263 0.3716
vn -0.0619 0.9438 0.3246
vn -0.0710 0.9873 0.1422
vn -0.0610 0.9979 -0.0206
vn -0.0613 0.9861 -0.1542
vn -0.0648 0.9204 -0.3855
vn -0.0619 0.8226 -0.5652
vn -0.0313 0.8480 -0.5291
vn -0.0175 0.9617 -0.2734
vn -0.0245 0.9981 -0.0564
vn -0.0092 1.0000 -0.0033
vn -0.0059 1.0000 0.0017
vn -0.0048 1.0000 -0.0013
vn 0.0005 0.9999 0.0115
vn 0.0029 0.9991 0.0421
vn -0.0257 0.9986 -0.0465
vn 0.0076 0.9758 -0.2184
vn 0.0782 0.9599 -0.2693
vn 0.1264 0.9801 -0.1528
vn 0.0924 0.9915 0.0921
vn -0.0412 0.9934 0.1071
vn -0.1935 0.9805 -0.0335
vn -0.2556 0.9663 0.0310
vn -0.1913 0.9756 0.1075
vn 0.2660 0.8747 -0.4050
vn 0.1480 0.8436 -0.5161
vn -0.1286 0.7903 -0.5991
vn -0.2576 0.8042 -0.5356
vn -0.2352 0.9681 -0.0867
vn -0.1828 0.9500 0.2532
vn -0.2465 0.9198 0.3054
vn -0.4005 0.8919 0.2098
vn -0.5107 0.8596 0.0183
vn -0.5227 0.8471 -0.0959
vn -0.4636 0.8845 -0.0518
vn -0.3336 0.9279 0.1661
vn -0.1538 0.9303 0.3331
vn 0.0008 0.9360 0.3521
vn 0.0701 0.9705 0.2306
vn 0.0345 0.9671 0.2522
vn 0.0181 0.9247 0.3802
vn 0.0614 0.9429 0.3272
vn 0.0643 0.9869 0.1480
vn 0.0775 0.9967 -0.0259
vn 0.0802 0.9856 -0.1489
vn 0.0579 0.9217 -0.3835
vn 0.0335 0.8199 -0.5716
vn 0.0208 0.8438 -0.5363
vn 0.0034 0.9622 -0.2723
vn -0.0004 0.9987 -0.0507
vn -0.0128 0.9999 -0.0076
vn -0.0054 1.0000 -0.0015
vn -0.0002 1.0000 -0.0034
vn -0.0049 0.9999 0.0116
vn 0.0024 0.9993 0.0361
vn 0.0645 0.9963 -0.0569
vn 0.0646 0.9717 -0.2272
vn 0.0744 0.9540 -0.2906
vn 0.1155 0.9813 -0.1536
vn 0.0805 0.9872 0.1377
vn -0.0493 0.9822 0.1811
vn -0.1851 0.9818 0.0437
vn -0.2284 0.9735 0.0154
vn -0.1416 0.9894 0.0325
vn 0.1068 0.9324 -0.3452
vn -0.0314 0.9198 -0.3910
vn -0.3001 0.8445 -0.4435
vn -0.4052 0.7536 -0.5176
vn -0.2874 0.9422 -0.1721
vn -0.0866 0.9740 0.2092
vn -0.0841 0.9513 0.2967
vn -0.1725 0.9584 0.2275
vn -0.2589 0.9654 0.0316
vn -0.2814 0.9538 -0.1053
vn -0.1951 0.9790 -0.0595
vn -0.0671 0.9824 0.1742
vn 0.0955 0.9432 0.3182
vn 0.2430 0.9188 0.3111
vn 0.2465 0.9363 0.2502
vn 0.1316 0.9547 0.2668
vn 0.1686 0.9155 0.3652
vn 0.2262 0.9183 0.3248
vn 0.2557 0.9539 0.1574
vn 0.2604 0.9653 -0.0176
vn 0.2571 0.9560 -0.1413
vn 0.2320 0.9013 -0.3657
vn 0.1726 0.8144 -0.5541
vn 0.1051 0.8484 -0.5189
vn 0.0409 0.9639 -0.2629
vn 0.0134 0.9988 -0.0471
vn -0.0004 1.0000 -0.0046
vn 0.0005 1.0000 -0.0023
vn -0.0073 1.0000 -0.0033
vn 0.0034 1.0000 0.0092
vn 0.0722 0.9974 -0.0056
vn 0.1932 0.9764 -0.0960
vn 0.1390 0.9684 -0.2072
vn 0.0861 0.9525 -0.2920
vn 0.1179 0.9805 -0.1575
vn 0.1233 0.9765 0.1769
vn 0.0272 0.9657 0.2584
vn -0.0951 0.9919 0.0846
vn -0.1180 0.9929 -0.0121
vn -0.0353 0.9992 -0.0201
vn -0.1108 0.9593 -0.2598
vn -0.2560 0.9394 -0.2281
vn -0.4600 0.8397 -0.2887
vn -0.4893 0.7057 -0.5125
vn -0.3002 0.8961 -0.3270
vn -0.0006 0.9941 0.1088
vn 0.0345 0.9626 0.2688
vn -0.0056 0.9738 0.2272
vn -0.0556 0.9974 0.0450
vn -0.0683 0.9908 -0.1167
vn 0.0084 0.9973 -0.0736
vn 0.1888 0.9712 0.1455
vn 0.3323 0.8993 0.2842
vn 0.4208 0.8618 0.2833
vn 0.2837 0.8987 0.3344
vn 0.2306 0.9341 0.2725
vn 0.2947 0.8959 0.3324
vn 0.3551 0.8844 0.3030
vn 0.4353 0.8866 0.1565
vn 0.4594 0.8882 0.0010
vn 0.4444 0.8873 -0.1233
vn 0.4274 0.8418 -0.3297
vn 0.3427 0.7944 -0.5014
vn 0.1999 0.8695 -0.4516
vn 0.0703 0.9742 -0.2144
vn -0.0156 0.9995 -0.0292
vn 0.0060 0.9999 -0.0089
vn -0.0085 1.0000 0.0029
vn -0.0024 1.0000 -0.0058
vn 0.0648 0.9973 -0.0334
vn 0.2038 0.9749 -0.0893
vn 0.2650 0.9589 -0.1017
vn 0.2294 0.9550 -0.1878
vn 0.1424 0.9512 -0.2736
vn 0.1433 0.9776 -0.1540
vn 0.1606 0.9695 0.1853
vn 0.1383 0.9381 0.3175
vn 0.0564 0.9907 0.1236
vn 0.0019 0.9996 -0.0281
vn 0.0348 0.9977 -0.0587
vn -0.3746 0.9152 -0.1488
vn -0.4761 0.8759 -0.0787
vn -0.5549 0.7929 -0.2517
vn -0.4687 0.6677 -0.5784
vn -0.2470 0.8177 -0.5200
vn 0.0518 0.9983 -0.0255
vn 0.0951 0.9634 0.2508
vn 0.0730 0.9713 0.2262
vn 0.0541 0.9968 0.0589
vn 0.0336 0.9917 -0.1244
vn 0.0771 0.9868 -0.1422
vn 0.3021 0.9527 0.0333
vn 0.4104 0.8843 0.2226
vn 0.2769 0.8740 0.3994
vn 0.1209 0.9012 0.4161
vn 0.1997 0.9538 0.2246
vn 0.3623 0.8875 0.2848
vn 0.4274 0.8645 0.2644
vn 0.5250 0.8412 0.1293
vn 0.5733 0.8192 0.0129
vn 0.5613 0.8222 -0.0944
vn 0.5270 0.7988 -0.2901
vn 0.4141 0.8078 -0.4196
vn 0.2460 0.9107 -0.3318
vn 0.0385 0.9875 -0.1526
vn -0.0134 0.9998 -0.0152
vn -0.0166 0.9998 -0.0088
vn -0.0474 0.9989 0.0071
vn 0.0367 0.9980 -0.0520
vn 0.1544 0.9817 -0.1115
vn 0.2453 0.9599 -0.1357
vn 0.3003 0.9472 -0.1127
vn 0.3211 0.9303 -0.1773
vn 0.2159 0.9470 -0.2380
vn 0.1802 0.9736 -0.1400
vn 0.1875 0.9666 0.1749
vn 0.2343 0.9165 0.3241
vn 0.2131 0.9624 0.1683
vn 0.1509 0.9884 -0.0178
vn 0.1136 0.9919 -0.0574
vn -0.4957 0.8665 -0.0589
vn -0.5110 0.8589 -0.0351
vn -0.5009 0.7928 -0.3471
vn -0.3710 0.6182 -0.6930
vn -0.1685 0.7248 -0.6680
vn 0.0817 0.9837 -0.1605
vn 0.1699 0.9619 0.2141
vn 0.1855 0.9612 0.2041
vn 0.1959 0.9790 0.0558
vn 0.1963 0.9750 -0.1041
vn 0.2125 0.9567 -0.1992
vn 0.2933 0.9551 -0.0415
vn 0.2860 0.9280 0.2389
vn 0.1783 0.8578 0.4821
vn 0.2203 0.8834 0.4135
vn 0.2320 0.9599 0.1573
vn 0.3660 0.9101 0.1943
vn 0.4722 0.8531 0.2219
vn 0.5630 0.8206 0.0986
vn 0.5905 0.8071 0.0024
vn 0.5908 0.8046 -0.0601
vn 0.5211 0.8246 -0.2202
vn 0.3831 0.8635 -0.3280
vn 0.2261 0.9506 -0.2127
vn 0.0017 0.9973 -0.0733
vn -0.0225 0.9997 -0.0036
vn -0.0927 0.9954 0.0257
vn -0.0548 0.9977 -0.0404
vn 0.0521 0.9890 -0.1385
vn 0.1330 0.9763 -0.1710
vn 0.2475 0.9501 -0.1899
vn 0.3683 0.9171 -0.1528
vn 0.3695 0.9177 -0.1462
vn 0.2711 0.9428 -0.1939
vn 0.2017 0.9731 -0.1113
vn 0.2058 0.9680 0.1433
vn 0.2985 0.9058 0.3008
vn 0.2877 0.9346 0.2090
vn 0.1556 0.9867 0.0474
vn 0.0271 0.9996 -0.0120
vn -0.3265 0.9447 -0.0312
vn -0.3214 0.9450 -0.0604
vn -0.3012 0.8462 -0.4395
vn -0.2172 0.5824 -0.7834
vn -0.0892 0.6374 -0.7654
vn 0.1096 0.9506 -0.2904
vn 0.2373 0.9597 0.1504
vn 0.2812 0.9452 0.1661
vn 0.2963 0.9544 0.0360
vn 0.3053 0.9472 -0.0976
vn 0.2652 0.9470 -0.1811
vn 0.2187 0.9734 -0.0683
vn 0.2339 0.9431 0.2363
vn 0.2890 0.8511 0.4383
vn 0.3589 0.8428 0.4011
vn 0.3189 0.9328 0.1682
vn 0.2722 0.9569 0.1017
vn 0.4319 0.8874 0.1614
vn 0.5250 0.8475 0.0791
vn 0.5270 0.8499 0.0026
vn 0.5248 0.8508 -0.0278
vn 0.4521 0.8816 -0.1353
vn 0.3093 0.9249 -0.2212
vn 0.0973 0.9872 -0.1266
vn -0.0293 0.9996 0.0057
vn -0.0785 0.9964 0.0319
vn -0.0868 0.9961 0.0141
vn -0.0103 0.9920 -0.1259
vn 0.0020 0.9837 -0.1796
vn 0.0904 0.9608 -0.2619
vn 0.2559 0.9250 -0.2810
vn 0.3703 0.9121 -0.1762
vn 0.3632 0.9254 -0.1084
vn 0.2632 0.9539 -0.1444
vn 0.1558 0.9847 -0.0775
vn 0.1791 0.9790 0.0973
vn 0.2774 0.9205 0.2753
vn 0.2419 0.9309 0.2737
vn 0.0869 0.9858 0.1439
vn -0.0326 0.9957 0.0867
vn -0.0538 0.9984 -0.0157
vn -0.0674 0.9949 -0.0751
vn -0.0638 0.8769 -0.4764
vn -0.0577 0.5682 -0.8208
vn -0.0202 0.5780 -0.8158
vn 0.1337 0.9106 -0.3910
vn 0.2420 0.9659 0.0917
vn 0.2656 0.9509 0.1586
vn 0.2445 0.9683 0.0516
vn 0.1968 0.9777 -0.0727
vn 0.1387 0.9763 -0.1662
vn 0.1554 0.9827 -0.1004
vn 0.2099 0.9634 0.1667
vn 0.3226 0.8785 0.3523
vn 0.3954 0.8277 0.3982
vn 0.2685 0.9321 0.2432
vn 0.1912 0.9765 0.0993
vn 0.2893 0.9547 0.0697
vn 0.4014 0.9142 0.0548
vn 0.4061 0.9138 0.0093
vn 0.4076 0.9130 -0.0141
vn 0.3649 0.9295 -0.0533
vn 0.2135 0.9696 -0.1198
vn 0.0364 0.9988 -0.0337
vn -0.0546 0.9971 0.0529
vn -0.0902 0.9951 0.0414
vn -0.0453 0.9974 -0.0563
vn -0.0251 0.9891 -0.1449
vn 0.0103 0.9709 -0.2394
vn 0.0921 0.9243 -0.3704
vn 0.2187 0.9119 -0.3474
vn 0.3216 0.9293 -0.1814
vn 0.2952 0.9533 -0.0636
vn 0.1820 0.9801 -0.0788
vn 0.0632 0.9967 -0.0513
vn 0.0812 0.9950 0.0585
vn 0.1443 0.9547 0.2602
vn 0.1039 0.9389 0.3280
vn -0.0468 0.9698 0.2393
vn -0.1372 0.9746 0.1772
vn 0.0401 0.9992 -0.0002
vn 0.0312 0.9967 -0.0754
vn 0.0887 0.8676 -0.4892
vn 0.0727 0.5705 -0.8180
vn 0.0343 0.5550 -0.8312
vn 0.1262 0.8858 -0.4466
vn 0.1668 0.9827 0.0803
vn 0.1492 0.9656 0.2129
vn 0.0795 0.9900 0.1164
vn 0.0073 0.9997 -0.0228
vn -0.0286 0.9846 -0.1723
vn -0.0308 0.9830 -0.1812
vn 0.1537 0.9876 0.0326
vn 0.2976 0.9190 0.2585
vn 0.2726 0.8433 0.4632
vn 0.1681 0.9203 0.3533
vn 0.0651 0.9878 0.1416
vn 0.0310 0.9994 0.0173
vn 0.1266 0.9920 0.0037
vn 0.1894 0.9819 0.0026
vn 0.2036 0.9790 -0.0115
vn 0.1910 0.9816 -0.0065
vn 0.1127 0.9928 -0.0404
vn 0.0384 0.9983 0.0427
vn -0.0253 0.9940 0.1060
vn -0.0148 0.9992 0.0380
vn -0.0020 0.9968 -0.0803
vn 0.0122 0.9808 -0.1947
vn 0.0653 0.9393 -0.3368
vn 0.1065 0.8978 -0.4272
vn 0.1819 0.9060 -0.3821
vn 0.2593 0.9514 -0.1664
vn 0.1941 0.9810 -0.0034
vn 0.0609 0.9981 0.0048
vn -0.0395 0.9988 -0.0285
vn -0.0582 0.9972 0.0460
vn -0.0373 0.9671 0.2517
vn -0.0903 0.9242 0.3710
vn -0.1707 0.9401 0.2950
vn -0.1554 0.9738 0.1661
vn 0.0633 0.9980 0.0032
vn 0.0824 0.9889 -0.1233
vn 0.2110 0.8186 -0.5343
vn 0.2172 0.5608 -0.7990
vn 0.1545 0.5570 -0.8160
vn 0.1267 0.8865 -0.4450
vn 0.1031 0.9882 0.1129
vn 0.0129 0.9579 0.2869
vn -0.0662 0.9799 0.1882
vn -0.1066 0.9937 0.0338
vn -0.1512 0.9764 -0.1542
vn -0.1301 0.9575 -0.2574
vn 0.0123 0.9956 -0.0925
vn 0.0030 0.9703 0.2419
vn -0.0456 0.8730 0.4856
vn -0.0514 0.8971 0.4388
vn -0.2472 0.9454 0.2125
vn -0.3581 0.9335 0.0200
vn -0.3052 0.9509 -0.0514
vn -0.1495 0.9871 -0.0573
vn -0.0589 0.9981 -0.0198
vn -0.0337 0.9994 -0.0125
vn 0.0686 0.9971 -0.0323
vn 0.1147 0.9903 0.0785
vn 0.0723 0.9837 0.1648
vn 0.0692 0.9969 0.0373
vn 0.0895 0.9915 -0.0944
vn 0.0751 0.9682 -0.2386
vn 0.0606 0.9231 -0.3798
vn 0.0828 0.8858 -0.4566
vn 0.1225 0.9209 -0.3702
vn 0.1462 0.9814 -0.1244
vn 0.0700 0.9952 0.0686
vn -0.0134 0.9977 0.0662
vn -0.0895 0.9960 0.0068
vn -0.1603 0.9849 0.0660
vn -0.1946 0.9461 0.2587
vn -0.2264 0.8903 0.3952
vn -0.2142 0.9380 0.2724
vn -0.1133 0.9896 0.0890
vn 0.1144 0.9933 -0.0136
vn 0.1635 0.9673 -0.1939
vn 0.2917 0.7529 -0.5899
vn 0.3141 0.5437 -0.7782
vn 0.2655 0.5752 -0.7737
vn 0.1201 0.9113 -0.3939
vn 0.0415 0.9881 0.1482
vn -0.0273 0.9382 0.3449
vn -0.0990 0.9652 0.2421
vn -0.1249 0.9903 0.0606
vn -0.1039 0.9869 -0.1236
vn -0.1285 0.9539 -0.2712
vn -0.1626 0.9780 -0.1303
vn -0.1225 0.9652 0.2310
vn -0.0868 0.8633 0.4971
vn -0.2325 0.8375 0.4944
vn -0.5336 0.7928 0.2945
vn -0.6502 0.7595 0.0210
vn -0.5864 0.7980 -0.1389
vn -0.4394 0.8874 -0.1393
vn -0.2457 0.9636 -0.1052
vn -0.0025 0.9946 -0.1033
vn 0.1795 0.9795 -0.0918
vn 0.2080 0.9681 0.1399
vn 0.2009 0.9571 0.2089
vn 0.1750 0.9807 0.0868
vn 0.1599 0.9811 -0.1092
vn 0.1539 0.9526 -0.2623
vn 0.1588 0.8947 -0.4175
vn 0.0970 0.8810 -0.4631
vn 0.0607 0.9420 -0.3302
vn 0.0307 0.9974 -0.0655
vn -0.0489 0.9934 0.1037
vn -0.0636 0.9937 0.0920
vn -0.1334 0.9894 0.0568
vn -0.2028 0.9735 0.1060
vn -0.2435 0.9277 0.2831
vn -0.2421 0.8886 0.3896
vn -0.1387 0.9735 0.1819
vn 0.0334 0.9994 0.0110
vn 0.0935 0.9923 -0.0809
vn 0.2130 0.9402 -0.2658
vn 0.3222 0.6985 -0.6390
vn 0.3507 0.5318 -0.7708
vn 0.3492 0.6054 -0.7152
vn 0.1570 0.9440 -0.2903
vn 0.0323 0.9829 0.1812
vn -0.0357 0.9210 0.3879
vn -0.0827 0.9601 0.2670
vn -0.0752 0.9945 0.0723
vn -0.1000 0.9911 -0.0885
vn -0.2470 0.9317 -0.2663
vn -0.2579 0.9530 -0.1592
vn -0.2800 0.9388 0.2005
vn -0.2776 0.8126 0.5125
vn -0.4531 0.6834 0.5725
vn -0.6601 0.6660 0.3473
vn -0.7354 0.6775 -0.0132
vn -0.7008 0.6863 -0.1943
vn -0.6159 0.7414 -0.2665
vn -0.2885 0.9177 -0.2731
vn 0.1121 0.9531 -0.2812
vn 0.2595 0.9609 -0.0966
vn 0.3181 0.9302 0.1832
vn 0.4002 0.8701 0.2877
vn 0.2752 0.9476 0.1620
vn 0.0725 0.9910 -0.1123
vn 0.0379 0.9529 -0.3010
vn 0.1551 0.8897 -0.4293
vn 0.0916 0.9095 -0.4055
vn -0.0006 0.9624 -0.2715
vn -0.0189 0.9996 -0.0219
vn -0.0204 0.9920 0.1246
vn -0.0612 0.9913 0.1162
vn -0.1233 0.9877 0.0964
vn -0.1664 0.9764 0.1374
vn -0.1815 0.9366 0.2996
vn -0.1256 0.9287 0.3488
vn -0.0054 0.9949 0.1002
vn 0.0992 0.9906 -0.0943
vn 0.0932 0.9791 -0.1808
vn 0.2348 0.9079 -0.3472
vn 0.3291 0.6532 -0.6820
vn 0.3577 0.5146 -0.7792
vn 0.3619 0.6735 -0.6445
vn 0.1903 0.9671 -0.1687
vn 0.0702 0.9736 0.2174
vn 0.0115 0.9159 0.4013
vn -0.0488 0.9638 0.2622
vn -0.0605 0.9925 0.1062
vn -0.2232 0.9747 -0.0160
vn -0.3690 0.9002 -0.2312
vn -0.4334 0.8798 -0.1952
vn -0.5265 0.8305 0.1818
vn -0.5769 0.6501 0.4945
vn -0.6036 0.5730 0.5544
vn -0.6862 0.6462 0.3341
vn -0.7494 0.6617 -0.0245
vn -0.7448 0.6304 -0.2188
vn -0.6689 0.6481 -0.3640
vn -0.3417 0.7890 -0.5106
vn 0.1436 0.9005 -0.4105
vn 0.2988 0.9491 -0.0995
vn 0.4006 0.9000 0.1716
vn 0.4327 0.8366 0.3359
vn 0.0748 0.9686 0.2372
vn -0.3463 0.9266 -0.1467
vn -0.2974 0.8816 -0.3666
vn -0.0353 0.9132 -0.4060
vn 0.0315 0.9442 -0.3279
vn -0.0124 0.9743 -0.2251
vn -0.0313 0.9991 -0.0270
vn -0.0143 0.9916 0.1282
vn -0.0594 0.9862 0.1546
vn -0.0900 0.9888 0.1187
vn -0.1105 0.9824 0.1504
vn -0.0730 0.9580 0.2773
vn 0.0216 0.9583 0.2850
vn 0.1628 0.9854 0.0496
vn 0.2207 0.9594 -0.1755
vn 0.1350 0.9602 -0.2445
vn 0.2284 0.8762 -0.4244
vn 0.2958 0.6171 -0.7292
vn 0.3080 0.5174 -0.7984
vn 0.2666 0.7716 -0.5775
vn 0.1806 0.9812 -0.0679
vn 0.0708 0.9627 0.2613
vn 0.0416 0.9174 0.3958
vn 0.0518 0.9543 0.2942
vn -0.0894 0.9786 0.1852
vn -0.3178 0.9441 0.0874
vn -0.4465 0.8764 -0.1804
vn -0.5153 0.8378 -0.1806
vn -0.6770 0.7134 0.1809
vn -0.7099 0.5391 0.4533
vn -0.6135 0.5981 0.5156
vn -0.6471 0.6986 0.3053
vn -0.6442 0.7614 -0.0729
vn -0.6864 0.6847 -0.2451
vn -0.5389 0.6567 -0.5276
vn -0.2708 0.6915 -0.6697
vn 0.0707 0.8653 -0.4963
vn 0.3572 0.9235 -0.1396
vn 0.4143 0.8898 0.1916
vn 0.0699 0.9267 0.3692
vn -0.3157 0.9284 0.1962
vn -0.5546 0.8164 -0.1612
vn -0.5131 0.7578 -0.4030
vn -0.3430 0.8595 -0.3790
vn -0.0235 0.9516 -0.3064
vn -0.0039 0.9770 -0.2130
vn -0.0091 0.9996 -0.0264
vn -0.0212 0.9895 0.1433
vn -0.0368 0.9853 0.1667
vn -0.0581 0.9895 0.1323
vn -0.0490 0.9897 0.1345
vn 0.0250 0.9735 0.2272
vn 0.1448 0.9648 0.2194
vn 0.2728 0.9620 -0.0079
vn 0.2621 0.9518 -0.1596
vn 0.1515 0.9488 -0.2773
vn 0.2023 0.8527 -0.4816
vn 0.2372 0.5944 -0.7684
vn 0.1979 0.5584 -0.8056
vn 0.1353 0.8352 -0.5330
vn 0.1095 0.9939 -0.0120
vn 0.0613 0.9546 0.2915
vn 0.1013 0.9262 0.3631
vn 0.1286 0.9419 0.3102
vn -0.0117 0.9607 0.2774
vn -0.2141 0.9543 0.2085
vn -0.4264 0.8990 -0.1001
vn -0.5757 0.8045 -0.1462
vn -0.7212 0.6518 0.2348
vn -0.6028 0.6275 0.4928
vn -0.5127 0.6757 0.5298
vn -0.5057 0.8300 0.2353
vn -0.4544 0.8805 -0.1355
vn -0.4051 0.8473 -0.3434
vn -0.2769 0.6665 -0.6922
vn -0.1813 0.6396 -0.7470
vn 0.1441 0.8006 -0.5817
vn 0.4233 0.8961 -0.1338
vn 0.3270 0.9076 0.2633
vn -0.1910 0.8844 0.4258
vn -0.3027 0.9338 0.1907
vn -0.5831 0.7940 -0.1718
vn -0.6278 0.6640 -0.4062
vn -0.4200 0.7871 -0.4518
vn -0.1107 0.9446 -0.3088
vn -0.1134 0.9821 -0.1503
vn -0.1480 0.9890 -0.0047
vn -0.1479 0.9784 0.1443
vn -0.1069 0.9809 0.1623
vn -0.0669 0.9898 0.1260
vn 0.0106 0.9961 0.0871
vn 0.1015 0.9806 0.1677
vn 0.2354 0.9613 0.1432
vn 0.3325 0.9425 -0.0349
vn 0.2775 0.9551 -0.1039
vn 0.1329 0.9478 -0.2898
vn 0.1477 0.8421 -0.5187
vn 0.1432 0.5949 -0.7909
vn 0.0955 0.5994 -0.7947
vn 0.0343 0.8640 -0.5024
vn 0.0091 1.0000 -0.0012
vn 0.0745 0.9581 0.2767
vn 0.1491 0.9438 0.2951
vn 0.1998 0.9270 0.3175
vn 0.0828 0.9340 0.3475
vn -0.0520 0.9522 0.3011
vn -0.2435 0.9698 0.0103
vn -0.4636 0.8858 -0.0212
vn -0.5928 0.7369 0.3251
vn -0.4848 0.6984 0.5265
vn -0.3154 0.7890 0.5272
vn -0.1541 0.9783 0.1386
vn -0.2256 0.9633 -0.1451
vn -0.1718 0.8486 -0.5003
vn -0.2044 0.6490 -0.7328
vn -0.0791 0.5999 -0.7961
vn 0.2310 0.7567 -0.6116
vn 0.3470 0.9353 -0.0686
vn 0.0543 0.9189 0.3908
vn -0.2599 0.8683 0.4225
vn -0.4888 0.8618 0.1355
vn -0.6391 0.7538 -0.1527
vn -0.6015 0.6690 -0.4366
vn -0.3295 0.7715 -0.5442
vn -0.2024 0.9272 -0.3152
vn -0.2823 0.9583 -0.0447
vn -0.3440 0.9378 0.0469
vn -0.3354 0.9346 0.1189
vn -0.2589 0.9591 0.1143
vn -0.1492 0.9869 0.0615
vn 0.0223 0.9995 0.0201
vn 0.1361 0.9865 0.0905
vn 0.2609 0.9621 0.0791
vn 0.3319 0.9422 -0.0446
vn 0.2667 0.9633 -0.0314
vn 0.0874 0.9528 -0.2909
vn 0.0975 0.8370 -0.5385
vn 0.0992 0.5996 -0.7941
vn 0.0533 0.6287 -0.7758
vn -0.0692 0.8872 -0.4562
vn -0.1199 0.9917 -0.0465
vn 0.0788 0.9749 0.2082
vn 0.1788 0.9566 0.2301
vn 0.2324 0.9239 0.3039
vn 0.1724 0.9001 0.4002
vn 0.0494 0.9339 0.3541
vn -0.0958 0.9909 0.0949
vn -0.2991 0.9457 0.1272
vn -0.3737 0.8271 0.4198
vn -0.2661 0.7813 0.5647
vn -0.0308 0.8826 0.4690
vn 0.0749 0.9897 0.1221
vn -0.2544 0.9568 -0.1406
vn -0.3164 0.7634 -0.5631
vn -0.2764 0.5899 -0.7587
vn -0.0763 0.5343 -0.8418
vn 0.1935 0.7835 -0.5905
vn 0.1195 0.9904 0.0692
vn -0.2849 0.8442 0.4540
vn -0.4258 0.8195 0.3835
vn -0.6496 0.7455 0.1494
vn -0.6704 0.7297 -0.1345
vn -0.6228 0.6432 -0.4454
vn -0.3923 0.7237 -0.5677
vn -0.3300 0.9052 -0.2677
vn -0.4055 0.9133 0.0384
vn -0.4810 0.8726 0.0845
vn -0.4613 0.8838 0.0780
vn -0.4050 0.9130 0.0492
vn -0.2750 0.9599 -0.0533
vn -0.0586 0.9950 -0.0810
vn 0.1133 0.9936 0.0034
vn 0.2234 0.9744 0.0240
vn 0.2766 0.9602 -0.0380
vn 0.2210 0.9751 0.0165
vn 0.0805 0.9486 -0.3061
vn 0.1110 0.8232 -0.5568
vn 0.0991 0.6083 -0.7875
vn 0.0334 0.6700 -0.7416
vn -0.0942 0.9115 -0.4003
vn -0.1499 0.9840 -0.0959
vn 0.0109 0.9968 0.0786
vn 0.1777 0.9688 0.1728
vn 0.2291 0.9361 0.2670
vn 0.2773 0.8764 0.3937
vn 0.2126 0.9005 0.3792
vn 0.0557 0.9818 0.1818
vn -0.1001 0.9666 0.2361
vn -0.0634 0.8808 0.4692
vn -0.0068 0.8286 0.5599
vn 0.0788 0.9134 0.3994
vn -0.0056 0.9818 0.1897
vn -0.3217 0.9369 -0.1370
vn -0.3384 0.7113 -0.6161
vn -0.2021 0.5206 -0.8295
vn -0.0760 0.4972 -0.8643
vn 0.0077 0.8635 -0.5043
vn -0.1897 0.9437 0.2710
vn -0.4096 0.7778 0.4767
vn -0.5150 0.7679 0.3809
vn -0.6237 0.7627 0.1712
vn -0.6466 0.7534 -0.1194
vn -0.6129 0.6590 -0.4360
vn -0.5474 0.6326 -0.5479
vn -0.4299 0.8744 -0.2250
vn -0.5155 0.8507 0.1030
vn -0.5447 0.8336 0.0917
vn -0.5186 0.8540 0.0422
vn -0.5005 0.8656 -0.0121
vn -0.3775 0.9082 -0.1808
vn -0.1891 0.9614 -0.2001
vn 0.0137 0.9965 -0.0821
vn 0.0932 0.9951 -0.0318
vn 0.1682 0.9846 -0.0474
vn 0.1917 0.9808 0.0346
vn 0.0177 0.9381 -0.3460
vn 0.0665 0.8158 -0.5745
vn 0.0301 0.6245 -0.7804
vn -0.0290 0.7003 -0.7133
vn -0.0725 0.9162 -0.3942
vn -0.0469 0.9931 -0.1072
vn 0.0070 0.9996 -0.0269
vn 0.1559 0.9842 0.0837
vn 0.2520 0.9409 0.2263
vn 0.2738 0.8882 0.3689
vn 0.2924 0.8753 0.3851
vn 0.2344 0.9344 0.2684
vn 0.1315 0.9515 0.2781
vn 0.1345 0.8696 0.4751
vn 0.1374 0.8244 0.5491
vn 0.1054 0.9083 0.4047
vn -0.0318 0.9637 0.2649
vn -0.0798 0.9762 -0.2015
vn -0.0713 0.7095 -0.7011
vn -0.1378 0.5043 -0.8524
vn -0.1788 0.5031 -0.8455
vn -0.2810 0.8888 -0.3621
vn -0.3335 0.8618 0.3823
vn -0.4164 0.7547 0.5070
vn -0.5783 0.7128 0.3969
vn -0.6825 0.7131 0.1602
vn -0.7180 0.6830 -0.1339
vn -0.6037 0.6551 -0.4543
vn -0.5590 0.6033 -0.5689
vn -0.5103 0.8322 -0.2169
vn -0.4794 0.8679 0.1304
vn -0.5072 0.8573 0.0884
vn -0.5272 0.8489 0.0388
vn -0.5431 0.8373 -0.0630
vn -0.4138 0.8612 -0.2950
vn -0.2379 0.9165 -0.3216
vn -0.0482 0.9865 -0.1567
vn 0.0256 0.9966 -0.0781
vn 0.0762 0.9938 -0.0806
vn 0.1213 0.9926 0.0027
vn -0.0425 0.9217 -0.3857
vn 0.0015 0.8314 -0.5557
vn -0.0557 0.6350 -0.7705
vn -0.1139 0.6941 -0.7108
vn -0.1001 0.8970 -0.4305
vn 0.0123 0.9893 -0.1455
vn 0.0239 0.9972 -0.0708
vn 0.1137 0.9935 -0.0102
vn 0.2265 0.9576 0.1780
vn 0.2786 0.8921 0.3557
vn 0.2860 0.8835 0.3709
vn 0.3259 0.9017 0.2840
vn 0.3241 0.8950 0.3066
vn 0.2433 0.8541 0.4597
vn 0.2874 0.7738 0.5644
vn 0.1630 0.8811 0.4440
vn 0.0973 0.9579 0.2701
vn 0.2599 0.9278 -0.2678
vn 0.1389 0.7138 -0.6864
vn -0.0600 0.5493 -0.8335
vn -0.2383 0.5379 -0.8086
vn -0.4379 0.8421 -0.3147
vn -0.3062 0.8673 0.3924
vn -0.3612 0.7492 0.5551
vn -0.5564 0.7128 0.4269
vn -0.6453 0.7461 0.1644
vn -0.6620 0.7302 -0.1690
vn -0.6499 0.6071 -0.4572
vn -0.5451 0.5799 -0.6055
vn -0.4825 0.8405 -0.2465
vn -0.3740 0.9196 0.1201
vn -0.4313 0.8945 0.1175
vn -0.4990 0.8639 0.0675
vn -0.4469 0.8843 -0.1349
vn -0.3315 0.8581 -0.3922
vn -0.1845 0.8858 -0.4258
vn -0.0316 0.9735 -0.2266
vn 0.0513 0.9921 -0.1148
vn 0.0662 0.9932 -0.0955
vn 0.0878 0.9955 -0.0347
vn 0.0314 0.9182 -0.3950
vn 0.0679 0.8493 -0.5235
vn -0.0611 0.6853 -0.7257
vn -0.1820 0.6833 -0.7071
vn -0.1586 0.8670 -0.4724
vn 0.0385 0.9781 -0.2043
vn 0.0653 0.9944 -0.0836
vn 0.0436 0.9977 -0.0510
vn 0.1280 0.9828 0.1329
vn 0.2150 0.9110 0.3520
vn 0.2641 0.8939 0.3623
vn 0.3150 0.9228 0.2217
vn 0.4030 0.8636 0.3031
vn 0.3521 0.8200 0.4513
vn 0.3756 0.7431 0.5538
vn 0.3119 0.8128 0.4921
vn 0.3190 0.9172 0.2385
vn 0.4275 0.8707 -0.2433
vn 0.2453 0.7694 -0.5897
vn -0.0329 0.6302 -0.7758
vn -0.2260 0.5736 -0.7873
vn -0.3296 0.8724 -0.3609
vn -0.1890 0.9033 0.3853
vn -0.2026 0.7714 0.6033
vn -0.3559 0.8098 0.4665
vn -0.4092 0.9002 0.1493
vn -0.4496 0.8774 -0.1676
vn -0.4110 0.7585 -0.5057
vn -0.3188 0.6324 -0.7060
vn -0.3027 0.8867 -0.3495
vn -0.2272 0.9663 0.1207
vn -0.2392 0.9587 0.1537
vn -0.2755 0.9590 0.0660
vn -0.2140 0.9575 -0.1935
vn -0.1708 0.8812 -0.4408
vn -0.0884 0.8674 -0.4896
vn 0.0174 0.9590 -0.2830
vn 0.0787 0.9878 -0.1341
vn 0.0454 0.9949 -0.0901
vn 0.0252 0.9993 -0.0266
vn 0.1162 0.9136 -0.3896
vn 0.0961 0.8667 -0.4894
vn -0.0977 0.7558 -0.6475
vn -0.2431 0.6860 -0.6858
vn -0.1814 0.8159 -0.5491
vn 0.0509 0.9572 -0.2851
vn 0.1025 0.9926 -0.0649
vn 0.0279 0.9986 -0.0439
vn 0.0802 0.9937 0.0783
vn 0.1792 0.9372 0.2993
vn 0.2572 0.9005 0.3507
vn 0.2504 0.9548 0.1599
vn 0.3681 0.9066 0.2062
vn 0.4584 0.7683 0.4467
vn 0.4121 0.7405 0.5308
vn 0.4247 0.7460 0.5129
vn 0.4693 0.8541 0.2240
vn 0.4819 0.8582 -0.1770
vn 0.2792 0.8394 -0.4664
vn -0.0046 0.7353 -0.6778
vn -0.1275 0.6026 -0.7878
vn -0.1849 0.8995 -0.3958
vn -0.1015 0.9182 0.3829
vn -0.1738 0.7738 0.6091
vn -0.1131 0.8683 0.4829
vn -0.1938 0.9702 0.1452
vn -0.2327 0.9551 -0.1836
vn -0.0994 0.8004 -0.5911
vn -0.0890 0.6880 -0.7203
vn -0.0733 0.9180 -0.3898
vn -0.0116 0.9913 0.1315
vn -0.0601 0.9853 0.1598
vn -0.0397 0.9979 0.0519
vn -0.0139 0.9809 -0.1940
vn -0.0018 0.8946 -0.4469
vn 0.0146 0.8587 -0.5123
vn 0.0665 0.9470 -0.3143
vn 0.0917 0.9873 -0.1296
vn 0.0202 0.9981 -0.0577
vn -0.0346 0.9994 0.0086
vn 0.2069 0.9074 -0.3658
vn 0.1465 0.8961 -0.4190
vn -0.0776 0.8253 -0.5593
vn -0.2278 0.7087 -0.6678
vn -0.1448 0.7683 -0.6235
vn 0.0171 0.9372 -0.3483
vn 0.0881 0.9944 -0.0588
vn 0.0529 0.9985 -0.0117
vn -0.0417 0.9989 0.0216
vn 0.1363 0.9632 0.2315
vn 0.2642 0.9140 0.3080
vn 0.2894 0.9465 0.1427
vn 0.2813 0.9537 0.1066
vn 0.4631 0.8120 0.3553
vn 0.4656 0.7153 0.5212
vn 0.4949 0.7083 0.5034
vn 0.5264 0.8091 0.2612
vn 0.4361 0.8941 -0.1016
vn 0.2086 0.9272 -0.3111
vn -0.0188 0.7838 -0.6207
vn -0.1534 0.6406 -0.7524
vn -0.1733 0.8910 -0.4196
vn 0.0363 0.9454 0.3240
vn 0.0580 0.8104 0.5831
vn 0.1593 0.8766 0.4540
vn 0.1301 0.9772 0.1675
vn 0.1331 0.9727 -0.1901
vn 0.0992 0.8232 -0.5590
vn 0.0305 0.7069 -0.7066
vn 0.0380 0.9101 -0.4126
vn 0.0875 0.9912 0.0990
vn 0.1066 0.9774 0.1827
vn 0.0919 0.9954 0.0266
vn 0.1243 0.9730 -0.1944
vn 0.1162 0.8953 -0.4300
vn 0.0838 0.8586 -0.5058
vn 0.0920 0.9423 -0.3219
vn 0.0852 0.9909 -0.1045
vn -0.0002 1.0000 -0.0083
vn -0.0678 0.9961 0.0570
vn 0.3435 0.8845 -0.3156
vn 0.2732 0.9069 -0.3207
vn 0.0569 0.8922 -0.4481
vn -0.0868 0.7608 -0.6432
vn -0.0815 0.7475 -0.6592
vn -0.0215 0.9198 -0.3919
vn 0.0061 0.9976 -0.0691
vn -0.1172 0.9897 0.0828
vn -0.2947 0.9552 0.0290
vn -0.1577 0.9772 0.1420
vn 0.0367 0.9584 0.2829
vn 0.2320 0.9652 0.1206
vn 0.2983 0.9539 0.0330
vn 0.3084 0.9068 0.2873
vn 0.3956 0.7602 0.5154
vn 0.4480 0.7327 0.5124
vn 0.4606 0.8166 0.3478
vn 0.3213 0.9440 0.0752
vn 0.0187 0.9838 -0.1783
vn -0.0754 0.7998 -0.5955
vn -0.1337 0.6572 -0.7418
vn -0.1468 0.8728 -0.4656
vn 0.0768 0.9766 0.2007
vn 0.2876 0.7899 0.5417
vn 0.3588 0.8479 0.3902
vn 0.4052 0.8988 0.1672
vn 0.4054 0.9006 -0.1570
vn 0.3324 0.8215 -0.4633
vn 0.2415 0.7259 -0.6439
vn 0.1698 0.9155 -0.3648
vn 0.1443 0.9883 0.0492
vn 0.2435 0.9551 0.1690
vn 0.2467 0.9685 0.0333
vn 0.2837 0.9424 -0.1773
vn 0.2320 0.8951 -0.3807
vn 0.1616 0.8649 -0.4753
vn 0.0975 0.9483 -0.3020
vn 0.0523 0.9964 -0.0667
vn -0.0087 0.9994 0.0338
vn -0.0520 0.9941 0.0953
vn 0.3851 0.8845 -0.2633
vn 0.3413 0.9133 -0.2221
vn 0.2142 0.9184 -0.3325
vn 0.0886 0.8142 -0.5738
vn -0.0043 0.7675 -0.6410
vn -0.0343 0.9177 -0.3959
vn -0.2667 0.9632 0.0341
vn -0.5261 0.8333 0.1698
vn -0.6040 0.7935 0.0746
vn -0.6213 0.7809 0.0652
vn -0.4088 0.8958 0.1743
vn -0.0458 0.9976 -0.0521
vn 0.1626 0.9864 0.0239
vn 0.1375 0.9121 0.3862
vn 0.2360 0.8346 0.4978
vn 0.3321 0.7840 0.5245
vn 0.3118 0.8624 0.3988
vn 0.2384 0.9483 0.2095
vn 0.1302 0.9802 -0.1492
vn 0.0741 0.7985 -0.5975
vn -0.0011 0.6931 -0.7208
vn -0.1356 0.8764 -0.4621
vn -0.0464 0.9864 0.1577
vn 0.1975 0.8510 0.4867
vn 0.4144 0.8369 0.3576
vn 0.5084 0.8406 0.1868
vn 0.5043 0.8583 -0.0947
vn 0.4825 0.7790 -0.4005
vn 0.3524 0.7576 -0.5494
vn 0.1913 0.9273 -0.3216
vn 0.1997 0.9798 0.0148
vn 0.3138 0.9451 0.0909
vn 0.4234 0.9054 0.0317
vn 0.4240 0.8940 -0.1448
vn 0.3540 0.8882 -0.2929
vn 0.2278 0.8873 -0.4011
vn 0.0504 0.9693 -0.2408
vn -0.0017 0.9991 -0.0432
vn -0.0053 0.9987 0.0515
vn -0.0176 0.9941 0.1073
vn 0.3019 0.9194 -0.2521
vn 0.3098 0.9310 -0.1931
vn 0.3018 0.9169 -0.2610
vn 0.2245 0.8489 -0.4785
vn 0.1167 0.8090 -0.5762
vn -0.0490 0.9647 -0.2588
vn -0.4855 0.8286 0.2787
vn -0.7140 0.6469 0.2680
vn -0.7976 0.5879 0.1348
vn -0.8247 0.5651 0.0244
vn -0.7083 0.6938 -0.1302
vn -0.3319 0.9138 -0.2342
vn -0.0427 0.9990 0.0151
vn 0.1673 0.9161 0.3643
vn 0.2210 0.8420 0.4922
vn 0.2434 0.8205 0.5173
vn 0.3439 0.8530 0.3926
vn 0.4462 0.8719 0.2017
vn 0.4214 0.8987 -0.1213
vn 0.2819 0.8011 -0.5281
vn 0.1034 0.7688 -0.6310
vn 0.0450 0.9032 -0.4268
vn 0.0921 0.9928 0.0760
vn 0.3306 0.8776 0.3472
vn 0.4999 0.8194 0.2805
vn 0.5694 0.8087 0.1476
vn 0.6154 0.7875 -0.0340
vn 0.5514 0.7743 -0.3105
vn 0.4460 0.7862 -0.4277
vn 0.2987 0.9203 -0.2524
vn 0.2098 0.9769 -0.0405
vn 0.3126 0.9496 -0.0225
vn 0.4905 0.8709 -0.0302
vn 0.5006 0.8624 -0.0755
vn 0.4058 0.8938 -0.1909
vn 0.2048 0.9401 -0.2725
vn -0.0136 0.9865 -0.1632
vn -0.0338 0.9982 -0.0500
vn 0.0052 0.9986 0.0517
vn 0.0043 0.9943 0.1063
vn 0.2855 0.9191 -0.2714
vn 0.3081 0.9275 -0.2116
vn 0.3651 0.8989 -0.2421
vn 0.3602 0.8499 -0.3847
vn 0.2557 0.8539 -0.4533
vn -0.0928 0.9957 0.0059
vn -0.5046 0.7066 0.4961
vn -0.7170 0.5869 0.3761
vn -0.8081 0.5619 0.1765
vn -0.8150 0.5790 -0.0232
vn -0.7352 0.6108 -0.2941
vn -0.4832 0.7924 -0.3723
vn -0.1753 0.9824 -0.0642
vn 0.0637 0.9484 0.3107
vn 0.1952 0.8678 0.4570
vn 0.3379 0.8161 0.4688
vn 0.5240 0.7975 0.2989
vn 0.5666 0.8045 0.1782
vn 0.5478 0.8338 -0.0692
vn 0.4207 0.7959 -0.4354
vn 0.1285 0.8554 -0.5018
vn 0.0331 0.9209 -0.3885
vn 0.1749 0.9836 -0.0441
vn 0.4722 0.8717 0.1309
vn 0.6204 0.7651 0.1721
vn 0.6370 0.7607 0.1247
vn 0.6332 0.7736 0.0237
vn 0.5312 0.8183 -0.2195
vn 0.4495 0.8229 -0.3475
vn 0.3257 0.9296 -0.1727
vn 0.2650 0.9639 -0.0267
vn 0.3841 0.9177 -0.1017
vn 0.4829 0.8687 -0.1102
vn 0.4658 0.8847 -0.0177
vn 0.3652 0.9278 -0.0764
vn 0.1645 0.9797 -0.1149
vn -0.0487 0.9945 -0.0923
vn -0.0334 0.9966 -0.0749
vn 0.0485 0.9984 0.0282
vn 0.0578 0.9925 0.1080
vn 0.3067 0.9049 -0.2951
vn 0.3325 0.9082 -0.2540
vn 0.4219 0.8652 -0.2710
vn 0.4494 0.8374 -0.3111
vn 0.3328 0.9095 -0.2490
vn -0.0947 0.9454 0.3117
vn -0.4184 0.6340 0.6504
vn -0.6212 0.6081 0.4943
vn -0.7447 0.6268 0.2294
vn -0.7760 0.6267 -0.0713
vn -0.6820 0.6135 -0.3981
vn -0.4702 0.7198 -0.5107
vn -0.2445 0.9584 -0.1475
vn -0.1101 0.9495 0.2940
vn 0.2033 0.9218 0.3301
vn 0.4257 0.8398 0.3371
vn 0.5584 0.7921 0.2465
vn 0.5287 0.8234 0.2061
vn 0.5163 0.8548 -0.0522
vn 0.2877 0.9203 -0.2651
vn -0.0421 0.9387 -0.3422
vn -0.2204 0.8976 -0.3816
vn 0.0249 0.9689 -0.2463
vn 0.3781 0.9207 -0.0970
vn 0.5361 0.8420 0.0604
vn 0.5898 0.7884 0.1746
vn 0.5636 0.8197 0.1025
vn 0.5349 0.8395 -0.0954
vn 0.4430 0.8612 -0.2494
vn 0.2270 0.9609 -0.1587
vn 0.2371 0.9696 -0.0605
vn 0.3500 0.9154 -0.1989
vn 0.3775 0.9147 -0.1441
vn 0.3596 0.9327 0.0262
vn 0.2634 0.9641 0.0342
vn 0.0660 0.9972 0.0337
vn -0.0365 0.9976 -0.0591
vn 0.0391 0.9916 -0.1231
vn 0.1484 0.9889 -0.0123
vn 0.1527 0.9819 0.1118
vn 0.3337 0.8907 -0.3088
vn 0.3586 0.8822 -0.3052
vn 0.4423 0.8347 -0.3279
vn 0.4676 0.8414 -0.2710
vn 0.3160 0.9486 0.0154
vn -0.0495 0.8624 0.5038
vn -0.2383 0.6086 0.7568
vn -0.3786 0.6935 0.6129
vn -0.4634 0.8312 0.3073
vn -0.5969 0.7979 -0.0847
vn -0.5562 0.6729 -0.4877
vn -0.4239 0.6812 -0.5969
vn -0.3006 0.9337 -0.1943
vn -0.1288 0.9745 0.1838
vn 0.2117 0.9617 0.1742
vn 0.4519 0.8656 0.2155
vn 0.4772 0.8458 0.2384
vn 0.4304 0.8734 0.2279
vn 0.3840 0.9229 0.0291
vn 0.0578 0.9968 -0.0553
vn -0.2502 0.9554 -0.1566
vn -0.3864 0.8472 -0.3647
vn -0.2140 0.8457 -0.4889
vn 0.2009 0.9239 -0.3257
vn 0.3780 0.9238 -0.0615
vn 0.4805 0.8505 0.2139
vn 0.4305 0.8908 0.1455
vn 0.4435 0.8962 -0.0073
vn 0.2078 0.9681 -0.1402
vn 0.0413 0.9942 -0.0998
vn 0.1350 0.9855 -0.1028
vn 0.2257 0.9395 -0.2575
vn 0.1758 0.9695 -0.1708
vn 0.1567 0.9873 0.0256
vn 0.0620 0.9880 0.1417
vn -0.0265 0.9955 0.0913
vn 0.0265 0.9946 -0.1000
vn 0.1182 0.9749 -0.1884
vn 0.2314 0.9715 -0.0518
vn 0.2433 0.9632 0.1139
vn 0.3726 0.8702 -0.3225
vn 0.3973 0.8519 -0.3413
vn 0.4447 0.8163 -0.3687
vn 0.4248 0.8731 -0.2391
vn 0.2632 0.9464 0.1873
vn 0.0301 0.8027 0.5957
vn -0.0552 0.5999 0.7982
vn -0.0835 0.7401 0.6673
vn -0.2089 0.8923 0.4003
vn -0.3884 0.9192 -0.0645
vn -0.3983 0.7213 -0.5667
vn -0.3969 0.6908 -0.6044
vn -0.4458 0.8813 -0.1569
vn -0.2174 0.9760 0.0106
vn 0.0064 1.0000 0.0077
vn 0.2217 0.9736 0.0548
vn 0.2319 0.9466 0.2239
vn 0.2120 0.9493 0.2321
vn 0.0930 0.9837 0.1541
vn -0.0424 0.9956 0.0833
vn -0.0982 0.9937 -0.0544
vn -0.0771 0.9097 -0.4081
vn -0.1153 0.7628 -0.6363
vn 0.0749 0.8682 -0.4906
vn 0.1343 0.9759 -0.1718
vn 0.2907 0.9318 0.2172
vn 0.1859 0.9383 0.2916
vn 0.0250 0.9878 0.1540
vn -0.2466 0.9691 -0.0065
vn -0.3338 0.9369 -0.1044
vn -0.1412 0.9669 -0.2126
vn -0.0087 0.9499 -0.3125
vn -0.0148 0.9816 -0.1903
vn -0.0344 0.9987 0.0363
vn -0.0598 0.9818 0.1802
vn -0.0046 0.9988 0.0489
vn 0.0942 0.9817 -0.1654
vn 0.1741 0.9528 -0.2489
vn 0.2710 0.9586 -0.0878
vn 0.2914 0.9504 0.1086
vn 0.3818 0.8594 -0.3400
vn 0.4187 0.8299 -0.3687
vn 0.4232 0.8275 -0.3690
vn 0.2846 0.9479 -0.1431
vn 0.0631 0.9674 0.2452
vn 0.0142 0.7687 0.6394
vn 0.0799 0.6017 0.7947
vn 0.1093 0.7212 0.6840
vn 0.0617 0.9014 0.4286
vn -0.0545 0.9911 -0.1216
vn -0.1725 0.7478 -0.6411
vn -0.3813 0.7358 -0.5597
vn -0.5253 0.8409 -0.1306
vn -0.3607 0.9253 -0.1169
vn -0.3321 0.9343 -0.1300
vn -0.2035 0.9748 -0.0912
vn -0.1168 0.9833 0.1397
vn -0.1889 0.9556 0.2262
vn -0.2153 0.9654 0.1472
vn 0.0596 0.9982 0.0006
vn 0.2226 0.9686 -0.1110
vn 0.2440 0.8619 -0.4446
vn 0.1799 0.7610 -0.6233
vn 0.0749 0.8573 -0.5093
vn 0.0580 0.9872 -0.1483
vn 0.0050 0.9782 0.2078
vn -0.1807 0.8678 0.4629
vn -0.4148 0.8632 0.2877
vn -0.5408 0.8360 0.0931
vn -0.5446 0.8283 -0.1312
vn -0.4146 0.8496 -0.3260
vn -0.2813 0.8842 -0.3728
vn -0.1415 0.9586 -0.2470
vn -0.0552 0.9980 0.0305
vn -0.0021 0.9885 0.1510
vn 0.0899 0.9957 -0.0210
vn 0.1233 0.9701 -0.2092
vn 0.1653 0.9406 -0.2965
vn 0.2289 0.9667 -0.1144
vn 0.2568 0.9613 0.1000
vn 0.3714 0.8546 -0.3630
vn 0.3643 0.8449 -0.3916
vn 0.2802 0.8986 -0.3375
vn 0.0946 0.9952 -0.0254
vn -0.1696 0.9301 0.3258
vn -0.1403 0.7825 0.6066
vn 0.0990 0.6529 0.7509
vn 0.3333 0.7027 0.6286
vn 0.4971 0.7962 0.3448
vn 0.3394 0.9160 -0.2139
vn 0.0909 0.7369 -0.6698
vn -0.3062 0.8533 -0.4220
vn -0.4616 0.8796 -0.1152
vn -0.4926 0.8606 -0.1291
vn -0.4404 0.8646 -0.2420
vn -0.4001 0.8997 -0.1747
vn -0.3977 0.9107 0.1120
vn -0.4022 0.8954 0.1910
vn -0.2791 0.9599 -0.0275
vn 0.0391 0.9826 -0.1814
vn 0.2319 0.9603 -0.1551
vn 0.2343 0.8727 -0.4285
vn 0.2168 0.7887 -0.5753
vn 0.0841 0.8558 -0.5105
vn 0.1026 0.9909 -0.0875
vn -0.1293 0.9396 0.3170
vn -0.3834 0.7441 0.5471
vn -0.5431 0.7600 0.3570
vn -0.6216 0.7736 0.1231
vn -0.6187 0.7722 -0.1447
vn -0.5263 0.7426 -0.4142
vn -0.3257 0.8297 -0.4533
vn -0.0918 0.9353 -0.3418
vn 0.1373 0.9901 -0.0274
vn 0.1869 0.9763 0.1091
vn 0.2468 0.9675 -0.0550
vn 0.1114 0.9788 -0.1718
vn 0.0225 0.9485 -0.3160
vn 0.0415 0.9904 -0.1317
vn 0.0901 0.9919 0.0892
vn 0.2531 0.8874 -0.3854
vn 0.1509 0.9040 -0.4000
vn -0.0145 0.9560 -0.2930
vn -0.3001 0.9488 0.0980
vn -0.5044 0.7780 0.3746
vn -0.3866 0.7647 0.5155
vn 0.0737 0.7791 0.6225
vn 0.4680 0.7237 0.5072
vn 0.7049 0.6694 0.2348
vn 0.5964 0.7648 -0.2437
vn 0.2765 0.7432 -0.6092
vn -0.2927 0.9270 -0.2346
vn -0.4327 0.8990 -0.0673
vn -0.4519 0.8780 -0.1578
vn -0.3507 0.8927 -0.2830
vn -0.4465 0.8911 -0.0805
vn -0.4637 0.8770 0.1257
vn -0.4445 0.8896 0.1051
vn -0.3524 0.8972 -0.2661
vn -0.0052 0.9412 -0.3379
vn 0.2546 0.9462 -0.1996
vn 0.2445 0.8951 -0.3729
vn 0.1572 0.7985 -0.5811
vn 0.2110 0.8614 -0.4621
vn 0.1106 0.9931 -0.0378
vn -0.1215 0.8810 0.4573
vn -0.2935 0.7262 0.6216
vn -0.4698 0.7753 0.4222
vn -0.5192 0.8450 0.1278
vn -0.5344 0.8305 -0.1572
vn -0.4419 0.7635 -0.4709
vn -0.2830 0.7701 -0.5717
vn 0.0553 0.8853 -0.4617
vn 0.0380 0.9984 -0.0414
vn 0.1315 0.9898 0.0550
vn 0.2224 0.9749 -0.0047
vn 0.0278 0.9979 -0.0582
vn -0.1321 0.9548 -0.2662
vn -0.1788 0.9732 -0.1448
vn -0.1225 0.9910 0.0542
vn 0.1075 0.9243 -0.3663
vn -0.0607 0.9297 -0.3633
vn -0.2681 0.9447 -0.1889
vn -0.5634 0.7883 0.2472
vn -0.6558 0.6755 0.3370
vn -0.5863 0.7342 0.3422
vn -0.0638 0.9372 0.3429
vn 0.5182 0.7843 0.3412
vn 0.7614 0.6360 0.1257
vn 0.7254 0.6502 -0.2260
vn 0.3993 0.8098 -0.4299
vn -0.1360 0.9878 -0.0755
vn -0.2668 0.9637 -0.0121
vn -0.3206 0.9218 -0.2180
vn -0.2627 0.9445 -0.1974
vn -0.3754 0.9232 0.0816
vn -0.4647 0.8701 0.1642
vn -0.4904 0.8709 0.0316
vn -0.4669 0.7757 -0.4246
vn -0.2239 0.8163 -0.5325
vn 0.2645 0.8893 -0.3730
vn 0.3668 0.8813 -0.2981
vn 0.2577 0.8177 -0.5147
vn 0.1650 0.8924 -0.4199
vn -0.0094 0.9994 0.0323
vn -0.0308 0.8456 0.5329
vn -0.0029 0.7295 0.6840
vn -0.1859 0.8581 0.4786
vn -0.2916 0.9458 0.1427
vn -0.2581 0.9517 -0.1662
vn -0.1858 0.8356 -0.5170
vn -0.0635 0.7379 -0.6719
vn 0.0789 0.8840 -0.4607
vn -0.0924 0.9954 -0.0254
vn 0.0267 0.9985 -0.0471
vn 0.0985 0.9947 0.0278
vn -0.0260 0.9987 0.0436
vn -0.1828 0.9673 -0.1758
vn -0.2745 0.9505 -0.1455
vn -0.2379 0.9713 0.0047
vn 0.0426 0.9553 -0.2927
vn -0.1425 0.9483 -0.2835
vn -0.3939 0.9187 -0.0308
vn -0.6111 0.6963 0.3765
vn -0.6862 0.6443 0.3377
vn -0.6869 0.7177 0.1147
vn -0.4110 0.9115 -0.0142
vn 0.2633 0.9618 0.0756
vn 0.7169 0.6970 0.0149
vn 0.7536 0.6431 -0.1358
vn 0.3721 0.9042 -0.2099
vn 0.0966 0.9953 0.0072
vn 0.0616 0.9953 0.0747
vn -0.1015 0.9860 -0.1321
vn -0.1371 0.9897 -0.0400
vn -0.2242 0.9552 0.1934
vn -0.4348 0.8695 0.2344
vn -0.3930 0.9171 -0.0674
vn -0.3997 0.7581 -0.5153
vn -0.2946 0.6405 -0.7093
vn 0.0872 0.8246 -0.5589
vn 0.2551 0.9106 -0.3252
vn 0.2888 0.8579 -0.4250
vn 0.0350 0.9487 -0.3144
vn -0.1386 0.9847 0.1061
vn -0.0043 0.8780 0.4786
vn 0.1141 0.7236 0.6807
vn 0.0796 0.8386 0.5390
vn 0.0224 0.9838 0.1779
vn 0.0347 0.9783 -0.2044
vn 0.1017 0.8325 -0.5447
vn 0.1136 0.7258 -0.6785
vn 0.1241 0.9072 -0.4020
vn 0.1657 0.9861 -0.0106
vn 0.0542 0.9964 -0.0646
vn 0.0214 0.9984 0.0523
vn -0.0265 0.9930 0.1147
vn -0.1380 0.9863 -0.0901
vn -0.2596 0.9575 -0.1261
vn -0.2545 0.9664 -0.0356
vn 0.0158 0.9827 -0.1847
vn -0.1542 0.9746 -0.1627
vn -0.4118 0.8976 0.1572
vn -0.5283 0.6878 0.4978
vn -0.6052 0.6988 0.3814
vn -0.6525 0.7557 0.0559
vn -0.6317 0.7532 -0.1834
vn -0.2825 0.9102 -0.3027
vn 0.4496 0.8778 -0.1651
vn 0.7071 0.7069 0.0177
vn 0.3035 0.9520 -0.0406
vn 0.0850 0.9962 0.0211
vn 0.1105 0.9840 0.1397
vn -0.0232 0.9997 0.0004
vn -0.0923 0.9948 0.0431
vn -0.1253 0.9470 0.2957
vn -0.1783 0.9554 0.2354
vn -0.1223 0.9840 -0.1296
vn -0.2356 0.8263 -0.5115
vn -0.2864 0.5738 -0.7673
vn -0.1718 0.7213 -0.6710
vn 0.0871 0.9241 -0.3720
vn -0.0199 0.9363 -0.3507
vn -0.2774 0.9375 -0.2102
vn -0.2094 0.9736 0.0909
vn -0.0324 0.9267 0.3743
vn 0.1946 0.7328 0.6520
vn 0.2469 0.8321 0.4966
vn 0.3485 0.9214 0.1722
vn 0.3696 0.9077 -0.1988
vn 0.2888 0.8080 -0.5135
vn 0.2200 0.7246 -0.6531
vn 0.2016 0.8914 -0.4060
vn 0.1585 0.9866 0.0374
vn 0.0217 0.9997 0.0090
vn -0.0017 0.9987 0.0500
vn 0.0548 0.9884 0.1414
vn 0.0075 0.9999 -0.0116
vn -0.1362 0.9872 -0.0827
vn -0.1730 0.9835 -0.0528
vn -0.0366 0.9957 -0.0847
vn -0.1444 0.9889 -0.0345
vn -0.3034 0.8951 0.3267
vn -0.3323 0.7231 0.6056
vn -0.4001 0.8039 0.4400
vn -0.4533 0.8889 0.0654
vn -0.4372 0.8666 -0.2406
vn -0.3485 0.8146 -0.4637
vn 0.0288 0.9387 -0.3436
vn 0.4292 0.8998 0.0782
vn 0.2657 0.9540 0.1389
vn 0.1173 0.9911 0.0637
vn 0.0975 0.9814 0.1651
vn 0.1032 0.9894 0.1024
vn 0.0272 0.9846 0.1727
vn -0.0845 0.9398 0.3312
vn 0.0171 0.9827 0.1842
vn 0.0283 0.9974 -0.0658
vn -0.1041 0.8745 -0.4738
vn -0.1519 0.5993 -0.7859
vn -0.2395 0.6175 -0.7492
vn -0.0606 0.9002 -0.4312
vn -0.1888 0.9615 -0.1998
vn -0.4550 0.8853 -0.0964
vn -0.3206 0.9472 -0.0074
vn -0.1559 0.9560 0.2484
vn 0.3215 0.8169 0.4788
vn 0.5364 0.7251 0.4319
vn 0.5932 0.7978 0.1072
vn 0.5887 0.7948 -0.1472
vn 0.4307 0.8069 -0.4042
vn 0.3738 0.7056 -0.6021
vn 0.1030 0.9441 -0.3132
vn -0.0836 0.9937 0.0744
vn -0.0887 0.9947 0.0526
vn -0.1211 0.9925 -0.0185
vn 0.1155 0.9895 0.0866
vn 0.2040 0.9784 0.0329
vn 0.0879 0.9960 -0.0187
vn 0.0117 0.9992 -0.0371
vn -0.0735 0.9966 -0.0372
vn -0.1020 0.9936 0.0478
vn -0.1413 0.8970 0.4189
vn -0.1338 0.7399 0.6593
vn -0.1799 0.8572 0.4825
vn -0.2071 0.9758 0.0695
vn -0.1772 0.9427 -0.2828
vn -0.0959 0.8408 -0.5327
vn 0.0224 0.8751 -0.4833
vn 0.2555 0.9662 0.0335
vn 0.3053 0.9293 0.2079
vn 0.3025 0.9477 0.1017
vn 0.2459 0.9571 0.1530
vn 0.2473 0.9431 0.2222
vn 0.0816 0.9532 0.2912
vn 0.0178 0.9499 0.3119
vn 0.1022 0.9760 0.1925
vn -0.0185 0.9994 -0.0308
vn -0.0814 0.9045 -0.4187
vn -0.1930 0.6622 -0.7241
vn -0.3650 0.6227 -0.6922
vn -0.4338 0.8057 -0.4033
vn -0.4941 0.8658 -0.0790
vn -0.5565 0.8231 -0.1131
vn -0.3232 0.9397 -0.1120
vn -0.0923 0.9927 0.0773
vn 0.2997 0.9392 0.1676
vn 0.5943 0.7166 0.3651
vn 0.6342 0.7644 0.1161
vn 0.6507 0.7557 -0.0740
vn 0.6077 0.7205 -0.3340
vn 0.4637 0.7511 -0.4699
vn 0.1277 0.9797 -0.1544
vn -0.0678 0.9930 0.0964
vn -0.1145 0.9894 0.0892
vn -0.1616 0.9832 -0.0850
vn 0.0998 0.9934 -0.0571
vn 0.2761 0.9611 -0.0014
vn 0.2851 0.9573 0.0484
vn 0.1988 0.9800 0.0129
vn -0.0302 0.9995 -0.0116
vn -0.0423 0.9952 0.0880
vn -0.0283 0.8972 0.4407
vn 0.0082 0.7415 0.6709
vn 0.0261 0.8733 0.4865
vn 0.0521 0.9966 0.0632
vn 0.0365 0.9521 -0.3036
vn 0.0698 0.8222 -0.5650
vn 0.0973 0.8265 -0.5545
vn 0.2766 0.9594 -0.0559
vn 0.3070 0.9359 0.1726
vn 0.3474 0.9259 0.1484
vn 0.2714 0.9486 0.1630
vn 0.2281 0.9335 0.2769
vn 0.2592 0.8948 0.3636
vn 0.1813 0.9433 0.2781
vn 0.3109 0.9256 0.2161
vn 0.2209 0.9732 0.0636
vn 0.0737 0.9398 -0.3336
vn -0.1173 0.7566 -0.6433
vn -0.3222 0.7321 -0.6002
vn -0.5077 0.7871 -0.3504
vn -0.5172 0.8552 -0.0339
vn -0.5182 0.8336 -0.1915
vn -0.3899 0.8869 -0.2478
vn -0.1573 0.9785 -0.1334
vn 0.1612 0.9835 -0.0824
vn 0.5502 0.8107 0.2001
vn 0.6612 0.7433 0.1018
vn 0.6801 0.7222 -0.1263
vn 0.6220 0.7269 -0.2911
vn 0.4204 0.8550 -0.3036
vn 0.1431 0.9897 0.0060
vn -0.0552 0.9796 0.1930
vn -0.2123 0.9718 0.1028
vn -0.1998 0.9736 -0.1105
vn -0.0735 0.9791 -0.1899
vn 0.1015 0.9898 -0.1001
vn 0.2672 0.9623 0.0514
vn 0.2664 0.9606 0.0797
vn 0.0495 0.9985 0.0237
vn 0.0388 0.9932 0.1098
vn 0.1306 0.9001 0.4156
vn 0.2353 0.7310 0.6406
vn 0.3353 0.8302 0.4452
vn 0.3916 0.9180 0.0621
vn 0.3706 0.8869 -0.2757
vn 0.3427 0.7728 -0.5342
vn 0.1996 0.8068 -0.5560
vn 0.1631 0.9697 -0.1821
vn 0.3102 0.9354 0.1698
vn 0.3195 0.9370 0.1411
vn 0.3170 0.9321 0.1753
vn 0.3644 0.8978 0.2473
vn 0.4020 0.8468 0.3482
vn 0.3915 0.8622 0.3215
vn 0.3686 0.9110 0.1850
vn 0.4199 0.9011 0.1077
vn 0.3938 0.9054 -0.1585
vn 0.1120 0.8311 -0.5447
vn -0.0939 0.8549 -0.5102
vn -0.3251 0.8969 -0.2997
vn -0.4425 0.8967 0.0127
vn -0.2817 0.9146 -0.2901
vn -0.2402 0.8990 -0.3662
vn -0.0185 0.9438 -0.3301
vn 0.2304 0.9409 -0.2483
vn 0.4167 0.9088 -0.0216
vn 0.5988 0.7949 0.0981
vn 0.5252 0.8449 -0.1018
vn 0.3595 0.9086 -0.2124
vn 0.1509 0.9715 -0.1829
vn -0.0098 0.9964 0.0836
vn -0.0855 0.9590 0.2702
vn -0.2500 0.9519 0.1775
vn -0.3238 0.9408 -0.1005
vn -0.3149 0.9156 -0.2500
vn -0.1546 0.9628 -0.2216
vn 0.0986 0.9943 -0.0394
vn 0.2107 0.9742 0.0812
vn 0.1707 0.9828 0.0706
vn 0.1759 0.9789 0.1043
vn 0.3172 0.8964 0.3096
vn 0.4493 0.7069 0.5463
vn 0.6037 0.7089 0.3647
vn 0.6763 0.7355 0.0408
vn 0.6652 0.7093 -0.2333
vn 0.5678 0.6915 -0.4466
vn 0.4289 0.7802 -0.4553
vn 0.2632 0.9363 -0.2326
vn 0.2603 0.9623 0.0791
vn 0.3427 0.9329 0.1106
vn 0.4040 0.9044 0.1372
vn 0.3928 0.8918 0.2244
vn 0.3138 0.9057 0.2851
vn 0.4741 0.8061 0.3542
vn 0.5234 0.8308 0.1893
vn 0.4985 0.8586 0.1197
vn 0.5083 0.8606 -0.0326
vn 0.3683 0.8748 -0.3147
vn 0.0357 0.9282 -0.3703
vn -0.2739 0.9505 -0.1469
vn -0.3252 0.9443 -0.0510
vn -0.0688 0.9094 -0.4101
vn -0.1236 0.8991 -0.4200
vn 0.0489 0.8908 -0.4517
vn 0.0716 0.9459 -0.3164
vn 0.1588 0.9777 -0.1378
vn 0.3382 0.9404 0.0363
vn 0.3377 0.9413 -0.0014
vn 0.2234 0.9684 -0.1113
vn 0.0055 0.9975 -0.0702
vn -0.0968 0.9900 0.1029
vn -0.1743 0.9333 0.3138
vn -0.3097 0.9140 0.2620
vn -0.4375 0.8986 -0.0341
vn -0.4605 0.8466 -0.2668
vn -0.3112 0.8860 -0.3437
vn -0.0499 0.9864 -0.1567
vn 0.0918 0.9951 -0.0371
vn 0.2865 0.9524 0.1043
vn 0.3016 0.9512 0.0647
vn 0.4200 0.8904 0.1755
vn 0.5822 0.6988 0.4156
vn 0.7163 0.6433 0.2703
vn 0.7719 0.6353 0.0234
vn 0.7409 0.6492 -0.1719
vn 0.6272 0.6960 -0.3496
vn 0.5386 0.7502 -0.3836
vn 0.3934 0.9122 -0.1144
vn 0.2224 0.9746 0.0274
vn 0.2641 0.9629 0.0564
vn 0.3255 0.9435 0.0617
vn 0.3506 0.9092 0.2245
vn 0.3385 0.9057 0.2553
vn 0.5071 0.8195 0.2670
vn 0.5899 0.7819 0.2014
vn 0.6249 0.7677 0.1418
vn 0.6038 0.7971 -0.0041
vn 0.5058 0.8619 -0.0360
vn 0.0034 0.9828 -0.1845
vn -0.1666 0.9858 -0.0206
vn -0.1303 0.9779 -0.1636
vn -0.0578 0.9089 -0.4129
vn -0.1521 0.8679 -0.4729
vn 0.0546 0.8758 -0.4795
vn 0.0418 0.9383 -0.3433
vn 0.0695 0.9826 -0.1721
vn -0.0031 0.9994 -0.0350
vn 0.1687 0.9856 0.0079
vn 0.1676 0.9853 -0.0333
vn -0.0075 0.9997 0.0250
vn -0.1847 0.9677 0.1716
vn -0.3267 0.8676 0.3748
vn -0.4546 0.8371 0.3044
vn -0.5209 0.8535 0.0163
vn -0.4844 0.8272 -0.2847
vn -0.3386 0.8219 -0.4580
vn -0.0684 0.9579 -0.2788
vn 0.0780 0.9822 -0.1708
vn 0.3601 0.9255 0.1173
vn 0.3693 0.9287 0.0344
vn 0.4123 0.9091 0.0593
vn 0.6099 0.7461 0.2671
vn 0.7380 0.6465 0.1934
vn 0.7754 0.6312 0.0209
vn 0.7333 0.6742 -0.0886
vn 0.6398 0.7195 -0.2699
vn 0.4166 0.8682 -0.2696
vn 0.2027 0.9773 -0.0613
vn 0.2476 0.9666 0.0666
vn 0.2553 0.9651 0.0575
vn 0.2051 0.9787 0.0024
vn 0.3065 0.9447 0.1171
vn 0.4584 0.8611 0.2199
vn 0.5496 0.8135 0.1900
vn 0.5819 0.7900 0.1929
vn 0.6016 0.7831 0.1574
vn 0.5692 0.8156 0.1040
vn 0.4337 0.8915 0.1307
vn 0.1061 0.9902 0.0911
vn -0.0899 0.9957 -0.0220
vn 0.0275 0.9765 -0.2137
vn 0.0413 0.9377 -0.3450
vn -0.0402 0.8799 -0.4734
vn 0.0493 0.8525 -0.5204
vn 0.0763 0.9368 -0.3414
vn 0.0489 0.9917 -0.1192
vn -0.0059 0.9989 -0.0466
vn 0.0097 0.9987 -0.0502
vn -0.0349 0.9988 0.0334
vn -0.0874 0.9916 0.0951
vn -0.3509 0.8839 0.3092
vn -0.4767 0.7727 0.4191
vn -0.5093 0.8030 0.3096
vn -0.5119 0.8590 -0.0126
vn -0.4023 0.8482 -0.3445
vn -0.2244 0.8004 -0.5558
vn -0.0059 0.9167 -0.3995
vn 0.1019 0.9652 -0.2407
vn 0.3362 0.9342 0.1194
vn 0.3363 0.9412 0.0318
vn 0.3261 0.9453 -0.0048
vn 0.4644 0.8783 0.1137
vn 0.6324 0.7635 0.1307
vn 0.6681 0.7427 0.0446
vn 0.6477 0.7612 -0.0324
vn 0.5226 0.8378 -0.1580
vn 0.1665 0.9841 -0.0622
vn -0.0475 0.9971 -0.0592
vn 0.0842 0.9964 0.0113
vn 0.1835 0.9813 0.0584
vn 0.1822 0.9831 0.0192
vn 0.2160 0.9764 0.0052
vn 0.3362 0.9347 0.1154
vn 0.4443 0.8806 0.1647
vn 0.4843 0.8527 0.1957
vn 0.4746 0.8504 0.2271
vn 0.3908 0.8957 0.2120
vn 0.2384 0.9485 0.2086
vn 0.2550 0.9417 0.2196
vn 0.1696 0.9855 -0.0110
vn 0.2399 0.9386 -0.2481
vn 0.2496 0.9228 -0.2935
vn 0.3046 0.8453 -0.4391
vn 0.1259 0.8620 -0.4910
vn 0.0562 0.9438 -0.3258
vn 0.0138 0.9891 -0.1467
vn 0.1310 0.9913 -0.0138
vn -0.0805 0.9967 0.0056
vn -0.0540 0.9977 0.0398
vn -0.1804 0.9594 0.2169
vn -0.4447 0.7889 0.4241
vn -0.5201 0.7380 0.4300
vn -0.5132 0.8098 0.2843
vn -0.4386 0.8941 -0.0908
vn -0.2514 0.8650 -0.4343
vn -0.0550 0.7792 -0.6244
vn 0.0640 0.8799 -0.4709
vn 0.1161 0.9561 -0.2692
vn 0.1682 0.9775 0.1269
vn 0.1662 0.9853 0.0389
vn 0.1681 0.9856 -0.0160
vn 0.2532 0.9674 0.0064
vn 0.3993 0.9151 0.0561
vn 0.4427 0.8952 0.0517
vn 0.3881 0.9206 0.0428
vn 0.1973 0.9803 0.0107
vn 0.0584 0.9968 0.0548
vn -0.0034 0.9998 -0.0175
vn -0.0358 0.9991 -0.0242
vn -0.1053 0.9943 0.0137
vn 0.0596 0.9981 -0.0170
vn 0.0752 0.9972 -0.0001
vn 0.0347 0.9974 0.0626
vn 0.1095 0.9889 0.1006
vn 0.2519 0.9421 0.2214
vn 0.2600 0.9376 0.2308
vn 0.3128 0.9065 0.2836
vn 0.2498 0.9326 0.2604
vn 0.2736 0.9440 0.1844
vn 0.3464 0.9381 -0.0072
vn 0.3978 0.8902 -0.2222
vn 0.3577 0.8808 -0.3103
vn 0.3730 0.8399 -0.3943
vn 0.1658 0.9109 -0.3779
vn 0.1464 0.9477 -0.2835
vn -0.0338 0.9927 -0.1158
vn -0.0315 0.9992 -0.0246
vn 0.0016 0.9986 0.0536
vn -0.0728 0.9958 0.0548
vn -0.3365 0.8609 0.3816
vn -0.4670 0.7405 0.4833
vn -0.5149 0.7422 0.4290
vn -0.4584 0.8661 0.1995
vn -0.2885 0.9387 -0.1888
vn -0.0950 0.8502 -0.5178
vn 0.0434 0.7420 -0.6690
vn 0.0106 0.8827 -0.4699
vn -0.0325 0.9616 -0.2725
vn -0.0038 0.9912 0.1322
vn -0.0276 0.9987 0.0430
vn 0.0041 0.9981 -0.0616
vn 0.1179 0.9919 -0.0465
vn 0.2134 0.9769 -0.0081
vn 0.2388 0.9684 0.0725
vn 0.1618 0.9799 0.1168
vn 0.0860 0.9918 0.0946
vn 0.0206 0.9992 0.0354
vn 0.0595 0.9982 0.0069
vn 0.0063 0.9995 0.0297
vn -0.0041 1.0000 0.0036
vn -0.0218 0.9983 -0.0534
vn -0.0547 0.9981 0.0291
vn -0.0336 0.9985 0.0436
vn 0.0572 0.9969 0.0535
vn 0.1177 0.9739 0.1938
vn 0.0832 0.9721 0.2192
vn 0.2154 0.9418 0.2580
vn 0.2889 0.9228 0.2548
vn 0.3684 0.9160 0.1589
vn 0.4321 0.9013 -0.0321
vn 0.4442 0.8770 -0.1833
vn 0.4039 0.8723 -0.2757
vn 0.3524 0.8820 -0.3127
vn 0.2512 0.9206 -0.2990
vn 0.0834 0.9660 -0.2447
vn 0.0072 1.0000 -0.0027
vn -0.0815 0.9937 -0.0773
vn 0.0938 0.9944 0.0492
vn -0.1823 0.9552 0.2332
vn -0.3705 0.7959 0.4789
vn -0.3900 0.7566 0.5248
vn -0.4001 0.8106 0.4276
vn -0.2888 0.9542 0.0780
vn -0.0859 0.9564 -0.2790
vn 0.0956 0.8033 -0.5879
vn 0.1049 0.7374 -0.6672
vn -0.0959 0.9084 -0.4069
vn -0.2049 0.9508 -0.2325
vn -0.0710 0.9857 0.1531
vn -0.1254 0.9902 0.0609
vn -0.1334 0.9847 -0.1120
vn -0.0222 0.9935 -0.1114
vn 0.0830 0.9955 -0.0465
vn 0.1060 0.9901 0.0926
vn 0.0382 0.9895 0.1391
vn 0.0651 0.9907 0.1194
vn 0.0761 0.9945 0.0721
vn -0.0064 0.9998 0.0183
vn -0.0690 0.9976 0.0087
vn 0.0025 0.9999 0.0127
vn 0.0420 0.9985 -0.0352
vn 0.0541 0.9984 0.0149
vn 0.0941 0.9955 0.0062
vn 0.0826 0.9959 0.0370
vn 0.0347 0.9841 0.1742
vn 0.0918 0.9691 0.2288
vn 0.1139 0.9725 0.2032
vn 0.2445 0.9483 0.2024
vn 0.3811 0.9148 0.1334
vn 0.4254 0.9038 -0.0459
vn 0.4669 0.8683 -0.1672
vn 0.4935 0.8389 -0.2294
vn 0.3642 0.9024 -0.2301
vn 0.2507 0.9463 -0.2041
vn 0.0725 0.9858 -0.1514
vn 0.0718 0.9974 -0.0096
vn 0.0513 0.9967 -0.0629
vn -0.0574 0.9941 0.0917
vn -0.1763 0.9109 0.3730
vn -0.2044 0.8256 0.5260
vn -0.2104 0.8036 0.5567
vn -0.1456 0.9176 0.3699
vn 0.0616 0.9981 0.0020
vn 0.2300 0.8958 -0.3804
vn 0.3053 0.7398 -0.5996
vn 0.1711 0.7834 -0.5975
vn -0.1270 0.9459 -0.2987
vn -0.2560 0.9536 -0.1583
vn -0.0512 0.9795 0.1947
vn -0.1185 0.9881 0.0981
vn -0.1704 0.9781 -0.1194
vn -0.1462 0.9746 -0.1695
vn -0.0979 0.9922 -0.0766
vn -0.0646 0.9938 0.0902
vn -0.0288 0.9897 0.1400
vn 0.0358 0.9971 0.0674
vn 0.0486 0.9938 0.1000
vn 0.0586 0.9973 0.0445
vn 0.0851 0.9953 0.0470
vn -0.0066 0.9984 -0.0566
vn 0.1360 0.9879 -0.0746
vn 0.0866 0.9961 0.0165
vn 0.1021 0.9942 0.0347
vn 0.0297 0.9974 0.0652
vn 0.0226 0.9858 0.1661
vn 0.1172 0.9722 0.2029
vn 0.1517 0.9775 0.1465
vn 0.3092 0.9449 0.1077
vn 0.4307 0.8961 0.1074
vn 0.4277 0.9021 -0.0570
vn 0.4898 0.8446 -0.2164
vn 0.4686 0.8700 -0.1535
vn 0.3211 0.9383 -0.1283
vn 0.2563 0.9565 -0.1395
vn 0.1885 0.9783 -0.0862
vn 0.1265 0.9918 -0.0158
vn 0.1037 0.9945 0.0142
vn -0.0909 0.9835 0.1564
vn -0.0423 0.9265 0.3738
vn -0.1023 0.8277 0.5518
vn -0.0774 0.8473 0.5255
vn 0.1341 0.9504 0.2808
vn 0.3530 0.9293 -0.1089
vn 0.4608 0.7749 -0.4326
vn 0.3897 0.7426 -0.5446
vn 0.1847 0.8600 -0.4757
vn -0.1252 0.9776 -0.1690
vn -0.2395 0.9679 -0.0766
vn 0.0266 0.9677 0.2508
vn -0.0183 0.9914 0.1293
vn -0.1103 0.9911 -0.0747
vn -0.1836 0.9680 -0.1709
vn -0.1949 0.9764 -0.0926
vn -0.1772 0.9819 0.0676
vn -0.0722 0.9944 0.0768
vn -0.0094 0.9969 0.0782
vn -0.0413 0.9966 0.0714
vn 0.0608 0.9981 -0.0126
vn 0.1478 0.9870 0.0631
vn 0.0712 0.9968 -0.0354
vn 0.0277 0.9976 -0.0637
vn 0.0073 0.9999 0.0119
vn 0.0372 0.9985 0.0390
vn 0.0307 0.9979 0.0564
vn 0.1298 0.9838 0.1234
vn 0.2160 0.9641 0.1545
vn 0.2468 0.9626 0.1119
vn 0.2974 0.9546 0.0182
vn 0.3754 0.9261 0.0387
vn 0.4572 0.8891 -0.0217
vn 0.4199 0.8784 -0.2285
vn 0.3478 0.9328 -0.0949
vn 0.2595 0.9640 -0.0580
vn 0.1671 0.9791 -0.1160
vn 0.0963 0.9945 -0.0422
vn 0.0209 0.9997 0.0102
vn -0.0153 0.9962 0.0860
vn 0.0263 0.9858 0.1658
vn -0.0132 0.9211 0.3891
vn -0.1065 0.8105 0.5759
vn -0.0137 0.9140 0.4054
vn 0.3010 0.9394 0.1644
vn 0.5006 0.8326 -0.2369
vn 0.5121 0.7479 -0.4223
vn 0.3710 0.8067 -0.4599
vn 0.1224 0.9438 -0.3069
vn -0.1374 0.9870 -0.0835
vn -0.1565 0.9875 -0.0156
vn 0.1764 0.9433 0.2812
vn 0.1365 0.9759 0.1701
vn 0.0474 0.9987 -0.0187
vn -0.0958 0.9893 -0.1097
vn -0.1888 0.9775 -0.0942
vn -0.1630 0.9863 0.0238
vn -0.0689 0.9968 0.0410
vn -0.0330 0.9978 0.0577
vn 0.0383 0.9987 0.0331
vn 0.0447 0.9989 -0.0165
vn 0.0277 0.9993 0.0238
vn 0.0929 0.9957 -0.0029
vn 0.0151 0.9994 -0.0307
vn 0.0161 0.9997 0.0159
vn -0.0169 0.9996 0.0223
vn 0.0705 0.9974 0.0160
vn 0.1385 0.9874 0.0771
vn 0.1778 0.9779 0.1098
vn 0.2514 0.9616 0.1104
vn 0.2618 0.9650 0.0137
vn 0.2628 0.9647 -0.0199
vn 0.3351 0.9413 -0.0415
vn 0.2964 0.9398 -0.1700
vn 0.1884 0.9776 -0.0938
vn 0.1724 0.9850 0.0048
vn 0.0805 0.9958 -0.0437
vn -0.0065 1.0000 0.0005
vn -0.0173 0.9993 0.0330
vn 0.0185 0.9993 0.0322
vn 0.1332 0.9823 0.1318
vn 0.1029 0.8937 0.4366
vn 0.0812 0.8282 0.5545
vn 0.2602 0.9123 0.3162
vn 0.4133 0.9106 0.0012
vn 0.5170 0.7984 -0.3086
vn 0.4643 0.7991 -0.3820
vn 0.3071 0.8824 -0.3565
vn 0.1065 0.9816 -0.1588
vn -0.0705 0.9971 -0.0296
vn -0.0008 0.9979 -0.0641
vn 0.1969 0.9480 0.2501
vn 0.2492 0.9466 0.2047
vn 0.1798 0.9823 0.0532
vn 0.0301 0.9991 -0.0307
vn -0.0905 0.9946 -0.0504
vn -0.1201 0.9927 -0.0144
vn -0.0760 0.9970 0.0163
vn -0.0370 0.9993 0.0100
vn 0.0439 0.9988 0.0216
vn 0.0106 0.9999 -0.0027
vn 0.0180 0.9998 0.0057
vn 0.0626 0.9980 0.0059
vn 0.0024 0.9997 -0.0223
vn 0.0420 0.9990 0.0144
vn 0.0430 0.9990 0.0101
vn 0.0684 0.9975 -0.0173
vn 0.0970 0.9940 0.0504
vn 0.1572 0.9842 0.0810
vn 0.2243 0.9716 0.0756
vn 0.2604 0.9654 0.0151
vn 0.2520 0.9675 -0.0229
vn 0.2497 0.9673 -0.0437
vn 0.1757 0.9786 -0.1067
vn 0.0543 0.9969 -0.0567
vn 0.0338 0.9994 0.0112
vn 0.0194 0.9998 -0.0060
vn 0.0302 0.9995 0.0065
vn 0.0534 0.9985 0.0099
vn 0.0727 0.9974 -0.0032
vn 0.0160 0.9930 0.1169
vn 0.1832 0.9007 0.3940
vn 0.3180 0.8125 0.4886
vn 0.3995 0.8809 0.2537
vn 0.4877 0.8690 -0.0834
vn 0.4394 0.8451 -0.3047
vn 0.3310 0.8855 -0.3262
vn 0.2072 0.9432 -0.2595
vn 0.0411 0.9961 -0.0787
vn 0.0160 0.9993 -0.0330
vn 0.1771 0.9643 -0.1970
vn -0.0065 0.9807 0.1957
vn 0.1372 0.9774 0.1607
vn 0.1802 0.9762 0.1208
vn 0.0825 0.9959 0.0362
vn -0.0241 0.9997 0.0060
vn -0.0589 0.9981 -0.0200
vn -0.0407 0.9992 0.0042
vn -0.0125 0.9997 -0.0224
vn 0.0191 0.9998 0.0059
vn 0.0222 0.9997 0.0047
vn 0.0268 0.9996 -0.0105
vn 0.0438 0.9990 0.0113
vn 0.0282 0.9995 -0.0116
vn -0.0058 1.0000 -0.0033
vn 0.0481 0.9988 0.0069
vn -0.0123 0.9999 -0.0108
vn 0.0377 0.9992 0.0157
vn 0.0879 0.9955 0.0340
vn 0.1638 0.9858 0.0375
vn 0.2097 0.9775 0.0225
vn 0.1798 0.9835 -0.0193
vn 0.1864 0.9824 -0.0147
vn 0.1022 0.9939 -0.0409
vn 0.0175 0.9996 -0.0233
vn 0.0395 0.9992 0.0095
vn 0.0362 0.9993 -0.0137
vn 0.0395 0.9992 0.0026
vn 0.0522 0.9986 0.0106
vn 0.0348 0.9991 0.0247
vn 0.0036 0.9964 0.0851
vn 0.1273 0.9568 0.2613
vn 0.3857 0.8249 0.4133
vn 0.5025 0.8350 0.2241
vn 0.5101 0.8557 -0.0874
vn 0.4237 0.8725 -0.2434
vn 0.3107 0.9143 -0.2601
vn 0.1972 0.9639 -0.1788
vn 0.0540 0.9980 -0.0337
vn 0.0948 0.9903 -0.1020
vn 0.1704 0.9483 -0.2677
vn -0.1250 0.9842 0.1250
vn -0.0177 0.9960 0.0871
vn 0.0583 0.9924 0.1081
vn 0.0694 0.9935 0.0898
vn 0.0280 0.9991 0.0322
vn -0.0063 0.9999 -0.0146
vn 0.0121 0.9998 -0.0156
vn 0.0242 0.9996 -0.0177
vn 0.0029 1.0000 -0.0064
vn 0.0245 0.9997 0.0059
vn -0.0035 1.0000 -0.0072
vn 0.0149 0.9999 -0.0016
vn 0.0294 0.9996 0.0003
vn 0.0094 1.0000 0.0007
vn 0.0173 0.9998 0.0066
vn -0.0080 1.0000 -0.0025
vn 0.0045 1.0000 -0.0053
vn 0.0345 0.9993 0.0111
vn 0.0597 0.9982 0.0090
vn 0.0815 0.9967 0.0055
vn 0.0911 0.9958 -0.0035
vn 0.0678 0.9977 -0.0077
vn 0.0495 0.9987 -0.0072
vn 0.0259 0.9997 -0.0034
vn 0.0241 0.9997 0.0043
vn 0.0013 1.0000 -0.0013
vn -0.0018 1.0000 -0.0027
vn 0.0212 0.9998 -0.0019
vn 0.0307 0.9992 0.0253
vn 0.0635 0.9948 0.0790
vn 0.0906 0.9824 0.1637
vn 0.3206 0.9049 0.2799
vn 0.5274 0.8287 0.1875
vn 0.5507 0.8331 -0.0520
vn 0.4822 0.8588 -0.1730
vn 0.3778 0.9087 -0.1775
vn 0.2251 0.9723 -0.0634
vn 0.0702 0.9975 -0.0058
vn 0.0947 0.9858 -0.1386
vn 0.0659 0.9647 -0.2551
vn -0.1585 0.9869 0.0295
vn -0.0929 0.9947 0.0443
vn -0.0219 0.9974 0.0689
vn 0.0310 0.9963 0.0797
vn 0.0437 0.9979 0.0474
vn 0.0309 0.9995 -0.0065
vn 0.0188 0.9996 -0.0204
vn 0.0076 0.9999 -0.0102
vn 0.0075 0.9999 -0.0099
vn 0.0143 0.9999 0.0073
vn 0.0141 0.9999 -0.0045
vn -0.0010 1.0000 -0.0066
vn 0.0087 1.0000 -0.0000
vn 0.0047 1.0000 0.0058
vn 0.0033 0.9999 0.0145
vn -0.0123 0.9999 0.0010
vn -0.0155 0.9997 -0.0177
vn 0.0077 1.0000 -0.0031
vn 0.0094 0.9999 0.0048
vn 0.0101 0.9999 -0.0023
vn 0.0217 0.9997 0.0055
vn -0.0049 1.0000 -0.0046
vn 0.0107 0.9999 -0.0009
vn -0.0088 0.9999 0.0073
vn -0.0137 0.9998 0.0106
vn -0.0081 1.0000 -0.0031
vn 0.0133 0.9998 -0.0149
vn -0.0042 1.0000 0.0028
vn 0.0082 0.9999 0.0124
vn 0.0397 0.9975 0.0579
vn 0.0817 0.9910 0.1064
vn 0.2235 0.9639 0.1444
vn 0.4141 0.9043 0.1040
vn 0.4747 0.8794 -0.0360
vn 0.4238 0.8979 -0.1187
vn 0.3251 0.9407 -0.0964
vn 0.1983 0.9796 0.0324
vn 0.1340 0.9907 0.0248
vn 0.0966 0.9879 -0.1215
vn -0.0028 0.9825 -0.1862
vn -0.1444 0.9893 -0.0212
vn -0.1039 0.9946 0.0021
vn -0.0379 0.9985 0.0386
vn 0.0188 0.9986 0.0503
vn 0.0396 0.9981 0.0466
vn 0.0326 0.9995 0.0019
vn 0.0090 0.9999 -0.0086
vn -0.0030 1.0000 -0.0051
vn -0.0101 0.9999 -0.0088
vn -0.0203 0.9998 -0.0005
vn -0.0030 1.0000 0.0022
vn -0.0302 0.9995 -0.0012
vn -0.0141 0.9999 -0.0018
vn -0.0165 0.9999 0.0028
vn -0.0123 0.9998 0.0161
vn 0.0098 0.9999 0.0035
vn -0.0253 0.9996 -0.0119
vn -0.0345 0.9994 -0.0035
vn -0.0440 0.9990 0.0065
vn -0.0429 0.9990 -0.0083
vn -0.0220 0.9998 -0.0038
vn -0.0001 1.0000 0.0011
vn -0.0058 1.0000 0.0020
vn -0.0219 0.9997 0.0123
vn -0.0064 1.0000 0.0044
vn 0.0212 0.9996 -0.0165
vn -0.0115 0.9999 0.0001
vn -0.0093 1.0000 -0.0033
vn -0.0077 1.0000 -0.0000
vn 0.0346 0.9989 0.0328
vn 0.0847 0.9936 0.0748
vn 0.1400 0.9878 0.0677
vn 0.2378 0.9709 0.0272
vn 0.2837 0.9579 -0.0449
vn 0.2457 0.9663 -0.0764
vn 0.1673 0.9856 -0.0255
vn 0.1057 0.9929 0.0545
vn 0.1270 0.9909 0.0455
vn 0.0895 0.9932 -0.0743
vn -0.0125 0.9945 -0.1044
vn -0.0838 0.9961 -0.0273
vn -0.0755 0.9967 -0.0289
vn -0.0336 0.9994 0.0087
vn 0.0166 0.9995 0.0272
vn 0.0367 0.9984 0.0429
vn 0.0281 0.9995 0.0151
vn 0.0048 1.0000 -0.0011
vn 0.0026 1.0000 -0.0008
vn -0.0061 1.0000 -0.0040
vn -0.0098 0.9999 0.0053
vn -0.0220 0.9997 0.0068
vn -0.0333 0.9994 -0.0048
vn -0.0117 0.9999 -0.0077
vn -0.0168 0.9998 0.0047
vn -0.0524 0.9985 0.0152
vn -0.0385 0.9993 0.0026
vn -0.0362 0.9993 -0.0008
vn -0.0322 0.9995 0.0018
vn -0.0296 0.9995 0.0076
vn -0.0308 0.9995 -0.0119
vn -0.0232 0.9995 -0.0200
vn -0.0536 0.9986 -0.0023
vn -0.0248 0.9996 0.0101
vn -0.0229 0.9997 0.0076
vn -0.0258 0.9996 -0.0064
vn -0.0232 0.9997 -0.0074
vn -0.0319 0.9995 0.0066
vn -0.0254 0.9997 -0.0010
vn -0.0285 0.9995 -0.0103
vn -0.0063 1.0000 0.0065
vn 0.0366 0.9986 0.0374
vn 0.1059 0.9935 0.0415
vn 0.1344 0.9909 -0.0004
vn 0.1372 0.9896 -0.0425
vn 0.1130 0.9924 -0.0483
vn 0.0754 0.9971 0.0033
vn 0.0715 0.9965 0.0442
vn 0.0984 0.9941 0.0452
vn 0.0761 0.9966 -0.0302
vn 0.0040 0.9990 -0.0446
vn -0.0299 0.9993 -0.0237
vn -0.0329 0.9987 -0.0388
vn -0.0054 0.9998 -0.0182
vn 0.0293 0.9995 0.0112
vn 0.0397 0.9984 0.0393
vn 0.0334 0.9991 0.0257
vn 0.0133 0.9999 0.0104
vn -0.0084 1.0000 -0.0038
vn 0.0130 0.9999 -0.0101
vn 0.0473 0.9988 0.0120
vn 0.0125 0.9997 0.0218
vn -0.0093 0.9999 -0.0125
vn 0.0041 1.0000 0.0040
vn -0.0715 0.9972 0.0216
vn -0.0819 0.9965 0.0171
vn -0.0418 0.9991 -0.0037
vn -0.0874 0.9962 -0.0054
vn -0.0528 0.9985 -0.0137
vn 0.0017 1.0000 0.0041
vn -0.0019 1.0000 -0.0077
vn -0.0284 0.9996 0.0086
vn -0.0932 0.9955 0.0191
vn -0.1096 0.9934 -0.0336
vn -0.0139 0.9998 0.0123
vn -0.0383 0.9993 0.0001
vn -0.0830 0.9964 -0.0144
vn 0.0093 1.0000 -0.0031
vn -0.0261 0.9997 0.0001
vn 0.0140 0.9998 -0.0128
vn -0.0221 0.9997 0.0065
vn -0.0153 0.9999 0.0078
vn 0.0435 0.9990 0.0077
vn 0.0702 0.9975 -0.0090
vn 0.0805 0.9960 -0.0397
vn 0.0742 0.9967 -0.0336
vn 0.0476 0.9988 0.0144
vn 0.0456 0.9982 0.0395
vn 0.0587 0.9976 0.0379
vn 0.0526 0.9986 -0.0013
vn 0.0228 0.9996 -0.0178
vn 0.0137 0.9997 -0.0196
vn 0.0091 0.9991 -0.0413
vn 0.0305 0.9988 -0.0393
vn 0.0575 0.9983 0.0013
vn 0.0623 0.9972 0.0407
vn 0.0462 0.9983 0.0366
vn 0.0195 0.9996 0.0219
vn 0.0118 0.9999 0.0012
vn 0.0073 0.9997 -0.0252
vn 0.0191 0.9998 -0.0077
vn 0.0440 0.9975 0.0548
vn -0.0144 0.9997 -0.0208
vn 0.0340 0.9990 0.0290
vn -0.0550 0.9964 0.0652
vn -0.0749 0.9968 -0.0270
vn 0.0113 0.9996 0.0270
vn -0.1209 0.9926 0.0121
vn -0.0776 0.9957 -0.0514
vn -0.0411 0.9990 -0.0177
vn -0.0578 0.9983 0.0052
vn -0.0737 0.9970 0.0226
vn -0.0047 0.9996 0.0275
vn -0.0155 0.9988 -0.0465
vn -0.0194 0.9998 -0.0055
vn -0.0202 0.9995 0.0254
vn -0.0737 0.9973 -0.0050
vn -0.0759 0.9961 -0.0445
vn -0.0246 0.9996 0.0099
vn -0.0373 0.9992 -0.0158
vn -0.0476 0.9988 0.0092
vn -0.0070 1.0000 -0.0026
vn 0.0107 0.9999 -0.0134
vn 0.0063 0.9998 -0.0175
vn 0.0231 0.9988 -0.0424
vn 0.0355 0.9990 -0.0280
vn 0.0361 0.9992 0.0171
vn 0.0372 0.9986 0.0385
vn 0.0391 0.9987 0.0328
vn 0.0432 0.9990 0.0074
vn 0.0405 0.9991 -0.0143
vn 0.0561 0.9982 -0.0191
vn 0.0587 0.9973 -0.0447
vn 0.0703 0.9961 -0.0539
vn 0.0824 0.9966 -0.0049
vn 0.0835 0.9956 0.0426
vn 0.0699 0.9958 0.0593
vn 0.0205 0.9995 0.0223
vn 0.0410 0.9991 0.0132
vn -0.0043 0.9999 -0.0118
vn -0.0321 0.9994 -0.0145
vn -0.0102 0.9993 0.0364
vn 0.0155 0.9997 0.0164
vn -0.0493 0.9987 -0.0090
vn 0.0380 0.9946 0.0964
vn 0.0328 0.9989 -0.0346
vn 0.0483 0.9983 0.0317
vn -0.0030 0.9993 0.0367
vn -0.0262 0.9986 -0.0460
vn -0.0855 0.9963 -0.0085
vn -0.1231 0.9922 0.0172
vn -0.0971 0.9953 -0.0044
vn -0.0257 0.9992 -0.0302
vn 0.0448 0.9987 -0.0233
vn -0.0563 0.9983 0.0151
vn -0.0946 0.9955 0.0010
vn 0.0652 0.9965 0.0514
vn -0.1358 0.9899 -0.0405
vn -0.1032 0.9945 -0.0166
vn -0.0901 0.9959 -0.0077
vn -0.0691 0.9976 0.0020
vn -0.0727 0.9970 -0.0260
vn -0.0473 0.9988 -0.0152
vn -0.0278 0.9995 -0.0160
vn -0.0222 0.9981 -0.0576
vn 0.0089 0.9993 -0.0368
vn 0.0350 0.9994 0.0086
vn 0.0434 0.9983 0.0390
vn 0.0455 0.9985 0.0293
vn 0.0574 0.9983 0.0056
vn 0.0626 0.9979 -0.0177
vn 0.1069 0.9941 -0.0199
vn 0.1034 0.9936 -0.0463
vn 0.0817 0.9953 -0.0522
vn 0.0679 0.9977 -0.0044
vn 0.0763 0.9963 0.0395
vn 0.0945 0.9930 0.0709
vn 0.0710 0.9964 0.0456
vn 0.0298 0.9993 0.0207
vn -0.0040 1.0000 0.0021
vn 0.0147 0.9999 -0.0049
vn 0.0207 0.9998 -0.0034
vn 0.1148 0.9925 0.0415
vn 0.0018 0.9998 0.0208
vn -0.0428 0.9985 0.0342
vn 0.0396 0.9988 -0.0298
vn 0.0312 0.9988 0.0382
vn 0.0162 0.9981 0.0597
vn 0.0095 0.9996 -0.0277
vn -0.0143 0.9996 0.0236
vn -0.0240 0.9996 0.0157
vn -0.0096 0.9994 -0.0335
vn -0.0870 0.9960 -0.0219
vn -0.0979 0.9947 -0.0317
vn -0.0619 0.9956 0.0707
vn -0.1761 0.9839 -0.0305
vn -0.0289 0.9995 0.0142
vn -0.0809 0.9957 0.0443
vn -0.0348 0.9978 -0.0563
vn -0.0478 0.9987 -0.0178
vn -0.0130 0.9999 -0.0018
vn -0.0242 0.9995 -0.0210
vn -0.0952 0.9952 -0.0226
vn -0.0505 0.9983 -0.0275
vn -0.0560 0.9961 -0.0686
vn -0.0215 0.9982 -0.0557
vn 0.0133 0.9999 -0.0053
vn 0.0331 0.9989 0.0321
vn 0.0510 0.9984 0.0245
vn 0.0827 0.9965 -0.0066
vn 0.0953 0.9952 -0.0225
vn 0.1317 0.9913 -0.0066
vn 0.1080 0.9936 -0.0337
vn 0.0284 0.9994 -0.0178
vn -0.0183 0.9998 -0.0052
vn 0.0030 0.9996 0.0279
vn 0.0247 0.9984 0.0505
vn 0.0753 0.9952 0.0624
vn 0.0434 0.9973 0.0596
vn -0.0218 0.9997 -0.0123
vn 0.0760 0.9964 -0.0367
vn 0.1178 0.9930 0.0110
vn 0.0399 0.9991 -0.0155
vn 0.1148 0.9859 0.1217
vn -0.0709 0.9968 0.0355
vn 0.0134 0.9987 -0.0501
vn 0.0122 0.9995 0.0288
vn 0.0412 0.9974 0.0593
vn 0.0227 0.9992 -0.0315
vn -0.0894 0.9953 0.0377
vn -0.0142 0.9999 -0.0027
vn 0.0299 0.9995 0.0053
vn -0.0512 0.9978 0.0432
vn -0.1264 0.9909 -0.0467
vn -0.0530 0.9985 0.0146
vn 0.1213 0.9926 -0.0075
vn -0.1197 0.9925 0.0262
vn -0.0560 0.9984 0.0106
vn -0.0163 0.9958 -0.0903
vn 0.0234 0.9997 0.0025
vn 0.0135 0.9997 -0.0179
vn 0.0525 0.9986 0.0044
vn 0.0058 1.0000 0.0023
vn -0.0680 0.9976 -0.0145
vn -0.1182 0.9899 -0.0786
vn -0.0691 0.9943 -0.0809
vn -0.0389 0.9991 -0.0168
vn -0.0089 0.9999 0.0144
vn 0.0409 0.9992 0.0001
vn 0.1081 0.9937 -0.0307
vn 0.1215 0.9922 -0.0275
vn 0.1004 0.9942 0.0376
vn 0.0330 0.9994 0.0056
vn -0.0873 0.9955 0.0382
vn -0.1557 0.9878 0.0050
vn -0.1352 0.9907 0.0142
vn -0.0983 0.9948 0.0267
vn -0.0343 0.9989 0.0323
vn 0.0278 0.9976 0.0635
vn 0.0477 0.9986 0.0217
vn -0.0393 0.9944 -0.0978
vn 0.0236 0.9995 0.0207
vn 0.0059 0.9999 -0.0103
vn 0.1139 0.9888 0.0966
vn 0.0956 0.9920 0.0823
vn 0.0484 0.9980 -0.0418
vn -0.1355 0.9904 0.0287
vn -0.0304 0.9983 0.0488
vn -0.0723 0.9974 -0.0059
vn -0.0058 0.9962 0.0868
vn -0.0608 0.9970 -0.0472
vn -0.0708 0.9967 -0.0389
vn 0.0820 0.9954 0.0502
vn -0.0519 0.9986 0.0120
vn -0.0626 0.9951 -0.0760
vn 0.1155 0.9933 0.0034
vn -0.1350 0.9842 0.1150
vn 0.1066 0.9932 -0.0470
vn 0.0089 0.9965 -0.0826
vn 0.0200 0.9995 -0.0239
vn -0.0058 0.9997 -0.0224
vn -0.0641 0.9979 0.0006
vn -0.0204 0.9992 0.0344
vn -0.0540 0.9981 0.0294
vn -0.0143 0.9960 -0.0884
vn -0.0369 0.9956 -0.0859
vn -0.0619 0.9975 -0.0330
vn -0.0375 0.9992 -0.0154
vn 0.0251 0.9989 -0.0384
vn 0.0993 0.9933 -0.0594
vn 0.1041 0.9942 -0.0267
vn -0.0028 0.9965 0.0831
vn -0.1357 0.9863 0.0936
vn -0.2520 0.9636 0.0888
vn -0.2589 0.9659 0.0059
vn -0.1967 0.9803 -0.0193
vn -0.1256 0.9920 -0.0095
vn -0.0642 0.9979 0.0033
vn -0.0456 0.9990 0.0031
vn 0.0586 0.9975 0.0406
vn -0.0033 0.9998 -0.0214
vn -0.0916 0.9951 -0.0371
vn 0.0163 0.9994 -0.0290
vn 0.0457 0.9990 0.0012
vn 0.2159 0.9693 0.1177
vn -0.0377 0.9966 0.0737
vn -0.1025 0.9928 0.0618
vn 0.0713 0.9975 0.0008
vn 0.0434 0.9976 -0.0543
vn 0.1597 0.9860 0.0476
vn 0.1059 0.9930 0.0530
vn -0.0789 0.9960 -0.0429
vn -0.0630 0.9971 0.0420
vn -0.0423 0.9990 0.0169
vn 0.1005 0.9871 -0.1249
vn -0.0086 0.9993 0.0375
vn 0.0820 0.9956 0.0451
vn 0.1618 0.9835 -0.0809
vn 0.0532 0.9986 0.0017
vn -0.0638 0.9979 0.0086
vn -0.0732 0.9971 0.0210
vn -0.1385 0.9903 0.0143
vn -0.0741 0.9973 -0.0004
vn -0.0125 0.9995 -0.0274
vn 0.1206 0.9870 -0.1063
vn 0.0371 0.9986 -0.0388
vn -0.0155 0.9997 -0.0183
vn -0.0493 0.9983 -0.0317
vn -0.0000 0.9968 -0.0798
vn 0.0524 0.9957 -0.0770
vn 0.0222 0.9997 -0.0047
vn -0.2478 0.9573 0.1489
vn -0.3481 0.9222 0.1685
vn -0.3437 0.9361 0.0740
vn -0.2598 0.9650 -0.0367
vn -0.1690 0.9835 -0.0643
vn -0.1035 0.9935 -0.0481
vn -0.0657 0.9978 -0.0118
vn -0.0836 0.9965 0.0097
vn -0.1049 0.9944 -0.0127
vn -0.0663 0.9977 0.0126
vn -0.0057 0.9990 -0.0447
vn -0.0408 0.9986 -0.0324
vn -0.1556 0.9878 -0.0107
vn -0.0940 0.9862 0.1362
vn -0.1155 0.9892 0.0899
vn 0.0507 0.9982 -0.0322
vn -0.0447 0.9990 -0.0007
vn -0.1145 0.9934 0.0087
vn -0.1646 0.9863 -0.0145
vn 0.0444 0.9970 0.0629
vn 0.0905 0.9955 0.0281
vn 0.0393 0.9990 0.0206
vn 0.1331 0.9893 -0.0590
vn 0.0620 0.9962 -0.0612
vn -0.1530 0.9870 0.0501
vn 0.0855 0.9957 -0.0364
vn -0.1217 0.9925 0.0077
vn -0.2005 0.9778 0.0610
vn -0.2919 0.9560 0.0278
vn -0.3269 0.9445 0.0330
vn -0.1641 0.9852 -0.0489
vn -0.0133 0.9989 -0.0447
vn 0.0717 0.9936 -0.0871
vn 0.0989 0.9906 -0.0947
vn 0.0572 0.9982 -0.0161
vn 0.0685 0.9977 -0.0001
vn 0.0494 0.9984 -0.0275
vn 0.0497 0.9933 -0.1041
vn -0.0176 0.9987 -0.0481
vn -0.1187 0.9912 0.0592
vn -0.3666 0.9043 0.2186
vn -0.4221 0.8877 0.1840
vn -0.3880 0.9216 0.0121
vn -0.2838 0.9537 -0.0997
vn -0.1686 0.9789 -0.1154
vn -0.0999 0.9914 -0.0843
vn -0.0355 0.9992 -0.0164
vn -0.0335 0.9992 0.0208
vn -0.0600 0.9981 0.0136
vn -0.0168 0.9982 -0.0570
vn 0.0271 0.9990 -0.0363
vn -0.0673 0.9972 0.0324
vn -0.1787 0.9836 0.0245
vn -0.0782 0.9946 0.0689
vn 0.1403 0.9893 0.0388
vn 0.0052 1.0000 0.0069
vn -0.1410 0.9846 0.1037
vn -0.1190 0.9925 0.0292
vn -0.1070 0.9891 -0.1012
vn -0.0771 0.9960 -0.0460
vn 0.0728 0.9973 0.0042
vn 0.0436 0.9987 0.0268
vn 0.0014 0.9997 -0.0263
vn -0.0877 0.9955 0.0350
vn -0.0812 0.9966 0.0126
vn -0.0234 0.9994 -0.0265
vn -0.2827 0.9512 0.1236
vn -0.3597 0.9266 0.1095
vn -0.4874 0.8663 0.1095
vn -0.4566 0.8878 -0.0579
vn -0.3005 0.9335 -0.1958
vn -0.1527 0.9790 -0.1352
vn 0.0592 0.9871 -0.1486
vn 0.0476 0.9965 -0.0685
vn 0.1139 0.9926 -0.0430
vn 0.1385 0.9903 -0.0105
vn 0.1717 0.9850 -0.0183
vn 0.1040 0.9938 -0.0387
vn -0.0920 0.9954 0.0275
vn -0.2266 0.9596 0.1667
vn -0.3078 0.9103 0.2768
vn -0.3333 0.9235 0.1901
vn -0.3148 0.9488 -0.0257
vn -0.2516 0.9533 -0.1669
vn -0.1644 0.9715 -0.1705
vn -0.1150 0.9862 -0.1192
vn -0.0796 0.9953 -0.0553
vn -0.0366 0.9991 0.0219
vn -0.0385 0.9993 0.0006
vn -0.0088 0.9968 -0.0796
vn -0.0967 0.9952 0.0153
vn -0.0845 0.9943 0.0648
vn 0.0575 0.9981 -0.0223
vn 0.0913 0.9958 -0.0048
vn 0.1038 0.9926 0.0625
vn -0.1261 0.9862 0.1074
vn 0.1079 0.9941 0.0129
vn 0.1952 0.9806 0.0179
vn 0.1171 0.9929 -0.0227
vn -0.0618 0.9966 -0.0543
vn 0.0251 0.9995 -0.0211
vn -0.0425 0.9987 0.0291
vn 0.0273 0.9996 -0.0016
vn -0.0276 0.9994 0.0213
vn 0.0881 0.9961 0.0001
vn -0.0846 0.9927 0.0862
vn -0.3349 0.9173 0.2155
vn -0.3399 0.9298 0.1411
vn -0.4461 0.8856 0.1292
vn -0.4788 0.8679 -0.1324
vn -0.4575 0.8566 -0.2387
vn -0.3416 0.9065 -0.2482
vn -0.0261 0.9658 -0.2581
vn 0.0302 0.9955 -0.0901
vn 0.0528 0.9963 -0.0676
vn 0.0602 0.9979 -0.0256
vn 0.1528 0.9874 -0.0404
vn 0.1341 0.9892 0.0599
vn -0.0823 0.9868 0.1392
vn -0.2253 0.9355 0.2722
vn -0.1095 0.9478 0.2995
vn -0.0930 0.9757 0.1986
vn -0.1130 0.9932 -0.0290
vn -0.1260 0.9709 -0.2035
vn -0.0814 0.9751 -0.2064
vn -0.0459 0.9902 -0.1321
vn -0.0558 0.9966 -0.0604
vn -0.1089 0.9936 0.0306
vn -0.1092 0.9940 -0.0104
vn -0.1013 0.9936 -0.0491
vn -0.0934 0.9956 0.0117
vn -0.0985 0.9951 -0.0034
vn 0.0112 0.9968 -0.0794
vn -0.0368 0.9990 0.0242
vn -0.0530 0.9905 0.1267
vn -0.1176 0.9899 0.0790
vn 0.0952 0.9901 -0.1028
vn 0.0718 0.9968 0.0359
vn 0.0666 0.9972 0.0326
vn 0.0552 0.9981 -0.0271
vn -0.0066 0.9999 -0.0151
vn -0.0223 0.9996 0.0142
vn 0.0759 0.9971 -0.0080
vn -0.0813 0.9964 0.0259
vn -0.0198 0.9996 0.0216
vn -0.1837 0.9561 0.2282
vn -0.2100 0.9535 0.2164
vn -0.3369 0.9171 0.2131
vn -0.5014 0.8516 0.1530
vn -0.5610 0.8137 -0.1522
vn -0.4787 0.8180 -0.3188
vn -0.3480 0.8453 -0.4054
vn -0.1437 0.9335 -0.3284
vn -0.0573 0.9921 -0.1117
vn -0.0624 0.9961 -0.0621
vn -0.0293 0.9970 -0.0715
vn 0.0705 0.9951 -0.0689
vn 0.0558 0.9930 0.1046
vn -0.0847 0.9619 0.2601
vn -0.1575 0.9341 0.3205
vn 0.1253 0.9598 0.2511
vn 0.1866 0.9620 0.1996
vn 0.1453 0.9894 -0.0068
vn 0.0604 0.9811 -0.1840
vn -0.0006 0.9757 -0.2191
vn -0.0108 0.9909 -0.1338
vn -0.0550 0.9982 -0.0237
vn -0.1224 0.9911 0.0525
vn -0.0611 0.9973 -0.0400
vn -0.1110 0.9929 -0.0429
vn -0.1565 0.9870 0.0370
vn -0.1328 0.9908 -0.0277
vn -0.1947 0.9797 -0.0476
vn -0.1384 0.9903 -0.0077
vn -0.0585 0.9900 0.1280
vn 0.0406 0.9991 0.0092
vn 0.0128 0.9964 -0.0836
vn -0.1417 0.9886 0.0515
vn -0.0700 0.9975 0.0032
vn 0.0818 0.9966 -0.0028
vn -0.1007 0.9949 0.0037
vn -0.0187 0.9996 -0.0205
vn 0.0116 0.9999 -0.0077
vn 0.0333 0.9972 0.0673
vn -0.0083 0.9984 0.0559
vn -0.0800 0.9617 0.2620
vn -0.1545 0.9476 0.2795
vn -0.4068 0.8526 0.3279
vn -0.3890 0.9122 0.1286
vn -0.4112 0.8891 -0.2011
vn -0.3946 0.8330 -0.3877
vn -0.3484 0.7967 -0.4938
vn -0.2618 0.8845 -0.3862
vn -0.1335 0.9793 -0.1523
vn -0.1631 0.9853 -0.0502
vn -0.1595 0.9804 -0.1154
vn -0.0875 0.9926 -0.0840
vn -0.0930 0.9876 0.1264
vn -0.1267 0.9433 0.3068
vn -0.0805 0.9512 0.2980
vn 0.2836 0.9450 0.1626
vn 0.3640 0.9128 0.1855
vn 0.2910 0.9551 0.0560
vn 0.1528 0.9799 -0.1280
vn -0.0005 0.9868 -0.1619
vn -0.0835 0.9910 -0.1050
vn -0.1204 0.9927 0.0108
vn -0.1815 0.9822 0.0474
vn -0.2206 0.9753 -0.0104
vn -0.2627 0.9649 -0.0006
vn -0.1751 0.9845 -0.0040
vn -0.0653 0.9968 -0.0470
vn -0.0647 0.9964 -0.0542
vn -0.0583 0.9978 -0.0325
vn -0.0780 0.9928 0.0904
vn 0.0327 0.9990 -0.0303
vn 0.0066 1.0000 -0.0072
vn -0.0557 0.9957 0.0738
vn -0.0283 0.9982 -0.0524
vn -0.0338 0.9994 -0.0093
vn -0.0305 0.9992 0.0264
vn -0.0531 0.9985 -0.0157
vn -0.1183 0.9919 -0.0471
vn 0.0587 0.9978 0.0320
vn -0.0164 0.9932 0.1157
vn -0.1730 0.9355 0.3082
vn -0.2487 0.8972 0.3649
vn -0.2467 0.9191 0.3071
vn -0.2009 0.9753 0.0922
vn -0.2445 0.9490 -0.1989
vn -0.3021 0.8695 -0.3908
vn -0.2916 0.8168 -0.4978
vn -0.2630 0.8430 -0.4693
vn -0.1821 0.9694 -0.1647
vn -0.2525 0.9673 -0.0231
vn -0.2528 0.9592 -0.1263
vn -0.2296 0.9675 -0.1063
vn -0.2179 0.9669 0.1328
vn -0.1551 0.9505 0.2693
vn -0.0257 0.9770 0.2118
vn 0.3048 0.9489 0.0820
vn 0.3757 0.9115 0.1672
vn 0.3159 0.9367 0.1511
vn 0.1424 0.9892 -0.0338
vn -0.0650 0.9952 -0.0738
vn -0.1505 0.9860 -0.0711
vn -0.1860 0.9813 0.0487
vn -0.2466 0.9651 0.0880
vn -0.3442 0.9387 0.0206
vn -0.2487 0.9656 -0.0756
vn -0.1339 0.9881 -0.0753
vn -0.0673 0.9955 -0.0671
vn -0.0916 0.9946 -0.0482
vn -0.0970 0.9952 -0.0093
vn -0.1399 0.9866 0.0840
vn -0.0321 0.9993 -0.0198
vn -0.1564 0.9850 -0.0724
vn 0.1221 0.9898 0.0731
vn 0.0432 0.9990 -0.0137
vn -0.0567 0.9984 -0.0066
vn 0.0724 0.9974 0.0005
vn 0.0268 0.9989 0.0380
vn -0.0348 0.9979 -0.0547
vn -0.1055 0.9939 0.0310
vn -0.2012 0.9612 0.1886
vn -0.2838 0.8950 0.3441
vn -0.3111 0.8773 0.3653
vn -0.2161 0.9446 0.2470
vn -0.1371 0.9873 0.0808
vn -0.1197 0.9786 -0.1675
vn -0.2041 0.9019 -0.3807
vn -0.0852 0.8211 -0.5644
vn -0.1526 0.8590 -0.4887
vn -0.1685 0.9724 -0.1616
vn -0.2302 0.9730 0.0170
vn -0.2807 0.9520 -0.1225
vn -0.2998 0.9474 -0.1123
vn -0.2802 0.9537 0.1090
vn -0.1630 0.9693 0.1842
vn -0.0080 0.9954 0.0959
vn 0.2875 0.9572 0.0325
vn 0.3271 0.9315 0.1590
vn 0.2511 0.9386 0.2367
vn 0.0543 0.9946 0.0882
vn -0.1284 0.9917 0.0073
vn -0.2396 0.9704 -0.0293
vn -0.2679 0.9609 0.0701
vn -0.2647 0.9562 0.1248
vn -0.3141 0.9493 0.0126
vn -0.3347 0.9359 -0.1098
vn -0.2543 0.9588 -0.1267
vn -0.1341 0.9872 -0.0866
vn -0.2379 0.9712 -0.0170
vn -0.1617 0.9864 -0.0280
vn -0.0337 0.9994 -0.0067
vn 0.1813 0.9834 0.0092
vn -0.0135 0.9970 -0.0760
vn 0.0685 0.9976 0.0036
vn -0.0383 0.9990 0.0235
vn -0.0325 0.9990 -0.0303
vn 0.0140 0.9999 -0.0076
vn 0.0796 0.9964 0.0300
vn 0.0167 0.9993 0.0322
vn -0.2005 0.9726 0.1177
vn -0.2638 0.9357 0.2342
vn -0.3037 0.8769 0.3725
vn -0.3243 0.8877 0.3268
vn -0.3540 0.9135 0.2003
vn -0.2229 0.9747 -0.0137
vn -0.1141 0.9787 -0.1706
vn -0.0630 0.9115 -0.4064
vn -0.0292 0.8053 -0.5921
vn -0.0478 0.8936 -0.4463
vn -0.0757 0.9852 -0.1537
vn -0.0985 0.9937 0.0531
vn -0.1944 0.9781 -0.0740
vn -0.2556 0.9599 -0.1151
vn -0.2145 0.9744 0.0670
vn -0.0554 0.9951 0.0819
vn 0.0739 0.9973 0.0003
vn 0.2560 0.9665 0.0157
vn 0.2569 0.9518 0.1675
vn 0.1838 0.9346 0.3044
vn -0.0190 0.9744 0.2239
vn -0.2521 0.9619 0.1057
vn -0.3669 0.9301 0.0170
vn -0.3450 0.9367 0.0604
vn -0.2589 0.9591 0.1148
vn -0.2626 0.9645 0.0290
vn -0.2687 0.9544 -0.1303
vn -0.2090 0.9575 -0.1989
vn -0.2044 0.9770 -0.0599
vn -0.1029 0.9929 -0.0593
vn -0.0834 0.9939 -0.0717
vn 0.0246 0.9928 -0.1171
vn 0.0922 0.9952 -0.0314
vn 0.1200 0.9927 0.0081
vn 0.0290 0.9995 0.0100
vn 0.0327 0.9952 0.0922
vn -0.0574 0.9975 -0.0421
vn -0.0769 0.9963 -0.0391
vn -0.0978 0.9947 0.0324
vn -0.0622 0.9934 0.0960
vn -0.2243 0.9530 0.2039
vn -0.3362 0.8988 0.2813
vn -0.3897 0.8366 0.3850
vn -0.3219 0.8946 0.3100
vn -0.3318 0.9311 0.1515
vn -0.2897 0.9456 -0.1483
vn -0.1093 0.9640 -0.2425
vn 0.0118 0.9003 -0.4351
vn -0.0304 0.8102 -0.5853
vn 0.0076 0.8825 -0.4702
vn 0.0016 0.9924 -0.1230
vn -0.0645 0.9950 0.0768
vn -0.0980 0.9948 -0.0266
vn -0.1392 0.9824 -0.1247
vn -0.0447 0.9990 -0.0024
vn 0.1409 0.9898 -0.0198
vn 0.2139 0.9755 -0.0510
vn 0.1427 0.9887 0.0450
vn 0.0978 0.9777 0.1857
vn 0.0274 0.9287 0.3698
vn -0.2040 0.9082 0.3654
vn -0.4624 0.8647 0.1963
vn -0.5685 0.8222 0.0265
vn -0.5141 0.8577 0.0023
vn -0.3231 0.9452 0.0473
vn -0.2159 0.9764 0.0068
vn -0.1801 0.9711 -0.1563
vn -0.1455 0.9688 -0.2005
vn -0.0890 0.9899 -0.1107
vn 0.0586 0.9930 -0.1024
vn 0.0657 0.9944 -0.0829
vn -0.0308 0.9950 -0.0954
vn -0.1134 0.9925 -0.0466
vn -0.1419 0.9898 0.0109
vn -0.0561 0.9983 -0.0178
vn -0.0152 0.9946 0.1026
vn 0.0509 0.9986 -0.0141
vn -0.0125 0.9999 0.0064
vn -0.1150 0.9927 0.0375
vn -0.1206 0.9845 0.1270
vn -0.3229 0.9003 0.2917
vn -0.3625 0.8722 0.3283
vn -0.3374 0.8730 0.3521
vn -0.3207 0.9040 0.2829
vn -0.1844 0.9800 0.0748
vn -0.1405 0.9656 -0.2190
vn -0.0002 0.9307 -0.3657
vn 0.1059 0.8763 -0.4701
vn 0.1288 0.8195 -0.5584
vn 0.0626 0.8795 -0.4717
vn 0.0528 0.9935 -0.1008
vn 0.0108 0.9942 0.1066
vn -0.0129 0.9998 -0.0168
vn -0.0329 0.9902 -0.1355
vn 0.0978 0.9887 -0.1132
vn 0.2722 0.9577 -0.0933
vn 0.2795 0.9589 -0.0495
vn 0.0107 0.9961 0.0875
vn -0.1006 0.9677 0.2310
vn -0.1558 0.8906 0.4273
vn -0.3517 0.8302 0.4326
vn -0.5799 0.7808 0.2324
vn -0.7022 0.7119 0.0109
vn -0.6594 0.7417 -0.1225
vn -0.3874 0.9113 -0.1393
vn -0.1487 0.9870 -0.0612
vn -0.0872 0.9788 -0.1856
vn -0.0311 0.9707 -0.2381
vn 0.0622 0.9821 -0.1777
vn -0.0202 0.9952 -0.0961
vn 0.0362 0.9964 -0.0762
vn 0.0309 0.9991 -0.0304
vn -0.0774 0.9966 0.0286
vn -0.1497 0.9887 -0.0103
vn -0.0676 0.9967 -0.0444
vn -0.0687 0.9957 0.0616
vn -0.0216 0.9975 -0.0674
vn -0.0066 0.9981 0.0607
vn -0.0346 0.9970 0.0690
vn -0.2031 0.9478 0.2458
vn -0.3728 0.8648 0.3363
vn -0.3797 0.8684 0.3190
vn -0.2712 0.9047 0.3285
vn -0.2093 0.9532 0.2182
vn -0.0629 0.9979 -0.0140
vn -0.0002 0.9613 -0.2754
vn 0.0406 0.8975 -0.4391
vn 0.1027 0.8545 -0.5092
vn 0.1306 0.8272 -0.5465
vn 0.0752 0.8970 -0.4356
vn 0.0435 0.9931 -0.1087
vn 0.0589 0.9903 0.1259
vn 0.0300 0.9995 -0.0094
vn 0.0769 0.9830 -0.1665
vn 0.2035 0.9552 -0.2149
vn 0.3041 0.9460 -0.1126
vn 0.2446 0.9693 -0.0255
vn -0.1535 0.9763 0.1527
vn -0.2709 0.9172 0.2921
vn -0.2859 0.8443 0.4533
vn -0.3551 0.8150 0.4579
vn -0.5158 0.8200 0.2478
vn -0.6536 0.7561 -0.0331
vn -0.6157 0.7109 -0.3400
vn -0.3835 0.8526 -0.3549
vn -0.0955 0.9802 -0.1736
vn 0.0092 0.9780 -0.2082
vn -0.0082 0.9659 -0.2589
vn -0.0940 0.9875 -0.1265
vn -0.1428 0.9846 -0.1011
vn -0.0620 0.9911 -0.1178
vn 0.0025 0.9987 -0.0504
vn 0.0324 0.9990 0.0305
vn 0.1947 0.9808 -0.0101
vn 0.0172 0.9996 -0.0245
vn 0.0068 0.9979 0.0638
vn -0.0088 0.9987 -0.0508
vn 0.0328 0.9988 0.0362
vn 0.0532 0.9916 0.1180
vn -0.1335 0.9197 0.3691
vn -0.2182 0.8931 0.3933
vn -0.3413 0.8814 0.3265
vn -0.2022 0.9467 0.2509
vn -0.0759 0.9886 0.1301
vn -0.0223 0.9976 -0.0651
vn 0.0845 0.9450 -0.3161
vn 0.1560 0.8732 -0.4617
vn 0.1735 0.8405 -0.5133
vn 0.1033 0.8423 -0.5290
vn 0.0342 0.9176 -0.3960
vn -0.0606 0.9931 -0.1004
vn 0.0171 0.9946 0.1021
vn 0.0497 0.9986 -0.0178
vn 0.1129 0.9680 -0.2242
vn 0.2056 0.9381 -0.2789
vn 0.2651 0.9597 -0.0929
vn 0.1792 0.9835 0.0257
vn -0.2123 0.9439 0.2531
vn -0.3090 0.8874 0.3421
vn -0.2805 0.8401 0.4643
vn -0.2236 0.8636 0.4519
vn -0.2970 0.9224 0.2468
vn -0.4339 0.8954 -0.1003
vn -0.5100 0.7204 -0.4700
vn -0.4195 0.7701 -0.4807
vn -0.1183 0.9356 -0.3328
vn -0.0341 0.9748 -0.2203
vn -0.0312 0.9745 -0.2222
vn -0.0806 0.9925 -0.0922
vn 0.0685 0.9849 -0.1588
vn 0.0390 0.9921 -0.1194
vn -0.0474 0.9982 -0.0375
vn -0.0632 0.9956 -0.0694
vn 0.1219 0.9925 0.0008
vn -0.1069 0.9905 0.0863
vn -0.0677 0.9976 0.0172
vn -0.0203 0.9967 -0.0787
vn 0.0254 0.9995 0.0184
vn -0.0158 0.9834 0.1810
vn -0.0901 0.9025 0.4212
vn 0.0415 0.8836 0.4663
vn -0.1452 0.9230 0.3563
vn -0.1460 0.9711 0.1890
vn -0.0982 0.9894 0.1066
vn -0.0417 0.9938 -0.1033
vn 0.0698 0.9204 -0.3847
vn 0.1831 0.8432 -0.5055
vn 0.1908 0.8607 -0.4719
vn 0.0281 0.8919 -0.4513
vn -0.0860 0.9352 -0.3434
vn -0.0890 0.9927 -0.0809
vn -0.0487 0.9972 0.0566
vn -0.0002 0.9986 -0.0524
vn 0.0533 0.9632 -0.2636
vn 0.0974 0.9439 -0.3154
vn 0.1212 0.9897 -0.0766
vn 0.0562 0.9911 0.1207
vn -0.2119 0.9188 0.3330
vn -0.2319 0.9073 0.3507
vn -0.1133 0.8926 0.4363
vn 0.0384 0.9071 0.4192
vn -0.1373 0.9440 0.2999
vn -0.4398 0.8975 -0.0324
vn -0.6067 0.6346 -0.4787
vn -0.3979 0.6173 -0.6787
vn -0.0481 0.8790 -0.4743
vn 0.0563 0.9684 -0.2428
vn -0.0139 0.9802 -0.1974
vn 0.0751 0.9820 -0.1734
vn 0.1549 0.9738 -0.1667
vn 0.1162 0.9916 -0.0576
vn 0.0472 0.9986 0.0257
vn -0.0647 0.9947 -0.0795
vn -0.0010 1.0000 -0.0004
vn -0.0169 0.9950 0.0983
vn 0.0968 0.9953 -0.0076
vn -0.0276 0.9990 -0.0356
vn -0.1400 0.9901 0.0083
vn -0.0997 0.9752 0.1976
vn -0.1090 0.9148 0.3889
vn 0.0003 0.8784 0.4779
vn -0.1367 0.9112 0.3886
vn -0.0874 0.9806 0.1753
vn -0.1514 0.9845 0.0884
vn -0.1429 0.9737 -0.1776
vn 0.0530 0.8944 -0.4441
vn 0.0844 0.8611 -0.5013
vn -0.0014 0.9109 -0.4127
vn -0.1288 0.9384 -0.3205
vn -0.2760 0.9090 -0.3123
vn -0.1880 0.9758 -0.1113
vn -0.1150 0.9920 0.0528
vn -0.1067 0.9917 -0.0716
vn -0.1213 0.9534 -0.2762
vn -0.1231 0.9372 -0.3264
vn -0.1129 0.9915 -0.0641
vn -0.1022 0.9835 0.1495
vn -0.2476 0.9022 0.3531
vn -0.1771 0.9429 0.2820
vn 0.0221 0.9277 0.3727
vn 0.1253 0.8935 0.4312
vn -0.1798 0.9192 0.3504
vn -0.5080 0.8600 -0.0484
vn -0.4912 0.5351 -0.6873
vn -0.3529 0.4332 -0.8293
vn -0.1059 0.7839 -0.6118
vn 0.0824 0.9674 -0.2393
vn 0.0317 0.9824 -0.1839
vn 0.1038 0.9687 -0.2255
vn 0.0848 0.9823 -0.1668
vn 0.0321 0.9984 -0.0459
vn -0.0156 0.9990 0.0423
vn 0.0461 0.9986 -0.0247
vn -0.0777 0.9969 -0.0140
vn 0.0681 0.9972 0.0319
vn 0.0575 0.9982 -0.0145
vn 0.0545 0.9975 0.0455
vn 0.0017 0.9991 0.0432
vn 0.0261 0.9799 0.1978
vn -0.0587 0.9171 0.3944
vn -0.1209 0.8633 0.4900
vn -0.1514 0.9220 0.3563
vn 0.0111 0.9873 0.1582
vn -0.0356 0.9905 0.1327
vn -0.0524 0.9801 -0.1913
vn -0.0678 0.8603 -0.5053
vn -0.0285 0.8826 -0.4692
vn -0.0915 0.9396 -0.3297
vn -0.1971 0.9441 -0.2642
vn -0.1750 0.9496 -0.2601
vn -0.2412 0.9508 -0.1945
vn -0.1204 0.9926 0.0162
vn -0.1654 0.9857 -0.0315
vn -0.2496 0.9383 -0.2395
vn -0.2989 0.8978 -0.3235
vn -0.2591 0.9618 -0.0880
vn -0.1245 0.9912 0.0461
vn -0.3019 0.9050 0.2996
vn -0.1429 0.9778 0.1534
vn 0.0817 0.9507 0.2991
vn 0.0878 0.8919 0.4436
vn -0.1355 0.9026 0.4087
vn -0.2961 0.9281 -0.2259
vn -0.5759 0.5056 -0.6424
vn -0.5944 0.1856 -0.7824
vn -0.2123 0.6441 -0.7349
vn 0.2016 0.9185 -0.3403
vn 0.3255 0.9233 -0.2038
vn 0.1409 0.9778 -0.1551
vn 0.0144 0.9933 -0.1146
vn -0.1062 0.9940 0.0267
vn -0.0666 0.9975 -0.0252
vn 0.0181 0.9997 -0.0143
vn -0.0075 0.9995 -0.0295
vn -0.0121 0.9996 0.0260
vn -0.1952 0.9800 0.0378
vn -0.1654 0.9862 0.0030
vn -0.1108 0.9936 0.0199
vn -0.0881 0.9748 0.2051
vn -0.1238 0.9053 0.4063
vn -0.3032 0.8200 0.4855
vn -0.1701 0.9501 0.2616
vn 0.0504 0.9948 0.0887
vn 0.2645 0.9543 0.1390
vn 0.2460 0.9510 -0.1873
vn 0.0779 0.8742 -0.4793
vn -0.0493 0.8801 -0.4722
vn -0.0586 0.9654 -0.2542
vn -0.1924 0.9385 -0.2868
vn -0.0496 0.9620 -0.2686
vn -0.1252 0.9712 -0.2027
vn -0.0928 0.9957 -0.0072
vn -0.1305 0.9910 0.0303
vn -0.2467 0.9528 -0.1772
vn -0.3359 0.8882 -0.3134
vn -0.2731 0.9422 -0.1940
vn -0.0670 0.9958 -0.0620
vn -0.3084 0.9351 0.1746
vn -0.0945 0.9954 0.0174
vn 0.0843 0.9770 0.1958
vn 0.1222 0.8753 0.4678
vn -0.0033 0.9344 0.3561
vn -0.2968 0.9533 0.0554
vn -0.6891 0.6296 -0.3588
vn -0.5881 0.0338 -0.8080
vn -0.2025 0.3697 -0.9068
vn 0.2584 0.8194 -0.5116
vn 0.2355 0.9642 -0.1219
vn 0.0947 0.9953 -0.0204
vn -0.0224 0.9984 -0.0511
vn -0.0162 0.9999 -0.0038
vn 0.1214 0.9915 -0.0457
vn -0.0555 0.9984 -0.0089
vn -0.0240 0.9997 -0.0000
vn -0.1891 0.9744 0.1215
vn -0.3572 0.9298 0.0885
vn -0.4048 0.9143 0.0157
vn -0.4596 0.8879 0.0204
vn -0.4407 0.8811 0.1716
vn -0.4039 0.8368 0.3696
vn -0.5138 0.7513 0.4141
vn -0.4112 0.9016 0.1347
vn -0.1447 0.9828 -0.1150
vn 0.4074 0.9095 0.0821
vn 0.4366 0.8921 -0.1161
vn 0.3097 0.8667 -0.3911
vn 0.1166 0.8983 -0.4235
vn -0.0160 0.9700 -0.2428
vn -0.0175 0.9679 -0.2509
vn -0.0441 0.9452 -0.3235
vn -0.0262 0.9830 -0.1816
vn -0.0279 0.9992 -0.0274
vn -0.0088 0.9979 0.0642
vn -0.1184 0.9887 -0.0922
vn -0.2574 0.9243 -0.2818
vn -0.2763 0.9157 -0.2917
vn -0.1547 0.9749 -0.1599
vn -0.2127 0.9738 -0.0801
vn 0.0186 0.9969 -0.0758
vn 0.0996 0.9872 0.1246
vn 0.1615 0.8734 0.4595
vn 0.0755 0.8894 0.4508
vn -0.2567 0.9455 0.2001
vn -0.3021 0.7954 -0.5255
vn -0.2053 0.1162 -0.9718
vn -0.0241 0.1411 -0.9897
vn 0.1818 0.8171 -0.5471
vn 0.0931 0.9913 -0.0931
vn 0.1677 0.9858 0.0092
vn 0.0638 0.9979 -0.0108
vn 0.0767 0.9955 -0.0558
vn 0.0119 0.9999 0.0029
vn 0.0164 0.9997 0.0184
vn -0.0812 0.9949 0.0591
vn -0.2209 0.9490 0.2249
vn -0.5082 0.8351 0.2108
vn -0.6612 0.7470 0.0689
vn -0.6341 0.7731 0.0153
vn -0.6428 0.7555 0.1264
vn -0.5770 0.7549 0.3119
vn -0.4819 0.7850 0.3894
vn -0.4928 0.8650 0.0948
vn -0.3253 0.8972 -0.2987
vn 0.2404 0.9519 -0.1901
vn 0.5887 0.8057 -0.0650
vn 0.4746 0.8408 -0.2605
vn 0.1887 0.9274 -0.3231
vn 0.0553 0.9713 -0.2312
vn 0.0929 0.9614 -0.2591
vn 0.0535 0.9406 -0.3354
vn 0.0848 0.9770 -0.1957
vn 0.0859 0.9955 -0.0407
vn 0.1131 0.9908 0.0747
vn 0.0685 0.9973 -0.0271
vn -0.0912 0.9764 -0.1960
vn -0.2220 0.9255 -0.3070
vn -0.2023 0.9457 -0.2543
vn -0.2001 0.9263 -0.3193
vn 0.0181 0.9857 -0.1678
vn 0.0695 0.9925 0.1006
vn -0.1067 0.8733 0.4754
vn -0.1854 0.8281 0.5290
vn -0.0451 0.9929 0.1098
vn 0.1131 0.8110 -0.5740
vn 0.1867 0.1054 -0.9767
vn 0.2151 0.1673 -0.9622
vn 0.1899 0.8733 -0.4486
vn -0.0131 0.9963 -0.0844
vn 0.0316 0.9995 0.0023
vn 0.0485 0.9988 -0.0119
vn 0.0785 0.9969 -0.0034
vn -0.0913 0.9954 0.0273
vn 0.0792 0.9969 -0.0044
vn -0.0921 0.9816 0.1673
vn -0.3540 0.8572 0.3741
vn -0.5652 0.7497 0.3442
vn -0.6244 0.7750 0.0970
vn -0.6726 0.7399 0.0098
vn -0.7314 0.6692 0.1312
vn -0.7064 0.6723 0.2216
vn -0.5823 0.7486 0.3170
vn -0.4819 0.8730 0.0759
vn -0.2448 0.9006 -0.3591
vn 0.1051 0.8835 -0.4565
vn 0.5813 0.7987 -0.1555
vn 0.5625 0.8182 -0.1187
vn 0.3424 0.9207 -0.1872
vn 0.1764 0.9663 -0.1874
vn 0.1193 0.9540 -0.2751
vn 0.1261 0.9370 -0.3259
vn 0.1051 0.9714 -0.2128
vn 0.1170 0.9910 -0.0657
vn 0.2041 0.9770 0.0616
vn 0.1888 0.9814 0.0335
vn 0.0644 0.9915 -0.1134
vn -0.1302 0.9653 -0.2262
vn -0.2448 0.9325 -0.2655
vn -0.1182 0.9008 -0.4179
vn 0.0027 0.9689 -0.2474
vn -0.1047 0.9782 0.1792
vn -0.3270 0.7689 0.5494
vn -0.0176 0.9386 0.3444
vn 0.4055 0.9135 -0.0322
vn 0.5193 0.6598 -0.5431
vn 0.5490 0.0413 -0.8348
vn 0.4356 0.3213 -0.8409
vn 0.1599 0.9515 -0.2628
vn 0.0442 0.9990 -0.0070
vn -0.0178 0.9997 -0.0159
vn -0.1071 0.9940 -0.0227
vn -0.0677 0.9976 0.0167
vn -0.0619 0.9978 0.0232
vn -0.0402 0.9992 -0.0041
vn -0.1629 0.9399 0.3001
vn -0.3788 0.7769 0.5029
vn -0.4645 0.7973 0.3855
vn -0.4731 0.8698 0.1397
vn -0.5564 0.8222 0.1195
vn -0.6616 0.7082 0.2465
vn -0.7792 0.5896 0.2128
vn -0.7612 0.6296 0.1552
vn -0.6154 0.7842 -0.0800
vn -0.2253 0.8787 -0.4208
vn 0.1626 0.8053 -0.5701
vn 0.5164 0.8036 -0.2958
vn 0.5643 0.8201 -0.0952
vn 0.5230 0.8512 -0.0443
vn 0.3259 0.9389 -0.1106
vn 0.2657 0.9329 -0.2430
vn 0.2103 0.9323 -0.2942
vn 0.0992 0.9745 -0.2012
vn 0.1107 0.9891 -0.0969
vn 0.1936 0.9811 0.0050
vn 0.2611 0.9625 0.0732
vn 0.1763 0.9836 -0.0384
vn -0.0736 0.9949 -0.0686
vn -0.2699 0.9439 -0.1900
vn 0.0129 0.8955 -0.4450
vn 0.0320 0.9730 -0.2287
vn -0.1494 0.9288 0.3392
vn -0.1227 0.8437 0.5225
vn 0.3096 0.9220 0.2326
vn 0.5393 0.8300 -0.1425
vn 0.7206 0.4543 -0.5237
vn 0.6455 0.1575 -0.7473
vn 0.4416 0.6548 -0.6134
vn -0.0115 0.9883 -0.1520
vn 0.0459 0.9989 -0.0033
vn 0.0616 0.9978 0.0228
vn 0.0621 0.9977 0.0277
vn -0.0571 0.9981 0.0214
vn 0.0889 0.9960 -0.0046
vn -0.0412 0.9983 0.0414
vn -0.2533 0.8781 0.4059
vn -0.3693 0.7502 0.5485
vn -0.4516 0.8006 0.3939
vn -0.4872 0.8657 0.1150
vn -0.4235 0.8842 0.1974
vn -0.5061 0.7574 0.4126
vn -0.6404 0.7002 0.3156
vn -0.6956 0.7103 0.1077
vn -0.5985 0.7680 -0.2280
vn -0.2789 0.7738 -0.5687
vn 0.0959 0.7491 -0.6555
vn 0.4351 0.7824 -0.4456
vn 0.5161 0.8520 -0.0882
vn 0.4168 0.9090 -0.0051
vn 0.3718 0.9281 -0.0186
vn 0.3107 0.9262 -0.2134
vn 0.2396 0.9444 -0.2249
vn 0.1059 0.9820 -0.1564
vn 0.0866 0.9895 -0.1155
vn 0.1354 0.9898 -0.0448
vn 0.2360 0.9709 0.0419
vn 0.2092 0.9745 0.0808
vn 0.0146 0.9989 0.0453
vn -0.1933 0.9807 0.0305
vn 0.1336 0.8847 -0.4465
vn 0.1161 0.9810 -0.1552
vn -0.0451 0.9099 0.4124
vn 0.0474 0.8991 0.4353
vn 0.0372 0.9704 0.2387
vn 0.1247 0.9309 -0.3432
vn 0.3462 0.3768 -0.8592
vn 0.4332 0.2776 -0.8575
vn 0.2322 0.8727 -0.4295
vn 0.0406 0.9987 -0.0305
vn -0.0942 0.9955 -0.0080
vn -0.0487 0.9985 -0.0254
vn 0.0350 0.9985 0.0419
vn 0.0713 0.9971 -0.0250
vn 0.1965 0.9805 -0.0090
vn -0.1183 0.9641 0.2376
vn -0.3825 0.7749 0.5032
vn -0.4263 0.7131 0.5566
vn -0.5128 0.7599 0.3994
vn -0.5027 0.8627 0.0557
vn -0.4063 0.8927 0.1949
vn -0.3607 0.7777 0.5149
vn -0.4255 0.8258 0.3702
vn -0.5463 0.8311 0.1042
vn -0.4888 0.8080 -0.3289
vn -0.3633 0.6584 -0.6591
vn -0.1100 0.6531 -0.7493
vn 0.2363 0.8001 -0.5513
vn 0.3262 0.9377 -0.1197
vn 0.3180 0.9476 0.0295
vn 0.3122 0.9499 0.0137
vn 0.2690 0.9501 -0.1581
vn 0.1739 0.9675 -0.1836
vn 0.1093 0.9898 -0.0909
vn 0.0354 0.9919 -0.1222
vn 0.0800 0.9927 -0.0900
vn 0.1725 0.9849 -0.0148
vn 0.2189 0.9637 0.1528
vn 0.0766 0.9850 0.1544
vn -0.1560 0.9507 0.2681
vn 0.1492 0.8866 -0.4378
vn 0.0098 0.9968 -0.0793
vn -0.1117 0.8966 0.4285
vn 0.0519 0.8871 0.4586
vn -0.0604 0.9801 0.1890
vn -0.1313 0.8541 -0.5033
vn 0.0066 0.2662 -0.9639
vn 0.1381 0.3825 -0.9136
vn 0.0308 0.9241 -0.3810
vn 0.0332 0.9989 0.0327
vn 0.0071 0.9999 0.0141
vn -0.0029 0.9994 -0.0343
vn -0.1121 0.9935 0.0171
vn -0.0145 0.9965 -0.0821
vn -0.1482 0.9854 0.0836
vn -0.4088 0.8187 0.4033
vn -0.4486 0.7312 0.5140
vn -0.4476 0.6923 0.5660
vn -0.4482 0.8199 0.3563
vn -0.4545 0.8906 0.0125
vn -0.4247 0.8863 0.1849
vn -0.2129 0.8299 0.5158
vn -0.2107 0.8811 0.4234
vn -0.2768 0.9591 0.0600
vn -0.3241 0.8685 -0.3750
vn -0.3974 0.6315 -0.6658
vn -0.2892 0.5370 -0.7925
vn -0.0628 0.7847 -0.6167
vn 0.2675 0.9273 -0.2617
vn 0.3874 0.9213 0.0325
vn 0.3643 0.9312 0.0161
vn 0.3371 0.9388 -0.0700
vn 0.1121 0.9841 -0.1375
vn 0.0460 0.9973 -0.0568
vn 0.0037 0.9948 -0.1016
vn -0.0046 0.9924 -0.1232
vn 0.0379 0.9974 -0.0612
vn 0.1295 0.9815 0.1413
vn 0.1067 0.9556 0.2748
vn -0.0330 0.9338 0.3564
vn 0.0435 0.9403 -0.3376
vn -0.2572 0.9636 0.0726
vn -0.2767 0.8526 0.4433
vn -0.0860 0.8937 0.4405
vn 0.2256 0.9572 0.1812
vn 0.2428 0.8399 -0.4853
vn 0.1740 0.2868 -0.9421
vn 0.1134 0.4277 -0.8968
vn 0.0300 0.9381 -0.3449
vn 0.0299 0.9993 0.0244
vn 0.0825 0.9965 0.0100
vn 0.0555 0.9976 0.0406
vn -0.0987 0.9945 0.0363
vn -0.0756 0.9957 -0.0530
vn -0.2490 0.9379 0.2414
vn -0.3818 0.7911 0.4779
vn -0.4328 0.7259 0.5345
vn -0.3428 0.7508 0.5645
vn -0.2045 0.9121 0.3554
vn -0.3528 0.9329 0.0726
vn -0.4314 0.8859 0.1703
vn -0.0551 0.8998 0.4328
vn 0.1282 0.9117 0.3904
vn 0.2173 0.9761 -0.0048
vn 0.1352 0.9155 -0.3789
vn -0.0353 0.7179 -0.6953
vn -0.1714 0.5286 -0.8314
vn -0.0357 0.6633 -0.7475
vn 0.2531 0.9029 -0.3474
vn 0.2788 0.9603 -0.0030
vn 0.3491 0.9366 0.0289
vn 0.3268 0.9448 0.0250
vn 0.0999 0.9949 -0.0138
vn -0.0063 0.9996 -0.0266
vn -0.0564 0.9950 -0.0828
vn -0.1011 0.9885 -0.1127
vn -0.1316 0.9864 -0.0980
vn -0.0047 0.9972 0.0740
vn 0.1315 0.9470 0.2932
vn 0.1419 0.9148 0.3781
vn -0.1561 0.9814 -0.1122
vn -0.4331 0.8730 0.2241
vn -0.3575 0.8373 0.4138
vn -0.1503 0.9338 0.3247
vn 0.4172 0.9085 0.0229
vn 0.5723 0.7533 -0.3239
vn 0.4934 0.3423 -0.7996
vn 0.2485 0.5732 -0.7808
vn -0.0409 0.9573 -0.2863
vn -0.0903 0.9956 -0.0233
vn 0.0325 0.9995 -0.0009
vn 0.0246 0.9986 0.0463
vn 0.1018 0.9934 0.0522
vn 0.0273 0.9996 0.0041
vn -0.1060 0.9301 0.3516
vn -0.2535 0.7905 0.5575
vn -0.3722 0.7436 0.5554
vn -0.2365 0.8340 0.4985
vn -0.1307 0.9145 0.3828
vn -0.3455 0.9198 0.1859
vn -0.4738 0.8732 0.1145
vn -0.0121 0.9650 0.2620
vn 0.4000 0.8849 0.2384
vn 0.5511 0.8303 -0.0827
vn 0.5247 0.7764 -0.3493
vn 0.3280 0.6833 -0.6523
vn 0.1311 0.5384 -0.8325
vn 0.0460 0.6229 -0.7810
vn 0.0345 0.9225 -0.3843
vn 0.0485 0.9979 -0.0423
vn 0.1070 0.9942 0.0110
vn 0.0761 0.9959 0.0488
vn 0.0734 0.9949 0.0685
vn 0.0512 0.9985 0.0208
vn -0.0529 0.9980 -0.0357
vn -0.1673 0.9839 -0.0634
vn -0.2559 0.9594 -0.1187
vn -0.1313 0.9906 -0.0391
vn 0.1049 0.9722 0.2092
vn 0.2246 0.9068 0.3566
vn -0.2897 0.9525 0.0939
vn -0.5525 0.7777 0.2997
vn -0.4734 0.8066 0.3541
vn -0.1147 0.9921 0.0499
vn 0.2714 0.9183 -0.2883
vn 0.6171 0.7087 -0.3419
vn 0.6524 0.4243 -0.6280
vn 0.3850 0.7614 -0.5216
vn 0.0356 0.9858 -0.1640
vn -0.0698 0.9975 -0.0090
vn -0.0718 0.9962 -0.0491
vn -0.0397 0.9990 0.0199
vn 0.0615 0.9974 0.0382
vn 0.0075 0.9981 0.0612
vn -0.1213 0.8991 0.4207
vn -0.3750 0.6921 0.6168
vn -0.4034 0.7630 0.5051
vn -0.2546 0.8715 0.4192
vn -0.1937 0.8878 0.4175
vn -0.3939 0.8721 0.2903
vn -0.4850 0.8745 -0.0091
vn -0.1265 0.9894 0.0713
vn 0.2682 0.9620 0.0507
vn 0.5345 0.8189 -0.2091
vn 0.5756 0.7428 -0.3420
vn 0.4436 0.6580 -0.6085
vn 0.2548 0.5309 -0.8082
vn 0.0674 0.6819 -0.7284
vn 0.0263 0.9325 -0.3601
vn 0.0235 0.9989 -0.0394
vn -0.0502 0.9982 0.0335
vn -0.0305 0.9991 0.0305
vn 0.0155 0.9988 0.0458
vn 0.0214 0.9988 0.0437
vn 0.0191 0.9996 0.0208
vn -0.1353 0.9905 0.0267
vn -0.2549 0.9618 -0.1003
vn -0.1853 0.9703 -0.1552
vn 0.0403 0.9964 0.0751
vn 0.2050 0.9408 0.2700
vn -0.3330 0.9003 0.2803
vn -0.5933 0.7276 0.3443
vn -0.6040 0.7498 0.2700
vn -0.3010 0.9254 -0.2303
vn 0.0505 0.8099 -0.5844
vn 0.4585 0.5505 -0.6977
vn 0.4989 0.6392 -0.5853
vn 0.1629 0.9144 -0.3706
vn 0.0392 0.9971 -0.0657
vn 0.0965 0.9952 0.0187
vn 0.0687 0.9959 -0.0582
vn 0.0139 0.9999 0.0027
vn 0.0971 0.9948 0.0302
vn -0.1357 0.9779 0.1592
vn -0.3682 0.7718 0.5184
vn -0.4049 0.6850 0.6056
vn -0.4653 0.7648 0.4456
vn -0.4125 0.8471 0.3352
vn -0.3035 0.8581 0.4142
vn -0.3772 0.8560 0.3535
vn -0.4507 0.8906 -0.0604
vn -0.4020 0.9124 -0.0771
vn -0.1347 0.9757 -0.1727
vn 0.3587 0.8452 -0.3963
vn 0.4890 0.7863 -0.3778
vn 0.3330 0.7373 -0.5878
vn 0.1362 0.6304 -0.7642
vn 0.0066 0.7356 -0.6774
vn -0.0604 0.9280 -0.3676
vn 0.0425 0.9991 -0.0089
vn 0.0044 0.9997 0.0238
vn 0.0374 0.9992 0.0158
vn 0.0439 0.9975 0.0558
vn 0.0139 0.9992 0.0381
vn 0.0064 0.9987 0.0501
vn -0.1303 0.9850 0.1130
vn -0.2098 0.9751 -0.0723
vn -0.1759 0.9575 -0.2286
vn -0.0299 0.9986 -0.0440
vn 0.1091 0.9807 0.1621
vn -0.2243 0.8814 0.4158
vn -0.5100 0.7653 0.3927
vn -0.5582 0.8272 0.0651
vn -0.4256 0.7771 -0.4636
vn -0.1683 0.5388 -0.8254
vn 0.1568 0.3977 -0.9040
vn 0.1956 0.7628 -0.6163
vn 0.0080 0.9669 -0.2552
vn -0.0236 0.9972 -0.0704
vn 0.0473 0.9983 -0.0352
vn 0.0600 0.9982 -0.0041
vn -0.0141 0.9999 0.0008
vn -0.0581 0.9933 0.0996
vn -0.3156 0.8835 0.3461
vn -0.4102 0.6967 0.5885
vn -0.3515 0.7005 0.6211
vn -0.4596 0.7706 0.4415
vn -0.4873 0.8283 0.2764
vn -0.3812 0.8443 0.3766
vn -0.3293 0.8746 0.3558
vn -0.2974 0.9533 -0.0531
vn -0.4299 0.8938 -0.1274
vn -0.1893 0.9130 -0.3615
vn 0.1547 0.8253 -0.5431
vn 0.3098 0.8715 -0.3802
vn 0.2244 0.8232 -0.5215
vn 0.1370 0.6748 -0.7252
vn 0.0773 0.7639 -0.6407
vn -0.0475 0.9209 -0.3869
vn -0.0272 0.9977 -0.0623
vn 0.0327 0.9993 0.0185
vn 0.0042 0.9998 0.0200
vn 0.0755 0.9964 0.0376
vn 0.0953 0.9944 0.0458
vn -0.0421 0.9907 0.1295
vn -0.1469 0.9751 0.1660
vn -0.2067 0.9768 -0.0565
vn -0.1757 0.9469 -0.2694
vn -0.0646 0.9894 -0.1297
vn 0.0555 0.9961 0.0686
vn -0.0565 0.8598 0.5075
vn -0.2446 0.8896 0.3856
vn -0.1806 0.9834 -0.0158
vn -0.1476 0.8349 -0.5303
vn -0.0122 0.4534 -0.8912
vn 0.0270 0.3359 -0.9415
vn -0.0946 0.7484 -0.6565
vn -0.1379 0.9713 -0.1936
vn -0.1309 0.9874 -0.0884
vn -0.1033 0.9939 -0.0391
vn -0.1002 0.9949 -0.0055
vn -0.0518 0.9982 0.0289
vn -0.2119 0.9547 0.2088
vn -0.3737 0.8178 0.4377
vn -0.3705 0.7211 0.5854
vn -0.2821 0.7175 0.6368
vn -0.1330 0.8875 0.4412
vn -0.0818 0.9564 0.2803
vn -0.0903 0.9140 0.3956
vn -0.0751 0.9393 0.3348
vn -0.0621 0.9978 -0.0233
vn -0.2443 0.9608 -0.1312
vn 0.0174 0.8874 -0.4606
vn 0.0930 0.7801 -0.6188
vn 0.2745 0.8666 -0.4167
vn 0.3297 0.7994 -0.5023
vn 0.2592 0.6668 -0.6987
vn 0.1743 0.7890 -0.5892
vn 0.0948 0.9505 -0.2960
vn -0.0453 0.9962 -0.0749
vn 0.0041 1.0000 0.0018
vn 0.0093 1.0000 0.0024
vn 0.0412 0.9991 0.0131
vn 0.0083 0.9956 0.0934
vn -0.1132 0.9714 0.2087
vn -0.1831 0.9619 0.2031
vn -0.2079 0.9765 -0.0560
vn -0.1677 0.9374 -0.3051
vn -0.0785 0.9762 -0.2023
vn 0.0145 0.9997 -0.0218
vn 0.1318 0.8253 0.5491
vn 0.0766 0.9126 0.4017
vn 0.0757 0.9936 0.0843
vn 0.0691 0.8856 -0.4593
vn 0.1336 0.4675 -0.8739
vn 0.0879 0.4363 -0.8955
vn -0.1506 0.7890 -0.5956
vn -0.2330 0.9500 -0.2079
vn -0.1427 0.9836 -0.1103
vn -0.0813 0.9938 -0.0763
vn 0.0210 0.9993 -0.0295
vn -0.0227 0.9965 0.0800
vn -0.1405 0.9360 0.3228
vn -0.3159 0.7964 0.5158
vn -0.3311 0.7425 0.5823
vn -0.0568 0.8265 0.5601
vn 0.1795 0.9111 0.3710
vn 0.2879 0.9210 0.2624
vn 0.2345 0.8906 0.3896
vn 0.2482 0.9132 0.3232
vn 0.2682 0.9625 0.0403
vn 0.1065 0.9883 -0.1096
vn 0.2903 0.8332 -0.4707
vn 0.3252 0.7192 -0.6140
vn 0.4866 0.7481 -0.4511
vn 0.4793 0.7342 -0.4809
vn 0.3392 0.7039 -0.6240
vn 0.2120 0.8230 -0.5271
vn 0.0810 0.9664 -0.2439
vn 0.0253 0.9985 -0.0494
vn 0.0133 0.9999 0.0091
vn -0.0292 0.9996 -0.0012
vn -0.0211 0.9997 0.0156
vn -0.0555 0.9890 0.1368
vn -0.1423 0.9570 0.2527
vn -0.1807 0.9587 0.2198
vn -0.1313 0.9883 -0.0771
vn -0.0975 0.9399 -0.3272
vn -0.0751 0.9679 -0.2400
vn -0.0575 0.9948 -0.0843
vn 0.1600 0.8151 0.5569
vn 0.1671 0.8703 0.4634
vn 0.1577 0.9663 0.2037
vn 0.1415 0.9175 -0.3717
vn 0.1814 0.4920 -0.8515
vn 0.0479 0.5632 -0.8249
vn -0.2336 0.8539 -0.4650
vn -0.2699 0.9357 -0.2274
vn -0.1659 0.9677 -0.1900
vn -0.0660 0.9895 -0.1284
vn -0.0150 0.9978 -0.0649
vn 0.0265 0.9911 0.1303
vn -0.0455 0.9153 0.4002
vn -0.1289 0.8081 0.5747
vn -0.2076 0.8034 0.5581
vn 0.0126 0.9060 0.4231
vn 0.2292 0.9236 0.3074
vn 0.3834 0.8982 0.2150
vn 0.4521 0.8261 0.3365
vn 0.5319 0.8056 0.2608
vn 0.5872 0.8042 0.0919
vn 0.4865 0.8708 -0.0701
vn 0.5445 0.7203 -0.4297
vn 0.5762 0.5979 -0.5572
vn 0.6707 0.6335 -0.3858
vn 0.6089 0.6942 -0.3838
vn 0.4303 0.7588 -0.4890
vn 0.1590 0.8785 -0.4506
vn 0.0269 0.9800 -0.1971
vn 0.0413 0.9987 -0.0311
vn 0.0447 0.9989 0.0111
vn 0.0610 0.9975 0.0354
vn -0.0634 0.9977 0.0246
vn -0.1037 0.9786 0.1777
vn -0.1856 0.9397 0.2872
vn -0.1426 0.9722 0.1859
vn -0.0192 0.9925 -0.1203
vn 0.0076 0.9427 -0.3335
vn -0.0522 0.9750 -0.2162
vn -0.1290 0.9879 -0.0867
vn 0.1071 0.8249 0.5550
vn 0.1905 0.8667 0.4610
vn 0.2817 0.9202 0.2718
vn 0.3629 0.9025 -0.2320
vn 0.2539 0.6177 -0.7443
vn -0.1601 0.6943 -0.7016
vn -0.4249 0.8534 -0.3019
vn -0.4248 0.8662 -0.2631
vn -0.2681 0.9268 -0.2629
vn -0.1228 0.9811 -0.1497
vn -0.1104 0.9905 -0.0820
vn -0.0525 0.9932 0.1039
vn -0.0153 0.9054 0.4242
vn -0.0255 0.7967 0.6038
vn -0.0681 0.8514 0.5201
vn 0.0222 0.9344 0.3555
vn 0.1637 0.9610 0.2230
vn 0.3827 0.9197 0.0879
vn 0.5781 0.7842 0.2254
vn 0.6845 0.7030 0.1931
vn 0.6782 0.7256 0.1168
vn 0.6955 0.7175 -0.0379
vn 0.7044 0.6010 -0.3777
vn 0.7004 0.5080 -0.5013
vn 0.6667 0.6582 -0.3496
vn 0.6087 0.7342 -0.3006
vn 0.5197 0.7936 -0.3163
vn 0.2425 0.9192 -0.3103
vn 0.0393 0.9841 -0.1729
vn -0.0120 0.9994 -0.0333
vn -0.0014 0.9998 -0.0186
vn 0.0389 0.9969 0.0686
vn -0.0506 0.9948 0.0887
vn -0.1374 0.9653 0.2219
vn -0.1622 0.9455 0.2824
vn -0.0662 0.9913 0.1134
vn 0.0843 0.9813 -0.1732
vn 0.0876 0.9440 -0.3181
vn -0.0174 0.9877 -0.1554
vn -0.1383 0.9903 0.0132
vn -0.0001 0.8608 0.5089
vn 0.1759 0.8821 0.4371
vn 0.2910 0.9052 0.3097
vn 0.2878 0.9561 0.0556
vn 0.0642 0.9046 -0.4213
vn -0.4405 0.8141 -0.3783
vn -0.6661 0.7287 -0.1592
vn -0.6275 0.7126 -0.3138
vn -0.4446 0.8219 -0.3562
vn -0.2544 0.9406 -0.2248
vn -0.1233 0.9866 -0.1072
vn -0.0294 0.9975 0.0646
vn 0.0486 0.9131 0.4048
vn 0.0290 0.7987 0.6010
vn 0.1308 0.8601 0.4931
vn 0.1663 0.9346 0.3144
vn 0.2425 0.9586 0.1491
vn 0.3019 0.9532 -0.0181
vn 0.5621 0.8227 0.0853
vn 0.6678 0.7289 0.1511
vn 0.7032 0.7049 0.0925
vn 0.7760 0.6275 -0.0640
vn 0.7739 0.5173 -0.3652
vn 0.7082 0.5340 -0.4617
vn 0.6434 0.7090 -0.2887
vn 0.5289 0.8117 -0.2479
vn 0.4232 0.8718 -0.2467
vn 0.2416 0.9607 -0.1365
vn 0.0662 0.9956 -0.0665
vn -0.0487 0.9988 -0.0049
vn -0.0509 0.9985 -0.0175
vn -0.0541 0.9971 0.0533
vn -0.0591 0.9889 0.1367
vn -0.1353 0.9571 0.2563
vn -0.0959 0.9648 0.2450
vn 0.0036 0.9995 0.0326
vn 0.1183 0.9694 -0.2151
vn 0.0996 0.9552 -0.2787
vn -0.0386 0.9964 -0.0750
vn -0.1789 0.9727 0.1480
vn -0.2110 0.8837 0.4178
vn -0.0019 0.9319 0.3626
vn 0.0394 0.9478 0.3163
vn -0.0695 0.9605 0.2696
vn -0.4609 0.8875 0.0061
vn -0.6834 0.7284 -0.0491
vn -0.7241 0.6736 -0.1483
vn -0.7061 0.6137 -0.3533
vn -0.5788 0.6697 -0.4653
vn -0.3599 0.8701 -0.3368
vn -0.1797 0.9674 -0.1785
vn -0.0967 0.9952 -0.0166
vn 0.0651 0.9275 0.3680
vn 0.1937 0.8114 0.5514
vn 0.3612 0.8086 0.4644
vn 0.3380 0.8946 0.2923
vn 0.3567 0.9274 0.1126
vn 0.3736 0.9237 -0.0847
vn 0.5699 0.8194 -0.0613
vn 0.6598 0.7446 0.1016
vn 0.6913 0.7221 0.0261
vn 0.7531 0.6391 -0.1565
vn 0.7180 0.5774 -0.3887
vn 0.6267 0.6336 -0.4537
vn 0.5491 0.8046 -0.2260
vn 0.4299 0.8936 -0.1294
vn 0.2173 0.9628 -0.1603
vn 0.0491 0.9978 -0.0454
vn 0.0031 1.0000 -0.0088
vn 0.0204 0.9998 0.0035
vn -0.0012 1.0000 -0.0047
vn -0.0494 0.9972 0.0558
vn -0.0582 0.9845 0.1655
vn -0.0991 0.9602 0.2610
vn -0.0515 0.9778 0.2031
vn -0.0058 0.9998 -0.0171
vn 0.0148 0.9747 -0.2230
vn -0.0620 0.9736 -0.2199
vn -0.1901 0.9818 0.0018
vn -0.2738 0.9371 0.2167
vn -0.3157 0.9044 0.2871
vn -0.1856 0.9585 0.2166
vn -0.2528 0.9037 0.3455
vn -0.4035 0.8543 0.3276
vn -0.5577 0.8164 0.1502
vn -0.6401 0.7682 -0.0133
vn -0.6865 0.7137 -0.1391
vn -0.6846 0.6093 -0.4000
vn -0.6121 0.5633 -0.5550
vn -0.4619 0.7332 -0.4991
vn -0.2195 0.9428 -0.2508
vn -0.1633 0.9813 -0.1017
vn 0.0791 0.9676 0.2396
vn 0.3321 0.8240 0.4590
vn 0.4877 0.7835 0.3851
vn 0.5544 0.7798 0.2907
vn 0.5168 0.8502 0.1005
vn 0.5015 0.8542 -0.1370
vn 0.4685 0.8743 -0.1264
vn 0.5810 0.8132 0.0339
vn 0.6321 0.7749 -0.0000
vn 0.6389 0.7311 -0.2393
vn 0.5264 0.7382 -0.4219
vn 0.4377 0.7639 -0.4741
vn 0.2457 0.9489 -0.1981
vn 0.2027 0.9789 -0.0267
vn 0.0688 0.9948 -0.0746
vn 0.0432 0.9991 0.0006
vn -0.0097 0.9999 -0.0050
vn -0.0066 1.0000 -0.0059
vn -0.0411 0.9987 0.0288
vn -0.1143 0.9901 0.0820
vn -0.0909 0.9813 0.1694
vn -0.0714 0.9655 0.2505
vn -0.0351 0.9826 0.1825
vn -0.0408 0.9991 -0.0088
vn -0.1303 0.9752 -0.1788
vn -0.2406 0.9602 -0.1419
vn -0.3578 0.9321 0.0565
vn -0.3851 0.8934 0.2313
vn -0.3976 0.9172 0.0262
vn -0.2724 0.9527 0.1345
vn -0.2967 0.8654 0.4038
vn -0.3803 0.8463 0.3730
vn -0.4682 0.8660 0.1758
vn -0.5498 0.8351 0.0191
vn -0.5835 0.7982 -0.1495
vn -0.5898 0.6675 -0.4545
vn -0.5301 0.5459 -0.6489
vn -0.4605 0.6346 -0.6207
vn -0.3423 0.8676 -0.3608
vn -0.2108 0.9624 -0.1713
vn -0.0220 0.9978 0.0629
vn 0.2893 0.8998 0.3266
vn 0.5236 0.7998 0.2937
vn 0.6263 0.7418 0.2397
vn 0.6530 0.7464 0.1282
vn 0.5715 0.8174 -0.0723
vn 0.4096 0.9086 -0.0815
vn 0.3454 0.9379 -0.0324
vn 0.4080 0.9124 -0.0334
vn 0.3889 0.8833 -0.2620
vn 0.2590 0.8663 -0.4271
vn 0.1503 0.8876 -0.4353
vn -0.0025 0.9890 -0.1482
vn 0.0128 0.9997 -0.0222
vn -0.0020 0.9985 -0.0549
vn -0.0641 0.9974 0.0343
vn -0.2285 0.9721 0.0538
vn -0.2946 0.9555 0.0165
vn -0.3116 0.9491 0.0459
vn -0.2511 0.9659 0.0630
vn -0.1442 0.9810 0.1297
vn -0.0030 0.9787 0.2051
vn 0.0296 0.9827 0.1828
vn -0.0236 0.9988 0.0424
vn -0.1762 0.9791 -0.1019
vn -0.3014 0.9505 -0.0761
vn -0.3913 0.9136 0.1104
vn -0.3749 0.9022 0.2133
vn -0.3468 0.9235 -0.1642
vn -0.2525 0.9621 0.1030
vn -0.2265 0.8679 0.4420
vn -0.2703 0.8783 0.3942
vn -0.3613 0.9096 0.2053
vn -0.4190 0.9074 0.0319
vn -0.4093 0.8961 -0.1717
vn -0.3973 0.7598 -0.5146
vn -0.3526 0.5791 -0.7351
vn -0.2907 0.6222 -0.7269
vn -0.2517 0.8323 -0.4938
vn -0.2162 0.9482 -0.2329
vn -0.1766 0.9817 -0.0720
vn 0.1218 0.9862 0.1121
vn 0.4752 0.8653 0.1593
vn 0.5987 0.7783 0.1893
vn 0.6424 0.7502 0.1564
vn 0.5802 0.8124 0.0580
vn 0.3850 0.9224 0.0304
vn 0.2182 0.9759 0.0047
vn 0.2243 0.9722 -0.0677
vn 0.1978 0.9536 -0.2270
vn 0.1004 0.9188 -0.3817
vn -0.0340 0.9250 -0.3785
vn 0.0151 0.9880 -0.1539
vn 0.0211 0.9994 -0.0268
vn -0.0553 0.9984 0.0072
vn -0.3105 0.9370 0.1598
vn -0.4875 0.8646 0.1213
vn -0.5715 0.8197 0.0376
vn -0.5524 0.8335 -0.0007
vn -0.4649 0.8852 -0.0151
vn -0.3074 0.9514 0.0190
vn -0.0219 0.9939 0.1083
vn 0.0864 0.9787 0.1862
vn 0.0489 0.9942 0.0961
vn -0.1079 0.9942 -0.0019
vn -0.2568 0.9665 -0.0009
vn -0.3257 0.9357 0.1355
vn -0.2609 0.9504 0.1691
vn -0.2747 0.9295 -0.2460
vn -0.2087 0.9740 0.0880
vn -0.1474 0.8808 0.4499
vn -0.2138 0.8805 0.4231
vn -0.3089 0.9215 0.2355
vn -0.3246 0.9456 0.0200
vn -0.2693 0.9410 -0.2048
vn -0.2198 0.8049 -0.5513
vn -0.1790 0.5986 -0.7808
vn -0.1521 0.6087 -0.7787
vn -0.1403 0.8504 -0.5070
vn -0.1813 0.9538 -0.2396
vn -0.1539 0.9766 -0.1501
vn 0.0369 0.9946 -0.0969
vn 0.2904 0.9567 -0.0169
vn 0.4571 0.8817 0.1167
vn 0.5459 0.8154 0.1926
vn 0.4345 0.8845 0.1700
vn 0.2789 0.9485 0.1505
vn 0.1799 0.9804 0.0809
vn 0.1003 0.9927 -0.0665
vn 0.0752 0.9785 -0.1921
vn 0.0871 0.9429 -0.3216
vn -0.0431 0.9498 -0.3098
vn -0.1657 0.9705 -0.1749
vn -0.1825 0.9831 0.0106
vn -0.3439 0.9304 0.1270
vn -0.5324 0.8079 0.2528
vn -0.6469 0.7446 0.1645
vn -0.7028 0.7102 0.0414
vn -0.7150 0.6987 -0.0267
vn -0.6722 0.7279 -0.1352
vn -0.4738 0.8663 -0.1579
vn -0.1404 0.9873 -0.0737
vn 0.1148 0.9842 0.1348
vn 0.0853 0.9838 0.1574
vn -0.0436 0.9961 0.0771
vn -0.1335 0.9887 0.0687
vn -0.1587 0.9797 0.1226
vn -0.0752 0.9915 0.1059
vn -0.1967 0.9342 -0.2977
vn -0.1472 0.9873 0.0603
vn -0.1222 0.8789 0.4610
vn -0.1977 0.8688 0.4540
vn -0.2526 0.9381 0.2370
vn -0.2245 0.9743 -0.0186
vn -0.1708 0.9558 -0.2394
vn -0.1015 0.8137 -0.5723
vn -0.0785 0.6139 -0.7855
vn -0.1153 0.6138 -0.7810
vn -0.1614 0.8599 -0.4843
vn -0.2117 0.9496 -0.2313
vn -0.1694 0.9615 -0.2163
vn -0.0812 0.9802 -0.1803
vn -0.0032 0.9921 -0.1258
vn 0.1901 0.9811 0.0355
vn 0.2957 0.9348 0.1965
vn 0.2616 0.9311 0.2542
vn 0.1989 0.9570 0.2109
vn 0.1743 0.9756 0.1337
vn 0.1280 0.9916 -0.0206
vn 0.1287 0.9669 -0.2205
vn 0.0833 0.9608 -0.2645
vn -0.0957 0.9840 -0.1503
vn -0.3846 0.9210 -0.0619
vn -0.4870 0.8679 0.0978
vn -0.6178 0.7530 0.2265
vn -0.6887 0.6736 0.2680
vn -0.7074 0.6921 0.1435
vn -0.7247 0.6878 0.0422
vn -0.7551 0.6551 -0.0282
vn -0.7301 0.6298 -0.2652
vn -0.5631 0.7258 -0.3951
vn -0.2356 0.9370 -0.2578
vn 0.1037 0.9945 0.0120
vn 0.1630 0.9656 0.2024
vn 0.1135 0.9855 0.1263
vn 0.0638 0.9934 0.0956
vn 0.0636 0.9939 0.0903
vn 0.1229 0.9905 0.0609
vn -0.0925 0.9400 -0.3284
vn -0.1063 0.9930 0.0514
vn -0.1008 0.8762 0.4714
vn -0.1009 0.8801 0.4639
vn -0.0819 0.9717 0.2217
vn -0.0444 0.9974 -0.0568
vn 0.0141 0.9605 -0.2779
vn 0.0490 0.8023 -0.5950
vn 0.0147 0.6371 -0.7706
vn -0.0788 0.6372 -0.7666
vn -0.1436 0.8666 -0.4779
vn -0.1532 0.9641 -0.2171
vn -0.1913 0.9564 -0.2205
vn -0.2097 0.9646 -0.1596
vn -0.2193 0.9602 -0.1731
vn -0.0539 0.9974 -0.0470
vn 0.0067 0.9882 0.1528
vn 0.1748 0.9563 0.2344
vn 0.1938 0.9527 0.2341
vn 0.2062 0.9705 0.1249
vn 0.2347 0.9720 0.0122
vn 0.1109 0.9806 -0.1619
vn -0.1107 0.9884 -0.1043
vn -0.3142 0.9492 0.0183
vn -0.5201 0.8453 0.1222
vn -0.5828 0.7942 0.1721
vn -0.6698 0.6803 0.2974
vn -0.6924 0.6751 0.2545
vn -0.6744 0.7305 0.1074
vn -0.7046 0.7054 0.0772
vn -0.7212 0.6893 -0.0686
vn -0.6919 0.6241 -0.3630
vn -0.5631 0.6024 -0.5657
vn -0.3499 0.8224 -0.4486
vn 0.0289 0.9875 -0.1551
vn 0.1862 0.9681 0.1675
vn 0.2328 0.9618 0.1443
vn 0.2213 0.9696 0.1048
vn 0.1967 0.9776 0.0754
vn 0.1987 0.9789 0.0474
vn -0.0330 0.9521 -0.3039
vn -0.1115 0.9916 0.0655
vn -0.0774 0.8846 0.4599
vn -0.0099 0.8944 0.4471
vn 0.0664 0.9756 0.2092
vn 0.1058 0.9906 -0.0871
vn 0.1488 0.9408 -0.3046
vn 0.1280 0.8049 -0.5794
vn 0.0420 0.6635 -0.7470
vn -0.0348 0.6935 -0.7196
vn -0.1355 0.8696 -0.4748
vn -0.1021 0.9759 -0.1929
vn -0.1776 0.9641 -0.1973
vn -0.1764 0.9686 -0.1752
vn -0.1286 0.9682 -0.2144
vn -0.0794 0.9883 -0.1303
vn 0.0279 0.9954 0.0921
vn 0.1181 0.9764 0.1808
vn 0.1722 0.9615 0.2141
vn 0.2063 0.9720 0.1121
vn 0.2048 0.9782 0.0336
vn 0.1291 0.9915 0.0147
vn -0.1736 0.9824 0.0689
vn -0.4343 0.8826 0.1802
vn -0.5431 0.8139 0.2064
vn -0.5966 0.7663 0.2383
vn -0.6517 0.6800 0.3359
vn -0.6433 0.7362 0.2102
vn -0.6103 0.7843 0.1115
vn -0.6176 0.7817 0.0871
vn -0.6406 0.7608 -0.1038
vn -0.6032 0.6546 -0.4557
vn -0.4529 0.5580 -0.6954
vn -0.2694 0.7130 -0.6473
vn 0.0299 0.9533 -0.3006
vn 0.2095 0.9732 0.0946
vn 0.2314 0.9621 0.1440
vn 0.1855 0.9744 0.1272
vn 0.1335 0.9872 0.0869
vn 0.1405 0.9888 0.0494
vn -0.0123 0.9750 -0.2219
vn -0.1363 0.9849 0.1071
vn -0.0605 0.9057 0.4196
vn 0.0434 0.9082 0.4162
vn 0.1412 0.9710 0.1930
vn 0.1762 0.9795 -0.0974
vn 0.1918 0.9287 -0.3173
vn 0.1671 0.8146 -0.5554
vn 0.0633 0.7027 -0.7086
vn -0.0093 0.7410 -0.6714
vn -0.1289 0.8754 -0.4659
vn -0.0981 0.9771 -0.1887
vn -0.1555 0.9731 -0.1700
vn -0.1528 0.9617 -0.2276
vn -0.0523 0.9606 -0.2730
vn -0.0105 0.9851 -0.1715
vn 0.0233 0.9988 0.0437
vn 0.0160 0.9869 0.1606
vn 0.0968 0.9808 0.1691
vn 0.1014 0.9867 0.1268
vn 0.0421 0.9985 0.0360
vn 0.0413 0.9921 0.1183
vn -0.2000 0.9539 0.2238
vn -0.4117 0.8574 0.3088
vn -0.5556 0.7873 0.2673
vn -0.6252 0.7197 0.3018
vn -0.6187 0.7106 0.3351
vn -0.5546 0.8155 0.1655
vn -0.4091 0.9057 0.1111
vn -0.3626 0.9276 0.0897
vn -0.3918 0.9085 -0.1454
vn -0.3561 0.7469 -0.5616
vn -0.2579 0.5394 -0.8016
vn -0.1270 0.6318 -0.7646
vn 0.0647 0.9140 -0.4006
vn 0.1750 0.9824 0.0656
vn 0.1378 0.9770 0.1630
vn 0.0275 0.9825 0.1841
vn -0.0829 0.9900 0.1140
vn -0.0618 0.9979 0.0211
vn 0.0019 0.9947 -0.1027
vn -0.1032 0.9829 0.1528
vn -0.0442 0.9254 0.3764
vn 0.0727 0.9280 0.3653
vn 0.1868 0.9675 0.1706
vn 0.2220 0.9700 -0.0989
vn 0.2282 0.9198 -0.3192
vn 0.1896 0.8339 -0.5184
vn 0.0836 0.7508 -0.6552
vn -0.0246 0.7781 -0.6277
vn -0.1049 0.9056 -0.4110
vn -0.1275 0.9712 -0.2012
vn -0.0875 0.9832 -0.1599
vn -0.0846 0.9577 -0.2749
vn -0.0429 0.9472 -0.3176
vn -0.0299 0.9822 -0.1856
vn 0.0024 0.9990 0.0444
vn 0.0026 0.9903 0.1387
vn -0.0321 0.9864 0.1614
vn -0.1195 0.9836 0.1352
vn -0.1643 0.9853 0.0466
vn -0.1603 0.9738 0.1614
vn -0.3486 0.8561 0.3815
vn -0.4691 0.7841 0.4064
vn -0.5727 0.7519 0.3267
vn -0.5888 0.7413 0.3222
vn -0.5505 0.7774 0.3043
vn -0.3942 0.9142 0.0942
vn -0.1916 0.9788 0.0719
vn -0.1066 0.9906 0.0854
vn -0.1393 0.9759 -0.1679
vn -0.1092 0.7860 -0.6086
vn -0.0805 0.5320 -0.8429
vn -0.0260 0.5795 -0.8146
vn 0.0638 0.8908 -0.4499
vn 0.0973 0.9928 0.0693
vn -0.0185 0.9731 0.2295
vn -0.1922 0.9460 0.2611
vn -0.2934 0.9476 0.1266
vn -0.2356 0.9716 -0.0201
vn 0.0128 0.9999 -0.0037
vn -0.0480 0.9836 0.1737
vn -0.0441 0.9335 0.3557
vn 0.0561 0.9493 0.3094
vn 0.1689 0.9769 0.1307
vn 0.2279 0.9668 -0.1156
vn 0.2413 0.9208 -0.3064
vn 0.1648 0.8647 -0.4745
vn 0.0578 0.8039 -0.5920
vn -0.0800 0.8118 -0.5784
vn -0.1101 0.9183 -0.3802
vn -0.0933 0.9705 -0.2222
vn -0.0288 0.9771 -0.2107
vn 0.0191 0.9500 -0.3116
vn 0.0216 0.9436 -0.3304
vn -0.0413 0.9809 -0.1902
vn -0.0315 0.9991 0.0292
vn -0.0034 0.9896 0.1441
vn -0.1808 0.9603 0.2125
vn -0.3573 0.9203 0.1592
vn -0.3949 0.9176 0.0448
vn -0.4317 0.8737 0.2243
vn -0.4341 0.7812 0.4487
vn -0.4388 0.7911 0.4262
vn -0.5155 0.7826 0.3490
vn -0.5210 0.7905 0.3219
vn -0.4209 0.8755 0.2375
vn -0.2175 0.9761 0.0044
vn -0.0437 0.9990 0.0115
vn 0.0919 0.9927 0.0778
vn 0.1118 0.9797 -0.1663
vn 0.0828 0.7944 -0.6018
vn 0.0514 0.5337 -0.8441
vn 0.0435 0.5630 -0.8253
vn 0.0340 0.8956 -0.4435
vn -0.0295 0.9943 0.1024
vn -0.1673 0.9309 0.3249
vn -0.3273 0.8850 0.3310
vn -0.4316 0.8945 0.1168
vn -0.3858 0.9208 -0.0569
vn 0.0876 0.9947 0.0531
vn 0.0103 0.9776 0.2101
vn -0.0224 0.9395 0.3418
vn 0.0452 0.9632 0.2648
vn 0.1274 0.9885 0.0820
vn 0.1624 0.9767 -0.1404
vn 0.1694 0.9426 -0.2876
vn 0.1059 0.9074 -0.4068
vn -0.0027 0.8481 -0.5298
vn -0.0734 0.8346 -0.5460
vn -0.0560 0.9162 -0.3968
vn -0.0413 0.9692 -0.2430
vn -0.0332 0.9679 -0.2490
vn 0.0181 0.9482 -0.3171
vn -0.0024 0.9465 -0.3226
vn 0.0057 0.9850 -0.1723
vn 0.0069 0.9999 0.0152
vn -0.0610 0.9789 0.1950
vn -0.2752 0.9161 0.2917
vn -0.4127 0.8917 0.1858
vn -0.4933 0.8661 0.0801
vn -0.5273 0.8040 0.2749
vn -0.4493 0.7792 0.4370
vn -0.4284 0.7936 0.4320
vn -0.4879 0.7952 0.3599
vn -0.4800 0.8350 0.2691
vn -0.3354 0.9350 0.1154
vn -0.0896 0.9915 -0.0939
vn 0.2027 0.9754 -0.0867
vn 0.3676 0.9292 0.0384
vn 0.4159 0.8995 -0.1340
vn 0.3482 0.7730 -0.5303
vn 0.2502 0.5461 -0.7995
vn 0.1477 0.5806 -0.8007
vn 0.0326 0.9221 -0.3856
vn -0.1021 0.9809 0.1658
vn -0.2242 0.8876 0.4025
vn -0.3514 0.8496 0.3934
vn -0.4446 0.8878 0.1191
vn -0.4161 0.9028 -0.1087
vn 0.1444 0.9815 0.1254
vn 0.0276 0.9644 0.2629
vn 0.0157 0.9434 0.3312
vn 0.0587 0.9709 0.2324
vn 0.1103 0.9925 0.0519
vn 0.1276 0.9817 -0.1413
vn 0.0892 0.9576 -0.2739
vn 0.0437 0.9285 -0.3688
vn 0.0012 0.8712 -0.4909
vn -0.0375 0.8392 -0.5425
vn -0.0234 0.9091 -0.4159
vn 0.0003 0.9725 -0.2329
vn -0.0422 0.9695 -0.2414
vn -0.0482 0.9458 -0.3211
vn -0.0266 0.9508 -0.3085
vn -0.0240 0.9822 -0.1862
vn 0.0003 0.9995 0.0323
vn -0.1604 0.9466 0.2797
vn -0.2776 0.8972 0.3435
vn -0.4035 0.8870 0.2247
vn -0.5051 0.8523 0.1361
vn -0.5192 0.8022 0.2947
vn -0.4652 0.7750 0.4278
vn -0.4035 0.8087 0.4279
vn -0.4340 0.8308 0.3485
vn -0.4489 0.8761 0.1758
vn -0.3162 0.9467 -0.0619
vn -0.0273 0.9599 -0.2791
vn 0.3520 0.9064 -0.2337
vn 0.5750 0.8167 -0.0478
vn 0.6227 0.7773 -0.0898
vn 0.5876 0.6835 -0.4331
vn 0.4390 0.5688 -0.6956
vn 0.2651 0.6368 -0.7240
vn 0.0498 0.9559 -0.2896
vn -0.0970 0.9655 0.2417
vn -0.1603 0.8730 0.4607
vn -0.2262 0.8642 0.4493
vn -0.2903 0.9478 0.1320
vn -0.2980 0.9423 -0.1523
vn 0.0484 0.9789 0.1984
vn -0.0193 0.9590 0.2827
vn 0.0243 0.9505 0.3097
vn 0.0918 0.9742 0.2060
vn 0.1504 0.9882 0.0298
vn 0.1820 0.9746 -0.1307
vn 0.1485 0.9564 -0.2514
vn 0.1180 0.9262 -0.3581
vn 0.1170 0.8641 -0.4895
vn 0.1076 0.8384 -0.5344
vn 0.0556 0.8981 -0.4362
vn 0.0697 0.9661 -0.2486
vn 0.0655 0.9720 -0.2256
vn -0.0016 0.9398 -0.3417
vn 0.0233 0.9473 -0.3195
vn -0.0088 0.9816 -0.1906
vn -0.0232 0.9972 0.0713
vn -0.1709 0.9219 0.3478
vn -0.2858 0.8785 0.3829
vn -0.4054 0.8752 0.2639
vn -0.4891 0.8545 0.1749
vn -0.5052 0.8043 0.3127
vn -0.3784 0.8376 0.3940
vn -0.2316 0.8815 0.4115
vn -0.2765 0.8970 0.3449
vn -0.3138 0.9458 0.0836
vn -0.1904 0.9426 -0.2745
vn 0.0578 0.8771 -0.4768
vn 0.3845 0.8213 -0.4214
vn 0.6599 0.7235 -0.2025
vn 0.7066 0.7040 -0.0712
vn 0.6858 0.6530 -0.3213
vn 0.5494 0.6163 -0.5642
vn 0.3082 0.7597 -0.5727
vn -0.0067 0.9760 -0.2177
vn -0.0326 0.9596 0.2795
vn 0.0072 0.8782 0.4783
vn 0.0196 0.8794 0.4758
vn 0.0112 0.9894 0.1451
vn -0.0422 0.9902 -0.1328
vn -0.0647 0.9744 0.2154
vn -0.0265 0.9654 0.2595
vn 0.0454 0.9601 0.2758
vn 0.1427 0.9750 0.1702
vn 0.2097 0.9777 0.0133
vn 0.2514 0.9585 -0.1342
vn 0.2581 0.9328 -0.2514
vn 0.2974 0.8810 -0.3679
vn 0.3235 0.8062 -0.4954
vn 0.3259 0.7871 -0.5237
vn 0.2841 0.8711 -0.4006
vn 0.1965 0.9469 -0.2547
vn 0.1881 0.9554 -0.2277
vn 0.1330 0.9328 -0.3350
vn 0.0631 0.9405 -0.3339
vn 0.0436 0.9838 -0.1737
vn -0.0094 0.9933 0.1155
vn -0.1260 0.9056 0.4050
vn -0.2040 0.8827 0.4234
vn -0.3356 0.8895 0.3102
vn -0.3958 0.8928 0.2151
vn -0.4223 0.8470 0.3229
vn -0.2475 0.9131 0.3241
vn -0.0053 0.9301 0.3673
vn -0.0182 0.9446 0.3276
vn 0.0207 0.9987 -0.0459
vn 0.1180 0.8950 -0.4301
vn 0.1883 0.7746 -0.6038
vn 0.4393 0.6771 -0.5905
vn 0.6706 0.6596 -0.3395
vn 0.7203 0.6889 -0.0809
vn 0.7058 0.6693 -0.2319
vn 0.5903 0.6894 -0.4199
vn 0.3141 0.8897 -0.3314
vn -0.0484 0.9895 -0.1360
vn -0.0263 0.9708 0.2385
vn 0.1143 0.8912 0.4391
vn 0.2051 0.8676 0.4531
vn 0.2510 0.9533 0.1679
vn 0.1535 0.9874 -0.0383
vn -0.0655 0.9803 0.1864
vn 0.0194 0.9747 0.2225
vn 0.0946 0.9687 0.2294
vn 0.2115 0.9674 0.1395
vn 0.2753 0.9613 -0.0006
vn 0.3326 0.9308 -0.1514
vn 0.3895 0.8785 -0.2768
vn 0.4636 0.7965 -0.3882
vn 0.4891 0.7153 -0.4991
vn 0.5082 0.7141 -0.4814
vn 0.4339 0.8326 -0.3443
vn 0.3329 0.9199 -0.2072
vn 0.2563 0.9396 -0.2270
vn 0.2267 0.9239 -0.3084
vn 0.1214 0.9414 -0.3148
vn 0.0575 0.9884 -0.1405
vn -0.0464 0.9850 0.1664
vn -0.0899 0.8971 0.4326
vn -0.1128 0.8831 0.4554
vn -0.1655 0.9287 0.3318
vn -0.2099 0.9420 0.2620
vn -0.2302 0.9210 0.3143
vn -0.0667 0.9743 0.2153
vn 0.1797 0.9505 0.2536
vn 0.2800 0.9143 0.2927
vn 0.3365 0.9328 -0.1290
vn 0.4062 0.7873 -0.4638
vn 0.4347 0.6279 -0.6456
vn 0.5507 0.5324 -0.6429
vn 0.6697 0.6161 -0.4148
vn 0.6928 0.7132 -0.1064
vn 0.6471 0.7503 -0.1357
vn 0.4654 0.8520 -0.2398
vn 0.1216 0.9802 -0.1562
vn -0.0997 0.9946 -0.0281
vn -0.0767 0.9807 0.1801
vn 0.0913 0.9326 0.3492
vn 0.2483 0.8824 0.3996
vn 0.3400 0.9172 0.2075
vn 0.2510 0.9675 0.0301
vn -0.0311 0.9898 0.1391
vn -0.0182 0.9823 0.1866
vn 0.1106 0.9818 0.1543
vn 0.2482 0.9628 0.1073
vn 0.3359 0.9415 -0.0283
vn 0.4333 0.8808 -0.1909
vn 0.5299 0.7922 -0.3028
vn 0.5753 0.7078 -0.4099
vn 0.5948 0.6335 -0.4949
vn 0.6159 0.6570 -0.4347
vn 0.5239 0.8028 -0.2847
vn 0.4315 0.8888 -0.1542
vn 0.3440 0.9185 -0.1949
vn 0.2670 0.9213 -0.2826
vn 0.1762 0.9471 -0.2683
vn 0.0806 0.9926 -0.0903
vn -0.0267 0.9774 0.2095
vn -0.0170 0.8997 0.4362
vn -0.0370 0.8839 0.4663
vn -0.0382 0.9390 0.3418
vn -0.0710 0.9539 0.2915
vn -0.0151 0.9574 0.2883
vn 0.1446 0.9821 0.1210
vn 0.3227 0.9354 0.1443
vn 0.4903 0.8397 0.2334
vn 0.5710 0.8116 -0.1232
vn 0.5622 0.6713 -0.4830
vn 0.5505 0.5135 -0.6582
vn 0.5749 0.4790 -0.6633
vn 0.6276 0.6544 -0.4218
vn 0.5792 0.8083 -0.1062
vn 0.5151 0.8570 -0.0135
vn 0.3214 0.9466 -0.0251
vn 0.0199 0.9997 -0.0120
vn -0.1442 0.9888 0.0398
vn -0.1291 0.9825 0.1340
vn 0.0189 0.9699 0.2426
vn 0.1881 0.9286 0.3199
vn 0.3515 0.9112 0.2149
vn 0.3293 0.9412 0.0755
vn -0.1126 0.9871 0.1137
vn -0.0495 0.9903 0.1299
vn 0.1680 0.9827 0.0782
vn 0.2781 0.9590 0.0544
vn 0.3823 0.9199 -0.0868
vn 0.5412 0.8082 -0.2321
vn 0.6124 0.7150 -0.3374
vn 0.6489 0.6328 -0.4225
vn 0.6678 0.5715 -0.4769
vn 0.6355 0.6556 -0.4078
vn 0.5582 0.8017 -0.2140
vn 0.4510 0.8852 -0.1141
vn 0.3941 0.9070 -0.1484
vn 0.2972 0.9263 -0.2315
vn 0.1642 0.9648 -0.2053
vn 0.0479 0.9977 -0.0470
vn 0.0168 0.9729 0.2307
vn 0.0332 0.9019 0.4306
vn 0.0467 0.8856 0.4620
vn 0.0595 0.9377 0.3423
vn 0.0978 0.9582 0.2690
vn 0.1953 0.9491 0.2470
vn 0.3127 0.9480 0.0595
vn 0.4937 0.8696 -0.0019
vn 0.6562 0.7426 0.1338
vn 0.7247 0.6844 -0.0802
vn 0.6872 0.5934 -0.4192
vn 0.6026 0.4882 -0.6312
vn 0.5395 0.5075 -0.6719
vn 0.4476 0.8033 -0.3929
vn 0.3153 0.9461 -0.0745
vn 0.2438 0.9675 0.0663
vn 0.1193 0.9868 0.1093
vn -0.0542 0.9911 0.1212
vn -0.1828 0.9793 0.0870
vn -0.1987 0.9757 0.0920
vn -0.1225 0.9765 0.1773
vn 0.0344 0.9795 0.1985
vn 0.2628 0.9511 0.1621
vn 0.3035 0.9465 0.1096
vn -0.0844 0.9931 0.0814
vn 0.1041 0.9931 0.0541
vn 0.3058 0.9519 0.0213
vn 0.3392 0.9407 0.0116
vn 0.4205 0.8947 -0.1505
vn 0.5579 0.7713 -0.3064
vn 0.6576 0.6566 -0.3694
vn 0.6982 0.5763 -0.4248
vn 0.6786 0.5786 -0.4524
vn 0.5872 0.7186 -0.3726
vn 0.5089 0.8450 -0.1643
vn 0.4127 0.9079 -0.0732
vn 0.3634 0.9251 -0.1105
vn 0.2794 0.9463 -0.1624
vn 0.1362 0.9824 -0.1276
vn 0.0232 0.9996 -0.0183
vn 0.0512 0.9737 0.2220
vn 0.0864 0.9069 0.4123
vn 0.1414 0.8871 0.4395
vn 0.2219 0.9227 0.3153
vn 0.2926 0.9321 0.2135
vn 0.3899 0.8953 0.2154
vn 0.4748 0.8797 0.0246
vn 0.5861 0.8003 -0.1266
vn 0.7296 0.6838 -0.0090
vn 0.7954 0.6027 -0.0641
vn 0.7735 0.5507 -0.3138
vn 0.6617 0.5212 -0.5390
vn 0.4640 0.6721 -0.5771
vn 0.1933 0.9248 -0.3278
vn 0.0740 0.9972 -0.0136
vn 0.0336 0.9948 0.0958
vn -0.0043 0.9860 0.1669
vn -0.0776 0.9763 0.2022
vn -0.1796 0.9750 0.1306
vn -0.2384 0.9674 0.0850
vn -0.2243 0.9643 0.1410
vn -0.1310 0.9885 0.0760
vn 0.0794 0.9949 0.0630
vn 0.1867 0.9784 0.0890
vn 0.0875 0.9954 0.0391
vn 0.2455 0.9693 -0.0131
vn 0.3405 0.9402 0.0059
vn 0.4288 0.9031 -0.0242
vn 0.5340 0.8271 -0.1751
vn 0.5505 0.7379 -0.3904
vn 0.6808 0.6051 -0.4128
vn 0.7059 0.5737 -0.4154
vn 0.6215 0.6647 -0.4146
vn 0.4954 0.8085 -0.3175
vn 0.4016 0.9066 -0.1294
vn 0.3396 0.9398 -0.0376
vn 0.2930 0.9535 -0.0711
vn 0.2022 0.9746 -0.0961
vn 0.0813 0.9947 -0.0623
vn 0.0241 0.9997 -0.0018
vn 0.0711 0.9808 0.1815
vn 0.1638 0.9123 0.3754
vn 0.2532 0.8822 0.3970
vn 0.3567 0.8925 0.2760
vn 0.4384 0.8871 0.1440
vn 0.5393 0.8269 0.1595
vn 0.6142 0.7887 0.0264
vn 0.6391 0.7517 -0.1628
vn 0.7053 0.6931 -0.1488
vn 0.7532 0.6519 -0.0883
vn 0.7283 0.6461 -0.2286
vn 0.5924 0.6771 -0.4366
vn 0.3808 0.8292 -0.4091
vn 0.1118 0.9688 -0.2213
vn 0.0048 0.9996 0.0280
vn -0.0100 0.9943 0.1057
vn -0.0342 0.9801 0.1953
vn -0.0744 0.9667 0.2450
vn -0.1410 0.9742 0.1764
vn -0.2157 0.9699 0.1128
vn -0.2667 0.9549 0.1304
vn -0.2604 0.9653 0.0189
vn -0.1508 0.9876 -0.0446
vn -0.0393 0.9991 0.0153
vn 0.1385 0.9902 -0.0178
vn 0.2095 0.9761 -0.0580
vn 0.2093 0.9769 -0.0441
vn 0.4299 0.8950 -0.1191
vn 0.5809 0.7890 -0.2000
vn 0.5618 0.7199 -0.4077
vn 0.5780 0.6614 -0.4779
vn 0.6183 0.6768 -0.3996
vn 0.5050 0.7888 -0.3504
vn 0.3563 0.9016 -0.2452
vn 0.2464 0.9645 -0.0950
vn 0.2104 0.9775 -0.0162
vn 0.1783 0.9835 -0.0309
vn 0.0956 0.9946 -0.0405
vn 0.0264 0.9995 -0.0190
vn 0.0082 1.0000 -0.0010
vn 0.0504 0.9916 0.1191
vn 0.2059 0.9275 0.3122
vn 0.3283 0.8805 0.3420
vn 0.4425 0.8658 0.2337
vn 0.5157 0.8521 0.0893
vn 0.5884 0.8049 0.0762
vn 0.6718 0.7402 0.0293
vn 0.6929 0.7084 -0.1345
vn 0.6866 0.7034 -0.1840
vn 0.6687 0.7346 -0.1149
vn 0.6474 0.7475 -0.1488
vn 0.5336 0.7898 -0.3024
vn 0.2963 0.9152 -0.2732
vn 0.0450 0.9937 -0.1028
vn -0.0054 0.9987 0.0501
vn -0.0273 0.9926 0.1180
vn -0.0553 0.9756 0.2123
vn -0.0598 0.9630 0.2630
vn -0.0658 0.9765 0.2053
vn -0.1166 0.9809 0.1555
vn -0.1952 0.9677 0.1595
vn -0.2577 0.9656 0.0344
vn -0.2874 0.9532 -0.0944
vn -0.2509 0.9663 -0.0578
vn 0.1467 0.9878 -0.0528
vn 0.1756 0.9822 -0.0668
vn 0.1994 0.9738 -0.1096
vn 0.3872 0.9016 -0.1928
vn 0.5113 0.8244 -0.2428
vn 0.4988 0.7755 -0.3870
vn 0.4206 0.7640 -0.4893
vn 0.4333 0.8109 -0.3933
vn 0.3475 0.8968 -0.2739
vn 0.2003 0.9655 -0.1663
vn 0.0955 0.9938 -0.0570
vn 0.0758 0.9971 -0.0042
vn 0.0584 0.9983 -0.0064
vn 0.0222 0.9997 -0.0085
vn 0.0061 1.0000 -0.0023
vn 0.0026 1.0000 -0.0010
vn 0.0233 0.9982 0.0551
vn 0.1959 0.9557 0.2198
vn 0.3519 0.8941 0.2771
vn 0.4700 0.8619 0.1901
vn 0.5355 0.8419 0.0664
vn 0.5688 0.8224 0.0054
vn 0.6500 0.7597 -0.0193
vn 0.6817 0.7224 -0.1160
vn 0.6426 0.7509 -0.1522
vn 0.5652 0.8184 -0.1041
vn 0.5270 0.8448 -0.0924
vn 0.3957 0.9019 -0.1734
vn 0.1571 0.9781 -0.1365
vn 0.0158 0.9996 -0.0212
vn -0.0096 0.9981 0.0617
vn -0.0344 0.9903 0.1348
vn -0.0552 0.9743 0.2184
vn -0.0134 0.9700 0.2427
vn 0.0406 0.9764 0.2123
vn 0.0142 0.9802 0.1976
vn -0.0652 0.9779 0.1986
vn -0.1431 0.9862 0.0828
vn -0.2773 0.9594 -0.0524
vn -0.3255 0.9425 -0.0764
vn 0.2536 0.9664 -0.0411
vn 0.2494 0.9672 -0.0488
vn 0.2836 0.9490 -0.1380
vn 0.3887 0.8920 -0.2309
vn 0.4487 0.8515 -0.2715
vn 0.4278 0.8261 -0.3667
vn 0.3517 0.8199 -0.4517
vn 0.2813 0.8854 -0.3699
vn 0.2090 0.9562 -0.2051
vn 0.0841 0.9916 -0.0980
vn 0.0202 0.9995 -0.0239
vn 0.0088 1.0000 -0.0004
vn 0.0064 1.0000 -0.0003
vn 0.0020 1.0000 -0.0006
vn 0.0031 1.0000 -0.0001
vn 0.0021 1.0000 -0.0001
vn 0.0064 0.9999 0.0114
vn 0.1239 0.9863 0.1090
vn 0.3149 0.9282 0.1980
vn 0.4423 0.8848 0.1467
vn 0.5019 0.8632 0.0541
vn 0.5156 0.8566 -0.0174
vn 0.5403 0.8376 -0.0807
vn 0.5452 0.8294 -0.1219
vn 0.4695 0.8761 -0.1092
vn 0.3607 0.9306 -0.0625
vn 0.3071 0.9509 -0.0390
vn 0.1851 0.9805 -0.0664
vn 0.0419 0.9984 -0.0385
vn 0.0022 0.9999 0.0099
vn -0.0068 0.9975 0.0709
vn -0.0275 0.9885 0.1487
vn -0.0231 0.9793 0.2011
vn 0.0467 0.9786 0.2003
vn 0.1313 0.9720 0.1950
vn 0.1394 0.9639 0.2268
vn 0.0566 0.9662 0.2513
vn -0.0507 0.9885 0.1426
vn -0.2183 0.9752 0.0368
vn -0.2822 0.9580 -0.0510
vn 0.3681 0.9297 -0.0130
vn 0.3671 0.9297 -0.0288
vn 0.4298 0.8937 -0.1285
vn 0.4422 0.8661 -0.2331
vn 0.4123 0.8685 -0.2750
vn 0.3735 0.8607 -0.3461
vn 0.3030 0.8637 -0.4027
vn 0.1784 0.9312 -0.3180
vn 0.0890 0.9837 -0.1561
vn 0.0217 0.9983 -0.0543
vn 0.0027 0.9999 -0.0098
vn 0.0006 1.0000 0.0001
vn 0.0015 1.0000 0.0002
vn 0.0011 1.0000 0.0002
vn 0.0017 1.0000 -0.0002
vn 0.0008 1.0000 0.0001
vn 0.0015 1.0000 0.0001
vn 0.0331 0.9991 0.0258
vn 0.1882 0.9773 0.0970
vn 0.3376 0.9363 0.0966
vn 0.3994 0.9159 0.0398
vn 0.4133 0.9106 -0.0070
vn 0.3839 0.9207 -0.0703
vn 0.2955 0.9500 -0.1007
vn 0.1797 0.9817 -0.0635
vn 0.1142 0.9934 -0.0145
vn 0.0849 0.9964 -0.0043
vn 0.0302 0.9995 -0.0125
vn 0.0038 1.0000 -0.0037
vn 0.0004 0.9999 0.0147
vn -0.0038 0.9969 0.0783
vn -0.0121 0.9884 0.1517
vn 0.0086 0.9856 0.1691
vn 0.0939 0.9841 0.1505
vn 0.1916 0.9686 0.1585
vn 0.2024 0.9492 0.2411
vn 0.1368 0.9429 0.3038
vn 0.0345 0.9717 0.2338
vn -0.1170 0.9889 0.0915
vn -0.1507 0.9886 -0.0044
vn 0.4261 0.9047 0.0013
vn 0.4419 0.8967 -0.0248
vn 0.4941 0.8599 -0.1280
vn 0.4650 0.8590 -0.2144
vn 0.4049 0.8746 -0.2666
vn 0.3527 0.8770 -0.3264
vn 0.2863 0.8819 -0.3746
vn 0.1617 0.9464 -0.2795
vn 0.0368 0.9904 -0.1329
vn -0.0004 0.9991 -0.0413
vn -0.0007 1.0000 -0.0077
vn 0.0001 1.0000 -0.0000
vn 0.0003 1.0000 0.0001
vn 0.0005 1.0000 0.0002
vn 0.0011 1.0000 -0.0002
vn 0.0003 1.0000 -0.0000
vn 0.0007 1.0000 -0.0001
vn 0.0856 0.9958 0.0311
vn 0.2403 0.9690 0.0568
vn 0.3179 0.9477 0.0278
vn 0.3403 0.9403 -0.0003
vn 0.3182 0.9475 -0.0322
vn 0.1912 0.9802 -0.0521
vn 0.0319 0.9990 -0.0319
vn 0.0013 1.0000 -0.0006
vn 0.0006 1.0000 -0.0000
vn 0.0005 1.0000 -0.0000
vn 0.0002 1.0000 -0.0001
vn -0.0004 0.9999 0.0153
vn -0.0035 0.9967 0.0814
vn -0.0091 0.9891 0.1473
vn 0.0139 0.9890 0.1472
vn 0.0997 0.9888 0.1110
vn 0.2030 0.9700 0.1334
vn 0.2237 0.9430 0.2464
vn 0.1651 0.9306 0.3266
vn 0.0992 0.9505 0.2946
vn -0.0367 0.9933 0.1095
vn -0.0871 0.9959 0.0222
vt -95.964554 -49.999996
vt -97.500000 -47.435898
vt -97.500000 -50.000000
vt -95.964584 -47.435909
vt -97.500000 -44.871796
vt -95.964569 -44.871796
vt -97.500008 -42.307697
vt -95.964569 -42.307693
vt -97.499992 -39.743584
vt -95.964584 -39.743599
vt -97.500000 -37.179482
vt -95.964569 -34.615387
vt -95.964569 -37.179485
vt -97.500000 -32.051281
vt -97.500000 -34.615383
vt -95.964592 -32.051281
vt -97.500000 -29.487185
vt -95.964569 -29.487173
vt -97.500000 -26.923071
vt -95.964569 -26.923077
vt -97.500000 -24.358974
vt -95.964577 -21.794874
vt -95.964577 -24.358974
vt -95.964561 -19.230768
vt -97.500000 -21.794872
vt -95.964569 -16.666668
vt -97.500000 -19.230770
vt -95.964569 -14.102565
vt -97.500000 -16.666668
vt -95.964546 -11.538457
vt -97.500000 -14.102564
vt -95.964569 -8.974362
vt -97.500000 -11.538462
vt -95.964561 -6.410256
vt -97.500015 -8.974360
vt -95.964546 -3.846153
vt -97.500000 -6.410256
vt -95.964554 -1.282051
vt -97.500015 -3.846155
vt -95.964561 1.282051
vt -97.500008 -1.282051
vt -95.964584 3.846154
vt -97.500000 1.282051
vt -95.964569 6.410256
vt -97.500000 3.846154
vt -95.964584 8.974360
vt -97.500000 6.410256
vt -95.964569 11.538462
vt -97.500000 8.974360
vt -95.964554 14.102562
vt -97.500000 11.538462
vt -95.964569 16.666668
vt -97.500000 14.102564
vt -95.964569 19.230770
vt -97.500000 16.666668
vt -95.964569 21.794880
vt -97.500000 19.230770
vt -95.964569 24.358974
vt -97.500000 21.794872
vt -95.964569 26.923077
vt -97.500015 24.358974
vt -95.964561 29.487179
vt -97.500023 26.923079
vt -95.964592 32.051281
vt -97.500008 29.487181
vt -95.964577 34.615383
vt -97.500000 32.051281
vt -95.964546 37.179485
vt -97.500000 34.615383
vt -97.500031 39.743591
vt -97.500000 37.179485
vt -95.964554 39.743580
vt -97.500000 42.307693
vt -95.964554 42.307693
vt -97.500000 44.871796
vt -95.964554 47.435898
vt -95.964569 44.871796
vt -95.964592 50.000000
vt -97.500000 47.435898
vt -94.429153 -47.435909
vt -94.429123 -50.000000
vt -94.429123 -44.871788
vt -94.429131 -42.307690
vt -94.429123 -39.743587
vt -94.429131 -37.179485
vt -94.429123 -34.615383
vt -94.429115 -32.051277
vt -94.429123 -29.487175
vt -94.429123 -26.923075
vt -94.429138 -21.794876
vt -94.429115 -24.358971
vt -94.429146 -19.230770
vt -94.429115 -16.666664
vt -94.429138 -14.102564
vt -94.429146 -11.538462
vt -94.429115 -8.974360
vt -94.429108 -6.410255
vt -94.429153 -3.846155
vt -94.429123 1.282051
vt -94.429131 -1.282051
vt -94.429108 3.846153
vt -94.429153 6.410258
vt -94.429138 8.974360
vt -94.429138 11.538463
vt -94.429123 14.102561
vt -94.429123 16.666668
vt -94.429131 19.230770
vt -94.429131 21.794872
vt -94.429146 24.358974
vt -94.429153 26.923082
vt -94.429146 29.487179
vt -94.429138 32.051285
vt -94.429131 34.615383
vt -94.429146 37.179493
vt -94.429131 39.743591
vt -94.429115 44.871796
vt -94.429131 42.307701
vt -94.429138 47.435898
vt -94.429123 50.000000
vt -92.893692 -47.435902
vt -92.893692 -50.000008
vt -92.893707 -44.871796
vt -92.893684 -42.307686
vt -92.893677 -39.743576
vt -92.893692 -37.179489
vt -92.893692 -32.051277
vt -92.893715 -34.615387
vt -92.893700 -29.487181
vt -92.893707 -26.923075
vt -92.893700 -21.794874
vt -92.893700 -24.358973
vt -92.893715 -19.230770
vt -92.893707 -14.102564
vt -92.893684 -16.666668
vt -92.893700 -11.538461
vt -92.893715 -8.974360
vt -92.893715 -6.410257
vt -92.893723 -3.846156
vt -92.893692 1.282051
vt -92.893700 -1.282051
vt -92.893715 6.410257
vt -92.893692 3.846154
vt -92.893707 8.974360
vt -92.893684 11.538460
vt -92.893700 16.666668
vt -92.893692 14.102563
vt -92.893700 21.794874
vt -92.893677 19.230770
vt -92.893707 24.358976
vt -92.893707 26.923077
vt -92.893700 29.487181
vt -92.893700 32.051285
vt -92.893707 34.615383
vt -92.893707 37.179493
vt -92.893692 39.743587
vt -92.893723 42.307693
vt -92.893723 44.871796
vt -92.893700 50.000000
vt -92.893700 47.435902
vt -91.358261 -47.435898
vt -91.358261 -50.000000
vt -91.358261 -44.871788
vt -91.358261 -42.307690
vt -91.358292 -37.179497
vt -91.358261 -39.743584
vt -91.358276 -34.615383
vt -91.358261 -32.051277
vt -91.358276 -29.487177
vt -91.358261 -26.923077
vt -91.358261 -24.358974
vt -91.358261 -21.794872
vt -91.358261 -19.230770
vt -91.358292 -14.102565
vt -91.358276 -16.666668
vt -91.358292 -11.538463
vt -91.358276 -8.974360
vt -91.358269 -6.410256
vt -91.358269 -3.846154
vt -91.358261 -1.282051
vt -91.358269 1.282051
vt -91.358276 6.410256
vt -91.358261 3.846154
vt -91.358269 8.974360
vt -91.358253 11.538460
vt -91.358261 16.666668
vt -91.358261 14.102564
vt -91.358284 21.794872
vt -91.358292 19.230770
vt -91.358284 26.923080
vt -91.358231 24.358963
vt -91.358269 29.487179
vt -91.358269 34.615379
vt -91.358292 32.051285
vt -91.358261 37.179485
vt -91.358276 39.743591
vt -91.358246 42.307678
vt -91.358292 44.871796
vt -91.358269 50.000000
vt -91.358231 47.435883
vt -89.822830 -47.435902
vt -89.822830 -49.999992
vt -89.822830 -44.871796
vt -89.822845 -42.307690
vt -89.822830 -37.179485
vt -89.822830 -39.743595
vt -89.822815 -34.615379
vt -89.822830 -32.051285
vt -89.822830 -29.487177
vt -89.822823 -26.923075
vt -89.822823 -24.358978
vt -89.822830 -21.794872
vt -89.822845 -19.230774
vt -89.822815 -14.102562
vt -89.822830 -16.666670
vt -89.822845 -11.538462
vt -89.822830 -8.974360
vt -89.822830 -6.410257
vt -89.822823 -3.846153
vt -89.822845 -1.282051
vt -89.822830 1.282051
vt -89.822815 6.410256
vt -89.822815 3.846154
vt -89.822830 8.974360
vt -89.822830 11.538464
vt -89.822830 16.666668
vt -89.822815 14.102563
vt -89.822823 19.230770
vt -89.822830 21.794872
vt -89.822807 24.358967
vt -89.822830 26.923075
vt -89.822830 32.051281
vt -89.822830 29.487177
vt -89.822830 34.615379
vt -89.822838 37.179485
vt -89.822815 39.743584
vt -89.822830 42.307693
vt -89.822830 44.871799
vt -89.822830 50.000000
vt -89.822830 47.435898
vt -88.287399 -50.000000
vt -88.287415 -47.435898
vt -88.287399 -42.307693
vt -88.287399 -44.871796
vt -88.287399 -37.179493
vt -88.287399 -39.743591
vt -88.287399 -34.615387
vt -88.287392 -32.051281
vt -88.287407 -29.487181
vt -88.287399 -26.923077
vt -88.287392 -24.358971
vt -88.287399 -21.794874
vt -88.287399 -19.230770
vt -88.287399 -16.666668
vt -88.287399 -11.538463
vt -88.287407 -14.102565
vt -88.287399 -8.974360
vt -88.287399 -6.410256
vt -88.287399 -3.846154
vt -88.287399 -1.282051
vt -88.287399 3.846154
vt -88.287399 1.282051
vt -88.287399 6.410256
vt -88.287392 8.974357
vt -88.287415 11.538465
vt -88.287399 14.102564
vt -88.287399 16.666674
vt -88.287399 21.794872
vt -88.287399 19.230770
vt -88.287399 24.358974
vt -88.287399 26.923075
vt -88.287399 29.487177
vt -88.287399 32.051285
vt -88.287399 34.615387
vt -88.287399 37.179482
vt -88.287369 39.743576
vt -88.287399 42.307693
vt -88.287369 44.871780
vt -88.287399 47.435898
vt -86.751968 -50.000000
vt -86.751968 -47.435898
vt -86.751984 -42.307701
vt -86.751961 -44.871796
vt -86.751968 -39.743584
vt -86.751968 -37.179482
vt -86.751953 -34.615372
vt -86.751976 -32.051281
vt -86.751968 -29.487179
vt -86.751968 -26.923079
vt -86.751976 -24.358974
vt -86.751945 -21.794872
vt -86.751961 -19.230770
vt -86.751976 -16.666668
vt -86.751984 -14.102567
vt -86.751961 -11.538461
vt -86.751968 -8.974360
vt -86.751984 -6.410258
vt -86.751968 -3.846154
vt -86.751968 -1.282051
vt -86.751953 3.846154
vt -86.751953 1.282051
vt -86.751968 6.410256
vt -86.751968 8.974360
vt -86.751953 11.538462
vt -86.751961 14.102564
vt -86.751999 16.666668
vt -86.751968 19.230770
vt -86.751968 24.358974
vt -86.751968 21.794874
vt -86.751968 26.923077
vt -86.751968 29.487183
vt -86.751961 32.051285
vt -86.751968 34.615383
vt -86.751991 37.179485
vt -86.751961 42.307693
vt -86.751953 39.743576
vt -86.751991 44.871796
vt -86.751976 47.435898
vt -88.287399 50.000000
vt -85.216537 -49.999992
vt -85.216537 -47.435898
vt -85.216522 -42.307693
vt -85.216537 -44.871796
vt -85.216530 -39.743580
vt -85.216553 -37.179489
vt -85.216537 -34.615383
vt -85.216537 -32.051281
vt -85.216530 -29.487173
vt -85.216537 -26.923075
vt -85.216537 -24.358974
vt -85.216553 -21.794876
vt -85.216553 -19.230770
vt -85.216537 -16.666668
vt -85.216545 -14.102566
vt -85.216530 -11.538461
vt -85.216522 -8.974359
vt -85.216537 -6.410256
vt -85.216530 -3.846153
vt -85.216537 -1.282051
vt -85.216560 3.846155
vt -85.216537 1.282051
vt -85.216537 6.410256
vt -85.216537 8.974360
vt -85.216530 11.538461
vt -85.216553 14.102566
vt -85.216537 16.666662
vt -85.216522 21.794872
vt -85.216492 19.230764
vt -85.216545 26.923075
vt -85.216522 24.358974
vt -85.216553 29.487183
vt -85.216537 32.051277
vt -85.216553 34.615387
vt -85.216537 37.179482
vt -85.216537 39.743591
vt -85.216530 42.307682
vt -85.216537 47.435898
vt -85.216545 44.871799
vt -86.751991 50.000011
vt -83.681107 -49.999989
vt -83.681114 -47.435902
vt -83.681091 -42.307693
vt -83.681107 -44.871799
vt -83.681122 -39.743595
vt -83.681091 -37.179485
vt -83.681114 -34.615383
vt -83.681107 -32.051285
vt -83.681107 -29.487179
vt -83.681114 -26.923077
vt -83.681122 -24.358978
vt -83.681091 -21.794872
vt -83.681129 -19.230774
vt -83.681107 -16.666668
vt -83.681114 -14.102565
vt -83.681107 -8.974360
vt -83.681107 -11.538462
vt -83.681114 -6.410257
vt -83.681114 -1.282051
vt -83.681091 -3.846153
vt -83.681107 1.282051
vt -83.681107 3.846155
vt -83.681107 6.410256
vt -83.681099 8.974359
vt -83.681107 11.538462
vt -83.681107 14.102564
vt -83.681084 19.230770
vt -83.681107 16.666668
vt -83.681107 21.794872
vt -83.681107 24.358974
vt -83.681099 26.923077
vt -83.681107 29.487186
vt -83.681107 32.051273
vt -83.681114 34.615383
vt -83.681114 37.179489
vt -83.681107 42.307697
vt -83.681107 39.743576
vt -83.681114 47.435898
vt -83.681107 44.871796
vt -85.216537 50.000000
vt -82.145660 -50.000000
vt -82.145653 -47.435894
vt -82.145660 -42.307690
vt -82.145653 -44.871788
vt -82.145660 -39.743584
vt -82.145668 -37.179489
vt -82.145676 -34.615387
vt -82.145668 -32.051281
vt -82.145683 -29.487181
vt -82.145676 -26.923082
vt -82.145660 -24.358973
vt -82.145676 -21.794872
vt -82.145653 -19.230768
vt -82.145668 -16.666668
vt -82.145660 -11.538460
vt -82.145668 -14.102563
vt -82.145645 -8.974358
vt -82.145676 -6.410255
vt -82.145660 -3.846154
vt -82.145668 -1.282051
vt -82.145676 1.282051
vt -82.145660 3.846154
vt -82.145660 6.410256
vt -82.145668 8.974360
vt -82.145660 11.538460
vt -82.145660 14.102564
vt -82.145668 16.666668
vt -82.145660 19.230768
vt -82.145668 24.358974
vt -82.145660 21.794868
vt -82.145668 26.923077
vt -82.145660 29.487179
vt -82.145653 32.051273
vt -82.145676 34.615383
vt -82.145683 37.179493
vt -82.145676 42.307693
vt -82.145660 39.743580
vt -82.145660 44.871784
vt -82.145668 50.000000
vt -82.145668 47.435905
vt -80.610229 -50.000000
vt -80.610222 -47.435890
vt -80.610245 -42.307697
vt -80.610245 -44.871807
vt -80.610229 -39.743584
vt -80.610222 -37.179482
vt -80.610222 -34.615376
vt -80.610245 -32.051277
vt -80.610237 -29.487181
vt -80.610245 -26.923079
vt -80.610245 -24.358974
vt -80.610245 -21.794874
vt -80.610245 -19.230774
vt -80.610229 -16.666668
vt -80.610222 -11.538460
vt -80.610229 -14.102563
vt -80.610252 -8.974361
vt -80.610229 -6.410255
vt -80.610245 -3.846155
vt -80.610237 -1.282051
vt -80.610229 1.282051
vt -80.610229 3.846154
vt -80.610237 6.410256
vt -80.610229 11.538461
vt -80.610245 8.974360
vt -80.610245 14.102566
vt -80.610229 16.666668
vt -80.610222 21.794868
vt -80.610229 19.230768
vt -80.610222 24.358976
vt -80.610245 26.923079
vt -80.610245 29.487179
vt -80.610214 32.051270
vt -80.610237 34.615383
vt -80.610229 37.179478
vt -80.610237 42.307690
vt -80.610252 39.743591
vt -80.610237 44.871796
vt -80.610237 47.435898
vt -79.074799 -50.000000
vt -79.074814 -47.435905
vt -79.074806 -42.307697
vt -79.074799 -44.871799
vt -79.074814 -39.743595
vt -79.074814 -37.179489
vt -79.074814 -34.615387
vt -79.074814 -32.051285
vt -79.074814 -29.487183
vt -79.074799 -26.923077
vt -79.074799 -24.358973
vt -79.074783 -21.794867
vt -79.074814 -19.230770
vt -79.074814 -14.102564
vt -79.074821 -16.666670
vt -79.074791 -11.538459
vt -79.074821 -8.974360
vt -79.074814 -6.410258
vt -79.074806 -3.846154
vt -79.074799 -1.282051
vt -79.074791 1.282051
vt -79.074821 3.846154
vt -79.074814 6.410257
vt -79.074799 11.538461
vt -79.074821 8.974360
vt -79.074806 14.102564
vt -79.074791 16.666668
vt -79.074799 19.230770
vt -79.074814 21.794870
vt -79.074814 24.358978
vt -79.074806 26.923079
vt -79.074791 29.487175
vt -79.074783 32.051273
vt -79.074806 34.615383
vt -79.074814 37.179489
vt -79.074806 42.307693
vt -79.074814 39.743591
vt -79.074806 44.871799
vt -79.074806 47.435898
vt -80.610229 50.000000
vt -77.539368 -50.000000
vt -77.539368 -47.435898
vt -77.539368 -42.307690
vt -77.539368 -44.871796
vt -77.539352 -39.743584
vt -77.539360 -37.179482
vt -77.539375 -34.615387
vt -77.539368 -32.051277
vt -77.539368 -29.487177
vt -77.539368 -26.923079
vt -77.539375 -24.358976
vt -77.539360 -21.794872
vt -77.539383 -19.230768
vt -77.539368 -14.102564
vt -77.539375 -16.666668
vt -77.539368 -11.538463
vt -77.539368 -8.974360
vt -77.539368 -6.410255
vt -77.539375 -3.846154
vt -77.539375 -1.282051
vt -77.539368 1.282051
vt -77.539375 3.846154
vt -77.539360 6.410256
vt -77.539368 8.974360
vt -77.539360 11.538461
vt -77.539368 14.102564
vt -77.539368 16.666664
vt -77.539368 19.230770
vt -77.539352 21.794868
vt -77.539368 24.358978
vt -77.539368 26.923075
vt -77.539360 29.487179
vt -77.539368 32.051281
vt -77.539368 34.615383
vt -77.539368 37.179485
vt -77.539368 42.307693
vt -77.539368 39.743591
vt -77.539383 44.871796
vt -77.539368 47.435898
vt -77.539368 50.000011
vt -76.003937 -50.000000
vt -76.003944 -47.435902
vt -76.003929 -42.307686
vt -76.003937 -44.871796
vt -76.003929 -39.743591
vt -76.003937 -37.179489
vt -76.003944 -34.615383
vt -76.003937 -32.051277
vt -76.003944 -29.487175
vt -76.003937 -26.923077
vt -76.003929 -24.358974
vt -76.003937 -21.794876
vt -76.003937 -19.230770
vt -76.003937 -14.102566
vt -76.003929 -16.666666
vt -76.003960 -11.538464
vt -76.003937 -8.974360
vt -76.003937 -6.410256
vt -76.003929 -3.846154
vt -76.003937 -1.282051
vt -76.003937 1.282051
vt -76.003937 3.846154
vt -76.003922 6.410257
vt -76.003922 8.974360
vt -76.003937 11.538462
vt -76.003937 14.102564
vt -76.003937 16.666668
vt -76.003944 19.230772
vt -76.003937 21.794874
vt -76.003952 24.358976
vt -76.003937 26.923073
vt -76.003922 29.487169
vt -76.003937 32.051281
vt -76.003937 34.615387
vt -76.003929 37.179478
vt -76.003929 42.307693
vt -76.003937 39.743587
vt -76.003929 44.871796
vt -76.003952 47.435905
vt -74.468521 -50.000000
vt -74.468498 -47.435898
vt -74.468506 -44.871792
vt -74.468521 -42.307693
vt -74.468498 -37.179482
vt -74.468498 -39.743591
vt -74.468506 -34.615379
vt -74.468491 -32.051277
vt -74.468491 -29.487175
vt -74.468506 -26.923079
vt -74.468506 -24.358973
vt -74.468506 -21.794872
vt -74.468498 -19.230764
vt -74.468506 -16.666668
vt -74.468506 -11.538463
vt -74.468498 -14.102562
vt -74.468506 -8.974360
vt -74.468506 -6.410256
vt -74.468506 -3.846154
vt -74.468506 -1.282051
vt -74.468506 1.282051
vt -74.468513 3.846154
vt -74.468506 6.410256
vt -74.468498 8.974360
vt -74.468506 11.538463
vt -74.468506 14.102563
vt -74.468506 16.666668
vt -74.468506 19.230770
vt -74.468506 21.794872
vt -74.468498 24.358973
vt -74.468491 26.923073
vt -74.468498 29.487175
vt -74.468506 32.051281
vt -74.468506 34.615387
vt -74.468513 37.179497
vt -74.468506 42.307705
vt -74.468506 39.743587
vt -74.468483 44.871796
vt -74.468506 47.435898
vt -76.003937 50.000000
vt -72.933075 -50.000000
vt -72.933067 -47.435898
vt -72.933075 -44.871799
vt -72.933090 -42.307705
vt -72.933075 -39.743587
vt -72.933060 -34.615376
vt -72.933067 -37.179482
vt -72.933060 -32.051285
vt -72.933060 -29.487179
vt -72.933060 -26.923077
vt -72.933060 -24.358971
vt -72.933075 -21.794872
vt -72.933075 -19.230770
vt -72.933067 -16.666668
vt -72.933067 -11.538463
vt -72.933067 -14.102564
vt -72.933044 -8.974359
vt -72.933075 -6.410256
vt -72.933075 -3.846154
vt -72.933060 1.282051
vt -72.933067 -1.282051
vt -72.933060 3.846153
vt -72.933067 6.410256
vt -72.933067 8.974360
vt -72.933075 11.538463
vt -72.933075 14.102564
vt -72.933052 16.666668
vt -72.933067 19.230770
vt -72.933075 24.358974
vt -72.933067 21.794868
vt -72.933090 26.923079
vt -72.933075 29.487179
vt -72.933075 32.051285
vt -72.933067 37.179485
vt -72.933067 34.615387
vt -72.933067 39.743587
vt -72.933075 42.307693
vt -72.933090 44.871811
vt -72.933067 47.435898
vt -74.468506 50.000000
vt -71.397636 -50.000000
vt -71.397644 -47.435905
vt -71.397659 -44.871811
vt -71.397629 -42.307686
vt -71.397636 -39.743587
vt -71.397644 -34.615383
vt -71.397629 -37.179482
vt -71.397636 -32.051285
vt -71.397644 -29.487179
vt -71.397629 -26.923079
vt -71.397636 -24.358976
vt -71.397629 -21.794872
vt -71.397644 -19.230770
vt -71.397636 -16.666664
vt -71.397629 -14.102562
vt -71.397621 -11.538462
vt -71.397621 -8.974358
vt -71.397636 -6.410256
vt -71.397636 -3.846154
vt -71.397629 -1.282051
vt -71.397636 1.282051
vt -71.397659 3.846155
vt -71.397644 6.410257
vt -71.397636 8.974360
vt -71.397636 11.538462
vt -71.397636 14.102564
vt -71.397652 16.666672
vt -71.397652 19.230774
vt -71.397636 24.358976
vt -71.397644 21.794872
vt -71.397636 26.923077
vt -71.397629 29.487179
vt -71.397636 32.051277
vt -71.397614 34.615379
vt -71.397636 37.179485
vt -71.397636 39.743587
vt -71.397644 42.307693
vt -71.397644 44.871796
vt -71.397644 47.435909
vt -72.933075 50.000000
vt -69.862206 -47.435898
vt -69.862198 -50.000000
vt -69.862221 -44.871803
vt -69.862206 -42.307693
vt -69.862198 -39.743587
vt -69.862198 -34.615376
vt -69.862206 -37.179482
vt -69.862206 -32.051277
vt -69.862213 -29.487181
vt -69.862206 -26.923075
vt -69.862213 -24.358978
vt -69.862198 -21.794874
vt -69.862198 -19.230770
vt -69.862206 -16.666666
vt -69.862213 -14.102565
vt -69.862206 -11.538462
vt -69.862198 -8.974360
vt -69.862190 -6.410255
vt -69.862190 -1.282051
vt -69.862206 -3.846154
vt -69.862213 1.282052
vt -69.862198 3.846153
vt -69.862206 6.410256
vt -69.862213 8.974360
vt -69.862198 11.538461
vt -69.862183 14.102560
vt -69.862213 16.666668
vt -69.862198 19.230770
vt -69.862198 24.358967
vt -69.862206 21.794870
vt -69.862198 26.923077
vt -69.862198 29.487177
vt -69.862213 32.051281
vt -69.862213 34.615395
vt -69.862213 37.179489
vt -69.862206 39.743587
vt -69.862206 42.307693
vt -69.862206 44.871796
vt -69.862198 50.000000
vt -69.862206 47.435898
vt -68.326775 -47.435898
vt -68.326767 -50.000000
vt -68.326767 -44.871796
vt -68.326767 -42.307693
vt -68.326767 -39.743591
vt -68.326767 -34.615379
vt -68.326752 -37.179485
vt -68.326767 -32.051281
vt -68.326767 -29.487181
vt -68.326767 -26.923073
vt -68.326767 -24.358973
vt -68.326759 -21.794874
vt -68.326775 -19.230776
vt -68.326782 -16.666670
vt -68.326775 -14.102565
vt -68.326775 -11.538463
vt -68.326767 -8.974359
vt -68.326767 -3.846153
vt -68.326767 -6.410256
vt -68.326775 -1.282051
vt -68.326759 1.282051
vt -68.326775 3.846154
vt -68.326767 6.410257
vt -68.326767 8.974359
vt -68.326767 11.538459
vt -68.326767 14.102565
vt -68.326767 16.666668
vt -68.326759 19.230770
vt -68.326782 24.358980
vt -68.326759 21.794872
vt -68.326775 26.923077
vt -68.326759 29.487179
vt -68.326767 32.051281
vt -68.326767 34.615383
vt -68.326767 37.179485
vt -68.326759 39.743587
vt -68.326775 42.307693
vt -68.326767 47.435898
vt -68.326767 44.871803
vt -66.791359 -47.435902
vt -66.791336 -50.000008
vt -66.791344 -44.871799
vt -66.791336 -42.307693
vt -66.791336 -39.743591
vt -66.791336 -34.615383
vt -66.791336 -37.179482
vt -66.791336 -32.051277
vt -66.791336 -29.487177
vt -66.791336 -26.923077
vt -66.791336 -24.358974
vt -66.791336 -21.794872
vt -66.791336 -19.230774
vt -66.791336 -16.666666
vt -66.791336 -14.102564
vt -66.791336 -11.538462
vt -66.791336 -8.974360
vt -66.791336 -6.410258
vt -66.791359 -1.282052
vt -66.791336 -3.846154
vt -66.791336 1.282051
vt -66.791351 3.846155
vt -66.791336 6.410255
vt -66.791336 8.974360
vt -66.791336 11.538462
vt -66.791359 14.102566
vt -66.791344 16.666666
vt -66.791336 21.794872
vt -66.791344 19.230768
vt -66.791336 24.358974
vt -66.791336 26.923073
vt -66.791336 29.487179
vt -66.791336 32.051281
vt -66.791336 34.615387
vt -66.791336 37.179485
vt -66.791336 39.743587
vt -66.791336 44.871796
vt -66.791344 42.307693
vt -66.791336 47.435898
vt -68.326767 50.000000
vt -65.255905 -47.435902
vt -65.255905 -50.000000
vt -65.255905 -44.871807
vt -65.255913 -42.307693
vt -65.255898 -39.743584
vt -65.255898 -34.615379
vt -65.255905 -37.179489
vt -65.255928 -32.051292
vt -65.255890 -29.487175
vt -65.255920 -26.923075
vt -65.255905 -24.358976
vt -65.255913 -21.794874
vt -65.255905 -19.230770
vt -65.255920 -16.666668
vt -65.255905 -14.102566
vt -65.255905 -11.538462
vt -65.255905 -8.974360
vt -65.255928 -6.410258
vt -65.255905 -3.846154
vt -65.255890 -1.282051
vt -65.255905 1.282051
vt -65.255913 3.846154
vt -65.255905 6.410256
vt -65.255898 8.974360
vt -65.255905 11.538462
vt -65.255905 14.102565
vt -65.255905 16.666670
vt -65.255905 21.794872
vt -65.255905 19.230770
vt -65.255905 24.358974
vt -65.255905 26.923080
vt -65.255905 29.487177
vt -65.255905 32.051285
vt -65.255905 34.615383
vt -65.255905 37.179485
vt -65.255898 42.307693
vt -65.255882 39.743576
vt -65.255905 44.871796
vt -65.255913 47.435905
vt -66.791336 50.000000
vt -63.720467 -47.435898
vt -63.720463 -49.999992
vt -63.720467 -44.871796
vt -63.720470 -42.307693
vt -63.720474 -39.743591
vt -63.720470 -34.615383
vt -63.720474 -37.179485
vt -63.720467 -32.051277
vt -63.720474 -29.487179
vt -63.720470 -26.923077
vt -63.720470 -24.358969
vt -63.720467 -21.794872
vt -63.720482 -19.230774
vt -63.720455 -16.666662
vt -63.720459 -14.102562
vt -63.720482 -11.538464
vt -63.720470 -8.974360
vt -63.720474 -6.410256
vt -63.720467 -3.846154
vt -63.720474 -1.282051
vt -63.720474 1.282051
vt -63.720474 3.846154
vt -63.720486 6.410257
vt -63.720474 8.974360
vt -63.720463 11.538461
vt -63.720470 14.102564
vt -63.720474 19.230766
vt -63.720470 16.666668
vt -63.720467 21.794872
vt -63.720482 24.358974
vt -63.720463 26.923077
vt -63.720474 29.487179
vt -63.720478 32.051285
vt -63.720474 34.615383
vt -63.720467 37.179478
vt -63.720482 42.307693
vt -63.720474 39.743591
vt -63.720474 44.871796
vt -63.720459 47.435898
vt -65.255905 50.000000
vt -62.185043 -50.000000
vt -62.185040 -47.435905
vt -62.185024 -44.871788
vt -62.185047 -42.307693
vt -62.185043 -39.743595
vt -62.185040 -34.615379
vt -62.185028 -37.179485
vt -62.185043 -32.051281
vt -62.185043 -29.487179
vt -62.185020 -26.923069
vt -62.185043 -24.358974
vt -62.185043 -21.794874
vt -62.185028 -19.230770
vt -62.185047 -16.666668
vt -62.185047 -14.102564
vt -62.185043 -11.538462
vt -62.185051 -8.974360
vt -62.185036 -6.410257
vt -62.185040 -3.846154
vt -62.185043 -1.282051
vt -62.185043 1.282051
vt -62.185051 3.846154
vt -62.185040 6.410256
vt -62.185036 8.974360
vt -62.185032 11.538461
vt -62.185051 14.102564
vt -62.185047 19.230774
vt -62.185043 16.666672
vt -62.185040 21.794872
vt -62.185043 24.358973
vt -62.185028 26.923075
vt -62.185043 29.487181
vt -62.185028 32.051277
vt -62.185043 34.615387
vt -62.185043 37.179485
vt -62.185036 39.743584
vt -62.185032 44.871792
vt -62.185055 42.307709
vt -62.185036 47.435898
vt -63.720470 50.000000
vt -60.649605 -50.000000
vt -60.649605 -47.435898
vt -60.649609 -44.871799
vt -60.649601 -42.307690
vt -60.649620 -37.179493
vt -60.649612 -39.743587
vt -60.649597 -34.615379
vt -60.649609 -32.051281
vt -60.649620 -29.487183
vt -60.649597 -26.923073
vt -60.649605 -24.358974
vt -60.649593 -21.794870
vt -60.649597 -19.230770
vt -60.649597 -16.666668
vt -60.649597 -14.102561
vt -60.649605 -11.538463
vt -60.649620 -8.974361
vt -60.649612 -6.410258
vt -60.649601 -3.846153
vt -60.649605 -1.282051
vt -60.649605 1.282052
vt -60.649590 3.846153
vt -60.649605 6.410256
vt -60.649612 8.974360
vt -60.649597 11.538462
vt -60.649612 14.102565
vt -60.649605 19.230770
vt -60.649612 16.666668
vt -60.649609 21.794870
vt -60.649605 24.358976
vt -60.649609 26.923077
vt -60.649612 29.487181
vt -60.649593 32.051281
vt -60.649597 34.615376
vt -60.649609 37.179493
vt -60.649620 39.743595
vt -60.649605 44.871796
vt -60.649609 42.307693
vt -60.649605 50.000000
vt -60.649590 47.435894
vt -59.114166 -49.999992
vt -59.114166 -47.435894
vt -59.114178 -44.871803
vt -59.114189 -42.307697
vt -59.114174 -37.179485
vt -59.114166 -39.743584
vt -59.114178 -34.615383
vt -59.114174 -32.051277
vt -59.114170 -29.487179
vt -59.114174 -26.923077
vt -59.114185 -24.358978
vt -59.114166 -21.794874
vt -59.114174 -19.230770
vt -59.114182 -16.666668
vt -59.114174 -14.102564
vt -59.114182 -11.538462
vt -59.114174 -8.974360
vt -59.114166 -6.410254
vt -59.114166 -3.846153
vt -59.114178 -1.282051
vt -59.114178 1.282051
vt -59.114170 3.846154
vt -59.114174 6.410256
vt -59.114174 8.974360
vt -59.114178 11.538464
vt -59.114174 14.102564
vt -59.114174 16.666668
vt -59.114174 21.794874
vt -59.114182 19.230770
vt -59.114178 24.358974
vt -59.114178 26.923077
vt -59.114178 29.487183
vt -59.114178 32.051285
vt -59.114185 34.615391
vt -59.114170 37.179485
vt -59.114174 39.743591
vt -59.114182 42.307693
vt -59.114170 44.871803
vt -59.114174 50.000000
vt -59.114162 47.435898
vt -57.578743 -47.435898
vt -57.578743 -50.000000
vt -57.578743 -44.871803
vt -57.578739 -42.307686
vt -57.578735 -37.179482
vt -57.578743 -39.743584
vt -57.578743 -34.615379
vt -57.578735 -32.051273
vt -57.578743 -29.487179
vt -57.578754 -26.923080
vt -57.578751 -24.358976
vt -57.578743 -21.794870
vt -57.578739 -19.230768
vt -57.578747 -14.102564
vt -57.578735 -16.666664
vt -57.578735 -11.538462
vt -57.578743 -8.974359
vt -57.578758 -6.410258
vt -57.578743 -3.846154
vt -57.578735 -1.282051
vt -57.578735 3.846153
vt -57.578739 1.282051
vt -57.578743 6.410256
vt -57.578743 8.974360
vt -57.578751 11.538463
vt -57.578735 14.102564
vt -57.578732 19.230764
vt -57.578735 16.666664
vt -57.578751 21.794872
vt -57.578747 24.358974
vt -57.578743 26.923080
vt -57.578743 29.487179
vt -57.578732 32.051277
vt -57.578735 34.615379
vt -57.578747 37.179489
vt -57.578739 39.743587
vt -57.578747 42.307693
vt -57.578747 44.871803
vt -57.578739 47.435898
vt -56.043304 -47.435898
vt -56.043308 -50.000004
vt -56.043301 -44.871792
vt -56.043316 -42.307709
vt -56.043304 -39.743591
vt -56.043301 -37.179485
vt -56.043301 -32.051277
vt -56.043308 -34.615387
vt -56.043312 -29.487181
vt -56.043312 -26.923080
vt -56.043304 -24.358974
vt -56.043297 -21.794872
vt -56.043308 -19.230770
vt -56.043308 -16.666670
vt -56.043304 -14.102564
vt -56.043316 -11.538465
vt -56.043297 -8.974360
vt -56.043308 -6.410256
vt -56.043316 -3.846155
vt -56.043304 -1.282051
vt -56.043301 3.846153
vt -56.043308 1.282051
vt -56.043301 6.410256
vt -56.043297 8.974360
vt -56.043293 11.538462
vt -56.043297 14.102564
vt -56.043304 16.666668
vt -56.043304 21.794872
vt -56.043312 19.230768
vt -56.043297 24.358971
vt -56.043312 26.923079
vt -56.043308 29.487175
vt -56.043297 32.051277
vt -56.043301 34.615383
vt -56.043312 37.179489
vt -56.043312 39.743584
vt -56.043297 42.307682
vt -56.043304 44.871799
vt -56.043289 47.435886
vt -57.578743 50.000000
vt -54.507874 -47.435902
vt -54.507874 -50.000000
vt -54.507874 -44.871799
vt -54.507870 -42.307690
vt -54.507874 -39.743587
vt -54.507881 -37.179485
vt -54.507877 -34.615379
vt -54.507881 -29.487179
vt -54.507862 -32.051277
vt -54.507881 -26.923077
vt -54.507874 -24.358974
vt -54.507858 -21.794872
vt -54.507866 -19.230770
vt -54.507874 -16.666668
vt -54.507889 -14.102567
vt -54.507870 -11.538462
vt -54.507877 -8.974360
vt -54.507866 -6.410256
vt -54.507877 -3.846154
vt -54.507874 1.282051
vt -54.507877 -1.282052
vt -54.507874 3.846154
vt -54.507877 6.410255
vt -54.507870 8.974360
vt -54.507874 11.538462
vt -54.507881 14.102566
vt -54.507877 16.666668
vt -54.507874 19.230770
vt -54.507881 21.794874
vt -54.507881 24.358976
vt -54.507866 26.923075
vt -54.507866 29.487177
vt -54.507870 32.051277
vt -54.507870 34.615387
vt -54.507874 37.179485
vt -54.507870 39.743591
vt -54.507874 42.307686
vt -54.507881 44.871792
vt -54.507874 47.435898
vt -56.043304 50.000000
vt -52.972450 -50.000008
vt -52.972446 -47.435905
vt -52.972443 -44.871796
vt -52.972439 -42.307693
vt -52.972446 -39.743591
vt -52.972454 -37.179482
vt -52.972443 -34.615383
vt -52.972443 -29.487179
vt -52.972450 -32.051285
vt -52.972450 -26.923084
vt -52.972443 -24.358973
vt -52.972443 -21.794870
vt -52.972450 -19.230772
vt -52.972427 -16.666666
vt -52.972454 -14.102566
vt -52.972443 -11.538461
vt -52.972458 -8.974362
vt -52.972431 -6.410256
vt -52.972454 -3.846155
vt -52.972439 -1.282051
vt -52.972443 1.282051
vt -52.972439 6.410256
vt -52.972439 3.846154
vt -52.972443 8.974360
vt -52.972446 11.538461
vt -52.972439 14.102564
vt -52.972443 16.666668
vt -52.972443 19.230772
vt -52.972443 21.794874
vt -52.972446 26.923077
vt -52.972446 24.358976
vt -52.972439 29.487179
vt -52.972443 32.051281
vt -52.972443 34.615383
vt -52.972454 37.179489
vt -52.972439 39.743584
vt -52.972446 42.307693
vt -52.972443 44.871796
vt -52.972450 47.435898
vt -54.507874 50.000000
vt -51.437000 -49.999996
vt -51.436996 -47.435894
vt -51.437008 -44.871803
vt -51.437004 -42.307693
vt -51.437008 -39.743591
vt -51.436993 -37.179474
vt -51.437004 -32.051270
vt -51.437004 -34.615387
vt -51.437004 -29.487179
vt -51.437004 -26.923077
vt -51.437004 -24.358974
vt -51.437000 -21.794870
vt -51.436996 -19.230766
vt -51.436989 -14.102562
vt -51.437004 -16.666668
vt -51.437004 -11.538462
vt -51.437000 -8.974360
vt -51.437008 -6.410256
vt -51.437008 -3.846154
vt -51.437000 -1.282051
vt -51.437004 1.282051
vt -51.437000 3.846154
vt -51.436996 8.974360
vt -51.437000 6.410256
vt -51.437004 11.538462
vt -51.437004 14.102563
vt -51.437004 16.666668
vt -51.437008 19.230770
vt -51.437000 21.794872
vt -51.437004 26.923077
vt -51.436996 24.358974
vt -51.437012 29.487179
vt -51.437004 32.051281
vt -51.437004 34.615379
vt -51.437004 37.179485
vt -51.437000 39.743591
vt -51.436989 42.307678
vt -51.437004 44.871796
vt -51.437004 47.435898
vt -52.972443 50.000000
vt -49.901573 -50.000008
vt -49.901577 -47.435890
vt -49.901569 -44.871796
vt -49.901566 -42.307690
vt -49.901569 -39.743584
vt -49.901569 -37.179485
vt -49.901577 -34.615391
vt -49.901573 -32.051281
vt -49.901573 -26.923073
vt -49.901585 -29.487183
vt -49.901573 -24.358973
vt -49.901573 -21.794870
vt -49.901573 -19.230770
vt -49.901573 -16.666668
vt -49.901566 -11.538460
vt -49.901577 -14.102565
vt -49.901566 -8.974359
vt -49.901573 -6.410258
vt -49.901573 -3.846154
vt -49.901573 -1.282051
vt -49.901581 1.282051
vt -49.901573 6.410257
vt -49.901577 3.846154
vt -49.901573 8.974360
vt -49.901566 11.538462
vt -49.901573 14.102566
vt -49.901577 16.666666
vt -49.901573 19.230770
vt -49.901577 21.794872
vt -49.901585 26.923082
vt -49.901581 24.358974
vt -49.901566 29.487175
vt -49.901566 32.051273
vt -49.901562 34.615376
vt -49.901573 37.179485
vt -49.901566 39.743584
vt -49.901573 42.307690
vt -49.901573 47.435898
vt -49.901577 44.871799
vt -51.437016 50.000011
vt -48.366146 -50.000000
vt -48.366138 -47.435898
vt -48.366135 -44.871792
vt -48.366142 -42.307693
vt -48.366142 -39.743587
vt -48.366146 -37.179489
vt -48.366135 -34.615372
vt -48.366142 -32.051281
vt -48.366142 -29.487183
vt -48.366138 -24.358973
vt -48.366142 -26.923080
vt -48.366142 -21.794872
vt -48.366142 -19.230770
vt -48.366142 -16.666668
vt -48.366138 -14.102564
vt -48.366146 -11.538462
vt -48.366150 -8.974360
vt -48.366146 -6.410256
vt -48.366142 -3.846155
vt -48.366150 -1.282051
vt -48.366142 1.282051
vt -48.366150 6.410256
vt -48.366146 3.846154
vt -48.366142 8.974360
vt -48.366135 11.538460
vt -48.366142 14.102563
vt -48.366142 16.666668
vt -48.366135 19.230766
vt -48.366146 21.794876
vt -48.366142 26.923077
vt -48.366142 24.358974
vt -48.366142 29.487179
vt -48.366146 32.051277
vt -48.366138 34.615383
vt -48.366138 37.179485
vt -48.366154 39.743595
vt -48.366150 44.871796
vt -48.366142 42.307701
vt -48.366154 47.435905
vt -49.901562 49.999977
vt -46.830711 -50.000000
vt -46.830708 -47.435894
vt -46.830719 -44.871799
vt -46.830711 -42.307697
vt -46.830711 -39.743584
vt -46.830704 -37.179485
vt -46.830711 -34.615387
vt -46.830711 -32.051281
vt -46.830704 -29.487181
vt -46.830704 -24.358971
vt -46.830719 -26.923077
vt -46.830704 -21.794868
vt -46.830711 -19.230770
vt -46.830723 -16.666674
vt -46.830708 -14.102565
vt -46.830704 -11.538461
vt -46.830704 -8.974358
vt -46.830711 -6.410256
vt -46.830715 -3.846154
vt -46.830708 -1.282051
vt -46.830711 1.282051
vt -46.830715 3.846154
vt -46.830715 8.974360
vt -46.830711 6.410257
vt -46.830711 11.538462
vt -46.830711 14.102562
vt -46.830700 16.666664
vt -46.830715 19.230770
vt -46.830711 21.794872
vt -46.830711 26.923073
vt -46.830708 24.358976
vt -46.830711 29.487179
vt -46.830711 34.615387
vt -46.830715 32.051285
vt -46.830711 37.179485
vt -46.830711 39.743591
vt -46.830719 44.871811
vt -46.830711 42.307693
vt -46.830708 47.435890
vt -46.830711 50.000000
vt -45.295280 -47.435905
vt -45.295273 -50.000000
vt -45.295284 -44.871796
vt -45.295277 -42.307693
vt -45.295277 -39.743584
vt -45.295273 -37.179482
vt -45.295269 -34.615376
vt -45.295277 -32.051285
vt -45.295280 -29.487179
vt -45.295273 -24.358974
vt -45.295280 -26.923075
vt -45.295280 -21.794872
vt -45.295288 -19.230772
vt -45.295280 -16.666666
vt -45.295277 -11.538462
vt -45.295273 -14.102562
vt -45.295277 -8.974360
vt -45.295280 -6.410257
vt -45.295284 -3.846154
vt -45.295273 -1.282051
vt -45.295273 1.282051
vt -45.295273 6.410256
vt -45.295280 3.846154
vt -45.295280 8.974360
vt -45.295277 11.538464
vt -45.295280 14.102564
vt -45.295280 16.666668
vt -45.295284 19.230770
vt -45.295288 21.794876
vt -45.295277 24.358974
vt -45.295277 26.923075
vt -45.295280 29.487183
vt -45.295273 32.051281
vt -45.295273 37.179482
vt -45.295273 34.615383
vt -45.295277 39.743587
vt -45.295280 42.307693
vt -45.295273 44.871788
vt -45.295277 50.000000
vt -45.295269 47.435894
vt -43.759842 -47.435902
vt -43.759834 -49.999992
vt -43.759838 -44.871799
vt -43.759834 -42.307693
vt -43.759842 -39.743587
vt -43.759842 -37.179482
vt -43.759830 -34.615372
vt -43.759842 -32.051277
vt -43.759842 -29.487179
vt -43.759842 -24.358974
vt -43.759834 -26.923077
vt -43.759853 -21.794878
vt -43.759842 -19.230770
vt -43.759850 -16.666668
vt -43.759842 -11.538462
vt -43.759834 -14.102560
vt -43.759838 -8.974359
vt -43.759842 -6.410255
vt -43.759842 -3.846154
vt -43.759857 -1.282052
vt -43.759842 1.282051
vt -43.759838 6.410257
vt -43.759842 3.846153
vt -43.759842 8.974360
vt -43.759850 11.538465
vt -43.759842 14.102565
vt -43.759853 16.666668
vt -43.759850 19.230772
vt -43.759842 24.358974
vt -43.759842 21.794872
vt -43.759834 26.923079
vt -43.759838 29.487181
vt -43.759842 32.051289
vt -43.759846 37.179489
vt -43.759842 34.615387
vt -43.759834 39.743587
vt -43.759842 42.307701
vt -43.759850 44.871796
vt -43.759842 49.999992
vt -43.759834 47.435898
vt -42.224396 -47.435886
vt -42.224415 -50.000000
vt -42.224396 -44.871796
vt -42.224407 -42.307690
vt -42.224407 -37.179482
vt -42.224411 -39.743591
vt -42.224411 -34.615383
vt -42.224400 -32.051277
vt -42.224407 -29.487179
vt -42.224407 -24.358971
vt -42.224411 -26.923080
vt -42.224400 -21.794872
vt -42.224400 -19.230766
vt -42.224411 -16.666672
vt -42.224403 -14.102563
vt -42.224403 -11.538462
vt -42.224407 -8.974360
vt -42.224403 -6.410255
vt -42.224407 -3.846154
vt -42.224415 -1.282052
vt -42.224407 3.846154
vt -42.224403 1.282051
vt -42.224419 6.410257
vt -42.224407 8.974360
vt -42.224403 11.538461
vt -42.224411 14.102567
vt -42.224403 16.666668
vt -42.224419 19.230770
vt -42.224407 21.794876
vt -42.224411 24.358974
vt -42.224400 26.923077
vt -42.224403 29.487171
vt -42.224407 32.051281
vt -42.224411 34.615387
vt -42.224403 37.179485
vt -42.224411 39.743591
vt -42.224403 42.307690
vt -42.224415 44.871799
vt -42.224407 50.000000
vt -42.224403 47.435902
vt -40.688972 -47.435890
vt -40.688972 -50.000000
vt -40.688972 -44.871788
vt -40.688980 -42.307693
vt -40.688972 -37.179485
vt -40.688992 -39.743599
vt -40.688965 -34.615383
vt -40.688972 -32.051277
vt -40.688976 -29.487175
vt -40.688972 -26.923075
vt -40.688972 -24.358976
vt -40.688984 -21.794876
vt -40.688980 -19.230772
vt -40.688980 -16.666670
vt -40.688980 -14.102564
vt -40.688972 -11.538461
vt -40.688972 -8.974360
vt -40.688972 -6.410257
vt -40.688980 -3.846154
vt -40.688969 1.282051
vt -40.688976 -1.282051
vt -40.688976 6.410256
vt -40.688980 3.846154
vt -40.688984 8.974360
vt -40.688988 11.538465
vt -40.688976 14.102564
vt -40.688988 16.666668
vt -40.688972 19.230770
vt -40.688976 21.794872
vt -40.688972 24.358973
vt -40.688976 26.923077
vt -40.688976 29.487175
vt -40.688976 32.051281
vt -40.688976 34.615379
vt -40.688972 37.179485
vt -40.688976 39.743587
vt -40.688980 42.307693
vt -40.688972 44.871796
vt -40.688976 50.000000
vt -40.688988 47.435909
vt -39.153542 -50.000004
vt -39.153538 -47.435886
vt -39.153542 -44.871799
vt -39.153549 -39.743595
vt -39.153549 -42.307693
vt -39.153542 -34.615383
vt -39.153542 -37.179497
vt -39.153542 -32.051273
vt -39.153545 -29.487179
vt -39.153542 -26.923075
vt -39.153542 -24.358974
vt -39.153538 -21.794872
vt -39.153542 -19.230770
vt -39.153542 -16.666666
vt -39.153542 -14.102562
vt -39.153538 -11.538462
vt -39.153545 -8.974360
vt -39.153538 -6.410256
vt -39.153542 -3.846154
vt -39.153545 1.282051
vt -39.153542 -1.282051
vt -39.153542 3.846154
vt -39.153545 6.410256
vt -39.153542 8.974360
vt -39.153542 11.538463
vt -39.153542 14.102563
vt -39.153542 16.666672
vt -39.153545 19.230770
vt -39.153549 21.794872
vt -39.153542 26.923077
vt -39.153542 24.358974
vt -39.153542 29.487181
vt -39.153545 32.051285
vt -39.153538 34.615379
vt -39.153526 37.179482
vt -39.153542 39.743584
vt -39.153545 42.307693
vt -39.153549 44.871803
vt -39.153542 50.000000
vt -39.153538 47.435890
vt -37.618111 -50.000000
vt -37.618122 -47.435917
vt -37.618111 -44.871796
vt -37.618126 -42.307701
vt -37.618111 -39.743580
vt -37.618095 -37.179474
vt -37.618111 -32.051281
vt -37.618111 -34.615379
vt -37.618111 -29.487177
vt -37.618111 -26.923077
vt -37.618111 -24.358973
vt -37.618122 -21.794880
vt -37.618111 -19.230770
vt -37.618111 -16.666668
vt -37.618103 -14.102563
vt -37.618118 -11.538464
vt -37.618111 -8.974360
vt -37.618114 -6.410255
vt -37.618111 -3.846154
vt -37.618111 1.282051
vt -37.618118 -1.282051
vt -37.618111 3.846154
vt -37.618111 6.410255
vt -37.618111 8.974360
vt -37.618111 11.538461
vt -37.618103 14.102563
vt -37.618114 16.666668
vt -37.618111 19.230770
vt -37.618111 24.358974
vt -37.618107 21.794868
vt -37.618111 26.923075
vt -37.618111 29.487181
vt -37.618111 32.051289
vt -37.618111 34.615387
vt -37.618103 37.179482
vt -37.618111 39.743591
vt -37.618111 44.871799
vt -37.618111 42.307693
vt -37.618107 47.435894
vt -37.618111 50.000000
vt -36.082684 -50.000004
vt -36.082680 -47.435890
vt -36.082680 -44.871796
vt -36.082672 -42.307686
vt -36.082687 -39.743591
vt -36.082680 -37.179485
vt -36.082676 -32.051285
vt -36.082680 -34.615383
vt -36.082676 -29.487173
vt -36.082680 -26.923080
vt -36.082680 -24.358973
vt -36.082684 -21.794874
vt -36.082680 -19.230766
vt -36.082684 -16.666668
vt -36.082680 -14.102564
vt -36.082680 -11.538465
vt -36.082687 -8.974360
vt -36.082680 -6.410256
vt -36.082676 -1.282051
vt -36.082668 -3.846153
vt -36.082680 1.282051
vt -36.082672 3.846153
vt -36.082676 6.410256
vt -36.082691 8.974362
vt -36.082680 11.538462
vt -36.082672 14.102562
vt -36.082684 16.666668
vt -36.082672 19.230770
vt -36.082680 21.794872
vt -36.082680 26.923071
vt -36.082680 24.358974
vt -36.082680 29.487175
vt -36.082676 32.051281
vt -36.082680 34.615383
vt -36.082680 37.179489
vt -36.082680 42.307693
vt -36.082680 39.743584
vt -36.082680 44.871792
vt -36.082676 47.435898
vt -36.082680 50.000000
vt -34.547241 -50.000000
vt -34.547245 -47.435894
vt -34.547237 -44.871796
vt -34.547237 -42.307690
vt -34.547245 -39.743591
vt -34.547245 -37.179485
vt -34.547241 -32.051281
vt -34.547245 -34.615379
vt -34.547245 -29.487181
vt -34.547249 -26.923084
vt -34.547249 -24.358974
vt -34.547245 -21.794872
vt -34.547245 -19.230770
vt -34.547249 -16.666672
vt -34.547245 -14.102562
vt -34.547249 -11.538462
vt -34.547241 -8.974359
vt -34.547249 -6.410256
vt -34.547249 -1.282051
vt -34.547245 -3.846154
vt -34.547237 3.846153
vt -34.547237 1.282051
vt -34.547241 6.410256
vt -34.547237 8.974358
vt -34.547245 11.538463
vt -34.547245 14.102565
vt -34.547245 16.666668
vt -34.547241 19.230772
vt -34.547241 21.794872
vt -34.547245 24.358973
vt -34.547249 26.923079
vt -34.547241 29.487179
vt -34.547245 32.051281
vt -34.547249 34.615383
vt -34.547237 39.743587
vt -34.547249 37.179489
vt -34.547241 42.307693
vt -34.547249 44.871796
vt -34.547241 47.435898
vt -34.547245 50.000000
vt -33.011810 -50.000000
vt -33.011810 -47.435898
vt -33.011806 -44.871796
vt -33.011814 -42.307693
vt -33.011810 -39.743595
vt -33.011803 -34.615372
vt -33.011810 -37.179485
vt -33.011806 -32.051273
vt -33.011818 -29.487183
vt -33.011810 -26.923077
vt -33.011814 -24.358974
vt -33.011810 -21.794872
vt -33.011806 -19.230770
vt -33.011810 -16.666668
vt -33.011810 -14.102564
vt -33.011814 -11.538463
vt -33.011810 -8.974360
vt -33.011814 -6.410258
vt -33.011814 -1.282051
vt -33.011810 -3.846154
vt -33.011810 1.282051
vt -33.011810 3.846153
vt -33.011810 6.410256
vt -33.011810 8.974360
vt -33.011810 11.538463
vt -33.011810 16.666668
vt -33.011810 14.102565
vt -33.011810 19.230772
vt -33.011818 21.794872
vt -33.011814 24.358974
vt -33.011810 26.923077
vt -33.011810 29.487185
vt -33.011810 32.051281
vt -33.011810 37.179482
vt -33.011810 34.615383
vt -33.011810 39.743587
vt -33.011803 42.307686
vt -33.011810 44.871796
vt -33.011818 47.435917
vt -33.011810 50.000008
vt -31.476381 -50.000004
vt -31.476381 -47.435898
vt -31.476379 -44.871796
vt -31.476374 -42.307693
vt -31.476379 -39.743587
vt -31.476372 -34.615372
vt -31.476379 -37.179485
vt -31.476376 -32.051277
vt -31.476379 -29.487179
vt -31.476377 -26.923077
vt -31.476379 -24.358973
vt -31.476376 -21.794870
vt -31.476379 -19.230770
vt -31.476374 -16.666668
vt -31.476381 -14.102566
vt -31.476383 -11.538464
vt -31.476377 -8.974360
vt -31.476383 -6.410257
vt -31.476379 -1.282051
vt -31.476381 -3.846154
vt -31.476377 1.282051
vt -31.476383 3.846155
vt -31.476376 6.410256
vt -31.476381 8.974360
vt -31.476379 11.538462
vt -31.476385 16.666668
vt -31.476379 14.102565
vt -31.476379 19.230768
vt -31.476379 21.794872
vt -31.476383 24.358980
vt -31.476377 26.923075
vt -31.476381 29.487179
vt -31.476383 32.051281
vt -31.476376 37.179489
vt -31.476368 34.615364
vt -31.476383 39.743591
vt -31.476377 42.307693
vt -31.476381 44.871792
vt -31.476379 47.435902
vt -31.476379 50.000004
vt -29.940945 -50.000000
vt -29.940945 -47.435898
vt -29.940941 -44.871796
vt -29.940945 -42.307697
vt -29.940943 -39.743584
vt -29.940945 -34.615376
vt -29.940945 -37.179489
vt -29.940945 -32.051277
vt -29.940945 -29.487179
vt -29.940941 -26.923075
vt -29.940947 -24.358974
vt -29.940947 -21.794872
vt -29.940945 -19.230770
vt -29.940941 -16.666664
vt -29.940948 -14.102566
vt -29.940948 -11.538464
vt -29.940939 -6.410255
vt -29.940945 -8.974360
vt -29.940945 -3.846154
vt -29.940941 -1.282051
vt -29.940948 1.282051
vt -29.940943 3.846154
vt -29.940943 6.410256
vt -29.940952 8.974361
vt -29.940947 11.538463
vt -29.940947 14.102563
vt -29.940947 19.230774
vt -29.940945 16.666668
vt -29.940948 21.794876
vt -29.940948 24.358978
vt -29.940945 26.923080
vt -29.940945 29.487177
vt -29.940954 34.615391
vt -29.940945 32.051277
vt -29.940950 37.179497
vt -29.940943 39.743584
vt -29.940947 42.307693
vt -29.940939 44.871792
vt -29.940943 47.435898
vt -29.940945 50.000000
vt -28.405508 -50.000000
vt -28.405510 -47.435894
vt -28.405510 -44.871792
vt -28.405512 -42.307693
vt -28.405516 -39.743591
vt -28.405510 -34.615387
vt -28.405518 -37.179489
vt -28.405512 -32.051285
vt -28.405514 -29.487183
vt -28.405510 -26.923077
vt -28.405514 -24.358974
vt -28.405510 -21.794870
vt -28.405512 -19.230770
vt -28.405508 -16.666668
vt -28.405516 -11.538464
vt -28.405510 -14.102564
vt -28.405508 -8.974358
vt -28.405514 -6.410256
vt -28.405512 -3.846154
vt -28.405514 -1.282051
vt -28.405510 1.282051
vt -28.405508 3.846154
vt -28.405506 6.410257
vt -28.405512 11.538462
vt -28.405510 8.974360
vt -28.405516 14.102566
vt -28.405510 19.230770
vt -28.405516 16.666668
vt -28.405514 21.794872
vt -28.405512 24.358974
vt -28.405516 26.923079
vt -28.405518 29.487183
vt -28.405506 34.615379
vt -28.405510 32.051277
vt -28.405518 37.179489
vt -28.405514 39.743587
vt -28.405514 42.307697
vt -28.405518 44.871803
vt -28.405512 47.435894
vt -28.405514 50.000000
vt -26.870079 -50.000000
vt -26.870075 -47.435905
vt -26.870075 -44.871796
vt -26.870073 -39.743587
vt -26.870079 -42.307693
vt -26.870079 -37.179485
vt -26.870081 -34.615383
vt -26.870083 -29.487186
vt -26.870073 -32.051277
vt -26.870079 -26.923080
vt -26.870079 -24.358974
vt -26.870081 -21.794876
vt -26.870077 -19.230770
vt -26.870079 -16.666672
vt -26.870079 -11.538463
vt -26.870081 -14.102565
vt -26.870079 -8.974360
vt -26.870083 -6.410257
vt -26.870079 -3.846154
vt -26.870083 -1.282051
vt -26.870081 1.282051
vt -26.870077 3.846154
vt -26.870079 6.410257
vt -26.870075 11.538462
vt -26.870075 8.974360
vt -26.870075 14.102563
vt -26.870071 16.666664
vt -26.870071 21.794868
vt -26.870071 19.230766
vt -26.870077 24.358974
vt -26.870083 26.923077
vt -26.870081 29.487181
vt -26.870073 34.615379
vt -26.870077 32.051285
vt -26.870083 37.179489
vt -26.870081 39.743595
vt -26.870068 42.307682
vt -26.870073 44.871796
vt -26.870083 47.435902
vt -26.870081 50.000008
vt -25.334644 -50.000000
vt -25.334642 -47.435898
vt -25.334642 -42.307690
vt -25.334644 -44.871796
vt -25.334642 -39.743591
vt -25.334650 -37.179497
vt -25.334644 -34.615387
vt -25.334644 -32.051281
vt -25.334642 -26.923073
vt -25.334642 -29.487175
vt -25.334644 -24.358973
vt -25.334641 -21.794872
vt -25.334646 -19.230770
vt -25.334642 -16.666668
vt -25.334644 -14.102563
vt -25.334642 -11.538461
vt -25.334648 -8.974360
vt -25.334648 -6.410256
vt -25.334648 -3.846155
vt -25.334646 -1.282051
vt -25.334641 1.282051
vt -25.334644 3.846154
vt -25.334644 6.410256
vt -25.334646 8.974360
vt -25.334641 11.538462
vt -25.334642 14.102563
vt -25.334644 16.666668
vt -25.334646 21.794874
vt -25.334644 19.230770
vt -25.334650 24.358982
vt -25.334648 26.923079
vt -25.334642 32.051281
vt -25.334644 29.487186
vt -25.334644 34.615383
vt -25.334644 39.743587
vt -25.334650 37.179493
vt -25.334637 42.307682
vt -25.334642 44.871792
vt -25.334644 47.435902
vt -25.334644 50.000000
vt -23.799213 -50.000000
vt -23.799223 -47.435909
vt -23.799212 -42.307693
vt -23.799213 -44.871796
vt -23.799213 -39.743587
vt -23.799213 -37.179482
vt -23.799213 -34.615383
vt -23.799213 -32.051285
vt -23.799208 -26.923075
vt -23.799213 -29.487181
vt -23.799215 -24.358974
vt -23.799215 -21.794874
vt -23.799215 -19.230770
vt -23.799212 -16.666664
vt -23.799219 -14.102568
vt -23.799212 -11.538462
vt -23.799213 -8.974360
vt -23.799213 -6.410256
vt -23.799210 -3.846153
vt -23.799213 -1.282051
vt -23.799213 1.282051
vt -23.799213 3.846154
vt -23.799213 6.410256
vt -23.799213 8.974358
vt -23.799212 11.538462
vt -23.799213 14.102562
vt -23.799208 16.666670
vt -23.799213 19.230770
vt -23.799213 24.358973
vt -23.799212 21.794872
vt -23.799213 26.923077
vt -23.799213 32.051285
vt -23.799213 29.487179
vt -23.799213 34.615387
vt -23.799212 37.179482
vt -23.799213 42.307693
vt -23.799215 39.743587
vt -23.799213 44.871788
vt -23.799213 47.435898
vt -22.263783 -50.000000
vt -22.263781 -47.435898
vt -22.263783 -42.307693
vt -22.263775 -44.871788
vt -22.263781 -39.743587
vt -22.263779 -37.179485
vt -22.263775 -34.615379
vt -22.263781 -32.051281
vt -22.263784 -29.487183
vt -22.263781 -24.358976
vt -22.263779 -26.923077
vt -22.263779 -21.794868
vt -22.263775 -19.230766
vt -22.263779 -16.666666
vt -22.263777 -14.102564
vt -22.263783 -11.538462
vt -22.263779 -8.974360
vt -22.263783 -6.410256
vt -22.263779 -3.846154
vt -22.263777 -1.282051
vt -22.263781 1.282051
vt -22.263781 3.846154
vt -22.263781 6.410257
vt -22.263781 8.974360
vt -22.263783 14.102566
vt -22.263784 11.538465
vt -22.263784 16.666670
vt -22.263783 19.230770
vt -22.263784 24.358980
vt -22.263775 21.794870
vt -22.263781 29.487179
vt -22.263783 26.923079
vt -22.263781 32.051281
vt -22.263783 34.615387
vt -22.263781 37.179493
vt -22.263783 42.307690
vt -22.263775 39.743584
vt -22.263773 44.871780
vt -22.263786 47.435913
vt -23.799219 50.000011
vt -20.728344 -49.999992
vt -20.728344 -47.435894
vt -20.728346 -42.307693
vt -20.728346 -44.871796
vt -20.728346 -39.743587
vt -20.728344 -37.179482
vt -20.728348 -34.615387
vt -20.728346 -32.051277
vt -20.728344 -26.923075
vt -20.728346 -29.487179
vt -20.728344 -24.358974
vt -20.728344 -21.794868
vt -20.728348 -19.230770
vt -20.728344 -16.666666
vt -20.728352 -14.102568
vt -20.728348 -11.538464
vt -20.728350 -8.974361
vt -20.728344 -6.410256
vt -20.728348 -3.846155
vt -20.728346 -1.282051
vt -20.728350 1.282051
vt -20.728346 3.846154
vt -20.728348 6.410256
vt -20.728344 8.974360
vt -20.728344 11.538462
vt -20.728348 14.102564
vt -20.728346 16.666668
vt -20.728340 21.794868
vt -20.728344 19.230770
vt -20.728352 24.358982
vt -20.728348 26.923082
vt -20.728346 29.487179
vt -20.728348 32.051285
vt -20.728346 34.615383
vt -20.728346 37.179489
vt -20.728346 42.307693
vt -20.728346 39.743591
vt -20.728346 44.871784
vt -20.728346 47.435898
vt -22.263779 50.000000
vt -19.192913 -47.435894
vt -19.192913 -50.000000
vt -19.192913 -42.307693
vt -19.192913 -44.871807
vt -19.192913 -39.743584
vt -19.192913 -37.179485
vt -19.192913 -34.615387
vt -19.192913 -32.051281
vt -19.192913 -26.923080
vt -19.192913 -29.487179
vt -19.192913 -24.358974
vt -19.192909 -21.794865
vt -19.192911 -19.230770
vt -19.192911 -16.666668
vt -19.192913 -14.102562
vt -19.192913 -11.538462
vt -19.192913 -8.974360
vt -19.192913 -6.410256
vt -19.192909 -3.846154
vt -19.192913 -1.282052
vt -19.192913 1.282051
vt -19.192919 3.846155
vt -19.192913 6.410257
vt -19.192917 8.974361
vt -19.192917 11.538464
vt -19.192911 14.102562
vt -19.192917 19.230772
vt -19.192917 16.666668
vt -19.192911 21.794872
vt -19.192913 26.923077
vt -19.192917 24.358976
vt -19.192915 29.487186
vt -19.192913 32.051281
vt -19.192913 34.615383
vt -19.192913 37.179485
vt -19.192913 42.307686
vt -19.192911 39.743587
vt -19.192913 44.871796
vt -19.192913 47.435898
vt -20.728346 50.000000
vt -17.657480 -47.435898
vt -17.657484 -50.000015
vt -17.657486 -44.871796
vt -17.657482 -39.743587
vt -17.657480 -42.307693
vt -17.657478 -37.179485
vt -17.657478 -34.615383
vt -17.657475 -32.051277
vt -17.657482 -29.487183
vt -17.657480 -26.923077
vt -17.657480 -21.794872
vt -17.657482 -24.358974
vt -17.657478 -19.230770
vt -17.657478 -16.666668
vt -17.657478 -11.538462
vt -17.657482 -14.102566
vt -17.657478 -8.974359
vt -17.657484 -6.410258
vt -17.657484 -3.846155
vt -17.657482 -1.282052
vt -17.657478 1.282051
vt -17.657478 3.846153
vt -17.657484 6.410256
vt -17.657482 8.974360
vt -17.657482 11.538462
vt -17.657480 14.102563
vt -17.657482 16.666668
vt -17.657480 21.794872
vt -17.657480 19.230770
vt -17.657482 24.358974
vt -17.657475 26.923077
vt -17.657480 29.487179
vt -17.657480 32.051281
vt -17.657480 34.615387
vt -17.657480 39.743591
vt -17.657480 37.179485
vt -17.657480 42.307693
vt -17.657478 44.871796
vt -17.657480 50.000000
vt -17.657478 47.435890
vt -16.122047 -50.000000
vt -16.122047 -44.871796
vt -16.122047 -47.435917
vt -16.122047 -42.307701
vt -16.122047 -37.179485
vt -16.122049 -39.743591
vt -16.122047 -34.615383
vt -16.122047 -32.051285
vt -16.122042 -29.487167
vt -16.122047 -26.923077
vt -16.122047 -21.794872
vt -16.122047 -24.358974
vt -16.122047 -16.666668
vt -16.122047 -19.230770
vt -16.122047 -11.538462
vt -16.122047 -14.102563
vt -16.122047 -8.974360
vt -16.122047 -6.410256
vt -16.122047 -3.846154
vt -16.122047 -1.282051
vt -16.122044 1.282051
vt -16.122047 3.846154
vt -16.122044 6.410254
vt -16.122051 8.974360
vt -16.122046 11.538460
vt -16.122046 16.666668
vt -16.122047 14.102562
vt -16.122046 19.230768
vt -16.122044 21.794872
vt -16.122047 24.358973
vt -16.122051 26.923080
vt -16.122047 29.487179
vt -16.122046 32.051277
vt -16.122046 34.615383
vt -16.122047 39.743576
vt -16.122047 37.179485
vt -16.122047 42.307693
vt -16.122047 44.871796
vt -16.122047 50.000000
vt -16.122047 47.435905
vt -14.586615 -50.000000
vt -14.586617 -44.871807
vt -14.586613 -47.435898
vt -14.586614 -42.307693
vt -14.586615 -39.743587
vt -14.586614 -34.615383
vt -14.586613 -37.179485
vt -14.586614 -29.487179
vt -14.586616 -32.051281
vt -14.586611 -26.923075
vt -14.586614 -21.794872
vt -14.586619 -24.358986
vt -14.586615 -19.230770
vt -14.586613 -14.102563
vt -14.586614 -16.666668
vt -14.586613 -11.538462
vt -14.586614 -8.974360
vt -14.586617 -6.410257
vt -14.586617 -3.846154
vt -14.586617 -1.282051
vt -14.586613 1.282051
vt -14.586614 3.846154
vt -14.586614 6.410257
vt -14.586615 11.538463
vt -14.586615 8.974360
vt -14.586613 14.102564
vt -14.586613 16.666666
vt -14.586613 19.230770
vt -14.586613 21.794872
vt -14.586614 24.358974
vt -14.586610 26.923069
vt -14.586617 29.487186
vt -14.586612 32.051277
vt -14.586615 37.179485
vt -14.586611 34.615379
vt -14.586610 39.743584
vt -14.586613 42.307693
vt -14.586617 44.871796
vt -14.586614 50.000000
vt -14.586611 47.435886
vt -13.051181 -50.000000
vt -13.051184 -44.871796
vt -13.051179 -47.435898
vt -13.051181 -42.307693
vt -13.051178 -39.743576
vt -13.051181 -37.179482
vt -13.051181 -32.051277
vt -13.051186 -34.615395
vt -13.051180 -29.487179
vt -13.051180 -24.358971
vt -13.051184 -26.923084
vt -13.051181 -21.794872
vt -13.051183 -19.230770
vt -13.051180 -14.102564
vt -13.051179 -16.666668
vt -13.051179 -11.538460
vt -13.051180 -8.974358
vt -13.051178 -6.410255
vt -13.051181 -3.846154
vt -13.051179 -1.282051
vt -13.051181 1.282051
vt -13.051181 3.846154
vt -13.051182 6.410256
vt -13.051182 11.538464
vt -13.051180 8.974360
vt -13.051179 14.102562
vt -13.051183 16.666670
vt -13.051181 19.230770
vt -13.051181 24.358974
vt -13.051181 21.794874
vt -13.051184 26.923084
vt -13.051180 29.487179
vt -13.051180 34.615383
vt -13.051182 32.051292
vt -13.051180 37.179482
vt -13.051182 39.743587
vt -13.051185 42.307705
vt -13.051181 44.871796
vt -13.051181 50.000000
vt -13.051183 47.435898
vt -11.515747 -47.435894
vt -11.515747 -49.999989
vt -11.515745 -42.307693
vt -11.515747 -44.871784
vt -11.515748 -39.743587
vt -11.515743 -37.179474
vt -11.515753 -34.615395
vt -11.515753 -32.051292
vt -11.515749 -29.487179
vt -11.515749 -26.923077
vt -11.515745 -21.794867
vt -11.515748 -24.358976
vt -11.515750 -19.230770
vt -11.515750 -14.102570
vt -11.515748 -16.666668
vt -11.515750 -11.538462
vt -11.515749 -8.974360
vt -11.515748 -6.410256
vt -11.515749 -3.846154
vt -11.515747 -1.282051
vt -11.515745 1.282051
vt -11.515747 3.846154
vt -11.515745 6.410256
vt -11.515748 11.538462
vt -11.515746 8.974360
vt -11.515747 14.102563
vt -11.515748 16.666668
vt -11.515749 19.230770
vt -11.515751 21.794874
vt -11.515749 26.923080
vt -11.515749 24.358976
vt -11.515748 29.487179
vt -11.515747 34.615383
vt -11.515748 32.051281
vt -11.515748 37.179485
vt -11.515748 39.743591
vt -11.515748 42.307693
vt -11.515749 47.435913
vt -11.515751 44.871796
vt -9.980314 -47.435898
vt -9.980314 -50.000000
vt -9.980314 -44.871796
vt -9.980314 -39.743587
vt -9.980314 -42.307693
vt -9.980314 -37.179482
vt -9.980315 -34.615383
vt -9.980314 -29.487179
vt -9.980311 -32.051281
vt -9.980314 -26.923077
vt -9.980311 -21.794868
vt -9.980314 -24.358969
vt -9.980314 -19.230770
vt -9.980314 -14.102564
vt -9.980314 -16.666668
vt -9.980314 -8.974359
vt -9.980312 -11.538460
vt -9.980314 -6.410257
vt -9.980314 -3.846154
vt -9.980312 -1.282051
vt -9.980317 1.282052
vt -9.980314 3.846154
vt -9.980314 6.410256
vt -9.980315 8.974358
vt -9.980314 11.538462
vt -9.980317 14.102568
vt -9.980314 19.230770
vt -9.980314 16.666668
vt -9.980314 21.794874
vt -9.980311 26.923069
vt -9.980317 24.358974
vt -9.980314 29.487179
vt -9.980314 32.051270
vt -9.980314 34.615379
vt -9.980314 37.179482
vt -9.980314 39.743591
vt -9.980314 42.307693
vt -9.980314 44.871796
vt -9.980314 47.435898
vt -11.515749 50.000000
vt -8.444882 -47.435898
vt -8.444882 -50.000000
vt -8.444882 -44.871796
vt -8.444880 -42.307686
vt -8.444882 -37.179485
vt -8.444881 -39.743584
vt -8.444882 -34.615383
vt -8.444882 -29.487179
vt -8.444883 -32.051285
vt -8.444881 -26.923077
vt -8.444882 -21.794874
vt -8.444882 -24.358974
vt -8.444881 -19.230770
vt -8.444885 -16.666672
vt -8.444881 -14.102561
vt -8.444883 -8.974360
vt -8.444882 -11.538462
vt -8.444881 -6.410256
vt -8.444880 -3.846153
vt -8.444883 -1.282051
vt -8.444883 1.282051
vt -8.444882 3.846154
vt -8.444881 6.410256
vt -8.444883 8.974361
vt -8.444882 11.538462
vt -8.444882 14.102564
vt -8.444882 19.230770
vt -8.444883 16.666668
vt -8.444883 21.794874
vt -8.444882 26.923077
vt -8.444881 24.358974
vt -8.444880 29.487167
vt -8.444882 32.051285
vt -8.444881 34.615383
vt -8.444882 37.179485
vt -8.444882 39.743587
vt -8.444882 42.307693
vt -8.444882 47.435902
vt -8.444882 44.871796
vt -9.980314 50.000000
vt -6.909450 -50.000000
vt -6.909449 -44.871796
vt -6.909447 -47.435883
vt -6.909449 -42.307693
vt -6.909448 -39.743587
vt -6.909451 -37.179489
vt -6.909449 -34.615383
vt -6.909451 -32.051292
vt -6.909450 -26.923077
vt -6.909451 -29.487186
vt -6.909448 -24.358973
vt -6.909449 -19.230770
vt -6.909450 -21.794872
vt -6.909451 -14.102568
vt -6.909450 -16.666668
vt -6.909450 -11.538462
vt -6.909449 -6.410256
vt -6.909450 -8.974360
vt -6.909448 -3.846154
vt -6.909449 -1.282051
vt -6.909449 1.282051
vt -6.909449 3.846154
vt -6.909450 6.410257
vt -6.909447 8.974356
vt -6.909449 11.538462
vt -6.909449 14.102564
vt -6.909449 16.666668
vt -6.909449 21.794872
vt -6.909448 19.230770
vt -6.909451 24.358974
vt -6.909449 26.923077
vt -6.909451 29.487186
vt -6.909449 32.051281
vt -6.909451 34.615383
vt -6.909447 37.179474
vt -6.909450 39.743587
vt -6.909449 42.307705
vt -6.909449 47.435898
vt -6.909447 44.871780
vt -8.444882 50.000000
vt -5.374016 -50.000011
vt -5.374017 -47.435913
vt -5.374016 -42.307693
vt -5.374016 -44.871807
vt -5.374016 -39.743587
vt -5.374016 -37.179485
vt -5.374016 -34.615379
vt -5.374015 -32.051281
vt -5.374016 -29.487181
vt -5.374016 -24.358974
vt -5.374016 -26.923077
vt -5.374014 -21.794872
vt -5.374016 -19.230770
vt -5.374016 -14.102564
vt -5.374016 -16.666670
vt -5.374016 -8.974360
vt -5.374016 -11.538463
vt -5.374016 -3.846154
vt -5.374016 -6.410256
vt -5.374016 -1.282051
vt -5.374016 1.282051
vt -5.374016 3.846154
vt -5.374016 6.410258
vt -5.374016 11.538462
vt -5.374016 8.974360
vt -5.374015 14.102561
vt -5.374015 16.666668
vt -5.374016 21.794874
vt -5.374017 19.230776
vt -5.374016 24.358973
vt -5.374016 26.923077
vt -5.374015 29.487175
vt -5.374016 32.051281
vt -5.374016 34.615387
vt -5.374016 37.179485
vt -5.374017 39.743599
vt -5.374015 44.871796
vt -5.374016 42.307693
vt -5.374016 47.435898
vt -6.909451 50.000000
vt -3.838583 -47.435898
vt -3.838583 -50.000000
vt -3.838583 -44.871796
vt -3.838583 -39.743591
vt -3.838583 -42.307693
vt -3.838582 -37.179474
vt -3.838583 -34.615383
vt -3.838582 -29.487179
vt -3.838583 -32.051277
vt -3.838583 -26.923077
vt -3.838583 -24.358982
vt -3.838583 -19.230770
vt -3.838582 -21.794870
vt -3.838583 -16.666668
vt -3.838583 -11.538461
vt -3.838582 -14.102564
vt -3.838583 -8.974360
vt -3.838583 -6.410257
vt -3.838583 -1.282051
vt -3.838582 -3.846154
vt -3.838583 1.282051
vt -3.838583 6.410256
vt -3.838583 3.846154
vt -3.838583 8.974359
vt -3.838583 11.538461
vt -3.838583 14.102564
vt -3.838582 16.666662
vt -3.838583 21.794876
vt -3.838583 19.230770
vt -3.838582 24.358974
vt -3.838583 26.923084
vt -3.838583 29.487181
vt -3.838583 32.051277
vt -3.838582 34.615383
vt -3.838583 37.179485
vt -3.838583 39.743587
vt -3.838583 44.871796
vt -3.838583 42.307690
vt -3.838583 47.435898
vt -5.374016 50.000000
vt -2.303149 -47.435886
vt -2.303150 -50.000000
vt -2.303150 -44.871796
vt -2.303150 -39.743591
vt -2.303150 -42.307693
vt -2.303150 -37.179489
vt -2.303150 -34.615395
vt -2.303150 -29.487175
vt -2.303150 -32.051281
vt -2.303150 -24.358980
vt -2.303149 -26.923069
vt -2.303150 -19.230772
vt -2.303150 -21.794876
vt -2.303150 -16.666670
vt -2.303150 -14.102564
vt -2.303150 -11.538462
vt -2.303150 -6.410256
vt -2.303150 -8.974360
vt -2.303150 -1.282051
vt -2.303150 -3.846154
vt -2.303150 1.282051
vt -2.303150 3.846154
vt -2.303150 6.410256
vt -2.303150 8.974360
vt -2.303150 11.538465
vt -2.303149 14.102564
vt -2.303150 16.666668
vt -2.303150 19.230770
vt -2.303150 24.358980
vt -2.303150 21.794878
vt -2.303150 26.923077
vt -2.303150 29.487186
vt -2.303150 32.051285
vt -2.303150 34.615387
vt -2.303150 37.179482
vt -2.303150 42.307693
vt -2.303149 39.743587
vt -2.303150 44.871796
vt -2.303150 47.435898
vt -3.838583 50.000000
vt -0.767717 -47.435902
vt -0.767717 -50.000000
vt -0.767716 -44.871784
vt -0.767717 -39.743591
vt -0.767717 -42.307690
vt -0.767717 -37.179485
vt -0.767717 -34.615387
vt -0.767717 -32.051289
vt -0.767717 -29.487173
vt -0.767717 -26.923080
vt -0.767717 -24.358976
vt -0.767717 -21.794878
vt -0.767717 -19.230770
vt -0.767717 -16.666668
vt -0.767717 -11.538461
vt -0.767716 -14.102562
vt -0.767717 -6.410256
vt -0.767716 -8.974360
vt -0.767717 -1.282051
vt -0.767717 -3.846154
vt -0.767717 1.282052
vt -0.767716 6.410255
vt -0.767717 3.846153
vt -0.767717 8.974360
vt -0.767717 14.102568
vt -0.767717 11.538465
vt -0.767716 19.230770
vt -0.767716 16.666662
vt -0.767717 24.358976
vt -0.767716 21.794872
vt -0.767717 29.487179
vt -0.767717 26.923082
vt -0.767716 32.051281
vt -0.767716 34.615383
vt -0.767717 37.179485
vt -0.767717 42.307693
vt -0.767717 39.743587
vt -0.767716 44.871780
vt -0.767717 47.435898
vt -2.303150 50.000000
vt 0.767717 -47.435905
vt 0.767717 -50.000011
vt 0.767717 -44.871803
vt 0.767717 -39.743587
vt 0.767716 -42.307671
vt 0.767717 -37.179485
vt 0.767717 -34.615387
vt 0.767716 -32.051277
vt 0.767717 -29.487185
vt 0.767717 -26.923079
vt 0.767717 -24.358974
vt 0.767717 -21.794872
vt 0.767717 -19.230772
vt 0.767717 -16.666668
vt 0.767717 -14.102564
vt 0.767716 -11.538462
vt 0.767717 -6.410256
vt 0.767717 -8.974360
vt 0.767717 -3.846154
vt 0.767717 1.282051
vt 0.767717 -1.282052
vt 0.767717 6.410256
vt 0.767717 3.846154
vt 0.767716 8.974359
vt 0.767717 11.538462
vt 0.767717 16.666668
vt 0.767717 14.102564
vt 0.767717 21.794876
vt 0.767717 19.230770
vt 0.767717 24.358980
vt 0.767717 26.923077
vt 0.767716 32.051281
vt 0.767717 29.487179
vt 0.767717 34.615383
vt 0.767716 37.179482
vt 0.767716 42.307693
vt 0.767717 39.743591
vt 0.767716 44.871780
vt 0.767717 47.435905
vt -0.767717 50.000000
vt 2.303150 -50.000011
vt 2.303150 -47.435898
vt 2.303150 -44.871796
vt 2.303149 -39.743587
vt 2.303150 -42.307693
vt 2.303149 -37.179482
vt 2.303150 -34.615387
vt 2.303150 -32.051277
vt 2.303149 -29.487179
vt 2.303149 -26.923071
vt 2.303150 -24.358976
vt 2.303150 -21.794876
vt 2.303149 -19.230770
vt 2.303150 -16.666666
vt 2.303150 -14.102564
vt 2.303150 -11.538463
vt 2.303150 -8.974360
vt 2.303150 -6.410256
vt 2.303150 -3.846154
vt 2.303150 1.282051
vt 2.303149 -1.282051
vt 2.303150 6.410256
vt 2.303150 3.846154
vt 2.303149 8.974360
vt 2.303150 14.102564
vt 2.303150 11.538462
vt 2.303150 16.666666
vt 2.303149 19.230764
vt 2.303150 21.794872
vt 2.303150 26.923069
vt 2.303150 24.358976
vt 2.303150 29.487181
vt 2.303150 34.615387
vt 2.303150 32.051292
vt 2.303150 37.179485
vt 2.303150 42.307693
vt 2.303150 39.743591
vt 2.303150 44.871796
vt 2.303150 47.435898
vt 0.767717 50.000000
vt 3.838583 -50.000000
vt 3.838582 -47.435898
vt 3.838583 -44.871796
vt 3.838582 -39.743584
vt 3.838583 -42.307693
vt 3.838583 -37.179489
vt 3.838582 -34.615376
vt 3.838583 -32.051289
vt 3.838582 -29.487179
vt 3.838583 -26.923079
vt 3.838583 -24.358974
vt 3.838584 -21.794872
vt 3.838582 -19.230770
vt 3.838583 -16.666668
vt 3.838582 -14.102563
vt 3.838583 -11.538460
vt 3.838582 -8.974360
vt 3.838583 -3.846154
vt 3.838583 -6.410256
vt 3.838581 1.282051
vt 3.838583 -1.282051
vt 3.838583 3.846154
vt 3.838583 6.410256
vt 3.838583 8.974360
vt 3.838583 14.102564
vt 3.838583 11.538462
vt 3.838582 16.666668
vt 3.838583 19.230770
vt 3.838583 21.794878
vt 3.838584 24.358984
vt 3.838583 26.923077
vt 3.838582 29.487179
vt 3.838583 32.051281
vt 3.838583 34.615383
vt 3.838583 37.179489
vt 3.838583 42.307686
vt 3.838582 39.743587
vt 3.838583 44.871792
vt 3.838583 47.435898
vt 2.303150 50.000011
vt 5.374016 -50.000000
vt 5.374016 -47.435898
vt 5.374016 -44.871796
vt 5.374016 -39.743584
vt 5.374016 -42.307690
vt 5.374016 -37.179482
vt 5.374016 -34.615387
vt 5.374016 -32.051281
vt 5.374016 -29.487179
vt 5.374016 -26.923079
vt 5.374018 -24.358976
vt 5.374015 -21.794872
vt 5.374016 -19.230772
vt 5.374015 -16.666666
vt 5.374015 -14.102562
vt 5.374016 -11.538462
vt 5.374016 -8.974358
vt 5.374016 -3.846154
vt 5.374018 -6.410256
vt 5.374016 -1.282051
vt 5.374016 1.282051
vt 5.374016 6.410256
vt 5.374015 3.846154
vt 5.374015 8.974360
vt 5.374016 14.102563
vt 5.374016 11.538465
vt 5.374018 16.666672
vt 5.374016 19.230770
vt 5.374016 21.794872
vt 5.374016 26.923082
vt 5.374015 24.358974
vt 5.374016 32.051281
vt 5.374016 29.487181
vt 5.374016 34.615383
vt 5.374016 37.179485
vt 5.374016 39.743587
vt 5.374016 42.307701
vt 5.374016 44.871788
vt 5.374016 47.435898
vt 3.838583 50.000000
vt 6.909451 -47.435905
vt 6.909450 -50.000000
vt 6.909449 -42.307686
vt 6.909449 -44.871796
vt 6.909449 -39.743591
vt 6.909450 -37.179489
vt 6.909449 -34.615379
vt 6.909449 -32.051289
vt 6.909449 -29.487179
vt 6.909450 -26.923082
vt 6.909449 -24.358971
vt 6.909450 -21.794872
vt 6.909450 -19.230770
vt 6.909450 -16.666668
vt 6.909449 -14.102564
vt 6.909448 -11.538462
vt 6.909450 -8.974360
vt 6.909449 -6.410257
vt 6.909449 -1.282051
vt 6.909449 -3.846154
vt 6.909450 1.282051
vt 6.909449 3.846153
vt 6.909449 6.410256
vt 6.909451 8.974360
vt 6.909449 11.538462
vt 6.909450 14.102564
vt 6.909448 19.230770
vt 6.909451 16.666668
vt 6.909449 21.794870
vt 6.909449 24.358974
vt 6.909449 29.487171
vt 6.909448 26.923071
vt 6.909449 34.615383
vt 6.909450 32.051281
vt 6.909447 37.179474
vt 6.909449 39.743587
vt 6.909449 42.307693
vt 6.909449 44.871807
vt 6.909450 47.435909
vt 5.374016 50.000000
vt 8.444882 -47.435898
vt 8.444882 -50.000000
vt 8.444882 -44.871796
vt 8.444882 -39.743587
vt 8.444883 -42.307697
vt 8.444882 -37.179478
vt 8.444883 -34.615391
vt 8.444882 -32.051281
vt 8.444882 -29.487183
vt 8.444882 -26.923077
vt 8.444882 -24.358976
vt 8.444881 -21.794872
vt 8.444883 -19.230772
vt 8.444881 -16.666668
vt 8.444884 -14.102565
vt 8.444882 -11.538462
vt 8.444882 -6.410255
vt 8.444885 -8.974361
vt 8.444882 -3.846154
vt 8.444882 -1.282051
vt 8.444881 1.282051
vt 8.444882 3.846153
vt 8.444882 8.974362
vt 8.444883 6.410258
vt 8.444881 11.538462
vt 8.444883 14.102564
vt 8.444882 19.230770
vt 8.444883 16.666668
vt 8.444882 21.794868
vt 8.444883 24.358974
vt 8.444881 29.487175
vt 8.444881 26.923077
vt 8.444880 32.051270
vt 8.444880 34.615379
vt 8.444883 39.743591
vt 8.444883 37.179485
vt 8.444881 42.307690
vt 8.444882 44.871796
vt 8.444882 47.435898
vt 6.909449 50.000000
vt 9.980314 -50.000000
vt 9.980314 -47.435898
vt 9.980314 -44.871792
vt 9.980314 -39.743584
vt 9.980313 -42.307693
vt 9.980314 -37.179485
vt 9.980313 -34.615379
vt 9.980315 -32.051285
vt 9.980312 -29.487173
vt 9.980312 -26.923071
vt 9.980314 -24.358974
vt 9.980313 -21.794872
vt 9.980312 -19.230770
vt 9.980314 -16.666672
vt 9.980314 -11.538462
vt 9.980315 -14.102564
vt 9.980314 -6.410256
vt 9.980314 -8.974360
vt 9.980314 -1.282051
vt 9.980314 -3.846154
vt 9.980314 1.282051
vt 9.980313 3.846153
vt 9.980314 6.410257
vt 9.980311 8.974360
vt 9.980314 14.102564
vt 9.980314 11.538461
vt 9.980314 16.666668
vt 9.980314 19.230770
vt 9.980314 21.794874
vt 9.980314 24.358974
vt 9.980314 26.923077
vt 9.980314 32.051281
vt 9.980314 29.487177
vt 9.980309 34.615364
vt 9.980314 37.179485
vt 9.980310 39.743576
vt 9.980316 44.871807
vt 9.980314 42.307693
vt 9.980311 47.435883
vt 8.444885 50.000011
vt 11.515747 -49.999989
vt 11.515747 -47.435898
vt 11.515748 -42.307693
vt 11.515749 -44.871799
vt 11.515749 -39.743595
vt 11.515746 -37.179478
vt 11.515748 -34.615372
vt 11.515747 -32.051277
vt 11.515749 -29.487179
vt 11.515748 -26.923079
vt 11.515748 -24.358973
vt 11.515750 -21.794880
vt 11.515749 -19.230770
vt 11.515751 -16.666672
vt 11.515749 -11.538464
vt 11.515748 -14.102564
vt 11.515749 -8.974360
vt 11.515746 -6.410256
vt 11.515748 -1.282051
vt 11.515747 -3.846154
vt 11.515745 1.282051
vt 11.515749 6.410256
vt 11.515749 3.846154
vt 11.515747 8.974360
vt 11.515746 14.102561
vt 11.515747 11.538462
vt 11.515749 16.666670
vt 11.515748 19.230766
vt 11.515747 21.794872
vt 11.515749 24.358974
vt 11.515747 26.923075
vt 11.515749 29.487179
vt 11.515748 32.051281
vt 11.515745 34.615379
vt 11.515748 37.179485
vt 11.515749 42.307693
vt 11.515747 39.743584
vt 11.515750 44.871803
vt 11.515743 47.435883
vt 9.980314 50.000000
vt 13.051180 -50.000000
vt 13.051181 -47.435898
vt 13.051179 -42.307693
vt 13.051182 -44.871796
vt 13.051180 -39.743591
vt 13.051182 -37.179485
vt 13.051182 -34.615379
vt 13.051183 -32.051285
vt 13.051180 -29.487179
vt 13.051183 -26.923080
vt 13.051182 -24.358974
vt 13.051180 -21.794870
vt 13.051182 -19.230770
vt 13.051181 -16.666668
vt 13.051182 -11.538462
vt 13.051184 -14.102564
vt 13.051181 -8.974359
vt 13.051182 -6.410255
vt 13.051181 -3.846154
vt 13.051181 1.282051
vt 13.051182 -1.282051
vt 13.051179 3.846154
vt 13.051183 8.974360
vt 13.051182 6.410256
vt 13.051181 11.538463
vt 13.051181 14.102564
vt 13.051182 16.666666
vt 13.051180 19.230768
vt 13.051179 21.794868
vt 13.051182 24.358974
vt 13.051180 26.923073
vt 13.051180 29.487177
vt 13.051179 32.051281
vt 13.051178 34.615379
vt 13.051181 37.179485
vt 13.051181 42.307693
vt 13.051183 39.743587
vt 13.051178 47.435886
vt 13.051180 44.871792
vt 11.515749 50.000000
vt 14.586617 -50.000023
vt 14.586610 -47.435886
vt 14.586612 -42.307693
vt 14.586614 -44.871796
vt 14.586612 -39.743584
vt 14.586614 -37.179485
vt 14.586613 -34.615383
vt 14.586614 -32.051281
vt 14.586613 -29.487179
vt 14.586616 -26.923077
vt 14.586615 -24.358976
vt 14.586613 -21.794872
vt 14.586616 -19.230774
vt 14.586617 -16.666670
vt 14.586614 -14.102565
vt 14.586615 -11.538462
vt 14.586615 -8.974360
vt 14.586614 -3.846154
vt 14.586612 -6.410256
vt 14.586613 -1.282051
vt 14.586613 3.846154
vt 14.586612 1.282051
vt 14.586611 6.410254
vt 14.586615 11.538462
vt 14.586616 8.974360
vt 14.586611 14.102563
vt 14.586614 16.666668
vt 14.586609 19.230770
vt 14.586617 21.794872
vt 14.586613 24.358974
vt 14.586614 26.923080
vt 14.586616 29.487181
vt 14.586614 32.051285
vt 14.586616 37.179485
vt 14.586614 34.615383
vt 14.586614 39.743587
vt 14.586614 42.307693
vt 14.586611 47.435898
vt 14.586615 44.871796
vt 13.051182 50.000008
vt 16.122047 -47.435898
vt 16.122047 -50.000000
vt 16.122047 -44.871796
vt 16.122047 -42.307693
vt 16.122051 -39.743591
vt 16.122047 -37.179493
vt 16.122047 -34.615383
vt 16.122044 -32.051281
vt 16.122047 -29.487179
vt 16.122051 -26.923080
vt 16.122044 -24.358974
vt 16.122047 -21.794874
vt 16.122044 -19.230770
vt 16.122047 -16.666670
vt 16.122049 -14.102566
vt 16.122047 -8.974360
vt 16.122042 -11.538458
vt 16.122051 -6.410258
vt 16.122046 -1.282051
vt 16.122044 -3.846153
vt 16.122047 1.282051
vt 16.122047 3.846154
vt 16.122047 6.410256
vt 16.122049 11.538465
vt 16.122047 8.974360
vt 16.122049 14.102563
vt 16.122047 16.666668
vt 16.122047 19.230766
vt 16.122047 21.794872
vt 16.122047 24.358973
vt 16.122047 26.923075
vt 16.122047 32.051281
vt 16.122049 29.487179
vt 16.122049 37.179489
vt 16.122051 34.615387
vt 16.122047 39.743587
vt 16.122051 42.307709
vt 16.122047 44.871792
vt 16.122049 47.435898
vt 14.586614 50.000000
vt 17.657480 -47.435898
vt 17.657480 -50.000000
vt 17.657482 -44.871799
vt 17.657482 -42.307693
vt 17.657478 -39.743587
vt 17.657475 -37.179482
vt 17.657480 -34.615387
vt 17.657478 -32.051277
vt 17.657482 -29.487181
vt 17.657478 -26.923075
vt 17.657480 -24.358976
vt 17.657478 -21.794872
vt 17.657482 -19.230770
vt 17.657478 -16.666668
vt 17.657478 -14.102563
vt 17.657478 -11.538462
vt 17.657480 -8.974360
vt 17.657482 -3.846155
vt 17.657480 -6.410256
vt 17.657486 1.282051
vt 17.657480 -1.282051
vt 17.657480 6.410256
vt 17.657480 3.846154
vt 17.657478 8.974360
vt 17.657478 11.538460
vt 17.657480 14.102564
vt 17.657480 16.666670
vt 17.657480 19.230770
vt 17.657482 21.794872
vt 17.657482 24.358976
vt 17.657482 26.923080
vt 17.657478 32.051281
vt 17.657480 29.487179
vt 17.657482 34.615391
vt 17.657480 39.743584
vt 17.657482 37.179485
vt 17.657486 42.307705
vt 17.657480 44.871796
vt 17.657486 47.435913
vt 16.122047 50.000000
vt 19.192921 -47.435921
vt 19.192913 -50.000000
vt 19.192917 -44.871803
vt 19.192913 -42.307693
vt 19.192913 -39.743587
vt 19.192913 -37.179489
vt 19.192913 -34.615391
vt 19.192911 -32.051281
vt 19.192917 -29.487181
vt 19.192917 -26.923080
vt 19.192907 -24.358971
vt 19.192917 -21.794876
vt 19.192913 -19.230770
vt 19.192913 -16.666668
vt 19.192913 -14.102565
vt 19.192915 -8.974360
vt 19.192917 -11.538462
vt 19.192913 -6.410257
vt 19.192913 -1.282051
vt 19.192911 -3.846153
vt 19.192913 1.282051
vt 19.192913 6.410258
vt 19.192913 3.846153
vt 19.192913 8.974361
vt 19.192911 11.538461
vt 19.192915 14.102564
vt 19.192915 16.666668
vt 19.192913 19.230770
vt 19.192915 21.794874
vt 19.192915 24.358976
vt 19.192913 29.487181
vt 19.192911 26.923075
vt 19.192913 32.051285
vt 19.192913 34.615383
vt 19.192913 39.743591
vt 19.192913 37.179482
vt 19.192913 42.307693
vt 19.192913 44.871796
vt 19.192919 47.435898
vt 17.657482 50.000000
vt 20.728344 -47.435898
vt 20.728346 -50.000000
vt 20.728344 -44.871796
vt 20.728352 -42.307701
vt 20.728340 -39.743576
vt 20.728346 -37.179482
vt 20.728346 -34.615383
vt 20.728344 -32.051277
vt 20.728340 -29.487171
vt 20.728344 -26.923077
vt 20.728350 -24.358974
vt 20.728346 -21.794874
vt 20.728344 -19.230768
vt 20.728346 -16.666668
vt 20.728340 -14.102562
vt 20.728348 -8.974360
vt 20.728346 -11.538461
vt 20.728352 -6.410256
vt 20.728352 -3.846154
vt 20.728344 -1.282051
vt 20.728346 3.846154
vt 20.728346 1.282051
vt 20.728346 6.410256
vt 20.728340 8.974360
vt 20.728344 11.538461
vt 20.728346 14.102564
vt 20.728344 16.666662
vt 20.728350 19.230770
vt 20.728352 21.794874
vt 20.728346 24.358974
vt 20.728344 26.923071
vt 20.728346 29.487181
vt 20.728344 34.615379
vt 20.728342 32.051270
vt 20.728346 39.743587
vt 20.728346 37.179478
vt 20.728348 42.307693
vt 20.728340 44.871796
vt 20.728346 47.435902
vt 19.192913 50.000000
vt 22.263784 -47.435902
vt 22.263779 -50.000000
vt 22.263784 -44.871796
vt 22.263781 -42.307693
vt 22.263783 -39.743591
vt 22.263781 -37.179485
vt 22.263783 -34.615383
vt 22.263781 -32.051285
vt 22.263786 -29.487186
vt 22.263781 -26.923075
vt 22.263779 -24.358974
vt 22.263781 -21.794868
vt 22.263781 -19.230770
vt 22.263783 -16.666668
vt 22.263779 -14.102564
vt 22.263781 -8.974360
vt 22.263784 -11.538462
vt 22.263784 -6.410256
vt 22.263777 -1.282051
vt 22.263781 -3.846154
vt 22.263783 1.282051
vt 22.263784 3.846155
vt 22.263784 6.410257
vt 22.263783 8.974360
vt 22.263781 11.538462
vt 22.263777 14.102564
vt 22.263775 16.666668
vt 22.263783 19.230770
vt 22.263779 24.358973
vt 22.263775 21.794868
vt 22.263781 26.923082
vt 22.263779 29.487177
vt 22.263777 32.051273
vt 22.263779 34.615383
vt 22.263781 37.179489
vt 22.263786 42.307705
vt 22.263781 39.743587
vt 22.263781 44.871799
vt 22.263779 47.435898
vt 20.728346 50.000000
vt 23.799213 -47.435898
vt 23.799213 -50.000000
vt 23.799217 -44.871799
vt 23.799213 -42.307690
vt 23.799212 -39.743584
vt 23.799213 -37.179482
vt 23.799210 -34.615379
vt 23.799212 -32.051281
vt 23.799217 -29.487183
vt 23.799213 -26.923075
vt 23.799213 -24.358976
vt 23.799215 -21.794874
vt 23.799212 -19.230768
vt 23.799217 -16.666668
vt 23.799213 -11.538462
vt 23.799212 -14.102564
vt 23.799213 -8.974359
vt 23.799213 -3.846153
vt 23.799213 -6.410256
vt 23.799219 -1.282052
vt 23.799213 1.282051
vt 23.799210 3.846153
vt 23.799213 6.410256
vt 23.799213 8.974360
vt 23.799213 11.538462
vt 23.799213 14.102565
vt 23.799215 16.666668
vt 23.799210 21.794872
vt 23.799210 19.230770
vt 23.799213 24.358974
vt 23.799213 26.923079
vt 23.799213 29.487179
vt 23.799213 32.051281
vt 23.799212 34.615376
vt 23.799213 37.179482
vt 23.799215 42.307697
vt 23.799212 39.743587
vt 23.799213 44.871796
vt 23.799213 47.435886
vt 22.263781 50.000000
vt 25.334644 -47.435894
vt 25.334644 -50.000000
vt 25.334642 -44.871788
vt 25.334644 -42.307697
vt 25.334644 -39.743591
vt 25.334644 -37.179485
vt 25.334648 -34.615387
vt 25.334644 -32.051277
vt 25.334646 -29.487175
vt 25.334650 -26.923080
vt 25.334644 -24.358976
vt 25.334648 -21.794872
vt 25.334642 -19.230768
vt 25.334642 -16.666668
vt 25.334641 -11.538462
vt 25.334644 -14.102564
vt 25.334644 -6.410254
vt 25.334644 -8.974360
vt 25.334652 -3.846155
vt 25.334646 -1.282051
vt 25.334650 1.282051
vt 25.334637 3.846153
vt 25.334648 6.410257
vt 25.334644 8.974360
vt 25.334648 11.538464
vt 25.334644 14.102563
vt 25.334646 16.666668
vt 25.334644 21.794872
vt 25.334646 19.230772
vt 25.334642 24.358971
vt 25.334644 26.923077
vt 25.334644 29.487181
vt 25.334642 34.615383
vt 25.334652 32.051292
vt 25.334644 37.179489
vt 25.334646 39.743591
vt 25.334644 42.307693
vt 25.334642 44.871792
vt 25.334650 47.435909
vt 23.799213 50.000000
vt 26.870079 -50.000000
vt 26.870079 -47.435890
vt 26.870075 -44.871796
vt 26.870075 -42.307693
vt 26.870073 -39.743587
vt 26.870075 -37.179482
vt 26.870075 -34.615383
vt 26.870077 -32.051285
vt 26.870079 -29.487183
vt 26.870075 -26.923071
vt 26.870075 -24.358973
vt 26.870077 -21.794870
vt 26.870075 -19.230768
vt 26.870075 -16.666668
vt 26.870070 -14.102561
vt 26.870073 -8.974360
vt 26.870085 -11.538464
vt 26.870077 -3.846154
vt 26.870077 -6.410256
vt 26.870077 -1.282051
vt 26.870075 1.282051
vt 26.870077 3.846154
vt 26.870073 6.410255
vt 26.870073 8.974360
vt 26.870075 11.538462
vt 26.870075 14.102563
vt 26.870083 19.230778
vt 26.870075 16.666668
vt 26.870071 21.794868
vt 26.870075 24.358971
vt 26.870079 26.923077
vt 26.870077 29.487175
vt 26.870079 32.051285
vt 26.870079 34.615387
vt 26.870071 37.179482
vt 26.870073 39.743587
vt 26.870073 42.307693
vt 26.870071 44.871784
vt 26.870079 50.000000
vt 26.870087 47.435905
vt 28.405514 -50.000000
vt 28.405514 -47.435905
vt 28.405510 -44.871796
vt 28.405514 -42.307693
vt 28.405508 -39.743584
vt 28.405512 -37.179485
vt 28.405514 -34.615383
vt 28.405518 -32.051289
vt 28.405514 -26.923080
vt 28.405516 -29.487181
vt 28.405514 -24.358974
vt 28.405512 -21.794874
vt 28.405514 -19.230770
vt 28.405504 -16.666668
vt 28.405512 -14.102564
vt 28.405512 -8.974360
vt 28.405510 -11.538462
vt 28.405506 -6.410256
vt 28.405512 -3.846154
vt 28.405510 -1.282051
vt 28.405514 1.282051
vt 28.405506 3.846153
vt 28.405512 6.410256
vt 28.405504 8.974358
vt 28.405510 11.538461
vt 28.405514 14.102566
vt 28.405510 19.230770
vt 28.405516 16.666670
vt 28.405512 21.794874
vt 28.405508 24.358973
vt 28.405508 26.923073
vt 28.405510 29.487177
vt 28.405510 32.051277
vt 28.405518 34.615383
vt 28.405508 39.743587
vt 28.405510 37.179482
vt 28.405518 42.307697
vt 28.405506 44.871796
vt 28.405512 50.000000
vt 28.405516 47.435898
vt 29.940945 -50.000000
vt 29.940947 -47.435898
vt 29.940943 -44.871796
vt 29.940950 -42.307701
vt 29.940945 -39.743584
vt 29.940945 -37.179482
vt 29.945559 -34.606274
vt 29.935963 -32.004734
vt 29.935640 -29.454184
vt 29.940945 -26.923077
vt 29.940945 -24.358974
vt 29.940943 -21.794872
vt 29.940947 -19.230770
vt 29.940945 -16.666672
vt 29.940947 -14.102564
vt 29.940945 -8.974360
vt 29.940945 -11.538462
vt 29.940937 -6.410254
vt 29.940945 -1.282051
vt 29.940945 -3.846154
vt 29.940948 1.282051
vt 29.940945 3.846154
vt 29.940941 6.410256
vt 29.940943 8.974360
vt 29.940948 11.538464
vt 29.940948 14.102565
vt 29.940952 19.230774
vt 29.940945 16.666668
vt 29.940945 21.794872
vt 29.940948 24.358978
vt 29.940945 26.923077
vt 29.940943 29.487175
vt 29.940937 32.051281
vt 29.940945 34.615379
vt 29.940945 37.179485
vt 29.940945 42.307693
vt 29.940941 39.743580
vt 29.940945 44.871799
vt 29.940945 47.435902
vt 31.476385 -50.000000
vt 31.476376 -44.871788
vt 31.476381 -47.435905
vt 31.476379 -42.307693
vt 31.476381 -39.743587
vt 31.538473 -37.143337
vt 31.734316 -34.640400
vt 31.615759 -32.034496
vt 31.404747 -29.308130
vt 31.465929 -26.881107
vt 31.476387 -24.358978
vt 31.476385 -21.794876
vt 31.476377 -19.230770
vt 31.476381 -16.666668
vt 31.476379 -11.538462
vt 31.476387 -14.102566
vt 31.476379 -6.410256
vt 31.476385 -8.974361
vt 31.476379 -1.282051
vt 31.476379 -3.846154
vt 31.476379 1.282051
vt 31.476381 3.846154
vt 31.476381 6.410256
vt 31.476379 8.974359
vt 31.476376 11.538462
vt 31.476379 14.102561
vt 31.476379 16.666666
vt 31.476379 21.794872
vt 31.476381 19.230772
vt 31.476383 24.358974
vt 31.476379 26.923077
vt 31.476372 29.487171
vt 31.476389 32.051285
vt 31.476379 34.615391
vt 31.476379 37.179489
vt 31.476379 42.307693
vt 31.476385 39.743587
vt 31.476379 44.871796
vt 31.476377 47.435898
vt 29.940950 50.000011
vt 33.011810 -50.000000
vt 33.011810 -44.871799
vt 33.011799 -47.435890
vt 33.011810 -42.307693
vt 33.023277 -39.719955
vt 33.463760 -36.816139
vt 33.747242 -34.944740
vt 33.698139 -32.408222
vt 32.860291 -29.230217
vt 32.967331 -26.785521
vt 33.011810 -24.358974
vt 33.011818 -21.794880
vt 33.011810 -19.230774
vt 33.011810 -16.666668
vt 33.011806 -11.538461
vt 33.011806 -14.102562
vt 33.011810 -8.974360
vt 33.011810 -3.846154
vt 33.011810 -6.410256
vt 33.011810 1.282051
vt 33.011799 -1.282051
vt 33.011810 3.846154
vt 33.011810 6.410256
vt 33.011814 8.974360
vt 33.011806 11.538461
vt 33.011810 14.102564
vt 33.011810 19.230770
vt 33.011810 16.666668
vt 33.011810 21.794872
vt 33.011810 24.358978
vt 33.011810 26.923077
vt 33.011810 29.487179
vt 33.011810 32.051277
vt 33.011818 34.615387
vt 33.011810 37.179482
vt 33.011818 42.307693
vt 33.011803 39.743576
vt 33.011822 44.871799
vt 33.011810 47.435898
vt 31.476379 50.000000
vt 34.547249 -50.000000
vt 34.547245 -44.871796
vt 34.547249 -47.435898
vt 34.547245 -42.307697
vt 34.585159 -39.446014
vt 34.856003 -35.849503
vt 35.257244 -32.734478
vt 35.340229 -35.356571
vt 34.750664 -30.096090
vt 34.487785 -26.837412
vt 34.547241 -24.358974
vt 34.547253 -21.794874
vt 34.547245 -19.230770
vt 34.547249 -16.666668
vt 34.547249 -14.102564
vt 34.547249 -11.538462
vt 34.547256 -8.974360
vt 34.547234 -6.410255
vt 34.547241 -3.846153
vt 34.547241 1.282051
vt 34.547245 -1.282051
vt 34.547249 3.846154
vt 34.547245 6.410256
vt 34.547245 8.974360
vt 34.547241 14.102563
vt 34.547249 11.538465
vt 34.547241 16.666668
vt 34.547249 19.230770
vt 34.547245 21.794872
vt 34.547245 24.358976
vt 34.547241 26.923077
vt 34.547245 29.487179
vt 34.547249 32.051285
vt 34.547249 34.615383
vt 34.547245 37.179485
vt 34.547245 39.743591
vt 34.547245 42.307682
vt 34.547245 44.871796
vt 34.547245 47.435898
vt 34.547241 49.999989
vt 36.082680 -50.000000
vt 36.082680 -47.435898
vt 36.082680 -42.307705
vt 36.082687 -44.871796
vt 36.159485 -39.346256
vt 36.115536 -35.675285
vt 35.975452 -35.310631
vt 36.165150 -30.029280
vt 35.992516 -32.656639
vt 36.082684 -24.358978
vt 36.066643 -26.856878
vt 36.082680 -21.794872
vt 36.082676 -19.230770
vt 36.082680 -16.666668
vt 36.082684 -14.102565
vt 36.082680 -8.974360
vt 36.082680 -11.538461
vt 36.082680 -6.410256
vt 36.082691 -3.846155
vt 36.082684 -1.282051
vt 36.082680 1.282051
vt 36.082684 3.846154
vt 36.082680 6.410256
vt 36.082680 8.974360
vt 36.082676 14.102564
vt 36.082680 11.538463
vt 36.082680 16.666668
vt 36.082680 19.230770
vt 36.082676 21.794872
vt 36.082680 24.358974
vt 36.082680 26.923073
vt 36.082680 29.487179
vt 36.082680 32.051285
vt 36.082680 34.615383
vt 36.082680 37.179485
vt 36.082680 39.743584
vt 36.082672 42.307682
vt 36.082680 44.871796
vt 36.082680 47.435898
vt 36.082680 50.000000
vt 37.618111 -47.435898
vt 37.618111 -50.000000
vt 37.618107 -42.307690
vt 37.618111 -44.871792
vt 37.753929 -39.404808
vt 37.393799 -35.767170
vt 37.511311 -35.322365
vt 37.528328 -32.616135
vt 37.679214 -29.884956
vt 37.618111 -24.358974
vt 37.609398 -26.892988
vt 37.618099 -21.794870
vt 37.618111 -19.230766
vt 37.618103 -16.666670
vt 37.618111 -11.538462
vt 37.618107 -14.102564
vt 37.618099 -8.974357
vt 37.618111 -6.410256
vt 37.618111 -3.846154
vt 37.618111 1.282051
vt 37.618111 -1.282051
vt 37.618111 3.846154
vt 37.618111 6.410256
vt 37.618107 8.974359
vt 37.618111 14.102566
vt 37.618111 11.538463
vt 37.618111 16.666668
vt 37.618111 19.230770
vt 37.618111 21.794872
vt 37.618111 24.358973
vt 37.618114 26.923079
vt 37.618114 29.487181
vt 37.618107 32.051285
vt 37.618103 34.615372
vt 37.618111 37.179482
vt 37.618103 39.743576
vt 37.618103 42.307693
vt 37.618099 47.435883
vt 37.618111 44.871799
vt 37.618111 50.000000
vt 39.153538 -47.435898
vt 39.153542 -50.000000
vt 39.153542 -44.871799
vt 39.153534 -42.307693
vt 38.837181 -39.123989
vt 38.686447 -35.539757
vt 38.980282 -36.000134
vt 38.864735 -32.561852
vt 39.129288 -29.679138
vt 39.153542 -24.358973
vt 39.153549 -26.923075
vt 39.153549 -21.794876
vt 39.153545 -16.666668
vt 39.153542 -19.230766
vt 39.153542 -14.102566
vt 39.153542 -11.538462
vt 39.153553 -8.974360
vt 39.153519 -6.410254
vt 39.153542 -3.846154
vt 39.153542 1.282051
vt 39.153542 -1.282051
vt 39.153542 3.846154
vt 39.153542 6.410256
vt 39.153549 8.974360
vt 39.153542 14.102563
vt 39.153542 11.538464
vt 39.153553 16.666670
vt 39.153534 19.230770
vt 39.153545 21.794870
vt 39.153542 24.358974
vt 39.153545 26.923080
vt 39.153542 29.487179
vt 39.153542 32.051277
vt 39.153545 34.615387
vt 39.153553 37.179497
vt 39.153542 39.743584
vt 39.153549 42.307697
vt 39.153553 44.871807
vt 39.153530 49.999977
vt 39.153542 47.435909
vt 40.688976 -47.435898
vt 40.688972 -50.000000
vt 40.688976 -44.871796
vt 40.688984 -42.307693
vt 40.181404 -36.749901
vt 40.530235 -39.445572
vt 40.322315 -34.297409
vt 40.467514 -32.253532
vt 40.686619 -29.484812
vt 40.688972 -24.358973
vt 40.688972 -26.923080
vt 40.688980 -21.794872
vt 40.688988 -16.666668
vt 40.688980 -19.230770
vt 40.688965 -11.538462
vt 40.688972 -14.102564
vt 40.688976 -8.974360
vt 40.688988 -6.410258
vt 40.688976 -3.846154
vt 40.688965 -1.282051
vt 40.688976 1.282051
vt 40.688980 3.846154
vt 40.688972 6.410257
vt 40.688980 8.974360
vt 40.688972 14.102564
vt 40.688972 11.538463
vt 40.688976 16.666668
vt 40.688988 19.230774
vt 40.688980 21.794874
vt 40.688980 24.358978
vt 40.688984 26.923077
vt 40.688972 29.487177
vt 40.688976 32.051285
vt 40.688976 34.615383
vt 40.688980 37.179485
vt 40.688980 39.743587
vt 40.688995 42.307709
vt 40.688988 44.871803
vt 40.688976 50.000000
vt 40.688976 47.435898
vt 42.224403 -49.999992
vt 42.224407 -47.435902
vt 42.224411 -44.871799
vt 42.204521 -39.669907
vt 42.224411 -42.307693
vt 42.345062 -37.283722
vt 42.150661 -34.587070
vt 42.224205 -32.051449
vt 42.224403 -26.923075
vt 42.224396 -29.487171
vt 42.224407 -21.794872
vt 42.224407 -24.358976
vt 42.224407 -19.230770
vt 42.224407 -16.666668
vt 42.224407 -11.538462
vt 42.224407 -14.102564
vt 42.224403 -8.974357
vt 42.224419 -6.410257
vt 42.224419 -3.846155
vt 42.224411 1.282052
vt 42.224407 -1.282051
vt 42.224407 3.846154
vt 42.224411 6.410257
vt 42.224403 8.974360
vt 42.224407 14.102564
vt 42.224411 11.538463
vt 42.224396 16.666666
vt 42.224411 21.794872
vt 42.224403 19.230770
vt 42.224403 24.358974
vt 42.224403 26.923071
vt 42.224415 29.487179
vt 42.224407 32.051285
vt 42.224403 34.615383
vt 42.224411 37.179489
vt 42.224407 39.743595
vt 42.224407 44.871792
vt 42.224411 42.307697
vt 42.224407 47.435886
vt 43.759842 -50.000000
vt 43.759842 -47.435894
vt 43.759850 -44.871807
vt 43.759838 -42.307693
vt 43.759926 -39.743290
vt 43.758308 -37.200508
vt 43.759830 -34.615589
vt 43.759842 -32.051281
vt 43.759842 -26.923077
vt 43.759846 -29.487177
vt 43.759838 -21.794872
vt 43.759846 -24.358974
vt 43.759853 -19.230770
vt 43.759842 -16.666668
vt 43.759842 -14.102564
vt 43.759834 -11.538462
vt 43.759842 -8.974360
vt 43.759846 -6.410256
vt 43.759842 -3.846154
vt 43.759842 -1.282051
vt 43.759842 1.282051
vt 43.759842 3.846155
vt 43.759838 6.410255
vt 43.759842 8.974359
vt 43.759842 14.102564
vt 43.759842 11.538462
vt 43.759842 16.666664
vt 43.759842 19.230770
vt 43.759834 21.794870
vt 43.759850 24.358974
vt 43.759842 26.923077
vt 43.759842 29.487179
vt 43.759830 32.051277
vt 43.759838 34.615379
vt 43.759853 37.179482
vt 43.759842 39.743587
vt 43.759838 44.871796
vt 43.759827 42.307682
vt 43.759850 47.435917
vt 42.224403 49.999989
vt 45.295277 -50.000000
vt 45.295265 -47.435886
vt 45.295269 -44.871796
vt 45.295273 -42.307701
vt 45.295273 -37.179485
vt 45.295277 -39.743595
vt 45.295280 -34.615391
vt 45.295273 -32.051281
vt 45.295273 -29.487179
vt 45.295277 -24.358974
vt 45.295280 -26.923077
vt 45.295280 -21.794872
vt 45.295288 -16.666668
vt 45.295296 -19.230778
vt 45.295277 -14.102564
vt 45.295277 -11.538463
vt 45.295265 -8.974360
vt 45.295277 -6.410256
vt 45.295277 -3.846154
vt 45.295273 -1.282051
vt 45.295284 1.282051
vt 45.295280 3.846154
vt 45.295265 6.410255
vt 45.295273 8.974360
vt 45.295277 11.538462
vt 45.295277 16.666670
vt 45.295284 14.102568
vt 45.295273 19.230770
vt 45.295280 24.358976
vt 45.295277 21.794870
vt 45.295273 26.923077
vt 45.295265 29.487175
vt 45.295284 32.051285
vt 45.295280 34.615387
vt 45.295277 37.179485
vt 45.295265 39.743576
vt 45.295280 42.307693
vt 45.295277 44.871792
vt 45.295277 47.435898
vt 45.295277 50.000000
vt 46.830704 -50.000000
vt 46.830708 -47.435894
vt 46.830711 -44.871803
vt 46.830711 -42.307693
vt 46.830700 -37.179474
vt 46.830711 -39.743584
vt 46.830711 -34.615379
vt 46.830708 -32.051277
vt 46.830711 -26.923075
vt 46.830719 -29.487177
vt 46.830711 -24.358974
vt 46.830711 -19.230770
vt 46.830723 -21.794872
vt 46.830711 -16.666668
vt 46.830711 -14.102564
vt 46.830711 -11.538462
vt 46.830711 -8.974360
vt 46.830711 -6.410256
vt 46.830715 -3.846155
vt 46.830719 -1.282051
vt 46.830711 1.282051
vt 46.830711 3.846154
vt 46.830696 6.410254
vt 46.830711 8.974361
vt 46.830715 11.538464
vt 46.830704 14.102564
vt 46.830715 16.666668
vt 46.830719 19.230770
vt 46.830711 24.358974
vt 46.830711 21.794872
vt 46.830711 26.923075
vt 46.830711 29.487183
vt 46.830711 32.051281
vt 46.830704 34.615383
vt 46.830723 37.179497
vt 46.830711 39.743587
vt 46.830711 42.307693
vt 46.830715 44.871796
vt 46.830711 47.435898
vt 46.830711 50.000000
vt 48.366142 -50.000000
vt 48.366142 -47.435898
vt 48.366158 -44.871803
vt 48.366138 -42.307693
vt 48.366142 -37.179485
vt 48.366138 -39.743576
vt 48.366142 -34.615379
vt 48.366138 -29.487179
vt 48.366135 -32.051277
vt 48.366142 -26.923077
vt 48.366158 -24.358982
vt 48.366142 -21.794876
vt 48.366142 -19.230770
vt 48.366142 -14.102564
vt 48.366142 -16.666668
vt 48.366146 -11.538464
vt 48.366138 -8.974360
vt 48.366142 -6.410257
vt 48.366138 -3.846154
vt 48.366135 -1.282051
vt 48.366146 1.282051
vt 48.366142 3.846154
vt 48.366142 6.410256
vt 48.366138 8.974360
vt 48.366135 11.538460
vt 48.366146 14.102564
vt 48.366146 16.666670
vt 48.366142 19.230770
vt 48.366142 24.358974
vt 48.366146 21.794872
vt 48.366138 26.923073
vt 48.366142 29.487181
vt 48.366142 32.051281
vt 48.366154 34.615387
vt 48.366142 37.179485
vt 48.366154 39.743599
vt 48.366142 42.307693
vt 48.366138 44.871792
vt 48.366138 47.435894
vt 48.366142 50.000000
vt 49.901566 -49.999992
vt 49.901562 -47.435890
vt 49.901569 -44.871796
vt 49.901581 -42.307697
vt 49.901577 -39.743591
vt 49.901569 -37.179485
vt 49.901573 -34.615383
vt 49.901573 -29.487179
vt 49.901573 -32.051281
vt 49.901573 -26.923079
vt 49.901573 -24.358974
vt 49.901573 -21.794872
vt 49.901573 -19.230770
vt 49.901573 -16.666668
vt 49.901573 -14.102564
vt 49.901573 -11.538462
vt 49.901573 -8.974360
vt 49.901566 -6.410255
vt 49.901573 -3.846154
vt 49.901562 -1.282051
vt 49.901573 3.846154
vt 49.901585 1.282051
vt 49.901573 6.410257
vt 49.901577 8.974360
vt 49.901569 11.538461
vt 49.901569 14.102562
vt 49.901566 16.666664
vt 49.901573 21.794872
vt 49.901581 19.230770
vt 49.901573 24.358976
vt 49.901562 26.923077
vt 49.901573 32.051281
vt 49.901577 29.487179
vt 49.901569 34.615383
vt 49.901577 37.179485
vt 49.901569 39.743587
vt 49.901573 44.871796
vt 49.901573 42.307693
vt 49.901573 47.435898
vt 49.901573 50.000000
vt 51.437012 -50.000008
vt 51.437019 -47.435902
vt 51.437004 -44.871796
vt 51.437004 -39.743587
vt 51.437000 -42.307693
vt 51.437019 -37.179493
vt 51.437012 -32.051281
vt 51.437008 -34.615383
vt 51.437000 -29.487179
vt 51.437016 -24.358980
vt 51.437004 -26.923077
vt 51.436993 -19.230766
vt 51.436993 -21.794872
vt 51.437004 -16.666668
vt 51.437004 -14.102564
vt 51.437023 -11.538465
vt 51.436996 -8.974360
vt 51.437008 -6.410257
vt 51.437004 -3.846154
vt 51.437008 -1.282051
vt 51.437008 1.282051
vt 51.437000 3.846154
vt 51.437004 6.410257
vt 51.437008 8.974360
vt 51.437004 11.538462
vt 51.437008 14.102564
vt 51.437000 19.230770
vt 51.437008 16.666668
vt 51.437008 21.794872
vt 51.437016 24.358982
vt 51.437019 26.923088
vt 51.437004 32.051277
vt 51.437004 29.487179
vt 51.436989 34.615379
vt 51.437004 37.179485
vt 51.437004 39.743587
vt 51.437008 44.871799
vt 51.437008 42.307705
vt 51.437004 47.435898
vt 51.437004 50.000000
vt 52.972443 -50.000000
vt 52.972443 -47.435898
vt 52.972443 -44.871792
vt 52.972446 -39.743595
vt 52.972443 -42.307697
vt 52.972443 -37.179482
vt 52.972446 -32.051281
vt 52.972435 -34.615383
vt 52.972446 -29.487179
vt 52.972435 -26.923073
vt 52.972443 -24.358974
vt 52.972435 -21.794872
vt 52.972435 -19.230770
vt 52.972443 -16.666668
vt 52.972443 -14.102564
vt 52.972443 -11.538462
vt 52.972427 -8.974359
vt 52.972443 -6.410257
vt 52.972427 -3.846153
vt 52.972443 -1.282051
vt 52.972443 1.282051
vt 52.972435 3.846153
vt 52.972443 8.974360
vt 52.972435 6.410255
vt 52.972443 11.538462
vt 52.972443 14.102563
vt 52.972450 16.666672
vt 52.972435 21.794870
vt 52.972443 19.230772
vt 52.972443 24.358976
vt 52.972443 29.487185
vt 52.972439 26.923077
vt 52.972427 34.615379
vt 52.972458 32.051285
vt 52.972443 37.179485
vt 52.972443 39.743587
vt 52.972446 44.871796
vt 52.972443 42.307693
vt 52.972443 47.435898
vt 52.972443 50.000000
vt 54.507874 -47.435898
vt 54.507874 -50.000000
vt 54.507877 -44.871799
vt 54.507877 -42.307697
vt 54.507874 -39.743584
vt 54.507874 -34.615383
vt 54.507889 -37.179485
vt 54.507896 -32.051292
vt 54.507877 -29.487179
vt 54.507870 -26.923073
vt 54.507889 -24.358982
vt 54.507877 -21.794874
vt 54.507874 -19.230770
vt 54.507889 -16.666668
vt 54.507858 -14.102561
vt 54.507877 -11.538462
vt 54.507893 -6.410259
vt 54.507874 -8.974359
vt 54.507862 -3.846153
vt 54.507874 -1.282051
vt 54.507874 1.282051
vt 54.507877 3.846154
vt 54.507874 8.974360
vt 54.507893 6.410258
vt 54.507870 11.538462
vt 54.507870 14.102563
vt 54.507889 16.666670
vt 54.507866 21.794870
vt 54.507874 19.230766
vt 54.507854 24.358965
vt 54.507889 26.923079
vt 54.507858 32.051281
vt 54.507874 29.487181
vt 54.507870 34.615383
vt 54.507870 37.179482
vt 54.507874 39.743587
vt 54.507874 44.871796
vt 54.507870 42.307693
vt 54.507874 47.435894
vt 54.507874 50.000000
vt 56.043308 -47.435890
vt 56.043304 -50.000000
vt 56.043297 -44.871792
vt 56.043308 -42.307693
vt 56.043297 -39.743584
vt 56.043304 -37.179485
vt 56.043316 -34.615391
vt 56.043304 -32.051281
vt 56.043301 -29.487181
vt 56.043297 -26.923075
vt 56.043304 -24.358974
vt 56.043312 -21.794872
vt 56.043304 -19.230770
vt 56.043308 -16.666668
vt 56.043293 -14.102561
vt 56.043308 -8.974361
vt 56.043297 -11.538460
vt 56.043308 -6.410256
vt 56.043304 -3.846153
vt 56.043312 -1.282051
vt 56.043304 1.282051
vt 56.043304 3.846155
vt 56.043308 6.410257
vt 56.043304 8.974360
vt 56.043308 14.102566
vt 56.043304 11.538460
vt 56.043304 19.230766
vt 56.043304 16.666668
vt 56.043308 21.794876
vt 56.043312 24.358976
vt 56.043301 29.487177
vt 56.043304 26.923077
vt 56.043301 32.051281
vt 56.043304 34.615395
vt 56.043304 37.179485
vt 56.043304 39.743587
vt 56.043308 44.871796
vt 56.043304 42.307693
vt 56.043293 47.435894
vt 56.043316 50.000011
vt 57.578747 -47.435898
vt 57.578751 -50.000000
vt 57.578743 -44.871792
vt 57.578751 -42.307709
vt 57.578739 -39.743591
vt 57.578743 -34.615379
vt 57.578747 -37.179489
vt 57.578732 -29.487171
vt 57.578743 -32.051273
vt 57.578743 -26.923073
vt 57.578735 -24.358971
vt 57.578758 -21.794878
vt 57.578754 -19.230770
vt 57.578743 -16.666668
vt 57.578739 -14.102563
vt 57.578735 -8.974358
vt 57.578743 -11.538461
vt 57.578735 -6.410255
vt 57.578743 -3.846154
vt 57.578735 -1.282051
vt 57.578743 3.846154
vt 57.578747 1.282051
vt 57.578743 6.410256
vt 57.578743 8.974360
vt 57.578747 14.102565
vt 57.578735 11.538460
vt 57.578747 19.230770
vt 57.578743 16.666668
vt 57.578735 21.794870
vt 57.578754 24.358974
vt 57.578743 29.487173
vt 57.578743 26.923077
vt 57.578743 32.051281
vt 57.578743 34.615372
vt 57.578743 37.179485
vt 57.578743 39.743587
vt 57.578739 42.307682
vt 57.578739 44.871792
vt 57.578743 50.000000
vt 57.578732 47.435886
vt 59.114174 -47.435902
vt 59.114174 -50.000000
vt 59.114166 -44.871792
vt 59.114174 -42.307693
vt 59.114182 -39.743591
vt 59.114162 -37.179482
vt 59.114174 -34.615383
vt 59.114178 -29.487181
vt 59.114162 -32.051273
vt 59.114182 -26.923084
vt 59.114174 -24.358974
vt 59.114159 -21.794872
vt 59.114166 -16.666668
vt 59.114170 -19.230770
vt 59.114166 -11.538462
vt 59.114178 -14.102564
vt 59.114178 -8.974360
vt 59.114166 -3.846154
vt 59.114178 -6.410256
vt 59.114170 -1.282051
vt 59.114178 1.282051
vt 59.114174 3.846154
vt 59.114178 6.410256
vt 59.114178 8.974360
vt 59.114166 14.102563
vt 59.114178 11.538462
vt 59.114178 16.666668
vt 59.114170 19.230770
vt 59.114174 21.794872
vt 59.114174 26.923077
vt 59.114174 24.358974
vt 59.114174 29.487179
vt 59.114174 32.051281
vt 59.114174 34.615379
vt 59.114170 37.179485
vt 59.114185 39.743599
vt 59.114166 42.307693
vt 59.114174 44.871796
vt 59.114174 47.435898
vt 60.649605 -47.435898
vt 60.649597 -50.000000
vt 60.649597 -44.871792
vt 60.649605 -42.307690
vt 60.649597 -39.743580
vt 60.649605 -37.179485
vt 60.649597 -32.051277
vt 60.649605 -34.615383
vt 60.649609 -29.487179
vt 60.649605 -26.923077
vt 60.649612 -24.358974
vt 60.649609 -21.794874
vt 60.649605 -19.230764
vt 60.649605 -16.666668
vt 60.649620 -14.102569
vt 60.649609 -11.538463
vt 60.649612 -8.974360
vt 60.649616 -6.410257
vt 60.649605 -1.282051
vt 60.649597 -3.846154
vt 60.649605 1.282051
vt 60.649609 3.846153
vt 60.649620 6.410257
vt 60.649609 8.974360
vt 60.649605 14.102562
vt 60.649601 11.538462
vt 60.649597 16.666666
vt 60.649590 19.230766
vt 60.649605 21.794876
vt 60.649593 26.923073
vt 60.649612 24.358974
vt 60.649582 29.487171
vt 60.649590 32.051277
vt 60.649605 34.615383
vt 60.649601 37.179485
vt 60.649605 39.743591
vt 60.649605 42.307693
vt 60.649605 44.871796
vt 60.649605 47.435898
vt 59.114185 50.000000
vt 62.185043 -50.000000
vt 62.185032 -47.435894
vt 62.185032 -44.871796
vt 62.185036 -42.307686
vt 62.185028 -39.743580
vt 62.185051 -37.179489
vt 62.185036 -32.051277
vt 62.185059 -34.615391
vt 62.185020 -29.487167
vt 62.185036 -26.923075
vt 62.185047 -24.358978
vt 62.185036 -21.794872
vt 62.185043 -19.230774
vt 62.185043 -16.666668
vt 62.185040 -14.102565
vt 62.185036 -11.538460
vt 62.185028 -8.974358
vt 62.185040 -6.410256
vt 62.185040 -1.282051
vt 62.185047 -3.846154
vt 62.185028 1.282051
vt 62.185051 3.846155
vt 62.185043 6.410256
vt 62.185043 8.974360
vt 62.185051 14.102565
vt 62.185024 11.538462
vt 62.185051 16.666668
vt 62.185036 19.230770
vt 62.185051 21.794880
vt 62.185036 24.358969
vt 62.185043 29.487183
vt 62.185047 26.923077
vt 62.185051 32.051285
vt 62.185024 34.615379
vt 62.185047 37.179485
vt 62.185040 42.307705
vt 62.185051 39.743587
vt 62.185043 44.871799
vt 62.185036 47.435898
vt 60.649605 50.000000
vt 63.720474 -50.000000
vt 63.720467 -47.435898
vt 63.720455 -44.871784
vt 63.720474 -42.307693
vt 63.720467 -39.743580
vt 63.720478 -37.179485
vt 63.720463 -32.051277
vt 63.720478 -34.615387
vt 63.720459 -29.487175
vt 63.720463 -26.923077
vt 63.720467 -24.358974
vt 63.720474 -21.794872
vt 63.720467 -19.230770
vt 63.720455 -16.666662
vt 63.720478 -14.102566
vt 63.720474 -11.538462
vt 63.720467 -8.974359
vt 63.720463 -6.410255
vt 63.720459 -3.846153
vt 63.720467 1.282051
vt 63.720467 -1.282051
vt 63.720470 3.846153
vt 63.720467 6.410256
vt 63.720467 8.974360
vt 63.720470 14.102563
vt 63.720482 11.538463
vt 63.720470 16.666668
vt 63.720459 19.230770
vt 63.720470 21.794872
vt 63.720474 24.358976
vt 63.720467 26.923077
vt 63.720482 29.487186
vt 63.720470 32.051281
vt 63.720470 34.615383
vt 63.720474 37.179485
vt 63.720467 42.307693
vt 63.720470 39.743584
vt 63.720474 44.871807
vt 63.720482 47.435905
vt 62.185051 50.000000
vt 65.255905 -50.000000
vt 65.255905 -47.435902
vt 65.255913 -44.871807
vt 65.255913 -42.307697
vt 65.255905 -39.743587
vt 65.255905 -37.179485
vt 65.255905 -32.051281
vt 65.255905 -34.615387
vt 65.255913 -29.487183
vt 65.255913 -26.923077
vt 65.255898 -24.358971
vt 65.255905 -21.794872
vt 65.255905 -19.230770
vt 65.255905 -16.666672
vt 65.255905 -14.102565
vt 65.255905 -11.538464
vt 65.255905 -8.974360
vt 65.255898 -6.410255
vt 65.255905 -3.846154
vt 65.255905 -1.282051
vt 65.255898 1.282051
vt 65.255905 3.846154
vt 65.255905 6.410256
vt 65.255905 8.974360
vt 65.255913 14.102566
vt 65.255905 11.538462
vt 65.255913 16.666668
vt 65.255905 19.230770
vt 65.255905 21.794872
vt 65.255920 24.358974
vt 65.255920 26.923077
vt 65.255890 29.487177
vt 65.255905 32.051281
vt 65.255905 37.179485
vt 65.255905 34.615387
vt 65.255905 39.743584
vt 65.255905 42.307693
vt 65.255905 44.871796
vt 65.255905 47.435898
vt 63.720467 50.000000
vt 66.791336 -50.000000
vt 66.791336 -47.435905
vt 66.791336 -44.871799
vt 66.791336 -42.307693
vt 66.791336 -39.743576
vt 66.791336 -37.179485
vt 66.791344 -34.615383
vt 66.791336 -29.487177
vt 66.791328 -32.051277
vt 66.791336 -26.923075
vt 66.791328 -24.358974
vt 66.791336 -21.794874
vt 66.791328 -19.230770
vt 66.791336 -16.666668
vt 66.791344 -14.102566
vt 66.791336 -11.538464
vt 66.791336 -8.974360
vt 66.791336 -6.410255
vt 66.791336 -3.846154
vt 66.791336 -1.282051
vt 66.791336 1.282051
vt 66.791336 3.846154
vt 66.791336 6.410256
vt 66.791336 11.538462
vt 66.791321 8.974360
vt 66.791313 14.102561
vt 66.791336 16.666668
vt 66.791336 19.230768
vt 66.791328 21.794872
vt 66.791344 24.358971
vt 66.791344 26.923080
vt 66.791351 29.487185
vt 66.791336 32.051281
vt 66.791336 34.615379
vt 66.791336 39.743587
vt 66.791328 37.179478
vt 66.791336 42.307701
vt 66.791336 44.871780
vt 66.791336 47.435886
vt 65.255882 49.999992
vt 68.326775 -50.000004
vt 68.326767 -47.435902
vt 68.326782 -44.871799
vt 68.326759 -42.307690
vt 68.326752 -39.743584
vt 68.326767 -37.179482
vt 68.326782 -34.615391
vt 68.326767 -29.487183
vt 68.326767 -32.051281
vt 68.326767 -26.923077
vt 68.326767 -24.358973
vt 68.326767 -21.794872
vt 68.326767 -19.230770
vt 68.326767 -16.666666
vt 68.326790 -14.102568
vt 68.326759 -11.538460
vt 68.326782 -8.974361
vt 68.326767 -6.410256
vt 68.326767 -3.846154
vt 68.326767 -1.282051
vt 68.326775 1.282051
vt 68.326767 3.846155
vt 68.326767 6.410255
vt 68.326767 11.538462
vt 68.326752 8.974360
vt 68.326767 14.102562
vt 68.326752 16.666668
vt 68.326767 19.230770
vt 68.326767 21.794872
vt 68.326767 24.358974
vt 68.326767 26.923077
vt 68.326775 32.051281
vt 68.326767 29.487181
vt 68.326767 34.615391
vt 68.326767 39.743587
vt 68.326767 37.179482
vt 68.326797 42.307709
vt 68.326782 44.871799
vt 68.326767 47.435894
vt 66.791336 50.000000
vt 69.862213 -50.000015
vt 69.862213 -44.871784
vt 69.862213 -47.435898
vt 69.862221 -42.307693
vt 69.862183 -37.179478
vt 69.862213 -39.743591
vt 69.862206 -34.615387
vt 69.862198 -32.051277
vt 69.862213 -26.923080
vt 69.862198 -29.487179
vt 69.862198 -24.358973
vt 69.862190 -21.794870
vt 69.862198 -19.230770
vt 69.862206 -16.666666
vt 69.862213 -14.102566
vt 69.862228 -11.538464
vt 69.862213 -8.974360
vt 69.862206 -6.410257
vt 69.862221 -3.846155
vt 69.862198 -1.282052
vt 69.862213 1.282051
vt 69.862198 3.846154
vt 69.862198 8.974360
vt 69.862198 6.410255
vt 69.862190 11.538458
vt 69.862198 14.102564
vt 69.862213 16.666672
vt 69.862206 19.230770
vt 69.862198 21.794868
vt 69.862206 24.358974
vt 69.862198 26.923075
vt 69.862198 32.051281
vt 69.862190 29.487171
vt 69.862213 34.615391
vt 69.862213 39.743595
vt 69.862190 37.179482
vt 69.862183 42.307682
vt 69.862206 44.871796
vt 69.862206 47.435898
vt 69.862206 50.000000
vt 71.397629 -50.000000
vt 71.397644 -44.871796
vt 71.397644 -47.435905
vt 71.397644 -42.307693
vt 71.397621 -39.743576
vt 71.397636 -37.179489
vt 71.397644 -34.615387
vt 71.397636 -32.051285
vt 71.397629 -29.487175
vt 71.397636 -24.358978
vt 71.397644 -26.923079
vt 71.397636 -21.794872
vt 71.397644 -19.230770
vt 71.397644 -16.666668
vt 71.397644 -14.102567
vt 71.397636 -11.538462
vt 71.397644 -8.974360
vt 71.397629 -6.410255
vt 71.397636 -3.846154
vt 71.397644 1.282052
vt 71.397636 -1.282051
vt 71.397636 3.846154
vt 71.397644 6.410256
vt 71.397644 8.974360
vt 71.397636 11.538462
vt 71.397636 14.102564
vt 71.397636 16.666668
vt 71.397629 19.230770
vt 71.397629 21.794868
vt 71.397614 24.358971
vt 71.397636 26.923077
vt 71.397659 32.051285
vt 71.397652 29.487185
vt 71.397636 34.615387
vt 71.397636 37.179485
vt 71.397629 42.307682
vt 71.397629 39.743580
vt 71.397636 44.871796
vt 71.397636 47.435898
vt 71.397636 50.000000
vt 72.933060 -50.000000
vt 72.933075 -44.871807
vt 72.933067 -47.435898
vt 72.933067 -42.307701
vt 72.933060 -39.743584
vt 72.933067 -37.179489
vt 72.933060 -34.615376
vt 72.933075 -32.051285
vt 72.933060 -29.487179
vt 72.933083 -24.358974
vt 72.933075 -26.923077
vt 72.933067 -21.794874
vt 72.933060 -19.230770
vt 72.933067 -16.666668
vt 72.933075 -14.102566
vt 72.933075 -11.538462
vt 72.933075 -8.974360
vt 72.933067 -6.410255
vt 72.933075 -3.846154
vt 72.933075 1.282051
vt 72.933075 -1.282051
vt 72.933067 3.846154
vt 72.933075 6.410257
vt 72.933060 8.974361
vt 72.933075 11.538462
vt 72.933060 14.102560
vt 72.933075 16.666668
vt 72.933067 19.230770
vt 72.933060 21.794872
vt 72.933060 24.358973
vt 72.933075 26.923077
vt 72.933060 32.051277
vt 72.933067 29.487179
vt 72.933060 34.615379
vt 72.933060 37.179482
vt 72.933067 42.307693
vt 72.933060 39.743584
vt 72.933090 44.871796
vt 72.933090 47.435898
vt 72.933075 50.000000
vt 74.468506 -50.000000
vt 74.468506 -47.435898
vt 74.468506 -42.307690
vt 74.468506 -44.871788
vt 74.468498 -39.743587
vt 74.468506 -37.179489
vt 74.468506 -34.615387
vt 74.468506 -32.051277
vt 74.468506 -29.487179
vt 74.468513 -24.358978
vt 74.468491 -26.923073
vt 74.468506 -21.794870
vt 74.468513 -19.230772
vt 74.468513 -16.666668
vt 74.468506 -14.102566
vt 74.468506 -11.538460
vt 74.468513 -8.974362
vt 74.468506 -6.410256
vt 74.468506 -3.846154
vt 74.468498 -1.282051
vt 74.468506 1.282051
vt 74.468506 6.410257
vt 74.468513 3.846154
vt 74.468513 8.974360
vt 74.468506 11.538462
vt 74.468498 14.102564
vt 74.468506 16.666668
vt 74.468498 19.230770
vt 74.468506 21.794872
vt 74.468506 24.358974
vt 74.468506 26.923077
vt 74.468506 32.051281
vt 74.468483 29.487171
vt 74.468506 34.615383
vt 74.468521 37.179489
vt 74.468506 42.307682
vt 74.468506 39.743591
vt 74.468506 44.871796
vt 74.468506 47.435898
vt 76.003937 -49.999996
vt 76.003929 -47.435894
vt 76.003937 -44.871796
vt 76.003929 -39.743587
vt 76.003937 -42.307690
vt 76.003937 -37.179485
vt 76.003937 -34.615383
vt 76.003944 -32.051281
vt 76.003937 -26.923080
vt 76.003952 -29.487183
vt 76.003937 -24.358973
vt 76.003944 -21.794872
vt 76.003960 -19.230772
vt 76.003937 -16.666668
vt 76.003922 -14.102560
vt 76.003944 -11.538462
vt 76.003960 -8.974361
vt 76.003929 -6.410255
vt 76.003937 -3.846154
vt 76.003922 -1.282051
vt 76.003937 1.282051
vt 76.003937 3.846154
vt 76.003952 6.410256
vt 76.003937 8.974360
vt 76.003929 11.538463
vt 76.003937 14.102564
vt 76.003937 16.666668
vt 76.003929 19.230770
vt 76.003952 21.794872
vt 76.003937 24.358974
vt 76.003937 29.487175
vt 76.003937 26.923077
vt 76.003944 32.051285
vt 76.003937 34.615379
vt 76.003937 37.179482
vt 76.003929 39.743584
vt 76.003960 42.307693
vt 76.003937 44.871792
vt 76.003937 50.000000
vt 76.003937 47.435894
vt 77.539368 -50.000000
vt 77.539375 -47.435905
vt 77.539368 -44.871811
vt 77.539368 -42.307693
vt 77.539375 -39.743584
vt 77.539375 -34.615376
vt 77.539368 -37.179485
vt 77.539368 -32.051281
vt 77.539352 -29.487171
vt 77.539375 -26.923079
vt 77.539368 -24.358974
vt 77.539368 -21.794872
vt 77.539368 -19.230770
vt 77.539375 -16.666672
vt 77.539375 -14.102564
vt 77.539368 -11.538460
vt 77.539375 -8.974360
vt 77.539368 -6.410256
vt 77.539360 -3.846153
vt 77.539368 -1.282051
vt 77.539383 1.282052
vt 77.539345 3.846153
vt 77.539368 6.410256
vt 77.539368 8.974360
vt 77.539391 11.538464
vt 77.539383 14.102567
vt 77.539368 16.666670
vt 77.539368 19.230770
vt 77.539368 24.358971
vt 77.539383 21.794872
vt 77.539352 26.923073
vt 77.539352 29.487175
vt 77.539391 32.051289
vt 77.539383 34.615391
vt 77.539360 39.743576
vt 77.539375 37.179489
vt 77.539368 42.307693
vt 77.539368 44.871796
vt 77.539368 50.000000
vt 77.539368 47.435898
vt 79.074814 -50.000004
vt 79.074814 -47.435898
vt 79.074806 -44.871792
vt 79.074799 -42.307693
vt 79.074799 -39.743587
vt 79.074783 -34.615383
vt 79.074791 -37.179478
vt 79.074799 -32.051281
vt 79.074799 -29.487173
vt 79.074806 -26.923073
vt 79.074791 -24.358971
vt 79.074799 -21.794870
vt 79.074806 -19.230768
vt 79.074799 -16.666668
vt 79.074806 -14.102564
vt 79.074806 -11.538462
vt 79.074799 -8.974360
vt 79.074791 -6.410255
vt 79.074799 -3.846154
vt 79.074821 -1.282051
vt 79.074814 1.282051
vt 79.074783 3.846154
vt 79.074806 6.410255
vt 79.074806 8.974360
vt 79.074814 11.538464
vt 79.074791 14.102562
vt 79.074814 16.666670
vt 79.074806 19.230772
vt 79.074814 24.358974
vt 79.074806 21.794868
vt 79.074806 26.923077
vt 79.074806 29.487177
vt 79.074821 32.051289
vt 79.074806 34.615391
vt 79.074799 39.743584
vt 79.074821 37.179493
vt 79.074806 42.307693
vt 79.074799 44.871788
vt 79.074814 50.000000
vt 79.074806 47.435898
vt 80.610245 -50.000000
vt 80.610245 -47.435898
vt 80.610245 -44.871799
vt 80.610229 -42.307697
vt 80.610245 -37.179485
vt 80.610237 -39.743587
vt 80.610229 -34.615387
vt 80.610237 -32.051281
vt 80.610252 -29.487183
vt 80.610214 -26.923071
vt 80.610245 -24.358974
vt 80.610229 -21.794872
vt 80.610199 -19.230762
vt 80.610237 -16.666668
vt 80.610237 -14.102566
vt 80.610245 -11.538462
vt 80.610245 -8.974360
vt 80.610222 -6.410254
vt 80.610237 -3.846154
vt 80.610252 -1.282051
vt 80.610229 1.282051
vt 80.610245 3.846155
vt 80.610222 6.410255
vt 80.610237 8.974358
vt 80.610237 11.538461
vt 80.610237 14.102563
vt 80.610245 16.666668
vt 80.610229 19.230768
vt 80.610245 21.794876
vt 80.610245 26.923077
vt 80.610245 24.358976
vt 80.610229 29.487177
vt 80.610229 32.051281
vt 80.610245 34.615383
vt 80.610229 39.743580
vt 80.610252 37.179489
vt 80.610237 42.307693
vt 80.610237 44.871792
vt 80.610237 50.000000
vt 80.610245 47.435909
vt 82.145676 -50.000008
vt 82.145668 -47.435898
vt 82.145660 -44.871792
vt 82.145668 -42.307693
vt 82.145676 -37.179489
vt 82.145660 -39.743584
vt 82.145668 -34.615383
vt 82.145668 -32.051281
vt 82.145653 -29.487179
vt 82.145676 -26.923080
vt 82.145676 -24.358974
vt 82.145660 -21.794868
vt 82.145676 -19.230772
vt 82.145676 -16.666668
vt 82.145676 -14.102562
vt 82.145683 -11.538462
vt 82.145660 -8.974360
vt 82.145676 -6.410257
vt 82.145676 -3.846154
vt 82.145676 -1.282051
vt 82.145668 1.282051
vt 82.145660 3.846154
vt 82.145660 6.410256
vt 82.145668 8.974358
vt 82.145668 11.538462
vt 82.145660 14.102563
vt 82.145676 19.230770
vt 82.145683 16.666670
vt 82.145668 21.794872
vt 82.145683 26.923079
vt 82.145660 24.358974
vt 82.145676 29.487183
vt 82.145653 32.051277
vt 82.145676 37.179489
vt 82.145676 34.615387
vt 82.145676 39.743587
vt 82.145660 42.307693
vt 82.145668 44.871796
vt 82.145668 47.435898
vt 83.681107 -50.000000
vt 83.681114 -47.435905
vt 83.681129 -44.871799
vt 83.681091 -39.743587
vt 83.681099 -42.307686
vt 83.681099 -37.179485
vt 83.681107 -34.615383
vt 83.681099 -32.051273
vt 83.681129 -29.487185
vt 83.681107 -26.923080
vt 83.681107 -24.358978
vt 83.681114 -21.794878
vt 83.681122 -19.230770
vt 83.681107 -16.666668
vt 83.681107 -14.102564
vt 83.681099 -11.538463
vt 83.681107 -8.974360
vt 83.681107 -6.410256
vt 83.681114 -3.846154
vt 83.681091 -1.282051
vt 83.681107 1.282051
vt 83.681107 3.846154
vt 83.681091 6.410255
vt 83.681107 11.538462
vt 83.681099 8.974359
vt 83.681114 14.102566
vt 83.681122 16.666672
vt 83.681107 19.230770
vt 83.681129 21.794878
vt 83.681122 26.923080
vt 83.681107 24.358974
vt 83.681099 29.487169
vt 83.681107 32.051281
vt 83.681099 37.179485
vt 83.681122 34.615383
vt 83.681107 42.307693
vt 83.681107 39.743587
vt 83.681107 44.871796
vt 83.681107 47.435898
vt 82.145676 50.000000
vt 85.216537 -50.000000
vt 85.216537 -47.435898
vt 85.216530 -42.307690
vt 85.216537 -44.871799
vt 85.216537 -39.743591
vt 85.216537 -37.179482
vt 85.216568 -34.615387
vt 85.216537 -32.051281
vt 85.216530 -29.487177
vt 85.216545 -26.923077
vt 85.216537 -24.358969
vt 85.216537 -21.794876
vt 85.216545 -19.230770
vt 85.216545 -16.666672
vt 85.216545 -14.102565
vt 85.216545 -11.538461
vt 85.216530 -8.974359
vt 85.216537 -6.410257
vt 85.216537 -3.846154
vt 85.216530 -1.282051
vt 85.216545 1.282051
vt 85.216537 3.846153
vt 85.216537 6.410256
vt 85.216545 11.538462
vt 85.216522 8.974360
vt 85.216545 14.102562
vt 85.216537 16.666670
vt 85.216560 19.230774
vt 85.216530 21.794872
vt 85.216537 24.358974
vt 85.216545 29.487181
vt 85.216537 26.923079
vt 85.216545 32.051285
vt 85.216545 34.615387
vt 85.216537 37.179485
vt 85.216530 39.743584
vt 85.216560 44.871799
vt 85.216537 42.307693
vt 85.216537 47.435898
vt 85.216515 49.999989
vt 86.751968 -50.000000
vt 86.751968 -47.435894
vt 86.640663 -42.120995
vt 86.634529 -45.062141
vt 86.751976 -39.743587
vt 86.751953 -37.179478
vt 86.751991 -34.615395
vt 86.751961 -32.051289
vt 86.751976 -29.487183
vt 86.751968 -26.923077
vt 86.751968 -24.358974
vt 86.751953 -21.794868
vt 86.751976 -19.230770
vt 86.751968 -16.666668
vt 86.751984 -14.102567
vt 86.751953 -11.538460
vt 86.751984 -8.974362
vt 86.751976 -6.410256
vt 86.751961 -3.846154
vt 86.751968 -1.282051
vt 86.751984 1.282052
vt 86.751953 3.846153
vt 86.751953 6.410255
vt 86.751961 11.538461
vt 86.751984 8.974361
vt 86.751984 14.102563
vt 86.751953 16.666664
vt 86.751968 19.230768
vt 86.751976 21.794874
vt 86.751968 26.923073
vt 86.751968 24.358980
vt 86.751984 29.487185
vt 86.751968 32.051285
vt 86.751961 34.615379
vt 86.751968 37.179485
vt 86.751976 39.743587
vt 86.751968 44.871796
vt 86.751968 42.307693
vt 86.751968 47.435902
vt 86.751968 50.000000
vt 88.287399 -50.000000
vt 88.287384 -47.435898
vt 88.400421 -42.127010
vt 88.394150 -45.055885
vt 88.287415 -39.743595
vt 88.287384 -37.179478
vt 88.287399 -34.615376
vt 88.287399 -32.051281
vt 88.287376 -29.487171
vt 88.287407 -26.923082
vt 88.287399 -24.358974
vt 88.287399 -21.794874
vt 88.287399 -19.230768
vt 88.287392 -16.666668
vt 88.287399 -14.102564
vt 88.287399 -11.538462
vt 88.287399 -8.974360
vt 88.287369 -6.410254
vt 88.287415 -3.846155
vt 88.287399 -1.282051
vt 88.287376 1.282051
vt 88.287399 3.846154
vt 88.287392 6.410255
vt 88.287407 11.538463
vt 88.287415 8.974361
vt 88.287384 14.102562
vt 88.287399 16.666668
vt 88.287392 19.230770
vt 88.287415 21.794880
vt 88.287399 26.923075
vt 88.287399 24.358974
vt 88.287399 29.487179
vt 88.287399 32.051281
vt 88.287399 34.615379
vt 88.287399 37.179485
vt 88.287399 39.743599
vt 88.287399 42.307693
vt 88.287399 47.435894
vt 88.287399 44.871792
vt 88.287399 50.000000
vt 89.822845 -50.000008
vt 89.822838 -47.435902
vt 89.822830 -42.307693
vt 89.822815 -44.871788
vt 89.822823 -39.743584
vt 89.822830 -37.179489
vt 89.822830 -34.615387
vt 89.822838 -32.051281
vt 89.822830 -29.487179
vt 89.822838 -26.923080
vt 89.822838 -24.358978
vt 89.822815 -21.794872
vt 89.822853 -19.230774
vt 89.822830 -16.666668
vt 89.822830 -14.102566
vt 89.822830 -11.538462
vt 89.822815 -8.974359
vt 89.822853 -6.410257
vt 89.822815 -3.846153
vt 89.822830 -1.282051
vt 89.822838 1.282051
vt 89.822830 3.846154
vt 89.822815 6.410256
vt 89.822830 11.538461
vt 89.822823 8.974360
vt 89.822815 14.102562
vt 89.822815 16.666668
vt 89.822830 19.230768
vt 89.822830 24.358971
vt 89.822830 21.794870
vt 89.822830 26.923071
vt 89.822845 29.487185
vt 89.822838 32.051281
vt 89.822838 34.615383
vt 89.822830 37.179489
vt 89.822830 39.743587
vt 89.822807 42.307682
vt 89.822830 47.435890
vt 89.822800 44.871780
vt 89.822830 50.000000
vt 91.358276 -50.000000
vt 91.358269 -47.435898
vt 91.358276 -44.871799
vt 91.358269 -39.743591
vt 91.358261 -42.307690
vt 91.358276 -37.179482
vt 91.358261 -34.615387
vt 91.358284 -32.051285
vt 91.358253 -29.487175
vt 91.358276 -26.923077
vt 91.358276 -24.358974
vt 91.358261 -21.794872
vt 91.358261 -19.230770
vt 91.358276 -16.666668
vt 91.358261 -14.102565
vt 91.358261 -11.538462
vt 91.358261 -8.974360
vt 91.358261 -6.410256
vt 91.358269 -3.846154
vt 91.358261 -1.282051
vt 91.358261 1.282051
vt 91.358276 3.846154
vt 91.358269 6.410256
vt 91.358269 8.974361
vt 91.358269 14.102564
vt 91.358284 11.538462
vt 91.358261 16.666666
vt 91.358253 19.230766
vt 91.358276 21.794872
vt 91.358276 24.358974
vt 91.358292 26.923084
vt 91.358269 29.487179
vt 91.358246 32.051273
vt 91.358269 34.615379
vt 91.358269 37.179482
vt 91.358269 39.743584
vt 91.358269 42.307693
vt 91.358253 47.435894
vt 91.358269 44.871792
vt 91.358261 50.000000
vt 92.893700 -50.000004
vt 92.893715 -47.435902
vt 92.893684 -44.871780
vt 92.893707 -39.743595
vt 92.893715 -42.307693
vt 92.893700 -37.179485
vt 92.893700 -34.615387
vt 92.893684 -32.051273
vt 92.893700 -29.487181
vt 92.893692 -26.923075
vt 92.893707 -24.358974
vt 92.893707 -21.794872
vt 92.893700 -19.230770
vt 92.893692 -16.666666
vt 92.893700 -14.102563
vt 92.893707 -8.974360
vt 92.893707 -11.538465
vt 92.893700 -6.410256
vt 92.893715 -3.846154
vt 92.893700 -1.282051
vt 92.893707 1.282051
vt 92.893707 3.846154
vt 92.893707 6.410256
vt 92.893715 8.974361
vt 92.893700 11.538462
vt 92.893700 14.102565
vt 92.893707 16.666672
vt 92.893684 19.230764
vt 92.893715 21.794872
vt 92.893692 24.358974
vt 92.893700 26.923077
vt 92.893700 29.487171
vt 92.893677 32.051273
vt 92.893684 34.615383
vt 92.893700 37.179485
vt 92.893723 39.743591
vt 92.893707 42.307693
vt 92.893723 47.435905
vt 92.893700 44.871796
vt 92.893700 50.000000
vt 94.429123 -49.999996
vt 94.429108 -47.435883
vt 94.429131 -42.307690
vt 94.429138 -44.871799
vt 94.429123 -39.743584
vt 94.429131 -37.179485
vt 94.429123 -34.615387
vt 94.429138 -32.051281
vt 94.429153 -29.487179
vt 94.429138 -26.923077
vt 94.429138 -24.358976
vt 94.429131 -21.794872
vt 94.429123 -19.230770
vt 94.429115 -16.666664
vt 94.429115 -14.102564
vt 94.429146 -8.974361
vt 94.429108 -11.538458
vt 94.429146 -6.410257
vt 94.429138 -3.846154
vt 94.429131 -1.282051
vt 94.429146 1.282051
vt 94.429138 3.846155
vt 94.429115 6.410255
vt 94.429115 8.974360
vt 94.429131 11.538462
vt 94.429131 14.102563
vt 94.429115 16.666664
vt 94.429123 19.230766
vt 94.429131 21.794872
vt 94.429138 24.358974
vt 94.429131 26.923077
vt 94.429146 29.487179
vt 94.429092 32.051270
vt 94.429131 37.179482
vt 94.429131 34.615387
vt 94.429131 39.743584
vt 94.429153 42.307705
vt 94.429131 44.871803
vt 94.429138 50.000000
vt 94.429138 47.435898
vt 95.964569 -50.000000
vt 95.964584 -47.435909
vt 95.964546 -44.871788
vt 95.964561 -39.743587
vt 95.964577 -42.307693
vt 95.964546 -37.179485
vt 95.964569 -34.615383
vt 95.964569 -32.051281
vt 95.964554 -29.487177
vt 95.964569 -26.923077
vt 95.964539 -24.358969
vt 95.964561 -21.794872
vt 95.964561 -19.230770
vt 95.964523 -14.102561
vt 95.964584 -16.666674
vt 95.964569 -11.538463
vt 95.964584 -6.410256
vt 95.964569 -8.974360
vt 95.964561 -3.846154
vt 95.964577 -1.282051
vt 95.964569 1.282051
vt 95.964561 3.846154
vt 95.964554 6.410255
vt 95.964569 8.974359
vt 95.964569 11.538465
vt 95.964584 14.102568
vt 95.964569 16.666668
vt 95.964569 19.230770
vt 95.964577 21.794872
vt 95.964615 24.358980
vt 95.964569 26.923077
vt 95.964569 29.487179
vt 95.964554 34.615372
vt 95.964569 32.051281
vt 95.964569 37.179485
vt 95.964584 39.743587
vt 95.964577 42.307693
vt 95.964546 44.871784
vt 95.964569 50.000000
vt 95.964554 47.435898
vt 97.500000 -50.000000
vt 97.500000 -47.435898
vt 97.500000 -44.871796
vt 97.500000 -39.743591
vt 97.500000 -42.307693
vt 97.500000 -37.179485
vt 97.500000 -34.615379
vt 97.500000 -32.051277
vt 97.500000 -29.487181
vt 97.500000 -26.923071
vt 97.500000 -24.358974
vt 97.500000 -21.794872
vt 97.500000 -19.230770
vt 97.500000 -16.666668
vt 97.500000 -14.102564
vt 97.500000 -8.974360
vt 97.500000 -11.538462
vt 97.500000 -6.410256
vt 97.500000 -3.846154
vt 97.500000 -1.282051
vt 97.500000 1.282051
vt 97.500008 3.846154
vt 97.500000 6.410256
vt 97.500008 8.974360
vt 97.500000 11.538462
vt 97.499992 14.102563
vt 97.500000 16.666668
vt 97.500000 21.794872
vt 97.500000 19.230770
vt 97.500000 24.358974
vt 97.500023 26.923082
vt 97.500000 32.051281
vt 97.500000 29.487179
vt 97.500000 34.615383
vt 97.500000 37.179485
vt 97.500000 39.743591
vt 97.500000 42.307693
vt 97.500000 44.871796
vt 97.500000 47.435898
vt -97.500000 50.000000
vt -83.681107 50.000000
vt -79.074814 50.000000
vt -71.397629 50.000000
vt -62.185036 50.000000
vt -48.366142 50.000000
vt -19.192913 50.000000
vt 25.334644 50.000000
vt 33.011822 50.000011
vt 43.759853 50.000000
vt 68.326767 50.000000
vt 74.468506 50.000011
vt 83.681107 49.999989
vt 97.500000 50.000000
s 1
usemtl 草
f 41/1/41 2/2/2 1/3/1
f 42/4/42 3/5/3 2/2/2
f 43/6/43 4/7/4 3/5/3
f 44/8/44 5/9/5 4/7/4
f 45/10/45 6/11/6 5/9/5
f 47/12/47 6/11/6 46/13/46
f 47/12/47 8/14/8 7/15/7
f 48/16/48 9/17/9 8/14/8
f 49/18/49 10/19/10 9/17/9
f 50/20/50 11/21/11 10/19/10
f 52/22/52 11/21/11 51/23/51
f 53/24/53 12/25/12 52/22/52
f 54/26/54 13/27/13 53/24/53
f 55/28/55 14/29/14 54/26/54
f 56/30/56 15/31/15 55/28/55
f 57/32/57 16/33/16 56/30/56
f 58/34/58 17/35/17 57/32/57
f 59/36/59 18/37/18 58/34/58
f 60/38/60 19/39/19 59/36/59
f 61/40/61 20/41/20 60/38/60
f 62/42/62 21/43/21 61/40/61
f 63/44/63 22/45/22 62/42/62
f 64/46/64 23/47/23 63/44/63
f 65/48/65 24/49/24 64/46/64
f 66/50/66 25/51/25 65/48/65
f 67/52/67 26/53/26 66/50/66
f 68/54/68 27/55/27 67/52/67
f 69/56/69 28/57/28 68/54/68
f 70/58/70 29/59/29 69/56/69
f 71/60/71 30/61/30 70/58/70
f 72/62/72 31/63/31 71/60/71
f 73/64/73 32/65/32 72/62/72
f 74/66/74 33/67/33 73/64/73
f 75/68/75 34/69/34 74/66/74
f 75/68/75 36/70/36 35/71/35
f 76/72/76 37/73/37 36/70/36
f 77/74/77 38/75/38 37/73/37
f 79/76/79 38/75/38 78/77/78
f 80/78/80 39/79/39 79/76/79
f 82/80/82 41/1/41 81/81/81
f 83/82/83 42/4/42 82/80/82
f 83/82/83 44/8/44 43/6/43
f 84/83/84 45/10/45 44/8/44
f 85/84/85 46/13/46 45/10/45
f 86/85/86 47/12/47 46/13/46
f 87/86/87 48/16/48 47/12/47
f 88/87/88 49/18/49 48/16/48
f 89/88/89 50/20/50 49/18/49
f 90/89/90 51/23/51 50/20/50
f 92/90/92 51/23/51 91/91/91
f 93/92/93 52/22/52 92/90/92
f 94/93/94 53/24/53 93/92/93
f 95/94/95 54/26/54 94/93/94
f 96/95/96 55/28/55 95/94/95
f 97/96/97 56/30/56 96/95/96
f 98/97/98 57/32/57 97/96/97
f 98/97/98 59/36/59 58/34/58
f 99/98/99 60/38/60 59/36/59
f 101/99/101 60/38/60 100/100/100
f 102/101/102 61/40/61 101/99/101
f 103/102/103 62/42/62 102/101/102
f 104/103/104 63/44/63 103/102/103
f 105/104/105 64/46/64 104/103/104
f 106/105/106 65/48/65 105/104/105
f 107/106/107 66/50/66 106/105/106
f 108/107/108 67/52/67 107/106/107
f 109/108/109 68/54/68 108/107/108
f 110/109/110 69/56/69 109/108/109
f 111/110/111 70/58/70 110/109/110
f 112/111/112 71/60/71 111/110/111
f 113/112/113 72/62/72 112/111/112
f 114/113/114 73/64/73 113/112/113
f 115/114/115 74/66/74 114/113/114
f 115/114/115 76/72/76 75/68/75
f 116/115/116 77/74/77 76/72/76
f 118/116/118 77/74/77 117/117/117
f 119/118/119 78/77/78 118/116/118
f 120/119/120 79/76/79 119/118/119
f 122/120/122 81/81/81 121/121/121
f 123/122/123 82/80/82 122/120/122
f 123/122/123 84/83/84 83/82/83
f 124/123/124 85/84/85 84/83/84
f 125/124/125 86/85/86 85/84/85
f 126/125/126 87/86/87 86/85/86
f 128/126/128 87/86/87 127/127/127
f 129/128/129 88/87/88 128/126/128
f 130/129/130 89/88/89 129/128/129
f 130/129/130 91/91/91 90/89/90
f 132/130/132 91/91/91 131/131/131
f 133/132/133 92/90/92 132/130/132
f 133/132/133 94/93/94 93/92/93
f 135/133/135 94/93/94 134/134/134
f 136/135/136 95/94/95 135/133/135
f 136/135/136 97/96/97 96/95/96
f 137/136/137 98/97/98 97/96/97
f 138/137/138 99/98/99 98/97/98
f 139/138/139 100/100/100 99/98/99
f 141/139/141 100/100/100 140/140/140
f 141/139/141 102/101/102 101/99/101
f 143/141/143 102/101/102 142/142/142
f 144/143/144 103/102/103 143/141/143
f 145/144/145 104/103/104 144/143/144
f 145/144/145 106/105/106 105/104/105
f 147/145/147 106/105/106 146/146/146
f 147/145/147 108/107/108 107/106/107
f 149/147/149 108/107/108 148/148/148
f 150/149/150 109/108/109 149/147/149
f 151/150/151 110/109/110 150/149/150
f 152/151/152 111/110/111 151/150/151
f 153/152/153 112/111/112 152/151/152
f 154/153/154 113/112/113 153/152/153
f 155/154/155 114/113/114 154/153/154
f 156/155/156 115/114/115 155/154/155
f 157/156/157 116/115/116 156/155/156
f 157/156/157 118/116/118 117/117/117
f 158/157/158 119/118/119 118/116/118
f 160/158/160 119/118/119 159/159/159
f 162/160/162 121/121/121 161/161/161
f 163/162/163 122/120/122 162/160/162
f 163/162/163 124/123/124 123/122/123
f 164/163/164 125/124/125 124/123/124
f 166/164/166 125/124/125 165/165/165
f 167/166/167 126/125/126 166/164/166
f 168/167/168 127/127/127 167/166/167
f 169/168/169 128/126/128 168/167/168
f 170/169/170 129/128/129 169/168/169
f 170/169/170 131/131/131 130/129/130
f 171/170/171 132/130/132 131/131/131
f 172/171/172 133/132/133 132/130/132
f 173/172/173 134/134/134 133/132/133
f 175/173/175 134/134/134 174/174/174
f 176/175/176 135/133/135 175/173/175
f 176/175/176 137/136/137 136/135/136
f 177/176/177 138/137/138 137/136/137
f 178/177/178 139/138/139 138/137/138
f 179/178/179 140/140/140 139/138/139
f 180/179/180 141/139/141 140/140/140
f 181/180/181 142/142/142 141/139/141
f 183/181/183 142/142/142 182/182/182
f 184/183/184 143/141/143 183/181/183
f 185/184/185 144/143/144 184/183/184
f 185/184/185 146/146/146 145/144/145
f 187/185/187 146/146/146 186/186/186
f 187/185/187 148/148/148 147/145/147
f 189/187/189 148/148/148 188/188/188
f 189/187/189 150/149/150 149/147/149
f 191/189/191 150/149/150 190/190/190
f 191/189/191 152/151/152 151/150/151
f 192/191/192 153/152/153 152/151/152
f 194/192/194 153/152/153 193/193/193
f 195/194/195 154/153/154 194/192/194
f 196/195/196 155/154/155 195/194/195
f 197/196/197 156/155/156 196/195/196
f 197/196/197 158/157/158 157/156/157
f 198/197/198 159/159/159 158/157/158
f 200/198/200 159/159/159 199/199/199
f 202/200/202 161/161/161 201/201/201
f 203/202/203 162/160/162 202/200/202
f 203/202/203 164/163/164 163/162/163
f 204/203/204 165/165/165 164/163/164
f 206/204/206 165/165/165 205/205/205
f 207/206/207 166/164/166 206/204/206
f 208/207/208 167/166/167 207/206/207
f 209/208/209 168/167/168 208/207/208
f 210/209/210 169/168/169 209/208/209
f 210/209/210 171/170/171 170/169/170
f 211/210/211 172/171/172 171/170/171
f 212/211/212 173/172/173 172/171/172
f 213/212/213 174/174/174 173/172/173
f 215/213/215 174/174/174 214/214/214
f 216/215/216 175/173/175 215/213/215
f 216/215/216 177/176/177 176/175/176
f 217/216/217 178/177/178 177/176/177
f 218/217/218 179/178/179 178/177/178
f 219/218/219 180/179/180 179/178/179
f 220/219/220 181/180/181 180/179/180
f 221/220/221 182/182/182 181/180/181
f 223/221/223 182/182/182 222/222/222
f 224/223/224 183/181/183 223/221/223
f 225/224/225 184/183/184 224/223/224
f 225/224/225 186/186/186 185/184/185
f 227/225/227 186/186/186 226/226/226
f 228/227/228 187/185/187 227/225/227
f 229/228/229 188/188/188 228/227/228
f 230/229/230 189/187/189 229/228/229
f 230/229/230 191/189/191 190/190/190
f 231/230/231 192/191/192 191/189/191
f 233/231/233 192/191/192 232/232/232
f 234/233/234 193/193/193 233/231/233
f 235/234/235 194/192/194 234/233/234
f 236/235/236 195/194/195 235/234/235
f 237/236/237 196/195/196 236/235/236
f 237/236/237 198/197/198 197/196/197
f 238/237/238 199/199/199 198/197/198
f 240/238/240 199/199/199 239/239/239
f 241/240/241 202/200/202 201/201/201
f 242/241/242 203/202/203 202/200/202
f 244/242/244 203/202/203 243/243/243
f 244/242/244 205/205/205 204/203/204
f 246/244/246 205/205/205 245/245/245
f 247/246/247 206/204/206 246/244/246
f 248/247/248 207/206/207 247/246/247
f 249/248/249 208/207/208 248/247/248
f 250/249/250 209/208/209 249/248/249
f 250/249/250 211/210/211 210/209/210
f 251/250/251 212/211/212 211/210/211
f 252/251/252 213/212/213 212/211/212
f 253/252/253 214/214/214 213/212/213
f 254/253/254 215/213/215 214/214/214
f 256/254/256 215/213/215 255/255/255
f 256/254/256 217/216/217 216/215/216
f 257/256/257 218/217/218 217/216/217
f 258/257/258 219/218/219 218/217/218
f 259/258/259 220/219/220 219/218/219
f 260/259/260 221/220/221 220/219/220
f 262/260/262 221/220/221 261/261/261
f 263/262/263 222/222/222 262/260/262
f 264/263/264 223/221/223 263/262/263
f 265/264/265 224/223/224 264/263/264
f 266/265/266 225/224/225 265/264/265
f 267/266/267 226/226/226 266/265/266
f 267/266/267 228/227/228 227/225/227
f 269/267/269 228/227/228 268/268/268
f 270/269/270 229/228/229 269/267/269
f 271/270/271 230/229/230 270/269/270
f 272/271/272 231/230/231 271/270/271
f 273/272/273 232/232/232 272/271/272
f 274/273/274 233/231/233 273/272/273
f 275/274/275 234/233/234 274/273/274
f 276/275/276 235/234/235 275/274/275
f 277/276/277 236/235/236 276/275/276
f 278/277/278 237/236/237 277/276/277
f 279/278/279 238/237/238 278/277/278
f 279/278/279 240/238/240 239/239/239
f 281/279/281 242/241/242 241/240/241
f 282/280/282 243/243/243 242/241/242
f 284/281/284 243/243/243 283/282/283
f 285/283/285 244/242/244 284/281/284
f 286/284/286 245/245/245 285/283/285
f 287/285/287 246/244/246 286/284/286
f 288/286/288 247/246/247 287/285/287
f 289/287/289 248/247/248 288/286/288
f 290/288/290 249/248/249 289/287/289
f 290/288/290 251/250/251 250/249/250
f 291/289/291 252/251/252 251/250/251
f 292/290/292 253/252/253 252/251/252
f 293/291/293 254/253/254 253/252/253
f 294/292/294 255/255/255 254/253/254
f 295/293/295 256/254/256 255/255/255
f 296/294/296 257/256/257 256/254/256
f 297/295/297 258/257/258 257/256/257
f 298/296/298 259/258/259 258/257/258
f 299/297/299 260/259/260 259/258/259
f 300/298/300 261/261/261 260/259/260
f 302/299/302 261/261/261 301/300/301
f 303/301/303 262/260/262 302/299/302
f 304/302/304 263/262/263 303/301/303
f 305/303/305 264/263/264 304/302/304
f 306/304/306 265/264/265 305/303/305
f 307/305/307 266/265/266 306/304/306
f 308/306/308 267/266/267 307/305/307
f 308/306/308 269/267/269 268/268/268
f 310/307/310 269/267/269 309/308/309
f 311/309/311 270/269/270 310/307/310
f 312/310/312 271/270/271 311/309/311
f 313/311/313 272/271/272 312/310/312
f 314/312/314 273/272/273 313/311/313
f 314/312/314 275/274/275 274/273/274
f 315/313/315 276/275/276 275/274/275
f 317/314/317 276/275/276 316/315/316
f 318/316/318 277/276/277 317/314/317
f 319/317/319 278/277/278 318/316/318
f 319/317/319 280/318/280 279/278/279
f 321/319/321 282/280/282 281/279/281
f 322/320/322 283/282/283 282/280/282
f 324/321/324 283/282/283 323/322/323
f 325/323/325 284/281/284 324/321/324
f 326/324/326 285/283/285 325/323/325
f 327/325/327 286/284/286 326/324/326
f 328/326/328 287/285/287 327/325/327
f 329/327/329 288/286/288 328/326/328
f 330/328/330 289/287/289 329/327/329
f 330/328/330 291/289/291 290/288/290
f 331/329/331 292/290/292 291/289/291
f 332/330/332 293/291/293 292/290/292
f 333/331/333 294/292/294 293/291/293
f 334/332/334 295/293/295 294/292/294
f 335/333/335 296/294/296 295/293/295
f 336/334/336 297/295/297 296/294/296
f 337/335/337 298/296/298 297/295/297
f 338/336/338 299/297/299 298/296/298
f 339/337/339 300/298/300 299/297/299
f 340/338/340 301/300/301 300/298/300
f 342/339/342 301/300/301 341/340/341
f 343/341/343 302/299/302 342/339/342
f 344/342/344 303/301/303 343/341/343
f 345/343/345 304/302/304 344/342/344
f 346/344/346 305/303/305 345/343/345
f 347/345/347 306/304/306 346/344/346
f 347/345/347 308/306/308 307/305/307
f 349/346/349 308/306/308 348/347/348
f 349/346/349 310/307/310 309/308/309
f 351/348/351 310/307/310 350/349/350
f 352/350/352 311/309/311 351/348/351
f 352/350/352 313/311/313 312/310/312
f 353/351/353 314/312/314 313/311/313
f 354/352/354 315/313/315 314/312/314
f 355/353/355 316/315/316 315/313/315
f 356/354/356 317/314/317 316/315/316
f 357/355/357 318/316/318 317/314/317
f 359/356/359 318/316/318 358/357/358
f 359/356/359 320/358/320 319/317/319
f 361/359/361 322/320/322 321/319/321
f 362/360/362 323/322/323 322/320/322
f 364/361/364 323/322/323 363/362/363
f 365/363/365 324/321/324 364/361/364
f 366/364/366 325/323/325 365/363/365
f 367/365/367 326/324/326 366/364/366
f 368/366/368 327/325/327 367/365/367
f 369/367/369 328/326/328 368/366/368
f 370/368/370 329/327/329 369/367/369
f 370/368/370 331/329/331 330/328/330
f 371/369/371 332/330/332 331/329/331
f 372/370/372 333/331/333 332/330/332
f 373/371/373 334/332/334 333/331/333
f 374/372/374 335/333/335 334/332/334
f 375/373/375 336/334/336 335/333/335
f 377/374/377 336/334/336 376/375/376
f 377/374/377 338/336/338 337/335/337
f 378/376/378 339/337/339 338/336/338
f 380/377/380 339/337/339 379/378/379
f 381/379/381 340/338/340 380/377/380
f 382/380/382 341/340/341 381/379/381
f 383/381/383 342/339/342 382/380/382
f 384/382/384 343/341/343 383/381/383
f 385/383/385 344/342/344 384/382/384
f 386/384/386 345/343/345 385/383/385
f 386/384/386 347/345/347 346/344/346
f 388/385/388 347/345/347 387/386/387
f 389/387/389 348/347/348 388/385/388
f 390/388/390 349/346/349 389/387/389
f 390/388/390 351/348/351 350/349/350
f 391/389/391 352/350/352 351/348/351
f 392/390/392 353/351/353 352/350/352
f 393/391/393 354/352/354 353/351/353
f 394/392/394 355/353/355 354/352/354
f 395/393/395 356/354/356 355/353/355
f 397/394/397 356/354/356 396/395/396
f 397/394/397 358/357/358 357/355/357
f 399/396/399 358/357/358 398/397/398
f 399/396/399 360/398/360 359/356/359
f 401/399/401 362/360/362 361/359/361
f 402/400/402 363/362/363 362/360/362
f 404/401/404 363/362/363 403/402/403
f 405/403/405 364/361/364 404/401/404
f 406/404/406 365/363/365 405/403/405
f 407/405/407 366/364/366 406/404/406
f 408/406/408 367/365/367 407/405/407
f 409/407/409 368/366/368 408/406/408
f 409/407/409 370/368/370 369/367/369
f 410/408/410 371/369/371 370/368/370
f 411/409/411 372/370/372 371/369/371
f 412/410/412 373/371/373 372/370/372
f 413/411/413 374/372/374 373/371/373
f 414/412/414 375/373/375 374/372/374
f 416/413/416 375/373/375 415/414/415
f 417/415/417 376/375/376 416/413/416
f 418/416/418 377/374/377 417/415/417
f 419/417/419 378/376/378 418/416/418
f 420/418/420 379/378/379 419/417/419
f 421/419/421 380/377/380 420/418/420
f 422/420/422 381/379/381 421/419/421
f 423/421/423 382/380/382 422/420/422
f 424/422/424 383/381/383 423/421/423
f 425/423/425 384/382/384 424/422/424
f 426/424/426 385/383/385 425/423/425
f 426/424/426 387/386/387 386/384/386
f 427/425/427 388/385/388 387/386/387
f 428/426/428 389/387/389 388/385/388
f 430/427/430 389/387/389 429/428/429
f 430/427/430 391/389/391 390/388/390
f 431/429/431 392/390/392 391/389/391
f 432/430/432 393/391/393 392/390/392
f 433/431/433 394/392/394 393/391/393
f 434/432/434 395/393/395 394/392/394
f 435/433/435 396/395/396 395/393/395
f 437/434/437 396/395/396 436/435/436
f 438/436/438 397/394/397 437/434/437
f 438/436/438 399/396/399 398/397/398
f 440/437/440 399/396/399 439/438/439
f 441/439/441 402/400/402 401/399/401
f 442/440/442 403/402/403 402/400/402
f 444/441/444 403/402/403 443/442/443
f 445/443/445 404/401/404 444/441/444
f 446/444/446 405/403/405 445/443/445
f 447/445/447 406/404/406 446/444/446
f 448/446/448 407/405/407 447/445/447
f 449/447/449 408/406/408 448/446/448
f 450/448/450 409/407/409 449/447/449
f 450/448/450 411/409/411 410/408/410
f 451/449/451 412/410/412 411/409/411
f 452/450/452 413/411/413 412/410/412
f 453/451/453 414/412/414 413/411/413
f 454/452/454 415/414/415 414/412/414
f 456/453/456 415/414/415 455/454/455
f 457/455/457 416/413/416 456/453/456
f 458/456/458 417/415/417 457/455/457
f 459/457/459 418/416/418 458/456/458
f 460/458/460 419/417/419 459/457/459
f 461/459/461 420/418/420 460/458/460
f 462/460/462 421/419/421 461/459/461
f 462/460/462 423/421/423 422/420/422
f 463/461/463 424/422/424 423/421/423
f 465/462/465 424/422/424 464/463/464
f 466/464/466 425/423/425 465/462/465
f 466/464/466 427/425/427 426/424/426
f 467/465/467 428/426/428 427/425/427
f 469/466/469 428/426/428 468/467/468
f 469/466/469 430/427/430 429/428/429
f 470/468/470 431/429/431 430/427/430
f 471/469/471 432/430/432 431/429/431
f 472/470/472 433/431/433 432/430/432
f 473/471/473 434/432/434 433/431/433
f 474/472/474 435/433/435 434/432/434
f 475/473/475 436/435/436 435/433/435
f 477/474/477 436/435/436 476/475/476
f 478/476/478 437/434/437 477/474/477
f 479/477/479 438/436/438 478/476/478
f 479/477/479 440/437/440 439/438/439
f 481/478/481 442/440/442 441/439/441
f 482/479/482 443/442/443 442/440/442
f 484/480/484 443/442/443 483/481/483
f 485/482/485 444/441/444 484/480/484
f 486/483/486 445/443/445 485/482/485
f 487/484/487 446/444/446 486/483/486
f 488/485/488 447/445/447 487/484/487
f 489/486/489 448/446/448 488/485/488
f 490/487/490 449/447/449 489/486/489
f 490/487/490 451/449/451 450/448/450
f 491/488/491 452/450/452 451/449/451
f 492/489/492 453/451/453 452/450/452
f 493/490/493 454/452/454 453/451/453
f 495/491/495 454/452/454 494/492/494
f 496/493/496 455/454/455 495/491/495
f 497/494/497 456/453/456 496/493/496
f 498/495/498 457/455/457 497/494/497
f 499/496/499 458/456/458 498/495/498
f 500/497/500 459/457/459 499/496/499
f 501/498/501 460/458/460 500/497/500
f 502/499/502 461/459/461 501/498/501
f 502/499/502 463/461/463 462/460/462
f 503/500/503 464/463/464 463/461/463
f 505/501/505 464/463/464 504/502/504
f 505/501/505 466/464/466 465/462/465
f 506/503/506 467/465/467 466/464/466
f 507/504/507 468/467/468 467/465/467
f 508/505/508 469/466/469 468/467/468
f 509/506/509 470/468/470 469/466/469
f 510/507/510 471/469/471 470/468/470
f 511/508/511 472/470/472 471/469/471
f 512/509/512 473/471/473 472/470/472
f 513/510/513 474/472/474 473/471/473
f 514/511/514 475/473/475 474/472/474
f 515/512/515 476/475/476 475/473/475
f 517/513/517 476/475/476 516/514/516
f 518/515/518 477/474/477 517/513/517
f 519/516/519 478/476/478 518/515/518
f 519/516/519 480/517/480 479/477/479
f 521/518/521 482/479/482 481/478/481
f 522/519/522 483/481/483 482/479/482
f 524/520/524 483/481/483 523/521/523
f 525/522/525 484/480/484 524/520/524
f 526/523/526 485/482/485 525/522/525
f 527/524/527 486/483/486 526/523/526
f 528/525/528 487/484/487 527/524/527
f 529/526/529 488/485/488 528/525/528
f 530/527/530 489/486/489 529/526/529
f 530/527/530 491/488/491 490/487/490
f 531/528/531 492/489/492 491/488/491
f 532/529/532 493/490/493 492/489/492
f 533/530/533 494/492/494 493/490/493
f 535/531/535 494/492/494 534/532/534
f 536/533/536 495/491/495 535/531/535
f 537/534/537 496/493/496 536/533/536
f 538/535/538 497/494/497 537/534/537
f 539/536/539 498/495/498 538/535/538
f 540/537/540 499/496/499 539/536/539
f 541/538/541 500/497/500 540/537/540
f 542/539/542 501/498/501 541/538/541
f 543/540/543 502/499/502 542/539/542
f 544/541/544 503/500/503 543/540/543
f 545/542/545 504/502/504 544/541/544
f 545/542/545 506/503/506 505/501/505
f 546/543/546 507/504/507 506/503/506
f 547/544/547 508/505/508 507/504/507
f 548/545/548 509/506/509 508/505/508
f 549/546/549 510/507/510 509/506/509
f 550/547/550 511/508/511 510/507/510
f 551/548/551 512/509/512 511/508/511
f 552/549/552 513/510/513 512/509/512
f 553/550/553 514/511/514 513/510/513
f 554/551/554 515/512/515 514/511/514
f 555/552/555 516/514/516 515/512/515
f 557/553/557 516/514/516 556/554/556
f 558/555/558 517/513/517 557/553/557
f 559/556/559 518/515/518 558/555/558
f 560/557/560 519/516/519 559/556/559
f 561/558/561 522/519/522 521/518/521
f 562/559/562 523/521/523 522/519/522
f 564/560/564 523/521/523 563/561/563
f 565/562/565 524/520/524 564/560/564
f 566/563/566 525/522/525 565/562/565
f 567/564/567 526/523/526 566/563/566
f 568/565/568 527/524/527 567/564/567
f 569/566/569 528/525/528 568/565/568
f 570/567/570 529/526/529 569/566/569
f 570/567/570 531/528/531 530/527/530
f 571/568/571 532/529/532 531/528/531
f 572/569/572 533/530/533 532/529/532
f 573/570/573 534/532/534 533/530/533
f 575/571/575 534/532/534 574/572/574
f 576/573/576 535/531/535 575/571/575
f 577/574/577 536/533/536 576/573/576
f 578/575/578 537/534/537 577/574/577
f 579/576/579 538/535/538 578/575/578
f 580/577/580 539/536/539 579/576/579
f 581/578/581 540/537/540 580/577/580
f 582/579/582 541/538/541 581/578/581
f 583/580/583 542/539/542 582/579/582
f 584/581/584 543/540/543 583/580/583
f 584/581/584 545/542/545 544/541/544
f 585/582/585 546/543/546 545/542/545
f 586/583/586 547/544/547 546/543/546
f 587/584/587 548/545/548 547/544/547
f 588/585/588 549/546/549 548/545/548
f 589/586/589 550/547/550 549/546/549
f 590/587/590 551/548/551 550/547/550
f 591/588/591 552/549/552 551/548/551
f 592/589/592 553/550/553 552/549/552
f 593/590/593 554/551/554 553/550/553
f 594/591/594 555/552/555 554/551/554
f 595/592/595 556/554/556 555/552/555
f 597/593/597 556/554/556 596/594/596
f 598/595/598 557/553/557 597/593/597
f 599/596/599 558/555/558 598/595/598
f 599/596/599 560/557/560 559/556/559
f 601/597/601 562/559/562 561/558/561
f 602/598/602 563/561/563 562/559/562
f 603/599/603 564/560/564 563/561/563
f 604/600/604 565/562/565 564/560/564
f 606/601/606 565/562/565 605/602/605
f 607/603/607 566/563/566 606/601/606
f 608/604/608 567/564/567 607/603/607
f 609/605/609 568/565/568 608/604/608
f 610/606/610 569/566/569 609/605/609
f 611/607/611 570/567/570 610/606/610
f 611/607/611 572/569/572 571/568/571
f 612/608/612 573/570/573 572/569/572
f 613/609/613 574/572/574 573/570/573
f 614/610/614 575/571/575 574/572/574
f 616/611/616 575/571/575 615/612/615
f 617/613/617 576/573/576 616/611/616
f 618/614/618 577/574/577 617/613/617
f 619/615/619 578/575/578 618/614/618
f 620/616/620 579/576/579 619/615/619
f 621/617/621 580/577/580 620/616/620
f 622/618/622 581/578/581 621/617/621
f 623/619/623 582/579/582 622/618/622
f 623/619/623 584/581/584 583/580/583
f 624/620/624 585/582/585 584/581/584
f 625/621/625 586/583/586 585/582/585
f 626/622/626 587/584/587 586/583/586
f 627/623/627 588/585/588 587/584/587
f 628/624/628 589/586/589 588/585/588
f 629/625/629 590/587/590 589/586/589
f 630/626/630 591/588/591 590/587/590
f 631/627/631 592/589/592 591/588/591
f 632/628/632 593/590/593 592/589/592
f 633/629/633 594/591/594 593/590/593
f 634/630/634 595/592/595 594/591/594
f 635/631/635 596/594/596 595/592/595
f 637/632/637 596/594/596 636/633/636
f 638/634/638 597/593/597 637/632/637
f 638/634/638 599/596/599 598/595/598
f 639/635/639 600/636/600 599/596/599
f 641/637/641 602/598/602 601/597/601
f 642/638/642 603/599/603 602/598/602
f 643/639/643 604/600/604 603/599/603
f 644/640/644 605/602/605 604/600/604
f 645/641/645 606/601/606 605/602/605
f 647/642/647 606/601/606 646/643/646
f 648/644/648 607/603/607 647/642/647
f 649/645/649 608/604/608 648/644/648
f 650/646/650 609/605/609 649/645/649
f 651/647/651 610/606/610 650/646/650
f 652/648/652 611/607/611 651/647/651
f 652/648/652 613/609/613 612/608/612
f 653/649/653 614/610/614 613/609/613
f 654/650/654 615/612/615 614/610/614
f 656/651/656 615/612/615 655/652/655
f 656/651/656 617/613/617 616/611/616
f 657/653/657 618/614/618 617/613/617
f 658/654/658 619/615/619 618/614/618
f 659/655/659 620/616/620 619/615/619
f 661/656/661 620/616/620 660/657/660
f 662/658/662 621/617/621 661/656/661
f 663/659/663 622/618/622 662/658/662
f 663/659/663 624/620/624 623/619/623
f 664/660/664 625/621/625 624/620/624
f 665/661/665 626/622/626 625/621/625
f 666/662/666 627/623/627 626/622/626
f 667/663/667 628/624/628 627/623/627
f 668/664/668 629/625/629 628/624/628
f 670/665/670 629/625/629 669/666/669
f 671/667/671 630/626/630 670/665/670
f 672/668/672 631/627/631 671/667/671
f 672/668/672 633/629/633 632/628/632
f 673/669/673 634/630/634 633/629/633
f 675/670/675 634/630/634 674/671/674
f 676/672/676 635/631/635 675/670/675
f 676/672/676 637/632/637 636/633/636
f 677/673/677 638/634/638 637/632/637
f 678/674/678 639/635/639 638/634/638
f 679/675/679 640/676/640 639/635/639
f 681/677/681 642/638/642 641/637/641
f 682/678/682 643/639/643 642/638/642
f 683/679/683 644/640/644 643/639/643
f 684/680/684 645/641/645 644/640/644
f 685/681/685 646/643/646 645/641/645
f 687/682/687 646/643/646 686/683/686
f 688/684/688 647/642/647 687/682/687
f 689/685/689 648/644/648 688/684/688
f 690/686/690 649/645/649 689/685/689
f 691/687/691 650/646/650 690/686/690
f 692/688/692 651/647/651 691/687/691
f 692/688/692 653/649/653 652/648/652
f 693/689/693 654/650/654 653/649/653
f 694/690/694 655/652/655 654/650/654
f 695/691/695 656/651/656 655/652/655
f 696/692/696 657/653/657 656/651/656
f 697/693/697 658/654/658 657/653/657
f 698/694/698 659/655/659 658/654/658
f 699/695/699 660/657/660 659/655/659
f 700/696/700 661/656/661 660/657/660
f 701/697/701 662/658/662 661/656/661
f 702/698/702 663/659/663 662/658/662
f 703/699/703 664/660/664 663/659/663
f 704/700/704 665/661/665 664/660/664
f 705/701/705 666/662/666 665/661/665
f 706/702/706 667/663/667 666/662/666
f 707/703/707 668/664/668 667/663/667
f 708/704/708 669/666/669 668/664/668
f 710/705/710 669/666/669 709/706/709
f 711/707/711 670/665/670 710/705/710
f 712/708/712 671/667/671 711/707/711
f 712/708/712 673/669/673 672/668/672
f 713/709/713 674/671/674 673/669/673
f 714/710/714 675/670/675 674/671/674
f 715/711/715 676/672/676 675/670/675
f 716/712/716 677/673/677 676/672/676
f 717/713/717 678/674/678 677/673/677
f 718/714/718 679/675/679 678/674/678
f 719/715/719 680/716/680 679/675/679
f 722/717/722 681/677/681 721/718/721
f 722/717/722 683/679/683 682/678/682
f 723/719/723 684/680/684 683/679/683
f 724/720/724 685/681/685 684/680/684
f 725/721/725 686/683/686 685/681/685
f 727/722/727 686/683/686 726/723/726
f 728/724/728 687/682/687 727/722/727
f 729/725/729 688/684/688 728/724/728
f 730/726/730 689/685/689 729/725/729
f 731/727/731 690/686/690 730/726/730
f 731/727/731 692/688/692 691/687/691
f 732/728/732 693/689/693 692/688/692
f 733/729/733 694/690/694 693/689/693
f 734/730/734 695/691/695 694/690/694
f 735/731/735 696/692/696 695/691/695
f 736/732/736 697/693/697 696/692/696
f 737/733/737 698/694/698 697/693/697
f 738/734/738 699/695/699 698/694/698
f 740/735/740 699/695/699 739/736/739
f 740/735/740 701/697/701 700/696/700
f 741/737/741 702/698/702 701/697/701
f 742/738/742 703/699/703 702/698/702
f 743/739/743 704/700/704 703/699/703
f 744/740/744 705/701/705 704/700/704
f 745/741/745 706/702/706 705/701/705
f 746/742/746 707/703/707 706/702/706
f 747/743/747 708/704/708 707/703/707
f 748/744/748 709/706/709 708/704/708
f 750/745/750 709/706/709 749/746/749
f 751/747/751 710/705/710 750/745/750
f 752/748/752 711/707/711 751/747/751
f 753/749/753 712/708/712 752/748/752
f 753/749/753 714/710/714 713/709/713
f 754/750/754 715/711/715 714/710/714
f 755/751/755 716/712/716 715/711/715
f 756/752/756 717/713/717 716/712/716
f 757/753/757 718/714/718 717/713/717
f 758/754/758 719/715/719 718/714/718
f 760/755/760 719/715/719 759/756/759
f 762/757/762 721/718/721 761/758/761
f 762/757/762 723/719/723 722/717/722
f 763/759/763 724/720/724 723/719/723
f 764/760/764 725/721/725 724/720/724
f 765/761/765 726/723/726 725/721/725
f 767/762/767 726/723/726 766/763/766
f 768/764/768 727/722/727 767/762/767
f 769/765/769 728/724/728 768/764/768
f 770/766/770 729/725/729 769/765/769
f 771/767/771 730/726/730 770/766/770
f 772/768/772 731/727/731 771/767/771
f 772/768/772 733/729/733 732/728/732
f 773/769/773 734/730/734 733/729/733
f 774/770/774 735/731/735 734/730/734
f 775/771/775 736/732/736 735/731/735
f 776/772/776 737/733/737 736/732/736
f 777/773/777 738/734/738 737/733/737
f 779/774/779 738/734/738 778/775/778
f 780/776/780 739/736/739 779/774/779
f 781/777/781 740/735/740 780/776/780
f 781/777/781 742/738/742 741/737/741
f 782/778/782 743/739/743 742/738/742
f 783/779/783 744/740/744 743/739/743
f 784/780/784 745/741/745 744/740/744
f 785/781/785 746/742/746 745/741/745
f 786/782/786 747/743/747 746/742/746
f 787/783/787 748/744/748 747/743/747
f 788/784/788 749/746/749 748/744/748
f 790/785/790 749/746/749 789/786/789
f 791/787/791 750/745/750 790/785/790
f 792/788/792 751/747/751 791/787/791
f 793/789/793 752/748/752 792/788/792
f 793/789/793 754/750/754 753/749/753
f 794/790/794 755/751/755 754/750/754
f 795/791/795 756/752/756 755/751/755
f 796/792/796 757/753/757 756/752/756
f 797/793/797 758/754/758 757/753/757
f 799/794/799 758/754/758 798/795/798
f 799/794/799 760/755/760 759/756/759
f 802/796/802 761/758/761 801/797/801
f 802/796/802 763/759/763 762/757/762
f 803/798/803 764/760/764 763/759/763
f 804/799/804 765/761/765 764/760/764
f 805/800/805 766/763/766 765/761/765
f 807/801/807 766/763/766 806/802/806
f 808/803/808 767/762/767 807/801/807
f 809/804/809 768/764/768 808/803/808
f 810/805/810 769/765/769 809/804/809
f 811/806/811 770/766/770 810/805/810
f 812/807/812 771/767/771 811/806/811
f 813/808/813 772/768/772 812/807/812
f 813/808/813 774/770/774 773/769/773
f 814/809/814 775/771/775 774/770/774
f 815/810/815 776/772/776 775/771/775
f 816/811/816 777/773/777 776/772/776
f 817/812/817 778/775/778 777/773/777
f 818/813/818 779/774/779 778/775/778
f 820/814/820 779/774/779 819/815/819
f 820/814/820 781/777/781 780/776/780
f 821/816/821 782/778/782 781/777/781
f 822/817/822 783/779/783 782/778/782
f 823/818/823 784/780/784 783/779/783
f 824/819/824 785/781/785 784/780/784
f 825/820/825 786/782/786 785/781/785
f 826/821/826 787/783/787 786/782/786
f 827/822/827 788/784/788 787/783/787
f 829/823/829 788/784/788 828/824/828
f 830/825/830 789/786/789 829/823/829
f 831/826/831 790/785/790 830/825/830
f 832/827/832 791/787/791 831/826/831
f 833/828/833 792/788/792 832/827/832
f 833/828/833 794/790/794 793/789/793
f 834/829/834 795/791/795 794/790/794
f 835/830/835 796/792/796 795/791/795
f 836/831/836 797/793/797 796/792/796
f 838/832/838 797/793/797 837/833/837
f 839/834/839 798/795/798 838/832/838
f 839/834/839 800/835/800 799/794/799
f 842/836/842 801/797/801 841/837/841
f 842/836/842 803/798/803 802/796/802
f 843/838/843 804/799/804 803/798/803
f 844/839/844 805/800/805 804/799/804
f 845/840/845 806/802/806 805/800/805
f 847/841/847 806/802/806 846/842/846
f 848/843/848 807/801/807 847/841/847
f 849/844/849 808/803/808 848/843/848
f 850/845/850 809/804/809 849/844/849
f 851/846/851 810/805/810 850/845/850
f 852/847/852 811/806/811 851/846/851
f 853/848/853 812/807/812 852/847/852
f 853/848/853 814/809/814 813/808/813
f 854/849/854 815/810/815 814/809/814
f 855/850/855 816/811/816 815/810/815
f 856/851/856 817/812/817 816/811/816
f 857/852/857 818/813/818 817/812/817
f 858/853/858 819/815/819 818/813/818
f 859/854/859 820/814/820 819/815/819
f 860/855/860 821/816/821 820/814/820
f 861/856/861 822/817/822 821/816/821
f 862/857/862 823/818/823 822/817/822
f 863/858/863 824/819/824 823/818/823
f 864/859/864 825/820/825 824/819/824
f 865/860/865 826/821/826 825/820/825
f 866/861/866 827/822/827 826/821/826
f 867/862/867 828/824/828 827/822/827
f 869/863/869 828/824/828 868/864/868
f 870/865/870 829/823/829 869/863/869
f 871/866/871 830/825/830 870/865/870
f 872/867/872 831/826/831 871/866/871
f 873/868/873 832/827/832 872/867/872
f 873/868/873 834/829/834 833/828/833
f 874/869/874 835/830/835 834/829/834
f 875/870/875 836/831/836 835/830/835
f 877/871/877 836/831/836 876/872/876
f 878/873/878 837/833/837 877/871/877
f 879/874/879 838/832/838 878/873/878
f 879/874/879 840/875/840 839/834/839
f 882/876/882 841/837/841 881/877/881
f 882/876/882 843/838/843 842/836/842
f 883/878/883 844/839/844 843/838/843
f 884/879/884 845/840/845 844/839/844
f 885/880/885 846/842/846 845/840/845
f 887/881/887 846/842/846 886/882/886
f 888/883/888 847/841/847 887/881/887
f 889/884/889 848/843/848 888/883/888
f 890/885/890 849/844/849 889/884/889
f 891/886/891 850/845/850 890/885/890
f 892/887/892 851/846/851 891/886/891
f 893/888/893 852/847/852 892/887/892
f 893/888/893 854/849/854 853/848/853
f 894/889/894 855/850/855 854/849/854
f 895/890/895 856/851/856 855/850/855
f 896/891/896 857/852/857 856/851/856
f 897/892/897 858/853/858 857/852/857
f 898/893/898 859/854/859 858/853/858
f 899/894/899 860/855/860 859/854/859
f 900/895/900 861/856/861 860/855/860
f 901/896/901 862/857/862 861/856/861
f 902/897/902 863/858/863 862/857/862
f 903/898/903 864/859/864 863/858/863
f 904/899/904 865/860/865 864/859/864
f 905/900/905 866/861/866 865/860/865
f 906/901/906 867/862/867 866/861/866
f 908/902/908 867/862/867 907/903/907
f 909/904/909 868/864/868 908/902/908
f 910/905/910 869/863/869 909/904/909
f 911/906/911 870/865/870 910/905/910
f 912/907/912 871/866/871 911/906/911
f 912/907/912 873/868/873 872/867/872
f 913/908/913 874/869/874 873/868/873
f 914/909/914 875/870/875 874/869/874
f 915/910/915 876/872/876 875/870/875
f 917/911/917 876/872/876 916/912/916
f 918/913/918 877/871/877 917/911/917
f 919/914/919 878/873/878 918/913/918
f 919/914/919 880/915/880 879/874/879
f 921/916/921 882/876/882 881/877/881
f 922/917/922 883/878/883 882/876/882
f 923/918/923 884/879/884 883/878/883
f 924/919/924 885/880/885 884/879/884
f 925/920/925 886/882/886 885/880/885
f 927/921/927 886/882/886 926/922/926
f 928/923/928 887/881/887 927/921/927
f 929/924/929 888/883/888 928/923/928
f 930/925/930 889/884/889 929/924/929
f 931/926/931 890/885/890 930/925/930
f 932/927/932 891/886/891 931/926/931
f 932/927/932 893/888/893 892/887/892
f 933/928/933 894/889/894 893/888/893
f 934/929/934 895/890/895 894/889/894
f 935/930/935 896/891/896 895/890/895
f 936/931/936 897/892/897 896/891/896
f 937/932/937 898/893/898 897/892/897
f 938/933/938 899/894/899 898/893/898
f 939/934/939 900/895/900 899/894/899
f 940/935/940 901/896/901 900/895/900
f 941/936/941 902/897/902 901/896/901
f 942/937/942 903/898/903 902/897/902
f 943/938/943 904/899/904 903/898/903
f 944/939/944 905/900/905 904/899/904
f 945/940/945 906/901/906 905/900/905
f 946/941/946 907/903/907 906/901/906
f 948/942/948 907/903/907 947/943/947
f 949/944/949 908/902/908 948/942/948
f 950/945/950 909/904/909 949/944/949
f 951/946/951 910/905/910 950/945/950
f 952/947/952 911/906/911 951/946/951
f 952/947/952 913/908/913 912/907/912
f 953/948/953 914/909/914 913/908/913
f 954/949/954 915/910/915 914/909/914
f 955/950/955 916/912/916 915/910/915
f 956/951/956 917/911/917 916/912/916
f 958/952/958 917/911/917 957/953/957
f 958/952/958 919/914/919 918/913/918
f 959/954/959 920/955/920 919/914/919
f 961/956/961 922/917/922 921/916/921
f 962/957/962 923/918/923 922/917/922
f 963/958/963 924/919/924 923/918/923
f 964/959/964 925/920/925 924/919/924
f 966/960/966 925/920/925 965/961/965
f 967/962/967 926/922/926 966/960/966
f 968/963/968 927/921/927 967/962/967
f 969/964/969 928/923/928 968/963/968
f 970/965/970 929/924/929 969/964/969
f 971/966/971 930/925/930 970/965/970
f 972/967/972 931/926/931 971/966/971
f 972/967/972 933/928/933 932/927/932
f 973/968/973 934/929/934 933/928/933
f 974/969/974 935/930/935 934/929/934
f 975/970/975 936/931/936 935/930/935
f 976/971/976 937/932/937 936/931/936
f 977/972/977 938/933/938 937/932/937
f 978/973/978 939/934/939 938/933/938
f 979/974/979 940/935/940 939/934/939
f 980/975/980 941/936/941 940/935/940
f 981/976/981 942/937/942 941/936/941
f 982/977/982 943/938/943 942/937/942
f 983/978/983 944/939/944 943/938/943
f 984/979/984 945/940/945 944/939/944
f 985/980/985 946/941/946 945/940/945
f 986/981/986 947/943/947 946/941/946
f 988/982/988 947/943/947 987/983/987
f 989/984/989 948/942/948 988/982/988
f 990/985/990 949/944/949 989/984/989
f 991/986/991 950/945/950 990/985/990
f 991/986/991 952/947/952 951/946/951
f 992/987/992 953/948/953 952/947/952
f 993/988/993 954/949/954 953/948/953
f 994/989/994 955/950/955 954/949/954
f 995/990/995 956/951/956 955/950/955
f 996/991/996 957/953/957 956/951/956
f 998/992/998 957/953/957 997/993/997
f 998/992/998 959/954/959 958/952/958
f 1000/994/1000 959/954/959 999/995/999
f 1001/996/1001 962/957/962 961/956/961
f 1002/997/1002 963/958/963 962/957/962
f 1003/998/1003 964/959/964 963/958/963
f 1004/999/1004 965/961/965 964/959/964
f 1006/1000/1006 965/961/965 1005/1001/1005
f 1007/1002/1007 966/960/966 1006/1000/1006
f 1008/1003/1008 967/962/967 1007/1002/1007
f 1009/1004/1009 968/963/968 1008/1003/1008
f 1010/1005/1010 969/964/969 1009/1004/1009
f 1011/1006/1011 970/965/970 1010/1005/1010
f 1012/1007/1012 971/966/971 1011/1006/1011
f 1012/1007/1012 973/968/973 972/967/972
f 1013/1008/1013 974/969/974 973/968/973
f 1014/1009/1014 975/970/975 974/969/974
f 1015/1010/1015 976/971/976 975/970/975
f 1016/1011/1016 977/972/977 976/971/976
f 1017/1012/1017 978/973/978 977/972/977
f 1018/1013/1018 979/974/979 978/973/978
f 1019/1014/1019 980/975/980 979/974/979
f 1020/1015/1020 981/976/981 980/975/980
f 1021/1016/1021 982/977/982 981/976/981
f 1022/1017/1022 983/978/983 982/977/982
f 1023/1018/1023 984/979/984 983/978/983
f 1024/1019/1024 985/980/985 984/979/984
f 1025/1020/1025 986/981/986 985/980/985
f 1026/1021/1026 987/983/987 986/981/986
f 1027/1022/1027 988/982/988 987/983/987
f 1029/1023/1029 988/982/988 1028/1024/1028
f 1030/1025/1030 989/984/989 1029/1023/1029
f 1030/1025/1030 991/986/991 990/985/990
f 1031/1026/1031 992/987/992 991/986/991
f 1032/1027/1032 993/988/993 992/987/992
f 1033/1028/1033 994/989/994 993/988/993
f 1034/1029/1034 995/990/995 994/989/994
f 1035/1030/1035 996/991/996 995/990/995
f 1036/1031/1036 997/993/997 996/991/996
f 1037/1032/1037 998/992/998 997/993/997
f 1038/1033/1038 999/995/999 998/992/998
f 1040/1034/1040 999/995/999 1039/1035/1039
f 1042/1036/1042 1001/996/1001 1041/1037/1041
f 1042/1036/1042 1003/998/1003 1002/997/1002
f 1043/1038/1043 1004/999/1004 1003/998/1003
f 1044/1039/1044 1005/1001/1005 1004/999/1004
f 1046/1040/1046 1005/1001/1005 1045/1041/1045
f 1047/1042/1047 1006/1000/1006 1046/1040/1046
f 1048/1043/1048 1007/1002/1007 1047/1042/1047
f 1049/1044/1049 1008/1003/1008 1048/1043/1048
f 1050/1045/1050 1009/1004/1009 1049/1044/1049
f 1051/1046/1051 1010/1005/1010 1050/1045/1050
f 1052/1047/1052 1011/1006/1011 1051/1046/1051
f 1053/1048/1053 1012/1007/1012 1052/1047/1052
f 1053/1048/1053 1014/1009/1014 1013/1008/1013
f 1055/1049/1055 1014/1009/1014 1054/1050/1054
f 1055/1049/1055 1016/1011/1016 1015/1010/1015
f 1056/1051/1056 1017/1012/1017 1016/1011/1016
f 1057/1052/1057 1018/1013/1018 1017/1012/1017
f 1058/1053/1058 1019/1014/1019 1018/1013/1018
f 1059/1054/1059 1020/1015/1020 1019/1014/1019
f 1060/1055/1060 1021/1016/1021 1020/1015/1020
f 1062/1056/1062 1021/1016/1021 1061/1057/1061
f 1062/1056/1062 1023/1018/1023 1022/1017/1022
f 1063/1058/1063 1024/1019/1024 1023/1018/1023
f 1064/1059/1064 1025/1020/1025 1024/1019/1024
f 1065/1060/1065 1026/1021/1026 1025/1020/1025
f 1066/1061/1066 1027/1022/1027 1026/1021/1026
f 1068/1062/1068 1027/1022/1027 1067/1063/1067
f 1069/1064/1069 1028/1024/1028 1068/1062/1068
f 1070/1065/1070 1029/1023/1029 1069/1064/1069
f 1070/1065/1070 1031/1026/1031 1030/1025/1030
f 1071/1066/1071 1032/1027/1032 1031/1026/1031
f 1072/1067/1072 1033/1028/1033 1032/1027/1032
f 1073/1068/1073 1034/1029/1034 1033/1028/1033
f 1074/1069/1074 1035/1030/1035 1034/1029/1034
f 1075/1070/1075 1036/1031/1036 1035/1030/1035
f 1076/1071/1076 1037/1032/1037 1036/1031/1036
f 1077/1072/1077 1038/1033/1038 1037/1032/1037
f 1078/1073/1078 1039/1035/1039 1038/1033/1038
f 1079/1074/1079 1040/1034/1040 1039/1035/1039
f 1082/1075/1082 1041/1037/1041 1081/1076/1081
f 1083/1077/1083 1042/1036/1042 1082/1075/1082
f 1083/1077/1083 1044/1039/1044 1043/1038/1043
f 1084/1078/1084 1045/1041/1045 1044/1039/1044
f 1085/1079/1085 1046/1040/1046 1045/1041/1045
f 1086/1080/1086 1047/1042/1047 1046/1040/1046
f 1088/1081/1088 1047/1042/1047 1087/1082/1087
f 1089/1083/1089 1048/1043/1048 1088/1081/1088
f 1090/1084/1090 1049/1044/1049 1089/1083/1089
f 1091/1085/1091 1050/1045/1050 1090/1084/1090
f 1092/1086/1092 1051/1046/1051 1091/1085/1091
f 1093/1087/1093 1052/1047/1052 1092/1086/1092
f 1094/1088/1094 1053/1048/1053 1093/1087/1093
f 1095/1089/1095 1054/1050/1054 1094/1088/1094
f 1096/1090/1096 1055/1049/1055 1095/1089/1095
f 1096/1090/1096 1057/1052/1057 1056/1051/1056
f 1097/1091/1097 1058/1053/1058 1057/1052/1057
f 1098/1092/1098 1059/1054/1059 1058/1053/1058
f 1099/1093/1099 1060/1055/1060 1059/1054/1059
f 1100/1094/1100 1061/1057/1061 1060/1055/1060
f 1102/1095/1102 1061/1057/1061 1101/1096/1101
f 1102/1095/1102 1063/1058/1063 1062/1056/1062
f 1103/1097/1103 1064/1059/1064 1063/1058/1063
f 1104/1098/1104 1065/1060/1065 1064/1059/1064
f 1105/1099/1105 1066/1061/1066 1065/1060/1065
f 1106/1100/1106 1067/1063/1067 1066/1061/1066
f 1107/1101/1107 1068/1062/1068 1067/1063/1067
f 1109/1102/1109 1068/1062/1068 1108/1103/1108
f 1110/1104/1110 1069/1064/1069 1109/1102/1109
f 1110/1104/1110 1071/1066/1071 1070/1065/1070
f 1111/1105/1111 1072/1067/1072 1071/1066/1071
f 1112/1106/1112 1073/1068/1073 1072/1067/1072
f 1113/1107/1113 1074/1069/1074 1073/1068/1073
f 1114/1108/1114 1075/1070/1075 1074/1069/1074
f 1115/1109/1115 1076/1071/1076 1075/1070/1075
f 1116/1110/1116 1077/1072/1077 1076/1071/1076
f 1117/1111/1117 1078/1073/1078 1077/1072/1077
f 1118/1112/1118 1079/1074/1079 1078/1073/1078
f 1119/1113/1119 1080/1114/1080 1079/1074/1079
f 1122/1115/1122 1081/1076/1081 1121/1116/1121
f 1122/1115/1122 1083/1077/1083 1082/1075/1082
f 1123/1117/1123 1084/1078/1084 1083/1077/1083
f 1124/1118/1124 1085/1079/1085 1084/1078/1084
f 1125/1119/1125 1086/1080/1086 1085/1079/1085
f 1126/1120/1126 1087/1082/1087 1086/1080/1086
f 1127/1121/1127 1088/1081/1088 1087/1082/1087
f 1129/1122/1129 1088/1081/1088 1128/1123/1128
f 1130/1124/1130 1089/1083/1089 1129/1122/1129
f 1131/1125/1131 1090/1084/1090 1130/1124/1130
f 1132/1126/1132 1091/1085/1091 1131/1125/1131
f 1133/1127/1133 1092/1086/1092 1132/1126/1132
f 1134/1128/1134 1093/1087/1093 1133/1127/1133
f 1135/1129/1135 1094/1088/1094 1134/1128/1134
f 1136/1130/1136 1095/1089/1095 1135/1129/1135
f 1137/1131/1137 1096/1090/1096 1136/1130/1136
f 1137/1131/1137 1098/1092/1098 1097/1091/1097
f 1138/1132/1138 1099/1093/1099 1098/1092/1098
f 1139/1133/1139 1100/1094/1100 1099/1093/1099
f 1141/1134/1141 1100/1094/1100 1140/1135/1140
f 1142/1136/1142 1101/1096/1101 1141/1134/1141
f 1143/1137/1143 1102/1095/1102 1142/1136/1142
f 1143/1137/1143 1104/1098/1104 1103/1097/1103
f 1144/1138/1144 1105/1099/1105 1104/1098/1104
f 1145/1139/1145 1106/1100/1106 1105/1099/1105
f 1146/1140/1146 1107/1101/1107 1106/1100/1106
f 1147/1141/1147 1108/1103/1108 1107/1101/1107
f 1148/1142/1148 1109/1102/1109 1108/1103/1108
f 1149/1143/1149 1110/1104/1110 1109/1102/1109
f 1150/1144/1150 1111/1105/1111 1110/1104/1110
f 1151/1145/1151 1112/1106/1112 1111/1105/1111
f 1152/1146/1152 1113/1107/1113 1112/1106/1112
f 1153/1147/1153 1114/1108/1114 1113/1107/1113
f 1154/1148/1154 1115/1109/1115 1114/1108/1114
f 1155/1149/1155 1116/1110/1116 1115/1109/1115
f 1156/1150/1156 1117/1111/1117 1116/1110/1116
f 1157/1151/1157 1118/1112/1118 1117/1111/1117
f 1158/1152/1158 1119/1113/1119 1118/1112/1118
f 1159/1153/1159 1120/1154/1120 1119/1113/1119
f 1161/1155/1161 1122/1115/1122 1121/1116/1121
f 1162/1156/1162 1123/1117/1123 1122/1115/1122
f 1163/1157/1163 1124/1118/1124 1123/1117/1123
f 1164/1158/1164 1125/1119/1125 1124/1118/1124
f 1165/1159/1165 1126/1120/1126 1125/1119/1125
f 1166/1160/1166 1127/1121/1127 1126/1120/1126
f 1167/1161/1167 1128/1123/1128 1127/1121/1127
f 1169/1162/1169 1128/1123/1128 1168/1163/1168
f 1170/1164/1170 1129/1122/1129 1169/1162/1169
f 1171/1165/1171 1130/1124/1130 1170/1164/1170
f 1172/1166/1172 1131/1125/1131 1171/1165/1171
f 1173/1167/1173 1132/1126/1132 1172/1166/1172
f 1174/1168/1174 1133/1127/1133 1173/1167/1173
f 1175/1169/1175 1134/1128/1134 1174/1168/1174
f 1176/1170/1176 1135/1129/1135 1175/1169/1175
f 1177/1171/1177 1136/1130/1136 1176/1170/1176
f 1177/1171/1177 1138/1132/1138 1137/1131/1137
f 1178/1172/1178 1139/1133/1139 1138/1132/1138
f 1179/1173/1179 1140/1135/1140 1139/1133/1139
f 1180/1174/1180 1141/1134/1141 1140/1135/1140
f 1181/1175/1181 1142/1136/1142 1141/1134/1141
f 1183/1176/1183 1142/1136/1142 1182/1177/1182
f 1184/1178/1184 1143/1137/1143 1183/1176/1183
f 1185/1179/1185 1144/1138/1144 1184/1178/1184
f 1186/1180/1186 1145/1139/1145 1185/1179/1185
f 1186/1180/1186 1147/1141/1147 1146/1140/1146
f 1187/1181/1187 1148/1142/1148 1147/1141/1147
f 1188/1182/1188 1149/1143/1149 1148/1142/1148
f 1189/1183/1189 1150/1144/1150 1149/1143/1149
f 1191/1184/1191 1150/1144/1150 1190/1185/1190
f 1192/1186/1192 1151/1145/1151 1191/1184/1191
f 1192/1186/1192 1153/1147/1153 1152/1146/1152
f 1193/1187/1193 1154/1148/1154 1153/1147/1153
f 1194/1188/1194 1155/1149/1155 1154/1148/1154
f 1195/1189/1195 1156/1150/1156 1155/1149/1155
f 1196/1190/1196 1157/1151/1157 1156/1150/1156
f 1197/1191/1197 1158/1152/1158 1157/1151/1157
f 1198/1192/1198 1159/1153/1159 1158/1152/1158
f 1199/1193/1199 1160/1194/1160 1159/1153/1159
f 1201/1195/1201 1162/1156/1162 1161/1155/1161
f 1202/1196/1202 1163/1157/1163 1162/1156/1162
f 1203/1197/1203 1164/1158/1164 1163/1157/1163
f 1204/1198/1204 1165/1159/1165 1164/1158/1164
f 1205/1199/1205 1166/1160/1166 1165/1159/1165
f 1206/1200/1206 1167/1161/1167 1166/1160/1166
f 1208/1201/1208 1167/1161/1167 1207/1202/1207
f 1209/1203/1209 1168/1163/1168 1208/1201/1208
f 1210/1204/1210 1169/1162/1169 1209/1203/1209
f 1211/1205/1211 1170/1164/1170 1210/1204/1210
f 1212/1206/1212 1171/1165/1171 1211/1205/1211
f 1212/1206/1212 1173/1167/1173 1172/1166/1172
f 1213/1207/1213 1174/1168/1174 1173/1167/1173
f 1215/1208/1215 1174/1168/1174 1214/1209/1214
f 1216/1210/1216 1175/1169/1175 1215/1208/1215
f 1217/1211/1217 1176/1170/1176 1216/1210/1216
f 1218/1212/1218 1177/1171/1177 1217/1211/1217
f 1218/1212/1218 1179/1173/1179 1178/1172/1178
f 1219/1213/1219 1180/1174/1180 1179/1173/1179
f 1220/1214/1220 1181/1175/1181 1180/1174/1180
f 1221/1215/1221 1182/1177/1182 1181/1175/1181
f 1222/1216/1222 1183/1176/1183 1182/1177/1182
f 1224/1217/1224 1183/1176/1183 1223/1218/1223
f 1225/1219/1225 1184/1178/1184 1224/1217/1224
f 1226/1220/1226 1185/1179/1185 1225/1219/1225
f 1227/1221/1227 1186/1180/1186 1226/1220/1226
f 1227/1221/1227 1188/1182/1188 1187/1181/1187
f 1228/1222/1228 1189/1183/1189 1188/1182/1188
f 1229/1223/1229 1190/1185/1190 1189/1183/1189
f 1231/1224/1231 1190/1185/1190 1230/1225/1230
f 1232/1226/1232 1191/1184/1191 1231/1224/1231
f 1233/1227/1233 1192/1186/1192 1232/1226/1232
f 1233/1227/1233 1194/1188/1194 1193/1187/1193
f 1234/1228/1234 1195/1189/1195 1194/1188/1194
f 1235/1229/1235 1196/1190/1196 1195/1189/1195
f 1236/1230/1236 1197/1191/1197 1196/1190/1196
f 1237/1231/1237 1198/1192/1198 1197/1191/1197
f 1238/1232/1238 1199/1193/1199 1198/1192/1198
f 1239/1233/1239 1200/1234/1200 1199/1193/1199
f 1241/1235/1241 1202/1196/1202 1201/1195/1201
f 1242/1236/1242 1203/1197/1203 1202/1196/1202
f 1243/1237/1243 1204/1198/1204 1203/1197/1203
f 1244/1238/1244 1205/1199/1205 1204/1198/1204
f 1245/1239/1245 1206/1200/1206 1205/1199/1205
f 1246/1240/1246 1207/1202/1207 1206/1200/1206
f 1247/1241/1247 1208/1201/1208 1207/1202/1207
f 1248/1242/1248 1209/1203/1209 1208/1201/1208
f 1250/1243/1250 1209/1203/1209 1249/1244/1249
f 1251/1245/1251 1210/1204/1210 1250/1243/1250
f 1251/1245/1251 1212/1206/1212 1211/1205/1211
f 1252/1246/1252 1213/1207/1213 1212/1206/1212
f 1253/1247/1253 1214/1209/1214 1213/1207/1213
f 1254/1248/1254 1215/1208/1215 1214/1209/1214
f 1256/1249/1256 1215/1208/1215 1255/1250/1255
f 1257/1251/1257 1216/1210/1216 1256/1249/1256
f 1257/1251/1257 1218/1212/1218 1217/1211/1217
f 1258/1252/1258 1219/1213/1219 1218/1212/1218
f 1259/1253/1259 1220/1214/1220 1219/1213/1219
f 1260/1254/1260 1221/1215/1221 1220/1214/1220
f 1261/1255/1261 1222/1216/1222 1221/1215/1221
f 1263/1256/1263 1222/1216/1222 1262/1257/1262
f 1264/1258/1264 1223/1218/1223 1263/1256/1263
f 1265/1259/1265 1224/1217/1224 1264/1258/1264
f 1266/1260/1266 1225/1219/1225 1265/1259/1265
f 1267/1261/1267 1226/1220/1226 1266/1260/1266
f 1267/1261/1267 1228/1222/1228 1227/1221/1227
f 1268/1262/1268 1229/1223/1229 1228/1222/1228
f 1269/1263/1269 1230/1225/1230 1229/1223/1229
f 1271/1264/1271 1230/1225/1230 1270/1265/1270
f 1272/1266/1272 1231/1224/1231 1271/1264/1271
f 1273/1267/1273 1232/1226/1232 1272/1266/1272
f 1274/1268/1274 1233/1227/1233 1273/1267/1273
f 1274/1268/1274 1235/1229/1235 1234/1228/1234
f 1275/1269/1275 1236/1230/1236 1235/1229/1235
f 1276/1270/1276 1237/1231/1237 1236/1230/1236
f 1277/1271/1277 1238/1232/1238 1237/1231/1237
f 1279/1272/1279 1238/1232/1238 1278/1273/1278
f 1279/1272/1279 1240/1274/1240 1239/1233/1239
f 1281/1275/1281 1242/1236/1242 1241/1235/1241
f 1282/1276/1282 1243/1237/1243 1242/1236/1242
f 1283/1277/1283 1244/1238/1244 1243/1237/1243
f 1284/1278/1284 1245/1239/1245 1244/1238/1244
f 1285/1279/1285 1246/1240/1246 1245/1239/1245
f 1286/1280/1286 1247/1241/1247 1246/1240/1246
f 1287/1281/1287 1248/1242/1248 1247/1241/1247
f 1288/1282/1288 1249/1244/1249 1248/1242/1248
f 1289/1283/1289 1250/1243/1250 1249/1244/1249
f 1291/1284/1291 1250/1243/1250 1290/1285/1290
f 1291/1284/1291 1252/1246/1252 1251/1245/1251
f 1292/1286/1292 1253/1247/1253 1252/1246/1252
f 1293/1287/1293 1254/1248/1254 1253/1247/1253
f 1294/1288/1294 1255/1250/1255 1254/1248/1254
f 1295/1289/1295 1256/1249/1256 1255/1250/1255
f 1296/1290/1296 1257/1251/1257 1256/1249/1256
f 1297/1291/1297 1258/1252/1258 1257/1251/1257
f 1298/1292/1298 1259/1253/1259 1258/1252/1258
f 1299/1293/1299 1260/1254/1260 1259/1253/1259
f 1300/1294/1300 1261/1255/1261 1260/1254/1260
f 1301/1295/1301 1262/1257/1262 1261/1255/1261
f 1303/1296/1303 1262/1257/1262 1302/1297/1302
f 1304/1298/1304 1263/1256/1263 1303/1296/1303
f 1305/1299/1305 1264/1258/1264 1304/1298/1304
f 1306/1300/1306 1265/1259/1265 1305/1299/1305
f 1307/1301/1307 1266/1260/1266 1306/1300/1306
f 1308/1302/1308 1267/1261/1267 1307/1301/1307
f 1308/1302/1308 1269/1263/1269 1268/1262/1268
f 1309/1303/1309 1270/1265/1270 1269/1263/1269
f 1311/1304/1311 1270/1265/1270 1310/1305/1310
f 1312/1306/1312 1271/1264/1271 1311/1304/1311
f 1313/1307/1313 1272/1266/1272 1312/1306/1312
f 1314/1308/1314 1273/1267/1273 1313/1307/1313
f 1314/1308/1314 1275/1269/1275 1274/1268/1274
f 1315/1309/1315 1276/1270/1276 1275/1269/1275
f 1316/1310/1316 1277/1271/1277 1276/1270/1276
f 1318/1311/1318 1277/1271/1277 1317/1312/1317
f 1318/1311/1318 1279/1272/1279 1278/1273/1278
f 1319/1313/1319 1280/1314/1280 1279/1272/1279
f 1321/1315/1321 1282/1276/1282 1281/1275/1281
f 1322/1316/1322 1283/1277/1283 1282/1276/1282
f 1323/1317/1323 1284/1278/1284 1283/1277/1283
f 1324/1318/1324 1285/1279/1285 1284/1278/1284
f 1325/1319/1325 1286/1280/1286 1285/1279/1285
f 1326/1320/1326 1287/1281/1287 1286/1280/1286
f 1327/1321/1327 1288/1282/1288 1287/1281/1287
f 1328/1322/1328 1289/1283/1289 1288/1282/1288
f 1329/1323/1329 1290/1285/1290 1289/1283/1289
f 1331/1324/1331 1290/1285/1290 1330/1325/1330
f 1332/1326/1332 1291/1284/1291 1331/1324/1331
f 1332/1326/1332 1293/1287/1293 1292/1286/1292
f 1333/1327/1333 1294/1288/1294 1293/1287/1293
f 1334/1328/1334 1295/1289/1295 1294/1288/1294
f 1335/1329/1335 1296/1290/1296 1295/1289/1295
f 1336/1330/1336 1297/1291/1297 1296/1290/1296
f 1337/1331/1337 1298/1292/1298 1297/1291/1297
f 1338/1332/1338 1299/1293/1299 1298/1292/1298
f 1339/1333/1339 1300/1294/1300 1299/1293/1299
f 1340/1334/1340 1301/1295/1301 1300/1294/1300
f 1341/1335/1341 1302/1297/1302 1301/1295/1301
f 1342/1336/1342 1303/1296/1303 1302/1297/1302
f 1344/1337/1344 1303/1296/1303 1343/1338/1343
f 1345/1339/1345 1304/1298/1304 1344/1337/1344
f 1346/1340/1346 1305/1299/1305 1345/1339/1345
f 1347/1341/1347 1306/1300/1306 1346/1340/1346
f 1348/1342/1348 1307/1301/1307 1347/1341/1347
f 1348/1342/1348 1309/1303/1309 1308/1302/1308
f 1349/1343/1349 1310/1305/1310 1309/1303/1309
f 1351/1344/1351 1310/1305/1310 1350/1345/1350
f 1352/1346/1352 1311/1304/1311 1351/1344/1351
f 1352/1346/1352 1313/1307/1313 1312/1306/1312
f 1354/1347/1354 1313/1307/1313 1353/1348/1353
f 1354/1347/1354 1315/1309/1315 1314/1308/1314
f 1355/1349/1355 1316/1310/1316 1315/1309/1315
f 1356/1350/1356 1317/1312/1317 1316/1310/1316
f 1358/1351/1358 1317/1312/1317 1357/1352/1357
f 1359/1353/1359 1318/1311/1318 1358/1351/1358
f 1360/1354/1360 1319/1313/1319 1359/1353/1359
f 1362/1355/1362 1321/1315/1321 1361/1356/1361
f 1362/1355/1362 1323/1317/1323 1322/1316/1322
f 1363/1357/1363 1324/1318/1324 1323/1317/1323
f 1364/1358/1364 1325/1319/1325 1324/1318/1324
f 1365/1359/1365 1326/1320/1326 1325/1319/1325
f 1366/1360/1366 1327/1321/1327 1326/1320/1326
f 1367/1361/1367 1328/1322/1328 1327/1321/1327
f 1368/1362/1368 1329/1323/1329 1328/1322/1328
f 1369/1363/1369 1330/1325/1330 1329/1323/1329
f 1371/1364/1371 1330/1325/1330 1370/1365/1370
f 1372/1366/1372 1331/1324/1331 1371/1364/1371
f 1373/1367/1373 1332/1326/1332 1372/1366/1372
f 1373/1367/1373 1334/1328/1334 1333/1327/1333
f 1374/1368/1374 1335/1329/1335 1334/1328/1334
f 1376/1369/1376 1335/1329/1335 1375/1370/1375
f 1377/1371/1377 1336/1330/1336 1376/1369/1376
f 1377/1371/1377 1338/1332/1338 1337/1331/1337
f 1378/1372/1378 1339/1333/1339 1338/1332/1338
f 1379/1373/1379 1340/1334/1340 1339/1333/1339
f 1380/1374/1380 1341/1335/1341 1340/1334/1340
f 1381/1375/1381 1342/1336/1342 1341/1335/1341
f 1383/1376/1383 1342/1336/1342 1382/1377/1382
f 1384/1378/1384 1343/1338/1343 1383/1376/1383
f 1385/1379/1385 1344/1337/1344 1384/1378/1384
f 1386/1380/1386 1345/1339/1345 1385/1379/1385
f 1387/1381/1387 1346/1340/1346 1386/1380/1386
f 1388/1382/1388 1347/1341/1347 1387/1381/1387
f 1389/1383/1389 1348/1342/1348 1388/1382/1388
f 1390/1384/1390 1349/1343/1349 1389/1383/1389
f 1391/1385/1391 1350/1345/1350 1390/1384/1390
f 1391/1385/1391 1352/1346/1352 1351/1344/1351
f 1392/1386/1392 1353/1348/1353 1352/1346/1352
f 1393/1387/1393 1354/1347/1354 1353/1348/1353
f 1395/1388/1395 1354/1347/1354 1394/1389/1394
f 1395/1388/1395 1356/1350/1356 1355/1349/1355
f 1396/1390/1396 1357/1352/1357 1356/1350/1356
f 1397/1391/1397 1358/1351/1358 1357/1352/1357
f 1398/1392/1398 1359/1353/1359 1358/1351/1358
f 1400/1393/1400 1359/1353/1359 1399/1394/1399
f 1402/1395/1402 1361/1356/1361 1401/1396/1401
f 1402/1395/1402 1363/1357/1363 1362/1355/1362
f 1403/1397/1403 1364/1358/1364 1363/1357/1363
f 1404/1398/1404 1365/1359/1365 1364/1358/1364
f 1405/1399/1405 1366/1360/1366 1365/1359/1365
f 1406/1400/1406 1367/1361/1367 1366/1360/1366
f 1407/1401/1407 1368/1362/1368 1367/1361/1367
f 1408/1402/1408 1369/1363/1369 1368/1362/1368
f 1409/1403/1409 1370/1365/1370 1369/1363/1369
f 1411/1404/1411 1370/1365/1370 1410/1405/1410
f 1412/1406/1412 1371/1364/1371 1411/1404/1411
f 1413/1407/1413 1372/1366/1372 1412/1406/1412
f 1413/1407/1413 1374/1368/1374 1373/1367/1373
f 1414/1408/1414 1375/1370/1375 1374/1368/1374
f 1416/1409/1416 1375/1370/1375 1415/1410/1415
f 1416/1409/1416 1377/1371/1377 1376/1369/1376
f 1417/1411/1417 1378/1372/1378 1377/1371/1377
f 1418/1412/1418 1379/1373/1379 1378/1372/1378
f 1419/1413/1419 1380/1374/1380 1379/1373/1379
f 1420/1414/1420 1381/1375/1381 1380/1374/1380
f 1421/1415/1421 1382/1377/1382 1381/1375/1381
f 1423/1416/1423 1382/1377/1382 1422/1417/1422
f 1424/1418/1424 1383/1376/1383 1423/1416/1423
f 1425/1419/1425 1384/1378/1384 1424/1418/1424
f 1426/1420/1426 1385/1379/1385 1425/1419/1425
f 1427/1421/1427 1386/1380/1386 1426/1420/1426
f 1428/1422/1428 1387/1381/1387 1427/1421/1427
f 1428/1422/1428 1389/1383/1389 1388/1382/1388
f 1430/1423/1430 1389/1383/1389 1429/1424/1429
f 1431/1425/1431 1390/1384/1390 1430/1423/1430
f 1431/1425/1431 1392/1386/1392 1391/1385/1391
f 1432/1426/1432 1393/1387/1393 1392/1386/1392
f 1433/1427/1433 1394/1389/1394 1393/1387/1393
f 1435/1428/1435 1394/1389/1394 1434/1429/1434
f 1435/1428/1435 1396/1390/1396 1395/1388/1395
f 1436/1430/1436 1397/1391/1397 1396/1390/1396
f 1437/1431/1437 1398/1392/1398 1397/1391/1397
f 1438/1432/1438 1399/1394/1399 1398/1392/1398
f 1440/1433/1440 1399/1394/1399 1439/1434/1439
f 1442/1435/1442 1401/1396/1401 1441/1436/1441
f 1442/1435/1442 1403/1397/1403 1402/1395/1402
f 1443/1437/1443 1404/1398/1404 1403/1397/1403
f 1444/1438/1444 1405/1399/1405 1404/1398/1404
f 1446/1439/1446 1405/1399/1405 1445/1440/1445
f 1446/1439/1446 1407/1401/1407 1406/1400/1406
f 1447/1441/1447 1408/1402/1408 1407/1401/1407
f 1448/1442/1448 1409/1403/1409 1408/1402/1408
f 1449/1443/1449 1410/1405/1410 1409/1403/1409
f 1451/1444/1451 1410/1405/1410 1450/1445/1450
f 1452/1446/1452 1411/1404/1411 1451/1444/1451
f 1452/1446/1452 1413/1407/1413 1412/1406/1412
f 1453/1447/1453 1414/1408/1414 1413/1407/1413
f 1454/1448/1454 1415/1410/1415 1414/1408/1414
f 1455/1449/1455 1416/1409/1416 1415/1410/1415
f 1456/1450/1456 1417/1411/1417 1416/1409/1416
f 1457/1451/1457 1418/1412/1418 1417/1411/1417
f 1458/1452/1458 1419/1413/1419 1418/1412/1418
f 1459/1453/1459 1420/1414/1420 1419/1413/1419
f 1460/1454/1460 1421/1415/1421 1420/1414/1420
f 1462/1455/1462 1421/1415/1421 1461/1456/1461
f 1463/1457/1463 1422/1417/1422 1462/1455/1462
f 1464/1458/1464 1423/1416/1423 1463/1457/1463
f 1465/1459/1465 1424/1418/1424 1464/1458/1464
f 1466/1460/1466 1425/1419/1425 1465/1459/1465
f 1467/1461/1467 1426/1420/1426 1466/1460/1466
f 1468/1462/1468 1427/1421/1427 1467/1461/1467
f 1469/1463/1469 1428/1422/1428 1468/1462/1468
f 1470/1464/1470 1429/1424/1429 1469/1463/1469
f 1471/1465/1471 1430/1423/1430 1470/1464/1470
f 1471/1465/1471 1432/1426/1432 1431/1425/1431
f 1472/1466/1472 1433/1427/1433 1432/1426/1432
f 1473/1467/1473 1434/1429/1434 1433/1427/1433
f 1474/1468/1474 1435/1428/1435 1434/1429/1434
f 1475/1469/1475 1436/1430/1436 1435/1428/1435
f 1476/1470/1476 1437/1431/1437 1436/1430/1436
f 1477/1471/1477 1438/1432/1438 1437/1431/1437
f 1478/1472/1478 1439/1434/1439 1438/1432/1438
f 1480/1473/1480 1439/1434/1439 1479/1474/1479
f 1482/1475/1482 1441/1436/1441 1481/1476/1481
f 1482/1475/1482 1443/1437/1443 1442/1435/1442
f 1483/1477/1483 1444/1438/1444 1443/1437/1443
f 1484/1478/1484 1445/1440/1445 1444/1438/1444
f 1486/1479/1486 1445/1440/1445 1485/1480/1485
f 1487/1481/1487 1446/1439/1446 1486/1479/1486
f 1488/1482/1488 1447/1441/1447 1487/1481/1487
f 1488/1482/1488 1449/1443/1449 1448/1442/1448
f 1489/1483/1489 1450/1445/1450 1449/1443/1449
f 1490/1484/1490 1451/1444/1451 1450/1445/1450
f 1491/1485/1491 1452/1446/1452 1451/1444/1451
f 1492/1486/1492 1453/1447/1453 1452/1446/1452
f 1493/1487/1493 1454/1448/1454 1453/1447/1453
f 1494/1488/1494 1455/1449/1455 1454/1448/1454
f 1495/1489/1495 1456/1450/1456 1455/1449/1455
f 1496/1490/1496 1457/1451/1457 1456/1450/1456
f 1497/1491/1497 1458/1452/1458 1457/1451/1457
f 1498/1492/1498 1459/1453/1459 1458/1452/1458
f 1499/1493/1499 1460/1454/1460 1459/1453/1459
f 1501/1494/1501 1460/1454/1460 1500/1495/1500
f 1501/1494/1501 1462/1455/1462 1461/1456/1461
f 1503/1496/1503 1462/1455/1462 1502/1497/1502
f 1504/1498/1504 1463/1457/1463 1503/1496/1503
f 1505/1499/1505 1464/1458/1464 1504/1498/1504
f 1506/1500/1506 1465/1459/1465 1505/1499/1505
f 1507/1501/1507 1466/1460/1466 1506/1500/1506
f 1508/1502/1508 1467/1461/1467 1507/1501/1507
f 1509/1503/1509 1468/1462/1468 1508/1502/1508
f 1510/1504/1510 1469/1463/1469 1509/1503/1509
f 1511/1505/1511 1470/1464/1470 1510/1504/1510
f 1511/1505/1511 1472/1466/1472 1471/1465/1471
f 1512/1506/1512 1473/1467/1473 1472/1466/1472
f 1513/1507/1513 1474/1468/1474 1473/1467/1473
f 1514/1508/1514 1475/1469/1475 1474/1468/1474
f 1515/1509/1515 1476/1470/1476 1475/1469/1475
f 1516/1510/1516 1477/1471/1477 1476/1470/1476
f 1517/1511/1517 1478/1472/1478 1477/1471/1477
f 1518/1512/1518 1479/1474/1479 1478/1472/1478
f 1520/1513/1520 1479/1474/1479 1519/1514/1519
f 1521/1515/1521 1482/1475/1482 1481/1476/1481
f 1522/1516/1522 1483/1477/1483 1482/1475/1482
f 1523/1517/1523 1484/1478/1484 1483/1477/1483
f 1525/1518/1525 1484/1478/1484 1524/1519/1524
f 1525/1518/1525 1486/1479/1486 1485/1480/1485
f 1527/1520/1527 1486/1479/1486 1526/1521/1526
f 1528/1522/1528 1487/1481/1487 1527/1520/1527
f 1529/1523/1529 1488/1482/1488 1528/1522/1528
f 1529/1523/1529 1490/1484/1490 1489/1483/1489
f 1530/1524/1530 1491/1485/1491 1490/1484/1490
f 1531/1525/1531 1492/1486/1492 1491/1485/1491
f 1532/1526/1532 1493/1487/1493 1492/1486/1492
f 1533/1527/1533 1494/1488/1494 1493/1487/1493
f 1534/1528/1534 1495/1489/1495 1494/1488/1494
f 1535/1529/1535 1496/1490/1496 1495/1489/1495
f 1536/1530/1536 1497/1491/1497 1496/1490/1496
f 1537/1531/1537 1498/1492/1498 1497/1491/1497
f 1538/1532/1538 1499/1493/1499 1498/1492/1498
f 1539/1533/1539 1500/1495/1500 1499/1493/1499
f 1541/1534/1541 1500/1495/1500 1540/1535/1540
f 1542/1536/1542 1501/1494/1501 1541/1534/1541
f 1543/1537/1543 1502/1497/1502 1542/1536/1542
f 1544/1538/1544 1503/1496/1503 1543/1537/1543
f 1545/1539/1545 1504/1498/1504 1544/1538/1544
f 1546/1540/1546 1505/1499/1505 1545/1539/1545
f 1546/1540/1546 1507/1501/1507 1506/1500/1506
f 1547/1541/1547 1508/1502/1508 1507/1501/1507
f 1548/1542/1548 1509/1503/1509 1508/1502/1508
f 1549/1543/1549 1510/1504/1510 1509/1503/1509
f 1551/1544/1551 1510/1504/1510 1550/1545/1550
f 1552/1546/1552 1511/1505/1511 1551/1544/1551
f 1552/1546/1552 1513/1507/1513 1512/1506/1512
f 1553/1547/1553 1514/1508/1514 1513/1507/1513
f 1554/1548/1554 1515/1509/1515 1514/1508/1514
f 1555/1549/1555 1516/1510/1516 1515/1509/1515
f 1556/1550/1556 1517/1511/1517 1516/1510/1516
f 1557/1551/1557 1518/1512/1518 1517/1511/1517
f 1558/1552/1558 1519/1514/1519 1518/1512/1518
f 1560/1553/1560 1519/1514/1519 1559/1554/1559
f 1561/1555/1561 1522/1516/1522 1521/1515/1521
f 1562/1556/1562 1523/1517/1523 1522/1516/1522
f 1563/1557/1563 1524/1519/1524 1523/1517/1523
f 1564/1558/1564 1525/1518/1525 1524/1519/1524
f 1565/1559/1565 1526/1521/1526 1525/1518/1525
f 1566/1560/1566 1527/1520/1527 1526/1521/1526
f 1568/1561/1568 1527/1520/1527 1567/1562/1567
f 1569/1563/1569 1528/1522/1528 1568/1561/1568
f 1570/1564/1570 1529/1523/1529 1569/1563/1569
f 1570/1564/1570 1531/1525/1531 1530/1524/1530
f 1571/1565/1571 1532/1526/1532 1531/1525/1531
f 1572/1566/1572 1533/1527/1533 1532/1526/1532
f 1573/1567/1573 1534/1528/1534 1533/1527/1533
f 1574/1568/1574 1535/1529/1535 1534/1528/1534
f 1575/1569/1575 1536/1530/1536 1535/1529/1535
f 1576/1570/1576 1537/1531/1537 1536/1530/1536
f 1577/1571/1577 1538/1532/1538 1537/1531/1537
f 1578/1572/1578 1539/1533/1539 1538/1532/1538
f 1579/1573/1579 1540/1535/1540 1539/1533/1539
f 1581/1574/1581 1540/1535/1540 1580/1575/1580
f 1582/1576/1582 1541/1534/1541 1581/1574/1581
f 1583/1577/1583 1542/1536/1542 1582/1576/1582
f 1584/1578/1584 1543/1537/1543 1583/1577/1583
f 1585/1579/1585 1544/1538/1544 1584/1578/1584
f 1586/1580/1586 1545/1539/1545 1585/1579/1585
f 1586/1580/1586 1547/1541/1547 1546/1540/1546
f 1587/1581/1587 1548/1542/1548 1547/1541/1547
f 1588/1582/1588 1549/1543/1549 1548/1542/1548
f 1590/1583/1590 1549/1543/1549 1589/1584/1589
f 1591/1585/1591 1550/1545/1550 1590/1583/1590
f 1592/1586/1592 1551/1544/1551 1591/1585/1591
f 1592/1586/1592 1553/1547/1553 1552/1546/1552
f 1593/1587/1593 1554/1548/1554 1553/1547/1553
f 1594/1588/1594 1555/1549/1555 1554/1548/1554
f 1595/1589/1595 1556/1550/1556 1555/1549/1555
f 1596/1590/1596 1557/1551/1557 1556/1550/1556
f 1598/1591/1598 1557/1551/1557 1597/1592/1597
f 1599/1593/1599 1558/1552/1558 1598/1591/1598
f 1600/1594/1600 1559/1554/1559 1599/1593/1599
f 1601/1595/1601 1562/1556/1562 1561/1555/1561
f 1602/1596/1602 1563/1557/1563 1562/1556/1562
f 1603/1597/1603 1564/1558/1564 1563/1557/1563
f 1604/1598/1604 1565/1559/1565 1564/1558/1564
f 1605/1599/1605 1566/1560/1566 1565/1559/1565
f 1606/1600/1606 1567/1562/1567 1566/1560/1566
f 1608/1601/1608 1567/1562/1567 1607/1602/1607
f 1609/1603/1609 1568/1561/1568 1608/1601/1608
f 1610/1604/1610 1569/1563/1569 1609/1603/1609
f 1610/1604/1610 1571/1565/1571 1570/1564/1570
f 1611/1605/1611 1572/1566/1572 1571/1565/1571
f 1612/1606/1612 1573/1567/1573 1572/1566/1572
f 1613/1607/1613 1574/1568/1574 1573/1567/1573
f 1614/1608/1614 1575/1569/1575 1574/1568/1574
f 1615/1609/1615 1576/1570/1576 1575/1569/1575
f 1616/1610/1616 1577/1571/1577 1576/1570/1576
f 1617/1611/1617 1578/1572/1578 1577/1571/1577
f 1618/1612/1618 1579/1573/1579 1578/1572/1578
f 1620/1613/1620 1579/1573/1579 1619/1614/1619
f 1621/1615/1621 1580/1575/1580 1620/1613/1620
f 1622/1616/1622 1581/1574/1581 1621/1615/1621
f 1623/1617/1623 1582/1576/1582 1622/1616/1622
f 1624/1618/1624 1583/1577/1583 1623/1617/1623
f 1625/1619/1625 1584/1578/1584 1624/1618/1624
f 1626/1620/1626 1585/1579/1585 1625/1619/1625
f 1626/1620/1626 1587/1581/1587 1586/1580/1586
f 1627/1621/1627 1588/1582/1588 1587/1581/1587
f 1628/1622/1628 1589/1584/1589 1588/1582/1588
f 1629/1623/1629 1590/1583/1590 1589/1584/1589
f 1631/1624/1631 1590/1583/1590 1630/1625/1630
f 1632/1626/1632 1591/1585/1591 1631/1624/1631
f 1632/1626/1632 1593/1587/1593 1592/1586/1592
f 1633/1627/1633 1594/1588/1594 1593/1587/1593
f 1634/1628/1634 1595/1589/1595 1594/1588/1594
f 1635/1629/1635 1596/1590/1596 1595/1589/1595
f 1637/1630/1637 1596/1590/1596 1636/1631/1636
f 1638/1632/1638 1597/1592/1597 1637/1630/1637
f 1639/1633/1639 1598/1591/1598 1638/1632/1638
f 1640/1634/1640 1599/1593/1599 1639/1633/1639
f 1641/1635/1641 1602/1596/1602 1601/1595/1601
f 1642/1636/1642 1603/1597/1603 1602/1596/1602
f 1643/1637/1643 1604/1598/1604 1603/1597/1603
f 1644/1638/1644 1605/1599/1605 1604/1598/1604
f 1645/1639/1645 1606/1600/1606 1605/1599/1605
f 1646/1640/1646 1607/1602/1607 1606/1600/1606
f 1648/1641/1648 1607/1602/1607 1647/1642/1647
f 1649/1643/1649 1608/1601/1608 1648/1641/1648
f 1650/1644/1650 1609/1603/1609 1649/1643/1649
f 1650/1644/1650 1611/1605/1611 1610/1604/1610
f 1651/1645/1651 1612/1606/1612 1611/1605/1611
f 1652/1646/1652 1613/1607/1613 1612/1606/1612
f 1653/1647/1653 1614/1608/1614 1613/1607/1613
f 1654/1648/1654 1615/1609/1615 1614/1608/1614
f 1655/1649/1655 1616/1610/1616 1615/1609/1615
f 1656/1650/1656 1617/1611/1617 1616/1610/1616
f 1657/1651/1657 1618/1612/1618 1617/1611/1617
f 1658/1652/1658 1619/1614/1619 1618/1612/1618
f 1660/1653/1660 1619/1614/1619 1659/1654/1659
f 1660/1653/1660 1621/1615/1621 1620/1613/1620
f 1662/1655/1662 1621/1615/1621 1661/1656/1661
f 1663/1657/1663 1622/1616/1622 1662/1655/1662
f 1664/1658/1664 1623/1617/1623 1663/1657/1663
f 1665/1659/1665 1624/1618/1624 1664/1658/1664
f 1666/1660/1666 1625/1619/1625 1665/1659/1665
f 1667/1661/1667 1626/1620/1626 1666/1660/1666
f 1668/1662/1668 1627/1621/1627 1667/1661/1667
f 1669/1663/1669 1628/1622/1628 1668/1662/1668
f 1670/1664/1670 1629/1623/1629 1669/1663/1669
f 1670/1664/1670 1631/1624/1631 1630/1625/1630
f 1671/1665/1671 1632/1626/1632 1631/1624/1631
f 1672/1666/1672 1633/1627/1633 1632/1626/1632
f 1673/1667/1673 1634/1628/1634 1633/1627/1633
f 1674/1668/1674 1635/1629/1635 1634/1628/1634
f 1676/1669/1676 1635/1629/1635 1675/1670/1675
f 1677/1671/1677 1636/1631/1636 1676/1669/1676
f 1678/1672/1678 1637/1630/1637 1677/1671/1677
f 1679/1673/1679 1638/1632/1638 1678/1672/1678
f 1680/1674/1680 1639/1633/1639 1679/1673/1679
f 1681/1675/1681 1642/1636/1642 1641/1635/1641
f 1682/1676/1682 1643/1637/1643 1642/1636/1642
f 1683/1677/1683 1644/1638/1644 1643/1637/1643
f 1684/1678/1684 1645/1639/1645 1644/1638/1644
f 1685/1679/1685 1646/1640/1646 1645/1639/1645
f 1687/1680/1687 1646/1640/1646 1686/1681/1686
f 1688/1682/1688 1647/1642/1647 1687/1680/1687
f 1689/1683/1689 1648/1641/1648 1688/1682/1688
f 1690/1684/1690 1649/1643/1649 1689/1683/1689
f 1691/1685/1691 1650/1644/1650 1690/1684/1690
f 1692/1686/1692 1651/1645/1651 1691/1685/1691
f 1693/1687/1693 1652/1646/1652 1692/1686/1692
f 1693/1687/1693 1654/1648/1654 1653/1647/1653
f 1694/1688/1694 1655/1649/1655 1654/1648/1654
f 1695/1689/1695 1656/1650/1656 1655/1649/1655
f 1696/1690/1696 1657/1651/1657 1656/1650/1656
f 1697/1691/1697 1658/1652/1658 1657/1651/1657
f 1698/1692/1698 1659/1654/1659 1658/1652/1658
f 1700/1693/1700 1659/1654/1659 1699/1694/1699
f 1701/1695/1701 1660/1653/1660 1700/1693/1700
f 1702/1696/1702 1661/1656/1661 1701/1695/1701
f 1703/1697/1703 1662/1655/1662 1702/1696/1702
f 1704/1698/1704 1663/1657/1663 1703/1697/1703
f 1704/1698/1704 1665/1659/1665 1664/1658/1664
f 1705/1699/1705 1666/1660/1666 1665/1659/1665
f 1707/1700/1707 1666/1660/1666 1706/1701/1706
f 1708/1702/1708 1667/1661/1667 1707/1700/1707
f 1709/1703/1709 1668/1662/1668 1708/1702/1708
f 1710/1704/1710 1669/1663/1669 1709/1703/1709
f 1710/1704/1710 1671/1665/1671 1670/1664/1670
f 1711/1705/1711 1672/1666/1672 1671/1665/1671
f 1712/1706/1712 1673/1667/1673 1672/1666/1672
f 1713/1707/1713 1674/1668/1674 1673/1667/1673
f 1715/1708/1715 1674/1668/1674 1714/1709/1714
f 1716/1710/1716 1675/1670/1675 1715/1708/1715
f 1717/1711/1717 1676/1669/1676 1716/1710/1716
f 1718/1712/1718 1677/1671/1677 1717/1711/1717
f 1719/1713/1719 1678/1672/1678 1718/1712/1718
f 1720/1714/1720 1679/1673/1679 1719/1713/1719
f 1721/1715/1721 1682/1676/1682 1681/1675/1681
f 1722/1716/1722 1683/1677/1683 1682/1676/1682
f 1723/1717/1723 1684/1678/1684 1683/1677/1683
f 1724/1718/1724 1685/1679/1685 1684/1678/1684
f 1725/1719/1725 1686/1681/1686 1685/1679/1685
f 1727/1720/1727 1686/1681/1686 1726/1721/1726
f 1728/1722/1728 1687/1680/1687 1727/1720/1727
f 1729/1723/1729 1688/1682/1688 1728/1722/1728
f 1730/1724/1730 1689/1683/1689 1729/1723/1729
f 1731/1725/1731 1690/1684/1690 1730/1724/1730
f 1732/1726/1732 1691/1685/1691 1731/1725/1731
f 1733/1727/1733 1692/1686/1692 1732/1726/1732
f 1733/1727/1733 1694/1688/1694 1693/1687/1693
f 1734/1728/1734 1695/1689/1695 1694/1688/1694
f 1735/1729/1735 1696/1690/1696 1695/1689/1695
f 1736/1730/1736 1697/1691/1697 1696/1690/1696
f 1737/1731/1737 1698/1692/1698 1697/1691/1697
f 1738/1732/1738 1699/1694/1699 1698/1692/1698
f 1740/1733/1740 1699/1694/1699 1739/1734/1739
f 1741/1735/1741 1700/1693/1700 1740/1733/1740
f 1742/1736/1742 1701/1695/1701 1741/1735/1741
f 1743/1737/1743 1702/1696/1702 1742/1736/1742
f 1744/1738/1744 1703/1697/1703 1743/1737/1743
f 1744/1738/1744 1705/1699/1705 1704/1698/1704
f 1745/1739/1745 1706/1701/1706 1705/1699/1705
f 1747/1740/1747 1706/1701/1706 1746/1741/1746
f 1748/1742/1748 1707/1700/1707 1747/1740/1747
f 1749/1743/1749 1708/1702/1708 1748/1742/1748
f 1750/1744/1750 1709/1703/1709 1749/1743/1749
f 1750/1744/1750 1711/1705/1711 1710/1704/1710
f 1751/1745/1751 1712/1706/1712 1711/1705/1711
f 1752/1746/1752 1713/1707/1713 1712/1706/1712
f 1753/1747/1753 1714/1709/1714 1713/1707/1713
f 1755/1748/1755 1714/1709/1714 1754/1749/1754
f 1756/1750/1756 1715/1708/1715 1755/1748/1755
f 1757/1751/1757 1716/1710/1716 1756/1750/1756
f 1758/1752/1758 1717/1711/1717 1757/1751/1757
f 1759/1753/1759 1718/1712/1718 1758/1752/1758
f 1760/1754/1760 1719/1713/1719 1759/1753/1759
f 1761/1755/1761 1722/1716/1722 1721/1715/1721
f 1762/1756/1762 1723/1717/1723 1722/1716/1722
f 1763/1757/1763 1724/1718/1724 1723/1717/1723
f 1764/1758/1764 1725/1719/1725 1724/1718/1724
f 1765/1759/1765 1726/1721/1726 1725/1719/1725
f 1767/1760/1767 1726/1721/1726 1766/1761/1766
f 1768/1762/1768 1727/1720/1727 1767/1760/1767
f 1769/1763/1769 1728/1722/1728 1768/1762/1768
f 1770/1764/1770 1729/1723/1729 1769/1763/1769
f 1771/1765/1771 1730/1724/1730 1770/1764/1770
f 1772/1766/1772 1731/1725/1731 1771/1765/1771
f 1773/1767/1773 1732/1726/1732 1772/1766/1772
f 1773/1767/1773 1734/1728/1734 1733/1727/1733
f 1774/1768/1774 1735/1729/1735 1734/1728/1734
f 1775/1769/1775 1736/1730/1736 1735/1729/1735
f 1776/1770/1776 1737/1731/1737 1736/1730/1736
f 1778/1771/1778 1737/1731/1737 1777/1772/1777
f 1779/1773/1779 1738/1732/1738 1778/1771/1778
f 1780/1774/1780 1739/1734/1739 1779/1773/1779
f 1781/1775/1781 1740/1733/1740 1780/1774/1780
f 1782/1776/1782 1741/1735/1741 1781/1775/1781
f 1782/1776/1782 1743/1737/1743 1742/1736/1742
f 1783/1777/1783 1744/1738/1744 1743/1737/1743
f 1784/1778/1784 1745/1739/1745 1744/1738/1744
f 1785/1779/1785 1746/1741/1746 1745/1739/1745
f 1786/1780/1786 1747/1740/1747 1746/1741/1746
f 1788/1781/1788 1747/1740/1747 1787/1782/1787
f 1789/1783/1789 1748/1742/1748 1788/1781/1788
f 1789/1783/1789 1750/1744/1750 1749/1743/1749
f 1790/1784/1790 1751/1745/1751 1750/1744/1750
f 1791/1785/1791 1752/1746/1752 1751/1745/1751
f 1792/1786/1792 1753/1747/1753 1752/1746/1752
f 1794/1787/1794 1753/1747/1753 1793/1788/1793
f 1795/1789/1795 1754/1749/1754 1794/1787/1794
f 1796/1790/1796 1755/1748/1755 1795/1789/1795
f 1797/1791/1797 1756/1750/1756 1796/1790/1796
f 1798/1792/1798 1757/1751/1757 1797/1791/1797
f 1799/1793/1799 1758/1752/1758 1798/1792/1798
f 1800/1794/1800 1759/1753/1759 1799/1793/1799
f 1801/1795/1801 1762/1756/1762 1761/1755/1761
f 1802/1796/1802 1763/1757/1763 1762/1756/1762
f 1803/1797/1803 1764/1758/1764 1763/1757/1763
f 1804/1798/1804 1765/1759/1765 1764/1758/1764
f 1805/1799/1805 1766/1761/1766 1765/1759/1765
f 1807/1800/1807 1766/1761/1766 1806/1801/1806
f 1808/1802/1808 1767/1760/1767 1807/1800/1807
f 1809/1803/1809 1768/1762/1768 1808/1802/1808
f 1810/1804/1810 1769/1763/1769 1809/1803/1809
f 1811/1805/1811 1770/1764/1770 1810/1804/1810
f 1812/1806/1812 1771/1765/1771 1811/1805/1811
f 1813/1807/1813 1772/1766/1772 1812/1806/1812
f 1814/1808/1814 1773/1767/1773 1813/1807/1813
f 1814/1808/1814 1775/1769/1775 1774/1768/1774
f 1816/1809/1816 1775/1769/1775 1815/1810/1815
f 1817/1811/1817 1776/1770/1776 1816/1809/1816
f 1818/1812/1818 1777/1772/1777 1817/1811/1817
f 1819/1813/1819 1778/1771/1778 1818/1812/1818
f 1820/1814/1820 1779/1773/1779 1819/1813/1819
f 1821/1815/1821 1780/1774/1780 1820/1814/1820
f 1822/1816/1822 1781/1775/1781 1821/1815/1821
f 1822/1816/1822 1783/1777/1783 1782/1776/1782
f 1823/1817/1823 1784/1778/1784 1783/1777/1783
f 1825/1818/1825 1784/1778/1784 1824/1819/1824
f 1825/1818/1825 1786/1780/1786 1785/1779/1785
f 1826/1820/1826 1787/1782/1787 1786/1780/1786
f 1828/1821/1828 1787/1782/1787 1827/1822/1827
f 1829/1823/1829 1788/1781/1788 1828/1821/1828
f 1829/1823/1829 1790/1784/1790 1789/1783/1789
f 1830/1824/1830 1791/1785/1791 1790/1784/1790
f 1831/1825/1831 1792/1786/1792 1791/1785/1791
f 1832/1826/1832 1793/1788/1793 1792/1786/1792
f 1834/1827/1834 1793/1788/1793 1833/1828/1833
f 1835/1829/1835 1794/1787/1794 1834/1827/1834
f 1836/1830/1836 1795/1789/1795 1835/1829/1835
f 1837/1831/1837 1796/1790/1796 1836/1830/1836
f 1838/1832/1838 1797/1791/1797 1837/1831/1837
f 1839/1833/1839 1798/1792/1798 1838/1832/1838
f 1840/1834/1840 1799/1793/1799 1839/1833/1839
f 1841/1835/1841 1802/1796/1802 1801/1795/1801
f 1842/1836/1842 1803/1797/1803 1802/1796/1802
f 1843/1837/1843 1804/1798/1804 1803/1797/1803
f 1845/1838/1845 1804/1798/1804 1844/1839/1844
f 1846/1840/1846 1805/1799/1805 1845/1838/1845
f 1846/1840/1846 1807/1800/1807 1806/1801/1806
f 1847/1841/1847 1808/1802/1808 1807/1800/1807
f 1849/1842/1849 1808/1802/1808 1848/1843/1848
f 1850/1844/1850 1809/1803/1809 1849/1842/1849
f 1851/1845/1851 1810/1804/1810 1850/1844/1850
f 1852/1846/1852 1811/1805/1811 1851/1845/1851
f 1853/1847/1853 1812/1806/1812 1852/1846/1852
f 1854/1848/1854 1813/1807/1813 1853/1847/1853
f 1854/1848/1854 1815/1810/1815 1814/1808/1814
f 1856/1849/1856 1815/1810/1815 1855/1850/1855
f 1857/1851/1857 1816/1809/1816 1856/1849/1856
f 1858/1852/1858 1817/1811/1817 1857/1851/1857
f 1859/1853/1859 1818/1812/1818 1858/1852/1858
f 1860/1854/1860 1819/1813/1819 1859/1853/1859
f 1861/1855/1861 1820/1814/1820 1860/1854/1860
f 1862/1856/1862 1821/1815/1821 1861/1855/1861
f 1862/1856/1862 1823/1817/1823 1822/1816/1822
f 1863/1857/1863 1824/1819/1824 1823/1817/1823
f 1865/1858/1865 1824/1819/1824 1864/1859/1864
f 1865/1858/1865 1826/1820/1826 1825/1818/1825
f 1866/1860/1866 1827/1822/1827 1826/1820/1826
f 1867/1861/1867 1828/1821/1828 1827/1822/1827
f 1869/1862/1869 1828/1821/1828 1868/1863/1868
f 1869/1862/1869 1830/1824/1830 1829/1823/1829
f 1870/1864/1870 1831/1825/1831 1830/1824/1830
f 1871/1865/1871 1832/1826/1832 1831/1825/1831
f 1872/1866/1872 1833/1828/1833 1832/1826/1832
f 1874/1867/1874 1833/1828/1833 1873/1868/1873
f 1875/1869/1875 1834/1827/1834 1874/1867/1874
f 1876/1870/1876 1835/1829/1835 1875/1869/1875
f 1877/1871/1877 1836/1830/1836 1876/1870/1876
f 1878/1872/1878 1837/1831/1837 1877/1871/1877
f 1879/1873/1879 1838/1832/1838 1878/1872/1878
f 1880/1874/1880 1839/1833/1839 1879/1873/1879
f 1881/1875/1881 1842/1836/1842 1841/1835/1841
f 1882/1876/1882 1843/1837/1843 1842/1836/1842
f 1884/1877/1884 1843/1837/1843 1883/1878/1883
f 1885/1879/1885 1844/1839/1844 1884/1877/1884
f 1886/1880/1886 1845/1838/1845 1885/1879/1885
f 1886/1880/1886 1847/1841/1847 1846/1840/1846
f 1887/1881/1887 1848/1843/1848 1847/1841/1847
f 1888/1882/1888 1849/1842/1849 1848/1843/1848
f 1890/1883/1890 1849/1842/1849 1889/1884/1889
f 1891/1885/1891 1850/1844/1850 1890/1883/1890
f 1892/1886/1892 1851/1845/1851 1891/1885/1891
f 1893/1887/1893 1852/1846/1852 1892/1886/1892
f 1894/1888/1894 1853/1847/1853 1893/1887/1893
f 1895/1889/1895 1854/1848/1854 1894/1888/1894
f 1896/1890/1896 1855/1850/1855 1895/1889/1895
f 1897/1891/1897 1856/1849/1856 1896/1890/1896
f 1898/1892/1898 1857/1851/1857 1897/1891/1897
f 1899/1893/1899 1858/1852/1858 1898/1892/1898
f 1900/1894/1900 1859/1853/1859 1899/1893/1899
f 1901/1895/1901 1860/1854/1860 1900/1894/1900
f 1902/1896/1902 1861/1855/1861 1901/1895/1901
f 1902/1896/1902 1863/1857/1863 1862/1856/1862
f 1903/1897/1903 1864/1859/1864 1863/1857/1863
f 1904/1898/1904 1865/1858/1865 1864/1859/1864
f 1905/1899/1905 1866/1860/1866 1865/1858/1865
f 1906/1900/1906 1867/1861/1867 1866/1860/1866
f 1907/1901/1907 1868/1863/1868 1867/1861/1867
f 1909/1902/1909 1868/1863/1868 1908/1903/1908
f 1910/1904/1910 1869/1862/1869 1909/1902/1909
f 1910/1904/1910 1871/1865/1871 1870/1864/1870
f 1911/1905/1911 1872/1866/1872 1871/1865/1871
f 1913/1906/1913 1872/1866/1872 1912/1907/1912
f 1914/1908/1914 1873/1868/1873 1913/1906/1913
f 1914/1908/1914 1875/1869/1875 1874/1867/1874
f 1916/1909/1916 1875/1869/1875 1915/1910/1915
f 1917/1911/1917 1876/1870/1876 1916/1909/1916
f 1918/1912/1918 1877/1871/1877 1917/1911/1917
f 1919/1913/1919 1878/1872/1878 1918/1912/1918
f 1920/1914/1920 1879/1873/1879 1919/1913/1919
f 1921/1915/1921 1882/1876/1882 1881/1875/1881
f 1922/1916/1922 1883/1878/1883 1882/1876/1882
f 1924/1917/1924 1883/1878/1883 1923/1918/1923
f 1925/1919/1925 1884/1877/1884 1924/1917/1924
f 1926/1920/1926 1885/1879/1885 1925/1919/1925
f 1926/1920/1926 1887/1881/1887 1886/1880/1886
f 1927/1921/1927 1888/1882/1888 1887/1881/1887
f 1928/1922/1928 1889/1884/1889 1888/1882/1888
f 1930/1923/1930 1889/1884/1889 1929/1924/1929
f 1931/1925/1931 1890/1883/1890 1930/1923/1930
f 1932/1926/1932 1891/1885/1891 1931/1925/1931
f 1933/1927/1933 1892/1886/1892 1932/1926/1932
f 1934/1928/1934 1893/1887/1893 1933/1927/1933
f 1935/1929/1935 1894/1888/1894 1934/1928/1934
f 1936/1930/1936 1895/1889/1895 1935/1929/1935
f 1937/1931/1937 1896/1890/1896 1936/1930/1936
f 1938/1932/1938 1897/1891/1897 1937/1931/1937
f 1939/1933/1939 1898/1892/1898 1938/1932/1938
f 1940/1934/1940 1899/1893/1899 1939/1933/1939
f 1941/1935/1941 1900/1894/1900 1940/1934/1940
f 1942/1936/1942 1901/1895/1901 1941/1935/1941
f 1942/1936/1942 1903/1897/1903 1902/1896/1902
f 1943/1937/1943 1904/1898/1904 1903/1897/1903
f 1944/1938/1944 1905/1899/1905 1904/1898/1904
f 1945/1939/1945 1906/1900/1906 1905/1899/1905
f 1946/1940/1946 1907/1901/1907 1906/1900/1906
f 1947/1941/1947 1908/1903/1908 1907/1901/1907
f 1948/1942/1948 1909/1902/1909 1908/1903/1908
f 1950/1943/1950 1909/1902/1909 1949/1944/1949
f 1950/1943/1950 1911/1905/1911 1910/1904/1910
f 1951/1945/1951 1912/1907/1912 1911/1905/1911
f 1953/1946/1953 1912/1907/1912 1952/1947/1952
f 1953/1946/1953 1914/1908/1914 1913/1906/1913
f 1954/1948/1954 1915/1910/1915 1914/1908/1914
f 1955/1949/1955 1916/1909/1916 1915/1910/1915
f 1957/1950/1957 1916/1909/1916 1956/1951/1956
f 1958/1952/1958 1917/1911/1917 1957/1950/1957
f 1959/1953/1959 1918/1912/1918 1958/1952/1958
f 1959/1953/1959 1920/1914/1920 1919/1913/1919
f 1961/1954/1961 1922/1916/1922 1921/1915/1921
f 1962/1955/1962 1923/1918/1923 1922/1916/1922
f 1964/1956/1964 1923/1918/1923 1963/1957/1963
f 1965/1958/1965 1924/1917/1924 1964/1956/1964
f 1966/1959/1966 1925/1919/1925 1965/1958/1965
f 1966/1959/1966 1927/1921/1927 1926/1920/1926
f 1967/1960/1967 1928/1922/1928 1927/1921/1927
f 1968/1961/1968 1929/1924/1929 1928/1922/1928
f 1969/1962/1969 1930/1923/1930 1929/1924/1929
f 1971/1963/1971 1930/1923/1930 1970/1964/1970
f 1972/1965/1972 1931/1925/1931 1971/1963/1971
f 1973/1966/1973 1932/1926/1932 1972/1965/1972
f 1974/1967/1974 1933/1927/1933 1973/1966/1973
f 1975/1968/1975 1934/1928/1934 1974/1967/1974
f 1976/1969/1976 1935/1929/1935 1975/1968/1975
f 1977/1970/1977 1936/1930/1936 1976/1969/1976
f 1978/1971/1978 1937/1931/1937 1977/1970/1977
f 1979/1972/1979 1938/1932/1938 1978/1971/1978
f 1980/1973/1980 1939/1933/1939 1979/1972/1979
f 1981/1974/1981 1940/1934/1940 1980/1973/1980
f 1982/1975/1982 1941/1935/1941 1981/1974/1981
f 1982/1975/1982 1943/1937/1943 1942/1936/1942
f 1983/1976/1983 1944/1938/1944 1943/1937/1943
f 1984/1977/1984 1945/1939/1945 1944/1938/1944
f 1986/1978/1986 1945/1939/1945 1985/1979/1985
f 1986/1978/1986 1947/1941/1947 1946/1940/1946
f 1987/1980/1987 1948/1942/1948 1947/1941/1947
f 1988/1981/1988 1949/1944/1949 1948/1942/1948
f 1990/1982/1990 1949/1944/1949 1989/1983/1989
f 1990/1982/1990 1951/1945/1951 1950/1943/1950
f 1992/1984/1992 1951/1945/1951 1991/1985/1991
f 1992/1984/1992 1953/1946/1953 1952/1947/1952
f 1993/1986/1993 1954/1948/1954 1953/1946/1953
f 1994/1987/1994 1955/1949/1955 1954/1948/1954
f 1995/1988/1995 1956/1951/1956 1955/1949/1955
f 1997/1989/1997 1956/1951/1956 1996/1990/1996
f 1998/1991/1998 1957/1950/1957 1997/1989/1997
f 1999/1992/1999 1958/1952/1958 1998/1991/1998
f 1999/1992/1999 1960/1993/1960 1959/1953/1959
f 2001/1994/2001 1962/1955/1962 1961/1954/1961
f 2002/1995/2002 1963/1957/1963 1962/1955/1962
f 2004/1996/2004 1963/1957/1963 2003/1997/2003
f 2005/1998/2005 1964/1956/1964 2004/1996/2004
f 2006/1999/2006 1965/1958/1965 2005/1998/2005
f 2006/1999/2006 1967/1960/1967 1966/1959/1966
f 2007/2000/2007 1968/1961/1968 1967/1960/1967
f 2008/2001/2008 1969/1962/1969 1968/1961/1968
f 2010/2002/2010 1969/1962/1969 2009/2003/2009
f 2011/2004/2011 1970/1964/1970 2010/2002/2010
f 2012/2005/2012 1971/1963/1971 2011/2004/2011
f 2013/2006/2013 1972/1965/1972 2012/2005/2012
f 2014/2007/2014 1973/1966/1973 2013/2006/2013
f 2015/2008/2015 1974/1967/1974 2014/2007/2014
f 2016/2009/2016 1975/1968/1975 2015/2008/2015
f 2017/2010/2017 1976/1969/1976 2016/2009/2016
f 2018/2011/2018 1977/1970/1977 2017/2010/2017
f 2019/2012/2019 1978/1971/1978 2018/2011/2018
f 2020/2013/2020 1979/1972/1979 2019/2012/2019
f 2021/2014/2021 1980/1973/1980 2020/2013/2020
f 2022/2015/2022 1981/1974/1981 2021/2014/2021
f 2022/2015/2022 1983/1976/1983 1982/1975/1982
f 2023/2016/2023 1984/1977/1984 1983/1976/1983
f 2024/2017/2024 1985/1979/1985 1984/1977/1984
f 2025/2018/2025 1986/1978/1986 1985/1979/1985
f 2026/2019/2026 1987/1980/1987 1986/1978/1986
f 2027/2020/2027 1988/1981/1988 1987/1980/1987
f 2029/2021/2029 1988/1981/1988 2028/2022/2028
f 2029/2021/2029 1990/1982/1990 1989/1983/1989
f 2030/2023/2030 1991/1985/1991 1990/1982/1990
f 2031/2024/2031 1992/1984/1992 1991/1985/1991
f 2032/2025/2032 1993/1986/1993 1992/1984/1992
f 2033/2026/2033 1994/1987/1994 1993/1986/1993
f 2034/2027/2034 1995/1988/1995 1994/1987/1994
f 2035/2028/2035 1996/1990/1996 1995/1988/1995
f 2037/2029/2037 1996/1990/1996 2036/2030/2036
f 2038/2031/2038 1997/1989/1997 2037/2029/2037
f 2039/2032/2039 1998/1991/1998 2038/2031/2038
f 2039/2032/2039 2000/2033/2000 1999/1992/1999
f 2042/2034/2042 2001/1994/2001 2041/2035/2041
f 2042/2034/2042 2003/1997/2003 2002/1995/2002
f 2044/2036/2044 2003/1997/2003 2043/2037/2043
f 2045/2038/2045 2004/1996/2004 2044/2036/2044
f 2046/2039/2046 2005/1998/2005 2045/2038/2045
f 2047/2040/2047 2006/1999/2006 2046/2039/2046
f 2047/2040/2047 2008/2001/2008 2007/2000/2007
f 2048/2041/2048 2009/2003/2009 2008/2001/2008
f 2050/2042/2050 2009/2003/2009 2049/2043/2049
f 2051/2044/2051 2010/2002/2010 2050/2042/2050
f 2052/2045/2052 2011/2004/2011 2051/2044/2051
f 2053/2046/2053 2012/2005/2012 2052/2045/2052
f 2054/2047/2054 2013/2006/2013 2053/2046/2053
f 2055/2048/2055 2014/2007/2014 2054/2047/2054
f 2056/2049/2056 2015/2008/2015 2055/2048/2055
f 2057/2050/2057 2016/2009/2016 2056/2049/2056
f 2058/2051/2058 2017/2010/2017 2057/2050/2057
f 2059/2052/2059 2018/2011/2018 2058/2051/2058
f 2060/2053/2060 2019/2012/2019 2059/2052/2059
f 2061/2054/2061 2020/2013/2020 2060/2053/2060
f 2062/2055/2062 2021/2014/2021 2061/2054/2061
f 2063/2056/2063 2022/2015/2022 2062/2055/2062
f 2063/2056/2063 2024/2017/2024 2023/2016/2023
f 2064/2057/2064 2025/2018/2025 2024/2017/2024
f 2065/2058/2065 2026/2019/2026 2025/2018/2025
f 2066/2059/2066 2027/2020/2027 2026/2019/2026
f 2068/2060/2068 2027/2020/2027 2067/2061/2067
f 2069/2062/2069 2028/2022/2028 2068/2060/2068
f 2069/2062/2069 2030/2023/2030 2029/2021/2029
f 2071/2063/2071 2030/2023/2030 2070/2064/2070
f 2071/2063/2071 2032/2025/2032 2031/2024/2031
f 2072/2065/2072 2033/2026/2033 2032/2025/2032
f 2073/2066/2073 2034/2027/2034 2033/2026/2033
f 2074/2067/2074 2035/2028/2035 2034/2027/2034
f 2075/2068/2075 2036/2030/2036 2035/2028/2035
f 2077/2069/2077 2036/2030/2036 2076/2070/2076
f 2078/2071/2078 2037/2029/2037 2077/2069/2077
f 2078/2071/2078 2039/2032/2039 2038/2031/2038
f 2079/2072/2079 2040/2073/2040 2039/2032/2039
f 2082/2074/2082 2041/2035/2041 2081/2075/2081
f 2082/2074/2082 2043/2037/2043 2042/2034/2042
f 2083/2076/2083 2044/2036/2044 2043/2037/2043
f 2085/2077/2085 2044/2036/2044 2084/2078/2084
f 2086/2079/2086 2045/2038/2045 2085/2077/2085
f 2087/2080/2087 2046/2039/2046 2086/2079/2086
f 2088/2081/2088 2047/2040/2047 2087/2080/2087
f 2089/2082/2089 2048/2041/2048 2088/2081/2088
f 2090/2083/2090 2049/2043/2049 2089/2082/2089
f 2090/2083/2090 2051/2044/2051 2050/2042/2050
f 2092/2084/2092 2051/2044/2051 2091/2085/2091
f 2092/2084/2092 2053/2046/2053 2052/2045/2052
f 2093/2086/2093 2054/2047/2054 2053/2046/2053
f 2094/2087/2094 2055/2048/2055 2054/2047/2054
f 2096/2088/2096 2055/2048/2055 2095/2089/2095
f 2097/2090/2097 2056/2049/2056 2096/2088/2096
f 2098/2091/2098 2057/2050/2057 2097/2090/2097
f 2099/2092/2099 2058/2051/2058 2098/2091/2098
f 2100/2093/2100 2059/2052/2059 2099/2092/2099
f 2101/2094/2101 2060/2053/2060 2100/2093/2100
f 2102/2095/2102 2061/2054/2061 2101/2094/2101
f 2103/2096/2103 2062/2055/2062 2102/2095/2102
f 2103/2096/2103 2064/2057/2064 2063/2056/2063
f 2104/2097/2104 2065/2058/2065 2064/2057/2064
f 2105/2098/2105 2066/2059/2066 2065/2058/2065
f 2106/2099/2106 2067/2061/2067 2066/2059/2066
f 2107/2100/2107 2068/2060/2068 2067/2061/2067
f 2109/2101/2109 2068/2060/2068 2108/2102/2108
f 2110/2103/2110 2069/2062/2069 2109/2101/2109
f 2111/2104/2111 2070/2064/2070 2110/2103/2110
f 2111/2104/2111 2072/2065/2072 2071/2063/2071
f 2112/2105/2112 2073/2066/2073 2072/2065/2072
f 2113/2106/2113 2074/2067/2074 2073/2066/2073
f 2114/2107/2114 2075/2068/2075 2074/2067/2074
f 2116/2108/2116 2075/2068/2075 2115/2109/2115
f 2117/2110/2117 2076/2070/2076 2116/2108/2116
f 2117/2110/2117 2078/2071/2078 2077/2069/2077
f 2118/2111/2118 2079/2072/2079 2078/2071/2078
f 2120/2112/2120 2079/2072/2079 2119/2113/2119
f 2121/2114/2121 2082/2074/2082 2081/2075/2081
f 2123/2115/2123 2082/2074/2082 2122/2116/2122
f 2124/2117/2124 2083/2076/2083 2123/2115/2123
f 2124/2117/2124 2085/2077/2085 2084/2078/2084
f 2126/2118/2126 2085/2077/2085 2125/2119/2125
f 2127/2120/2127 2086/2079/2086 2126/2118/2126
f 2128/2121/2128 2087/2080/2087 2127/2120/2127
f 2129/2122/2129 2088/2081/2088 2128/2121/2128
f 2129/2122/2129 2090/2083/2090 2089/2082/2089
f 2130/2123/2130 2091/2085/2091 2090/2083/2090
f 2132/2124/2132 2091/2085/2091 2131/2125/2131
f 2132/2124/2132 2093/2086/2093 2092/2084/2092
f 2134/2126/2134 2093/2086/2093 2133/2127/2133
f 2134/2126/2134 2095/2089/2095 2094/2087/2094
f 2136/2128/2136 2095/2089/2095 2135/2129/2135
f 2137/2130/2137 2096/2088/2096 2136/2128/2136
f 2138/2131/2138 2097/2090/2097 2137/2130/2137
f 2139/2132/2139 2098/2091/2098 2138/2131/2138
f 2140/2133/2140 2099/2092/2099 2139/2132/2139
f 2141/2134/2141 2100/2093/2100 2140/2133/2140
f 2142/2135/2142 2101/2094/2101 2141/2134/2141
f 2143/2136/2143 2102/2095/2102 2142/2135/2142
f 2143/2136/2143 2104/2097/2104 2103/2096/2103
f 2144/2137/2144 2105/2098/2105 2104/2097/2104
f 2145/2138/2145 2106/2099/2106 2105/2098/2105
f 2147/2139/2147 2106/2099/2106 2146/2140/2146
f 2148/2141/2148 2107/2100/2107 2147/2139/2147
f 2149/2142/2149 2108/2102/2108 2148/2141/2148
f 2150/2143/2150 2109/2101/2109 2149/2142/2149
f 2150/2143/2150 2111/2104/2111 2110/2103/2110
f 2151/2144/2151 2112/2105/2112 2111/2104/2111
f 2152/2145/2152 2113/2106/2113 2112/2105/2112
f 2153/2146/2153 2114/2107/2114 2113/2106/2113
f 2154/2147/2154 2115/2109/2115 2114/2107/2114
f 2156/2148/2156 2115/2109/2115 2155/2149/2155
f 2156/2148/2156 2117/2110/2117 2116/2108/2116
f 2157/2150/2157 2118/2111/2118 2117/2110/2117
f 2158/2151/2158 2119/2113/2119 2118/2111/2118
f 2160/2152/2160 2119/2113/2119 2159/2153/2159
f 2161/2154/2161 2122/2116/2122 2121/2114/2121
f 2163/2155/2163 2122/2116/2122 2162/2156/2162
f 2164/2157/2164 2123/2115/2123 2163/2155/2163
f 2165/2158/2165 2124/2117/2124 2164/2157/2164
f 2165/2158/2165 2126/2118/2126 2125/2119/2125
f 2167/2159/2167 2126/2118/2126 2166/2160/2166
f 2167/2159/2167 2128/2121/2128 2127/2120/2127
f 2169/2161/2169 2128/2121/2128 2168/2162/2168
f 2170/2163/2170 2129/2122/2129 2169/2161/2169
f 2170/2163/2170 2131/2125/2131 2130/2123/2130
f 2172/2164/2172 2131/2125/2131 2171/2165/2171
f 2172/2164/2172 2133/2127/2133 2132/2124/2132
f 2173/2166/2173 2134/2126/2134 2133/2127/2133
f 2175/2167/2175 2134/2126/2134 2174/2168/2174
f 2176/2169/2176 2135/2129/2135 2175/2167/2175
f 2177/2170/2177 2136/2128/2136 2176/2169/2176
f 2178/2171/2178 2137/2130/2137 2177/2170/2177
f 2179/2172/2179 2138/2131/2138 2178/2171/2178
f 2180/2173/2180 2139/2132/2139 2179/2172/2179
f 2181/2174/2181 2140/2133/2140 2180/2173/2180
f 2182/2175/2182 2141/2134/2141 2181/2174/2181
f 2183/2176/2183 2142/2135/2142 2182/2175/2182
f 2183/2176/2183 2144/2137/2144 2143/2136/2143
f 2185/2177/2185 2144/2137/2144 2184/2178/2184
f 2186/2179/2186 2145/2138/2145 2185/2177/2185
f 2187/2180/2187 2146/2140/2146 2186/2179/2186
f 2188/2181/2188 2147/2139/2147 2187/2180/2187
f 2189/2182/2189 2148/2141/2148 2188/2181/2188
f 2189/2182/2189 2150/2143/2150 2149/2142/2149
f 2190/2183/2190 2151/2144/2151 2150/2143/2150
f 2191/2184/2191 2152/2145/2152 2151/2144/2151
f 2192/2185/2192 2153/2146/2153 2152/2145/2152
f 2193/2186/2193 2154/2147/2154 2153/2146/2153
f 2195/2187/2195 2154/2147/2154 2194/2188/2194
f 2195/2187/2195 2156/2148/2156 2155/2149/2155
f 2196/2189/2196 2157/2150/2157 2156/2148/2156
f 2197/2190/2197 2158/2151/2158 2157/2150/2157
f 2198/2191/2198 2159/2153/2159 2158/2151/2158
f 2200/2192/2200 2159/2153/2159 2199/2193/2199
f 2201/2194/2201 2162/2156/2162 2161/2154/2161
f 2203/2195/2203 2162/2156/2162 2202/2196/2202
f 2204/2197/2204 2163/2155/2163 2203/2195/2203
f 2205/2198/2205 2164/2157/2164 2204/2197/2204
f 2206/2199/2206 2165/2158/2165 2205/2198/2205
f 2206/2199/2206 2167/2159/2167 2166/2160/2166
f 2208/2200/2208 2167/2159/2167 2207/2201/2207
f 2208/2200/2208 2169/2161/2169 2168/2162/2168
f 2209/2202/2209 2170/2163/2170 2169/2161/2169
f 2211/2203/2211 2170/2163/2170 2210/2204/2210
f 2212/2205/2212 2171/2165/2171 2211/2203/2211
f 2213/2206/2213 2172/2164/2172 2212/2205/2212
f 2213/2206/2213 2174/2168/2174 2173/2166/2173
f 2215/2207/2215 2174/2168/2174 2214/2208/2214
f 2216/2209/2216 2175/2167/2175 2215/2207/2215
f 2217/2210/2217 2176/2169/2176 2216/2209/2216
f 2218/2211/2218 2177/2170/2177 2217/2210/2217
f 2219/2212/2219 2178/2171/2178 2218/2211/2218
f 2220/2213/2220 2179/2172/2179 2219/2212/2219
f 2221/2214/2221 2180/2173/2180 2220/2213/2220
f 2222/2215/2222 2181/2174/2181 2221/2214/2221
f 2223/2216/2223 2182/2175/2182 2222/2215/2222
f 2223/2216/2223 2184/2178/2184 2183/2176/2183
f 2225/2217/2225 2184/2178/2184 2224/2218/2224
f 2226/2219/2226 2185/2177/2185 2225/2217/2225
f 2226/2219/2226 2187/2180/2187 2186/2179/2186
f 2227/2220/2227 2188/2181/2188 2187/2180/2187
f 2228/2221/2228 2189/2182/2189 2188/2181/2188
f 2230/2222/2230 2189/2182/2189 2229/2223/2229
f 2230/2222/2230 2191/2184/2191 2190/2183/2190
f 2231/2224/2231 2192/2185/2192 2191/2184/2191
f 2232/2225/2232 2193/2186/2193 2192/2185/2192
f 2234/2226/2234 2193/2186/2193 2233/2227/2233
f 2234/2226/2234 2195/2187/2195 2194/2188/2194
f 2235/2228/2235 2196/2189/2196 2195/2187/2195
f 2236/2229/2236 2197/2190/2197 2196/2189/2196
f 2237/2230/2237 2198/2191/2198 2197/2190/2197
f 2238/2231/2238 2199/2193/2199 2198/2191/2198
f 2240/2232/2240 2199/2193/2199 2239/2233/2239
f 2242/2234/2242 2201/2194/2201 2241/2235/2241
f 2242/2234/2242 2203/2195/2203 2202/2196/2202
f 2244/2236/2244 2203/2195/2203 2243/2237/2243
f 2245/2238/2245 2204/2197/2204 2244/2236/2244
f 2246/2239/2246 2205/2198/2205 2245/2238/2245
f 2246/2239/2246 2207/2201/2207 2206/2199/2206
f 2247/2240/2247 2208/2200/2208 2207/2201/2207
f 2248/2241/2248 2209/2202/2209 2208/2200/2208
f 2249/2242/2249 2210/2204/2210 2209/2202/2209
f 2250/2243/2250 2211/2203/2211 2210/2204/2210
f 2252/2244/2252 2211/2203/2211 2251/2245/2251
f 2252/2244/2252 2213/2206/2213 2212/2205/2212
f 2253/2246/2253 2214/2208/2214 2213/2206/2213
f 2255/2247/2255 2214/2208/2214 2254/2248/2254
f 2256/2249/2256 2215/2207/2215 2255/2247/2255
f 2257/2250/2257 2216/2209/2216 2256/2249/2256
f 2258/2251/2258 2217/2210/2217 2257/2250/2257
f 2259/2252/2259 2218/2211/2218 2258/2251/2258
f 2260/2253/2260 2219/2212/2219 2259/2252/2259
f 2261/2254/2261 2220/2213/2220 2260/2253/2260
f 2262/2255/2262 2221/2214/2221 2261/2254/2261
f 2263/2256/2263 2222/2215/2222 2262/2255/2262
f 2263/2256/2263 2224/2218/2224 2223/2216/2223
f 2265/2257/2265 2224/2218/2224 2264/2258/2264
f 2266/2259/2266 2225/2217/2225 2265/2257/2265
f 2267/2260/2267 2226/2219/2226 2266/2259/2266
f 2267/2260/2267 2228/2221/2228 2227/2220/2227
f 2268/2261/2268 2229/2223/2229 2228/2221/2228
f 2269/2262/2269 2230/2222/2230 2229/2223/2229
f 2271/2263/2271 2230/2222/2230 2270/2264/2270
f 2271/2263/2271 2232/2225/2232 2231/2224/2231
f 2272/2265/2272 2233/2227/2233 2232/2225/2232
f 2274/2266/2274 2233/2227/2233 2273/2267/2273
f 2274/2266/2274 2235/2228/2235 2234/2226/2234
f 2275/2268/2275 2236/2229/2236 2235/2228/2235
f 2276/2269/2276 2237/2230/2237 2236/2229/2236
f 2277/2270/2277 2238/2231/2238 2237/2230/2237
f 2279/2271/2279 2238/2231/2238 2278/2272/2278
f 2279/2271/2279 2240/2232/2240 2239/2233/2239
f 2282/2273/2282 2241/2235/2241 2281/2274/2281
f 2283/2275/2283 2242/2234/2242 2282/2273/2282
f 2283/2275/2283 2244/2236/2244 2243/2237/2243
f 2285/2276/2285 2244/2236/2244 2284/2277/2284
f 2286/2278/2286 2245/2238/2245 2285/2276/2285
f 2286/2278/2286 2247/2240/2247 2246/2239/2246
f 2287/2279/2287 2248/2241/2248 2247/2240/2247
f 2289/2280/2289 2248/2241/2248 2288/2281/2288
f 2289/2280/2289 2250/2243/2250 2249/2242/2249
f 2290/2282/2290 2251/2245/2251 2250/2243/2250
f 2292/2283/2292 2251/2245/2251 2291/2284/2291
f 2292/2283/2292 2253/2246/2253 2252/2244/2252
f 2293/2285/2293 2254/2248/2254 2253/2246/2253
f 2295/2286/2295 2254/2248/2254 2294/2287/2294
f 2295/2286/2295 2256/2249/2256 2255/2247/2255
f 2297/2288/2297 2256/2249/2256 2296/2289/2296
f 2298/2290/2298 2257/2250/2257 2297/2288/2297
f 2299/2291/2299 2258/2251/2258 2298/2290/2298
f 2300/2292/2300 2259/2252/2259 2299/2291/2299
f 2301/2293/2301 2260/2253/2260 2300/2292/2300
f 2302/2294/2302 2261/2254/2261 2301/2293/2301
f 2303/2295/2303 2262/2255/2262 2302/2294/2302
f 2304/2296/2304 2263/2256/2263 2303/2295/2303
f 2305/2297/2305 2264/2258/2264 2304/2296/2304
f 2306/2298/2306 2265/2257/2265 2305/2297/2305
f 2306/2298/2306 2267/2260/2267 2266/2259/2266
f 2308/2299/2308 2267/2260/2267 2307/2300/2307
f 2309/2301/2309 2268/2261/2268 2308/2299/2308
f 2309/2301/2309 2270/2264/2270 2269/2262/2269
f 2311/2302/2311 2270/2264/2270 2310/2303/2310
f 2312/2304/2312 2271/2263/2271 2311/2302/2311
f 2313/2305/2313 2272/2265/2272 2312/2304/2312
f 2314/2306/2314 2273/2267/2273 2313/2305/2313
f 2314/2306/2314 2275/2268/2275 2274/2266/2274
f 2315/2307/2315 2276/2269/2276 2275/2268/2275
f 2316/2308/2316 2277/2270/2277 2276/2269/2276
f 2317/2309/2317 2278/2272/2278 2277/2270/2277
f 2318/2310/2318 2279/2271/2279 2278/2272/2278
f 2319/2311/2319 2280/2312/2280 2279/2271/2279
f 2322/2313/2322 2281/2274/2281 2321/2314/2321
f 2323/2315/2323 2282/2273/2282 2322/2313/2322
f 2324/2316/2324 2283/2275/2283 2323/2315/2323
f 2324/2316/2324 2285/2276/2285 2284/2277/2284
f 2326/2317/2326 2285/2276/2285 2325/2318/2325
f 2327/2319/2327 2286/2278/2286 2326/2317/2326
f 2327/2319/2327 2288/2281/2288 2287/2279/2287
f 2329/2320/2329 2288/2281/2288 2328/2321/2328
f 2330/2322/2330 2289/2280/2289 2329/2320/2329
f 2330/2322/2330 2291/2284/2291 2290/2282/2290
f 2332/2323/2332 2291/2284/2291 2331/2324/2331
f 2333/2325/2333 2292/2283/2292 2332/2323/2332
f 2334/2326/2334 2293/2285/2293 2333/2325/2333
f 2335/2327/2335 2294/2287/2294 2334/2326/2334
f 2335/2327/2335 2296/2289/2296 2295/2286/2295
f 2337/2328/2337 2296/2289/2296 2336/2329/2336
f 2338/2330/2338 2297/2288/2297 2337/2328/2337
f 2339/2331/2339 2298/2290/2298 2338/2330/2338
f 2340/2332/2340 2299/2291/2299 2339/2331/2339
f 2341/2333/2341 2300/2292/2300 2340/2332/2340
f 2342/2334/2342 2301/2293/2301 2341/2333/2341
f 2343/2335/2343 2302/2294/2302 2342/2334/2342
f 2344/2336/2344 2303/2295/2303 2343/2335/2343
f 2345/2337/2345 2304/2296/2304 2344/2336/2344
f 2345/2337/2345 2306/2298/2306 2305/2297/2305
f 2346/2338/2346 2307/2300/2307 2306/2298/2306
f 2348/2339/2348 2307/2300/2307 2347/2340/2347
f 2349/2341/2349 2308/2299/2308 2348/2339/2348
f 2349/2341/2349 2310/2303/2310 2309/2301/2309
f 2351/2342/2351 2310/2303/2310 2350/2343/2350
f 2352/2344/2352 2311/2302/2311 2351/2342/2351
f 2353/2345/2353 2312/2304/2312 2352/2344/2352
f 2354/2346/2354 2313/2305/2313 2353/2345/2353
f 2354/2346/2354 2315/2307/2315 2314/2306/2314
f 2355/2347/2355 2316/2308/2316 2315/2307/2315
f 2356/2348/2356 2317/2309/2317 2316/2308/2316
f 2357/2349/2357 2318/2310/2318 2317/2309/2317
f 2359/2350/2359 2318/2310/2318 2358/2351/2358
f 2359/2350/2359 2320/2352/2320 2319/2311/2319
f 2361/2353/2361 2322/2313/2322 2321/2314/2321
f 2363/2354/2363 2322/2313/2322 2362/2355/2362
f 2364/2356/2364 2323/2315/2323 2363/2354/2363
f 2365/2357/2365 2324/2316/2324 2364/2356/2364
f 2366/2358/2366 2325/2318/2325 2365/2357/2365
f 2367/2359/2367 2326/2317/2326 2366/2358/2366
f 2367/2359/2367 2328/2321/2328 2327/2319/2327
f 2368/2360/2368 2329/2320/2329 2328/2321/2328
f 2370/2361/2370 2329/2320/2329 2369/2362/2369
f 2370/2361/2370 2331/2324/2331 2330/2322/2330
f 2371/2363/2371 2332/2323/2332 2331/2324/2331
f 2373/2364/2373 2332/2323/2332 2372/2365/2372
f 2373/2364/2373 2334/2326/2334 2333/2325/2333
f 2375/2366/2375 2334/2326/2334 2374/2367/2374
f 2375/2366/2375 2336/2329/2336 2335/2327/2335
f 2376/2368/2376 2337/2328/2337 2336/2329/2336
f 2378/2369/2378 2337/2328/2337 2377/2370/2377
f 2379/2371/2379 2338/2330/2338 2378/2369/2378
f 2380/2372/2380 2339/2331/2339 2379/2371/2379
f 2381/2373/2381 2340/2332/2340 2380/2372/2380
f 2382/2374/2382 2341/2333/2341 2381/2373/2381
f 2383/2375/2383 2342/2334/2342 2382/2374/2382
f 2384/2376/2384 2343/2335/2343 2383/2375/2383
f 2385/2377/2385 2344/2336/2344 2384/2376/2384
f 2385/2377/2385 2346/2338/2346 2345/2337/2345
f 2386/2378/2386 2347/2340/2347 2346/2338/2346
f 2387/2379/2387 2348/2339/2348 2347/2340/2347
f 2389/2380/2389 2348/2339/2348 2388/2381/2388
f 2390/2382/2390 2349/2341/2349 2389/2380/2389
f 2391/2383/2391 2350/2343/2350 2390/2382/2390
f 2392/2384/2392 2351/2342/2351 2391/2383/2391
f 2393/2385/2393 2352/2344/2352 2392/2384/2392
f 2394/2386/2394 2353/2345/2353 2393/2385/2393
f 2394/2386/2394 2355/2347/2355 2354/2346/2354
f 2395/2387/2395 2356/2348/2356 2355/2347/2355
f 2396/2388/2396 2357/2349/2357 2356/2348/2356
f 2397/2389/2397 2358/2351/2358 2357/2349/2357
f 2399/2390/2399 2358/2351/2358 2398/2391/2398
f 2399/2390/2399 2360/2392/2360 2359/2350/2359
f 2401/2393/2401 2362/2355/2362 2361/2353/2361
f 2402/2394/2402 2363/2354/2363 2362/2355/2362
f 2404/2395/2404 2363/2354/2363 2403/2396/2403
f 2405/2397/2405 2364/2356/2364 2404/2395/2404
f 2406/2398/2406 2365/2357/2365 2405/2397/2405
f 2406/2398/2406 2367/2359/2367 2366/2358/2366
f 2407/2399/2407 2368/2360/2368 2367/2359/2367
f 2408/2400/2408 2369/2362/2369 2368/2360/2368
f 2409/2401/2409 2370/2361/2370 2369/2362/2369
f 2411/2402/2411 2370/2361/2370 2410/2403/2410
f 2412/2404/2412 2371/2363/2371 2411/2402/2411
f 2413/2405/2413 2372/2365/2372 2412/2404/2412
f 2413/2405/2413 2374/2367/2374 2373/2364/2373
f 2415/2406/2415 2374/2367/2374 2414/2407/2414
f 2415/2406/2415 2376/2368/2376 2375/2366/2375
f 2417/2408/2417 2376/2368/2376 2416/2409/2416
f 2417/2408/2417 2378/2369/2378 2377/2370/2377
f 2419/2410/2419 2378/2369/2378 2418/2411/2418
f 2420/2412/2420 2379/2371/2379 2419/2410/2419
f 2421/2413/2421 2380/2372/2380 2420/2412/2420
f 2422/2414/2422 2381/2373/2381 2421/2413/2421
f 2423/2415/2423 2382/2374/2382 2422/2414/2422
f 2423/2415/2423 2384/2376/2384 2383/2375/2383
f 2425/2416/2425 2384/2376/2384 2424/2417/2424
f 2425/2416/2425 2386/2378/2386 2385/2377/2385
f 2426/2418/2426 2387/2379/2387 2386/2378/2386
f 2427/2419/2427 2388/2381/2388 2387/2379/2387
f 2429/2420/2429 2388/2381/2388 2428/2421/2428
f 2430/2422/2430 2389/2380/2389 2429/2420/2429
f 2431/2423/2431 2390/2382/2390 2430/2422/2430
f 2432/2424/2432 2391/2383/2391 2431/2423/2431
f 2433/2425/2433 2392/2384/2392 2432/2424/2432
f 2434/2426/2434 2393/2385/2393 2433/2425/2433
f 2434/2426/2434 2395/2387/2395 2394/2386/2394
f 2435/2427/2435 2396/2388/2396 2395/2387/2395
f 2436/2428/2436 2397/2389/2397 2396/2388/2396
f 2438/2429/2438 2397/2389/2397 2437/2430/2437
f 2438/2429/2438 2399/2390/2399 2398/2391/2398
f 2439/2431/2439 2400/2432/2400 2399/2390/2399
f 2442/2433/2442 2401/2393/2401 2441/2434/2441
f 2442/2433/2442 2403/2396/2403 2402/2394/2402
f 2443/2435/2443 2404/2395/2404 2403/2396/2403
f 2445/2436/2445 2404/2395/2404 2444/2437/2444
f 2446/2438/2446 2405/2397/2405 2445/2436/2445
f 2446/2438/2446 2407/2399/2407 2406/2398/2406
f 2447/2439/2447 2408/2400/2408 2407/2399/2407
f 2449/2440/2449 2408/2400/2408 2448/2441/2448
f 2450/2442/2450 2409/2401/2409 2449/2440/2449
f 2451/2443/2451 2410/2403/2410 2450/2442/2450
f 2451/2443/2451 2412/2404/2412 2411/2402/2411
f 2453/2444/2453 2412/2404/2412 2452/2445/2452
f 2454/2446/2454 2413/2405/2413 2453/2444/2453
f 2454/2446/2454 2415/2406/2415 2414/2407/2414
f 2456/2447/2456 2415/2406/2415 2455/2448/2455
f 2457/2449/2457 2416/2409/2416 2456/2447/2456
f 2458/2450/2458 2417/2408/2417 2457/2449/2457
f 2458/2450/2458 2419/2410/2419 2418/2411/2418
f 2460/2451/2460 2419/2410/2419 2459/2452/2459
f 2461/2453/2461 2420/2412/2420 2460/2451/2460
f 2461/2453/2461 2422/2414/2422 2421/2413/2421
f 2463/2454/2463 2422/2414/2422 2462/2455/2462
f 2463/2454/2463 2424/2417/2424 2423/2415/2423
f 2464/2456/2464 2425/2416/2425 2424/2417/2424
f 2465/2457/2465 2426/2418/2426 2425/2416/2425
f 2466/2458/2466 2427/2419/2427 2426/2418/2426
f 2467/2459/2467 2428/2421/2428 2427/2419/2427
f 2469/2460/2469 2428/2421/2428 2468/2461/2468
f 2470/2462/2470 2429/2420/2429 2469/2460/2469
f 2471/2463/2471 2430/2422/2430 2470/2462/2470
f 2472/2464/2472 2431/2423/2431 2471/2463/2471
f 2473/2465/2473 2432/2424/2432 2472/2464/2472
f 2474/2466/2474 2433/2425/2433 2473/2465/2473
f 2474/2466/2474 2435/2427/2435 2434/2426/2434
f 2475/2467/2475 2436/2428/2436 2435/2427/2435
f 2476/2468/2476 2437/2430/2437 2436/2428/2436
f 2478/2469/2478 2437/2430/2437 2477/2470/2477
f 2478/2469/2478 2439/2431/2439 2438/2429/2438
f 2479/2471/2479 2440/2472/2440 2439/2431/2439
f 2482/2473/2482 2441/2434/2441 2481/2474/2481
f 2483/2475/2483 2442/2433/2442 2482/2473/2482
f 2483/2475/2483 2444/2437/2444 2443/2435/2443
f 2485/2476/2485 2444/2437/2444 2484/2477/2484
f 2486/2478/2486 2445/2436/2445 2485/2476/2485
f 2486/2478/2486 2447/2439/2447 2446/2438/2446
f 2487/2479/2487 2448/2441/2448 2447/2439/2447
f 2489/2480/2489 2448/2441/2448 2488/2481/2488
f 2489/2480/2489 2450/2442/2450 2449/2440/2449
f 2491/2482/2491 2450/2442/2450 2490/2483/2490
f 2491/2482/2491 2452/2445/2452 2451/2443/2451
f 2493/2484/2493 2452/2445/2452 2492/2485/2492
f 2493/2484/2493 2454/2446/2454 2453/2444/2453
f 2494/2486/2494 2455/2448/2455 2454/2446/2454
f 2495/2487/2495 2456/2447/2456 2455/2448/2455
f 2496/2488/2496 2457/2449/2457 2456/2447/2456
f 2498/2489/2498 2457/2449/2457 2497/2490/2497
f 2498/2489/2498 2459/2452/2459 2458/2450/2458
f 2500/2491/2500 2459/2452/2459 2499/2492/2499
f 2501/2493/2501 2460/2451/2460 2500/2491/2500
f 2502/2494/2502 2461/2453/2461 2501/2493/2501
f 2502/2494/2502 2463/2454/2463 2462/2455/2462
f 2503/2495/2503 2464/2456/2464 2463/2454/2463
f 2504/2496/2504 2465/2457/2465 2464/2456/2464
f 2505/2497/2505 2466/2458/2466 2465/2457/2465
f 2506/2498/2506 2467/2459/2467 2466/2458/2466
f 2507/2499/2507 2468/2461/2468 2467/2459/2467
f 2508/2500/2508 2469/2460/2469 2468/2461/2468
f 2510/2501/2510 2469/2460/2469 2509/2502/2509
f 2511/2503/2511 2470/2462/2470 2510/2501/2510
f 2512/2504/2512 2471/2463/2471 2511/2503/2511
f 2513/2505/2513 2472/2464/2472 2512/2504/2512
f 2513/2505/2513 2474/2466/2474 2473/2465/2473
f 2514/2506/2514 2475/2467/2475 2474/2466/2474
f 2515/2507/2515 2476/2468/2476 2475/2467/2475
f 2517/2508/2517 2476/2468/2476 2516/2509/2516
f 2518/2510/2518 2477/2470/2477 2517/2508/2517
f 2519/2511/2519 2478/2469/2478 2518/2510/2518
f 2519/2511/2519 2480/2512/2480 2479/2471/2479
f 2522/2513/2522 2481/2474/2481 2521/2514/2521
f 2523/2515/2523 2482/2473/2482 2522/2513/2522
f 2523/2515/2523 2484/2477/2484 2483/2475/2483
f 2525/2516/2525 2484/2477/2484 2524/2517/2524
f 2526/2518/2526 2485/2476/2485 2525/2516/2525
f 2527/2519/2527 2486/2478/2486 2526/2518/2526
f 2528/2520/2528 2487/2479/2487 2527/2519/2527
f 2529/2521/2529 2488/2481/2488 2528/2520/2528
f 2530/2522/2530 2489/2480/2489 2529/2521/2529
f 2531/2523/2531 2490/2483/2490 2530/2522/2530
f 2532/2524/2532 2491/2482/2491 2531/2523/2531
f 2533/2525/2533 2492/2485/2492 2532/2524/2532
f 2534/2526/2534 2493/2484/2493 2533/2525/2533
f 2534/2526/2534 2495/2487/2495 2494/2486/2494
f 2536/2527/2536 2495/2487/2495 2535/2528/2535
f 2536/2527/2536 2497/2490/2497 2496/2488/2496
f 2538/2529/2538 2497/2490/2497 2537/2530/2537
f 2538/2529/2538 2499/2492/2499 2498/2489/2498
f 2540/2531/2540 2499/2492/2499 2539/2532/2539
f 2541/2533/2541 2500/2491/2500 2540/2531/2540
f 2541/2533/2541 2502/2494/2502 2501/2493/2501
f 2543/2534/2543 2502/2494/2502 2542/2535/2542
f 2543/2534/2543 2504/2496/2504 2503/2495/2503
f 2544/2536/2544 2505/2497/2505 2504/2496/2504
f 2546/2537/2546 2505/2497/2505 2545/2538/2545
f 2546/2537/2546 2507/2499/2507 2506/2498/2506
f 2548/2539/2548 2507/2499/2507 2547/2540/2547
f 2548/2539/2548 2509/2502/2509 2508/2500/2508
f 2550/2541/2550 2509/2502/2509 2549/2542/2549
f 2550/2541/2550 2511/2503/2511 2510/2501/2510
f 2552/2543/2552 2511/2503/2511 2551/2544/2551
f 2553/2545/2553 2512/2504/2512 2552/2543/2552
f 2553/2545/2553 2514/2506/2514 2513/2505/2513
f 2554/2546/2554 2515/2507/2515 2514/2506/2514
f 2555/2547/2555 2516/2509/2516 2515/2507/2515
f 2557/2548/2557 2516/2509/2516 2556/2549/2556
f 2558/2550/2558 2517/2508/2517 2557/2548/2557
f 2559/2551/2559 2518/2510/2518 2558/2550/2558
f 2559/2551/2559 2520/2552/2520 2519/2511/2519
f 2562/2553/2562 2521/2514/2521 2561/2554/2561
f 2563/2555/2563 2522/2513/2522 2562/2553/2562
f 2563/2555/2563 2524/2517/2524 2523/2515/2523
f 2565/2556/2565 2524/2517/2524 2564/2557/2564
f 2566/2558/2566 2525/2516/2525 2565/2556/2565
f 2567/2559/2567 2526/2518/2526 2566/2558/2566
f 2568/2560/2568 2527/2519/2527 2567/2559/2567
f 2569/2561/2569 2528/2520/2528 2568/2560/2568
f 2570/2562/2570 2529/2521/2529 2569/2561/2569
f 2571/2563/2571 2530/2522/2530 2570/2562/2570
f 2572/2564/2572 2531/2523/2531 2571/2563/2571
f 2573/2565/2573 2532/2524/2532 2572/2564/2572
f 2574/2566/2574 2533/2525/2533 2573/2565/2573
f 2575/2567/2575 2534/2526/2534 2574/2566/2574
f 2576/2568/2576 2535/2528/2535 2575/2567/2575
f 2576/2568/2576 2537/2530/2537 2536/2527/2536
f 2578/2569/2578 2537/2530/2537 2577/2570/2577
f 2579/2571/2579 2538/2529/2538 2578/2569/2578
f 2579/2571/2579 2540/2531/2540 2539/2532/2539
f 2581/2572/2581 2540/2531/2540 2580/2573/2580
f 2581/2572/2581 2542/2535/2542 2541/2533/2541
f 2583/2574/2583 2542/2535/2542 2582/2575/2582
f 2584/2576/2584 2543/2534/2543 2583/2574/2583
f 2585/2577/2585 2544/2536/2544 2584/2576/2584
f 2585/2577/2585 2546/2537/2546 2545/2538/2545
f 2587/2578/2587 2546/2537/2546 2586/2579/2586
f 2587/2578/2587 2548/2539/2548 2547/2540/2547
f 2589/2580/2589 2548/2539/2548 2588/2581/2588
f 2589/2580/2589 2550/2541/2550 2549/2542/2549
f 2590/2582/2590 2551/2544/2551 2550/2541/2550
f 2591/2583/2591 2552/2543/2552 2551/2544/2551
f 2593/2584/2593 2552/2543/2552 2592/2585/2592
f 2593/2584/2593 2554/2546/2554 2553/2545/2553
f 2594/2586/2594 2555/2547/2555 2554/2546/2554
f 2595/2587/2595 2556/2549/2556 2555/2547/2555
f 2597/2588/2597 2556/2549/2556 2596/2589/2596
f 2598/2590/2598 2557/2548/2557 2597/2588/2597
f 2599/2591/2599 2558/2550/2558 2598/2590/2598
f 2599/2591/2599 2560/2592/2560 2559/2551/2559
f 2601/2593/2601 2562/2553/2562 2561/2554/2561
f 2602/2594/2602 2563/2555/2563 2562/2553/2562
f 2603/2595/2603 2564/2557/2564 2563/2555/2563
f 2605/2596/2605 2564/2557/2564 2604/2597/2604
f 2606/2598/2606 2565/2556/2565 2605/2596/2605
f 2607/2599/2607 2566/2558/2566 2606/2598/2606
f 2608/2600/2608 2567/2559/2567 2607/2599/2607
f 2609/2601/2609 2568/2560/2568 2608/2600/2608
f 2610/2602/2610 2569/2561/2569 2609/2601/2609
f 2611/2603/2611 2570/2562/2570 2610/2602/2610
f 2612/2604/2612 2571/2563/2571 2611/2603/2611
f 2613/2605/2613 2572/2564/2572 2612/2604/2612
f 2614/2606/2614 2573/2565/2573 2613/2605/2613
f 2615/2607/2615 2574/2566/2574 2614/2606/2614
f 2616/2608/2616 2575/2567/2575 2615/2607/2615
f 2617/2609/2617 2576/2568/2576 2616/2608/2616
f 2618/2610/2618 2577/2570/2577 2617/2609/2617
f 2619/2611/2619 2578/2569/2578 2618/2610/2618
f 2619/2611/2619 2580/2573/2580 2579/2571/2579
f 2621/2612/2621 2580/2573/2580 2620/2613/2620
f 2621/2612/2621 2582/2575/2582 2581/2572/2581
f 2623/2614/2623 2582/2575/2582 2622/2615/2622
f 2623/2614/2623 2584/2576/2584 2583/2574/2583
f 2624/2616/2624 2585/2577/2585 2584/2576/2584
f 2626/2617/2626 2585/2577/2585 2625/2618/2625
f 2627/2619/2627 2586/2579/2586 2626/2617/2626
f 2628/2620/2628 2587/2578/2587 2627/2619/2627
f 2629/2621/2629 2588/2581/2588 2628/2620/2628
f 2629/2621/2629 2590/2582/2590 2589/2580/2589
f 2631/2622/2631 2590/2582/2590 2630/2623/2630
f 2632/2624/2632 2591/2583/2591 2631/2622/2631
f 2632/2624/2632 2593/2584/2593 2592/2585/2592
f 2634/2625/2634 2593/2584/2593 2633/2626/2633
f 2634/2625/2634 2595/2587/2595 2594/2586/2594
f 2635/2627/2635 2596/2589/2596 2595/2587/2595
f 2637/2628/2637 2596/2589/2596 2636/2629/2636
f 2638/2630/2638 2597/2588/2597 2637/2628/2637
f 2639/2631/2639 2598/2590/2598 2638/2630/2638
f 2639/2631/2639 2600/2632/2600 2599/2591/2599
f 2641/2633/2641 2602/2594/2602 2601/2593/2601
f 2642/2634/2642 2603/2595/2603 2602/2594/2602
f 2643/2635/2643 2604/2597/2604 2603/2595/2603
f 2645/2636/2645 2604/2597/2604 2644/2637/2644
f 2646/2638/2646 2605/2596/2605 2645/2636/2645
f 2647/2639/2647 2606/2598/2606 2646/2638/2646
f 2648/2640/2648 2607/2599/2607 2647/2639/2647
f 2649/2641/2649 2608/2600/2608 2648/2640/2648
f 2650/2642/2650 2609/2601/2609 2649/2641/2649
f 2651/2643/2651 2610/2602/2610 2650/2642/2650
f 2652/2644/2652 2611/2603/2611 2651/2643/2651
f 2653/2645/2653 2612/2604/2612 2652/2644/2652
f 2654/2646/2654 2613/2605/2613 2653/2645/2653
f 2655/2647/2655 2614/2606/2614 2654/2646/2654
f 2656/2648/2656 2615/2607/2615 2655/2647/2655
f 2657/2649/2657 2616/2608/2616 2656/2648/2656
f 2657/2649/2657 2618/2610/2618 2617/2609/2617
f 2659/2650/2659 2618/2610/2618 2658/2651/2658
f 2659/2650/2659 2620/2613/2620 2619/2611/2619
f 2661/2652/2661 2620/2613/2620 2660/2653/2660
f 2662/2654/2662 2621/2612/2621 2661/2652/2661
f 2663/2655/2663 2622/2615/2622 2662/2654/2662
f 2663/2655/2663 2624/2616/2624 2623/2614/2623
f 2664/2656/2664 2625/2618/2625 2624/2616/2624
f 2666/2657/2666 2625/2618/2625 2665/2658/2665
f 2667/2659/2667 2626/2617/2626 2666/2657/2666
f 2668/2660/2668 2627/2619/2627 2667/2659/2667
f 2669/2661/2669 2628/2620/2628 2668/2660/2668
f 2670/2662/2670 2629/2621/2629 2669/2661/2669
f 2671/2663/2671 2630/2623/2630 2670/2662/2670
f 2672/2664/2672 2631/2622/2631 2671/2663/2671
f 2673/2665/2673 2632/2624/2632 2672/2664/2672
f 2674/2666/2674 2633/2626/2633 2673/2665/2673
f 2675/2667/2675 2634/2625/2634 2674/2666/2674
f 2675/2667/2675 2636/2629/2636 2635/2627/2635
f 2677/2668/2677 2636/2629/2636 2676/2669/2676
f 2678/2670/2678 2637/2628/2637 2677/2668/2677
f 2679/2671/2679 2638/2630/2638 2678/2670/2678
f 2679/2671/2679 2640/2672/2640 2639/2631/2639
f 2681/2673/2681 2642/2634/2642 2641/2633/2641
f 2682/2674/2682 2643/2635/2643 2642/2634/2642
f 2683/2675/2683 2644/2637/2644 2643/2635/2643
f 2685/2676/2685 2644/2637/2644 2684/2677/2684
f 2686/2678/2686 2645/2636/2645 2685/2676/2685
f 2687/2679/2687 2646/2638/2646 2686/2678/2686
f 2688/2680/2688 2647/2639/2647 2687/2679/2687
f 2689/2681/2689 2648/2640/2648 2688/2680/2688
f 2690/2682/2690 2649/2641/2649 2689/2681/2689
f 2691/2683/2691 2650/2642/2650 2690/2682/2690
f 2692/2684/2692 2651/2643/2651 2691/2683/2691
f 2693/2685/2693 2652/2644/2652 2692/2684/2692
f 2694/2686/2694 2653/2645/2653 2693/2685/2693
f 2695/2687/2695 2654/2646/2654 2694/2686/2694
f 2696/2688/2696 2655/2647/2655 2695/2687/2695
f 2697/2689/2697 2656/2648/2656 2696/2688/2696
f 2697/2689/2697 2658/2651/2658 2657/2649/2657
f 2699/2690/2699 2658/2651/2658 2698/2691/2698
f 2700/2692/2700 2659/2650/2659 2699/2690/2699
f 2700/2692/2700 2661/2652/2661 2660/2653/2660
f 2701/2693/2701 2662/2654/2662 2661/2652/2661
f 2703/2694/2703 2662/2654/2662 2702/2695/2702
f 2704/2696/2704 2663/2655/2663 2703/2694/2703
f 2704/2696/2704 2665/2658/2665 2664/2656/2664
f 2706/2697/2706 2665/2658/2665 2705/2698/2705
f 2706/2697/2706 2667/2659/2667 2666/2657/2666
f 2707/2699/2707 2668/2660/2668 2667/2659/2667
f 2708/2700/2708 2669/2661/2669 2668/2660/2668
f 2709/2701/2709 2670/2662/2670 2669/2661/2669
f 2711/2702/2711 2670/2662/2670 2710/2703/2710
f 2711/2702/2711 2672/2664/2672 2671/2663/2671
f 2713/2704/2713 2672/2664/2672 2712/2705/2712
f 2714/2706/2714 2673/2665/2673 2713/2704/2713
f 2715/2707/2715 2674/2666/2674 2714/2706/2714
f 2716/2708/2716 2675/2667/2675 2715/2707/2715
f 2717/2709/2717 2676/2669/2676 2716/2708/2716
f 2718/2710/2718 2677/2668/2677 2717/2709/2717
f 2718/2710/2718 2679/2671/2679 2678/2670/2678
f 2719/2711/2719 2680/2712/2680 2679/2671/2679
f 2722/2713/2722 2681/2673/2681 2721/2714/2721
f 2722/2713/2722 2683/2675/2683 2682/2674/2682
f 2724/2715/2724 2683/2675/2683 2723/2716/2723
f 2725/2717/2725 2684/2677/2684 2724/2715/2724
f 2726/2718/2726 2685/2676/2685 2725/2717/2725
f 2727/2719/2727 2686/2678/2686 2726/2718/2726
f 2728/2720/2728 2687/2679/2687 2727/2719/2727
f 2729/2721/2729 2688/2680/2688 2728/2720/2728
f 2730/2722/2730 2689/2681/2689 2729/2721/2729
f 2731/2723/2731 2690/2682/2690 2730/2722/2730
f 2732/2724/2732 2691/2683/2691 2731/2723/2731
f 2733/2725/2733 2692/2684/2692 2732/2724/2732
f 2734/2726/2734 2693/2685/2693 2733/2725/2733
f 2735/2727/2735 2694/2686/2694 2734/2726/2734
f 2736/2728/2736 2695/2687/2695 2735/2727/2735
f 2737/2729/2737 2696/2688/2696 2736/2728/2736
f 2737/2729/2737 2698/2691/2698 2697/2689/2697
f 2738/2730/2738 2699/2690/2699 2698/2691/2698
f 2740/2731/2740 2699/2690/2699 2739/2732/2739
f 2741/2733/2741 2700/2692/2700 2740/2731/2740
f 2742/2734/2742 2701/2693/2701 2741/2733/2741
f 2743/2735/2743 2702/2695/2702 2742/2734/2742
f 2744/2736/2744 2703/2694/2703 2743/2735/2743
f 2745/2737/2745 2704/2696/2704 2744/2736/2744
f 2745/2737/2745 2706/2697/2706 2705/2698/2705
f 2746/2738/2746 2707/2699/2707 2706/2697/2706
f 2748/2739/2748 2707/2699/2707 2747/2740/2747
f 2749/2741/2749 2708/2700/2708 2748/2739/2748
f 2749/2741/2749 2710/2703/2710 2709/2701/2709
f 2750/2742/2750 2711/2702/2711 2710/2703/2710
f 2752/2743/2752 2711/2702/2711 2751/2744/2751
f 2752/2743/2752 2713/2704/2713 2712/2705/2712
f 2754/2745/2754 2713/2704/2713 2753/2746/2753
f 2755/2747/2755 2714/2706/2714 2754/2745/2754
f 2756/2748/2756 2715/2707/2715 2755/2747/2755
f 2756/2748/2756 2717/2709/2717 2716/2708/2716
f 2757/2749/2757 2718/2710/2718 2717/2709/2717
f 2758/2750/2758 2719/2711/2719 2718/2710/2718
f 2759/2751/2759 2720/2752/2720 2719/2711/2719
f 2762/2753/2762 2721/2714/2721 2761/2754/2761
f 2762/2753/2762 2723/2716/2723 2722/2713/2722
f 2763/2755/2763 2724/2715/2724 2723/2716/2723
f 2765/2756/2765 2724/2715/2724 2764/2757/2764
f 2766/2758/2766 2725/2717/2725 2765/2756/2765
f 2767/2759/2767 2726/2718/2726 2766/2758/2766
f 2768/2760/2768 2727/2719/2727 2767/2759/2767
f 2769/2761/2769 2728/2720/2728 2768/2760/2768
f 2770/2762/2770 2729/2721/2729 2769/2761/2769
f 2771/2763/2771 2730/2722/2730 2770/2762/2770
f 2772/2764/2772 2731/2723/2731 2771/2763/2771
f 2773/2765/2773 2732/2724/2732 2772/2764/2772
f 2774/2766/2774 2733/2725/2733 2773/2765/2773
f 2775/2767/2775 2734/2726/2734 2774/2766/2774
f 2776/2768/2776 2735/2727/2735 2775/2767/2775
f 2776/2768/2776 2737/2729/2737 2736/2728/2736
f 2778/2769/2778 2737/2729/2737 2777/2770/2777
f 2779/2771/2779 2738/2730/2738 2778/2769/2778
f 2780/2772/2780 2739/2732/2739 2779/2771/2779
f 2781/2773/2781 2740/2731/2740 2780/2772/2780
f 2782/2774/2782 2741/2733/2741 2781/2773/2781
f 2782/2774/2782 2743/2735/2743 2742/2734/2742
f 2784/2775/2784 2743/2735/2743 2783/2776/2783
f 2784/2775/2784 2745/2737/2745 2744/2736/2744
f 2785/2777/2785 2746/2738/2746 2745/2737/2745
f 2786/2778/2786 2747/2740/2747 2746/2738/2746
f 2788/2779/2788 2747/2740/2747 2787/2780/2787
f 2788/2779/2788 2749/2741/2749 2748/2739/2748
f 2789/2781/2789 2750/2742/2750 2749/2741/2749
f 2790/2782/2790 2751/2744/2751 2750/2742/2750
f 2792/2783/2792 2751/2744/2751 2791/2784/2791
f 2792/2783/2792 2753/2746/2753 2752/2743/2752
f 2793/2785/2793 2754/2745/2754 2753/2746/2753
f 2794/2786/2794 2755/2747/2755 2754/2745/2754
f 2796/2787/2796 2755/2747/2755 2795/2788/2795
f 2797/2789/2797 2756/2748/2756 2796/2787/2796
f 2798/2790/2798 2757/2749/2757 2797/2789/2797
f 2798/2790/2798 2759/2751/2759 2758/2750/2758
f 2799/2791/2799 2760/2792/2760 2759/2751/2759
f 2801/2793/2801 2762/2753/2762 2761/2754/2761
f 2802/2794/2802 2763/2755/2763 2762/2753/2762
f 2803/2795/2803 2764/2757/2764 2763/2755/2763
f 2805/2796/2805 2764/2757/2764 2804/2797/2804
f 2806/2798/2806 2765/2756/2765 2805/2796/2805
f 2807/2799/2807 2766/2758/2766 2806/2798/2806
f 2808/2800/2808 2767/2759/2767 2807/2799/2807
f 2809/2801/2809 2768/2760/2768 2808/2800/2808
f 2810/2802/2810 2769/2761/2769 2809/2801/2809
f 2811/2803/2811 2770/2762/2770 2810/2802/2810
f 2812/2804/2812 2771/2763/2771 2811/2803/2811
f 2813/2805/2813 2772/2764/2772 2812/2804/2812
f 2814/2806/2814 2773/2765/2773 2813/2805/2813
f 2814/2806/2814 2775/2767/2775 2774/2766/2774
f 2816/2807/2816 2775/2767/2775 2815/2808/2815
f 2816/2807/2816 2777/2770/2777 2776/2768/2776
f 2818/2809/2818 2777/2770/2777 2817/2810/2817
f 2818/2809/2818 2779/2771/2779 2778/2769/2778
f 2820/2811/2820 2779/2771/2779 2819/2812/2819
f 2821/2813/2821 2780/2772/2780 2820/2811/2820
f 2822/2814/2822 2781/2773/2781 2821/2813/2821
f 2822/2814/2822 2783/2776/2783 2782/2774/2782
f 2823/2815/2823 2784/2775/2784 2783/2776/2783
f 2824/2816/2824 2785/2777/2785 2784/2775/2784
f 2826/2817/2826 2785/2777/2785 2825/2818/2825
f 2826/2817/2826 2787/2780/2787 2786/2778/2786
f 2827/2819/2827 2788/2779/2788 2787/2780/2787
f 2828/2820/2828 2789/2781/2789 2788/2779/2788
f 2829/2821/2829 2790/2782/2790 2789/2781/2789
f 2830/2822/2830 2791/2784/2791 2790/2782/2790
f 2831/2823/2831 2792/2783/2792 2791/2784/2791
f 2833/2824/2833 2792/2783/2792 2832/2825/2832
f 2833/2824/2833 2794/2786/2794 2793/2785/2793
f 2834/2826/2834 2795/2788/2795 2794/2786/2794
f 2835/2827/2835 2796/2787/2796 2795/2788/2795
f 2836/2828/2836 2797/2789/2797 2796/2787/2796
f 2838/2829/2838 2797/2789/2797 2837/2830/2837
f 2838/2829/2838 2799/2791/2799 2798/2790/2798
f 2839/2831/2839 2800/2832/2800 2799/2791/2799
f 2841/2833/2841 2802/2794/2802 2801/2793/2801
f 2842/2834/2842 2803/2795/2803 2802/2794/2802
f 2844/2835/2844 2803/2795/2803 2843/2836/2843
f 2845/2837/2845 2804/2797/2804 2844/2835/2844
f 2846/2838/2846 2805/2796/2805 2845/2837/2845
f 2847/2839/2847 2806/2798/2806 2846/2838/2846
f 2848/2840/2848 2807/2799/2807 2847/2839/2847
f 2849/2841/2849 2808/2800/2808 2848/2840/2848
f 2849/2841/2849 2810/2802/2810 2809/2801/2809
f 2850/2842/2850 2811/2803/2811 2810/2802/2810
f 2851/2843/2851 2812/2804/2812 2811/2803/2811
f 2852/2844/2852 2813/2805/2813 2812/2804/2812
f 2853/2845/2853 2814/2806/2814 2813/2805/2813
f 2854/2846/2854 2815/2808/2815 2814/2806/2814
f 2856/2847/2856 2815/2808/2815 2855/2848/2855
f 2856/2847/2856 2817/2810/2817 2816/2807/2816
f 2857/2849/2857 2818/2809/2818 2817/2810/2817
f 2858/2850/2858 2819/2812/2819 2818/2809/2818
f 2860/2851/2860 2819/2812/2819 2859/2852/2859
f 2861/2853/2861 2820/2811/2820 2860/2851/2860
f 2861/2853/2861 2822/2814/2822 2821/2813/2821
f 2863/2854/2863 2822/2814/2822 2862/2855/2862
f 2863/2854/2863 2824/2816/2824 2823/2815/2823
f 2864/2856/2864 2825/2818/2825 2824/2816/2824
f 2866/2857/2866 2825/2818/2825 2865/2858/2865
f 2866/2857/2866 2827/2819/2827 2826/2817/2826
f 2867/2859/2867 2828/2820/2828 2827/2819/2827
f 2868/2860/2868 2829/2821/2829 2828/2820/2828
f 2869/2861/2869 2830/2822/2830 2829/2821/2829
f 2870/2862/2870 2831/2823/2831 2830/2822/2830
f 2871/2863/2871 2832/2825/2832 2831/2823/2831
f 2872/2864/2872 2833/2824/2833 2832/2825/2832
f 2873/2865/2873 2834/2826/2834 2833/2824/2833
f 2874/2866/2874 2835/2827/2835 2834/2826/2834
f 2875/2867/2875 2836/2828/2836 2835/2827/2835
f 2877/2868/2877 2836/2828/2836 2876/2869/2876
f 2877/2868/2877 2838/2829/2838 2837/2830/2837
f 2878/2870/2878 2839/2831/2839 2838/2829/2838
f 2879/2871/2879 2840/2872/2840 2839/2831/2839
f 2881/2873/2881 2842/2834/2842 2841/2833/2841
f 2882/2874/2882 2843/2836/2843 2842/2834/2842
f 2884/2875/2884 2843/2836/2843 2883/2876/2883
f 2885/2877/2885 2844/2835/2844 2884/2875/2884
f 2886/2878/2886 2845/2837/2845 2885/2877/2885
f 2887/2879/2887 2846/2838/2846 2886/2878/2886
f 2888/2880/2888 2847/2839/2847 2887/2879/2887
f 2888/2880/2888 2849/2841/2849 2848/2840/2848
f 2889/2881/2889 2850/2842/2850 2849/2841/2849
f 2890/2882/2890 2851/2843/2851 2850/2842/2850
f 2891/2883/2891 2852/2844/2852 2851/2843/2851
f 2892/2884/2892 2853/2845/2853 2852/2844/2852
f 2893/2885/2893 2854/2846/2854 2853/2845/2853
f 2894/2886/2894 2855/2848/2855 2854/2846/2854
f 2896/2887/2896 2855/2848/2855 2895/2888/2895
f 2897/2889/2897 2856/2847/2856 2896/2887/2896
f 2898/2890/2898 2857/2849/2857 2897/2889/2897
f 2898/2890/2898 2859/2852/2859 2858/2850/2858
f 2899/2891/2899 2860/2851/2860 2859/2852/2859
f 2901/2892/2901 2860/2851/2860 2900/2893/2900
f 2901/2892/2901 2862/2855/2862 2861/2853/2861
f 2902/2894/2902 2863/2854/2863 2862/2855/2862
f 2904/2895/2904 2863/2854/2863 2903/2896/2903
f 2904/2895/2904 2865/2858/2865 2864/2856/2864
f 2905/2897/2905 2866/2857/2866 2865/2858/2865
f 2906/2898/2906 2867/2859/2867 2866/2857/2866
f 2907/2899/2907 2868/2860/2868 2867/2859/2867
f 2908/2900/2908 2869/2861/2869 2868/2860/2868
f 2909/2901/2909 2870/2862/2870 2869/2861/2869
f 2910/2902/2910 2871/2863/2871 2870/2862/2870
f 2911/2903/2911 2872/2864/2872 2871/2863/2871
f 2912/2904/2912 2873/2865/2873 2872/2864/2872
f 2913/2905/2913 2874/2866/2874 2873/2865/2873
f 2914/2906/2914 2875/2867/2875 2874/2866/2874
f 2915/2907/2915 2876/2869/2876 2875/2867/2875
f 2917/2908/2917 2876/2869/2876 2916/2909/2916
f 2917/2908/2917 2878/2870/2878 2877/2868/2877
f 2919/2910/2919 2878/2870/2878 2918/2911/2918
f 2919/2910/2919 2880/2912/2880 2879/2871/2879
f 2921/2913/2921 2882/2874/2882 2881/2873/2881
f 2922/2914/2922 2883/2876/2883 2882/2874/2882
f 2924/2915/2924 2883/2876/2883 2923/2916/2923
f 2925/2917/2925 2884/2875/2884 2924/2915/2924
f 2926/2918/2926 2885/2877/2885 2925/2917/2925
f 2927/2919/2927 2886/2878/2886 2926/2918/2926
f 2928/2920/2928 2887/2879/2887 2927/2919/2927
f 2928/2920/2928 2889/2881/2889 2888/2880/2888
f 2929/2921/2929 2890/2882/2890 2889/2881/2889
f 2930/2922/2930 2891/2883/2891 2890/2882/2890
f 2931/2923/2931 2892/2884/2892 2891/2883/2891
f 2932/2924/2932 2893/2885/2893 2892/2884/2892
f 2933/2925/2933 2894/2886/2894 2893/2885/2893
f 2934/2926/2934 2895/2888/2895 2894/2886/2894
f 2935/2927/2935 2896/2887/2896 2895/2888/2895
f 2936/2928/2936 2897/2889/2897 2896/2887/2896
f 2937/2929/2937 2898/2890/2898 2897/2889/2897
f 2939/2930/2939 2898/2890/2898 2938/2931/2938
f 2940/2932/2940 2899/2891/2899 2939/2930/2939
f 2940/2932/2940 2901/2892/2901 2900/2893/2900
f 2942/2933/2942 2901/2892/2901 2941/2934/2941
f 2943/2935/2943 2902/2894/2902 2942/2933/2942
f 2943/2935/2943 2904/2895/2904 2903/2896/2903
f 2945/2936/2945 2904/2895/2904 2944/2937/2944
f 2945/2936/2945 2906/2898/2906 2905/2897/2905
f 2946/2938/2946 2907/2899/2907 2906/2898/2906
f 2947/2939/2947 2908/2900/2908 2907/2899/2907
f 2948/2940/2948 2909/2901/2909 2908/2900/2908
f 2949/2941/2949 2910/2902/2910 2909/2901/2909
f 2950/2942/2950 2911/2903/2911 2910/2902/2910
f 2951/2943/2951 2912/2904/2912 2911/2903/2911
f 2952/2944/2952 2913/2905/2913 2912/2904/2912
f 2953/2945/2953 2914/2906/2914 2913/2905/2913
f 2955/2946/2955 2914/2906/2914 2954/2947/2954
f 2956/2948/2956 2915/2907/2915 2955/2946/2955
f 2956/2948/2956 2917/2908/2917 2916/2909/2916
f 2957/2949/2957 2918/2911/2918 2917/2908/2917
f 2959/2950/2959 2918/2911/2918 2958/2951/2958
f 2959/2950/2959 2920/2952/2920 2919/2910/2919
f 2962/2953/2962 2921/2913/2921 2961/2954/2961
f 2963/2955/2963 2922/2914/2922 2962/2953/2962
f 2964/2956/2964 2923/2916/2923 2963/2955/2963
f 2965/2957/2965 2924/2915/2924 2964/2956/2964
f 2966/2958/2966 2925/2917/2925 2965/2957/2965
f 2966/2958/2966 2927/2919/2927 2926/2918/2926
f 2967/2959/2967 2928/2920/2928 2927/2919/2927
f 2968/2960/2968 2929/2921/2929 2928/2920/2928
f 2969/2961/2969 2930/2922/2930 2929/2921/2929
f 2970/2962/2970 2931/2923/2931 2930/2922/2930
f 2971/2963/2971 2932/2924/2932 2931/2923/2931
f 2972/2964/2972 2933/2925/2933 2932/2924/2932
f 2973/2965/2973 2934/2926/2934 2933/2925/2933
f 2974/2966/2974 2935/2927/2935 2934/2926/2934
f 2975/2967/2975 2936/2928/2936 2935/2927/2935
f 2977/2968/2977 2936/2928/2936 2976/2969/2976
f 2977/2968/2977 2938/2931/2938 2937/2929/2937
f 2978/2970/2978 2939/2930/2939 2938/2931/2938
f 2980/2971/2980 2939/2930/2939 2979/2972/2979
f 2981/2973/2981 2940/2932/2940 2980/2971/2980
f 2981/2973/2981 2942/2933/2942 2941/2934/2941
f 2982/2974/2982 2943/2935/2943 2942/2933/2942
f 2983/2975/2983 2944/2937/2944 2943/2935/2943
f 2985/2976/2985 2944/2937/2944 2984/2977/2984
f 2985/2976/2985 2946/2938/2946 2945/2936/2945
f 2986/2978/2986 2947/2939/2947 2946/2938/2946
f 2987/2979/2987 2948/2940/2948 2947/2939/2947
f 2988/2980/2988 2949/2941/2949 2948/2940/2948
f 2989/2981/2989 2950/2942/2950 2949/2941/2949
f 2990/2982/2990 2951/2943/2951 2950/2942/2950
f 2991/2983/2991 2952/2944/2952 2951/2943/2951
f 2993/2984/2993 2952/2944/2952 2992/2985/2992
f 2993/2984/2993 2954/2947/2954 2953/2945/2953
f 2995/2986/2995 2954/2947/2954 2994/2987/2994
f 2996/2988/2996 2955/2946/2955 2995/2986/2995
f 2997/2989/2997 2956/2948/2956 2996/2988/2996
f 2998/2990/2998 2957/2949/2957 2997/2989/2997
f 2998/2990/2998 2959/2950/2959 2958/2951/2958
f 2999/2991/2999 2960/2992/2960 2959/2950/2959
f 3002/2993/3002 2961/2954/2961 3001/2994/3001
f 3003/2995/3003 2962/2953/2962 3002/2993/3002
f 3003/2995/3003 2964/2956/2964 2963/2955/2963
f 3004/2996/3004 2965/2957/2965 2964/2956/2964
f 3005/2997/3005 2966/2958/2966 2965/2957/2965
f 3006/2998/3006 2967/2959/2967 2966/2958/2966
f 3007/2999/3007 2968/2960/2968 2967/2959/2967
f 3008/3000/3008 2969/2961/2969 2968/2960/2968
f 3009/3001/3009 2970/2962/2970 2969/2961/2969
f 3010/3002/3010 2971/2963/2971 2970/2962/2970
f 3011/3003/3011 2972/2964/2972 2971/2963/2971
f 3012/3004/3012 2973/2965/2973 2972/2964/2972
f 3013/3005/3013 2974/2966/2974 2973/2965/2973
f 3014/3006/3014 2975/2967/2975 2974/2966/2974
f 3015/3007/3015 2976/2969/2976 2975/2967/2975
f 3016/3008/3016 2977/2968/2977 2976/2969/2976
f 3017/3009/3017 2978/2970/2978 2977/2968/2977
f 3019/3010/3019 2978/2970/2978 3018/3011/3018
f 3019/3010/3019 2980/2971/2980 2979/2972/2979
f 3021/3012/3021 2980/2971/2980 3020/3013/3020
f 3021/3012/3021 2982/2974/2982 2981/2973/2981
f 3023/3014/3023 2982/2974/2982 3022/3015/3022
f 3024/3016/3024 2983/2975/2983 3023/3014/3023
f 3024/3016/3024 2985/2976/2985 2984/2977/2984
f 3025/3017/3025 2986/2978/2986 2985/2976/2985
f 3026/3018/3026 2987/2979/2987 2986/2978/2986
f 3027/3019/3027 2988/2980/2988 2987/2979/2987
f 3028/3020/3028 2989/2981/2989 2988/2980/2988
f 3029/3021/3029 2990/2982/2990 2989/2981/2989
f 3030/3022/3030 2991/2983/2991 2990/2982/2990
f 3031/3023/3031 2992/2985/2992 2991/2983/2991
f 3033/3024/3033 2992/2985/2992 3032/3025/3032
f 3034/3026/3034 2993/2984/2993 3033/3024/3033
f 3034/3026/3034 2995/2986/2995 2994/2987/2994
f 3036/3027/3036 2995/2986/2995 3035/3028/3035
f 3037/3029/3037 2996/2988/2996 3036/3027/3036
f 3038/3030/3038 2997/2989/2997 3037/3029/3037
f 3038/3030/3038 2999/2991/2999 2998/2990/2998
f 3039/3031/3039 3000/3032/3000 2999/2991/2999
f 3042/3033/3042 3001/2994/3001 3041/3034/3041
f 3043/3035/3043 3002/2993/3002 3042/3033/3042
f 3044/3036/3044 3003/2995/3003 3043/3035/3043
f 3044/3036/3044 3005/2997/3005 3004/2996/3004
f 3045/3037/3045 3006/2998/3006 3005/2997/3005
f 3046/3038/3046 3007/2999/3007 3006/2998/3006
f 3047/3039/3047 3008/3000/3008 3007/2999/3007
f 3048/3040/3048 3009/3001/3009 3008/3000/3008
f 3049/3041/3049 3010/3002/3010 3009/3001/3009
f 3050/3042/3050 3011/3003/3011 3010/3002/3010
f 3051/3043/3051 3012/3004/3012 3011/3003/3011
f 3052/3044/3052 3013/3005/3013 3012/3004/3012
f 3053/3045/3053 3014/3006/3014 3013/3005/3013
f 3054/3046/3054 3015/3007/3015 3014/3006/3014
f 3055/3047/3055 3016/3008/3016 3015/3007/3015
f 3057/3048/3057 3016/3008/3016 3056/3049/3056
f 3058/3050/3058 3017/3009/3017 3057/3048/3057
f 3058/3050/3058 3019/3010/3019 3018/3011/3018
f 3060/3051/3060 3019/3010/3019 3059/3052/3059
f 3060/3051/3060 3021/3012/3021 3020/3013/3020
f 3061/3053/3061 3022/3015/3022 3021/3012/3021
f 3063/3054/3063 3022/3015/3022 3062/3055/3062
f 3064/3056/3064 3023/3014/3023 3063/3054/3063
f 3064/3056/3064 3025/3017/3025 3024/3016/3024
f 3065/3057/3065 3026/3018/3026 3025/3017/3025
f 3066/3058/3066 3027/3019/3027 3026/3018/3026
f 3067/3059/3067 3028/3020/3028 3027/3019/3027
f 3068/3060/3068 3029/3021/3029 3028/3020/3028
f 3069/3061/3069 3030/3022/3030 3029/3021/3029
f 3070/3062/3070 3031/3023/3031 3030/3022/3030
f 3072/3063/3072 3031/3023/3031 3071/3064/3071
f 3073/3065/3073 3032/3025/3032 3072/3063/3072
f 3074/3066/3074 3033/3024/3033 3073/3065/3073
f 3074/3066/3074 3035/3028/3035 3034/3026/3034
f 3076/3067/3076 3035/3028/3035 3075/3068/3075
f 3077/3069/3077 3036/3027/3036 3076/3067/3076
f 3078/3070/3078 3037/3029/3037 3077/3069/3077
f 3078/3070/3078 3039/3031/3039 3038/3030/3038
f 3079/3071/3079 3040/3072/3040 3039/3031/3039
f 3082/3073/3082 3041/3034/3041 3081/3074/3081
f 3083/3075/3083 3042/3033/3042 3082/3073/3082
f 3084/3076/3084 3043/3035/3043 3083/3075/3083
f 3084/3076/3084 3045/3037/3045 3044/3036/3044
f 3085/3077/3085 3046/3038/3046 3045/3037/3045
f 3086/3078/3086 3047/3039/3047 3046/3038/3046
f 3087/3079/3087 3048/3040/3048 3047/3039/3047
f 3088/3080/3088 3049/3041/3049 3048/3040/3048
f 3089/3081/3089 3050/3042/3050 3049/3041/3049
f 3090/3082/3090 3051/3043/3051 3050/3042/3050
f 3091/3083/3091 3052/3044/3052 3051/3043/3051
f 3092/3084/3092 3053/3045/3053 3052/3044/3052
f 3093/3085/3093 3054/3046/3054 3053/3045/3053
f 3094/3086/3094 3055/3047/3055 3054/3046/3054
f 3095/3087/3095 3056/3049/3056 3055/3047/3055
f 3097/3088/3097 3056/3049/3056 3096/3089/3096
f 3098/3090/3098 3057/3048/3057 3097/3088/3097
f 3099/3091/3099 3058/3050/3058 3098/3090/3098
f 3100/3092/3100 3059/3052/3059 3099/3091/3099
f 3100/3092/3100 3061/3053/3061 3060/3051/3060
f 3102/3093/3102 3061/3053/3061 3101/3094/3101
f 3103/3095/3103 3062/3055/3062 3102/3093/3102
f 3103/3095/3103 3064/3056/3064 3063/3054/3063
f 3104/3096/3104 3065/3057/3065 3064/3056/3064
f 3105/3097/3105 3066/3058/3066 3065/3057/3065
f 3106/3098/3106 3067/3059/3067 3066/3058/3066
f 3107/3099/3107 3068/3060/3068 3067/3059/3067
f 3108/3100/3108 3069/3061/3069 3068/3060/3068
f 3109/3101/3109 3070/3062/3070 3069/3061/3069
f 3110/3102/3110 3071/3064/3071 3070/3062/3070
f 3111/3103/3111 3072/3063/3072 3071/3064/3071
f 3112/3104/3112 3073/3065/3073 3072/3063/3072
f 3114/3105/3114 3073/3065/3073 3113/3106/3113
f 3114/3105/3114 3075/3068/3075 3074/3066/3074
f 3116/3107/3116 3075/3068/3075 3115/3108/3115
f 3117/3109/3117 3076/3067/3076 3116/3107/3116
f 3118/3110/3118 3077/3069/3077 3117/3109/3117
f 3118/3110/3118 3079/3071/3079 3078/3070/3078
f 3119/3111/3119 3080/3112/3080 3079/3071/3079
f 3122/3113/3122 3081/3074/3081 3121/3114/3121
f 3123/3115/3123 3082/3073/3082 3122/3113/3122
f 3124/3116/3124 3083/3075/3083 3123/3115/3123
f 3124/3116/3124 3085/3077/3085 3084/3076/3084
f 3125/3117/3125 3086/3078/3086 3085/3077/3085
f 3126/3118/3126 3087/3079/3087 3086/3078/3086
f 3127/3119/3127 3088/3080/3088 3087/3079/3087
f 3128/3120/3128 3089/3081/3089 3088/3080/3088
f 3129/3121/3129 3090/3082/3090 3089/3081/3089
f 3130/3122/3130 3091/3083/3091 3090/3082/3090
f 3131/3123/3131 3092/3084/3092 3091/3083/3091
f 3132/3124/3132 3093/3085/3093 3092/3084/3092
f 3133/3125/3133 3094/3086/3094 3093/3085/3093
f 3134/3126/3134 3095/3087/3095 3094/3086/3094
f 3135/3127/3135 3096/3089/3096 3095/3087/3095
f 3137/3128/3137 3096/3089/3096 3136/3129/3136
f 3137/3128/3137 3098/3090/3098 3097/3088/3097
f 3138/3130/3138 3099/3091/3099 3098/3090/3098
f 3140/3131/3140 3099/3091/3099 3139/3132/3139
f 3141/3133/3141 3100/3092/3100 3140/3131/3140
f 3141/3133/3141 3102/3093/3102 3101/3094/3101
f 3142/3134/3142 3103/3095/3103 3102/3093/3102
f 3143/3135/3143 3104/3096/3104 3103/3095/3103
f 3144/3136/3144 3105/3097/3105 3104/3096/3104
f 3145/3137/3145 3106/3098/3106 3105/3097/3105
f 3146/3138/3146 3107/3099/3107 3106/3098/3106
f 3147/3139/3147 3108/3100/3108 3107/3099/3107
f 3148/3140/3148 3109/3101/3109 3108/3100/3108
f 3150/3141/3150 3109/3101/3109 3149/3142/3149
f 3151/3143/3151 3110/3102/3110 3150/3141/3150
f 3152/3144/3152 3111/3103/3111 3151/3143/3151
f 3153/3145/3153 3112/3104/3112 3152/3144/3152
f 3154/3146/3154 3113/3106/3113 3153/3145/3153
f 3154/3146/3154 3115/3108/3115 3114/3105/3114
f 3155/3147/3155 3116/3107/3116 3115/3108/3115
f 3157/3148/3157 3116/3107/3116 3156/3149/3156
f 3158/3150/3158 3117/3109/3117 3157/3148/3157
f 3158/3150/3158 3119/3111/3119 3118/3110/3118
f 3159/3151/3159 3120/3152/3120 3119/3111/3119
f 3162/3153/3162 3121/3114/3121 3161/3154/3161
f 3163/3155/3163 3122/3113/3122 3162/3153/3162
f 3163/3155/3163 3124/3116/3124 3123/3115/3123
f 3164/3156/3164 3125/3117/3125 3124/3116/3124
f 3165/3157/3165 3126/3118/3126 3125/3117/3125
f 3166/3158/3166 3127/3119/3127 3126/3118/3126
f 3167/3159/3167 3128/3120/3128 3127/3119/3127
f 3168/3160/3168 3129/3121/3129 3128/3120/3128
f 3169/3161/3169 3130/3122/3130 3129/3121/3129
f 3170/3162/3170 3131/3123/3131 3130/3122/3130
f 3171/3163/3171 3132/3124/3132 3131/3123/3131
f 3172/3164/3172 3133/3125/3133 3132/3124/3132
f 3173/3165/3173 3134/3126/3134 3133/3125/3133
f 3174/3166/3174 3135/3127/3135 3134/3126/3134
f 3176/3167/3176 3135/3127/3135 3175/3168/3175
f 3177/3169/3177 3136/3129/3136 3176/3167/3176
f 3177/3169/3177 3138/3130/3138 3137/3128/3137
f 3179/3170/3179 3138/3130/3138 3178/3171/3178
f 3180/3172/3180 3139/3132/3139 3179/3170/3179
f 3181/3173/3181 3140/3131/3140 3180/3172/3180
f 3181/3173/3181 3142/3134/3142 3141/3133/3141
f 3182/3174/3182 3143/3135/3143 3142/3134/3142
f 3183/3175/3183 3144/3136/3144 3143/3135/3143
f 3184/3176/3184 3145/3137/3145 3144/3136/3144
f 3185/3177/3185 3146/3138/3146 3145/3137/3145
f 3186/3178/3186 3147/3139/3147 3146/3138/3146
f 3187/3179/3187 3148/3140/3148 3147/3139/3147
f 3189/3180/3189 3148/3140/3148 3188/3181/3188
f 3190/3182/3190 3149/3142/3149 3189/3180/3189
f 3191/3183/3191 3150/3141/3150 3190/3182/3190
f 3192/3184/3192 3151/3143/3151 3191/3183/3191
f 3193/3185/3193 3152/3144/3152 3192/3184/3192
f 3194/3186/3194 3153/3145/3153 3193/3185/3193
f 3195/3187/3195 3154/3146/3154 3194/3186/3194
f 3195/3187/3195 3156/3149/3156 3155/3147/3155
f 3197/3188/3197 3156/3149/3156 3196/3189/3196
f 3198/3190/3198 3157/3148/3157 3197/3188/3197
f 3198/3190/3198 3159/3151/3159 3158/3150/3158
f 3199/3191/3199 3160/3192/3160 3159/3151/3159
f 3202/3193/3202 3161/3154/3161 3201/3194/3201
f 3202/3193/3202 3163/3155/3163 3162/3153/3162
f 3203/3195/3203 3164/3156/3164 3163/3155/3163
f 3204/3196/3204 3165/3157/3165 3164/3156/3164
f 3205/3197/3205 3166/3158/3166 3165/3157/3165
f 3206/3198/3206 3167/3159/3167 3166/3158/3166
f 3207/3199/3207 3168/3160/3168 3167/3159/3167
f 3208/3200/3208 3169/3161/3169 3168/3160/3168
f 3209/3201/3209 3170/3162/3170 3169/3161/3169
f 3210/3202/3210 3171/3163/3171 3170/3162/3170
f 3211/3203/3211 3172/3164/3172 3171/3163/3171
f 3212/3204/3212 3173/3165/3173 3172/3164/3172
f 3213/3205/3213 3174/3166/3174 3173/3165/3173
f 3214/3206/3214 3175/3168/3175 3174/3166/3174
f 3216/3207/3216 3175/3168/3175 3215/3208/3215
f 3216/3207/3216 3177/3169/3177 3176/3167/3176
f 3218/3209/3218 3177/3169/3177 3217/3210/3217
f 3218/3209/3218 3179/3170/3179 3178/3171/3178
f 3219/3211/3219 3180/3172/3180 3179/3170/3179
f 3220/3212/3220 3181/3173/3181 3180/3172/3180
f 3221/3213/3221 3182/3174/3182 3181/3173/3181
f 3222/3214/3222 3183/3175/3183 3182/3174/3182
f 3223/3215/3223 3184/3176/3184 3183/3175/3183
f 3224/3216/3224 3185/3177/3185 3184/3176/3184
f 3225/3217/3225 3186/3178/3186 3185/3177/3185
f 3226/3218/3226 3187/3179/3187 3186/3178/3186
f 3227/3219/3227 3188/3181/3188 3187/3179/3187
f 3229/3220/3229 3188/3181/3188 3228/3221/3228
f 3230/3222/3230 3189/3180/3189 3229/3220/3229
f 3231/3223/3231 3190/3182/3190 3230/3222/3230
f 3232/3224/3232 3191/3183/3191 3231/3223/3231
f 3232/3224/3232 3193/3185/3193 3192/3184/3192
f 3234/3225/3234 3193/3185/3193 3233/3226/3233
f 3235/3227/3235 3194/3186/3194 3234/3225/3234
f 3236/3228/3236 3195/3187/3195 3235/3227/3235
f 3236/3228/3236 3197/3188/3197 3196/3189/3196
f 3237/3229/3237 3198/3190/3198 3197/3188/3197
f 3238/3230/3238 3199/3191/3199 3198/3190/3198
f 3239/3231/3239 3200/3232/3200 3199/3191/3199
f 3241/3233/3241 3202/3193/3202 3201/3194/3201
f 3242/3234/3242 3203/3195/3203 3202/3193/3202
f 3243/3235/3243 3204/3196/3204 3203/3195/3203
f 3244/3236/3244 3205/3197/3205 3204/3196/3204
f 3245/3237/3245 3206/3198/3206 3205/3197/3205
f 3246/3238/3246 3207/3199/3207 3206/3198/3206
f 3247/3239/3247 3208/3200/3208 3207/3199/3207
f 3248/3240/3248 3209/3201/3209 3208/3200/3208
f 3249/3241/3249 3210/3202/3210 3209/3201/3209
f 3250/3242/3250 3211/3203/3211 3210/3202/3210
f 3251/3243/3251 3212/3204/3212 3211/3203/3211
f 3252/3244/3252 3213/3205/3213 3212/3204/3212
f 3253/3245/3253 3214/3206/3214 3213/3205/3213
f 3254/3246/3254 3215/3208/3215 3214/3206/3214
f 3255/3247/3255 3216/3207/3216 3215/3208/3215
f 3257/3248/3257 3216/3207/3216 3256/3249/3256
f 3257/3248/3257 3218/3209/3218 3217/3210/3217
f 3259/3250/3259 3218/3209/3218 3258/3251/3258
f 3260/3252/3260 3219/3211/3219 3259/3250/3259
f 3261/3253/3261 3220/3212/3220 3260/3252/3260
f 3261/3253/3261 3222/3214/3222 3221/3213/3221
f 3262/3254/3262 3223/3215/3223 3222/3214/3222
f 3263/3255/3263 3224/3216/3224 3223/3215/3223
f 3264/3256/3264 3225/3217/3225 3224/3216/3224
f 3265/3257/3265 3226/3218/3226 3225/3217/3225
f 3266/3258/3266 3227/3219/3227 3226/3218/3226
f 3268/3259/3268 3227/3219/3227 3267/3260/3267
f 3269/3261/3269 3228/3221/3228 3268/3259/3268
f 3270/3262/3270 3229/3220/3229 3269/3261/3269
f 3271/3263/3271 3230/3222/3230 3270/3262/3270
f 3272/3264/3272 3231/3223/3231 3271/3263/3271
f 3273/3265/3273 3232/3224/3232 3272/3264/3272
f 3274/3266/3274 3233/3226/3233 3273/3265/3273
f 3275/3267/3275 3234/3225/3234 3274/3266/3274
f 3276/3268/3276 3235/3227/3235 3275/3267/3275
f 3276/3268/3276 3237/3229/3237 3236/3228/3236
f 3277/3269/3277 3238/3230/3238 3237/3229/3237
f 3278/3270/3278 3239/3231/3239 3238/3230/3238
f 3280/3271/3280 3239/3231/3239 3279/3272/3279
f 3281/3273/3281 3242/3234/3242 3241/3233/3241
f 3282/3274/3282 3243/3235/3243 3242/3234/3242
f 3283/3275/3283 3244/3236/3244 3243/3235/3243
f 3284/3276/3284 3245/3237/3245 3244/3236/3244
f 3285/3277/3285 3246/3238/3246 3245/3237/3245
f 3286/3278/3286 3247/3239/3247 3246/3238/3246
f 3287/3279/3287 3248/3240/3248 3247/3239/3247
f 3288/3280/3288 3249/3241/3249 3248/3240/3248
f 3290/3281/3290 3249/3241/3249 3289/3282/3289
f 3290/3281/3290 3251/3243/3251 3250/3242/3250
f 3291/3283/3291 3252/3244/3252 3251/3243/3251
f 3292/3284/3292 3253/3245/3253 3252/3244/3252
f 3293/3285/3293 3254/3246/3254 3253/3245/3253
f 3294/3286/3294 3255/3247/3255 3254/3246/3254
f 3295/3287/3295 3256/3249/3256 3255/3247/3255
f 3297/3288/3297 3256/3249/3256 3296/3289/3296
f 3297/3288/3297 3258/3251/3258 3257/3248/3257
f 3298/3290/3298 3259/3250/3259 3258/3251/3258
f 3299/3291/3299 3260/3252/3260 3259/3250/3259
f 3300/3292/3300 3261/3253/3261 3260/3252/3260
f 3301/3293/3301 3262/3254/3262 3261/3253/3261
f 3302/3294/3302 3263/3255/3263 3262/3254/3262
f 3303/3295/3303 3264/3256/3264 3263/3255/3263
f 3304/3296/3304 3265/3257/3265 3264/3256/3264
f 3305/3297/3305 3266/3258/3266 3265/3257/3265
f 3306/3298/3306 3267/3260/3267 3266/3258/3266
f 3308/3299/3308 3267/3260/3267 3307/3300/3307
f 3309/3301/3309 3268/3259/3268 3308/3299/3308
f 3310/3302/3310 3269/3261/3269 3309/3301/3309
f 3311/3303/3311 3270/3262/3270 3310/3302/3310
f 3312/3304/3312 3271/3263/3271 3311/3303/3311
f 3313/3305/3313 3272/3264/3272 3312/3304/3312
f 3314/3306/3314 3273/3265/3273 3313/3305/3313
f 3314/3306/3314 3275/3267/3275 3274/3266/3274
f 3316/3307/3316 3275/3267/3275 3315/3308/3315
f 3316/3307/3316 3277/3269/3277 3276/3268/3276
f 3317/3309/3317 3278/3270/3278 3277/3269/3277
f 3318/3310/3318 3279/3272/3279 3278/3270/3278
f 3320/3311/3320 3279/3272/3279 3319/3312/3319
f 3321/3313/3321 3282/3274/3282 3281/3273/3281
f 3322/3314/3322 3283/3275/3283 3282/3274/3282
f 3323/3315/3323 3284/3276/3284 3283/3275/3283
f 3324/3316/3324 3285/3277/3285 3284/3276/3284
f 3325/3317/3325 3286/3278/3286 3285/3277/3285
f 3326/3318/3326 3287/3279/3287 3286/3278/3286
f 3327/3319/3327 3288/3280/3288 3287/3279/3287
f 3328/3320/3328 3289/3282/3289 3288/3280/3288
f 3329/3321/3329 3290/3281/3290 3289/3282/3289
f 3330/3322/3330 3291/3283/3291 3290/3281/3290
f 3331/3323/3331 3292/3284/3292 3291/3283/3291
f 3332/3324/3332 3293/3285/3293 3292/3284/3292
f 3333/3325/3333 3294/3286/3294 3293/3285/3293
f 3334/3326/3334 3295/3287/3295 3294/3286/3294
f 3335/3327/3335 3296/3289/3296 3295/3287/3295
f 3337/3328/3337 3296/3289/3296 3336/3329/3336
f 3337/3328/3337 3298/3290/3298 3297/3288/3297
f 3338/3330/3338 3299/3291/3299 3298/3290/3298
f 3340/3331/3340 3299/3291/3299 3339/3332/3339
f 3341/3333/3341 3300/3292/3300 3340/3331/3340
f 3341/3333/3341 3302/3294/3302 3301/3293/3301
f 3342/3334/3342 3303/3295/3303 3302/3294/3302
f 3343/3335/3343 3304/3296/3304 3303/3295/3303
f 3344/3336/3344 3305/3297/3305 3304/3296/3304
f 3345/3337/3345 3306/3298/3306 3305/3297/3305
f 3346/3338/3346 3307/3300/3307 3306/3298/3306
f 3348/3339/3348 3307/3300/3307 3347/3340/3347
f 3349/3341/3349 3308/3299/3308 3348/3339/3348
f 3350/3342/3350 3309/3301/3309 3349/3341/3349
f 3351/3343/3351 3310/3302/3310 3350/3342/3350
f 3352/3344/3352 3311/3303/3311 3351/3343/3351
f 3353/3345/3353 3312/3304/3312 3352/3344/3352
f 3354/3346/3354 3313/3305/3313 3353/3345/3353
f 3355/3347/3355 3314/3306/3314 3354/3346/3354
f 3355/3347/3355 3316/3307/3316 3315/3308/3315
f 3357/3348/3357 3316/3307/3316 3356/3349/3356
f 3358/3350/3358 3317/3309/3317 3357/3348/3357
f 3358/3350/3358 3319/3312/3319 3318/3310/3318
f 3359/3351/3359 3320/3311/3320 3319/3312/3319
f 3361/3352/3361 3322/3314/3322 3321/3313/3321
f 3363/3353/3363 3322/3314/3322 3362/3354/3362
f 3364/3355/3364 3323/3315/3323 3363/3353/3363
f 3364/3355/3364 3325/3317/3325 3324/3316/3324
f 3365/3356/3365 3326/3318/3326 3325/3317/3325
f 3366/3357/3366 3327/3319/3327 3326/3318/3326
f 3367/3358/3367 3328/3320/3328 3327/3319/3327
f 3368/3359/3368 3329/3321/3329 3328/3320/3328
f 3369/3360/3369 3330/3322/3330 3329/3321/3329
f 3370/3361/3370 3331/3323/3331 3330/3322/3330
f 3371/3362/3371 3332/3324/3332 3331/3323/3331
f 3372/3363/3372 3333/3325/3333 3332/3324/3332
f 3373/3364/3373 3334/3326/3334 3333/3325/3333
f 3374/3365/3374 3335/3327/3335 3334/3326/3334
f 3376/3366/3376 3335/3327/3335 3375/3367/3375
f 3376/3366/3376 3337/3328/3337 3336/3329/3336
f 3378/3368/3378 3337/3328/3337 3377/3369/3377
f 3378/3368/3378 3339/3332/3339 3338/3330/3338
f 3380/3370/3380 3339/3332/3339 3379/3371/3379
f 3381/3372/3381 3340/3331/3340 3380/3370/3380
f 3381/3372/3381 3342/3334/3342 3341/3333/3341
f 3382/3373/3382 3343/3335/3343 3342/3334/3342
f 3383/3374/3383 3344/3336/3344 3343/3335/3343
f 3384/3375/3384 3345/3337/3345 3344/3336/3344
f 3385/3376/3385 3346/3338/3346 3345/3337/3345
f 3386/3377/3386 3347/3340/3347 3346/3338/3346
f 3387/3378/3387 3348/3339/3348 3347/3340/3347
f 3389/3379/3389 3348/3339/3348 3388/3380/3388
f 3390/3381/3390 3349/3341/3349 3389/3379/3389
f 3391/3382/3391 3350/3342/3350 3390/3381/3390
f 3392/3383/3392 3351/3343/3351 3391/3382/3391
f 3393/3384/3393 3352/3344/3352 3392/3383/3392
f 3394/3385/3394 3353/3345/3353 3393/3384/3393
f 3395/3386/3395 3354/3346/3354 3394/3385/3394
f 3395/3386/3395 3356/3349/3356 3355/3347/3355
f 3397/3387/3397 3356/3349/3356 3396/3388/3396
f 3398/3389/3398 3357/3348/3357 3397/3387/3397
f 3399/3390/3399 3358/3350/3358 3398/3389/3398
f 3399/3390/3399 3360/3391/3360 3359/3351/3359
f 3401/3392/3401 3362/3354/3362 3361/3352/3361
f 3403/3393/3403 3362/3354/3362 3402/3394/3402
f 3404/3395/3404 3363/3353/3363 3403/3393/3403
f 3404/3395/3404 3365/3356/3365 3364/3355/3364
f 3405/3396/3405 3366/3357/3366 3365/3356/3365
f 3406/3397/3406 3367/3358/3367 3366/3357/3366
f 3407/3398/3407 3368/3359/3368 3367/3358/3367
f 3408/3399/3408 3369/3360/3369 3368/3359/3368
f 3409/3400/3409 3370/3361/3370 3369/3360/3369
f 3410/3401/3410 3371/3362/3371 3370/3361/3370
f 3411/3402/3411 3372/3363/3372 3371/3362/3371
f 3412/3403/3412 3373/3364/3373 3372/3363/3372
f 3413/3404/3413 3374/3365/3374 3373/3364/3373
f 3414/3405/3414 3375/3367/3375 3374/3365/3374
f 3416/3406/3416 3375/3367/3375 3415/3407/3415
f 3417/3408/3417 3376/3366/3376 3416/3406/3416
f 3417/3408/3417 3378/3368/3378 3377/3369/3377
f 3419/3409/3419 3378/3368/3378 3418/3410/3418
f 3419/3409/3419 3380/3370/3380 3379/3371/3379
f 3421/3411/3421 3380/3370/3380 3420/3412/3420
f 3422/3413/3422 3381/3372/3381 3421/3411/3421
f 3422/3413/3422 3383/3374/3383 3382/3373/3382
f 3423/3414/3423 3384/3375/3384 3383/3374/3383
f 3424/3415/3424 3385/3376/3385 3384/3375/3384
f 3425/3416/3425 3386/3377/3386 3385/3376/3385
f 3426/3417/3426 3387/3378/3387 3386/3377/3386
f 3428/3418/3428 3387/3378/3387 3427/3419/3427
f 3429/3420/3429 3388/3380/3388 3428/3418/3428
f 3430/3421/3430 3389/3379/3389 3429/3420/3429
f 3431/3422/3431 3390/3381/3390 3430/3421/3430
f 3432/3423/3432 3391/3382/3391 3431/3422/3431
f 3433/3424/3433 3392/3383/3392 3432/3423/3432
f 3434/3425/3434 3393/3384/3393 3433/3424/3433
f 3435/3426/3435 3394/3385/3394 3434/3425/3434
f 3435/3426/3435 3396/3388/3396 3395/3386/3395
f 3437/3427/3437 3396/3388/3396 3436/3428/3436
f 3438/3429/3438 3397/3387/3397 3437/3427/3437
f 3439/3430/3439 3398/3389/3398 3438/3429/3438
f 3439/3430/3439 3400/3431/3400 3399/3390/3399
f 3441/3432/3441 3402/3394/3402 3401/3392/3401
f 3443/3433/3443 3402/3394/3402 3442/3434/3442
f 3444/3435/3444 3403/3393/3403 3443/3433/3443
f 3444/3435/3444 3405/3396/3405 3404/3395/3404
f 3445/3436/3445 3406/3397/3406 3405/3396/3405
f 3446/3437/3446 3407/3398/3407 3406/3397/3406
f 3448/3438/3448 3407/3398/3407 3447/3439/3447
f 3449/3440/3449 3408/3399/3408 3448/3438/3448
f 3449/3440/3449 3410/3401/3410 3409/3400/3409
f 3450/3441/3450 3411/3402/3411 3410/3401/3410
f 3451/3442/3451 3412/3403/3412 3411/3402/3411
f 3452/3443/3452 3413/3404/3413 3412/3403/3412
f 3453/3444/3453 3414/3405/3414 3413/3404/3413
f 3454/3445/3454 3415/3407/3415 3414/3405/3414
f 3455/3446/3455 3416/3406/3416 3415/3407/3415
f 3456/3447/3456 3417/3408/3417 3416/3406/3416
f 3457/3448/3457 3418/3410/3418 3417/3408/3417
f 3458/3449/3458 3419/3409/3419 3418/3410/3418
f 3459/3450/3459 3420/3412/3420 3419/3409/3419
f 3461/3451/3461 3420/3412/3420 3460/3452/3460
f 3461/3451/3461 3422/3413/3422 3421/3411/3421
f 3462/3453/3462 3423/3414/3423 3422/3413/3422
f 3463/3454/3463 3424/3415/3424 3423/3414/3423
f 3464/3455/3464 3425/3416/3425 3424/3415/3424
f 3466/3456/3466 3425/3416/3425 3465/3457/3465
f 3467/3458/3467 3426/3417/3426 3466/3456/3466
f 3468/3459/3468 3427/3419/3427 3467/3458/3467
f 3469/3460/3469 3428/3418/3428 3468/3459/3468
f 3470/3461/3470 3429/3420/3429 3469/3460/3469
f 3471/3462/3471 3430/3421/3430 3470/3461/3470
f 3472/3463/3472 3431/3422/3431 3471/3462/3471
f 3473/3464/3473 3432/3423/3432 3472/3463/3472
f 3474/3465/3474 3433/3424/3433 3473/3464/3473
f 3475/3466/3475 3434/3425/3434 3474/3465/3474
f 3476/3467/3476 3435/3426/3435 3475/3466/3475
f 3477/3468/3477 3436/3428/3436 3476/3467/3476
f 3478/3469/3478 3437/3427/3437 3477/3468/3477
f 3479/3470/3479 3438/3429/3438 3478/3469/3478
f 3480/3471/3480 3439/3430/3439 3479/3470/3479
f 3481/3472/3481 3442/3434/3442 3441/3432/3441
f 3482/3473/3482 3443/3433/3443 3442/3434/3442
f 3484/3474/3484 3443/3433/3443 3483/3475/3483
f 3485/3476/3485 3444/3435/3444 3484/3474/3484
f 3485/3476/3485 3446/3437/3446 3445/3436/3445
f 3486/3477/3486 3447/3439/3447 3446/3437/3446
f 3487/3478/3487 3448/3438/3448 3447/3439/3447
f 3489/3479/3489 3448/3438/3448 3488/3480/3488
f 3489/3479/3489 3450/3441/3450 3449/3440/3449
f 3491/3481/3491 3450/3441/3450 3490/3482/3490
f 3492/3483/3492 3451/3442/3451 3491/3481/3491
f 3492/3483/3492 3453/3444/3453 3452/3443/3452
f 3493/3484/3493 3454/3445/3454 3453/3444/3453
f 3494/3485/3494 3455/3446/3455 3454/3445/3454
f 3495/3486/3495 3456/3447/3456 3455/3446/3455
f 3497/3487/3497 3456/3447/3456 3496/3488/3496
f 3497/3487/3497 3458/3449/3458 3457/3448/3457
f 3498/3489/3498 3459/3450/3459 3458/3449/3458
f 3499/3490/3499 3460/3452/3460 3459/3450/3459
f 3500/3491/3500 3461/3451/3461 3460/3452/3460
f 3501/3492/3501 3462/3453/3462 3461/3451/3461
f 3502/3493/3502 3463/3454/3463 3462/3453/3462
f 3503/3494/3503 3464/3455/3464 3463/3454/3463
f 3504/3495/3504 3465/3457/3465 3464/3455/3464
f 3506/3496/3506 3465/3457/3465 3505/3497/3505
f 3507/3498/3507 3466/3456/3466 3506/3496/3506
f 3508/3499/3508 3467/3458/3467 3507/3498/3507
f 3509/3500/3509 3468/3459/3468 3508/3499/3508
f 3510/3501/3510 3469/3460/3469 3509/3500/3509
f 3511/3502/3511 3470/3461/3470 3510/3501/3510
f 3512/3503/3512 3471/3462/3471 3511/3502/3511
f 3513/3504/3513 3472/3463/3472 3512/3503/3512
f 3514/3505/3514 3473/3464/3473 3513/3504/3513
f 3515/3506/3515 3474/3465/3474 3514/3505/3514
f 3516/3507/3516 3475/3466/3475 3515/3506/3515
f 3517/3508/3517 3476/3467/3476 3516/3507/3516
f 3518/3509/3518 3477/3468/3477 3517/3508/3517
f 3519/3510/3519 3478/3469/3478 3518/3509/3518
f 3520/3511/3520 3479/3470/3479 3519/3510/3519
f 3522/3512/3522 3481/3472/3481 3521/3513/3521
f 3522/3512/3522 3483/3475/3483 3482/3473/3482
f 3524/3514/3524 3483/3475/3483 3523/3515/3523
f 3525/3516/3525 3484/3474/3484 3524/3514/3524
f 3526/3517/3526 3485/3476/3485 3525/3516/3525
f 3526/3517/3526 3487/3478/3487 3486/3477/3486
f 3527/3518/3527 3488/3480/3488 3487/3478/3487
f 3528/3519/3528 3489/3479/3489 3488/3480/3488
f 3529/3520/3529 3490/3482/3490 3489/3479/3489
f 3531/3521/3531 3490/3482/3490 3530/3522/3530
f 3532/3523/3532 3491/3481/3491 3531/3521/3531
f 3533/3524/3533 3492/3483/3492 3532/3523/3532
f 3533/3524/3533 3494/3485/3494 3493/3484/3493
f 3534/3525/3534 3495/3486/3495 3494/3485/3494
f 3536/3526/3536 3495/3486/3495 3535/3527/3535
f 3536/3526/3536 3497/3487/3497 3496/3488/3496
f 3537/3528/3537 3498/3489/3498 3497/3487/3497
f 3538/3529/3538 3499/3490/3499 3498/3489/3498
f 3539/3530/3539 3500/3491/3500 3499/3490/3499
f 3541/3531/3541 3500/3491/3500 3540/3532/3540
f 3541/3531/3541 3502/3493/3502 3501/3492/3501
f 3542/3533/3542 3503/3494/3503 3502/3493/3502
f 3543/3534/3543 3504/3495/3504 3503/3494/3503
f 3544/3535/3544 3505/3497/3505 3504/3495/3504
f 3546/3536/3546 3505/3497/3505 3545/3537/3545
f 3547/3538/3547 3506/3496/3506 3546/3536/3546
f 3548/3539/3548 3507/3498/3507 3547/3538/3547
f 3549/3540/3549 3508/3499/3508 3548/3539/3548
f 3550/3541/3550 3509/3500/3509 3549/3540/3549
f 3551/3542/3551 3510/3501/3510 3550/3541/3550
f 3552/3543/3552 3511/3502/3511 3551/3542/3551
f 3553/3544/3553 3512/3503/3512 3552/3543/3552
f 3554/3545/3554 3513/3504/3513 3553/3544/3553
f 3555/3546/3555 3514/3505/3514 3554/3545/3554
f 3556/3547/3556 3515/3506/3515 3555/3546/3555
f 3557/3548/3557 3516/3507/3516 3556/3547/3556
f 3557/3548/3557 3518/3509/3518 3517/3508/3517
f 3559/3549/3559 3518/3509/3518 3558/3550/3558
f 3560/3551/3560 3519/3510/3519 3559/3549/3559
f 3562/3552/3562 3521/3513/3521 3561/3553/3561
f 3562/3552/3562 3523/3515/3523 3522/3512/3522
f 3563/3554/3563 3524/3514/3524 3523/3515/3523
f 3564/3555/3564 3525/3516/3525 3524/3514/3524
f 3565/3556/3565 3526/3517/3526 3525/3516/3525
f 3567/3557/3567 3526/3517/3526 3566/3558/3566
f 3567/3557/3567 3528/3519/3528 3527/3518/3527
f 3568/3559/3568 3529/3520/3529 3528/3519/3528
f 3569/3560/3569 3530/3522/3530 3529/3520/3529
f 3571/3561/3571 3530/3522/3530 3570/3562/3570
f 3572/3563/3572 3531/3521/3531 3571/3561/3571
f 3572/3563/3572 3533/3524/3533 3532/3523/3532
f 3574/3564/3574 3533/3524/3533 3573/3565/3573
f 3574/3564/3574 3535/3527/3535 3534/3525/3534
f 3575/3566/3575 3536/3526/3536 3535/3527/3535
f 3576/3567/3576 3537/3528/3537 3536/3526/3536
f 3577/3568/3577 3538/3529/3538 3537/3528/3537
f 3578/3569/3578 3539/3530/3539 3538/3529/3538
f 3579/3570/3579 3540/3532/3540 3539/3530/3539
f 3581/3571/3581 3540/3532/3540 3580/3572/3580
f 3581/3571/3581 3542/3533/3542 3541/3531/3541
f 3582/3573/3582 3543/3534/3543 3542/3533/3542
f 3583/3574/3583 3544/3535/3544 3543/3534/3543
f 3584/3575/3584 3545/3537/3545 3544/3535/3544
f 3586/3576/3586 3545/3537/3545 3585/3577/3585
f 3587/3578/3587 3546/3536/3546 3586/3576/3586
f 3588/3579/3588 3547/3538/3547 3587/3578/3587
f 3589/3580/3589 3548/3539/3548 3588/3579/3588
f 3590/3581/3590 3549/3540/3549 3589/3580/3589
f 3591/3582/3591 3550/3541/3550 3590/3581/3590
f 3592/3583/3592 3551/3542/3551 3591/3582/3591
f 3593/3584/3593 3552/3543/3552 3592/3583/3592
f 3594/3585/3594 3553/3544/3553 3593/3584/3593
f 3595/3586/3595 3554/3545/3554 3594/3585/3594
f 3596/3587/3596 3555/3546/3555 3595/3586/3595
f 3597/3588/3597 3556/3547/3556 3596/3587/3596
f 3598/3589/3598 3557/3548/3557 3597/3588/3597
f 3598/3589/3598 3559/3549/3559 3558/3550/3558
f 3600/3590/3600 3559/3549/3559 3599/3591/3599
f 3602/3592/3602 3561/3553/3561 3601/3593/3601
f 3602/3592/3602 3563/3554/3563 3562/3552/3562
f 3603/3594/3603 3564/3555/3564 3563/3554/3563
f 3604/3595/3604 3565/3556/3565 3564/3555/3564
f 3606/3596/3606 3565/3556/3565 3605/3597/3605
f 3607/3598/3607 3566/3558/3566 3606/3596/3606
f 3607/3598/3607 3568/3559/3568 3567/3557/3567
f 3608/3599/3608 3569/3560/3569 3568/3559/3568
f 3609/3600/3609 3570/3562/3570 3569/3560/3569
f 3611/3601/3611 3570/3562/3570 3610/3602/3610
f 3611/3601/3611 3572/3563/3572 3571/3561/3571
f 3612/3603/3612 3573/3565/3573 3572/3563/3572
f 3614/3604/3614 3573/3565/3573 3613/3605/3613
f 3614/3604/3614 3575/3566/3575 3574/3564/3574
f 3616/3606/3616 3575/3566/3575 3615/3607/3615
f 3616/3606/3616 3577/3568/3577 3576/3567/3576
f 3617/3608/3617 3578/3569/3578 3577/3568/3577
f 3618/3609/3618 3579/3570/3579 3578/3569/3578
f 3619/3610/3619 3580/3572/3580 3579/3570/3579
f 3620/3611/3620 3581/3571/3581 3580/3572/3580
f 3621/3612/3621 3582/3573/3582 3581/3571/3581
f 3622/3613/3622 3583/3574/3583 3582/3573/3582
f 3623/3614/3623 3584/3575/3584 3583/3574/3583
f 3624/3615/3624 3585/3577/3585 3584/3575/3584
f 3626/3616/3626 3585/3577/3585 3625/3617/3625
f 3627/3618/3627 3586/3576/3586 3626/3616/3626
f 3628/3619/3628 3587/3578/3587 3627/3618/3627
f 3629/3620/3629 3588/3579/3588 3628/3619/3628
f 3630/3621/3630 3589/3580/3589 3629/3620/3629
f 3631/3622/3631 3590/3581/3590 3630/3621/3630
f 3632/3623/3632 3591/3582/3591 3631/3622/3631
f 3633/3624/3633 3592/3583/3592 3632/3623/3632
f 3634/3625/3634 3593/3584/3593 3633/3624/3633
f 3635/3626/3635 3594/3585/3594 3634/3625/3634
f 3636/3627/3636 3595/3586/3595 3635/3626/3635
f 3637/3628/3637 3596/3587/3596 3636/3627/3636
f 3638/3629/3638 3597/3588/3597 3637/3628/3637
f 3638/3629/3638 3599/3591/3599 3598/3589/3598
f 3640/3630/3640 3599/3591/3599 3639/3631/3639
f 3641/3632/3641 3602/3592/3602 3601/3593/3601
f 3642/3633/3642 3603/3594/3603 3602/3592/3602
f 3643/3634/3643 3604/3595/3604 3603/3594/3603
f 3645/3635/3645 3604/3595/3604 3644/3636/3644
f 3646/3637/3646 3605/3597/3605 3645/3635/3645
f 3646/3637/3646 3607/3598/3607 3606/3596/3606
f 3647/3638/3647 3608/3599/3608 3607/3598/3607
f 3648/3639/3648 3609/3600/3609 3608/3599/3608
f 3650/3640/3650 3609/3600/3609 3649/3641/3649
f 3650/3640/3650 3611/3601/3611 3610/3602/3610
f 3652/3642/3652 3611/3601/3611 3651/3643/3651
f 3653/3644/3653 3612/3603/3612 3652/3642/3652
f 3653/3644/3653 3614/3604/3614 3613/3605/3613
f 3654/3645/3654 3615/3607/3615 3614/3604/3614
f 3656/3646/3656 3615/3607/3615 3655/3647/3655
f 3656/3646/3656 3617/3608/3617 3616/3606/3616
f 3657/3648/3657 3618/3609/3618 3617/3608/3617
f 3658/3649/3658 3619/3610/3619 3618/3609/3618
f 3659/3650/3659 3620/3611/3620 3619/3610/3619
f 3661/3651/3661 3620/3611/3620 3660/3652/3660
f 3661/3651/3661 3622/3613/3622 3621/3612/3621
f 3662/3653/3662 3623/3614/3623 3622/3613/3622
f 3663/3654/3663 3624/3615/3624 3623/3614/3623
f 3664/3655/3664 3625/3617/3625 3624/3615/3624
f 3666/3656/3666 3625/3617/3625 3665/3657/3665
f 3667/3658/3667 3626/3616/3626 3666/3656/3666
f 3667/3658/3667 3628/3619/3628 3627/3618/3627
f 3669/3659/3669 3628/3619/3628 3668/3660/3668
f 3670/3661/3670 3629/3620/3629 3669/3659/3669
f 3671/3662/3671 3630/3621/3630 3670/3661/3670
f 3672/3663/3672 3631/3622/3631 3671/3662/3671
f 3673/3664/3673 3632/3623/3632 3672/3663/3672
f 3674/3665/3674 3633/3624/3633 3673/3664/3673
f 3675/3666/3675 3634/3625/3634 3674/3665/3674
f 3675/3666/3675 3636/3627/3636 3635/3626/3635
f 3676/3667/3676 3637/3628/3637 3636/3627/3636
f 3678/3668/3678 3637/3628/3637 3677/3669/3677
f 3679/3670/3679 3638/3629/3638 3678/3668/3678
f 3679/3670/3679 3640/3630/3640 3639/3631/3639
f 3681/3671/3681 3642/3633/3642 3641/3632/3641
f 3682/3672/3682 3643/3634/3643 3642/3633/3642
f 3683/3673/3683 3644/3636/3644 3643/3634/3643
f 3684/3674/3684 3645/3635/3645 3644/3636/3644
f 3685/3675/3685 3646/3637/3646 3645/3635/3645
f 3686/3676/3686 3647/3638/3647 3646/3637/3646
f 3687/3677/3687 3648/3639/3648 3647/3638/3647
f 3688/3678/3688 3649/3641/3649 3648/3639/3648
f 3690/3679/3690 3649/3641/3649 3689/3680/3689
f 3690/3679/3690 3651/3643/3651 3650/3640/3650
f 3692/3681/3692 3651/3643/3651 3691/3682/3691
f 3692/3681/3692 3653/3644/3653 3652/3642/3652
f 3693/3683/3693 3654/3645/3654 3653/3644/3653
f 3694/3684/3694 3655/3647/3655 3654/3645/3654
f 3695/3685/3695 3656/3646/3656 3655/3647/3655
f 3696/3686/3696 3657/3648/3657 3656/3646/3656
f 3697/3687/3697 3658/3649/3658 3657/3648/3657
f 3698/3688/3698 3659/3650/3659 3658/3649/3658
f 3699/3689/3699 3660/3652/3660 3659/3650/3659
f 3700/3690/3700 3661/3651/3661 3660/3652/3660
f 3701/3691/3701 3662/3653/3662 3661/3651/3661
f 3702/3692/3702 3663/3654/3663 3662/3653/3662
f 3703/3693/3703 3664/3655/3664 3663/3654/3663
f 3704/3694/3704 3665/3657/3665 3664/3655/3664
f 3706/3695/3706 3665/3657/3665 3705/3696/3705
f 3707/3697/3707 3666/3656/3666 3706/3695/3706
f 3708/3698/3708 3667/3658/3667 3707/3697/3707
f 3709/3699/3709 3668/3660/3668 3708/3698/3708
f 3710/3700/3710 3669/3659/3669 3709/3699/3709
f 3711/3701/3711 3670/3661/3670 3710/3700/3710
f 3712/3702/3712 3671/3662/3671 3711/3701/3711
f 3713/3703/3713 3672/3663/3672 3712/3702/3712
f 3714/3704/3714 3673/3664/3673 3713/3703/3713
f 3715/3705/3715 3674/3665/3674 3714/3704/3714
f 3715/3705/3715 3676/3667/3676 3675/3666/3675
f 3716/3706/3716 3677/3669/3677 3676/3667/3676
f 3718/3707/3718 3677/3669/3677 3717/3708/3717
f 3719/3709/3719 3678/3668/3678 3718/3707/3718
f 3719/3709/3719 3680/3710/3680 3679/3670/3679
f 3721/3711/3721 3682/3672/3682 3681/3671/3681
f 3722/3712/3722 3683/3673/3683 3682/3672/3682
f 3723/3713/3723 3684/3674/3684 3683/3673/3683
f 3724/3714/3724 3685/3675/3685 3684/3674/3684
f 3726/3715/3726 3685/3675/3685 3725/3716/3725
f 3726/3715/3726 3687/3677/3687 3686/3676/3686
f 3727/3717/3727 3688/3678/3688 3687/3677/3687
f 3728/3718/3728 3689/3680/3689 3688/3678/3688
f 3729/3719/3729 3690/3679/3690 3689/3680/3689
f 3731/3720/3731 3690/3679/3690 3730/3721/3730
f 3731/3720/3731 3692/3681/3692 3691/3682/3691
f 3732/3722/3732 3693/3683/3693 3692/3681/3692
f 3734/3723/3734 3693/3683/3693 3733/3724/3733
f 3735/3725/3735 3694/3684/3694 3734/3723/3734
f 3735/3725/3735 3696/3686/3696 3695/3685/3695
f 3736/3726/3736 3697/3687/3697 3696/3686/3696
f 3737/3727/3737 3698/3688/3698 3697/3687/3697
f 3738/3728/3738 3699/3689/3699 3698/3688/3698
f 3739/3729/3739 3700/3690/3700 3699/3689/3699
f 3740/3730/3740 3701/3691/3701 3700/3690/3700
f 3741/3731/3741 3702/3692/3702 3701/3691/3701
f 3742/3732/3742 3703/3693/3703 3702/3692/3702
f 3743/3733/3743 3704/3694/3704 3703/3693/3703
f 3744/3734/3744 3705/3696/3705 3704/3694/3704
f 3745/3735/3745 3706/3695/3706 3705/3696/3705
f 3747/3736/3747 3706/3695/3706 3746/3737/3746
f 3748/3738/3748 3707/3697/3707 3747/3736/3747
f 3748/3738/3748 3709/3699/3709 3708/3698/3708
f 3750/3739/3750 3709/3699/3709 3749/3740/3749
f 3751/3741/3751 3710/3700/3710 3750/3739/3750
f 3752/3742/3752 3711/3701/3711 3751/3741/3751
f 3753/3743/3753 3712/3702/3712 3752/3742/3752
f 3754/3744/3754 3713/3703/3713 3753/3743/3753
f 3755/3745/3755 3714/3704/3714 3754/3744/3754
f 3756/3746/3756 3715/3705/3715 3755/3745/3755
f 3757/3747/3757 3716/3706/3716 3756/3746/3756
f 3758/3748/3758 3717/3708/3717 3757/3747/3757
f 3759/3749/3759 3718/3707/3718 3758/3748/3758
f 3760/3750/3760 3719/3709/3719 3759/3749/3759
f 3761/3751/3761 3722/3712/3722 3721/3711/3721
f 3762/3752/3762 3723/3713/3723 3722/3712/3722
f 3763/3753/3763 3724/3714/3724 3723/3713/3723
f 3764/3754/3764 3725/3716/3725 3724/3714/3724
f 3766/3755/3766 3725/3716/3725 3765/3756/3765
f 3766/3755/3766 3727/3717/3727 3726/3715/3726
f 3767/3757/3767 3728/3718/3728 3727/3717/3727
f 3768/3758/3768 3729/3719/3729 3728/3718/3728
f 3770/3759/3770 3729/3719/3729 3769/3760/3769
f 3771/3761/3771 3730/3721/3730 3770/3759/3770
f 3771/3761/3771 3732/3722/3732 3731/3720/3731
f 3773/3762/3773 3732/3722/3732 3772/3763/3772
f 3773/3762/3773 3734/3723/3734 3733/3724/3733
f 3774/3764/3774 3735/3725/3735 3734/3723/3734
f 3775/3765/3775 3736/3726/3736 3735/3725/3735
f 3776/3766/3776 3737/3727/3737 3736/3726/3736
f 3777/3767/3777 3738/3728/3738 3737/3727/3737
f 3778/3768/3778 3739/3729/3739 3738/3728/3738
f 3779/3769/3779 3740/3730/3740 3739/3729/3739
f 3780/3770/3780 3741/3731/3741 3740/3730/3740
f 3781/3771/3781 3742/3732/3742 3741/3731/3741
f 3782/3772/3782 3743/3733/3743 3742/3732/3742
f 3783/3773/3783 3744/3734/3744 3743/3733/3743
f 3784/3774/3784 3745/3735/3745 3744/3734/3744
f 3785/3775/3785 3746/3737/3746 3745/3735/3745
f 3786/3776/3786 3747/3736/3747 3746/3737/3746
f 3787/3777/3787 3748/3738/3748 3747/3736/3747
f 3788/3778/3788 3749/3740/3749 3748/3738/3748
f 3790/3779/3790 3749/3740/3749 3789/3780/3789
f 3791/3781/3791 3750/3739/3750 3790/3779/3790
f 3792/3782/3792 3751/3741/3751 3791/3781/3791
f 3793/3783/3793 3752/3742/3752 3792/3782/3792
f 3794/3784/3794 3753/3743/3753 3793/3783/3793
f 3795/3785/3795 3754/3744/3754 3794/3784/3794
f 3796/3786/3796 3755/3745/3755 3795/3785/3795
f 3797/3787/3797 3756/3746/3756 3796/3786/3796
f 3798/3788/3798 3757/3747/3757 3797/3787/3797
f 3799/3789/3799 3758/3748/3758 3798/3788/3798
f 3800/3790/3800 3759/3749/3759 3799/3789/3799
f 3801/3791/3801 3762/3752/3762 3761/3751/3761
f 3802/3792/3802 3763/3753/3763 3762/3752/3762
f 3803/3793/3803 3764/3754/3764 3763/3753/3763
f 3804/3794/3804 3765/3756/3765 3764/3754/3764
f 3806/3795/3806 3765/3756/3765 3805/3796/3805
f 3806/3795/3806 3767/3757/3767 3766/3755/3766
f 3807/3797/3807 3768/3758/3768 3767/3757/3767
f 3809/3798/3809 3768/3758/3768 3808/3799/3808
f 3810/3800/3810 3769/3760/3769 3809/3798/3809
f 3811/3801/3811 3770/3759/3770 3810/3800/3810
f 3812/3802/3812 3771/3761/3771 3811/3801/3811
f 3813/3803/3813 3772/3763/3772 3812/3802/3812
f 3813/3803/3813 3774/3764/3774 3773/3762/3773
f 3815/3804/3815 3774/3764/3774 3814/3805/3814
f 3815/3804/3815 3776/3766/3776 3775/3765/3775
f 3816/3806/3816 3777/3767/3777 3776/3766/3776
f 3817/3807/3817 3778/3768/3778 3777/3767/3777
f 3818/3808/3818 3779/3769/3779 3778/3768/3778
f 3819/3809/3819 3780/3770/3780 3779/3769/3779
f 3820/3810/3820 3781/3771/3781 3780/3770/3780
f 3821/3811/3821 3782/3772/3782 3781/3771/3781
f 3822/3812/3822 3783/3773/3783 3782/3772/3782
f 3823/3813/3823 3784/3774/3784 3783/3773/3783
f 3824/3814/3824 3785/3775/3785 3784/3774/3784
f 3825/3815/3825 3786/3776/3786 3785/3775/3785
f 3826/3816/3826 3787/3777/3787 3786/3776/3786
f 3827/3817/3827 3788/3778/3788 3787/3777/3787
f 3828/3818/3828 3789/3780/3789 3788/3778/3788
f 3830/3819/3830 3789/3780/3789 3829/3820/3829
f 3831/3821/3831 3790/3779/3790 3830/3819/3830
f 3832/3822/3832 3791/3781/3791 3831/3821/3831
f 3833/3823/3833 3792/3782/3792 3832/3822/3832
f 3834/3824/3834 3793/3783/3793 3833/3823/3833
f 3835/3825/3835 3794/3784/3794 3834/3824/3834
f 3836/3826/3836 3795/3785/3795 3835/3825/3835
f 3837/3827/3837 3796/3786/3796 3836/3826/3836
f 3838/3828/3838 3797/3787/3797 3837/3827/3837
f 3839/3829/3839 3798/3788/3798 3838/3828/3838
f 3840/3830/3840 3799/3789/3799 3839/3829/3839
f 3841/3831/3841 3802/3792/3802 3801/3791/3801
f 3842/3832/3842 3803/3793/3803 3802/3792/3802
f 3843/3833/3843 3804/3794/3804 3803/3793/3803
f 3844/3834/3844 3805/3796/3805 3804/3794/3804
f 3845/3835/3845 3806/3795/3806 3805/3796/3805
f 3846/3836/3846 3807/3797/3807 3806/3795/3806
f 3847/3837/3847 3808/3799/3808 3807/3797/3807
f 3849/3838/3849 3808/3799/3808 3848/3839/3848
f 3850/3840/3850 3809/3798/3809 3849/3838/3849
f 3851/3841/3851 3810/3800/3810 3850/3840/3850
f 3852/3842/3852 3811/3801/3811 3851/3841/3851
f 3853/3843/3853 3812/3802/3812 3852/3842/3852
f 3854/3844/3854 3813/3803/3813 3853/3843/3853
f 3854/3844/3854 3815/3804/3815 3814/3805/3814
f 3855/3845/3855 3816/3806/3816 3815/3804/3815
f 3856/3846/3856 3817/3807/3817 3816/3806/3816
f 3857/3847/3857 3818/3808/3818 3817/3807/3817
f 3858/3848/3858 3819/3809/3819 3818/3808/3818
f 3859/3849/3859 3820/3810/3820 3819/3809/3819
f 3860/3850/3860 3821/3811/3821 3820/3810/3820
f 3862/3851/3862 3821/3811/3821 3861/3852/3861
f 3862/3851/3862 3823/3813/3823 3822/3812/3822
f 3863/3853/3863 3824/3814/3824 3823/3813/3823
f 3864/3854/3864 3825/3815/3825 3824/3814/3824
f 3865/3855/3865 3826/3816/3826 3825/3815/3825
f 3866/3856/3866 3827/3817/3827 3826/3816/3826
f 3867/3857/3867 3828/3818/3828 3827/3817/3827
f 3869/3858/3869 3828/3818/3828 3868/3859/3868
f 3870/3860/3870 3829/3820/3829 3869/3858/3869
f 3870/3860/3870 3831/3821/3831 3830/3819/3830
f 3871/3861/3871 3832/3822/3832 3831/3821/3831
f 3873/3862/3873 3832/3822/3832 3872/3863/3872
f 3873/3862/3873 3834/3824/3834 3833/3823/3833
f 3874/3864/3874 3835/3825/3835 3834/3824/3834
f 3875/3865/3875 3836/3826/3836 3835/3825/3835
f 3876/3866/3876 3837/3827/3837 3836/3826/3836
f 3878/3867/3878 3837/3827/3837 3877/3868/3877
f 3879/3869/3879 3838/3828/3838 3878/3867/3878
f 3880/3870/3880 3839/3829/3839 3879/3869/3879
f 3881/3871/3881 3842/3832/3842 3841/3831/3841
f 3882/3872/3882 3843/3833/3843 3842/3832/3842
f 3883/3873/3883 3844/3834/3844 3843/3833/3843
f 3885/3874/3885 3844/3834/3844 3884/3875/3884
f 3885/3874/3885 3846/3836/3846 3845/3835/3845
f 3886/3876/3886 3847/3837/3847 3846/3836/3846
f 3888/3877/3888 3847/3837/3847 3887/3878/3887
f 3889/3879/3889 3848/3839/3848 3888/3877/3888
f 3889/3879/3889 3850/3840/3850 3849/3838/3849
f 3891/3880/3891 3850/3840/3850 3890/3881/3890
f 3891/3880/3891 3852/3842/3852 3851/3841/3851
f 3893/3882/3893 3852/3842/3852 3892/3883/3892
f 3893/3882/3893 3854/3844/3854 3853/3843/3853
f 3894/3884/3894 3855/3845/3855 3854/3844/3854
f 3895/3885/3895 3856/3846/3856 3855/3845/3855
f 3896/3886/3896 3857/3847/3857 3856/3846/3856
f 3897/3887/3897 3858/3848/3858 3857/3847/3857
f 3898/3888/3898 3859/3849/3859 3858/3848/3858
f 3899/3889/3899 3860/3850/3860 3859/3849/3859
f 3900/3890/3900 3861/3852/3861 3860/3850/3860
f 3901/3891/3901 3862/3851/3862 3861/3852/3861
f 3902/3892/3902 3863/3853/3863 3862/3851/3862
f 3903/3893/3903 3864/3854/3864 3863/3853/3863
f 3904/3894/3904 3865/3855/3865 3864/3854/3864
f 3905/3895/3905 3866/3856/3866 3865/3855/3865
f 3906/3896/3906 3867/3857/3867 3866/3856/3866
f 3908/3897/3908 3867/3857/3867 3907/3898/3907
f 3909/3899/3909 3868/3859/3868 3908/3897/3908
f 3910/3900/3910 3869/3858/3869 3909/3899/3909
f 3911/3901/3911 3870/3860/3870 3910/3900/3910
f 3911/3901/3911 3872/3863/3872 3871/3861/3871
f 3913/3902/3913 3872/3863/3872 3912/3903/3912
f 3914/3904/3914 3873/3862/3873 3913/3902/3913
f 3915/3905/3915 3874/3864/3874 3914/3904/3914
f 3915/3905/3915 3876/3866/3876 3875/3865/3875
f 3916/3906/3916 3877/3868/3877 3876/3866/3876
f 3918/3907/3918 3877/3868/3877 3917/3908/3917
f 3919/3909/3919 3878/3867/3878 3918/3907/3918
f 3920/3910/3920 3879/3869/3879 3919/3909/3919
f 3921/3911/3921 3882/3872/3882 3881/3871/3881
f 3922/3912/3922 3883/3873/3883 3882/3872/3882
f 3923/3913/3923 3884/3875/3884 3883/3873/3883
f 3925/3914/3925 3884/3875/3884 3924/3915/3924
f 3926/3916/3926 3885/3874/3885 3925/3914/3925
f 3926/3916/3926 3887/3878/3887 3886/3876/3886
f 3928/3917/3928 3887/3878/3887 3927/3918/3927
f 3929/3919/3929 3888/3877/3888 3928/3917/3928
f 3930/3920/3930 3889/3879/3889 3929/3919/3929
f 3931/3921/3931 3890/3881/3890 3930/3920/3930
f 3931/3921/3931 3892/3883/3892 3891/3880/3891
f 3932/3922/3932 3893/3882/3893 3892/3883/3892
f 3933/3923/3933 3894/3884/3894 3893/3882/3893
f 3934/3924/3934 3895/3885/3895 3894/3884/3894
f 3935/3925/3935 3896/3886/3896 3895/3885/3895
f 3936/3926/3936 3897/3887/3897 3896/3886/3896
f 3937/3927/3937 3898/3888/3898 3897/3887/3897
f 3938/3928/3938 3899/3889/3899 3898/3888/3898
f 3939/3929/3939 3900/3890/3900 3899/3889/3899
f 3940/3930/3940 3901/3891/3901 3900/3890/3900
f 3941/3931/3941 3902/3892/3902 3901/3891/3901
f 3942/3932/3942 3903/3893/3903 3902/3892/3902
f 3944/3933/3944 3903/3893/3903 3943/3934/3943
f 3945/3935/3945 3904/3894/3904 3944/3933/3944
f 3946/3936/3946 3905/3895/3905 3945/3935/3945
f 3946/3936/3946 3907/3898/3907 3906/3896/3906
f 3947/3937/3947 3908/3897/3908 3907/3898/3907
f 3949/3938/3949 3908/3897/3908 3948/3939/3948
f 3950/3940/3950 3909/3899/3909 3949/3938/3949
f 3950/3940/3950 3911/3901/3911 3910/3900/3910
f 3952/3941/3952 3911/3901/3911 3951/3942/3951
f 3952/3941/3952 3913/3902/3913 3912/3903/3912
f 3954/3943/3954 3913/3902/3913 3953/3944/3953
f 3954/3943/3954 3915/3905/3915 3914/3904/3914
f 3955/3945/3955 3916/3906/3916 3915/3905/3915
f 3956/3946/3956 3917/3908/3917 3916/3906/3916
f 3958/3947/3958 3917/3908/3917 3957/3948/3957
f 3959/3949/3959 3918/3907/3918 3958/3947/3958
f 3960/3950/3960 3919/3909/3919 3959/3949/3959
f 3962/3951/3962 3921/3911/3921 3961/3952/3961
f 3963/3953/3963 3922/3912/3922 3962/3951/3962
f 3964/3954/3964 3923/3913/3923 3963/3953/3963
f 3965/3955/3965 3924/3915/3924 3964/3954/3964
f 3965/3955/3965 3926/3916/3926 3925/3914/3925
f 3967/3956/3967 3926/3916/3926 3966/3957/3966
f 3968/3958/3968 3927/3918/3927 3967/3956/3967
f 3969/3959/3969 3928/3917/3928 3968/3958/3968
f 3970/3960/3970 3929/3919/3929 3969/3959/3969
f 3971/3961/3971 3930/3920/3930 3970/3960/3970
f 3972/3962/3972 3931/3921/3931 3971/3961/3971
f 3972/3962/3972 3933/3923/3933 3932/3922/3932
f 3973/3963/3973 3934/3924/3934 3933/3923/3933
f 3974/3964/3974 3935/3925/3935 3934/3924/3934
f 3975/3965/3975 3936/3926/3936 3935/3925/3935
f 3976/3966/3976 3937/3927/3937 3936/3926/3936
f 3978/3967/3978 3937/3927/3937 3977/3968/3977
f 3978/3967/3978 3939/3929/3939 3938/3928/3938
f 3979/3969/3979 3940/3930/3940 3939/3929/3939
f 3980/3970/3980 3941/3931/3941 3940/3930/3940
f 3981/3971/3981 3942/3932/3942 3941/3931/3941
f 3982/3972/3982 3943/3934/3943 3942/3932/3942
f 3984/3973/3984 3943/3934/3943 3983/3974/3983
f 3985/3975/3985 3944/3933/3944 3984/3973/3984
f 3986/3976/3986 3945/3935/3945 3985/3975/3985
f 3986/3976/3986 3947/3937/3947 3946/3936/3946
f 3987/3977/3987 3948/3939/3948 3947/3937/3947
f 3989/3978/3989 3948/3939/3948 3988/3979/3988
f 3990/3980/3990 3949/3938/3949 3989/3978/3989
f 3991/3981/3991 3950/3940/3950 3990/3980/3990
f 3991/3981/3991 3952/3941/3952 3951/3942/3951
f 3993/3982/3993 3952/3941/3952 3992/3983/3992
f 3993/3982/3993 3954/3943/3954 3953/3944/3953
f 3994/3984/3994 3955/3945/3955 3954/3943/3954
f 3995/3985/3995 3956/3946/3956 3955/3945/3955
f 3996/3986/3996 3957/3948/3957 3956/3946/3956
f 3998/3987/3998 3957/3948/3957 3997/3988/3997
f 3999/3989/3999 3958/3947/3958 3998/3987/3998
f 4000/3990/4000 3959/3949/3959 3999/3989/3999
f 4002/3991/4002 3961/3952/3961 4001/3992/4001
f 4003/3993/4003 3962/3951/3962 4002/3991/4002
f 4004/3994/4004 3963/3953/3963 4003/3993/4003
f 4005/3995/4005 3964/3954/3964 4004/3994/4004
f 4006/3996/4006 3965/3955/3965 4005/3995/4005
f 4007/3997/4007 3966/3957/3966 4006/3996/4006
f 4008/3998/4008 3967/3956/3967 4007/3997/4007
f 4009/3999/4009 3968/3958/3968 4008/3998/4008
f 4010/4000/4010 3969/3959/3969 4009/3999/4009
f 4011/4001/4011 3970/3960/3970 4010/4000/4010
f 4011/4001/4011 3972/3962/3972 3971/3961/3971
f 4012/4002/4012 3973/3963/3973 3972/3962/3972
f 4013/4003/4013 3974/3964/3974 3973/3963/3973
f 4014/4004/4014 3975/3965/3975 3974/3964/3974
f 4015/4005/4015 3976/3966/3976 3975/3965/3975
f 4017/4006/4017 3976/3966/3976 4016/4007/4016
f 4018/4008/4018 3977/3968/3977 4017/4006/4017
f 4019/4009/4019 3978/3967/3978 4018/4008/4018
f 4020/4010/4020 3979/3969/3979 4019/4009/4019
f 4020/4010/4020 3981/3971/3981 3980/3970/3980
f 4021/4011/4021 3982/3972/3982 3981/3971/3981
f 4022/4012/4022 3983/3974/3983 3982/3972/3982
f 4023/4013/4023 3984/3973/3984 3983/3974/3983
f 4024/4014/4024 3985/3975/3985 3984/3973/3984
f 4026/4015/4026 3985/3975/3985 4025/4016/4025
f 4026/4015/4026 3987/3977/3987 3986/3976/3986
f 4028/4017/4028 3987/3977/3987 4027/4018/4027
f 4029/4019/4029 3988/3979/3988 4028/4017/4028
f 4030/4020/4030 3989/3978/3989 4029/4019/4029
f 4030/4020/4030 3991/3981/3991 3990/3980/3990
f 4032/4021/4032 3991/3981/3991 4031/4022/4031
f 4033/4023/4033 3992/3983/3992 4032/4021/4032
f 4033/4023/4033 3994/3984/3994 3993/3982/3993
f 4034/4024/4034 3995/3985/3995 3994/3984/3994
f 4035/4025/4035 3996/3986/3996 3995/3985/3995
f 4036/4026/4036 3997/3988/3997 3996/3986/3996
f 4038/4027/4038 3997/3988/3997 4037/4028/4037
f 4039/4029/4039 3998/3987/3998 4038/4027/4038
f 4040/4030/4040 3999/3989/3999 4039/4029/4039
f 4042/4031/4042 4001/3992/4001 4041/4032/4041
f 4043/4033/4043 4002/3991/4002 4042/4031/4042
f 4044/4034/4044 4003/3993/4003 4043/4033/4043
f 4044/4034/4044 4005/3995/4005 4004/3994/4004
f 4045/4035/4045 4006/3996/4006 4005/3995/4005
f 4047/4036/4047 4006/3996/4006 4046/4037/4046
f 4047/4036/4047 4008/3998/4008 4007/3997/4007
f 4049/4038/4049 4008/3998/4008 4048/4039/4048
f 4050/4040/4050 4009/3999/4009 4049/4038/4049
f 4051/4041/4051 4010/4000/4010 4050/4040/4050
f 4052/4042/4052 4011/4001/4011 4051/4041/4051
f 4052/4042/4052 4013/4003/4013 4012/4002/4012
f 4053/4043/4053 4014/4004/4014 4013/4003/4013
f 4054/4044/4054 4015/4005/4015 4014/4004/4014
f 4055/4045/4055 4016/4007/4016 4015/4005/4015
f 4057/4046/4057 4016/4007/4016 4056/4047/4056
f 4058/4048/4058 4017/4006/4017 4057/4046/4057
f 4059/4049/4059 4018/4008/4018 4058/4048/4058
f 4060/4050/4060 4019/4009/4019 4059/4049/4059
f 4060/4050/4060 4021/4011/4021 4020/4010/4020
f 4062/4051/4062 4021/4011/4021 4061/4052/4061
f 4062/4051/4062 4023/4013/4023 4022/4012/4022
f 4063/4053/4063 4024/4014/4024 4023/4013/4023
f 4064/4054/4064 4025/4016/4025 4024/4014/4024
f 4066/4055/4066 4025/4016/4025 4065/4056/4065
f 4066/4055/4066 4027/4018/4027 4026/4015/4026
f 4068/4057/4068 4027/4018/4027 4067/4058/4067
f 4069/4059/4069 4028/4017/4028 4068/4057/4068
f 4070/4060/4070 4029/4019/4029 4069/4059/4069
f 4070/4060/4070 4031/4022/4031 4030/4020/4030
f 4072/4061/4072 4031/4022/4031 4071/4062/4071
f 4073/4063/4073 4032/4021/4032 4072/4061/4072
f 4073/4063/4073 4034/4024/4034 4033/4023/4033
f 4074/4064/4074 4035/4025/4035 4034/4024/4034
f 4075/4065/4075 4036/4026/4036 4035/4025/4035
f 4076/4066/4076 4037/4028/4037 4036/4026/4036
f 4077/4067/4077 4038/4027/4038 4037/4028/4037
f 4078/4068/4078 4039/4029/4039 4038/4027/4038
f 4080/4069/4080 4039/4029/4039 4079/4070/4079
f 4082/4071/4082 4041/4032/4041 4081/4072/4081
f 4083/4073/4083 4042/4031/4042 4082/4071/4082
f 4084/4074/4084 4043/4033/4043 4083/4073/4083
f 4085/4075/4085 4044/4034/4044 4084/4074/4084
f 4086/4076/4086 4045/4035/4045 4085/4075/4085
f 4086/4076/4086 4047/4036/4047 4046/4037/4046
f 4087/4077/4087 4048/4039/4048 4047/4036/4047
f 4089/4078/4089 4048/4039/4048 4088/4079/4088
f 4090/4080/4090 4049/4038/4049 4089/4078/4089
f 4091/4081/4091 4050/4040/4050 4090/4080/4090
f 4092/4082/4092 4051/4041/4051 4091/4081/4091
f 4092/4082/4092 4053/4043/4053 4052/4042/4052
f 4094/4083/4094 4053/4043/4053 4093/4084/4093
f 4094/4083/4094 4055/4045/4055 4054/4044/4054
f 4096/4085/4096 4055/4045/4055 4095/4086/4095
f 4097/4087/4097 4056/4047/4056 4096/4085/4096
f 4097/4087/4097 4058/4048/4058 4057/4046/4057
f 4099/4088/4099 4058/4048/4058 4098/4089/4098
f 4100/4090/4100 4059/4049/4059 4099/4088/4099
f 4101/4091/4101 4060/4050/4060 4100/4090/4100
f 4102/4092/4102 4061/4052/4061 4101/4091/4101
f 4102/4092/4102 4063/4053/4063 4062/4051/4062
f 4103/4093/4103 4064/4054/4064 4063/4053/4063
f 4104/4094/4104 4065/4056/4065 4064/4054/4064
f 4106/4095/4106 4065/4056/4065 4105/4096/4105
f 4107/4097/4107 4066/4055/4066 4106/4095/4106
f 4108/4098/4108 4067/4058/4067 4107/4097/4107
f 4109/4099/4109 4068/4057/4068 4108/4098/4108
f 4109/4099/4109 4070/4060/4070 4069/4059/4069
f 4111/4100/4111 4070/4060/4070 4110/4101/4110
f 4112/4102/4112 4071/4062/4071 4111/4100/4111
f 4112/4102/4112 4073/4063/4073 4072/4061/4072
f 4113/4103/4113 4074/4064/4074 4073/4063/4073
f 4114/4104/4114 4075/4065/4075 4074/4064/4074
f 4115/4105/4115 4076/4066/4076 4075/4065/4075
f 4116/4106/4116 4077/4067/4077 4076/4066/4076
f 4117/4107/4117 4078/4068/4078 4077/4067/4077
f 4118/4108/4118 4079/4070/4079 4078/4068/4078
f 4119/4109/4119 4080/4069/4080 4079/4070/4079
f 4122/4110/4122 4081/4072/4081 4121/4111/4121
f 4123/4112/4123 4082/4071/4082 4122/4110/4122
f 4124/4113/4124 4083/4073/4083 4123/4112/4123
f 4125/4114/4125 4084/4074/4084 4124/4113/4124
f 4125/4114/4125 4086/4076/4086 4085/4075/4085
f 4126/4115/4126 4087/4077/4087 4086/4076/4086
f 4128/4116/4128 4087/4077/4087 4127/4117/4127
f 4129/4118/4129 4088/4079/4088 4128/4116/4128
f 4130/4119/4130 4089/4078/4089 4129/4118/4129
f 4131/4120/4131 4090/4080/4090 4130/4119/4130
f 4132/4121/4132 4091/4081/4091 4131/4120/4131
f 4133/4122/4133 4092/4082/4092 4132/4121/4132
f 4134/4123/4134 4093/4084/4093 4133/4122/4133
f 4135/4124/4135 4094/4083/4094 4134/4123/4134
f 4136/4125/4136 4095/4086/4095 4135/4124/4135
f 4137/4126/4137 4096/4085/4096 4136/4125/4136
f 4138/4127/4138 4097/4087/4097 4137/4126/4137
f 4138/4127/4138 4099/4088/4099 4098/4089/4098
f 4140/4128/4140 4099/4088/4099 4139/4129/4139
f 4141/4130/4141 4100/4090/4100 4140/4128/4140
f 4142/4131/4142 4101/4091/4101 4141/4130/4141
f 4142/4131/4142 4103/4093/4103 4102/4092/4102
f 4143/4132/4143 4104/4094/4104 4103/4093/4103
f 4144/4133/4144 4105/4096/4105 4104/4094/4104
f 4146/4134/4146 4105/4096/4105 4145/4135/4145
f 4147/4136/4147 4106/4095/4106 4146/4134/4146
f 4148/4137/4148 4107/4097/4107 4147/4136/4147
f 4149/4138/4149 4108/4098/4108 4148/4137/4148
f 4149/4138/4149 4110/4101/4110 4109/4099/4109
f 4151/4139/4151 4110/4101/4110 4150/4140/4150
f 4151/4139/4151 4112/4102/4112 4111/4100/4111
f 4152/4141/4152 4113/4103/4113 4112/4102/4112
f 4153/4142/4153 4114/4104/4114 4113/4103/4113
f 4154/4143/4154 4115/4105/4115 4114/4104/4114
f 4155/4144/4155 4116/4106/4116 4115/4105/4115
f 4156/4145/4156 4117/4107/4117 4116/4106/4116
f 4157/4146/4157 4118/4108/4118 4117/4107/4117
f 4158/4147/4158 4119/4109/4119 4118/4108/4118
f 4159/4148/4159 4120/4149/4120 4119/4109/4119
f 4161/4150/4161 4122/4110/4122 4121/4111/4121
f 4162/4151/4162 4123/4112/4123 4122/4110/4122
f 4163/4152/4163 4124/4113/4124 4123/4112/4123
f 4164/4153/4164 4125/4114/4125 4124/4113/4124
f 4165/4154/4165 4126/4115/4126 4125/4114/4125
f 4166/4155/4166 4127/4117/4127 4126/4115/4126
f 4168/4156/4168 4127/4117/4127 4167/4157/4167
f 4169/4158/4169 4128/4116/4128 4168/4156/4168
f 4170/4159/4170 4129/4118/4129 4169/4158/4169
f 4171/4160/4171 4130/4119/4130 4170/4159/4170
f 4172/4161/4172 4131/4120/4131 4171/4160/4171
f 4173/4162/4173 4132/4121/4132 4172/4161/4172
f 4174/4163/4174 4133/4122/4133 4173/4162/4173
f 4175/4164/4175 4134/4123/4134 4174/4163/4174
f 4176/4165/4176 4135/4124/4135 4175/4164/4175
f 4177/4166/4177 4136/4125/4136 4176/4165/4176
f 4178/4167/4178 4137/4126/4137 4177/4166/4177
f 4178/4167/4178 4139/4129/4139 4138/4127/4138
f 4180/4168/4180 4139/4129/4139 4179/4169/4179
f 4181/4170/4181 4140/4128/4140 4180/4168/4180
f 4181/4170/4181 4142/4131/4142 4141/4130/4141
f 4182/4171/4182 4143/4132/4143 4142/4131/4142
f 4183/4172/4183 4144/4133/4144 4143/4132/4143
f 4184/4173/4184 4145/4135/4145 4144/4133/4144
f 4186/4174/4186 4145/4135/4145 4185/4175/4185
f 4187/4176/4187 4146/4134/4146 4186/4174/4186
f 4188/4177/4188 4147/4136/4147 4187/4176/4187
f 4189/4178/4189 4148/4137/4148 4188/4177/4188
f 4190/4179/4190 4149/4138/4149 4189/4178/4189
f 4190/4179/4190 4151/4139/4151 4150/4140/4150
f 4192/4180/4192 4151/4139/4151 4191/4181/4191
f 4192/4180/4192 4153/4142/4153 4152/4141/4152
f 4193/4182/4193 4154/4143/4154 4153/4142/4153
f 4194/4183/4194 4155/4144/4155 4154/4143/4154
f 4195/4184/4195 4156/4145/4156 4155/4144/4155
f 4197/4185/4197 4156/4145/4156 4196/4186/4196
f 4198/4187/4198 4157/4146/4157 4197/4185/4197
f 4199/4188/4199 4158/4147/4158 4198/4187/4198
f 4199/4188/4199 4160/4189/4160 4159/4148/4159
f 4201/4190/4201 4162/4151/4162 4161/4150/4161
f 4202/4191/4202 4163/4152/4163 4162/4151/4162
f 4203/4192/4203 4164/4153/4164 4163/4152/4163
f 4204/4193/4204 4165/4154/4165 4164/4153/4164
f 4205/4194/4205 4166/4155/4166 4165/4154/4165
f 4206/4195/4206 4167/4157/4167 4166/4155/4166
f 4208/4196/4208 4167/4157/4167 4207/4197/4207
f 4209/4198/4209 4168/4156/4168 4208/4196/4208
f 4210/4199/4210 4169/4158/4169 4209/4198/4209
f 4211/4200/4211 4170/4159/4170 4210/4199/4210
f 4212/4201/4212 4171/4160/4171 4211/4200/4211
f 4213/4202/4213 4172/4161/4172 4212/4201/4212
f 4214/4203/4214 4173/4162/4173 4213/4202/4213
f 4215/4204/4215 4174/4163/4174 4214/4203/4214
f 4216/4205/4216 4175/4164/4175 4215/4204/4215
f 4217/4206/4217 4176/4165/4176 4216/4205/4216
f 4218/4207/4218 4177/4166/4177 4217/4206/4217
f 4218/4207/4218 4179/4169/4179 4178/4167/4178
f 4219/4208/4219 4180/4168/4180 4179/4169/4179
f 4221/4209/4221 4180/4168/4180 4220/4210/4220
f 4221/4209/4221 4182/4171/4182 4181/4170/4181
f 4222/4211/4222 4183/4172/4183 4182/4171/4182
f 4223/4212/4223 4184/4173/4184 4183/4172/4183
f 4224/4213/4224 4185/4175/4185 4184/4173/4184
f 4226/4214/4226 4185/4175/4185 4225/4215/4225
f 4227/4216/4227 4186/4174/4186 4226/4214/4226
f 4228/4217/4228 4187/4176/4187 4227/4216/4227
f 4228/4217/4228 4189/4178/4189 4188/4177/4188
f 4229/4218/4229 4190/4179/4190 4189/4178/4189
f 4230/4219/4230 4191/4181/4191 4190/4179/4190
f 4231/4220/4231 4192/4180/4192 4191/4181/4191
f 4232/4221/4232 4193/4182/4193 4192/4180/4192
f 4233/4222/4233 4194/4183/4194 4193/4182/4193
f 4234/4223/4234 4195/4184/4195 4194/4183/4194
f 4235/4224/4235 4196/4186/4196 4195/4184/4195
f 4237/4225/4237 4196/4186/4196 4236/4226/4236
f 4238/4227/4238 4197/4185/4197 4237/4225/4237
f 4239/4228/4239 4198/4187/4198 4238/4227/4238
f 4239/4228/4239 4200/4229/4200 4199/4188/4199
f 4241/4230/4241 4202/4191/4202 4201/4190/4201
f 4242/4231/4242 4203/4192/4203 4202/4191/4202
f 4243/4232/4243 4204/4193/4204 4203/4192/4203
f 4244/4233/4244 4205/4194/4205 4204/4193/4204
f 4245/4234/4245 4206/4195/4206 4205/4194/4205
f 4246/4235/4246 4207/4197/4207 4206/4195/4206
f 4248/4236/4248 4207/4197/4207 4247/4237/4247
f 4249/4238/4249 4208/4196/4208 4248/4236/4248
f 4250/4239/4250 4209/4198/4209 4249/4238/4249
f 4251/4240/4251 4210/4199/4210 4250/4239/4250
f 4252/4241/4252 4211/4200/4211 4251/4240/4251
f 4253/4242/4253 4212/4201/4212 4252/4241/4252
f 4254/4243/4254 4213/4202/4213 4253/4242/4253
f 4255/4244/4255 4214/4203/4214 4254/4243/4254
f 4256/4245/4256 4215/4204/4215 4255/4244/4255
f 4257/4246/4257 4216/4205/4216 4256/4245/4256
f 4258/4247/4258 4217/4206/4217 4257/4246/4257
f 4259/4248/4259 4218/4207/4218 4258/4247/4258
f 4260/4249/4260 4219/4208/4219 4259/4248/4259
f 4261/4250/4261 4220/4210/4220 4260/4249/4260
f 4261/4250/4261 4222/4211/4222 4221/4209/4221
f 4262/4251/4262 4223/4212/4223 4222/4211/4222
f 4263/4252/4263 4224/4213/4224 4223/4212/4223
f 4264/4253/4264 4225/4215/4225 4224/4213/4224
f 4266/4254/4266 4225/4215/4225 4265/4255/4265
f 4266/4254/4266 4227/4216/4227 4226/4214/4226
f 4267/4256/4267 4228/4217/4228 4227/4216/4227
f 4268/4257/4268 4229/4218/4229 4228/4217/4228
f 4269/4258/4269 4230/4219/4230 4229/4218/4229
f 4270/4259/4270 4231/4220/4231 4230/4219/4230
f 4271/4260/4271 4232/4221/4232 4231/4220/4231
f 4272/4261/4272 4233/4222/4233 4232/4221/4232
f 4273/4262/4273 4234/4223/4234 4233/4222/4233
f 4275/4263/4275 4234/4223/4234 4274/4264/4274
f 4276/4265/4276 4235/4224/4235 4275/4263/4275
f 4277/4266/4277 4236/4226/4236 4276/4265/4276
f 4278/4267/4278 4237/4225/4237 4277/4266/4277
f 4278/4267/4278 4239/4228/4239 4238/4227/4238
f 4279/4268/4279 4240/4269/4240 4239/4228/4239
f 4281/4270/4281 4242/4231/4242 4241/4230/4241
f 4282/4271/4282 4243/4232/4243 4242/4231/4242
f 4283/4272/4283 4244/4233/4244 4243/4232/4243
f 4284/4273/4284 4245/4234/4245 4244/4233/4244
f 4285/4274/4285 4246/4235/4246 4245/4234/4245
f 4286/4275/4286 4247/4237/4247 4246/4235/4246
f 4287/4276/4287 4248/4236/4248 4247/4237/4247
f 4289/4277/4289 4248/4236/4248 4288/4278/4288
f 4290/4279/4290 4249/4238/4249 4289/4277/4289
f 4291/4280/4291 4250/4239/4250 4290/4279/4290
f 4292/4281/4292 4251/4240/4251 4291/4280/4291
f 4293/4282/4293 4252/4241/4252 4292/4281/4292
f 4294/4283/4294 4253/4242/4253 4293/4282/4293
f 4295/4284/4295 4254/4243/4254 4294/4283/4294
f 4296/4285/4296 4255/4244/4255 4295/4284/4295
f 4297/4286/4297 4256/4245/4256 4296/4285/4296
f 4298/4287/4298 4257/4246/4257 4297/4286/4297
f 4299/4288/4299 4258/4247/4258 4298/4287/4298
f 4300/4289/4300 4259/4248/4259 4299/4288/4299
f 4301/4290/4301 4260/4249/4260 4300/4289/4300
f 4301/4290/4301 4262/4251/4262 4261/4250/4261
f 4302/4291/4302 4263/4252/4263 4262/4251/4262
f 4303/4292/4303 4264/4253/4264 4263/4252/4263
f 4305/4293/4305 4264/4253/4264 4304/4294/4304
f 4305/4293/4305 4266/4254/4266 4265/4255/4265
f 4306/4295/4306 4267/4256/4267 4266/4254/4266
f 4307/4296/4307 4268/4257/4268 4267/4256/4267
f 4308/4297/4308 4269/4258/4269 4268/4257/4268
f 4309/4298/4309 4270/4259/4270 4269/4258/4269
f 4310/4299/4310 4271/4260/4271 4270/4259/4270
f 4311/4300/4311 4272/4261/4272 4271/4260/4271
f 4312/4301/4312 4273/4262/4273 4272/4261/4272
f 4313/4302/4313 4274/4264/4274 4273/4262/4273
f 4314/4303/4314 4275/4263/4275 4274/4264/4274
f 4316/4304/4316 4275/4263/4275 4315/4305/4315
f 4316/4304/4316 4277/4266/4277 4276/4265/4276
f 4317/4306/4317 4278/4267/4278 4277/4266/4277
f 4318/4307/4318 4279/4268/4279 4278/4267/4278
f 4319/4308/4319 4280/4309/4280 4279/4268/4279
f 4321/4310/4321 4282/4271/4282 4281/4270/4281
f 4322/4311/4322 4283/4272/4283 4282/4271/4282
f 4323/4312/4323 4284/4273/4284 4283/4272/4283
f 4324/4313/4324 4285/4274/4285 4284/4273/4284
f 4325/4314/4325 4286/4275/4286 4285/4274/4285
f 4326/4315/4326 4287/4276/4287 4286/4275/4286
f 4327/4316/4327 4288/4278/4288 4287/4276/4287
f 4329/4317/4329 4288/4278/4288 4328/4318/4328
f 4330/4319/4330 4289/4277/4289 4329/4317/4329
f 4331/4320/4331 4290/4279/4290 4330/4319/4330
f 4332/4321/4332 4291/4280/4291 4331/4320/4331
f 4333/4322/4333 4292/4281/4292 4332/4321/4332
f 4334/4323/4334 4293/4282/4293 4333/4322/4333
f 4335/4324/4335 4294/4283/4294 4334/4323/4334
f 4336/4325/4336 4295/4284/4295 4335/4324/4335
f 4337/4326/4337 4296/4285/4296 4336/4325/4336
f 4338/4327/4338 4297/4286/4297 4337/4326/4337
f 4339/4328/4339 4298/4287/4298 4338/4327/4338
f 4340/4329/4340 4299/4288/4299 4339/4328/4339
f 4341/4330/4341 4300/4289/4300 4340/4329/4340
f 4341/4330/4341 4302/4291/4302 4301/4290/4301
f 4342/4331/4342 4303/4292/4303 4302/4291/4302
f 4343/4332/4343 4304/4294/4304 4303/4292/4303
f 4345/4333/4345 4304/4294/4304 4344/4334/4344
f 4345/4333/4345 4306/4295/4306 4305/4293/4305
f 4346/4335/4346 4307/4296/4307 4306/4295/4306
f 4347/4336/4347 4308/4297/4308 4307/4296/4307
f 4348/4337/4348 4309/4298/4309 4308/4297/4308
f 4349/4338/4349 4310/4299/4310 4309/4298/4309
f 4350/4339/4350 4311/4300/4311 4310/4299/4310
f 4351/4340/4351 4312/4301/4312 4311/4300/4311
f 4353/4341/4353 4312/4301/4312 4352/4342/4352
f 4353/4341/4353 4314/4303/4314 4313/4302/4313
f 4354/4343/4354 4315/4305/4315 4314/4303/4314
f 4356/4344/4356 4315/4305/4315 4355/4345/4355
f 4357/4346/4357 4316/4304/4316 4356/4344/4356
f 4357/4346/4357 4318/4307/4318 4317/4306/4317
f 4358/4347/4358 4319/4308/4319 4318/4307/4318
f 4359/4348/4359 4320/4349/4320 4319/4308/4319
f 4361/4350/4361 4322/4311/4322 4321/4310/4321
f 4363/4351/4363 4322/4311/4322 4362/4352/4362
f 4363/4351/4363 4324/4313/4324 4323/4312/4323
f 4364/4353/4364 4325/4314/4325 4324/4313/4324
f 4366/4354/4366 4325/4314/4325 4365/4355/4365
f 4367/4356/4367 4326/4315/4326 4366/4354/4366
f 4367/4356/4367 4328/4318/4328 4327/4316/4327
f 4368/4357/4368 4329/4317/4329 4328/4318/4328
f 4370/4358/4370 4329/4317/4329 4369/4359/4369
f 4371/4360/4371 4330/4319/4330 4370/4358/4370
f 4372/4361/4372 4331/4320/4331 4371/4360/4371
f 4373/4362/4373 4332/4321/4332 4372/4361/4372
f 4374/4363/4374 4333/4322/4333 4373/4362/4373
f 4375/4364/4375 4334/4323/4334 4374/4363/4374
f 4376/4365/4376 4335/4324/4335 4375/4364/4375
f 4377/4366/4377 4336/4325/4336 4376/4365/4376
f 4378/4367/4378 4337/4326/4337 4377/4366/4377
f 4379/4368/4379 4338/4327/4338 4378/4367/4378
f 4380/4369/4380 4339/4328/4339 4379/4368/4379
f 4381/4370/4381 4340/4329/4340 4380/4369/4380
f 4381/4370/4381 4342/4331/4342 4341/4330/4341
f 4382/4371/4382 4343/4332/4343 4342/4331/4342
f 4384/4372/4384 4343/4332/4343 4383/4373/4383
f 4385/4374/4385 4344/4334/4344 4384/4372/4384
f 4385/4374/4385 4346/4335/4346 4345/4333/4345
f 4386/4375/4386 4347/4336/4347 4346/4335/4346
f 4387/4376/4387 4348/4337/4348 4347/4336/4347
f 4388/4377/4388 4349/4338/4349 4348/4337/4348
f 4389/4378/4389 4350/4339/4350 4349/4338/4349
f 4390/4379/4390 4351/4340/4351 4350/4339/4350
f 4391/4380/4391 4352/4342/4352 4351/4340/4351
f 4393/4381/4393 4352/4342/4352 4392/4382/4392
f 4394/4383/4394 4353/4341/4353 4393/4381/4393
f 4394/4383/4394 4355/4345/4355 4354/4343/4354
f 4396/4384/4396 4355/4345/4355 4395/4385/4395
f 4397/4386/4397 4356/4344/4356 4396/4384/4396
f 4398/4387/4398 4357/4346/4357 4397/4386/4397
f 4399/4388/4399 4358/4347/4358 4398/4387/4398
f 4400/4389/4400 4359/4348/4359 4399/4388/4399
f 4401/4390/4401 4362/4352/4362 4361/4350/4361
f 4403/4391/4403 4362/4352/4362 4402/4392/4402
f 4404/4393/4404 4363/4351/4363 4403/4391/4403
f 4405/4394/4405 4364/4353/4364 4404/4393/4404
f 4406/4395/4406 4365/4355/4365 4405/4394/4405
f 4407/4396/4407 4366/4354/4366 4406/4395/4406
f 4407/4396/4407 4368/4357/4368 4367/4356/4367
f 4408/4397/4408 4369/4359/4369 4368/4357/4368
f 4409/4398/4409 4370/4358/4370 4369/4359/4369
f 4411/4399/4411 4370/4358/4370 4410/4400/4410
f 4412/4401/4412 4371/4360/4371 4411/4399/4411
f 4413/4402/4413 4372/4361/4372 4412/4401/4412
f 4414/4403/4414 4373/4362/4373 4413/4402/4413
f 4415/4404/4415 4374/4363/4374 4414/4403/4414
f 4416/4405/4416 4375/4364/4375 4415/4404/4415
f 4417/4406/4417 4376/4365/4376 4416/4405/4416
f 4417/4406/4417 4378/4367/4378 4377/4366/4377
f 4418/4407/4418 4379/4368/4379 4378/4367/4378
f 4419/4408/4419 4380/4369/4380 4379/4368/4379
f 4421/4409/4421 4380/4369/4380 4420/4410/4420
f 4422/4411/4422 4381/4370/4381 4421/4409/4421
f 4423/4412/4423 4382/4371/4382 4422/4411/4422
f 4424/4413/4424 4383/4373/4383 4423/4412/4423
f 4424/4413/4424 4385/4374/4385 4384/4372/4384
f 4425/4414/4425 4386/4375/4386 4385/4374/4385
f 4426/4415/4426 4387/4376/4387 4386/4375/4386
f 4427/4416/4427 4388/4377/4388 4387/4376/4387
f 4428/4417/4428 4389/4378/4389 4388/4377/4388
f 4429/4418/4429 4390/4379/4390 4389/4378/4389
f 4430/4419/4430 4391/4380/4391 4390/4379/4390
f 4431/4420/4431 4392/4382/4392 4391/4380/4391
f 4433/4421/4433 4392/4382/4392 4432/4422/4432
f 4434/4423/4434 4393/4381/4393 4433/4421/4433
f 4434/4423/4434 4395/4385/4395 4394/4383/4394
f 4435/4424/4435 4396/4384/4396 4395/4385/4395
f 4437/4425/4437 4396/4384/4396 4436/4426/4436
f 4438/4427/4438 4397/4386/4397 4437/4425/4437
f 4439/4428/4439 4398/4387/4398 4438/4427/4438
f 4440/4429/4440 4399/4388/4399 4439/4428/4439
f 4441/4430/4441 4402/4392/4402 4401/4390/4401
f 4443/4431/4443 4402/4392/4402 4442/4432/4442
f 4444/4433/4444 4403/4391/4403 4443/4431/4443
f 4445/4434/4445 4404/4393/4404 4444/4433/4444
f 4446/4435/4446 4405/4394/4405 4445/4434/4445
f 4447/4436/4447 4406/4395/4406 4446/4435/4446
f 4447/4436/4447 4408/4397/4408 4407/4396/4407
f 4448/4437/4448 4409/4398/4409 4408/4397/4408
f 4449/4438/4449 4410/4400/4410 4409/4398/4409
f 4451/4439/4451 4410/4400/4410 4450/4440/4450
f 4452/4441/4452 4411/4399/4411 4451/4439/4451
f 4453/4442/4453 4412/4401/4412 4452/4441/4452
f 4454/4443/4454 4413/4402/4413 4453/4442/4453
f 4455/4444/4455 4414/4403/4414 4454/4443/4454
f 4456/4445/4456 4415/4404/4415 4455/4444/4455
f 4457/4446/4457 4416/4405/4416 4456/4445/4456
f 4457/4446/4457 4418/4407/4418 4417/4406/4417
f 4458/4447/4458 4419/4408/4419 4418/4407/4418
f 4459/4448/4459 4420/4410/4420 4419/4408/4419
f 4461/4449/4461 4420/4410/4420 4460/4450/4460
f 4462/4451/4462 4421/4409/4421 4461/4449/4461
f 4463/4452/4463 4422/4411/4422 4462/4451/4462
f 4464/4453/4464 4423/4412/4423 4463/4452/4463
f 4464/4453/4464 4425/4414/4425 4424/4413/4424
f 4465/4454/4465 4426/4415/4426 4425/4414/4425
f 4466/4455/4466 4427/4416/4427 4426/4415/4426
f 4467/4456/4467 4428/4417/4428 4427/4416/4427
f 4468/4457/4468 4429/4418/4429 4428/4417/4428
f 4469/4458/4469 4430/4419/4430 4429/4418/4429
f 4470/4459/4470 4431/4420/4431 4430/4419/4430
f 4471/4460/4471 4432/4422/4432 4431/4420/4431
f 4473/4461/4473 4432/4422/4432 4472/4462/4472
f 4474/4463/4474 4433/4421/4433 4473/4461/4473
f 4474/4463/4474 4435/4424/4435 4434/4423/4434
f 4475/4464/4475 4436/4426/4436 4435/4424/4435
f 4477/4465/4477 4436/4426/4436 4476/4466/4476
f 4478/4467/4478 4437/4425/4437 4477/4465/4477
f 4479/4468/4479 4438/4427/4438 4478/4467/4478
f 4480/4469/4480 4439/4428/4439 4479/4468/4479
f 4481/4470/4481 4442/4432/4442 4441/4430/4441
f 4482/4471/4482 4443/4431/4443 4442/4432/4442
f 4484/4472/4484 4443/4431/4443 4483/4473/4483
f 4485/4474/4485 4444/4433/4444 4484/4472/4484
f 4486/4475/4486 4445/4434/4445 4485/4474/4485
f 4487/4476/4487 4446/4435/4446 4486/4475/4486
f 4487/4476/4487 4448/4437/4448 4447/4436/4447
f 4488/4477/4488 4449/4438/4449 4448/4437/4448
f 4489/4478/4489 4450/4440/4450 4449/4438/4449
f 4491/4479/4491 4450/4440/4450 4490/4480/4490
f 4492/4481/4492 4451/4439/4451 4491/4479/4491
f 4493/4482/4493 4452/4441/4452 4492/4481/4492
f 4494/4483/4494 4453/4442/4453 4493/4482/4493
f 4495/4484/4495 4454/4443/4454 4494/4483/4494
f 4496/4485/4496 4455/4444/4455 4495/4484/4495
f 4497/4486/4497 4456/4445/4456 4496/4485/4496
f 4497/4486/4497 4458/4447/4458 4457/4446/4457
f 4498/4487/4498 4459/4448/4459 4458/4447/4458
f 4499/4488/4499 4460/4450/4460 4459/4448/4459
f 4500/4489/4500 4461/4449/4461 4460/4450/4460
f 4501/4490/4501 4462/4451/4462 4461/4449/4461
f 4503/4491/4503 4462/4451/4462 4502/4492/4502
f 4503/4491/4503 4464/4453/4464 4463/4452/4463
f 4504/4493/4504 4465/4454/4465 4464/4453/4464
f 4505/4494/4505 4466/4455/4466 4465/4454/4465
f 4506/4495/4506 4467/4456/4467 4466/4455/4466
f 4507/4496/4507 4468/4457/4468 4467/4456/4467
f 4508/4497/4508 4469/4458/4469 4468/4457/4468
f 4509/4498/4509 4470/4459/4470 4469/4458/4469
f 4510/4499/4510 4471/4460/4471 4470/4459/4470
f 4511/4500/4511 4472/4462/4472 4471/4460/4471
f 4513/4501/4513 4472/4462/4472 4512/4502/4512
f 4514/4503/4514 4473/4461/4473 4513/4501/4513
f 4514/4503/4514 4475/4464/4475 4474/4463/4474
f 4515/4504/4515 4476/4466/4476 4475/4464/4475
f 4517/4505/4517 4476/4466/4476 4516/4506/4516
f 4517/4505/4517 4478/4467/4478 4477/4465/4477
f 4518/4507/4518 4479/4468/4479 4478/4467/4478
f 4519/4508/4519 4480/4469/4480 4479/4468/4479
f 4521/4509/4521 4482/4471/4482 4481/4470/4481
f 4522/4510/4522 4483/4473/4483 4482/4471/4482
f 4523/4511/4523 4484/4472/4484 4483/4473/4483
f 4525/4512/4525 4484/4472/4484 4524/4513/4524
f 4526/4514/4526 4485/4474/4485 4525/4512/4525
f 4526/4514/4526 4487/4476/4487 4486/4475/4486
f 4527/4515/4527 4488/4477/4488 4487/4476/4487
f 4528/4516/4528 4489/4478/4489 4488/4477/4488
f 4530/4517/4530 4489/4478/4489 4529/4518/4529
f 4531/4519/4531 4490/4480/4490 4530/4517/4530
f 4532/4520/4532 4491/4479/4491 4531/4519/4531
f 4533/4521/4533 4492/4481/4492 4532/4520/4532
f 4534/4522/4534 4493/4482/4493 4533/4521/4533
f 4535/4523/4535 4494/4483/4494 4534/4522/4534
f 4536/4524/4536 4495/4484/4495 4535/4523/4535
f 4537/4525/4537 4496/4485/4496 4536/4524/4536
f 4537/4525/4537 4498/4487/4498 4497/4486/4497
f 4538/4526/4538 4499/4488/4499 4498/4487/4498
f 4539/4527/4539 4500/4489/4500 4499/4488/4499
f 4540/4528/4540 4501/4490/4501 4500/4489/4500
f 4541/4529/4541 4502/4492/4502 4501/4490/4501
f 4542/4530/4542 4503/4491/4503 4502/4492/4502
f 4543/4531/4543 4504/4493/4504 4503/4491/4503
f 4544/4532/4544 4505/4494/4505 4504/4493/4504
f 4545/4533/4545 4506/4495/4506 4505/4494/4505
f 4546/4534/4546 4507/4496/4507 4506/4495/4506
f 4547/4535/4547 4508/4497/4508 4507/4496/4507
f 4548/4536/4548 4509/4498/4509 4508/4497/4508
f 4549/4537/4549 4510/4499/4510 4509/4498/4509
f 4550/4538/4550 4511/4500/4511 4510/4499/4510
f 4552/4539/4552 4511/4500/4511 4551/4540/4551
f 4553/4541/4553 4512/4502/4512 4552/4539/4552
f 4553/4541/4553 4514/4503/4514 4513/4501/4513
f 4554/4542/4554 4515/4504/4515 4514/4503/4514
f 4555/4543/4555 4516/4506/4516 4515/4504/4515
f 4556/4544/4556 4517/4505/4517 4516/4506/4516
f 4557/4545/4557 4518/4507/4518 4517/4505/4517
f 4558/4546/4558 4519/4508/4519 4518/4507/4518
f 4560/4547/4560 4519/4508/4519 4559/4548/4559
f 4561/4549/4561 4522/4510/4522 4521/4509/4521
f 4562/4550/4562 4523/4511/4523 4522/4510/4522
f 4563/4551/4563 4524/4513/4524 4523/4511/4523
f 4564/4552/4564 4525/4512/4525 4524/4513/4524
f 4565/4553/4565 4526/4514/4526 4525/4512/4525
f 4567/4554/4567 4526/4514/4526 4566/4555/4566
f 4568/4556/4568 4527/4515/4527 4567/4554/4567
f 4569/4557/4569 4528/4516/4528 4568/4556/4568
f 4570/4558/4570 4529/4518/4529 4569/4557/4569
f 4571/4559/4571 4530/4517/4530 4570/4558/4570
f 4572/4560/4572 4531/4519/4531 4571/4559/4571
f 4573/4561/4573 4532/4520/4532 4572/4560/4572
f 4574/4562/4574 4533/4521/4533 4573/4561/4573
f 4575/4563/4575 4534/4522/4534 4574/4562/4574
f 4576/4564/4576 4535/4523/4535 4575/4563/4575
f 4577/4565/4577 4536/4524/4536 4576/4564/4576
f 4577/4565/4577 4538/4526/4538 4537/4525/4537
f 4578/4566/4578 4539/4527/4539 4538/4526/4538
f 4579/4567/4579 4540/4528/4540 4539/4527/4539
f 4580/4568/4580 4541/4529/4541 4540/4528/4540
f 4581/4569/4581 4542/4530/4542 4541/4529/4541
f 4582/4570/4582 4543/4531/4543 4542/4530/4542
f 4583/4571/4583 4544/4532/4544 4543/4531/4543
f 4584/4572/4584 4545/4533/4545 4544/4532/4544
f 4585/4573/4585 4546/4534/4546 4545/4533/4545
f 4586/4574/4586 4547/4535/4547 4546/4534/4546
f 4587/4575/4587 4548/4536/4548 4547/4535/4547
f 4588/4576/4588 4549/4537/4549 4548/4536/4548
f 4590/4577/4590 4549/4537/4549 4589/4578/4589
f 4591/4579/4591 4550/4538/4550 4590/4577/4590
f 4591/4579/4591 4552/4539/4552 4551/4540/4551
f 4592/4580/4592 4553/4541/4553 4552/4539/4552
f 4593/4581/4593 4554/4542/4554 4553/4541/4553
f 4594/4582/4594 4555/4543/4555 4554/4542/4554
f 4596/4583/4596 4555/4543/4555 4595/4584/4595
f 4596/4583/4596 4557/4545/4557 4556/4544/4556
f 4597/4585/4597 4558/4546/4558 4557/4545/4557
f 4598/4586/4598 4559/4548/4559 4558/4546/4558
f 4600/4587/4600 4559/4548/4559 4599/4588/4599
f 4601/4589/4601 4562/4550/4562 4561/4549/4561
f 4602/4590/4602 4563/4551/4563 4562/4550/4562
f 4603/4591/4603 4564/4552/4564 4563/4551/4563
f 4604/4592/4604 4565/4553/4565 4564/4552/4564
f 4605/4593/4605 4566/4555/4566 4565/4553/4565
f 4607/4594/4607 4566/4555/4566 4606/4595/4606
f 4608/4596/4608 4567/4554/4567 4607/4594/4607
f 4609/4597/4609 4568/4556/4568 4608/4596/4608
f 4610/4598/4610 4569/4557/4569 4609/4597/4609
f 4611/4599/4611 4570/4558/4570 4610/4598/4610
f 4612/4600/4612 4571/4559/4571 4611/4599/4611
f 4613/4601/4613 4572/4560/4572 4612/4600/4612
f 4614/4602/4614 4573/4561/4573 4613/4601/4613
f 4615/4603/4615 4574/4562/4574 4614/4602/4614
f 4616/4604/4616 4575/4563/4575 4615/4603/4615
f 4617/4605/4617 4576/4564/4576 4616/4604/4616
f 4617/4605/4617 4578/4566/4578 4577/4565/4577
f 4618/4606/4618 4579/4567/4579 4578/4566/4578
f 4619/4607/4619 4580/4568/4580 4579/4567/4579
f 4620/4608/4620 4581/4569/4581 4580/4568/4580
f 4621/4609/4621 4582/4570/4582 4581/4569/4581
f 4622/4610/4622 4583/4571/4583 4582/4570/4582
f 4623/4611/4623 4584/4572/4584 4583/4571/4583
f 4624/4612/4624 4585/4573/4585 4584/4572/4584
f 4625/4613/4625 4586/4574/4586 4585/4573/4585
f 4626/4614/4626 4587/4575/4587 4586/4574/4586
f 4627/4615/4627 4588/4576/4588 4587/4575/4587
f 4628/4616/4628 4589/4578/4589 4588/4576/4588
f 4630/4617/4630 4589/4578/4589 4629/4618/4629
f 4631/4619/4631 4590/4577/4590 4630/4617/4630
f 4632/4620/4632 4591/4579/4591 4631/4619/4631
f 4632/4620/4632 4593/4581/4593 4592/4580/4592
f 4633/4621/4633 4594/4582/4594 4593/4581/4593
f 4634/4622/4634 4595/4584/4595 4594/4582/4594
f 4636/4623/4636 4595/4584/4595 4635/4624/4635
f 4636/4623/4636 4597/4585/4597 4596/4583/4596
f 4637/4625/4637 4598/4586/4598 4597/4585/4597
f 4638/4626/4638 4599/4588/4599 4598/4586/4598
f 4640/4627/4640 4599/4588/4599 4639/4628/4639
f 4641/4629/4641 4602/4590/4602 4601/4589/4601
f 4642/4630/4642 4603/4591/4603 4602/4590/4602
f 4643/4631/4643 4604/4592/4604 4603/4591/4603
f 4644/4632/4644 4605/4593/4605 4604/4592/4604
f 4646/4633/4646 4605/4593/4605 4645/4634/4645
f 4647/4635/4647 4606/4595/4606 4646/4633/4646
f 4648/4636/4648 4607/4594/4607 4647/4635/4647
f 4649/4637/4649 4608/4596/4608 4648/4636/4648
f 4650/4638/4650 4609/4597/4609 4649/4637/4649
f 4651/4639/4651 4610/4598/4610 4650/4638/4650
f 4652/4640/4652 4611/4599/4611 4651/4639/4651
f 4653/4641/4653 4612/4600/4612 4652/4640/4652
f 4654/4642/4654 4613/4601/4613 4653/4641/4653
f 4655/4643/4655 4614/4602/4614 4654/4642/4654
f 4656/4644/4656 4615/4603/4615 4655/4643/4655
f 4657/4645/4657 4616/4604/4616 4656/4644/4656
f 4657/4645/4657 4618/4606/4618 4617/4605/4617
f 4658/4646/4658 4619/4607/4619 4618/4606/4618
f 4659/4647/4659 4620/4608/4620 4619/4607/4619
f 4660/4648/4660 4621/4609/4621 4620/4608/4620
f 4661/4649/4661 4622/4610/4622 4621/4609/4621
f 4662/4650/4662 4623/4611/4623 4622/4610/4622
f 4663/4651/4663 4624/4612/4624 4623/4611/4623
f 4664/4652/4664 4625/4613/4625 4624/4612/4624
f 4665/4653/4665 4626/4614/4626 4625/4613/4625
f 4666/4654/4666 4627/4615/4627 4626/4614/4626
f 4667/4655/4667 4628/4616/4628 4627/4615/4627
f 4668/4656/4668 4629/4618/4629 4628/4616/4628
f 4669/4657/4669 4630/4617/4630 4629/4618/4629
f 4671/4658/4671 4630/4617/4630 4670/4659/4670
f 4672/4660/4672 4631/4619/4631 4671/4658/4671
f 4672/4660/4672 4633/4621/4633 4632/4620/4632
f 4673/4661/4673 4634/4622/4634 4633/4621/4633
f 4674/4662/4674 4635/4624/4635 4634/4622/4634
f 4676/4663/4676 4635/4624/4635 4675/4664/4675
f 4676/4663/4676 4637/4625/4637 4636/4623/4636
f 4677/4665/4677 4638/4626/4638 4637/4625/4637
f 4678/4666/4678 4639/4628/4639 4638/4626/4638
f 4680/4667/4680 4639/4628/4639 4679/4668/4679
f 4681/4669/4681 4642/4630/4642 4641/4629/4641
f 4682/4670/4682 4643/4631/4643 4642/4630/4642
f 4683/4671/4683 4644/4632/4644 4643/4631/4643
f 4684/4672/4684 4645/4634/4645 4644/4632/4644
f 4686/4673/4686 4645/4634/4645 4685/4674/4685
f 4687/4675/4687 4646/4633/4646 4686/4673/4686
f 4688/4676/4688 4647/4635/4647 4687/4675/4687
f 4689/4677/4689 4648/4636/4648 4688/4676/4688
f 4690/4678/4690 4649/4637/4649 4689/4677/4689
f 4691/4679/4691 4650/4638/4650 4690/4678/4690
f 4692/4680/4692 4651/4639/4651 4691/4679/4691
f 4693/4681/4693 4652/4640/4652 4692/4680/4692
f 4694/4682/4694 4653/4641/4653 4693/4681/4693
f 4695/4683/4695 4654/4642/4654 4694/4682/4694
f 4696/4684/4696 4655/4643/4655 4695/4683/4695
f 4697/4685/4697 4656/4644/4656 4696/4684/4696
f 4697/4685/4697 4658/4646/4658 4657/4645/4657
f 4698/4686/4698 4659/4647/4659 4658/4646/4658
f 4699/4687/4699 4660/4648/4660 4659/4647/4659
f 4700/4688/4700 4661/4649/4661 4660/4648/4660
f 4701/4689/4701 4662/4650/4662 4661/4649/4661
f 4702/4690/4702 4663/4651/4663 4662/4650/4662
f 4703/4691/4703 4664/4652/4664 4663/4651/4663
f 4704/4692/4704 4665/4653/4665 4664/4652/4664
f 4705/4693/4705 4666/4654/4666 4665/4653/4665
f 4706/4694/4706 4667/4655/4667 4666/4654/4666
f 4708/4695/4708 4667/4655/4667 4707/4696/4707
f 4708/4695/4708 4669/4657/4669 4668/4656/4668
f 4709/4697/4709 4670/4659/4670 4669/4657/4669
f 4711/4698/4711 4670/4659/4670 4710/4699/4710
f 4712/4700/4712 4671/4658/4671 4711/4698/4711
f 4712/4700/4712 4673/4661/4673 4672/4660/4672
f 4713/4701/4713 4674/4662/4674 4673/4661/4673
f 4715/4702/4715 4674/4662/4674 4714/4703/4714
f 4716/4704/4716 4675/4664/4675 4715/4702/4715
f 4717/4705/4717 4676/4663/4676 4716/4704/4716
f 4718/4706/4718 4677/4665/4677 4717/4705/4717
f 4719/4707/4719 4678/4666/4678 4718/4706/4718
f 4719/4707/4719 4680/4667/4680 4679/4668/4679
f 4721/4708/4721 4682/4670/4682 4681/4669/4681
f 4722/4709/4722 4683/4671/4683 4682/4670/4682
f 4723/4710/4723 4684/4672/4684 4683/4671/4683
f 4725/4711/4725 4684/4672/4684 4724/4712/4724
f 4726/4713/4726 4685/4674/4685 4725/4711/4725
f 4727/4714/4727 4686/4673/4686 4726/4713/4726
f 4728/4715/4728 4687/4675/4687 4727/4714/4727
f 4729/4716/4729 4688/4676/4688 4728/4715/4728
f 4730/4717/4730 4689/4677/4689 4729/4716/4729
f 4731/4718/4731 4690/4678/4690 4730/4717/4730
f 4732/4719/4732 4691/4679/4691 4731/4718/4731
f 4733/4720/4733 4692/4680/4692 4732/4719/4732
f 4734/4721/4734 4693/4681/4693 4733/4720/4733
f 4735/4722/4735 4694/4682/4694 4734/4721/4734
f 4736/4723/4736 4695/4683/4695 4735/4722/4735
f 4737/4724/4737 4696/4684/4696 4736/4723/4736
f 4737/4724/4737 4698/4686/4698 4697/4685/4697
f 4738/4725/4738 4699/4687/4699 4698/4686/4698
f 4739/4726/4739 4700/4688/4700 4699/4687/4699
f 4740/4727/4740 4701/4689/4701 4700/4688/4700
f 4741/4728/4741 4702/4690/4702 4701/4689/4701
f 4742/4729/4742 4703/4691/4703 4702/4690/4702
f 4743/4730/4743 4704/4692/4704 4703/4691/4703
f 4745/4731/4745 4704/4692/4704 4744/4732/4744
f 4746/4733/4746 4705/4693/4705 4745/4731/4745
f 4747/4734/4747 4706/4694/4706 4746/4733/4746
f 4747/4734/4747 4708/4695/4708 4707/4696/4707
f 4748/4735/4748 4709/4697/4709 4708/4695/4708
f 4749/4736/4749 4710/4699/4710 4709/4697/4709
f 4751/4737/4751 4710/4699/4710 4750/4738/4750
f 4752/4739/4752 4711/4698/4711 4751/4737/4751
f 4752/4739/4752 4713/4701/4713 4712/4700/4712
f 4753/4740/4753 4714/4703/4714 4713/4701/4713
f 4755/4741/4755 4714/4703/4714 4754/4742/4754
f 4755/4741/4755 4716/4704/4716 4715/4702/4715
f 4757/4743/4757 4716/4704/4716 4756/4744/4756
f 4758/4745/4758 4717/4705/4717 4757/4743/4757
f 4759/4746/4759 4718/4706/4718 4758/4745/4758
f 4759/4746/4759 4720/4747/4720 4719/4707/4719
f 4761/4748/4761 4722/4709/4722 4721/4708/4721
f 4762/4749/4762 4723/4710/4723 4722/4709/4722
f 4764/4750/4764 4723/4710/4723 4763/4751/4763
f 4765/4752/4765 4724/4712/4724 4764/4750/4764
f 4766/4753/4766 4725/4711/4725 4765/4752/4765
f 4767/4754/4767 4726/4713/4726 4766/4753/4766
f 4768/4755/4768 4727/4714/4727 4767/4754/4767
f 4769/4756/4769 4728/4715/4728 4768/4755/4768
f 4770/4757/4770 4729/4716/4729 4769/4756/4769
f 4771/4758/4771 4730/4717/4730 4770/4757/4770
f 4772/4759/4772 4731/4718/4731 4771/4758/4771
f 4773/4760/4773 4732/4719/4732 4772/4759/4772
f 4774/4761/4774 4733/4720/4733 4773/4760/4773
f 4775/4762/4775 4734/4721/4734 4774/4761/4774
f 4776/4763/4776 4735/4722/4735 4775/4762/4775
f 4777/4764/4777 4736/4723/4736 4776/4763/4776
f 4777/4764/4777 4738/4725/4738 4737/4724/4737
f 4778/4765/4778 4739/4726/4739 4738/4725/4738
f 4779/4766/4779 4740/4727/4740 4739/4726/4739
f 4780/4767/4780 4741/4728/4741 4740/4727/4740
f 4781/4768/4781 4742/4729/4742 4741/4728/4741
f 4782/4769/4782 4743/4730/4743 4742/4729/4742
f 4783/4770/4783 4744/4732/4744 4743/4730/4743
f 4785/4771/4785 4744/4732/4744 4784/4772/4784
f 4786/4773/4786 4745/4731/4745 4785/4771/4785
f 4786/4773/4786 4747/4734/4747 4746/4733/4746
f 4787/4774/4787 4748/4735/4748 4747/4734/4747
f 4788/4775/4788 4749/4736/4749 4748/4735/4748
f 4789/4776/4789 4750/4738/4750 4749/4736/4749
f 4790/4777/4790 4751/4737/4751 4750/4738/4750
f 4792/4778/4792 4751/4737/4751 4791/4779/4791
f 4793/4780/4793 4752/4739/4752 4792/4778/4792
f 4794/4781/4794 4753/4740/4753 4793/4780/4793
f 4795/4782/4795 4754/4742/4754 4794/4781/4794
f 4795/4782/4795 4756/4744/4756 4755/4741/4755
f 4796/4783/4796 4757/4743/4757 4756/4744/4756
f 4798/4784/4798 4757/4743/4757 4797/4785/4797
f 4799/4786/4799 4758/4745/4758 4798/4784/4798
f 4800/4787/4800 4759/4746/4759 4799/4786/4799
f 4801/4788/4801 4762/4749/4762 4761/4748/4761
f 4802/4789/4802 4763/4751/4763 4762/4749/4762
f 4804/4790/4804 4763/4751/4763 4803/4791/4803
f 4805/4792/4805 4764/4750/4764 4804/4790/4804
f 4806/4793/4806 4765/4752/4765 4805/4792/4805
f 4807/4794/4807 4766/4753/4766 4806/4793/4806
f 4808/4795/4808 4767/4754/4767 4807/4794/4807
f 4809/4796/4809 4768/4755/4768 4808/4795/4808
f 4810/4797/4810 4769/4756/4769 4809/4796/4809
f 4811/4798/4811 4770/4757/4770 4810/4797/4810
f 4812/4799/4812 4771/4758/4771 4811/4798/4811
f 4813/4800/4813 4772/4759/4772 4812/4799/4812
f 4814/4801/4814 4773/4760/4773 4813/4800/4813
f 4815/4802/4815 4774/4761/4774 4814/4801/4814
f 4816/4803/4816 4775/4762/4775 4815/4802/4815
f 4817/4804/4817 4776/4763/4776 4816/4803/4816
f 4818/4805/4818 4777/4764/4777 4817/4804/4817
f 4819/4806/4819 4778/4765/4778 4818/4805/4818
f 4820/4807/4820 4779/4766/4779 4819/4806/4819
f 4821/4808/4821 4780/4767/4780 4820/4807/4820
f 4821/4808/4821 4782/4769/4782 4781/4768/4781
f 4822/4809/4822 4783/4770/4783 4782/4769/4782
f 4823/4810/4823 4784/4772/4784 4783/4770/4783
f 4825/4811/4825 4784/4772/4784 4824/4812/4824
f 4826/4813/4826 4785/4771/4785 4825/4811/4825
f 4827/4814/4827 4786/4773/4786 4826/4813/4826
f 4827/4814/4827 4788/4775/4788 4787/4774/4787
f 4828/4815/4828 4789/4776/4789 4788/4775/4788
f 4829/4816/4829 4790/4777/4790 4789/4776/4789
f 4831/4817/4831 4790/4777/4790 4830/4818/4830
f 4832/4819/4832 4791/4779/4791 4831/4817/4831
f 4833/4820/4833 4792/4778/4792 4832/4819/4832
f 4834/4821/4834 4793/4780/4793 4833/4820/4833
f 4834/4821/4834 4795/4782/4795 4794/4781/4794
f 4835/4822/4835 4796/4783/4796 4795/4782/4795
f 4836/4823/4836 4797/4785/4797 4796/4783/4796
f 4838/4824/4838 4797/4785/4797 4837/4825/4837
f 4839/4826/4839 4798/4784/4798 4838/4824/4838
f 4840/4827/4840 4799/4786/4799 4839/4826/4839
f 4841/4828/4841 4802/4789/4802 4801/4788/4801
f 4842/4829/4842 4803/4791/4803 4802/4789/4802
f 4844/4830/4844 4803/4791/4803 4843/4831/4843
f 4845/4832/4845 4804/4790/4804 4844/4830/4844
f 4846/4833/4846 4805/4792/4805 4845/4832/4845
f 4847/4834/4847 4806/4793/4806 4846/4833/4846
f 4848/4835/4848 4807/4794/4807 4847/4834/4847
f 4849/4836/4849 4808/4795/4808 4848/4835/4848
f 4850/4837/4850 4809/4796/4809 4849/4836/4849
f 4851/4838/4851 4810/4797/4810 4850/4837/4850
f 4852/4839/4852 4811/4798/4811 4851/4838/4851
f 4853/4840/4853 4812/4799/4812 4852/4839/4852
f 4854/4841/4854 4813/4800/4813 4853/4840/4853
f 4855/4842/4855 4814/4801/4814 4854/4841/4854
f 4856/4843/4856 4815/4802/4815 4855/4842/4855
f 4857/4844/4857 4816/4803/4816 4856/4843/4856
f 4858/4845/4858 4817/4804/4817 4857/4844/4857
f 4859/4846/4859 4818/4805/4818 4858/4845/4858
f 4860/4847/4860 4819/4806/4819 4859/4846/4859
f 4861/4848/4861 4820/4807/4820 4860/4847/4860
f 4862/4849/4862 4821/4808/4821 4861/4848/4861
f 4863/4850/4863 4822/4809/4822 4862/4849/4862
f 4863/4850/4863 4824/4812/4824 4823/4810/4823
f 4865/4851/4865 4824/4812/4824 4864/4852/4864
f 4866/4853/4866 4825/4811/4825 4865/4851/4865
f 4867/4854/4867 4826/4813/4826 4866/4853/4866
f 4867/4854/4867 4828/4815/4828 4827/4814/4827
f 4868/4855/4868 4829/4816/4829 4828/4815/4828
f 4869/4856/4869 4830/4818/4830 4829/4816/4829
f 4871/4857/4871 4830/4818/4830 4870/4858/4870
f 4872/4859/4872 4831/4817/4831 4871/4857/4871
f 4873/4860/4873 4832/4819/4832 4872/4859/4872
f 4873/4860/4873 4834/4821/4834 4833/4820/4833
f 4874/4861/4874 4835/4822/4835 4834/4821/4834
f 4875/4862/4875 4836/4823/4836 4835/4822/4835
f 4876/4863/4876 4837/4825/4837 4836/4823/4836
f 4877/4864/4877 4838/4824/4838 4837/4825/4837
f 4879/4865/4879 4838/4824/4838 4878/4866/4878
f 4880/4867/4880 4839/4826/4839 4879/4865/4879
f 4881/4868/4881 4842/4829/4842 4841/4828/4841
f 4882/4869/4882 4843/4831/4843 4842/4829/4842
f 4884/4870/4884 4843/4831/4843 4883/4871/4883
f 4885/4872/4885 4844/4830/4844 4884/4870/4884
f 4886/4873/4886 4845/4832/4845 4885/4872/4885
f 4887/4874/4887 4846/4833/4846 4886/4873/4886
f 4888/4875/4888 4847/4834/4847 4887/4874/4887
f 4889/4876/4889 4848/4835/4848 4888/4875/4888
f 4890/4877/4890 4849/4836/4849 4889/4876/4889
f 4891/4878/4891 4850/4837/4850 4890/4877/4890
f 4892/4879/4892 4851/4838/4851 4891/4878/4891
f 4893/4880/4893 4852/4839/4852 4892/4879/4892
f 4894/4881/4894 4853/4840/4853 4893/4880/4893
f 4895/4882/4895 4854/4841/4854 4894/4881/4894
f 4896/4883/4896 4855/4842/4855 4895/4882/4895
f 4897/4884/4897 4856/4843/4856 4896/4883/4896
f 4898/4885/4898 4857/4844/4857 4897/4884/4897
f 4899/4886/4899 4858/4845/4858 4898/4885/4898
f 4900/4887/4900 4859/4846/4859 4899/4886/4899
f 4901/4888/4901 4860/4847/4860 4900/4887/4900
f 4902/4889/4902 4861/4848/4861 4901/4888/4901
f 4903/4890/4903 4862/4849/4862 4902/4889/4902
f 4903/4890/4903 4864/4852/4864 4863/4850/4863
f 4905/4891/4905 4864/4852/4864 4904/4892/4904
f 4906/4893/4906 4865/4851/4865 4905/4891/4905
f 4907/4894/4907 4866/4853/4866 4906/4893/4906
f 4907/4894/4907 4868/4855/4868 4867/4854/4867
f 4908/4895/4908 4869/4856/4869 4868/4855/4868
f 4910/4896/4910 4869/4856/4869 4909/4897/4909
f 4911/4898/4911 4870/4858/4870 4910/4896/4910
f 4911/4898/4911 4872/4859/4872 4871/4857/4871
f 4912/4899/4912 4873/4860/4873 4872/4859/4872
f 4913/4900/4913 4874/4861/4874 4873/4860/4873
f 4914/4901/4914 4875/4862/4875 4874/4861/4874
f 4915/4902/4915 4876/4863/4876 4875/4862/4875
f 4916/4903/4916 4877/4864/4877 4876/4863/4876
f 4917/4904/4917 4878/4866/4878 4877/4864/4877
f 4919/4905/4919 4878/4866/4878 4918/4906/4918
f 4920/4907/4920 4879/4865/4879 4919/4905/4919
f 4921/4908/4921 4882/4869/4882 4881/4868/4881
f 4922/4909/4922 4883/4871/4883 4882/4869/4882
f 4923/4910/4923 4884/4870/4884 4883/4871/4883
f 4925/4911/4925 4884/4870/4884 4924/4912/4924
f 4926/4913/4926 4885/4872/4885 4925/4911/4925
f 4927/4914/4927 4886/4873/4886 4926/4913/4926
f 4928/4915/4928 4887/4874/4887 4927/4914/4927
f 4929/4916/4929 4888/4875/4888 4928/4915/4928
f 4930/4917/4930 4889/4876/4889 4929/4916/4929
f 4931/4918/4931 4890/4877/4890 4930/4917/4930
f 4932/4919/4932 4891/4878/4891 4931/4918/4931
f 4933/4920/4933 4892/4879/4892 4932/4919/4932
f 4934/4921/4934 4893/4880/4893 4933/4920/4933
f 4935/4922/4935 4894/4881/4894 4934/4921/4934
f 4936/4923/4936 4895/4882/4895 4935/4922/4935
f 4937/4924/4937 4896/4883/4896 4936/4923/4936
f 4938/4925/4938 4897/4884/4897 4937/4924/4937
f 4939/4926/4939 4898/4885/4898 4938/4925/4938
f 4940/4927/4940 4899/4886/4899 4939/4926/4939
f 4941/4928/4941 4900/4887/4900 4940/4927/4940
f 4942/4929/4942 4901/4888/4901 4941/4928/4941
f 4943/4930/4943 4902/4889/4902 4942/4929/4942
f 4944/4931/4944 4903/4890/4903 4943/4930/4943
f 4944/4931/4944 4905/4891/4905 4904/4892/4904
f 4946/4932/4946 4905/4891/4905 4945/4933/4945
f 4947/4934/4947 4906/4893/4906 4946/4932/4946
f 4948/4935/4948 4907/4894/4907 4947/4934/4947
f 4949/4936/4949 4908/4895/4908 4948/4935/4948
f 4950/4937/4950 4909/4897/4909 4949/4936/4949
f 4951/4938/4951 4910/4896/4910 4950/4937/4950
f 4951/4938/4951 4912/4899/4912 4911/4898/4911
f 4952/4939/4952 4913/4900/4913 4912/4899/4912
f 4953/4940/4953 4914/4901/4914 4913/4900/4913
f 4954/4941/4954 4915/4902/4915 4914/4901/4914
f 4955/4942/4955 4916/4903/4916 4915/4902/4915
f 4956/4943/4956 4917/4904/4917 4916/4903/4916
f 4957/4944/4957 4918/4906/4918 4917/4904/4917
f 4959/4945/4959 4918/4906/4918 4958/4946/4958
f 4960/4947/4960 4919/4905/4919 4959/4945/4959
f 4961/4948/4961 4922/4909/4922 4921/4908/4921
f 4962/4949/4962 4923/4910/4923 4922/4909/4922
f 4963/4950/4963 4924/4912/4924 4923/4910/4923
f 4965/4951/4965 4924/4912/4924 4964/4952/4964
f 4966/4953/4966 4925/4911/4925 4965/4951/4965
f 4967/4954/4967 4926/4913/4926 4966/4953/4966
f 4968/4955/4968 4927/4914/4927 4967/4954/4967
f 4969/4956/4969 4928/4915/4928 4968/4955/4968
f 4970/4957/4970 4929/4916/4929 4969/4956/4969
f 4971/4958/4971 4930/4917/4930 4970/4957/4970
f 4972/4959/4972 4931/4918/4931 4971/4958/4971
f 4973/4960/4973 4932/4919/4932 4972/4959/4972
f 4974/4961/4974 4933/4920/4933 4973/4960/4973
f 4975/4962/4975 4934/4921/4934 4974/4961/4974
f 4975/4962/4975 4936/4923/4936 4935/4922/4935
f 4977/4963/4977 4936/4923/4936 4976/4964/4976
f 4978/4965/4978 4937/4924/4937 4977/4963/4977
f 4979/4966/4979 4938/4925/4938 4978/4965/4978
f 4980/4967/4980 4939/4926/4939 4979/4966/4979
f 4981/4968/4981 4940/4927/4940 4980/4967/4980
f 4982/4969/4982 4941/4928/4941 4981/4968/4981
f 4983/4970/4983 4942/4929/4942 4982/4969/4982
f 4984/4971/4984 4943/4930/4943 4983/4970/4983
f 4985/4972/4985 4944/4931/4944 4984/4971/4984
f 4986/4973/4986 4945/4933/4945 4985/4972/4985
f 4987/4974/4987 4946/4932/4946 4986/4973/4986
f 4988/4975/4988 4947/4934/4947 4987/4974/4987
f 4989/4976/4989 4948/4935/4948 4988/4975/4988
f 4990/4977/4990 4949/4936/4949 4989/4976/4989
f 4990/4977/4990 4951/4938/4951 4950/4937/4950
f 4991/4978/4991 4952/4939/4952 4951/4938/4951
f 4992/4979/4992 4953/4940/4953 4952/4939/4952
f 4993/4980/4993 4954/4941/4954 4953/4940/4953
f 4994/4981/4994 4955/4942/4955 4954/4941/4954
f 4995/4982/4995 4956/4943/4956 4955/4942/4955
f 4996/4983/4996 4957/4944/4957 4956/4943/4956
f 4997/4984/4997 4958/4946/4958 4957/4944/4957
f 4999/4985/4999 4958/4946/4958 4998/4986/4998
f 5000/4987/5000 4959/4945/4959 4999/4985/4999
f 5001/4988/5001 4962/4949/4962 4961/4948/4961
f 5002/4989/5002 4963/4950/4963 4962/4949/4962
f 5004/4990/5004 4963/4950/4963 5003/4991/5003
f 5005/4992/5005 4964/4952/4964 5004/4990/5004
f 5006/4993/5006 4965/4951/4965 5005/4992/5005
f 5007/4994/5007 4966/4953/4966 5006/4993/5006
f 5008/4995/5008 4967/4954/4967 5007/4994/5007
f 5009/4996/5009 4968/4955/4968 5008/4995/5008
f 5010/4997/5010 4969/4956/4969 5009/4996/5009
f 5011/4998/5011 4970/4957/4970 5010/4997/5010
f 5012/4999/5012 4971/4958/4971 5011/4998/5011
f 5013/5000/5013 4972/4959/4972 5012/4999/5012
f 5014/5001/5014 4973/4960/4973 5013/5000/5013
f 5015/5002/5015 4974/4961/4974 5014/5001/5014
f 5015/5002/5015 4976/4964/4976 4975/4962/4975
f 5017/5003/5017 4976/4964/4976 5016/5004/5016
f 5018/5005/5018 4977/4963/4977 5017/5003/5017
f 5019/5006/5019 4978/4965/4978 5018/5005/5018
f 5020/5007/5020 4979/4966/4979 5019/5006/5019
f 5021/5008/5021 4980/4967/4980 5020/5007/5020
f 5022/5009/5022 4981/4968/4981 5021/5008/5021
f 5023/5010/5023 4982/4969/4982 5022/5009/5022
f 5024/5011/5024 4983/4970/4983 5023/5010/5023
f 5025/5012/5025 4984/4971/4984 5024/5011/5024
f 5026/5013/5026 4985/4972/4985 5025/5012/5025
f 5027/5014/5027 4986/4973/4986 5026/5013/5026
f 5028/5015/5028 4987/4974/4987 5027/5014/5027
f 5029/5016/5029 4988/4975/4988 5028/5015/5028
f 5030/5017/5030 4989/4976/4989 5029/5016/5029
f 5030/5017/5030 4991/4978/4991 4990/4977/4990
f 5031/5018/5031 4992/4979/4992 4991/4978/4991
f 5032/5019/5032 4993/4980/4993 4992/4979/4992
f 5033/5020/5033 4994/4981/4994 4993/4980/4993
f 5035/5021/5035 4994/4981/4994 5034/5022/5034
f 5036/5023/5036 4995/4982/4995 5035/5021/5035
f 5037/5024/5037 4996/4983/4996 5036/5023/5036
f 5037/5024/5037 4998/4986/4998 4997/4984/4997
f 5038/5025/5038 4999/4985/4999 4998/4986/4998
f 5040/5026/5040 4999/4985/4999 5039/5027/5039
f 5041/5028/5041 5002/4989/5002 5001/4988/5001
f 5042/5029/5042 5003/4991/5003 5002/4989/5002
f 5043/5030/5043 5004/4990/5004 5003/4991/5003
f 5045/5031/5045 5004/4990/5004 5044/5032/5044
f 5046/5033/5046 5005/4992/5005 5045/5031/5045
f 5047/5034/5047 5006/4993/5006 5046/5033/5046
f 5048/5035/5048 5007/4994/5007 5047/5034/5047
f 5049/5036/5049 5008/4995/5008 5048/5035/5048
f 5050/5037/5050 5009/4996/5009 5049/5036/5049
f 5051/5038/5051 5010/4997/5010 5050/5037/5050
f 5052/5039/5052 5011/4998/5011 5051/5038/5051
f 5053/5040/5053 5012/4999/5012 5052/5039/5052
f 5053/5040/5053 5014/5001/5014 5013/5000/5013
f 5055/5041/5055 5014/5001/5014 5054/5042/5054
f 5055/5041/5055 5016/5004/5016 5015/5002/5015
f 5056/5043/5056 5017/5003/5017 5016/5004/5016
f 5058/5044/5058 5017/5003/5017 5057/5045/5057
f 5059/5046/5059 5018/5005/5018 5058/5044/5058
f 5060/5047/5060 5019/5006/5019 5059/5046/5059
f 5061/5048/5061 5020/5007/5020 5060/5047/5060
f 5062/5049/5062 5021/5008/5021 5061/5048/5061
f 5063/5050/5063 5022/5009/5022 5062/5049/5062
f 5064/5051/5064 5023/5010/5023 5063/5050/5063
f 5065/5052/5065 5024/5011/5024 5064/5051/5064
f 5066/5053/5066 5025/5012/5025 5065/5052/5065
f 5067/5054/5067 5026/5013/5026 5066/5053/5066
f 5068/5055/5068 5027/5014/5027 5067/5054/5067
f 5069/5056/5069 5028/5015/5028 5068/5055/5068
f 5069/5056/5069 5030/5017/5030 5029/5016/5029
f 5070/5057/5070 5031/5018/5031 5030/5017/5030
f 5071/5058/5071 5032/5019/5032 5031/5018/5031
f 5072/5059/5072 5033/5020/5033 5032/5019/5032
f 5074/5060/5074 5033/5020/5033 5073/5061/5073
f 5075/5062/5075 5034/5022/5034 5074/5060/5074
f 5076/5063/5076 5035/5021/5035 5075/5062/5075
f 5077/5064/5077 5036/5023/5036 5076/5063/5076
f 5078/5065/5078 5037/5024/5037 5077/5064/5077
f 5078/5065/5078 5039/5027/5039 5038/5025/5038
f 5080/5066/5080 5039/5027/5039 5079/5067/5079
f 5081/5068/5081 5042/5029/5042 5041/5028/5041
f 5082/5069/5082 5043/5030/5043 5042/5029/5042
f 5083/5070/5083 5044/5032/5044 5043/5030/5043
f 5085/5071/5085 5044/5032/5044 5084/5072/5084
f 5086/5073/5086 5045/5031/5045 5085/5071/5085
f 5087/5074/5087 5046/5033/5046 5086/5073/5086
f 5088/5075/5088 5047/5034/5047 5087/5074/5087
f 5089/5076/5089 5048/5035/5048 5088/5075/5088
f 5090/5077/5090 5049/5036/5049 5089/5076/5089
f 5091/5078/5091 5050/5037/5050 5090/5077/5090
f 5092/5079/5092 5051/5038/5051 5091/5078/5091
f 5093/5080/5093 5052/5039/5052 5092/5079/5092
f 5093/5080/5093 5054/5042/5054 5053/5040/5053
f 5094/5081/5094 5055/5041/5055 5054/5042/5054
f 5095/5082/5095 5056/5043/5056 5055/5041/5055
f 5097/5083/5056 5056/5043/5056 5096/5084/5096
f 5098/5085/5097 5057/5045/5057 5097/5083/5056
f 5099/5086/5098 5058/5044/5058 5098/5085/5097
f 5100/5087/5099 5059/5046/5059 5099/5086/5098
f 5101/5088/5100 5060/5047/5060 5100/5087/5099
f 5102/5089/5101 5061/5048/5061 5101/5088/5100
f 5103/5090/5102 5062/5049/5062 5102/5089/5101
f 5104/5091/5103 5063/5050/5063 5103/5090/5102
f 5105/5092/5104 5064/5051/5064 5104/5091/5103
f 5106/5093/5105 5065/5052/5065 5105/5092/5104
f 5107/5094/5106 5066/5053/5066 5106/5093/5105
f 5107/5094/5106 5068/5055/5068 5067/5054/5067
f 5109/5095/5108 5068/5055/5068 5108/5096/5107
f 5110/5097/5109 5069/5056/5069 5109/5095/5108
f 5110/5097/5109 5071/5058/5071 5070/5057/5070
f 5111/5098/5110 5072/5059/5072 5071/5058/5071
f 5113/5099/5112 5072/5059/5072 5112/5100/5111
f 5114/5101/5113 5073/5061/5073 5113/5099/5112
f 5115/5102/5114 5074/5060/5074 5114/5101/5113
f 5116/5103/5115 5075/5062/5075 5115/5102/5114
f 5117/5104/5116 5076/5063/5076 5116/5103/5115
f 5118/5105/5117 5077/5064/5077 5117/5104/5116
f 5119/5106/5118 5078/5065/5078 5118/5105/5117
f 5119/5106/5118 5080/5066/5080 5079/5067/5079
f 41/1/41 42/4/42 2/2/2
f 42/4/42 43/6/43 3/5/3
f 43/6/43 44/8/44 4/7/4
f 44/8/44 45/10/45 5/9/5
f 45/10/45 46/13/46 6/11/6
f 47/12/47 7/15/7 6/11/6
f 47/12/47 48/16/48 8/14/8
f 48/16/48 49/18/49 9/17/9
f 49/18/49 50/20/50 10/19/10
f 50/20/50 51/23/51 11/21/11
f 52/22/52 12/25/12 11/21/11
f 53/24/53 13/27/13 12/25/12
f 54/26/54 14/29/14 13/27/13
f 55/28/55 15/31/15 14/29/14
f 56/30/56 16/33/16 15/31/15
f 57/32/57 17/35/17 16/33/16
f 58/34/58 18/37/18 17/35/17
f 59/36/59 19/39/19 18/37/18
f 60/38/60 20/41/20 19/39/19
f 61/40/61 21/43/21 20/41/20
f 62/42/62 22/45/22 21/43/21
f 63/44/63 23/47/23 22/45/22
f 64/46/64 24/49/24 23/47/23
f 65/48/65 25/51/25 24/49/24
f 66/50/66 26/53/26 25/51/25
f 67/52/67 27/55/27 26/53/26
f 68/54/68 28/57/28 27/55/27
f 69/56/69 29/59/29 28/57/28
f 70/58/70 30/61/30 29/59/29
f 71/60/71 31/63/31 30/61/30
f 72/62/72 32/65/32 31/63/31
f 73/64/73 33/67/33 32/65/32
f 74/66/74 34/69/34 33/67/33
f 75/68/75 35/71/35 34/69/34
f 75/68/75 76/72/76 36/70/36
f 76/72/76 77/74/77 37/73/37
f 77/74/77 78/77/78 38/75/38
f 79/76/79 39/79/39 38/75/38
f 80/78/80 40/5107/40 39/79/39
f 82/80/82 42/4/42 41/1/41
f 83/82/83 43/6/43 42/4/42
f 83/82/83 84/83/84 44/8/44
f 84/83/84 85/84/85 45/10/45
f 85/84/85 86/85/86 46/13/46
f 86/85/86 87/86/87 47/12/47
f 87/86/87 88/87/88 48/16/48
f 88/87/88 89/88/89 49/18/49
f 89/88/89 90/89/90 50/20/50
f 90/89/90 91/91/91 51/23/51
f 92/90/92 52/22/52 51/23/51
f 93/92/93 53/24/53 52/22/52
f 94/93/94 54/26/54 53/24/53
f 95/94/95 55/28/55 54/26/54
f 96/95/96 56/30/56 55/28/55
f 97/96/97 57/32/57 56/30/56
f 98/97/98 58/34/58 57/32/57
f 98/97/98 99/98/99 59/36/59
f 99/98/99 100/100/100 60/38/60
f 101/99/101 61/40/61 60/38/60
f 102/101/102 62/42/62 61/40/61
f 103/102/103 63/44/63 62/42/62
f 104/103/104 64/46/64 63/44/63
f 105/104/105 65/48/65 64/46/64
f 106/105/106 66/50/66 65/48/65
f 107/106/107 67/52/67 66/50/66
f 108/107/108 68/54/68 67/52/67
f 109/108/109 69/56/69 68/54/68
f 110/109/110 70/58/70 69/56/69
f 111/110/111 71/60/71 70/58/70
f 112/111/112 72/62/72 71/60/71
f 113/112/113 73/64/73 72/62/72
f 114/113/114 74/66/74 73/64/73
f 115/114/115 75/68/75 74/66/74
f 115/114/115 116/115/116 76/72/76
f 116/115/116 117/117/117 77/74/77
f 118/116/118 78/77/78 77/74/77
f 119/118/119 79/76/79 78/77/78
f 120/119/120 80/78/80 79/76/79
f 122/120/122 82/80/82 81/81/81
f 123/122/123 83/82/83 82/80/82
f 123/122/123 124/123/124 84/83/84
f 124/123/124 125/124/125 85/84/85
f 125/124/125 126/125/126 86/85/86
f 126/125/126 127/127/127 87/86/87
f 128/126/128 88/87/88 87/86/87
f 129/128/129 89/88/89 88/87/88
f 130/129/130 90/89/90 89/88/89
f 130/129/130 131/131/131 91/91/91
f 132/130/132 92/90/92 91/91/91
f 133/132/133 93/92/93 92/90/92
f 133/132/133 134/134/134 94/93/94
f 135/133/135 95/94/95 94/93/94
f 136/135/136 96/95/96 95/94/95
f 136/135/136 137/136/137 97/96/97
f 137/136/137 138/137/138 98/97/98
f 138/137/138 139/138/139 99/98/99
f 139/138/139 140/140/140 100/100/100
f 141/139/141 101/99/101 100/100/100
f 141/139/141 142/142/142 102/101/102
f 143/141/143 103/102/103 102/101/102
f 144/143/144 104/103/104 103/102/103
f 145/144/145 105/104/105 104/103/104
f 145/144/145 146/146/146 106/105/106
f 147/145/147 107/106/107 106/105/106
f 147/145/147 148/148/148 108/107/108
f 149/147/149 109/108/109 108/107/108
f 150/149/150 110/109/110 109/108/109
f 151/150/151 111/110/111 110/109/110
f 152/151/152 112/111/112 111/110/111
f 153/152/153 113/112/113 112/111/112
f 154/153/154 114/113/114 113/112/113
f 155/154/155 115/114/115 114/113/114
f 156/155/156 116/115/116 115/114/115
f 157/156/157 117/117/117 116/115/116
f 157/156/157 158/157/158 118/116/118
f 158/157/158 159/159/159 119/118/119
f 160/158/160 120/119/120 119/118/119
f 162/160/162 122/120/122 121/121/121
f 163/162/163 123/122/123 122/120/122
f 163/162/163 164/163/164 124/123/124
f 164/163/164 165/165/165 125/124/125
f 166/164/166 126/125/126 125/124/125
f 167/166/167 127/127/127 126/125/126
f 168/167/168 128/126/128 127/127/127
f 169/168/169 129/128/129 128/126/128
f 170/169/170 130/129/130 129/128/129
f 170/169/170 171/170/171 131/131/131
f 171/170/171 172/171/172 132/130/132
f 172/171/172 173/172/173 133/132/133
f 173/172/173 174/174/174 134/134/134
f 175/173/175 135/133/135 134/134/134
f 176/175/176 136/135/136 135/133/135
f 176/175/176 177/176/177 137/136/137
f 177/176/177 178/177/178 138/137/138
f 178/177/178 179/178/179 139/138/139
f 179/178/179 180/179/180 140/140/140
f 180/179/180 181/180/181 141/139/141
f 181/180/181 182/182/182 142/142/142
f 183/181/183 143/141/143 142/142/142
f 184/183/184 144/143/144 143/141/143
f 185/184/185 145/144/145 144/143/144
f 185/184/185 186/186/186 146/146/146
f 187/185/187 147/145/147 146/146/146
f 187/185/187 188/188/188 148/148/148
f 189/187/189 149/147/149 148/148/148
f 189/187/189 190/190/190 150/149/150
f 191/189/191 151/150/151 150/149/150
f 191/189/191 192/191/192 152/151/152
f 192/191/192 193/193/193 153/152/153
f 194/192/194 154/153/154 153/152/153
f 195/194/195 155/154/155 154/153/154
f 196/195/196 156/155/156 155/154/155
f 197/196/197 157/156/157 156/155/156
f 197/196/197 198/197/198 158/157/158
f 198/197/198 199/199/199 159/159/159
f 200/198/200 160/158/160 159/159/159
f 202/200/202 162/160/162 161/161/161
f 203/202/203 163/162/163 162/160/162
f 203/202/203 204/203/204 164/163/164
f 204/203/204 205/205/205 165/165/165
f 206/204/206 166/164/166 165/165/165
f 207/206/207 167/166/167 166/164/166
f 208/207/208 168/167/168 167/166/167
f 209/208/209 169/168/169 168/167/168
f 210/209/210 170/169/170 169/168/169
f 210/209/210 211/210/211 171/170/171
f 211/210/211 212/211/212 172/171/172
f 212/211/212 213/212/213 173/172/173
f 213/212/213 214/214/214 174/174/174
f 215/213/215 175/173/175 174/174/174
f 216/215/216 176/175/176 175/173/175
f 216/215/216 217/216/217 177/176/177
f 217/216/217 218/217/218 178/177/178
f 218/217/218 219/218/219 179/178/179
f 219/218/219 220/219/220 180/179/180
f 220/219/220 221/220/221 181/180/181
f 221/220/221 222/222/222 182/182/182
f 223/221/223 183/181/183 182/182/182
f 224/223/224 184/183/184 183/181/183
f 225/224/225 185/184/185 184/183/184
f 225/224/225 226/226/226 186/186/186
f 227/225/227 187/185/187 186/186/186
f 228/227/228 188/188/188 187/185/187
f 229/228/229 189/187/189 188/188/188
f 230/229/230 190/190/190 189/187/189
f 230/229/230 231/230/231 191/189/191
f 231/230/231 232/232/232 192/191/192
f 233/231/233 193/193/193 192/191/192
f 234/233/234 194/192/194 193/193/193
f 235/234/235 195/194/195 194/192/194
f 236/235/236 196/195/196 195/194/195
f 237/236/237 197/196/197 196/195/196
f 237/236/237 238/237/238 198/197/198
f 238/237/238 239/239/239 199/199/199
f 240/238/240 200/198/200 199/199/199
f 241/240/241 242/241/242 202/200/202
f 242/241/242 243/243/243 203/202/203
f 244/242/244 204/203/204 203/202/203
f 244/242/244 245/245/245 205/205/205
f 246/244/246 206/204/206 205/205/205
f 247/246/247 207/206/207 206/204/206
f 248/247/248 208/207/208 207/206/207
f 249/248/249 209/208/209 208/207/208
f 250/249/250 210/209/210 209/208/209
f 250/249/250 251/250/251 211/210/211
f 251/250/251 252/251/252 212/211/212
f 252/251/252 253/252/253 213/212/213
f 253/252/253 254/253/254 214/214/214
f 254/253/254 255/255/255 215/213/215
f 256/254/256 216/215/216 215/213/215
f 256/254/256 257/256/257 217/216/217
f 257/256/257 258/257/258 218/217/218
f 258/257/258 259/258/259 219/218/219
f 259/258/259 260/259/260 220/219/220
f 260/259/260 261/261/261 221/220/221
f 262/260/262 222/222/222 221/220/221
f 263/262/263 223/221/223 222/222/222
f 264/263/264 224/223/224 223/221/223
f 265/264/265 225/224/225 224/223/224
f 266/265/266 226/226/226 225/224/225
f 267/266/267 227/225/227 226/226/226
f 267/266/267 268/268/268 228/227/228
f 269/267/269 229/228/229 228/227/228
f 270/269/270 230/229/230 229/228/229
f 271/270/271 231/230/231 230/229/230
f 272/271/272 232/232/232 231/230/231
f 273/272/273 233/231/233 232/232/232
f 274/273/274 234/233/234 233/231/233
f 275/274/275 235/234/235 234/233/234
f 276/275/276 236/235/236 235/234/235
f 277/276/277 237/236/237 236/235/236
f 278/277/278 238/237/238 237/236/237
f 279/278/279 239/239/239 238/237/238
f 279/278/279 280/318/280 240/238/240
f 281/279/281 282/280/282 242/241/242
f 282/280/282 283/282/283 243/243/243
f 284/281/284 244/242/244 243/243/243
f 285/283/285 245/245/245 244/242/244
f 286/284/286 246/244/246 245/245/245
f 287/285/287 247/246/247 246/244/246
f 288/286/288 248/247/248 247/246/247
f 289/287/289 249/248/249 248/247/248
f 290/288/290 250/249/250 249/248/249
f 290/288/290 291/289/291 251/250/251
f 291/289/291 292/290/292 252/251/252
f 292/290/292 293/291/293 253/252/253
f 293/291/293 294/292/294 254/253/254
f 294/292/294 295/293/295 255/255/255
f 295/293/295 296/294/296 256/254/256
f 296/294/296 297/295/297 257/256/257
f 297/295/297 298/296/298 258/257/258
f 298/296/298 299/297/299 259/258/259
f 299/297/299 300/298/300 260/259/260
f 300/298/300 301/300/301 261/261/261
f 302/299/302 262/260/262 261/261/261
f 303/301/303 263/262/263 262/260/262
f 304/302/304 264/263/264 263/262/263
f 305/303/305 265/264/265 264/263/264
f 306/304/306 266/265/266 265/264/265
f 307/305/307 267/266/267 266/265/266
f 308/306/308 268/268/268 267/266/267
f 308/306/308 309/308/309 269/267/269
f 310/307/310 270/269/270 269/267/269
f 311/309/311 271/270/271 270/269/270
f 312/310/312 272/271/272 271/270/271
f 313/311/313 273/272/273 272/271/272
f 314/312/314 274/273/274 273/272/273
f 314/312/314 315/313/315 275/274/275
f 315/313/315 316/315/316 276/275/276
f 317/314/317 277/276/277 276/275/276
f 318/316/318 278/277/278 277/276/277
f 319/317/319 279/278/279 278/277/278
f 319/317/319 320/358/320 280/318/280
f 321/319/321 322/320/322 282/280/282
f 322/320/322 323/322/323 283/282/283
f 324/321/324 284/281/284 283/282/283
f 325/323/325 285/283/285 284/281/284
f 326/324/326 286/284/286 285/283/285
f 327/325/327 287/285/287 286/284/286
f 328/326/328 288/286/288 287/285/287
f 329/327/329 289/287/289 288/286/288
f 330/328/330 290/288/290 289/287/289
f 330/328/330 331/329/331 291/289/291
f 331/329/331 332/330/332 292/290/292
f 332/330/332 333/331/333 293/291/293
f 333/331/333 334/332/334 294/292/294
f 334/332/334 335/333/335 295/293/295
f 335/333/335 336/334/336 296/294/296
f 336/334/336 337/335/337 297/295/297
f 337/335/337 338/336/338 298/296/298
f 338/336/338 339/337/339 299/297/299
f 339/337/339 340/338/340 300/298/300
f 340/338/340 341/340/341 301/300/301
f 342/339/342 302/299/302 301/300/301
f 343/341/343 303/301/303 302/299/302
f 344/342/344 304/302/304 303/301/303
f 345/343/345 305/303/305 304/302/304
f 346/344/346 306/304/306 305/303/305
f 347/345/347 307/305/307 306/304/306
f 347/345/347 348/347/348 308/306/308
f 349/346/349 309/308/309 308/306/308
f 349/346/349 350/349/350 310/307/310
f 351/348/351 311/309/311 310/307/310
f 352/350/352 312/310/312 311/309/311
f 352/350/352 353/351/353 313/311/313
f 353/351/353 354/352/354 314/312/314
f 354/352/354 355/353/355 315/313/315
f 355/353/355 356/354/356 316/315/316
f 356/354/356 357/355/357 317/314/317
f 357/355/357 358/357/358 318/316/318
f 359/356/359 319/317/319 318/316/318
f 359/356/359 360/398/360 320/358/320
f 361/359/361 362/360/362 322/320/322
f 362/360/362 363/362/363 323/322/323
f 364/361/364 324/321/324 323/322/323
f 365/363/365 325/323/325 324/321/324
f 366/364/366 326/324/326 325/323/325
f 367/365/367 327/325/327 326/324/326
f 368/366/368 328/326/328 327/325/327
f 369/367/369 329/327/329 328/326/328
f 370/368/370 330/328/330 329/327/329
f 370/368/370 371/369/371 331/329/331
f 371/369/371 372/370/372 332/330/332
f 372/370/372 373/371/373 333/331/333
f 373/371/373 374/372/374 334/332/334
f 374/372/374 375/373/375 335/333/335
f 375/373/375 376/375/376 336/334/336
f 377/374/377 337/335/337 336/334/336
f 377/374/377 378/376/378 338/336/338
f 378/376/378 379/378/379 339/337/339
f 380/377/380 340/338/340 339/337/339
f 381/379/381 341/340/341 340/338/340
f 382/380/382 342/339/342 341/340/341
f 383/381/383 343/341/343 342/339/342
f 384/382/384 344/342/344 343/341/343
f 385/383/385 345/343/345 344/342/344
f 386/384/386 346/344/346 345/343/345
f 386/384/386 387/386/387 347/345/347
f 388/385/388 348/347/348 347/345/347
f 389/387/389 349/346/349 348/347/348
f 390/388/390 350/349/350 349/346/349
f 390/388/390 391/389/391 351/348/351
f 391/389/391 392/390/392 352/350/352
f 392/390/392 393/391/393 353/351/353
f 393/391/393 394/392/394 354/352/354
f 394/392/394 395/393/395 355/353/355
f 395/393/395 396/395/396 356/354/356
f 397/394/397 357/355/357 356/354/356
f 397/394/397 398/397/398 358/357/358
f 399/396/399 359/356/359 358/357/358
f 399/396/399 400/5108/400 360/398/360
f 401/399/401 402/400/402 362/360/362
f 402/400/402 403/402/403 363/362/363
f 404/401/404 364/361/364 363/362/363
f 405/403/405 365/363/365 364/361/364
f 406/404/406 366/364/366 365/363/365
f 407/405/407 367/365/367 366/364/366
f 408/406/408 368/366/368 367/365/367
f 409/407/409 369/367/369 368/366/368
f 409/407/409 410/408/410 370/368/370
f 410/408/410 411/409/411 371/369/371
f 411/409/411 412/410/412 372/370/372
f 412/410/412 413/411/413 373/371/373
f 413/411/413 414/412/414 374/372/374
f 414/412/414 415/414/415 375/373/375
f 416/413/416 376/375/376 375/373/375
f 417/415/417 377/374/377 376/375/376
f 418/416/418 378/376/378 377/374/377
f 419/417/419 379/378/379 378/376/378
f 420/418/420 380/377/380 379/378/379
f 421/419/421 381/379/381 380/377/380
f 422/420/422 382/380/382 381/379/381
f 423/421/423 383/381/383 382/380/382
f 424/422/424 384/382/384 383/381/383
f 425/423/425 385/383/385 384/382/384
f 426/424/426 386/384/386 385/383/385
f 426/424/426 427/425/427 387/386/387
f 427/425/427 428/426/428 388/385/388
f 428/426/428 429/428/429 389/387/389
f 430/427/430 390/388/390 389/387/389
f 430/427/430 431/429/431 391/389/391
f 431/429/431 432/430/432 392/390/392
f 432/430/432 433/431/433 393/391/393
f 433/431/433 434/432/434 394/392/394
f 434/432/434 435/433/435 395/393/395
f 435/433/435 436/435/436 396/395/396
f 437/434/437 397/394/397 396/395/396
f 438/436/438 398/397/398 397/394/397
f 438/436/438 439/438/439 399/396/399
f 440/437/440 400/5108/400 399/396/399
f 441/439/441 442/440/442 402/400/402
f 442/440/442 443/442/443 403/402/403
f 444/441/444 404/401/404 403/402/403
f 445/443/445 405/403/405 404/401/404
f 446/444/446 406/404/406 405/403/405
f 447/445/447 407/405/407 406/404/406
f 448/446/448 408/406/408 407/405/407
f 449/447/449 409/407/409 408/406/408
f 450/448/450 410/408/410 409/407/409
f 450/448/450 451/449/451 411/409/411
f 451/449/451 452/450/452 412/410/412
f 452/450/452 453/451/453 413/411/413
f 453/451/453 454/452/454 414/412/414
f 454/452/454 455/454/455 415/414/415
f 456/453/456 416/413/416 415/414/415
f 457/455/457 417/415/417 416/413/416
f 458/456/458 418/416/418 417/415/417
f 459/457/459 419/417/419 418/416/418
f 460/458/460 420/418/420 419/417/419
f 461/459/461 421/419/421 420/418/420
f 462/460/462 422/420/422 421/419/421
f 462/460/462 463/461/463 423/421/423
f 463/461/463 464/463/464 424/422/424
f 465/462/465 425/423/425 424/422/424
f 466/464/466 426/424/426 425/423/425
f 466/464/466 467/465/467 427/425/427
f 467/465/467 468/467/468 428/426/428
f 469/466/469 429/428/429 428/426/428
f 469/466/469 470/468/470 430/427/430
f 470/468/470 471/469/471 431/429/431
f 471/469/471 472/470/472 432/430/432
f 472/470/472 473/471/473 433/431/433
f 473/471/473 474/472/474 434/432/434
f 474/472/474 475/473/475 435/433/435
f 475/473/475 476/475/476 436/435/436
f 477/474/477 437/434/437 436/435/436
f 478/476/478 438/436/438 437/434/437
f 479/477/479 439/438/439 438/436/438
f 479/477/479 480/517/480 440/437/440
f 481/478/481 482/479/482 442/440/442
f 482/479/482 483/481/483 443/442/443
f 484/480/484 444/441/444 443/442/443
f 485/482/485 445/443/445 444/441/444
f 486/483/486 446/444/446 445/443/445
f 487/484/487 447/445/447 446/444/446
f 488/485/488 448/446/448 447/445/447
f 489/486/489 449/447/449 448/446/448
f 490/487/490 450/448/450 449/447/449
f 490/487/490 491/488/491 451/449/451
f 491/488/491 492/489/492 452/450/452
f 492/489/492 493/490/493 453/451/453
f 493/490/493 494/492/494 454/452/454
f 495/491/495 455/454/455 454/452/454
f 496/493/496 456/453/456 455/454/455
f 497/494/497 457/455/457 456/453/456
f 498/495/498 458/456/458 457/455/457
f 499/496/499 459/457/459 458/456/458
f 500/497/500 460/458/460 459/457/459
f 501/498/501 461/459/461 460/458/460
f 502/499/502 462/460/462 461/459/461
f 502/499/502 503/500/503 463/461/463
f 503/500/503 504/502/504 464/463/464
f 505/501/505 465/462/465 464/463/464
f 505/501/505 506/503/506 466/464/466
f 506/503/506 507/504/507 467/465/467
f 507/504/507 508/505/508 468/467/468
f 508/505/508 509/506/509 469/466/469
f 509/506/509 510/507/510 470/468/470
f 510/507/510 511/508/511 471/469/471
f 511/508/511 512/509/512 472/470/472
f 512/509/512 513/510/513 473/471/473
f 513/510/513 514/511/514 474/472/474
f 514/511/514 515/512/515 475/473/475
f 515/512/515 516/514/516 476/475/476
f 517/513/517 477/474/477 476/475/476
f 518/515/518 478/476/478 477/474/477
f 519/516/519 479/477/479 478/476/478
f 519/516/519 520/5109/520 480/517/480
f 521/518/521 522/519/522 482/479/482
f 522/519/522 523/521/523 483/481/483
f 524/520/524 484/480/484 483/481/483
f 525/522/525 485/482/485 484/480/484
f 526/523/526 486/483/486 485/482/485
f 527/524/527 487/484/487 486/483/486
f 528/525/528 488/485/488 487/484/487
f 529/526/529 489/486/489 488/485/488
f 530/527/530 490/487/490 489/486/489
f 530/527/530 531/528/531 491/488/491
f 531/528/531 532/529/532 492/489/492
f 532/529/532 533/530/533 493/490/493
f 533/530/533 534/532/534 494/492/494
f 535/531/535 495/491/495 494/492/494
f 536/533/536 496/493/496 495/491/495
f 537/534/537 497/494/497 496/493/496
f 538/535/538 498/495/498 497/494/497
f 539/536/539 499/496/499 498/495/498
f 540/537/540 500/497/500 499/496/499
f 541/538/541 501/498/501 500/497/500
f 542/539/542 502/499/502 501/498/501
f 543/540/543 503/500/503 502/499/502
f 544/541/544 504/502/504 503/500/503
f 545/542/545 505/501/505 504/502/504
f 545/542/545 546/543/546 506/503/506
f 546/543/546 547/544/547 507/504/507
f 547/544/547 548/545/548 508/505/508
f 548/545/548 549/546/549 509/506/509
f 549/546/549 550/547/550 510/507/510
f 550/547/550 551/548/551 511/508/511
f 551/548/551 552/549/552 512/509/512
f 552/549/552 553/550/553 513/510/513
f 553/550/553 554/551/554 514/511/514
f 554/551/554 555/552/555 515/512/515
f 555/552/555 556/554/556 516/514/516
f 557/553/557 517/513/517 516/514/516
f 558/555/558 518/515/518 517/513/517
f 559/556/559 519/516/519 518/515/518
f 560/557/560 520/5109/520 519/516/519
f 561/558/561 562/559/562 522/519/522
f 562/559/562 563/561/563 523/521/523
f 564/560/564 524/520/524 523/521/523
f 565/562/565 525/522/525 524/520/524
f 566/563/566 526/523/526 525/522/525
f 567/564/567 527/524/527 526/523/526
f 568/565/568 528/525/528 527/524/527
f 569/566/569 529/526/529 528/525/528
f 570/567/570 530/527/530 529/526/529
f 570/567/570 571/568/571 531/528/531
f 571/568/571 572/569/572 532/529/532
f 572/569/572 573/570/573 533/530/533
f 573/570/573 574/572/574 534/532/534
f 575/571/575 535/531/535 534/532/534
f 576/573/576 536/533/536 535/531/535
f 577/574/577 537/534/537 536/533/536
f 578/575/578 538/535/538 537/534/537
f 579/576/579 539/536/539 538/535/538
f 580/577/580 540/537/540 539/536/539
f 581/578/581 541/538/541 540/537/540
f 582/579/582 542/539/542 541/538/541
f 583/580/583 543/540/543 542/539/542
f 584/581/584 544/541/544 543/540/543
f 584/581/584 585/582/585 545/542/545
f 585/582/585 586/583/586 546/543/546
f 586/583/586 587/584/587 547/544/547
f 587/584/587 588/585/588 548/545/548
f 588/585/588 589/586/589 549/546/549
f 589/586/589 590/587/590 550/547/550
f 590/587/590 591/588/591 551/548/551
f 591/588/591 592/589/592 552/549/552
f 592/589/592 593/590/593 553/550/553
f 593/590/593 594/591/594 554/551/554
f 594/591/594 595/592/595 555/552/555
f 595/592/595 596/594/596 556/554/556
f 597/593/597 557/553/557 556/554/556
f 598/595/598 558/555/558 557/553/557
f 599/596/599 559/556/559 558/555/558
f 599/596/599 600/636/600 560/557/560
f 601/597/601 602/598/602 562/559/562
f 602/598/602 603/599/603 563/561/563
f 603/599/603 604/600/604 564/560/564
f 604/600/604 605/602/605 565/562/565
f 606/601/606 566/563/566 565/562/565
f 607/603/607 567/564/567 566/563/566
f 608/604/608 568/565/568 567/564/567
f 609/605/609 569/566/569 568/565/568
f 610/606/610 570/567/570 569/566/569
f 611/607/611 571/568/571 570/567/570
f 611/607/611 612/608/612 572/569/572
f 612/608/612 613/609/613 573/570/573
f 613/609/613 614/610/614 574/572/574
f 614/610/614 615/612/615 575/571/575
f 616/611/616 576/573/576 575/571/575
f 617/613/617 577/574/577 576/573/576
f 618/614/618 578/575/578 577/574/577
f 619/615/619 579/576/579 578/575/578
f 620/616/620 580/577/580 579/576/579
f 621/617/621 581/578/581 580/577/580
f 622/618/622 582/579/582 581/578/581
f 623/619/623 583/580/583 582/579/582
f 623/619/623 624/620/624 584/581/584
f 624/620/624 625/621/625 585/582/585
f 625/621/625 626/622/626 586/583/586
f 626/622/626 627/623/627 587/584/587
f 627/623/627 628/624/628 588/585/588
f 628/624/628 629/625/629 589/586/589
f 629/625/629 630/626/630 590/587/590
f 630/626/630 631/627/631 591/588/591
f 631/627/631 632/628/632 592/589/592
f 632/628/632 633/629/633 593/590/593
f 633/629/633 634/630/634 594/591/594
f 634/630/634 635/631/635 595/592/595
f 635/631/635 636/633/636 596/594/596
f 637/632/637 597/593/597 596/594/596
f 638/634/638 598/595/598 597/593/597
f 638/634/638 639/635/639 599/596/599
f 639/635/639 640/676/640 600/636/600
f 641/637/641 642/638/642 602/598/602
f 642/638/642 643/639/643 603/599/603
f 643/639/643 644/640/644 604/600/604
f 644/640/644 645/641/645 605/602/605
f 645/641/645 646/643/646 606/601/606
f 647/642/647 607/603/607 606/601/606
f 648/644/648 608/604/608 607/603/607
f 649/645/649 609/605/609 608/604/608
f 650/646/650 610/606/610 609/605/609
f 651/647/651 611/607/611 610/606/610
f 652/648/652 612/608/612 611/607/611
f 652/648/652 653/649/653 613/609/613
f 653/649/653 654/650/654 614/610/614
f 654/650/654 655/652/655 615/612/615
f 656/651/656 616/611/616 615/612/615
f 656/651/656 657/653/657 617/613/617
f 657/653/657 658/654/658 618/614/618
f 658/654/658 659/655/659 619/615/619
f 659/655/659 660/657/660 620/616/620
f 661/656/661 621/617/621 620/616/620
f 662/658/662 622/618/622 621/617/621
f 663/659/663 623/619/623 622/618/622
f 663/659/663 664/660/664 624/620/624
f 664/660/664 665/661/665 625/621/625
f 665/661/665 666/662/666 626/622/626
f 666/662/666 667/663/667 627/623/627
f 667/663/667 668/664/668 628/624/628
f 668/664/668 669/666/669 629/625/629
f 670/665/670 630/626/630 629/625/629
f 671/667/671 631/627/631 630/626/630
f 672/668/672 632/628/632 631/627/631
f 672/668/672 673/669/673 633/629/633
f 673/669/673 674/671/674 634/630/634
f 675/670/675 635/631/635 634/630/634
f 676/672/676 636/633/636 635/631/635
f 676/672/676 677/673/677 637/632/637
f 677/673/677 678/674/678 638/634/638
f 678/674/678 679/675/679 639/635/639
f 679/675/679 680/716/680 640/676/640
f 681/677/681 682/678/682 642/638/642
f 682/678/682 683/679/683 643/639/643
f 683/679/683 684/680/684 644/640/644
f 684/680/684 685/681/685 645/641/645
f 685/681/685 686/683/686 646/643/646
f 687/682/687 647/642/647 646/643/646
f 688/684/688 648/644/648 647/642/647
f 689/685/689 649/645/649 648/644/648
f 690/686/690 650/646/650 649/645/649
f 691/687/691 651/647/651 650/646/650
f 692/688/692 652/648/652 651/647/651
f 692/688/692 693/689/693 653/649/653
f 693/689/693 694/690/694 654/650/654
f 694/690/694 695/691/695 655/652/655
f 695/691/695 696/692/696 656/651/656
f 696/692/696 697/693/697 657/653/657
f 697/693/697 698/694/698 658/654/658
f 698/694/698 699/695/699 659/655/659
f 699/695/699 700/696/700 660/657/660
f 700/696/700 701/697/701 661/656/661
f 701/697/701 702/698/702 662/658/662
f 702/698/702 703/699/703 663/659/663
f 703/699/703 704/700/704 664/660/664
f 704/700/704 705/701/705 665/661/665
f 705/701/705 706/702/706 666/662/666
f 706/702/706 707/703/707 667/663/667
f 707/703/707 708/704/708 668/664/668
f 708/704/708 709/706/709 669/666/669
f 710/705/710 670/665/670 669/666/669
f 711/707/711 671/667/671 670/665/670
f 712/708/712 672/668/672 671/667/671
f 712/708/712 713/709/713 673/669/673
f 713/709/713 714/710/714 674/671/674
f 714/710/714 715/711/715 675/670/675
f 715/711/715 716/712/716 676/672/676
f 716/712/716 717/713/717 677/673/677
f 717/713/717 718/714/718 678/674/678
f 718/714/718 719/715/719 679/675/679
f 719/715/719 720/5110/720 680/716/680
f 722/717/722 682/678/682 681/677/681
f 722/717/722 723/719/723 683/679/683
f 723/719/723 724/720/724 684/680/684
f 724/720/724 725/721/725 685/681/685
f 725/721/725 726/723/726 686/683/686
f 727/722/727 687/682/687 686/683/686
f 728/724/728 688/684/688 687/682/687
f 729/725/729 689/685/689 688/684/688
f 730/726/730 690/686/690 689/685/689
f 731/727/731 691/687/691 690/686/690
f 731/727/731 732/728/732 692/688/692
f 732/728/732 733/729/733 693/689/693
f 733/729/733 734/730/734 694/690/694
f 734/730/734 735/731/735 695/691/695
f 735/731/735 736/732/736 696/692/696
f 736/732/736 737/733/737 697/693/697
f 737/733/737 738/734/738 698/694/698
f 738/734/738 739/736/739 699/695/699
f 740/735/740 700/696/700 699/695/699
f 740/735/740 741/737/741 701/697/701
f 741/737/741 742/738/742 702/698/702
f 742/738/742 743/739/743 703/699/703
f 743/739/743 744/740/744 704/700/704
f 744/740/744 745/741/745 705/701/705
f 745/741/745 746/742/746 706/702/706
f 746/742/746 747/743/747 707/703/707
f 747/743/747 748/744/748 708/704/708
f 748/744/748 749/746/749 709/706/709
f 750/745/750 710/705/710 709/706/709
f 751/747/751 711/707/711 710/705/710
f 752/748/752 712/708/712 711/707/711
f 753/749/753 713/709/713 712/708/712
f 753/749/753 754/750/754 714/710/714
f 754/750/754 755/751/755 715/711/715
f 755/751/755 756/752/756 716/712/716
f 756/752/756 757/753/757 717/713/717
f 757/753/757 758/754/758 718/714/718
f 758/754/758 759/756/759 719/715/719
f 760/755/760 720/5110/720 719/715/719
f 762/757/762 722/717/722 721/718/721
f 762/757/762 763/759/763 723/719/723
f 763/759/763 764/760/764 724/720/724
f 764/760/764 765/761/765 725/721/725
f 765/761/765 766/763/766 726/723/726
f 767/762/767 727/722/727 726/723/726
f 768/764/768 728/724/728 727/722/727
f 769/765/769 729/725/729 728/724/728
f 770/766/770 730/726/730 729/725/729
f 771/767/771 731/727/731 730/726/730
f 772/768/772 732/728/732 731/727/731
f 772/768/772 773/769/773 733/729/733
f 773/769/773 774/770/774 734/730/734
f 774/770/774 775/771/775 735/731/735
f 775/771/775 776/772/776 736/732/736
f 776/772/776 777/773/777 737/733/737
f 777/773/777 778/775/778 738/734/738
f 779/774/779 739/736/739 738/734/738
f 780/776/780 740/735/740 739/736/739
f 781/777/781 741/737/741 740/735/740
f 781/777/781 782/778/782 742/738/742
f 782/778/782 783/779/783 743/739/743
f 783/779/783 784/780/784 744/740/744
f 784/780/784 785/781/785 745/741/745
f 785/781/785 786/782/786 746/742/746
f 786/782/786 787/783/787 747/743/747
f 787/783/787 788/784/788 748/744/748
f 788/784/788 789/786/789 749/746/749
f 790/785/790 750/745/750 749/746/749
f 791/787/791 751/747/751 750/745/750
f 792/788/792 752/748/752 751/747/751
f 793/789/793 753/749/753 752/748/752
f 793/789/793 794/790/794 754/750/754
f 794/790/794 795/791/795 755/751/755
f 795/791/795 796/792/796 756/752/756
f 796/792/796 797/793/797 757/753/757
f 797/793/797 798/795/798 758/754/758
f 799/794/799 759/756/759 758/754/758
f 799/794/799 800/835/800 760/755/760
f 802/796/802 762/757/762 761/758/761
f 802/796/802 803/798/803 763/759/763
f 803/798/803 804/799/804 764/760/764
f 804/799/804 805/800/805 765/761/765
f 805/800/805 806/802/806 766/763/766
f 807/801/807 767/762/767 766/763/766
f 808/803/808 768/764/768 767/762/767
f 809/804/809 769/765/769 768/764/768
f 810/805/810 770/766/770 769/765/769
f 811/806/811 771/767/771 770/766/770
f 812/807/812 772/768/772 771/767/771
f 813/808/813 773/769/773 772/768/772
f 813/808/813 814/809/814 774/770/774
f 814/809/814 815/810/815 775/771/775
f 815/810/815 816/811/816 776/772/776
f 816/811/816 817/812/817 777/773/777
f 817/812/817 818/813/818 778/775/778
f 818/813/818 819/815/819 779/774/779
f 820/814/820 780/776/780 779/774/779
f 820/814/820 821/816/821 781/777/781
f 821/816/821 822/817/822 782/778/782
f 822/817/822 823/818/823 783/779/783
f 823/818/823 824/819/824 784/780/784
f 824/819/824 825/820/825 785/781/785
f 825/820/825 826/821/826 786/782/786
f 826/821/826 827/822/827 787/783/787
f 827/822/827 828/824/828 788/784/788
f 829/823/829 789/786/789 788/784/788
f 830/825/830 790/785/790 789/786/789
f 831/826/831 791/787/791 790/785/790
f 832/827/832 792/788/792 791/787/791
f 833/828/833 793/789/793 792/788/792
f 833/828/833 834/829/834 794/790/794
f 834/829/834 835/830/835 795/791/795
f 835/830/835 836/831/836 796/792/796
f 836/831/836 837/833/837 797/793/797
f 838/832/838 798/795/798 797/793/797
f 839/834/839 799/794/799 798/795/798
f 839/834/839 840/875/840 800/835/800
f 842/836/842 802/796/802 801/797/801
f 842/836/842 843/838/843 803/798/803
f 843/838/843 844/839/844 804/799/804
f 844/839/844 845/840/845 805/800/805
f 845/840/845 846/842/846 806/802/806
f 847/841/847 807/801/807 806/802/806
f 848/843/848 808/803/808 807/801/807
f 849/844/849 809/804/809 808/803/808
f 850/845/850 810/805/810 809/804/809
f 851/846/851 811/806/811 810/805/810
f 852/847/852 812/807/812 811/806/811
f 853/848/853 813/808/813 812/807/812
f 853/848/853 854/849/854 814/809/814
f 854/849/854 855/850/855 815/810/815
f 855/850/855 856/851/856 816/811/816
f 856/851/856 857/852/857 817/812/817
f 857/852/857 858/853/858 818/813/818
f 858/853/858 859/854/859 819/815/819
f 859/854/859 860/855/860 820/814/820
f 860/855/860 861/856/861 821/816/821
f 861/856/861 862/857/862 822/817/822
f 862/857/862 863/858/863 823/818/823
f 863/858/863 864/859/864 824/819/824
f 864/859/864 865/860/865 825/820/825
f 865/860/865 866/861/866 826/821/826
f 866/861/866 867/862/867 827/822/827
f 867/862/867 868/864/868 828/824/828
f 869/863/869 829/823/829 828/824/828
f 870/865/870 830/825/830 829/823/829
f 871/866/871 831/826/831 830/825/830
f 872/867/872 832/827/832 831/826/831
f 873/868/873 833/828/833 832/827/832
f 873/868/873 874/869/874 834/829/834
f 874/869/874 875/870/875 835/830/835
f 875/870/875 876/872/876 836/831/836
f 877/871/877 837/833/837 836/831/836
f 878/873/878 838/832/838 837/833/837
f 879/874/879 839/834/839 838/832/838
f 879/874/879 880/915/880 840/875/840
f 882/876/882 842/836/842 841/837/841
f 882/876/882 883/878/883 843/838/843
f 883/878/883 884/879/884 844/839/844
f 884/879/884 885/880/885 845/840/845
f 885/880/885 886/882/886 846/842/846
f 887/881/887 847/841/847 846/842/846
f 888/883/888 848/843/848 847/841/847
f 889/884/889 849/844/849 848/843/848
f 890/885/890 850/845/850 849/844/849
f 891/886/891 851/846/851 850/845/850
f 892/887/892 852/847/852 851/846/851
f 893/888/893 853/848/853 852/847/852
f 893/888/893 894/889/894 854/849/854
f 894/889/894 895/890/895 855/850/855
f 895/890/895 896/891/896 856/851/856
f 896/891/896 897/892/897 857/852/857
f 897/892/897 898/893/898 858/853/858
f 898/893/898 899/894/899 859/854/859
f 899/894/899 900/895/900 860/855/860
f 900/895/900 901/896/901 861/856/861
f 901/896/901 902/897/902 862/857/862
f 902/897/902 903/898/903 863/858/863
f 903/898/903 904/899/904 864/859/864
f 904/899/904 905/900/905 865/860/865
f 905/900/905 906/901/906 866/861/866
f 906/901/906 907/903/907 867/862/867
f 908/902/908 868/864/868 867/862/867
f 909/904/909 869/863/869 868/864/868
f 910/905/910 870/865/870 869/863/869
f 911/906/911 871/866/871 870/865/870
f 912/907/912 872/867/872 871/866/871
f 912/907/912 913/908/913 873/868/873
f 913/908/913 914/909/914 874/869/874
f 914/909/914 915/910/915 875/870/875
f 915/910/915 916/912/916 876/872/876
f 917/911/917 877/871/877 876/872/876
f 918/913/918 878/873/878 877/871/877
f 919/914/919 879/874/879 878/873/878
f 919/914/919 920/955/920 880/915/880
f 921/916/921 922/917/922 882/876/882
f 922/917/922 923/918/923 883/878/883
f 923/918/923 924/919/924 884/879/884
f 924/919/924 925/920/925 885/880/885
f 925/920/925 926/922/926 886/882/886
f 927/921/927 887/881/887 886/882/886
f 928/923/928 888/883/888 887/881/887
f 929/924/929 889/884/889 888/883/888
f 930/925/930 890/885/890 889/884/889
f 931/926/931 891/886/891 890/885/890
f 932/927/932 892/887/892 891/886/891
f 932/927/932 933/928/933 893/888/893
f 933/928/933 934/929/934 894/889/894
f 934/929/934 935/930/935 895/890/895
f 935/930/935 936/931/936 896/891/896
f 936/931/936 937/932/937 897/892/897
f 937/932/937 938/933/938 898/893/898
f 938/933/938 939/934/939 899/894/899
f 939/934/939 940/935/940 900/895/900
f 940/935/940 941/936/941 901/896/901
f 941/936/941 942/937/942 902/897/902
f 942/937/942 943/938/943 903/898/903
f 943/938/943 944/939/944 904/899/904
f 944/939/944 945/940/945 905/900/905
f 945/940/945 946/941/946 906/901/906
f 946/941/946 947/943/947 907/903/907
f 948/942/948 908/902/908 907/903/907
f 949/944/949 909/904/909 908/902/908
f 950/945/950 910/905/910 909/904/909
f 951/946/951 911/906/911 910/905/910
f 952/947/952 912/907/912 911/906/911
f 952/947/952 953/948/953 913/908/913
f 953/948/953 954/949/954 914/909/914
f 954/949/954 955/950/955 915/910/915
f 955/950/955 956/951/956 916/912/916
f 956/951/956 957/953/957 917/911/917
f 958/952/958 918/913/918 917/911/917
f 958/952/958 959/954/959 919/914/919
f 959/954/959 960/5111/960 920/955/920
f 961/956/961 962/957/962 922/917/922
f 962/957/962 963/958/963 923/918/923
f 963/958/963 964/959/964 924/919/924
f 964/959/964 965/961/965 925/920/925
f 966/960/966 926/922/926 925/920/925
f 967/962/967 927/921/927 926/922/926
f 968/963/968 928/923/928 927/921/927
f 969/964/969 929/924/929 928/923/928
f 970/965/970 930/925/930 929/924/929
f 971/966/971 931/926/931 930/925/930
f 972/967/972 932/927/932 931/926/931
f 972/967/972 973/968/973 933/928/933
f 973/968/973 974/969/974 934/929/934
f 974/969/974 975/970/975 935/930/935
f 975/970/975 976/971/976 936/931/936
f 976/971/976 977/972/977 937/932/937
f 977/972/977 978/973/978 938/933/938
f 978/973/978 979/974/979 939/934/939
f 979/974/979 980/975/980 940/935/940
f 980/975/980 981/976/981 941/936/941
f 981/976/981 982/977/982 942/937/942
f 982/977/982 983/978/983 943/938/943
f 983/978/983 984/979/984 944/939/944
f 984/979/984 985/980/985 945/940/945
f 985/980/985 986/981/986 946/941/946
f 986/981/986 987/983/987 947/943/947
f 988/982/988 948/942/948 947/943/947
f 989/984/989 949/944/949 948/942/948
f 990/985/990 950/945/950 949/944/949
f 991/986/991 951/946/951 950/945/950
f 991/986/991 992/987/992 952/947/952
f 992/987/992 993/988/993 953/948/953
f 993/988/993 994/989/994 954/949/954
f 994/989/994 995/990/995 955/950/955
f 995/990/995 996/991/996 956/951/956
f 996/991/996 997/993/997 957/953/957
f 998/992/998 958/952/958 957/953/957
f 998/992/998 999/995/999 959/954/959
f 1000/994/1000 960/5111/960 959/954/959
f 1001/996/1001 1002/997/1002 962/957/962
f 1002/997/1002 1003/998/1003 963/958/963
f 1003/998/1003 1004/999/1004 964/959/964
f 1004/999/1004 1005/1001/1005 965/961/965
f 1006/1000/1006 966/960/966 965/961/965
f 1007/1002/1007 967/962/967 966/960/966
f 1008/1003/1008 968/963/968 967/962/967
f 1009/1004/1009 969/964/969 968/963/968
f 1010/1005/1010 970/965/970 969/964/969
f 1011/1006/1011 971/966/971 970/965/970
f 1012/1007/1012 972/967/972 971/966/971
f 1012/1007/1012 1013/1008/1013 973/968/973
f 1013/1008/1013 1014/1009/1014 974/969/974
f 1014/1009/1014 1015/1010/1015 975/970/975
f 1015/1010/1015 1016/1011/1016 976/971/976
f 1016/1011/1016 1017/1012/1017 977/972/977
f 1017/1012/1017 1018/1013/1018 978/973/978
f 1018/1013/1018 1019/1014/1019 979/974/979
f 1019/1014/1019 1020/1015/1020 980/975/980
f 1020/1015/1020 1021/1016/1021 981/976/981
f 1021/1016/1021 1022/1017/1022 982/977/982
f 1022/1017/1022 1023/1018/1023 983/978/983
f 1023/1018/1023 1024/1019/1024 984/979/984
f 1024/1019/1024 1025/1020/1025 985/980/985
f 1025/1020/1025 1026/1021/1026 986/981/986
f 1026/1021/1026 1027/1022/1027 987/983/987
f 1027/1022/1027 1028/1024/1028 988/982/988
f 1029/1023/1029 989/984/989 988/982/988
f 1030/1025/1030 990/985/990 989/984/989
f 1030/1025/1030 1031/1026/1031 991/986/991
f 1031/1026/1031 1032/1027/1032 992/987/992
f 1032/1027/1032 1033/1028/1033 993/988/993
f 1033/1028/1033 1034/1029/1034 994/989/994
f 1034/1029/1034 1035/1030/1035 995/990/995
f 1035/1030/1035 1036/1031/1036 996/991/996
f 1036/1031/1036 1037/1032/1037 997/993/997
f 1037/1032/1037 1038/1033/1038 998/992/998
f 1038/1033/1038 1039/1035/1039 999/995/999
f 1040/1034/1040 1000/994/1000 999/995/999
f 1042/1036/1042 1002/997/1002 1001/996/1001
f 1042/1036/1042 1043/1038/1043 1003/998/1003
f 1043/1038/1043 1044/1039/1044 1004/999/1004
f 1044/1039/1044 1045/1041/1045 1005/1001/1005
f 1046/1040/1046 1006/1000/1006 1005/1001/1005
f 1047/1042/1047 1007/1002/1007 1006/1000/1006
f 1048/1043/1048 1008/1003/1008 1007/1002/1007
f 1049/1044/1049 1009/1004/1009 1008/1003/1008
f 1050/1045/1050 1010/1005/1010 1009/1004/1009
f 1051/1046/1051 1011/1006/1011 1010/1005/1010
f 1052/1047/1052 1012/1007/1012 1011/1006/1011
f 1053/1048/1053 1013/1008/1013 1012/1007/1012
f 1053/1048/1053 1054/1050/1054 1014/1009/1014
f 1055/1049/1055 1015/1010/1015 1014/1009/1014
f 1055/1049/1055 1056/1051/1056 1016/1011/1016
f 1056/1051/1056 1057/1052/1057 1017/1012/1017
f 1057/1052/1057 1058/1053/1058 1018/1013/1018
f 1058/1053/1058 1059/1054/1059 1019/1014/1019
f 1059/1054/1059 1060/1055/1060 1020/1015/1020
f 1060/1055/1060 1061/1057/1061 1021/1016/1021
f 1062/1056/1062 1022/1017/1022 1021/1016/1021
f 1062/1056/1062 1063/1058/1063 1023/1018/1023
f 1063/1058/1063 1064/1059/1064 1024/1019/1024
f 1064/1059/1064 1065/1060/1065 1025/1020/1025
f 1065/1060/1065 1066/1061/1066 1026/1021/1026
f 1066/1061/1066 1067/1063/1067 1027/1022/1027
f 1068/1062/1068 1028/1024/1028 1027/1022/1027
f 1069/1064/1069 1029/1023/1029 1028/1024/1028
f 1070/1065/1070 1030/1025/1030 1029/1023/1029
f 1070/1065/1070 1071/1066/1071 1031/1026/1031
f 1071/1066/1071 1072/1067/1072 1032/1027/1032
f 1072/1067/1072 1073/1068/1073 1033/1028/1033
f 1073/1068/1073 1074/1069/1074 1034/1029/1034
f 1074/1069/1074 1075/1070/1075 1035/1030/1035
f 1075/1070/1075 1076/1071/1076 1036/1031/1036
f 1076/1071/1076 1077/1072/1077 1037/1032/1037
f 1077/1072/1077 1078/1073/1078 1038/1033/1038
f 1078/1073/1078 1079/1074/1079 1039/1035/1039
f 1079/1074/1079 1080/1114/1080 1040/1034/1040
f 1082/1075/1082 1042/1036/1042 1041/1037/1041
f 1083/1077/1083 1043/1038/1043 1042/1036/1042
f 1083/1077/1083 1084/1078/1084 1044/1039/1044
f 1084/1078/1084 1085/1079/1085 1045/1041/1045
f 1085/1079/1085 1086/1080/1086 1046/1040/1046
f 1086/1080/1086 1087/1082/1087 1047/1042/1047
f 1088/1081/1088 1048/1043/1048 1047/1042/1047
f 1089/1083/1089 1049/1044/1049 1048/1043/1048
f 1090/1084/1090 1050/1045/1050 1049/1044/1049
f 1091/1085/1091 1051/1046/1051 1050/1045/1050
f 1092/1086/1092 1052/1047/1052 1051/1046/1051
f 1093/1087/1093 1053/1048/1053 1052/1047/1052
f 1094/1088/1094 1054/1050/1054 1053/1048/1053
f 1095/1089/1095 1055/1049/1055 1054/1050/1054
f 1096/1090/1096 1056/1051/1056 1055/1049/1055
f 1096/1090/1096 1097/1091/1097 1057/1052/1057
f 1097/1091/1097 1098/1092/1098 1058/1053/1058
f 1098/1092/1098 1099/1093/1099 1059/1054/1059
f 1099/1093/1099 1100/1094/1100 1060/1055/1060
f 1100/1094/1100 1101/1096/1101 1061/1057/1061
f 1102/1095/1102 1062/1056/1062 1061/1057/1061
f 1102/1095/1102 1103/1097/1103 1063/1058/1063
f 1103/1097/1103 1104/1098/1104 1064/1059/1064
f 1104/1098/1104 1105/1099/1105 1065/1060/1065
f 1105/1099/1105 1106/1100/1106 1066/1061/1066
f 1106/1100/1106 1107/1101/1107 1067/1063/1067
f 1107/1101/1107 1108/1103/1108 1068/1062/1068
f 1109/1102/1109 1069/1064/1069 1068/1062/1068
f 1110/1104/1110 1070/1065/1070 1069/1064/1069
f 1110/1104/1110 1111/1105/1111 1071/1066/1071
f 1111/1105/1111 1112/1106/1112 1072/1067/1072
f 1112/1106/1112 1113/1107/1113 1073/1068/1073
f 1113/1107/1113 1114/1108/1114 1074/1069/1074
f 1114/1108/1114 1115/1109/1115 1075/1070/1075
f 1115/1109/1115 1116/1110/1116 1076/1071/1076
f 1116/1110/1116 1117/1111/1117 1077/1072/1077
f 1117/1111/1117 1118/1112/1118 1078/1073/1078
f 1118/1112/1118 1119/1113/1119 1079/1074/1079
f 1119/1113/1119 1120/1154/1120 1080/1114/1080
f 1122/1115/1122 1082/1075/1082 1081/1076/1081
f 1122/1115/1122 1123/1117/1123 1083/1077/1083
f 1123/1117/1123 1124/1118/1124 1084/1078/1084
f 1124/1118/1124 1125/1119/1125 1085/1079/1085
f 1125/1119/1125 1126/1120/1126 1086/1080/1086
f 1126/1120/1126 1127/1121/1127 1087/1082/1087
f 1127/1121/1127 1128/1123/1128 1088/1081/1088
f 1129/1122/1129 1089/1083/1089 1088/1081/1088
f 1130/1124/1130 1090/1084/1090 1089/1083/1089
f 1131/1125/1131 1091/1085/1091 1090/1084/1090
f 1132/1126/1132 1092/1086/1092 1091/1085/1091
f 1133/1127/1133 1093/1087/1093 1092/1086/1092
f 1134/1128/1134 1094/1088/1094 1093/1087/1093
f 1135/1129/1135 1095/1089/1095 1094/1088/1094
f 1136/1130/1136 1096/1090/1096 1095/1089/1095
f 1137/1131/1137 1097/1091/1097 1096/1090/1096
f 1137/1131/1137 1138/1132/1138 1098/1092/1098
f 1138/1132/1138 1139/1133/1139 1099/1093/1099
f 1139/1133/1139 1140/1135/1140 1100/1094/1100
f 1141/1134/1141 1101/1096/1101 1100/1094/1100
f 1142/1136/1142 1102/1095/1102 1101/1096/1101
f 1143/1137/1143 1103/1097/1103 1102/1095/1102
f 1143/1137/1143 1144/1138/1144 1104/1098/1104
f 1144/1138/1144 1145/1139/1145 1105/1099/1105
f 1145/1139/1145 1146/1140/1146 1106/1100/1106
f 1146/1140/1146 1147/1141/1147 1107/1101/1107
f 1147/1141/1147 1148/1142/1148 1108/1103/1108
f 1148/1142/1148 1149/1143/1149 1109/1102/1109
f 1149/1143/1149 1150/1144/1150 1110/1104/1110
f 1150/1144/1150 1151/1145/1151 1111/1105/1111
f 1151/1145/1151 1152/1146/1152 1112/1106/1112
f 1152/1146/1152 1153/1147/1153 1113/1107/1113
f 1153/1147/1153 1154/1148/1154 1114/1108/1114
f 1154/1148/1154 1155/1149/1155 1115/1109/1115
f 1155/1149/1155 1156/1150/1156 1116/1110/1116
f 1156/1150/1156 1157/1151/1157 1117/1111/1117
f 1157/1151/1157 1158/1152/1158 1118/1112/1118
f 1158/1152/1158 1159/1153/1159 1119/1113/1119
f 1159/1153/1159 1160/1194/1160 1120/1154/1120
f 1161/1155/1161 1162/1156/1162 1122/1115/1122
f 1162/1156/1162 1163/1157/1163 1123/1117/1123
f 1163/1157/1163 1164/1158/1164 1124/1118/1124
f 1164/1158/1164 1165/1159/1165 1125/1119/1125
f 1165/1159/1165 1166/1160/1166 1126/1120/1126
f 1166/1160/1166 1167/1161/1167 1127/1121/1127
f 1167/1161/1167 1168/1163/1168 1128/1123/1128
f 1169/1162/1169 1129/1122/1129 1128/1123/1128
f 1170/1164/1170 1130/1124/1130 1129/1122/1129
f 1171/1165/1171 1131/1125/1131 1130/1124/1130
f 1172/1166/1172 1132/1126/1132 1131/1125/1131
f 1173/1167/1173 1133/1127/1133 1132/1126/1132
f 1174/1168/1174 1134/1128/1134 1133/1127/1133
f 1175/1169/1175 1135/1129/1135 1134/1128/1134
f 1176/1170/1176 1136/1130/1136 1135/1129/1135
f 1177/1171/1177 1137/1131/1137 1136/1130/1136
f 1177/1171/1177 1178/1172/1178 1138/1132/1138
f 1178/1172/1178 1179/1173/1179 1139/1133/1139
f 1179/1173/1179 1180/1174/1180 1140/1135/1140
f 1180/1174/1180 1181/1175/1181 1141/1134/1141
f 1181/1175/1181 1182/1177/1182 1142/1136/1142
f 1183/1176/1183 1143/1137/1143 1142/1136/1142
f 1184/1178/1184 1144/1138/1144 1143/1137/1143
f 1185/1179/1185 1145/1139/1145 1144/1138/1144
f 1186/1180/1186 1146/1140/1146 1145/1139/1145
f 1186/1180/1186 1187/1181/1187 1147/1141/1147
f 1187/1181/1187 1188/1182/1188 1148/1142/1148
f 1188/1182/1188 1189/1183/1189 1149/1143/1149
f 1189/1183/1189 1190/1185/1190 1150/1144/1150
f 1191/1184/1191 1151/1145/1151 1150/1144/1150
f 1192/1186/1192 1152/1146/1152 1151/1145/1151
f 1192/1186/1192 1193/1187/1193 1153/1147/1153
f 1193/1187/1193 1194/1188/1194 1154/1148/1154
f 1194/1188/1194 1195/1189/1195 1155/1149/1155
f 1195/1189/1195 1196/1190/1196 1156/1150/1156
f 1196/1190/1196 1197/1191/1197 1157/1151/1157
f 1197/1191/1197 1198/1192/1198 1158/1152/1158
f 1198/1192/1198 1199/1193/1199 1159/1153/1159
f 1199/1193/1199 1200/1234/1200 1160/1194/1160
f 1201/1195/1201 1202/1196/1202 1162/1156/1162
f 1202/1196/1202 1203/1197/1203 1163/1157/1163
f 1203/1197/1203 1204/1198/1204 1164/1158/1164
f 1204/1198/1204 1205/1199/1205 1165/1159/1165
f 1205/1199/1205 1206/1200/1206 1166/1160/1166
f 1206/1200/1206 1207/1202/1207 1167/1161/1167
f 1208/1201/1208 1168/1163/1168 1167/1161/1167
f 1209/1203/1209 1169/1162/1169 1168/1163/1168
f 1210/1204/1210 1170/1164/1170 1169/1162/1169
f 1211/1205/1211 1171/1165/1171 1170/1164/1170
f 1212/1206/1212 1172/1166/1172 1171/1165/1171
f 1212/1206/1212 1213/1207/1213 1173/1167/1173
f 1213/1207/1213 1214/1209/1214 1174/1168/1174
f 1215/1208/1215 1175/1169/1175 1174/1168/1174
f 1216/1210/1216 1176/1170/1176 1175/1169/1175
f 1217/1211/1217 1177/1171/1177 1176/1170/1176
f 1218/1212/1218 1178/1172/1178 1177/1171/1177
f 1218/1212/1218 1219/1213/1219 1179/1173/1179
f 1219/1213/1219 1220/1214/1220 1180/1174/1180
f 1220/1214/1220 1221/1215/1221 1181/1175/1181
f 1221/1215/1221 1222/1216/1222 1182/1177/1182
f 1222/1216/1222 1223/1218/1223 1183/1176/1183
f 1224/1217/1224 1184/1178/1184 1183/1176/1183
f 1225/1219/1225 1185/1179/1185 1184/1178/1184
f 1226/1220/1226 1186/1180/1186 1185/1179/1185
f 1227/1221/1227 1187/1181/1187 1186/1180/1186
f 1227/1221/1227 1228/1222/1228 1188/1182/1188
f 1228/1222/1228 1229/1223/1229 1189/1183/1189
f 1229/1223/1229 1230/1225/1230 1190/1185/1190
f 1231/1224/1231 1191/1184/1191 1190/1185/1190
f 1232/1226/1232 1192/1186/1192 1191/1184/1191
f 1233/1227/1233 1193/1187/1193 1192/1186/1192
f 1233/1227/1233 1234/1228/1234 1194/1188/1194
f 1234/1228/1234 1235/1229/1235 1195/1189/1195
f 1235/1229/1235 1236/1230/1236 1196/1190/1196
f 1236/1230/1236 1237/1231/1237 1197/1191/1197
f 1237/1231/1237 1238/1232/1238 1198/1192/1198
f 1238/1232/1238 1239/1233/1239 1199/1193/1199
f 1239/1233/1239 1240/1274/1240 1200/1234/1200
f 1241/1235/1241 1242/1236/1242 1202/1196/1202
f 1242/1236/1242 1243/1237/1243 1203/1197/1203
f 1243/1237/1243 1244/1238/1244 1204/1198/1204
f 1244/1238/1244 1245/1239/1245 1205/1199/1205
f 1245/1239/1245 1246/1240/1246 1206/1200/1206
f 1246/1240/1246 1247/1241/1247 1207/1202/1207
f 1247/1241/1247 1248/1242/1248 1208/1201/1208
f 1248/1242/1248 1249/1244/1249 1209/1203/1209
f 1250/1243/1250 1210/1204/1210 1209/1203/1209
f 1251/1245/1251 1211/1205/1211 1210/1204/1210
f 1251/1245/1251 1252/1246/1252 1212/1206/1212
f 1252/1246/1252 1253/1247/1253 1213/1207/1213
f 1253/1247/1253 1254/1248/1254 1214/1209/1214
f 1254/1248/1254 1255/1250/1255 1215/1208/1215
f 1256/1249/1256 1216/1210/1216 1215/1208/1215
f 1257/1251/1257 1217/1211/1217 1216/1210/1216
f 1257/1251/1257 1258/1252/1258 1218/1212/1218
f 1258/1252/1258 1259/1253/1259 1219/1213/1219
f 1259/1253/1259 1260/1254/1260 1220/1214/1220
f 1260/1254/1260 1261/1255/1261 1221/1215/1221
f 1261/1255/1261 1262/1257/1262 1222/1216/1222
f 1263/1256/1263 1223/1218/1223 1222/1216/1222
f 1264/1258/1264 1224/1217/1224 1223/1218/1223
f 1265/1259/1265 1225/1219/1225 1224/1217/1224
f 1266/1260/1266 1226/1220/1226 1225/1219/1225
f 1267/1261/1267 1227/1221/1227 1226/1220/1226
f 1267/1261/1267 1268/1262/1268 1228/1222/1228
f 1268/1262/1268 1269/1263/1269 1229/1223/1229
f 1269/1263/1269 1270/1265/1270 1230/1225/1230
f 1271/1264/1271 1231/1224/1231 1230/1225/1230
f 1272/1266/1272 1232/1226/1232 1231/1224/1231
f 1273/1267/1273 1233/1227/1233 1232/1226/1232
f 1274/1268/1274 1234/1228/1234 1233/1227/1233
f 1274/1268/1274 1275/1269/1275 1235/1229/1235
f 1275/1269/1275 1276/1270/1276 1236/1230/1236
f 1276/1270/1276 1277/1271/1277 1237/1231/1237
f 1277/1271/1277 1278/1273/1278 1238/1232/1238
f 1279/1272/1279 1239/1233/1239 1238/1232/1238
f 1279/1272/1279 1280/1314/1280 1240/1274/1240
f 1281/1275/1281 1282/1276/1282 1242/1236/1242
f 1282/1276/1282 1283/1277/1283 1243/1237/1243
f 1283/1277/1283 1284/1278/1284 1244/1238/1244
f 1284/1278/1284 1285/1279/1285 1245/1239/1245
f 1285/1279/1285 1286/1280/1286 1246/1240/1246
f 1286/1280/1286 1287/1281/1287 1247/1241/1247
f 1287/1281/1287 1288/1282/1288 1248/1242/1248
f 1288/1282/1288 1289/1283/1289 1249/1244/1249
f 1289/1283/1289 1290/1285/1290 1250/1243/1250
f 1291/1284/1291 1251/1245/1251 1250/1243/1250
f 1291/1284/1291 1292/1286/1292 1252/1246/1252
f 1292/1286/1292 1293/1287/1293 1253/1247/1253
f 1293/1287/1293 1294/1288/1294 1254/1248/1254
f 1294/1288/1294 1295/1289/1295 1255/1250/1255
f 1295/1289/1295 1296/1290/1296 1256/1249/1256
f 1296/1290/1296 1297/1291/1297 1257/1251/1257
f 1297/1291/1297 1298/1292/1298 1258/1252/1258
f 1298/1292/1298 1299/1293/1299 1259/1253/1259
f 1299/1293/1299 1300/1294/1300 1260/1254/1260
f 1300/1294/1300 1301/1295/1301 1261/1255/1261
f 1301/1295/1301 1302/1297/1302 1262/1257/1262
f 1303/1296/1303 1263/1256/1263 1262/1257/1262
f 1304/1298/1304 1264/1258/1264 1263/1256/1263
f 1305/1299/1305 1265/1259/1265 1264/1258/1264
f 1306/1300/1306 1266/1260/1266 1265/1259/1265
f 1307/1301/1307 1267/1261/1267 1266/1260/1266
f 1308/1302/1308 1268/1262/1268 1267/1261/1267
f 1308/1302/1308 1309/1303/1309 1269/1263/1269
f 1309/1303/1309 1310/1305/1310 1270/1265/1270
f 1311/1304/1311 1271/1264/1271 1270/1265/1270
f 1312/1306/1312 1272/1266/1272 1271/1264/1271
f 1313/1307/1313 1273/1267/1273 1272/1266/1272
f 1314/1308/1314 1274/1268/1274 1273/1267/1273
f 1314/1308/1314 1315/1309/1315 1275/1269/1275
f 1315/1309/1315 1316/1310/1316 1276/1270/1276
f 1316/1310/1316 1317/1312/1317 1277/1271/1277
f 1318/1311/1318 1278/1273/1278 1277/1271/1277
f 1318/1311/1318 1319/1313/1319 1279/1272/1279
f 1319/1313/1319 1320/5112/1320 1280/1314/1280
f 1321/1315/1321 1322/1316/1322 1282/1276/1282
f 1322/1316/1322 1323/1317/1323 1283/1277/1283
f 1323/1317/1323 1324/1318/1324 1284/1278/1284
f 1324/1318/1324 1325/1319/1325 1285/1279/1285
f 1325/1319/1325 1326/1320/1326 1286/1280/1286
f 1326/1320/1326 1327/1321/1327 1287/1281/1287
f 1327/1321/1327 1328/1322/1328 1288/1282/1288
f 1328/1322/1328 1329/1323/1329 1289/1283/1289
f 1329/1323/1329 1330/1325/1330 1290/1285/1290
f 1331/1324/1331 1291/1284/1291 1290/1285/1290
f 1332/1326/1332 1292/1286/1292 1291/1284/1291
f 1332/1326/1332 1333/1327/1333 1293/1287/1293
f 1333/1327/1333 1334/1328/1334 1294/1288/1294
f 1334/1328/1334 1335/1329/1335 1295/1289/1295
f 1335/1329/1335 1336/1330/1336 1296/1290/1296
f 1336/1330/1336 1337/1331/1337 1297/1291/1297
f 1337/1331/1337 1338/1332/1338 1298/1292/1298
f 1338/1332/1338 1339/1333/1339 1299/1293/1299
f 1339/1333/1339 1340/1334/1340 1300/1294/1300
f 1340/1334/1340 1341/1335/1341 1301/1295/1301
f 1341/1335/1341 1342/1336/1342 1302/1297/1302
f 1342/1336/1342 1343/1338/1343 1303/1296/1303
f 1344/1337/1344 1304/1298/1304 1303/1296/1303
f 1345/1339/1345 1305/1299/1305 1304/1298/1304
f 1346/1340/1346 1306/1300/1306 1305/1299/1305
f 1347/1341/1347 1307/1301/1307 1306/1300/1306
f 1348/1342/1348 1308/1302/1308 1307/1301/1307
f 1348/1342/1348 1349/1343/1349 1309/1303/1309
f 1349/1343/1349 1350/1345/1350 1310/1305/1310
f 1351/1344/1351 1311/1304/1311 1310/1305/1310
f 1352/1346/1352 1312/1306/1312 1311/1304/1311
f 1352/1346/1352 1353/1348/1353 1313/1307/1313
f 1354/1347/1354 1314/1308/1314 1313/1307/1313
f 1354/1347/1354 1355/1349/1355 1315/1309/1315
f 1355/1349/1355 1356/1350/1356 1316/1310/1316
f 1356/1350/1356 1357/1352/1357 1317/1312/1317
f 1358/1351/1358 1318/1311/1318 1317/1312/1317
f 1359/1353/1359 1319/1313/1319 1318/1311/1318
f 1360/1354/1360 1320/5112/1320 1319/1313/1319
f 1362/1355/1362 1322/1316/1322 1321/1315/1321
f 1362/1355/1362 1363/1357/1363 1323/1317/1323
f 1363/1357/1363 1364/1358/1364 1324/1318/1324
f 1364/1358/1364 1365/1359/1365 1325/1319/1325
f 1365/1359/1365 1366/1360/1366 1326/1320/1326
f 1366/1360/1366 1367/1361/1367 1327/1321/1327
f 1367/1361/1367 1368/1362/1368 1328/1322/1328
f 1368/1362/1368 1369/1363/1369 1329/1323/1329
f 1369/1363/1369 1370/1365/1370 1330/1325/1330
f 1371/1364/1371 1331/1324/1331 1330/1325/1330
f 1372/1366/1372 1332/1326/1332 1331/1324/1331
f 1373/1367/1373 1333/1327/1333 1332/1326/1332
f 1373/1367/1373 1374/1368/1374 1334/1328/1334
f 1374/1368/1374 1375/1370/1375 1335/1329/1335
f 1376/1369/1376 1336/1330/1336 1335/1329/1335
f 1377/1371/1377 1337/1331/1337 1336/1330/1336
f 1377/1371/1377 1378/1372/1378 1338/1332/1338
f 1378/1372/1378 1379/1373/1379 1339/1333/1339
f 1379/1373/1379 1380/1374/1380 1340/1334/1340
f 1380/1374/1380 1381/1375/1381 1341/1335/1341
f 1381/1375/1381 1382/1377/1382 1342/1336/1342
f 1383/1376/1383 1343/1338/1343 1342/1336/1342
f 1384/1378/1384 1344/1337/1344 1343/1338/1343
f 1385/1379/1385 1345/1339/1345 1344/1337/1344
f 1386/1380/1386 1346/1340/1346 1345/1339/1345
f 1387/1381/1387 1347/1341/1347 1346/1340/1346
f 1388/1382/1388 1348/1342/1348 1347/1341/1347
f 1389/1383/1389 1349/1343/1349 1348/1342/1348
f 1390/1384/1390 1350/1345/1350 1349/1343/1349
f 1391/1385/1391 1351/1344/1351 1350/1345/1350
f 1391/1385/1391 1392/1386/1392 1352/1346/1352
f 1392/1386/1392 1393/1387/1393 1353/1348/1353
f 1393/1387/1393 1394/1389/1394 1354/1347/1354
f 1395/1388/1395 1355/1349/1355 1354/1347/1354
f 1395/1388/1395 1396/1390/1396 1356/1350/1356
f 1396/1390/1396 1397/1391/1397 1357/1352/1357
f 1397/1391/1397 1398/1392/1398 1358/1351/1358
f 1398/1392/1398 1399/1394/1399 1359/1353/1359
f 1400/1393/1400 1360/1354/1360 1359/1353/1359
f 1402/1395/1402 1362/1355/1362 1361/1356/1361
f 1402/1395/1402 1403/1397/1403 1363/1357/1363
f 1403/1397/1403 1404/1398/1404 1364/1358/1364
f 1404/1398/1404 1405/1399/1405 1365/1359/1365
f 1405/1399/1405 1406/1400/1406 1366/1360/1366
f 1406/1400/1406 1407/1401/1407 1367/1361/1367
f 1407/1401/1407 1408/1402/1408 1368/1362/1368
f 1408/1402/1408 1409/1403/1409 1369/1363/1369
f 1409/1403/1409 1410/1405/1410 1370/1365/1370
f 1411/1404/1411 1371/1364/1371 1370/1365/1370
f 1412/1406/1412 1372/1366/1372 1371/1364/1371
f 1413/1407/1413 1373/1367/1373 1372/1366/1372
f 1413/1407/1413 1414/1408/1414 1374/1368/1374
f 1414/1408/1414 1415/1410/1415 1375/1370/1375
f 1416/1409/1416 1376/1369/1376 1375/1370/1375
f 1416/1409/1416 1417/1411/1417 1377/1371/1377
f 1417/1411/1417 1418/1412/1418 1378/1372/1378
f 1418/1412/1418 1419/1413/1419 1379/1373/1379
f 1419/1413/1419 1420/1414/1420 1380/1374/1380
f 1420/1414/1420 1421/1415/1421 1381/1375/1381
f 1421/1415/1421 1422/1417/1422 1382/1377/1382
f 1423/1416/1423 1383/1376/1383 1382/1377/1382
f 1424/1418/1424 1384/1378/1384 1383/1376/1383
f 1425/1419/1425 1385/1379/1385 1384/1378/1384
f 1426/1420/1426 1386/1380/1386 1385/1379/1385
f 1427/1421/1427 1387/1381/1387 1386/1380/1386
f 1428/1422/1428 1388/1382/1388 1387/1381/1387
f 1428/1422/1428 1429/1424/1429 1389/1383/1389
f 1430/1423/1430 1390/1384/1390 1389/1383/1389
f 1431/1425/1431 1391/1385/1391 1390/1384/1390
f 1431/1425/1431 1432/1426/1432 1392/1386/1392
f 1432/1426/1432 1433/1427/1433 1393/1387/1393
f 1433/1427/1433 1434/1429/1434 1394/1389/1394
f 1435/1428/1435 1395/1388/1395 1394/1389/1394
f 1435/1428/1435 1436/1430/1436 1396/1390/1396
f 1436/1430/1436 1437/1431/1437 1397/1391/1397
f 1437/1431/1437 1438/1432/1438 1398/1392/1398
f 1438/1432/1438 1439/1434/1439 1399/1394/1399
f 1440/1433/1440 1400/1393/1400 1399/1394/1399
f 1442/1435/1442 1402/1395/1402 1401/1396/1401
f 1442/1435/1442 1443/1437/1443 1403/1397/1403
f 1443/1437/1443 1444/1438/1444 1404/1398/1404
f 1444/1438/1444 1445/1440/1445 1405/1399/1405
f 1446/1439/1446 1406/1400/1406 1405/1399/1405
f 1446/1439/1446 1447/1441/1447 1407/1401/1407
f 1447/1441/1447 1448/1442/1448 1408/1402/1408
f 1448/1442/1448 1449/1443/1449 1409/1403/1409
f 1449/1443/1449 1450/1445/1450 1410/1405/1410
f 1451/1444/1451 1411/1404/1411 1410/1405/1410
f 1452/1446/1452 1412/1406/1412 1411/1404/1411
f 1452/1446/1452 1453/1447/1453 1413/1407/1413
f 1453/1447/1453 1454/1448/1454 1414/1408/1414
f 1454/1448/1454 1455/1449/1455 1415/1410/1415
f 1455/1449/1455 1456/1450/1456 1416/1409/1416
f 1456/1450/1456 1457/1451/1457 1417/1411/1417
f 1457/1451/1457 1458/1452/1458 1418/1412/1418
f 1458/1452/1458 1459/1453/1459 1419/1413/1419
f 1459/1453/1459 1460/1454/1460 1420/1414/1420
f 1460/1454/1460 1461/1456/1461 1421/1415/1421
f 1462/1455/1462 1422/1417/1422 1421/1415/1421
f 1463/1457/1463 1423/1416/1423 1422/1417/1422
f 1464/1458/1464 1424/1418/1424 1423/1416/1423
f 1465/1459/1465 1425/1419/1425 1424/1418/1424
f 1466/1460/1466 1426/1420/1426 1425/1419/1425
f 1467/1461/1467 1427/1421/1427 1426/1420/1426
f 1468/1462/1468 1428/1422/1428 1427/1421/1427
f 1469/1463/1469 1429/1424/1429 1428/1422/1428
f 1470/1464/1470 1430/1423/1430 1429/1424/1429
f 1471/1465/1471 1431/1425/1431 1430/1423/1430
f 1471/1465/1471 1472/1466/1472 1432/1426/1432
f 1472/1466/1472 1473/1467/1473 1433/1427/1433
f 1473/1467/1473 1474/1468/1474 1434/1429/1434
f 1474/1468/1474 1475/1469/1475 1435/1428/1435
f 1475/1469/1475 1476/1470/1476 1436/1430/1436
f 1476/1470/1476 1477/1471/1477 1437/1431/1437
f 1477/1471/1477 1478/1472/1478 1438/1432/1438
f 1478/1472/1478 1479/1474/1479 1439/1434/1439
f 1480/1473/1480 1440/1433/1440 1439/1434/1439
f 1482/1475/1482 1442/1435/1442 1441/1436/1441
f 1482/1475/1482 1483/1477/1483 1443/1437/1443
f 1483/1477/1483 1484/1478/1484 1444/1438/1444
f 1484/1478/1484 1485/1480/1485 1445/1440/1445
f 1486/1479/1486 1446/1439/1446 1445/1440/1445
f 1487/1481/1487 1447/1441/1447 1446/1439/1446
f 1488/1482/1488 1448/1442/1448 1447/1441/1447
f 1488/1482/1488 1489/1483/1489 1449/1443/1449
f 1489/1483/1489 1490/1484/1490 1450/1445/1450
f 1490/1484/1490 1491/1485/1491 1451/1444/1451
f 1491/1485/1491 1492/1486/1492 1452/1446/1452
f 1492/1486/1492 1493/1487/1493 1453/1447/1453
f 1493/1487/1493 1494/1488/1494 1454/1448/1454
f 1494/1488/1494 1495/1489/1495 1455/1449/1455
f 1495/1489/1495 1496/1490/1496 1456/1450/1456
f 1496/1490/1496 1497/1491/1497 1457/1451/1457
f 1497/1491/1497 1498/1492/1498 1458/1452/1458
f 1498/1492/1498 1499/1493/1499 1459/1453/1459
f 1499/1493/1499 1500/1495/1500 1460/1454/1460
f 1501/1494/1501 1461/1456/1461 1460/1454/1460
f 1501/1494/1501 1502/1497/1502 1462/1455/1462
f 1503/1496/1503 1463/1457/1463 1462/1455/1462
f 1504/1498/1504 1464/1458/1464 1463/1457/1463
f 1505/1499/1505 1465/1459/1465 1464/1458/1464
f 1506/1500/1506 1466/1460/1466 1465/1459/1465
f 1507/1501/1507 1467/1461/1467 1466/1460/1466
f 1508/1502/1508 1468/1462/1468 1467/1461/1467
f 1509/1503/1509 1469/1463/1469 1468/1462/1468
f 1510/1504/1510 1470/1464/1470 1469/1463/1469
f 1511/1505/1511 1471/1465/1471 1470/1464/1470
f 1511/1505/1511 1512/1506/1512 1472/1466/1472
f 1512/1506/1512 1513/1507/1513 1473/1467/1473
f 1513/1507/1513 1514/1508/1514 1474/1468/1474
f 1514/1508/1514 1515/1509/1515 1475/1469/1475
f 1515/1509/1515 1516/1510/1516 1476/1470/1476
f 1516/1510/1516 1517/1511/1517 1477/1471/1477
f 1517/1511/1517 1518/1512/1518 1478/1472/1478
f 1518/1512/1518 1519/1514/1519 1479/1474/1479
f 1520/1513/1520 1480/1473/1480 1479/1474/1479
f 1521/1515/1521 1522/1516/1522 1482/1475/1482
f 1522/1516/1522 1523/1517/1523 1483/1477/1483
f 1523/1517/1523 1524/1519/1524 1484/1478/1484
f 1525/1518/1525 1485/1480/1485 1484/1478/1484
f 1525/1518/1525 1526/1521/1526 1486/1479/1486
f 1527/1520/1527 1487/1481/1487 1486/1479/1486
f 1528/1522/1528 1488/1482/1488 1487/1481/1487
f 1529/1523/1529 1489/1483/1489 1488/1482/1488
f 1529/1523/1529 1530/1524/1530 1490/1484/1490
f 1530/1524/1530 1531/1525/1531 1491/1485/1491
f 1531/1525/1531 1532/1526/1532 1492/1486/1492
f 1532/1526/1532 1533/1527/1533 1493/1487/1493
f 1533/1527/1533 1534/1528/1534 1494/1488/1494
f 1534/1528/1534 1535/1529/1535 1495/1489/1495
f 1535/1529/1535 1536/1530/1536 1496/1490/1496
f 1536/1530/1536 1537/1531/1537 1497/1491/1497
f 1537/1531/1537 1538/1532/1538 1498/1492/1498
f 1538/1532/1538 1539/1533/1539 1499/1493/1499
f 1539/1533/1539 1540/1535/1540 1500/1495/1500
f 1541/1534/1541 1501/1494/1501 1500/1495/1500
f 1542/1536/1542 1502/1497/1502 1501/1494/1501
f 1543/1537/1543 1503/1496/1503 1502/1497/1502
f 1544/1538/1544 1504/1498/1504 1503/1496/1503
f 1545/1539/1545 1505/1499/1505 1504/1498/1504
f 1546/1540/1546 1506/1500/1506 1505/1499/1505
f 1546/1540/1546 1547/1541/1547 1507/1501/1507
f 1547/1541/1547 1548/1542/1548 1508/1502/1508
f 1548/1542/1548 1549/1543/1549 1509/1503/1509
f 1549/1543/1549 1550/1545/1550 1510/1504/1510
f 1551/1544/1551 1511/1505/1511 1510/1504/1510
f 1552/1546/1552 1512/1506/1512 1511/1505/1511
f 1552/1546/1552 1553/1547/1553 1513/1507/1513
f 1553/1547/1553 1554/1548/1554 1514/1508/1514
f 1554/1548/1554 1555/1549/1555 1515/1509/1515
f 1555/1549/1555 1556/1550/1556 1516/1510/1516
f 1556/1550/1556 1557/1551/1557 1517/1511/1517
f 1557/1551/1557 1558/1552/1558 1518/1512/1518
f 1558/1552/1558 1559/1554/1559 1519/1514/1519
f 1560/1553/1560 1520/1513/1520 1519/1514/1519
f 1561/1555/1561 1562/1556/1562 1522/1516/1522
f 1562/1556/1562 1563/1557/1563 1523/1517/1523
f 1563/1557/1563 1564/1558/1564 1524/1519/1524
f 1564/1558/1564 1565/1559/1565 1525/1518/1525
f 1565/1559/1565 1566/1560/1566 1526/1521/1526
f 1566/1560/1566 1567/1562/1567 1527/1520/1527
f 1568/1561/1568 1528/1522/1528 1527/1520/1527
f 1569/1563/1569 1529/1523/1529 1528/1522/1528
f 1570/1564/1570 1530/1524/1530 1529/1523/1529
f 1570/1564/1570 1571/1565/1571 1531/1525/1531
f 1571/1565/1571 1572/1566/1572 1532/1526/1532
f 1572/1566/1572 1573/1567/1573 1533/1527/1533
f 1573/1567/1573 1574/1568/1574 1534/1528/1534
f 1574/1568/1574 1575/1569/1575 1535/1529/1535
f 1575/1569/1575 1576/1570/1576 1536/1530/1536
f 1576/1570/1576 1577/1571/1577 1537/1531/1537
f 1577/1571/1577 1578/1572/1578 1538/1532/1538
f 1578/1572/1578 1579/1573/1579 1539/1533/1539
f 1579/1573/1579 1580/1575/1580 1540/1535/1540
f 1581/1574/1581 1541/1534/1541 1540/1535/1540
f 1582/1576/1582 1542/1536/1542 1541/1534/1541
f 1583/1577/1583 1543/1537/1543 1542/1536/1542
f 1584/1578/1584 1544/1538/1544 1543/1537/1543
f 1585/1579/1585 1545/1539/1545 1544/1538/1544
f 1586/1580/1586 1546/1540/1546 1545/1539/1545
f 1586/1580/1586 1587/1581/1587 1547/1541/1547
f 1587/1581/1587 1588/1582/1588 1548/1542/1548
f 1588/1582/1588 1589/1584/1589 1549/1543/1549
f 1590/1583/1590 1550/1545/1550 1549/1543/1549
f 1591/1585/1591 1551/1544/1551 1550/1545/1550
f 1592/1586/1592 1552/1546/1552 1551/1544/1551
f 1592/1586/1592 1593/1587/1593 1553/1547/1553
f 1593/1587/1593 1594/1588/1594 1554/1548/1554
f 1594/1588/1594 1595/1589/1595 1555/1549/1555
f 1595/1589/1595 1596/1590/1596 1556/1550/1556
f 1596/1590/1596 1597/1592/1597 1557/1551/1557
f 1598/1591/1598 1558/1552/1558 1557/1551/1557
f 1599/1593/1599 1559/1554/1559 1558/1552/1558
f 1600/1594/1600 1560/1553/1560 1559/1554/1559
f 1601/1595/1601 1602/1596/1602 1562/1556/1562
f 1602/1596/1602 1603/1597/1603 1563/1557/1563
f 1603/1597/1603 1604/1598/1604 1564/1558/1564
f 1604/1598/1604 1605/1599/1605 1565/1559/1565
f 1605/1599/1605 1606/1600/1606 1566/1560/1566
f 1606/1600/1606 1607/1602/1607 1567/1562/1567
f 1608/1601/1608 1568/1561/1568 1567/1562/1567
f 1609/1603/1609 1569/1563/1569 1568/1561/1568
f 1610/1604/1610 1570/1564/1570 1569/1563/1569
f 1610/1604/1610 1611/1605/1611 1571/1565/1571
f 1611/1605/1611 1612/1606/1612 1572/1566/1572
f 1612/1606/1612 1613/1607/1613 1573/1567/1573
f 1613/1607/1613 1614/1608/1614 1574/1568/1574
f 1614/1608/1614 1615/1609/1615 1575/1569/1575
f 1615/1609/1615 1616/1610/1616 1576/1570/1576
f 1616/1610/1616 1617/1611/1617 1577/1571/1577
f 1617/1611/1617 1618/1612/1618 1578/1572/1578
f 1618/1612/1618 1619/1614/1619 1579/1573/1579
f 1620/1613/1620 1580/1575/1580 1579/1573/1579
f 1621/1615/1621 1581/1574/1581 1580/1575/1580
f 1622/1616/1622 1582/1576/1582 1581/1574/1581
f 1623/1617/1623 1583/1577/1583 1582/1576/1582
f 1624/1618/1624 1584/1578/1584 1583/1577/1583
f 1625/1619/1625 1585/1579/1585 1584/1578/1584
f 1626/1620/1626 1586/1580/1586 1585/1579/1585
f 1626/1620/1626 1627/1621/1627 1587/1581/1587
f 1627/1621/1627 1628/1622/1628 1588/1582/1588
f 1628/1622/1628 1629/1623/1629 1589/1584/1589
f 1629/1623/1629 1630/1625/1630 1590/1583/1590
f 1631/1624/1631 1591/1585/1591 1590/1583/1590
f 1632/1626/1632 1592/1586/1592 1591/1585/1591
f 1632/1626/1632 1633/1627/1633 1593/1587/1593
f 1633/1627/1633 1634/1628/1634 1594/1588/1594
f 1634/1628/1634 1635/1629/1635 1595/1589/1595
f 1635/1629/1635 1636/1631/1636 1596/1590/1596
f 1637/1630/1637 1597/1592/1597 1596/1590/1596
f 1638/1632/1638 1598/1591/1598 1597/1592/1597
f 1639/1633/1639 1599/1593/1599 1598/1591/1598
f 1640/1634/1640 1600/1594/1600 1599/1593/1599
f 1641/1635/1641 1642/1636/1642 1602/1596/1602
f 1642/1636/1642 1643/1637/1643 1603/1597/1603
f 1643/1637/1643 1644/1638/1644 1604/1598/1604
f 1644/1638/1644 1645/1639/1645 1605/1599/1605
f 1645/1639/1645 1646/1640/1646 1606/1600/1606
f 1646/1640/1646 1647/1642/1647 1607/1602/1607
f 1648/1641/1648 1608/1601/1608 1607/1602/1607
f 1649/1643/1649 1609/1603/1609 1608/1601/1608
f 1650/1644/1650 1610/1604/1610 1609/1603/1609
f 1650/1644/1650 1651/1645/1651 1611/1605/1611
f 1651/1645/1651 1652/1646/1652 1612/1606/1612
f 1652/1646/1652 1653/1647/1653 1613/1607/1613
f 1653/1647/1653 1654/1648/1654 1614/1608/1614
f 1654/1648/1654 1655/1649/1655 1615/1609/1615
f 1655/1649/1655 1656/1650/1656 1616/1610/1616
f 1656/1650/1656 1657/1651/1657 1617/1611/1617
f 1657/1651/1657 1658/1652/1658 1618/1612/1618
f 1658/1652/1658 1659/1654/1659 1619/1614/1619
f 1660/1653/1660 1620/1613/1620 1619/1614/1619
f 1660/1653/1660 1661/1656/1661 1621/1615/1621
f 1662/1655/1662 1622/1616/1622 1621/1615/1621
f 1663/1657/1663 1623/1617/1623 1622/1616/1622
f 1664/1658/1664 1624/1618/1624 1623/1617/1623
f 1665/1659/1665 1625/1619/1625 1624/1618/1624
f 1666/1660/1666 1626/1620/1626 1625/1619/1625
f 1667/1661/1667 1627/1621/1627 1626/1620/1626
f 1668/1662/1668 1628/1622/1628 1627/1621/1627
f 1669/1663/1669 1629/1623/1629 1628/1622/1628
f 1670/1664/1670 1630/1625/1630 1629/1623/1629
f 1670/1664/1670 1671/1665/1671 1631/1624/1631
f 1671/1665/1671 1672/1666/1672 1632/1626/1632
f 1672/1666/1672 1673/1667/1673 1633/1627/1633
f 1673/1667/1673 1674/1668/1674 1634/1628/1634
f 1674/1668/1674 1675/1670/1675 1635/1629/1635
f 1676/1669/1676 1636/1631/1636 1635/1629/1635
f 1677/1671/1677 1637/1630/1637 1636/1631/1636
f 1678/1672/1678 1638/1632/1638 1637/1630/1637
f 1679/1673/1679 1639/1633/1639 1638/1632/1638
f 1680/1674/1680 1640/1634/1640 1639/1633/1639
f 1681/1675/1681 1682/1676/1682 1642/1636/1642
f 1682/1676/1682 1683/1677/1683 1643/1637/1643
f 1683/1677/1683 1684/1678/1684 1644/1638/1644
f 1684/1678/1684 1685/1679/1685 1645/1639/1645
f 1685/1679/1685 1686/1681/1686 1646/1640/1646
f 1687/1680/1687 1647/1642/1647 1646/1640/1646
f 1688/1682/1688 1648/1641/1648 1647/1642/1647
f 1689/1683/1689 1649/1643/1649 1648/1641/1648
f 1690/1684/1690 1650/1644/1650 1649/1643/1649
f 1691/1685/1691 1651/1645/1651 1650/1644/1650
f 1692/1686/1692 1652/1646/1652 1651/1645/1651
f 1693/1687/1693 1653/1647/1653 1652/1646/1652
f 1693/1687/1693 1694/1688/1694 1654/1648/1654
f 1694/1688/1694 1695/1689/1695 1655/1649/1655
f 1695/1689/1695 1696/1690/1696 1656/1650/1656
f 1696/1690/1696 1697/1691/1697 1657/1651/1657
f 1697/1691/1697 1698/1692/1698 1658/1652/1658
f 1698/1692/1698 1699/1694/1699 1659/1654/1659
f 1700/1693/1700 1660/1653/1660 1659/1654/1659
f 1701/1695/1701 1661/1656/1661 1660/1653/1660
f 1702/1696/1702 1662/1655/1662 1661/1656/1661
f 1703/1697/1703 1663/1657/1663 1662/1655/1662
f 1704/1698/1704 1664/1658/1664 1663/1657/1663
f 1704/1698/1704 1705/1699/1705 1665/1659/1665
f 1705/1699/1705 1706/1701/1706 1666/1660/1666
f 1707/1700/1707 1667/1661/1667 1666/1660/1666
f 1708/1702/1708 1668/1662/1668 1667/1661/1667
f 1709/1703/1709 1669/1663/1669 1668/1662/1668
f 1710/1704/1710 1670/1664/1670 1669/1663/1669
f 1710/1704/1710 1711/1705/1711 1671/1665/1671
f 1711/1705/1711 1712/1706/1712 1672/1666/1672
f 1712/1706/1712 1713/1707/1713 1673/1667/1673
f 1713/1707/1713 1714/1709/1714 1674/1668/1674
f 1715/1708/1715 1675/1670/1675 1674/1668/1674
f 1716/1710/1716 1676/1669/1676 1675/1670/1675
f 1717/1711/1717 1677/1671/1677 1676/1669/1676
f 1718/1712/1718 1678/1672/1678 1677/1671/1677
f 1719/1713/1719 1679/1673/1679 1678/1672/1678
f 1720/1714/1720 1680/1674/1680 1679/1673/1679
f 1721/1715/1721 1722/1716/1722 1682/1676/1682
f 1722/1716/1722 1723/1717/1723 1683/1677/1683
f 1723/1717/1723 1724/1718/1724 1684/1678/1684
f 1724/1718/1724 1725/1719/1725 1685/1679/1685
f 1725/1719/1725 1726/1721/1726 1686/1681/1686
f 1727/1720/1727 1687/1680/1687 1686/1681/1686
f 1728/1722/1728 1688/1682/1688 1687/1680/1687
f 1729/1723/1729 1689/1683/1689 1688/1682/1688
f 1730/1724/1730 1690/1684/1690 1689/1683/1689
f 1731/1725/1731 1691/1685/1691 1690/1684/1690
f 1732/1726/1732 1692/1686/1692 1691/1685/1691
f 1733/1727/1733 1693/1687/1693 1692/1686/1692
f 1733/1727/1733 1734/1728/1734 1694/1688/1694
f 1734/1728/1734 1735/1729/1735 1695/1689/1695
f 1735/1729/1735 1736/1730/1736 1696/1690/1696
f 1736/1730/1736 1737/1731/1737 1697/1691/1697
f 1737/1731/1737 1738/1732/1738 1698/1692/1698
f 1738/1732/1738 1739/1734/1739 1699/1694/1699
f 1740/1733/1740 1700/1693/1700 1699/1694/1699
f 1741/1735/1741 1701/1695/1701 1700/1693/1700
f 1742/1736/1742 1702/1696/1702 1701/1695/1701
f 1743/1737/1743 1703/1697/1703 1702/1696/1702
f 1744/1738/1744 1704/1698/1704 1703/1697/1703
f 1744/1738/1744 1745/1739/1745 1705/1699/1705
f 1745/1739/1745 1746/1741/1746 1706/1701/1706
f 1747/1740/1747 1707/1700/1707 1706/1701/1706
f 1748/1742/1748 1708/1702/1708 1707/1700/1707
f 1749/1743/1749 1709/1703/1709 1708/1702/1708
f 1750/1744/1750 1710/1704/1710 1709/1703/1709
f 1750/1744/1750 1751/1745/1751 1711/1705/1711
f 1751/1745/1751 1752/1746/1752 1712/1706/1712
f 1752/1746/1752 1753/1747/1753 1713/1707/1713
f 1753/1747/1753 1754/1749/1754 1714/1709/1714
f 1755/1748/1755 1715/1708/1715 1714/1709/1714
f 1756/1750/1756 1716/1710/1716 1715/1708/1715
f 1757/1751/1757 1717/1711/1717 1716/1710/1716
f 1758/1752/1758 1718/1712/1718 1717/1711/1717
f 1759/1753/1759 1719/1713/1719 1718/1712/1718
f 1760/1754/1760 1720/1714/1720 1719/1713/1719
f 1761/1755/1761 1762/1756/1762 1722/1716/1722
f 1762/1756/1762 1763/1757/1763 1723/1717/1723
f 1763/1757/1763 1764/1758/1764 1724/1718/1724
f 1764/1758/1764 1765/1759/1765 1725/1719/1725
f 1765/1759/1765 1766/1761/1766 1726/1721/1726
f 1767/1760/1767 1727/1720/1727 1726/1721/1726
f 1768/1762/1768 1728/1722/1728 1727/1720/1727
f 1769/1763/1769 1729/1723/1729 1728/1722/1728
f 1770/1764/1770 1730/1724/1730 1729/1723/1729
f 1771/1765/1771 1731/1725/1731 1730/1724/1730
f 1772/1766/1772 1732/1726/1732 1731/1725/1731
f 1773/1767/1773 1733/1727/1733 1732/1726/1732
f 1773/1767/1773 1774/1768/1774 1734/1728/1734
f 1774/1768/1774 1775/1769/1775 1735/1729/1735
f 1775/1769/1775 1776/1770/1776 1736/1730/1736
f 1776/1770/1776 1777/1772/1777 1737/1731/1737
f 1778/1771/1778 1738/1732/1738 1737/1731/1737
f 1779/1773/1779 1739/1734/1739 1738/1732/1738
f 1780/1774/1780 1740/1733/1740 1739/1734/1739
f 1781/1775/1781 1741/1735/1741 1740/1733/1740
f 1782/1776/1782 1742/1736/1742 1741/1735/1741
f 1782/1776/1782 1783/1777/1783 1743/1737/1743
f 1783/1777/1783 1784/1778/1784 1744/1738/1744
f 1784/1778/1784 1785/1779/1785 1745/1739/1745
f 1785/1779/1785 1786/1780/1786 1746/1741/1746
f 1786/1780/1786 1787/1782/1787 1747/1740/1747
f 1788/1781/1788 1748/1742/1748 1747/1740/1747
f 1789/1783/1789 1749/1743/1749 1748/1742/1748
f 1789/1783/1789 1790/1784/1790 1750/1744/1750
f 1790/1784/1790 1791/1785/1791 1751/1745/1751
f 1791/1785/1791 1792/1786/1792 1752/1746/1752
f 1792/1786/1792 1793/1788/1793 1753/1747/1753
f 1794/1787/1794 1754/1749/1754 1753/1747/1753
f 1795/1789/1795 1755/1748/1755 1754/1749/1754
f 1796/1790/1796 1756/1750/1756 1755/1748/1755
f 1797/1791/1797 1757/1751/1757 1756/1750/1756
f 1798/1792/1798 1758/1752/1758 1757/1751/1757
f 1799/1793/1799 1759/1753/1759 1758/1752/1758
f 1800/1794/1800 1760/1754/1760 1759/1753/1759
f 1801/1795/1801 1802/1796/1802 1762/1756/1762
f 1802/1796/1802 1803/1797/1803 1763/1757/1763
f 1803/1797/1803 1804/1798/1804 1764/1758/1764
f 1804/1798/1804 1805/1799/1805 1765/1759/1765
f 1805/1799/1805 1806/1801/1806 1766/1761/1766
f 1807/1800/1807 1767/1760/1767 1766/1761/1766
f 1808/1802/1808 1768/1762/1768 1767/1760/1767
f 1809/1803/1809 1769/1763/1769 1768/1762/1768
f 1810/1804/1810 1770/1764/1770 1769/1763/1769
f 1811/1805/1811 1771/1765/1771 1770/1764/1770
f 1812/1806/1812 1772/1766/1772 1771/1765/1771
f 1813/1807/1813 1773/1767/1773 1772/1766/1772
f 1814/1808/1814 1774/1768/1774 1773/1767/1773
f 1814/1808/1814 1815/1810/1815 1775/1769/1775
f 1816/1809/1816 1776/1770/1776 1775/1769/1775
f 1817/1811/1817 1777/1772/1777 1776/1770/1776
f 1818/1812/1818 1778/1771/1778 1777/1772/1777
f 1819/1813/1819 1779/1773/1779 1778/1771/1778
f 1820/1814/1820 1780/1774/1780 1779/1773/1779
f 1821/1815/1821 1781/1775/1781 1780/1774/1780
f 1822/1816/1822 1782/1776/1782 1781/1775/1781
f 1822/1816/1822 1823/1817/1823 1783/1777/1783
f 1823/1817/1823 1824/1819/1824 1784/1778/1784
f 1825/1818/1825 1785/1779/1785 1784/1778/1784
f 1825/1818/1825 1826/1820/1826 1786/1780/1786
f 1826/1820/1826 1827/1822/1827 1787/1782/1787
f 1828/1821/1828 1788/1781/1788 1787/1782/1787
f 1829/1823/1829 1789/1783/1789 1788/1781/1788
f 1829/1823/1829 1830/1824/1830 1790/1784/1790
f 1830/1824/1830 1831/1825/1831 1791/1785/1791
f 1831/1825/1831 1832/1826/1832 1792/1786/1792
f 1832/1826/1832 1833/1828/1833 1793/1788/1793
f 1834/1827/1834 1794/1787/1794 1793/1788/1793
f 1835/1829/1835 1795/1789/1795 1794/1787/1794
f 1836/1830/1836 1796/1790/1796 1795/1789/1795
f 1837/1831/1837 1797/1791/1797 1796/1790/1796
f 1838/1832/1838 1798/1792/1798 1797/1791/1797
f 1839/1833/1839 1799/1793/1799 1798/1792/1798
f 1840/1834/1840 1800/1794/1800 1799/1793/1799
f 1841/1835/1841 1842/1836/1842 1802/1796/1802
f 1842/1836/1842 1843/1837/1843 1803/1797/1803
f 1843/1837/1843 1844/1839/1844 1804/1798/1804
f 1845/1838/1845 1805/1799/1805 1804/1798/1804
f 1846/1840/1846 1806/1801/1806 1805/1799/1805
f 1846/1840/1846 1847/1841/1847 1807/1800/1807
f 1847/1841/1847 1848/1843/1848 1808/1802/1808
f 1849/1842/1849 1809/1803/1809 1808/1802/1808
f 1850/1844/1850 1810/1804/1810 1809/1803/1809
f 1851/1845/1851 1811/1805/1811 1810/1804/1810
f 1852/1846/1852 1812/1806/1812 1811/1805/1811
f 1853/1847/1853 1813/1807/1813 1812/1806/1812
f 1854/1848/1854 1814/1808/1814 1813/1807/1813
f 1854/1848/1854 1855/1850/1855 1815/1810/1815
f 1856/1849/1856 1816/1809/1816 1815/1810/1815
f 1857/1851/1857 1817/1811/1817 1816/1809/1816
f 1858/1852/1858 1818/1812/1818 1817/1811/1817
f 1859/1853/1859 1819/1813/1819 1818/1812/1818
f 1860/1854/1860 1820/1814/1820 1819/1813/1819
f 1861/1855/1861 1821/1815/1821 1820/1814/1820
f 1862/1856/1862 1822/1816/1822 1821/1815/1821
f 1862/1856/1862 1863/1857/1863 1823/1817/1823
f 1863/1857/1863 1864/1859/1864 1824/1819/1824
f 1865/1858/1865 1825/1818/1825 1824/1819/1824
f 1865/1858/1865 1866/1860/1866 1826/1820/1826
f 1866/1860/1866 1867/1861/1867 1827/1822/1827
f 1867/1861/1867 1868/1863/1868 1828/1821/1828
f 1869/1862/1869 1829/1823/1829 1828/1821/1828
f 1869/1862/1869 1870/1864/1870 1830/1824/1830
f 1870/1864/1870 1871/1865/1871 1831/1825/1831
f 1871/1865/1871 1872/1866/1872 1832/1826/1832
f 1872/1866/1872 1873/1868/1873 1833/1828/1833
f 1874/1867/1874 1834/1827/1834 1833/1828/1833
f 1875/1869/1875 1835/1829/1835 1834/1827/1834
f 1876/1870/1876 1836/1830/1836 1835/1829/1835
f 1877/1871/1877 1837/1831/1837 1836/1830/1836
f 1878/1872/1878 1838/1832/1838 1837/1831/1837
f 1879/1873/1879 1839/1833/1839 1838/1832/1838
f 1880/1874/1880 1840/1834/1840 1839/1833/1839
f 1881/1875/1881 1882/1876/1882 1842/1836/1842
f 1882/1876/1882 1883/1878/1883 1843/1837/1843
f 1884/1877/1884 1844/1839/1844 1843/1837/1843
f 1885/1879/1885 1845/1838/1845 1844/1839/1844
f 1886/1880/1886 1846/1840/1846 1845/1838/1845
f 1886/1880/1886 1887/1881/1887 1847/1841/1847
f 1887/1881/1887 1888/1882/1888 1848/1843/1848
f 1888/1882/1888 1889/1884/1889 1849/1842/1849
f 1890/1883/1890 1850/1844/1850 1849/1842/1849
f 1891/1885/1891 1851/1845/1851 1850/1844/1850
f 1892/1886/1892 1852/1846/1852 1851/1845/1851
f 1893/1887/1893 1853/1847/1853 1852/1846/1852
f 1894/1888/1894 1854/1848/1854 1853/1847/1853
f 1895/1889/1895 1855/1850/1855 1854/1848/1854
f 1896/1890/1896 1856/1849/1856 1855/1850/1855
f 1897/1891/1897 1857/1851/1857 1856/1849/1856
f 1898/1892/1898 1858/1852/1858 1857/1851/1857
f 1899/1893/1899 1859/1853/1859 1858/1852/1858
f 1900/1894/1900 1860/1854/1860 1859/1853/1859
f 1901/1895/1901 1861/1855/1861 1860/1854/1860
f 1902/1896/1902 1862/1856/1862 1861/1855/1861
f 1902/1896/1902 1903/1897/1903 1863/1857/1863
f 1903/1897/1903 1904/1898/1904 1864/1859/1864
f 1904/1898/1904 1905/1899/1905 1865/1858/1865
f 1905/1899/1905 1906/1900/1906 1866/1860/1866
f 1906/1900/1906 1907/1901/1907 1867/1861/1867
f 1907/1901/1907 1908/1903/1908 1868/1863/1868
f 1909/1902/1909 1869/1862/1869 1868/1863/1868
f 1910/1904/1910 1870/1864/1870 1869/1862/1869
f 1910/1904/1910 1911/1905/1911 1871/1865/1871
f 1911/1905/1911 1912/1907/1912 1872/1866/1872
f 1913/1906/1913 1873/1868/1873 1872/1866/1872
f 1914/1908/1914 1874/1867/1874 1873/1868/1873
f 1914/1908/1914 1915/1910/1915 1875/1869/1875
f 1916/1909/1916 1876/1870/1876 1875/1869/1875
f 1917/1911/1917 1877/1871/1877 1876/1870/1876
f 1918/1912/1918 1878/1872/1878 1877/1871/1877
f 1919/1913/1919 1879/1873/1879 1878/1872/1878
f 1920/1914/1920 1880/1874/1880 1879/1873/1879
f 1921/1915/1921 1922/1916/1922 1882/1876/1882
f 1922/1916/1922 1923/1918/1923 1883/1878/1883
f 1924/1917/1924 1884/1877/1884 1883/1878/1883
f 1925/1919/1925 1885/1879/1885 1884/1877/1884
f 1926/1920/1926 1886/1880/1886 1885/1879/1885
f 1926/1920/1926 1927/1921/1927 1887/1881/1887
f 1927/1921/1927 1928/1922/1928 1888/1882/1888
f 1928/1922/1928 1929/1924/1929 1889/1884/1889
f 1930/1923/1930 1890/1883/1890 1889/1884/1889
f 1931/1925/1931 1891/1885/1891 1890/1883/1890
f 1932/1926/1932 1892/1886/1892 1891/1885/1891
f 1933/1927/1933 1893/1887/1893 1892/1886/1892
f 1934/1928/1934 1894/1888/1894 1893/1887/1893
f 1935/1929/1935 1895/1889/1895 1894/1888/1894
f 1936/1930/1936 1896/1890/1896 1895/1889/1895
f 1937/1931/1937 1897/1891/1897 1896/1890/1896
f 1938/1932/1938 1898/1892/1898 1897/1891/1897
f 1939/1933/1939 1899/1893/1899 1898/1892/1898
f 1940/1934/1940 1900/1894/1900 1899/1893/1899
f 1941/1935/1941 1901/1895/1901 1900/1894/1900
f 1942/1936/1942 1902/1896/1902 1901/1895/1901
f 1942/1936/1942 1943/1937/1943 1903/1897/1903
f 1943/1937/1943 1944/1938/1944 1904/1898/1904
f 1944/1938/1944 1945/1939/1945 1905/1899/1905
f 1945/1939/1945 1946/1940/1946 1906/1900/1906
f 1946/1940/1946 1947/1941/1947 1907/1901/1907
f 1947/1941/1947 1948/1942/1948 1908/1903/1908
f 1948/1942/1948 1949/1944/1949 1909/1902/1909
f 1950/1943/1950 1910/1904/1910 1909/1902/1909
f 1950/1943/1950 1951/1945/1951 1911/1905/1911
f 1951/1945/1951 1952/1947/1952 1912/1907/1912
f 1953/1946/1953 1913/1906/1913 1912/1907/1912
f 1953/1946/1953 1954/1948/1954 1914/1908/1914
f 1954/1948/1954 1955/1949/1955 1915/1910/1915
f 1955/1949/1955 1956/1951/1956 1916/1909/1916
f 1957/1950/1957 1917/1911/1917 1916/1909/1916
f 1958/1952/1958 1918/1912/1918 1917/1911/1917
f 1959/1953/1959 1919/1913/1919 1918/1912/1918
f 1959/1953/1959 1960/1993/1960 1920/1914/1920
f 1961/1954/1961 1962/1955/1962 1922/1916/1922
f 1962/1955/1962 1963/1957/1963 1923/1918/1923
f 1964/1956/1964 1924/1917/1924 1923/1918/1923
f 1965/1958/1965 1925/1919/1925 1924/1917/1924
f 1966/1959/1966 1926/1920/1926 1925/1919/1925
f 1966/1959/1966 1967/1960/1967 1927/1921/1927
f 1967/1960/1967 1968/1961/1968 1928/1922/1928
f 1968/1961/1968 1969/1962/1969 1929/1924/1929
f 1969/1962/1969 1970/1964/1970 1930/1923/1930
f 1971/1963/1971 1931/1925/1931 1930/1923/1930
f 1972/1965/1972 1932/1926/1932 1931/1925/1931
f 1973/1966/1973 1933/1927/1933 1932/1926/1932
f 1974/1967/1974 1934/1928/1934 1933/1927/1933
f 1975/1968/1975 1935/1929/1935 1934/1928/1934
f 1976/1969/1976 1936/1930/1936 1935/1929/1935
f 1977/1970/1977 1937/1931/1937 1936/1930/1936
f 1978/1971/1978 1938/1932/1938 1937/1931/1937
f 1979/1972/1979 1939/1933/1939 1938/1932/1938
f 1980/1973/1980 1940/1934/1940 1939/1933/1939
f 1981/1974/1981 1941/1935/1941 1940/1934/1940
f 1982/1975/1982 1942/1936/1942 1941/1935/1941
f 1982/1975/1982 1983/1976/1983 1943/1937/1943
f 1983/1976/1983 1984/1977/1984 1944/1938/1944
f 1984/1977/1984 1985/1979/1985 1945/1939/1945
f 1986/1978/1986 1946/1940/1946 1945/1939/1945
f 1986/1978/1986 1987/1980/1987 1947/1941/1947
f 1987/1980/1987 1988/1981/1988 1948/1942/1948
f 1988/1981/1988 1989/1983/1989 1949/1944/1949
f 1990/1982/1990 1950/1943/1950 1949/1944/1949
f 1990/1982/1990 1991/1985/1991 1951/1945/1951
f 1992/1984/1992 1952/1947/1952 1951/1945/1951
f 1992/1984/1992 1993/1986/1993 1953/1946/1953
f 1993/1986/1993 1994/1987/1994 1954/1948/1954
f 1994/1987/1994 1995/1988/1995 1955/1949/1955
f 1995/1988/1995 1996/1990/1996 1956/1951/1956
f 1997/1989/1997 1957/1950/1957 1956/1951/1956
f 1998/1991/1998 1958/1952/1958 1957/1950/1957
f 1999/1992/1999 1959/1953/1959 1958/1952/1958
f 1999/1992/1999 2000/2033/2000 1960/1993/1960
f 2001/1994/2001 2002/1995/2002 1962/1955/1962
f 2002/1995/2002 2003/1997/2003 1963/1957/1963
f 2004/1996/2004 1964/1956/1964 1963/1957/1963
f 2005/1998/2005 1965/1958/1965 1964/1956/1964
f 2006/1999/2006 1966/1959/1966 1965/1958/1965
f 2006/1999/2006 2007/2000/2007 1967/1960/1967
f 2007/2000/2007 2008/2001/2008 1968/1961/1968
f 2008/2001/2008 2009/2003/2009 1969/1962/1969
f 2010/2002/2010 1970/1964/1970 1969/1962/1969
f 2011/2004/2011 1971/1963/1971 1970/1964/1970
f 2012/2005/2012 1972/1965/1972 1971/1963/1971
f 2013/2006/2013 1973/1966/1973 1972/1965/1972
f 2014/2007/2014 1974/1967/1974 1973/1966/1973
f 2015/2008/2015 1975/1968/1975 1974/1967/1974
f 2016/2009/2016 1976/1969/1976 1975/1968/1975
f 2017/2010/2017 1977/1970/1977 1976/1969/1976
f 2018/2011/2018 1978/1971/1978 1977/1970/1977
f 2019/2012/2019 1979/1972/1979 1978/1971/1978
f 2020/2013/2020 1980/1973/1980 1979/1972/1979
f 2021/2014/2021 1981/1974/1981 1980/1973/1980
f 2022/2015/2022 1982/1975/1982 1981/1974/1981
f 2022/2015/2022 2023/2016/2023 1983/1976/1983
f 2023/2016/2023 2024/2017/2024 1984/1977/1984
f 2024/2017/2024 2025/2018/2025 1985/1979/1985
f 2025/2018/2025 2026/2019/2026 1986/1978/1986
f 2026/2019/2026 2027/2020/2027 1987/1980/1987
f 2027/2020/2027 2028/2022/2028 1988/1981/1988
f 2029/2021/2029 1989/1983/1989 1988/1981/1988
f 2029/2021/2029 2030/2023/2030 1990/1982/1990
f 2030/2023/2030 2031/2024/2031 1991/1985/1991
f 2031/2024/2031 2032/2025/2032 1992/1984/1992
f 2032/2025/2032 2033/2026/2033 1993/1986/1993
f 2033/2026/2033 2034/2027/2034 1994/1987/1994
f 2034/2027/2034 2035/2028/2035 1995/1988/1995
f 2035/2028/2035 2036/2030/2036 1996/1990/1996
f 2037/2029/2037 1997/1989/1997 1996/1990/1996
f 2038/2031/2038 1998/1991/1998 1997/1989/1997
f 2039/2032/2039 1999/1992/1999 1998/1991/1998
f 2039/2032/2039 2040/2073/2040 2000/2033/2000
f 2042/2034/2042 2002/1995/2002 2001/1994/2001
f 2042/2034/2042 2043/2037/2043 2003/1997/2003
f 2044/2036/2044 2004/1996/2004 2003/1997/2003
f 2045/2038/2045 2005/1998/2005 2004/1996/2004
f 2046/2039/2046 2006/1999/2006 2005/1998/2005
f 2047/2040/2047 2007/2000/2007 2006/1999/2006
f 2047/2040/2047 2048/2041/2048 2008/2001/2008
f 2048/2041/2048 2049/2043/2049 2009/2003/2009
f 2050/2042/2050 2010/2002/2010 2009/2003/2009
f 2051/2044/2051 2011/2004/2011 2010/2002/2010
f 2052/2045/2052 2012/2005/2012 2011/2004/2011
f 2053/2046/2053 2013/2006/2013 2012/2005/2012
f 2054/2047/2054 2014/2007/2014 2013/2006/2013
f 2055/2048/2055 2015/2008/2015 2014/2007/2014
f 2056/2049/2056 2016/2009/2016 2015/2008/2015
f 2057/2050/2057 2017/2010/2017 2016/2009/2016
f 2058/2051/2058 2018/2011/2018 2017/2010/2017
f 2059/2052/2059 2019/2012/2019 2018/2011/2018
f 2060/2053/2060 2020/2013/2020 2019/2012/2019
f 2061/2054/2061 2021/2014/2021 2020/2013/2020
f 2062/2055/2062 2022/2015/2022 2021/2014/2021
f 2063/2056/2063 2023/2016/2023 2022/2015/2022
f 2063/2056/2063 2064/2057/2064 2024/2017/2024
f 2064/2057/2064 2065/2058/2065 2025/2018/2025
f 2065/2058/2065 2066/2059/2066 2026/2019/2026
f 2066/2059/2066 2067/2061/2067 2027/2020/2027
f 2068/2060/2068 2028/2022/2028 2027/2020/2027
f 2069/2062/2069 2029/2021/2029 2028/2022/2028
f 2069/2062/2069 2070/2064/2070 2030/2023/2030
f 2071/2063/2071 2031/2024/2031 2030/2023/2030
f 2071/2063/2071 2072/2065/2072 2032/2025/2032
f 2072/2065/2072 2073/2066/2073 2033/2026/2033
f 2073/2066/2073 2074/2067/2074 2034/2027/2034
f 2074/2067/2074 2075/2068/2075 2035/2028/2035
f 2075/2068/2075 2076/2070/2076 2036/2030/2036
f 2077/2069/2077 2037/2029/2037 2036/2030/2036
f 2078/2071/2078 2038/2031/2038 2037/2029/2037
f 2078/2071/2078 2079/2072/2079 2039/2032/2039
f 2079/2072/2079 2080/5113/2080 2040/2073/2040
f 2082/2074/2082 2042/2034/2042 2041/2035/2041
f 2082/2074/2082 2083/2076/2083 2043/2037/2043
f 2083/2076/2083 2084/2078/2084 2044/2036/2044
f 2085/2077/2085 2045/2038/2045 2044/2036/2044
f 2086/2079/2086 2046/2039/2046 2045/2038/2045
f 2087/2080/2087 2047/2040/2047 2046/2039/2046
f 2088/2081/2088 2048/2041/2048 2047/2040/2047
f 2089/2082/2089 2049/2043/2049 2048/2041/2048
f 2090/2083/2090 2050/2042/2050 2049/2043/2049
f 2090/2083/2090 2091/2085/2091 2051/2044/2051
f 2092/2084/2092 2052/2045/2052 2051/2044/2051
f 2092/2084/2092 2093/2086/2093 2053/2046/2053
f 2093/2086/2093 2094/2087/2094 2054/2047/2054
f 2094/2087/2094 2095/2089/2095 2055/2048/2055
f 2096/2088/2096 2056/2049/2056 2055/2048/2055
f 2097/2090/2097 2057/2050/2057 2056/2049/2056
f 2098/2091/2098 2058/2051/2058 2057/2050/2057
f 2099/2092/2099 2059/2052/2059 2058/2051/2058
f 2100/2093/2100 2060/2053/2060 2059/2052/2059
f 2101/2094/2101 2061/2054/2061 2060/2053/2060
f 2102/2095/2102 2062/2055/2062 2061/2054/2061
f 2103/2096/2103 2063/2056/2063 2062/2055/2062
f 2103/2096/2103 2104/2097/2104 2064/2057/2064
f 2104/2097/2104 2105/2098/2105 2065/2058/2065
f 2105/2098/2105 2106/2099/2106 2066/2059/2066
f 2106/2099/2106 2107/2100/2107 2067/2061/2067
f 2107/2100/2107 2108/2102/2108 2068/2060/2068
f 2109/2101/2109 2069/2062/2069 2068/2060/2068
f 2110/2103/2110 2070/2064/2070 2069/2062/2069
f 2111/2104/2111 2071/2063/2071 2070/2064/2070
f 2111/2104/2111 2112/2105/2112 2072/2065/2072
f 2112/2105/2112 2113/2106/2113 2073/2066/2073
f 2113/2106/2113 2114/2107/2114 2074/2067/2074
f 2114/2107/2114 2115/2109/2115 2075/2068/2075
f 2116/2108/2116 2076/2070/2076 2075/2068/2075
f 2117/2110/2117 2077/2069/2077 2076/2070/2076
f 2117/2110/2117 2118/2111/2118 2078/2071/2078
f 2118/2111/2118 2119/2113/2119 2079/2072/2079
f 2120/2112/2120 2080/5113/2080 2079/2072/2079
f 2121/2114/2121 2122/2116/2122 2082/2074/2082
f 2123/2115/2123 2083/2076/2083 2082/2074/2082
f 2124/2117/2124 2084/2078/2084 2083/2076/2083
f 2124/2117/2124 2125/2119/2125 2085/2077/2085
f 2126/2118/2126 2086/2079/2086 2085/2077/2085
f 2127/2120/2127 2087/2080/2087 2086/2079/2086
f 2128/2121/2128 2088/2081/2088 2087/2080/2087
f 2129/2122/2129 2089/2082/2089 2088/2081/2088
f 2129/2122/2129 2130/2123/2130 2090/2083/2090
f 2130/2123/2130 2131/2125/2131 2091/2085/2091
f 2132/2124/2132 2092/2084/2092 2091/2085/2091
f 2132/2124/2132 2133/2127/2133 2093/2086/2093
f 2134/2126/2134 2094/2087/2094 2093/2086/2093
f 2134/2126/2134 2135/2129/2135 2095/2089/2095
f 2136/2128/2136 2096/2088/2096 2095/2089/2095
f 2137/2130/2137 2097/2090/2097 2096/2088/2096
f 2138/2131/2138 2098/2091/2098 2097/2090/2097
f 2139/2132/2139 2099/2092/2099 2098/2091/2098
f 2140/2133/2140 2100/2093/2100 2099/2092/2099
f 2141/2134/2141 2101/2094/2101 2100/2093/2100
f 2142/2135/2142 2102/2095/2102 2101/2094/2101
f 2143/2136/2143 2103/2096/2103 2102/2095/2102
f 2143/2136/2143 2144/2137/2144 2104/2097/2104
f 2144/2137/2144 2145/2138/2145 2105/2098/2105
f 2145/2138/2145 2146/2140/2146 2106/2099/2106
f 2147/2139/2147 2107/2100/2107 2106/2099/2106
f 2148/2141/2148 2108/2102/2108 2107/2100/2107
f 2149/2142/2149 2109/2101/2109 2108/2102/2108
f 2150/2143/2150 2110/2103/2110 2109/2101/2109
f 2150/2143/2150 2151/2144/2151 2111/2104/2111
f 2151/2144/2151 2152/2145/2152 2112/2105/2112
f 2152/2145/2152 2153/2146/2153 2113/2106/2113
f 2153/2146/2153 2154/2147/2154 2114/2107/2114
f 2154/2147/2154 2155/2149/2155 2115/2109/2115
f 2156/2148/2156 2116/2108/2116 2115/2109/2115
f 2156/2148/2156 2157/2150/2157 2117/2110/2117
f 2157/2150/2157 2158/2151/2158 2118/2111/2118
f 2158/2151/2158 2159/2153/2159 2119/2113/2119
f 2160/2152/2160 2120/2112/2120 2119/2113/2119
f 2161/2154/2161 2162/2156/2162 2122/2116/2122
f 2163/2155/2163 2123/2115/2123 2122/2116/2122
f 2164/2157/2164 2124/2117/2124 2123/2115/2123
f 2165/2158/2165 2125/2119/2125 2124/2117/2124
f 2165/2158/2165 2166/2160/2166 2126/2118/2126
f 2167/2159/2167 2127/2120/2127 2126/2118/2126
f 2167/2159/2167 2168/2162/2168 2128/2121/2128
f 2169/2161/2169 2129/2122/2129 2128/2121/2128
f 2170/2163/2170 2130/2123/2130 2129/2122/2129
f 2170/2163/2170 2171/2165/2171 2131/2125/2131
f 2172/2164/2172 2132/2124/2132 2131/2125/2131
f 2172/2164/2172 2173/2166/2173 2133/2127/2133
f 2173/2166/2173 2174/2168/2174 2134/2126/2134
f 2175/2167/2175 2135/2129/2135 2134/2126/2134
f 2176/2169/2176 2136/2128/2136 2135/2129/2135
f 2177/2170/2177 2137/2130/2137 2136/2128/2136
f 2178/2171/2178 2138/2131/2138 2137/2130/2137
f 2179/2172/2179 2139/2132/2139 2138/2131/2138
f 2180/2173/2180 2140/2133/2140 2139/2132/2139
f 2181/2174/2181 2141/2134/2141 2140/2133/2140
f 2182/2175/2182 2142/2135/2142 2141/2134/2141
f 2183/2176/2183 2143/2136/2143 2142/2135/2142
f 2183/2176/2183 2184/2178/2184 2144/2137/2144
f 2185/2177/2185 2145/2138/2145 2144/2137/2144
f 2186/2179/2186 2146/2140/2146 2145/2138/2145
f 2187/2180/2187 2147/2139/2147 2146/2140/2146
f 2188/2181/2188 2148/2141/2148 2147/2139/2147
f 2189/2182/2189 2149/2142/2149 2148/2141/2148
f 2189/2182/2189 2190/2183/2190 2150/2143/2150
f 2190/2183/2190 2191/2184/2191 2151/2144/2151
f 2191/2184/2191 2192/2185/2192 2152/2145/2152
f 2192/2185/2192 2193/2186/2193 2153/2146/2153
f 2193/2186/2193 2194/2188/2194 2154/2147/2154
f 2195/2187/2195 2155/2149/2155 2154/2147/2154
f 2195/2187/2195 2196/2189/2196 2156/2148/2156
f 2196/2189/2196 2197/2190/2197 2157/2150/2157
f 2197/2190/2197 2198/2191/2198 2158/2151/2158
f 2198/2191/2198 2199/2193/2199 2159/2153/2159
f 2200/2192/2200 2160/2152/2160 2159/2153/2159
f 2201/2194/2201 2202/2196/2202 2162/2156/2162
f 2203/2195/2203 2163/2155/2163 2162/2156/2162
f 2204/2197/2204 2164/2157/2164 2163/2155/2163
f 2205/2198/2205 2165/2158/2165 2164/2157/2164
f 2206/2199/2206 2166/2160/2166 2165/2158/2165
f 2206/2199/2206 2207/2201/2207 2167/2159/2167
f 2208/2200/2208 2168/2162/2168 2167/2159/2167
f 2208/2200/2208 2209/2202/2209 2169/2161/2169
f 2209/2202/2209 2210/2204/2210 2170/2163/2170
f 2211/2203/2211 2171/2165/2171 2170/2163/2170
f 2212/2205/2212 2172/2164/2172 2171/2165/2171
f 2213/2206/2213 2173/2166/2173 2172/2164/2172
f 2213/2206/2213 2214/2208/2214 2174/2168/2174
f 2215/2207/2215 2175/2167/2175 2174/2168/2174
f 2216/2209/2216 2176/2169/2176 2175/2167/2175
f 2217/2210/2217 2177/2170/2177 2176/2169/2176
f 2218/2211/2218 2178/2171/2178 2177/2170/2177
f 2219/2212/2219 2179/2172/2179 2178/2171/2178
f 2220/2213/2220 2180/2173/2180 2179/2172/2179
f 2221/2214/2221 2181/2174/2181 2180/2173/2180
f 2222/2215/2222 2182/2175/2182 2181/2174/2181
f 2223/2216/2223 2183/2176/2183 2182/2175/2182
f 2223/2216/2223 2224/2218/2224 2184/2178/2184
f 2225/2217/2225 2185/2177/2185 2184/2178/2184
f 2226/2219/2226 2186/2179/2186 2185/2177/2185
f 2226/2219/2226 2227/2220/2227 2187/2180/2187
f 2227/2220/2227 2228/2221/2228 2188/2181/2188
f 2228/2221/2228 2229/2223/2229 2189/2182/2189
f 2230/2222/2230 2190/2183/2190 2189/2182/2189
f 2230/2222/2230 2231/2224/2231 2191/2184/2191
f 2231/2224/2231 2232/2225/2232 2192/2185/2192
f 2232/2225/2232 2233/2227/2233 2193/2186/2193
f 2234/2226/2234 2194/2188/2194 2193/2186/2193
f 2234/2226/2234 2235/2228/2235 2195/2187/2195
f 2235/2228/2235 2236/2229/2236 2196/2189/2196
f 2236/2229/2236 2237/2230/2237 2197/2190/2197
f 2237/2230/2237 2238/2231/2238 2198/2191/2198
f 2238/2231/2238 2239/2233/2239 2199/2193/2199
f 2240/2232/2240 2200/2192/2200 2199/2193/2199
f 2242/2234/2242 2202/2196/2202 2201/2194/2201
f 2242/2234/2242 2243/2237/2243 2203/2195/2203
f 2244/2236/2244 2204/2197/2204 2203/2195/2203
f 2245/2238/2245 2205/2198/2205 2204/2197/2204
f 2246/2239/2246 2206/2199/2206 2205/2198/2205
f 2246/2239/2246 2247/2240/2247 2207/2201/2207
f 2247/2240/2247 2248/2241/2248 2208/2200/2208
f 2248/2241/2248 2249/2242/2249 2209/2202/2209
f 2249/2242/2249 2250/2243/2250 2210/2204/2210
f 2250/2243/2250 2251/2245/2251 2211/2203/2211
f 2252/2244/2252 2212/2205/2212 2211/2203/2211
f 2252/2244/2252 2253/2246/2253 2213/2206/2213
f 2253/2246/2253 2254/2248/2254 2214/2208/2214
f 2255/2247/2255 2215/2207/2215 2214/2208/2214
f 2256/2249/2256 2216/2209/2216 2215/2207/2215
f 2257/2250/2257 2217/2210/2217 2216/2209/2216
f 2258/2251/2258 2218/2211/2218 2217/2210/2217
f 2259/2252/2259 2219/2212/2219 2218/2211/2218
f 2260/2253/2260 2220/2213/2220 2219/2212/2219
f 2261/2254/2261 2221/2214/2221 2220/2213/2220
f 2262/2255/2262 2222/2215/2222 2221/2214/2221
f 2263/2256/2263 2223/2216/2223 2222/2215/2222
f 2263/2256/2263 2264/2258/2264 2224/2218/2224
f 2265/2257/2265 2225/2217/2225 2224/2218/2224
f 2266/2259/2266 2226/2219/2226 2225/2217/2225
f 2267/2260/2267 2227/2220/2227 2226/2219/2226
f 2267/2260/2267 2268/2261/2268 2228/2221/2228
f 2268/2261/2268 2269/2262/2269 2229/2223/2229
f 2269/2262/2269 2270/2264/2270 2230/2222/2230
f 2271/2263/2271 2231/2224/2231 2230/2222/2230
f 2271/2263/2271 2272/2265/2272 2232/2225/2232
f 2272/2265/2272 2273/2267/2273 2233/2227/2233
f 2274/2266/2274 2234/2226/2234 2233/2227/2233
f 2274/2266/2274 2275/2268/2275 2235/2228/2235
f 2275/2268/2275 2276/2269/2276 2236/2229/2236
f 2276/2269/2276 2277/2270/2277 2237/2230/2237
f 2277/2270/2277 2278/2272/2278 2238/2231/2238
f 2279/2271/2279 2239/2233/2239 2238/2231/2238
f 2279/2271/2279 2280/2312/2280 2240/2232/2240
f 2282/2273/2282 2242/2234/2242 2241/2235/2241
f 2283/2275/2283 2243/2237/2243 2242/2234/2242
f 2283/2275/2283 2284/2277/2284 2244/2236/2244
f 2285/2276/2285 2245/2238/2245 2244/2236/2244
f 2286/2278/2286 2246/2239/2246 2245/2238/2245
f 2286/2278/2286 2287/2279/2287 2247/2240/2247
f 2287/2279/2287 2288/2281/2288 2248/2241/2248
f 2289/2280/2289 2249/2242/2249 2248/2241/2248
f 2289/2280/2289 2290/2282/2290 2250/2243/2250
f 2290/2282/2290 2291/2284/2291 2251/2245/2251
f 2292/2283/2292 2252/2244/2252 2251/2245/2251
f 2292/2283/2292 2293/2285/2293 2253/2246/2253
f 2293/2285/2293 2294/2287/2294 2254/2248/2254
f 2295/2286/2295 2255/2247/2255 2254/2248/2254
f 2295/2286/2295 2296/2289/2296 2256/2249/2256
f 2297/2288/2297 2257/2250/2257 2256/2249/2256
f 2298/2290/2298 2258/2251/2258 2257/2250/2257
f 2299/2291/2299 2259/2252/2259 2258/2251/2258
f 2300/2292/2300 2260/2253/2260 2259/2252/2259
f 2301/2293/2301 2261/2254/2261 2260/2253/2260
f 2302/2294/2302 2262/2255/2262 2261/2254/2261
f 2303/2295/2303 2263/2256/2263 2262/2255/2262
f 2304/2296/2304 2264/2258/2264 2263/2256/2263
f 2305/2297/2305 2265/2257/2265 2264/2258/2264
f 2306/2298/2306 2266/2259/2266 2265/2257/2265
f 2306/2298/2306 2307/2300/2307 2267/2260/2267
f 2308/2299/2308 2268/2261/2268 2267/2260/2267
f 2309/2301/2309 2269/2262/2269 2268/2261/2268
f 2309/2301/2309 2310/2303/2310 2270/2264/2270
f 2311/2302/2311 2271/2263/2271 2270/2264/2270
f 2312/2304/2312 2272/2265/2272 2271/2263/2271
f 2313/2305/2313 2273/2267/2273 2272/2265/2272
f 2314/2306/2314 2274/2266/2274 2273/2267/2273
f 2314/2306/2314 2315/2307/2315 2275/2268/2275
f 2315/2307/2315 2316/2308/2316 2276/2269/2276
f 2316/2308/2316 2317/2309/2317 2277/2270/2277
f 2317/2309/2317 2318/2310/2318 2278/2272/2278
f 2318/2310/2318 2319/2311/2319 2279/2271/2279
f 2319/2311/2319 2320/2352/2320 2280/2312/2280
f 2322/2313/2322 2282/2273/2282 2281/2274/2281
f 2323/2315/2323 2283/2275/2283 2282/2273/2282
f 2324/2316/2324 2284/2277/2284 2283/2275/2283
f 2324/2316/2324 2325/2318/2325 2285/2276/2285
f 2326/2317/2326 2286/2278/2286 2285/2276/2285
f 2327/2319/2327 2287/2279/2287 2286/2278/2286
f 2327/2319/2327 2328/2321/2328 2288/2281/2288
f 2329/2320/2329 2289/2280/2289 2288/2281/2288
f 2330/2322/2330 2290/2282/2290 2289/2280/2289
f 2330/2322/2330 2331/2324/2331 2291/2284/2291
f 2332/2323/2332 2292/2283/2292 2291/2284/2291
f 2333/2325/2333 2293/2285/2293 2292/2283/2292
f 2334/2326/2334 2294/2287/2294 2293/2285/2293
f 2335/2327/2335 2295/2286/2295 2294/2287/2294
f 2335/2327/2335 2336/2329/2336 2296/2289/2296
f 2337/2328/2337 2297/2288/2297 2296/2289/2296
f 2338/2330/2338 2298/2290/2298 2297/2288/2297
f 2339/2331/2339 2299/2291/2299 2298/2290/2298
f 2340/2332/2340 2300/2292/2300 2299/2291/2299
f 2341/2333/2341 2301/2293/2301 2300/2292/2300
f 2342/2334/2342 2302/2294/2302 2301/2293/2301
f 2343/2335/2343 2303/2295/2303 2302/2294/2302
f 2344/2336/2344 2304/2296/2304 2303/2295/2303
f 2345/2337/2345 2305/2297/2305 2304/2296/2304
f 2345/2337/2345 2346/2338/2346 2306/2298/2306
f 2346/2338/2346 2347/2340/2347 2307/2300/2307
f 2348/2339/2348 2308/2299/2308 2307/2300/2307
f 2349/2341/2349 2309/2301/2309 2308/2299/2308
f 2349/2341/2349 2350/2343/2350 2310/2303/2310
f 2351/2342/2351 2311/2302/2311 2310/2303/2310
f 2352/2344/2352 2312/2304/2312 2311/2302/2311
f 2353/2345/2353 2313/2305/2313 2312/2304/2312
f 2354/2346/2354 2314/2306/2314 2313/2305/2313
f 2354/2346/2354 2355/2347/2355 2315/2307/2315
f 2355/2347/2355 2356/2348/2356 2316/2308/2316
f 2356/2348/2356 2357/2349/2357 2317/2309/2317
f 2357/2349/2357 2358/2351/2358 2318/2310/2318
f 2359/2350/2359 2319/2311/2319 2318/2310/2318
f 2359/2350/2359 2360/2392/2360 2320/2352/2320
f 2361/2353/2361 2362/2355/2362 2322/2313/2322
f 2363/2354/2363 2323/2315/2323 2322/2313/2322
f 2364/2356/2364 2324/2316/2324 2323/2315/2323
f 2365/2357/2365 2325/2318/2325 2324/2316/2324
f 2366/2358/2366 2326/2317/2326 2325/2318/2325
f 2367/2359/2367 2327/2319/2327 2326/2317/2326
f 2367/2359/2367 2368/2360/2368 2328/2321/2328
f 2368/2360/2368 2369/2362/2369 2329/2320/2329
f 2370/2361/2370 2330/2322/2330 2329/2320/2329
f 2370/2361/2370 2371/2363/2371 2331/2324/2331
f 2371/2363/2371 2372/2365/2372 2332/2323/2332
f 2373/2364/2373 2333/2325/2333 2332/2323/2332
f 2373/2364/2373 2374/2367/2374 2334/2326/2334
f 2375/2366/2375 2335/2327/2335 2334/2326/2334
f 2375/2366/2375 2376/2368/2376 2336/2329/2336
f 2376/2368/2376 2377/2370/2377 2337/2328/2337
f 2378/2369/2378 2338/2330/2338 2337/2328/2337
f 2379/2371/2379 2339/2331/2339 2338/2330/2338
f 2380/2372/2380 2340/2332/2340 2339/2331/2339
f 2381/2373/2381 2341/2333/2341 2340/2332/2340
f 2382/2374/2382 2342/2334/2342 2341/2333/2341
f 2383/2375/2383 2343/2335/2343 2342/2334/2342
f 2384/2376/2384 2344/2336/2344 2343/2335/2343
f 2385/2377/2385 2345/2337/2345 2344/2336/2344
f 2385/2377/2385 2386/2378/2386 2346/2338/2346
f 2386/2378/2386 2387/2379/2387 2347/2340/2347
f 2387/2379/2387 2388/2381/2388 2348/2339/2348
f 2389/2380/2389 2349/2341/2349 2348/2339/2348
f 2390/2382/2390 2350/2343/2350 2349/2341/2349
f 2391/2383/2391 2351/2342/2351 2350/2343/2350
f 2392/2384/2392 2352/2344/2352 2351/2342/2351
f 2393/2385/2393 2353/2345/2353 2352/2344/2352
f 2394/2386/2394 2354/2346/2354 2353/2345/2353
f 2394/2386/2394 2395/2387/2395 2355/2347/2355
f 2395/2387/2395 2396/2388/2396 2356/2348/2356
f 2396/2388/2396 2397/2389/2397 2357/2349/2357
f 2397/2389/2397 2398/2391/2398 2358/2351/2358
f 2399/2390/2399 2359/2350/2359 2358/2351/2358
f 2399/2390/2399 2400/2432/2400 2360/2392/2360
f 2401/2393/2401 2402/2394/2402 2362/2355/2362
f 2402/2394/2402 2403/2396/2403 2363/2354/2363
f 2404/2395/2404 2364/2356/2364 2363/2354/2363
f 2405/2397/2405 2365/2357/2365 2364/2356/2364
f 2406/2398/2406 2366/2358/2366 2365/2357/2365
f 2406/2398/2406 2407/2399/2407 2367/2359/2367
f 2407/2399/2407 2408/2400/2408 2368/2360/2368
f 2408/2400/2408 2409/2401/2409 2369/2362/2369
f 2409/2401/2409 2410/2403/2410 2370/2361/2370
f 2411/2402/2411 2371/2363/2371 2370/2361/2370
f 2412/2404/2412 2372/2365/2372 2371/2363/2371
f 2413/2405/2413 2373/2364/2373 2372/2365/2372
f 2413/2405/2413 2414/2407/2414 2374/2367/2374
f 2415/2406/2415 2375/2366/2375 2374/2367/2374
f 2415/2406/2415 2416/2409/2416 2376/2368/2376
f 2417/2408/2417 2377/2370/2377 2376/2368/2376
f 2417/2408/2417 2418/2411/2418 2378/2369/2378
f 2419/2410/2419 2379/2371/2379 2378/2369/2378
f 2420/2412/2420 2380/2372/2380 2379/2371/2379
f 2421/2413/2421 2381/2373/2381 2380/2372/2380
f 2422/2414/2422 2382/2374/2382 2381/2373/2381
f 2423/2415/2423 2383/2375/2383 2382/2374/2382
f 2423/2415/2423 2424/2417/2424 2384/2376/2384
f 2425/2416/2425 2385/2377/2385 2384/2376/2384
f 2425/2416/2425 2426/2418/2426 2386/2378/2386
f 2426/2418/2426 2427/2419/2427 2387/2379/2387
f 2427/2419/2427 2428/2421/2428 2388/2381/2388
f 2429/2420/2429 2389/2380/2389 2388/2381/2388
f 2430/2422/2430 2390/2382/2390 2389/2380/2389
f 2431/2423/2431 2391/2383/2391 2390/2382/2390
f 2432/2424/2432 2392/2384/2392 2391/2383/2391
f 2433/2425/2433 2393/2385/2393 2392/2384/2392
f 2434/2426/2434 2394/2386/2394 2393/2385/2393
f 2434/2426/2434 2435/2427/2435 2395/2387/2395
f 2435/2427/2435 2436/2428/2436 2396/2388/2396
f 2436/2428/2436 2437/2430/2437 2397/2389/2397
f 2438/2429/2438 2398/2391/2398 2397/2389/2397
f 2438/2429/2438 2439/2431/2439 2399/2390/2399
f 2439/2431/2439 2440/2472/2440 2400/2432/2400
f 2442/2433/2442 2402/2394/2402 2401/2393/2401
f 2442/2433/2442 2443/2435/2443 2403/2396/2403
f 2443/2435/2443 2444/2437/2444 2404/2395/2404
f 2445/2436/2445 2405/2397/2405 2404/2395/2404
f 2446/2438/2446 2406/2398/2406 2405/2397/2405
f 2446/2438/2446 2447/2439/2447 2407/2399/2407
f 2447/2439/2447 2448/2441/2448 2408/2400/2408
f 2449/2440/2449 2409/2401/2409 2408/2400/2408
f 2450/2442/2450 2410/2403/2410 2409/2401/2409
f 2451/2443/2451 2411/2402/2411 2410/2403/2410
f 2451/2443/2451 2452/2445/2452 2412/2404/2412
f 2453/2444/2453 2413/2405/2413 2412/2404/2412
f 2454/2446/2454 2414/2407/2414 2413/2405/2413
f 2454/2446/2454 2455/2448/2455 2415/2406/2415
f 2456/2447/2456 2416/2409/2416 2415/2406/2415
f 2457/2449/2457 2417/2408/2417 2416/2409/2416
f 2458/2450/2458 2418/2411/2418 2417/2408/2417
f 2458/2450/2458 2459/2452/2459 2419/2410/2419
f 2460/2451/2460 2420/2412/2420 2419/2410/2419
f 2461/2453/2461 2421/2413/2421 2420/2412/2420
f 2461/2453/2461 2462/2455/2462 2422/2414/2422
f 2463/2454/2463 2423/2415/2423 2422/2414/2422
f 2463/2454/2463 2464/2456/2464 2424/2417/2424
f 2464/2456/2464 2465/2457/2465 2425/2416/2425
f 2465/2457/2465 2466/2458/2466 2426/2418/2426
f 2466/2458/2466 2467/2459/2467 2427/2419/2427
f 2467/2459/2467 2468/2461/2468 2428/2421/2428
f 2469/2460/2469 2429/2420/2429 2428/2421/2428
f 2470/2462/2470 2430/2422/2430 2429/2420/2429
f 2471/2463/2471 2431/2423/2431 2430/2422/2430
f 2472/2464/2472 2432/2424/2432 2431/2423/2431
f 2473/2465/2473 2433/2425/2433 2432/2424/2432
f 2474/2466/2474 2434/2426/2434 2433/2425/2433
f 2474/2466/2474 2475/2467/2475 2435/2427/2435
f 2475/2467/2475 2476/2468/2476 2436/2428/2436
f 2476/2468/2476 2477/2470/2477 2437/2430/2437
f 2478/2469/2478 2438/2429/2438 2437/2430/2437
f 2478/2469/2478 2479/2471/2479 2439/2431/2439
f 2479/2471/2479 2480/2512/2480 2440/2472/2440
f 2482/2473/2482 2442/2433/2442 2441/2434/2441
f 2483/2475/2483 2443/2435/2443 2442/2433/2442
f 2483/2475/2483 2484/2477/2484 2444/2437/2444
f 2485/2476/2485 2445/2436/2445 2444/2437/2444
f 2486/2478/2486 2446/2438/2446 2445/2436/2445
f 2486/2478/2486 2487/2479/2487 2447/2439/2447
f 2487/2479/2487 2488/2481/2488 2448/2441/2448
f 2489/2480/2489 2449/2440/2449 2448/2441/2448
f 2489/2480/2489 2490/2483/2490 2450/2442/2450
f 2491/2482/2491 2451/2443/2451 2450/2442/2450
f 2491/2482/2491 2492/2485/2492 2452/2445/2452
f 2493/2484/2493 2453/2444/2453 2452/2445/2452
f 2493/2484/2493 2494/2486/2494 2454/2446/2454
f 2494/2486/2494 2495/2487/2495 2455/2448/2455
f 2495/2487/2495 2496/2488/2496 2456/2447/2456
f 2496/2488/2496 2497/2490/2497 2457/2449/2457
f 2498/2489/2498 2458/2450/2458 2457/2449/2457
f 2498/2489/2498 2499/2492/2499 2459/2452/2459
f 2500/2491/2500 2460/2451/2460 2459/2452/2459
f 2501/2493/2501 2461/2453/2461 2460/2451/2460
f 2502/2494/2502 2462/2455/2462 2461/2453/2461
f 2502/2494/2502 2503/2495/2503 2463/2454/2463
f 2503/2495/2503 2504/2496/2504 2464/2456/2464
f 2504/2496/2504 2505/2497/2505 2465/2457/2465
f 2505/2497/2505 2506/2498/2506 2466/2458/2466
f 2506/2498/2506 2507/2499/2507 2467/2459/2467
f 2507/2499/2507 2508/2500/2508 2468/2461/2468
f 2508/2500/2508 2509/2502/2509 2469/2460/2469
f 2510/2501/2510 2470/2462/2470 2469/2460/2469
f 2511/2503/2511 2471/2463/2471 2470/2462/2470
f 2512/2504/2512 2472/2464/2472 2471/2463/2471
f 2513/2505/2513 2473/2465/2473 2472/2464/2472
f 2513/2505/2513 2514/2506/2514 2474/2466/2474
f 2514/2506/2514 2515/2507/2515 2475/2467/2475
f 2515/2507/2515 2516/2509/2516 2476/2468/2476
f 2517/2508/2517 2477/2470/2477 2476/2468/2476
f 2518/2510/2518 2478/2469/2478 2477/2470/2477
f 2519/2511/2519 2479/2471/2479 2478/2469/2478
f 2519/2511/2519 2520/2552/2520 2480/2512/2480
f 2522/2513/2522 2482/2473/2482 2481/2474/2481
f 2523/2515/2523 2483/2475/2483 2482/2473/2482
f 2523/2515/2523 2524/2517/2524 2484/2477/2484
f 2525/2516/2525 2485/2476/2485 2484/2477/2484
f 2526/2518/2526 2486/2478/2486 2485/2476/2485
f 2527/2519/2527 2487/2479/2487 2486/2478/2486
f 2528/2520/2528 2488/2481/2488 2487/2479/2487
f 2529/2521/2529 2489/2480/2489 2488/2481/2488
f 2530/2522/2530 2490/2483/2490 2489/2480/2489
f 2531/2523/2531 2491/2482/2491 2490/2483/2490
f 2532/2524/2532 2492/2485/2492 2491/2482/2491
f 2533/2525/2533 2493/2484/2493 2492/2485/2492
f 2534/2526/2534 2494/2486/2494 2493/2484/2493
f 2534/2526/2534 2535/2528/2535 2495/2487/2495
f 2536/2527/2536 2496/2488/2496 2495/2487/2495
f 2536/2527/2536 2537/2530/2537 2497/2490/2497
f 2538/2529/2538 2498/2489/2498 2497/2490/2497
f 2538/2529/2538 2539/2532/2539 2499/2492/2499
f 2540/2531/2540 2500/2491/2500 2499/2492/2499
f 2541/2533/2541 2501/2493/2501 2500/2491/2500
f 2541/2533/2541 2542/2535/2542 2502/2494/2502
f 2543/2534/2543 2503/2495/2503 2502/2494/2502
f 2543/2534/2543 2544/2536/2544 2504/2496/2504
f 2544/2536/2544 2545/2538/2545 2505/2497/2505
f 2546/2537/2546 2506/2498/2506 2505/2497/2505
f 2546/2537/2546 2547/2540/2547 2507/2499/2507
f 2548/2539/2548 2508/2500/2508 2507/2499/2507
f 2548/2539/2548 2549/2542/2549 2509/2502/2509
f 2550/2541/2550 2510/2501/2510 2509/2502/2509
f 2550/2541/2550 2551/2544/2551 2511/2503/2511
f 2552/2543/2552 2512/2504/2512 2511/2503/2511
f 2553/2545/2553 2513/2505/2513 2512/2504/2512
f 2553/2545/2553 2554/2546/2554 2514/2506/2514
f 2554/2546/2554 2555/2547/2555 2515/2507/2515
f 2555/2547/2555 2556/2549/2556 2516/2509/2516
f 2557/2548/2557 2517/2508/2517 2516/2509/2516
f 2558/2550/2558 2518/2510/2518 2517/2508/2517
f 2559/2551/2559 2519/2511/2519 2518/2510/2518
f 2559/2551/2559 2560/2592/2560 2520/2552/2520
f 2562/2553/2562 2522/2513/2522 2521/2514/2521
f 2563/2555/2563 2523/2515/2523 2522/2513/2522
f 2563/2555/2563 2564/2557/2564 2524/2517/2524
f 2565/2556/2565 2525/2516/2525 2524/2517/2524
f 2566/2558/2566 2526/2518/2526 2525/2516/2525
f 2567/2559/2567 2527/2519/2527 2526/2518/2526
f 2568/2560/2568 2528/2520/2528 2527/2519/2527
f 2569/2561/2569 2529/2521/2529 2528/2520/2528
f 2570/2562/2570 2530/2522/2530 2529/2521/2529
f 2571/2563/2571 2531/2523/2531 2530/2522/2530
f 2572/2564/2572 2532/2524/2532 2531/2523/2531
f 2573/2565/2573 2533/2525/2533 2532/2524/2532
f 2574/2566/2574 2534/2526/2534 2533/2525/2533
f 2575/2567/2575 2535/2528/2535 2534/2526/2534
f 2576/2568/2576 2536/2527/2536 2535/2528/2535
f 2576/2568/2576 2577/2570/2577 2537/2530/2537
f 2578/2569/2578 2538/2529/2538 2537/2530/2537
f 2579/2571/2579 2539/2532/2539 2538/2529/2538
f 2579/2571/2579 2580/2573/2580 2540/2531/2540
f 2581/2572/2581 2541/2533/2541 2540/2531/2540
f 2581/2572/2581 2582/2575/2582 2542/2535/2542
f 2583/2574/2583 2543/2534/2543 2542/2535/2542
f 2584/2576/2584 2544/2536/2544 2543/2534/2543
f 2585/2577/2585 2545/2538/2545 2544/2536/2544
f 2585/2577/2585 2586/2579/2586 2546/2537/2546
f 2587/2578/2587 2547/2540/2547 2546/2537/2546
f 2587/2578/2587 2588/2581/2588 2548/2539/2548
f 2589/2580/2589 2549/2542/2549 2548/2539/2548
f 2589/2580/2589 2590/2582/2590 2550/2541/2550
f 2590/2582/2590 2591/2583/2591 2551/2544/2551
f 2591/2583/2591 2592/2585/2592 2552/2543/2552
f 2593/2584/2593 2553/2545/2553 2552/2543/2552
f 2593/2584/2593 2594/2586/2594 2554/2546/2554
f 2594/2586/2594 2595/2587/2595 2555/2547/2555
f 2595/2587/2595 2596/2589/2596 2556/2549/2556
f 2597/2588/2597 2557/2548/2557 2556/2549/2556
f 2598/2590/2598 2558/2550/2558 2557/2548/2557
f 2599/2591/2599 2559/2551/2559 2558/2550/2558
f 2599/2591/2599 2600/2632/2600 2560/2592/2560
f 2601/2593/2601 2602/2594/2602 2562/2553/2562
f 2602/2594/2602 2603/2595/2603 2563/2555/2563
f 2603/2595/2603 2604/2597/2604 2564/2557/2564
f 2605/2596/2605 2565/2556/2565 2564/2557/2564
f 2606/2598/2606 2566/2558/2566 2565/2556/2565
f 2607/2599/2607 2567/2559/2567 2566/2558/2566
f 2608/2600/2608 2568/2560/2568 2567/2559/2567
f 2609/2601/2609 2569/2561/2569 2568/2560/2568
f 2610/2602/2610 2570/2562/2570 2569/2561/2569
f 2611/2603/2611 2571/2563/2571 2570/2562/2570
f 2612/2604/2612 2572/2564/2572 2571/2563/2571
f 2613/2605/2613 2573/2565/2573 2572/2564/2572
f 2614/2606/2614 2574/2566/2574 2573/2565/2573
f 2615/2607/2615 2575/2567/2575 2574/2566/2574
f 2616/2608/2616 2576/2568/2576 2575/2567/2575
f 2617/2609/2617 2577/2570/2577 2576/2568/2576
f 2618/2610/2618 2578/2569/2578 2577/2570/2577
f 2619/2611/2619 2579/2571/2579 2578/2569/2578
f 2619/2611/2619 2620/2613/2620 2580/2573/2580
f 2621/2612/2621 2581/2572/2581 2580/2573/2580
f 2621/2612/2621 2622/2615/2622 2582/2575/2582
f 2623/2614/2623 2583/2574/2583 2582/2575/2582
f 2623/2614/2623 2624/2616/2624 2584/2576/2584
f 2624/2616/2624 2625/2618/2625 2585/2577/2585
f 2626/2617/2626 2586/2579/2586 2585/2577/2585
f 2627/2619/2627 2587/2578/2587 2586/2579/2586
f 2628/2620/2628 2588/2581/2588 2587/2578/2587
f 2629/2621/2629 2589/2580/2589 2588/2581/2588
f 2629/2621/2629 2630/2623/2630 2590/2582/2590
f 2631/2622/2631 2591/2583/2591 2590/2582/2590
f 2632/2624/2632 2592/2585/2592 2591/2583/2591
f 2632/2624/2632 2633/2626/2633 2593/2584/2593
f 2634/2625/2634 2594/2586/2594 2593/2584/2593
f 2634/2625/2634 2635/2627/2635 2595/2587/2595
f 2635/2627/2635 2636/2629/2636 2596/2589/2596
f 2637/2628/2637 2597/2588/2597 2596/2589/2596
f 2638/2630/2638 2598/2590/2598 2597/2588/2597
f 2639/2631/2639 2599/2591/2599 2598/2590/2598
f 2639/2631/2639 2640/2672/2640 2600/2632/2600
f 2641/2633/2641 2642/2634/2642 2602/2594/2602
f 2642/2634/2642 2643/2635/2643 2603/2595/2603
f 2643/2635/2643 2644/2637/2644 2604/2597/2604
f 2645/2636/2645 2605/2596/2605 2604/2597/2604
f 2646/2638/2646 2606/2598/2606 2605/2596/2605
f 2647/2639/2647 2607/2599/2607 2606/2598/2606
f 2648/2640/2648 2608/2600/2608 2607/2599/2607
f 2649/2641/2649 2609/2601/2609 2608/2600/2608
f 2650/2642/2650 2610/2602/2610 2609/2601/2609
f 2651/2643/2651 2611/2603/2611 2610/2602/2610
f 2652/2644/2652 2612/2604/2612 2611/2603/2611
f 2653/2645/2653 2613/2605/2613 2612/2604/2612
f 2654/2646/2654 2614/2606/2614 2613/2605/2613
f 2655/2647/2655 2615/2607/2615 2614/2606/2614
f 2656/2648/2656 2616/2608/2616 2615/2607/2615
f 2657/2649/2657 2617/2609/2617 2616/2608/2616
f 2657/2649/2657 2658/2651/2658 2618/2610/2618
f 2659/2650/2659 2619/2611/2619 2618/2610/2618
f 2659/2650/2659 2660/2653/2660 2620/2613/2620
f 2661/2652/2661 2621/2612/2621 2620/2613/2620
f 2662/2654/2662 2622/2615/2622 2621/2612/2621
f 2663/2655/2663 2623/2614/2623 2622/2615/2622
f 2663/2655/2663 2664/2656/2664 2624/2616/2624
f 2664/2656/2664 2665/2658/2665 2625/2618/2625
f 2666/2657/2666 2626/2617/2626 2625/2618/2625
f 2667/2659/2667 2627/2619/2627 2626/2617/2626
f 2668/2660/2668 2628/2620/2628 2627/2619/2627
f 2669/2661/2669 2629/2621/2629 2628/2620/2628
f 2670/2662/2670 2630/2623/2630 2629/2621/2629
f 2671/2663/2671 2631/2622/2631 2630/2623/2630
f 2672/2664/2672 2632/2624/2632 2631/2622/2631
f 2673/2665/2673 2633/2626/2633 2632/2624/2632
f 2674/2666/2674 2634/2625/2634 2633/2626/2633
f 2675/2667/2675 2635/2627/2635 2634/2625/2634
f 2675/2667/2675 2676/2669/2676 2636/2629/2636
f 2677/2668/2677 2637/2628/2637 2636/2629/2636
f 2678/2670/2678 2638/2630/2638 2637/2628/2637
f 2679/2671/2679 2639/2631/2639 2638/2630/2638
f 2679/2671/2679 2680/2712/2680 2640/2672/2640
f 2681/2673/2681 2682/2674/2682 2642/2634/2642
f 2682/2674/2682 2683/2675/2683 2643/2635/2643
f 2683/2675/2683 2684/2677/2684 2644/2637/2644
f 2685/2676/2685 2645/2636/2645 2644/2637/2644
f 2686/2678/2686 2646/2638/2646 2645/2636/2645
f 2687/2679/2687 2647/2639/2647 2646/2638/2646
f 2688/2680/2688 2648/2640/2648 2647/2639/2647
f 2689/2681/2689 2649/2641/2649 2648/2640/2648
f 2690/2682/2690 2650/2642/2650 2649/2641/2649
f 2691/2683/2691 2651/2643/2651 2650/2642/2650
f 2692/2684/2692 2652/2644/2652 2651/2643/2651
f 2693/2685/2693 2653/2645/2653 2652/2644/2652
f 2694/2686/2694 2654/2646/2654 2653/2645/2653
f 2695/2687/2695 2655/2647/2655 2654/2646/2654
f 2696/2688/2696 2656/2648/2656 2655/2647/2655
f 2697/2689/2697 2657/2649/2657 2656/2648/2656
f 2697/2689/2697 2698/2691/2698 2658/2651/2658
f 2699/2690/2699 2659/2650/2659 2658/2651/2658
f 2700/2692/2700 2660/2653/2660 2659/2650/2659
f 2700/2692/2700 2701/2693/2701 2661/2652/2661
f 2701/2693/2701 2702/2695/2702 2662/2654/2662
f 2703/2694/2703 2663/2655/2663 2662/2654/2662
f 2704/2696/2704 2664/2656/2664 2663/2655/2663
f 2704/2696/2704 2705/2698/2705 2665/2658/2665
f 2706/2697/2706 2666/2657/2666 2665/2658/2665
f 2706/2697/2706 2707/2699/2707 2667/2659/2667
f 2707/2699/2707 2708/2700/2708 2668/2660/2668
f 2708/2700/2708 2709/2701/2709 2669/2661/2669
f 2709/2701/2709 2710/2703/2710 2670/2662/2670
f 2711/2702/2711 2671/2663/2671 2670/2662/2670
f 2711/2702/2711 2712/2705/2712 2672/2664/2672
f 2713/2704/2713 2673/2665/2673 2672/2664/2672
f 2714/2706/2714 2674/2666/2674 2673/2665/2673
f 2715/2707/2715 2675/2667/2675 2674/2666/2674
f 2716/2708/2716 2676/2669/2676 2675/2667/2675
f 2717/2709/2717 2677/2668/2677 2676/2669/2676
f 2718/2710/2718 2678/2670/2678 2677/2668/2677
f 2718/2710/2718 2719/2711/2719 2679/2671/2679
f 2719/2711/2719 2720/2752/2720 2680/2712/2680
f 2722/2713/2722 2682/2674/2682 2681/2673/2681
f 2722/2713/2722 2723/2716/2723 2683/2675/2683
f 2724/2715/2724 2684/2677/2684 2683/2675/2683
f 2725/2717/2725 2685/2676/2685 2684/2677/2684
f 2726/2718/2726 2686/2678/2686 2685/2676/2685
f 2727/2719/2727 2687/2679/2687 2686/2678/2686
f 2728/2720/2728 2688/2680/2688 2687/2679/2687
f 2729/2721/2729 2689/2681/2689 2688/2680/2688
f 2730/2722/2730 2690/2682/2690 2689/2681/2689
f 2731/2723/2731 2691/2683/2691 2690/2682/2690
f 2732/2724/2732 2692/2684/2692 2691/2683/2691
f 2733/2725/2733 2693/2685/2693 2692/2684/2692
f 2734/2726/2734 2694/2686/2694 2693/2685/2693
f 2735/2727/2735 2695/2687/2695 2694/2686/2694
f 2736/2728/2736 2696/2688/2696 2695/2687/2695
f 2737/2729/2737 2697/2689/2697 2696/2688/2696
f 2737/2729/2737 2738/2730/2738 2698/2691/2698
f 2738/2730/2738 2739/2732/2739 2699/2690/2699
f 2740/2731/2740 2700/2692/2700 2699/2690/2699
f 2741/2733/2741 2701/2693/2701 2700/2692/2700
f 2742/2734/2742 2702/2695/2702 2701/2693/2701
f 2743/2735/2743 2703/2694/2703 2702/2695/2702
f 2744/2736/2744 2704/2696/2704 2703/2694/2703
f 2745/2737/2745 2705/2698/2705 2704/2696/2704
f 2745/2737/2745 2746/2738/2746 2706/2697/2706
f 2746/2738/2746 2747/2740/2747 2707/2699/2707
f 2748/2739/2748 2708/2700/2708 2707/2699/2707
f 2749/2741/2749 2709/2701/2709 2708/2700/2708
f 2749/2741/2749 2750/2742/2750 2710/2703/2710
f 2750/2742/2750 2751/2744/2751 2711/2702/2711
f 2752/2743/2752 2712/2705/2712 2711/2702/2711
f 2752/2743/2752 2753/2746/2753 2713/2704/2713
f 2754/2745/2754 2714/2706/2714 2713/2704/2713
f 2755/2747/2755 2715/2707/2715 2714/2706/2714
f 2756/2748/2756 2716/2708/2716 2715/2707/2715
f 2756/2748/2756 2757/2749/2757 2717/2709/2717
f 2757/2749/2757 2758/2750/2758 2718/2710/2718
f 2758/2750/2758 2759/2751/2759 2719/2711/2719
f 2759/2751/2759 2760/2792/2760 2720/2752/2720
f 2762/2753/2762 2722/2713/2722 2721/2714/2721
f 2762/2753/2762 2763/2755/2763 2723/2716/2723
f 2763/2755/2763 2764/2757/2764 2724/2715/2724
f 2765/2756/2765 2725/2717/2725 2724/2715/2724
f 2766/2758/2766 2726/2718/2726 2725/2717/2725
f 2767/2759/2767 2727/2719/2727 2726/2718/2726
f 2768/2760/2768 2728/2720/2728 2727/2719/2727
f 2769/2761/2769 2729/2721/2729 2728/2720/2728
f 2770/2762/2770 2730/2722/2730 2729/2721/2729
f 2771/2763/2771 2731/2723/2731 2730/2722/2730
f 2772/2764/2772 2732/2724/2732 2731/2723/2731
f 2773/2765/2773 2733/2725/2733 2732/2724/2732
f 2774/2766/2774 2734/2726/2734 2733/2725/2733
f 2775/2767/2775 2735/2727/2735 2734/2726/2734
f 2776/2768/2776 2736/2728/2736 2735/2727/2735
f 2776/2768/2776 2777/2770/2777 2737/2729/2737
f 2778/2769/2778 2738/2730/2738 2737/2729/2737
f 2779/2771/2779 2739/2732/2739 2738/2730/2738
f 2780/2772/2780 2740/2731/2740 2739/2732/2739
f 2781/2773/2781 2741/2733/2741 2740/2731/2740
f 2782/2774/2782 2742/2734/2742 2741/2733/2741
f 2782/2774/2782 2783/2776/2783 2743/2735/2743
f 2784/2775/2784 2744/2736/2744 2743/2735/2743
f 2784/2775/2784 2785/2777/2785 2745/2737/2745
f 2785/2777/2785 2786/2778/2786 2746/2738/2746
f 2786/2778/2786 2787/2780/2787 2747/2740/2747
f 2788/2779/2788 2748/2739/2748 2747/2740/2747
f 2788/2779/2788 2789/2781/2789 2749/2741/2749
f 2789/2781/2789 2790/2782/2790 2750/2742/2750
f 2790/2782/2790 2791/2784/2791 2751/2744/2751
f 2792/2783/2792 2752/2743/2752 2751/2744/2751
f 2792/2783/2792 2793/2785/2793 2753/2746/2753
f 2793/2785/2793 2794/2786/2794 2754/2745/2754
f 2794/2786/2794 2795/2788/2795 2755/2747/2755
f 2796/2787/2796 2756/2748/2756 2755/2747/2755
f 2797/2789/2797 2757/2749/2757 2756/2748/2756
f 2798/2790/2798 2758/2750/2758 2757/2749/2757
f 2798/2790/2798 2799/2791/2799 2759/2751/2759
f 2799/2791/2799 2800/2832/2800 2760/2792/2760
f 2801/2793/2801 2802/2794/2802 2762/2753/2762
f 2802/2794/2802 2803/2795/2803 2763/2755/2763
f 2803/2795/2803 2804/2797/2804 2764/2757/2764
f 2805/2796/2805 2765/2756/2765 2764/2757/2764
f 2806/2798/2806 2766/2758/2766 2765/2756/2765
f 2807/2799/2807 2767/2759/2767 2766/2758/2766
f 2808/2800/2808 2768/2760/2768 2767/2759/2767
f 2809/2801/2809 2769/2761/2769 2768/2760/2768
f 2810/2802/2810 2770/2762/2770 2769/2761/2769
f 2811/2803/2811 2771/2763/2771 2770/2762/2770
f 2812/2804/2812 2772/2764/2772 2771/2763/2771
f 2813/2805/2813 2773/2765/2773 2772/2764/2772
f 2814/2806/2814 2774/2766/2774 2773/2765/2773
f 2814/2806/2814 2815/2808/2815 2775/2767/2775
f 2816/2807/2816 2776/2768/2776 2775/2767/2775
f 2816/2807/2816 2817/2810/2817 2777/2770/2777
f 2818/2809/2818 2778/2769/2778 2777/2770/2777
f 2818/2809/2818 2819/2812/2819 2779/2771/2779
f 2820/2811/2820 2780/2772/2780 2779/2771/2779
f 2821/2813/2821 2781/2773/2781 2780/2772/2780
f 2822/2814/2822 2782/2774/2782 2781/2773/2781
f 2822/2814/2822 2823/2815/2823 2783/2776/2783
f 2823/2815/2823 2824/2816/2824 2784/2775/2784
f 2824/2816/2824 2825/2818/2825 2785/2777/2785
f 2826/2817/2826 2786/2778/2786 2785/2777/2785
f 2826/2817/2826 2827/2819/2827 2787/2780/2787
f 2827/2819/2827 2828/2820/2828 2788/2779/2788
f 2828/2820/2828 2829/2821/2829 2789/2781/2789
f 2829/2821/2829 2830/2822/2830 2790/2782/2790
f 2830/2822/2830 2831/2823/2831 2791/2784/2791
f 2831/2823/2831 2832/2825/2832 2792/2783/2792
f 2833/2824/2833 2793/2785/2793 2792/2783/2792
f 2833/2824/2833 2834/2826/2834 2794/2786/2794
f 2834/2826/2834 2835/2827/2835 2795/2788/2795
f 2835/2827/2835 2836/2828/2836 2796/2787/2796
f 2836/2828/2836 2837/2830/2837 2797/2789/2797
f 2838/2829/2838 2798/2790/2798 2797/2789/2797
f 2838/2829/2838 2839/2831/2839 2799/2791/2799
f 2839/2831/2839 2840/2872/2840 2800/2832/2800
f 2841/2833/2841 2842/2834/2842 2802/2794/2802
f 2842/2834/2842 2843/2836/2843 2803/2795/2803
f 2844/2835/2844 2804/2797/2804 2803/2795/2803
f 2845/2837/2845 2805/2796/2805 2804/2797/2804
f 2846/2838/2846 2806/2798/2806 2805/2796/2805
f 2847/2839/2847 2807/2799/2807 2806/2798/2806
f 2848/2840/2848 2808/2800/2808 2807/2799/2807
f 2849/2841/2849 2809/2801/2809 2808/2800/2808
f 2849/2841/2849 2850/2842/2850 2810/2802/2810
f 2850/2842/2850 2851/2843/2851 2811/2803/2811
f 2851/2843/2851 2852/2844/2852 2812/2804/2812
f 2852/2844/2852 2853/2845/2853 2813/2805/2813
f 2853/2845/2853 2854/2846/2854 2814/2806/2814
f 2854/2846/2854 2855/2848/2855 2815/2808/2815
f 2856/2847/2856 2816/2807/2816 2815/2808/2815
f 2856/2847/2856 2857/2849/2857 2817/2810/2817
f 2857/2849/2857 2858/2850/2858 2818/2809/2818
f 2858/2850/2858 2859/2852/2859 2819/2812/2819
f 2860/2851/2860 2820/2811/2820 2819/2812/2819
f 2861/2853/2861 2821/2813/2821 2820/2811/2820
f 2861/2853/2861 2862/2855/2862 2822/2814/2822
f 2863/2854/2863 2823/2815/2823 2822/2814/2822
f 2863/2854/2863 2864/2856/2864 2824/2816/2824
f 2864/2856/2864 2865/2858/2865 2825/2818/2825
f 2866/2857/2866 2826/2817/2826 2825/2818/2825
f 2866/2857/2866 2867/2859/2867 2827/2819/2827
f 2867/2859/2867 2868/2860/2868 2828/2820/2828
f 2868/2860/2868 2869/2861/2869 2829/2821/2829
f 2869/2861/2869 2870/2862/2870 2830/2822/2830
f 2870/2862/2870 2871/2863/2871 2831/2823/2831
f 2871/2863/2871 2872/2864/2872 2832/2825/2832
f 2872/2864/2872 2873/2865/2873 2833/2824/2833
f 2873/2865/2873 2874/2866/2874 2834/2826/2834
f 2874/2866/2874 2875/2867/2875 2835/2827/2835
f 2875/2867/2875 2876/2869/2876 2836/2828/2836
f 2877/2868/2877 2837/2830/2837 2836/2828/2836
f 2877/2868/2877 2878/2870/2878 2838/2829/2838
f 2878/2870/2878 2879/2871/2879 2839/2831/2839
f 2879/2871/2879 2880/2912/2880 2840/2872/2840
f 2881/2873/2881 2882/2874/2882 2842/2834/2842
f 2882/2874/2882 2883/2876/2883 2843/2836/2843
f 2884/2875/2884 2844/2835/2844 2843/2836/2843
f 2885/2877/2885 2845/2837/2845 2844/2835/2844
f 2886/2878/2886 2846/2838/2846 2845/2837/2845
f 2887/2879/2887 2847/2839/2847 2846/2838/2846
f 2888/2880/2888 2848/2840/2848 2847/2839/2847
f 2888/2880/2888 2889/2881/2889 2849/2841/2849
f 2889/2881/2889 2890/2882/2890 2850/2842/2850
f 2890/2882/2890 2891/2883/2891 2851/2843/2851
f 2891/2883/2891 2892/2884/2892 2852/2844/2852
f 2892/2884/2892 2893/2885/2893 2853/2845/2853
f 2893/2885/2893 2894/2886/2894 2854/2846/2854
f 2894/2886/2894 2895/2888/2895 2855/2848/2855
f 2896/2887/2896 2856/2847/2856 2855/2848/2855
f 2897/2889/2897 2857/2849/2857 2856/2847/2856
f 2898/2890/2898 2858/2850/2858 2857/2849/2857
f 2898/2890/2898 2899/2891/2899 2859/2852/2859
f 2899/2891/2899 2900/2893/2900 2860/2851/2860
f 2901/2892/2901 2861/2853/2861 2860/2851/2860
f 2901/2892/2901 2902/2894/2902 2862/2855/2862
f 2902/2894/2902 2903/2896/2903 2863/2854/2863
f 2904/2895/2904 2864/2856/2864 2863/2854/2863
f 2904/2895/2904 2905/2897/2905 2865/2858/2865
f 2905/2897/2905 2906/2898/2906 2866/2857/2866
f 2906/2898/2906 2907/2899/2907 2867/2859/2867
f 2907/2899/2907 2908/2900/2908 2868/2860/2868
f 2908/2900/2908 2909/2901/2909 2869/2861/2869
f 2909/2901/2909 2910/2902/2910 2870/2862/2870
f 2910/2902/2910 2911/2903/2911 2871/2863/2871
f 2911/2903/2911 2912/2904/2912 2872/2864/2872
f 2912/2904/2912 2913/2905/2913 2873/2865/2873
f 2913/2905/2913 2914/2906/2914 2874/2866/2874
f 2914/2906/2914 2915/2907/2915 2875/2867/2875
f 2915/2907/2915 2916/2909/2916 2876/2869/2876
f 2917/2908/2917 2877/2868/2877 2876/2869/2876
f 2917/2908/2917 2918/2911/2918 2878/2870/2878
f 2919/2910/2919 2879/2871/2879 2878/2870/2878
f 2919/2910/2919 2920/2952/2920 2880/2912/2880
f 2921/2913/2921 2922/2914/2922 2882/2874/2882
f 2922/2914/2922 2923/2916/2923 2883/2876/2883
f 2924/2915/2924 2884/2875/2884 2883/2876/2883
f 2925/2917/2925 2885/2877/2885 2884/2875/2884
f 2926/2918/2926 2886/2878/2886 2885/2877/2885
f 2927/2919/2927 2887/2879/2887 2886/2878/2886
f 2928/2920/2928 2888/2880/2888 2887/2879/2887
f 2928/2920/2928 2929/2921/2929 2889/2881/2889
f 2929/2921/2929 2930/2922/2930 2890/2882/2890
f 2930/2922/2930 2931/2923/2931 2891/2883/2891
f 2931/2923/2931 2932/2924/2932 2892/2884/2892
f 2932/2924/2932 2933/2925/2933 2893/2885/2893
f 2933/2925/2933 2934/2926/2934 2894/2886/2894
f 2934/2926/2934 2935/2927/2935 2895/2888/2895
f 2935/2927/2935 2936/2928/2936 2896/2887/2896
f 2936/2928/2936 2937/2929/2937 2897/2889/2897
f 2937/2929/2937 2938/2931/2938 2898/2890/2898
f 2939/2930/2939 2899/2891/2899 2898/2890/2898
f 2940/2932/2940 2900/2893/2900 2899/2891/2899
f 2940/2932/2940 2941/2934/2941 2901/2892/2901
f 2942/2933/2942 2902/2894/2902 2901/2892/2901
f 2943/2935/2943 2903/2896/2903 2902/2894/2902
f 2943/2935/2943 2944/2937/2944 2904/2895/2904
f 2945/2936/2945 2905/2897/2905 2904/2895/2904
f 2945/2936/2945 2946/2938/2946 2906/2898/2906
f 2946/2938/2946 2947/2939/2947 2907/2899/2907
f 2947/2939/2947 2948/2940/2948 2908/2900/2908
f 2948/2940/2948 2949/2941/2949 2909/2901/2909
f 2949/2941/2949 2950/2942/2950 2910/2902/2910
f 2950/2942/2950 2951/2943/2951 2911/2903/2911
f 2951/2943/2951 2952/2944/2952 2912/2904/2912
f 2952/2944/2952 2953/2945/2953 2913/2905/2913
f 2953/2945/2953 2954/2947/2954 2914/2906/2914
f 2955/2946/2955 2915/2907/2915 2914/2906/2914
f 2956/2948/2956 2916/2909/2916 2915/2907/2915
f 2956/2948/2956 2957/2949/2957 2917/2908/2917
f 2957/2949/2957 2958/2951/2958 2918/2911/2918
f 2959/2950/2959 2919/2910/2919 2918/2911/2918
f 2959/2950/2959 2960/2992/2960 2920/2952/2920
f 2962/2953/2962 2922/2914/2922 2921/2913/2921
f 2963/2955/2963 2923/2916/2923 2922/2914/2922
f 2964/2956/2964 2924/2915/2924 2923/2916/2923
f 2965/2957/2965 2925/2917/2925 2924/2915/2924
f 2966/2958/2966 2926/2918/2926 2925/2917/2925
f 2966/2958/2966 2967/2959/2967 2927/2919/2927
f 2967/2959/2967 2968/2960/2968 2928/2920/2928
f 2968/2960/2968 2969/2961/2969 2929/2921/2929
f 2969/2961/2969 2970/2962/2970 2930/2922/2930
f 2970/2962/2970 2971/2963/2971 2931/2923/2931
f 2971/2963/2971 2972/2964/2972 2932/2924/2932
f 2972/2964/2972 2973/2965/2973 2933/2925/2933
f 2973/2965/2973 2974/2966/2974 2934/2926/2934
f 2974/2966/2974 2975/2967/2975 2935/2927/2935
f 2975/2967/2975 2976/2969/2976 2936/2928/2936
f 2977/2968/2977 2937/2929/2937 2936/2928/2936
f 2977/2968/2977 2978/2970/2978 2938/2931/2938
f 2978/2970/2978 2979/2972/2979 2939/2930/2939
f 2980/2971/2980 2940/2932/2940 2939/2930/2939
f 2981/2973/2981 2941/2934/2941 2940/2932/2940
f 2981/2973/2981 2982/2974/2982 2942/2933/2942
f 2982/2974/2982 2983/2975/2983 2943/2935/2943
f 2983/2975/2983 2984/2977/2984 2944/2937/2944
f 2985/2976/2985 2945/2936/2945 2944/2937/2944
f 2985/2976/2985 2986/2978/2986 2946/2938/2946
f 2986/2978/2986 2987/2979/2987 2947/2939/2947
f 2987/2979/2987 2988/2980/2988 2948/2940/2948
f 2988/2980/2988 2989/2981/2989 2949/2941/2949
f 2989/2981/2989 2990/2982/2990 2950/2942/2950
f 2990/2982/2990 2991/2983/2991 2951/2943/2951
f 2991/2983/2991 2992/2985/2992 2952/2944/2952
f 2993/2984/2993 2953/2945/2953 2952/2944/2952
f 2993/2984/2993 2994/2987/2994 2954/2947/2954
f 2995/2986/2995 2955/2946/2955 2954/2947/2954
f 2996/2988/2996 2956/2948/2956 2955/2946/2955
f 2997/2989/2997 2957/2949/2957 2956/2948/2956
f 2998/2990/2998 2958/2951/2958 2957/2949/2957
f 2998/2990/2998 2999/2991/2999 2959/2950/2959
f 2999/2991/2999 3000/3032/3000 2960/2992/2960
f 3002/2993/3002 2962/2953/2962 2961/2954/2961
f 3003/2995/3003 2963/2955/2963 2962/2953/2962
f 3003/2995/3003 3004/2996/3004 2964/2956/2964
f 3004/2996/3004 3005/2997/3005 2965/2957/2965
f 3005/2997/3005 3006/2998/3006 2966/2958/2966
f 3006/2998/3006 3007/2999/3007 2967/2959/2967
f 3007/2999/3007 3008/3000/3008 2968/2960/2968
f 3008/3000/3008 3009/3001/3009 2969/2961/2969
f 3009/3001/3009 3010/3002/3010 2970/2962/2970
f 3010/3002/3010 3011/3003/3011 2971/2963/2971
f 3011/3003/3011 3012/3004/3012 2972/2964/2972
f 3012/3004/3012 3013/3005/3013 2973/2965/2973
f 3013/3005/3013 3014/3006/3014 2974/2966/2974
f 3014/3006/3014 3015/3007/3015 2975/2967/2975
f 3015/3007/3015 3016/3008/3016 2976/2969/2976
f 3016/3008/3016 3017/3009/3017 2977/2968/2977
f 3017/3009/3017 3018/3011/3018 2978/2970/2978
f 3019/3010/3019 2979/2972/2979 2978/2970/2978
f 3019/3010/3019 3020/3013/3020 2980/2971/2980
f 3021/3012/3021 2981/2973/2981 2980/2971/2980
f 3021/3012/3021 3022/3015/3022 2982/2974/2982
f 3023/3014/3023 2983/2975/2983 2982/2974/2982
f 3024/3016/3024 2984/2977/2984 2983/2975/2983
f 3024/3016/3024 3025/3017/3025 2985/2976/2985
f 3025/3017/3025 3026/3018/3026 2986/2978/2986
f 3026/3018/3026 3027/3019/3027 2987/2979/2987
f 3027/3019/3027 3028/3020/3028 2988/2980/2988
f 3028/3020/3028 3029/3021/3029 2989/2981/2989
f 3029/3021/3029 3030/3022/3030 2990/2982/2990
f 3030/3022/3030 3031/3023/3031 2991/2983/2991
f 3031/3023/3031 3032/3025/3032 2992/2985/2992
f 3033/3024/3033 2993/2984/2993 2992/2985/2992
f 3034/3026/3034 2994/2987/2994 2993/2984/2993
f 3034/3026/3034 3035/3028/3035 2995/2986/2995
f 3036/3027/3036 2996/2988/2996 2995/2986/2995
f 3037/3029/3037 2997/2989/2997 2996/2988/2996
f 3038/3030/3038 2998/2990/2998 2997/2989/2997
f 3038/3030/3038 3039/3031/3039 2999/2991/2999
f 3039/3031/3039 3040/3072/3040 3000/3032/3000
f 3042/3033/3042 3002/2993/3002 3001/2994/3001
f 3043/3035/3043 3003/2995/3003 3002/2993/3002
f 3044/3036/3044 3004/2996/3004 3003/2995/3003
f 3044/3036/3044 3045/3037/3045 3005/2997/3005
f 3045/3037/3045 3046/3038/3046 3006/2998/3006
f 3046/3038/3046 3047/3039/3047 3007/2999/3007
f 3047/3039/3047 3048/3040/3048 3008/3000/3008
f 3048/3040/3048 3049/3041/3049 3009/3001/3009
f 3049/3041/3049 3050/3042/3050 3010/3002/3010
f 3050/3042/3050 3051/3043/3051 3011/3003/3011
f 3051/3043/3051 3052/3044/3052 3012/3004/3012
f 3052/3044/3052 3053/3045/3053 3013/3005/3013
f 3053/3045/3053 3054/3046/3054 3014/3006/3014
f 3054/3046/3054 3055/3047/3055 3015/3007/3015
f 3055/3047/3055 3056/3049/3056 3016/3008/3016
f 3057/3048/3057 3017/3009/3017 3016/3008/3016
f 3058/3050/3058 3018/3011/3018 3017/3009/3017
f 3058/3050/3058 3059/3052/3059 3019/3010/3019
f 3060/3051/3060 3020/3013/3020 3019/3010/3019
f 3060/3051/3060 3061/3053/3061 3021/3012/3021
f 3061/3053/3061 3062/3055/3062 3022/3015/3022
f 3063/3054/3063 3023/3014/3023 3022/3015/3022
f 3064/3056/3064 3024/3016/3024 3023/3014/3023
f 3064/3056/3064 3065/3057/3065 3025/3017/3025
f 3065/3057/3065 3066/3058/3066 3026/3018/3026
f 3066/3058/3066 3067/3059/3067 3027/3019/3027
f 3067/3059/3067 3068/3060/3068 3028/3020/3028
f 3068/3060/3068 3069/3061/3069 3029/3021/3029
f 3069/3061/3069 3070/3062/3070 3030/3022/3030
f 3070/3062/3070 3071/3064/3071 3031/3023/3031
f 3072/3063/3072 3032/3025/3032 3031/3023/3031
f 3073/3065/3073 3033/3024/3033 3032/3025/3032
f 3074/3066/3074 3034/3026/3034 3033/3024/3033
f 3074/3066/3074 3075/3068/3075 3035/3028/3035
f 3076/3067/3076 3036/3027/3036 3035/3028/3035
f 3077/3069/3077 3037/3029/3037 3036/3027/3036
f 3078/3070/3078 3038/3030/3038 3037/3029/3037
f 3078/3070/3078 3079/3071/3079 3039/3031/3039
f 3079/3071/3079 3080/3112/3080 3040/3072/3040
f 3082/3073/3082 3042/3033/3042 3041/3034/3041
f 3083/3075/3083 3043/3035/3043 3042/3033/3042
f 3084/3076/3084 3044/3036/3044 3043/3035/3043
f 3084/3076/3084 3085/3077/3085 3045/3037/3045
f 3085/3077/3085 3086/3078/3086 3046/3038/3046
f 3086/3078/3086 3087/3079/3087 3047/3039/3047
f 3087/3079/3087 3088/3080/3088 3048/3040/3048
f 3088/3080/3088 3089/3081/3089 3049/3041/3049
f 3089/3081/3089 3090/3082/3090 3050/3042/3050
f 3090/3082/3090 3091/3083/3091 3051/3043/3051
f 3091/3083/3091 3092/3084/3092 3052/3044/3052
f 3092/3084/3092 3093/3085/3093 3053/3045/3053
f 3093/3085/3093 3094/3086/3094 3054/3046/3054
f 3094/3086/3094 3095/3087/3095 3055/3047/3055
f 3095/3087/3095 3096/3089/3096 3056/3049/3056
f 3097/3088/3097 3057/3048/3057 3056/3049/3056
f 3098/3090/3098 3058/3050/3058 3057/3048/3057
f 3099/3091/3099 3059/3052/3059 3058/3050/3058
f 3100/3092/3100 3060/3051/3060 3059/3052/3059
f 3100/3092/3100 3101/3094/3101 3061/3053/3061
f 3102/3093/3102 3062/3055/3062 3061/3053/3061
f 3103/3095/3103 3063/3054/3063 3062/3055/3062
f 3103/3095/3103 3104/3096/3104 3064/3056/3064
f 3104/3096/3104 3105/3097/3105 3065/3057/3065
f 3105/3097/3105 3106/3098/3106 3066/3058/3066
f 3106/3098/3106 3107/3099/3107 3067/3059/3067
f 3107/3099/3107 3108/3100/3108 3068/3060/3068
f 3108/3100/3108 3109/3101/3109 3069/3061/3069
f 3109/3101/3109 3110/3102/3110 3070/3062/3070
f 3110/3102/3110 3111/3103/3111 3071/3064/3071
f 3111/3103/3111 3112/3104/3112 3072/3063/3072
f 3112/3104/3112 3113/3106/3113 3073/3065/3073
f 3114/3105/3114 3074/3066/3074 3073/3065/3073
f 3114/3105/3114 3115/3108/3115 3075/3068/3075
f 3116/3107/3116 3076/3067/3076 3075/3068/3075
f 3117/3109/3117 3077/3069/3077 3076/3067/3076
f 3118/3110/3118 3078/3070/3078 3077/3069/3077
f 3118/3110/3118 3119/3111/3119 3079/3071/3079
f 3119/3111/3119 3120/3152/3120 3080/3112/3080
f 3122/3113/3122 3082/3073/3082 3081/3074/3081
f 3123/3115/3123 3083/3075/3083 3082/3073/3082
f 3124/3116/3124 3084/3076/3084 3083/3075/3083
f 3124/3116/3124 3125/3117/3125 3085/3077/3085
f 3125/3117/3125 3126/3118/3126 3086/3078/3086
f 3126/3118/3126 3127/3119/3127 3087/3079/3087
f 3127/3119/3127 3128/3120/3128 3088/3080/3088
f 3128/3120/3128 3129/3121/3129 3089/3081/3089
f 3129/3121/3129 3130/3122/3130 3090/3082/3090
f 3130/3122/3130 3131/3123/3131 3091/3083/3091
f 3131/3123/3131 3132/3124/3132 3092/3084/3092
f 3132/3124/3132 3133/3125/3133 3093/3085/3093
f 3133/3125/3133 3134/3126/3134 3094/3086/3094
f 3134/3126/3134 3135/3127/3135 3095/3087/3095
f 3135/3127/3135 3136/3129/3136 3096/3089/3096
f 3137/3128/3137 3097/3088/3097 3096/3089/3096
f 3137/3128/3137 3138/3130/3138 3098/3090/3098
f 3138/3130/3138 3139/3132/3139 3099/3091/3099
f 3140/3131/3140 3100/3092/3100 3099/3091/3099
f 3141/3133/3141 3101/3094/3101 3100/3092/3100
f 3141/3133/3141 3142/3134/3142 3102/3093/3102
f 3142/3134/3142 3143/3135/3143 3103/3095/3103
f 3143/3135/3143 3144/3136/3144 3104/3096/3104
f 3144/3136/3144 3145/3137/3145 3105/3097/3105
f 3145/3137/3145 3146/3138/3146 3106/3098/3106
f 3146/3138/3146 3147/3139/3147 3107/3099/3107
f 3147/3139/3147 3148/3140/3148 3108/3100/3108
f 3148/3140/3148 3149/3142/3149 3109/3101/3109
f 3150/3141/3150 3110/3102/3110 3109/3101/3109
f 3151/3143/3151 3111/3103/3111 3110/3102/3110
f 3152/3144/3152 3112/3104/3112 3111/3103/3111
f 3153/3145/3153 3113/3106/3113 3112/3104/3112
f 3154/3146/3154 3114/3105/3114 3113/3106/3113
f 3154/3146/3154 3155/3147/3155 3115/3108/3115
f 3155/3147/3155 3156/3149/3156 3116/3107/3116
f 3157/3148/3157 3117/3109/3117 3116/3107/3116
f 3158/3150/3158 3118/3110/3118 3117/3109/3117
f 3158/3150/3158 3159/3151/3159 3119/3111/3119
f 3159/3151/3159 3160/3192/3160 3120/3152/3120
f 3162/3153/3162 3122/3113/3122 3121/3114/3121
f 3163/3155/3163 3123/3115/3123 3122/3113/3122
f 3163/3155/3163 3164/3156/3164 3124/3116/3124
f 3164/3156/3164 3165/3157/3165 3125/3117/3125
f 3165/3157/3165 3166/3158/3166 3126/3118/3126
f 3166/3158/3166 3167/3159/3167 3127/3119/3127
f 3167/3159/3167 3168/3160/3168 3128/3120/3128
f 3168/3160/3168 3169/3161/3169 3129/3121/3129
f 3169/3161/3169 3170/3162/3170 3130/3122/3130
f 3170/3162/3170 3171/3163/3171 3131/3123/3131
f 3171/3163/3171 3172/3164/3172 3132/3124/3132
f 3172/3164/3172 3173/3165/3173 3133/3125/3133
f 3173/3165/3173 3174/3166/3174 3134/3126/3134
f 3174/3166/3174 3175/3168/3175 3135/3127/3135
f 3176/3167/3176 3136/3129/3136 3135/3127/3135
f 3177/3169/3177 3137/3128/3137 3136/3129/3136
f 3177/3169/3177 3178/3171/3178 3138/3130/3138
f 3179/3170/3179 3139/3132/3139 3138/3130/3138
f 3180/3172/3180 3140/3131/3140 3139/3132/3139
f 3181/3173/3181 3141/3133/3141 3140/3131/3140
f 3181/3173/3181 3182/3174/3182 3142/3134/3142
f 3182/3174/3182 3183/3175/3183 3143/3135/3143
f 3183/3175/3183 3184/3176/3184 3144/3136/3144
f 3184/3176/3184 3185/3177/3185 3145/3137/3145
f 3185/3177/3185 3186/3178/3186 3146/3138/3146
f 3186/3178/3186 3187/3179/3187 3147/3139/3147
f 3187/3179/3187 3188/3181/3188 3148/3140/3148
f 3189/3180/3189 3149/3142/3149 3148/3140/3148
f 3190/3182/3190 3150/3141/3150 3149/3142/3149
f 3191/3183/3191 3151/3143/3151 3150/3141/3150
f 3192/3184/3192 3152/3144/3152 3151/3143/3151
f 3193/3185/3193 3153/3145/3153 3152/3144/3152
f 3194/3186/3194 3154/3146/3154 3153/3145/3153
f 3195/3187/3195 3155/3147/3155 3154/3146/3154
f 3195/3187/3195 3196/3189/3196 3156/3149/3156
f 3197/3188/3197 3157/3148/3157 3156/3149/3156
f 3198/3190/3198 3158/3150/3158 3157/3148/3157
f 3198/3190/3198 3199/3191/3199 3159/3151/3159
f 3199/3191/3199 3200/3232/3200 3160/3192/3160
f 3202/3193/3202 3162/3153/3162 3161/3154/3161
f 3202/3193/3202 3203/3195/3203 3163/3155/3163
f 3203/3195/3203 3204/3196/3204 3164/3156/3164
f 3204/3196/3204 3205/3197/3205 3165/3157/3165
f 3205/3197/3205 3206/3198/3206 3166/3158/3166
f 3206/3198/3206 3207/3199/3207 3167/3159/3167
f 3207/3199/3207 3208/3200/3208 3168/3160/3168
f 3208/3200/3208 3209/3201/3209 3169/3161/3169
f 3209/3201/3209 3210/3202/3210 3170/3162/3170
f 3210/3202/3210 3211/3203/3211 3171/3163/3171
f 3211/3203/3211 3212/3204/3212 3172/3164/3172
f 3212/3204/3212 3213/3205/3213 3173/3165/3173
f 3213/3205/3213 3214/3206/3214 3174/3166/3174
f 3214/3206/3214 3215/3208/3215 3175/3168/3175
f 3216/3207/3216 3176/3167/3176 3175/3168/3175
f 3216/3207/3216 3217/3210/3217 3177/3169/3177
f 3218/3209/3218 3178/3171/3178 3177/3169/3177
f 3218/3209/3218 3219/3211/3219 3179/3170/3179
f 3219/3211/3219 3220/3212/3220 3180/3172/3180
f 3220/3212/3220 3221/3213/3221 3181/3173/3181
f 3221/3213/3221 3222/3214/3222 3182/3174/3182
f 3222/3214/3222 3223/3215/3223 3183/3175/3183
f 3223/3215/3223 3224/3216/3224 3184/3176/3184
f 3224/3216/3224 3225/3217/3225 3185/3177/3185
f 3225/3217/3225 3226/3218/3226 3186/3178/3186
f 3226/3218/3226 3227/3219/3227 3187/3179/3187
f 3227/3219/3227 3228/3221/3228 3188/3181/3188
f 3229/3220/3229 3189/3180/3189 3188/3181/3188
f 3230/3222/3230 3190/3182/3190 3189/3180/3189
f 3231/3223/3231 3191/3183/3191 3190/3182/3190
f 3232/3224/3232 3192/3184/3192 3191/3183/3191
f 3232/3224/3232 3233/3226/3233 3193/3185/3193
f 3234/3225/3234 3194/3186/3194 3193/3185/3193
f 3235/3227/3235 3195/3187/3195 3194/3186/3194
f 3236/3228/3236 3196/3189/3196 3195/3187/3195
f 3236/3228/3236 3237/3229/3237 3197/3188/3197
f 3237/3229/3237 3238/3230/3238 3198/3190/3198
f 3238/3230/3238 3239/3231/3239 3199/3191/3199
f 3239/3231/3239 3240/5114/3240 3200/3232/3200
f 3241/3233/3241 3242/3234/3242 3202/3193/3202
f 3242/3234/3242 3243/3235/3243 3203/3195/3203
f 3243/3235/3243 3244/3236/3244 3204/3196/3204
f 3244/3236/3244 3245/3237/3245 3205/3197/3205
f 3245/3237/3245 3246/3238/3246 3206/3198/3206
f 3246/3238/3246 3247/3239/3247 3207/3199/3207
f 3247/3239/3247 3248/3240/3248 3208/3200/3208
f 3248/3240/3248 3249/3241/3249 3209/3201/3209
f 3249/3241/3249 3250/3242/3250 3210/3202/3210
f 3250/3242/3250 3251/3243/3251 3211/3203/3211
f 3251/3243/3251 3252/3244/3252 3212/3204/3212
f 3252/3244/3252 3253/3245/3253 3213/3205/3213
f 3253/3245/3253 3254/3246/3254 3214/3206/3214
f 3254/3246/3254 3255/3247/3255 3215/3208/3215
f 3255/3247/3255 3256/3249/3256 3216/3207/3216
f 3257/3248/3257 3217/3210/3217 3216/3207/3216
f 3257/3248/3257 3258/3251/3258 3218/3209/3218
f 3259/3250/3259 3219/3211/3219 3218/3209/3218
f 3260/3252/3260 3220/3212/3220 3219/3211/3219
f 3261/3253/3261 3221/3213/3221 3220/3212/3220
f 3261/3253/3261 3262/3254/3262 3222/3214/3222
f 3262/3254/3262 3263/3255/3263 3223/3215/3223
f 3263/3255/3263 3264/3256/3264 3224/3216/3224
f 3264/3256/3264 3265/3257/3265 3225/3217/3225
f 3265/3257/3265 3266/3258/3266 3226/3218/3226
f 3266/3258/3266 3267/3260/3267 3227/3219/3227
f 3268/3259/3268 3228/3221/3228 3227/3219/3227
f 3269/3261/3269 3229/3220/3229 3228/3221/3228
f 3270/3262/3270 3230/3222/3230 3229/3220/3229
f 3271/3263/3271 3231/3223/3231 3230/3222/3230
f 3272/3264/3272 3232/3224/3232 3231/3223/3231
f 3273/3265/3273 3233/3226/3233 3232/3224/3232
f 3274/3266/3274 3234/3225/3234 3233/3226/3233
f 3275/3267/3275 3235/3227/3235 3234/3225/3234
f 3276/3268/3276 3236/3228/3236 3235/3227/3235
f 3276/3268/3276 3277/3269/3277 3237/3229/3237
f 3277/3269/3277 3278/3270/3278 3238/3230/3238
f 3278/3270/3278 3279/3272/3279 3239/3231/3239
f 3280/3271/3280 3240/5114/3240 3239/3231/3239
f 3281/3273/3281 3282/3274/3282 3242/3234/3242
f 3282/3274/3282 3283/3275/3283 3243/3235/3243
f 3283/3275/3283 3284/3276/3284 3244/3236/3244
f 3284/3276/3284 3285/3277/3285 3245/3237/3245
f 3285/3277/3285 3286/3278/3286 3246/3238/3246
f 3286/3278/3286 3287/3279/3287 3247/3239/3247
f 3287/3279/3287 3288/3280/3288 3248/3240/3248
f 3288/3280/3288 3289/3282/3289 3249/3241/3249
f 3290/3281/3290 3250/3242/3250 3249/3241/3249
f 3290/3281/3290 3291/3283/3291 3251/3243/3251
f 3291/3283/3291 3292/3284/3292 3252/3244/3252
f 3292/3284/3292 3293/3285/3293 3253/3245/3253
f 3293/3285/3293 3294/3286/3294 3254/3246/3254
f 3294/3286/3294 3295/3287/3295 3255/3247/3255
f 3295/3287/3295 3296/3289/3296 3256/3249/3256
f 3297/3288/3297 3257/3248/3257 3256/3249/3256
f 3297/3288/3297 3298/3290/3298 3258/3251/3258
f 3298/3290/3298 3299/3291/3299 3259/3250/3259
f 3299/3291/3299 3300/3292/3300 3260/3252/3260
f 3300/3292/3300 3301/3293/3301 3261/3253/3261
f 3301/3293/3301 3302/3294/3302 3262/3254/3262
f 3302/3294/3302 3303/3295/3303 3263/3255/3263
f 3303/3295/3303 3304/3296/3304 3264/3256/3264
f 3304/3296/3304 3305/3297/3305 3265/3257/3265
f 3305/3297/3305 3306/3298/3306 3266/3258/3266
f 3306/3298/3306 3307/3300/3307 3267/3260/3267
f 3308/3299/3308 3268/3259/3268 3267/3260/3267
f 3309/3301/3309 3269/3261/3269 3268/3259/3268
f 3310/3302/3310 3270/3262/3270 3269/3261/3269
f 3311/3303/3311 3271/3263/3271 3270/3262/3270
f 3312/3304/3312 3272/3264/3272 3271/3263/3271
f 3313/3305/3313 3273/3265/3273 3272/3264/3272
f 3314/3306/3314 3274/3266/3274 3273/3265/3273
f 3314/3306/3314 3315/3308/3315 3275/3267/3275
f 3316/3307/3316 3276/3268/3276 3275/3267/3275
f 3316/3307/3316 3317/3309/3317 3277/3269/3277
f 3317/3309/3317 3318/3310/3318 3278/3270/3278
f 3318/3310/3318 3319/3312/3319 3279/3272/3279
f 3320/3311/3320 3280/3271/3280 3279/3272/3279
f 3321/3313/3321 3322/3314/3322 3282/3274/3282
f 3322/3314/3322 3323/3315/3323 3283/3275/3283
f 3323/3315/3323 3324/3316/3324 3284/3276/3284
f 3324/3316/3324 3325/3317/3325 3285/3277/3285
f 3325/3317/3325 3326/3318/3326 3286/3278/3286
f 3326/3318/3326 3327/3319/3327 3287/3279/3287
f 3327/3319/3327 3328/3320/3328 3288/3280/3288
f 3328/3320/3328 3329/3321/3329 3289/3282/3289
f 3329/3321/3329 3330/3322/3330 3290/3281/3290
f 3330/3322/3330 3331/3323/3331 3291/3283/3291
f 3331/3323/3331 3332/3324/3332 3292/3284/3292
f 3332/3324/3332 3333/3325/3333 3293/3285/3293
f 3333/3325/3333 3334/3326/3334 3294/3286/3294
f 3334/3326/3334 3335/3327/3335 3295/3287/3295
f 3335/3327/3335 3336/3329/3336 3296/3289/3296
f 3337/3328/3337 3297/3288/3297 3296/3289/3296
f 3337/3328/3337 3338/3330/3338 3298/3290/3298
f 3338/3330/3338 3339/3332/3339 3299/3291/3299
f 3340/3331/3340 3300/3292/3300 3299/3291/3299
f 3341/3333/3341 3301/3293/3301 3300/3292/3300
f 3341/3333/3341 3342/3334/3342 3302/3294/3302
f 3342/3334/3342 3343/3335/3343 3303/3295/3303
f 3343/3335/3343 3344/3336/3344 3304/3296/3304
f 3344/3336/3344 3345/3337/3345 3305/3297/3305
f 3345/3337/3345 3346/3338/3346 3306/3298/3306
f 3346/3338/3346 3347/3340/3347 3307/3300/3307
f 3348/3339/3348 3308/3299/3308 3307/3300/3307
f 3349/3341/3349 3309/3301/3309 3308/3299/3308
f 3350/3342/3350 3310/3302/3310 3309/3301/3309
f 3351/3343/3351 3311/3303/3311 3310/3302/3310
f 3352/3344/3352 3312/3304/3312 3311/3303/3311
f 3353/3345/3353 3313/3305/3313 3312/3304/3312
f 3354/3346/3354 3314/3306/3314 3313/3305/3313
f 3355/3347/3355 3315/3308/3315 3314/3306/3314
f 3355/3347/3355 3356/3349/3356 3316/3307/3316
f 3357/3348/3357 3317/3309/3317 3316/3307/3316
f 3358/3350/3358 3318/3310/3318 3317/3309/3317
f 3358/3350/3358 3359/3351/3359 3319/3312/3319
f 3359/3351/3359 3360/3391/3360 3320/3311/3320
f 3361/3352/3361 3362/3354/3362 3322/3314/3322
f 3363/3353/3363 3323/3315/3323 3322/3314/3322
f 3364/3355/3364 3324/3316/3324 3323/3315/3323
f 3364/3355/3364 3365/3356/3365 3325/3317/3325
f 3365/3356/3365 3366/3357/3366 3326/3318/3326
f 3366/3357/3366 3367/3358/3367 3327/3319/3327
f 3367/3358/3367 3368/3359/3368 3328/3320/3328
f 3368/3359/3368 3369/3360/3369 3329/3321/3329
f 3369/3360/3369 3370/3361/3370 3330/3322/3330
f 3370/3361/3370 3371/3362/3371 3331/3323/3331
f 3371/3362/3371 3372/3363/3372 3332/3324/3332
f 3372/3363/3372 3373/3364/3373 3333/3325/3333
f 3373/3364/3373 3374/3365/3374 3334/3326/3334
f 3374/3365/3374 3375/3367/3375 3335/3327/3335
f 3376/3366/3376 3336/3329/3336 3335/3327/3335
f 3376/3366/3376 3377/3369/3377 3337/3328/3337
f 3378/3368/3378 3338/3330/3338 3337/3328/3337
f 3378/3368/3378 3379/3371/3379 3339/3332/3339
f 3380/3370/3380 3340/3331/3340 3339/3332/3339
f 3381/3372/3381 3341/3333/3341 3340/3331/3340
f 3381/3372/3381 3382/3373/3382 3342/3334/3342
f 3382/3373/3382 3383/3374/3383 3343/3335/3343
f 3383/3374/3383 3384/3375/3384 3344/3336/3344
f 3384/3375/3384 3385/3376/3385 3345/3337/3345
f 3385/3376/3385 3386/3377/3386 3346/3338/3346
f 3386/3377/3386 3387/3378/3387 3347/3340/3347
f 3387/3378/3387 3388/3380/3388 3348/3339/3348
f 3389/3379/3389 3349/3341/3349 3348/3339/3348
f 3390/3381/3390 3350/3342/3350 3349/3341/3349
f 3391/3382/3391 3351/3343/3351 3350/3342/3350
f 3392/3383/3392 3352/3344/3352 3351/3343/3351
f 3393/3384/3393 3353/3345/3353 3352/3344/3352
f 3394/3385/3394 3354/3346/3354 3353/3345/3353
f 3395/3386/3395 3355/3347/3355 3354/3346/3354
f 3395/3386/3395 3396/3388/3396 3356/3349/3356
f 3397/3387/3397 3357/3348/3357 3356/3349/3356
f 3398/3389/3398 3358/3350/3358 3357/3348/3357
f 3399/3390/3399 3359/3351/3359 3358/3350/3358
f 3399/3390/3399 3400/3431/3400 3360/3391/3360
f 3401/3392/3401 3402/3394/3402 3362/3354/3362
f 3403/3393/3403 3363/3353/3363 3362/3354/3362
f 3404/3395/3404 3364/3355/3364 3363/3353/3363
f 3404/3395/3404 3405/3396/3405 3365/3356/3365
f 3405/3396/3405 3406/3397/3406 3366/3357/3366
f 3406/3397/3406 3407/3398/3407 3367/3358/3367
f 3407/3398/3407 3408/3399/3408 3368/3359/3368
f 3408/3399/3408 3409/3400/3409 3369/3360/3369
f 3409/3400/3409 3410/3401/3410 3370/3361/3370
f 3410/3401/3410 3411/3402/3411 3371/3362/3371
f 3411/3402/3411 3412/3403/3412 3372/3363/3372
f 3412/3403/3412 3413/3404/3413 3373/3364/3373
f 3413/3404/3413 3414/3405/3414 3374/3365/3374
f 3414/3405/3414 3415/3407/3415 3375/3367/3375
f 3416/3406/3416 3376/3366/3376 3375/3367/3375
f 3417/3408/3417 3377/3369/3377 3376/3366/3376
f 3417/3408/3417 3418/3410/3418 3378/3368/3378
f 3419/3409/3419 3379/3371/3379 3378/3368/3378
f 3419/3409/3419 3420/3412/3420 3380/3370/3380
f 3421/3411/3421 3381/3372/3381 3380/3370/3380
f 3422/3413/3422 3382/3373/3382 3381/3372/3381
f 3422/3413/3422 3423/3414/3423 3383/3374/3383
f 3423/3414/3423 3424/3415/3424 3384/3375/3384
f 3424/3415/3424 3425/3416/3425 3385/3376/3385
f 3425/3416/3425 3426/3417/3426 3386/3377/3386
f 3426/3417/3426 3427/3419/3427 3387/3378/3387
f 3428/3418/3428 3388/3380/3388 3387/3378/3387
f 3429/3420/3429 3389/3379/3389 3388/3380/3388
f 3430/3421/3430 3390/3381/3390 3389/3379/3389
f 3431/3422/3431 3391/3382/3391 3390/3381/3390
f 3432/3423/3432 3392/3383/3392 3391/3382/3391
f 3433/3424/3433 3393/3384/3393 3392/3383/3392
f 3434/3425/3434 3394/3385/3394 3393/3384/3393
f 3435/3426/3435 3395/3386/3395 3394/3385/3394
f 3435/3426/3435 3436/3428/3436 3396/3388/3396
f 3437/3427/3437 3397/3387/3397 3396/3388/3396
f 3438/3429/3438 3398/3389/3398 3397/3387/3397
f 3439/3430/3439 3399/3390/3399 3398/3389/3398
f 3439/3430/3439 3440/5115/3440 3400/3431/3400
f 3441/3432/3441 3442/3434/3442 3402/3394/3402
f 3443/3433/3443 3403/3393/3403 3402/3394/3402
f 3444/3435/3444 3404/3395/3404 3403/3393/3403
f 3444/3435/3444 3445/3436/3445 3405/3396/3405
f 3445/3436/3445 3446/3437/3446 3406/3397/3406
f 3446/3437/3446 3447/3439/3447 3407/3398/3407
f 3448/3438/3448 3408/3399/3408 3407/3398/3407
f 3449/3440/3449 3409/3400/3409 3408/3399/3408
f 3449/3440/3449 3450/3441/3450 3410/3401/3410
f 3450/3441/3450 3451/3442/3451 3411/3402/3411
f 3451/3442/3451 3452/3443/3452 3412/3403/3412
f 3452/3443/3452 3453/3444/3453 3413/3404/3413
f 3453/3444/3453 3454/3445/3454 3414/3405/3414
f 3454/3445/3454 3455/3446/3455 3415/3407/3415
f 3455/3446/3455 3456/3447/3456 3416/3406/3416
f 3456/3447/3456 3457/3448/3457 3417/3408/3417
f 3457/3448/3457 3458/3449/3458 3418/3410/3418
f 3458/3449/3458 3459/3450/3459 3419/3409/3419
f 3459/3450/3459 3460/3452/3460 3420/3412/3420
f 3461/3451/3461 3421/3411/3421 3420/3412/3420
f 3461/3451/3461 3462/3453/3462 3422/3413/3422
f 3462/3453/3462 3463/3454/3463 3423/3414/3423
f 3463/3454/3463 3464/3455/3464 3424/3415/3424
f 3464/3455/3464 3465/3457/3465 3425/3416/3425
f 3466/3456/3466 3426/3417/3426 3425/3416/3425
f 3467/3458/3467 3427/3419/3427 3426/3417/3426
f 3468/3459/3468 3428/3418/3428 3427/3419/3427
f 3469/3460/3469 3429/3420/3429 3428/3418/3428
f 3470/3461/3470 3430/3421/3430 3429/3420/3429
f 3471/3462/3471 3431/3422/3431 3430/3421/3430
f 3472/3463/3472 3432/3423/3432 3431/3422/3431
f 3473/3464/3473 3433/3424/3433 3432/3423/3432
f 3474/3465/3474 3434/3425/3434 3433/3424/3433
f 3475/3466/3475 3435/3426/3435 3434/3425/3434
f 3476/3467/3476 3436/3428/3436 3435/3426/3435
f 3477/3468/3477 3437/3427/3437 3436/3428/3436
f 3478/3469/3478 3438/3429/3438 3437/3427/3437
f 3479/3470/3479 3439/3430/3439 3438/3429/3438
f 3480/3471/3480 3440/5115/3440 3439/3430/3439
f 3481/3472/3481 3482/3473/3482 3442/3434/3442
f 3482/3473/3482 3483/3475/3483 3443/3433/3443
f 3484/3474/3484 3444/3435/3444 3443/3433/3443
f 3485/3476/3485 3445/3436/3445 3444/3435/3444
f 3485/3476/3485 3486/3477/3486 3446/3437/3446
f 3486/3477/3486 3487/3478/3487 3447/3439/3447
f 3487/3478/3487 3488/3480/3488 3448/3438/3448
f 3489/3479/3489 3449/3440/3449 3448/3438/3448
f 3489/3479/3489 3490/3482/3490 3450/3441/3450
f 3491/3481/3491 3451/3442/3451 3450/3441/3450
f 3492/3483/3492 3452/3443/3452 3451/3442/3451
f 3492/3483/3492 3493/3484/3493 3453/3444/3453
f 3493/3484/3493 3494/3485/3494 3454/3445/3454
f 3494/3485/3494 3495/3486/3495 3455/3446/3455
f 3495/3486/3495 3496/3488/3496 3456/3447/3456
f 3497/3487/3497 3457/3448/3457 3456/3447/3456
f 3497/3487/3497 3498/3489/3498 3458/3449/3458
f 3498/3489/3498 3499/3490/3499 3459/3450/3459
f 3499/3490/3499 3500/3491/3500 3460/3452/3460
f 3500/3491/3500 3501/3492/3501 3461/3451/3461
f 3501/3492/3501 3502/3493/3502 3462/3453/3462
f 3502/3493/3502 3503/3494/3503 3463/3454/3463
f 3503/3494/3503 3504/3495/3504 3464/3455/3464
f 3504/3495/3504 3505/3497/3505 3465/3457/3465
f 3506/3496/3506 3466/3456/3466 3465/3457/3465
f 3507/3498/3507 3467/3458/3467 3466/3456/3466
f 3508/3499/3508 3468/3459/3468 3467/3458/3467
f 3509/3500/3509 3469/3460/3469 3468/3459/3468
f 3510/3501/3510 3470/3461/3470 3469/3460/3469
f 3511/3502/3511 3471/3462/3471 3470/3461/3470
f 3512/3503/3512 3472/3463/3472 3471/3462/3471
f 3513/3504/3513 3473/3464/3473 3472/3463/3472
f 3514/3505/3514 3474/3465/3474 3473/3464/3473
f 3515/3506/3515 3475/3466/3475 3474/3465/3474
f 3516/3507/3516 3476/3467/3476 3475/3466/3475
f 3517/3508/3517 3477/3468/3477 3476/3467/3476
f 3518/3509/3518 3478/3469/3478 3477/3468/3477
f 3519/3510/3519 3479/3470/3479 3478/3469/3478
f 3520/3511/3520 3480/3471/3480 3479/3470/3479
f 3522/3512/3522 3482/3473/3482 3481/3472/3481
f 3522/3512/3522 3523/3515/3523 3483/3475/3483
f 3524/3514/3524 3484/3474/3484 3483/3475/3483
f 3525/3516/3525 3485/3476/3485 3484/3474/3484
f 3526/3517/3526 3486/3477/3486 3485/3476/3485
f 3526/3517/3526 3527/3518/3527 3487/3478/3487
f 3527/3518/3527 3528/3519/3528 3488/3480/3488
f 3528/3519/3528 3529/3520/3529 3489/3479/3489
f 3529/3520/3529 3530/3522/3530 3490/3482/3490
f 3531/3521/3531 3491/3481/3491 3490/3482/3490
f 3532/3523/3532 3492/3483/3492 3491/3481/3491
f 3533/3524/3533 3493/3484/3493 3492/3483/3492
f 3533/3524/3533 3534/3525/3534 3494/3485/3494
f 3534/3525/3534 3535/3527/3535 3495/3486/3495
f 3536/3526/3536 3496/3488/3496 3495/3486/3495
f 3536/3526/3536 3537/3528/3537 3497/3487/3497
f 3537/3528/3537 3538/3529/3538 3498/3489/3498
f 3538/3529/3538 3539/3530/3539 3499/3490/3499
f 3539/3530/3539 3540/3532/3540 3500/3491/3500
f 3541/3531/3541 3501/3492/3501 3500/3491/3500
f 3541/3531/3541 3542/3533/3542 3502/3493/3502
f 3542/3533/3542 3543/3534/3543 3503/3494/3503
f 3543/3534/3543 3544/3535/3544 3504/3495/3504
f 3544/3535/3544 3545/3537/3545 3505/3497/3505
f 3546/3536/3546 3506/3496/3506 3505/3497/3505
f 3547/3538/3547 3507/3498/3507 3506/3496/3506
f 3548/3539/3548 3508/3499/3508 3507/3498/3507
f 3549/3540/3549 3509/3500/3509 3508/3499/3508
f 3550/3541/3550 3510/3501/3510 3509/3500/3509
f 3551/3542/3551 3511/3502/3511 3510/3501/3510
f 3552/3543/3552 3512/3503/3512 3511/3502/3511
f 3553/3544/3553 3513/3504/3513 3512/3503/3512
f 3554/3545/3554 3514/3505/3514 3513/3504/3513
f 3555/3546/3555 3515/3506/3515 3514/3505/3514
f 3556/3547/3556 3516/3507/3516 3515/3506/3515
f 3557/3548/3557 3517/3508/3517 3516/3507/3516
f 3557/3548/3557 3558/3550/3558 3518/3509/3518
f 3559/3549/3559 3519/3510/3519 3518/3509/3518
f 3560/3551/3560 3520/3511/3520 3519/3510/3519
f 3562/3552/3562 3522/3512/3522 3521/3513/3521
f 3562/3552/3562 3563/3554/3563 3523/3515/3523
f 3563/3554/3563 3564/3555/3564 3524/3514/3524
f 3564/3555/3564 3565/3556/3565 3525/3516/3525
f 3565/3556/3565 3566/3558/3566 3526/3517/3526
f 3567/3557/3567 3527/3518/3527 3526/3517/3526
f 3567/3557/3567 3568/3559/3568 3528/3519/3528
f 3568/3559/3568 3569/3560/3569 3529/3520/3529
f 3569/3560/3569 3570/3562/3570 3530/3522/3530
f 3571/3561/3571 3531/3521/3531 3530/3522/3530
f 3572/3563/3572 3532/3523/3532 3531/3521/3531
f 3572/3563/3572 3573/3565/3573 3533/3524/3533
f 3574/3564/3574 3534/3525/3534 3533/3524/3533
f 3574/3564/3574 3575/3566/3575 3535/3527/3535
f 3575/3566/3575 3576/3567/3576 3536/3526/3536
f 3576/3567/3576 3577/3568/3577 3537/3528/3537
f 3577/3568/3577 3578/3569/3578 3538/3529/3538
f 3578/3569/3578 3579/3570/3579 3539/3530/3539
f 3579/3570/3579 3580/3572/3580 3540/3532/3540
f 3581/3571/3581 3541/3531/3541 3540/3532/3540
f 3581/3571/3581 3582/3573/3582 3542/3533/3542
f 3582/3573/3582 3583/3574/3583 3543/3534/3543
f 3583/3574/3583 3584/3575/3584 3544/3535/3544
f 3584/3575/3584 3585/3577/3585 3545/3537/3545
f 3586/3576/3586 3546/3536/3546 3545/3537/3545
f 3587/3578/3587 3547/3538/3547 3546/3536/3546
f 3588/3579/3588 3548/3539/3548 3547/3538/3547
f 3589/3580/3589 3549/3540/3549 3548/3539/3548
f 3590/3581/3590 3550/3541/3550 3549/3540/3549
f 3591/3582/3591 3551/3542/3551 3550/3541/3550
f 3592/3583/3592 3552/3543/3552 3551/3542/3551
f 3593/3584/3593 3553/3544/3553 3552/3543/3552
f 3594/3585/3594 3554/3545/3554 3553/3544/3553
f 3595/3586/3595 3555/3546/3555 3554/3545/3554
f 3596/3587/3596 3556/3547/3556 3555/3546/3555
f 3597/3588/3597 3557/3548/3557 3556/3547/3556
f 3598/3589/3598 3558/3550/3558 3557/3548/3557
f 3598/3589/3598 3599/3591/3599 3559/3549/3559
f 3600/3590/3600 3560/3551/3560 3559/3549/3559
f 3602/3592/3602 3562/3552/3562 3561/3553/3561
f 3602/3592/3602 3603/3594/3603 3563/3554/3563
f 3603/3594/3603 3604/3595/3604 3564/3555/3564
f 3604/3595/3604 3605/3597/3605 3565/3556/3565
f 3606/3596/3606 3566/3558/3566 3565/3556/3565
f 3607/3598/3607 3567/3557/3567 3566/3558/3566
f 3607/3598/3607 3608/3599/3608 3568/3559/3568
f 3608/3599/3608 3609/3600/3609 3569/3560/3569
f 3609/3600/3609 3610/3602/3610 3570/3562/3570
f 3611/3601/3611 3571/3561/3571 3570/3562/3570
f 3611/3601/3611 3612/3603/3612 3572/3563/3572
f 3612/3603/3612 3613/3605/3613 3573/3565/3573
f 3614/3604/3614 3574/3564/3574 3573/3565/3573
f 3614/3604/3614 3615/3607/3615 3575/3566/3575
f 3616/3606/3616 3576/3567/3576 3575/3566/3575
f 3616/3606/3616 3617/3608/3617 3577/3568/3577
f 3617/3608/3617 3618/3609/3618 3578/3569/3578
f 3618/3609/3618 3619/3610/3619 3579/3570/3579
f 3619/3610/3619 3620/3611/3620 3580/3572/3580
f 3620/3611/3620 3621/3612/3621 3581/3571/3581
f 3621/3612/3621 3622/3613/3622 3582/3573/3582
f 3622/3613/3622 3623/3614/3623 3583/3574/3583
f 3623/3614/3623 3624/3615/3624 3584/3575/3584
f 3624/3615/3624 3625/3617/3625 3585/3577/3585
f 3626/3616/3626 3586/3576/3586 3585/3577/3585
f 3627/3618/3627 3587/3578/3587 3586/3576/3586
f 3628/3619/3628 3588/3579/3588 3587/3578/3587
f 3629/3620/3629 3589/3580/3589 3588/3579/3588
f 3630/3621/3630 3590/3581/3590 3589/3580/3589
f 3631/3622/3631 3591/3582/3591 3590/3581/3590
f 3632/3623/3632 3592/3583/3592 3591/3582/3591
f 3633/3624/3633 3593/3584/3593 3592/3583/3592
f 3634/3625/3634 3594/3585/3594 3593/3584/3593
f 3635/3626/3635 3595/3586/3595 3594/3585/3594
f 3636/3627/3636 3596/3587/3596 3595/3586/3595
f 3637/3628/3637 3597/3588/3597 3596/3587/3596
f 3638/3629/3638 3598/3589/3598 3597/3588/3597
f 3638/3629/3638 3639/3631/3639 3599/3591/3599
f 3640/3630/3640 3600/3590/3600 3599/3591/3599
f 3641/3632/3641 3642/3633/3642 3602/3592/3602
f 3642/3633/3642 3643/3634/3643 3603/3594/3603
f 3643/3634/3643 3644/3636/3644 3604/3595/3604
f 3645/3635/3645 3605/3597/3605 3604/3595/3604
f 3646/3637/3646 3606/3596/3606 3605/3597/3605
f 3646/3637/3646 3647/3638/3647 3607/3598/3607
f 3647/3638/3647 3648/3639/3648 3608/3599/3608
f 3648/3639/3648 3649/3641/3649 3609/3600/3609
f 3650/3640/3650 3610/3602/3610 3609/3600/3609
f 3650/3640/3650 3651/3643/3651 3611/3601/3611
f 3652/3642/3652 3612/3603/3612 3611/3601/3611
f 3653/3644/3653 3613/3605/3613 3612/3603/3612
f 3653/3644/3653 3654/3645/3654 3614/3604/3614
f 3654/3645/3654 3655/3647/3655 3615/3607/3615
f 3656/3646/3656 3616/3606/3616 3615/3607/3615
f 3656/3646/3656 3657/3648/3657 3617/3608/3617
f 3657/3648/3657 3658/3649/3658 3618/3609/3618
f 3658/3649/3658 3659/3650/3659 3619/3610/3619
f 3659/3650/3659 3660/3652/3660 3620/3611/3620
f 3661/3651/3661 3621/3612/3621 3620/3611/3620
f 3661/3651/3661 3662/3653/3662 3622/3613/3622
f 3662/3653/3662 3663/3654/3663 3623/3614/3623
f 3663/3654/3663 3664/3655/3664 3624/3615/3624
f 3664/3655/3664 3665/3657/3665 3625/3617/3625
f 3666/3656/3666 3626/3616/3626 3625/3617/3625
f 3667/3658/3667 3627/3618/3627 3626/3616/3626
f 3667/3658/3667 3668/3660/3668 3628/3619/3628
f 3669/3659/3669 3629/3620/3629 3628/3619/3628
f 3670/3661/3670 3630/3621/3630 3629/3620/3629
f 3671/3662/3671 3631/3622/3631 3630/3621/3630
f 3672/3663/3672 3632/3623/3632 3631/3622/3631
f 3673/3664/3673 3633/3624/3633 3632/3623/3632
f 3674/3665/3674 3634/3625/3634 3633/3624/3633
f 3675/3666/3675 3635/3626/3635 3634/3625/3634
f 3675/3666/3675 3676/3667/3676 3636/3627/3636
f 3676/3667/3676 3677/3669/3677 3637/3628/3637
f 3678/3668/3678 3638/3629/3638 3637/3628/3637
f 3679/3670/3679 3639/3631/3639 3638/3629/3638
f 3679/3670/3679 3680/3710/3680 3640/3630/3640
f 3681/3671/3681 3682/3672/3682 3642/3633/3642
f 3682/3672/3682 3683/3673/3683 3643/3634/3643
f 3683/3673/3683 3684/3674/3684 3644/3636/3644
f 3684/3674/3684 3685/3675/3685 3645/3635/3645
f 3685/3675/3685 3686/3676/3686 3646/3637/3646
f 3686/3676/3686 3687/3677/3687 3647/3638/3647
f 3687/3677/3687 3688/3678/3688 3648/3639/3648
f 3688/3678/3688 3689/3680/3689 3649/3641/3649
f 3690/3679/3690 3650/3640/3650 3649/3641/3649
f 3690/3679/3690 3691/3682/3691 3651/3643/3651
f 3692/3681/3692 3652/3642/3652 3651/3643/3651
f 3692/3681/3692 3693/3683/3693 3653/3644/3653
f 3693/3683/3693 3694/3684/3694 3654/3645/3654
f 3694/3684/3694 3695/3685/3695 3655/3647/3655
f 3695/3685/3695 3696/3686/3696 3656/3646/3656
f 3696/3686/3696 3697/3687/3697 3657/3648/3657
f 3697/3687/3697 3698/3688/3698 3658/3649/3658
f 3698/3688/3698 3699/3689/3699 3659/3650/3659
f 3699/3689/3699 3700/3690/3700 3660/3652/3660
f 3700/3690/3700 3701/3691/3701 3661/3651/3661
f 3701/3691/3701 3702/3692/3702 3662/3653/3662
f 3702/3692/3702 3703/3693/3703 3663/3654/3663
f 3703/3693/3703 3704/3694/3704 3664/3655/3664
f 3704/3694/3704 3705/3696/3705 3665/3657/3665
f 3706/3695/3706 3666/3656/3666 3665/3657/3665
f 3707/3697/3707 3667/3658/3667 3666/3656/3666
f 3708/3698/3708 3668/3660/3668 3667/3658/3667
f 3709/3699/3709 3669/3659/3669 3668/3660/3668
f 3710/3700/3710 3670/3661/3670 3669/3659/3669
f 3711/3701/3711 3671/3662/3671 3670/3661/3670
f 3712/3702/3712 3672/3663/3672 3671/3662/3671
f 3713/3703/3713 3673/3664/3673 3672/3663/3672
f 3714/3704/3714 3674/3665/3674 3673/3664/3673
f 3715/3705/3715 3675/3666/3675 3674/3665/3674
f 3715/3705/3715 3716/3706/3716 3676/3667/3676
f 3716/3706/3716 3717/3708/3717 3677/3669/3677
f 3718/3707/3718 3678/3668/3678 3677/3669/3677
f 3719/3709/3719 3679/3670/3679 3678/3668/3678
f 3719/3709/3719 3720/5116/3720 3680/3710/3680
f 3721/3711/3721 3722/3712/3722 3682/3672/3682
f 3722/3712/3722 3723/3713/3723 3683/3673/3683
f 3723/3713/3723 3724/3714/3724 3684/3674/3684
f 3724/3714/3724 3725/3716/3725 3685/3675/3685
f 3726/3715/3726 3686/3676/3686 3685/3675/3685
f 3726/3715/3726 3727/3717/3727 3687/3677/3687
f 3727/3717/3727 3728/3718/3728 3688/3678/3688
f 3728/3718/3728 3729/3719/3729 3689/3680/3689
f 3729/3719/3729 3730/3721/3730 3690/3679/3690
f 3731/3720/3731 3691/3682/3691 3690/3679/3690
f 3731/3720/3731 3732/3722/3732 3692/3681/3692
f 3732/3722/3732 3733/3724/3733 3693/3683/3693
f 3734/3723/3734 3694/3684/3694 3693/3683/3693
f 3735/3725/3735 3695/3685/3695 3694/3684/3694
f 3735/3725/3735 3736/3726/3736 3696/3686/3696
f 3736/3726/3736 3737/3727/3737 3697/3687/3697
f 3737/3727/3737 3738/3728/3738 3698/3688/3698
f 3738/3728/3738 3739/3729/3739 3699/3689/3699
f 3739/3729/3739 3740/3730/3740 3700/3690/3700
f 3740/3730/3740 3741/3731/3741 3701/3691/3701
f 3741/3731/3741 3742/3732/3742 3702/3692/3702
f 3742/3732/3742 3743/3733/3743 3703/3693/3703
f 3743/3733/3743 3744/3734/3744 3704/3694/3704
f 3744/3734/3744 3745/3735/3745 3705/3696/3705
f 3745/3735/3745 3746/3737/3746 3706/3695/3706
f 3747/3736/3747 3707/3697/3707 3706/3695/3706
f 3748/3738/3748 3708/3698/3708 3707/3697/3707
f 3748/3738/3748 3749/3740/3749 3709/3699/3709
f 3750/3739/3750 3710/3700/3710 3709/3699/3709
f 3751/3741/3751 3711/3701/3711 3710/3700/3710
f 3752/3742/3752 3712/3702/3712 3711/3701/3711
f 3753/3743/3753 3713/3703/3713 3712/3702/3712
f 3754/3744/3754 3714/3704/3714 3713/3703/3713
f 3755/3745/3755 3715/3705/3715 3714/3704/3714
f 3756/3746/3756 3716/3706/3716 3715/3705/3715
f 3757/3747/3757 3717/3708/3717 3716/3706/3716
f 3758/3748/3758 3718/3707/3718 3717/3708/3717
f 3759/3749/3759 3719/3709/3719 3718/3707/3718
f 3760/3750/3760 3720/5116/3720 3719/3709/3719
f 3761/3751/3761 3762/3752/3762 3722/3712/3722
f 3762/3752/3762 3763/3753/3763 3723/3713/3723
f 3763/3753/3763 3764/3754/3764 3724/3714/3724
f 3764/3754/3764 3765/3756/3765 3725/3716/3725
f 3766/3755/3766 3726/3715/3726 3725/3716/3725
f 3766/3755/3766 3767/3757/3767 3727/3717/3727
f 3767/3757/3767 3768/3758/3768 3728/3718/3728
f 3768/3758/3768 3769/3760/3769 3729/3719/3729
f 3770/3759/3770 3730/3721/3730 3729/3719/3729
f 3771/3761/3771 3731/3720/3731 3730/3721/3730
f 3771/3761/3771 3772/3763/3772 3732/3722/3732
f 3773/3762/3773 3733/3724/3733 3732/3722/3732
f 3773/3762/3773 3774/3764/3774 3734/3723/3734
f 3774/3764/3774 3775/3765/3775 3735/3725/3735
f 3775/3765/3775 3776/3766/3776 3736/3726/3736
f 3776/3766/3776 3777/3767/3777 3737/3727/3737
f 3777/3767/3777 3778/3768/3778 3738/3728/3738
f 3778/3768/3778 3779/3769/3779 3739/3729/3739
f 3779/3769/3779 3780/3770/3780 3740/3730/3740
f 3780/3770/3780 3781/3771/3781 3741/3731/3741
f 3781/3771/3781 3782/3772/3782 3742/3732/3742
f 3782/3772/3782 3783/3773/3783 3743/3733/3743
f 3783/3773/3783 3784/3774/3784 3744/3734/3744
f 3784/3774/3784 3785/3775/3785 3745/3735/3745
f 3785/3775/3785 3786/3776/3786 3746/3737/3746
f 3786/3776/3786 3787/3777/3787 3747/3736/3747
f 3787/3777/3787 3788/3778/3788 3748/3738/3748
f 3788/3778/3788 3789/3780/3789 3749/3740/3749
f 3790/3779/3790 3750/3739/3750 3749/3740/3749
f 3791/3781/3791 3751/3741/3751 3750/3739/3750
f 3792/3782/3792 3752/3742/3752 3751/3741/3751
f 3793/3783/3793 3753/3743/3753 3752/3742/3752
f 3794/3784/3794 3754/3744/3754 3753/3743/3753
f 3795/3785/3795 3755/3745/3755 3754/3744/3754
f 3796/3786/3796 3756/3746/3756 3755/3745/3755
f 3797/3787/3797 3757/3747/3757 3756/3746/3756
f 3798/3788/3798 3758/3748/3758 3757/3747/3757
f 3799/3789/3799 3759/3749/3759 3758/3748/3758
f 3800/3790/3800 3760/3750/3760 3759/3749/3759
f 3801/3791/3801 3802/3792/3802 3762/3752/3762
f 3802/3792/3802 3803/3793/3803 3763/3753/3763
f 3803/3793/3803 3804/3794/3804 3764/3754/3764
f 3804/3794/3804 3805/3796/3805 3765/3756/3765
f 3806/3795/3806 3766/3755/3766 3765/3756/3765
f 3806/3795/3806 3807/3797/3807 3767/3757/3767
f 3807/3797/3807 3808/3799/3808 3768/3758/3768
f 3809/3798/3809 3769/3760/3769 3768/3758/3768
f 3810/3800/3810 3770/3759/3770 3769/3760/3769
f 3811/3801/3811 3771/3761/3771 3770/3759/3770
f 3812/3802/3812 3772/3763/3772 3771/3761/3771
f 3813/3803/3813 3773/3762/3773 3772/3763/3772
f 3813/3803/3813 3814/3805/3814 3774/3764/3774
f 3815/3804/3815 3775/3765/3775 3774/3764/3774
f 3815/3804/3815 3816/3806/3816 3776/3766/3776
f 3816/3806/3816 3817/3807/3817 3777/3767/3777
f 3817/3807/3817 3818/3808/3818 3778/3768/3778
f 3818/3808/3818 3819/3809/3819 3779/3769/3779
f 3819/3809/3819 3820/3810/3820 3780/3770/3780
f 3820/3810/3820 3821/3811/3821 3781/3771/3781
f 3821/3811/3821 3822/3812/3822 3782/3772/3782
f 3822/3812/3822 3823/3813/3823 3783/3773/3783
f 3823/3813/3823 3824/3814/3824 3784/3774/3784
f 3824/3814/3824 3825/3815/3825 3785/3775/3785
f 3825/3815/3825 3826/3816/3826 3786/3776/3786
f 3826/3816/3826 3827/3817/3827 3787/3777/3787
f 3827/3817/3827 3828/3818/3828 3788/3778/3788
f 3828/3818/3828 3829/3820/3829 3789/3780/3789
f 3830/3819/3830 3790/3779/3790 3789/3780/3789
f 3831/3821/3831 3791/3781/3791 3790/3779/3790
f 3832/3822/3832 3792/3782/3792 3791/3781/3791
f 3833/3823/3833 3793/3783/3793 3792/3782/3792
f 3834/3824/3834 3794/3784/3794 3793/3783/3793
f 3835/3825/3835 3795/3785/3795 3794/3784/3794
f 3836/3826/3836 3796/3786/3796 3795/3785/3795
f 3837/3827/3837 3797/3787/3797 3796/3786/3796
f 3838/3828/3838 3798/3788/3798 3797/3787/3797
f 3839/3829/3839 3799/3789/3799 3798/3788/3798
f 3840/3830/3840 3800/3790/3800 3799/3789/3799
f 3841/3831/3841 3842/3832/3842 3802/3792/3802
f 3842/3832/3842 3843/3833/3843 3803/3793/3803
f 3843/3833/3843 3844/3834/3844 3804/3794/3804
f 3844/3834/3844 3845/3835/3845 3805/3796/3805
f 3845/3835/3845 3846/3836/3846 3806/3795/3806
f 3846/3836/3846 3847/3837/3847 3807/3797/3807
f 3847/3837/3847 3848/3839/3848 3808/3799/3808
f 3849/3838/3849 3809/3798/3809 3808/3799/3808
f 3850/3840/3850 3810/3800/3810 3809/3798/3809
f 3851/3841/3851 3811/3801/3811 3810/3800/3810
f 3852/3842/3852 3812/3802/3812 3811/3801/3811
f 3853/3843/3853 3813/3803/3813 3812/3802/3812
f 3854/3844/3854 3814/3805/3814 3813/3803/3813
f 3854/3844/3854 3855/3845/3855 3815/3804/3815
f 3855/3845/3855 3856/3846/3856 3816/3806/3816
f 3856/3846/3856 3857/3847/3857 3817/3807/3817
f 3857/3847/3857 3858/3848/3858 3818/3808/3818
f 3858/3848/3858 3859/3849/3859 3819/3809/3819
f 3859/3849/3859 3860/3850/3860 3820/3810/3820
f 3860/3850/3860 3861/3852/3861 3821/3811/3821
f 3862/3851/3862 3822/3812/3822 3821/3811/3821
f 3862/3851/3862 3863/3853/3863 3823/3813/3823
f 3863/3853/3863 3864/3854/3864 3824/3814/3824
f 3864/3854/3864 3865/3855/3865 3825/3815/3825
f 3865/3855/3865 3866/3856/3866 3826/3816/3826
f 3866/3856/3866 3867/3857/3867 3827/3817/3827
f 3867/3857/3867 3868/3859/3868 3828/3818/3828
f 3869/3858/3869 3829/3820/3829 3828/3818/3828
f 3870/3860/3870 3830/3819/3830 3829/3820/3829
f 3870/3860/3870 3871/3861/3871 3831/3821/3831
f 3871/3861/3871 3872/3863/3872 3832/3822/3832
f 3873/3862/3873 3833/3823/3833 3832/3822/3832
f 3873/3862/3873 3874/3864/3874 3834/3824/3834
f 3874/3864/3874 3875/3865/3875 3835/3825/3835
f 3875/3865/3875 3876/3866/3876 3836/3826/3836
f 3876/3866/3876 3877/3868/3877 3837/3827/3837
f 3878/3867/3878 3838/3828/3838 3837/3827/3837
f 3879/3869/3879 3839/3829/3839 3838/3828/3838
f 3880/3870/3880 3840/3830/3840 3839/3829/3839
f 3881/3871/3881 3882/3872/3882 3842/3832/3842
f 3882/3872/3882 3883/3873/3883 3843/3833/3843
f 3883/3873/3883 3884/3875/3884 3844/3834/3844
f 3885/3874/3885 3845/3835/3845 3844/3834/3844
f 3885/3874/3885 3886/3876/3886 3846/3836/3846
f 3886/3876/3886 3887/3878/3887 3847/3837/3847
f 3888/3877/3888 3848/3839/3848 3847/3837/3847
f 3889/3879/3889 3849/3838/3849 3848/3839/3848
f 3889/3879/3889 3890/3881/3890 3850/3840/3850
f 3891/3880/3891 3851/3841/3851 3850/3840/3850
f 3891/3880/3891 3892/3883/3892 3852/3842/3852
f 3893/3882/3893 3853/3843/3853 3852/3842/3852
f 3893/3882/3893 3894/3884/3894 3854/3844/3854
f 3894/3884/3894 3895/3885/3895 3855/3845/3855
f 3895/3885/3895 3896/3886/3896 3856/3846/3856
f 3896/3886/3896 3897/3887/3897 3857/3847/3857
f 3897/3887/3897 3898/3888/3898 3858/3848/3858
f 3898/3888/3898 3899/3889/3899 3859/3849/3859
f 3899/3889/3899 3900/3890/3900 3860/3850/3860
f 3900/3890/3900 3901/3891/3901 3861/3852/3861
f 3901/3891/3901 3902/3892/3902 3862/3851/3862
f 3902/3892/3902 3903/3893/3903 3863/3853/3863
f 3903/3893/3903 3904/3894/3904 3864/3854/3864
f 3904/3894/3904 3905/3895/3905 3865/3855/3865
f 3905/3895/3905 3906/3896/3906 3866/3856/3866
f 3906/3896/3906 3907/3898/3907 3867/3857/3867
f 3908/3897/3908 3868/3859/3868 3867/3857/3867
f 3909/3899/3909 3869/3858/3869 3868/3859/3868
f 3910/3900/3910 3870/3860/3870 3869/3858/3869
f 3911/3901/3911 3871/3861/3871 3870/3860/3870
f 3911/3901/3911 3912/3903/3912 3872/3863/3872
f 3913/3902/3913 3873/3862/3873 3872/3863/3872
f 3914/3904/3914 3874/3864/3874 3873/3862/3873
f 3915/3905/3915 3875/3865/3875 3874/3864/3874
f 3915/3905/3915 3916/3906/3916 3876/3866/3876
f 3916/3906/3916 3917/3908/3917 3877/3868/3877
f 3918/3907/3918 3878/3867/3878 3877/3868/3877
f 3919/3909/3919 3879/3869/3879 3878/3867/3878
f 3920/3910/3920 3880/3870/3880 3879/3869/3879
f 3921/3911/3921 3922/3912/3922 3882/3872/3882
f 3922/3912/3922 3923/3913/3923 3883/3873/3883
f 3923/3913/3923 3924/3915/3924 3884/3875/3884
f 3925/3914/3925 3885/3874/3885 3884/3875/3884
f 3926/3916/3926 3886/3876/3886 3885/3874/3885
f 3926/3916/3926 3927/3918/3927 3887/3878/3887
f 3928/3917/3928 3888/3877/3888 3887/3878/3887
f 3929/3919/3929 3889/3879/3889 3888/3877/3888
f 3930/3920/3930 3890/3881/3890 3889/3879/3889
f 3931/3921/3931 3891/3880/3891 3890/3881/3890
f 3931/3921/3931 3932/3922/3932 3892/3883/3892
f 3932/3922/3932 3933/3923/3933 3893/3882/3893
f 3933/3923/3933 3934/3924/3934 3894/3884/3894
f 3934/3924/3934 3935/3925/3935 3895/3885/3895
f 3935/3925/3935 3936/3926/3936 3896/3886/3896
f 3936/3926/3936 3937/3927/3937 3897/3887/3897
f 3937/3927/3937 3938/3928/3938 3898/3888/3898
f 3938/3928/3938 3939/3929/3939 3899/3889/3899
f 3939/3929/3939 3940/3930/3940 3900/3890/3900
f 3940/3930/3940 3941/3931/3941 3901/3891/3901
f 3941/3931/3941 3942/3932/3942 3902/3892/3902
f 3942/3932/3942 3943/3934/3943 3903/3893/3903
f 3944/3933/3944 3904/3894/3904 3903/3893/3903
f 3945/3935/3945 3905/3895/3905 3904/3894/3904
f 3946/3936/3946 3906/3896/3906 3905/3895/3905
f 3946/3936/3946 3947/3937/3947 3907/3898/3907
f 3947/3937/3947 3948/3939/3948 3908/3897/3908
f 3949/3938/3949 3909/3899/3909 3908/3897/3908
f 3950/3940/3950 3910/3900/3910 3909/3899/3909
f 3950/3940/3950 3951/3942/3951 3911/3901/3911
f 3952/3941/3952 3912/3903/3912 3911/3901/3911
f 3952/3941/3952 3953/3944/3953 3913/3902/3913
f 3954/3943/3954 3914/3904/3914 3913/3902/3913
f 3954/3943/3954 3955/3945/3955 3915/3905/3915
f 3955/3945/3955 3956/3946/3956 3916/3906/3916
f 3956/3946/3956 3957/3948/3957 3917/3908/3917
f 3958/3947/3958 3918/3907/3918 3917/3908/3917
f 3959/3949/3959 3919/3909/3919 3918/3907/3918
f 3960/3950/3960 3920/3910/3920 3919/3909/3919
f 3962/3951/3962 3922/3912/3922 3921/3911/3921
f 3963/3953/3963 3923/3913/3923 3922/3912/3922
f 3964/3954/3964 3924/3915/3924 3923/3913/3923
f 3965/3955/3965 3925/3914/3925 3924/3915/3924
f 3965/3955/3965 3966/3957/3966 3926/3916/3926
f 3967/3956/3967 3927/3918/3927 3926/3916/3926
f 3968/3958/3968 3928/3917/3928 3927/3918/3927
f 3969/3959/3969 3929/3919/3929 3928/3917/3928
f 3970/3960/3970 3930/3920/3930 3929/3919/3929
f 3971/3961/3971 3931/3921/3931 3930/3920/3930
f 3972/3962/3972 3932/3922/3932 3931/3921/3931
f 3972/3962/3972 3973/3963/3973 3933/3923/3933
f 3973/3963/3973 3974/3964/3974 3934/3924/3934
f 3974/3964/3974 3975/3965/3975 3935/3925/3935
f 3975/3965/3975 3976/3966/3976 3936/3926/3936
f 3976/3966/3976 3977/3968/3977 3937/3927/3937
f 3978/3967/3978 3938/3928/3938 3937/3927/3937
f 3978/3967/3978 3979/3969/3979 3939/3929/3939
f 3979/3969/3979 3980/3970/3980 3940/3930/3940
f 3980/3970/3980 3981/3971/3981 3941/3931/3941
f 3981/3971/3981 3982/3972/3982 3942/3932/3942
f 3982/3972/3982 3983/3974/3983 3943/3934/3943
f 3984/3973/3984 3944/3933/3944 3943/3934/3943
f 3985/3975/3985 3945/3935/3945 3944/3933/3944
f 3986/3976/3986 3946/3936/3946 3945/3935/3945
f 3986/3976/3986 3987/3977/3987 3947/3937/3947
f 3987/3977/3987 3988/3979/3988 3948/3939/3948
f 3989/3978/3989 3949/3938/3949 3948/3939/3948
f 3990/3980/3990 3950/3940/3950 3949/3938/3949
f 3991/3981/3991 3951/3942/3951 3950/3940/3950
f 3991/3981/3991 3992/3983/3992 3952/3941/3952
f 3993/3982/3993 3953/3944/3953 3952/3941/3952
f 3993/3982/3993 3994/3984/3994 3954/3943/3954
f 3994/3984/3994 3995/3985/3995 3955/3945/3955
f 3995/3985/3995 3996/3986/3996 3956/3946/3956
f 3996/3986/3996 3997/3988/3997 3957/3948/3957
f 3998/3987/3998 3958/3947/3958 3957/3948/3957
f 3999/3989/3999 3959/3949/3959 3958/3947/3958
f 4000/3990/4000 3960/3950/3960 3959/3949/3959
f 4002/3991/4002 3962/3951/3962 3961/3952/3961
f 4003/3993/4003 3963/3953/3963 3962/3951/3962
f 4004/3994/4004 3964/3954/3964 3963/3953/3963
f 4005/3995/4005 3965/3955/3965 3964/3954/3964
f 4006/3996/4006 3966/3957/3966 3965/3955/3965
f 4007/3997/4007 3967/3956/3967 3966/3957/3966
f 4008/3998/4008 3968/3958/3968 3967/3956/3967
f 4009/3999/4009 3969/3959/3969 3968/3958/3968
f 4010/4000/4010 3970/3960/3970 3969/3959/3969
f 4011/4001/4011 3971/3961/3971 3970/3960/3970
f 4011/4001/4011 4012/4002/4012 3972/3962/3972
f 4012/4002/4012 4013/4003/4013 3973/3963/3973
f 4013/4003/4013 4014/4004/4014 3974/3964/3974
f 4014/4004/4014 4015/4005/4015 3975/3965/3975
f 4015/4005/4015 4016/4007/4016 3976/3966/3976
f 4017/4006/4017 3977/3968/3977 3976/3966/3976
f 4018/4008/4018 3978/3967/3978 3977/3968/3977
f 4019/4009/4019 3979/3969/3979 3978/3967/3978
f 4020/4010/4020 3980/3970/3980 3979/3969/3979
f 4020/4010/4020 4021/4011/4021 3981/3971/3981
f 4021/4011/4021 4022/4012/4022 3982/3972/3982
f 4022/4012/4022 4023/4013/4023 3983/3974/3983
f 4023/4013/4023 4024/4014/4024 3984/3973/3984
f 4024/4014/4024 4025/4016/4025 3985/3975/3985
f 4026/4015/4026 3986/3976/3986 3985/3975/3985
f 4026/4015/4026 4027/4018/4027 3987/3977/3987
f 4028/4017/4028 3988/3979/3988 3987/3977/3987
f 4029/4019/4029 3989/3978/3989 3988/3979/3988
f 4030/4020/4030 3990/3980/3990 3989/3978/3989
f 4030/4020/4030 4031/4022/4031 3991/3981/3991
f 4032/4021/4032 3992/3983/3992 3991/3981/3991
f 4033/4023/4033 3993/3982/3993 3992/3983/3992
f 4033/4023/4033 4034/4024/4034 3994/3984/3994
f 4034/4024/4034 4035/4025/4035 3995/3985/3995
f 4035/4025/4035 4036/4026/4036 3996/3986/3996
f 4036/4026/4036 4037/4028/4037 3997/3988/3997
f 4038/4027/4038 3998/3987/3998 3997/3988/3997
f 4039/4029/4039 3999/3989/3999 3998/3987/3998
f 4040/4030/4040 4000/3990/4000 3999/3989/3999
f 4042/4031/4042 4002/3991/4002 4001/3992/4001
f 4043/4033/4043 4003/3993/4003 4002/3991/4002
f 4044/4034/4044 4004/3994/4004 4003/3993/4003
f 4044/4034/4044 4045/4035/4045 4005/3995/4005
f 4045/4035/4045 4046/4037/4046 4006/3996/4006
f 4047/4036/4047 4007/3997/4007 4006/3996/4006
f 4047/4036/4047 4048/4039/4048 4008/3998/4008
f 4049/4038/4049 4009/3999/4009 4008/3998/4008
f 4050/4040/4050 4010/4000/4010 4009/3999/4009
f 4051/4041/4051 4011/4001/4011 4010/4000/4010
f 4052/4042/4052 4012/4002/4012 4011/4001/4011
f 4052/4042/4052 4053/4043/4053 4013/4003/4013
f 4053/4043/4053 4054/4044/4054 4014/4004/4014
f 4054/4044/4054 4055/4045/4055 4015/4005/4015
f 4055/4045/4055 4056/4047/4056 4016/4007/4016
f 4057/4046/4057 4017/4006/4017 4016/4007/4016
f 4058/4048/4058 4018/4008/4018 4017/4006/4017
f 4059/4049/4059 4019/4009/4019 4018/4008/4018
f 4060/4050/4060 4020/4010/4020 4019/4009/4019
f 4060/4050/4060 4061/4052/4061 4021/4011/4021
f 4062/4051/4062 4022/4012/4022 4021/4011/4021
f 4062/4051/4062 4063/4053/4063 4023/4013/4023
f 4063/4053/4063 4064/4054/4064 4024/4014/4024
f 4064/4054/4064 4065/4056/4065 4025/4016/4025
f 4066/4055/4066 4026/4015/4026 4025/4016/4025
f 4066/4055/4066 4067/4058/4067 4027/4018/4027
f 4068/4057/4068 4028/4017/4028 4027/4018/4027
f 4069/4059/4069 4029/4019/4029 4028/4017/4028
f 4070/4060/4070 4030/4020/4030 4029/4019/4029
f 4070/4060/4070 4071/4062/4071 4031/4022/4031
f 4072/4061/4072 4032/4021/4032 4031/4022/4031
f 4073/4063/4073 4033/4023/4033 4032/4021/4032
f 4073/4063/4073 4074/4064/4074 4034/4024/4034
f 4074/4064/4074 4075/4065/4075 4035/4025/4035
f 4075/4065/4075 4076/4066/4076 4036/4026/4036
f 4076/4066/4076 4077/4067/4077 4037/4028/4037
f 4077/4067/4077 4078/4068/4078 4038/4027/4038
f 4078/4068/4078 4079/4070/4079 4039/4029/4039
f 4080/4069/4080 4040/4030/4040 4039/4029/4039
f 4082/4071/4082 4042/4031/4042 4041/4032/4041
f 4083/4073/4083 4043/4033/4043 4042/4031/4042
f 4084/4074/4084 4044/4034/4044 4043/4033/4043
f 4085/4075/4085 4045/4035/4045 4044/4034/4044
f 4086/4076/4086 4046/4037/4046 4045/4035/4045
f 4086/4076/4086 4087/4077/4087 4047/4036/4047
f 4087/4077/4087 4088/4079/4088 4048/4039/4048
f 4089/4078/4089 4049/4038/4049 4048/4039/4048
f 4090/4080/4090 4050/4040/4050 4049/4038/4049
f 4091/4081/4091 4051/4041/4051 4050/4040/4050
f 4092/4082/4092 4052/4042/4052 4051/4041/4051
f 4092/4082/4092 4093/4084/4093 4053/4043/4053
f 4094/4083/4094 4054/4044/4054 4053/4043/4053
f 4094/4083/4094 4095/4086/4095 4055/4045/4055
f 4096/4085/4096 4056/4047/4056 4055/4045/4055
f 4097/4087/4097 4057/4046/4057 4056/4047/4056
f 4097/4087/4097 4098/4089/4098 4058/4048/4058
f 4099/4088/4099 4059/4049/4059 4058/4048/4058
f 4100/4090/4100 4060/4050/4060 4059/4049/4059
f 4101/4091/4101 4061/4052/4061 4060/4050/4060
f 4102/4092/4102 4062/4051/4062 4061/4052/4061
f 4102/4092/4102 4103/4093/4103 4063/4053/4063
f 4103/4093/4103 4104/4094/4104 4064/4054/4064
f 4104/4094/4104 4105/4096/4105 4065/4056/4065
f 4106/4095/4106 4066/4055/4066 4065/4056/4065
f 4107/4097/4107 4067/4058/4067 4066/4055/4066
f 4108/4098/4108 4068/4057/4068 4067/4058/4067
f 4109/4099/4109 4069/4059/4069 4068/4057/4068
f 4109/4099/4109 4110/4101/4110 4070/4060/4070
f 4111/4100/4111 4071/4062/4071 4070/4060/4070
f 4112/4102/4112 4072/4061/4072 4071/4062/4071
f 4112/4102/4112 4113/4103/4113 4073/4063/4073
f 4113/4103/4113 4114/4104/4114 4074/4064/4074
f 4114/4104/4114 4115/4105/4115 4075/4065/4075
f 4115/4105/4115 4116/4106/4116 4076/4066/4076
f 4116/4106/4116 4117/4107/4117 4077/4067/4077
f 4117/4107/4117 4118/4108/4118 4078/4068/4078
f 4118/4108/4118 4119/4109/4119 4079/4070/4079
f 4119/4109/4119 4120/4149/4120 4080/4069/4080
f 4122/4110/4122 4082/4071/4082 4081/4072/4081
f 4123/4112/4123 4083/4073/4083 4082/4071/4082
f 4124/4113/4124 4084/4074/4084 4083/4073/4083
f 4125/4114/4125 4085/4075/4085 4084/4074/4084
f 4125/4114/4125 4126/4115/4126 4086/4076/4086
f 4126/4115/4126 4127/4117/4127 4087/4077/4087
f 4128/4116/4128 4088/4079/4088 4087/4077/4087
f 4129/4118/4129 4089/4078/4089 4088/4079/4088
f 4130/4119/4130 4090/4080/4090 4089/4078/4089
f 4131/4120/4131 4091/4081/4091 4090/4080/4090
f 4132/4121/4132 4092/4082/4092 4091/4081/4091
f 4133/4122/4133 4093/4084/4093 4092/4082/4092
f 4134/4123/4134 4094/4083/4094 4093/4084/4093
f 4135/4124/4135 4095/4086/4095 4094/4083/4094
f 4136/4125/4136 4096/4085/4096 4095/4086/4095
f 4137/4126/4137 4097/4087/4097 4096/4085/4096
f 4138/4127/4138 4098/4089/4098 4097/4087/4097
f 4138/4127/4138 4139/4129/4139 4099/4088/4099
f 4140/4128/4140 4100/4090/4100 4099/4088/4099
f 4141/4130/4141 4101/4091/4101 4100/4090/4100
f 4142/4131/4142 4102/4092/4102 4101/4091/4101
f 4142/4131/4142 4143/4132/4143 4103/4093/4103
f 4143/4132/4143 4144/4133/4144 4104/4094/4104
f 4144/4133/4144 4145/4135/4145 4105/4096/4105
f 4146/4134/4146 4106/4095/4106 4105/4096/4105
f 4147/4136/4147 4107/4097/4107 4106/4095/4106
f 4148/4137/4148 4108/4098/4108 4107/4097/4107
f 4149/4138/4149 4109/4099/4109 4108/4098/4108
f 4149/4138/4149 4150/4140/4150 4110/4101/4110
f 4151/4139/4151 4111/4100/4111 4110/4101/4110
f 4151/4139/4151 4152/4141/4152 4112/4102/4112
f 4152/4141/4152 4153/4142/4153 4113/4103/4113
f 4153/4142/4153 4154/4143/4154 4114/4104/4114
f 4154/4143/4154 4155/4144/4155 4115/4105/4115
f 4155/4144/4155 4156/4145/4156 4116/4106/4116
f 4156/4145/4156 4157/4146/4157 4117/4107/4117
f 4157/4146/4157 4158/4147/4158 4118/4108/4118
f 4158/4147/4158 4159/4148/4159 4119/4109/4119
f 4159/4148/4159 4160/4189/4160 4120/4149/4120
f 4161/4150/4161 4162/4151/4162 4122/4110/4122
f 4162/4151/4162 4163/4152/4163 4123/4112/4123
f 4163/4152/4163 4164/4153/4164 4124/4113/4124
f 4164/4153/4164 4165/4154/4165 4125/4114/4125
f 4165/4154/4165 4166/4155/4166 4126/4115/4126
f 4166/4155/4166 4167/4157/4167 4127/4117/4127
f 4168/4156/4168 4128/4116/4128 4127/4117/4127
f 4169/4158/4169 4129/4118/4129 4128/4116/4128
f 4170/4159/4170 4130/4119/4130 4129/4118/4129
f 4171/4160/4171 4131/4120/4131 4130/4119/4130
f 4172/4161/4172 4132/4121/4132 4131/4120/4131
f 4173/4162/4173 4133/4122/4133 4132/4121/4132
f 4174/4163/4174 4134/4123/4134 4133/4122/4133
f 4175/4164/4175 4135/4124/4135 4134/4123/4134
f 4176/4165/4176 4136/4125/4136 4135/4124/4135
f 4177/4166/4177 4137/4126/4137 4136/4125/4136
f 4178/4167/4178 4138/4127/4138 4137/4126/4137
f 4178/4167/4178 4179/4169/4179 4139/4129/4139
f 4180/4168/4180 4140/4128/4140 4139/4129/4139
f 4181/4170/4181 4141/4130/4141 4140/4128/4140
f 4181/4170/4181 4182/4171/4182 4142/4131/4142
f 4182/4171/4182 4183/4172/4183 4143/4132/4143
f 4183/4172/4183 4184/4173/4184 4144/4133/4144
f 4184/4173/4184 4185/4175/4185 4145/4135/4145
f 4186/4174/4186 4146/4134/4146 4145/4135/4145
f 4187/4176/4187 4147/4136/4147 4146/4134/4146
f 4188/4177/4188 4148/4137/4148 4147/4136/4147
f 4189/4178/4189 4149/4138/4149 4148/4137/4148
f 4190/4179/4190 4150/4140/4150 4149/4138/4149
f 4190/4179/4190 4191/4181/4191 4151/4139/4151
f 4192/4180/4192 4152/4141/4152 4151/4139/4151
f 4192/4180/4192 4193/4182/4193 4153/4142/4153
f 4193/4182/4193 4194/4183/4194 4154/4143/4154
f 4194/4183/4194 4195/4184/4195 4155/4144/4155
f 4195/4184/4195 4196/4186/4196 4156/4145/4156
f 4197/4185/4197 4157/4146/4157 4156/4145/4156
f 4198/4187/4198 4158/4147/4158 4157/4146/4157
f 4199/4188/4199 4159/4148/4159 4158/4147/4158
f 4199/4188/4199 4200/4229/4200 4160/4189/4160
f 4201/4190/4201 4202/4191/4202 4162/4151/4162
f 4202/4191/4202 4203/4192/4203 4163/4152/4163
f 4203/4192/4203 4204/4193/4204 4164/4153/4164
f 4204/4193/4204 4205/4194/4205 4165/4154/4165
f 4205/4194/4205 4206/4195/4206 4166/4155/4166
f 4206/4195/4206 4207/4197/4207 4167/4157/4167
f 4208/4196/4208 4168/4156/4168 4167/4157/4167
f 4209/4198/4209 4169/4158/4169 4168/4156/4168
f 4210/4199/4210 4170/4159/4170 4169/4158/4169
f 4211/4200/4211 4171/4160/4171 4170/4159/4170
f 4212/4201/4212 4172/4161/4172 4171/4160/4171
f 4213/4202/4213 4173/4162/4173 4172/4161/4172
f 4214/4203/4214 4174/4163/4174 4173/4162/4173
f 4215/4204/4215 4175/4164/4175 4174/4163/4174
f 4216/4205/4216 4176/4165/4176 4175/4164/4175
f 4217/4206/4217 4177/4166/4177 4176/4165/4176
f 4218/4207/4218 4178/4167/4178 4177/4166/4177
f 4218/4207/4218 4219/4208/4219 4179/4169/4179
f 4219/4208/4219 4220/4210/4220 4180/4168/4180
f 4221/4209/4221 4181/4170/4181 4180/4168/4180
f 4221/4209/4221 4222/4211/4222 4182/4171/4182
f 4222/4211/4222 4223/4212/4223 4183/4172/4183
f 4223/4212/4223 4224/4213/4224 4184/4173/4184
f 4224/4213/4224 4225/4215/4225 4185/4175/4185
f 4226/4214/4226 4186/4174/4186 4185/4175/4185
f 4227/4216/4227 4187/4176/4187 4186/4174/4186
f 4228/4217/4228 4188/4177/4188 4187/4176/4187
f 4228/4217/4228 4229/4218/4229 4189/4178/4189
f 4229/4218/4229 4230/4219/4230 4190/4179/4190
f 4230/4219/4230 4231/4220/4231 4191/4181/4191
f 4231/4220/4231 4232/4221/4232 4192/4180/4192
f 4232/4221/4232 4233/4222/4233 4193/4182/4193
f 4233/4222/4233 4234/4223/4234 4194/4183/4194
f 4234/4223/4234 4235/4224/4235 4195/4184/4195
f 4235/4224/4235 4236/4226/4236 4196/4186/4196
f 4237/4225/4237 4197/4185/4197 4196/4186/4196
f 4238/4227/4238 4198/4187/4198 4197/4185/4197
f 4239/4228/4239 4199/4188/4199 4198/4187/4198
f 4239/4228/4239 4240/4269/4240 4200/4229/4200
f 4241/4230/4241 4242/4231/4242 4202/4191/4202
f 4242/4231/4242 4243/4232/4243 4203/4192/4203
f 4243/4232/4243 4244/4233/4244 4204/4193/4204
f 4244/4233/4244 4245/4234/4245 4205/4194/4205
f 4245/4234/4245 4246/4235/4246 4206/4195/4206
f 4246/4235/4246 4247/4237/4247 4207/4197/4207
f 4248/4236/4248 4208/4196/4208 4207/4197/4207
f 4249/4238/4249 4209/4198/4209 4208/4196/4208
f 4250/4239/4250 4210/4199/4210 4209/4198/4209
f 4251/4240/4251 4211/4200/4211 4210/4199/4210
f 4252/4241/4252 4212/4201/4212 4211/4200/4211
f 4253/4242/4253 4213/4202/4213 4212/4201/4212
f 4254/4243/4254 4214/4203/4214 4213/4202/4213
f 4255/4244/4255 4215/4204/4215 4214/4203/4214
f 4256/4245/4256 4216/4205/4216 4215/4204/4215
f 4257/4246/4257 4217/4206/4217 4216/4205/4216
f 4258/4247/4258 4218/4207/4218 4217/4206/4217
f 4259/4248/4259 4219/4208/4219 4218/4207/4218
f 4260/4249/4260 4220/4210/4220 4219/4208/4219
f 4261/4250/4261 4221/4209/4221 4220/4210/4220
f 4261/4250/4261 4262/4251/4262 4222/4211/4222
f 4262/4251/4262 4263/4252/4263 4223/4212/4223
f 4263/4252/4263 4264/4253/4264 4224/4213/4224
f 4264/4253/4264 4265/4255/4265 4225/4215/4225
f 4266/4254/4266 4226/4214/4226 4225/4215/4225
f 4266/4254/4266 4267/4256/4267 4227/4216/4227
f 4267/4256/4267 4268/4257/4268 4228/4217/4228
f 4268/4257/4268 4269/4258/4269 4229/4218/4229
f 4269/4258/4269 4270/4259/4270 4230/4219/4230
f 4270/4259/4270 4271/4260/4271 4231/4220/4231
f 4271/4260/4271 4272/4261/4272 4232/4221/4232
f 4272/4261/4272 4273/4262/4273 4233/4222/4233
f 4273/4262/4273 4274/4264/4274 4234/4223/4234
f 4275/4263/4275 4235/4224/4235 4234/4223/4234
f 4276/4265/4276 4236/4226/4236 4235/4224/4235
f 4277/4266/4277 4237/4225/4237 4236/4226/4236
f 4278/4267/4278 4238/4227/4238 4237/4225/4237
f 4278/4267/4278 4279/4268/4279 4239/4228/4239
f 4279/4268/4279 4280/4309/4280 4240/4269/4240
f 4281/4270/4281 4282/4271/4282 4242/4231/4242
f 4282/4271/4282 4283/4272/4283 4243/4232/4243
f 4283/4272/4283 4284/4273/4284 4244/4233/4244
f 4284/4273/4284 4285/4274/4285 4245/4234/4245
f 4285/4274/4285 4286/4275/4286 4246/4235/4246
f 4286/4275/4286 4287/4276/4287 4247/4237/4247
f 4287/4276/4287 4288/4278/4288 4248/4236/4248
f 4289/4277/4289 4249/4238/4249 4248/4236/4248
f 4290/4279/4290 4250/4239/4250 4249/4238/4249
f 4291/4280/4291 4251/4240/4251 4250/4239/4250
f 4292/4281/4292 4252/4241/4252 4251/4240/4251
f 4293/4282/4293 4253/4242/4253 4252/4241/4252
f 4294/4283/4294 4254/4243/4254 4253/4242/4253
f 4295/4284/4295 4255/4244/4255 4254/4243/4254
f 4296/4285/4296 4256/4245/4256 4255/4244/4255
f 4297/4286/4297 4257/4246/4257 4256/4245/4256
f 4298/4287/4298 4258/4247/4258 4257/4246/4257
f 4299/4288/4299 4259/4248/4259 4258/4247/4258
f 4300/4289/4300 4260/4249/4260 4259/4248/4259
f 4301/4290/4301 4261/4250/4261 4260/4249/4260
f 4301/4290/4301 4302/4291/4302 4262/4251/4262
f 4302/4291/4302 4303/4292/4303 4263/4252/4263
f 4303/4292/4303 4304/4294/4304 4264/4253/4264
f 4305/4293/4305 4265/4255/4265 4264/4253/4264
f 4305/4293/4305 4306/4295/4306 4266/4254/4266
f 4306/4295/4306 4307/4296/4307 4267/4256/4267
f 4307/4296/4307 4308/4297/4308 4268/4257/4268
f 4308/4297/4308 4309/4298/4309 4269/4258/4269
f 4309/4298/4309 4310/4299/4310 4270/4259/4270
f 4310/4299/4310 4311/4300/4311 4271/4260/4271
f 4311/4300/4311 4312/4301/4312 4272/4261/4272
f 4312/4301/4312 4313/4302/4313 4273/4262/4273
f 4313/4302/4313 4314/4303/4314 4274/4264/4274
f 4314/4303/4314 4315/4305/4315 4275/4263/4275
f 4316/4304/4316 4276/4265/4276 4275/4263/4275
f 4316/4304/4316 4317/4306/4317 4277/4266/4277
f 4317/4306/4317 4318/4307/4318 4278/4267/4278
f 4318/4307/4318 4319/4308/4319 4279/4268/4279
f 4319/4308/4319 4320/4349/4320 4280/4309/4280
f 4321/4310/4321 4322/4311/4322 4282/4271/4282
f 4322/4311/4322 4323/4312/4323 4283/4272/4283
f 4323/4312/4323 4324/4313/4324 4284/4273/4284
f 4324/4313/4324 4325/4314/4325 4285/4274/4285
f 4325/4314/4325 4326/4315/4326 4286/4275/4286
f 4326/4315/4326 4327/4316/4327 4287/4276/4287
f 4327/4316/4327 4328/4318/4328 4288/4278/4288
f 4329/4317/4329 4289/4277/4289 4288/4278/4288
f 4330/4319/4330 4290/4279/4290 4289/4277/4289
f 4331/4320/4331 4291/4280/4291 4290/4279/4290
f 4332/4321/4332 4292/4281/4292 4291/4280/4291
f 4333/4322/4333 4293/4282/4293 4292/4281/4292
f 4334/4323/4334 4294/4283/4294 4293/4282/4293
f 4335/4324/4335 4295/4284/4295 4294/4283/4294
f 4336/4325/4336 4296/4285/4296 4295/4284/4295
f 4337/4326/4337 4297/4286/4297 4296/4285/4296
f 4338/4327/4338 4298/4287/4298 4297/4286/4297
f 4339/4328/4339 4299/4288/4299 4298/4287/4298
f 4340/4329/4340 4300/4289/4300 4299/4288/4299
f 4341/4330/4341 4301/4290/4301 4300/4289/4300
f 4341/4330/4341 4342/4331/4342 4302/4291/4302
f 4342/4331/4342 4343/4332/4343 4303/4292/4303
f 4343/4332/4343 4344/4334/4344 4304/4294/4304
f 4345/4333/4345 4305/4293/4305 4304/4294/4304
f 4345/4333/4345 4346/4335/4346 4306/4295/4306
f 4346/4335/4346 4347/4336/4347 4307/4296/4307
f 4347/4336/4347 4348/4337/4348 4308/4297/4308
f 4348/4337/4348 4349/4338/4349 4309/4298/4309
f 4349/4338/4349 4350/4339/4350 4310/4299/4310
f 4350/4339/4350 4351/4340/4351 4311/4300/4311
f 4351/4340/4351 4352/4342/4352 4312/4301/4312
f 4353/4341/4353 4313/4302/4313 4312/4301/4312
f 4353/4341/4353 4354/4343/4354 4314/4303/4314
f 4354/4343/4354 4355/4345/4355 4315/4305/4315
f 4356/4344/4356 4316/4304/4316 4315/4305/4315
f 4357/4346/4357 4317/4306/4317 4316/4304/4316
f 4357/4346/4357 4358/4347/4358 4318/4307/4318
f 4358/4347/4358 4359/4348/4359 4319/4308/4319
f 4359/4348/4359 4360/5117/4360 4320/4349/4320
f 4361/4350/4361 4362/4352/4362 4322/4311/4322
f 4363/4351/4363 4323/4312/4323 4322/4311/4322
f 4363/4351/4363 4364/4353/4364 4324/4313/4324
f 4364/4353/4364 4365/4355/4365 4325/4314/4325
f 4366/4354/4366 4326/4315/4326 4325/4314/4325
f 4367/4356/4367 4327/4316/4327 4326/4315/4326
f 4367/4356/4367 4368/4357/4368 4328/4318/4328
f 4368/4357/4368 4369/4359/4369 4329/4317/4329
f 4370/4358/4370 4330/4319/4330 4329/4317/4329
f 4371/4360/4371 4331/4320/4331 4330/4319/4330
f 4372/4361/4372 4332/4321/4332 4331/4320/4331
f 4373/4362/4373 4333/4322/4333 4332/4321/4332
f 4374/4363/4374 4334/4323/4334 4333/4322/4333
f 4375/4364/4375 4335/4324/4335 4334/4323/4334
f 4376/4365/4376 4336/4325/4336 4335/4324/4335
f 4377/4366/4377 4337/4326/4337 4336/4325/4336
f 4378/4367/4378 4338/4327/4338 4337/4326/4337
f 4379/4368/4379 4339/4328/4339 4338/4327/4338
f 4380/4369/4380 4340/4329/4340 4339/4328/4339
f 4381/4370/4381 4341/4330/4341 4340/4329/4340
f 4381/4370/4381 4382/4371/4382 4342/4331/4342
f 4382/4371/4382 4383/4373/4383 4343/4332/4343
f 4384/4372/4384 4344/4334/4344 4343/4332/4343
f 4385/4374/4385 4345/4333/4345 4344/4334/4344
f 4385/4374/4385 4386/4375/4386 4346/4335/4346
f 4386/4375/4386 4387/4376/4387 4347/4336/4347
f 4387/4376/4387 4388/4377/4388 4348/4337/4348
f 4388/4377/4388 4389/4378/4389 4349/4338/4349
f 4389/4378/4389 4390/4379/4390 4350/4339/4350
f 4390/4379/4390 4391/4380/4391 4351/4340/4351
f 4391/4380/4391 4392/4382/4392 4352/4342/4352
f 4393/4381/4393 4353/4341/4353 4352/4342/4352
f 4394/4383/4394 4354/4343/4354 4353/4341/4353
f 4394/4383/4394 4395/4385/4395 4355/4345/4355
f 4396/4384/4396 4356/4344/4356 4355/4345/4355
f 4397/4386/4397 4357/4346/4357 4356/4344/4356
f 4398/4387/4398 4358/4347/4358 4357/4346/4357
f 4399/4388/4399 4359/4348/4359 4358/4347/4358
f 4400/4389/4400 4360/5117/4360 4359/4348/4359
f 4401/4390/4401 4402/4392/4402 4362/4352/4362
f 4403/4391/4403 4363/4351/4363 4362/4352/4362
f 4404/4393/4404 4364/4353/4364 4363/4351/4363
f 4405/4394/4405 4365/4355/4365 4364/4353/4364
f 4406/4395/4406 4366/4354/4366 4365/4355/4365
f 4407/4396/4407 4367/4356/4367 4366/4354/4366
f 4407/4396/4407 4408/4397/4408 4368/4357/4368
f 4408/4397/4408 4409/4398/4409 4369/4359/4369
f 4409/4398/4409 4410/4400/4410 4370/4358/4370
f 4411/4399/4411 4371/4360/4371 4370/4358/4370
f 4412/4401/4412 4372/4361/4372 4371/4360/4371
f 4413/4402/4413 4373/4362/4373 4372/4361/4372
f 4414/4403/4414 4374/4363/4374 4373/4362/4373
f 4415/4404/4415 4375/4364/4375 4374/4363/4374
f 4416/4405/4416 4376/4365/4376 4375/4364/4375
f 4417/4406/4417 4377/4366/4377 4376/4365/4376
f 4417/4406/4417 4418/4407/4418 4378/4367/4378
f 4418/4407/4418 4419/4408/4419 4379/4368/4379
f 4419/4408/4419 4420/4410/4420 4380/4369/4380
f 4421/4409/4421 4381/4370/4381 4380/4369/4380
f 4422/4411/4422 4382/4371/4382 4381/4370/4381
f 4423/4412/4423 4383/4373/4383 4382/4371/4382
f 4424/4413/4424 4384/4372/4384 4383/4373/4383
f 4424/4413/4424 4425/4414/4425 4385/4374/4385
f 4425/4414/4425 4426/4415/4426 4386/4375/4386
f 4426/4415/4426 4427/4416/4427 4387/4376/4387
f 4427/4416/4427 4428/4417/4428 4388/4377/4388
f 4428/4417/4428 4429/4418/4429 4389/4378/4389
f 4429/4418/4429 4430/4419/4430 4390/4379/4390
f 4430/4419/4430 4431/4420/4431 4391/4380/4391
f 4431/4420/4431 4432/4422/4432 4392/4382/4392
f 4433/4421/4433 4393/4381/4393 4392/4382/4392
f 4434/4423/4434 4394/4383/4394 4393/4381/4393
f 4434/4423/4434 4435/4424/4435 4395/4385/4395
f 4435/4424/4435 4436/4426/4436 4396/4384/4396
f 4437/4425/4437 4397/4386/4397 4396/4384/4396
f 4438/4427/4438 4398/4387/4398 4397/4386/4397
f 4439/4428/4439 4399/4388/4399 4398/4387/4398
f 4440/4429/4440 4400/4389/4400 4399/4388/4399
f 4441/4430/4441 4442/4432/4442 4402/4392/4402
f 4443/4431/4443 4403/4391/4403 4402/4392/4402
f 4444/4433/4444 4404/4393/4404 4403/4391/4403
f 4445/4434/4445 4405/4394/4405 4404/4393/4404
f 4446/4435/4446 4406/4395/4406 4405/4394/4405
f 4447/4436/4447 4407/4396/4407 4406/4395/4406
f 4447/4436/4447 4448/4437/4448 4408/4397/4408
f 4448/4437/4448 4449/4438/4449 4409/4398/4409
f 4449/4438/4449 4450/4440/4450 4410/4400/4410
f 4451/4439/4451 4411/4399/4411 4410/4400/4410
f 4452/4441/4452 4412/4401/4412 4411/4399/4411
f 4453/4442/4453 4413/4402/4413 4412/4401/4412
f 4454/4443/4454 4414/4403/4414 4413/4402/4413
f 4455/4444/4455 4415/4404/4415 4414/4403/4414
f 4456/4445/4456 4416/4405/4416 4415/4404/4415
f 4457/4446/4457 4417/4406/4417 4416/4405/4416
f 4457/4446/4457 4458/4447/4458 4418/4407/4418
f 4458/4447/4458 4459/4448/4459 4419/4408/4419
f 4459/4448/4459 4460/4450/4460 4420/4410/4420
f 4461/4449/4461 4421/4409/4421 4420/4410/4420
f 4462/4451/4462 4422/4411/4422 4421/4409/4421
f 4463/4452/4463 4423/4412/4423 4422/4411/4422
f 4464/4453/4464 4424/4413/4424 4423/4412/4423
f 4464/4453/4464 4465/4454/4465 4425/4414/4425
f 4465/4454/4465 4466/4455/4466 4426/4415/4426
f 4466/4455/4466 4467/4456/4467 4427/4416/4427
f 4467/4456/4467 4468/4457/4468 4428/4417/4428
f 4468/4457/4468 4469/4458/4469 4429/4418/4429
f 4469/4458/4469 4470/4459/4470 4430/4419/4430
f 4470/4459/4470 4471/4460/4471 4431/4420/4431
f 4471/4460/4471 4472/4462/4472 4432/4422/4432
f 4473/4461/4473 4433/4421/4433 4432/4422/4432
f 4474/4463/4474 4434/4423/4434 4433/4421/4433
f 4474/4463/4474 4475/4464/4475 4435/4424/4435
f 4475/4464/4475 4476/4466/4476 4436/4426/4436
f 4477/4465/4477 4437/4425/4437 4436/4426/4436
f 4478/4467/4478 4438/4427/4438 4437/4425/4437
f 4479/4468/4479 4439/4428/4439 4438/4427/4438
f 4480/4469/4480 4440/4429/4440 4439/4428/4439
f 4481/4470/4481 4482/4471/4482 4442/4432/4442
f 4482/4471/4482 4483/4473/4483 4443/4431/4443
f 4484/4472/4484 4444/4433/4444 4443/4431/4443
f 4485/4474/4485 4445/4434/4445 4444/4433/4444
f 4486/4475/4486 4446/4435/4446 4445/4434/4445
f 4487/4476/4487 4447/4436/4447 4446/4435/4446
f 4487/4476/4487 4488/4477/4488 4448/4437/4448
f 4488/4477/4488 4489/4478/4489 4449/4438/4449
f 4489/4478/4489 4490/4480/4490 4450/4440/4450
f 4491/4479/4491 4451/4439/4451 4450/4440/4450
f 4492/4481/4492 4452/4441/4452 4451/4439/4451
f 4493/4482/4493 4453/4442/4453 4452/4441/4452
f 4494/4483/4494 4454/4443/4454 4453/4442/4453
f 4495/4484/4495 4455/4444/4455 4454/4443/4454
f 4496/4485/4496 4456/4445/4456 4455/4444/4455
f 4497/4486/4497 4457/4446/4457 4456/4445/4456
f 4497/4486/4497 4498/4487/4498 4458/4447/4458
f 4498/4487/4498 4499/4488/4499 4459/4448/4459
f 4499/4488/4499 4500/4489/4500 4460/4450/4460
f 4500/4489/4500 4501/4490/4501 4461/4449/4461
f 4501/4490/4501 4502/4492/4502 4462/4451/4462
f 4503/4491/4503 4463/4452/4463 4462/4451/4462
f 4503/4491/4503 4504/4493/4504 4464/4453/4464
f 4504/4493/4504 4505/4494/4505 4465/4454/4465
f 4505/4494/4505 4506/4495/4506 4466/4455/4466
f 4506/4495/4506 4507/4496/4507 4467/4456/4467
f 4507/4496/4507 4508/4497/4508 4468/4457/4468
f 4508/4497/4508 4509/4498/4509 4469/4458/4469
f 4509/4498/4509 4510/4499/4510 4470/4459/4470
f 4510/4499/4510 4511/4500/4511 4471/4460/4471
f 4511/4500/4511 4512/4502/4512 4472/4462/4472
f 4513/4501/4513 4473/4461/4473 4472/4462/4472
f 4514/4503/4514 4474/4463/4474 4473/4461/4473
f 4514/4503/4514 4515/4504/4515 4475/4464/4475
f 4515/4504/4515 4516/4506/4516 4476/4466/4476
f 4517/4505/4517 4477/4465/4477 4476/4466/4476
f 4517/4505/4517 4518/4507/4518 4478/4467/4478
f 4518/4507/4518 4519/4508/4519 4479/4468/4479
f 4519/4508/4519 4520/5118/4520 4480/4469/4480
f 4521/4509/4521 4522/4510/4522 4482/4471/4482
f 4522/4510/4522 4523/4511/4523 4483/4473/4483
f 4523/4511/4523 4524/4513/4524 4484/4472/4484
f 4525/4512/4525 4485/4474/4485 4484/4472/4484
f 4526/4514/4526 4486/4475/4486 4485/4474/4485
f 4526/4514/4526 4527/4515/4527 4487/4476/4487
f 4527/4515/4527 4528/4516/4528 4488/4477/4488
f 4528/4516/4528 4529/4518/4529 4489/4478/4489
f 4530/4517/4530 4490/4480/4490 4489/4478/4489
f 4531/4519/4531 4491/4479/4491 4490/4480/4490
f 4532/4520/4532 4492/4481/4492 4491/4479/4491
f 4533/4521/4533 4493/4482/4493 4492/4481/4492
f 4534/4522/4534 4494/4483/4494 4493/4482/4493
f 4535/4523/4535 4495/4484/4495 4494/4483/4494
f 4536/4524/4536 4496/4485/4496 4495/4484/4495
f 4537/4525/4537 4497/4486/4497 4496/4485/4496
f 4537/4525/4537 4538/4526/4538 4498/4487/4498
f 4538/4526/4538 4539/4527/4539 4499/4488/4499
f 4539/4527/4539 4540/4528/4540 4500/4489/4500
f 4540/4528/4540 4541/4529/4541 4501/4490/4501
f 4541/4529/4541 4542/4530/4542 4502/4492/4502
f 4542/4530/4542 4543/4531/4543 4503/4491/4503
f 4543/4531/4543 4544/4532/4544 4504/4493/4504
f 4544/4532/4544 4545/4533/4545 4505/4494/4505
f 4545/4533/4545 4546/4534/4546 4506/4495/4506
f 4546/4534/4546 4547/4535/4547 4507/4496/4507
f 4547/4535/4547 4548/4536/4548 4508/4497/4508
f 4548/4536/4548 4549/4537/4549 4509/4498/4509
f 4549/4537/4549 4550/4538/4550 4510/4499/4510
f 4550/4538/4550 4551/4540/4551 4511/4500/4511
f 4552/4539/4552 4512/4502/4512 4511/4500/4511
f 4553/4541/4553 4513/4501/4513 4512/4502/4512
f 4553/4541/4553 4554/4542/4554 4514/4503/4514
f 4554/4542/4554 4555/4543/4555 4515/4504/4515
f 4555/4543/4555 4556/4544/4556 4516/4506/4516
f 4556/4544/4556 4557/4545/4557 4517/4505/4517
f 4557/4545/4557 4558/4546/4558 4518/4507/4518
f 4558/4546/4558 4559/4548/4559 4519/4508/4519
f 4560/4547/4560 4520/5118/4520 4519/4508/4519
f 4561/4549/4561 4562/4550/4562 4522/4510/4522
f 4562/4550/4562 4563/4551/4563 4523/4511/4523
f 4563/4551/4563 4564/4552/4564 4524/4513/4524
f 4564/4552/4564 4565/4553/4565 4525/4512/4525
f 4565/4553/4565 4566/4555/4566 4526/4514/4526
f 4567/4554/4567 4527/4515/4527 4526/4514/4526
f 4568/4556/4568 4528/4516/4528 4527/4515/4527
f 4569/4557/4569 4529/4518/4529 4528/4516/4528
f 4570/4558/4570 4530/4517/4530 4529/4518/4529
f 4571/4559/4571 4531/4519/4531 4530/4517/4530
f 4572/4560/4572 4532/4520/4532 4531/4519/4531
f 4573/4561/4573 4533/4521/4533 4532/4520/4532
f 4574/4562/4574 4534/4522/4534 4533/4521/4533
f 4575/4563/4575 4535/4523/4535 4534/4522/4534
f 4576/4564/4576 4536/4524/4536 4535/4523/4535
f 4577/4565/4577 4537/4525/4537 4536/4524/4536
f 4577/4565/4577 4578/4566/4578 4538/4526/4538
f 4578/4566/4578 4579/4567/4579 4539/4527/4539
f 4579/4567/4579 4580/4568/4580 4540/4528/4540
f 4580/4568/4580 4581/4569/4581 4541/4529/4541
f 4581/4569/4581 4582/4570/4582 4542/4530/4542
f 4582/4570/4582 4583/4571/4583 4543/4531/4543
f 4583/4571/4583 4584/4572/4584 4544/4532/4544
f 4584/4572/4584 4585/4573/4585 4545/4533/4545
f 4585/4573/4585 4586/4574/4586 4546/4534/4546
f 4586/4574/4586 4587/4575/4587 4547/4535/4547
f 4587/4575/4587 4588/4576/4588 4548/4536/4548
f 4588/4576/4588 4589/4578/4589 4549/4537/4549
f 4590/4577/4590 4550/4538/4550 4549/4537/4549
f 4591/4579/4591 4551/4540/4551 4550/4538/4550
f 4591/4579/4591 4592/4580/4592 4552/4539/4552
f 4592/4580/4592 4593/4581/4593 4553/4541/4553
f 4593/4581/4593 4594/4582/4594 4554/4542/4554
f 4594/4582/4594 4595/4584/4595 4555/4543/4555
f 4596/4583/4596 4556/4544/4556 4555/4543/4555
f 4596/4583/4596 4597/4585/4597 4557/4545/4557
f 4597/4585/4597 4598/4586/4598 4558/4546/4558
f 4598/4586/4598 4599/4588/4599 4559/4548/4559
f 4600/4587/4600 4560/4547/4560 4559/4548/4559
f 4601/4589/4601 4602/4590/4602 4562/4550/4562
f 4602/4590/4602 4603/4591/4603 4563/4551/4563
f 4603/4591/4603 4604/4592/4604 4564/4552/4564
f 4604/4592/4604 4605/4593/4605 4565/4553/4565
f 4605/4593/4605 4606/4595/4606 4566/4555/4566
f 4607/4594/4607 4567/4554/4567 4566/4555/4566
f 4608/4596/4608 4568/4556/4568 4567/4554/4567
f 4609/4597/4609 4569/4557/4569 4568/4556/4568
f 4610/4598/4610 4570/4558/4570 4569/4557/4569
f 4611/4599/4611 4571/4559/4571 4570/4558/4570
f 4612/4600/4612 4572/4560/4572 4571/4559/4571
f 4613/4601/4613 4573/4561/4573 4572/4560/4572
f 4614/4602/4614 4574/4562/4574 4573/4561/4573
f 4615/4603/4615 4575/4563/4575 4574/4562/4574
f 4616/4604/4616 4576/4564/4576 4575/4563/4575
f 4617/4605/4617 4577/4565/4577 4576/4564/4576
f 4617/4605/4617 4618/4606/4618 4578/4566/4578
f 4618/4606/4618 4619/4607/4619 4579/4567/4579
f 4619/4607/4619 4620/4608/4620 4580/4568/4580
f 4620/4608/4620 4621/4609/4621 4581/4569/4581
f 4621/4609/4621 4622/4610/4622 4582/4570/4582
f 4622/4610/4622 4623/4611/4623 4583/4571/4583
f 4623/4611/4623 4624/4612/4624 4584/4572/4584
f 4624/4612/4624 4625/4613/4625 4585/4573/4585
f 4625/4613/4625 4626/4614/4626 4586/4574/4586
f 4626/4614/4626 4627/4615/4627 4587/4575/4587
f 4627/4615/4627 4628/4616/4628 4588/4576/4588
f 4628/4616/4628 4629/4618/4629 4589/4578/4589
f 4630/4617/4630 4590/4577/4590 4589/4578/4589
f 4631/4619/4631 4591/4579/4591 4590/4577/4590
f 4632/4620/4632 4592/4580/4592 4591/4579/4591
f 4632/4620/4632 4633/4621/4633 4593/4581/4593
f 4633/4621/4633 4634/4622/4634 4594/4582/4594
f 4634/4622/4634 4635/4624/4635 4595/4584/4595
f 4636/4623/4636 4596/4583/4596 4595/4584/4595
f 4636/4623/4636 4637/4625/4637 4597/4585/4597
f 4637/4625/4637 4638/4626/4638 4598/4586/4598
f 4638/4626/4638 4639/4628/4639 4599/4588/4599
f 4640/4627/4640 4600/4587/4600 4599/4588/4599
f 4641/4629/4641 4642/4630/4642 4602/4590/4602
f 4642/4630/4642 4643/4631/4643 4603/4591/4603
f 4643/4631/4643 4644/4632/4644 4604/4592/4604
f 4644/4632/4644 4645/4634/4645 4605/4593/4605
f 4646/4633/4646 4606/4595/4606 4605/4593/4605
f 4647/4635/4647 4607/4594/4607 4606/4595/4606
f 4648/4636/4648 4608/4596/4608 4607/4594/4607
f 4649/4637/4649 4609/4597/4609 4608/4596/4608
f 4650/4638/4650 4610/4598/4610 4609/4597/4609
f 4651/4639/4651 4611/4599/4611 4610/4598/4610
f 4652/4640/4652 4612/4600/4612 4611/4599/4611
f 4653/4641/4653 4613/4601/4613 4612/4600/4612
f 4654/4642/4654 4614/4602/4614 4613/4601/4613
f 4655/4643/4655 4615/4603/4615 4614/4602/4614
f 4656/4644/4656 4616/4604/4616 4615/4603/4615
f 4657/4645/4657 4617/4605/4617 4616/4604/4616
f 4657/4645/4657 4658/4646/4658 4618/4606/4618
f 4658/4646/4658 4659/4647/4659 4619/4607/4619
f 4659/4647/4659 4660/4648/4660 4620/4608/4620
f 4660/4648/4660 4661/4649/4661 4621/4609/4621
f 4661/4649/4661 4662/4650/4662 4622/4610/4622
f 4662/4650/4662 4663/4651/4663 4623/4611/4623
f 4663/4651/4663 4664/4652/4664 4624/4612/4624
f 4664/4652/4664 4665/4653/4665 4625/4613/4625
f 4665/4653/4665 4666/4654/4666 4626/4614/4626
f 4666/4654/4666 4667/4655/4667 4627/4615/4627
f 4667/4655/4667 4668/4656/4668 4628/4616/4628
f 4668/4656/4668 4669/4657/4669 4629/4618/4629
f 4669/4657/4669 4670/4659/4670 4630/4617/4630
f 4671/4658/4671 4631/4619/4631 4630/4617/4630
f 4672/4660/4672 4632/4620/4632 4631/4619/4631
f 4672/4660/4672 4673/4661/4673 4633/4621/4633
f 4673/4661/4673 4674/4662/4674 4634/4622/4634
f 4674/4662/4674 4675/4664/4675 4635/4624/4635
f 4676/4663/4676 4636/4623/4636 4635/4624/4635
f 4676/4663/4676 4677/4665/4677 4637/4625/4637
f 4677/4665/4677 4678/4666/4678 4638/4626/4638
f 4678/4666/4678 4679/4668/4679 4639/4628/4639
f 4680/4667/4680 4640/4627/4640 4639/4628/4639
f 4681/4669/4681 4682/4670/4682 4642/4630/4642
f 4682/4670/4682 4683/4671/4683 4643/4631/4643
f 4683/4671/4683 4684/4672/4684 4644/4632/4644
f 4684/4672/4684 4685/4674/4685 4645/4634/4645
f 4686/4673/4686 4646/4633/4646 4645/4634/4645
f 4687/4675/4687 4647/4635/4647 4646/4633/4646
f 4688/4676/4688 4648/4636/4648 4647/4635/4647
f 4689/4677/4689 4649/4637/4649 4648/4636/4648
f 4690/4678/4690 4650/4638/4650 4649/4637/4649
f 4691/4679/4691 4651/4639/4651 4650/4638/4650
f 4692/4680/4692 4652/4640/4652 4651/4639/4651
f 4693/4681/4693 4653/4641/4653 4652/4640/4652
f 4694/4682/4694 4654/4642/4654 4653/4641/4653
f 4695/4683/4695 4655/4643/4655 4654/4642/4654
f 4696/4684/4696 4656/4644/4656 4655/4643/4655
f 4697/4685/4697 4657/4645/4657 4656/4644/4656
f 4697/4685/4697 4698/4686/4698 4658/4646/4658
f 4698/4686/4698 4699/4687/4699 4659/4647/4659
f 4699/4687/4699 4700/4688/4700 4660/4648/4660
f 4700/4688/4700 4701/4689/4701 4661/4649/4661
f 4701/4689/4701 4702/4690/4702 4662/4650/4662
f 4702/4690/4702 4703/4691/4703 4663/4651/4663
f 4703/4691/4703 4704/4692/4704 4664/4652/4664
f 4704/4692/4704 4705/4693/4705 4665/4653/4665
f 4705/4693/4705 4706/4694/4706 4666/4654/4666
f 4706/4694/4706 4707/4696/4707 4667/4655/4667
f 4708/4695/4708 4668/4656/4668 4667/4655/4667
f 4708/4695/4708 4709/4697/4709 4669/4657/4669
f 4709/4697/4709 4710/4699/4710 4670/4659/4670
f 4711/4698/4711 4671/4658/4671 4670/4659/4670
f 4712/4700/4712 4672/4660/4672 4671/4658/4671
f 4712/4700/4712 4713/4701/4713 4673/4661/4673
f 4713/4701/4713 4714/4703/4714 4674/4662/4674
f 4715/4702/4715 4675/4664/4675 4674/4662/4674
f 4716/4704/4716 4676/4663/4676 4675/4664/4675
f 4717/4705/4717 4677/4665/4677 4676/4663/4676
f 4718/4706/4718 4678/4666/4678 4677/4665/4677
f 4719/4707/4719 4679/4668/4679 4678/4666/4678
f 4719/4707/4719 4720/4747/4720 4680/4667/4680
f 4721/4708/4721 4722/4709/4722 4682/4670/4682
f 4722/4709/4722 4723/4710/4723 4683/4671/4683
f 4723/4710/4723 4724/4712/4724 4684/4672/4684
f 4725/4711/4725 4685/4674/4685 4684/4672/4684
f 4726/4713/4726 4686/4673/4686 4685/4674/4685
f 4727/4714/4727 4687/4675/4687 4686/4673/4686
f 4728/4715/4728 4688/4676/4688 4687/4675/4687
f 4729/4716/4729 4689/4677/4689 4688/4676/4688
f 4730/4717/4730 4690/4678/4690 4689/4677/4689
f 4731/4718/4731 4691/4679/4691 4690/4678/4690
f 4732/4719/4732 4692/4680/4692 4691/4679/4691
f 4733/4720/4733 4693/4681/4693 4692/4680/4692
f 4734/4721/4734 4694/4682/4694 4693/4681/4693
f 4735/4722/4735 4695/4683/4695 4694/4682/4694
f 4736/4723/4736 4696/4684/4696 4695/4683/4695
f 4737/4724/4737 4697/4685/4697 4696/4684/4696
f 4737/4724/4737 4738/4725/4738 4698/4686/4698
f 4738/4725/4738 4739/4726/4739 4699/4687/4699
f 4739/4726/4739 4740/4727/4740 4700/4688/4700
f 4740/4727/4740 4741/4728/4741 4701/4689/4701
f 4741/4728/4741 4742/4729/4742 4702/4690/4702
f 4742/4729/4742 4743/4730/4743 4703/4691/4703
f 4743/4730/4743 4744/4732/4744 4704/4692/4704
f 4745/4731/4745 4705/4693/4705 4704/4692/4704
f 4746/4733/4746 4706/4694/4706 4705/4693/4705
f 4747/4734/4747 4707/4696/4707 4706/4694/4706
f 4747/4734/4747 4748/4735/4748 4708/4695/4708
f 4748/4735/4748 4749/4736/4749 4709/4697/4709
f 4749/4736/4749 4750/4738/4750 4710/4699/4710
f 4751/4737/4751 4711/4698/4711 4710/4699/4710
f 4752/4739/4752 4712/4700/4712 4711/4698/4711
f 4752/4739/4752 4753/4740/4753 4713/4701/4713
f 4753/4740/4753 4754/4742/4754 4714/4703/4714
f 4755/4741/4755 4715/4702/4715 4714/4703/4714
f 4755/4741/4755 4756/4744/4756 4716/4704/4716
f 4757/4743/4757 4717/4705/4717 4716/4704/4716
f 4758/4745/4758 4718/4706/4718 4717/4705/4717
f 4759/4746/4759 4719/4707/4719 4718/4706/4718
f 4759/4746/4759 4760/5119/4760 4720/4747/4720
f 4761/4748/4761 4762/4749/4762 4722/4709/4722
f 4762/4749/4762 4763/4751/4763 4723/4710/4723
f 4764/4750/4764 4724/4712/4724 4723/4710/4723
f 4765/4752/4765 4725/4711/4725 4724/4712/4724
f 4766/4753/4766 4726/4713/4726 4725/4711/4725
f 4767/4754/4767 4727/4714/4727 4726/4713/4726
f 4768/4755/4768 4728/4715/4728 4727/4714/4727
f 4769/4756/4769 4729/4716/4729 4728/4715/4728
f 4770/4757/4770 4730/4717/4730 4729/4716/4729
f 4771/4758/4771 4731/4718/4731 4730/4717/4730
f 4772/4759/4772 4732/4719/4732 4731/4718/4731
f 4773/4760/4773 4733/4720/4733 4732/4719/4732
f 4774/4761/4774 4734/4721/4734 4733/4720/4733
f 4775/4762/4775 4735/4722/4735 4734/4721/4734
f 4776/4763/4776 4736/4723/4736 4735/4722/4735
f 4777/4764/4777 4737/4724/4737 4736/4723/4736
f 4777/4764/4777 4778/4765/4778 4738/4725/4738
f 4778/4765/4778 4779/4766/4779 4739/4726/4739
f 4779/4766/4779 4780/4767/4780 4740/4727/4740
f 4780/4767/4780 4781/4768/4781 4741/4728/4741
f 4781/4768/4781 4782/4769/4782 4742/4729/4742
f 4782/4769/4782 4783/4770/4783 4743/4730/4743
f 4783/4770/4783 4784/4772/4784 4744/4732/4744
f 4785/4771/4785 4745/4731/4745 4744/4732/4744
f 4786/4773/4786 4746/4733/4746 4745/4731/4745
f 4786/4773/4786 4787/4774/4787 4747/4734/4747
f 4787/4774/4787 4788/4775/4788 4748/4735/4748
f 4788/4775/4788 4789/4776/4789 4749/4736/4749
f 4789/4776/4789 4790/4777/4790 4750/4738/4750
f 4790/4777/4790 4791/4779/4791 4751/4737/4751
f 4792/4778/4792 4752/4739/4752 4751/4737/4751
f 4793/4780/4793 4753/4740/4753 4752/4739/4752
f 4794/4781/4794 4754/4742/4754 4753/4740/4753
f 4795/4782/4795 4755/4741/4755 4754/4742/4754
f 4795/4782/4795 4796/4783/4796 4756/4744/4756
f 4796/4783/4796 4797/4785/4797 4757/4743/4757
f 4798/4784/4798 4758/4745/4758 4757/4743/4757
f 4799/4786/4799 4759/4746/4759 4758/4745/4758
f 4800/4787/4800 4760/5119/4760 4759/4746/4759
f 4801/4788/4801 4802/4789/4802 4762/4749/4762
f 4802/4789/4802 4803/4791/4803 4763/4751/4763
f 4804/4790/4804 4764/4750/4764 4763/4751/4763
f 4805/4792/4805 4765/4752/4765 4764/4750/4764
f 4806/4793/4806 4766/4753/4766 4765/4752/4765
f 4807/4794/4807 4767/4754/4767 4766/4753/4766
f 4808/4795/4808 4768/4755/4768 4767/4754/4767
f 4809/4796/4809 4769/4756/4769 4768/4755/4768
f 4810/4797/4810 4770/4757/4770 4769/4756/4769
f 4811/4798/4811 4771/4758/4771 4770/4757/4770
f 4812/4799/4812 4772/4759/4772 4771/4758/4771
f 4813/4800/4813 4773/4760/4773 4772/4759/4772
f 4814/4801/4814 4774/4761/4774 4773/4760/4773
f 4815/4802/4815 4775/4762/4775 4774/4761/4774
f 4816/4803/4816 4776/4763/4776 4775/4762/4775
f 4817/4804/4817 4777/4764/4777 4776/4763/4776
f 4818/4805/4818 4778/4765/4778 4777/4764/4777
f 4819/4806/4819 4779/4766/4779 4778/4765/4778
f 4820/4807/4820 4780/4767/4780 4779/4766/4779
f 4821/4808/4821 4781/4768/4781 4780/4767/4780
f 4821/4808/4821 4822/4809/4822 4782/4769/4782
f 4822/4809/4822 4823/4810/4823 4783/4770/4783
f 4823/4810/4823 4824/4812/4824 4784/4772/4784
f 4825/4811/4825 4785/4771/4785 4784/4772/4784
f 4826/4813/4826 4786/4773/4786 4785/4771/4785
f 4827/4814/4827 4787/4774/4787 4786/4773/4786
f 4827/4814/4827 4828/4815/4828 4788/4775/4788
f 4828/4815/4828 4829/4816/4829 4789/4776/4789
f 4829/4816/4829 4830/4818/4830 4790/4777/4790
f 4831/4817/4831 4791/4779/4791 4790/4777/4790
f 4832/4819/4832 4792/4778/4792 4791/4779/4791
f 4833/4820/4833 4793/4780/4793 4792/4778/4792
f 4834/4821/4834 4794/4781/4794 4793/4780/4793
f 4834/4821/4834 4835/4822/4835 4795/4782/4795
f 4835/4822/4835 4836/4823/4836 4796/4783/4796
f 4836/4823/4836 4837/4825/4837 4797/4785/4797
f 4838/4824/4838 4798/4784/4798 4797/4785/4797
f 4839/4826/4839 4799/4786/4799 4798/4784/4798
f 4840/4827/4840 4800/4787/4800 4799/4786/4799
f 4841/4828/4841 4842/4829/4842 4802/4789/4802
f 4842/4829/4842 4843/4831/4843 4803/4791/4803
f 4844/4830/4844 4804/4790/4804 4803/4791/4803
f 4845/4832/4845 4805/4792/4805 4804/4790/4804
f 4846/4833/4846 4806/4793/4806 4805/4792/4805
f 4847/4834/4847 4807/4794/4807 4806/4793/4806
f 4848/4835/4848 4808/4795/4808 4807/4794/4807
f 4849/4836/4849 4809/4796/4809 4808/4795/4808
f 4850/4837/4850 4810/4797/4810 4809/4796/4809
f 4851/4838/4851 4811/4798/4811 4810/4797/4810
f 4852/4839/4852 4812/4799/4812 4811/4798/4811
f 4853/4840/4853 4813/4800/4813 4812/4799/4812
f 4854/4841/4854 4814/4801/4814 4813/4800/4813
f 4855/4842/4855 4815/4802/4815 4814/4801/4814
f 4856/4843/4856 4816/4803/4816 4815/4802/4815
f 4857/4844/4857 4817/4804/4817 4816/4803/4816
f 4858/4845/4858 4818/4805/4818 4817/4804/4817
f 4859/4846/4859 4819/4806/4819 4818/4805/4818
f 4860/4847/4860 4820/4807/4820 4819/4806/4819
f 4861/4848/4861 4821/4808/4821 4820/4807/4820
f 4862/4849/4862 4822/4809/4822 4821/4808/4821
f 4863/4850/4863 4823/4810/4823 4822/4809/4822
f 4863/4850/4863 4864/4852/4864 4824/4812/4824
f 4865/4851/4865 4825/4811/4825 4824/4812/4824
f 4866/4853/4866 4826/4813/4826 4825/4811/4825
f 4867/4854/4867 4827/4814/4827 4826/4813/4826
f 4867/4854/4867 4868/4855/4868 4828/4815/4828
f 4868/4855/4868 4869/4856/4869 4829/4816/4829
f 4869/4856/4869 4870/4858/4870 4830/4818/4830
f 4871/4857/4871 4831/4817/4831 4830/4818/4830
f 4872/4859/4872 4832/4819/4832 4831/4817/4831
f 4873/4860/4873 4833/4820/4833 4832/4819/4832
f 4873/4860/4873 4874/4861/4874 4834/4821/4834
f 4874/4861/4874 4875/4862/4875 4835/4822/4835
f 4875/4862/4875 4876/4863/4876 4836/4823/4836
f 4876/4863/4876 4877/4864/4877 4837/4825/4837
f 4877/4864/4877 4878/4866/4878 4838/4824/4838
f 4879/4865/4879 4839/4826/4839 4838/4824/4838
f 4880/4867/4880 4840/4827/4840 4839/4826/4839
f 4881/4868/4881 4882/4869/4882 4842/4829/4842
f 4882/4869/4882 4883/4871/4883 4843/4831/4843
f 4884/4870/4884 4844/4830/4844 4843/4831/4843
f 4885/4872/4885 4845/4832/4845 4844/4830/4844
f 4886/4873/4886 4846/4833/4846 4845/4832/4845
f 4887/4874/4887 4847/4834/4847 4846/4833/4846
f 4888/4875/4888 4848/4835/4848 4847/4834/4847
f 4889/4876/4889 4849/4836/4849 4848/4835/4848
f 4890/4877/4890 4850/4837/4850 4849/4836/4849
f 4891/4878/4891 4851/4838/4851 4850/4837/4850
f 4892/4879/4892 4852/4839/4852 4851/4838/4851
f 4893/4880/4893 4853/4840/4853 4852/4839/4852
f 4894/4881/4894 4854/4841/4854 4853/4840/4853
f 4895/4882/4895 4855/4842/4855 4854/4841/4854
f 4896/4883/4896 4856/4843/4856 4855/4842/4855
f 4897/4884/4897 4857/4844/4857 4856/4843/4856
f 4898/4885/4898 4858/4845/4858 4857/4844/4857
f 4899/4886/4899 4859/4846/4859 4858/4845/4858
f 4900/4887/4900 4860/4847/4860 4859/4846/4859
f 4901/4888/4901 4861/4848/4861 4860/4847/4860
f 4902/4889/4902 4862/4849/4862 4861/4848/4861
f 4903/4890/4903 4863/4850/4863 4862/4849/4862
f 4903/4890/4903 4904/4892/4904 4864/4852/4864
f 4905/4891/4905 4865/4851/4865 4864/4852/4864
f 4906/4893/4906 4866/4853/4866 4865/4851/4865
f 4907/4894/4907 4867/4854/4867 4866/4853/4866
f 4907/4894/4907 4908/4895/4908 4868/4855/4868
f 4908/4895/4908 4909/4897/4909 4869/4856/4869
f 4910/4896/4910 4870/4858/4870 4869/4856/4869
f 4911/4898/4911 4871/4857/4871 4870/4858/4870
f 4911/4898/4911 4912/4899/4912 4872/4859/4872
f 4912/4899/4912 4913/4900/4913 4873/4860/4873
f 4913/4900/4913 4914/4901/4914 4874/4861/4874
f 4914/4901/4914 4915/4902/4915 4875/4862/4875
f 4915/4902/4915 4916/4903/4916 4876/4863/4876
f 4916/4903/4916 4917/4904/4917 4877/4864/4877
f 4917/4904/4917 4918/4906/4918 4878/4866/4878
f 4919/4905/4919 4879/4865/4879 4878/4866/4878
f 4920/4907/4920 4880/4867/4880 4879/4865/4879
f 4921/4908/4921 4922/4909/4922 4882/4869/4882
f 4922/4909/4922 4923/4910/4923 4883/4871/4883
f 4923/4910/4923 4924/4912/4924 4884/4870/4884
f 4925/4911/4925 4885/4872/4885 4884/4870/4884
f 4926/4913/4926 4886/4873/4886 4885/4872/4885
f 4927/4914/4927 4887/4874/4887 4886/4873/4886
f 4928/4915/4928 4888/4875/4888 4887/4874/4887
f 4929/4916/4929 4889/4876/4889 4888/4875/4888
f 4930/4917/4930 4890/4877/4890 4889/4876/4889
f 4931/4918/4931 4891/4878/4891 4890/4877/4890
f 4932/4919/4932 4892/4879/4892 4891/4878/4891
f 4933/4920/4933 4893/4880/4893 4892/4879/4892
f 4934/4921/4934 4894/4881/4894 4893/4880/4893
f 4935/4922/4935 4895/4882/4895 4894/4881/4894
f 4936/4923/4936 4896/4883/4896 4895/4882/4895
f 4937/4924/4937 4897/4884/4897 4896/4883/4896
f 4938/4925/4938 4898/4885/4898 4897/4884/4897
f 4939/4926/4939 4899/4886/4899 4898/4885/4898
f 4940/4927/4940 4900/4887/4900 4899/4886/4899
f 4941/4928/4941 4901/4888/4901 4900/4887/4900
f 4942/4929/4942 4902/4889/4902 4901/4888/4901
f 4943/4930/4943 4903/4890/4903 4902/4889/4902
f 4944/4931/4944 4904/4892/4904 4903/4890/4903
f 4944/4931/4944 4945/4933/4945 4905/4891/4905
f 4946/4932/4946 4906/4893/4906 4905/4891/4905
f 4947/4934/4947 4907/4894/4907 4906/4893/4906
f 4948/4935/4948 4908/4895/4908 4907/4894/4907
f 4949/4936/4949 4909/4897/4909 4908/4895/4908
f 4950/4937/4950 4910/4896/4910 4909/4897/4909
f 4951/4938/4951 4911/4898/4911 4910/4896/4910
f 4951/4938/4951 4952/4939/4952 4912/4899/4912
f 4952/4939/4952 4953/4940/4953 4913/4900/4913
f 4953/4940/4953 4954/4941/4954 4914/4901/4914
f 4954/4941/4954 4955/4942/4955 4915/4902/4915
f 4955/4942/4955 4956/4943/4956 4916/4903/4916
f 4956/4943/4956 4957/4944/4957 4917/4904/4917
f 4957/4944/4957 4958/4946/4958 4918/4906/4918
f 4959/4945/4959 4919/4905/4919 4918/4906/4918
f 4960/4947/4960 4920/4907/4920 4919/4905/4919
f 4961/4948/4961 4962/4949/4962 4922/4909/4922
f 4962/4949/4962 4963/4950/4963 4923/4910/4923
f 4963/4950/4963 4964/4952/4964 4924/4912/4924
f 4965/4951/4965 4925/4911/4925 4924/4912/4924
f 4966/4953/4966 4926/4913/4926 4925/4911/4925
f 4967/4954/4967 4927/4914/4927 4926/4913/4926
f 4968/4955/4968 4928/4915/4928 4927/4914/4927
f 4969/4956/4969 4929/4916/4929 4928/4915/4928
f 4970/4957/4970 4930/4917/4930 4929/4916/4929
f 4971/4958/4971 4931/4918/4931 4930/4917/4930
f 4972/4959/4972 4932/4919/4932 4931/4918/4931
f 4973/4960/4973 4933/4920/4933 4932/4919/4932
f 4974/4961/4974 4934/4921/4934 4933/4920/4933
f 4975/4962/4975 4935/4922/4935 4934/4921/4934
f 4975/4962/4975 4976/4964/4976 4936/4923/4936
f 4977/4963/4977 4937/4924/4937 4936/4923/4936
f 4978/4965/4978 4938/4925/4938 4937/4924/4937
f 4979/4966/4979 4939/4926/4939 4938/4925/4938
f 4980/4967/4980 4940/4927/4940 4939/4926/4939
f 4981/4968/4981 4941/4928/4941 4940/4927/4940
f 4982/4969/4982 4942/4929/4942 4941/4928/4941
f 4983/4970/4983 4943/4930/4943 4942/4929/4942
f 4984/4971/4984 4944/4931/4944 4943/4930/4943
f 4985/4972/4985 4945/4933/4945 4944/4931/4944
f 4986/4973/4986 4946/4932/4946 4945/4933/4945
f 4987/4974/4987 4947/4934/4947 4946/4932/4946
f 4988/4975/4988 4948/4935/4948 4947/4934/4947
f 4989/4976/4989 4949/4936/4949 4948/4935/4948
f 4990/4977/4990 4950/4937/4950 4949/4936/4949
f 4990/4977/4990 4991/4978/4991 4951/4938/4951
f 4991/4978/4991 4992/4979/4992 4952/4939/4952
f 4992/4979/4992 4993/4980/4993 4953/4940/4953
f 4993/4980/4993 4994/4981/4994 4954/4941/4954
f 4994/4981/4994 4995/4982/4995 4955/4942/4955
f 4995/4982/4995 4996/4983/4996 4956/4943/4956
f 4996/4983/4996 4997/4984/4997 4957/4944/4957
f 4997/4984/4997 4998/4986/4998 4958/4946/4958
f 4999/4985/4999 4959/4945/4959 4958/4946/4958
f 5000/4987/5000 4960/4947/4960 4959/4945/4959
f 5001/4988/5001 5002/4989/5002 4962/4949/4962
f 5002/4989/5002 5003/4991/5003 4963/4950/4963
f 5004/4990/5004 4964/4952/4964 4963/4950/4963
f 5005/4992/5005 4965/4951/4965 4964/4952/4964
f 5006/4993/5006 4966/4953/4966 4965/4951/4965
f 5007/4994/5007 4967/4954/4967 4966/4953/4966
f 5008/4995/5008 4968/4955/4968 4967/4954/4967
f 5009/4996/5009 4969/4956/4969 4968/4955/4968
f 5010/4997/5010 4970/4957/4970 4969/4956/4969
f 5011/4998/5011 4971/4958/4971 4970/4957/4970
f 5012/4999/5012 4972/4959/4972 4971/4958/4971
f 5013/5000/5013 4973/4960/4973 4972/4959/4972
f 5014/5001/5014 4974/4961/4974 4973/4960/4973
f 5015/5002/5015 4975/4962/4975 4974/4961/4974
f 5015/5002/5015 5016/5004/5016 4976/4964/4976
f 5017/5003/5017 4977/4963/4977 4976/4964/4976
f 5018/5005/5018 4978/4965/4978 4977/4963/4977
f 5019/5006/5019 4979/4966/4979 4978/4965/4978
f 5020/5007/5020 4980/4967/4980 4979/4966/4979
f 5021/5008/5021 4981/4968/4981 4980/4967/4980
f 5022/5009/5022 4982/4969/4982 4981/4968/4981
f 5023/5010/5023 4983/4970/4983 4982/4969/4982
f 5024/5011/5024 4984/4971/4984 4983/4970/4983
f 5025/5012/5025 4985/4972/4985 4984/4971/4984
f 5026/5013/5026 4986/4973/4986 4985/4972/4985
f 5027/5014/5027 4987/4974/4987 4986/4973/4986
f 5028/5015/5028 4988/4975/4988 4987/4974/4987
f 5029/5016/5029 4989/4976/4989 4988/4975/4988
f 5030/5017/5030 4990/4977/4990 4989/4976/4989
f 5030/5017/5030 5031/5018/5031 4991/4978/4991
f 5031/5018/5031 5032/5019/5032 4992/4979/4992
f 5032/5019/5032 5033/5020/5033 4993/4980/4993
f 5033/5020/5033 5034/5022/5034 4994/4981/4994
f 5035/5021/5035 4995/4982/4995 4994/4981/4994
f 5036/5023/5036 4996/4983/4996 4995/4982/4995
f 5037/5024/5037 4997/4984/4997 4996/4983/4996
f 5037/5024/5037 5038/5025/5038 4998/4986/4998
f 5038/5025/5038 5039/5027/5039 4999/4985/4999
f 5040/5026/5040 5000/4987/5000 4999/4985/4999
f 5041/5028/5041 5042/5029/5042 5002/4989/5002
f 5042/5029/5042 5043/5030/5043 5003/4991/5003
f 5043/5030/5043 5044/5032/5044 5004/4990/5004
f 5045/5031/5045 5005/4992/5005 5004/4990/5004
f 5046/5033/5046 5006/4993/5006 5005/4992/5005
f 5047/5034/5047 5007/4994/5007 5006/4993/5006
f 5048/5035/5048 5008/4995/5008 5007/4994/5007
f 5049/5036/5049 5009/4996/5009 5008/4995/5008
f 5050/5037/5050 5010/4997/5010 5009/4996/5009
f 5051/5038/5051 5011/4998/5011 5010/4997/5010
f 5052/5039/5052 5012/4999/5012 5011/4998/5011
f 5053/5040/5053 5013/5000/5013 5012/4999/5012
f 5053/5040/5053 5054/5042/5054 5014/5001/5014
f 5055/5041/5055 5015/5002/5015 5014/5001/5014
f 5055/5041/5055 5056/5043/5056 5016/5004/5016
f 5056/5043/5056 5057/5045/5057 5017/5003/5017
f 5058/5044/5058 5018/5005/5018 5017/5003/5017
f 5059/5046/5059 5019/5006/5019 5018/5005/5018
f 5060/5047/5060 5020/5007/5020 5019/5006/5019
f 5061/5048/5061 5021/5008/5021 5020/5007/5020
f 5062/5049/5062 5022/5009/5022 5021/5008/5021
f 5063/5050/5063 5023/5010/5023 5022/5009/5022
f 5064/5051/5064 5024/5011/5024 5023/5010/5023
f 5065/5052/5065 5025/5012/5025 5024/5011/5024
f 5066/5053/5066 5026/5013/5026 5025/5012/5025
f 5067/5054/5067 5027/5014/5027 5026/5013/5026
f 5068/5055/5068 5028/5015/5028 5027/5014/5027
f 5069/5056/5069 5029/5016/5029 5028/5015/5028
f 5069/5056/5069 5070/5057/5070 5030/5017/5030
f 5070/5057/5070 5071/5058/5071 5031/5018/5031
f 5071/5058/5071 5072/5059/5072 5032/5019/5032
f 5072/5059/5072 5073/5061/5073 5033/5020/5033
f 5074/5060/5074 5034/5022/5034 5033/5020/5033
f 5075/5062/5075 5035/5021/5035 5034/5022/5034
f 5076/5063/5076 5036/5023/5036 5035/5021/5035
f 5077/5064/5077 5037/5024/5037 5036/5023/5036
f 5078/5065/5078 5038/5025/5038 5037/5024/5037
f 5078/5065/5078 5079/5067/5079 5039/5027/5039
f 5080/5066/5080 5040/5026/5040 5039/5027/5039
f 5081/5068/5081 5082/5069/5082 5042/5029/5042
f 5082/5069/5082 5083/5070/5083 5043/5030/5043
f 5083/5070/5083 5084/5072/5084 5044/5032/5044
f 5085/5071/5085 5045/5031/5045 5044/5032/5044
f 5086/5073/5086 5046/5033/5046 5045/5031/5045
f 5087/5074/5087 5047/5034/5047 5046/5033/5046
f 5088/5075/5088 5048/5035/5048 5047/5034/5047
f 5089/5076/5089 5049/5036/5049 5048/5035/5048
f 5090/5077/5090 5050/5037/5050 5049/5036/5049
f 5091/5078/5091 5051/5038/5051 5050/5037/5050
f 5092/5079/5092 5052/5039/5052 5051/5038/5051
f 5093/5080/5093 5053/5040/5053 5052/5039/5052
f 5093/5080/5093 5094/5081/5094 5054/5042/5054
f 5094/5081/5094 5095/5082/5095 5055/5041/5055
f 5095/5082/5095 5096/5084/5096 5056/5043/5056
f 5097/5083/5056 5057/5045/5057 5056/5043/5056
f 5098/5085/5097 5058/5044/5058 5057/5045/5057
f 5099/5086/5098 5059/5046/5059 5058/5044/5058
f 5100/5087/5099 5060/5047/5060 5059/5046/5059
f 5101/5088/5100 5061/5048/5061 5060/5047/5060
f 5102/5089/5101 5062/5049/5062 5061/5048/5061
f 5103/5090/5102 5063/5050/5063 5062/5049/5062
f 5104/5091/5103 5064/5051/5064 5063/5050/5063
f 5105/5092/5104 5065/5052/5065 5064/5051/5064
f 5106/5093/5105 5066/5053/5066 5065/5052/5065
f 5107/5094/5106 5067/5054/5067 5066/5053/5066
f 5107/5094/5106 5108/5096/5107 5068/5055/5068
f 5109/5095/5108 5069/5056/5069 5068/5055/5068
f 5110/5097/5109 5070/5057/5070 5069/5056/5069
f 5110/5097/5109 5111/5098/5110 5071/5058/5071
f 5111/5098/5110 5112/5100/5111 5072/5059/5072
f 5113/5099/5112 5073/5061/5073 5072/5059/5072
f 5114/5101/5113 5074/5060/5074 5073/5061/5073
f 5115/5102/5114 5075/5062/5075 5074/5060/5074
f 5116/5103/5115 5076/5063/5076 5075/5062/5075
f 5117/5104/5116 5077/5064/5077 5076/5063/5076
f 5118/5105/5117 5078/5065/5078 5077/5064/5077
f 5119/5106/5118 5079/5067/5079 5078/5065/5078
f 5119/5106/5118 5120/5120/5119 5080/5066/5080
