# Blender 4.4.1
# www.blender.org
mtllib AITerrain_02_CITY.mtl
o AITerrain_02_CITY
v -525.000000 35.448559 500.000000
v -525.000000 44.755287 474.358978
v -525.000000 50.403568 448.717957
v -525.000000 44.794930 423.076935
v -525.000000 33.804768 397.435883
v -525.000000 27.167524 371.794861
v -525.000000 23.940687 346.153839
v -525.000000 21.055191 320.512817
v -525.000000 17.991926 294.871796
v -525.000000 16.240494 269.230774
v -525.000000 15.703891 243.589737
v -525.000000 15.517182 217.948715
v -525.000000 15.333999 192.307693
v -525.000000 15.155677 166.666672
v -525.000000 14.983520 141.025635
v -525.000000 14.818784 115.384613
v -525.000000 14.662671 89.743591
v -525.000000 14.516322 64.102562
v -525.000000 14.380805 38.461540
v -525.000000 14.257109 12.820513
v -525.000000 14.146137 -12.820513
v -525.000000 14.048700 -38.461540
v -525.000000 13.965508 -64.102562
v -525.000000 13.897171 -89.743591
v -525.000000 13.844185 -115.384613
v -525.000000 13.806937 -141.025635
v -525.000000 13.785701 -166.666672
v -525.000000 13.780631 -192.307693
v -525.000000 13.791763 -217.948715
v -525.000000 13.819017 -243.589737
v -525.000000 14.244249 -269.230774
v -525.000000 16.637966 -294.871796
v -525.000000 20.265251 -320.512817
v -525.000000 24.698263 -346.153839
v -525.000000 29.237465 -371.794861
v -525.000000 32.932671 -397.435883
v -525.000000 37.212383 -423.076935
v -525.000000 44.129120 -448.717957
v -525.000000 48.580074 -474.358978
v -525.000000 46.574142 -500.000000
v -516.732300 36.391689 500.000000
v -516.732300 46.443813 474.358978
v -516.732300 51.993675 448.717957
v -516.732300 45.035862 423.076935
v -516.732300 32.707340 397.435883
v -516.732300 26.153419 371.794861
v -516.732300 23.597086 346.153839
v -516.732300 21.018736 320.512817
v -516.732300 17.739285 294.871796
v -516.732300 15.912790 269.230774
v -516.732300 15.398067 243.589737
v -516.732300 15.212355 217.948715
v -516.732300 15.032694 192.307693
v -516.732300 14.853065 166.666672
v -516.732300 14.684275 141.025635
v -516.732300 14.521678 115.384613
v -516.732300 14.367305 89.743591
v -516.732300 14.217034 64.102562
v -516.732300 14.086661 38.461540
v -516.732300 13.960732 12.820513
v -516.732300 13.846511 -12.820513
v -516.732300 13.751630 -38.461540
v -516.732300 13.666374 -64.102562
v -516.732300 13.599951 -89.743591
v -516.732300 13.539727 -115.384613
v -516.732300 13.506610 -141.025635
v -516.732300 13.489092 -166.666672
v -516.732300 13.479898 -192.307693
v -516.732300 13.487548 -217.948715
v -516.732300 13.513222 -243.589737
v -516.732300 13.919834 -269.230774
v -516.732300 16.111847 -294.871796
v -516.732300 19.346439 -320.512817
v -516.732300 23.499672 -346.153839
v -516.732300 28.197886 -371.794861
v -516.732300 32.314434 -397.435883
v -516.732300 36.789360 -423.076935
v -516.732300 43.923058 -448.717957
v -516.732300 47.805935 -474.358978
v -516.732300 44.502983 -500.000000
v -508.464569 37.501213 500.000000
v -508.464569 47.953083 474.358978
v -508.464569 53.202374 448.717957
v -508.464569 45.147251 423.076935
v -508.464569 31.870327 397.435883
v -508.464569 25.434156 371.794861
v -508.464569 23.286743 346.153839
v -508.464569 20.802877 320.512817
v -508.464569 17.446898 294.871796
v -508.464569 15.603069 269.230774
v -508.464569 15.099651 243.589737
v -508.464569 14.923530 217.948715
v -508.464569 14.740127 192.307693
v -508.464569 14.566496 166.666672
v -508.464569 14.405130 141.025635
v -508.464569 14.223941 115.384613
v -508.464569 14.082386 89.743591
v -508.464569 13.923429 64.102562
v -508.464569 13.784293 38.461540
v -508.464569 13.671484 12.820513
v -508.464569 13.581573 -12.820513
v -508.464569 13.463606 -38.461540
v -508.464569 13.384273 -64.102562
v -508.464569 13.320270 -89.743591
v -508.464569 13.254766 -115.384613
v -508.464569 13.220628 -141.025635
v -508.464569 13.190946 -166.666672
v -508.464569 13.175726 -192.307693
v -508.464569 13.192885 -217.948715
v -508.464569 13.223579 -243.589737
v -508.464569 13.589155 -269.230774
v -508.464569 15.552343 -294.871796
v -508.464569 18.383554 -320.512817
v -508.464569 22.175190 -346.153839
v -508.464569 26.782494 -371.794861
v -508.464569 30.981049 -397.435883
v -508.464569 35.431023 -423.076935
v -508.464569 42.658939 -448.717957
v -508.464569 46.197296 -474.358978
v -508.464569 42.085384 -500.000000
v -500.196838 38.647774 500.000000
v -500.196838 49.149963 474.358978
v -500.196838 54.015087 448.717957
v -500.196838 45.295258 423.076935
v -500.196838 31.519945 397.435883
v -500.196838 25.054176 371.794861
v -500.196838 23.091316 346.153839
v -500.196838 20.659437 320.512817
v -500.196838 17.212736 294.871796
v -500.196838 15.328085 269.230774
v -500.196838 14.804095 243.589737
v -500.196838 14.665114 217.948715
v -500.196838 14.495304 192.307693
v -500.196838 14.294155 166.666672
v -500.196838 14.140692 141.025635
v -500.196838 13.985977 115.384613
v -500.196838 13.804629 89.743591
v -500.196838 13.633826 64.102562
v -500.196838 13.522213 38.461540
v -500.196838 13.398101 12.820513
v -500.196838 13.290248 -12.820513
v -500.196838 13.186921 -38.461540
v -500.196838 13.122053 -64.102562
v -500.196838 13.055285 -89.743591
v -500.196838 13.013148 -115.384613
v -500.196838 12.987710 -141.025635
v -500.196838 12.917830 -166.666672
v -500.196838 12.883343 -192.307693
v -500.196838 12.920365 -217.948715
v -500.196838 12.932252 -243.589737
v -500.196838 13.263501 -269.230774
v -500.196838 14.991817 -294.871796
v -500.196838 17.445885 -320.512817
v -500.196838 20.784252 -346.153839
v -500.196838 24.955948 -371.794861
v -500.196838 28.773685 -397.435883
v -500.196838 32.953468 -423.076935
v -500.196838 40.231358 -448.717957
v -500.196838 43.828140 -474.358978
v -500.196838 39.571358 -500.000000
v -491.929138 39.499313 500.000000
v -491.929138 49.817978 474.358978
v -491.929138 54.305527 448.717957
v -491.929138 45.249062 423.076935
v -491.929138 31.320572 397.435883
v -491.929138 24.838242 371.794861
v -491.929138 22.918322 346.153839
v -491.929138 20.526220 320.512817
v -491.929138 17.034733 294.871796
v -491.929138 15.073793 269.230774
v -491.929138 14.535693 243.589737
v -491.929138 14.300019 217.948715
v -491.929138 14.208928 192.307693
v -491.929138 14.020321 166.666672
v -491.929138 13.831715 141.025635
v -491.929138 13.690702 115.384613
v -491.929138 13.586326 89.743591
v -491.929138 13.404496 64.102562
v -491.929138 13.291519 38.461540
v -491.929138 13.166168 12.820513
v -491.929138 13.060477 -12.820513
v -491.929138 12.963095 -38.461540
v -491.929138 12.790771 -64.102562
v -491.929138 12.785819 -89.743591
v -491.929138 12.712496 -115.384613
v -491.929138 12.670943 -141.025635
v -491.929138 12.644327 -166.666672
v -491.929138 12.670197 -192.307693
v -491.929138 12.693876 -217.948715
v -491.929138 12.652976 -243.589737
v -491.929138 12.951914 -269.230774
v -491.929138 14.449112 -294.871796
v -491.929138 16.578224 -320.512817
v -491.929138 19.541027 -346.153839
v -491.929138 23.253075 -371.794861
v -491.929138 26.550619 -397.435883
v -491.929138 30.364923 -423.076935
v -491.929138 37.598644 -448.717957
v -491.929138 41.405350 -474.358978
v -491.929138 37.381275 -500.000000
v -483.661407 39.900776 500.000000
v -483.661407 49.933861 474.358978
v -483.661407 54.016144 448.717957
v -483.661407 44.770615 423.076935
v -483.661407 30.874533 397.435883
v -483.661407 24.351469 371.794861
v -483.661407 22.486191 346.153839
v -483.661407 20.297287 320.512817
v -483.661407 16.866501 294.871796
v -483.661407 14.819227 269.230774
v -483.661407 14.236552 243.589737
v -483.661407 14.104361 217.948715
v -483.661407 13.949203 192.307693
v -483.661407 13.780947 166.666672
v -483.661407 13.592896 141.025635
v -483.661407 13.499697 115.384613
v -483.661407 13.294577 89.743591
v -483.661407 13.135267 64.102562
v -483.661407 13.008834 38.461540
v -483.661407 12.871177 12.820513
v -483.661407 12.811284 -12.820513
v -483.661407 12.731893 -38.461540
v -483.661407 12.551706 -64.102562
v -483.661407 12.577765 -89.743591
v -483.661407 12.424160 -115.384613
v -483.661407 12.306635 -141.025635
v -483.661407 12.356312 -166.666672
v -483.661407 12.431343 -192.307693
v -483.661407 12.337015 -217.948715
v -483.661407 12.345819 -243.589737
v -483.661407 12.626721 -269.230774
v -483.661407 13.891609 -294.871796
v -483.661407 15.788053 -320.512817
v -483.661407 18.613522 -346.153839
v -483.661407 22.197475 -371.794861
v -483.661407 25.231842 -397.435883
v -483.661407 28.760609 -423.076935
v -483.661407 35.777370 -448.717957
v -483.661407 39.561523 -474.358978
v -483.661407 35.685768 -500.000000
v -475.393707 39.892746 500.000000
v -475.393707 49.558697 474.358978
v -475.393707 53.280113 448.717957
v -475.393707 43.993046 423.076935
v -475.393707 30.269953 397.435883
v -475.393707 23.657209 371.794861
v -475.393707 21.832552 346.153839
v -475.393707 19.913456 320.512817
v -475.393707 16.743124 294.871796
v -475.393707 14.582295 269.230774
v -475.393707 13.920800 243.589737
v -475.393707 13.768590 217.948715
v -475.393707 13.699301 192.307693
v -475.393707 13.595919 166.666672
v -475.393707 13.320060 141.025635
v -475.393707 13.265110 115.384613
v -475.393707 13.038550 89.743591
v -475.393707 13.128303 64.102562
v -475.393707 12.706647 38.461540
v -475.393707 12.705495 12.820513
v -475.393707 12.417639 -12.820513
v -475.393707 12.445498 -38.461540
v -475.393707 12.433191 -64.102562
v -475.393707 12.334306 -89.743591
v -475.393707 12.302260 -115.384613
v -475.393707 12.250994 -141.025635
v -475.393707 12.292540 -166.666672
v -475.393707 12.138373 -192.307693
v -475.393707 12.247173 -217.948715
v -475.393707 12.234235 -243.589737
v -475.393707 12.273871 -269.230774
v -475.393707 13.369993 -294.871796
v -475.393707 15.105222 -320.512817
v -475.393707 17.999416 -346.153839
v -475.393707 21.685364 -371.794861
v -475.393707 24.618336 -397.435883
v -475.393707 27.922323 -423.076935
v -475.393707 34.602768 -448.717957
v -475.393707 38.208527 -474.358978
v -475.393707 34.434292 -500.000000
v -467.125977 39.532753 500.000000
v -467.125977 48.801346 474.358978
v -467.125977 52.225838 448.717957
v -467.125977 43.031494 423.076935
v -467.125977 29.589664 397.435883
v -467.125977 22.823708 371.794861
v -467.125977 20.974239 346.153839
v -467.125977 19.484131 320.512817
v -467.125977 16.501083 294.871796
v -467.125977 14.337724 269.230774
v -467.125977 13.755098 243.589737
v -467.125977 13.686540 217.948715
v -467.125977 13.429861 192.307693
v -467.125977 13.064975 166.666672
v -467.125977 13.014872 141.025635
v -467.125977 12.895738 115.384613
v -467.125977 12.896262 89.743591
v -467.125977 12.714242 64.102562
v -467.125977 12.602552 38.461540
v -467.125977 12.385338 12.820513
v -467.125977 12.177906 -12.820513
v -467.125977 11.960076 -38.461540
v -467.125977 11.991310 -64.102562
v -467.125977 11.946609 -89.743591
v -467.125977 12.285935 -115.384613
v -467.125977 11.835384 -141.025635
v -467.125977 11.790964 -166.666672
v -467.125977 11.704649 -192.307693
v -467.125977 11.945789 -217.948715
v -467.125977 11.839849 -243.589737
v -467.125977 12.079110 -269.230774
v -467.125977 12.928024 -294.871796
v -467.125977 14.498965 -320.512817
v -467.125977 17.705109 -346.153839
v -467.125977 21.625374 -371.794861
v -467.125977 24.540857 -397.435883
v -467.125977 27.669849 -423.076935
v -467.125977 33.948273 -448.717957
v -467.125977 37.288479 -474.358978
v -467.125977 33.597218 -500.000000
v -458.858276 38.918301 500.000000
v -458.858276 47.783688 474.358978
v -458.858276 50.984474 448.717957
v -458.858276 41.993126 423.076935
v -458.858276 28.904182 397.435883
v -458.858276 21.916363 371.794861
v -458.858276 20.008362 346.153839
v -458.858276 18.830196 320.512817
v -458.858276 16.339251 294.871796
v -458.858276 14.299823 269.230774
v -458.858276 13.709517 243.589737
v -458.858276 13.237289 217.948715
v -458.858276 12.948148 192.307693
v -458.858276 13.098479 166.666672
v -458.858276 13.228218 141.025635
v -458.858276 12.512609 115.384613
v -458.858276 12.515913 89.743591
v -458.858276 12.268034 64.102562
v -458.858276 12.495314 38.461540
v -458.858276 12.244896 12.820513
v -458.858276 12.101327 -12.820513
v -458.858276 11.859688 -38.461540
v -458.858276 11.859623 -64.102562
v -458.858276 11.921078 -89.743591
v -458.858276 11.852500 -115.384613
v -458.858276 11.556580 -141.025635
v -458.858276 11.815553 -166.666672
v -458.858276 11.723445 -192.307693
v -458.858276 11.830199 -217.948715
v -458.858276 11.568166 -243.589737
v -458.858276 11.853241 -269.230774
v -458.858276 12.358889 -294.871796
v -458.858276 14.202370 -320.512817
v -458.858276 17.688385 -346.153839
v -458.858276 21.896601 -371.794861
v -458.858276 24.803736 -397.435883
v -458.858276 27.792908 -423.076935
v -458.858276 33.653587 -448.717957
v -458.858276 36.705235 -474.358978
v -458.858276 33.102451 -500.000000
v -450.590546 38.131145 500.000000
v -450.590546 46.596409 474.358978
v -450.590546 49.643227 448.717957
v -450.590546 40.945271 423.076935
v -450.590546 28.261150 397.435883
v -450.590546 20.995628 371.794861
v -450.590546 18.832705 346.153839
v -450.590546 18.239826 320.512817
v -450.590546 15.936907 294.871796
v -450.590546 13.935009 269.230774
v -450.590546 13.387129 243.589737
v -450.590546 13.338800 217.948715
v -450.590546 13.249102 192.307693
v -450.590546 12.918878 166.666672
v -450.590546 12.470703 141.025635
v -450.590546 12.959923 115.384613
v -450.590546 12.373293 89.743591
v -450.590546 11.998728 64.102562
v -450.590546 12.039804 38.461540
v -450.590546 12.012879 12.820513
v -450.590546 11.785234 -12.820513
v -450.590546 11.851699 -38.461540
v -450.590546 12.144591 -64.102562
v -450.590546 11.529149 -89.743591
v -450.590546 11.645557 -115.384613
v -450.590546 11.310452 -141.025635
v -450.590546 11.546077 -166.666672
v -450.590546 11.466775 -192.307693
v -450.590546 11.388123 -217.948715
v -450.590546 11.599634 -243.589737
v -450.590546 11.480737 -269.230774
v -450.590546 12.129304 -294.871796
v -450.590546 13.944350 -320.512817
v -450.590546 17.823582 -346.153839
v -450.590546 22.394152 -371.794861
v -450.590546 25.249073 -397.435883
v -450.590546 28.114193 -423.076935
v -450.590546 33.571194 -448.717957
v -450.590546 36.356785 -474.358978
v -450.590546 32.869724 -500.000000
v -442.322845 37.266655 500.000000
v -442.322845 45.354717 474.358978
v -442.322845 48.314316 448.717957
v -442.322845 39.967197 423.076935
v -442.322845 27.699522 397.435883
v -442.322845 20.047371 371.794861
v -442.322845 17.686220 346.153839
v -442.322845 17.358587 320.512817
v -442.322845 15.600945 294.871796
v -442.322845 13.657652 269.230774
v -442.322845 13.148111 243.589737
v -442.322845 12.776165 217.948715
v -442.322845 12.890993 192.307693
v -442.322845 12.509404 166.666672
v -442.322845 12.641552 141.025635
v -442.322845 12.708972 115.384613
v -442.322845 12.247716 89.743591
v -442.322845 11.945436 64.102562
v -442.322845 12.008677 38.461540
v -442.322845 11.988942 12.820513
v -442.322845 11.464216 -12.820513
v -442.322845 11.480808 -38.461540
v -442.322845 11.596365 -64.102562
v -442.322845 11.405607 -89.743591
v -442.322845 11.415657 -115.384613
v -442.322845 11.459548 -141.025635
v -442.322845 11.159958 -166.666672
v -442.322845 11.500668 -192.307693
v -442.322845 11.566298 -217.948715
v -442.322845 11.077198 -243.589737
v -442.322845 11.021456 -269.230774
v -442.322845 11.932907 -294.871796
v -442.322845 13.868580 -320.512817
v -442.322845 18.217215 -346.153839
v -442.322845 22.984135 -371.794861
v -442.322845 25.684671 -397.435883
v -442.322845 28.425667 -423.076935
v -442.322845 33.530041 -448.717957
v -442.322845 36.119205 -474.358978
v -442.322845 32.789360 -500.000000
v -434.055115 36.420105 500.000000
v -434.055115 44.170635 474.358978
v -434.055115 47.097630 448.717957
v -434.055115 39.118801 423.076935
v -434.055115 27.252851 397.435883
v -434.055115 19.232353 371.794861
v -434.055115 16.510389 346.153839
v -434.055115 16.770464 320.512817
v -434.055115 15.258933 294.871796
v -434.055115 13.393512 269.230774
v -434.055115 12.910834 243.589737
v -434.055115 13.225688 217.948715
v -434.055115 12.282413 192.307693
v -434.055115 12.327350 166.666672
v -434.055115 12.329798 141.025635
v -434.055115 12.224861 115.384613
v -434.055115 11.883847 89.743591
v -434.055115 12.411189 64.102562
v -434.055115 11.585073 38.461540
v -434.055115 11.681882 12.820513
v -434.055115 11.791908 -12.820513
v -434.055115 11.823890 -38.461540
v -434.055115 11.459109 -64.102562
v -434.055115 11.191485 -89.743591
v -434.055115 11.714179 -115.384613
v -434.055115 10.875717 -141.025635
v -434.055115 10.962440 -166.666672
v -434.055115 10.719929 -192.307693
v -434.055115 10.543762 -217.948715
v -434.055115 10.901102 -243.589737
v -434.055115 11.095243 -269.230774
v -434.055115 11.616600 -294.871796
v -434.055115 13.882504 -320.512817
v -434.055115 18.668732 -346.153839
v -434.055115 23.498762 -371.794861
v -434.055115 25.923277 -397.435883
v -434.055115 28.517685 -423.076935
v -434.055115 33.348221 -448.717957
v -434.055115 35.845829 -474.358978
v -434.055115 32.721958 -500.000000
v -425.787415 35.672161 500.000000
v -425.787415 43.128426 474.358978
v -425.787415 46.058594 448.717957
v -425.787415 38.435131 423.076935
v -425.787415 26.932884 397.435883
v -425.787415 18.416067 371.794861
v -425.787415 15.411132 346.153839
v -425.787415 15.687158 320.512817
v -425.787415 14.907045 294.871796
v -425.787415 13.177666 269.230774
v -425.787415 12.667636 243.589737
v -425.787415 12.813207 217.948715
v -425.787415 12.262523 192.307693
v -425.787415 12.008583 166.666672
v -425.787415 11.428543 141.025635
v -425.787415 11.792327 115.384613
v -425.787415 11.639656 89.743591
v -425.787415 11.481671 64.102562
v -425.787415 11.463069 38.461540
v -425.787415 11.498076 12.820513
v -425.787415 11.109776 -12.820513
v -425.787415 11.289812 -38.461540
v -425.787415 10.927674 -64.102562
v -425.787415 10.901324 -89.743591
v -425.787415 11.075630 -115.384613
v -425.787415 10.540396 -141.025635
v -425.787415 10.990548 -166.666672
v -425.787415 10.708803 -192.307693
v -425.787415 10.460149 -217.948715
v -425.787415 10.634579 -243.589737
v -425.787415 10.692748 -269.230774
v -425.787415 11.601130 -294.871796
v -425.787415 13.937545 -320.512817
v -425.787415 19.149286 -346.153839
v -425.787415 23.818979 -371.794861
v -425.787415 25.790987 -397.435883
v -425.787415 28.213638 -423.076935
v -425.787415 32.861774 -448.717957
v -425.787415 35.397816 -474.358978
v -425.787415 32.538464 -500.000000
v -417.519684 35.119053 500.000000
v -417.519684 42.337040 474.358978
v -417.519684 45.281460 448.717957
v -417.519684 37.948639 423.076935
v -417.519684 26.703054 397.435883
v -417.519684 17.737806 371.794861
v -417.519684 14.470180 346.153839
v -417.519684 14.948481 320.512817
v -417.519684 14.570965 294.871796
v -417.519684 12.683603 269.230774
v -417.519684 12.922902 243.589737
v -417.519684 11.681699 217.948715
v -417.519684 12.054274 192.307693
v -417.519684 11.729631 166.666672
v -417.519684 11.822146 141.025635
v -417.519684 12.204461 115.384613
v -417.519684 11.714449 89.743591
v -417.519684 11.272187 64.102562
v -417.519684 11.133870 38.461540
v -417.519684 11.275378 12.820513
v -417.519684 10.904306 -12.820513
v -417.519684 11.809669 -38.461540
v -417.519684 10.440164 -64.102562
v -417.519684 10.341068 -89.743591
v -417.519684 10.885638 -115.384613
v -417.519684 11.290040 -141.025635
v -417.519684 10.511960 -166.666672
v -417.519684 10.505608 -192.307693
v -417.519684 10.096029 -217.948715
v -417.519684 10.614823 -243.589737
v -417.519684 10.401088 -269.230774
v -417.519684 11.281645 -294.871796
v -417.519684 14.089838 -320.512817
v -417.519684 19.258461 -346.153839
v -417.519684 23.833033 -371.794861
v -417.519684 25.078100 -397.435883
v -417.519684 27.295155 -423.076935
v -417.519684 31.871920 -448.717957
v -417.519684 34.595985 -474.358978
v -417.519684 32.057594 -500.000000
v -409.251984 34.844627 500.000000
v -409.251984 41.888401 474.358978
v -409.251984 44.826862 448.717957
v -409.251984 37.669556 423.076935
v -409.251984 26.585045 397.435883
v -409.251984 17.348309 371.794861
v -409.251984 13.385098 346.153839
v -409.251984 14.393236 320.512817
v -409.251984 14.039686 294.871796
v -409.251984 13.223722 269.230774
v -409.251984 12.380258 243.589737
v -409.251984 12.677796 217.948715
v -409.251984 13.020408 192.307693
v -409.251984 12.247620 166.666672
v -409.251984 11.213761 141.025635
v -409.251984 11.028030 115.384613
v -409.251984 10.844695 89.743591
v -409.251984 11.461187 64.102562
v -409.251984 11.266084 38.461540
v -409.251984 10.791768 12.820513
v -409.251984 10.545337 -12.820513
v -409.251984 10.923856 -38.461540
v -409.251984 10.141941 -64.102562
v -409.251984 11.271356 -89.743591
v -409.251984 10.690550 -115.384613
v -409.251984 10.647725 -141.025635
v -409.251984 9.973379 -166.666672
v -409.251984 10.478529 -192.307693
v -409.251984 10.246264 -217.948715
v -409.251984 10.056344 -243.589737
v -409.251984 9.755534 -269.230774
v -409.251984 11.120014 -294.871796
v -409.251984 14.027221 -320.512817
v -409.251984 19.125832 -346.153839
v -409.251984 23.166260 -371.794861
v -409.251984 23.698162 -397.435883
v -409.251984 25.585104 -423.076935
v -409.251984 30.194992 -448.717957
v -409.251984 33.260708 -474.358978
v -409.251984 31.089924 -500.000000
v -400.984253 34.946892 500.000000
v -400.984253 41.881100 474.358978
v -400.984253 44.755367 448.717957
v -400.984253 37.606388 423.076935
v -400.984253 26.518827 397.435883
v -400.984253 16.949751 371.794861
v -400.984253 12.901999 346.153839
v -400.984253 13.615334 320.512817
v -400.984253 13.421224 294.871796
v -400.984253 12.171258 269.230774
v -400.984253 11.855270 243.589737
v -400.984253 12.266650 217.948715
v -400.984253 11.577497 192.307693
v -400.984253 11.435695 166.666672
v -400.984253 11.838586 141.025635
v -400.984253 11.448854 115.384613
v -400.984253 11.701365 89.743591
v -400.984253 10.897226 64.102562
v -400.984253 12.143210 38.461540
v -400.984253 10.195645 12.820513
v -400.984253 10.805703 -12.820513
v -400.984253 10.984521 -38.461540
v -400.984253 10.887207 -64.102562
v -400.984253 9.783428 -89.743591
v -400.984253 9.792487 -115.384613
v -400.984253 9.894659 -141.025635
v -400.984253 10.762185 -166.666672
v -400.984253 9.433428 -192.307693
v -400.984253 10.654105 -217.948715
v -400.984253 10.178614 -243.589737
v -400.984253 10.492217 -269.230774
v -400.984253 11.513218 -294.871796
v -400.984253 13.907829 -320.512817
v -400.984253 18.948467 -346.153839
v -400.984253 21.842714 -371.794861
v -400.984253 21.360075 -397.435883
v -400.984253 22.842457 -423.076935
v -400.984253 27.611698 -448.717957
v -400.984253 31.182913 -474.358978
v -400.984253 29.425274 -500.000000
v -392.716522 34.910633 500.000000
v -392.716522 41.743011 474.358978
v -392.716522 44.708115 448.717957
v -392.716522 37.715027 423.076935
v -392.716522 26.712828 397.435883
v -392.716522 16.973261 371.794861
v -392.716522 12.583717 346.153839
v -392.716522 13.478671 320.512817
v -392.716522 13.508547 294.871796
v -392.716522 12.715804 269.230774
v -392.716522 12.011166 243.589737
v -392.716522 11.289986 217.948715
v -392.716522 11.883218 192.307693
v -392.716522 11.241277 166.666672
v -392.716522 11.206043 141.025635
v -392.716522 11.685230 115.384613
v -392.716522 10.585758 89.743591
v -392.716522 10.602507 64.102562
v -392.716522 11.378462 38.461540
v -392.716522 10.073915 12.820513
v -392.716522 10.970455 -12.820513
v -392.716522 11.119730 -38.461540
v -392.716522 10.275266 -64.102562
v -392.716522 10.154697 -89.743591
v -392.716522 9.923691 -115.384613
v -392.716522 9.532733 -141.025635
v -392.716522 9.719823 -166.666672
v -392.716522 9.803111 -192.307693
v -392.716522 9.774313 -217.948715
v -392.716522 9.751196 -243.589737
v -392.716522 9.692939 -269.230774
v -392.716522 10.442841 -294.871796
v -392.716522 14.115205 -320.512817
v -392.716522 17.818081 -346.153839
v -392.716522 19.807095 -371.794861
v -392.716522 18.022245 -397.435883
v -392.716522 19.004683 -423.076935
v -392.716522 23.923847 -448.717957
v -392.716522 27.998999 -474.358978
v -392.716522 26.625975 -500.000000
v -384.448822 34.025314 500.000000
v -384.448822 40.648586 474.358978
v -384.448822 44.092548 448.717957
v -384.448822 37.859455 423.076935
v -384.448822 27.238897 397.435883
v -384.448822 17.270216 371.794861
v -384.448822 12.617626 346.153839
v -384.448822 13.454586 320.512817
v -384.448822 13.318181 294.871796
v -384.448822 11.875131 269.230774
v -384.448822 11.748469 243.589737
v -384.448822 11.561962 217.948715
v -384.448822 11.340169 192.307693
v -384.448822 10.720594 166.666672
v -384.448822 10.736456 141.025635
v -384.448822 11.560828 115.384613
v -384.448822 10.520254 89.743591
v -384.448822 11.206264 64.102562
v -384.448822 11.312468 38.461540
v -384.448822 10.239100 12.820513
v -384.448822 10.834456 -12.820513
v -384.448822 10.296868 -38.461540
v -384.448822 9.580387 -64.102562
v -384.448822 9.763802 -89.743591
v -384.448822 9.262164 -115.384613
v -384.448822 10.070238 -141.025635
v -384.448822 9.928870 -166.666672
v -384.448822 9.338709 -192.307693
v -384.448822 9.388931 -217.948715
v -384.448822 10.146645 -243.589737
v -384.448822 9.770967 -269.230774
v -384.448822 10.808422 -294.871796
v -384.448822 13.681462 -320.512817
v -384.448822 16.611176 -346.153839
v -384.448822 16.989010 -371.794861
v -384.448822 14.047372 -397.435883
v -384.448822 14.627487 -423.076935
v -384.448822 19.574856 -448.717957
v -384.448822 23.905750 -474.358978
v -384.448822 22.783964 -500.000000
v -376.181091 32.562717 500.000000
v -376.181091 38.833691 474.358978
v -376.181091 42.947636 448.717957
v -376.181091 37.827293 423.076935
v -376.181091 27.696634 397.435883
v -376.181091 17.787413 371.794861
v -376.181091 13.000532 346.153839
v -376.181091 13.121038 320.512817
v -376.181091 13.137073 294.871796
v -376.181091 11.987415 269.230774
v -376.181091 11.163420 243.589737
v -376.181091 11.322613 217.948715
v -376.181091 11.725674 192.307693
v -376.181091 11.201431 166.666672
v -376.181091 11.502294 141.025635
v -376.181091 10.911259 115.384613
v -376.181091 10.680898 89.743591
v -376.181091 10.626545 64.102562
v -376.181091 10.549608 38.461540
v -376.181091 9.761316 12.820513
v -376.181091 10.118417 -12.820513
v -376.181091 9.233167 -38.461540
v -376.181091 10.023476 -64.102562
v -376.181091 9.645442 -89.743591
v -376.181091 9.288159 -115.384613
v -376.181091 9.929178 -141.025635
v -376.181091 9.400836 -166.666672
v -376.181091 9.700590 -192.307693
v -376.181091 9.728652 -217.948715
v -376.181091 9.447388 -243.589737
v -376.181091 9.314616 -269.230774
v -376.181091 10.417472 -294.871796
v -376.181091 13.091534 -320.512817
v -376.181091 15.231489 -346.153839
v -376.181091 14.254883 -371.794861
v -376.181091 10.144548 -397.435883
v -376.181091 10.303094 -423.076935
v -376.181091 15.179115 -448.717957
v -376.181091 19.531588 -474.358978
v -376.181091 18.522377 -500.000000
v -367.913391 30.774887 500.000000
v -367.913391 36.535240 474.358978
v -367.913391 41.330723 448.717957
v -367.913391 37.504871 423.076935
v -367.913391 28.070875 397.435883
v -367.913391 18.636992 371.794861
v -367.913391 13.215121 346.153839
v -367.913391 12.772341 320.512817
v -367.913391 12.464096 294.871796
v -367.913391 11.219547 269.230774
v -367.913391 10.630814 243.589737
v -367.913391 10.810285 217.948715
v -367.913391 9.908165 192.307693
v -367.913391 10.818367 166.666672
v -367.913391 11.831963 141.025635
v -367.913391 9.980131 115.384613
v -367.913391 10.079460 89.743591
v -367.913391 9.741941 64.102562
v -367.913391 9.869409 38.461540
v -367.913391 9.448619 12.820513
v -367.913391 10.696330 -12.820513
v -367.913391 9.187925 -38.461540
v -367.913391 9.749821 -64.102562
v -367.913391 9.780587 -89.743591
v -367.913391 9.461986 -115.384613
v -367.913391 8.774879 -141.025635
v -367.913391 9.972263 -166.666672
v -367.913391 8.906549 -192.307693
v -367.913391 9.441966 -217.948715
v -367.913391 9.339584 -243.589737
v -367.913391 9.133092 -269.230774
v -367.913391 10.868941 -294.871796
v -367.913391 12.537571 -320.512817
v -367.913391 13.883134 -346.153839
v -367.913391 11.304609 -371.794861
v -367.913391 6.578927 -397.435883
v -367.913391 6.600504 -423.076935
v -367.913391 11.333593 -448.717957
v -367.913391 15.483734 -474.358978
v -367.913391 14.443162 -500.000000
v -359.645660 28.894979 500.000000
v -359.645660 33.992210 474.358978
v -359.645660 39.334736 448.717957
v -359.645660 36.786896 423.076935
v -359.645660 28.109978 397.435883
v -359.645660 18.676712 371.794861
v -359.645660 13.697932 346.153839
v -359.645660 12.706475 320.512817
v -359.645660 12.337461 294.871796
v -359.645660 10.908266 269.230774
v -359.645660 11.352961 243.589737
v -359.645660 10.721373 217.948715
v -359.645660 10.942443 192.307693
v -359.645660 10.007875 166.666672
v -359.645660 11.641320 141.025635
v -359.645660 10.525119 115.384613
v -359.645660 10.597184 89.743591
v -359.645660 9.762358 64.102562
v -359.645660 10.619869 38.461540
v -359.645660 9.975896 12.820513
v -359.645660 9.948062 -12.820513
v -359.645660 9.241655 -38.461540
v -359.645660 9.419003 -64.102562
v -359.645660 9.086743 -89.743591
v -359.645660 9.730904 -115.384613
v -359.645660 9.455867 -141.025635
v -359.645660 8.996652 -166.666672
v -359.645660 9.308434 -192.307693
v -359.645660 9.390955 -217.948715
v -359.645660 8.966743 -243.589737
v -359.645660 9.251414 -269.230774
v -359.645660 10.156843 -294.871796
v -359.645660 12.290963 -320.512817
v -359.645660 12.227123 -346.153839
v -359.645660 9.032422 -371.794861
v -359.645660 3.977201 -397.435883
v -359.645660 3.913828 -423.076935
v -359.645660 8.454198 -448.717957
v -359.645660 12.219303 -474.358978
v -359.645660 11.013953 -500.000000
v -351.377960 27.087940 500.000000
v -351.377960 31.364304 474.358978
v -351.377960 37.015221 448.717957
v -351.377960 35.640869 423.076935
v -351.377960 27.844963 397.435883
v -351.377960 18.889713 371.794861
v -351.377960 14.296381 346.153839
v -351.377960 12.564297 320.512817
v -351.377960 11.786257 294.871796
v -351.377960 11.322385 269.230774
v -351.377960 10.004837 243.589737
v -351.377960 10.775355 217.948715
v -351.377960 10.687637 192.307693
v -351.377960 10.923099 166.666672
v -351.377960 10.812761 141.025635
v -351.377960 9.798525 115.384613
v -351.377960 10.788769 89.743591
v -351.377960 8.925886 64.102562
v -351.377960 9.433177 38.461540
v -351.377960 8.873511 12.820513
v -351.377960 9.662060 -12.820513
v -351.377960 8.625416 -38.461540
v -351.377960 11.141535 -64.102562
v -351.377960 8.414127 -89.743591
v -351.377960 11.180060 -115.384613
v -351.377960 7.783252 -141.025635
v -351.377960 8.698472 -166.666672
v -351.377960 8.665948 -192.307693
v -351.377960 9.121602 -217.948715
v -351.377960 8.197097 -243.589737
v -351.377960 8.578139 -269.230774
v -351.377960 11.345030 -294.871796
v -351.377960 11.436535 -320.512817
v -351.377960 11.021906 -346.153839
v -351.377960 6.812611 -371.794861
v -351.377960 2.180588 -397.435883
v -351.377960 2.379044 -423.076935
v -351.377960 6.768756 -448.717957
v -351.377960 9.984362 -474.358978
v -351.377960 8.494644 -500.000000
v -343.110229 25.521784 500.000000
v -343.110229 28.850819 474.358978
v -343.110229 34.507687 448.717957
v -343.110229 34.074272 423.076935
v -343.110229 27.024698 397.435883
v -343.110229 18.872452 371.794861
v -343.110229 14.090106 346.153839
v -343.110229 12.669771 320.512817
v -343.110229 11.941198 294.871796
v -343.110229 11.425887 269.230774
v -343.110229 10.712319 243.589737
v -343.110229 10.901678 217.948715
v -343.110229 10.885162 192.307693
v -343.110229 10.887868 166.666672
v -343.110229 8.670839 141.025635
v -343.110229 9.057144 115.384613
v -343.110229 8.254128 89.743591
v -343.110229 10.374629 64.102562
v -343.110229 7.960574 38.461540
v -343.110229 10.099414 12.820513
v -343.110229 8.823484 -12.820513
v -343.110229 10.532694 -38.461540
v -343.110229 8.250318 -64.102562
v -343.110229 8.586817 -89.743591
v -343.110229 8.935081 -115.384613
v -343.110229 8.543821 -141.025635
v -343.110229 9.203988 -166.666672
v -343.110229 7.671763 -192.307693
v -343.110229 8.916154 -217.948715
v -343.110229 7.980782 -243.589737
v -343.110229 9.520459 -269.230774
v -343.110229 9.508009 -294.871796
v -343.110229 11.403215 -320.512817
v -343.110229 9.489399 -346.153839
v -343.110229 5.493769 -371.794861
v -343.110229 1.532108 -397.435883
v -343.110229 2.230754 -423.076935
v -343.110229 6.408803 -448.717957
v -343.110229 8.972857 -474.358978
v -343.110229 7.106947 -500.000000
v -334.842529 24.319595 500.000000
v -334.842529 26.625599 474.358978
v -334.842529 31.954145 448.717957
v -334.842529 32.055870 423.076935
v -334.842529 25.930470 397.435883
v -334.842529 18.475342 371.794861
v -334.842529 14.478296 346.153839
v -334.842529 12.839565 320.512817
v -334.842529 11.235174 294.871796
v -334.842529 10.707561 269.230774
v -334.842529 9.865683 243.589737
v -334.842529 10.421191 217.948715
v -334.842529 9.675789 192.307693
v -334.842529 9.007675 166.666672
v -334.842529 11.259788 141.025635
v -334.842529 8.719130 115.384613
v -334.842529 9.633716 89.743591
v -334.842529 9.937588 64.102562
v -334.842529 10.715277 38.461540
v -334.842529 8.188236 12.820513
v -334.842529 9.895311 -12.820513
v -334.842529 8.689651 -38.461540
v -334.842529 7.818531 -64.102562
v -334.842529 8.918658 -89.743591
v -334.842529 7.721200 -115.384613
v -334.842529 8.194379 -141.025635
v -334.842529 8.866893 -166.666672
v -334.842529 9.308663 -192.307693
v -334.842529 8.182236 -217.948715
v -334.842529 8.248254 -243.589737
v -334.842529 8.832657 -269.230774
v -334.842529 8.996082 -294.871796
v -334.842529 9.745955 -320.512817
v -334.842529 8.664875 -346.153839
v -334.842529 4.636798 -371.794861
v -334.842529 1.867311 -397.435883
v -334.842529 3.220161 -423.076935
v -334.842529 7.301883 -448.717957
v -334.842529 9.187042 -474.358978
v -334.842529 6.894248 -500.000000
v -326.574799 23.567261 500.000000
v -326.574799 24.801260 474.358978
v -326.574799 29.445930 448.717957
v -326.574799 29.818441 423.076935
v -326.574799 24.104572 397.435883
v -326.574799 17.466076 371.794861
v -326.574799 14.010113 346.153839
v -326.574799 12.876821 320.512817
v -326.574799 12.162293 294.871796
v -326.574799 9.524379 269.230774
v -326.574799 10.009244 243.589737
v -326.574799 9.624297 217.948715
v -326.574799 10.740851 192.307693
v -326.574799 9.463778 166.666672
v -326.574799 9.192833 141.025635
v -326.574799 7.975842 115.384613
v -326.574799 9.488098 89.743591
v -326.574799 8.668155 64.102562
v -326.574799 8.659576 38.461540
v -326.574799 7.751560 12.820513
v -326.574799 8.118502 -12.820513
v -326.574799 8.771216 -38.461540
v -326.574799 8.234599 -64.102562
v -326.574799 9.282922 -89.743591
v -326.574799 8.091763 -115.384613
v -326.574799 8.389522 -141.025635
v -326.574799 7.398923 -166.666672
v -326.574799 8.556934 -192.307693
v -326.574799 7.444242 -217.948715
v -326.574799 8.936028 -243.589737
v -326.574799 8.587379 -269.230774
v -326.574799 8.569487 -294.871796
v -326.574799 9.539577 -320.512817
v -326.574799 7.156408 -346.153839
v -326.574799 4.521541 -371.794861
v -326.574799 3.198717 -397.435883
v -326.574799 5.319268 -423.076935
v -326.574799 9.341056 -448.717957
v -326.574799 10.547815 -474.358978
v -326.574799 7.813077 -500.000000
v -318.307098 23.327530 500.000000
v -318.307098 23.517788 474.358978
v -318.307098 27.173985 448.717957
v -318.307098 27.372171 423.076935
v -318.307098 22.156403 397.435883
v -318.307098 16.668823 371.794861
v -318.307098 13.860197 346.153839
v -318.307098 12.874058 320.512817
v -318.307098 10.323899 294.871796
v -318.307098 9.754341 269.230774
v -318.307098 10.617734 243.589737
v -318.307098 9.524059 217.948715
v -318.307098 9.080520 192.307693
v -318.307098 9.109440 166.666672
v -318.307098 8.957089 141.025635
v -318.307098 9.786005 115.384613
v -318.307098 8.210764 89.743591
v -318.307098 9.864971 64.102562
v -318.307098 9.739431 38.461540
v -318.307098 9.229773 12.820513
v -318.307098 8.686003 -12.820513
v -318.307098 8.068384 -38.461540
v -318.307098 8.679698 -64.102562
v -318.307098 8.447444 -89.743591
v -318.307098 8.351845 -115.384613
v -318.307098 9.432345 -141.025635
v -318.307098 7.744518 -166.666672
v -318.307098 8.388971 -192.307693
v -318.307098 7.665662 -217.948715
v -318.307098 7.199248 -243.589737
v -318.307098 8.103848 -269.230774
v -318.307098 9.437469 -294.871796
v -318.307098 8.136261 -320.512817
v -318.307098 6.692870 -346.153839
v -318.307098 4.648562 -371.794861
v -318.307098 5.229729 -397.435883
v -318.307098 8.123760 -423.076935
v -318.307098 12.147622 -448.717957
v -318.307098 12.797484 -474.358978
v -318.307098 9.665198 -500.000000
v -310.039368 23.605913 500.000000
v -310.039368 22.870354 474.358978
v -310.039368 25.314074 448.717957
v -310.039368 24.936468 423.076935
v -310.039368 19.991278 397.435883
v -310.039368 15.064132 371.794861
v -310.039368 13.311036 346.153839
v -310.039368 11.884834 320.512817
v -310.039368 10.753586 294.871796
v -310.039368 9.381310 269.230774
v -310.039368 9.492109 243.589737
v -310.039368 9.752554 217.948715
v -310.039368 9.660088 192.307693
v -310.039368 8.889905 166.666672
v -310.039368 8.687246 141.025635
v -310.039368 8.737306 115.384613
v -310.039368 8.564340 89.743591
v -310.039368 9.670144 64.102562
v -310.039368 7.087045 38.461540
v -310.039368 7.988922 12.820513
v -310.039368 8.292587 -12.820513
v -310.039368 7.289149 -38.461540
v -310.039368 7.705876 -64.102562
v -310.039368 7.694457 -89.743591
v -310.039368 8.855127 -115.384613
v -310.039368 8.811524 -141.025635
v -310.039368 8.002175 -166.666672
v -310.039368 7.353631 -192.307693
v -310.039368 7.404364 -217.948715
v -310.039368 7.283966 -243.589737
v -310.039368 7.574531 -269.230774
v -310.039368 8.182121 -294.871796
v -310.039368 7.692001 -320.512817
v -310.039368 5.552043 -346.153839
v -310.039368 4.815175 -371.794861
v -310.039368 7.472756 -397.435883
v -310.039368 11.065143 -423.076935
v -310.039368 15.214405 -448.717957
v -310.039368 15.502778 -474.358978
v -310.039368 12.083780 -500.000000
v -301.771667 24.427664 500.000000
v -301.771667 22.952978 474.358978
v -301.771667 24.038204 448.717957
v -301.771667 22.741331 423.076935
v -301.771667 17.803356 397.435883
v -301.771667 13.759101 371.794861
v -301.771667 12.549030 346.153839
v -301.771667 11.598734 320.512817
v -301.771667 9.496942 294.871796
v -301.771667 9.189001 269.230774
v -301.771667 8.671610 243.589737
v -301.771667 9.743977 217.948715
v -301.771667 8.085297 192.307693
v -301.771667 8.668960 166.666672
v -301.771667 9.189671 141.025635
v -301.771667 8.339517 115.384613
v -301.771667 9.284754 89.743591
v -301.771667 10.038877 64.102562
v -301.771667 7.157967 38.461540
v -301.771667 7.827536 12.820513
v -301.771667 7.548205 -12.820513
v -301.771667 8.618471 -38.461540
v -301.771667 7.513427 -64.102562
v -301.771667 8.128756 -89.743591
v -301.771667 6.016521 -115.384613
v -301.771667 7.303206 -141.025635
v -301.771667 7.919842 -166.666672
v -301.771667 7.206617 -192.307693
v -301.771667 8.420372 -217.948715
v -301.771667 7.111557 -243.589737
v -301.771667 7.205770 -269.230774
v -301.771667 7.588862 -294.871796
v -301.771667 6.518494 -320.512817
v -301.771667 4.948135 -346.153839
v -301.771667 5.397877 -371.794861
v -301.771667 9.289196 -397.435883
v -301.771667 13.643601 -423.076935
v -301.771667 18.017620 -448.717957
v -301.771667 18.235447 -474.358978
v -301.771667 14.707379 -500.000000
v -293.503937 25.675982 500.000000
v -293.503937 23.607256 474.358978
v -293.503937 23.388403 448.717957
v -293.503937 21.061670 423.076935
v -293.503937 16.001572 397.435883
v -293.503937 12.588922 371.794861
v -293.503937 11.700768 346.153839
v -293.503937 10.993625 320.512817
v -293.503937 9.025970 294.871796
v -293.503937 9.523020 269.230774
v -293.503937 9.955379 243.589737
v -293.503937 9.036662 217.948715
v -293.503937 9.704313 192.307693
v -293.503937 7.758046 166.666672
v -293.503937 8.375384 141.025635
v -293.503937 8.710952 115.384613
v -293.503937 8.672144 89.743591
v -293.503937 9.253338 64.102562
v -293.503937 7.647580 38.461540
v -293.503937 9.004477 12.820513
v -293.503937 6.812014 -12.820513
v -293.503937 7.327576 -38.461540
v -293.503937 8.200691 -64.102562
v -293.503937 6.431599 -89.743591
v -293.503937 7.114264 -115.384613
v -293.503937 7.129180 -141.025635
v -293.503937 7.079444 -166.666672
v -293.503937 6.276279 -192.307693
v -293.503937 6.906929 -217.948715
v -293.503937 7.468740 -243.589737
v -293.503937 7.170331 -269.230774
v -293.503937 8.029069 -294.871796
v -293.503937 5.779513 -320.512817
v -293.503937 4.970593 -346.153839
v -293.503937 6.313724 -371.794861
v -293.503937 10.813624 -397.435883
v -293.503937 15.601974 -423.076935
v -293.503937 20.010271 -448.717957
v -293.503937 20.264755 -474.358978
v -293.503937 16.792637 -500.000000
v -285.236206 26.960552 500.000000
v -285.236206 24.193138 474.358978
v -285.236206 22.928816 448.717957
v -285.236206 19.936478 423.076935
v -285.236206 14.768477 397.435883
v -285.236206 11.439476 371.794861
v -285.236206 11.655905 346.153839
v -285.236206 10.014879 320.512817
v -285.236206 9.501880 294.871796
v -285.236206 8.184836 269.230774
v -285.236206 8.463041 243.589737
v -285.236206 11.120313 217.948715
v -285.236206 9.027461 192.307693
v -285.236206 8.821171 166.666672
v -285.236206 9.332841 141.025635
v -285.236206 7.452983 115.384613
v -285.236206 6.223401 89.743591
v -285.236206 8.014996 64.102562
v -285.236206 7.425982 38.461540
v -285.236206 6.524333 12.820513
v -285.236206 7.206214 -12.820513
v -285.236206 5.178826 -38.461540
v -285.236206 8.504591 -64.102562
v -285.236206 9.827296 -89.743591
v -285.236206 6.832723 -115.384613
v -285.236206 8.083454 -141.025635
v -285.236206 6.535661 -166.666672
v -285.236206 7.620380 -192.307693
v -285.236206 5.949495 -217.948715
v -285.236206 5.933686 -243.589737
v -285.236206 6.136469 -269.230774
v -285.236206 6.661949 -294.871796
v -285.236206 6.430571 -320.512817
v -285.236206 4.464221 -346.153839
v -285.236206 6.768370 -371.794861
v -285.236206 12.858144 -397.435883
v -285.236206 17.224197 -423.076935
v -285.236206 21.213186 -448.717957
v -285.236206 21.159803 -474.358978
v -285.236206 17.777302 -500.000000
v -276.968506 28.019449 500.000000
v -276.968506 24.481680 474.358978
v -276.968506 22.464710 448.717957
v -276.968506 19.149490 423.076935
v -276.968506 13.943963 397.435883
v -276.968506 10.824086 371.794861
v -276.968506 10.211206 346.153839
v -276.968506 10.129809 320.512817
v -276.968506 9.742445 294.871796
v -276.968506 8.912820 269.230774
v -276.968506 8.621370 243.589737
v -276.968506 9.519502 217.948715
v -276.968506 8.626636 192.307693
v -276.968506 7.514957 166.666672
v -276.968506 9.250628 141.025635
v -276.968506 9.094152 115.384613
v -276.968506 9.343916 89.743591
v -276.968506 5.745824 64.102562
v -276.968506 7.929378 38.461540
v -276.968506 8.221146 12.820513
v -276.968506 6.915390 -12.820513
v -276.968506 7.420228 -38.461540
v -276.968506 7.116646 -64.102562
v -276.968506 7.516643 -89.743591
v -276.968506 9.468453 -115.384613
v -276.968506 7.239164 -141.025635
v -276.968506 6.734330 -166.666672
v -276.968506 5.657435 -192.307693
v -276.968506 6.938087 -217.948715
v -276.968506 6.570097 -243.589737
v -276.968506 7.026030 -269.230774
v -276.968506 7.168578 -294.871796
v -276.968506 5.150226 -320.512817
v -276.968506 5.303594 -346.153839
v -276.968506 8.877219 -371.794861
v -276.968506 14.615993 -397.435883
v -276.968506 18.535366 -423.076935
v -276.968506 21.497656 -448.717957
v -276.968506 20.965845 -474.358978
v -276.968506 17.777136 -500.000000
v -268.700775 28.583160 500.000000
v -268.700775 24.263905 474.358978
v -268.700775 21.828812 448.717957
v -268.700775 18.552080 423.076935
v -268.700775 13.446987 397.435883
v -268.700775 10.884787 371.794861
v -268.700775 10.577147 346.153839
v -268.700775 10.439144 320.512817
v -268.700775 9.090215 294.871796
v -268.700775 9.384638 269.230774
v -268.700775 7.249265 243.589737
v -268.700775 7.840751 217.948715
v -268.700775 7.005503 192.307693
v -268.700775 7.572147 166.666672
v -268.700775 5.897998 141.025635
v -268.700775 8.896267 115.384613
v -268.700775 7.152714 89.743591
v -268.700775 7.166011 64.102562
v -268.700775 6.535951 38.461540
v -268.700775 6.733902 12.820513
v -268.700775 5.861064 -12.820513
v -268.700775 7.890647 -38.461540
v -268.700775 8.018796 -64.102562
v -268.700775 5.101521 -89.743591
v -268.700775 8.681585 -115.384613
v -268.700775 7.291867 -141.025635
v -268.700775 7.654605 -166.666672
v -268.700775 6.773411 -192.307693
v -268.700775 6.459296 -217.948715
v -268.700775 6.265286 -243.589737
v -268.700775 5.519601 -269.230774
v -268.700775 5.723978 -294.871796
v -268.700775 5.298326 -320.512817
v -268.700775 5.891605 -346.153839
v -268.700775 9.888738 -371.794861
v -268.700775 15.694995 -397.435883
v -268.700775 19.028214 -423.076935
v -268.700775 20.771935 -448.717957
v -268.700775 19.716856 -474.358978
v -268.700775 16.877632 -500.000000
v -260.433075 28.483866 500.000000
v -260.433075 23.421402 474.358978
v -260.433075 20.892340 448.717957
v -260.433075 18.035437 423.076935
v -260.433075 13.226679 397.435883
v -260.433075 10.002939 371.794861
v -260.433075 10.299507 346.153839
v -260.433075 10.935817 320.512817
v -260.433075 8.873703 294.871796
v -260.433075 8.822958 269.230774
v -260.433075 7.622666 243.589737
v -260.433075 7.815820 217.948715
v -260.433075 8.232986 192.307693
v -260.433075 8.481029 166.666672
v -260.433075 7.545170 141.025635
v -260.433075 8.668606 115.384613
v -260.433075 7.011711 89.743591
v -260.433075 8.661425 64.102562
v -260.433075 7.430113 38.461540
v -260.433075 7.918077 12.820513
v -260.433075 6.694224 -12.820513
v -260.433075 6.288107 -38.461540
v -260.433075 5.393394 -64.102562
v -260.433075 6.659976 -89.743591
v -260.433075 6.955403 -115.384613
v -260.433075 7.448016 -141.025635
v -260.433075 5.687974 -166.666672
v -260.433075 6.649285 -192.307693
v -260.433075 5.064466 -217.948715
v -260.433075 5.782447 -243.589737
v -260.433075 6.437975 -269.230774
v -260.433075 5.227375 -294.871796
v -260.433075 5.287474 -320.512817
v -260.433075 6.906630 -346.153839
v -260.433075 11.226892 -371.794861
v -260.433075 16.460243 -397.435883
v -260.433075 18.570347 -423.076935
v -260.433075 19.001303 -448.717957
v -260.433075 17.551207 -474.358978
v -260.433075 15.241773 -500.000000
v -252.165359 27.668045 500.000000
v -252.165359 21.916271 474.358978
v -252.165359 19.621475 448.717957
v -252.165359 17.525000 423.076935
v -252.165359 13.158594 397.435883
v -252.165359 9.793269 371.794861
v -252.165359 9.970543 346.153839
v -252.165359 9.801753 320.512817
v -252.165359 10.333337 294.871796
v -252.165359 7.026637 269.230774
v -252.165359 7.253170 243.589737
v -252.165359 7.357321 217.948715
v -252.165359 7.987622 192.307693
v -252.165359 6.744617 166.666672
v -252.165359 6.113704 141.025635
v -252.165359 7.173412 115.384613
v -252.165359 6.625892 89.743591
v -252.165359 6.487954 64.102562
v -252.165359 7.186323 38.461540
v -252.165359 6.799561 12.820513
v -252.165359 6.130433 -12.820513
v -252.165359 7.583743 -38.461540
v -252.165359 6.775111 -64.102562
v -252.165359 5.882144 -89.743591
v -252.165359 6.679829 -115.384613
v -252.165359 6.600866 -141.025635
v -252.165359 5.990274 -166.666672
v -252.165359 6.364586 -192.307693
v -252.165359 5.650340 -217.948715
v -252.165359 5.566378 -243.589737
v -252.165359 6.094730 -269.230774
v -252.165359 4.842205 -294.871796
v -252.165359 4.641480 -320.512817
v -252.165359 7.406231 -346.153839
v -252.165359 12.461919 -371.794861
v -252.165359 16.290884 -397.435883
v -252.165359 17.199936 -423.076935
v -252.165359 16.252056 -448.717957
v -252.165359 14.612987 -474.358978
v -252.165359 13.039392 -500.000000
v -243.897644 26.129139 500.000000
v -243.897644 19.780054 474.358978
v -243.897644 17.963055 448.717957
v -243.897644 16.870213 423.076935
v -243.897644 13.118646 397.435883
v -243.897644 9.118455 371.794861
v -243.897644 9.140452 346.153839
v -243.897644 9.103077 320.512817
v -243.897644 8.921499 294.871796
v -243.897644 7.962602 269.230774
v -243.897644 7.125372 243.589737
v -243.897644 7.124324 217.948715
v -243.897644 6.468228 192.307693
v -243.897644 7.547640 166.666672
v -243.897644 6.662898 141.025635
v -243.897644 8.366748 115.384613
v -243.897644 6.448444 89.743591
v -243.897644 6.198572 64.102562
v -243.897644 6.693148 38.461540
v -243.897644 6.806828 12.820513
v -243.897644 7.184558 -12.820513
v -243.897644 5.762751 -38.461540
v -243.897644 5.680538 -64.102562
v -243.897644 6.117701 -89.743591
v -243.897644 5.209609 -115.384613
v -243.897644 6.331693 -141.025635
v -243.897644 5.450532 -166.666672
v -243.897644 5.332675 -192.307693
v -243.897644 6.847537 -217.948715
v -243.897644 4.860373 -243.589737
v -243.897644 6.039825 -269.230774
v -243.897644 4.556877 -294.871796
v -243.897644 4.731623 -320.512817
v -243.897644 7.819781 -346.153839
v -243.897644 12.400218 -371.794861
v -243.897644 15.574434 -397.435883
v -243.897644 14.888824 -423.076935
v -243.897644 12.751172 -448.717957
v -243.897644 11.173802 -474.358978
v -243.897644 10.515118 -500.000000
v -235.629929 23.938208 500.000000
v -235.629929 17.080660 474.358978
v -235.629929 15.922765 448.717957
v -235.629929 16.019194 423.076935
v -235.629929 12.839298 397.435883
v -235.629929 8.997979 371.794861
v -235.629929 8.773075 346.153839
v -235.629929 8.890811 320.512817
v -235.629929 7.496173 294.871796
v -235.629929 7.655661 269.230774
v -235.629929 6.846506 243.589737
v -235.629929 5.641249 217.948715
v -235.629929 6.943957 192.307693
v -235.629929 6.973697 166.666672
v -235.629929 5.957482 141.025635
v -235.629929 5.465388 115.384613
v -235.629929 6.490083 89.743591
v -235.629929 6.191087 64.102562
v -235.629929 5.822403 38.461540
v -235.629929 4.839853 12.820513
v -235.629929 5.112220 -12.820513
v -235.629929 7.667342 -38.461540
v -235.629929 5.803111 -64.102562
v -235.629929 5.459286 -89.743591
v -235.629929 6.019533 -115.384613
v -235.629929 3.526352 -141.025635
v -235.629929 5.083358 -166.666672
v -235.629929 6.721170 -192.307693
v -235.629929 5.931629 -217.948715
v -235.629929 5.258161 -243.589737
v -235.629929 5.155601 -269.230774
v -235.629929 4.288450 -294.871796
v -235.629929 5.625443 -320.512817
v -235.629929 8.383375 -346.153839
v -235.629929 12.970961 -371.794861
v -235.629929 13.829638 -397.435883
v -235.629929 11.877774 -423.076935
v -235.629929 8.668117 -448.717957
v -235.629929 7.456211 -474.358978
v -235.629929 7.885055 -500.000000
v -227.362198 21.257526 500.000000
v -227.362198 13.992566 474.358978
v -227.362198 13.582563 448.717957
v -227.362198 14.816569 423.076935
v -227.362198 12.129009 397.435883
v -227.362198 7.802300 371.794861
v -227.362198 7.781187 346.153839
v -227.362198 7.745625 320.512817
v -227.362198 8.425384 294.871796
v -227.362198 8.092944 269.230774
v -227.362198 7.317310 243.589737
v -227.362198 5.888150 217.948715
v -227.362198 6.375776 192.307693
v -227.362198 5.410168 166.666672
v -227.362198 6.108269 141.025635
v -227.362198 4.706885 115.384613
v -227.362198 6.688851 89.743591
v -227.362198 6.741066 64.102562
v -227.362198 6.041349 38.461540
v -227.362198 6.769805 12.820513
v -227.362198 4.475029 -12.820513
v -227.362198 7.830120 -38.461540
v -227.362198 6.760912 -64.102562
v -227.362198 5.018914 -89.743591
v -227.362198 4.825672 -115.384613
v -227.362198 6.528116 -141.025635
v -227.362198 5.045723 -166.666672
v -227.362198 4.009013 -192.307693
v -227.362198 5.757305 -217.948715
v -227.362198 5.811252 -243.589737
v -227.362198 4.468116 -269.230774
v -227.362198 3.387647 -294.871796
v -227.362198 5.258192 -320.512817
v -227.362198 9.155948 -346.153839
v -227.362198 12.631242 -371.794861
v -227.362198 11.971680 -397.435883
v -227.362198 8.172030 -423.076935
v -227.362198 4.337198 -448.717957
v -227.362198 3.826982 -474.358978
v -227.362198 5.457307 -500.000000
v -219.094482 18.351614 500.000000
v -219.094482 10.777454 474.358978
v -219.094482 11.063366 448.717957
v -219.094482 13.404799 423.076935
v -219.094482 11.584812 397.435883
v -219.094482 6.931108 371.794861
v -219.094482 5.875340 346.153839
v -219.094482 8.074734 320.512817
v -219.094482 6.610781 294.871796
v -219.094482 6.473489 269.230774
v -219.094482 6.073316 243.589737
v -219.094482 6.030254 217.948715
v -219.094482 6.079406 192.307693
v -219.094482 7.388159 166.666672
v -219.094482 5.414088 141.025635
v -219.094482 6.569960 115.384613
v -219.094482 6.510011 89.743591
v -219.094482 7.445205 64.102562
v -219.094482 3.064069 38.461540
v -219.094482 4.835347 12.820513
v -219.094482 4.119573 -12.820513
v -219.094482 6.704220 -38.461540
v -219.094482 4.853833 -64.102562
v -219.094482 6.545542 -89.743591
v -219.094482 4.743924 -115.384613
v -219.094482 6.370397 -141.025635
v -219.094482 6.286046 -166.666672
v -219.094482 2.918775 -192.307693
v -219.094482 4.479414 -217.948715
v -219.094482 4.903595 -243.589737
v -219.094482 4.010231 -269.230774
v -219.094482 4.518535 -294.871796
v -219.094482 5.387359 -320.512817
v -219.094482 8.812399 -346.153839
v -219.094482 12.290437 -371.794861
v -219.094482 9.384350 -397.435883
v -219.094482 4.489705 -423.076935
v -219.094482 0.262995 -448.717957
v -219.094482 0.708620 -474.358978
v -219.094482 3.566555 -500.000000
v -210.826767 15.497137 500.000000
v -210.826767 7.686675 474.358978
v -210.826767 8.429490 448.717957
v -210.826767 11.638446 423.076935
v -210.826767 10.220434 397.435883
v -210.826767 5.604448 371.794861
v -210.826767 5.891869 346.153839
v -210.826767 6.023959 320.512817
v -210.826767 7.699468 294.871796
v -210.826767 6.500437 269.230774
v -210.826767 5.498239 243.589737
v -210.826767 6.731480 217.948715
v -210.826767 5.156232 192.307693
v -210.826767 6.464559 166.666672
v -210.826767 4.500413 141.025635
v -210.826767 5.412573 115.384613
v -210.826767 5.235897 89.743591
v -210.826767 4.206251 64.102562
v -210.826767 5.882606 38.461540
v -210.826767 4.592672 12.820513
v -210.826767 5.273440 -12.820513
v -210.826767 6.689750 -38.461540
v -210.826767 4.243468 -64.102562
v -210.826767 4.532734 -89.743591
v -210.826767 5.477563 -115.384613
v -210.826767 6.984344 -141.025635
v -210.826767 5.176945 -166.666672
v -210.826767 6.084843 -192.307693
v -210.826767 3.827211 -217.948715
v -210.826767 2.862033 -243.589737
v -210.826767 3.969037 -269.230774
v -210.826767 4.440855 -294.871796
v -210.826767 4.933940 -320.512817
v -210.826767 9.327015 -346.153839
v -210.826767 11.622207 -371.794861
v -210.826767 6.914210 -397.435883
v -210.826767 0.986582 -423.076935
v -210.826767 -3.130180 -448.717957
v -210.826767 -1.509238 -474.358978
v -210.826767 2.544729 -500.000000
v -202.559052 13.117885 500.000000
v -202.559052 5.126214 474.358978
v -202.559052 5.978261 448.717957
v -202.559052 9.398127 423.076935
v -202.559052 8.571485 397.435883
v -202.559052 4.591263 371.794861
v -202.559052 4.271712 346.153839
v -202.559052 5.109923 320.512817
v -202.559052 5.002278 294.871796
v -202.559052 4.934168 269.230774
v -202.559052 6.395858 243.589737
v -202.559052 6.541607 217.948715
v -202.559052 6.562997 192.307693
v -202.559052 5.361753 166.666672
v -202.559052 6.079105 141.025635
v -202.559052 3.340273 115.384613
v -202.559052 4.862469 89.743591
v -202.559052 5.791073 64.102562
v -202.559052 3.729495 38.461540
v -202.559052 4.790038 12.820513
v -202.559052 4.706036 -12.820513
v -202.559052 4.385667 -38.461540
v -202.559052 4.291601 -64.102562
v -202.559052 4.307224 -89.743591
v -202.559052 5.108888 -115.384613
v -202.559052 4.634671 -141.025635
v -202.559052 3.197831 -166.666672
v -202.559052 3.393592 -192.307693
v -202.559052 4.729601 -217.948715
v -202.559052 4.996108 -243.589737
v -202.559052 2.143283 -269.230774
v -202.559052 4.277819 -294.871796
v -202.559052 4.698308 -320.512817
v -202.559052 9.018782 -346.153839
v -202.559052 10.053541 -371.794861
v -202.559052 4.949811 -397.435883
v -202.559052 -1.712713 -423.076935
v -202.559052 -5.245006 -448.717957
v -202.559052 -2.283580 -474.358978
v -202.559052 2.803907 -500.000000
v -194.291336 11.461839 500.000000
v -194.291336 3.413498 474.358978
v -194.291336 3.910403 448.717957
v -194.291336 7.108497 423.076935
v -194.291336 6.218260 397.435883
v -194.291336 2.576522 371.794861
v -194.291336 2.530795 346.153839
v -194.291336 3.967585 320.512817
v -194.291336 5.593937 294.871796
v -194.291336 6.804299 269.230774
v -194.291336 6.622892 243.589737
v -194.291336 5.599648 217.948715
v -194.291336 6.960932 192.307693
v -194.291336 5.062133 166.666672
v -194.291336 4.159481 141.025635
v -194.291336 5.141039 115.384613
v -194.291336 5.606886 89.743591
v -194.291336 5.434182 64.102562
v -194.291336 4.418719 38.461540
v -194.291336 5.223010 12.820513
v -194.291336 4.654956 -12.820513
v -194.291336 3.911506 -38.461540
v -194.291336 4.445839 -64.102562
v -194.291336 3.717980 -89.743591
v -194.291336 3.881215 -115.384613
v -194.291336 3.896794 -141.025635
v -194.291336 4.576325 -166.666672
v -194.291336 3.125610 -192.307693
v -194.291336 6.085453 -217.948715
v -194.291336 4.515756 -243.589737
v -194.291336 3.836460 -269.230774
v -194.291336 2.227539 -294.871796
v -194.291336 3.883835 -320.512817
v -194.291336 7.927423 -346.153839
v -194.291336 9.193790 -371.794861
v -194.291336 3.101211 -397.435883
v -194.291336 -3.103673 -423.076935
v -194.291336 -5.724966 -448.717957
v -194.291336 -1.629755 -474.358978
v -194.291336 4.059774 -500.000000
v -186.023621 10.060351 500.000000
v -186.023621 2.359923 474.358978
v -186.023621 2.388790 448.717957
v -186.023621 5.174225 423.076935
v -186.023621 4.452823 397.435883
v -186.023621 1.528950 371.794861
v -186.023621 1.800682 346.153839
v -186.023621 4.268393 320.512817
v -186.023621 4.850532 294.871796
v -186.023621 5.855020 269.230774
v -186.023621 5.192560 243.589737
v -186.023621 3.441840 217.948715
v -186.023621 5.490618 192.307693
v -186.023621 4.891998 166.666672
v -186.023621 6.469843 141.025635
v -186.023621 5.121324 115.384613
v -186.023621 4.409367 89.743591
v -186.023621 5.209852 64.102562
v -186.023621 4.124783 38.461540
v -186.023621 4.935213 12.820513
v -186.023621 4.811767 -12.820513
v -186.023621 6.243814 -38.461540
v -186.023621 2.786475 -64.102562
v -186.023621 4.048910 -89.743591
v -186.023621 6.101833 -115.384613
v -186.023621 3.877684 -141.025635
v -186.023621 3.473013 -166.666672
v -186.023621 2.754571 -192.307693
v -186.023621 2.900632 -217.948715
v -186.023621 3.441320 -243.589737
v -186.023621 2.061351 -269.230774
v -186.023621 3.851285 -294.871796
v -186.023621 3.925359 -320.512817
v -186.023621 7.301008 -346.153839
v -186.023621 8.032835 -371.794861
v -186.023621 2.248435 -397.435883
v -186.023621 -3.482167 -423.076935
v -186.023621 -5.323444 -448.717957
v -186.023621 -0.855323 -474.358978
v -186.023621 4.615530 -500.000000
v -177.755905 8.845901 500.000000
v -177.755905 1.856484 474.358978
v -177.755905 1.429728 448.717957
v -177.755905 3.622793 423.076935
v -177.755905 3.243158 397.435883
v -177.755905 1.106840 371.794861
v -177.755905 1.619453 346.153839
v -177.755905 3.327091 320.512817
v -177.755905 4.435407 294.871796
v -177.755905 4.732865 269.230774
v -177.755905 5.348491 243.589737
v -177.755905 5.377716 217.948715
v -177.755905 6.412585 192.307693
v -177.755905 4.716195 166.666672
v -177.755905 3.499279 141.025635
v -177.755905 5.040327 115.384613
v -177.755905 4.121730 89.743591
v -177.755905 3.981440 64.102562
v -177.755905 5.973355 38.461540
v -177.755905 4.580253 12.820513
v -177.755905 4.069588 -12.820513
v -177.755905 4.223193 -38.461540
v -177.755905 5.207978 -64.102562
v -177.755905 3.501178 -89.743591
v -177.755905 1.661161 -115.384613
v -177.755905 3.240350 -141.025635
v -177.755905 3.250565 -166.666672
v -177.755905 3.116050 -192.307693
v -177.755905 3.892434 -217.948715
v -177.755905 4.544864 -243.589737
v -177.755905 3.291657 -269.230774
v -177.755905 3.426502 -294.871796
v -177.755905 3.090433 -320.512817
v -177.755905 5.908362 -346.153839
v -177.755905 6.670703 -371.794861
v -177.755905 1.915397 -397.435883
v -177.755905 -3.139526 -423.076935
v -177.755905 -4.304959 -448.717957
v -177.755905 -0.076344 -474.358978
v -177.755905 4.477170 -500.000000
v -169.488190 7.782738 500.000000
v -169.488190 1.788650 474.358978
v -169.488190 0.913983 448.717957
v -169.488190 2.515775 423.076935
v -169.488190 2.372554 397.435883
v -169.488190 1.493821 371.794861
v -169.488190 2.324716 346.153839
v -169.488190 2.803329 320.512817
v -169.488190 4.540678 294.871796
v -169.488190 5.791426 269.230774
v -169.488190 4.506437 243.589737
v -169.488190 3.642908 217.948715
v -169.488190 5.948982 192.307693
v -169.488190 5.352114 166.666672
v -169.488190 3.484728 141.025635
v -169.488190 3.173236 115.384613
v -169.488190 5.689625 89.743591
v -169.488190 4.075800 64.102562
v -169.488190 4.486930 38.461540
v -169.488190 4.334075 12.820513
v -169.488190 3.379571 -12.820513
v -169.488190 1.049375 -38.461540
v -169.488190 3.140493 -64.102562
v -169.488190 4.021116 -89.743591
v -169.488190 2.852763 -115.384613
v -169.488190 1.996847 -141.025635
v -169.488190 3.831527 -166.666672
v -169.488190 3.727586 -192.307693
v -169.488190 5.324132 -217.948715
v -169.488190 3.053851 -243.589737
v -169.488190 2.806466 -269.230774
v -169.488190 0.459655 -294.871796
v -169.488190 2.650846 -320.512817
v -169.488190 4.690800 -346.153839
v -169.488190 5.289020 -371.794861
v -169.488190 1.680161 -397.435883
v -169.488190 -2.330930 -423.076935
v -169.488190 -2.815301 -448.717957
v -169.488190 0.692413 -474.358978
v -169.488190 3.818958 -500.000000
v -161.220474 6.832315 500.000000
v -161.220474 2.062417 474.358978
v -161.220474 0.783007 448.717957
v -161.220474 1.680151 423.076935
v -161.220474 1.875983 397.435883
v -161.220474 2.087855 371.794861
v -161.220474 2.091496 346.153839
v -161.220474 2.974828 320.512817
v -161.220474 4.196181 294.871796
v -161.220474 3.447037 269.230774
v -161.220474 5.058857 243.589737
v -161.220474 5.189400 217.948715
v -161.220474 3.152515 192.307693
v -161.220474 3.953602 166.666672
v -161.220474 3.821796 141.025635
v -161.220474 5.538189 115.384613
v -161.220474 4.424241 89.743591
v -161.220474 2.878785 64.102562
v -161.220474 3.518682 38.461540
v -161.220474 5.599369 12.820513
v -161.220474 3.024547 -12.820513
v -161.220474 2.921129 -38.461540
v -161.220474 2.858507 -64.102562
v -161.220474 2.596930 -89.743591
v -161.220474 1.277123 -115.384613
v -161.220474 2.658067 -141.025635
v -161.220474 1.683526 -166.666672
v -161.220474 3.408749 -192.307693
v -161.220474 5.134024 -217.948715
v -161.220474 1.971308 -243.589737
v -161.220474 1.982070 -269.230774
v -161.220474 1.583174 -294.871796
v -161.220474 1.591998 -320.512817
v -161.220474 2.927431 -346.153839
v -161.220474 4.276266 -371.794861
v -161.220474 1.526151 -397.435883
v -161.220474 -1.132075 -423.076935
v -161.220474 -0.927505 -448.717957
v -161.220474 1.491242 -474.358978
v -161.220474 2.806360 -500.000000
v -152.952759 5.962609 500.000000
v -152.952759 2.564650 474.358978
v -152.952759 0.950251 448.717957
v -152.952759 1.233915 423.076935
v -152.952759 1.683710 397.435883
v -152.952759 2.450973 371.794861
v -152.952759 4.226525 346.153839
v -152.952759 3.833676 320.512817
v -152.952759 3.434136 294.871796
v -152.952759 3.849759 269.230774
v -152.952759 4.318749 243.589737
v -152.952759 1.753585 217.948715
v -152.952759 3.302539 192.307693
v -152.952759 4.517935 166.666672
v -152.952759 4.402321 141.025635
v -152.952759 1.938465 115.384613
v -152.952759 3.450186 89.743591
v -152.952759 3.106070 64.102562
v -152.952759 5.248831 38.461540
v -152.952759 1.952311 12.820513
v -152.952759 4.032925 -12.820513
v -152.952759 3.687925 -38.461540
v -152.952759 4.409250 -64.102562
v -152.952759 3.646123 -89.743591
v -152.952759 4.273894 -115.384613
v -152.952759 3.309448 -141.025635
v -152.952759 4.822104 -166.666672
v -152.952759 1.755224 -192.307693
v -152.952759 1.960407 -217.948715
v -152.952759 2.206346 -243.589737
v -152.952759 2.599797 -269.230774
v -152.952759 0.418182 -294.871796
v -152.952759 1.021359 -320.512817
v -152.952759 1.718071 -346.153839
v -152.952759 2.265473 -371.794861
v -152.952759 1.407655 -397.435883
v -152.952759 0.421214 -423.076935
v -152.952759 1.153641 -448.717957
v -152.952759 2.311442 -474.358978
v -152.952759 1.612055 -500.000000
v -144.685043 5.141150 500.000000
v -144.685043 3.164224 474.358978
v -144.685043 1.269501 448.717957
v -144.685043 0.993122 423.076935
v -144.685043 1.770669 397.435883
v -144.685043 3.795389 371.794861
v -144.685043 4.152050 346.153839
v -144.685043 3.991642 320.512817
v -144.685043 5.758454 294.871796
v -144.685043 3.633339 269.230774
v -144.685043 3.667598 243.589737
v -144.685043 4.482827 217.948715
v -144.685043 5.138238 192.307693
v -144.685043 3.514260 166.666672
v -144.685043 1.383936 141.025635
v -144.685043 3.197683 115.384613
v -144.685043 3.267768 89.743591
v -144.685043 2.603992 64.102562
v -144.685043 1.787934 38.461540
v -144.685043 3.566710 12.820513
v -144.685043 3.108320 -12.820513
v -144.685043 3.189176 -38.461540
v -144.685043 1.268664 -64.102562
v -144.685043 2.221193 -89.743591
v -144.685043 1.086568 -115.384613
v -144.685043 2.089047 -141.025635
v -144.685043 1.967852 -166.666672
v -144.685043 1.619974 -192.307693
v -144.685043 1.725273 -217.948715
v -144.685043 3.186313 -243.589737
v -144.685043 1.946395 -269.230774
v -144.685043 0.878011 -294.871796
v -144.685043 -0.627004 -320.512817
v -144.685043 -0.052837 -346.153839
v -144.685043 0.743164 -371.794861
v -144.685043 1.462255 -397.435883
v -144.685043 1.841250 -423.076935
v -144.685043 3.229405 -448.717957
v -144.685043 3.155094 -474.358978
v -144.685043 0.422791 -500.000000
v -136.417328 4.335916 500.000000
v -136.417328 3.773557 474.358978
v -136.417328 1.695460 448.717957
v -136.417328 0.804508 423.076935
v -136.417328 1.883368 397.435883
v -136.417328 4.166139 371.794861
v -136.417328 4.806968 346.153839
v -136.417328 4.062091 320.512817
v -136.417328 4.363540 294.871796
v -136.417328 3.244398 269.230774
v -136.417328 3.904401 243.589737
v -136.417328 3.568348 217.948715
v -136.417328 2.582264 192.307693
v -136.417328 3.075479 166.666672
v -136.417328 1.391161 141.025635
v -136.417328 1.856218 115.384613
v -136.417328 1.683717 89.743591
v -136.417328 3.451245 64.102562
v -136.417328 3.755298 38.461540
v -136.417328 2.808686 12.820513
v -136.417328 2.939469 -12.820513
v -136.417328 2.803271 -38.461540
v -136.417328 2.308577 -64.102562
v -136.417328 1.909102 -89.743591
v -136.417328 0.355438 -115.384613
v -136.417328 2.544952 -141.025635
v -136.417328 1.778148 -166.666672
v -136.417328 1.292939 -192.307693
v -136.417328 1.166087 -217.948715
v -136.417328 1.534558 -243.589737
v -136.417328 1.230119 -269.230774
v -136.417328 2.332355 -294.871796
v -136.417328 -0.616903 -320.512817
v -136.417328 -1.043069 -346.153839
v -136.417328 -0.541990 -371.794861
v -136.417328 1.396901 -397.435883
v -136.417328 3.273957 -423.076935
v -136.417328 5.343102 -448.717957
v -136.417328 4.064670 -474.358978
v -136.417328 -0.607210 -500.000000
v -128.149612 3.516874 500.000000
v -128.149612 4.264338 474.358978
v -128.149612 2.090631 448.717957
v -128.149612 0.745059 423.076935
v -128.149612 2.107950 397.435883
v -128.149612 5.177998 371.794861
v -128.149612 6.287731 346.153839
v -128.149612 4.160526 320.512817
v -128.149612 3.714004 294.871796
v -128.149612 3.704111 269.230774
v -128.149612 4.431165 243.589737
v -128.149612 5.636012 217.948715
v -128.149612 2.889825 192.307693
v -128.149612 3.323429 166.666672
v -128.149612 2.613120 141.025635
v -128.149612 2.538634 115.384613
v -128.149612 4.160237 89.743591
v -128.149612 2.224380 64.102562
v -128.149612 2.838112 38.461540
v -128.149612 1.195821 12.820513
v -128.149612 3.384997 -12.820513
v -128.149612 1.021004 -38.461540
v -128.149612 3.271890 -64.102562
v -128.149612 2.171868 -89.743591
v -128.149612 2.692959 -115.384613
v -128.149612 1.201996 -141.025635
v -128.149612 0.886005 -166.666672
v -128.149612 1.261654 -192.307693
v -128.149612 2.279941 -217.948715
v -128.149612 0.785118 -243.589737
v -128.149612 1.867947 -269.230774
v -128.149612 0.376691 -294.871796
v -128.149612 0.184713 -320.512817
v -128.149612 -1.332091 -346.153839
v -128.149612 -1.147193 -371.794861
v -128.149612 1.275814 -397.435883
v -128.149612 3.916146 -423.076935
v -128.149612 6.812095 -448.717957
v -128.149612 5.049031 -474.358978
v -128.149612 -1.286757 -500.000000
v -119.881889 2.658426 500.000000
v -119.881889 4.505936 474.358978
v -119.881889 2.249760 448.717957
v -119.881889 0.567183 423.076935
v -119.881889 2.029354 397.435883
v -119.881889 6.066893 371.794861
v -119.881889 6.656455 346.153839
v -119.881889 4.680796 320.512817
v -119.881889 3.445328 294.871796
v -119.881889 2.087909 269.230774
v -119.881889 4.047880 243.589737
v -119.881889 3.249051 217.948715
v -119.881889 4.386457 192.307693
v -119.881889 3.385637 166.666672
v -119.881889 4.203254 141.025635
v -119.881889 1.921834 115.384613
v -119.881889 2.055019 89.743591
v -119.881889 1.232726 64.102562
v -119.881889 1.219929 38.461540
v -119.881889 2.257579 12.820513
v -119.881889 2.112053 -12.820513
v -119.881889 0.419521 -38.461540
v -119.881889 1.351972 -64.102562
v -119.881889 1.293843 -89.743591
v -119.881889 0.811566 -115.384613
v -119.881889 1.692437 -141.025635
v -119.881889 1.336998 -166.666672
v -119.881889 1.141625 -192.307693
v -119.881889 1.207387 -217.948715
v -119.881889 0.971655 -243.589737
v -119.881889 1.441380 -269.230774
v -119.881889 0.823262 -294.871796
v -119.881889 -0.187359 -320.512817
v -119.881889 -1.420940 -346.153839
v -119.881889 -1.366476 -371.794861
v -119.881889 0.895220 -397.435883
v -119.881889 3.860059 -423.076935
v -119.881889 6.991740 -448.717957
v -119.881889 5.317465 -474.358978
v -119.881889 -1.364793 -500.000000
v -111.614174 1.727752 500.000000
v -111.614174 4.390990 474.358978
v -111.614174 2.078976 448.717957
v -111.614174 0.179445 423.076935
v -111.614174 1.830918 397.435883
v -111.614174 6.544601 371.794861
v -111.614174 7.077032 346.153839
v -111.614174 4.180718 320.512817
v -111.614174 2.492477 294.871796
v -111.614174 3.825499 269.230774
v -111.614174 2.458292 243.589737
v -111.614174 2.380333 217.948715
v -111.614174 2.458548 192.307693
v -111.614174 2.148193 166.666672
v -111.614174 1.306096 141.025635
v -111.614174 2.604710 115.384613
v -111.614174 1.892665 89.743591
v -111.614174 1.674924 64.102562
v -111.614174 2.914908 38.461540
v -111.614174 1.505850 12.820513
v -111.614174 1.238224 -12.820513
v -111.614174 1.356413 -38.461540
v -111.614174 2.073075 -64.102562
v -111.614174 1.037677 -89.743591
v -111.614174 2.076686 -115.384613
v -111.614174 0.987193 -141.025635
v -111.614174 0.959713 -166.666672
v -111.614174 1.650224 -192.307693
v -111.614174 1.105378 -217.948715
v -111.614174 0.626731 -243.589737
v -111.614174 1.113218 -269.230774
v -111.614174 0.393232 -294.871796
v -111.614174 -0.102077 -320.512817
v -111.614174 -1.328644 -346.153839
v -111.614174 -1.442603 -371.794861
v -111.614174 0.515089 -397.435883
v -111.614174 3.334665 -423.076935
v -111.614174 6.596813 -448.717957
v -111.614174 5.319681 -474.358978
v -111.614174 -0.769920 -500.000000
v -103.346458 0.700520 500.000000
v -103.346458 3.782848 474.358978
v -103.346458 1.438708 448.717957
v -103.346458 -0.621640 423.076935
v -103.346458 1.196780 397.435883
v -103.346458 5.856899 371.794861
v -103.346458 6.745811 346.153839
v -103.346458 5.226128 320.512817
v -103.346458 2.975733 294.871796
v -103.346458 2.169545 269.230774
v -103.346458 2.843234 243.589737
v -103.346458 2.660984 217.948715
v -103.346458 1.229453 192.307693
v -103.346458 2.570174 166.666672
v -103.346458 2.995386 141.025635
v -103.346458 1.556094 115.384613
v -103.346458 1.107574 89.743591
v -103.346458 1.828941 64.102562
v -103.346458 1.202289 38.461540
v -103.346458 1.109147 12.820513
v -103.346458 1.875954 -12.820513
v -103.346458 0.494323 -38.461540
v -103.346458 0.653904 -64.102562
v -103.346458 1.216872 -89.743591
v -103.346458 1.190848 -115.384613
v -103.346458 1.448511 -141.025635
v -103.346458 1.092565 -166.666672
v -103.346458 1.018844 -192.307693
v -103.346458 1.614973 -217.948715
v -103.346458 0.427785 -243.589737
v -103.346458 0.552331 -269.230774
v -103.346458 0.614463 -294.871796
v -103.346458 0.012352 -320.512817
v -103.346458 -1.243000 -346.153839
v -103.346458 -1.514290 -371.794861
v -103.346458 -0.194953 -397.435883
v -103.346458 2.501705 -423.076935
v -103.346458 5.728419 -448.717957
v -103.346458 5.185409 -474.358978
v -103.346458 0.233096 -500.000000
v -95.078743 -0.226105 500.000000
v -95.078743 2.888839 474.358978
v -95.078743 0.476759 448.717957
v -95.078743 -1.519149 423.076935
v -95.078743 0.388661 397.435883
v -95.078743 5.158064 371.794861
v -95.078743 5.531735 346.153839
v -95.078743 3.906126 320.512817
v -95.078743 0.330386 294.871796
v -95.078743 3.723963 269.230774
v -95.078743 2.595710 243.589737
v -95.078743 3.196975 217.948715
v -95.078743 1.930024 192.307693
v -95.078743 1.442847 166.666672
v -95.078743 1.168012 141.025635
v -95.078743 0.660030 115.384613
v -95.078743 1.589181 89.743591
v -95.078743 1.370165 64.102562
v -95.078743 0.575427 38.461540
v -95.078743 1.167310 12.820513
v -95.078743 1.052406 -12.820513
v -95.078743 1.091669 -38.461540
v -95.078743 0.767222 -64.102562
v -95.078743 1.279065 -89.743591
v -95.078743 0.918402 -115.384613
v -95.078743 0.911804 -141.025635
v -95.078743 0.627932 -166.666672
v -95.078743 0.929090 -192.307693
v -95.078743 0.841761 -217.948715
v -95.078743 0.803420 -243.589737
v -95.078743 0.792839 -269.230774
v -95.078743 0.599273 -294.871796
v -95.078743 0.354886 -320.512817
v -95.078743 -0.584318 -346.153839
v -95.078743 -1.271497 -371.794861
v -95.078743 -0.632740 -397.435883
v -95.078743 1.457461 -423.076935
v -95.078743 4.540788 -448.717957
v -95.078743 4.828651 -474.358978
v -95.078743 1.309302 -500.000000
v -86.811020 -0.312639 500.000000
v -86.811020 2.842972 474.358978
v -86.811020 0.521229 448.717957
v -86.811020 -1.690033 423.076935
v -86.811020 -0.226649 397.435883
v -86.811020 4.908537 371.794861
v -86.811020 5.096041 346.153839
v -86.811020 1.872751 320.512817
v -86.811020 1.645616 294.871796
v -86.811020 1.384382 269.230774
v -86.811020 1.575783 243.589737
v -86.811020 2.695062 217.948715
v -86.811020 0.838533 192.307693
v -86.811020 1.903142 166.666672
v -86.811020 0.730673 141.025635
v -86.811020 0.869834 115.384613
v -86.811020 1.891252 89.743591
v -86.811020 1.002766 64.102562
v -86.811020 1.117238 38.461540
v -86.811020 0.389010 12.820513
v -86.811020 0.172288 -12.820513
v -86.811020 0.353562 -38.461540
v -86.811020 0.710341 -64.102562
v -86.811020 0.186356 -89.743591
v -86.811020 0.000201 -115.384613
v -86.811020 0.945101 -141.025635
v -86.811020 0.930873 -166.666672
v -86.811020 0.511659 -192.307693
v -86.811020 0.129636 -217.948715
v -86.811020 0.476028 -243.589737
v -86.811020 0.721704 -269.230774
v -86.811020 0.547951 -294.871796
v -86.811020 0.291023 -320.512817
v -86.811020 -0.646748 -346.153839
v -86.811020 -1.397305 -371.794861
v -86.811020 -1.028423 -397.435883
v -86.811020 0.456619 -423.076935
v -86.811020 3.162347 -448.717957
v -86.811020 3.988543 -474.358978
v -86.811020 1.791515 -500.000000
v -78.543304 0.245013 500.000000
v -78.543304 3.491411 474.358978
v -78.543304 1.381621 448.717957
v -78.543304 -0.980841 423.076935
v -78.543304 0.449617 397.435883
v -78.543304 3.654644 371.794861
v -78.543304 3.206951 346.153839
v -78.543304 1.624254 320.512817
v -78.543304 0.744753 294.871796
v -78.543304 1.638230 269.230774
v -78.543304 1.847817 243.589737
v -78.543304 2.765290 217.948715
v -78.543304 1.564226 192.307693
v -78.543304 1.061086 166.666672
v -78.543304 1.735437 141.025635
v -78.543304 0.539627 115.384613
v -78.543304 0.784906 89.743591
v -78.543304 0.832739 64.102562
v -78.543304 0.549667 38.461540
v -78.543304 1.020305 12.820513
v -78.543304 0.552440 -12.820513
v -78.543304 0.455640 -38.461540
v -78.543304 0.752052 -64.102562
v -78.543304 0.475539 -89.743591
v -78.543304 0.634877 -115.384613
v -78.543304 0.458899 -141.025635
v -78.543304 0.292226 -166.666672
v -78.543304 0.469400 -192.307693
v -78.543304 0.375190 -217.948715
v -78.543304 0.260648 -243.589737
v -78.543304 0.557439 -269.230774
v -78.543304 0.640570 -294.871796
v -78.543304 0.406010 -320.512817
v -78.543304 -0.361012 -346.153839
v -78.543304 -1.366843 -371.794861
v -78.543304 -1.326155 -397.435883
v -78.543304 -0.250871 -423.076935
v -78.543304 1.918216 -448.717957
v -78.543304 2.957673 -474.358978
v -78.543304 1.805625 -500.000000
v -70.275589 1.156301 500.000000
v -70.275589 4.537498 474.358978
v -70.275589 2.760226 448.717957
v -70.275589 0.214554 423.076935
v -70.275589 0.789237 397.435883
v -70.275589 3.389701 371.794861
v -70.275589 3.283674 346.153839
v -70.275589 1.459297 320.512817
v -70.275589 1.016340 294.871796
v -70.275589 1.008348 269.230774
v -70.275589 1.067404 243.589737
v -70.275589 0.675052 217.948715
v -70.275589 0.585660 192.307693
v -70.275589 0.491347 166.666672
v -70.275589 1.192262 141.025635
v -70.275589 1.208167 115.384613
v -70.275589 0.652517 89.743591
v -70.275589 0.345354 64.102562
v -70.275589 0.741430 38.461540
v -70.275589 0.487194 12.820513
v -70.275589 0.304522 -12.820513
v -70.275589 0.717309 -38.461540
v -70.275589 0.685073 -64.102562
v -70.275589 0.564215 -89.743591
v -70.275589 0.655726 -115.384613
v -70.275589 0.595563 -141.025635
v -70.275589 0.234633 -166.666672
v -70.275589 0.296587 -192.307693
v -70.275589 0.217834 -217.948715
v -70.275589 0.456594 -243.589737
v -70.275589 0.359003 -269.230774
v -70.275589 0.491148 -294.871796
v -70.275589 0.510379 -320.512817
v -70.275589 -0.126635 -346.153839
v -70.275589 -1.136199 -371.794861
v -70.275589 -1.444056 -397.435883
v -70.275589 -0.702087 -423.076935
v -70.275589 0.954027 -448.717957
v -70.275589 1.975231 -474.358978
v -70.275589 1.552618 -500.000000
v -62.007874 2.214181 500.000000
v -62.007874 5.770386 474.358978
v -62.007874 4.419718 448.717957
v -62.007874 1.708970 423.076935
v -62.007874 1.549249 397.435883
v -62.007874 3.334419 371.794861
v -62.007874 2.289598 346.153839
v -62.007874 0.621468 320.512817
v -62.007874 -0.079682 294.871796
v -62.007874 0.910737 269.230774
v -62.007874 1.381549 243.589737
v -62.007874 0.484951 217.948715
v -62.007874 1.449625 192.307693
v -62.007874 0.773803 166.666672
v -62.007874 0.950454 141.025635
v -62.007874 0.570973 115.384613
v -62.007874 0.622889 89.743591
v -62.007874 0.473875 64.102562
v -62.007874 0.878628 38.461540
v -62.007874 0.398568 12.820513
v -62.007874 0.237174 -12.820513
v -62.007874 0.519943 -38.461540
v -62.007874 0.668168 -64.102562
v -62.007874 0.234882 -89.743591
v -62.007874 0.678030 -115.384613
v -62.007874 0.335079 -141.025635
v -62.007874 0.488583 -166.666672
v -62.007874 0.512041 -192.307693
v -62.007874 0.401713 -217.948715
v -62.007874 0.239294 -243.589737
v -62.007874 0.333808 -269.230774
v -62.007874 0.564911 -294.871796
v -62.007874 0.502709 -320.512817
v -62.007874 -0.149622 -346.153839
v -62.007874 -1.051510 -371.794861
v -62.007874 -1.428183 -397.435883
v -62.007874 -0.919856 -423.076935
v -62.007874 0.277850 -448.717957
v -62.007874 1.149286 -474.358978
v -62.007874 1.190151 -500.000000
v -53.740158 3.210331 500.000000
v -53.740158 6.571310 474.358978
v -53.740158 5.331213 448.717957
v -53.740158 2.712020 423.076935
v -53.740158 1.980765 397.435883
v -53.740158 2.496421 371.794861
v -53.740158 1.649624 346.153839
v -53.740158 0.998113 320.512817
v -53.740158 0.343846 294.871796
v -53.740158 0.678895 269.230774
v -53.740158 0.758349 243.589737
v -53.740158 0.421351 217.948715
v -53.740158 0.465402 192.307693
v -53.740158 0.781976 166.666672
v -53.740158 0.712537 141.025635
v -53.740158 0.490853 115.384613
v -53.740158 0.436250 89.743591
v -53.740158 0.516843 64.102562
v -53.740158 0.709571 38.461540
v -53.740158 0.349879 12.820513
v -53.740158 0.503364 -12.820513
v -53.740158 0.312883 -38.461540
v -53.740158 0.362195 -64.102562
v -53.740158 0.449565 -89.743591
v -53.740158 0.401605 -115.384613
v -53.740158 0.073363 -141.025635
v -53.740158 0.382231 -166.666672
v -53.740158 0.524621 -192.307693
v -53.740158 0.277098 -217.948715
v -53.740158 0.400236 -243.589737
v -53.740158 0.248611 -269.230774
v -53.740158 0.482578 -294.871796
v -53.740158 0.479625 -320.512817
v -53.740158 -0.083696 -346.153839
v -53.740158 -1.025084 -371.794861
v -53.740158 -1.379545 -397.435883
v -53.740158 -0.995097 -423.076935
v -53.740158 -0.159255 -448.717957
v -53.740158 0.518140 -474.358978
v -53.740158 0.820869 -500.000000
v -45.472443 3.429887 500.000000
v -45.472443 6.338337 474.358978
v -45.472443 5.600365 448.717957
v -45.472443 3.174907 423.076935
v -45.472443 1.849933 397.435883
v -45.472443 2.018031 371.794861
v -45.472443 1.394650 346.153839
v -45.472443 0.440647 320.512817
v -45.472443 0.894432 294.871796
v -45.472443 0.531376 269.230774
v -45.472443 0.834120 243.589737
v -45.472443 0.830294 217.948715
v -45.472443 0.506504 192.307693
v -45.472443 0.664029 166.666672
v -45.472443 0.223025 141.025635
v -45.472443 0.256228 115.384613
v -45.472443 0.377816 89.743591
v -45.472443 0.512817 64.102562
v -45.472443 0.640449 38.461540
v -45.472443 0.440274 12.820513
v -45.472443 0.399697 -12.820513
v -45.472443 0.624381 -38.461540
v -45.472443 0.228667 -64.102562
v -45.472443 0.410974 -89.743591
v -45.472443 0.712294 -115.384613
v -45.472443 0.531072 -141.025635
v -45.472443 0.392644 -166.666672
v -45.472443 0.232145 -192.307693
v -45.472443 0.216371 -217.948715
v -45.472443 0.329226 -243.589737
v -45.472443 0.271853 -269.230774
v -45.472443 0.722233 -294.871796
v -45.472443 0.583565 -320.512817
v -45.472443 -0.113375 -346.153839
v -45.472443 -1.025497 -371.794861
v -45.472443 -1.337001 -397.435883
v -45.472443 -1.001557 -423.076935
v -45.472443 -0.433231 -448.717957
v -45.472443 0.059290 -474.358978
v -45.472443 0.502405 -500.000000
v -37.204723 3.144616 500.000000
v -37.204723 5.696053 474.358978
v -37.204723 5.357722 448.717957
v -37.204723 3.212940 423.076935
v -37.204723 1.784325 397.435883
v -37.204723 1.348030 371.794861
v -37.204723 0.687129 346.153839
v -37.204723 0.371099 320.512817
v -37.204723 -0.150737 294.871796
v -37.204723 1.030768 269.230774
v -37.204723 0.571847 243.589737
v -37.204723 0.270079 217.948715
v -37.204723 0.594302 192.307693
v -37.204723 0.239325 166.666672
v -37.204723 0.450954 141.025635
v -37.204723 0.355233 115.384613
v -37.204723 0.461800 89.743591
v -37.204723 0.485058 64.102562
v -37.204723 0.370098 38.461540
v -37.204723 0.549856 12.820513
v -37.204723 0.301729 -12.820513
v -37.204723 0.144542 -38.461540
v -37.204723 0.607746 -64.102562
v -37.204723 0.521607 -89.743591
v -37.204723 0.648413 -115.384613
v -37.204723 0.619364 -141.025635
v -37.204723 0.840221 -166.666672
v -37.204723 0.819277 -192.307693
v -37.204723 0.567442 -217.948715
v -37.204723 0.875370 -243.589737
v -37.204723 0.274627 -269.230774
v -37.204723 0.458539 -294.871796
v -37.204723 0.534480 -320.512817
v -37.204723 -0.152852 -346.153839
v -37.204723 -1.119943 -371.794861
v -37.204723 -1.313830 -397.435883
v -37.204723 -0.968136 -423.076935
v -37.204723 -0.626730 -448.717957
v -37.204723 -0.298893 -474.358978
v -37.204723 0.242218 -500.000000
v -28.937008 2.526191 500.000000
v -28.937008 4.753234 474.358978
v -28.937008 4.737080 448.717957
v -28.937008 2.926288 423.076935
v -28.937008 1.563236 397.435883
v -28.937008 1.070117 371.794861
v -28.937008 0.688431 346.153839
v -28.937008 0.127826 320.512817
v -28.937008 0.456319 294.871796
v -28.937008 0.209537 269.230774
v -28.937008 0.267545 243.589737
v -28.937008 0.380754 217.948715
v -28.937008 0.406950 192.307693
v -28.937008 0.510813 166.666672
v -28.937008 0.343741 141.025635
v -28.937008 0.265548 115.384613
v -28.937008 0.374748 89.743591
v -28.937008 0.483041 64.102562
v -28.937008 0.824898 38.461540
v -28.937008 0.613354 12.820513
v -28.937008 0.490253 -12.820513
v -28.937008 0.879057 -38.461540
v -28.937008 0.638761 -64.102562
v -28.937008 0.398854 -89.743591
v -28.937008 0.214772 -115.384613
v -28.937008 0.344954 -141.025635
v -28.937008 0.547304 -166.666672
v -28.937008 0.775833 -192.307693
v -28.937008 0.353578 -217.948715
v -28.937008 0.460625 -243.589737
v -28.937008 0.683668 -269.230774
v -28.937008 0.423103 -294.871796
v -28.937008 0.939011 -320.512817
v -28.937008 -0.292947 -346.153839
v -28.937008 -1.177096 -371.794861
v -28.937008 -1.316003 -397.435883
v -28.937008 -0.888958 -423.076935
v -28.937008 -0.790500 -448.717957
v -28.937008 -0.617830 -474.358978
v -28.937008 0.027568 -500.000000
v -20.669291 1.733228 500.000000
v -20.669291 3.666809 474.358978
v -20.669291 3.857091 448.717957
v -20.669291 2.406596 423.076935
v -20.669291 1.078898 397.435883
v -20.669291 0.540572 371.794861
v -20.669291 0.654169 346.153839
v -20.669291 0.502453 320.512817
v -20.669291 0.341578 294.871796
v -20.669291 0.448972 269.230774
v -20.669291 0.739601 243.589737
v -20.669291 0.190759 217.948715
v -20.669291 0.204692 192.307693
v -20.669291 0.351161 166.666672
v -20.669291 0.510518 141.025635
v -20.669291 0.384974 115.384613
v -20.669291 0.473507 89.743591
v -20.669291 0.114211 64.102562
v -20.669291 0.864823 38.461540
v -20.669291 0.531743 12.820513
v -20.669291 0.369885 -12.820513
v -20.669291 1.084136 -38.461540
v -20.669291 0.978301 -64.102562
v -20.669291 1.201157 -89.743591
v -20.669291 0.397247 -115.384613
v -20.669291 0.172951 -141.025635
v -20.669291 0.773789 -166.666672
v -20.669291 0.411342 -192.307693
v -20.669291 0.834693 -217.948715
v -20.669291 0.404110 -243.589737
v -20.669291 0.379136 -269.230774
v -20.669291 1.008838 -294.871796
v -20.669291 0.372167 -320.512817
v -20.669291 -0.259970 -346.153839
v -20.669291 -1.234003 -371.794861
v -20.669291 -1.138424 -397.435883
v -20.669291 -0.739592 -423.076935
v -20.669291 -0.926124 -448.717957
v -20.669291 -0.941538 -474.358978
v -20.669291 -0.160819 -500.000000
v -12.401575 0.898333 500.000000
v -12.401575 2.567879 474.358978
v -12.401575 2.865996 448.717957
v -12.401575 1.747961 423.076935
v -12.401575 0.652483 397.435883
v -12.401575 0.309366 371.794861
v -12.401575 0.358235 346.153839
v -12.401575 0.194568 320.512817
v -12.401575 0.258653 294.871796
v -12.401575 0.286342 269.230774
v -12.401575 0.321605 243.589737
v -12.401575 0.454127 217.948715
v -12.401575 0.734961 192.307693
v -12.401575 0.239592 166.666672
v -12.401575 0.405610 141.025635
v -12.401575 0.626186 115.384613
v -12.401575 0.313403 89.743591
v -12.401575 0.168909 64.102562
v -12.401575 0.454268 38.461540
v -12.401575 0.506553 12.820513
v -12.401575 1.163442 -12.820513
v -12.401575 0.952210 -38.461540
v -12.401575 1.092709 -64.102562
v -12.401575 0.171103 -89.743591
v -12.401575 0.855714 -115.384613
v -12.401575 0.671630 -141.025635
v -12.401575 1.587312 -166.666672
v -12.401575 1.799995 -192.307693
v -12.401575 0.442079 -217.948715
v -12.401575 1.202387 -243.589737
v -12.401575 1.275868 -269.230774
v -12.401575 0.979270 -294.871796
v -12.401575 0.569988 -320.512817
v -12.401575 -0.702012 -346.153839
v -12.401575 -1.402600 -371.794861
v -12.401575 -0.948955 -397.435883
v -12.401575 -0.452358 -423.076935
v -12.401575 -0.999476 -448.717957
v -12.401575 -1.273739 -474.358978
v -12.401575 -0.326524 -500.000000
v -4.133858 0.136937 500.000000
v -4.133858 1.566974 474.358978
v -4.133858 1.921178 448.717957
v -4.133858 1.096593 423.076935
v -4.133858 0.233696 397.435883
v -4.133858 0.103496 371.794861
v -4.133858 0.124741 346.153839
v -4.133858 0.264927 320.512817
v -4.133858 0.345011 294.871796
v -4.133858 0.325698 269.230774
v -4.133858 0.439626 243.589737
v -4.133858 0.757918 217.948715
v -4.133858 0.534670 192.307693
v -4.133858 0.375439 166.666672
v -4.133858 0.692609 141.025635
v -4.133858 0.553420 115.384613
v -4.133858 0.949104 89.743591
v -4.133858 0.935265 64.102562
v -4.133858 0.515677 38.461540
v -4.133858 1.043562 12.820513
v -4.133858 0.921972 -12.820513
v -4.133858 1.846854 -38.461540
v -4.133858 1.301797 -64.102562
v -4.133858 1.705847 -89.743591
v -4.133858 0.709386 -115.384613
v -4.133858 1.916455 -141.025635
v -4.133858 0.829316 -166.666672
v -4.133858 1.952041 -192.307693
v -4.133858 0.403849 -217.948715
v -4.133858 0.913172 -243.589737
v -4.133858 0.830731 -269.230774
v -4.133858 1.335572 -294.871796
v -4.133858 0.238171 -320.512817
v -4.133858 -0.889695 -346.153839
v -4.133858 -1.553006 -371.794861
v -4.133858 -0.632266 -397.435883
v -4.133858 0.053179 -423.076935
v -4.133858 -0.929279 -448.717957
v -4.133858 -1.530907 -474.358978
v -4.133858 -0.408416 -500.000000
v 4.133858 -0.482069 500.000000
v 4.133858 0.725551 474.358978
v 4.133858 1.086983 448.717957
v 4.133858 0.491029 423.076935
v 4.133858 -0.113375 397.435883
v 4.133858 -0.070663 371.794861
v 4.133858 0.072936 346.153839
v 4.133858 0.132331 320.512817
v 4.133858 0.236810 294.871796
v 4.133858 0.404940 269.230774
v 4.133858 0.339326 243.589737
v 4.133858 0.545752 217.948715
v 4.133858 0.538809 192.307693
v 4.133858 0.553766 166.666672
v 4.133858 0.607425 141.025635
v 4.133858 0.666445 115.384613
v 4.133858 0.569446 89.743591
v 4.133858 0.968723 64.102562
v 4.133858 1.185849 38.461540
v 4.133858 0.986350 12.820513
v 4.133858 1.026944 -12.820513
v 4.133858 0.737710 -38.461540
v 4.133858 1.209167 -64.102562
v 4.133858 1.334572 -89.743591
v 4.133858 1.680836 -115.384613
v 4.133858 2.331250 -141.025635
v 4.133858 1.329563 -166.666672
v 4.133858 1.762460 -192.307693
v 4.133858 1.710562 -217.948715
v 4.133858 1.312736 -243.589737
v 4.133858 1.018575 -269.230774
v 4.133858 0.504086 -294.871796
v 4.133858 0.014245 -320.512817
v 4.133858 -1.331654 -346.153839
v 4.133858 -1.649261 -371.794861
v 4.133858 -0.033695 -397.435883
v 4.133858 0.769360 -423.076935
v 4.133858 -0.635973 -448.717957
v 4.133858 -1.604073 -474.358978
v 4.133858 -0.344458 -500.000000
v 12.401575 -0.955840 500.000000
v 12.401575 0.016959 474.358978
v 12.401575 0.422669 448.717957
v 12.401575 0.055595 423.076935
v 12.401575 -0.332314 397.435883
v 12.401575 -0.174160 371.794861
v 12.401575 0.030160 346.153839
v 12.401575 0.191619 320.512817
v 12.401575 0.154844 294.871796
v 12.401575 0.320958 269.230774
v 12.401575 0.501768 243.589737
v 12.401575 0.459555 217.948715
v 12.401575 0.750737 192.307693
v 12.401575 0.888915 166.666672
v 12.401575 1.022277 141.025635
v 12.401575 0.807281 115.384613
v 12.401575 0.914242 89.743591
v 12.401575 1.010352 64.102562
v 12.401575 1.732113 38.461540
v 12.401575 1.527156 12.820513
v 12.401575 1.310732 -12.820513
v 12.401575 0.807703 -38.461540
v 12.401575 2.023665 -64.102562
v 12.401575 1.920650 -89.743591
v 12.401575 2.239211 -115.384613
v 12.401575 2.024280 -141.025635
v 12.401575 1.733270 -166.666672
v 12.401575 1.508398 -192.307693
v 12.401575 0.286167 -217.948715
v 12.401575 1.686379 -243.589737
v 12.401575 1.284147 -269.230774
v 12.401575 1.574612 -294.871796
v 12.401575 -0.233448 -320.512817
v 12.401575 -1.748500 -346.153839
v 12.401575 -1.544416 -371.794861
v 12.401575 1.012174 -397.435883
v 12.401575 1.998901 -423.076935
v 12.401575 -0.041745 -448.717957
v 12.401575 -1.745559 -474.358978
v 12.401575 -0.565100 -500.000000
v 20.669291 -1.249298 500.000000
v 20.669291 -0.509170 474.358978
v 20.669291 -0.065051 448.717957
v 20.669291 -0.246610 423.076935
v 20.669291 -0.568354 397.435883
v 20.669291 -0.437343 371.794861
v 20.669291 -0.027491 346.153839
v 20.669291 0.264206 320.512817
v 20.669291 0.307130 294.871796
v 20.669291 0.543263 269.230774
v 20.669291 0.486737 243.589737
v 20.669291 1.024902 217.948715
v 20.669291 1.107636 192.307693
v 20.669291 0.442535 166.666672
v 20.669291 0.793201 141.025635
v 20.669291 1.291612 115.384613
v 20.669291 1.426944 89.743591
v 20.669291 2.481270 64.102562
v 20.669291 1.875532 38.461540
v 20.669291 0.873909 12.820513
v 20.669291 1.308717 -12.820513
v 20.669291 2.050246 -38.461540
v 20.669291 1.504703 -64.102562
v 20.669291 1.454112 -89.743591
v 20.669291 2.558031 -115.384613
v 20.669291 1.108902 -141.025635
v 20.669291 1.855347 -166.666672
v 20.669291 1.798269 -192.307693
v 20.669291 2.404758 -217.948715
v 20.669291 2.368812 -243.589737
v 20.669291 1.455159 -269.230774
v 20.669291 0.733433 -294.871796
v 20.669291 -0.270706 -320.512817
v 20.669291 -2.473043 -346.153839
v 20.669291 -1.101997 -371.794861
v 20.669291 2.637947 -397.435883
v 20.669291 3.819161 -423.076935
v 20.669291 0.824893 -448.717957
v 20.669291 -2.024933 -474.358978
v 20.669291 -1.217760 -500.000000
v 28.937008 -1.408973 500.000000
v 28.937008 -0.890596 474.358978
v 28.937008 -0.419019 448.717957
v 28.937008 -0.465766 423.076935
v 28.937008 -0.740380 397.435883
v 28.937008 -0.625994 371.794861
v 28.937008 -0.090096 346.153839
v 28.937008 0.395051 320.512817
v 28.937008 0.564313 294.871796
v 28.937008 0.589675 269.230774
v 28.937008 0.751255 243.589737
v 28.937008 1.272240 217.948715
v 28.937008 0.312440 192.307693
v 28.937008 1.411376 166.666672
v 28.937008 1.563855 141.025635
v 28.937008 2.073195 115.384613
v 28.937008 1.388864 89.743591
v 28.937008 0.889838 64.102562
v 28.937008 1.074542 38.461540
v 28.937008 1.178992 12.820513
v 28.937008 1.788654 -12.820513
v 28.937008 2.143224 -38.461540
v 28.937008 2.024350 -64.102562
v 28.937008 3.542884 -89.743591
v 28.937008 1.776178 -115.384613
v 28.937008 2.373577 -141.025635
v 28.937008 1.998227 -166.666672
v 28.937008 3.897898 -192.307693
v 28.937008 3.373663 -217.948715
v 28.937008 2.628689 -243.589737
v 28.937008 2.235978 -269.230774
v 28.937008 1.122665 -294.871796
v 28.937008 -1.082747 -320.512817
v 28.937008 -2.455449 -346.153839
v 28.937008 -0.578548 -371.794861
v 28.937008 4.743984 -397.435883
v 28.937008 6.099930 -423.076935
v 28.937008 1.952865 -448.717957
v 28.937008 -2.427536 -474.358978
v 28.937008 -2.315482 -500.000000
v 37.204723 -1.517667 500.000000
v 37.204723 -1.218454 474.358978
v 37.204723 -0.718040 448.717957
v 37.204723 -0.645402 423.076935
v 37.204723 -0.949377 397.435883
v 37.204723 -0.819783 371.794861
v 37.204723 -0.151841 346.153839
v 37.204723 0.283918 320.512817
v 37.204723 0.358571 294.871796
v 37.204723 0.647532 269.230774
v 37.204723 0.355162 243.589737
v 37.204723 0.523038 217.948715
v 37.204723 1.021365 192.307693
v 37.204723 0.712494 166.666672
v 37.204723 1.867426 141.025635
v 37.204723 1.846722 115.384613
v 37.204723 2.850126 89.743591
v 37.204723 1.065439 64.102562
v 37.204723 1.935946 38.461540
v 37.204723 2.022244 12.820513
v 37.204723 1.306660 -12.820513
v 37.204723 2.295660 -38.461540
v 37.204723 2.380774 -64.102562
v 37.204723 3.340127 -89.743591
v 37.204723 1.140248 -115.384613
v 37.204723 3.267480 -141.025635
v 37.204723 3.799758 -166.666672
v 37.204723 3.430161 -192.307693
v 37.204723 0.872236 -217.948715
v 37.204723 2.221508 -243.589737
v 37.204723 1.977471 -269.230774
v 37.204723 1.650494 -294.871796
v 37.204723 -2.913414 -320.512817
v 37.204723 -3.494428 -346.153839
v 37.204723 0.426033 -371.794861
v 37.204723 7.187935 -397.435883
v 37.204723 8.609603 -423.076935
v 37.204723 3.221446 -448.717957
v 37.204723 -2.912605 -474.358978
v 37.204723 -3.824208 -500.000000
v 45.472443 -1.622563 500.000000
v 45.472443 -1.553439 474.358978
v 45.472443 -0.999563 448.717957
v 45.472443 -0.790583 423.076935
v 45.472443 -1.199136 397.435883
v 45.472443 -1.136083 371.794861
v 45.472443 -0.268514 346.153839
v 45.472443 0.987884 320.512817
v 45.472443 0.547976 294.871796
v 45.472443 1.338990 269.230774
v 45.472443 1.610748 243.589737
v 45.472443 0.635667 217.948715
v 45.472443 1.247600 192.307693
v 45.472443 1.451982 166.666672
v 45.472443 3.257566 141.025635
v 45.472443 0.387356 115.384613
v 45.472443 1.168443 89.743591
v 45.472443 3.517259 64.102562
v 45.472443 3.090859 38.461540
v 45.472443 3.279152 12.820513
v 45.472443 4.914115 -12.820513
v 45.472443 5.011552 -38.461540
v 45.472443 3.646671 -64.102562
v 45.472443 1.888693 -89.743591
v 45.472443 3.535639 -115.384613
v 45.472443 0.514146 -141.025635
v 45.472443 3.719227 -166.666672
v 45.472443 2.805508 -192.307693
v 45.472443 3.464091 -217.948715
v 45.472443 2.499233 -243.589737
v 45.472443 2.150138 -269.230774
v 45.472443 -0.872721 -294.871796
v 45.472443 -3.328723 -320.512817
v 45.472443 -4.024370 -346.153839
v 45.472443 0.801343 -371.794861
v 45.472443 9.163282 -397.435883
v 45.472443 10.948637 -423.076935
v 45.472443 4.505363 -448.717957
v 45.472443 -3.399486 -474.358978
v 45.472443 -5.586905 -500.000000
v 53.740158 -1.728016 500.000000
v 53.740158 -1.919576 474.358978
v 53.740158 -1.273805 448.717957
v 53.740158 -0.899754 423.076935
v 53.740158 -1.345747 397.435883
v 53.740158 -1.505612 371.794861
v 53.740158 -0.460297 346.153839
v 53.740158 0.501116 320.512817
v 53.740158 1.194595 294.871796
v 53.740158 1.519357 269.230774
v 53.740158 1.420763 243.589737
v 53.740158 1.806256 217.948715
v 53.740158 1.619998 192.307693
v 53.740158 2.961433 166.666672
v 53.740158 3.865353 141.025635
v 53.740158 1.769931 115.384613
v 53.740158 2.725178 89.743591
v 53.740158 3.258972 64.102562
v 53.740158 2.578827 38.461540
v 53.740158 2.727076 12.820513
v 53.740158 2.999946 -12.820513
v 53.740158 2.915888 -38.461540
v 53.740158 4.868795 -64.102562
v 53.740158 3.290397 -89.743591
v 53.740158 2.791743 -115.384613
v 53.740158 2.173898 -141.025635
v 53.740158 1.700138 -166.666672
v 53.740158 4.856857 -192.307693
v 53.740158 4.628372 -217.948715
v 53.740158 3.261786 -243.589737
v 53.740158 2.398947 -269.230774
v 53.740158 0.508042 -294.871796
v 53.740158 -2.659536 -320.512817
v 53.740158 -2.585746 -346.153839
v 53.740158 1.657350 -371.794861
v 53.740158 10.014159 -397.435883
v 53.740158 11.943166 -423.076935
v 53.740158 5.620449 -448.717957
v 53.740158 -3.769456 -474.358978
v 53.740158 -7.345780 -500.000000
v 62.007874 -1.779077 500.000000
v 62.007874 -2.289150 474.358978
v 62.007874 -1.484412 448.717957
v 62.007874 -0.866008 423.076935
v 62.007874 -1.313345 397.435883
v 62.007874 -1.791880 371.794861
v 62.007874 -0.337930 346.153839
v 62.007874 0.872149 320.512817
v 62.007874 2.282862 294.871796
v 62.007874 1.071882 269.230774
v 62.007874 1.866738 243.589737
v 62.007874 1.195667 217.948715
v 62.007874 2.445752 192.307693
v 62.007874 1.677985 166.666672
v 62.007874 4.355587 141.025635
v 62.007874 2.344233 115.384613
v 62.007874 3.868519 89.743591
v 62.007874 2.540472 64.102562
v 62.007874 0.971210 38.461540
v 62.007874 3.014353 12.820513
v 62.007874 3.466337 -12.820513
v 62.007874 4.123659 -38.461540
v 62.007874 2.766552 -64.102562
v 62.007874 3.214364 -89.743591
v 62.007874 4.778828 -115.384613
v 62.007874 2.888112 -141.025635
v 62.007874 4.316813 -166.666672
v 62.007874 5.891337 -192.307693
v 62.007874 5.880204 -217.948715
v 62.007874 2.293011 -243.589737
v 62.007874 3.362642 -269.230774
v 62.007874 2.054546 -294.871796
v 62.007874 -1.624151 -320.512817
v 62.007874 -2.774971 -346.153839
v 62.007874 1.485809 -371.794861
v 62.007874 9.532598 -397.435883
v 62.007874 11.332847 -423.076935
v 62.007874 5.606700 -448.717957
v 62.007874 -3.558247 -474.358978
v 62.007874 -8.773581 -500.000000
v 70.275589 -1.679098 500.000000
v 70.275589 -2.582669 474.358978
v 70.275589 -1.555485 448.717957
v 70.275589 -0.578597 423.076935
v 70.275589 -1.255209 397.435883
v 70.275589 -1.908122 371.794861
v 70.275589 -0.446569 346.153839
v 70.275589 0.932564 320.512817
v 70.275589 1.314000 294.871796
v 70.275589 1.369790 269.230774
v 70.275589 0.931521 243.589737
v 70.275589 2.203296 217.948715
v 70.275589 3.020818 192.307693
v 70.275589 2.408206 166.666672
v 70.275589 3.792323 141.025635
v 70.275589 2.487830 115.384613
v 70.275589 3.000608 89.743591
v 70.275589 2.097501 64.102562
v 70.275589 3.306876 38.461540
v 70.275589 4.432945 12.820513
v 70.275589 4.406802 -12.820513
v 70.275589 4.597225 -38.461540
v 70.275589 4.565747 -64.102562
v 70.275589 3.943424 -89.743591
v 70.275589 4.332810 -115.384613
v 70.275589 2.783949 -141.025635
v 70.275589 4.110924 -166.666672
v 70.275589 4.867396 -192.307693
v 70.275589 3.486260 -217.948715
v 70.275589 5.060683 -243.589737
v 70.275589 3.089983 -269.230774
v 70.275589 1.404127 -294.871796
v 70.275589 -0.703099 -320.512817
v 70.275589 -2.027053 -346.153839
v 70.275589 1.897424 -371.794861
v 70.275589 8.496104 -397.435883
v 70.275589 9.883832 -423.076935
v 70.275589 5.303500 -448.717957
v 70.275589 -2.664511 -474.358978
v 70.275589 -8.136979 -500.000000
v 78.543304 -1.331634 500.000000
v 78.543304 -2.708998 474.358978
v 78.543304 -1.406634 448.717957
v 78.543304 -0.053402 423.076935
v 78.543304 -1.011390 397.435883
v 78.543304 -2.142902 371.794861
v 78.543304 -0.708685 346.153839
v 78.543304 1.003665 320.512817
v 78.543304 0.852008 294.871796
v 78.543304 1.574152 269.230774
v 78.543304 2.742324 243.589737
v 78.543304 1.955654 217.948715
v 78.543304 1.717526 192.307693
v 78.543304 2.854370 166.666672
v 78.543304 4.071824 141.025635
v 78.543304 3.041830 115.384613
v 78.543304 4.162146 89.743591
v 78.543304 4.229675 64.102562
v 78.543304 1.410842 38.461540
v 78.543304 3.705586 12.820513
v 78.543304 4.997395 -12.820513
v 78.543304 3.869363 -38.461540
v 78.543304 3.848330 -64.102562
v 78.543304 4.057119 -89.743591
v 78.543304 4.963616 -115.384613
v 78.543304 6.476746 -141.025635
v 78.543304 4.012236 -166.666672
v 78.543304 4.181668 -192.307693
v 78.543304 2.130672 -217.948715
v 78.543304 3.977904 -243.589737
v 78.543304 4.277505 -269.230774
v 78.543304 3.263464 -294.871796
v 78.543304 0.579515 -320.512817
v 78.543304 -1.059082 -346.153839
v 78.543304 1.299088 -371.794861
v 78.543304 6.609638 -397.435883
v 78.543304 7.873512 -423.076935
v 78.543304 4.816621 -448.717957
v 78.543304 -1.376844 -474.358978
v 78.543304 -6.566068 -500.000000
v 86.811020 -0.659214 500.000000
v 86.811020 -2.586764 474.358978
v 86.811020 -0.988005 448.717957
v 86.811020 0.773123 423.076935
v 86.811020 -0.370910 397.435883
v 86.811020 -2.522808 371.794861
v 86.811020 -1.260483 346.153839
v 86.811020 0.975734 320.512817
v 86.811020 2.710111 294.871796
v 86.811020 3.682143 269.230774
v 86.811020 1.821239 243.589737
v 86.811020 2.449751 217.948715
v 86.811020 4.693654 192.307693
v 86.811020 2.063727 166.666672
v 86.811020 3.062340 141.025635
v 86.811020 2.621571 115.384613
v 86.811020 3.998851 89.743591
v 86.811020 3.003224 64.102562
v 86.811020 3.351664 38.461540
v 86.811020 3.927235 12.820513
v 86.811020 4.918501 -12.820513
v 86.811020 6.540841 -38.461540
v 86.811020 4.023619 -64.102562
v 86.811020 3.783123 -89.743591
v 86.811020 3.527635 -115.384613
v 86.811020 6.224227 -141.025635
v 86.811020 4.317355 -166.666672
v 86.811020 6.368277 -192.307693
v 86.811020 4.160933 -217.948715
v 86.811020 2.899266 -243.589737
v 86.811020 5.301254 -269.230774
v 86.811020 3.577163 -294.871796
v 86.811020 1.152329 -320.512817
v 86.811020 -0.032366 -346.153839
v 86.811020 0.897039 -371.794861
v 86.811020 4.900243 -397.435883
v 86.811020 5.691295 -423.076935
v 86.811020 4.287892 -448.717957
v 86.811020 0.339262 -474.358978
v 86.811020 -4.101039 -500.000000
v 95.078743 0.274330 500.000000
v 95.078743 -2.242807 474.358978
v 95.078743 -0.354769 448.717957
v 95.078743 1.767611 423.076935
v 95.078743 0.008068 397.435883
v 95.078743 -2.311535 371.794861
v 95.078743 -1.179231 346.153839
v 95.078743 1.247116 320.512817
v 95.078743 2.332084 294.871796
v 95.078743 2.065649 269.230774
v 95.078743 2.111379 243.589737
v 95.078743 1.908661 217.948715
v 95.078743 2.973241 192.307693
v 95.078743 4.091920 166.666672
v 95.078743 5.344492 141.025635
v 95.078743 5.549056 115.384613
v 95.078743 3.315631 89.743591
v 95.078743 4.926537 64.102562
v 95.078743 4.061964 38.461540
v 95.078743 6.244102 12.820513
v 95.078743 4.561926 -12.820513
v 95.078743 4.430747 -38.461540
v 95.078743 3.082495 -64.102562
v 95.078743 5.885701 -89.743591
v 95.078743 4.620692 -115.384613
v 95.078743 4.637073 -141.025635
v 95.078743 3.854745 -166.666672
v 95.078743 4.562193 -192.307693
v 95.078743 3.163793 -217.948715
v 95.078743 5.144448 -243.589737
v 95.078743 3.413587 -269.230774
v 95.078743 5.009410 -294.871796
v 95.078743 3.012605 -320.512817
v 95.078743 0.494639 -346.153839
v 95.078743 0.775052 -371.794861
v 95.078743 2.840553 -397.435883
v 95.078743 3.545075 -423.076935
v 95.078743 3.937238 -448.717957
v 95.078743 2.446300 -474.358978
v 95.078743 -0.866606 -500.000000
v 103.346458 1.308341 500.000000
v 103.346458 -1.766997 474.358978
v 103.346458 0.319095 448.717957
v 103.346458 2.589547 423.076935
v 103.346458 0.476150 397.435883
v 103.346458 -2.807928 371.794861
v 103.346458 -1.943297 346.153839
v 103.346458 1.336991 320.512817
v 103.346458 0.640159 294.871796
v 103.346458 3.235656 269.230774
v 103.346458 5.497366 243.589737
v 103.346458 3.716255 217.948715
v 103.346458 5.867258 192.307693
v 103.346458 2.634062 166.666672
v 103.346458 6.217736 141.025635
v 103.346458 3.101997 115.384613
v 103.346458 5.060210 89.743591
v 103.346458 6.684934 64.102562
v 103.346458 4.198022 38.461540
v 103.346458 2.605129 12.820513
v 103.346458 2.740767 -12.820513
v 103.346458 4.784155 -38.461540
v 103.346458 7.235747 -64.102562
v 103.346458 2.883828 -89.743591
v 103.346458 6.005599 -115.384613
v 103.346458 5.941129 -141.025635
v 103.346458 5.145403 -166.666672
v 103.346458 6.533578 -192.307693
v 103.346458 7.193319 -217.948715
v 103.346458 6.301229 -243.589737
v 103.346458 4.506866 -269.230774
v 103.346458 3.696460 -294.871796
v 103.346458 2.611606 -320.512817
v 103.346458 0.668153 -346.153839
v 103.346458 0.475476 -371.794861
v 103.346458 1.541707 -397.435883
v 103.346458 2.000215 -423.076935
v 103.346458 4.071731 -448.717957
v 103.346458 4.813994 -474.358978
v 103.346458 2.782919 -500.000000
v 111.614174 3.218275 500.000000
v 111.614174 -0.271645 474.358978
v 111.614174 1.725183 448.717957
v 111.614174 3.744229 423.076935
v 111.614174 1.150349 397.435883
v 111.614174 -3.218150 371.794861
v 111.614174 -2.113871 346.153839
v 111.614174 0.396573 320.512817
v 111.614174 2.592456 294.871796
v 111.614174 2.367044 269.230774
v 111.614174 1.743669 243.589737
v 111.614174 1.622605 217.948715
v 111.614174 3.394573 192.307693
v 111.614174 4.784070 166.666672
v 111.614174 4.803173 141.025635
v 111.614174 3.304539 115.384613
v 111.614174 4.426958 89.743591
v 111.614174 4.538803 64.102562
v 111.614174 3.831650 38.461540
v 111.614174 5.783802 12.820513
v 111.614174 4.934805 -12.820513
v 111.614174 5.047040 -38.461540
v 111.614174 5.072594 -64.102562
v 111.614174 7.609943 -89.743591
v 111.614174 5.489769 -115.384613
v 111.614174 7.121789 -141.025635
v 111.614174 6.906427 -166.666672
v 111.614174 7.726483 -192.307693
v 111.614174 5.563734 -217.948715
v 111.614174 4.935685 -243.589737
v 111.614174 5.358161 -269.230774
v 111.614174 5.309259 -294.871796
v 111.614174 3.805984 -320.512817
v 111.614174 2.634715 -346.153839
v 111.614174 0.179541 -371.794861
v 111.614174 0.802632 -397.435883
v 111.614174 1.459197 -423.076935
v 111.614174 4.791755 -448.717957
v 111.614174 6.959115 -474.358978
v 111.614174 5.621667 -500.000000
v 119.881889 6.148818 500.000000
v 119.881889 2.477152 474.358978
v 119.881889 4.148125 448.717957
v 119.881889 5.276902 423.076935
v 119.881889 1.597169 397.435883
v 119.881889 -2.273390 371.794861
v 119.881889 -1.801076 346.153839
v 119.881889 0.756391 320.512817
v 119.881889 2.678150 294.871796
v 119.881889 2.248050 269.230774
v 119.881889 4.168243 243.589737
v 119.881889 5.071113 217.948715
v 119.881889 3.877881 192.307693
v 119.881889 4.862449 166.666672
v 119.881889 6.259623 141.025635
v 119.881889 3.576290 115.384613
v 119.881889 6.739173 89.743591
v 119.881889 5.601558 64.102562
v 119.881889 6.283044 38.461540
v 119.881889 5.798159 12.820513
v 119.881889 5.245393 -12.820513
v 119.881889 4.353909 -38.461540
v 119.881889 5.472529 -64.102562
v 119.881889 4.626394 -89.743591
v 119.881889 5.566725 -115.384613
v 119.881889 8.006034 -141.025635
v 119.881889 6.436155 -166.666672
v 119.881889 4.836394 -192.307693
v 119.881889 6.053422 -217.948715
v 119.881889 4.413021 -243.589737
v 119.881889 6.945417 -269.230774
v 119.881889 6.812354 -294.871796
v 119.881889 4.937390 -320.512817
v 119.881889 1.814591 -346.153839
v 119.881889 0.506510 -371.794861
v 119.881889 0.774574 -397.435883
v 119.881889 1.953614 -423.076935
v 119.881889 6.011788 -448.717957
v 119.881889 8.730989 -474.358978
v 119.881889 7.420126 -500.000000
v 128.149612 9.827914 500.000000
v 128.149612 6.271881 474.358978
v 128.149612 6.864607 448.717957
v 128.149612 6.334839 423.076935
v 128.149612 2.209160 397.435883
v 128.149612 -1.736557 371.794861
v 128.149612 -1.921996 346.153839
v 128.149612 0.460975 320.512817
v 128.149612 3.305929 294.871796
v 128.149612 3.913197 269.230774
v 128.149612 4.567297 243.589737
v 128.149612 4.715560 217.948715
v 128.149612 4.221374 192.307693
v 128.149612 5.201581 166.666672
v 128.149612 6.570504 141.025635
v 128.149612 3.246124 115.384613
v 128.149612 5.923701 89.743591
v 128.149612 5.190230 64.102562
v 128.149612 4.624429 38.461540
v 128.149612 6.771573 12.820513
v 128.149612 6.007756 -12.820513
v 128.149612 5.132193 -38.461540
v 128.149612 5.702667 -64.102562
v 128.149612 6.736292 -89.743591
v 128.149612 4.893097 -115.384613
v 128.149612 6.207711 -141.025635
v 128.149612 6.110014 -166.666672
v 128.149612 4.704313 -192.307693
v 128.149612 5.103389 -217.948715
v 128.149612 6.366489 -243.589737
v 128.149612 5.341983 -269.230774
v 128.149612 7.040391 -294.871796
v 128.149612 5.482747 -320.512817
v 128.149612 2.645938 -346.153839
v 128.149612 0.975063 -371.794861
v 128.149612 1.503571 -397.435883
v 128.149612 3.165963 -423.076935
v 128.149612 7.572857 -448.717957
v 128.149612 10.141140 -474.358978
v 128.149612 8.322375 -500.000000
v 136.417328 12.865872 500.000000
v 136.417328 9.424617 474.358978
v 136.417328 9.158579 448.717957
v 136.417328 7.280795 423.076935
v 136.417328 2.578138 397.435883
v 136.417328 -1.619790 371.794861
v 136.417328 -1.760318 346.153839
v 136.417328 0.716371 320.512817
v 136.417328 2.493350 294.871796
v 136.417328 3.110815 269.230774
v 136.417328 4.396798 243.589737
v 136.417328 3.101960 217.948715
v 136.417328 4.235150 192.307693
v 136.417328 5.228918 166.666672
v 136.417328 4.789593 141.025635
v 136.417328 5.078840 115.384613
v 136.417328 5.750712 89.743591
v 136.417328 7.071095 64.102562
v 136.417328 7.503820 38.461540
v 136.417328 7.644546 12.820513
v 136.417328 5.838244 -12.820513
v 136.417328 5.944021 -38.461540
v 136.417328 5.126714 -64.102562
v 136.417328 6.088488 -89.743591
v 136.417328 7.683488 -115.384613
v 136.417328 6.196741 -141.025635
v 136.417328 6.312483 -166.666672
v 136.417328 6.063625 -192.307693
v 136.417328 7.763560 -217.948715
v 136.417328 6.374876 -243.589737
v 136.417328 6.216626 -269.230774
v 136.417328 6.184259 -294.871796
v 136.417328 6.077984 -320.512817
v 136.417328 3.050261 -346.153839
v 136.417328 2.159303 -371.794861
v 136.417328 2.433540 -397.435883
v 136.417328 4.849395 -423.076935
v 136.417328 9.377649 -448.717957
v 136.417328 11.244431 -474.358978
v 136.417328 8.502622 -500.000000
v 144.685043 14.340323 500.000000
v 144.685043 11.989517 474.358978
v 144.685043 11.155300 448.717957
v 144.685043 8.068978 423.076935
v 144.685043 3.018113 397.435883
v 144.685043 -0.846945 371.794861
v 144.685043 -1.135261 346.153839
v 144.685043 0.945941 320.512817
v 144.685043 4.064968 294.871796
v 144.685043 4.482982 269.230774
v 144.685043 3.809220 243.589737
v 144.685043 3.039672 217.948715
v 144.685043 3.942563 192.307693
v 144.685043 5.693194 166.666672
v 144.685043 6.198586 141.025635
v 144.685043 5.485093 115.384613
v 144.685043 6.563680 89.743591
v 144.685043 6.586162 64.102562
v 144.685043 5.894313 38.461540
v 144.685043 7.168098 12.820513
v 144.685043 6.038584 -12.820513
v 144.685043 7.087149 -38.461540
v 144.685043 5.378642 -64.102562
v 144.685043 6.431985 -89.743591
v 144.685043 7.509129 -115.384613
v 144.685043 6.439828 -141.025635
v 144.685043 6.629761 -166.666672
v 144.685043 7.766054 -192.307693
v 144.685043 5.817745 -217.948715
v 144.685043 6.138597 -243.589737
v 144.685043 5.943008 -269.230774
v 144.685043 6.928722 -294.871796
v 144.685043 6.170345 -320.512817
v 144.685043 3.442065 -346.153839
v 144.685043 1.768122 -371.794861
v 144.685043 3.889011 -397.435883
v 144.685043 6.875156 -423.076935
v 144.685043 11.288565 -448.717957
v 144.685043 12.084916 -474.358978
v 144.685043 8.143895 -500.000000
v 152.952759 14.814667 500.000000
v 152.952759 13.705240 474.358978
v 152.952759 12.621131 448.717957
v 152.952759 8.563042 423.076935
v 152.952759 3.174698 397.435883
v 152.952759 -0.996644 371.794861
v 152.952759 -1.045003 346.153839
v 152.952759 1.840484 320.512817
v 152.952759 3.253458 294.871796
v 152.952759 4.845756 269.230774
v 152.952759 4.051467 243.589737
v 152.952759 5.505241 217.948715
v 152.952759 5.317504 192.307693
v 152.952759 5.350948 166.666672
v 152.952759 5.194886 141.025635
v 152.952759 4.812704 115.384613
v 152.952759 6.751680 89.743591
v 152.952759 4.873737 64.102562
v 152.952759 6.355072 38.461540
v 152.952759 7.223231 12.820513
v 152.952759 7.307594 -12.820513
v 152.952759 6.055187 -38.461540
v 152.952759 6.656886 -64.102562
v 152.952759 6.225587 -89.743591
v 152.952759 6.592063 -115.384613
v 152.952759 5.823441 -141.025635
v 152.952759 7.621337 -166.666672
v 152.952759 7.816425 -192.307693
v 152.952759 7.759593 -217.948715
v 152.952759 7.862501 -243.589737
v 152.952759 6.431658 -269.230774
v 152.952759 9.102067 -294.871796
v 152.952759 6.873521 -320.512817
v 152.952759 3.366961 -346.153839
v 152.952759 2.801179 -371.794861
v 152.952759 5.479182 -397.435883
v 152.952759 8.920682 -423.076935
v 152.952759 13.197504 -448.717957
v 152.952759 12.741736 -474.358978
v 152.952759 7.481356 -500.000000
v 161.220474 14.221343 500.000000
v 161.220474 14.478363 474.358978
v 161.220474 13.507408 448.717957
v 161.220474 8.927599 423.076935
v 161.220474 3.503404 397.435883
v 161.220474 -0.357897 371.794861
v 161.220474 -0.030195 346.153839
v 161.220474 1.903067 320.512817
v 161.220474 3.918446 294.871796
v 161.220474 6.657207 269.230774
v 161.220474 6.399714 243.589737
v 161.220474 6.490216 217.948715
v 161.220474 4.543717 192.307693
v 161.220474 6.597803 166.666672
v 161.220474 5.785799 141.025635
v 161.220474 5.347544 115.384613
v 161.220474 6.408195 89.743591
v 161.220474 7.305592 64.102562
v 161.220474 4.859469 38.461540
v 161.220474 6.785586 12.820513
v 161.220474 5.738974 -12.820513
v 161.220474 6.858918 -38.461540
v 161.220474 7.848017 -64.102562
v 161.220474 7.150728 -89.743591
v 161.220474 6.105177 -115.384613
v 161.220474 7.418498 -141.025635
v 161.220474 8.239220 -166.666672
v 161.220474 7.041953 -192.307693
v 161.220474 5.174779 -217.948715
v 161.220474 7.245335 -243.589737
v 161.220474 6.015906 -269.230774
v 161.220474 6.377192 -294.871796
v 161.220474 5.566643 -320.512817
v 161.220474 4.087540 -346.153839
v 161.220474 3.389416 -371.794861
v 161.220474 6.721062 -397.435883
v 161.220474 11.141899 -423.076935
v 161.220474 15.048480 -448.717957
v 161.220474 13.308244 -474.358978
v 161.220474 6.721241 -500.000000
v 169.488190 12.601329 500.000000
v 169.488190 14.257185 474.358978
v 169.488190 13.740488 448.717957
v 169.488190 9.048074 423.076935
v 169.488190 3.539126 397.435883
v 169.488190 0.043950 371.794861
v 169.488190 -0.336953 346.153839
v 169.488190 2.407573 320.512817
v 169.488190 4.122102 294.871796
v 169.488190 4.253113 269.230774
v 169.488190 4.285997 243.589737
v 169.488190 5.578773 217.948715
v 169.488190 6.889022 192.307693
v 169.488190 5.953218 166.666672
v 169.488190 7.903809 141.025635
v 169.488190 6.351601 115.384613
v 169.488190 7.820312 89.743591
v 169.488190 7.375814 64.102562
v 169.488190 7.222946 38.461540
v 169.488190 7.931112 12.820513
v 169.488190 7.960139 -12.820513
v 169.488190 6.311192 -38.461540
v 169.488190 5.084358 -64.102562
v 169.488190 8.195755 -89.743591
v 169.488190 7.308505 -115.384613
v 169.488190 8.827113 -141.025635
v 169.488190 7.581583 -166.666672
v 169.488190 7.342893 -192.307693
v 169.488190 9.811224 -217.948715
v 169.488190 6.520562 -243.589737
v 169.488190 7.126825 -269.230774
v 169.488190 7.756884 -294.871796
v 169.488190 7.563414 -320.512817
v 169.488190 4.163968 -346.153839
v 169.488190 3.808553 -371.794861
v 169.488190 8.112691 -397.435883
v 169.488190 12.900264 -423.076935
v 169.488190 16.732046 -448.717957
v 169.488190 13.896215 -474.358978
v 169.488190 6.144987 -500.000000
v 177.755905 10.171387 500.000000
v 177.755905 13.154604 474.358978
v 177.755905 13.459717 448.717957
v 177.755905 8.909219 423.076935
v 177.755905 3.925631 397.435883
v 177.755905 0.410961 371.794861
v 177.755905 0.267708 346.153839
v 177.755905 2.248285 320.512817
v 177.755905 5.341025 294.871796
v 177.755905 5.113974 269.230774
v 177.755905 7.028698 243.589737
v 177.755905 5.608507 217.948715
v 177.755905 5.123669 192.307693
v 177.755905 8.798299 166.666672
v 177.755905 6.439672 141.025635
v 177.755905 8.201515 115.384613
v 177.755905 5.874246 89.743591
v 177.755905 7.026443 64.102562
v 177.755905 8.016421 38.461540
v 177.755905 7.203143 12.820513
v 177.755905 6.911143 -12.820513
v 177.755905 6.837739 -38.461540
v 177.755905 9.512429 -64.102562
v 177.755905 9.471876 -89.743591
v 177.755905 5.766779 -115.384613
v 177.755905 7.601349 -141.025635
v 177.755905 8.421143 -166.666672
v 177.755905 8.424299 -192.307693
v 177.755905 6.935695 -217.948715
v 177.755905 7.340906 -243.589737
v 177.755905 7.340805 -269.230774
v 177.755905 7.558872 -294.871796
v 177.755905 5.355301 -320.512817
v 177.755905 3.817084 -346.153839
v 177.755905 4.183064 -371.794861
v 177.755905 9.139783 -397.435883
v 177.755905 14.267975 -423.076935
v 177.755905 18.171078 -448.717957
v 177.755905 14.646350 -474.358978
v 177.755905 6.051758 -500.000000
v 186.023621 7.166695 500.000000
v 186.023621 11.337583 474.358978
v 186.023621 12.631064 448.717957
v 186.023621 8.655133 423.076935
v 186.023621 3.712536 397.435883
v 186.023621 0.934063 371.794861
v 186.023621 0.635850 346.153839
v 186.023621 3.622025 320.512817
v 186.023621 6.753769 294.871796
v 186.023621 6.113346 269.230774
v 186.023621 6.153480 243.589737
v 186.023621 6.670901 217.948715
v 186.023621 6.294356 192.307693
v 186.023621 5.649739 166.666672
v 186.023621 5.838230 141.025635
v 186.023621 6.527202 115.384613
v 186.023621 7.087095 89.743591
v 186.023621 8.140897 64.102562
v 186.023621 7.826799 38.461540
v 186.023621 8.052377 12.820513
v 186.023621 8.187278 -12.820513
v 186.023621 9.589517 -38.461540
v 186.023621 8.706548 -64.102562
v 186.023621 6.934818 -89.743591
v 186.023621 7.897287 -115.384613
v 186.023621 7.910291 -141.025635
v 186.023621 7.893993 -166.666672
v 186.023621 8.952907 -192.307693
v 186.023621 9.579568 -217.948715
v 186.023621 8.403231 -243.589737
v 186.023621 7.721641 -269.230774
v 186.023621 6.514169 -294.871796
v 186.023621 7.481693 -320.512817
v 186.023621 4.074896 -346.153839
v 186.023621 4.119368 -371.794861
v 186.023621 9.283526 -397.435883
v 186.023621 15.059536 -423.076935
v 186.023621 19.296713 -448.717957
v 186.023621 15.705034 -474.358978
v 186.023621 6.731367 -500.000000
v 194.291336 4.048261 500.000000
v 194.291336 9.127997 474.358978
v 194.291336 11.552563 448.717957
v 194.291336 8.429474 423.076935
v 194.291336 4.052362 397.435883
v 194.291336 1.403764 371.794861
v 194.291336 1.439386 346.153839
v 194.291336 3.212825 320.512817
v 194.291336 6.047626 294.871796
v 194.291336 5.614043 269.230774
v 194.291336 6.020158 243.589737
v 194.291336 5.525303 217.948715
v 194.291336 8.100607 192.307693
v 194.291336 7.846982 166.666672
v 194.291336 5.346231 141.025635
v 194.291336 6.368706 115.384613
v 194.291336 7.465437 89.743591
v 194.291336 10.049369 64.102562
v 194.291336 7.203753 38.461540
v 194.291336 7.684356 12.820513
v 194.291336 7.991667 -12.820513
v 194.291336 7.927174 -38.461540
v 194.291336 8.606602 -64.102562
v 194.291336 8.549633 -89.743591
v 194.291336 8.200791 -115.384613
v 194.291336 7.301579 -141.025635
v 194.291336 8.261828 -166.666672
v 194.291336 7.273400 -192.307693
v 194.291336 7.995150 -217.948715
v 194.291336 9.220469 -243.589737
v 194.291336 8.516538 -269.230774
v 194.291336 7.793903 -294.871796
v 194.291336 6.862450 -320.512817
v 194.291336 4.222531 -346.153839
v 194.291336 3.973727 -371.794861
v 194.291336 8.981549 -397.435883
v 194.291336 15.061207 -423.076935
v 194.291336 20.086115 -448.717957
v 194.291336 17.246826 -474.358978
v 194.291336 8.539182 -500.000000
v 202.559052 1.354786 500.000000
v 202.559052 6.944738 474.358978
v 202.559052 10.469386 448.717957
v 202.559052 8.283500 423.076935
v 202.559052 4.243321 397.435883
v 202.559052 1.558543 371.794861
v 202.559052 1.506706 346.153839
v 202.559052 3.951189 320.512817
v 202.559052 5.110512 294.871796
v 202.559052 6.033928 269.230774
v 202.559052 7.069777 243.589737
v 202.559052 7.457859 217.948715
v 202.559052 6.011409 192.307693
v 202.559052 7.677310 166.666672
v 202.559052 9.002833 141.025635
v 202.559052 7.488422 115.384613
v 202.559052 7.720770 89.743591
v 202.559052 7.003002 64.102562
v 202.559052 9.066020 38.461540
v 202.559052 8.855865 12.820513
v 202.559052 7.303961 -12.820513
v 202.559052 7.511114 -38.461540
v 202.559052 9.276757 -64.102562
v 202.559052 8.680979 -89.743591
v 202.559052 8.302202 -115.384613
v 202.559052 8.531253 -141.025635
v 202.559052 8.875504 -166.666672
v 202.559052 9.220432 -192.307693
v 202.559052 8.904090 -217.948715
v 202.559052 9.743826 -243.589737
v 202.559052 8.267727 -269.230774
v 202.559052 7.722404 -294.871796
v 202.559052 7.394948 -320.512817
v 202.559052 4.565204 -346.153839
v 202.559052 3.954345 -371.794861
v 202.559052 8.324716 -397.435883
v 202.559052 14.178652 -423.076935
v 202.559052 20.477287 -448.717957
v 202.559052 19.412821 -474.358978
v 202.559052 11.713726 -500.000000
v 210.826767 -1.224446 500.000000
v 210.826767 4.624304 474.358978
v 210.826767 9.206109 448.717957
v 210.826767 8.251086 423.076935
v 210.826767 5.001884 397.435883
v 210.826767 1.978120 371.794861
v 210.826767 2.170263 346.153839
v 210.826767 4.300144 320.512817
v 210.826767 5.524626 294.871796
v 210.826767 6.107234 269.230774
v 210.826767 7.163815 243.589737
v 210.826767 9.160438 217.948715
v 210.826767 7.641775 192.307693
v 210.826767 8.085595 166.666672
v 210.826767 6.691994 141.025635
v 210.826767 9.695510 115.384613
v 210.826767 8.822230 89.743591
v 210.826767 7.199290 64.102562
v 210.826767 8.473895 38.461540
v 210.826767 10.110825 12.820513
v 210.826767 7.734597 -12.820513
v 210.826767 7.660151 -38.461540
v 210.826767 8.646501 -64.102562
v 210.826767 9.583155 -89.743591
v 210.826767 8.477614 -115.384613
v 210.826767 8.222646 -141.025635
v 210.826767 9.445755 -166.666672
v 210.826767 9.542964 -192.307693
v 210.826767 9.146399 -217.948715
v 210.826767 9.247314 -243.589737
v 210.826767 9.673745 -269.230774
v 210.826767 7.646352 -294.871796
v 210.826767 7.404517 -320.512817
v 210.826767 5.138714 -346.153839
v 210.826767 3.819142 -371.794861
v 210.826767 7.113658 -397.435883
v 210.826767 13.291791 -423.076935
v 210.826767 20.925114 -448.717957
v 210.826767 21.768320 -474.358978
v 210.826767 15.144837 -500.000000
v 219.094482 -3.476126 500.000000
v 219.094482 2.407906 474.358978
v 219.094482 7.900475 448.717957
v 219.094482 8.297534 423.076935
v 219.094482 5.970836 397.435883
v 219.094482 3.747072 371.794861
v 219.094482 2.720732 346.153839
v 219.094482 5.754081 320.512817
v 219.094482 6.366953 294.871796
v 219.094482 7.270896 269.230774
v 219.094482 6.137457 243.589737
v 219.094482 6.495064 217.948715
v 219.094482 5.825005 192.307693
v 219.094482 6.756496 166.666672
v 219.094482 7.874058 141.025635
v 219.094482 9.806758 115.384613
v 219.094482 8.344887 89.743591
v 219.094482 9.337909 64.102562
v 219.094482 8.512043 38.461540
v 219.094482 7.680439 12.820513
v 219.094482 8.686468 -12.820513
v 219.094482 8.827732 -38.461540
v 219.094482 8.960570 -64.102562
v 219.094482 9.233884 -89.743591
v 219.094482 8.414005 -115.384613
v 219.094482 9.728016 -141.025635
v 219.094482 10.012826 -166.666672
v 219.094482 10.605276 -192.307693
v 219.094482 9.694929 -217.948715
v 219.094482 8.308004 -243.589737
v 219.094482 8.805519 -269.230774
v 219.094482 7.647617 -294.871796
v 219.094482 9.011100 -320.512817
v 219.094482 5.058371 -346.153839
v 219.094482 4.094836 -371.794861
v 219.094482 6.853791 -397.435883
v 219.094482 12.768185 -423.076935
v 219.094482 21.535807 -448.717957
v 219.094482 23.999483 -474.358978
v 219.094482 18.190981 -500.000000
v 227.362198 -5.041980 500.000000
v 227.362198 0.630527 474.358978
v 227.362198 6.672722 448.717957
v 227.362198 8.548056 423.076935
v 227.362198 7.052952 397.435883
v 227.362198 4.699387 371.794861
v 227.362198 4.424653 346.153839
v 227.362198 7.342920 320.512817
v 227.362198 7.221585 294.871796
v 227.362198 6.606590 269.230774
v 227.362198 8.659106 243.589737
v 227.362198 7.033229 217.948715
v 227.362198 9.271279 192.307693
v 227.362198 9.424656 166.666672
v 227.362198 8.153541 141.025635
v 227.362198 8.139133 115.384613
v 227.362198 8.517634 89.743591
v 227.362198 9.575956 64.102562
v 227.362198 9.659203 38.461540
v 227.362198 11.456254 12.820513
v 227.362198 11.642984 -12.820513
v 227.362198 9.770087 -38.461540
v 227.362198 7.445293 -64.102562
v 227.362198 8.657081 -89.743591
v 227.362198 9.153469 -115.384613
v 227.362198 9.122360 -141.025635
v 227.362198 9.790716 -166.666672
v 227.362198 10.287468 -192.307693
v 227.362198 8.454951 -217.948715
v 227.362198 10.465029 -243.589737
v 227.362198 9.045394 -269.230774
v 227.362198 9.988959 -294.871796
v 227.362198 8.402604 -320.512817
v 227.362198 5.829721 -346.153839
v 227.362198 4.498412 -371.794861
v 227.362198 6.852201 -397.435883
v 227.362198 12.699768 -423.076935
v 227.362198 22.338539 -448.717957
v 227.362198 25.993517 -474.358978
v 227.362198 20.686972 -500.000000
v 235.629929 -5.749210 500.000000
v 235.629929 -0.546497 474.358978
v 235.629929 5.701896 448.717957
v 235.629929 8.626462 423.076935
v 235.629929 8.240244 397.435883
v 235.629929 6.763398 371.794861
v 235.629929 6.617734 346.153839
v 235.629929 7.207006 320.512817
v 235.629929 7.691550 294.871796
v 235.629929 7.163101 269.230774
v 235.629929 6.690864 243.589737
v 235.629929 8.498770 217.948715
v 235.629929 8.922291 192.307693
v 235.629929 9.030533 166.666672
v 235.629929 9.878446 141.025635
v 235.629929 8.653323 115.384613
v 235.629929 8.753686 89.743591
v 235.629929 8.856808 64.102562
v 235.629929 9.083129 38.461540
v 235.629929 10.062771 12.820513
v 235.629929 9.334009 -12.820513
v 235.629929 10.115979 -38.461540
v 235.629929 9.453787 -64.102562
v 235.629929 9.466312 -89.743591
v 235.629929 7.888054 -115.384613
v 235.629929 10.294300 -141.025635
v 235.629929 8.442737 -166.666672
v 235.629929 9.866625 -192.307693
v 235.629929 9.563089 -217.948715
v 235.629929 9.326150 -243.589737
v 235.629929 10.022654 -269.230774
v 235.629929 8.307118 -294.871796
v 235.629929 9.552239 -320.512817
v 235.629929 7.223742 -346.153839
v 235.629929 5.047527 -371.794861
v 235.629929 7.544444 -397.435883
v 235.629929 13.168809 -423.076935
v 235.629929 23.283852 -448.717957
v 235.629929 27.700897 -474.358978
v 235.629929 22.577969 -500.000000
v 243.897644 -5.440045 500.000000
v 243.897644 -0.951176 474.358978
v 243.897644 4.981466 448.717957
v 243.897644 8.751298 423.076935
v 243.897644 9.755412 397.435883
v 243.897644 8.495749 371.794861
v 243.897644 6.998521 346.153839
v 243.897644 7.968074 320.512817
v 243.897644 8.093598 294.871796
v 243.897644 8.100145 269.230774
v 243.897644 8.813321 243.589737
v 243.897644 8.988495 217.948715
v 243.897644 8.704202 192.307693
v 243.897644 9.097412 166.666672
v 243.897644 8.723975 141.025635
v 243.897644 9.050969 115.384613
v 243.897644 9.062163 89.743591
v 243.897644 9.039895 64.102562
v 243.897644 9.331427 38.461540
v 243.897644 10.149101 12.820513
v 243.897644 8.604309 -12.820513
v 243.897644 9.484447 -38.461540
v 243.897644 12.120105 -64.102562
v 243.897644 10.651040 -89.743591
v 243.897644 11.187798 -115.384613
v 243.897644 11.590102 -141.025635
v 243.897644 10.281925 -166.666672
v 243.897644 10.267268 -192.307693
v 243.897644 10.473886 -217.948715
v 243.897644 9.599204 -243.589737
v 243.897644 9.027984 -269.230774
v 243.897644 10.638979 -294.871796
v 243.897644 8.985918 -320.512817
v 243.897644 7.232920 -346.153839
v 243.897644 6.459445 -371.794861
v 243.897644 8.571175 -397.435883
v 243.897644 14.022532 -423.076935
v 243.897644 24.401089 -448.717957
v 243.897644 29.074348 -474.358978
v 243.897644 23.816225 -500.000000
v 252.165359 -4.104634 500.000000
v 252.165359 -0.527051 474.358978
v 252.165359 4.655300 448.717957
v 252.165359 8.798109 423.076935
v 252.165359 10.755051 397.435883
v 252.165359 9.752089 371.794861
v 252.165359 8.826842 346.153839
v 252.165359 8.019680 320.512817
v 252.165359 9.004930 294.871796
v 252.165359 7.746733 269.230774
v 252.165359 8.018959 243.589737
v 252.165359 8.251221 217.948715
v 252.165359 7.733965 192.307693
v 252.165359 8.759185 166.666672
v 252.165359 9.044791 141.025635
v 252.165359 10.374595 115.384613
v 252.165359 8.738605 89.743591
v 252.165359 10.133871 64.102562
v 252.165359 11.191594 38.461540
v 252.165359 10.168147 12.820513
v 252.165359 11.494466 -12.820513
v 252.165359 11.616141 -38.461540
v 252.165359 10.845267 -64.102562
v 252.165359 9.409185 -89.743591
v 252.165359 11.603575 -115.384613
v 252.165359 10.856820 -141.025635
v 252.165359 10.565946 -166.666672
v 252.165359 9.853386 -192.307693
v 252.165359 9.535591 -217.948715
v 252.165359 9.323311 -243.589737
v 252.165359 11.460216 -269.230774
v 252.165359 8.665878 -294.871796
v 252.165359 9.816712 -320.512817
v 252.165359 8.385815 -346.153839
v 252.165359 8.039555 -371.794861
v 252.165359 10.256542 -397.435883
v 252.165359 15.403738 -423.076935
v 252.165359 25.599464 -448.717957
v 252.165359 30.114763 -474.358978
v 252.165359 24.446432 -500.000000
v 260.433075 -1.815780 500.000000
v 260.433075 0.679235 474.358978
v 260.433075 4.638866 448.717957
v 260.433075 8.885072 423.076935
v 260.433075 11.384637 397.435883
v 260.433075 11.841191 371.794861
v 260.433075 10.504372 346.153839
v 260.433075 10.109715 320.512817
v 260.433075 7.860866 294.871796
v 260.433075 7.350384 269.230774
v 260.433075 8.459582 243.589737
v 260.433075 9.341751 217.948715
v 260.433075 7.777912 192.307693
v 260.433075 9.132425 166.666672
v 260.433075 9.029851 141.025635
v 260.433075 10.507689 115.384613
v 260.433075 9.493258 89.743591
v 260.433075 9.018903 64.102562
v 260.433075 9.857827 38.461540
v 260.433075 9.990934 12.820513
v 260.433075 10.907592 -12.820513
v 260.433075 11.026273 -38.461540
v 260.433075 10.480077 -64.102562
v 260.433075 10.345501 -89.743591
v 260.433075 9.639948 -115.384613
v 260.433075 11.342312 -141.025635
v 260.433075 10.579788 -166.666672
v 260.433075 11.883687 -192.307693
v 260.433075 9.529993 -217.948715
v 260.433075 10.743690 -243.589737
v 260.433075 10.058038 -269.230774
v 260.433075 10.491323 -294.871796
v 260.433075 10.097194 -320.512817
v 260.433075 9.393589 -346.153839
v 260.433075 10.136793 -371.794861
v 260.433075 11.846274 -397.435883
v 260.433075 17.015121 -423.076935
v 260.433075 26.902201 -448.717957
v 260.433075 30.858099 -474.358978
v 260.433075 24.553604 -500.000000
v 268.700775 1.210865 500.000000
v 268.700775 2.547858 474.358978
v 268.700775 4.980528 448.717957
v 268.700775 8.868450 423.076935
v 268.700775 12.008892 397.435883
v 268.700775 13.009316 371.794861
v 268.700775 11.720894 346.153839
v 268.700775 9.614323 320.512817
v 268.700775 9.100527 294.871796
v 268.700775 7.860679 269.230774
v 268.700775 8.529553 243.589737
v 268.700775 9.357352 217.948715
v 268.700775 10.404252 192.307693
v 268.700775 10.017780 166.666672
v 268.700775 9.524446 141.025635
v 268.700775 10.534294 115.384613
v 268.700775 10.629060 89.743591
v 268.700775 11.092010 64.102562
v 268.700775 10.926052 38.461540
v 268.700775 9.737435 12.820513
v 268.700775 11.165907 -12.820513
v 268.700775 12.043334 -38.461540
v 268.700775 12.929669 -64.102562
v 268.700775 10.680514 -89.743591
v 268.700775 9.505507 -115.384613
v 268.700775 9.931596 -141.025635
v 268.700775 10.593586 -166.666672
v 268.700775 9.857998 -192.307693
v 268.700775 10.818048 -217.948715
v 268.700775 11.089080 -243.589737
v 268.700775 11.502675 -269.230774
v 268.700775 10.807901 -294.871796
v 268.700775 10.584676 -320.512817
v 268.700775 11.017879 -346.153839
v 268.700775 12.398908 -371.794861
v 268.700775 13.839155 -397.435883
v 268.700775 18.884129 -423.076935
v 268.700775 28.199593 -448.717957
v 268.700775 31.381939 -474.358978
v 268.700775 24.317875 -500.000000
v 276.968506 4.733797 500.000000
v 276.968506 4.898704 474.358978
v 276.968506 5.591856 448.717957
v 276.968506 8.829610 423.076935
v 276.968506 12.386273 397.435883
v 276.968506 13.720144 371.794861
v 276.968506 12.220697 346.153839
v 276.968506 10.144087 320.512817
v 276.968506 9.982511 294.871796
v 276.968506 9.159902 269.230774
v 276.968506 9.125965 243.589737
v 276.968506 8.819691 217.948715
v 276.968506 9.338972 192.307693
v 276.968506 8.811280 166.666672
v 276.968506 11.120841 141.025635
v 276.968506 10.508756 115.384613
v 276.968506 10.567533 89.743591
v 276.968506 9.465622 64.102562
v 276.968506 11.146829 38.461540
v 276.968506 12.118833 12.820513
v 276.968506 11.401258 -12.820513
v 276.968506 11.524104 -38.461540
v 276.968506 12.082618 -64.102562
v 276.968506 11.569160 -89.743591
v 276.968506 9.366469 -115.384613
v 276.968506 10.944438 -141.025635
v 276.968506 10.926393 -166.666672
v 276.968506 11.544734 -192.307693
v 276.968506 11.885230 -217.948715
v 276.968506 11.340725 -243.589737
v 276.968506 10.556702 -269.230774
v 276.968506 10.237688 -294.871796
v 276.968506 11.308769 -320.512817
v 276.968506 12.781897 -346.153839
v 276.968506 14.211679 -371.794861
v 276.968506 15.868038 -397.435883
v 276.968506 20.707615 -423.076935
v 276.968506 29.476126 -448.717957
v 276.968506 31.777470 -474.358978
v 276.968506 23.926653 -500.000000
v 285.236206 8.334605 500.000000
v 285.236206 7.432911 474.358978
v 285.236206 6.381361 448.717957
v 285.236206 8.802810 423.076935
v 285.236206 12.715259 397.435883
v 285.236206 14.479059 371.794861
v 285.236206 13.670028 346.153839
v 285.236206 10.922043 320.512817
v 285.236206 9.844436 294.871796
v 285.236206 8.650379 269.230774
v 285.236206 10.330055 243.589737
v 285.236206 7.941381 217.948715
v 285.236206 11.696177 192.307693
v 285.236206 10.541282 166.666672
v 285.236206 10.677897 141.025635
v 285.236206 10.192601 115.384613
v 285.236206 9.808962 89.743591
v 285.236206 9.865507 64.102562
v 285.236206 9.236214 38.461540
v 285.236206 10.743205 12.820513
v 285.236206 10.878556 -12.820513
v 285.236206 10.199934 -38.461540
v 285.236206 13.182787 -64.102562
v 285.236206 12.500759 -89.743591
v 285.236206 11.105641 -115.384613
v 285.236206 11.095245 -141.025635
v 285.236206 12.561767 -166.666672
v 285.236206 13.514863 -192.307693
v 285.236206 11.747843 -217.948715
v 285.236206 10.277826 -243.589737
v 285.236206 11.454546 -269.230774
v 285.236206 12.111774 -294.871796
v 285.236206 12.691216 -320.512817
v 285.236206 13.968182 -346.153839
v 285.236206 16.213480 -371.794861
v 285.236206 17.618263 -397.435883
v 285.236206 22.496532 -423.076935
v 285.236206 30.663490 -448.717957
v 285.236206 32.193531 -474.358978
v 285.236206 23.679295 -500.000000
v 293.503937 11.490205 500.000000
v 293.503937 9.766136 474.358978
v 293.503937 7.231164 448.717957
v 293.503937 8.701565 423.076935
v 293.503937 12.550454 397.435883
v 293.503937 14.970224 371.794861
v 293.503937 13.565078 346.153839
v 293.503937 10.319622 320.512817
v 293.503937 10.892561 294.871796
v 293.503937 8.487246 269.230774
v 293.503937 9.349325 243.589737
v 293.503937 10.256043 217.948715
v 293.503937 9.664683 192.307693
v 293.503937 10.978619 166.666672
v 293.503937 11.690132 141.025635
v 293.503937 9.617752 115.384613
v 293.503937 12.081710 89.743591
v 293.503937 11.498324 64.102562
v 293.503937 10.898299 38.461540
v 293.503937 11.832932 12.820513
v 293.503937 11.738626 -12.820513
v 293.503937 11.403593 -38.461540
v 293.503937 11.175901 -64.102562
v 293.503937 11.372582 -89.743591
v 293.503937 12.203516 -115.384613
v 293.503937 11.269010 -141.025635
v 293.503937 11.167908 -166.666672
v 293.503937 10.675818 -192.307693
v 293.503937 11.990252 -217.948715
v 293.503937 11.550775 -243.589737
v 293.503937 11.168476 -269.230774
v 293.503937 11.762126 -294.871796
v 293.503937 12.805409 -320.512817
v 293.503937 15.785319 -346.153839
v 293.503937 17.188835 -371.794861
v 293.503937 19.092619 -397.435883
v 293.503937 23.742838 -423.076935
v 293.503937 31.672638 -448.717957
v 293.503937 32.812126 -474.358978
v 293.503937 23.929432 -500.000000
v 301.771667 13.696637 500.000000
v 301.771667 11.519538 474.358978
v 301.771667 7.975182 448.717957
v 301.771667 8.664477 423.076935
v 301.771667 12.487987 397.435883
v 301.771667 14.985562 371.794861
v 301.771667 14.280464 346.153839
v 301.771667 11.615994 320.512817
v 301.771667 10.138005 294.871796
v 301.771667 10.415394 269.230774
v 301.771667 8.855928 243.589737
v 301.771667 10.495612 217.948715
v 301.771667 11.223271 192.307693
v 301.771667 9.693699 166.666672
v 301.771667 10.315112 141.025635
v 301.771667 11.112784 115.384613
v 301.771667 9.490472 89.743591
v 301.771667 11.006124 64.102562
v 301.771667 12.858214 38.461540
v 301.771667 12.623450 12.820513
v 301.771667 10.674112 -12.820513
v 301.771667 12.290964 -38.461540
v 301.771667 12.276122 -64.102562
v 301.771667 10.949661 -89.743591
v 301.771667 12.381337 -115.384613
v 301.771667 12.643142 -141.025635
v 301.771667 11.680295 -166.666672
v 301.771667 10.901560 -192.307693
v 301.771667 10.276092 -217.948715
v 301.771667 11.284777 -243.589737
v 301.771667 12.155655 -269.230774
v 301.771667 12.362802 -294.871796
v 301.771667 14.695229 -320.512817
v 301.771667 16.838520 -346.153839
v 301.771667 18.549770 -371.794861
v 301.771667 19.470285 -397.435883
v 301.771667 24.276491 -423.076935
v 301.771667 32.447788 -448.717957
v 301.771667 33.791649 -474.358978
v 301.771667 24.997471 -500.000000
v 310.039368 15.756813 500.000000
v 310.039368 13.627765 474.358978
v 310.039368 9.488096 448.717957
v 310.039368 9.276234 423.076935
v 310.039368 12.315395 397.435883
v 310.039368 14.855867 371.794861
v 310.039368 13.942760 346.153839
v 310.039368 11.722092 320.512817
v 310.039368 8.851811 294.871796
v 310.039368 9.021091 269.230774
v 310.039368 10.408580 243.589737
v 310.039368 9.782972 217.948715
v 310.039368 9.689814 192.307693
v 310.039368 11.155052 166.666672
v 310.039368 9.463947 141.025635
v 310.039368 10.942979 115.384613
v 310.039368 12.931236 89.743591
v 310.039368 10.605954 64.102562
v 310.039368 12.084255 38.461540
v 310.039368 10.911291 12.820513
v 310.039368 12.317084 -12.820513
v 310.039368 11.727666 -38.461540
v 310.039368 13.140821 -64.102562
v 310.039368 12.576671 -89.743591
v 310.039368 13.975727 -115.384613
v 310.039368 12.922833 -141.025635
v 310.039368 11.929588 -166.666672
v 310.039368 11.892973 -192.307693
v 310.039368 11.848781 -217.948715
v 310.039368 11.726480 -243.589737
v 310.039368 12.678920 -269.230774
v 310.039368 12.978886 -294.871796
v 310.039368 15.728176 -320.512817
v 310.039368 17.994503 -346.153839
v 310.039368 19.822607 -371.794861
v 310.039368 20.214203 -397.435883
v 310.039368 25.056633 -423.076935
v 310.039368 33.078545 -448.717957
v 310.039368 34.235291 -474.358978
v 310.039368 25.480591 -500.000000
v 318.307098 17.997696 500.000000
v 318.307098 16.382528 474.358978
v 318.307098 11.987043 448.717957
v 318.307098 10.615046 423.076935
v 318.307098 12.783512 397.435883
v 318.307098 14.754984 371.794861
v 318.307098 13.829956 346.153839
v 318.307098 12.502636 320.512817
v 318.307098 10.292545 294.871796
v 318.307098 9.854386 269.230774
v 318.307098 9.766153 243.589737
v 318.307098 11.509861 217.948715
v 318.307098 11.842027 192.307693
v 318.307098 10.928238 166.666672
v 318.307098 9.948886 141.025635
v 318.307098 10.539881 115.384613
v 318.307098 11.355167 89.743591
v 318.307098 11.623810 64.102562
v 318.307098 12.190560 38.461540
v 318.307098 12.427015 12.820513
v 318.307098 11.227237 -12.820513
v 318.307098 11.955068 -38.461540
v 318.307098 10.891415 -64.102562
v 318.307098 12.176017 -89.743591
v 318.307098 13.526505 -115.384613
v 318.307098 11.542503 -141.025635
v 318.307098 13.249646 -166.666672
v 318.307098 12.328403 -192.307693
v 318.307098 12.585581 -217.948715
v 318.307098 12.375264 -243.589737
v 318.307098 12.311363 -269.230774
v 318.307098 13.532640 -294.871796
v 318.307098 16.934473 -320.512817
v 318.307098 18.957672 -346.153839
v 318.307098 20.133692 -371.794861
v 318.307098 21.069359 -397.435883
v 318.307098 26.178612 -423.076935
v 318.307098 33.640598 -448.717957
v 318.307098 33.982498 -474.358978
v 318.307098 25.049740 -500.000000
v 326.574799 20.216185 500.000000
v 326.574799 19.533134 474.358978
v 326.574799 15.234049 448.717957
v 326.574799 12.620043 423.076935
v 326.574799 13.304291 397.435883
v 326.574799 14.489134 371.794861
v 326.574799 13.736106 346.153839
v 326.574799 12.026602 320.512817
v 326.574799 11.146200 294.871796
v 326.574799 10.048478 269.230774
v 326.574799 10.315272 243.589737
v 326.574799 11.157300 217.948715
v 326.574799 10.658283 192.307693
v 326.574799 11.070613 166.666672
v 326.574799 10.661541 141.025635
v 326.574799 12.648127 115.384613
v 326.574799 12.132318 89.743591
v 326.574799 11.054245 64.102562
v 326.574799 11.261852 38.461540
v 326.574799 12.212930 12.820513
v 326.574799 13.370422 -12.820513
v 326.574799 11.580792 -38.461540
v 326.574799 12.437927 -64.102562
v 326.574799 12.962087 -89.743591
v 326.574799 12.407998 -115.384613
v 326.574799 12.504396 -141.025635
v 326.574799 12.977813 -166.666672
v 326.574799 12.179089 -192.307693
v 326.574799 11.597725 -217.948715
v 326.574799 12.671216 -243.589737
v 326.574799 12.420996 -269.230774
v 326.574799 13.922726 -294.871796
v 326.574799 17.699940 -320.512817
v 326.574799 20.105684 -346.153839
v 326.574799 21.103195 -371.794861
v 326.574799 22.169832 -397.435883
v 326.574799 27.602533 -423.076935
v 326.574799 34.223793 -448.717957
v 326.574799 33.341965 -474.358978
v 326.574799 24.138346 -500.000000
v 334.842529 22.217825 500.000000
v 334.842529 22.810207 474.358978
v 334.842529 18.949230 448.717957
v 334.842529 15.139557 423.076935
v 334.842529 14.175465 397.435883
v 334.842529 14.553055 371.794861
v 334.842529 13.641882 346.153839
v 334.842529 12.200018 320.512817
v 334.842529 11.058954 294.871796
v 334.842529 11.449455 269.230774
v 334.842529 11.089363 243.589737
v 334.842529 9.531852 217.948715
v 334.842529 11.647404 192.307693
v 334.842529 11.871842 166.666672
v 334.842529 11.462610 141.025635
v 334.842529 11.321279 115.384613
v 334.842529 12.430333 89.743591
v 334.842529 12.510371 64.102562
v 334.842529 13.942889 38.461540
v 334.842529 12.289560 12.820513
v 334.842529 13.575447 -12.820513
v 334.842529 11.224940 -38.461540
v 334.842529 12.530707 -64.102562
v 334.842529 12.596210 -89.743591
v 334.842529 13.235334 -115.384613
v 334.842529 13.033532 -141.025635
v 334.842529 12.757507 -166.666672
v 334.842529 12.485190 -192.307693
v 334.842529 11.368768 -217.948715
v 334.842529 12.819955 -243.589737
v 334.842529 12.721489 -269.230774
v 334.842529 14.064620 -294.871796
v 334.842529 17.729048 -320.512817
v 334.842529 20.972492 -346.153839
v 334.842529 22.102854 -371.794861
v 334.842529 23.394197 -397.435883
v 334.842529 29.183144 -423.076935
v 334.842529 34.870285 -448.717957
v 334.842529 32.617104 -474.358978
v 334.842529 23.159994 -500.000000
v 343.110229 23.868036 500.000000
v 343.110229 25.978359 474.358978
v 343.110229 22.877161 448.717957
v 343.110229 17.952261 423.076935
v 343.110229 15.235021 397.435883
v 343.110229 14.463286 371.794861
v 343.110229 13.163022 346.153839
v 343.110229 12.340534 320.512817
v 343.110229 10.942452 294.871796
v 343.110229 11.040968 269.230774
v 343.110229 10.595624 243.589737
v 343.110229 12.621726 217.948715
v 343.110229 11.467130 192.307693
v 343.110229 11.400396 166.666672
v 343.110229 11.348804 141.025635
v 343.110229 12.479528 115.384613
v 343.110229 12.211091 89.743591
v 343.110229 12.201325 64.102562
v 343.110229 13.451655 38.461540
v 343.110229 12.655836 12.820513
v 343.110229 13.057386 -12.820513
v 343.110229 13.811378 -38.461540
v 343.110229 12.613958 -64.102562
v 343.110229 12.875936 -89.743591
v 343.110229 14.514463 -115.384613
v 343.110229 12.389622 -141.025635
v 343.110229 13.473401 -166.666672
v 343.110229 12.324206 -192.307693
v 343.110229 12.796475 -217.948715
v 343.110229 12.706567 -243.589737
v 343.110229 14.264355 -269.230774
v 343.110229 15.128118 -294.871796
v 343.110229 17.907242 -320.512817
v 343.110229 21.334518 -346.153839
v 343.110229 22.878984 -371.794861
v 343.110229 24.490961 -397.435883
v 343.110229 30.792938 -423.076935
v 343.110229 35.602943 -448.717957
v 343.110229 32.061760 -474.358978
v 343.110229 22.456736 -500.000000
v 351.377960 25.099033 500.000000
v 351.377960 28.916126 474.358978
v 351.377960 26.857557 448.717957
v 351.377960 20.929577 423.076935
v 351.377960 16.578325 397.435883
v 351.377960 14.574084 371.794861
v 351.377960 12.981561 346.153839
v 351.377960 12.272045 320.512817
v 351.377960 10.890995 294.871796
v 351.377960 10.539491 269.230774
v 351.377960 11.053642 243.589737
v 351.377960 12.802530 217.948715
v 351.377960 12.192478 192.307693
v 351.377960 11.823940 166.666672
v 351.377960 12.468504 141.025635
v 351.377960 12.305118 115.384613
v 351.377960 11.230582 89.743591
v 351.377960 11.945812 64.102562
v 351.377960 13.135773 38.461540
v 351.377960 13.811461 12.820513
v 351.377960 11.714012 -12.820513
v 351.377960 13.795965 -38.461540
v 351.377960 13.758772 -64.102562
v 351.377960 13.835607 -89.743591
v 351.377960 13.663345 -115.384613
v 351.377960 14.217960 -141.025635
v 351.377960 12.805656 -166.666672
v 351.377960 12.056580 -192.307693
v 351.377960 13.033772 -217.948715
v 351.377960 12.753798 -243.589737
v 351.377960 13.472978 -269.230774
v 351.377960 15.588857 -294.871796
v 351.377960 19.244347 -320.512817
v 351.377960 21.815144 -346.153839
v 351.377960 23.416639 -371.794861
v 351.377960 25.475668 -397.435883
v 351.377960 32.358429 -423.076935
v 351.377960 36.441383 -448.717957
v 351.377960 31.821089 -474.358978
v 351.377960 22.232666 -500.000000
v 359.645660 25.872314 500.000000
v 359.645660 31.466930 474.358978
v 359.645660 30.659119 448.717957
v 359.645660 24.003695 423.076935
v 359.645660 17.910034 397.435883
v 359.645660 14.745320 371.794861
v 359.645660 13.074826 346.153839
v 359.645660 12.547987 320.512817
v 359.645660 12.454015 294.871796
v 359.645660 11.989487 269.230774
v 359.645660 10.471648 243.589737
v 359.645660 11.604961 217.948715
v 359.645660 11.071907 192.307693
v 359.645660 11.931280 166.666672
v 359.645660 12.085436 141.025635
v 359.645660 12.893066 115.384613
v 359.645660 13.890297 89.743591
v 359.645660 13.515075 64.102562
v 359.645660 12.740136 38.461540
v 359.645660 12.626086 12.820513
v 359.645660 13.544423 -12.820513
v 359.645660 13.154522 -38.461540
v 359.645660 13.209975 -64.102562
v 359.645660 13.654619 -89.743591
v 359.645660 13.068254 -115.384613
v 359.645660 14.293325 -141.025635
v 359.645660 13.440038 -166.666672
v 359.645660 13.444364 -192.307693
v 359.645660 13.505173 -217.948715
v 359.645660 13.611116 -243.589737
v 359.645660 14.972078 -269.230774
v 359.645660 14.973589 -294.871796
v 359.645660 18.710947 -320.512817
v 359.645660 22.265326 -346.153839
v 359.645660 23.892067 -371.794861
v 359.645660 26.425854 -397.435883
v 359.645660 33.748863 -423.076935
v 359.645660 37.386391 -448.717957
v 359.645660 32.046764 -474.358978
v 359.645660 22.684046 -500.000000
v 367.913391 26.220125 500.000000
v 367.913391 33.531849 474.358978
v 367.913391 34.064037 448.717957
v 367.913391 26.814970 423.076935
v 367.913391 19.218994 397.435883
v 367.913391 15.049873 371.794861
v 367.913391 13.324531 346.153839
v 367.913391 12.279598 320.512817
v 367.913391 13.129975 294.871796
v 367.913391 11.386227 269.230774
v 367.913391 11.982883 243.589737
v 367.913391 13.543020 217.948715
v 367.913391 12.714500 192.307693
v 367.913391 14.120239 166.666672
v 367.913391 13.864089 141.025635
v 367.913391 12.486388 115.384613
v 367.913391 12.679930 89.743591
v 367.913391 13.079793 64.102562
v 367.913391 13.650563 38.461540
v 367.913391 13.179448 12.820513
v 367.913391 13.534965 -12.820513
v 367.913391 13.907584 -38.461540
v 367.913391 13.960741 -64.102562
v 367.913391 13.583285 -89.743591
v 367.913391 15.029557 -115.384613
v 367.913391 14.001736 -141.025635
v 367.913391 14.064696 -166.666672
v 367.913391 13.845915 -192.307693
v 367.913391 13.502316 -217.948715
v 367.913391 13.125910 -243.589737
v 367.913391 13.922229 -269.230774
v 367.913391 14.781971 -294.871796
v 367.913391 18.798340 -320.512817
v 367.913391 22.180443 -346.153839
v 367.913391 23.886663 -371.794861
v 367.913391 26.986202 -397.435883
v 367.913391 34.946140 -423.076935
v 367.913391 38.420151 -448.717957
v 367.913391 32.815460 -474.358978
v 367.913391 23.900345 -500.000000
v 376.181091 26.193718 500.000000
v 376.181091 35.083870 474.358978
v 376.181091 36.955315 448.717957
v 376.181091 29.390091 423.076935
v 376.181091 20.463352 397.435883
v 376.181091 15.487138 371.794861
v 376.181091 13.063626 346.153839
v 376.181091 13.098140 320.512817
v 376.181091 12.407644 294.871796
v 376.181091 11.615579 269.230774
v 376.181091 11.674201 243.589737
v 376.181091 12.397349 217.948715
v 376.181091 12.880892 192.307693
v 376.181091 12.424564 166.666672
v 376.181091 13.637979 141.025635
v 376.181091 13.299692 115.384613
v 376.181091 13.439390 89.743591
v 376.181091 13.964097 64.102562
v 376.181091 14.252259 38.461540
v 376.181091 14.078007 12.820513
v 376.181091 13.043982 -12.820513
v 376.181091 14.056031 -38.461540
v 376.181091 14.526869 -64.102562
v 376.181091 14.371631 -89.743591
v 376.181091 13.551575 -115.384613
v 376.181091 13.368613 -141.025635
v 376.181091 14.274363 -166.666672
v 376.181091 14.644497 -192.307693
v 376.181091 12.901295 -217.948715
v 376.181091 14.069724 -243.589737
v 376.181091 13.767070 -269.230774
v 376.181091 15.476446 -294.871796
v 376.181091 19.031813 -320.512817
v 376.181091 22.313883 -346.153839
v 376.181091 23.997265 -371.794861
v 376.181091 27.281988 -397.435883
v 376.181091 35.830734 -423.076935
v 376.181091 39.522182 -448.717957
v 376.181091 34.148445 -474.358978
v 376.181091 25.909184 -500.000000
v 384.448822 25.921366 500.000000
v 384.448822 36.099110 474.358978
v 384.448822 39.151123 448.717957
v 384.448822 31.426775 423.076935
v 384.448822 21.549992 397.435883
v 384.448822 15.562391 371.794861
v 384.448822 13.304324 346.153839
v 384.448822 13.525409 320.512817
v 384.448822 12.950472 294.871796
v 384.448822 11.938169 269.230774
v 384.448822 11.992483 243.589737
v 384.448822 11.480365 217.948715
v 384.448822 12.071120 192.307693
v 384.448822 12.664785 166.666672
v 384.448822 13.734951 141.025635
v 384.448822 12.632425 115.384613
v 384.448822 13.131130 89.743591
v 384.448822 13.124965 64.102562
v 384.448822 13.866362 38.461540
v 384.448822 13.626697 12.820513
v 384.448822 13.826410 -12.820513
v 384.448822 13.823092 -38.461540
v 384.448822 14.426073 -64.102562
v 384.448822 14.422933 -89.743591
v 384.448822 13.494756 -115.384613
v 384.448822 14.003304 -141.025635
v 384.448822 13.766207 -166.666672
v 384.448822 14.408427 -192.307693
v 384.448822 13.961958 -217.948715
v 384.448822 14.100039 -243.589737
v 384.448822 14.009349 -269.230774
v 384.448822 15.386900 -294.871796
v 384.448822 19.135841 -320.512817
v 384.448822 22.222406 -346.153839
v 384.448822 23.772825 -371.794861
v 384.448822 27.371071 -397.435883
v 384.448822 36.348511 -423.076935
v 384.448822 40.645580 -448.717957
v 384.448822 36.023651 -474.358978
v 384.448822 28.659107 -500.000000
v 392.716522 25.591640 500.000000
v 392.716522 36.617882 474.358978
v 392.716522 40.509705 448.717957
v 392.716522 32.777687 423.076935
v 392.716522 22.379364 397.435883
v 392.716522 16.017456 371.794861
v 392.716522 13.463232 346.153839
v 392.716522 14.012321 320.512817
v 392.716522 13.354192 294.871796
v 392.716522 12.661249 269.230774
v 392.716522 12.634871 243.589737
v 392.716522 12.815615 217.948715
v 392.716522 12.693460 192.307693
v 392.716522 12.922631 166.666672
v 392.716522 13.126654 141.025635
v 392.716522 13.694343 115.384613
v 392.716522 13.420432 89.743591
v 392.716522 13.970057 64.102562
v 392.716522 13.842813 38.461540
v 392.716522 14.242528 12.820513
v 392.716522 14.281829 -12.820513
v 392.716522 14.038470 -38.461540
v 392.716522 14.466105 -64.102562
v 392.716522 14.199379 -89.743591
v 392.716522 14.630369 -115.384613
v 392.716522 14.218404 -141.025635
v 392.716522 14.379601 -166.666672
v 392.716522 14.171942 -192.307693
v 392.716522 13.534917 -217.948715
v 392.716522 14.035533 -243.589737
v 392.716522 14.163973 -269.230774
v 392.716522 16.190655 -294.871796
v 392.716522 18.915522 -320.512817
v 392.716522 22.237736 -346.153839
v 392.716522 23.751608 -371.794861
v 392.716522 27.115616 -397.435883
v 392.716522 36.498718 -423.076935
v 392.716522 41.723766 -448.717957
v 392.716522 38.339947 -474.358978
v 392.716522 31.988289 -500.000000
v 400.984253 25.378696 500.000000
v 400.984253 36.687923 474.358978
v 400.984253 40.912708 448.717957
v 400.984253 33.252319 423.076935
v 400.984253 22.751211 397.435883
v 400.984253 16.159269 371.794861
v 400.984253 13.554451 346.153839
v 400.984253 13.917846 320.512817
v 400.984253 13.561656 294.871796
v 400.984253 12.535666 269.230774
v 400.984253 12.443776 243.589737
v 400.984253 12.693293 217.948715
v 400.984253 13.599161 192.307693
v 400.984253 13.106118 166.666672
v 400.984253 13.718978 141.025635
v 400.984253 13.054982 115.384613
v 400.984253 13.631977 89.743591
v 400.984253 13.790476 64.102562
v 400.984253 14.759527 38.461540
v 400.984253 13.912686 12.820513
v 400.984253 14.926260 -12.820513
v 400.984253 14.480829 -38.461540
v 400.984253 14.708958 -64.102562
v 400.984253 14.601089 -89.743591
v 400.984253 14.360184 -115.384613
v 400.984253 14.489369 -141.025635
v 400.984253 14.736996 -166.666672
v 400.984253 14.412610 -192.307693
v 400.984253 14.701990 -217.948715
v 400.984253 14.708923 -243.589737
v 400.984253 14.566689 -269.230774
v 400.984253 16.342928 -294.871796
v 400.984253 19.120918 -320.512817
v 400.984253 22.424547 -346.153839
v 400.984253 23.579020 -371.794861
v 400.984253 26.620338 -397.435883
v 400.984253 36.221333 -423.076935
v 400.984253 42.686939 -448.717957
v 400.984253 40.997086 -474.358978
v 400.984253 35.754242 -500.000000
v 409.251984 24.620922 500.000000
v 409.251984 35.688950 474.358978
v 409.251984 39.993889 448.717957
v 409.251984 32.727551 423.076935
v 409.251984 22.531895 397.435883
v 409.251984 16.198236 371.794861
v 409.251984 13.786488 346.153839
v 409.251984 14.138706 320.512817
v 409.251984 13.806316 294.871796
v 409.251984 12.751736 269.230774
v 409.251984 12.860250 243.589737
v 409.251984 12.613624 217.948715
v 409.251984 13.638140 192.307693
v 409.251984 13.377903 166.666672
v 409.251984 13.535488 141.025635
v 409.251984 14.015947 115.384613
v 409.251984 13.542693 89.743591
v 409.251984 14.077899 64.102562
v 409.251984 14.482366 38.461540
v 409.251984 15.510701 12.820513
v 409.251984 14.070515 -12.820513
v 409.251984 14.972854 -38.461540
v 409.251984 14.876279 -64.102562
v 409.251984 14.633860 -89.743591
v 409.251984 15.442521 -115.384613
v 409.251984 14.146573 -141.025635
v 409.251984 15.007337 -166.666672
v 409.251984 14.975071 -192.307693
v 409.251984 14.365777 -217.948715
v 409.251984 14.838087 -243.589737
v 409.251984 14.648249 -269.230774
v 409.251984 16.096382 -294.871796
v 409.251984 19.875971 -320.512817
v 409.251984 22.520233 -346.153839
v 409.251984 23.451275 -371.794861
v 409.251984 25.720043 -397.435883
v 409.251984 35.348194 -423.076935
v 409.251984 43.103500 -448.717957
v 409.251984 43.464989 -474.358978
v 409.251984 39.699322 -500.000000
v 417.519684 23.267721 500.000000
v 417.519684 33.711052 474.358978
v 417.519684 38.042801 448.717957
v 417.519684 31.527390 423.076935
v 417.519684 22.114882 397.435883
v 417.519684 16.171801 371.794861
v 417.519684 13.837852 346.153839
v 417.519684 14.137807 320.512817
v 417.519684 14.364679 294.871796
v 417.519684 12.794306 269.230774
v 417.519684 12.974826 243.589737
v 417.519684 12.951778 217.948715
v 417.519684 13.641365 192.307693
v 417.519684 14.018723 166.666672
v 417.519684 13.766715 141.025635
v 417.519684 14.222637 115.384613
v 417.519684 14.101828 89.743591
v 417.519684 14.523694 64.102562
v 417.519684 15.024056 38.461540
v 417.519684 14.424048 12.820513
v 417.519684 14.566391 -12.820513
v 417.519684 14.727854 -38.461540
v 417.519684 14.431710 -64.102562
v 417.519684 14.866015 -89.743591
v 417.519684 14.588687 -115.384613
v 417.519684 15.228868 -141.025635
v 417.519684 15.218802 -166.666672
v 417.519684 15.207878 -192.307693
v 417.519684 15.487336 -217.948715
v 417.519684 14.323541 -243.589737
v 417.519684 14.898027 -269.230774
v 417.519684 16.451918 -294.871796
v 417.519684 20.328131 -320.512817
v 417.519684 23.053947 -346.153839
v 417.519684 23.061283 -371.794861
v 417.519684 24.664478 -397.435883
v 417.519684 34.079590 -423.076935
v 417.519684 42.867428 -448.717957
v 417.519684 45.327965 -474.358978
v 417.519684 43.392380 -500.000000
v 425.787415 21.788465 500.000000
v 425.787415 31.263678 474.358978
v 425.787415 35.514561 448.717957
v 425.787415 29.991753 423.076935
v 425.787415 21.595203 397.435883
v 425.787415 16.161013 371.794861
v 425.787415 14.255331 346.153839
v 425.787415 14.610792 320.512817
v 425.787415 14.373585 294.871796
v 425.787415 13.371080 269.230774
v 425.787415 13.560754 243.589737
v 425.787415 13.422592 217.948715
v 425.787415 13.308866 192.307693
v 425.787415 13.544075 166.666672
v 425.787415 13.734742 141.025635
v 425.787415 13.832968 115.384613
v 425.787415 15.089060 89.743591
v 425.787415 14.204274 64.102562
v 425.787415 14.844967 38.461540
v 425.787415 14.691337 12.820513
v 425.787415 15.086463 -12.820513
v 425.787415 15.452165 -38.461540
v 425.787415 15.077476 -64.102562
v 425.787415 14.836249 -89.743591
v 425.787415 14.895753 -115.384613
v 425.787415 15.410343 -141.025635
v 425.787415 14.956111 -166.666672
v 425.787415 14.935223 -192.307693
v 425.787415 15.340342 -217.948715
v 425.787415 15.230334 -243.589737
v 425.787415 14.970225 -269.230774
v 425.787415 17.129152 -294.871796
v 425.787415 20.909924 -320.512817
v 425.787415 23.239058 -346.153839
v 425.787415 22.772703 -371.794861
v 425.787415 23.666162 -397.435883
v 425.787415 32.677971 -423.076935
v 425.787415 42.117088 -448.717957
v 425.787415 46.479645 -474.358978
v 425.787415 46.524689 -500.000000
v 434.055115 20.632715 500.000000
v 434.055115 28.862513 474.358978
v 434.055115 32.883953 448.717957
v 434.055115 28.448536 423.076935
v 434.055115 21.228563 397.435883
v 434.055115 16.428442 371.794861
v 434.055115 14.507678 346.153839
v 434.055115 14.858350 320.512817
v 434.055115 14.284746 294.871796
v 434.055115 13.514884 269.230774
v 434.055115 13.375082 243.589737
v 434.055115 13.980641 217.948715
v 434.055115 13.903748 192.307693
v 434.055115 13.976115 166.666672
v 434.055115 13.761343 141.025635
v 434.055115 14.143647 115.384613
v 434.055115 14.314382 89.743591
v 434.055115 14.687783 64.102562
v 434.055115 14.710872 38.461540
v 434.055115 14.795585 12.820513
v 434.055115 15.277756 -12.820513
v 434.055115 15.087533 -38.461540
v 434.055115 15.528665 -64.102562
v 434.055115 15.641850 -89.743591
v 434.055115 15.112729 -115.384613
v 434.055115 15.590554 -141.025635
v 434.055115 15.608354 -166.666672
v 434.055115 15.363747 -192.307693
v 434.055115 15.334233 -217.948715
v 434.055115 15.275369 -243.589737
v 434.055115 15.772471 -269.230774
v 434.055115 17.203337 -294.871796
v 434.055115 21.126505 -320.512817
v 434.055115 23.696882 -346.153839
v 434.055115 22.680393 -371.794861
v 434.055115 22.901087 -397.435883
v 434.055115 31.405958 -423.076935
v 434.055115 41.009373 -448.717957
v 434.055115 46.829727 -474.358978
v 434.055115 48.783718 -500.000000
v 442.322845 20.127523 500.000000
v 442.322845 26.920204 474.358978
v 442.322845 30.547285 448.717957
v 442.322845 27.170593 423.076935
v 442.322845 21.140987 397.435883
v 442.322845 16.942209 371.794861
v 442.322845 15.198935 346.153839
v 442.322845 14.966716 320.512817
v 442.322845 14.641254 294.871796
v 442.322845 13.607664 269.230774
v 442.322845 13.599629 243.589737
v 442.322845 14.311600 217.948715
v 442.322845 14.344297 192.307693
v 442.322845 14.644655 166.666672
v 442.322845 14.248984 141.025635
v 442.322845 14.361963 115.384613
v 442.322845 14.751205 89.743591
v 442.322845 14.910892 64.102562
v 442.322845 15.047672 38.461540
v 442.322845 15.199011 12.820513
v 442.322845 15.282492 -12.820513
v 442.322845 15.327608 -38.461540
v 442.322845 15.465956 -64.102562
v 442.322845 15.700463 -89.743591
v 442.322845 15.768912 -115.384613
v 442.322845 15.419702 -141.025635
v 442.322845 15.620903 -166.666672
v 442.322845 15.605206 -192.307693
v 442.322845 15.560822 -217.948715
v 442.322845 15.454417 -243.589737
v 442.322845 15.826569 -269.230774
v 442.322845 17.668245 -294.871796
v 442.322845 21.720503 -320.512817
v 442.322845 23.865597 -346.153839
v 442.322845 22.751648 -371.794861
v 442.322845 22.580761 -397.435883
v 442.322845 30.462297 -423.076935
v 442.322845 39.705673 -448.717957
v 442.322845 46.385174 -474.358978
v 442.322845 50.001408 -500.000000
v 450.590546 20.442621 500.000000
v 450.590546 25.647005 474.358978
v 450.590546 28.703735 448.717957
v 450.590546 26.292210 423.076935
v 450.590546 21.413227 397.435883
v 450.590546 17.750879 371.794861
v 450.590546 15.995381 346.153839
v 450.590546 15.474956 320.512817
v 450.590546 14.820969 294.871796
v 450.590546 13.847224 269.230774
v 450.590546 13.856716 243.589737
v 450.590546 13.957833 217.948715
v 450.590546 14.432240 192.307693
v 450.590546 14.479299 166.666672
v 450.590546 14.943777 141.025635
v 450.590546 15.159957 115.384613
v 450.590546 14.991094 89.743591
v 450.590546 15.394139 64.102562
v 450.590546 15.116302 38.461540
v 450.590546 15.355075 12.820513
v 450.590546 15.512901 -12.820513
v 450.590546 15.752196 -38.461540
v 450.590546 15.699231 -64.102562
v 450.590546 15.690321 -89.743591
v 450.590546 15.842514 -115.384613
v 450.590546 15.839451 -141.025635
v 450.590546 15.915086 -166.666672
v 450.590546 15.706856 -192.307693
v 450.590546 15.990136 -217.948715
v 450.590546 15.919558 -243.589737
v 450.590546 15.963516 -269.230774
v 450.590546 18.050383 -294.871796
v 450.590546 21.856791 -320.512817
v 450.590546 24.244444 -346.153839
v 450.590546 23.072514 -371.794861
v 450.590546 22.731287 -397.435883
v 450.590546 29.936739 -423.076935
v 450.590546 38.293629 -448.717957
v 450.590546 45.178905 -474.358978
v 450.590546 50.137638 -500.000000
v 458.858276 21.698015 500.000000
v 458.858276 25.259739 474.358978
v 458.858276 27.587574 448.717957
v 458.858276 25.961189 423.076935
v 458.858276 22.097696 397.435883
v 458.858276 18.866589 371.794861
v 458.858276 17.042471 346.153839
v 458.858276 16.006947 320.512817
v 458.858276 14.960492 294.871796
v 458.858276 14.265182 269.230774
v 458.858276 14.088880 243.589737
v 458.858276 14.197401 217.948715
v 458.858276 14.521684 192.307693
v 458.858276 14.833355 166.666672
v 458.858276 14.748372 141.025635
v 458.858276 15.302768 115.384613
v 458.858276 15.242250 89.743591
v 458.858276 15.494841 64.102562
v 458.858276 15.517074 38.461540
v 458.858276 15.609852 12.820513
v 458.858276 15.876996 -12.820513
v 458.858276 15.573304 -38.461540
v 458.858276 15.926788 -64.102562
v 458.858276 16.024063 -89.743591
v 458.858276 16.027546 -115.384613
v 458.858276 16.285526 -141.025635
v 458.858276 16.084951 -166.666672
v 458.858276 16.014124 -192.307693
v 458.858276 16.191210 -217.948715
v 458.858276 15.910056 -243.589737
v 458.858276 16.387531 -269.230774
v 458.858276 18.281868 -294.871796
v 458.858276 22.115286 -320.512817
v 458.858276 24.520382 -346.153839
v 458.858276 23.602989 -371.794861
v 458.858276 23.395571 -397.435883
v 458.858276 29.909740 -423.076935
v 458.858276 36.913849 -448.717957
v 458.858276 43.336960 -474.358978
v 458.858276 49.229576 -500.000000
v 467.125977 23.861752 500.000000
v 467.125977 25.832300 474.358978
v 467.125977 27.315199 448.717957
v 467.125977 26.235750 423.076935
v 467.125977 23.182503 397.435883
v 467.125977 20.262938 371.794861
v 467.125977 18.260153 346.153839
v 467.125977 16.728796 320.512817
v 467.125977 15.297087 294.871796
v 467.125977 14.542789 269.230774
v 467.125977 14.415826 243.589737
v 467.125977 14.639050 217.948715
v 467.125977 14.862090 192.307693
v 467.125977 15.014589 166.666672
v 467.125977 15.140387 141.025635
v 467.125977 15.198326 115.384613
v 467.125977 15.565901 89.743591
v 467.125977 15.505753 64.102562
v 467.125977 15.537538 38.461540
v 467.125977 16.023710 12.820513
v 467.125977 16.028437 -12.820513
v 467.125977 16.015322 -38.461540
v 467.125977 16.171564 -64.102562
v 467.125977 16.319258 -89.743591
v 467.125977 16.370768 -115.384613
v 467.125977 16.238369 -141.025635
v 467.125977 16.251369 -166.666672
v 467.125977 16.189363 -192.307693
v 467.125977 16.305275 -217.948715
v 467.125977 16.267262 -243.589737
v 467.125977 16.491003 -269.230774
v 467.125977 18.445833 -294.871796
v 467.125977 22.201389 -320.512817
v 467.125977 24.792629 -346.153839
v 467.125977 24.341110 -371.794861
v 467.125977 24.515394 -397.435883
v 467.125977 30.375919 -423.076935
v 467.125977 35.692738 -448.717957
v 467.125977 41.074398 -474.358978
v 467.125977 47.466377 -500.000000
v 475.393707 26.848038 500.000000
v 475.393707 27.335514 474.358978
v 475.393707 27.888851 448.717957
v 475.393707 27.100822 423.076935
v 475.393707 24.621912 397.435883
v 475.393707 21.864510 371.794861
v 475.393707 19.609154 346.153839
v 475.393707 17.513636 320.512817
v 475.393707 15.660780 294.871796
v 475.393707 14.688042 269.230774
v 475.393707 14.557045 243.589737
v 475.393707 14.809093 217.948715
v 475.393707 15.151521 192.307693
v 475.393707 15.196430 166.666672
v 475.393707 15.345349 141.025635
v 475.393707 15.850327 115.384613
v 475.393707 15.613895 89.743591
v 475.393707 15.771485 64.102562
v 475.393707 15.928598 38.461540
v 475.393707 16.034040 12.820513
v 475.393707 16.042515 -12.820513
v 475.393707 16.247639 -38.461540
v 475.393707 16.040813 -64.102562
v 475.393707 16.367325 -89.743591
v 475.393707 16.298347 -115.384613
v 475.393707 16.256336 -141.025635
v 475.393707 16.188246 -166.666672
v 475.393707 16.119829 -192.307693
v 475.393707 16.194551 -217.948715
v 475.393707 16.124323 -243.589737
v 475.393707 16.511940 -269.230774
v 475.393707 18.307419 -294.871796
v 475.393707 22.108303 -320.512817
v 475.393707 24.981754 -346.153839
v 475.393707 25.216562 -371.794861
v 475.393707 26.005116 -397.435883
v 475.393707 31.281034 -423.076935
v 475.393707 34.695213 -448.717957
v 475.393707 38.575779 -474.358978
v 475.393707 45.065250 -500.000000
v 483.661407 30.419535 500.000000
v 483.661407 29.652082 474.358978
v 483.661407 29.268335 448.717957
v 483.661407 28.494699 423.076935
v 483.661407 26.309334 397.435883
v 483.661407 23.569334 371.794861
v 483.661407 20.998226 346.153839
v 483.661407 18.322012 320.512817
v 483.661407 16.134029 294.871796
v 483.661407 15.004066 269.230774
v 483.661407 14.935122 243.589737
v 483.661407 15.020459 217.948715
v 483.661407 15.255319 192.307693
v 483.661407 15.499704 166.666672
v 483.661407 15.733081 141.025635
v 483.661407 15.786398 115.384613
v 483.661407 16.036819 89.743591
v 483.661407 16.218866 64.102562
v 483.661407 16.148853 38.461540
v 483.661407 16.139799 12.820513
v 483.661407 16.266478 -12.820513
v 483.661407 16.249323 -38.461540
v 483.661407 16.208643 -64.102562
v 483.661407 16.117750 -89.743591
v 483.661407 16.099201 -115.384613
v 483.661407 16.198191 -141.025635
v 483.661407 16.186934 -166.666672
v 483.661407 16.076843 -192.307693
v 483.661407 16.111641 -217.948715
v 483.661407 16.131123 -243.589737
v 483.661407 16.435663 -269.230774
v 483.661407 18.159351 -294.871796
v 483.661407 21.864811 -320.512817
v 483.661407 24.974022 -346.153839
v 483.661407 26.016148 -371.794861
v 483.661407 27.636616 -397.435883
v 483.661407 32.494995 -423.076935
v 483.661407 34.031075 -448.717957
v 483.661407 36.180672 -474.358978
v 483.661407 42.424419 -500.000000
v 491.929138 34.203159 500.000000
v 491.929138 32.524742 474.358978
v 491.929138 31.291523 448.717957
v 491.929138 30.266382 423.076935
v 491.929138 28.077381 397.435883
v 491.929138 25.211729 371.794861
v 491.929138 22.308075 346.153839
v 491.929138 19.172607 320.512817
v 491.929138 16.624336 294.871796
v 491.929138 15.359522 269.230774
v 491.929138 15.128250 243.589737
v 491.929138 15.328821 217.948715
v 491.929138 15.522374 192.307693
v 491.929138 15.664010 166.666672
v 491.929138 15.896987 141.025635
v 491.929138 16.057692 115.384613
v 491.929138 16.125645 89.743591
v 491.929138 16.108450 64.102562
v 491.929138 16.059223 38.461540
v 491.929138 16.038845 12.820513
v 491.929138 16.179585 -12.820513
v 491.929138 16.098431 -38.461540
v 491.929138 16.023493 -64.102562
v 491.929138 16.134304 -89.743591
v 491.929138 16.127569 -115.384613
v 491.929138 16.177570 -141.025635
v 491.929138 16.046406 -166.666672
v 491.929138 16.111605 -192.307693
v 491.929138 16.040762 -217.948715
v 491.929138 16.024412 -243.589737
v 491.929138 16.419725 -269.230774
v 491.929138 18.014568 -294.871796
v 491.929138 21.554600 -320.512817
v 491.929138 24.943571 -346.153839
v 491.929138 26.771118 -371.794861
v 491.929138 29.217449 -397.435883
v 491.929138 33.809959 -423.076935
v 491.929138 33.776814 -448.717957
v 491.929138 34.282333 -474.358978
v 491.929138 40.055908 -500.000000
v 500.196838 37.833447 500.000000
v 500.196838 35.680416 474.358978
v 500.196838 33.769638 448.717957
v 500.196838 32.249451 423.076935
v 500.196838 29.758757 397.435883
v 500.196838 26.640675 371.794861
v 500.196838 23.425549 346.153839
v 500.196838 19.934563 320.512817
v 500.196838 17.088856 294.871796
v 500.196838 15.635214 269.230774
v 500.196838 15.410892 243.589737
v 500.196838 15.604679 217.948715
v 500.196838 15.779556 192.307693
v 500.196838 15.991631 166.666672
v 500.196838 16.031633 141.025635
v 500.196838 16.076258 115.384613
v 500.196838 16.054947 89.743591
v 500.196838 16.066399 64.102562
v 500.196838 16.055521 38.461540
v 500.196838 16.082001 12.820513
v 500.196838 16.057154 -12.820513
v 500.196838 16.034561 -38.461540
v 500.196838 16.101444 -64.102562
v 500.196838 16.046213 -89.743591
v 500.196838 16.055008 -115.384613
v 500.196838 16.075382 -141.025635
v 500.196838 16.068287 -166.666672
v 500.196838 16.070885 -192.307693
v 500.196838 16.071795 -217.948715
v 500.196838 16.022846 -243.589737
v 500.196838 16.378021 -269.230774
v 500.196838 17.869455 -294.871796
v 500.196838 21.270967 -320.512817
v 500.196838 24.869516 -346.153839
v 500.196838 27.366453 -371.794861
v 500.196838 30.555494 -397.435883
v 500.196838 35.102367 -423.076935
v 500.196838 34.065807 -448.717957
v 500.196838 33.319691 -474.358978
v 500.196838 38.510441 -500.000000
v 508.464569 41.042282 500.000000
v 508.464569 38.640469 474.358978
v 508.464569 36.082752 448.717957
v 508.464569 33.835445 423.076935
v 508.464569 30.848547 397.435883
v 508.464569 27.572409 371.794861
v 508.464569 24.316410 346.153839
v 508.464569 20.698868 320.512817
v 508.464569 17.615870 294.871796
v 508.464569 15.961015 269.230774
v 508.464569 15.688888 243.589737
v 508.464569 15.893337 217.948715
v 508.464569 16.024754 192.307693
v 508.464569 16.038366 166.666672
v 508.464569 16.033199 141.025635
v 508.464569 16.045250 115.384613
v 508.464569 16.026133 89.743591
v 508.464569 16.015837 64.102562
v 508.464569 16.024080 38.461540
v 508.464569 16.037170 12.820513
v 508.464569 16.036434 -12.820513
v 508.464569 16.029594 -38.461540
v 508.464569 16.046682 -64.102562
v 508.464569 16.027100 -89.743591
v 508.464569 16.034031 -115.384613
v 508.464569 16.032137 -141.025635
v 508.464569 16.030188 -166.666672
v 508.464569 16.017838 -192.307693
v 508.464569 16.018703 -217.948715
v 508.464569 16.008610 -243.589737
v 508.464569 16.351561 -269.230774
v 508.464569 17.710295 -294.871796
v 508.464569 20.965656 -320.512817
v 508.464569 24.718082 -346.153839
v 508.464569 27.681183 -371.794861
v 508.464569 31.278749 -397.435883
v 508.464569 35.725929 -423.076935
v 508.464569 34.199001 -448.717957
v 508.464569 32.797024 -474.358978
v 508.464569 37.505371 -500.000000
v 516.732300 43.751137 500.000000
v 516.732300 41.097939 474.358978
v 516.732300 37.839008 448.717957
v 516.732300 34.740314 423.076935
v 516.732300 31.199226 397.435883
v 516.732300 27.964251 371.794861
v 516.732300 25.015341 346.153839
v 516.732300 21.495289 320.512817
v 516.732300 18.198463 294.871796
v 516.732300 16.299015 269.230774
v 516.732300 15.990316 243.589737
v 516.732300 16.000235 217.948715
v 516.732300 16.003412 192.307693
v 516.732300 16.004389 166.666672
v 516.732300 16.005627 141.025635
v 516.732300 16.011267 115.384613
v 516.732300 16.009115 89.743591
v 516.732300 16.006330 64.102562
v 516.732300 16.009266 38.461540
v 516.732300 16.006884 12.820513
v 516.732300 16.005180 -12.820513
v 516.732300 16.009272 -38.461540
v 516.732300 16.011406 -64.102562
v 516.732300 16.006710 -89.743591
v 516.732300 16.006216 -115.384613
v 516.732300 16.005577 -141.025635
v 516.732300 16.004551 -166.666672
v 516.732300 16.004948 -192.307693
v 516.732300 16.002102 -217.948715
v 516.732300 16.000051 -243.589737
v 516.732300 16.330214 -269.230774
v 516.732300 17.534626 -294.871796
v 516.732300 20.637863 -320.512817
v 516.732300 24.538208 -346.153839
v 516.732300 27.800797 -371.794861
v 516.732300 31.404829 -397.435883
v 516.732300 35.475845 -423.076935
v 516.732300 33.676937 -448.717957
v 516.732300 32.074242 -474.358978
v 516.732300 36.453693 -500.000000
v 525.000000 45.838741 500.000000
v 525.000000 42.979202 474.358978
v 525.000000 39.091042 448.717957
v 525.000000 35.138916 423.076935
v 525.000000 31.022720 397.435883
v 525.000000 27.927519 371.794861
v 525.000000 25.494583 346.153839
v 525.000000 22.239830 320.512817
v 525.000000 18.780605 294.871796
v 525.000000 16.534729 269.230774
v 525.000000 16.000000 243.589737
v 525.000000 16.000000 217.948715
v 525.000000 16.000000 192.307693
v 525.000000 16.000000 166.666672
v 525.000000 16.000000 141.025635
v 525.000000 16.000000 115.384613
v 525.000000 16.000000 89.743591
v 525.000000 16.000000 64.102562
v 525.000000 16.000000 38.461540
v 525.000000 16.000000 12.820513
v 525.000000 16.000000 -12.820513
v 525.000000 16.000000 -38.461540
v 525.000000 16.000000 -64.102562
v 525.000000 16.000000 -89.743591
v 525.000000 16.000000 -115.384613
v 525.000000 16.000000 -141.025635
v 525.000000 16.000000 -166.666672
v 525.000000 16.000000 -192.307693
v 525.000000 16.000000 -217.948715
v 525.000000 16.000000 -243.589737
v 525.000000 16.309851 -269.230774
v 525.000000 17.363350 -294.871796
v 525.000000 20.341921 -320.512817
v 525.000000 24.408161 -346.153839
v 525.000000 27.842457 -371.794861
v 525.000000 31.125843 -397.435883
v 525.000000 34.609104 -423.076935
v 525.000000 32.736351 -448.717957
v 525.000000 31.322948 -474.358978
v 525.000000 35.504963 -500.000000
vn -0.1066 0.9346 0.3392
vn -0.1840 0.9402 0.2865
vn -0.1749 0.9844 -0.0212
vn -0.0277 0.9518 -0.3056
vn 0.1104 0.9338 -0.3404
vn 0.1205 0.9750 -0.1864
vn 0.0492 0.9929 -0.1079
vn 0.0080 0.9938 -0.1105
vn 0.0278 0.9949 -0.0968
vn 0.0387 0.9982 -0.0457
vn 0.0372 0.9992 -0.0138
vn 0.0369 0.9993 -0.0072
vn 0.0365 0.9993 -0.0070
vn 0.0366 0.9993 -0.0069
vn 0.0362 0.9993 -0.0065
vn 0.0359 0.9993 -0.0062
vn 0.0357 0.9993 -0.0059
vn 0.0361 0.9993 -0.0056
vn 0.0356 0.9994 -0.0050
vn 0.0358 0.9993 -0.0046
vn 0.0362 0.9993 -0.0041
vn 0.0359 0.9993 -0.0035
vn 0.0361 0.9993 -0.0030
vn 0.0359 0.9994 -0.0023
vn 0.0367 0.9993 -0.0019
vn 0.0364 0.9993 -0.0011
vn 0.0359 0.9994 -0.0005
vn 0.0363 0.9993 -0.0000
vn 0.0368 0.9993 0.0007
vn 0.0372 0.9993 0.0085
vn 0.0416 0.9978 0.0517
vn 0.0677 0.9916 0.1104
vn 0.1124 0.9822 0.1502
vn 0.1395 0.9750 0.1731
vn 0.1182 0.9794 0.1636
vn 0.0714 0.9851 0.1563
vn 0.0475 0.9752 0.2160
vn 0.0310 0.9778 0.2072
vn 0.0931 0.9946 0.0463
vn 0.2124 0.9704 -0.1151
vn -0.1228 0.9278 0.3524
vn -0.1791 0.9408 0.2879
vn -0.1617 0.9862 -0.0362
vn -0.0211 0.9433 -0.3312
vn 0.1038 0.9323 -0.3465
vn 0.0992 0.9792 -0.1771
vn 0.0399 0.9943 -0.0988
vn 0.0170 0.9937 -0.1111
vn 0.0328 0.9946 -0.0990
vn 0.0382 0.9982 -0.0458
vn 0.0366 0.9992 -0.0136
vn 0.0359 0.9993 -0.0071
vn 0.0359 0.9993 -0.0070
vn 0.0356 0.9993 -0.0068
vn 0.0350 0.9994 -0.0064
vn 0.0358 0.9993 -0.0063
vn 0.0352 0.9994 -0.0058
vn 0.0357 0.9993 -0.0056
vn 0.0360 0.9993 -0.0050
vn 0.0355 0.9994 -0.0046
vn 0.0343 0.9994 -0.0039
vn 0.0352 0.9994 -0.0037
vn 0.0352 0.9994 -0.0029
vn 0.0349 0.9994 -0.0024
vn 0.0356 0.9994 -0.0019
vn 0.0354 0.9994 -0.0010
vn 0.0359 0.9994 -0.0006
vn 0.0365 0.9993 -0.0000
vn 0.0361 0.9993 0.0007
vn 0.0362 0.9993 0.0081
vn 0.0408 0.9980 0.0489
vn 0.0663 0.9924 0.1034
vn 0.1117 0.9836 0.1419
vn 0.1476 0.9744 0.1696
vn 0.1451 0.9752 0.1670
vn 0.1181 0.9799 0.1607
vn 0.1050 0.9701 0.2186
vn 0.0894 0.9749 0.2038
vn 0.1460 0.9890 0.0256
vn 0.2509 0.9584 -0.1357
vn -0.1297 0.9203 0.3691
vn -0.1524 0.9451 0.2891
vn -0.1192 0.9911 -0.0586
vn -0.0161 0.9296 -0.3682
vn 0.0637 0.9322 -0.3564
vn 0.0627 0.9840 -0.1669
vn 0.0310 0.9955 -0.0892
vn 0.0223 0.9934 -0.1121
vn 0.0312 0.9944 -0.1013
vn 0.0350 0.9983 -0.0461
vn 0.0357 0.9993 -0.0135
vn 0.0333 0.9994 -0.0067
vn 0.0325 0.9994 -0.0069
vn 0.0336 0.9994 -0.0068
vn 0.0330 0.9994 -0.0065
vn 0.0325 0.9995 -0.0062
vn 0.0338 0.9994 -0.0061
vn 0.0342 0.9994 -0.0048
vn 0.0338 0.9994 -0.0042
vn 0.0337 0.9994 -0.0040
vn 0.0342 0.9994 -0.0038
vn 0.0330 0.9995 -0.0027
vn 0.0329 0.9995 -0.0025
vn 0.0320 0.9995 -0.0018
vn 0.0315 0.9995 -0.0011
vn 0.0343 0.9994 -0.0011
vn 0.0358 0.9994 -0.0000
vn 0.0345 0.9994 0.0007
vn 0.0353 0.9993 0.0074
vn 0.0408 0.9982 0.0438
vn 0.0682 0.9935 0.0917
vn 0.1135 0.9854 0.1268
vn 0.1604 0.9742 0.1589
vn 0.1913 0.9677 0.1639
vn 0.2082 0.9649 0.1600
vn 0.2197 0.9511 0.2170
vn 0.2122 0.9567 0.1991
vn 0.2352 0.9720 -0.0016
vn 0.2810 0.9473 -0.1541
vn -0.1121 0.9198 0.3760
vn -0.1059 0.9531 0.2836
vn -0.0664 0.9950 -0.0749
vn -0.0070 0.9201 -0.3915
vn 0.0304 0.9317 -0.3619
vn 0.0343 0.9861 -0.1624
vn 0.0221 0.9961 -0.0854
vn 0.0174 0.9935 -0.1128
vn 0.0248 0.9943 -0.1033
vn 0.0316 0.9984 -0.0473
vn 0.0338 0.9993 -0.0133
vn 0.0370 0.9993 -0.0069
vn 0.0327 0.9994 -0.0064
vn 0.0330 0.9994 -0.0069
vn 0.0343 0.9994 -0.0065
vn 0.0326 0.9995 -0.0061
vn 0.0305 0.9995 -0.0062
vn 0.0311 0.9995 -0.0058
vn 0.0298 0.9995 -0.0045
vn 0.0306 0.9995 -0.0044
vn 0.0314 0.9995 -0.0042
vn 0.0302 0.9995 -0.0033
vn 0.0352 0.9994 -0.0034
vn 0.0325 0.9995 -0.0018
vn 0.0325 0.9995 -0.0016
vn 0.0334 0.9994 -0.0017
vn 0.0334 0.9994 -0.0015
vn 0.0310 0.9995 0.0004
vn 0.0303 0.9995 0.0008
vn 0.0343 0.9994 0.0062
vn 0.0397 0.9985 0.0385
vn 0.0669 0.9945 0.0804
vn 0.1078 0.9879 0.1116
vn 0.1557 0.9774 0.1430
vn 0.2069 0.9668 0.1500
vn 0.2558 0.9552 0.1491
vn 0.2852 0.9352 0.2100
vn 0.2857 0.9374 0.1990
vn 0.2794 0.9601 -0.0114
vn 0.2723 0.9498 -0.1541
vn -0.0685 0.9246 0.3748
vn -0.0423 0.9615 0.2714
vn -0.0001 0.9966 -0.0826
vn 0.0268 0.9144 -0.4040
vn 0.0366 0.9307 -0.3639
vn 0.0414 0.9861 -0.1611
vn 0.0365 0.9958 -0.0836
vn 0.0232 0.9934 -0.1120
vn 0.0216 0.9943 -0.1046
vn 0.0303 0.9983 -0.0492
vn 0.0346 0.9993 -0.0147
vn 0.0340 0.9994 -0.0062
vn 0.0325 0.9995 -0.0060
vn 0.0314 0.9995 -0.0069
vn 0.0292 0.9996 -0.0050
vn 0.0303 0.9995 -0.0063
vn 0.0303 0.9995 -0.0056
vn 0.0310 0.9995 -0.0047
vn 0.0318 0.9995 -0.0046
vn 0.0292 0.9996 -0.0036
vn 0.0283 0.9996 -0.0043
vn 0.0339 0.9994 -0.0038
vn 0.0291 0.9996 -0.0013
vn 0.0352 0.9994 -0.0027
vn 0.0400 0.9992 -0.0017
vn 0.0333 0.9994 -0.0001
vn 0.0273 0.9996 0.0010
vn 0.0348 0.9994 -0.0007
vn 0.0358 0.9993 0.0053
vn 0.0397 0.9987 0.0334
vn 0.0662 0.9953 0.0704
vn 0.0981 0.9902 0.0997
vn 0.1275 0.9833 0.1299
vn 0.1617 0.9775 0.1351
vn 0.2055 0.9691 0.1361
vn 0.2385 0.9494 0.2044
vn 0.2545 0.9455 0.2033
vn 0.2502 0.9682 -0.0075
vn 0.2271 0.9624 -0.1487
vn -0.0154 0.9315 0.3633
vn 0.0173 0.9657 0.2591
vn 0.0599 0.9942 -0.0889
vn 0.0687 0.9103 -0.4082
vn 0.0602 0.9300 -0.3626
vn 0.0695 0.9845 -0.1610
vn 0.0643 0.9947 -0.0799
vn 0.0381 0.9935 -0.1072
vn 0.0196 0.9944 -0.1035
vn 0.0293 0.9982 -0.0517
vn 0.0361 0.9992 -0.0154
vn 0.0324 0.9995 -0.0053
vn 0.0312 0.9995 -0.0058
vn 0.0260 0.9996 -0.0064
vn 0.0301 0.9995 -0.0065
vn 0.0266 0.9996 -0.0047
vn 0.0328 0.9994 -0.0074
vn 0.0183 0.9998 -0.0035
vn 0.0337 0.9994 -0.0074
vn 0.0284 0.9996 -0.0031
vn 0.0374 0.9993 -0.0046
vn 0.0320 0.9995 -0.0042
vn 0.0226 0.9997 -0.0017
vn 0.0272 0.9996 -0.0031
vn 0.0260 0.9997 -0.0037
vn 0.0258 0.9997 -0.0009
vn 0.0217 0.9998 0.0018
vn 0.0306 0.9995 -0.0000
vn 0.0268 0.9996 -0.0022
vn 0.0268 0.9996 0.0038
vn 0.0419 0.9987 0.0289
vn 0.0646 0.9960 0.0619
vn 0.0865 0.9918 0.0936
vn 0.0906 0.9880 0.1253
vn 0.0934 0.9874 0.1277
vn 0.1147 0.9853 0.1264
vn 0.1429 0.9698 0.1978
vn 0.1744 0.9636 0.2028
vn 0.1892 0.9819 -0.0027
vn 0.1742 0.9739 -0.1456
vn 0.0252 0.9374 0.3474
vn 0.0659 0.9663 0.2490
vn 0.1048 0.9897 -0.0976
vn 0.0952 0.9090 -0.4057
vn 0.0741 0.9299 -0.3602
vn 0.0897 0.9827 -0.1619
vn 0.0890 0.9932 -0.0748
vn 0.0499 0.9940 -0.0973
vn 0.0238 0.9946 -0.1010
vn 0.0295 0.9981 -0.0543
vn 0.0297 0.9994 -0.0151
vn 0.0252 0.9997 -0.0043
vn 0.0299 0.9995 -0.0053
vn 0.0422 0.9991 -0.0087
vn 0.0361 0.9993 -0.0050
vn 0.0362 0.9993 -0.0058
vn 0.0239 0.9997 -0.0028
vn 0.0256 0.9997 -0.0063
vn 0.0256 0.9996 -0.0069
vn 0.0294 0.9996 -0.0055
vn 0.0381 0.9993 -0.0053
vn 0.0439 0.9990 -0.0026
vn 0.0346 0.9994 -0.0012
vn 0.0355 0.9994 -0.0002
vn 0.0080 1.0000 -0.0021
vn 0.0261 0.9997 -0.0033
vn 0.0350 0.9994 -0.0010
vn 0.0435 0.9991 0.0007
vn 0.0249 0.9997 0.0003
vn 0.0287 0.9996 0.0015
vn 0.0331 0.9992 0.0221
vn 0.0581 0.9968 0.0551
vn 0.0746 0.9928 0.0933
vn 0.0534 0.9903 0.1283
vn 0.0350 0.9913 0.1270
vn 0.0418 0.9919 0.1200
vn 0.0654 0.9799 0.1884
vn 0.1075 0.9748 0.1956
vn 0.1348 0.9909 -0.0026
vn 0.1246 0.9818 -0.1432
vn 0.0600 0.9407 0.3339
vn 0.1028 0.9660 0.2372
vn 0.1343 0.9856 -0.1029
vn 0.1098 0.9100 -0.3998
vn 0.0794 0.9305 -0.3577
vn 0.1022 0.9810 -0.1649
vn 0.1065 0.9920 -0.0684
vn 0.0659 0.9941 -0.0856
vn 0.0272 0.9950 -0.0960
vn 0.0173 0.9984 -0.0531
vn 0.0122 0.9998 -0.0134
vn 0.0308 0.9995 -0.0080
vn 0.0467 0.9989 -0.0103
vn 0.0318 0.9995 -0.0058
vn 0.0070 1.0000 -0.0014
vn 0.0405 0.9991 -0.0087
vn 0.0332 0.9994 -0.0014
vn 0.0477 0.9988 -0.0060
vn 0.0141 0.9999 -0.0047
vn 0.0272 0.9996 -0.0092
vn 0.0210 0.9998 -0.0059
vn 0.0354 0.9994 -0.0041
vn 0.0340 0.9994 -0.0002
vn 0.0274 0.9996 0.0026
vn 0.0318 0.9995 -0.0019
vn 0.0416 0.9991 -0.0054
vn 0.0259 0.9997 0.0020
vn 0.0266 0.9996 0.0023
vn 0.0390 0.9992 0.0017
vn 0.0287 0.9994 0.0170
vn 0.0579 0.9970 0.0511
vn 0.0516 0.9940 0.0959
vn 0.0205 0.9906 0.1352
vn -0.0096 0.9911 0.1325
vn -0.0113 0.9931 0.1171
vn 0.0082 0.9842 0.1769
vn 0.0557 0.9813 0.1844
vn 0.0886 0.9961 -0.0053
vn 0.0803 0.9868 -0.1407
vn 0.0845 0.9436 0.3202
vn 0.1274 0.9657 0.2263
vn 0.1509 0.9830 -0.1049
vn 0.1151 0.9130 -0.3913
vn 0.0781 0.9314 -0.3556
vn 0.1071 0.9796 -0.1700
vn 0.1248 0.9901 -0.0640
vn 0.0754 0.9947 -0.0704
vn 0.0343 0.9956 -0.0875
vn 0.0246 0.9984 -0.0508
vn 0.0249 0.9995 -0.0172
vn 0.0225 0.9997 -0.0097
vn 0.0107 0.9999 -0.0105
vn 0.0078 1.0000 0.0041
vn 0.0329 0.9994 -0.0112
vn 0.0069 0.9999 -0.0091
vn 0.0320 0.9995 -0.0043
vn 0.0436 0.9990 -0.0028
vn 0.0362 0.9993 -0.0028
vn 0.0235 0.9997 -0.0064
vn 0.0234 0.9997 -0.0080
vn 0.0084 1.0000 -0.0023
vn -0.0077 1.0000 0.0037
vn 0.0207 0.9998 -0.0048
vn 0.0353 0.9994 -0.0051
vn 0.0316 0.9995 -0.0012
vn 0.0166 0.9999 0.0009
vn 0.0155 0.9999 -0.0010
vn 0.0338 0.9994 -0.0008
vn 0.0198 0.9998 0.0010
vn 0.0356 0.9992 0.0162
vn 0.0463 0.9978 0.0481
vn 0.0327 0.9940 0.1041
vn -0.0071 0.9895 0.1440
vn -0.0438 0.9892 0.1401
vn -0.0420 0.9925 0.1148
vn -0.0272 0.9853 0.1685
vn 0.0193 0.9854 0.1689
vn 0.0541 0.9985 -0.0090
vn 0.0448 0.9895 -0.1372
vn 0.0988 0.9466 0.3068
vn 0.1402 0.9661 0.2169
vn 0.1560 0.9823 -0.1040
vn 0.1124 0.9177 -0.3810
vn 0.0715 0.9325 -0.3540
vn 0.1099 0.9777 -0.1790
vn 0.1342 0.9892 -0.0592
vn 0.0889 0.9945 -0.0555
vn 0.0475 0.9957 -0.0796
vn 0.0388 0.9980 -0.0495
vn 0.0316 0.9994 -0.0146
vn 0.0247 0.9997 -0.0036
vn 0.0046 0.9999 -0.0097
vn 0.0359 0.9993 -0.0073
vn 0.0341 0.9994 -0.0073
vn -0.0118 0.9999 -0.0019
vn 0.0142 0.9998 -0.0122
vn 0.0198 0.9998 -0.0058
vn 0.0269 0.9996 -0.0000
vn 0.0160 0.9999 -0.0043
vn 0.0352 0.9993 -0.0083
vn 0.0222 0.9997 0.0033
vn 0.0199 0.9998 -0.0010
vn 0.0343 0.9994 -0.0072
vn 0.0278 0.9996 -0.0054
vn 0.0081 1.0000 0.0010
vn 0.0337 0.9994 0.0022
vn 0.0126 0.9999 -0.0020
vn 0.0120 0.9999 0.0003
vn 0.0254 0.9997 -0.0037
vn 0.0466 0.9988 0.0160
vn 0.0259 0.9985 0.0478
vn 0.0199 0.9937 0.1104
vn -0.0286 0.9867 0.1603
vn -0.0635 0.9874 0.1448
vn -0.0531 0.9925 0.1105
vn -0.0362 0.9862 0.1618
vn 0.0065 0.9880 0.1542
vn 0.0332 0.9994 -0.0123
vn 0.0206 0.9910 -0.1323
vn 0.1020 0.9502 0.2945
vn 0.1401 0.9678 0.2092
vn 0.1491 0.9837 -0.1007
vn 0.1020 0.9235 -0.3697
vn 0.0611 0.9333 -0.3540
vn 0.1032 0.9764 -0.1899
vn 0.1352 0.9892 -0.0566
vn 0.0887 0.9952 -0.0401
vn 0.0420 0.9966 -0.0705
vn 0.0329 0.9983 -0.0474
vn 0.0268 0.9996 -0.0091
vn 0.0068 1.0000 -0.0050
vn 0.0535 0.9985 -0.0146
vn 0.0356 0.9993 -0.0071
vn 0.0085 1.0000 0.0039
vn 0.0401 0.9992 -0.0067
vn 0.0299 0.9994 -0.0145
vn -0.0146 0.9999 -0.0051
vn 0.0269 0.9996 0.0015
vn 0.0180 0.9998 -0.0033
vn -0.0004 1.0000 -0.0099
vn 0.0044 1.0000 -0.0007
vn 0.0378 0.9993 -0.0034
vn 0.0200 0.9998 -0.0041
vn -0.0040 1.0000 0.0029
vn 0.0241 0.9997 -0.0077
vn 0.0411 0.9992 -0.0007
vn 0.0475 0.9989 0.0046
vn 0.0543 0.9985 -0.0058
vn 0.0454 0.9990 -0.0025
vn 0.0256 0.9996 0.0136
vn 0.0305 0.9980 0.0559
vn 0.0017 0.9931 0.1169
vn -0.0488 0.9831 0.1766
vn -0.0647 0.9873 0.1452
vn -0.0414 0.9937 0.1043
vn -0.0214 0.9884 0.1504
vn 0.0139 0.9890 0.1473
vn 0.0288 0.9995 -0.0139
vn 0.0113 0.9920 -0.1256
vn 0.0952 0.9541 0.2839
vn 0.1288 0.9706 0.2031
vn 0.1325 0.9866 -0.0957
vn 0.0861 0.9296 -0.3583
vn 0.0472 0.9338 -0.3547
vn 0.0956 0.9745 -0.2030
vn 0.1309 0.9899 -0.0540
vn 0.0989 0.9948 -0.0262
vn 0.0458 0.9971 -0.0606
vn 0.0296 0.9986 -0.0448
vn 0.0299 0.9995 -0.0048
vn 0.0082 0.9999 -0.0093
vn 0.0377 0.9991 -0.0177
vn 0.0285 0.9996 -0.0014
vn 0.0671 0.9977 -0.0005
vn 0.0546 0.9985 -0.0096
vn 0.0370 0.9993 -0.0067
vn 0.0278 0.9996 -0.0058
vn 0.0328 0.9995 -0.0014
vn 0.0304 0.9995 0.0031
vn 0.0212 0.9998 -0.0050
vn 0.0115 0.9999 -0.0065
vn 0.0380 0.9992 -0.0079
vn 0.0309 0.9995 0.0001
vn 0.0258 0.9997 0.0008
vn 0.0528 0.9985 -0.0124
vn 0.0105 0.9999 -0.0033
vn 0.0457 0.9990 -0.0017
vn 0.0621 0.9981 -0.0050
vn 0.0276 0.9996 0.0097
vn 0.0190 0.9997 0.0150
vn 0.0177 0.9982 0.0572
vn -0.0043 0.9914 0.1306
vn -0.0532 0.9810 0.1868
vn -0.0492 0.9889 0.1405
vn -0.0072 0.9956 0.0937
vn 0.0138 0.9898 0.1417
vn 0.0381 0.9889 0.1434
vn 0.0418 0.9990 -0.0129
vn 0.0182 0.9930 -0.1169
vn 0.0779 0.9583 0.2750
vn 0.1064 0.9743 0.1984
vn 0.1069 0.9902 -0.0899
vn 0.0660 0.9353 -0.3476
vn 0.0350 0.9333 -0.3575
vn 0.0871 0.9723 -0.2171
vn 0.1195 0.9914 -0.0530
vn 0.1053 0.9943 -0.0156
vn 0.0431 0.9980 -0.0467
vn 0.0421 0.9981 -0.0446
vn 0.0038 1.0000 -0.0012
vn 0.0812 0.9965 -0.0204
vn 0.0211 0.9998 -0.0061
vn 0.0352 0.9994 -0.0070
vn 0.0305 0.9995 -0.0042
vn 0.0050 1.0000 -0.0035
vn 0.0102 0.9999 -0.0061
vn 0.0580 0.9983 -0.0066
vn 0.0259 0.9997 0.0002
vn 0.0272 0.9996 -0.0025
vn 0.0536 0.9986 -0.0039
vn 0.0121 0.9999 -0.0069
vn 0.0601 0.9982 -0.0094
vn 0.0487 0.9988 0.0052
vn 0.0405 0.9992 0.0007
vn -0.0176 0.9998 -0.0112
vn 0.0294 0.9996 0.0004
vn 0.0148 0.9999 -0.0073
vn 0.0240 0.9997 -0.0000
vn 0.0162 0.9999 0.0060
vn 0.0397 0.9991 0.0175
vn 0.0193 0.9978 0.0632
vn -0.0149 0.9898 0.1419
vn -0.0343 0.9812 0.1899
vn -0.0135 0.9920 0.1252
vn 0.0520 0.9951 0.0837
vn 0.0724 0.9879 0.1369
vn 0.0857 0.9863 0.1407
vn 0.0739 0.9972 -0.0086
vn 0.0438 0.9934 -0.1058
vn 0.0499 0.9621 0.2682
vn 0.0721 0.9782 0.1945
vn 0.0726 0.9938 -0.0843
vn 0.0432 0.9397 -0.3394
vn 0.0229 0.9319 -0.3620
vn 0.0628 0.9715 -0.2287
vn 0.1143 0.9919 -0.0550
vn 0.0768 0.9970 -0.0028
vn 0.0470 0.9983 -0.0343
vn -0.0073 0.9993 -0.0379
vn 0.0099 0.9999 -0.0051
vn 0.0025 0.9997 -0.0241
vn -0.0427 0.9991 -0.0022
vn -0.0144 0.9999 -0.0045
vn 0.0135 0.9999 -0.0094
vn 0.0457 0.9990 -0.0021
vn 0.0431 0.9991 -0.0027
vn 0.0023 0.9999 -0.0108
vn 0.0119 0.9999 0.0001
vn 0.0395 0.9992 -0.0102
vn 0.0337 0.9994 0.0016
vn 0.0219 0.9997 -0.0090
vn 0.0454 0.9988 -0.0156
vn -0.0081 0.9999 0.0095
vn 0.0282 0.9995 0.0121
vn -0.0008 0.9999 -0.0146
vn 0.0500 0.9987 -0.0030
vn 0.0138 0.9999 -0.0055
vn 0.0172 0.9998 -0.0034
vn 0.0386 0.9992 0.0054
vn 0.0532 0.9985 0.0161
vn 0.0282 0.9970 0.0726
vn -0.0019 0.9887 0.1496
vn 0.0051 0.9830 0.1833
vn 0.0434 0.9934 0.1065
vn 0.1228 0.9900 0.0700
vn 0.1541 0.9793 0.1315
vn 0.1548 0.9777 0.1421
vn 0.1270 0.9919 -0.0004
vn 0.0913 0.9915 -0.0924
vn 0.0100 0.9642 0.2649
vn 0.0258 0.9814 0.1901
vn 0.0307 0.9963 -0.0804
vn 0.0187 0.9421 -0.3347
vn 0.0118 0.9304 -0.3662
vn 0.0485 0.9686 -0.2438
vn 0.0952 0.9937 -0.0596
vn 0.0833 0.9965 0.0084
vn 0.0703 0.9973 -0.0215
vn 0.0410 0.9985 -0.0356
vn 0.0669 0.9977 -0.0056
vn -0.0257 0.9997 0.0007
vn 0.0221 0.9996 -0.0164
vn 0.0255 0.9995 -0.0180
vn 0.0088 0.9999 -0.0141
vn 0.0400 0.9992 -0.0052
vn 0.0119 0.9999 0.0007
vn 0.0290 0.9996 -0.0001
vn -0.0401 0.9992 -0.0080
vn 0.0593 0.9982 -0.0083
vn 0.0060 1.0000 0.0026
vn 0.0378 0.9993 -0.0045
vn -0.0209 0.9996 -0.0202
vn 0.0329 0.9994 0.0106
vn 0.0618 0.9981 0.0024
vn 0.0808 0.9967 -0.0113
vn -0.0058 0.9999 0.0087
vn 0.0479 0.9988 -0.0017
vn -0.0309 0.9995 -0.0118
vn 0.0226 0.9997 -0.0034
vn -0.0018 0.9997 0.0255
vn -0.0131 0.9970 0.0764
vn 0.0088 0.9888 0.1489
vn 0.0248 0.9856 0.1672
vn 0.1216 0.9890 0.0840
vn 0.2168 0.9750 0.0484
vn 0.2549 0.9589 0.1251
vn 0.2433 0.9588 0.1468
vn 0.2011 0.9795 0.0113
vn 0.1616 0.9838 -0.0769
vn -0.0015 0.9653 0.2612
vn 0.0081 0.9823 0.1874
vn 0.0058 0.9969 -0.0785
vn -0.0030 0.9429 -0.3331
vn -0.0045 0.9281 -0.3722
vn 0.0224 0.9672 -0.2530
vn 0.0452 0.9968 -0.0654
vn 0.0524 0.9986 0.0112
vn 0.0333 0.9993 -0.0194
vn 0.0295 0.9989 -0.0376
vn 0.0223 0.9998 0.0019
vn 0.0836 0.9965 -0.0070
vn 0.0747 0.9971 -0.0149
vn 0.0547 0.9985 -0.0095
vn -0.0047 1.0000 0.0070
vn -0.0435 0.9990 -0.0045
vn 0.0073 0.9997 -0.0213
vn 0.0424 0.9990 0.0112
vn -0.0067 0.9999 -0.0136
vn 0.0384 0.9992 -0.0095
vn -0.0176 0.9998 0.0125
vn -0.0120 0.9999 0.0014
vn -0.0084 0.9994 -0.0346
vn 0.0571 0.9984 -0.0028
vn 0.0461 0.9989 0.0022
vn 0.0600 0.9982 -0.0034
vn 0.0260 0.9996 0.0054
vn 0.0563 0.9984 -0.0008
vn 0.0370 0.9993 0.0031
vn 0.0180 0.9998 -0.0051
vn 0.0074 0.9996 0.0266
vn 0.0360 0.9961 0.0803
vn 0.0025 0.9911 0.1330
vn 0.0827 0.9859 0.1454
vn 0.1915 0.9800 0.0548
vn 0.3143 0.9492 0.0129
vn 0.3639 0.9241 0.1165
vn 0.3472 0.9253 0.1527
vn 0.3014 0.9532 0.0261
vn 0.2640 0.9626 -0.0603
vn 0.0565 0.9655 0.2541
vn 0.0691 0.9793 0.1901
vn 0.0403 0.9963 -0.0758
vn -0.0113 0.9464 -0.3229
vn -0.0386 0.9256 -0.3764
vn -0.0160 0.9652 -0.2611
vn 0.0171 0.9976 -0.0672
vn 0.0091 0.9999 0.0144
vn 0.0052 0.9999 -0.0162
vn 0.0166 0.9991 -0.0378
vn 0.0112 0.9999 -0.0072
vn 0.0395 0.9990 -0.0188
vn 0.0143 0.9999 -0.0009
vn 0.0403 0.9991 -0.0091
vn 0.0621 0.9980 0.0151
vn 0.0066 0.9999 -0.0083
vn 0.0663 0.9974 -0.0269
vn -0.0146 0.9997 0.0207
vn 0.0381 0.9992 -0.0151
vn -0.0043 0.9999 -0.0102
vn -0.0034 0.9998 0.0183
vn 0.0418 0.9990 -0.0130
vn 0.0718 0.9971 -0.0231
vn 0.0012 1.0000 -0.0069
vn 0.0247 0.9997 0.0009
vn -0.0106 0.9999 -0.0040
vn 0.0356 0.9994 -0.0030
vn 0.0012 1.0000 -0.0036
vn 0.0661 0.9978 0.0052
vn 0.0085 1.0000 0.0020
vn 0.0412 0.9990 0.0164
vn 0.0468 0.9954 0.0835
vn 0.0257 0.9916 0.1266
vn 0.1409 0.9842 0.1070
vn 0.2828 0.9590 0.0208
vn 0.4006 0.9159 -0.0255
vn 0.4401 0.8917 0.1059
vn 0.4307 0.8888 0.1565
vn 0.4011 0.9151 0.0410
vn 0.3744 0.9261 -0.0461
vn 0.1409 0.9599 0.2425
vn 0.1644 0.9668 0.1956
vn 0.1037 0.9927 -0.0615
vn -0.0026 0.9542 -0.2991
vn -0.0534 0.9259 -0.3741
vn -0.0477 0.9615 -0.2706
vn -0.0263 0.9971 -0.0708
vn 0.0183 0.9998 0.0094
vn 0.0273 0.9993 -0.0245
vn 0.0421 0.9986 -0.0327
vn 0.0470 0.9988 -0.0115
vn 0.0033 0.9999 -0.0094
vn 0.0077 1.0000 -0.0046
vn 0.0021 0.9999 -0.0122
vn -0.0161 0.9997 0.0186
vn 0.0399 0.9990 -0.0184
vn -0.0005 0.9999 -0.0116
vn 0.0037 0.9998 0.0192
vn 0.0499 0.9986 -0.0188
vn 0.0252 0.9996 -0.0084
vn 0.0555 0.9984 0.0065
vn 0.1016 0.9947 -0.0163
vn 0.0185 0.9997 -0.0148
vn 0.0342 0.9994 -0.0065
vn 0.0402 0.9992 0.0058
vn -0.0148 0.9999 0.0062
vn 0.0210 0.9997 -0.0120
vn 0.0115 0.9999 -0.0036
vn 0.0046 1.0000 0.0007
vn 0.0183 0.9998 0.0074
vn 0.0203 0.9997 0.0155
vn 0.0027 0.9972 0.0745
vn 0.0614 0.9918 0.1123
vn 0.1496 0.9863 0.0695
vn 0.3083 0.9506 -0.0364
vn 0.4258 0.9033 -0.0530
vn 0.4619 0.8817 0.0966
vn 0.4617 0.8729 0.1579
vn 0.4548 0.8891 0.0514
vn 0.4409 0.8968 -0.0377
vn 0.1940 0.9547 0.2256
vn 0.2305 0.9522 0.2003
vn 0.1616 0.9863 -0.0326
vn 0.0246 0.9630 -0.2684
vn -0.0468 0.9304 -0.3636
vn -0.0750 0.9579 -0.2771
vn -0.0325 0.9960 -0.0832
vn 0.0369 0.9993 -0.0029
vn 0.0478 0.9985 -0.0269
vn 0.0431 0.9985 -0.0337
vn 0.0666 0.9977 -0.0136
vn 0.0417 0.9991 0.0061
vn 0.0686 0.9976 -0.0014
vn -0.0113 0.9999 -0.0018
vn -0.0576 0.9983 0.0054
vn 0.0828 0.9961 -0.0321
vn 0.0286 0.9996 -0.0030
vn 0.0809 0.9967 0.0026
vn 0.0841 0.9963 -0.0176
vn 0.0499 0.9987 -0.0055
vn 0.0181 0.9998 -0.0036
vn 0.0679 0.9977 -0.0036
vn -0.0012 1.0000 -0.0037
vn -0.0030 1.0000 -0.0076
vn -0.0121 0.9999 0.0055
vn 0.0609 0.9981 0.0096
vn -0.0079 0.9999 -0.0114
vn 0.0149 0.9999 -0.0001
vn -0.0032 1.0000 -0.0049
vn 0.0421 0.9991 -0.0005
vn 0.0381 0.9991 0.0183
vn 0.0065 0.9975 0.0700
vn 0.0723 0.9934 0.0886
vn 0.1660 0.9854 0.0389
vn 0.3211 0.9422 -0.0960
vn 0.4076 0.9100 -0.0753
vn 0.4326 0.8972 0.0891
vn 0.4409 0.8836 0.1581
vn 0.4530 0.8897 0.0566
vn 0.4497 0.8925 -0.0356
vn 0.2195 0.9540 0.2041
vn 0.2694 0.9416 0.2018
vn 0.2094 0.9778 0.0025
vn 0.0685 0.9690 -0.2373
vn -0.0156 0.9385 -0.3448
vn -0.0515 0.9595 -0.2771
vn -0.0388 0.9935 -0.1075
vn 0.0270 0.9996 -0.0121
vn 0.0484 0.9984 -0.0300
vn 0.0563 0.9979 -0.0309
vn -0.0065 0.9999 -0.0143
vn 0.0375 0.9993 0.0047
vn 0.0568 0.9983 -0.0144
vn 0.0768 0.9966 0.0310
vn -0.0010 1.0000 -0.0063
vn 0.0211 0.9991 -0.0366
vn 0.0096 0.9999 -0.0065
vn 0.0520 0.9986 -0.0041
vn 0.0005 1.0000 -0.0062
vn -0.0106 0.9999 -0.0008
vn 0.0102 0.9999 -0.0051
vn 0.0029 0.9999 -0.0103
vn 0.0327 0.9994 0.0101
vn 0.0257 0.9997 -0.0009
vn -0.0210 0.9998 -0.0063
vn 0.0381 0.9993 -0.0031
vn 0.0426 0.9991 -0.0003
vn 0.0318 0.9995 0.0005
vn 0.0197 0.9998 -0.0005
vn 0.0246 0.9997 -0.0041
vn 0.0050 0.9998 0.0184
vn 0.0128 0.9975 0.0699
vn 0.0507 0.9972 0.0554
vn 0.1832 0.9831 -0.0048
vn 0.2982 0.9450 -0.1345
vn 0.3445 0.9347 -0.0874
vn 0.3570 0.9303 0.0842
vn 0.3726 0.9147 0.1566
vn 0.4032 0.9133 0.0567
vn 0.4107 0.9109 -0.0393
vn 0.2232 0.9584 0.1779
vn 0.2874 0.9371 0.1982
vn 0.2476 0.9681 0.0372
vn 0.1123 0.9721 -0.2060
vn 0.0178 0.9449 -0.3269
vn -0.0144 0.9648 -0.2626
vn -0.0577 0.9906 -0.1238
vn 0.0097 0.9997 -0.0218
vn 0.0395 0.9985 -0.0367
vn -0.0004 0.9999 -0.0116
vn 0.0246 0.9996 -0.0145
vn -0.0009 1.0000 -0.0041
vn -0.0471 0.9988 -0.0134
vn -0.0173 0.9995 0.0280
vn 0.0547 0.9985 -0.0083
vn 0.0106 0.9998 -0.0179
vn -0.0428 0.9990 -0.0149
vn 0.0378 0.9992 -0.0121
vn 0.0260 0.9997 0.0042
vn 0.0288 0.9996 -0.0043
vn 0.0500 0.9987 -0.0106
vn 0.0320 0.9994 -0.0129
vn -0.0549 0.9985 0.0024
vn 0.0824 0.9966 0.0061
vn -0.0846 0.9963 0.0161
vn 0.0345 0.9989 -0.0312
vn 0.0607 0.9982 -0.0034
vn 0.0150 0.9998 0.0141
vn 0.0213 0.9998 -0.0041
vn 0.0653 0.9978 -0.0059
vn 0.0364 0.9991 0.0194
vn -0.0221 0.9966 0.0800
vn 0.0569 0.9982 0.0208
vn 0.1637 0.9853 -0.0495
vn 0.2550 0.9539 -0.1585
vn 0.2562 0.9625 -0.0891
vn 0.2455 0.9659 0.0822
vn 0.2640 0.9525 0.1515
vn 0.3140 0.9480 0.0512
vn 0.3338 0.9414 -0.0485
vn 0.2082 0.9670 0.1466
vn 0.2871 0.9393 0.1880
vn 0.2744 0.9593 0.0671
vn 0.1599 0.9723 -0.1705
vn 0.0639 0.9494 -0.3076
vn -0.0071 0.9686 -0.2485
vn -0.0223 0.9917 -0.1266
vn 0.0018 0.9993 -0.0371
vn 0.0184 0.9993 -0.0321
vn -0.0243 0.9996 -0.0162
vn 0.0380 0.9992 -0.0106
vn -0.0064 1.0000 -0.0016
vn 0.0016 1.0000 0.0053
vn -0.0370 0.9993 0.0051
vn 0.1628 0.9859 -0.0384
vn 0.1074 0.9942 -0.0035
vn 0.1248 0.9921 0.0140
vn -0.0362 0.9990 -0.0262
vn 0.1232 0.9924 -0.0007
vn 0.0050 0.9999 -0.0117
vn 0.0746 0.9972 -0.0086
vn -0.0455 0.9990 -0.0054
vn 0.0643 0.9979 -0.0040
vn 0.0359 0.9993 0.0079
vn 0.0632 0.9979 0.0124
vn 0.0711 0.9972 -0.0241
vn -0.0058 1.0000 0.0045
vn 0.0828 0.9966 0.0054
vn 0.0339 0.9994 -0.0081
vn 0.0594 0.9982 -0.0107
vn -0.0031 0.9994 0.0334
vn 0.0392 0.9956 0.0851
vn 0.0556 0.9984 -0.0036
vn 0.1595 0.9829 -0.0917
vn 0.2046 0.9643 -0.1679
vn 0.1455 0.9865 -0.0751
vn 0.1026 0.9912 0.0841
vn 0.1238 0.9821 0.1418
vn 0.1908 0.9808 0.0393
vn 0.2237 0.9727 -0.0624
vn 0.1756 0.9782 0.1111
vn 0.2678 0.9483 0.1704
vn 0.2863 0.9540 0.0886
vn 0.2083 0.9679 -0.1405
vn 0.1112 0.9532 -0.2813
vn 0.0293 0.9710 -0.2374
vn -0.0069 0.9930 -0.1176
vn -0.0166 0.9990 -0.0419
vn 0.0283 0.9991 -0.0315
vn 0.0367 0.9990 -0.0236
vn 0.0125 0.9999 -0.0086
vn 0.0214 0.9998 0.0034
vn 0.0581 0.9983 -0.0047
vn 0.1219 0.9921 -0.0312
vn 0.0094 0.9994 -0.0344
vn 0.0651 0.9978 -0.0081
vn 0.0653 0.9965 0.0525
vn -0.0491 0.9988 -0.0032
vn -0.0448 0.9982 -0.0407
vn 0.0380 0.9991 0.0185
vn -0.0252 0.9995 -0.0195
vn -0.0037 0.9999 -0.0110
vn 0.1521 0.9883 -0.0074
vn -0.0305 0.9994 0.0133
vn 0.1590 0.9872 -0.0107
vn -0.0233 0.9997 0.0073
vn -0.0130 0.9999 0.0101
vn -0.0377 0.9993 -0.0056
vn 0.0472 0.9987 -0.0185
vn 0.0017 1.0000 0.0031
vn -0.0163 0.9994 0.0311
vn 0.1299 0.9903 0.0486
vn 0.1199 0.9928 -0.0028
vn 0.1438 0.9836 -0.1085
vn 0.1247 0.9796 -0.1575
vn 0.0258 0.9982 -0.0536
vn -0.0432 0.9945 0.0950
vn -0.0336 0.9908 0.1312
vn 0.0449 0.9989 0.0130
vn 0.0953 0.9928 -0.0722
vn 0.1295 0.9889 0.0722
vn 0.2331 0.9616 0.1451
vn 0.2851 0.9532 0.1004
vn 0.2422 0.9629 -0.1186
vn 0.1664 0.9527 -0.2541
vn 0.0828 0.9728 -0.2165
vn 0.0080 0.9944 -0.1050
vn -0.0109 0.9990 -0.0437
vn -0.0131 0.9991 -0.0414
vn 0.1023 0.9939 -0.0419
vn 0.0559 0.9984 -0.0025
vn 0.0835 0.9965 -0.0009
vn 0.0273 0.9995 -0.0125
vn 0.0726 0.9971 -0.0234
vn -0.0288 0.9996 -0.0055
vn 0.0418 0.9991 -0.0072
vn -0.0629 0.9973 0.0378
vn 0.1004 0.9949 0.0062
vn -0.0200 0.9981 -0.0581
vn 0.1293 0.9914 0.0218
vn 0.0589 0.9982 -0.0138
vn 0.0883 0.9960 -0.0116
vn 0.0009 1.0000 0.0045
vn -0.0286 0.9996 0.0039
vn 0.0504 0.9986 -0.0141
vn 0.0135 0.9998 0.0142
vn 0.0941 0.9955 0.0142
vn -0.0266 0.9996 -0.0103
vn 0.0743 0.9971 -0.0172
vn -0.0576 0.9983 0.0127
vn 0.0461 0.9988 0.0133
vn 0.0564 0.9982 0.0181
vn 0.0998 0.9950 -0.0040
vn 0.1310 0.9855 -0.1075
vn 0.0506 0.9917 -0.1184
vn -0.1035 0.9941 -0.0324
vn -0.1764 0.9782 0.1098
vn -0.1693 0.9784 0.1187
vn -0.0961 0.9952 -0.0166
vn -0.0472 0.9955 -0.0823
vn 0.0722 0.9969 0.0317
vn 0.1826 0.9768 0.1119
vn 0.2738 0.9569 0.0970
vn 0.2701 0.9572 -0.1036
vn 0.2148 0.9490 -0.2309
vn 0.1100 0.9762 -0.1868
vn 0.0380 0.9954 -0.0878
vn -0.0012 0.9994 -0.0349
vn 0.0600 0.9958 -0.0695
vn 0.0613 0.9975 -0.0357
vn -0.0389 0.9992 -0.0006
vn 0.0467 0.9989 -0.0051
vn 0.0349 0.9994 -0.0031
vn -0.0020 0.9999 -0.0152
vn 0.1027 0.9947 -0.0027
vn -0.0445 0.9988 -0.0181
vn 0.0807 0.9961 0.0366
vn 0.0050 0.9998 -0.0170
vn 0.0405 0.9990 -0.0213
vn -0.0565 0.9982 -0.0175
vn 0.0603 0.9982 0.0059
vn 0.0306 0.9995 0.0112
vn -0.0420 0.9991 -0.0022
vn 0.0283 0.9996 -0.0028
vn -0.0305 0.9995 -0.0075
vn -0.0558 0.9984 0.0002
vn 0.0667 0.9978 0.0032
vn 0.0428 0.9991 -0.0080
vn 0.0684 0.9973 0.0279
vn 0.0440 0.9990 -0.0071
vn -0.0195 0.9993 0.0305
vn 0.0917 0.9951 -0.0362
vn 0.1148 0.9883 -0.1002
vn -0.0086 0.9983 -0.0575
vn -0.1947 0.9809 -0.0021
vn -0.2770 0.9533 0.1202
vn -0.2758 0.9557 0.1025
vn -0.2140 0.9762 -0.0363
vn -0.1685 0.9808 -0.0977
vn -0.0023 1.0000 0.0074
vn 0.1108 0.9917 0.0653
vn 0.2362 0.9684 0.0801
vn 0.2749 0.9563 -0.0993
vn 0.2314 0.9510 -0.2052
vn 0.1413 0.9772 -0.1586
vn 0.0476 0.9966 -0.0666
vn 0.0678 0.9960 -0.0576
vn 0.0838 0.9939 -0.0714
vn 0.0109 0.9999 -0.0031
vn 0.0308 0.9995 -0.0045
vn -0.0060 0.9999 -0.0111
vn 0.0519 0.9986 -0.0124
vn 0.0340 0.9994 -0.0033
vn 0.0349 0.9994 0.0067
vn -0.0324 0.9990 -0.0302
vn 0.0451 0.9983 0.0364
vn -0.0486 0.9988 0.0063
vn 0.0672 0.9975 -0.0195
vn -0.0116 0.9997 -0.0236
vn -0.0109 0.9999 -0.0089
vn 0.0806 0.9967 0.0052
vn 0.0386 0.9993 -0.0016
vn 0.0753 0.9971 0.0066
vn -0.0441 0.9990 0.0043
vn -0.0252 0.9996 -0.0118
vn -0.0323 0.9995 -0.0040
vn 0.0646 0.9978 -0.0116
vn 0.0094 0.9998 -0.0202
vn 0.0923 0.9955 0.0214
vn 0.0649 0.9977 0.0176
vn 0.0365 0.9992 0.0184
vn 0.1098 0.9925 -0.0541
vn 0.0885 0.9931 -0.0775
vn -0.0099 0.9998 -0.0183
vn -0.2315 0.9709 0.0608
vn -0.3216 0.9377 0.1316
vn -0.3298 0.9397 0.0904
vn -0.2872 0.9565 -0.0510
vn -0.2521 0.9613 -0.1113
vn -0.0464 0.9986 -0.0257
vn 0.0421 0.9989 0.0225
vn 0.1824 0.9818 0.0533
vn 0.2616 0.9591 -0.1078
vn 0.2470 0.9507 -0.1873
vn 0.1706 0.9770 -0.1280
vn 0.0848 0.9949 -0.0540
vn 0.0710 0.9958 -0.0570
vn 0.0436 0.9975 -0.0562
vn 0.0357 0.9993 -0.0100
vn 0.0958 0.9954 0.0040
vn -0.0133 0.9999 0.0033
vn 0.0518 0.9982 -0.0317
vn 0.0303 0.9995 -0.0018
vn -0.0043 1.0000 -0.0044
vn 0.0741 0.9972 -0.0072
vn -0.0548 0.9980 0.0311
vn 0.0039 0.9999 -0.0146
vn 0.1507 0.9880 -0.0339
vn 0.0910 0.9958 0.0014
vn 0.0709 0.9974 -0.0106
vn -0.0113 0.9999 -0.0071
vn 0.0677 0.9977 0.0077
vn 0.0229 0.9994 0.0273
vn 0.1156 0.9933 -0.0030
vn 0.1154 0.9932 -0.0146
vn 0.0057 1.0000 -0.0072
vn 0.0661 0.9976 -0.0181
vn -0.0334 0.9994 -0.0043
vn 0.0065 1.0000 0.0018
vn 0.0519 0.9984 0.0205
vn 0.1019 0.9948 0.0016
vn 0.0977 0.9940 -0.0499
vn 0.1002 0.9931 -0.0613
vn -0.0505 0.9983 0.0302
vn -0.2335 0.9647 0.1217
vn -0.3097 0.9394 0.1467
vn -0.3299 0.9401 0.0852
vn -0.3117 0.9484 -0.0590
vn -0.2923 0.9485 -0.1221
vn -0.1170 0.9909 -0.0662
vn -0.0488 0.9988 -0.0018
vn 0.1053 0.9944 0.0035
vn 0.2205 0.9673 -0.1251
vn 0.2252 0.9584 -0.1755
vn 0.1477 0.9840 -0.0998
vn 0.0959 0.9945 -0.0431
vn 0.0610 0.9969 -0.0498
vn 0.0931 0.9945 -0.0475
vn -0.0105 0.9999 -0.0038
vn -0.0275 0.9996 0.0108
vn 0.0316 0.9995 -0.0029
vn 0.0045 0.9987 -0.0511
vn 0.0633 0.9979 0.0166
vn 0.0187 0.9998 -0.0064
vn 0.0025 1.0000 0.0017
vn -0.0033 0.9994 0.0345
vn 0.0250 0.9988 -0.0411
vn -0.0280 0.9991 -0.0307
vn -0.0469 0.9989 -0.0001
vn 0.0767 0.9971 -0.0006
vn -0.0023 1.0000 -0.0007
vn -0.0308 0.9994 0.0129
vn 0.0800 0.9966 -0.0215
vn 0.1147 0.9934 0.0064
vn 0.0965 0.9953 0.0005
vn 0.0559 0.9984 -0.0014
vn 0.0609 0.9981 -0.0046
vn 0.0292 0.9996 -0.0018
vn -0.0047 1.0000 -0.0028
vn 0.0232 0.9997 0.0108
vn 0.0142 0.9999 -0.0034
vn 0.1043 0.9924 -0.0647
vn 0.0325 0.9992 -0.0251
vn -0.0918 0.9925 0.0809
vn -0.1965 0.9682 0.1545
vn -0.2596 0.9518 0.1636
vn -0.2758 0.9574 0.0858
vn -0.2754 0.9594 -0.0608
vn -0.2732 0.9532 -0.1295
vn -0.1426 0.9856 -0.0904
vn -0.0642 0.9972 -0.0378
vn 0.0730 0.9965 -0.0414
vn 0.1623 0.9761 -0.1446
vn 0.1735 0.9708 -0.1658
vn 0.1370 0.9870 -0.0844
vn 0.0589 0.9980 -0.0243
vn 0.0888 0.9942 -0.0601
vn 0.0084 0.9998 -0.0172
vn 0.0550 0.9985 -0.0035
vn 0.0297 0.9996 -0.0013
vn -0.0435 0.9991 0.0014
vn -0.0521 0.9982 -0.0291
vn -0.0241 0.9997 -0.0060
vn -0.0157 0.9998 0.0077
vn 0.0398 0.9991 -0.0115
vn 0.1606 0.9868 0.0183
vn 0.1127 0.9932 -0.0284
vn -0.0007 0.9998 -0.0199
vn 0.0742 0.9971 -0.0160
vn 0.0263 0.9996 0.0047
vn 0.1598 0.9870 0.0151
vn -0.0640 0.9976 0.0252
vn -0.0884 0.9936 -0.0707
vn -0.0413 0.9989 0.0235
vn -0.0306 0.9995 -0.0027
vn 0.0800 0.9967 -0.0107
vn 0.0004 1.0000 -0.0066
vn 0.1367 0.9906 0.0086
vn 0.0701 0.9975 0.0051
vn 0.0641 0.9979 0.0116
vn 0.0621 0.9979 -0.0176
vn 0.0196 0.9981 -0.0587
vn 0.0181 0.9998 0.0109
vn -0.0857 0.9905 0.1078
vn -0.2007 0.9624 0.1831
vn -0.2111 0.9627 0.1691
vn -0.1908 0.9780 0.0846
vn -0.1749 0.9826 -0.0629
vn -0.1805 0.9746 -0.1328
vn -0.1302 0.9844 -0.1182
vn -0.0568 0.9957 -0.0728
vn 0.0488 0.9960 -0.0751
vn 0.1122 0.9811 -0.1576
vn 0.1210 0.9792 -0.1629
vn 0.1003 0.9927 -0.0668
vn 0.0895 0.9956 -0.0266
vn 0.0517 0.9979 -0.0400
vn -0.0353 0.9992 -0.0177
vn 0.0396 0.9989 -0.0246
vn 0.0680 0.9975 0.0168
vn 0.0557 0.9984 -0.0139
vn 0.0128 0.9999 -0.0043
vn -0.0497 0.9988 0.0041
vn -0.0241 0.9989 -0.0396
vn -0.0053 0.9995 -0.0309
vn 0.1917 0.9811 0.0265
vn -0.0242 0.9995 -0.0197
vn 0.0264 0.9993 -0.0247
vn -0.0062 0.9999 0.0134
vn -0.0051 0.9997 0.0246
vn 0.0633 0.9973 0.0359
vn -0.0686 0.9975 -0.0160
vn -0.1446 0.9887 -0.0399
vn -0.0065 1.0000 -0.0058
vn 0.0197 0.9996 -0.0208
vn 0.0357 0.9993 -0.0113
vn 0.0041 1.0000 0.0054
vn 0.0470 0.9989 0.0042
vn 0.0101 0.9998 0.0162
vn 0.0351 0.9993 -0.0104
vn 0.0267 0.9980 -0.0565
vn -0.0142 0.9994 0.0319
vn -0.1452 0.9782 0.1484
vn -0.2192 0.9560 0.1952
vn -0.1726 0.9722 0.1582
vn -0.0902 0.9937 0.0662
vn -0.0420 0.9969 -0.0663
vn -0.0557 0.9901 -0.1290
vn -0.0871 0.9851 -0.1481
vn -0.0044 0.9954 -0.0959
vn 0.0654 0.9924 -0.1039
vn 0.0828 0.9832 -0.1626
vn 0.0779 0.9840 -0.1603
vn 0.0398 0.9975 -0.0592
vn 0.0554 0.9981 -0.0260
vn -0.0256 0.9996 -0.0091
vn 0.0198 0.9993 -0.0322
vn -0.0627 0.9979 -0.0168
vn 0.0602 0.9982 -0.0004
vn 0.1774 0.9841 0.0044
vn 0.1264 0.9915 -0.0312
vn 0.1050 0.9945 -0.0015
vn 0.1850 0.9818 0.0436
vn -0.0758 0.9971 -0.0115
vn -0.0534 0.9945 -0.0906
vn 0.0381 0.9984 0.0419
vn 0.0534 0.9986 0.0039
vn -0.0051 0.9996 -0.0290
vn 0.0626 0.9979 0.0152
vn -0.1270 0.9918 0.0158
vn 0.0288 0.9996 0.0019
vn 0.2419 0.9695 0.0385
vn -0.0771 0.9961 -0.0428
vn 0.0205 0.9996 -0.0209
vn -0.0685 0.9972 -0.0292
vn 0.0194 0.9998 -0.0022
vn -0.0401 0.9992 0.0053
vn -0.0226 0.9997 0.0038
vn 0.0313 0.9995 0.0058
vn 0.0663 0.9976 -0.0223
vn 0.0645 0.9971 -0.0401
vn -0.0907 0.9937 0.0655
vn -0.1775 0.9672 0.1816
vn -0.1628 0.9690 0.1861
vn -0.0974 0.9872 0.1263
vn 0.0265 0.9985 0.0470
vn 0.0791 0.9942 -0.0736
vn 0.0582 0.9913 -0.1179
vn -0.0275 0.9857 -0.1660
vn 0.0570 0.9903 -0.1268
vn 0.0932 0.9894 -0.1112
vn 0.0683 0.9850 -0.1583
vn 0.0412 0.9879 -0.1494
vn 0.0455 0.9971 -0.0609
vn 0.0001 1.0000 -0.0064
vn -0.0344 0.9992 -0.0205
vn 0.0477 0.9983 -0.0320
vn 0.0164 0.9996 -0.0214
vn 0.0649 0.9976 -0.0225
vn 0.0897 0.9960 0.0039
vn 0.0131 0.9997 -0.0183
vn -0.0645 0.9977 -0.0183
vn 0.0735 0.9960 0.0505
vn 0.0454 0.9990 0.0007
vn 0.1165 0.9914 -0.0603
vn -0.1441 0.9894 0.0179
vn 0.0296 0.9995 -0.0084
vn 0.0186 0.9997 -0.0163
vn 0.0276 0.9996 0.0034
vn 0.0761 0.9967 0.0298
vn 0.1145 0.9927 -0.0383
vn 0.0914 0.9956 0.0198
vn 0.1538 0.9878 0.0223
vn -0.0013 1.0000 -0.0053
vn 0.0432 0.9989 -0.0191
vn -0.0489 0.9987 -0.0124
vn 0.0984 0.9951 -0.0140
vn 0.0464 0.9989 0.0020
vn 0.0432 0.9988 -0.0216
vn 0.1072 0.9941 -0.0171
vn -0.0080 1.0000 0.0036
vn -0.0923 0.9914 0.0929
vn -0.1366 0.9727 0.1876
vn -0.1089 0.9787 0.1741
vn -0.0014 0.9969 0.0787
vn 0.1443 0.9892 0.0269
vn 0.1965 0.9772 -0.0797
vn 0.1571 0.9824 -0.1006
vn 0.0625 0.9813 -0.1822
vn 0.1355 0.9794 -0.1494
vn 0.1304 0.9859 -0.1050
vn 0.0642 0.9875 -0.1437
vn 0.0238 0.9890 -0.1462
vn 0.0618 0.9961 -0.0632
vn 0.0368 0.9993 0.0058
vn 0.0227 0.9997 -0.0076
vn -0.0782 0.9963 -0.0353
vn 0.1135 0.9921 -0.0539
vn 0.0113 0.9999 -0.0061
vn 0.0279 0.9995 0.0136
vn -0.0495 0.9988 0.0057
vn 0.0398 0.9989 -0.0249
vn 0.0051 0.9999 0.0145
vn 0.1023 0.9947 -0.0110
vn 0.0394 0.9991 -0.0182
vn 0.0388 0.9992 0.0081
vn -0.0277 0.9996 -0.0038
vn -0.0039 0.9999 -0.0143
vn -0.0150 0.9996 -0.0247
vn 0.0202 0.9997 0.0168
vn 0.0463 0.9986 -0.0249
vn -0.0620 0.9979 0.0173
vn 0.0923 0.9955 0.0218
vn 0.0542 0.9985 -0.0080
vn 0.1047 0.9945 -0.0063
vn 0.0346 0.9993 -0.0144
vn 0.0480 0.9987 -0.0168
vn 0.0436 0.9990 0.0124
vn -0.0261 0.9994 -0.0217
vn 0.0416 0.9990 -0.0155
vn 0.0251 0.9992 0.0316
vn -0.0925 0.9894 0.1119
vn -0.1435 0.9710 0.1910
vn -0.0290 0.9910 0.1305
vn 0.1093 0.9928 0.0491
vn 0.2497 0.9682 -0.0161
vn 0.2895 0.9542 -0.0753
vn 0.2339 0.9693 -0.0762
vn 0.1447 0.9677 -0.2063
vn 0.2078 0.9654 -0.1574
vn 0.1721 0.9813 -0.0863
vn 0.0732 0.9901 -0.1201
vn 0.0109 0.9896 -0.1433
vn 0.0505 0.9964 -0.0679
vn 0.0691 0.9976 0.0011
vn 0.1103 0.9939 0.0087
vn 0.0315 0.9983 -0.0485
vn 0.0617 0.9963 -0.0603
vn 0.0307 0.9995 0.0056
vn 0.0412 0.9990 0.0150
vn 0.1079 0.9941 -0.0117
vn 0.0685 0.9974 -0.0225
vn 0.0524 0.9986 0.0083
vn 0.0229 0.9997 -0.0039
vn 0.0340 0.9993 -0.0134
vn 0.1245 0.9922 0.0073
vn 0.0445 0.9990 0.0061
vn 0.0550 0.9985 -0.0060
vn -0.0233 0.9995 -0.0216
vn 0.0305 0.9995 0.0125
vn 0.0006 0.9999 -0.0113
vn 0.0406 0.9991 0.0086
vn 0.0903 0.9959 0.0061
vn 0.0570 0.9982 -0.0179
vn 0.0192 0.9998 -0.0060
vn 0.0792 0.9968 -0.0066
vn -0.0726 0.9973 -0.0135
vn 0.0517 0.9986 0.0137
vn 0.0236 0.9996 -0.0128
vn 0.0407 0.9988 -0.0281
vn 0.0357 0.9980 0.0526
vn -0.0502 0.9891 0.1385
vn -0.0597 0.9832 0.1722
vn 0.0628 0.9949 0.0791
vn 0.2174 0.9759 0.0193
vn 0.3472 0.9362 -0.0544
vn 0.3553 0.9326 -0.0634
vn 0.2847 0.9575 -0.0452
vn 0.2194 0.9492 -0.2257
vn 0.2720 0.9493 -0.1578
vn 0.2159 0.9747 -0.0580
vn 0.0938 0.9916 -0.0889
vn 0.0262 0.9898 -0.1402
vn 0.0487 0.9960 -0.0754
vn 0.0681 0.9977 -0.0008
vn 0.0550 0.9985 -0.0043
vn 0.1440 0.9886 -0.0441
vn -0.0311 0.9992 -0.0262
vn 0.0184 0.9998 -0.0078
vn 0.0910 0.9958 0.0040
vn 0.0545 0.9984 -0.0179
vn -0.0137 0.9999 0.0038
vn 0.0164 0.9999 -0.0052
vn 0.0959 0.9954 -0.0041
vn 0.0186 0.9998 -0.0081
vn 0.0231 0.9997 -0.0020
vn 0.0779 0.9969 0.0095
vn 0.1104 0.9939 0.0003
vn 0.0421 0.9991 0.0022
vn -0.0153 0.9995 -0.0263
vn 0.0551 0.9984 -0.0095
vn 0.0269 0.9995 0.0156
vn 0.0390 0.9992 0.0041
vn 0.1529 0.9882 -0.0116
vn 0.0547 0.9983 -0.0194
vn -0.0267 0.9993 0.0272
vn -0.0304 0.9992 -0.0271
vn 0.0227 0.9997 -0.0007
vn 0.0617 0.9980 -0.0092
vn 0.0349 0.9991 -0.0236
vn -0.0540 0.9961 0.0696
vn -0.0575 0.9872 0.1486
vn -0.0167 0.9911 0.1318
vn 0.1423 0.9884 0.0527
vn 0.2964 0.9542 -0.0407
vn 0.4099 0.9091 -0.0739
vn 0.3940 0.9181 -0.0440
vn 0.3094 0.9509 -0.0085
vn 0.2783 0.9298 -0.2408
vn 0.3211 0.9347 -0.1526
vn 0.2472 0.9689 -0.0148
vn 0.1195 0.9908 -0.0637
vn 0.0612 0.9893 -0.1328
vn 0.0776 0.9937 -0.0805
vn 0.0839 0.9965 -0.0017
vn 0.0896 0.9958 -0.0165
vn 0.0379 0.9991 -0.0203
vn -0.0082 0.9999 -0.0126
vn -0.0030 0.9995 -0.0316
vn 0.0784 0.9969 -0.0045
vn 0.0173 0.9998 0.0106
vn 0.1163 0.9931 -0.0175
vn 0.0437 0.9989 -0.0160
vn 0.1729 0.9849 0.0050
vn -0.0166 0.9997 0.0169
vn -0.0311 0.9994 -0.0152
vn 0.0304 0.9995 0.0023
vn 0.0173 0.9993 -0.0339
vn 0.1546 0.9861 0.0612
vn -0.1037 0.9946 -0.0106
vn -0.0672 0.9969 -0.0398
vn 0.0661 0.9978 0.0044
vn 0.0282 0.9995 0.0118
vn -0.0104 0.9998 -0.0178
vn 0.0264 0.9995 -0.0151
vn 0.0737 0.9958 0.0538
vn 0.0534 0.9980 -0.0330
vn -0.0574 0.9982 -0.0151
vn 0.0759 0.9968 -0.0233
vn 0.0591 0.9982 0.0026
vn -0.0296 0.9962 0.0822
vn -0.0729 0.9860 0.1499
vn -0.0112 0.9964 0.0846
vn 0.2068 0.9784 0.0069
vn 0.3700 0.9238 -0.0983
vn 0.4473 0.8905 -0.0836
vn 0.3980 0.9173 -0.0079
vn 0.2925 0.9561 0.0160
vn 0.3132 0.9153 -0.2531
vn 0.3471 0.9267 -0.1443
vn 0.2796 0.9597 0.0290
vn 0.1597 0.9863 -0.0405
vn 0.0831 0.9887 -0.1246
vn 0.1203 0.9889 -0.0873
vn 0.1532 0.9882 0.0081
vn 0.0356 0.9994 -0.0024
vn 0.0393 0.9992 -0.0098
vn 0.0684 0.9975 -0.0162
vn 0.0486 0.9980 -0.0402
vn -0.0139 0.9999 -0.0092
vn 0.0533 0.9986 0.0048
vn -0.0051 0.9998 -0.0217
vn 0.0229 0.9996 0.0133
vn -0.0646 0.9978 0.0112
vn -0.0077 0.9998 0.0162
vn -0.0683 0.9976 -0.0084
vn 0.1307 0.9913 -0.0170
vn 0.0103 0.9990 -0.0435
vn 0.0584 0.9972 0.0466
vn 0.0622 0.9973 0.0377
vn 0.0556 0.9962 -0.0668
vn -0.0431 0.9990 -0.0126
vn 0.0724 0.9968 0.0345
vn -0.1306 0.9914 0.0066
vn -0.0581 0.9961 -0.0670
vn 0.2075 0.9777 0.0318
vn 0.0999 0.9948 0.0179
vn 0.0330 0.9992 -0.0211
vn 0.0635 0.9975 -0.0296
vn -0.0136 0.9998 0.0153
vn 0.0076 0.9962 0.0873
vn -0.0189 0.9884 0.1507
vn 0.0411 0.9977 0.0544
vn 0.2473 0.9661 -0.0744
vn 0.4017 0.9053 -0.1383
vn 0.4461 0.8911 -0.0828
vn 0.3756 0.9261 0.0363
vn 0.2659 0.9630 0.0433
vn 0.3206 0.9097 -0.2640
vn 0.3457 0.9289 -0.1325
vn 0.2924 0.9547 0.0554
vn 0.1899 0.9818 -0.0055
vn 0.1177 0.9860 -0.1182
vn 0.1375 0.9853 -0.1010
vn 0.1318 0.9911 0.0162
vn 0.1086 0.9934 0.0372
vn 0.0476 0.9980 -0.0409
vn 0.0928 0.9956 -0.0133
vn 0.0973 0.9950 -0.0240
vn -0.0432 0.9990 0.0101
vn 0.0476 0.9989 -0.0006
vn -0.0613 0.9980 -0.0128
vn 0.0824 0.9966 0.0030
vn -0.0142 0.9997 0.0174
vn 0.0812 0.9967 0.0092
vn 0.1516 0.9872 -0.0499
vn 0.0421 0.9991 -0.0023
vn 0.0999 0.9949 -0.0128
vn -0.0476 0.9982 0.0361
vn 0.0618 0.9979 0.0173
vn 0.1339 0.9900 -0.0448
vn 0.0279 0.9996 -0.0021
vn -0.0324 0.9990 0.0305
vn -0.0287 0.9991 0.0297
vn -0.0347 0.9977 -0.0577
vn -0.1071 0.9933 -0.0442
vn 0.1146 0.9926 0.0399
vn 0.1547 0.9879 -0.0108
vn 0.0304 0.9995 -0.0078
vn -0.0456 0.9988 0.0193
vn 0.0195 0.9963 0.0833
vn -0.0004 0.9908 0.1354
vn 0.0742 0.9968 0.0285
vn 0.2853 0.9467 -0.1492
vn 0.3898 0.9058 -0.1659
vn 0.3994 0.9146 -0.0637
vn 0.2987 0.9518 0.0703
vn 0.1870 0.9782 0.0903
vn 0.2937 0.9154 -0.2753
vn 0.3181 0.9396 -0.1266
vn 0.2944 0.9530 0.0715
vn 0.2375 0.9711 0.0237
vn 0.1812 0.9772 -0.1103
vn 0.1351 0.9869 -0.0879
vn 0.0879 0.9961 0.0089
vn 0.1739 0.9841 0.0365
vn 0.1100 0.9938 -0.0158
vn 0.0813 0.9967 -0.0020
vn -0.0269 0.9996 -0.0055
vn -0.0371 0.9993 0.0099
vn -0.0285 0.9996 -0.0052
vn 0.0908 0.9958 -0.0115
vn -0.0391 0.9990 -0.0203
vn 0.1596 0.9872 0.0020
vn 0.0988 0.9951 0.0070
vn 0.0567 0.9978 -0.0337
vn -0.0408 0.9992 0.0014
vn 0.0214 0.9998 0.0005
vn -0.0094 0.9996 0.0256
vn 0.1390 0.9902 -0.0150
vn 0.0496 0.9984 -0.0256
vn 0.1093 0.9939 0.0125
vn -0.0093 0.9994 0.0332
vn 0.1107 0.9938 0.0079
vn 0.1896 0.9817 -0.0198
vn -0.0006 0.9983 -0.0590
vn -0.0154 0.9998 0.0155
vn 0.0180 0.9994 -0.0282
vn 0.1130 0.9932 0.0276
vn 0.0148 0.9997 0.0185
vn 0.0339 0.9954 0.0893
vn -0.0048 0.9929 0.1192
vn 0.1366 0.9904 -0.0222
vn 0.2576 0.9471 -0.1916
vn 0.3398 0.9218 -0.1866
vn 0.3087 0.9507 -0.0305
vn 0.1763 0.9785 0.1070
vn 0.0599 0.9887 0.1378
vn 0.2304 0.9298 -0.2870
vn 0.2480 0.9596 -0.1327
vn 0.2644 0.9613 0.0773
vn 0.2618 0.9642 0.0423
vn 0.2295 0.9686 -0.0957
vn 0.1850 0.9799 -0.0747
vn 0.1973 0.9802 0.0166
vn 0.1173 0.9929 0.0221
vn 0.1051 0.9945 0.0015
vn -0.0100 0.9993 0.0370
vn -0.0564 0.9984 0.0077
vn 0.0532 0.9986 0.0046
vn -0.0796 0.9966 -0.0213
vn 0.0842 0.9964 -0.0094
vn 0.0472 0.9979 -0.0439
vn 0.0370 0.9993 0.0057
vn -0.0185 0.9995 0.0262
vn -0.0521 0.9986 -0.0087
vn 0.0714 0.9968 -0.0372
vn -0.0367 0.9992 0.0132
vn 0.0328 0.9995 -0.0019
vn 0.1341 0.9909 -0.0112
vn -0.0122 0.9999 -0.0015
vn 0.0469 0.9989 0.0073
vn 0.0949 0.9955 0.0075
vn 0.1591 0.9872 -0.0043
vn 0.0445 0.9983 -0.0370
vn 0.1481 0.9889 0.0078
vn -0.1149 0.9929 0.0294
vn -0.1021 0.9939 -0.0419
vn 0.0066 0.9999 -0.0123
vn 0.1332 0.9900 0.0455
vn 0.0643 0.9939 0.0899
vn 0.0817 0.9911 0.1052
vn 0.1401 0.9880 -0.0646
vn 0.2178 0.9509 -0.2200
vn 0.2331 0.9538 -0.1894
vn 0.1578 0.9875 -0.0036
vn 0.0220 0.9880 0.1528
vn -0.0710 0.9796 0.1878
vn 0.1748 0.9397 -0.2941
vn 0.1672 0.9759 -0.1406
vn 0.2115 0.9749 0.0695
vn 0.2465 0.9681 0.0455
vn 0.2399 0.9669 -0.0866
vn 0.1814 0.9813 -0.0640
vn 0.1410 0.9894 0.0349
vn 0.0602 0.9971 0.0467
vn 0.0130 0.9995 0.0301
vn -0.0442 0.9985 0.0327
vn 0.0759 0.9970 -0.0179
vn 0.1756 0.9844 0.0062
vn 0.0716 0.9972 -0.0209
vn 0.0417 0.9988 -0.0263
vn -0.0162 0.9995 -0.0264
vn -0.0995 0.9944 0.0362
vn 0.0208 0.9997 0.0127
vn 0.0351 0.9991 -0.0231
vn -0.0165 0.9998 -0.0108
vn -0.0088 1.0000 0.0046
vn -0.0041 0.9999 -0.0150
vn -0.0726 0.9972 -0.0181
vn 0.0859 0.9962 0.0125
vn 0.0156 0.9998 -0.0110
vn -0.0401 0.9992 0.0019
vn 0.0521 0.9986 0.0050
vn -0.0036 0.9995 -0.0314
vn 0.0403 0.9991 0.0133
vn 0.1009 0.9945 0.0264
vn 0.0951 0.9954 -0.0130
vn -0.0063 0.9992 -0.0405
vn 0.0024 0.9995 0.0300
vn 0.0481 0.9954 0.0830
vn 0.1044 0.9895 0.1002
vn 0.1277 0.9881 -0.0852
vn 0.1555 0.9603 -0.2314
vn 0.0969 0.9815 -0.1650
vn -0.0020 0.9998 0.0195
vn -0.0858 0.9790 0.1849
vn -0.1081 0.9712 0.2121
vn 0.1461 0.9460 -0.2894
vn 0.0964 0.9857 -0.1385
vn 0.1459 0.9881 0.0494
vn 0.2029 0.9783 0.0411
vn 0.1744 0.9820 -0.0727
vn 0.0914 0.9949 -0.0431
vn 0.0613 0.9971 0.0447
vn 0.0413 0.9976 0.0552
vn 0.0678 0.9971 0.0335
vn 0.1259 0.9920 0.0120
vn 0.0775 0.9968 -0.0173
vn 0.0125 0.9999 0.0057
vn 0.0295 0.9996 -0.0038
vn 0.0228 0.9995 -0.0221
vn 0.0194 0.9995 0.0265
vn -0.0008 0.9999 -0.0128
vn 0.0935 0.9956 -0.0073
vn 0.0933 0.9956 -0.0126
vn -0.0609 0.9981 0.0014
vn 0.0362 0.9993 0.0099
vn 0.0276 0.9996 -0.0045
vn -0.0429 0.9991 -0.0041
vn -0.0486 0.9983 -0.0334
vn 0.0370 0.9993 0.0040
vn 0.1128 0.9936 -0.0032
vn 0.0489 0.9988 -0.0041
vn 0.0679 0.9976 -0.0113
vn 0.0006 0.9999 -0.0112
vn 0.0998 0.9947 0.0238
vn 0.0024 1.0000 -0.0090
vn 0.0317 0.9995 0.0079
vn -0.0516 0.9986 0.0093
vn 0.0487 0.9970 0.0594
vn 0.1163 0.9896 0.0844
vn 0.1451 0.9850 -0.0936
vn 0.0691 0.9754 -0.2095
vn -0.0019 0.9902 -0.1398
vn -0.0826 0.9957 0.0411
vn -0.0920 0.9776 0.1892
vn -0.0351 0.9802 0.1949
vn 0.1237 0.9546 -0.2711
vn 0.0425 0.9906 -0.1297
vn 0.0895 0.9956 0.0260
vn 0.1532 0.9875 0.0368
vn 0.1214 0.9912 -0.0529
vn 0.0096 0.9997 -0.0217
vn -0.0282 0.9986 0.0438
vn 0.0725 0.9958 0.0560
vn 0.0219 0.9995 0.0233
vn 0.0090 0.9999 0.0060
vn 0.0413 0.9991 0.0126
vn -0.0080 0.9998 0.0178
vn -0.0340 0.9994 -0.0042
vn -0.0304 0.9981 -0.0532
vn 0.1668 0.9859 0.0121
vn 0.1137 0.9934 0.0173
vn -0.0674 0.9972 -0.0320
vn 0.0535 0.9985 0.0071
vn -0.0209 0.9997 0.0115
vn 0.0329 0.9994 -0.0072
vn 0.0836 0.9964 -0.0104
vn 0.2722 0.9620 0.0209
vn 0.0063 0.9988 -0.0486
vn -0.0046 0.9998 -0.0205
vn 0.1460 0.9890 -0.0240
vn 0.0994 0.9942 0.0416
vn -0.0218 0.9998 -0.0022
vn -0.0590 0.9983 0.0030
vn -0.1407 0.9895 0.0330
vn 0.0054 0.9994 -0.0344
vn -0.0280 0.9996 -0.0020
vn 0.1710 0.9853 -0.0003
vn 0.0813 0.9958 0.0419
vn 0.1533 0.9856 0.0718
vn 0.1574 0.9840 -0.0840
vn 0.0345 0.9846 -0.1714
vn -0.0690 0.9905 -0.1192
vn -0.1440 0.9881 0.0548
vn -0.0908 0.9813 0.1695
vn 0.0307 0.9877 0.1534
vn 0.1062 0.9647 -0.2409
vn -0.0002 0.9925 -0.1219
vn 0.0432 0.9990 0.0086
vn 0.1097 0.9934 0.0336
vn 0.0684 0.9974 -0.0212
vn -0.0611 0.9981 -0.0034
vn -0.0284 0.9991 0.0318
vn 0.0243 0.9989 0.0391
vn 0.0245 0.9992 0.0302
vn 0.0572 0.9981 0.0215
vn 0.0054 0.9999 -0.0123
vn 0.0365 0.9993 -0.0062
vn 0.1885 0.9815 0.0327
vn 0.0519 0.9971 -0.0564
vn -0.0130 0.9996 -0.0238
vn -0.0271 0.9970 0.0726
vn -0.0189 0.9991 -0.0373
vn 0.0565 0.9984 -0.0096
vn 0.1302 0.9915 0.0076
vn -0.0355 0.9993 -0.0133
vn 0.0646 0.9975 -0.0272
vn 0.0708 0.9975 -0.0045
vn 0.1248 0.9922 0.0035
vn 0.0537 0.9985 -0.0056
vn 0.0126 0.9995 -0.0285
vn 0.0369 0.9992 0.0159
vn 0.0916 0.9952 0.0330
vn -0.0232 0.9995 0.0235
vn -0.0566 0.9984 0.0094
vn 0.1422 0.9878 -0.0631
vn 0.0837 0.9964 -0.0139
vn 0.1032 0.9947 -0.0030
vn 0.0964 0.9945 0.0400
vn 0.1679 0.9838 0.0623
vn 0.1355 0.9886 -0.0653
vn 0.0204 0.9913 -0.1301
vn -0.1179 0.9890 -0.0890
vn -0.1914 0.9798 0.0577
vn -0.0811 0.9899 0.1166
vn 0.0996 0.9877 0.1204
vn 0.0932 0.9753 -0.2004
vn -0.0366 0.9934 -0.1088
vn -0.0009 1.0000 -0.0091
vn 0.0715 0.9970 0.0287
vn 0.0436 0.9990 0.0053
vn -0.0430 0.9991 0.0065
vn -0.1015 0.9944 0.0307
vn -0.0672 0.9973 0.0279
vn 0.0539 0.9985 0.0006
vn 0.1152 0.9928 0.0319
vn 0.0286 0.9995 0.0112
vn 0.0940 0.9935 -0.0647
vn 0.1492 0.9881 0.0370
vn 0.0501 0.9987 -0.0079
vn -0.0675 0.9976 0.0149
vn 0.0490 0.9984 0.0284
vn 0.1336 0.9897 -0.0519
vn 0.0652 0.9978 -0.0081
vn -0.0475 0.9978 0.0451
vn 0.0995 0.9938 -0.0491
vn -0.0196 0.9998 -0.0051
vn -0.1315 0.9913 -0.0038
vn -0.0680 0.9977 -0.0041
vn 0.0047 1.0000 -0.0056
vn -0.0789 0.9969 0.0012
vn -0.0797 0.9964 -0.0278
vn -0.0293 0.9994 0.0187
vn 0.1373 0.9897 0.0406
vn 0.1975 0.9801 -0.0209
vn 0.0694 0.9969 -0.0362
vn 0.0147 0.9999 -0.0046
vn 0.0129 0.9998 -0.0151
vn 0.1017 0.9946 0.0211
vn 0.1771 0.9829 0.0507
vn 0.1781 0.9832 -0.0392
vn 0.0177 0.9969 -0.0773
vn -0.1559 0.9861 -0.0575
vn -0.2198 0.9739 0.0568
vn -0.0928 0.9946 0.0468
vn 0.1105 0.9907 0.0790
vn 0.0846 0.9848 -0.1518
vn -0.0562 0.9945 -0.0883
vn -0.0314 0.9992 -0.0233
vn 0.0325 0.9993 0.0173
vn 0.0046 0.9998 0.0174
vn -0.1053 0.9934 0.0451
vn -0.1235 0.9920 0.0269
vn -0.0516 0.9987 -0.0028
vn -0.0705 0.9974 -0.0118
vn -0.0086 0.9999 0.0138
vn 0.0730 0.9972 0.0155
vn 0.0167 0.9988 -0.0466
vn -0.1092 0.9938 0.0217
vn 0.0263 0.9994 0.0214
vn 0.1520 0.9879 -0.0312
vn 0.1528 0.9881 0.0164
vn 0.0695 0.9974 -0.0183
vn 0.0234 0.9997 -0.0023
vn 0.1244 0.9920 0.0213
vn 0.1128 0.9935 -0.0166
vn -0.0200 0.9997 0.0139
vn -0.0197 0.9998 0.0064
vn 0.0638 0.9979 -0.0079
vn 0.0193 0.9998 0.0013
vn 0.0134 0.9999 -0.0019
vn 0.0289 0.9994 -0.0215
vn -0.0149 0.9995 -0.0295
vn 0.0951 0.9955 0.0019
vn 0.1688 0.9856 -0.0055
vn -0.0585 0.9983 0.0062
vn 0.0127 0.9997 -0.0208
vn 0.0487 0.9986 -0.0219
vn 0.1244 0.9922 0.0034
vn 0.1719 0.9846 0.0307
vn 0.1934 0.9810 -0.0143
vn 0.0051 0.9999 -0.0130
vn -0.1703 0.9851 -0.0219
vn -0.2327 0.9713 0.0504
vn -0.1074 0.9942 -0.0007
vn 0.0948 0.9951 -0.0275
vn 0.0806 0.9919 -0.0986
vn -0.0632 0.9958 -0.0656
vn -0.0396 0.9984 -0.0405
vn 0.0242 0.9996 0.0121
vn -0.0176 0.9990 0.0422
vn -0.0926 0.9940 0.0590
vn -0.0298 0.9996 0.0015
vn -0.0166 0.9999 0.0011
vn -0.0529 0.9986 -0.0069
vn 0.0236 0.9997 -0.0081
vn 0.0293 0.9995 0.0109
vn -0.0797 0.9968 0.0096
vn 0.0309 0.9990 -0.0313
vn 0.0946 0.9953 -0.0186
vn 0.1588 0.9863 -0.0447
vn 0.0135 0.9988 0.0478
vn 0.0916 0.9958 0.0079
vn -0.0274 0.9994 -0.0201
vn 0.0359 0.9994 0.0024
vn -0.0516 0.9984 0.0239
vn 0.0668 0.9977 -0.0060
vn 0.0594 0.9982 -0.0058
vn 0.1177 0.9929 -0.0185
vn 0.1166 0.9931 -0.0137
vn 0.2160 0.9764 0.0036
vn 0.0613 0.9981 -0.0031
vn 0.1523 0.9882 -0.0173
vn 0.0271 0.9996 -0.0058
vn 0.0452 0.9989 0.0115
vn 0.0394 0.9992 0.0043
vn 0.0717 0.9969 -0.0335
vn -0.0807 0.9963 -0.0280
vn 0.1033 0.9943 -0.0258
vn 0.1653 0.9859 0.0250
vn 0.1524 0.9880 0.0246
vn 0.0007 0.9998 0.0214
vn -0.1570 0.9871 0.0299
vn -0.2279 0.9732 0.0302
vn -0.0934 0.9949 -0.0387
vn 0.1091 0.9848 -0.1351
vn 0.0653 0.9976 -0.0235
vn -0.0657 0.9965 -0.0520
vn -0.0479 0.9971 -0.0598
vn 0.0113 0.9999 0.0085
vn -0.0184 0.9978 0.0632
vn -0.0801 0.9949 0.0606
vn -0.1170 0.9931 -0.0091
vn -0.0137 0.9999 -0.0041
vn 0.1035 0.9945 -0.0181
vn 0.0024 1.0000 -0.0003
vn -0.0420 0.9991 0.0019
vn -0.0453 0.9990 -0.0056
vn 0.1184 0.9926 -0.0255
vn 0.0027 0.9998 -0.0195
vn -0.0736 0.9970 -0.0236
vn 0.0294 0.9995 0.0139
vn -0.0190 0.9997 0.0162
vn 0.0351 0.9991 0.0236
vn -0.0389 0.9992 -0.0001
vn 0.1220 0.9925 -0.0098
vn -0.0154 0.9999 0.0016
vn 0.1000 0.9950 -0.0083
vn -0.0996 0.9947 -0.0234
vn -0.0070 0.9998 -0.0186
vn -0.0928 0.9956 0.0122
vn 0.0380 0.9992 -0.0102
vn 0.0648 0.9978 -0.0147
vn 0.0282 0.9996 -0.0034
vn -0.0152 0.9999 -0.0009
vn 0.1233 0.9923 0.0133
vn -0.0083 1.0000 -0.0014
vn 0.0135 0.9984 -0.0555
vn -0.0345 0.9985 -0.0414
vn 0.0729 0.9973 0.0067
vn 0.1086 0.9927 0.0532
vn 0.0096 0.9985 0.0531
vn -0.1234 0.9894 0.0768
vn -0.2035 0.9789 0.0177
vn -0.0995 0.9897 -0.1031
vn 0.1009 0.9788 -0.1783
vn 0.0878 0.9951 0.0461
vn -0.0358 0.9986 -0.0385
vn -0.0340 0.9971 -0.0677
vn 0.0073 1.0000 -0.0002
vn -0.0135 0.9967 0.0800
vn -0.1109 0.9902 0.0845
vn -0.1143 0.9932 -0.0225
vn -0.0364 0.9986 -0.0395
vn 0.0488 0.9987 -0.0175
vn 0.0531 0.9985 0.0126
vn -0.0059 0.9999 0.0100
vn 0.0178 0.9994 -0.0295
vn -0.0865 0.9962 -0.0117
vn -0.0187 0.9998 -0.0054
vn -0.1368 0.9903 -0.0238
vn -0.0206 0.9998 -0.0060
vn 0.1214 0.9926 0.0068
vn 0.1570 0.9875 -0.0167
vn 0.0619 0.9980 0.0133
vn 0.0747 0.9972 -0.0020
vn 0.1532 0.9882 -0.0072
vn 0.0719 0.9974 0.0006
vn 0.0451 0.9990 -0.0055
vn 0.0076 1.0000 -0.0063
vn 0.0625 0.9978 -0.0203
vn 0.0213 0.9998 -0.0055
vn 0.0046 1.0000 0.0063
vn -0.0024 1.0000 -0.0092
vn 0.0339 0.9994 0.0115
vn 0.0059 0.9999 0.0083
vn 0.0774 0.9952 -0.0603
vn -0.0258 0.9991 -0.0332
vn 0.0188 0.9997 -0.0162
vn 0.0487 0.9975 0.0518
vn 0.0266 0.9955 0.0911
vn -0.0401 0.9941 0.1009
vn -0.0973 0.9950 0.0242
vn -0.0753 0.9854 -0.1529
vn 0.0255 0.9761 -0.2157
vn 0.0976 0.9917 0.0842
vn -0.0011 0.9999 -0.0165
vn 0.0019 0.9973 -0.0738
vn 0.0318 0.9995 -0.0045
vn 0.0116 0.9951 0.0982
vn -0.0748 0.9923 0.0983
vn -0.0480 0.9985 -0.0274
vn -0.0058 0.9975 -0.0708
vn 0.0582 0.9982 -0.0164
vn -0.0070 0.9999 0.0116
vn 0.1054 0.9943 -0.0127
vn 0.1683 0.9857 -0.0105
vn 0.0249 0.9997 0.0026
vn 0.0569 0.9984 0.0011
vn 0.0632 0.9972 -0.0406
vn 0.0093 1.0000 -0.0033
vn 0.1156 0.9933 -0.0058
vn 0.0329 0.9993 -0.0163
vn -0.0022 1.0000 -0.0053
vn -0.0185 0.9997 0.0174
vn 0.0995 0.9950 -0.0096
vn -0.0200 0.9997 -0.0147
vn 0.0614 0.9981 0.0098
vn 0.0683 0.9976 -0.0105
vn 0.0368 0.9993 -0.0064
vn 0.0129 0.9999 0.0102
vn 0.0007 1.0000 -0.0034
vn -0.0145 0.9999 -0.0004
vn 0.0575 0.9983 -0.0057
vn 0.0080 1.0000 0.0028
vn 0.0419 0.9991 0.0019
vn 0.0036 0.9992 -0.0393
vn 0.0138 0.9993 -0.0355
vn 0.0008 0.9997 -0.0243
vn 0.0189 0.9989 0.0437
vn 0.0456 0.9938 0.1014
vn 0.0346 0.9928 0.1147
vn 0.0130 0.9995 0.0281
vn -0.0166 0.9882 -0.1525
vn -0.0339 0.9684 -0.2471
vn 0.1120 0.9877 0.1091
vn 0.0488 0.9988 0.0008
vn 0.0499 0.9955 -0.0803
vn 0.0698 0.9976 -0.0048
vn 0.0474 0.9921 0.1158
vn 0.0107 0.9945 0.1040
vn -0.0081 0.9996 -0.0280
vn -0.0264 0.9956 -0.0897
vn 0.0409 0.9989 -0.0236
vn 0.0307 0.9995 0.0044
vn 0.0800 0.9966 -0.0184
vn 0.0354 0.9994 -0.0000
vn 0.1587 0.9873 -0.0006
vn 0.0510 0.9987 0.0003
vn 0.0629 0.9972 -0.0400
vn 0.0218 0.9997 0.0114
vn 0.0480 0.9988 -0.0021
vn -0.0287 0.9995 -0.0092
vn 0.0010 1.0000 -0.0033
vn 0.0632 0.9980 -0.0024
vn 0.0203 0.9998 0.0052
vn 0.0020 0.9999 -0.0123
vn 0.0414 0.9991 -0.0062
vn 0.0056 1.0000 -0.0000
vn -0.0225 0.9997 -0.0010
vn 0.0110 0.9999 -0.0010
vn 0.0140 0.9999 -0.0000
vn 0.0005 0.9999 0.0117
vn -0.0226 0.9996 -0.0188
vn 0.0350 0.9994 -0.0027
vn 0.0544 0.9985 -0.0039
vn 0.0148 0.9996 -0.0224
vn -0.0119 0.9994 -0.0338
vn -0.0098 0.9996 -0.0274
vn 0.0117 0.9994 0.0322
vn 0.0644 0.9935 0.0940
vn 0.0806 0.9897 0.1182
vn 0.0743 0.9966 0.0341
vn 0.0058 0.9919 -0.1268
vn -0.0863 0.9672 -0.2389
vn 0.1161 0.9861 0.1190
vn 0.0930 0.9956 0.0111
vn 0.0966 0.9917 -0.0845
vn 0.1021 0.9948 -0.0035
vn 0.0866 0.9885 0.1241
vn 0.0859 0.9910 0.1031
vn 0.0948 0.9954 -0.0150
vn 0.0239 0.9961 -0.0848
vn 0.0906 0.9953 -0.0330
vn -0.0081 0.9998 -0.0158
vn -0.0083 0.9999 0.0096
vn -0.0372 0.9992 -0.0114
vn 0.0423 0.9990 -0.0161
vn 0.0562 0.9983 0.0160
vn 0.0154 0.9994 -0.0295
vn 0.0964 0.9953 0.0005
vn 0.0182 0.9998 0.0053
vn 0.0184 0.9997 -0.0128
vn 0.1158 0.9933 -0.0057
vn 0.0195 0.9998 -0.0018
vn 0.0201 0.9998 -0.0002
vn 0.0272 0.9995 -0.0164
vn 0.0653 0.9978 0.0060
vn -0.0149 0.9998 0.0101
vn 0.0550 0.9985 -0.0024
vn 0.0045 1.0000 -0.0019
vn 0.0162 0.9999 -0.0023
vn 0.0430 0.9990 0.0108
vn 0.0227 0.9995 -0.0204
vn -0.0080 0.9999 -0.0062
vn 0.0132 0.9999 -0.0027
vn -0.0146 0.9999 -0.0077
vn -0.0301 0.9990 -0.0329
vn -0.0426 0.9986 -0.0327
vn -0.0072 0.9998 0.0163
vn 0.0688 0.9946 0.0781
vn 0.1122 0.9871 0.1139
vn 0.1185 0.9919 0.0461
vn 0.0262 0.9957 -0.0884
vn -0.1091 0.9726 -0.2055
vn 0.0598 0.9908 0.1210
vn 0.0574 0.9983 0.0138
vn 0.0551 0.9948 -0.0853
vn 0.0656 0.9978 -0.0069
vn 0.0834 0.9880 0.1303
vn 0.0588 0.9936 0.0968
vn 0.0967 0.9951 -0.0195
vn 0.1957 0.9755 -0.1006
vn 0.1151 0.9933 -0.0059
vn 0.0688 0.9976 0.0103
vn 0.0656 0.9978 0.0120
vn -0.0020 0.9999 -0.0129
vn 0.0116 0.9995 -0.0280
vn 0.0344 0.9994 -0.0077
vn 0.1253 0.9920 -0.0169
vn 0.0451 0.9989 0.0133
vn -0.0329 0.9994 0.0111
vn 0.0414 0.9990 -0.0166
vn 0.0051 1.0000 -0.0039
vn 0.0396 0.9992 -0.0063
vn 0.0873 0.9962 -0.0054
vn 0.0044 1.0000 -0.0002
vn -0.0060 1.0000 0.0078
vn 0.0577 0.9983 -0.0025
vn 0.0671 0.9977 0.0016
vn 0.0268 0.9996 -0.0021
vn 0.0098 1.0000 0.0003
vn 0.0286 0.9996 -0.0044
vn 0.0745 0.9972 -0.0054
vn -0.0036 1.0000 0.0021
vn -0.0102 0.9999 -0.0040
vn 0.0026 1.0000 -0.0064
vn -0.0148 0.9996 -0.0260
vn -0.0340 0.9988 -0.0341
vn -0.0083 1.0000 -0.0003
vn 0.0498 0.9973 0.0536
vn 0.1208 0.9875 0.1014
vn 0.1441 0.9875 0.0635
vn 0.0719 0.9955 -0.0623
vn -0.0607 0.9886 -0.1374
vn -0.0281 0.9921 0.1221
vn -0.0375 0.9991 0.0175
vn -0.0521 0.9948 -0.0874
vn -0.0324 0.9994 -0.0145
vn 0.0046 0.9933 0.1153
vn 0.0916 0.9909 0.0987
vn 0.1421 0.9886 -0.0489
vn 0.1243 0.9891 -0.0789
vn -0.0354 0.9994 -0.0056
vn 0.0934 0.9955 0.0166
vn 0.0450 0.9987 0.0256
vn 0.0276 0.9996 -0.0103
vn 0.0311 0.9991 -0.0276
vn 0.0212 0.9998 0.0001
vn -0.0352 0.9990 -0.0285
vn 0.0114 0.9998 0.0158
vn 0.0521 0.9986 0.0078
vn 0.0381 0.9992 -0.0078
vn 0.0053 1.0000 -0.0025
vn 0.0109 0.9997 -0.0196
vn 0.0300 0.9995 -0.0007
vn 0.0375 0.9993 0.0072
vn 0.0094 1.0000 0.0010
vn 0.0451 0.9989 -0.0125
vn 0.0170 0.9997 0.0148
vn 0.0263 0.9997 0.0020
vn 0.0253 0.9997 -0.0061
vn 0.0314 0.9995 -0.0064
vn 0.0281 0.9996 -0.0007
vn 0.0320 0.9995 0.0053
vn 0.0157 0.9999 -0.0008
vn -0.0010 1.0000 -0.0061
vn -0.0041 0.9998 -0.0220
vn -0.0116 0.9993 -0.0344
vn 0.0077 0.9999 -0.0100
vn 0.0427 0.9985 0.0350
vn 0.1019 0.9914 0.0815
vn 0.1528 0.9856 0.0724
vn 0.1077 0.9933 -0.0410
vn -0.0174 0.9975 -0.0692
vn -0.0887 0.9883 0.1237
vn -0.1032 0.9943 0.0255
vn -0.1312 0.9873 -0.0892
vn -0.1149 0.9932 -0.0165
vn -0.0662 0.9943 0.0831
vn 0.0800 0.9944 0.0686
vn 0.0999 0.9938 -0.0494
vn 0.0248 0.9988 -0.0413
vn 0.0432 0.9990 -0.0068
vn 0.0304 0.9995 0.0111
vn 0.0397 0.9991 0.0133
vn 0.1189 0.9929 -0.0055
vn 0.0257 0.9992 -0.0297
vn 0.0780 0.9968 0.0189
vn -0.0238 0.9996 -0.0150
vn -0.0236 0.9996 -0.0143
vn 0.0643 0.9979 0.0045
vn 0.0359 0.9994 0.0011
vn 0.0270 0.9996 -0.0020
vn 0.0013 1.0000 -0.0093
vn -0.0061 1.0000 -0.0046
vn -0.0186 0.9998 0.0083
vn -0.0014 1.0000 -0.0010
vn -0.0214 0.9998 -0.0042
vn -0.0319 0.9995 0.0061
vn 0.0232 0.9997 -0.0070
vn 0.0391 0.9992 -0.0053
vn 0.0130 0.9999 0.0016
vn -0.0007 1.0000 -0.0026
vn 0.0033 1.0000 0.0063
vn 0.0180 0.9998 0.0023
vn 0.0034 1.0000 -0.0030
vn -0.0124 0.9998 -0.0167
vn -0.0304 0.9989 -0.0359
vn -0.0152 0.9997 -0.0195
vn 0.0251 0.9994 0.0217
vn 0.0703 0.9956 0.0621
vn 0.1290 0.9894 0.0659
vn 0.1159 0.9932 -0.0120
vn 0.0232 0.9992 -0.0335
vn -0.1188 0.9847 0.1277
vn -0.1380 0.9898 0.0354
vn -0.1771 0.9804 -0.0865
vn -0.1564 0.9873 -0.0297
vn -0.0670 0.9959 0.0605
vn 0.0124 0.9991 0.0395
vn 0.0509 0.9978 -0.0429
vn 0.0614 0.9972 -0.0429
vn 0.0446 0.9990 -0.0064
vn 0.0385 0.9992 0.0080
vn 0.0327 0.9994 -0.0060
vn 0.1208 0.9926 -0.0078
vn 0.0142 0.9999 -0.0031
vn 0.0173 0.9998 0.0118
vn 0.0444 0.9990 0.0097
vn 0.0030 0.9997 -0.0231
vn 0.0098 1.0000 -0.0018
vn 0.0217 0.9998 0.0017
vn -0.0144 0.9999 -0.0042
vn 0.0315 0.9995 -0.0051
vn 0.0169 0.9999 -0.0003
vn -0.0030 0.9999 0.0114
vn 0.0051 1.0000 -0.0030
vn 0.0119 0.9999 -0.0010
vn -0.0026 1.0000 0.0006
vn 0.0065 0.9999 -0.0113
vn -0.0099 1.0000 -0.0003
vn -0.0034 1.0000 -0.0001
vn -0.0013 1.0000 -0.0028
vn 0.0037 1.0000 0.0058
vn 0.0147 0.9999 0.0022
vn 0.0044 1.0000 0.0007
vn -0.0058 0.9999 -0.0120
vn -0.0127 0.9994 -0.0324
vn -0.0187 0.9995 -0.0262
vn 0.0055 0.9999 0.0094
vn 0.0411 0.9981 0.0457
vn 0.0964 0.9938 0.0547
vn 0.1043 0.9945 0.0061
vn 0.0428 0.9990 -0.0092
vn -0.1242 0.9832 0.1336
vn -0.1235 0.9915 0.0415
vn -0.1508 0.9853 -0.0805
vn -0.1424 0.9884 -0.0527
vn -0.0594 0.9978 0.0281
vn 0.0594 0.9980 0.0217
vn 0.0984 0.9938 -0.0522
vn 0.0350 0.9987 -0.0358
vn 0.0402 0.9992 0.0056
vn 0.0219 0.9997 0.0093
vn 0.0186 0.9998 -0.0083
vn 0.0149 0.9999 -0.0058
vn 0.0072 1.0000 0.0056
vn -0.0105 0.9999 0.0047
vn 0.0314 0.9995 -0.0009
vn 0.0412 0.9991 -0.0107
vn 0.0131 0.9999 -0.0019
vn -0.0068 1.0000 0.0038
vn 0.0019 1.0000 -0.0015
vn 0.0057 1.0000 -0.0075
vn -0.0120 0.9999 0.0024
vn 0.0214 0.9998 0.0049
vn 0.0225 0.9997 -0.0045
vn 0.0130 0.9999 0.0004
vn 0.0192 0.9998 0.0014
vn 0.0276 0.9996 -0.0064
vn -0.0094 0.9999 0.0047
vn -0.0138 0.9999 -0.0017
vn -0.0063 1.0000 -0.0039
vn 0.0013 1.0000 -0.0016
vn 0.0061 1.0000 0.0056
vn 0.0005 1.0000 0.0033
vn 0.0013 0.9999 -0.0120
vn -0.0024 0.9995 -0.0306
vn -0.0062 0.9997 -0.0256
vn 0.0185 0.9993 0.0322
vn 0.0655 0.9970 0.0423
vn 0.0826 0.9964 0.0173
vn 0.0442 0.9990 0.0016
vn -0.0652 0.9899 0.1258
vn -0.0371 0.9983 0.0447
vn -0.0714 0.9947 -0.0741
vn -0.0840 0.9940 -0.0703
vn -0.0195 0.9998 -0.0025
vn 0.0706 0.9975 0.0019
vn 0.0492 0.9982 -0.0353
vn 0.0091 0.9996 -0.0278
vn -0.0438 0.9990 0.0017
vn 0.0216 0.9997 0.0098
vn 0.0253 0.9997 -0.0037
vn -0.0187 0.9998 -0.0086
vn 0.0463 0.9989 0.0052
vn 0.0066 1.0000 0.0048
vn 0.0393 0.9992 -0.0079
vn 0.0195 0.9998 -0.0020
vn 0.0125 0.9999 -0.0000
vn -0.0020 1.0000 0.0048
vn 0.0114 0.9999 -0.0013
vn -0.0014 1.0000 -0.0055
vn -0.0051 1.0000 0.0005
vn -0.0011 1.0000 -0.0030
vn 0.0223 0.9998 0.0001
vn -0.0106 0.9999 0.0008
vn -0.0039 1.0000 0.0003
vn -0.0118 0.9999 -0.0004
vn 0.0040 1.0000 0.0041
vn 0.0166 0.9999 -0.0043
vn 0.0127 0.9999 -0.0007
vn -0.0037 1.0000 -0.0028
vn 0.0028 1.0000 0.0043
vn -0.0077 1.0000 0.0046
vn -0.0041 0.9999 -0.0121
vn -0.0017 0.9995 -0.0300
vn -0.0019 0.9997 -0.0244
vn -0.0054 1.0000 0.0004
vn 0.0055 0.9997 0.0223
vn 0.0419 0.9986 0.0308
vn 0.0638 0.9977 0.0217
vn 0.0447 0.9990 0.0077
vn 0.0082 0.9942 0.1072
vn 0.0500 0.9977 0.0455
vn 0.0038 0.9981 -0.0623
vn -0.0274 0.9970 -0.0722
vn 0.0077 0.9998 -0.0187
vn 0.0622 0.9980 -0.0126
vn 0.0596 0.9978 -0.0286
vn 0.0350 0.9993 -0.0134
vn 0.0146 0.9999 0.0062
vn -0.0209 0.9998 -0.0017
vn 0.0126 0.9999 0.0041
vn 0.0054 1.0000 -0.0063
vn -0.0100 0.9999 -0.0004
vn 0.0310 0.9995 -0.0054
vn 0.0189 0.9998 -0.0058
vn 0.0082 1.0000 0.0030
vn -0.0006 1.0000 0.0035
vn 0.0030 1.0000 0.0019
vn 0.0201 0.9998 -0.0009
vn -0.0076 1.0000 -0.0046
vn 0.0108 0.9999 -0.0011
vn 0.0050 1.0000 0.0034
vn -0.0175 0.9998 -0.0007
vn -0.0075 1.0000 0.0039
vn -0.0169 0.9999 0.0022
vn -0.0294 0.9996 -0.0039
vn -0.0245 0.9997 0.0004
vn -0.0177 0.9998 -0.0071
vn -0.0175 0.9998 0.0019
vn -0.0249 0.9997 -0.0023
vn -0.0013 1.0000 0.0039
vn 0.0015 1.0000 0.0061
vn -0.0028 0.9999 -0.0136
vn 0.0033 0.9995 -0.0305
vn 0.0054 0.9997 -0.0243
vn -0.0027 1.0000 0.0014
vn -0.0002 0.9999 0.0159
vn 0.0276 0.9994 0.0215
vn 0.0476 0.9987 0.0204
vn 0.0367 0.9992 0.0151
vn 0.0582 0.9939 0.0938
vn 0.0907 0.9950 0.0424
vn 0.0523 0.9975 -0.0479
vn 0.0176 0.9977 -0.0661
vn 0.0213 0.9993 -0.0311
vn 0.0571 0.9981 -0.0215
vn 0.0404 0.9989 -0.0218
vn 0.0182 0.9998 -0.0040
vn 0.0347 0.9994 0.0016
vn 0.0285 0.9996 0.0020
vn 0.0346 0.9994 -0.0025
vn 0.0314 0.9995 0.0014
vn 0.0102 0.9999 0.0019
vn 0.0053 1.0000 -0.0079
vn -0.0096 1.0000 -0.0007
vn -0.0012 1.0000 0.0015
vn 0.0003 1.0000 0.0041
vn 0.0018 1.0000 -0.0018
vn -0.0098 1.0000 0.0007
vn -0.0112 0.9999 -0.0004
vn -0.0067 1.0000 -0.0063
vn -0.0143 0.9998 0.0132
vn -0.0222 0.9997 -0.0028
vn 0.0009 1.0000 0.0010
vn 0.0272 0.9996 0.0007
vn 0.0101 0.9999 -0.0004
vn -0.0108 0.9999 0.0058
vn -0.0320 0.9995 -0.0064
vn -0.0107 0.9999 -0.0015
vn -0.0079 1.0000 -0.0057
vn -0.0205 0.9998 -0.0009
vn 0.0152 0.9999 0.0055
vn -0.0156 0.9998 -0.0128
vn 0.0112 0.9994 -0.0318
vn 0.0090 0.9997 -0.0229
vn -0.0010 1.0000 0.0033
vn -0.0049 0.9999 0.0121
vn 0.0212 0.9997 0.0136
vn 0.0393 0.9990 0.0190
vn 0.0299 0.9994 0.0196
vn 0.0883 0.9927 0.0817
vn 0.1166 0.9922 0.0443
vn 0.0883 0.9954 -0.0380
vn 0.0504 0.9970 -0.0594
vn 0.0431 0.9984 -0.0354
vn 0.0468 0.9987 -0.0196
vn 0.0040 0.9999 -0.0094
vn -0.0079 1.0000 -0.0045
vn -0.0297 0.9995 -0.0061
vn 0.0234 0.9997 0.0034
vn -0.0072 1.0000 -0.0033
vn 0.0049 1.0000 0.0026
vn 0.0215 0.9998 0.0052
vn -0.0037 1.0000 0.0007
vn -0.0034 1.0000 -0.0053
vn -0.0018 1.0000 0.0006
vn -0.0008 1.0000 0.0041
vn 0.0149 0.9999 0.0041
vn -0.0299 0.9996 0.0025
vn -0.0020 1.0000 -0.0044
vn -0.0069 1.0000 -0.0004
vn -0.0513 0.9986 0.0120
vn -0.0242 0.9997 -0.0045
vn -0.0354 0.9993 -0.0107
vn 0.0173 0.9998 -0.0038
vn 0.0279 0.9996 0.0052
vn 0.0063 0.9999 0.0117
vn 0.0186 0.9998 -0.0024
vn -0.0129 0.9999 -0.0103
vn 0.0238 0.9997 -0.0004
vn -0.0063 1.0000 -0.0007
vn -0.0263 0.9997 0.0030
vn 0.0098 0.9999 -0.0139
vn 0.0063 0.9994 -0.0329
vn 0.0046 0.9998 -0.0192
vn -0.0111 0.9999 0.0050
vn -0.0123 0.9999 0.0078
vn 0.0178 0.9998 0.0057
vn 0.0371 0.9991 0.0182
vn 0.0256 0.9994 0.0235
vn 0.1009 0.9924 0.0707
vn 0.1285 0.9907 0.0441
vn 0.1115 0.9934 -0.0288
vn 0.0728 0.9960 -0.0516
vn 0.0566 0.9978 -0.0341
vn 0.0445 0.9989 -0.0111
vn 0.0200 0.9998 -0.0007
vn 0.0013 1.0000 -0.0056
vn 0.0138 0.9999 0.0001
vn -0.0024 1.0000 0.0012
vn -0.0033 1.0000 -0.0050
vn -0.0043 1.0000 0.0001
vn -0.0144 0.9999 0.0003
vn 0.0166 0.9998 0.0057
vn -0.0018 1.0000 -0.0019
vn -0.0175 0.9998 -0.0006
vn 0.0065 1.0000 -0.0016
vn 0.0231 0.9997 0.0057
vn 0.0256 0.9997 0.0059
vn 0.0090 0.9999 -0.0063
vn -0.0376 0.9992 0.0146
vn -0.0115 0.9999 0.0066
vn -0.0266 0.9996 0.0012
vn 0.0095 0.9997 -0.0238
vn -0.0338 0.9994 -0.0033
vn -0.0242 0.9997 0.0070
vn -0.0607 0.9980 0.0162
vn -0.0505 0.9986 -0.0126
vn -0.0003 1.0000 -0.0067
vn -0.0408 0.9992 0.0046
vn -0.0418 0.9991 0.0075
vn -0.0405 0.9992 -0.0056
vn 0.0118 0.9997 -0.0204
vn 0.0214 0.9991 -0.0356
vn 0.0153 0.9998 -0.0150
vn -0.0185 0.9998 0.0108
vn -0.0236 0.9997 0.0021
vn 0.0109 0.9999 -0.0017
vn 0.0360 0.9992 0.0157
vn 0.0230 0.9993 0.0283
vn 0.0987 0.9932 0.0609
vn 0.1240 0.9915 0.0405
vn 0.1149 0.9932 -0.0193
vn 0.0793 0.9959 -0.0425
vn 0.0513 0.9983 -0.0277
vn 0.0279 0.9996 -0.0043
vn 0.0317 0.9995 -0.0016
vn 0.0148 0.9999 -0.0013
vn 0.0002 1.0000 0.0015
vn 0.0070 1.0000 0.0019
vn 0.0130 0.9999 0.0006
vn -0.0348 0.9994 0.0074
vn -0.0229 0.9997 -0.0081
vn -0.0033 1.0000 0.0012
vn -0.0121 0.9999 0.0060
vn -0.0123 0.9999 -0.0046
vn -0.0289 0.9996 -0.0009
vn -0.0453 0.9990 -0.0027
vn 0.0160 0.9998 0.0072
vn -0.0330 0.9994 0.0111
vn -0.0323 0.9994 0.0098
vn -0.0350 0.9994 0.0021
vn -0.0192 0.9998 0.0021
vn -0.0286 0.9992 -0.0293
vn -0.0188 0.9998 0.0098
vn -0.0862 0.9963 0.0067
vn -0.0088 0.9995 0.0291
vn -0.0876 0.9958 -0.0281
vn 0.0097 0.9999 -0.0090
vn -0.0312 0.9994 0.0155
vn -0.0273 0.9996 0.0079
vn -0.0156 0.9997 -0.0191
vn 0.0133 0.9995 -0.0295
vn 0.0372 0.9985 -0.0394
vn 0.0174 0.9998 -0.0073
vn -0.0284 0.9994 0.0214
vn -0.0442 0.9990 -0.0029
vn -0.0004 0.9999 -0.0112
vn 0.0326 0.9994 0.0119
vn 0.0170 0.9993 0.0343
vn 0.0857 0.9950 0.0520
vn 0.1092 0.9934 0.0365
vn 0.1056 0.9943 -0.0118
vn 0.0757 0.9966 -0.0328
vn 0.0465 0.9987 -0.0190
vn 0.0233 0.9997 0.0002
vn 0.0157 0.9999 0.0004
vn 0.0035 1.0000 0.0044
vn 0.0002 1.0000 0.0026
vn -0.0068 1.0000 0.0002
vn -0.0015 1.0000 0.0061
vn -0.0025 1.0000 0.0058
vn 0.0101 0.9999 -0.0070
vn -0.0199 0.9998 0.0019
vn -0.0128 0.9999 0.0058
vn -0.0037 1.0000 -0.0044
vn -0.0179 0.9998 0.0107
vn -0.0512 0.9987 -0.0045
vn -0.0512 0.9987 0.0039
vn -0.0296 0.9995 0.0096
vn 0.0087 1.0000 -0.0027
vn 0.0128 0.9999 0.0074
vn -0.0034 1.0000 0.0084
vn -0.0693 0.9975 -0.0112
vn -0.0679 0.9977 0.0064
vn -0.1033 0.9946 -0.0014
vn 0.0035 0.9999 0.0163
vn -0.0054 0.9999 -0.0091
vn -0.0770 0.9969 -0.0186
vn -0.0114 0.9999 0.0028
vn 0.0155 0.9998 0.0082
vn 0.0272 0.9993 -0.0257
vn 0.0322 0.9989 -0.0344
vn 0.0365 0.9987 -0.0369
vn 0.0142 0.9999 0.0041
vn -0.0522 0.9980 0.0352
vn -0.0705 0.9975 -0.0082
vn -0.0204 0.9994 -0.0278
vn 0.0191 0.9998 0.0112
vn 0.0032 0.9992 0.0410
vn 0.0687 0.9967 0.0433
vn 0.0917 0.9953 0.0325
vn 0.0889 0.9960 -0.0064
vn 0.0626 0.9978 -0.0236
vn 0.0338 0.9994 -0.0097
vn 0.0164 0.9999 0.0041
vn 0.0065 1.0000 0.0030
vn 0.0054 1.0000 0.0035
vn 0.0117 0.9999 0.0051
vn 0.0014 1.0000 0.0005
vn -0.0034 1.0000 0.0061
vn 0.0146 0.9999 0.0011
vn -0.0113 0.9999 0.0025
vn -0.0277 0.9996 0.0030
vn -0.0178 0.9998 0.0007
vn -0.0142 0.9999 -0.0023
vn 0.0004 0.9999 0.0113
vn -0.0039 1.0000 0.0064
vn -0.0622 0.9981 0.0049
vn -0.0277 0.9996 -0.0051
vn -0.0212 0.9997 -0.0078
vn 0.0491 0.9988 0.0051
vn -0.0390 0.9991 0.0174
vn -0.0160 0.9998 0.0096
vn -0.0809 0.9966 0.0130
vn -0.0160 0.9998 -0.0080
vn -0.0499 0.9987 -0.0063
vn 0.0229 0.9997 0.0023
vn 0.0036 1.0000 -0.0085
vn -0.0461 0.9988 -0.0143
vn -0.0274 0.9996 0.0001
vn -0.0100 0.9994 -0.0346
vn 0.0298 0.9990 -0.0340
vn 0.0488 0.9981 -0.0364
vn -0.0015 0.9997 0.0239
vn -0.0939 0.9942 0.0533
vn -0.1120 0.9936 -0.0152
vn -0.0516 0.9975 -0.0486
vn 0.0113 0.9999 0.0079
vn 0.0111 0.9988 0.0469
vn 0.0491 0.9982 0.0342
vn 0.0728 0.9969 0.0289
vn 0.0684 0.9977 -0.0014
vn 0.0444 0.9989 -0.0149
vn 0.0281 0.9996 -0.0042
vn 0.0216 0.9997 0.0078
vn 0.0058 1.0000 0.0059
vn -0.0072 1.0000 0.0034
vn -0.0046 1.0000 0.0042
vn -0.0094 0.9999 0.0054
vn -0.0088 1.0000 0.0028
vn -0.0272 0.9996 0.0070
vn -0.0364 0.9993 0.0058
vn 0.0001 1.0000 0.0001
vn -0.0112 0.9999 -0.0016
vn -0.0364 0.9993 0.0040
vn -0.0498 0.9987 0.0065
vn -0.0877 0.9960 0.0193
vn -0.0496 0.9988 -0.0003
vn -0.0019 1.0000 -0.0093
vn -0.0186 0.9998 -0.0120
vn -0.0770 0.9968 0.0193
vn -0.0269 0.9996 0.0097
vn -0.0114 0.9999 0.0110
vn -0.0478 0.9988 0.0088
vn 0.0601 0.9981 -0.0114
vn -0.0246 0.9997 -0.0092
vn -0.0061 1.0000 -0.0048
vn -0.0398 0.9992 0.0034
vn -0.0585 0.9982 -0.0098
vn -0.0270 0.9996 -0.0013
vn -0.0149 0.9989 -0.0436
vn 0.0151 0.9988 -0.0468
vn 0.0546 0.9982 -0.0258
vn -0.0386 0.9982 0.0463
vn -0.1532 0.9853 0.0758
vn -0.1747 0.9843 -0.0261
vn -0.0847 0.9935 -0.0765
vn 0.0233 0.9997 -0.0074
vn 0.0517 0.9976 0.0472
vn 0.0300 0.9992 0.0254
vn 0.0532 0.9983 0.0251
vn 0.0500 0.9987 0.0034
vn 0.0319 0.9994 -0.0093
vn 0.0251 0.9997 -0.0035
vn 0.0264 0.9996 0.0117
vn 0.0077 0.9999 0.0111
vn -0.0116 0.9999 0.0074
vn -0.0244 0.9997 0.0059
vn -0.0161 0.9999 0.0037
vn -0.0173 0.9998 0.0066
vn -0.0479 0.9988 0.0136
vn 0.0249 0.9996 -0.0132
vn -0.0208 0.9998 0.0076
vn -0.0368 0.9993 0.0077
vn -0.0715 0.9974 0.0058
vn -0.0251 0.9997 0.0036
vn 0.0149 0.9997 0.0191
vn 0.0491 0.9986 -0.0189
vn 0.0276 0.9996 -0.0024
vn -0.0314 0.9995 0.0095
vn -0.0744 0.9971 0.0177
vn -0.0004 0.9999 -0.0120
vn -0.0694 0.9975 0.0105
vn 0.0277 0.9995 0.0127
vn -0.0207 0.9997 -0.0136
vn -0.0165 0.9999 -0.0034
vn -0.1289 0.9914 0.0242
vn -0.1664 0.9860 -0.0063
vn -0.0600 0.9981 -0.0144
vn -0.0520 0.9984 -0.0230
vn 0.0223 0.9990 -0.0399
vn 0.0479 0.9967 -0.0662
vn 0.0475 0.9988 -0.0096
vn -0.0551 0.9949 0.0845
vn -0.2112 0.9719 0.1038
vn -0.2332 0.9715 -0.0417
vn -0.1156 0.9864 -0.1169
vn 0.0385 0.9986 -0.0362
vn 0.1006 0.9942 0.0371
vn 0.0189 0.9997 0.0168
vn 0.0413 0.9989 0.0212
vn 0.0381 0.9992 0.0079
vn 0.0238 0.9997 -0.0066
vn 0.0228 0.9997 -0.0032
vn 0.0222 0.9997 0.0138
vn 0.0074 0.9998 0.0170
vn -0.0014 0.9999 0.0110
vn -0.0034 1.0000 0.0075
vn -0.0076 1.0000 0.0019
vn 0.0074 0.9999 0.0071
vn 0.0364 0.9993 -0.0004
vn 0.0033 1.0000 0.0003
vn -0.0294 0.9993 0.0227
vn -0.0648 0.9978 0.0128
vn -0.0366 0.9993 -0.0076
vn -0.0724 0.9973 -0.0135
vn 0.0705 0.9975 -0.0002
vn -0.0061 1.0000 0.0023
vn -0.0625 0.9980 0.0021
vn -0.0014 0.9996 0.0268
vn -0.0161 0.9999 0.0062
vn -0.0597 0.9981 0.0116
vn -0.1140 0.9934 -0.0092
vn 0.0657 0.9978 -0.0038
vn -0.1016 0.9948 0.0091
vn -0.1216 0.9924 0.0209
vn -0.1024 0.9946 0.0172
vn 0.0646 0.9976 -0.0243
vn 0.0046 0.9999 -0.0166
vn -0.0321 0.9991 -0.0261
vn -0.0505 0.9974 -0.0521
vn 0.1381 0.9860 -0.0935
vn 0.0511 0.9983 0.0279
vn -0.1003 0.9870 0.1255
vn -0.2562 0.9573 0.1338
vn -0.2708 0.9607 -0.0608
vn -0.1381 0.9762 -0.1669
vn 0.0445 0.9965 -0.0706
vn 0.1355 0.9908 -0.0006
vn 0.0157 0.9998 0.0081
vn 0.0384 0.9991 0.0177
vn 0.0344 0.9993 0.0120
vn 0.0205 0.9998 -0.0052
vn 0.0275 0.9996 -0.0047
vn 0.0297 0.9994 0.0170
vn 0.0116 0.9997 0.0205
vn -0.0281 0.9995 0.0127
vn 0.0004 1.0000 0.0078
vn -0.0413 0.9991 0.0097
vn -0.0446 0.9989 -0.0113
vn 0.0275 0.9996 0.0044
vn -0.0504 0.9985 0.0196
vn -0.0024 0.9999 0.0165
vn -0.0885 0.9958 0.0234
vn 0.0753 0.9970 -0.0179
vn 0.0128 0.9998 -0.0151
vn -0.1416 0.9898 0.0183
vn -0.1286 0.9917 0.0086
vn -0.1253 0.9920 -0.0114
vn -0.1698 0.9849 0.0329
vn -0.1605 0.9870 -0.0018
vn -0.0927 0.9954 0.0230
vn 0.0626 0.9980 -0.0120
vn -0.1105 0.9938 -0.0135
vn 0.0562 0.9981 0.0256
vn -0.0888 0.9958 0.0206
vn 0.0556 0.9982 -0.0203
vn -0.0049 0.9997 -0.0231
vn 0.0062 0.9999 -0.0149
vn 0.0052 0.9999 -0.0111
vn 0.1168 0.9880 -0.1011
vn 0.1402 0.9862 -0.0876
vn 0.0880 0.9936 0.0702
vn -0.0782 0.9811 0.1770
vn -0.2461 0.9555 0.1625
vn -0.2725 0.9590 -0.0783
vn -0.1461 0.9644 -0.2206
vn 0.0544 0.9920 -0.1138
vn 0.1791 0.9823 -0.0545
vn 0.0127 0.9999 0.0027
vn 0.0389 0.9992 0.0126
vn 0.0329 0.9993 0.0157
vn 0.0168 0.9998 -0.0041
vn 0.0237 0.9997 -0.0070
vn 0.0386 0.9991 0.0183
vn 0.0167 0.9994 0.0311
vn -0.0130 0.9998 0.0159
vn -0.0497 0.9986 0.0158
vn -0.0554 0.9983 0.0170
vn -0.0708 0.9974 -0.0102
vn -0.0845 0.9964 0.0010
vn -0.0410 0.9991 0.0097
vn -0.1284 0.9910 0.0384
vn -0.1127 0.9936 0.0002
vn 0.0045 0.9992 -0.0402
vn -0.0172 0.9994 0.0316
vn -0.1307 0.9909 0.0322
vn -0.0404 0.9992 -0.0077
vn -0.0479 0.9988 0.0066
vn -0.0852 0.9956 0.0386
vn -0.0537 0.9986 0.0016
vn -0.1424 0.9895 -0.0267
vn 0.0029 1.0000 -0.0021
vn -0.0703 0.9974 -0.0147
vn 0.0819 0.9963 -0.0255
vn 0.1425 0.9894 0.0270
vn -0.0597 0.9979 0.0265
vn -0.1914 0.9812 -0.0228
vn -0.0596 0.9978 -0.0296
vn -0.0167 0.9992 -0.0349
vn 0.0566 0.9902 -0.1276
vn -0.0192 0.9983 -0.0543
vn -0.0535 0.9955 0.0786
vn -0.0791 0.9712 0.2246
vn -0.1662 0.9686 0.1850
vn -0.1941 0.9774 -0.0839
vn -0.1363 0.9533 -0.2695
vn 0.0488 0.9845 -0.1683
vn 0.1913 0.9759 -0.1047
vn 0.0126 0.9999 -0.0034
vn 0.0416 0.9991 0.0076
vn 0.0284 0.9994 0.0211
vn 0.0058 1.0000 -0.0024
vn 0.0082 0.9999 -0.0101
vn 0.0353 0.9992 0.0179
vn 0.0053 0.9993 0.0377
vn -0.0001 0.9996 0.0277
vn -0.0881 0.9960 0.0171
vn 0.0130 0.9998 0.0143
vn -0.0155 0.9999 0.0056
vn -0.0269 0.9996 -0.0088
vn -0.0578 0.9983 0.0084
vn -0.0185 0.9977 0.0646
vn -0.0667 0.9975 -0.0224
vn -0.1139 0.9931 -0.0294
vn -0.1360 0.9902 0.0327
vn 0.0604 0.9982 -0.0009
vn 0.1104 0.9939 -0.0025
vn 0.0157 0.9998 0.0085
vn 0.0786 0.9968 0.0156
vn 0.0742 0.9971 0.0173
vn 0.0703 0.9973 -0.0190
vn -0.0535 0.9985 -0.0093
vn -0.0535 0.9984 -0.0157
vn -0.1275 0.9910 -0.0397
vn -0.0670 0.9958 0.0631
vn -0.1875 0.9809 0.0517
vn -0.1314 0.9902 -0.0481
vn -0.0016 0.9997 -0.0252
vn -0.0795 0.9958 -0.0449
vn -0.1638 0.9804 -0.1094
vn -0.0991 0.9930 -0.0636
vn -0.0669 0.9944 0.0822
vn -0.0384 0.9711 0.2356
vn -0.0217 0.9814 0.1906
vn -0.0227 0.9963 -0.0824
vn -0.0603 0.9563 -0.2860
vn 0.0097 0.9752 -0.2212
vn 0.1677 0.9726 -0.1611
vn 0.0009 0.9999 -0.0149
vn 0.0364 0.9993 0.0044
vn 0.0180 0.9995 0.0265
vn -0.0144 0.9999 0.0024
vn -0.0036 0.9999 -0.0156
vn 0.0232 0.9996 0.0177
vn -0.0009 0.9988 0.0481
vn -0.0242 0.9990 0.0374
vn -0.0071 1.0000 0.0039
vn 0.0148 0.9999 0.0041
vn 0.0410 0.9992 0.0037
vn -0.0207 0.9997 0.0152
vn -0.0879 0.9961 0.0072
vn 0.0202 0.9984 0.0532
vn 0.0073 0.9999 -0.0109
vn -0.0360 0.9992 -0.0169
vn -0.0163 0.9999 0.0038
vn 0.0502 0.9987 -0.0100
vn -0.0412 0.9991 0.0091
vn -0.0974 0.9949 0.0251
vn -0.0920 0.9957 0.0120
vn -0.1115 0.9937 -0.0068
vn -0.0075 0.9998 -0.0160
vn -0.0517 0.9984 0.0230
vn -0.0973 0.9951 -0.0155
vn -0.0532 0.9985 -0.0120
vn -0.1261 0.9900 0.0636
vn -0.0006 0.9995 0.0304
vn 0.0292 0.9987 -0.0421
vn -0.0970 0.9939 -0.0533
vn -0.0299 0.9994 -0.0196
vn -0.0607 0.9940 -0.0914
vn -0.1190 0.9888 -0.0903
vn -0.0408 0.9968 0.0692
vn -0.0081 0.9757 0.2191
vn 0.0903 0.9788 0.1839
vn 0.1182 0.9900 -0.0774
vn 0.0187 0.9651 -0.2611
vn -0.0518 0.9644 -0.2592
vn 0.0454 0.9789 -0.1991
vn -0.0166 0.9992 -0.0365
vn 0.0254 0.9997 0.0024
vn -0.0039 0.9993 0.0367
vn -0.0451 0.9990 0.0066
vn -0.0157 0.9995 -0.0265
vn 0.0214 0.9997 0.0155
vn 0.0204 0.9981 0.0578
vn -0.0037 0.9996 0.0288
vn 0.0685 0.9976 0.0119
vn -0.0304 0.9995 -0.0075
vn -0.0607 0.9979 0.0230
vn -0.0490 0.9986 0.0196
vn 0.0330 0.9993 0.0176
vn -0.0623 0.9978 0.0239
vn 0.0103 0.9999 -0.0031
vn -0.0421 0.9990 -0.0154
vn -0.0283 0.9996 0.0093
vn -0.0754 0.9968 -0.0250
vn -0.0105 0.9991 0.0403
vn -0.0461 0.9983 0.0354
vn -0.0894 0.9960 0.0068
vn 0.0074 0.9999 -0.0072
vn -0.0559 0.9982 -0.0229
vn -0.0452 0.9988 0.0195
vn -0.0284 0.9996 0.0026
vn -0.1802 0.9831 -0.0316
vn 0.0213 0.9991 0.0368
vn 0.1061 0.9943 0.0049
vn 0.2145 0.9767 0.0006
vn -0.0790 0.9965 -0.0289
vn -0.0746 0.9964 -0.0390
vn -0.0677 0.9946 -0.0781
vn -0.1205 0.9894 -0.0808
vn -0.1020 0.9933 0.0538
vn 0.0095 0.9837 0.1796
vn 0.1637 0.9735 0.1598
vn 0.1948 0.9786 -0.0657
vn 0.0458 0.9761 -0.2126
vn -0.1215 0.9587 -0.2573
vn -0.1312 0.9703 -0.2031
vn -0.0549 0.9966 -0.0621
vn -0.0042 1.0000 0.0001
vn -0.0347 0.9981 0.0511
vn -0.0779 0.9969 0.0094
vn -0.0489 0.9977 -0.0464
vn 0.0353 0.9993 0.0083
vn 0.0458 0.9968 0.0655
vn -0.0006 0.9996 0.0278
vn -0.0745 0.9968 0.0298
vn -0.1233 0.9924 -0.0025
vn -0.0400 0.9989 0.0233
vn -0.0064 0.9999 -0.0089
vn -0.0650 0.9978 0.0160
vn 0.0335 0.9989 0.0318
vn 0.0437 0.9990 0.0036
vn -0.0081 1.0000 0.0015
vn -0.0598 0.9979 0.0231
vn -0.0713 0.9965 -0.0439
vn -0.0260 0.9994 0.0213
vn 0.0271 0.9985 0.0473
vn -0.0169 0.9999 0.0008
vn -0.0819 0.9964 -0.0205
vn 0.0277 0.9996 -0.0028
vn 0.0109 0.9999 0.0051
vn 0.0408 0.9976 0.0563
vn -0.1781 0.9834 -0.0354
vn -0.0352 0.9993 -0.0150
vn -0.0758 0.9970 -0.0135
vn -0.0388 0.9992 -0.0039
vn 0.1004 0.9944 0.0317
vn -0.1148 0.9927 -0.0369
vn -0.1262 0.9892 -0.0742
vn -0.1171 0.9902 -0.0755
vn -0.1123 0.9933 0.0285
vn 0.0589 0.9903 0.1262
vn 0.2063 0.9698 0.1300
vn 0.2361 0.9707 -0.0445
vn 0.0576 0.9874 -0.1475
vn -0.1687 0.9606 -0.2209
vn -0.2273 0.9536 -0.1974
vn -0.0894 0.9925 -0.0838
vn -0.0332 0.9994 -0.0044
vn -0.0640 0.9959 0.0643
vn -0.1037 0.9946 0.0099
vn -0.0615 0.9961 -0.0638
vn 0.0041 0.9999 -0.0093
vn 0.0265 0.9973 0.0683
vn -0.0178 0.9983 0.0549
vn -0.0814 0.9958 0.0408
vn -0.0281 0.9995 -0.0171
vn 0.0278 0.9996 -0.0030
vn -0.0050 0.9996 0.0274
vn -0.0909 0.9956 0.0224
vn -0.0943 0.9955 -0.0016
vn -0.0811 0.9966 0.0148
vn -0.1233 0.9923 -0.0090
vn 0.0589 0.9982 0.0137
vn -0.0182 0.9998 -0.0018
vn -0.1291 0.9916 0.0067
vn -0.1230 0.9921 0.0246
vn 0.0203 0.9997 0.0158
vn -0.0309 0.9994 -0.0171
vn 0.0408 0.9989 -0.0216
vn -0.0842 0.9964 0.0061
vn 0.0290 0.9990 0.0353
vn 0.1164 0.9932 0.0058
vn 0.0164 0.9997 -0.0179
vn -0.0215 0.9998 -0.0030
vn -0.0384 0.9986 -0.0360
vn -0.0481 0.9977 0.0467
vn 0.0384 0.9986 -0.0351
vn -0.0917 0.9947 -0.0459
vn -0.1348 0.9875 -0.0817
vn -0.0824 0.9966 0.0026
vn 0.0391 0.9964 0.0753
vn 0.2140 0.9717 0.0999
vn 0.2412 0.9702 -0.0206
vn 0.0492 0.9963 -0.0707
vn -0.2159 0.9622 -0.1661
vn -0.3111 0.9345 -0.1733
vn -0.1110 0.9882 -0.1057
vn -0.0547 0.9985 -0.0098
vn -0.0795 0.9939 0.0765
vn -0.1061 0.9943 0.0054
vn -0.0547 0.9957 -0.0744
vn 0.0129 0.9995 -0.0303
vn 0.0348 0.9966 0.0743
vn -0.0111 0.9985 0.0544
vn 0.1025 0.9938 0.0430
vn 0.0076 0.9999 -0.0095
vn -0.1897 0.9818 0.0017
vn -0.0797 0.9965 0.0233
vn -0.0418 0.9988 0.0267
vn -0.0266 0.9991 0.0335
vn -0.1859 0.9822 0.0279
vn -0.0419 0.9967 -0.0701
vn -0.0747 0.9968 0.0280
vn -0.2079 0.9782 0.0017
vn -0.0454 0.9989 -0.0069
vn 0.0695 0.9975 0.0095
vn 0.1118 0.9936 0.0165
vn 0.0866 0.9959 -0.0243
vn -0.1322 0.9910 -0.0212
vn 0.0236 0.9977 0.0630
vn -0.1536 0.9880 -0.0168
vn -0.0059 1.0000 -0.0029
vn -0.0494 0.9988 -0.0015
vn -0.0303 0.9995 0.0119
vn -0.1831 0.9830 -0.0153
vn -0.1930 0.9811 0.0130
vn 0.0409 0.9981 -0.0470
vn -0.0070 0.9999 -0.0077
vn -0.0779 0.9935 -0.0835
vn -0.0401 0.9988 -0.0273
vn 0.0315 0.9988 0.0378
vn 0.1887 0.9798 0.0659
vn 0.1972 0.9801 0.0210
vn -0.0003 1.0000 -0.0040
vn -0.2533 0.9623 -0.0991
vn -0.3685 0.9197 -0.1356
vn -0.1694 0.9778 -0.1236
vn -0.1219 0.9924 -0.0161
vn -0.1255 0.9887 0.0821
vn -0.1174 0.9931 -0.0027
vn -0.0586 0.9930 -0.1027
vn 0.0532 0.9976 -0.0449
vn 0.0591 0.9953 0.0763
vn 0.0560 0.9975 0.0432
vn -0.0083 0.9973 0.0728
vn -0.0137 0.9999 0.0105
vn 0.0184 0.9998 0.0091
vn 0.0128 0.9997 0.0211
vn -0.0226 0.9995 -0.0204
vn -0.0380 0.9964 0.0754
vn 0.0442 0.9990 -0.0104
vn 0.1202 0.9916 -0.0473
vn -0.0565 0.9967 0.0576
vn 0.0219 0.9996 -0.0165
vn 0.0148 0.9985 -0.0529
vn 0.0182 0.9998 0.0065
vn -0.0212 0.9989 0.0422
vn -0.0440 0.9990 0.0069
vn -0.1411 0.9898 0.0203
vn -0.1223 0.9919 0.0349
vn -0.0570 0.9982 -0.0156
vn -0.1425 0.9898 0.0017
vn -0.1853 0.9827 0.0061
vn -0.1907 0.9810 0.0347
vn -0.1186 0.9927 -0.0211
vn 0.0139 0.9986 -0.0502
vn -0.1085 0.9937 -0.0269
vn -0.0348 0.9990 -0.0285
vn -0.0555 0.9968 -0.0574
vn -0.1132 0.9918 -0.0585
vn 0.0358 0.9992 0.0172
vn 0.1151 0.9926 0.0388
vn 0.1230 0.9911 0.0507
vn -0.0339 0.9981 0.0515
vn -0.2465 0.9688 -0.0247
vn -0.3506 0.9320 -0.0923
vn -0.2769 0.9518 -0.1322
vn -0.2480 0.9685 -0.0238
vn -0.2246 0.9715 0.0756
vn -0.1594 0.9869 -0.0264
vn -0.0728 0.9893 -0.1265
vn -0.0382 0.9978 -0.0541
vn -0.0109 0.9979 0.0634
vn 0.0133 0.9971 0.0754
vn -0.1053 0.9928 0.0574
vn 0.0583 0.9981 -0.0181
vn 0.0600 0.9981 0.0149
vn -0.0672 0.9970 0.0395
vn 0.0694 0.9976 0.0055
vn -0.1128 0.9923 0.0513
vn 0.0031 0.9992 -0.0401
vn -0.0287 0.9996 -0.0073
vn -0.0841 0.9958 0.0368
vn 0.0356 0.9994 -0.0028
vn -0.1421 0.9898 -0.0042
vn -0.1983 0.9801 0.0039
vn -0.1426 0.9897 0.0080
vn 0.0134 0.9999 0.0034
vn 0.1089 0.9932 0.0412
vn -0.0210 0.9998 -0.0047
vn 0.0347 0.9994 0.0013
vn -0.1110 0.9936 0.0231
vn -0.0698 0.9975 0.0117
vn 0.0983 0.9949 -0.0216
vn 0.0860 0.9959 -0.0295
vn 0.0939 0.9952 -0.0290
vn -0.1328 0.9909 0.0229
vn -0.1784 0.9832 -0.0384
vn -0.1300 0.9895 -0.0635
vn -0.0623 0.9951 -0.0761
vn -0.0086 0.9999 -0.0090
vn 0.0415 0.9988 0.0256
vn -0.0003 0.9975 0.0700
vn -0.1201 0.9877 0.1004
vn -0.2272 0.9737 0.0202
vn -0.2615 0.9633 -0.0605
vn -0.3698 0.9199 -0.1301
vn -0.3647 0.9306 -0.0320
vn -0.2974 0.9534 0.0508
vn -0.1613 0.9848 -0.0649
vn -0.0693 0.9881 -0.1376
vn -0.0824 0.9945 -0.0644
vn -0.0148 0.9985 0.0521
vn -0.0022 0.9960 0.0891
vn -0.0363 0.9986 0.0378
vn -0.1008 0.9948 0.0167
vn -0.1789 0.9832 0.0364
vn -0.1624 0.9867 0.0101
vn -0.0433 0.9991 0.0045
vn -0.0335 0.9988 0.0356
vn -0.1056 0.9941 -0.0249
vn -0.0167 0.9998 -0.0061
vn -0.0862 0.9955 0.0387
vn -0.0367 0.9993 -0.0058
vn -0.0385 0.9987 0.0327
vn -0.0582 0.9981 -0.0218
vn -0.0570 0.9981 -0.0225
vn -0.0051 1.0000 0.0044
vn -0.0348 0.9994 -0.0075
vn 0.0385 0.9993 -0.0028
vn 0.0379 0.9980 0.0507
vn 0.0534 0.9984 0.0167
vn 0.0633 0.9978 -0.0208
vn 0.1612 0.9862 -0.0373
vn 0.0163 0.9996 0.0223
vn -0.0962 0.9954 0.0005
vn -0.0307 0.9990 0.0330
vn -0.1057 0.9938 -0.0357
vn -0.1042 0.9904 -0.0913
vn -0.0168 0.9964 -0.0825
vn -0.0459 0.9988 -0.0175
vn -0.0438 0.9987 0.0261
vn -0.1032 0.9897 0.0987
vn -0.1657 0.9779 0.1276
vn -0.1866 0.9822 0.0216
vn -0.1605 0.9857 -0.0508
vn -0.3731 0.9192 -0.1258
vn -0.3811 0.9234 -0.0462
vn -0.2780 0.9606 -0.0033
vn -0.1164 0.9888 -0.0938
vn -0.0597 0.9863 -0.1537
vn -0.0362 0.9966 -0.0739
vn -0.0025 0.9991 0.0427
vn 0.0028 0.9961 0.0881
vn 0.0047 0.9983 0.0589
vn -0.0472 0.9981 0.0393
vn -0.0093 0.9997 0.0215
vn 0.0953 0.9954 -0.0108
vn -0.0216 0.9997 0.0095
vn -0.0110 0.9994 0.0320
vn 0.0694 0.9976 -0.0052
vn -0.0882 0.9960 -0.0123
vn 0.0423 0.9988 0.0228
vn -0.0807 0.9967 -0.0018
vn -0.0753 0.9964 0.0403
vn -0.1011 0.9947 -0.0173
vn -0.0428 0.9988 -0.0226
vn -0.0841 0.9964 -0.0126
vn 0.0100 0.9998 0.0160
vn -0.1057 0.9943 0.0116
vn -0.1215 0.9926 -0.0089
vn 0.0925 0.9955 0.0210
vn 0.0006 0.9998 -0.0201
vn -0.0733 0.9971 -0.0195
vn -0.0804 0.9964 0.0285
vn -0.0834 0.9964 0.0165
vn 0.0429 0.9990 0.0130
vn 0.0383 0.9990 -0.0250
vn -0.0569 0.9953 -0.0779
vn -0.0772 0.9935 -0.0835
vn -0.1028 0.9945 -0.0213
vn -0.1041 0.9939 0.0367
vn -0.1686 0.9785 0.1185
vn -0.1961 0.9714 0.1341
vn -0.1488 0.9889 0.0016
vn -0.0712 0.9955 -0.0627
vn -0.2700 0.9564 -0.1113
vn -0.3179 0.9458 -0.0669
vn -0.2439 0.9685 -0.0497
vn -0.1095 0.9869 -0.1184
vn -0.0535 0.9850 -0.1639
vn -0.0539 0.9951 -0.0827
vn -0.0477 0.9979 0.0442
vn -0.0316 0.9963 0.0795
vn -0.0434 0.9969 0.0655
vn -0.0349 0.9988 0.0354
vn 0.0464 0.9989 -0.0091
vn 0.1042 0.9946 -0.0008
vn 0.0265 0.9992 0.0286
vn -0.0252 0.9995 0.0167
vn 0.0225 0.9997 0.0107
vn -0.1004 0.9949 0.0062
vn -0.0484 0.9985 0.0259
vn -0.0900 0.9957 0.0238
vn -0.0675 0.9975 0.0190
vn -0.0238 0.9992 -0.0323
vn -0.0041 0.9998 -0.0197
vn -0.1007 0.9947 -0.0210
vn 0.0112 0.9998 0.0136
vn 0.0184 0.9985 0.0510
vn -0.1367 0.9903 -0.0243
vn -0.0321 0.9995 -0.0065
vn -0.0310 0.9995 -0.0020
vn -0.1747 0.9844 0.0193
vn -0.0610 0.9979 -0.0228
vn 0.0081 1.0000 0.0039
vn -0.0209 0.9998 0.0027
vn 0.0080 0.9999 -0.0112
vn -0.0432 0.9974 -0.0584
vn -0.0491 0.9960 -0.0745
vn -0.0461 0.9987 -0.0222
vn -0.1359 0.9889 0.0601
vn -0.2142 0.9675 0.1342
vn -0.2142 0.9688 0.1250
vn -0.1159 0.9927 -0.0345
vn -0.0003 0.9958 -0.0921
vn -0.1306 0.9889 -0.0712
vn -0.2421 0.9677 -0.0703
vn -0.2017 0.9764 -0.0777
vn -0.0816 0.9854 -0.1492
vn -0.0358 0.9847 -0.1708
vn -0.0355 0.9959 -0.0830
vn -0.0403 0.9983 0.0410
vn -0.0705 0.9928 0.0964
vn -0.0605 0.9960 0.0657
vn -0.0916 0.9958 0.0092
vn 0.0177 0.9993 -0.0322
vn -0.1275 0.9916 0.0193
vn -0.0769 0.9963 0.0390
vn -0.0193 0.9997 0.0180
vn -0.0239 0.9997 -0.0040
vn 0.0044 0.9998 0.0211
vn -0.0525 0.9981 0.0315
vn 0.1138 0.9935 -0.0021
vn 0.0680 0.9976 0.0113
vn 0.0185 0.9998 -0.0050
vn -0.0800 0.9964 -0.0267
vn -0.0203 0.9998 0.0052
vn -0.0975 0.9952 -0.0064
vn -0.0098 0.9995 0.0284
vn 0.0657 0.9978 0.0002
vn 0.0264 0.9995 -0.0186
vn -0.0774 0.9966 0.0274
vn -0.0995 0.9948 0.0197
vn -0.0099 0.9989 -0.0448
vn -0.0822 0.9966 -0.0085
vn -0.0191 0.9998 0.0074
vn -0.1547 0.9879 0.0060
vn -0.0472 0.9965 -0.0687
vn -0.0193 0.9971 -0.0731
vn -0.0494 0.9988 -0.0058
vn -0.1803 0.9788 0.0973
vn -0.2334 0.9618 0.1430
vn -0.2185 0.9702 0.1052
vn -0.0974 0.9928 -0.0702
vn 0.0315 0.9876 -0.1537
vn -0.0092 0.9997 -0.0219
vn -0.1416 0.9886 -0.0510
vn -0.1382 0.9853 -0.1005
vn -0.0566 0.9832 -0.1736
vn -0.0326 0.9835 -0.1782
vn -0.0326 0.9962 -0.0808
vn -0.0688 0.9963 0.0515
vn -0.0528 0.9946 0.0891
vn 0.0124 0.9979 0.0632
vn -0.1191 0.9927 0.0193
vn -0.1658 0.9862 -0.0040
vn -0.1940 0.9810 0.0079
vn -0.0255 0.9996 0.0104
vn -0.0382 0.9992 0.0082
vn 0.0191 0.9998 -0.0084
vn 0.0083 0.9995 0.0302
vn 0.0040 0.9997 0.0241
vn -0.0177 0.9991 -0.0379
vn 0.0706 0.9967 0.0400
vn 0.0231 0.9996 0.0186
vn 0.0181 0.9990 -0.0410
vn 0.0141 0.9996 0.0238
vn -0.1215 0.9926 -0.0022
vn -0.0348 0.9993 -0.0123
vn 0.0786 0.9969 -0.0046
vn -0.0550 0.9982 0.0234
vn -0.0969 0.9946 0.0383
vn 0.0353 0.9993 -0.0082
vn 0.0268 0.9996 -0.0110
vn -0.0653 0.9975 -0.0257
vn -0.0069 1.0000 0.0042
vn 0.0301 0.9995 0.0084
vn 0.0354 0.9955 -0.0884
vn -0.0306 0.9978 -0.0583
vn -0.0943 0.9952 0.0279
vn -0.1664 0.9789 0.1184
vn -0.2407 0.9585 0.1527
vn -0.2087 0.9756 0.0687
vn -0.0658 0.9928 -0.0998
vn 0.0685 0.9731 -0.2201
vn 0.1158 0.9928 0.0315
vn -0.0277 0.9994 -0.0210
vn -0.0656 0.9919 -0.1084
vn -0.0314 0.9817 -0.1880
vn -0.0240 0.9843 -0.1750
vn -0.0588 0.9951 -0.0790
vn -0.0368 0.9980 0.0515
vn -0.0329 0.9964 0.0783
vn -0.0454 0.9971 0.0608
vn 0.0333 0.9983 0.0477
vn -0.0076 0.9999 0.0148
vn -0.0238 0.9997 -0.0106
vn -0.1129 0.9936 -0.0000
vn -0.0536 0.9986 0.0006
vn -0.1419 0.9899 -0.0064
vn -0.0876 0.9960 0.0194
vn -0.0613 0.9973 0.0413
vn -0.1514 0.9875 -0.0429
vn -0.0723 0.9972 0.0210
vn -0.0430 0.9989 0.0166
vn -0.0351 0.9986 -0.0385
vn -0.0177 0.9991 0.0381
vn 0.0548 0.9983 0.0180
vn -0.1208 0.9922 -0.0304
vn -0.0636 0.9980 -0.0001
vn -0.1597 0.9866 0.0342
vn 0.0107 0.9999 0.0035
vn 0.0451 0.9983 -0.0381
vn -0.0513 0.9987 -0.0039
vn 0.0804 0.9967 0.0136
vn -0.0416 0.9990 -0.0169
vn 0.0532 0.9986 0.0051
vn -0.0409 0.9963 -0.0755
vn -0.0501 0.9980 -0.0397
vn -0.0654 0.9968 0.0469
vn -0.1556 0.9767 0.1475
vn -0.2266 0.9605 0.1616
vn -0.2029 0.9787 0.0317
vn -0.0625 0.9870 -0.1477
vn 0.0779 0.9656 -0.2481
vn 0.2221 0.9715 0.0828
vn 0.0878 0.9961 0.0111
vn 0.0106 0.9952 -0.0974
vn -0.0018 0.9819 -0.1893
vn -0.0255 0.9848 -0.1721
vn -0.0456 0.9961 -0.0760
vn -0.0270 0.9986 0.0450
vn -0.0235 0.9963 0.0830
vn -0.0751 0.9962 0.0438
vn 0.0727 0.9971 0.0210
vn -0.0086 0.9998 0.0194
vn 0.0710 0.9971 0.0272
vn 0.0033 1.0000 0.0052
vn -0.0914 0.9958 0.0003
vn -0.0374 0.9993 0.0077
vn -0.1591 0.9868 0.0291
vn 0.0073 0.9999 0.0132
vn 0.0169 0.9998 -0.0116
vn -0.1504 0.9886 -0.0004
vn -0.0249 0.9996 0.0144
vn -0.0634 0.9971 -0.0421
vn 0.0074 1.0000 -0.0048
vn -0.0615 0.9960 0.0645
vn -0.1352 0.9908 -0.0109
vn 0.0011 0.9999 -0.0101
vn -0.0107 0.9999 0.0053
vn -0.0181 0.9998 -0.0023
vn -0.0854 0.9961 -0.0212
vn -0.0856 0.9962 -0.0153
vn -0.0157 0.9997 0.0185
vn -0.0740 0.9973 0.0030
vn -0.0730 0.9973 0.0052
vn 0.0036 0.9960 -0.0893
vn 0.0160 0.9989 -0.0436
vn -0.0472 0.9963 0.0715
vn -0.1408 0.9744 0.1750
vn -0.1807 0.9694 0.1661
vn -0.1809 0.9834 0.0139
vn -0.0810 0.9769 -0.1977
vn 0.0259 0.9616 -0.2731
vn 0.2973 0.9462 0.1278
vn 0.1703 0.9839 0.0536
vn 0.0657 0.9944 -0.0825
vn 0.0267 0.9836 -0.1784
vn -0.0114 0.9868 -0.1615
vn -0.0528 0.9960 -0.0718
vn -0.0527 0.9978 0.0398
vn -0.0743 0.9927 0.0951
vn -0.1544 0.9866 0.0520
vn -0.1250 0.9919 0.0207
vn -0.1288 0.9916 0.0100
vn -0.0825 0.9965 -0.0149
vn 0.0226 0.9997 0.0065
vn 0.0158 0.9996 0.0247
vn 0.1001 0.9950 0.0076
vn 0.0122 0.9998 0.0186
vn 0.0594 0.9982 -0.0000
vn -0.0437 0.9989 0.0195
vn -0.0504 0.9987 0.0014
vn -0.0170 0.9998 -0.0038
vn -0.0229 0.9995 -0.0195
vn -0.2049 0.9783 0.0296
vn -0.1978 0.9793 0.0434
vn 0.0775 0.9950 -0.0628
vn -0.0067 1.0000 0.0001
vn 0.0386 0.9992 0.0124
vn -0.0187 0.9997 0.0160
vn -0.1016 0.9948 -0.0059
vn -0.0221 0.9993 -0.0313
vn -0.1055 0.9944 0.0073
vn -0.0335 0.9994 0.0075
vn 0.0594 0.9982 -0.0094
vn 0.0047 0.9948 -0.1017
vn 0.0010 0.9996 -0.0284
vn -0.0245 0.9952 0.0951
vn -0.0700 0.9790 0.1915
vn -0.1240 0.9765 0.1762
vn -0.1506 0.9885 0.0092
vn -0.1080 0.9685 -0.2245
vn -0.0425 0.9511 -0.3060
vn 0.3332 0.9284 0.1646
vn 0.2354 0.9665 0.1020
vn 0.1168 0.9911 -0.0635
vn 0.0301 0.9865 -0.1608
vn -0.0083 0.9890 -0.1475
vn -0.0575 0.9964 -0.0628
vn -0.0774 0.9960 0.0453
vn -0.0628 0.9923 0.1063
vn -0.0417 0.9980 0.0479
vn -0.0222 0.9997 0.0106
vn 0.0668 0.9978 0.0029
vn 0.0165 0.9998 -0.0124
vn -0.1615 0.9869 0.0052
vn 0.0288 0.9995 -0.0163
vn 0.0640 0.9978 0.0197
vn 0.0860 0.9962 0.0102
vn -0.0917 0.9951 0.0363
vn -0.1484 0.9888 0.0166
vn 0.0475 0.9989 0.0003
vn -0.0238 0.9997 0.0003
vn -0.0622 0.9981 0.0037
vn -0.0404 0.9985 0.0373
vn 0.0640 0.9979 -0.0126
vn 0.0247 0.9984 -0.0517
vn -0.1410 0.9898 0.0224
vn 0.0068 1.0000 0.0004
vn 0.0105 0.9999 0.0026
vn 0.0676 0.9972 0.0335
vn -0.0617 0.9981 -0.0078
vn -0.1221 0.9922 -0.0239
vn -0.0693 0.9975 -0.0165
vn -0.0139 0.9999 -0.0047
vn -0.0801 0.9931 -0.0857
vn -0.0274 0.9986 -0.0445
vn 0.0123 0.9952 0.0974
vn 0.0039 0.9785 0.2061
vn -0.0489 0.9808 0.1886
vn -0.1146 0.9931 0.0242
vn -0.1531 0.9608 -0.2309
vn -0.1423 0.9361 -0.3217
vn 0.3191 0.9282 0.1916
vn 0.2531 0.9571 0.1411
vn 0.1313 0.9909 -0.0288
vn 0.0259 0.9905 -0.1349
vn -0.0283 0.9897 -0.1401
vn -0.0364 0.9980 -0.0524
vn -0.0433 0.9982 0.0421
vn -0.0058 0.9966 0.0817
vn 0.0876 0.9945 0.0576
vn 0.0048 1.0000 -0.0005
vn -0.0544 0.9985 0.0072
vn -0.0457 0.9989 -0.0057
vn 0.0047 0.9982 0.0596
vn -0.1392 0.9899 -0.0257
vn -0.1776 0.9838 -0.0247
vn -0.0589 0.9977 0.0344
vn -0.0328 0.9991 0.0272
vn 0.0619 0.9981 -0.0049
vn -0.0590 0.9982 0.0117
vn -0.0396 0.9992 -0.0065
vn 0.0527 0.9986 0.0055
vn 0.1062 0.9943 0.0112
vn -0.0247 0.9996 0.0164
vn -0.0862 0.9962 -0.0113
vn -0.0258 0.9996 -0.0084
vn -0.0370 0.9993 0.0012
vn -0.0651 0.9979 -0.0026
vn -0.0274 0.9996 0.0108
vn 0.0342 0.9990 0.0290
vn -0.0641 0.9978 -0.0176
vn -0.0330 0.9991 -0.0276
vn -0.0608 0.9980 -0.0151
vn 0.0018 0.9970 -0.0769
vn -0.0274 0.9979 -0.0589
vn 0.0119 0.9960 0.0889
vn 0.0570 0.9759 0.2104
vn 0.0415 0.9763 0.2126
vn -0.0816 0.9951 0.0553
vn -0.2152 0.9535 -0.2109
vn -0.2657 0.9116 -0.3137
vn 0.2942 0.9330 0.2073
vn 0.2557 0.9512 0.1729
vn 0.1413 0.9899 0.0096
vn 0.0134 0.9944 -0.1048
vn -0.0527 0.9895 -0.1348
vn -0.0349 0.9980 -0.0528
vn -0.0471 0.9979 0.0438
vn -0.0673 0.9955 0.0674
vn 0.0217 0.9983 0.0541
vn -0.0275 0.9994 0.0200
vn -0.0686 0.9973 0.0278
vn -0.1999 0.9797 -0.0150
vn 0.0026 0.9994 0.0355
vn -0.0102 0.9994 0.0337
vn -0.0917 0.9956 -0.0176
vn -0.1996 0.9799 -0.0064
vn -0.0762 0.9970 -0.0165
vn 0.1216 0.9925 0.0077
vn -0.0705 0.9967 0.0411
vn -0.1294 0.9912 -0.0261
vn 0.0044 0.9999 -0.0117
vn 0.0142 0.9997 0.0195
vn -0.0024 0.9997 0.0227
vn -0.0520 0.9986 -0.0085
vn -0.0169 0.9999 -0.0027
vn -0.0477 0.9989 0.0034
vn -0.0662 0.9976 0.0203
vn -0.1219 0.9925 -0.0043
vn -0.0627 0.9980 0.0074
vn -0.0130 0.9999 0.0025
vn -0.0658 0.9968 -0.0461
vn 0.0089 0.9998 -0.0170
vn -0.0318 0.9976 -0.0609
vn -0.0520 0.9961 -0.0707
vn 0.0135 0.9977 0.0670
vn 0.1044 0.9739 0.2016
vn 0.0945 0.9659 0.2409
vn -0.0546 0.9930 0.1049
vn -0.2561 0.9524 -0.1656
vn -0.3450 0.8947 -0.2838
vn 0.2728 0.9379 0.2145
vn 0.2558 0.9464 0.1974
vn 0.1522 0.9870 0.0511
vn 0.0018 0.9980 -0.0639
vn -0.1032 0.9873 -0.1207
vn -0.1260 0.9900 -0.0628
vn -0.0713 0.9963 0.0475
vn -0.1028 0.9921 0.0714
vn -0.0773 0.9965 0.0330
vn -0.0595 0.9981 0.0172
vn 0.0562 0.9978 0.0341
vn 0.0538 0.9985 0.0092
vn 0.0198 0.9998 -0.0005
vn 0.0711 0.9975 0.0029
vn 0.0794 0.9956 0.0506
vn -0.1164 0.9932 -0.0015
vn -0.0631 0.9977 -0.0241
vn -0.1428 0.9898 0.0005
vn 0.0199 0.9997 0.0128
vn 0.0669 0.9977 -0.0141
vn -0.0663 0.9977 -0.0127
vn -0.0777 0.9968 0.0194
vn 0.0041 0.9998 0.0198
vn -0.0332 0.9994 -0.0033
vn -0.0065 0.9999 -0.0148
vn -0.0671 0.9975 0.0240
vn -0.0727 0.9971 0.0203
vn -0.0773 0.9970 -0.0060
vn -0.0482 0.9988 -0.0051
vn 0.0728 0.9973 0.0050
vn -0.0204 0.9987 -0.0458
vn 0.0003 0.9996 -0.0265
vn -0.0771 0.9958 -0.0494
vn -0.0285 0.9970 -0.0713
vn -0.0127 0.9990 0.0436
vn 0.0786 0.9801 0.1823
vn 0.0839 0.9629 0.2565
vn -0.0493 0.9860 0.1590
vn -0.2503 0.9628 -0.1015
vn -0.3434 0.9053 -0.2498
vn 0.2205 0.9514 0.2150
vn 0.2264 0.9501 0.2148
vn 0.1392 0.9846 0.1058
vn -0.0229 0.9993 -0.0310
vn -0.1163 0.9886 -0.0959
vn -0.1616 0.9849 -0.0628
vn -0.1464 0.9884 0.0408
vn -0.1776 0.9814 0.0734
vn -0.1083 0.9939 0.0212
vn -0.0388 0.9991 -0.0164
vn -0.0692 0.9975 0.0114
vn 0.1092 0.9940 -0.0000
vn -0.0724 0.9970 0.0269
vn -0.0791 0.9968 -0.0079
vn -0.0697 0.9962 0.0524
vn 0.0957 0.9953 0.0137
vn 0.0294 0.9996 0.0053
vn -0.1180 0.9930 0.0069
vn -0.0711 0.9969 -0.0322
vn -0.0900 0.9958 0.0155
vn -0.2219 0.9751 -0.0008
vn -0.1215 0.9925 0.0119
vn 0.0515 0.9987 -0.0039
vn 0.0423 0.9991 0.0026
vn -0.0501 0.9987 -0.0027
vn -0.0581 0.9978 0.0308
vn -0.0232 0.9997 0.0125
vn -0.0446 0.9990 -0.0062
vn 0.0415 0.9985 -0.0362
vn -0.0398 0.9992 -0.0059
vn 0.0205 0.9998 -0.0038
vn -0.1296 0.9911 -0.0309
vn -0.0667 0.9970 -0.0387
vn -0.0491 0.9952 -0.0847
vn -0.0357 0.9987 0.0361
vn 0.0135 0.9866 0.1625
vn 0.0268 0.9629 0.2684
vn -0.0884 0.9749 0.2044
vn -0.2429 0.9688 -0.0484
vn -0.3023 0.9269 -0.2222
vn 0.1373 0.9687 0.2070
vn 0.1689 0.9602 0.2225
vn 0.1273 0.9798 0.1544
vn -0.0177 0.9998 0.0045
vn -0.1359 0.9880 -0.0738
vn -0.1797 0.9825 -0.0482
vn -0.2238 0.9736 0.0450
vn -0.0956 0.9946 0.0412
vn -0.0676 0.9977 0.0029
vn 0.0025 0.9999 -0.0166
vn -0.0509 0.9981 0.0352
vn -0.1486 0.9889 0.0045
vn -0.1804 0.9829 0.0363
vn -0.1440 0.9896 -0.0047
vn -0.1264 0.9919 -0.0154
vn 0.0460 0.9989 0.0079
vn -0.0210 0.9996 0.0179
vn 0.0281 0.9993 0.0233
vn -0.0395 0.9992 0.0028
vn -0.1250 0.9912 0.0441
vn -0.0406 0.9984 -0.0397
vn -0.0690 0.9975 -0.0132
vn -0.0283 0.9994 -0.0214
vn -0.0155 0.9997 0.0166
vn 0.0204 0.9997 0.0121
vn -0.0338 0.9994 0.0124
vn 0.0760 0.9971 0.0073
vn 0.0404 0.9992 -0.0061
vn 0.0009 0.9992 -0.0404
vn -0.0586 0.9982 0.0113
vn -0.0720 0.9972 0.0221
vn -0.0409 0.9979 -0.0494
vn -0.0347 0.9988 -0.0340
vn -0.1160 0.9889 -0.0925
vn -0.0573 0.9980 0.0258
vn -0.0402 0.9866 0.1579
vn -0.0295 0.9595 0.2803
vn -0.1066 0.9646 0.2412
vn -0.2146 0.9764 -0.0231
vn -0.2464 0.9475 -0.2037
vn 0.0316 0.9816 0.1881
vn 0.0917 0.9716 0.2180
vn 0.0963 0.9790 0.1796
vn -0.0060 0.9991 0.0411
vn -0.1478 0.9885 -0.0321
vn -0.2108 0.9764 -0.0479
vn -0.1380 0.9901 0.0254
vn -0.0390 0.9991 0.0191
vn -0.0580 0.9983 0.0005
vn -0.0894 0.9958 -0.0201
vn -0.0167 0.9984 0.0547
vn -0.0958 0.9952 0.0181
vn 0.0283 0.9996 0.0071
vn 0.0268 0.9996 0.0094
vn -0.0208 0.9995 -0.0237
vn -0.0514 0.9987 0.0018
vn -0.0334 0.9994 0.0033
vn 0.0258 0.9996 0.0129
vn 0.0210 0.9995 0.0229
vn 0.0779 0.9968 0.0170
vn 0.1583 0.9871 -0.0247
vn 0.0172 0.9998 0.0023
vn -0.2290 0.9734 -0.0022
vn -0.1199 0.9928 0.0021
vn -0.1122 0.9936 0.0157
vn -0.1335 0.9910 -0.0000
vn -0.0284 0.9996 -0.0082
vn -0.0049 1.0000 0.0073
vn -0.1083 0.9937 -0.0273
vn 0.0335 0.9994 0.0001
vn -0.0030 0.9996 0.0269
vn -0.0367 0.9979 -0.0535
vn -0.0347 0.9992 -0.0209
vn -0.0872 0.9935 -0.0737
vn -0.1230 0.9923 0.0116
vn -0.1031 0.9827 0.1537
vn -0.0798 0.9549 0.2858
vn -0.1225 0.9567 0.2642
vn -0.1804 0.9835 -0.0121
vn -0.1809 0.9639 -0.1954
vn -0.0965 0.9804 0.1716
vn -0.0108 0.9803 0.1973
vn 0.0538 0.9812 0.1851
vn -0.0137 0.9971 0.0751
vn -0.1460 0.9893 0.0045
vn -0.1796 0.9825 -0.0501
vn -0.1414 0.9900 -0.0025
vn -0.0575 0.9983 0.0102
vn -0.0665 0.9978 -0.0006
vn -0.0363 0.9993 -0.0028
vn -0.0683 0.9972 0.0303
vn 0.0191 0.9998 0.0034
vn 0.0664 0.9978 0.0052
vn 0.0181 0.9998 -0.0018
vn 0.0374 0.9993 0.0017
vn -0.0870 0.9962 0.0023
vn 0.0017 1.0000 0.0008
vn -0.0687 0.9975 0.0157
vn -0.1091 0.9939 0.0145
vn -0.0187 0.9997 0.0146
vn -0.1230 0.9923 -0.0128
vn -0.1108 0.9932 0.0352
vn -0.0985 0.9951 -0.0047
vn -0.0151 0.9999 0.0066
vn -0.1907 0.9815 0.0173
vn -0.0403 0.9988 -0.0266
vn -0.1088 0.9940 -0.0108
vn -0.0034 1.0000 -0.0017
vn 0.0016 0.9998 -0.0211
vn 0.0003 0.9998 -0.0180
vn -0.0492 0.9986 0.0171
vn -0.0008 0.9996 -0.0265
vn -0.0219 0.9995 -0.0238
vn -0.0722 0.9963 -0.0457
vn -0.1675 0.9857 0.0177
vn -0.1581 0.9767 0.1454
vn -0.1312 0.9493 0.2858
vn -0.1359 0.9523 0.2731
vn -0.1426 0.9897 -0.0153
vn -0.1120 0.9739 -0.1976
vn -0.1997 0.9684 0.1494
vn -0.0986 0.9814 0.1647
vn 0.0133 0.9854 0.1697
vn -0.0110 0.9940 0.1085
vn -0.1034 0.9941 0.0341
vn -0.1938 0.9801 -0.0420
vn -0.1962 0.9803 -0.0208
vn -0.1126 0.9933 -0.0280
vn 0.0138 0.9999 -0.0053
vn 0.0422 0.9991 -0.0035
vn 0.0237 0.9995 0.0198
vn -0.0093 0.9999 -0.0073
vn 0.0557 0.9984 0.0099
vn -0.0003 0.9998 0.0180
vn -0.0268 0.9994 0.0206
vn -0.0899 0.9959 0.0001
vn -0.0331 0.9993 -0.0174
vn -0.0020 0.9992 0.0401
vn -0.0305 0.9995 0.0007
vn 0.0079 0.9996 0.0261
vn -0.1115 0.9937 0.0121
vn -0.0704 0.9974 0.0136
vn 0.0918 0.9953 -0.0312
vn 0.0353 0.9993 -0.0080
vn 0.0931 0.9947 0.0426
vn 0.0116 0.9994 -0.0318
vn -0.0138 0.9998 -0.0141
vn -0.0684 0.9975 -0.0161
vn 0.0528 0.9985 -0.0155
vn -0.0758 0.9968 0.0270
vn -0.0936 0.9956 -0.0094
vn -0.0335 0.9993 -0.0192
vn -0.0805 0.9967 -0.0118
vn -0.1276 0.9911 -0.0368
vn -0.2085 0.9772 0.0396
vn -0.1937 0.9714 0.1375
vn -0.1697 0.9445 0.2815
vn -0.1448 0.9521 0.2692
vn -0.1066 0.9938 -0.0307
vn -0.0484 0.9766 -0.2096
vn -0.2911 0.9504 0.1090
vn -0.1808 0.9758 0.1233
vn -0.0291 0.9889 0.1455
vn -0.0096 0.9923 0.1234
vn -0.0717 0.9955 0.0623
vn -0.1812 0.9832 -0.0232
vn -0.1646 0.9854 -0.0434
vn -0.1012 0.9940 -0.0405
vn -0.0248 0.9989 -0.0399
vn -0.0119 0.9999 0.0051
vn -0.0374 0.9988 0.0303
vn -0.0823 0.9966 0.0068
vn -0.1631 0.9866 0.0017
vn -0.0816 0.9966 0.0108
vn -0.0298 0.9992 0.0256
vn -0.0191 0.9997 0.0140
vn -0.1153 0.9930 -0.0264
vn -0.0668 0.9975 0.0218
vn 0.0095 0.9999 -0.0065
vn 0.0260 0.9995 0.0205
vn 0.0204 0.9994 0.0274
vn -0.0224 0.9997 -0.0042
vn -0.1012 0.9947 -0.0185
vn -0.0659 0.9974 -0.0301
vn 0.1146 0.9929 0.0313
vn 0.0696 0.9976 -0.0010
vn 0.0042 1.0000 -0.0063
vn -0.0003 0.9998 -0.0201
vn -0.0777 0.9969 0.0082
vn -0.1010 0.9943 0.0332
vn 0.0042 0.9999 -0.0137
vn -0.1005 0.9949 -0.0109
vn -0.0532 0.9985 -0.0125
vn -0.1590 0.9872 -0.0134
vn -0.2481 0.9672 0.0549
vn -0.2114 0.9691 0.1271
vn -0.1970 0.9410 0.2753
vn -0.1500 0.9553 0.2549
vn -0.0764 0.9955 -0.0555
vn 0.0003 0.9733 -0.2296
vn -0.3548 0.9326 0.0657
vn -0.2443 0.9669 0.0741
vn -0.0654 0.9916 0.1113
vn -0.0043 0.9920 0.1259
vn -0.0610 0.9950 0.0792
vn -0.1095 0.9940 -0.0046
vn -0.1027 0.9925 -0.0658
vn -0.0144 0.9993 -0.0349
vn -0.1193 0.9919 -0.0441
vn -0.1101 0.9939 -0.0019
vn -0.0441 0.9987 0.0241
vn 0.0279 0.9993 0.0236
vn -0.0644 0.9979 0.0062
vn 0.0183 0.9997 -0.0182
vn -0.1078 0.9934 0.0383
vn -0.0096 0.9999 0.0086
vn -0.0579 0.9983 0.0022
vn -0.0345 0.9994 0.0086
vn -0.0904 0.9959 -0.0094
vn -0.1348 0.9908 0.0110
vn -0.0427 0.9990 0.0163
vn -0.0364 0.9991 0.0207
vn -0.1023 0.9947 -0.0124
vn -0.0800 0.9951 -0.0579
vn 0.0137 0.9998 -0.0109
vn 0.0144 0.9995 0.0291
vn -0.0332 0.9994 0.0038
vn -0.0119 0.9999 -0.0056
vn -0.1342 0.9907 0.0199
vn -0.0361 0.9993 0.0133
vn -0.0301 0.9993 -0.0234
vn 0.0108 0.9999 -0.0062
vn -0.0643 0.9978 0.0128
vn -0.1917 0.9810 0.0290
vn -0.2370 0.9699 0.0558
vn -0.2326 0.9646 0.1240
vn -0.2084 0.9415 0.2648
vn -0.1480 0.9611 0.2331
vn -0.0561 0.9948 -0.0851
vn 0.0282 0.9666 -0.2548
vn -0.3729 0.9278 0.0076
vn -0.2640 0.9644 0.0163
vn -0.0803 0.9935 0.0810
vn -0.0034 0.9925 0.1219
vn -0.0424 0.9946 0.0948
vn -0.0901 0.9959 0.0055
vn -0.1137 0.9909 -0.0727
vn -0.0730 0.9960 -0.0508
vn -0.0426 0.9989 -0.0219
vn -0.0428 0.9989 -0.0174
vn -0.0789 0.9969 -0.0006
vn 0.0853 0.9963 0.0041
vn -0.0547 0.9982 0.0254
vn -0.0470 0.9988 0.0125
vn -0.0715 0.9970 0.0282
vn 0.0214 0.9997 -0.0098
vn 0.0559 0.9984 -0.0112
vn 0.0933 0.9956 0.0021
vn 0.1077 0.9933 0.0409
vn -0.0327 0.9995 0.0048
vn 0.0225 0.9997 -0.0049
vn 0.0870 0.9957 0.0318
vn -0.0161 0.9999 0.0021
vn -0.1037 0.9928 -0.0598
vn -0.1076 0.9941 -0.0130
vn -0.0754 0.9969 0.0231
vn -0.1087 0.9938 0.0230
vn -0.1906 0.9817 -0.0008
vn -0.0558 0.9984 -0.0040
vn 0.0338 0.9994 -0.0021
vn 0.0006 0.9997 -0.0244
vn -0.0788 0.9968 0.0119
vn -0.1351 0.9901 0.0372
vn -0.1766 0.9828 0.0537
vn -0.2209 0.9733 0.0631
vn -0.2215 0.9675 0.1218
vn -0.2034 0.9456 0.2541
vn -0.1422 0.9677 0.2081
vn -0.0497 0.9922 -0.1143
vn 0.0283 0.9591 -0.2818
vn -0.3689 0.9284 -0.0447
vn -0.2798 0.9592 -0.0399
vn -0.1041 0.9935 0.0464
vn 0.0003 0.9937 0.1120
vn -0.0124 0.9942 0.1064
vn -0.0678 0.9975 0.0190
vn -0.0758 0.9944 -0.0741
vn -0.0274 0.9978 -0.0602
vn -0.0506 0.9978 -0.0436
vn 0.0352 0.9993 -0.0103
vn -0.0328 0.9994 0.0121
vn -0.1134 0.9934 0.0168
vn -0.0573 0.9977 0.0351
vn -0.1203 0.9927 0.0019
vn -0.0220 0.9996 -0.0157
vn 0.0564 0.9983 -0.0135
vn -0.0749 0.9972 0.0015
vn -0.1216 0.9925 -0.0109
vn 0.0007 0.9994 0.0350
vn 0.0117 0.9998 0.0168
vn -0.0189 0.9998 -0.0034
vn 0.0259 0.9995 0.0195
vn 0.0666 0.9975 0.0252
vn 0.0159 0.9994 -0.0323
vn -0.1365 0.9906 -0.0111
vn -0.0191 0.9998 0.0045
vn -0.0075 0.9994 0.0332
vn 0.0480 0.9987 -0.0157
vn -0.0011 1.0000 -0.0073
vn -0.0124 0.9999 -0.0057
vn -0.0399 0.9992 0.0002
vn -0.0900 0.9954 0.0314
vn -0.0885 0.9954 0.0376
vn -0.1728 0.9822 0.0742
vn -0.1795 0.9816 0.0652
vn -0.1874 0.9746 0.1225
vn -0.1731 0.9540 0.2448
vn -0.1260 0.9745 0.1855
vn -0.0623 0.9888 -0.1358
vn -0.0073 0.9520 -0.3061
vn -0.3012 0.9509 -0.0708
vn -0.2377 0.9679 -0.0820
vn -0.0991 0.9951 -0.0015
vn 0.0038 0.9953 0.0967
vn 0.0089 0.9931 0.1173
vn -0.0347 0.9991 0.0251
vn -0.0408 0.9962 -0.0773
vn -0.0288 0.9973 -0.0674
vn -0.0235 0.9993 -0.0274
vn -0.0969 0.9945 -0.0386
vn 0.0794 0.9958 0.0464
vn -0.1060 0.9943 0.0143
vn 0.0517 0.9987 0.0020
vn 0.0624 0.9979 0.0148
vn 0.0045 1.0000 -0.0041
vn -0.0566 0.9978 -0.0337
vn 0.0053 0.9986 0.0524
vn -0.0715 0.9973 -0.0181
vn -0.1963 0.9801 0.0292
vn -0.1185 0.9929 0.0089
vn -0.0105 0.9999 -0.0076
vn -0.1246 0.9921 -0.0119
vn 0.0379 0.9993 0.0056
vn 0.0764 0.9970 0.0074
vn -0.0837 0.9965 0.0074
vn -0.0931 0.9955 -0.0195
vn 0.0450 0.9990 -0.0016
vn 0.1366 0.9905 -0.0118
vn 0.0787 0.9965 0.0281
vn -0.0449 0.9989 -0.0119
vn -0.0346 0.9993 0.0139
vn -0.0178 0.9994 0.0294
vn -0.1180 0.9905 0.0703
vn -0.1699 0.9819 0.0837
vn -0.1407 0.9881 0.0622
vn -0.1148 0.9861 0.1200
vn -0.1017 0.9656 0.2394
vn -0.1018 0.9793 0.1750
vn -0.0947 0.9854 -0.1416
vn -0.0783 0.9437 -0.3213
vn -0.2494 0.9650 -0.0812
vn -0.2253 0.9682 -0.1091
vn -0.1358 0.9899 -0.0406
vn -0.0399 0.9960 0.0802
vn 0.0091 0.9931 0.1168
vn 0.0074 0.9994 0.0342
vn -0.0197 0.9972 -0.0724
vn -0.0778 0.9936 -0.0814
vn 0.1027 0.9945 -0.0190
vn -0.0324 0.9992 -0.0226
vn -0.0771 0.9968 0.0206
vn 0.0163 0.9998 0.0060
vn -0.0015 0.9999 -0.0155
vn 0.0042 0.9999 0.0098
vn 0.1287 0.9911 0.0334
vn -0.0618 0.9974 -0.0382
vn -0.0271 0.9992 0.0281
vn 0.0540 0.9982 0.0271
vn -0.0625 0.9972 0.0402
vn 0.0596 0.9976 -0.0350
vn -0.0141 0.9997 0.0195
vn -0.0210 0.9998 -0.0012
vn -0.1127 0.9936 -0.0105
vn -0.0803 0.9967 0.0140
vn -0.0948 0.9953 0.0178
vn -0.0917 0.9955 -0.0231
vn -0.0556 0.9982 -0.0214
vn -0.0784 0.9967 -0.0205
vn -0.0033 0.9997 0.0226
vn -0.0162 0.9998 0.0067
vn -0.0881 0.9958 0.0246
vn -0.0804 0.9960 0.0399
vn -0.1656 0.9816 0.0953
vn -0.1332 0.9884 0.0729
vn -0.1506 0.9868 0.0591
vn -0.0713 0.9919 0.1047
vn -0.0779 0.9671 0.2421
vn -0.0854 0.9807 0.1761
vn -0.0859 0.9866 -0.1388
vn -0.0879 0.9418 -0.3244
vn -0.2569 0.9637 -0.0723
vn -0.2784 0.9531 -0.1187
vn -0.2253 0.9711 -0.0787
vn -0.1119 0.9919 0.0605
vn -0.0230 0.9946 0.1014
vn 0.0120 0.9995 0.0285
vn 0.0191 0.9982 -0.0576
vn -0.0489 0.9954 -0.0828
vn -0.0054 0.9984 -0.0568
vn 0.0326 0.9990 0.0311
vn -0.0319 0.9995 -0.0020
vn -0.0459 0.9989 0.0044
vn -0.0555 0.9984 0.0127
vn -0.0919 0.9956 -0.0175
vn 0.0081 0.9999 0.0139
vn 0.0188 0.9997 0.0180
vn -0.1013 0.9948 -0.0064
vn -0.0445 0.9984 0.0337
vn 0.0297 0.9994 0.0201
vn -0.0084 0.9997 -0.0216
vn -0.0427 0.9988 0.0228
vn 0.0266 0.9995 -0.0144
vn 0.0695 0.9971 0.0305
vn -0.0681 0.9976 0.0102
vn -0.0678 0.9977 0.0067
vn 0.0364 0.9992 -0.0158
vn -0.0889 0.9957 -0.0266
vn -0.0815 0.9966 -0.0073
vn -0.1257 0.9921 0.0027
vn -0.0663 0.9977 0.0155
vn -0.0160 0.9997 0.0157
vn -0.0674 0.9957 0.0630
vn -0.1304 0.9863 0.1006
vn -0.1288 0.9887 0.0761
vn -0.0956 0.9945 0.0420
vn -0.0927 0.9902 0.1042
vn -0.1084 0.9637 0.2439
vn -0.0729 0.9827 0.1701
vn -0.0163 0.9890 -0.1471
vn -0.0045 0.9453 -0.3260
vn -0.2705 0.9616 -0.0466
vn -0.3320 0.9365 -0.1126
vn -0.3199 0.9407 -0.1124
vn -0.1992 0.9795 0.0309
vn -0.0650 0.9952 0.0732
vn 0.0175 0.9997 0.0143
vn 0.0135 0.9990 -0.0425
vn -0.0231 0.9974 -0.0683
vn -0.1294 0.9897 -0.0613
vn -0.0567 0.9984 0.0060
vn -0.0064 0.9998 0.0165
vn -0.0892 0.9956 0.0298
vn -0.0471 0.9989 0.0005
vn 0.0096 0.9997 -0.0221
vn -0.0626 0.9980 -0.0062
vn -0.0920 0.9950 0.0380
vn 0.0252 0.9996 -0.0109
vn -0.0193 0.9996 0.0206
vn 0.0452 0.9988 0.0212
vn -0.0679 0.9976 0.0090
vn -0.0463 0.9985 -0.0285
vn 0.0053 1.0000 -0.0018
vn 0.0257 0.9994 0.0233
vn -0.0053 0.9999 0.0161
vn 0.0993 0.9950 -0.0046
vn 0.0370 0.9993 0.0109
vn -0.0539 0.9984 -0.0153
vn -0.0237 0.9997 -0.0074
vn 0.0023 1.0000 0.0044
vn -0.0504 0.9987 0.0018
vn 0.0101 0.9998 0.0154
vn -0.0590 0.9945 0.0866
vn -0.1139 0.9875 0.1092
vn -0.1202 0.9903 0.0698
vn -0.0814 0.9961 0.0354
vn -0.1173 0.9865 0.1144
vn -0.1427 0.9599 0.2415
vn -0.0682 0.9867 0.1475
vn 0.0466 0.9847 -0.1678
vn 0.0738 0.9405 -0.3317
vn -0.2616 0.9652 -0.0065
vn -0.3582 0.9290 -0.0933
vn -0.3777 0.9164 -0.1327
vn -0.2528 0.9671 -0.0274
vn -0.0791 0.9960 0.0424
vn 0.0063 1.0000 0.0008
vn 0.0111 0.9990 -0.0441
vn 0.0198 0.9984 -0.0524
vn -0.0471 0.9982 -0.0372
vn -0.0977 0.9950 -0.0185
vn -0.0743 0.9968 0.0286
vn 0.0935 0.9955 0.0148
vn 0.0037 0.9999 -0.0120
vn -0.0580 0.9983 -0.0014
vn -0.0834 0.9965 -0.0012
vn -0.0468 0.9976 0.0514
vn -0.0717 0.9972 -0.0219
vn -0.0607 0.9981 -0.0063
vn -0.0808 0.9966 0.0149
vn 0.0126 0.9993 0.0355
vn -0.1238 0.9919 -0.0289
vn 0.0230 0.9997 0.0006
vn -0.0794 0.9967 0.0143
vn -0.0253 0.9997 -0.0006
vn 0.0025 1.0000 -0.0033
vn -0.0824 0.9964 0.0207
vn 0.0214 0.9997 -0.0090
vn -0.0012 0.9997 -0.0245
vn 0.0709 0.9974 0.0125
vn -0.0201 0.9998 0.0072
vn -0.0276 0.9993 0.0236
vn -0.0352 0.9946 0.0981
vn -0.0505 0.9920 0.1156
vn -0.1146 0.9907 0.0736
vn -0.1181 0.9922 0.0400
vn -0.1386 0.9827 0.1229
vn -0.1672 0.9577 0.2342
vn -0.0717 0.9912 0.1111
vn 0.0739 0.9778 -0.1963
vn 0.1042 0.9349 -0.3394
vn -0.2156 0.9762 0.0226
vn -0.3519 0.9346 -0.0511
vn -0.4074 0.9015 -0.1461
vn -0.3023 0.9488 -0.0919
vn -0.1141 0.9935 -0.0012
vn 0.0025 1.0000 -0.0092
vn 0.0322 0.9983 -0.0488
vn -0.0121 0.9987 -0.0496
vn 0.0125 0.9998 -0.0149
vn -0.0503 0.9987 -0.0109
vn -0.0068 0.9999 -0.0144
vn -0.0604 0.9975 0.0377
vn -0.0497 0.9988 -0.0012
vn -0.0198 0.9998 -0.0036
vn -0.0393 0.9992 -0.0079
vn 0.0048 0.9990 0.0454
vn -0.0027 1.0000 -0.0010
vn -0.0679 0.9976 0.0096
vn -0.1259 0.9920 -0.0042
vn -0.0327 0.9994 0.0120
vn 0.0036 1.0000 0.0079
vn -0.1287 0.9915 -0.0199
vn -0.0230 0.9997 0.0037
vn -0.0035 0.9999 0.0095
vn -0.1091 0.9940 0.0013
vn 0.0096 1.0000 -0.0011
vn -0.0165 0.9998 -0.0069
vn -0.0151 0.9997 -0.0188
vn -0.0746 0.9972 0.0107
vn -0.0091 0.9999 0.0114
vn -0.0984 0.9945 0.0369
vn -0.0743 0.9928 0.0937
vn -0.0227 0.9925 0.1203
vn -0.0734 0.9937 0.0849
vn -0.1055 0.9932 0.0484
vn -0.1379 0.9813 0.1343
vn -0.1765 0.9581 0.2256
vn -0.0722 0.9956 0.0589
vn 0.0768 0.9733 -0.2165
vn 0.0930 0.9334 -0.3465
vn -0.1891 0.9803 0.0575
vn -0.3426 0.9395 0.0029
vn -0.4179 0.8956 -0.1527
vn -0.3242 0.9351 -0.1429
vn -0.1465 0.9872 -0.0629
vn -0.0058 0.9996 -0.0284
vn 0.0344 0.9982 -0.0484
vn -0.0037 0.9991 -0.0424
vn 0.0087 0.9997 -0.0232
vn 0.0453 0.9990 0.0002
vn -0.0193 0.9998 0.0027
vn -0.1739 0.9838 0.0427
vn -0.0310 0.9992 -0.0261
vn -0.0010 1.0000 -0.0028
vn -0.0638 0.9978 0.0164
vn -0.0585 0.9981 0.0173
vn 0.0631 0.9980 -0.0060
vn 0.0339 0.9991 0.0244
vn 0.0337 0.9993 0.0151
vn -0.0914 0.9958 -0.0076
vn 0.0837 0.9963 0.0203
vn -0.1246 0.9922 -0.0041
vn -0.0748 0.9970 -0.0197
vn -0.0816 0.9963 0.0276
vn -0.0520 0.9986 -0.0026
vn -0.0743 0.9966 -0.0348
vn -0.0029 1.0000 -0.0013
vn 0.0200 0.9998 0.0007
vn -0.0800 0.9968 0.0056
vn -0.0009 1.0000 0.0091
vn -0.0491 0.9970 0.0606
vn -0.0862 0.9933 0.0774
vn -0.0860 0.9884 0.1249
vn -0.0583 0.9946 0.0864
vn -0.0806 0.9950 0.0592
vn -0.1238 0.9809 0.1498
vn -0.1758 0.9597 0.2190
vn -0.0925 0.9957 0.0100
vn 0.0400 0.9712 -0.2348
vn 0.0522 0.9353 -0.3501
vn -0.1396 0.9829 0.1199
vn -0.3112 0.9487 0.0554
vn -0.4121 0.8984 -0.1519
vn -0.3335 0.9233 -0.1904
vn -0.1613 0.9799 -0.1175
vn -0.0222 0.9980 -0.0587
vn 0.0036 0.9990 -0.0443
vn -0.0204 0.9993 -0.0308
vn -0.0867 0.9958 -0.0309
vn -0.0444 0.9989 -0.0126
vn 0.0186 0.9993 0.0340
vn 0.0608 0.9979 0.0221
vn 0.0200 0.9997 -0.0132
vn -0.0351 0.9994 -0.0015
vn -0.0364 0.9991 0.0194
vn -0.0267 0.9996 0.0059
vn -0.0960 0.9954 -0.0069
vn -0.0803 0.9965 0.0229
vn 0.0356 0.9992 0.0153
vn 0.0074 1.0000 0.0038
vn -0.0281 0.9996 -0.0003
vn 0.0322 0.9994 0.0109
vn -0.0298 0.9995 -0.0039
vn -0.0360 0.9993 0.0123
vn 0.0806 0.9967 0.0094
vn -0.1004 0.9944 -0.0327
vn -0.0198 0.9996 -0.0198
vn -0.0668 0.9978 0.0044
vn -0.0476 0.9989 0.0055
vn -0.0556 0.9984 0.0100
vn -0.0430 0.9969 0.0665
vn -0.0016 0.9968 0.0797
vn -0.0482 0.9898 0.1343
vn -0.0564 0.9952 0.0805
vn -0.0635 0.9957 0.0678
vn -0.1150 0.9790 0.1686
vn -0.1652 0.9627 0.2142
vn -0.1057 0.9942 -0.0192
vn -0.0067 0.9667 -0.2559
vn -0.0127 0.9366 -0.3502
vn -0.0873 0.9787 0.1859
vn -0.2648 0.9578 0.1116
vn -0.3855 0.9114 -0.1442
vn -0.3220 0.9174 -0.2340
vn -0.1595 0.9726 -0.1694
vn -0.0352 0.9957 -0.0852
vn -0.0212 0.9989 -0.0422
vn -0.0025 0.9998 -0.0176
vn -0.1130 0.9933 -0.0234
vn -0.0635 0.9978 -0.0210
vn -0.0671 0.9977 0.0085
vn -0.0433 0.9989 0.0170
vn -0.0306 0.9995 0.0063
vn -0.1228 0.9924 0.0110
vn -0.0786 0.9969 -0.0019
vn -0.0061 0.9996 0.0289
vn -0.0691 0.9975 0.0107
vn -0.0639 0.9980 0.0034
vn -0.0288 0.9994 -0.0201
vn 0.0330 0.9992 0.0218
vn -0.0838 0.9965 0.0076
vn -0.0067 1.0000 -0.0065
vn -0.0116 0.9999 0.0090
vn 0.0150 0.9998 -0.0088
vn -0.0682 0.9973 0.0280
vn -0.0019 1.0000 -0.0084
vn -0.0712 0.9972 -0.0226
vn -0.0950 0.9955 -0.0006
vn -0.0283 0.9996 0.0033
vn -0.0234 0.9996 0.0124
vn -0.0190 0.9986 0.0496
vn 0.0469 0.9961 0.0743
vn 0.0271 0.9898 0.1401
vn -0.0178 0.9956 0.0919
vn -0.0311 0.9965 0.0771
vn -0.0886 0.9782 0.1878
vn -0.1449 0.9661 0.2137
vn -0.1182 0.9924 -0.0353
vn -0.0645 0.9619 -0.2657
vn -0.0907 0.9344 -0.3446
vn -0.0384 0.9676 0.2495
vn -0.2019 0.9667 0.1571
vn -0.3363 0.9339 -0.1211
vn -0.2944 0.9165 -0.2709
vn -0.1528 0.9646 -0.2152
vn -0.0463 0.9927 -0.1115
vn -0.0030 0.9992 -0.0411
vn -0.0387 0.9992 -0.0112
vn -0.0065 0.9995 -0.0294
vn 0.0238 0.9997 -0.0091
vn -0.0568 0.9983 0.0157
vn -0.0460 0.9988 0.0141
vn -0.0941 0.9955 0.0050
vn -0.0368 0.9987 0.0338
vn -0.1006 0.9947 -0.0203
vn -0.0375 0.9993 -0.0059
vn 0.0218 0.9996 0.0174
vn -0.0216 0.9997 0.0138
vn -0.0865 0.9962 -0.0084
vn -0.0779 0.9969 -0.0059
vn 0.0264 0.9995 0.0192
vn -0.0498 0.9988 0.0024
vn -0.0733 0.9973 0.0051
vn -0.0418 0.9990 -0.0127
vn -0.0146 0.9996 0.0255
vn 0.0558 0.9984 -0.0056
vn -0.0449 0.9989 -0.0102
vn -0.0618 0.9980 -0.0155
vn 0.0369 0.9993 -0.0071
vn -0.0182 0.9996 0.0202
vn 0.0625 0.9977 0.0280
vn -0.0198 0.9954 0.0940
vn -0.0193 0.9902 0.1384
vn -0.0035 0.9952 0.0979
vn -0.0094 0.9961 0.0881
vn -0.0531 0.9772 0.2058
vn -0.1176 0.9684 0.2199
vn -0.1281 0.9911 -0.0365
vn -0.1268 0.9564 -0.2629
vn -0.1740 0.9280 -0.3295
vn -0.0001 0.9520 0.3062
vn -0.1510 0.9684 0.1984
vn -0.2836 0.9543 -0.0943
vn -0.2528 0.9197 -0.3003
vn -0.1365 0.9570 -0.2560
vn -0.0364 0.9902 -0.1351
vn -0.0029 0.9992 -0.0410
vn -0.0590 0.9982 -0.0068
vn 0.0064 0.9993 -0.0381
vn -0.0334 0.9993 -0.0143
vn 0.0036 0.9999 0.0098
vn 0.1104 0.9937 0.0205
vn 0.0324 0.9994 0.0087
vn 0.0753 0.9967 0.0290
vn 0.0158 0.9999 0.0045
vn -0.0089 0.9999 -0.0147
vn -0.0247 0.9997 0.0078
vn -0.0037 0.9998 0.0216
vn -0.0130 0.9999 0.0022
vn -0.0328 0.9993 -0.0167
vn -0.0258 0.9996 0.0104
vn -0.0004 0.9999 0.0138
vn -0.0281 0.9996 0.0061
vn -0.0483 0.9986 -0.0195
vn 0.0727 0.9973 -0.0094
vn 0.0041 0.9998 0.0195
vn 0.0111 0.9999 0.0069
vn -0.0416 0.9990 -0.0165
vn -0.0450 0.9989 -0.0123
vn -0.0594 0.9981 0.0190
vn -0.0103 0.9997 0.0207
vn -0.0356 0.9940 0.1030
vn -0.0185 0.9908 0.1344
vn -0.0027 0.9956 0.0939
vn 0.0039 0.9952 0.0974
vn -0.0260 0.9755 0.2187
vn -0.0811 0.9696 0.2307
vn -0.1342 0.9907 -0.0210
vn -0.1880 0.9506 -0.2470
vn -0.2540 0.9178 -0.3053
vn 0.0205 0.9357 0.3523
vn -0.0921 0.9661 0.2410
vn -0.2028 0.9761 -0.0782
vn -0.1879 0.9284 -0.3206
vn -0.1132 0.9507 -0.2886
vn -0.0357 0.9877 -0.1524
vn -0.0243 0.9988 -0.0423
vn -0.0527 0.9986 -0.0050
vn -0.0583 0.9979 -0.0293
vn -0.0643 0.9978 -0.0169
vn -0.0626 0.9980 -0.0041
vn -0.0322 0.9994 0.0112
vn 0.0076 0.9998 0.0167
vn -0.0199 0.9997 0.0157
vn 0.0254 0.9995 0.0183
vn -0.0236 0.9997 -0.0117
vn -0.0013 1.0000 0.0008
vn -0.0002 0.9997 0.0228
vn 0.0226 0.9997 -0.0000
vn -0.0061 1.0000 0.0042
vn -0.0607 0.9982 -0.0010
vn 0.0011 0.9999 0.0117
vn 0.0025 1.0000 0.0081
vn 0.0013 1.0000 -0.0088
vn -0.0688 0.9975 -0.0136
vn -0.0523 0.9986 0.0101
vn -0.0063 0.9999 0.0079
vn 0.0251 0.9997 -0.0049
vn -0.0274 0.9996 -0.0068
vn 0.0021 1.0000 0.0009
vn -0.0194 0.9994 0.0277
vn -0.0400 0.9939 0.1026
vn 0.0007 0.9918 0.1276
vn 0.0048 0.9960 0.0897
vn 0.0154 0.9950 0.0989
vn 0.0071 0.9723 0.2336
vn -0.0427 0.9689 0.2438
vn -0.1338 0.9910 0.0108
vn -0.2411 0.9455 -0.2187
vn -0.3211 0.9066 -0.2737
vn 0.0186 0.9215 0.3880
vn -0.0392 0.9627 0.2678
vn -0.1029 0.9924 -0.0670
vn -0.1027 0.9380 -0.3310
vn -0.0705 0.9492 -0.3068
vn -0.0374 0.9851 -0.1681
vn -0.0177 0.9990 -0.0406
vn -0.0255 0.9997 0.0002
vn -0.0354 0.9990 -0.0283
vn -0.0336 0.9993 -0.0159
vn -0.0280 0.9996 0.0030
vn -0.0643 0.9979 0.0013
vn -0.0794 0.9968 0.0073
vn -0.0267 0.9996 0.0084
vn -0.0018 0.9997 0.0250
vn -0.0232 0.9997 -0.0042
vn -0.0336 0.9994 0.0010
vn -0.0372 0.9992 0.0119
vn -0.0436 0.9990 -0.0009
vn -0.0163 0.9998 0.0098
vn -0.0593 0.9982 0.0021
vn -0.0401 0.9992 0.0068
vn -0.0177 0.9998 0.0049
vn -0.0108 0.9999 0.0032
vn -0.0456 0.9990 -0.0041
vn -0.0294 0.9996 -0.0049
vn -0.0499 0.9988 0.0024
vn -0.0047 1.0000 -0.0077
vn -0.0442 0.9990 -0.0027
vn -0.0372 0.9993 0.0018
vn -0.0375 0.9986 0.0368
vn -0.0528 0.9938 0.0981
vn 0.0012 0.9931 0.1175
vn -0.0109 0.9957 0.0918
vn 0.0112 0.9959 0.0896
vn 0.0415 0.9695 0.2416
vn 0.0041 0.9649 0.2626
vn -0.1252 0.9905 0.0574
vn -0.2826 0.9423 -0.1795
vn -0.3717 0.8975 -0.2375
vn 0.0566 0.9148 0.3999
vn 0.0523 0.9586 0.2799
vn 0.0306 0.9976 -0.0627
vn 0.0055 0.9439 -0.3302
vn -0.0077 0.9499 -0.3125
vn -0.0118 0.9853 -0.1705
vn -0.0198 0.9989 -0.0431
vn -0.0090 1.0000 0.0017
vn -0.0253 0.9992 -0.0295
vn -0.0071 0.9998 -0.0187
vn -0.0124 0.9999 0.0046
vn 0.0028 0.9999 0.0110
vn -0.0582 0.9983 0.0098
vn -0.0343 0.9994 0.0048
vn -0.0269 0.9995 0.0140
vn -0.0192 0.9998 -0.0017
vn -0.0062 1.0000 0.0025
vn -0.0108 0.9998 0.0164
vn -0.0418 0.9991 -0.0020
vn -0.0631 0.9980 0.0009
vn 0.0046 0.9998 0.0216
vn -0.0564 0.9984 -0.0011
vn -0.0259 0.9997 -0.0012
vn -0.0213 0.9998 -0.0028
vn -0.0340 0.9994 -0.0051
vn 0.0034 1.0000 0.0072
vn -0.0397 0.9992 0.0008
vn -0.0438 0.9990 -0.0068
vn -0.0441 0.9990 0.0061
vn -0.0481 0.9988 -0.0030
vn -0.0274 0.9991 0.0333
vn 0.0054 0.9961 0.0880
vn -0.0514 0.9908 0.1254
vn -0.0174 0.9964 0.0824
vn 0.0227 0.9969 0.0754
vn 0.0797 0.9679 0.2382
vn 0.0528 0.9537 0.2962
vn -0.0947 0.9899 0.1059
vn -0.2921 0.9477 -0.1289
vn -0.4030 0.8933 -0.1989
vn 0.1242 0.9144 0.3853
vn 0.1676 0.9453 0.2798
vn 0.1670 0.9843 -0.0574
vn 0.1009 0.9433 -0.3162
vn 0.0394 0.9525 -0.3019
vn 0.0010 0.9865 -0.1638
vn -0.0159 0.9990 -0.0414
vn -0.0170 0.9998 0.0043
vn -0.0452 0.9985 -0.0312
vn -0.0170 0.9997 -0.0198
vn -0.0300 0.9995 0.0035
vn -0.0156 0.9998 0.0151
vn -0.0038 0.9999 0.0114
vn -0.0447 0.9990 0.0015
vn -0.0029 0.9999 0.0124
vn -0.0595 0.9982 0.0020
vn -0.0306 0.9995 -0.0017
vn -0.0416 0.9989 0.0218
vn -0.0169 0.9999 0.0013
vn -0.0300 0.9995 -0.0080
vn 0.0164 0.9996 0.0210
vn -0.0093 1.0000 0.0019
vn 0.0115 0.9999 -0.0029
vn -0.0166 0.9999 -0.0046
vn -0.0251 0.9997 0.0057
vn -0.0528 0.9986 0.0027
vn -0.0308 0.9995 0.0047
vn -0.0516 0.9986 -0.0078
vn -0.0427 0.9991 -0.0083
vn 0.0215 0.9997 0.0078
vn -0.0203 0.9995 0.0249
vn -0.0138 0.9952 0.0968
vn -0.0677 0.9892 0.1297
vn -0.0375 0.9968 0.0701
vn 0.0284 0.9983 0.0516
vn 0.1111 0.9680 0.2250
vn 0.1158 0.9385 0.3253
vn -0.0036 0.9896 0.1435
vn -0.2392 0.9697 -0.0486
vn -0.4003 0.9034 -0.1540
vn 0.1679 0.9181 0.3592
vn 0.2458 0.9313 0.2686
vn 0.2559 0.9656 -0.0454
vn 0.1576 0.9439 -0.2903
vn 0.0576 0.9579 -0.2812
vn 0.0026 0.9884 -0.1515
vn -0.0275 0.9988 -0.0397
vn -0.0254 0.9997 0.0071
vn -0.0343 0.9991 -0.0260
vn -0.0409 0.9989 -0.0236
vn -0.0416 0.9991 0.0022
vn -0.0455 0.9989 0.0138
vn 0.0121 0.9999 0.0084
vn -0.0100 0.9999 0.0024
vn -0.0096 0.9999 0.0080
vn 0.0110 0.9999 0.0065
vn -0.0743 0.9972 0.0045
vn -0.0090 0.9998 0.0183
vn -0.0245 0.9997 0.0015
vn 0.0300 0.9995 -0.0086
vn -0.0554 0.9984 0.0137
vn -0.0260 0.9997 -0.0001
vn -0.0121 0.9999 0.0027
vn -0.0143 0.9999 -0.0049
vn 0.0264 0.9995 0.0155
vn -0.0600 0.9982 0.0030
vn 0.0004 1.0000 -0.0039
vn 0.0017 1.0000 0.0060
vn -0.0594 0.9981 -0.0158
vn -0.0333 0.9994 0.0013
vn -0.0205 0.9994 0.0281
vn -0.0589 0.9923 0.1088
vn -0.0630 0.9900 0.1260
vn -0.0401 0.9976 0.0571
vn 0.0424 0.9989 0.0221
vn 0.1188 0.9712 0.2064
vn 0.1455 0.9303 0.3367
vn 0.0512 0.9810 0.1872
vn -0.1791 0.9830 0.0403
vn -0.3613 0.9274 -0.0965
vn 0.1614 0.9318 0.3251
vn 0.2687 0.9296 0.2522
vn 0.2917 0.9560 -0.0300
vn 0.1777 0.9501 -0.2564
vn 0.0553 0.9655 -0.2546
vn -0.0116 0.9906 -0.1363
vn -0.0382 0.9987 -0.0339
vn -0.0415 0.9991 -0.0004
vn 0.0007 0.9998 -0.0187
vn -0.0382 0.9990 -0.0229
vn -0.0241 0.9997 0.0010
vn -0.0538 0.9985 0.0084
vn -0.0158 0.9999 0.0024
vn 0.0005 1.0000 0.0015
vn 0.0003 1.0000 0.0056
vn 0.0026 0.9999 0.0122
vn -0.0127 0.9999 0.0072
vn -0.0102 0.9998 0.0153
vn 0.0161 0.9999 0.0036
vn -0.0199 0.9998 0.0011
vn -0.0403 0.9991 0.0096
vn -0.0216 0.9998 -0.0002
vn -0.0599 0.9982 0.0030
vn -0.0432 0.9990 -0.0081
vn -0.0289 0.9995 0.0095
vn -0.0223 0.9997 0.0080
vn -0.0221 0.9997 -0.0109
vn -0.0094 0.9999 0.0075
vn 0.0071 1.0000 0.0018
vn -0.0460 0.9989 -0.0089
vn -0.0517 0.9979 0.0380
vn -0.0489 0.9927 0.1100
vn -0.0446 0.9915 0.1222
vn -0.0313 0.9988 0.0375
vn 0.0271 0.9996 0.0031
vn 0.1025 0.9772 0.1859
vn 0.1472 0.9293 0.3387
vn 0.0918 0.9643 0.2485
vn -0.0897 0.9924 0.0845
vn -0.2668 0.9638 0.0016
vn 0.1107 0.9526 0.2835
vn 0.2431 0.9422 0.2304
vn 0.2809 0.9596 -0.0142
vn 0.1638 0.9619 -0.2189
vn 0.0262 0.9753 -0.2192
vn -0.0478 0.9906 -0.1280
vn -0.0569 0.9979 -0.0303
vn -0.0265 0.9996 -0.0070
vn -0.0166 0.9995 -0.0256
vn -0.0137 0.9997 -0.0185
vn -0.0088 0.9999 0.0058
vn -0.0537 0.9985 0.0120
vn -0.0613 0.9981 0.0009
vn -0.0640 0.9979 -0.0024
vn -0.0352 0.9994 0.0042
vn -0.0336 0.9994 0.0087
vn 0.0076 0.9999 0.0110
vn -0.0403 0.9991 0.0109
vn -0.0130 0.9999 0.0011
vn -0.0308 0.9995 0.0109
vn -0.0157 0.9999 0.0044
vn -0.0007 1.0000 0.0029
vn -0.0260 0.9996 0.0094
vn -0.0535 0.9985 -0.0062
vn -0.0560 0.9984 0.0039
vn -0.0066 1.0000 0.0046
vn -0.0387 0.9992 -0.0063
vn -0.0391 0.9992 -0.0003
vn -0.0130 0.9999 -0.0021
vn -0.0178 0.9998 0.0022
vn -0.0480 0.9980 0.0422
vn -0.0307 0.9939 0.1056
vn -0.0492 0.9910 0.1246
vn -0.0398 0.9989 0.0260
vn 0.0003 0.9999 -0.0143
vn 0.0638 0.9845 0.1636
vn 0.1244 0.9353 0.3312
vn 0.1341 0.9479 0.2890
vn 0.0025 0.9924 0.1232
vn -0.1842 0.9777 0.1005
vn 0.0290 0.9720 0.2330
vn 0.1823 0.9623 0.2017
vn 0.2373 0.9714 -0.0005
vn 0.1261 0.9755 -0.1802
vn -0.0076 0.9831 -0.1828
vn -0.0755 0.9900 -0.1191
vn -0.0833 0.9958 -0.0374
vn -0.0353 0.9993 -0.0134
vn -0.0313 0.9991 -0.0279
vn -0.0217 0.9996 -0.0182
vn -0.0252 0.9997 0.0072
vn -0.0013 0.9998 0.0180
vn -0.0311 0.9995 0.0019
vn -0.0303 0.9995 -0.0019
vn -0.0656 0.9978 0.0047
vn -0.0620 0.9980 0.0089
vn -0.0429 0.9990 0.0080
vn -0.0394 0.9992 0.0036
vn -0.0249 0.9997 0.0051
vn -0.0309 0.9995 0.0084
vn -0.0138 0.9999 0.0031
vn -0.0358 0.9993 0.0056
vn -0.0115 0.9999 0.0058
vn -0.0037 1.0000 0.0031
vn -0.0371 0.9993 -0.0003
vn -0.0150 0.9999 -0.0029
vn -0.0170 0.9999 -0.0003
vn -0.0194 0.9998 -0.0030
vn -0.0380 0.9993 -0.0000
vn -0.0384 0.9992 0.0065
vn -0.0160 0.9992 0.0373
vn -0.0501 0.9921 0.1148
vn -0.0426 0.9917 0.1210
vn -0.0313 0.9993 0.0215
vn -0.0233 0.9994 -0.0256
vn 0.0115 0.9897 0.1430
vn 0.0852 0.9457 0.3136
vn 0.1517 0.9429 0.2964
vn 0.0843 0.9789 0.1864
vn -0.0800 0.9870 0.1392
vn -0.0917 0.9759 0.1981
vn 0.0841 0.9847 0.1525
vn 0.1675 0.9858 0.0092
vn 0.0643 0.9887 -0.1353
vn -0.0595 0.9852 -0.1606
vn -0.1113 0.9878 -0.1089
vn -0.1076 0.9930 -0.0479
vn -0.0621 0.9978 -0.0237
vn -0.0229 0.9994 -0.0270
vn -0.0383 0.9990 -0.0208
vn -0.0296 0.9996 0.0022
vn 0.0033 0.9999 0.0160
vn -0.0090 0.9999 0.0055
vn -0.0165 0.9998 0.0073
vn -0.0360 0.9993 0.0108
vn -0.0540 0.9985 0.0061
vn -0.0311 0.9995 0.0027
vn -0.0380 0.9993 0.0036
vn -0.0314 0.9995 0.0018
vn -0.0262 0.9996 0.0060
vn -0.0332 0.9994 0.0028
vn -0.0137 0.9999 0.0051
vn -0.0240 0.9997 0.0039
vn -0.0194 0.9998 0.0030
vn -0.0165 0.9999 0.0017
vn -0.0462 0.9989 -0.0004
vn -0.0289 0.9996 -0.0015
vn -0.0278 0.9996 0.0004
vn -0.0375 0.9993 0.0017
vn -0.0253 0.9997 0.0018
vn -0.0327 0.9985 0.0429
vn -0.0365 0.9928 0.1144
vn -0.0250 0.9927 0.1181
vn -0.0410 0.9988 0.0257
vn -0.0525 0.9982 -0.0279
vn -0.0496 0.9902 0.1308
vn 0.0317 0.9593 0.2805
vn 0.1575 0.9458 0.2841
vn 0.1720 0.9587 0.2266
vn 0.0610 0.9837 0.1693
vn -0.1798 0.9705 0.1605
vn -0.0206 0.9946 0.1018
vn 0.0663 0.9977 0.0109
vn -0.0014 0.9950 -0.1001
vn -0.1012 0.9847 -0.1416
vn -0.1458 0.9841 -0.1016
vn -0.1329 0.9894 -0.0585
vn -0.0763 0.9963 -0.0394
vn -0.0308 0.9990 -0.0313
vn -0.0406 0.9990 -0.0188
vn -0.0350 0.9994 0.0001
vn -0.0396 0.9992 0.0105
vn -0.0282 0.9996 0.0095
vn -0.0300 0.9995 0.0075
vn -0.0106 0.9999 0.0108
vn -0.0033 1.0000 0.0031
vn -0.0306 0.9995 0.0074
vn -0.0086 1.0000 0.0029
vn -0.0227 0.9997 0.0011
vn -0.0387 0.9992 0.0092
vn -0.0345 0.9994 -0.0005
vn -0.0216 0.9998 0.0020
vn -0.0304 0.9995 0.0064
vn -0.0368 0.9993 0.0035
vn -0.0332 0.9994 0.0034
vn -0.0277 0.9996 -0.0003
vn -0.0220 0.9998 -0.0031
vn -0.0277 0.9996 0.0018
vn -0.0209 0.9998 -0.0006
vn -0.0249 0.9997 0.0021
vn -0.0322 0.9984 0.0457
vn -0.0236 0.9935 0.1111
vn -0.0212 0.9926 0.1199
vn -0.0348 0.9988 0.0339
vn -0.0772 0.9968 -0.0209
vn -0.1015 0.9872 0.1233
vn -0.0201 0.9710 0.2380
vn 0.1488 0.9561 0.2526
vn 0.2288 0.9449 0.2342
vn 0.1651 0.9643 0.2070
vn -0.2771 0.9558 0.0979
vn -0.1277 0.9899 0.0619
vn -0.0255 0.9997 0.0029
vn -0.0687 0.9944 -0.0799
vn -0.1460 0.9820 -0.1194
vn -0.1742 0.9798 -0.0984
vn -0.1507 0.9860 -0.0709
vn -0.0910 0.9942 -0.0569
vn -0.0433 0.9982 -0.0412
vn -0.0259 0.9995 -0.0167
vn -0.0287 0.9996 0.0006
vn -0.0362 0.9993 0.0097
vn -0.0364 0.9993 0.0095
vn -0.0239 0.9997 0.0029
vn -0.0330 0.9994 0.0076
vn -0.0329 0.9994 0.0084
vn -0.0242 0.9997 0.0037
vn -0.0155 0.9999 0.0011
vn -0.0265 0.9996 0.0080
vn -0.0263 0.9996 0.0086
vn -0.0100 1.0000 -0.0001
vn -0.0343 0.9994 0.0009
vn -0.0083 0.9999 0.0069
vn -0.0210 0.9998 0.0035
vn -0.0147 0.9999 0.0005
vn 0.0023 1.0000 -0.0016
vn -0.0055 1.0000 -0.0033
vn -0.0058 1.0000 0.0011
vn -0.0002 1.0000 0.0015
vn -0.0111 0.9999 0.0047
vn -0.0069 0.9991 0.0407
vn -0.0013 0.9938 0.1115
vn -0.0007 0.9926 0.1213
vn -0.0303 0.9983 0.0491
vn -0.0943 0.9955 -0.0090
vn -0.1449 0.9821 0.1208
vn -0.0735 0.9782 0.1941
vn 0.1292 0.9704 0.2038
vn 0.2635 0.9383 0.2241
vn 0.2417 0.9433 0.2274
vn -0.3396 0.9403 0.0219
vn -0.2192 0.9753 0.0270
vn -0.1227 0.9924 -0.0116
vn -0.1350 0.9888 -0.0630
vn -0.1816 0.9778 -0.1042
vn -0.1924 0.9763 -0.0991
vn -0.1608 0.9832 -0.0860
vn -0.0970 0.9925 -0.0746
vn -0.0520 0.9972 -0.0529
vn -0.0296 0.9994 -0.0193
vn -0.0316 0.9995 0.0022
vn -0.0248 0.9996 0.0094
vn -0.0238 0.9997 0.0075
vn -0.0283 0.9996 0.0052
vn -0.0380 0.9992 0.0099
vn -0.0346 0.9994 0.0064
vn -0.0268 0.9996 0.0006
vn -0.0437 0.9990 0.0053
vn -0.0360 0.9993 0.0063
vn -0.0077 1.0000 0.0013
vn -0.0150 0.9999 0.0034
vn -0.0165 0.9999 -0.0005
vn -0.0019 1.0000 0.0019
vn 0.0140 0.9999 0.0046
vn 0.0153 0.9999 -0.0014
vn 0.0029 1.0000 -0.0015
vn 0.0043 1.0000 -0.0022
vn 0.0068 1.0000 -0.0005
vn 0.0117 0.9999 0.0007
vn 0.0093 0.9999 0.0062
vn 0.0048 0.9992 0.0407
vn 0.0168 0.9939 0.1088
vn 0.0174 0.9916 0.1283
vn -0.0109 0.9981 0.0603
vn -0.0955 0.9953 0.0160
vn -0.1758 0.9764 0.1255
vn -0.1278 0.9784 0.1624
vn 0.0871 0.9880 0.1272
vn 0.2712 0.9416 0.1995
vn 0.2840 0.9299 0.2338
vn -0.3970 0.9169 -0.0403
vn -0.2962 0.9551 -0.0113
vn -0.1998 0.9795 -0.0240
vn -0.1876 0.9806 -0.0567
vn -0.2012 0.9748 -0.0968
vn -0.1953 0.9752 -0.1037
vn -0.1594 0.9820 -0.1016
vn -0.1007 0.9906 -0.0922
vn -0.0592 0.9963 -0.0629
vn -0.0405 0.9989 -0.0234
vn -0.0331 0.9994 0.0011
vn -0.0301 0.9995 0.0080
vn -0.0239 0.9997 0.0075
vn -0.0294 0.9995 0.0078
vn -0.0306 0.9995 0.0091
vn -0.0148 0.9999 0.0030
vn -0.0310 0.9995 0.0053
vn -0.0190 0.9998 0.0040
vn -0.0071 1.0000 -0.0005
vn -0.0012 1.0000 0.0014
vn -0.0070 1.0000 0.0039
vn 0.0086 1.0000 -0.0016
vn 0.0006 1.0000 -0.0026
vn 0.0112 0.9999 0.0008
vn 0.0103 0.9999 0.0016
vn 0.0050 1.0000 -0.0002
vn 0.0081 1.0000 -0.0030
vn 0.0015 1.0000 -0.0001
vn 0.0081 1.0000 -0.0004
vn 0.0055 1.0000 0.0070
vn 0.0058 0.9992 0.0391
vn 0.0182 0.9944 0.1044
vn 0.0309 0.9904 0.1345
vn -0.0011 0.9974 0.0725
vn -0.0938 0.9943 0.0513
vn -0.1819 0.9744 0.1322
vn -0.1404 0.9809 0.1344
vn 0.0558 0.9974 0.0465
vn 0.2402 0.9566 0.1649
vn 0.2801 0.9319 0.2306
vn -0.4033 0.9126 -0.0665
vn -0.3432 0.9378 -0.0515
vn -0.2643 0.9636 -0.0397
vn -0.2207 0.9734 -0.0614
vn -0.2018 0.9745 -0.0980
vn -0.1804 0.9773 -0.1114
vn -0.1441 0.9827 -0.1159
vn -0.0974 0.9893 -0.1084
vn -0.0585 0.9956 -0.0727
vn -0.0390 0.9988 -0.0280
vn -0.0304 0.9995 -0.0002
vn -0.0351 0.9994 0.0080
vn -0.0312 0.9995 0.0072
vn -0.0293 0.9995 0.0079
vn -0.0199 0.9998 0.0053
vn -0.0166 0.9999 0.0043
vn -0.0011 1.0000 0.0010
vn 0.0081 1.0000 0.0003
vn 0.0059 1.0000 -0.0010
vn 0.0048 1.0000 0.0014
vn 0.0131 0.9999 0.0016
vn 0.0127 0.9999 -0.0012
vn 0.0075 1.0000 -0.0006
vn 0.0054 1.0000 0.0006
vn 0.0032 1.0000 0.0009
vn 0.0081 1.0000 -0.0006
vn 0.0072 1.0000 -0.0022
vn 0.0010 1.0000 0.0007
vn 0.0030 1.0000 -0.0014
vn 0.0066 1.0000 0.0074
vn 0.0046 0.9993 0.0372
vn 0.0175 0.9949 0.0994
vn 0.0333 0.9901 0.1367
vn 0.0032 0.9957 0.0929
vn -0.0821 0.9933 0.0816
vn -0.1663 0.9759 0.1416
vn -0.1402 0.9859 0.0908
vn -0.0021 1.0000 0.0092
vn 0.1545 0.9811 0.1167
vn 0.2204 0.9500 0.2211
vn -0.3778 0.9223 -0.0811
vn -0.3449 0.9356 -0.0755
vn -0.2774 0.9586 -0.0646
vn -0.2102 0.9747 -0.0763
vn -0.1650 0.9806 -0.1061
vn -0.1414 0.9827 -0.1197
vn -0.1207 0.9845 -0.1273
vn -0.0919 0.9884 -0.1212
vn -0.0602 0.9948 -0.0826
vn -0.0372 0.9988 -0.0316
vn -0.0338 0.9994 -0.0006
vn -0.0339 0.9994 0.0074
vn -0.0311 0.9995 0.0067
vn -0.0227 0.9997 0.0049
vn 0.0008 1.0000 0.0005
vn 0.0055 1.0000 0.0001
vn 0.0053 1.0000 -0.0001
vn 0.0019 1.0000 -0.0002
vn 0.0001 1.0000 -0.0000
vn 0.0075 1.0000 0.0001
vn 0.0046 1.0000 0.0006
vn -0.0006 1.0000 -0.0009
vn 0.0057 1.0000 0.0007
vn 0.0059 1.0000 0.0003
vn 0.0079 1.0000 -0.0005
vn 0.0010 1.0000 -0.0000
vn 0.0048 1.0000 -0.0001
vn 0.0013 1.0000 -0.0009
vn 0.0011 1.0000 0.0064
vn 0.0047 0.9994 0.0352
vn 0.0186 0.9954 0.0945
vn 0.0335 0.9899 0.1374
vn 0.0108 0.9937 0.1112
vn -0.0563 0.9926 0.1079
vn -0.1195 0.9812 0.1515
vn -0.1120 0.9918 0.0623
vn -0.0240 0.9996 -0.0171
vn 0.0878 0.9932 0.0759
vn 0.1430 0.9683 0.2050
vn -0.3321 0.9388 -0.0917
vn -0.3072 0.9469 -0.0950
vn -0.2366 0.9672 -0.0923
vn -0.1490 0.9839 -0.0991
vn -0.0892 0.9892 -0.1166
vn -0.0818 0.9891 -0.1224
vn -0.0957 0.9867 -0.1312
vn -0.0927 0.9872 -0.1297
vn -0.0666 0.9935 -0.0918
vn -0.0411 0.9985 -0.0362
vn -0.0354 0.9994 -0.0010
vn -0.0248 0.9997 0.0054
vn -0.0130 0.9999 0.0033
vn -0.0005 1.0000 0.0005
vn 0.0016 1.0000 0.0001
vn 0.0037 1.0000 0.0001
vn 0.0029 1.0000 -0.0004
vn 0.0036 1.0000 0.0001
vn 0.0030 1.0000 0.0001
vn 0.0043 1.0000 0.0002
vn 0.0030 1.0000 -0.0002
vn 0.0049 1.0000 0.0001
vn 0.0025 1.0000 -0.0001
vn 0.0029 1.0000 0.0001
vn 0.0041 1.0000 0.0001
vn 0.0039 1.0000 -0.0002
vn 0.0041 1.0000 -0.0001
vn 0.0039 1.0000 -0.0004
vn 0.0015 1.0000 0.0064
vn 0.0037 0.9995 0.0320
vn 0.0203 0.9958 0.0893
vn 0.0362 0.9898 0.1375
vn 0.0162 0.9917 0.1273
vn -0.0285 0.9919 0.1237
vn -0.0478 0.9871 0.1528
vn -0.0224 0.9982 0.0559
vn 0.0228 0.9985 -0.0502
vn 0.0758 0.9954 0.0592
vn 0.1157 0.9756 0.1866
vn -0.2739 0.9563 -0.1021
vn -0.2497 0.9616 -0.1138
vn -0.1766 0.9766 -0.1223
vn -0.0796 0.9889 -0.1258
vn -0.0137 0.9918 -0.1267
vn -0.0233 0.9931 -0.1150
vn -0.0702 0.9896 -0.1251
vn -0.0904 0.9870 -0.1332
vn -0.0691 0.9924 -0.1015
vn -0.0348 0.9985 -0.0428
vn -0.0178 0.9998 -0.0041
vn -0.0057 1.0000 0.0012
vn 0.0015 1.0000 0.0001
vn 0.0022 1.0000 0.0001
vn 0.0020 1.0000 0.0001
vn 0.0026 1.0000 -0.0000
vn 0.0015 1.0000 -0.0002
vn 0.0014 1.0000 0.0001
vn 0.0022 1.0000 -0.0000
vn 0.0019 1.0000 -0.0000
vn 0.0017 1.0000 -0.0000
vn 0.0021 1.0000 -0.0000
vn 0.0018 1.0000 -0.0001
vn 0.0011 1.0000 -0.0000
vn 0.0011 1.0000 -0.0001
vn 0.0007 1.0000 0.0062
vn 0.0033 0.9996 0.0288
vn 0.0207 0.9963 0.0838
vn 0.0355 0.9898 0.1376
vn 0.0184 0.9902 0.1385
vn -0.0060 0.9918 0.1279
vn 0.0126 0.9896 0.1435
vn 0.0665 0.9966 0.0485
vn 0.0886 0.9939 -0.0649
vn 0.0910 0.9944 0.0531
vn 0.1146 0.9784 0.1722
vn -0.2434 0.9640 -0.1075
vn -0.2225 0.9671 -0.1237
vn -0.1555 0.9779 -0.1397
vn -0.0577 0.9882 -0.1421
vn 0.0127 0.9911 -0.1326
vn 0.0044 0.9942 -0.1072
vn -0.0513 0.9917 -0.1180
vn -0.0858 0.9873 -0.1334
vn -0.0717 0.9916 -0.1078
vn -0.0326 0.9983 -0.0487
vn -0.0039 1.0000 -0.0069
vn -0.0001 1.0000 0.0002
vn 0.0004 1.0000 -0.0000
vn 0.0005 1.0000 -0.0000
vn 0.0007 1.0000 -0.0000
vn 0.0013 1.0000 0.0001
vn 0.0008 1.0000 -0.0000
vn 0.0009 1.0000 -0.0000
vn 0.0006 1.0000 -0.0000
vn 0.0011 1.0000 0.0001
vn 0.0014 1.0000 -0.0000
vn 0.0009 1.0000 -0.0001
vn 0.0003 1.0000 -0.0000
vn -0.0000 1.0000 0.0060
vn 0.0022 0.9996 0.0269
vn 0.0188 0.9966 0.0806
vn 0.0340 0.9899 0.1378
vn 0.0175 0.9897 0.1422
vn -0.0030 0.9919 0.1273
vn 0.0296 0.9903 0.1356
vn 0.0982 0.9943 0.0413
vn 0.1105 0.9916 -0.0664
vn 0.0904 0.9945 0.0527
vn 0.1079 0.9802 0.1659
vt -51.673229 -50.000000
vt -52.500000 -47.435898
vt -52.500000 -50.000000
vt -51.673229 -47.435898
vt -52.500000 -44.871796
vt -51.673229 -42.307693
vt -51.673229 -44.871796
vt -52.500000 -39.743587
vt -52.500000 -42.307693
vt -51.673229 -39.743587
vt -52.500000 -37.179485
vt -51.673229 -37.179485
vt -52.500000 -34.615383
vt -51.673229 -34.615383
vt -52.500000 -32.051281
vt -51.673229 -32.051281
vt -52.500000 -29.487179
vt -51.673229 -29.487179
vt -52.500000 -26.923077
vt -51.673229 -26.923077
vt -52.500000 -24.358974
vt -51.673229 -24.358974
vt -52.500000 -21.794872
vt -51.673229 -21.794872
vt -52.500000 -19.230770
vt -51.673229 -19.230770
vt -52.500000 -16.666668
vt -51.673229 -16.666668
vt -52.500000 -14.102564
vt -51.673229 -14.102564
vt -52.500000 -11.538462
vt -51.673229 -11.538462
vt -52.500000 -8.974360
vt -51.673229 -8.974360
vt -52.500000 -6.410256
vt -51.673229 -6.410256
vt -52.500000 -3.846154
vt -51.673229 -3.846154
vt -52.500000 -1.282051
vt -51.673229 -1.282051
vt -52.500000 1.282051
vt -51.673229 1.282051
vt -52.500000 3.846154
vt -51.673229 3.846154
vt -52.500000 6.410256
vt -51.673229 6.410256
vt -52.500000 8.974360
vt -51.673229 8.974360
vt -52.500000 11.538462
vt -51.673229 11.538462
vt -52.500000 14.102564
vt -51.673229 14.102564
vt -52.500000 16.666668
vt -51.673229 16.666668
vt -52.500000 19.230770
vt -51.673229 21.794872
vt -51.673229 19.230770
vt -51.673229 24.358974
vt -52.500000 21.794872
vt -51.673229 26.923077
vt -52.500000 24.358974
vt -51.673229 29.487179
vt -52.500000 26.923077
vt -51.673229 32.051281
vt -52.500000 29.487179
vt -51.673229 34.615383
vt -52.500000 32.051281
vt -51.673229 37.179485
vt -52.500000 34.615383
vt -51.673229 39.743587
vt -52.500000 37.179485
vt -51.673229 42.307693
vt -52.500000 39.743587
vt -51.673229 44.871796
vt -52.500000 42.307693
vt -51.673229 47.435898
vt -52.500000 44.871796
vt -52.500000 50.000000
vt -52.500000 47.435898
vt -50.846458 -50.000000
vt -50.846458 -47.435898
vt -50.846458 -42.307693
vt -50.846458 -44.871796
vt -50.846458 -39.743587
vt -50.846458 -37.179485
vt -50.846458 -34.615383
vt -50.846458 -32.051281
vt -50.846458 -29.487179
vt -50.846458 -26.923077
vt -50.846458 -24.358974
vt -50.846458 -21.794872
vt -50.846458 -19.230770
vt -50.846458 -16.666668
vt -50.846458 -14.102564
vt -50.846458 -11.538462
vt -50.846458 -8.974360
vt -50.846458 -6.410256
vt -50.846458 -3.846154
vt -50.846458 -1.282051
vt -50.846458 1.282051
vt -50.846458 3.846154
vt -50.846458 6.410256
vt -50.846458 8.974360
vt -50.846458 11.538462
vt -50.846458 14.102564
vt -50.846458 16.666668
vt -50.846458 21.794872
vt -50.846458 19.230770
vt -50.846458 24.358974
vt -50.846458 26.923077
vt -50.846458 29.487179
vt -50.846458 32.051281
vt -50.846458 34.615383
vt -50.846458 37.179485
vt -50.846458 39.743587
vt -50.846458 42.307693
vt -50.846458 44.871796
vt -50.846458 47.435898
vt -51.673229 50.000000
vt -50.019684 -50.000000
vt -50.019684 -47.435898
vt -50.019684 -42.307693
vt -50.019684 -44.871796
vt -50.019684 -39.743587
vt -50.019684 -37.179485
vt -50.019684 -34.615383
vt -50.019684 -32.051281
vt -50.019684 -29.487179
vt -50.019684 -26.923077
vt -50.019684 -24.358974
vt -50.019684 -21.794872
vt -50.019684 -19.230770
vt -50.019684 -16.666668
vt -50.019684 -14.102564
vt -50.019684 -11.538462
vt -50.019684 -8.974360
vt -50.019684 -6.410256
vt -50.019684 -3.846154
vt -50.019684 -1.282051
vt -50.019684 1.282051
vt -50.019684 3.846154
vt -50.019684 6.410256
vt -50.019684 8.974360
vt -50.019684 11.538462
vt -50.019684 14.102564
vt -50.019684 16.666668
vt -50.019684 21.794872
vt -50.019684 19.230770
vt -50.019684 24.358974
vt -50.019684 26.923077
vt -50.019684 29.487179
vt -50.019684 32.051281
vt -50.019684 34.615383
vt -50.019684 37.179485
vt -50.019684 39.743587
vt -50.019684 42.307693
vt -50.019684 44.871796
vt -50.019684 47.435898
vt -50.846458 50.000000
vt -49.192913 -50.000000
vt -49.192913 -47.435898
vt -49.192913 -42.307693
vt -49.192913 -44.871796
vt -49.192913 -39.743587
vt -49.192913 -37.179485
vt -49.192913 -34.615383
vt -49.192913 -32.051281
vt -49.192913 -29.487179
vt -49.192913 -26.923077
vt -49.192913 -24.358974
vt -49.192913 -21.794872
vt -49.192913 -19.230770
vt -49.192913 -16.666668
vt -49.192913 -14.102564
vt -49.192913 -11.538462
vt -49.192913 -8.974360
vt -49.192913 -6.410256
vt -49.192913 -3.846154
vt -49.192913 -1.282051
vt -49.192913 1.282051
vt -49.192913 3.846154
vt -49.192913 6.410256
vt -49.192913 8.974360
vt -49.192913 11.538462
vt -49.192913 14.102564
vt -49.192913 16.666668
vt -49.192913 21.794872
vt -49.192913 19.230770
vt -49.192913 26.923077
vt -49.192913 24.358974
vt -49.192913 29.487179
vt -49.192913 32.051281
vt -49.192913 34.615383
vt -49.192913 37.179485
vt -49.192913 39.743587
vt -49.192913 42.307693
vt -49.192913 44.871796
vt -49.192913 47.435898
vt -50.019684 50.000000
vt -48.366142 -50.000000
vt -48.366142 -44.871796
vt -48.366142 -47.435898
vt -48.366142 -42.307693
vt -48.366142 -39.743587
vt -48.366142 -37.179485
vt -48.366142 -34.615383
vt -48.366142 -32.051281
vt -48.366142 -29.487179
vt -48.366142 -26.923077
vt -48.366142 -24.358974
vt -48.366142 -21.794872
vt -48.366142 -19.230770
vt -48.366142 -16.666668
vt -48.366142 -14.102564
vt -48.366142 -11.538462
vt -48.366142 -8.974360
vt -48.366142 -6.410256
vt -48.366142 -3.846154
vt -48.366142 -1.282051
vt -48.366142 1.282051
vt -48.366142 3.846154
vt -48.366142 8.974360
vt -48.366142 6.410256
vt -48.366142 11.538462
vt -48.366142 16.666668
vt -48.366142 14.102564
vt -48.366142 19.230770
vt -48.366142 21.794872
vt -48.366142 26.923077
vt -48.366142 24.358974
vt -48.366142 29.487179
vt -48.366142 32.051281
vt -48.366142 34.615383
vt -48.366142 37.179485
vt -48.366142 39.743587
vt -48.366142 42.307693
vt -48.366142 44.871796
vt -48.366142 47.435898
vt -49.192913 50.000000
vt -47.539371 -47.435898
vt -47.539371 -50.000000
vt -47.539371 -44.871796
vt -47.539371 -42.307693
vt -47.539371 -39.743587
vt -47.539371 -37.179485
vt -47.539371 -34.615383
vt -47.539371 -32.051281
vt -47.539371 -29.487179
vt -47.539371 -26.923077
vt -47.539371 -24.358974
vt -47.539371 -21.794872
vt -47.539371 -19.230770
vt -47.539371 -16.666668
vt -47.539371 -14.102564
vt -47.539371 -11.538462
vt -47.539371 -8.974360
vt -47.539371 -6.410256
vt -47.539371 -3.846154
vt -47.539371 -1.282051
vt -47.539371 1.282051
vt -47.539371 3.846154
vt -47.539371 6.410256
vt -47.539371 8.974360
vt -47.539371 11.538462
vt -47.539371 16.666668
vt -47.539371 14.102564
vt -47.539371 21.794872
vt -47.539371 19.230770
vt -47.539371 24.358974
vt -47.539371 26.923077
vt -47.539371 29.487179
vt -47.539371 32.051281
vt -47.539371 34.615383
vt -47.539371 37.179485
vt -47.539371 39.743587
vt -47.539371 42.307693
vt -47.539371 44.871796
vt -47.539371 47.435898
vt -48.366142 50.000000
vt -46.712597 -47.435898
vt -46.712597 -50.000000
vt -46.712597 -44.871796
vt -46.712597 -42.307693
vt -46.712597 -39.743587
vt -46.712597 -37.179485
vt -46.712597 -34.615383
vt -46.712597 -32.051281
vt -46.712597 -29.487179
vt -46.712597 -26.923077
vt -46.712597 -24.358974
vt -46.712597 -21.794872
vt -46.712597 -19.230770
vt -46.712597 -16.666668
vt -46.712597 -14.102564
vt -46.712597 -11.538462
vt -46.712597 -8.974360
vt -46.712597 -6.410256
vt -46.712597 -3.846154
vt -46.712597 -1.282051
vt -46.712597 1.282051
vt -46.712597 6.410256
vt -46.712597 3.846154
vt -46.712597 11.538462
vt -46.712597 8.974360
vt -46.712597 14.102564
vt -46.712597 16.666668
vt -46.712597 21.794872
vt -46.712597 19.230770
vt -46.712597 26.923077
vt -46.712597 24.358974
vt -46.712597 29.487179
vt -46.712597 32.051281
vt -46.712597 34.615383
vt -46.712597 37.179485
vt -46.712597 39.743587
vt -46.712597 42.307693
vt -46.712597 44.871796
vt -46.712597 47.435898
vt -47.539371 50.000000
vt -45.885826 -47.435898
vt -45.885826 -50.000000
vt -45.885826 -44.871796
vt -45.885826 -42.307693
vt -45.885826 -39.743587
vt -45.885826 -37.179485
vt -45.885826 -34.615383
vt -45.885826 -32.051281
vt -45.885826 -29.487179
vt -45.885826 -26.923077
vt -45.885826 -24.358974
vt -45.885826 -21.794872
vt -45.885826 -19.230770
vt -45.885826 -16.666668
vt -45.885826 -14.102564
vt -45.885826 -8.974360
vt -45.885826 -11.538462
vt -45.885826 -3.846154
vt -45.885826 -6.410256
vt -45.885826 -1.282051
vt -45.885826 1.282051
vt -45.885826 6.410256
vt -45.885826 3.846154
vt -45.885826 8.974360
vt -45.885826 11.538462
vt -45.885826 16.666668
vt -45.885826 14.102564
vt -45.885826 19.230770
vt -45.885826 21.794872
vt -45.885826 26.923077
vt -45.885826 24.358974
vt -45.885826 29.487179
vt -45.885826 32.051281
vt -45.885826 34.615383
vt -45.885826 37.179485
vt -45.885826 39.743587
vt -45.885826 44.871796
vt -45.885826 42.307693
vt -45.885826 47.435898
vt -46.712597 50.000000
vt -45.059055 -47.435898
vt -45.059055 -50.000000
vt -45.059055 -44.871796
vt -45.059055 -42.307693
vt -45.059055 -39.743587
vt -45.059055 -37.179485
vt -45.059055 -34.615383
vt -45.059055 -32.051281
vt -45.059055 -29.487179
vt -45.059055 -26.923077
vt -45.059055 -24.358974
vt -45.059055 -19.230770
vt -45.059055 -21.794872
vt -45.059055 -16.666668
vt -45.059055 -14.102564
vt -45.059055 -8.974360
vt -45.059055 -11.538462
vt -45.059055 -3.846154
vt -45.059055 -6.410256
vt -45.059055 -1.282051
vt -45.059055 1.282051
vt -45.059055 3.846154
vt -45.059055 6.410256
vt -45.059055 11.538462
vt -45.059055 8.974360
vt -45.059055 16.666668
vt -45.059055 14.102564
vt -45.059055 21.794872
vt -45.059055 19.230770
vt -45.059055 26.923077
vt -45.059055 24.358974
vt -45.059055 29.487179
vt -45.059055 32.051281
vt -45.059055 34.615383
vt -45.059055 37.179485
vt -45.059055 39.743587
vt -45.059055 42.307693
vt -45.059055 47.435898
vt -45.059055 44.871796
vt -45.885826 50.000000
vt -44.232285 -47.435898
vt -44.232285 -50.000000
vt -44.232285 -44.871796
vt -44.232285 -42.307693
vt -44.232285 -39.743587
vt -44.232285 -37.179485
vt -44.232285 -34.615383
vt -44.232285 -32.051281
vt -44.232285 -29.487179
vt -44.232285 -26.923077
vt -44.232285 -24.358974
vt -44.232285 -19.230770
vt -44.232285 -21.794872
vt -44.232285 -16.666668
vt -44.232285 -11.538462
vt -44.232285 -14.102564
vt -44.232285 -8.974360
vt -44.232285 -3.846154
vt -44.232285 -6.410256
vt -44.232285 -1.282051
vt -44.232285 3.846154
vt -44.232285 1.282051
vt -44.232285 6.410256
vt -44.232285 11.538462
vt -44.232285 8.974360
vt -44.232285 14.102564
vt -44.232285 19.230770
vt -44.232285 16.666668
vt -44.232285 21.794872
vt -44.232285 24.358974
vt -44.232285 29.487179
vt -44.232285 26.923077
vt -44.232285 32.051281
vt -44.232285 34.615383
vt -44.232285 37.179485
vt -44.232285 39.743587
vt -44.232285 42.307693
vt -44.232285 47.435898
vt -44.232285 44.871796
vt -45.059055 50.000000
vt -43.405510 -47.435898
vt -43.405510 -50.000000
vt -43.405510 -44.871796
vt -43.405510 -42.307693
vt -43.405510 -39.743587
vt -43.405510 -37.179485
vt -43.405510 -34.615383
vt -43.405510 -32.051281
vt -43.405510 -29.487179
vt -43.405510 -26.923077
vt -43.405510 -21.794872
vt -43.405510 -24.358974
vt -43.405510 -19.230770
vt -43.405510 -14.102564
vt -43.405510 -16.666668
vt -43.405510 -11.538462
vt -43.405510 -8.974360
vt -43.405510 -3.846154
vt -43.405510 -6.410256
vt -43.405510 -1.282051
vt -43.405510 1.282051
vt -43.405510 6.410256
vt -43.405510 3.846154
vt -43.405510 8.974360
vt -43.405510 11.538462
vt -43.405510 14.102564
vt -43.405510 19.230770
vt -43.405510 16.666668
vt -43.405510 21.794872
vt -43.405510 26.923077
vt -43.405510 24.358974
vt -43.405510 29.487179
vt -43.405510 32.051281
vt -43.405510 34.615383
vt -43.405510 37.179485
vt -43.405510 39.743587
vt -43.405510 44.871796
vt -43.405510 42.307693
vt -43.405510 47.435898
vt -44.232285 50.000000
vt -42.578743 -47.435898
vt -42.578743 -50.000000
vt -42.578743 -44.871796
vt -42.578743 -42.307693
vt -42.578743 -39.743587
vt -42.578743 -37.179485
vt -42.578743 -32.051281
vt -42.578743 -34.615383
vt -42.578743 -29.487179
vt -42.578743 -26.923077
vt -42.578743 -21.794872
vt -42.578743 -24.358974
vt -42.578743 -19.230770
vt -42.578743 -16.666668
vt -42.578743 -11.538462
vt -42.578743 -14.102564
vt -42.578743 -6.410256
vt -42.578743 -8.974360
vt -42.578743 -1.282051
vt -42.578743 -3.846154
vt -42.578743 3.846154
vt -42.578743 1.282051
vt -42.578743 6.410256
vt -42.578743 11.538462
vt -42.578743 8.974360
vt -42.578743 16.666668
vt -42.578743 14.102564
vt -42.578743 19.230770
vt -42.578743 24.358974
vt -42.578743 21.794872
vt -42.578743 26.923077
vt -42.578743 29.487179
vt -42.578743 32.051281
vt -42.578743 34.615383
vt -42.578743 37.179485
vt -42.578743 42.307693
vt -42.578743 39.743587
vt -42.578743 44.871796
vt -42.578743 47.435898
vt -43.405510 50.000000
vt -41.751968 -47.435898
vt -41.751968 -50.000000
vt -41.751968 -44.871796
vt -41.751968 -42.307693
vt -41.751968 -39.743587
vt -41.751968 -37.179485
vt -41.751968 -32.051281
vt -41.751968 -34.615383
vt -41.751968 -29.487179
vt -41.751968 -26.923077
vt -41.751968 -24.358974
vt -41.751968 -21.794872
vt -41.751968 -19.230770
vt -41.751968 -14.102564
vt -41.751968 -16.666668
vt -41.751968 -8.974360
vt -41.751968 -11.538462
vt -41.751968 -6.410256
vt -41.751968 -1.282051
vt -41.751968 -3.846154
vt -41.751968 1.282051
vt -41.751968 6.410256
vt -41.751968 3.846154
vt -41.751968 11.538462
vt -41.751968 8.974360
vt -41.751968 14.102564
vt -41.751968 16.666668
vt -41.751968 19.230770
vt -41.751968 24.358974
vt -41.751968 21.794872
vt -41.751968 29.487179
vt -41.751968 26.923077
vt -41.751968 32.051281
vt -41.751968 34.615383
vt -41.751968 39.743587
vt -41.751968 37.179485
vt -41.751968 42.307693
vt -41.751968 44.871796
vt -41.751968 47.435898
vt -42.578743 50.000000
vt -40.925198 -47.435898
vt -40.925198 -50.000000
vt -40.925198 -44.871796
vt -40.925198 -42.307693
vt -40.925198 -39.743587
vt -40.925198 -37.179485
vt -40.925198 -32.051281
vt -40.925198 -34.615383
vt -40.925198 -26.923077
vt -40.925198 -29.487179
vt -40.925198 -21.794872
vt -40.925198 -24.358974
vt -40.925198 -16.666668
vt -40.925198 -19.230770
vt -40.925198 -11.538462
vt -40.925198 -14.102564
vt -40.925198 -6.410256
vt -40.925198 -8.974360
vt -40.925198 -3.846154
vt -40.925198 -1.282051
vt -40.925198 3.846154
vt -40.925198 1.282051
vt -40.925198 6.410256
vt -40.925198 11.538462
vt -40.925198 8.974360
vt -40.925198 14.102564
vt -40.925198 19.230770
vt -40.925198 16.666668
vt -40.925198 21.794872
vt -40.925198 24.358974
vt -40.925198 29.487179
vt -40.925198 26.923077
vt -40.925198 32.051281
vt -40.925198 34.615383
vt -40.925198 37.179485
vt -40.925198 39.743587
vt -40.925198 42.307693
vt -40.925198 44.871796
vt -40.925198 47.435898
vt -41.751968 50.000000
vt -40.098427 -50.000000
vt -40.098427 -44.871796
vt -40.098427 -47.435898
vt -40.098427 -42.307693
vt -40.098427 -39.743587
vt -40.098427 -37.179485
vt -40.098427 -32.051281
vt -40.098427 -34.615383
vt -40.098427 -29.487179
vt -40.098427 -26.923077
vt -40.098427 -21.794872
vt -40.098427 -24.358974
vt -40.098427 -19.230770
vt -40.098427 -16.666668
vt -40.098427 -11.538462
vt -40.098427 -14.102564
vt -40.098427 -6.410256
vt -40.098427 -8.974360
vt -40.098427 -1.282051
vt -40.098427 -3.846154
vt -40.098427 1.282051
vt -40.098427 6.410256
vt -40.098427 3.846154
vt -40.098427 8.974360
vt -40.098427 14.102564
vt -40.098427 11.538462
vt -40.098427 16.666668
vt -40.098427 21.794872
vt -40.098427 19.230770
vt -40.098427 24.358974
vt -40.098427 26.923077
vt -40.098427 29.487179
vt -40.098427 34.615383
vt -40.098427 32.051281
vt -40.098427 37.179485
vt -40.098427 39.743587
vt -40.098427 42.307693
vt -40.098427 44.871796
vt -40.098427 47.435898
vt -40.925198 50.000000
vt -39.271652 -47.435898
vt -39.271652 -50.000000
vt -39.271652 -44.871796
vt -39.271652 -42.307693
vt -39.271652 -39.743587
vt -39.271652 -37.179485
vt -39.271652 -32.051281
vt -39.271652 -34.615383
vt -39.271652 -26.923077
vt -39.271652 -29.487179
vt -39.271652 -24.358974
vt -39.271652 -21.794872
vt -39.271652 -16.666668
vt -39.271652 -19.230770
vt -39.271652 -14.102564
vt -39.271652 -11.538462
vt -39.271652 -8.974360
vt -39.271652 -3.846154
vt -39.271652 -6.410256
vt -39.271652 -1.282051
vt -39.271652 1.282051
vt -39.271652 3.846154
vt -39.271652 6.410256
vt -39.271652 11.538462
vt -39.271652 8.974360
vt -39.271652 16.666668
vt -39.271652 14.102564
vt -39.271652 21.794872
vt -39.271652 19.230770
vt -39.271652 26.923077
vt -39.271652 24.358974
vt -39.271652 29.487179
vt -39.271652 32.051281
vt -39.271652 34.615383
vt -39.271652 37.179485
vt -39.271652 42.307693
vt -39.271652 39.743587
vt -39.271652 44.871796
vt -39.271652 47.435898
vt -40.098427 50.000000
vt -38.444881 -47.435898
vt -38.444881 -50.000000
vt -38.444881 -44.871796
vt -38.444881 -39.743587
vt -38.444881 -42.307693
vt -38.444881 -37.179485
vt -38.444881 -34.615383
vt -38.444881 -32.051281
vt -38.444881 -29.487179
vt -38.444881 -26.923077
vt -38.444881 -21.794872
vt -38.444881 -24.358974
vt -38.444881 -19.230770
vt -38.444881 -16.666668
vt -38.444881 -11.538462
vt -38.444881 -14.102564
vt -38.444881 -8.974360
vt -38.444881 -6.410256
vt -38.444881 -1.282051
vt -38.444881 -3.846154
vt -38.444881 1.282051
vt -38.444881 3.846154
vt -38.444881 8.974360
vt -38.444881 6.410256
vt -38.444881 14.102564
vt -38.444881 11.538462
vt -38.444881 16.666668
vt -38.444881 21.794872
vt -38.444881 19.230770
vt -38.444881 26.923077
vt -38.444881 24.358974
vt -38.444881 32.051281
vt -38.444881 29.487179
vt -38.444881 34.615383
vt -38.444881 37.179485
vt -38.444881 42.307693
vt -38.444881 39.743587
vt -38.444881 44.871796
vt -38.444881 47.435898
vt -39.271652 50.000000
vt -37.618111 -47.435898
vt -37.618111 -50.000000
vt -37.618111 -44.871796
vt -37.618111 -39.743587
vt -37.618111 -42.307693
vt -37.618111 -37.179485
vt -37.618111 -34.615383
vt -37.618111 -32.051281
vt -37.618111 -29.487179
vt -37.618111 -26.923077
vt -37.618111 -24.358974
vt -37.618111 -21.794872
vt -37.618111 -16.666668
vt -37.618111 -19.230770
vt -37.618111 -14.102564
vt -37.618111 -11.538462
vt -37.618111 -6.410256
vt -37.618111 -8.974360
vt -37.618111 -3.846154
vt -37.618111 1.282051
vt -37.618111 -1.282051
vt -37.618111 6.410256
vt -37.618111 3.846154
vt -37.618111 8.974360
vt -37.618111 14.102564
vt -37.618111 11.538462
vt -37.618111 16.666668
vt -37.618111 19.230770
vt -37.618111 24.358974
vt -37.618111 21.794872
vt -37.618111 29.487179
vt -37.618111 26.923077
vt -37.618111 32.051281
vt -37.618111 34.615383
vt -37.618111 37.179485
vt -37.618111 42.307693
vt -37.618111 39.743587
vt -37.618111 44.871796
vt -37.618111 47.435898
vt -38.444881 50.000000
vt -36.791340 -47.435898
vt -36.791340 -50.000000
vt -36.791340 -44.871796
vt -36.791340 -39.743587
vt -36.791340 -42.307693
vt -36.791340 -37.179485
vt -36.791340 -34.615383
vt -36.791340 -32.051281
vt -36.791340 -29.487179
vt -36.791340 -26.923077
vt -36.791340 -21.794872
vt -36.791340 -24.358974
vt -36.791340 -16.666668
vt -36.791340 -19.230770
vt -36.791340 -14.102564
vt -36.791340 -11.538462
vt -36.791340 -8.974360
vt -36.791340 -3.846154
vt -36.791340 -6.410256
vt -36.791340 -1.282051
vt -36.791340 3.846154
vt -36.791340 1.282051
vt -36.791340 6.410256
vt -36.791340 11.538462
vt -36.791340 8.974360
vt -36.791340 16.666668
vt -36.791340 14.102564
vt -36.791340 21.794872
vt -36.791340 19.230770
vt -36.791340 24.358974
vt -36.791340 26.923077
vt -36.791340 32.051281
vt -36.791340 29.487179
vt -36.791340 34.615383
vt -36.791340 37.179485
vt -36.791340 42.307693
vt -36.791340 39.743587
vt -36.791340 44.871796
vt -36.791340 47.435898
vt -37.618111 50.000000
vt -35.964565 -47.435898
vt -35.964565 -50.000000
vt -35.964565 -44.871796
vt -35.964565 -42.307693
vt -35.964565 -37.179485
vt -35.964565 -39.743587
vt -35.964565 -34.615383
vt -35.964565 -32.051281
vt -35.964565 -29.487179
vt -35.964565 -24.358974
vt -35.964565 -26.923077
vt -35.964565 -21.794872
vt -35.964565 -19.230770
vt -35.964565 -16.666668
vt -35.964565 -14.102564
vt -35.964565 -11.538462
vt -35.964565 -6.410256
vt -35.964565 -8.974360
vt -35.964565 -1.282051
vt -35.964565 -3.846154
vt -35.964565 1.282051
vt -35.964565 6.410256
vt -35.964565 3.846154
vt -35.964565 11.538462
vt -35.964565 8.974360
vt -35.964565 14.102564
vt -35.964565 16.666668
vt -35.964565 19.230770
vt -35.964565 21.794872
vt -35.964565 26.923077
vt -35.964565 24.358974
vt -35.964565 29.487179
vt -35.964565 32.051281
vt -35.964565 34.615383
vt -35.964565 37.179485
vt -35.964565 39.743587
vt -35.964565 44.871796
vt -35.964565 42.307693
vt -35.964565 47.435898
vt -36.791340 50.000000
vt -35.137794 -47.435898
vt -35.137794 -50.000000
vt -35.137794 -44.871796
vt -35.137794 -42.307693
vt -35.137794 -39.743587
vt -35.137794 -34.615383
vt -35.137794 -37.179485
vt -35.137794 -32.051281
vt -35.137794 -29.487179
vt -35.137794 -26.923077
vt -35.137794 -21.794872
vt -35.137794 -24.358974
vt -35.137794 -19.230770
vt -35.137794 -16.666668
vt -35.137794 -14.102564
vt -35.137794 -8.974360
vt -35.137794 -11.538462
vt -35.137794 -3.846154
vt -35.137794 -6.410256
vt -35.137794 1.282051
vt -35.137794 -1.282051
vt -35.137794 3.846154
vt -35.137794 8.974360
vt -35.137794 6.410256
vt -35.137794 11.538462
vt -35.137794 16.666668
vt -35.137794 14.102564
vt -35.137794 19.230770
vt -35.137794 21.794872
vt -35.137794 26.923077
vt -35.137794 24.358974
vt -35.137794 29.487179
vt -35.137794 32.051281
vt -35.137794 34.615383
vt -35.137794 37.179485
vt -35.137794 42.307693
vt -35.137794 39.743587
vt -35.137794 44.871796
vt -35.137794 47.435898
vt -35.964565 50.000000
vt -34.311024 -47.435898
vt -34.311024 -50.000000
vt -34.311024 -44.871796
vt -34.311024 -42.307693
vt -34.311024 -39.743587
vt -34.311024 -37.179485
vt -34.311024 -34.615383
vt -34.311024 -29.487179
vt -34.311024 -32.051281
vt -34.311024 -26.923077
vt -34.311024 -24.358974
vt -34.311024 -19.230770
vt -34.311024 -21.794872
vt -34.311024 -16.666668
vt -34.311024 -14.102564
vt -34.311024 -8.974360
vt -34.311024 -11.538462
vt -34.311024 -6.410256
vt -34.311024 -1.282051
vt -34.311024 -3.846154
vt -34.311024 1.282051
vt -34.311024 6.410256
vt -34.311024 3.846154
vt -34.311024 11.538462
vt -34.311024 8.974360
vt -34.311024 14.102564
vt -34.311024 16.666668
vt -34.311024 21.794872
vt -34.311024 19.230770
vt -34.311024 24.358974
vt -34.311024 29.487179
vt -34.311024 26.923077
vt -34.311024 32.051281
vt -34.311024 34.615383
vt -34.311024 37.179485
vt -34.311024 42.307693
vt -34.311024 39.743587
vt -34.311024 44.871796
vt -34.311024 47.435898
vt -35.137794 50.000000
vt -33.484253 -47.435898
vt -33.484253 -50.000000
vt -33.484253 -44.871796
vt -33.484253 -42.307693
vt -33.484253 -39.743587
vt -33.484253 -37.179485
vt -33.484253 -32.051281
vt -33.484253 -34.615383
vt -33.484253 -29.487179
vt -33.484253 -26.923077
vt -33.484253 -21.794872
vt -33.484253 -24.358974
vt -33.484253 -19.230770
vt -33.484253 -16.666668
vt -33.484253 -11.538462
vt -33.484253 -14.102564
vt -33.484253 -8.974360
vt -33.484253 -3.846154
vt -33.484253 -6.410256
vt -33.484253 -1.282051
vt -33.484253 1.282051
vt -33.484253 3.846154
vt -33.484253 8.974360
vt -33.484253 6.410256
vt -33.484253 14.102564
vt -33.484253 11.538462
vt -33.484253 16.666668
vt -33.484253 19.230770
vt -33.484253 21.794872
vt -33.484253 26.923077
vt -33.484253 24.358974
vt -33.484253 29.487179
vt -33.484253 32.051281
vt -33.484253 34.615383
vt -33.484253 37.179485
vt -33.484253 39.743587
vt -33.484253 42.307693
vt -33.484253 44.871796
vt -33.484253 50.000000
vt -33.484253 47.435898
vt -32.657478 -47.435898
vt -32.657478 -50.000000
vt -32.657478 -44.871796
vt -32.657478 -42.307693
vt -32.657478 -39.743587
vt -32.657478 -37.179485
vt -32.657478 -34.615383
vt -32.657478 -29.487179
vt -32.657478 -32.051281
vt -32.657478 -26.923077
vt -32.657478 -21.794872
vt -32.657478 -24.358974
vt -32.657478 -16.666668
vt -32.657478 -19.230770
vt -32.657478 -14.102564
vt -32.657478 -8.974360
vt -32.657478 -11.538462
vt -32.657478 -3.846154
vt -32.657478 -6.410256
vt -32.657478 1.282051
vt -32.657478 -1.282051
vt -32.657478 6.410256
vt -32.657478 3.846154
vt -32.657478 11.538462
vt -32.657478 8.974360
vt -32.657478 14.102564
vt -32.657478 19.230770
vt -32.657478 16.666668
vt -32.657478 24.358974
vt -32.657478 21.794872
vt -32.657478 29.487179
vt -32.657478 26.923077
vt -32.657478 32.051281
vt -32.657478 34.615383
vt -32.657478 39.743587
vt -32.657478 37.179485
vt -32.657478 42.307693
vt -32.657478 44.871796
vt -32.657478 50.000000
vt -32.657478 47.435898
vt -31.830709 -47.435898
vt -31.830709 -50.000000
vt -31.830709 -44.871796
vt -31.830709 -42.307693
vt -31.830709 -39.743587
vt -31.830709 -37.179485
vt -31.830709 -34.615383
vt -31.830709 -32.051281
vt -31.830709 -29.487179
vt -31.830709 -26.923077
vt -31.830709 -21.794872
vt -31.830709 -24.358974
vt -31.830709 -19.230770
vt -31.830709 -16.666668
vt -31.830709 -11.538462
vt -31.830709 -14.102564
vt -31.830709 -8.974360
vt -31.830709 -6.410256
vt -31.830709 -3.846154
vt -31.830709 -1.282051
vt -31.830709 1.282051
vt -31.830709 3.846154
vt -31.830709 6.410256
vt -31.830709 8.974360
vt -31.830709 11.538462
vt -31.830709 16.666668
vt -31.830709 14.102564
vt -31.830709 21.794872
vt -31.830709 19.230770
vt -31.830709 24.358974
vt -31.830709 26.923077
vt -31.830709 29.487179
vt -31.830709 32.051281
vt -31.830709 34.615383
vt -31.830709 39.743587
vt -31.830709 37.179485
vt -31.830709 42.307693
vt -31.830709 44.871796
vt -31.830709 50.000000
vt -31.830709 47.435898
vt -31.003937 -50.000000
vt -31.003937 -44.871796
vt -31.003937 -47.435898
vt -31.003937 -42.307693
vt -31.003937 -39.743587
vt -31.003937 -37.179485
vt -31.003937 -34.615383
vt -31.003937 -32.051281
vt -31.003937 -26.923077
vt -31.003937 -29.487179
vt -31.003937 -24.358974
vt -31.003937 -19.230770
vt -31.003937 -21.794872
vt -31.003937 -16.666668
vt -31.003937 -11.538462
vt -31.003937 -14.102564
vt -31.003937 -8.974360
vt -31.003937 -6.410256
vt -31.003937 -1.282051
vt -31.003937 -3.846154
vt -31.003937 1.282051
vt -31.003937 6.410256
vt -31.003937 3.846154
vt -31.003937 11.538462
vt -31.003937 8.974360
vt -31.003937 14.102564
vt -31.003937 16.666668
vt -31.003937 19.230770
vt -31.003937 21.794872
vt -31.003937 26.923077
vt -31.003937 24.358974
vt -31.003937 29.487179
vt -31.003937 32.051281
vt -31.003937 34.615383
vt -31.003937 37.179485
vt -31.003937 39.743587
vt -31.003937 42.307693
vt -31.003937 44.871796
vt -31.003937 50.000000
vt -31.003937 47.435898
vt -30.177166 -47.435898
vt -30.177166 -50.000000
vt -30.177166 -44.871796
vt -30.177166 -42.307693
vt -30.177166 -39.743587
vt -30.177166 -37.179485
vt -30.177166 -34.615383
vt -30.177166 -32.051281
vt -30.177166 -29.487179
vt -30.177166 -26.923077
vt -30.177166 -21.794872
vt -30.177166 -24.358974
vt -30.177166 -19.230770
vt -30.177166 -16.666668
vt -30.177166 -11.538462
vt -30.177166 -14.102564
vt -30.177166 -8.974360
vt -30.177166 -3.846154
vt -30.177166 -6.410256
vt -30.177166 -1.282051
vt -30.177166 1.282051
vt -30.177166 6.410256
vt -30.177166 3.846154
vt -30.177166 8.974360
vt -30.177166 14.102564
vt -30.177166 11.538462
vt -30.177166 16.666668
vt -30.177166 19.230770
vt -30.177166 24.358974
vt -30.177166 21.794872
vt -30.177166 26.923077
vt -30.177166 29.487179
vt -30.177166 32.051281
vt -30.177166 34.615383
vt -30.177166 37.179485
vt -30.177166 39.743587
vt -30.177166 42.307693
vt -30.177166 44.871796
vt -30.177166 50.000000
vt -30.177166 47.435898
vt -29.350393 -47.435898
vt -29.350393 -50.000000
vt -29.350393 -44.871796
vt -29.350393 -42.307693
vt -29.350393 -39.743587
vt -29.350393 -37.179485
vt -29.350393 -34.615383
vt -29.350393 -32.051281
vt -29.350393 -26.923077
vt -29.350393 -29.487179
vt -29.350393 -24.358974
vt -29.350393 -19.230770
vt -29.350393 -21.794872
vt -29.350393 -16.666668
vt -29.350393 -14.102564
vt -29.350393 -8.974360
vt -29.350393 -11.538462
vt -29.350393 -6.410256
vt -29.350393 -3.846154
vt -29.350393 1.282051
vt -29.350393 -1.282051
vt -29.350393 3.846154
vt -29.350393 6.410256
vt -29.350393 8.974360
vt -29.350393 11.538462
vt -29.350393 16.666668
vt -29.350393 14.102564
vt -29.350393 21.794872
vt -29.350393 19.230770
vt -29.350393 26.923077
vt -29.350393 24.358974
vt -29.350393 29.487179
vt -29.350393 32.051281
vt -29.350393 34.615383
vt -29.350393 37.179485
vt -29.350393 39.743587
vt -29.350393 42.307693
vt -29.350393 44.871796
vt -29.350393 50.000000
vt -29.350393 47.435898
vt -28.523621 -47.435898
vt -28.523621 -50.000000
vt -28.523621 -44.871796
vt -28.523621 -42.307693
vt -28.523621 -39.743587
vt -28.523621 -37.179485
vt -28.523621 -34.615383
vt -28.523621 -32.051281
vt -28.523621 -29.487179
vt -28.523621 -24.358974
vt -28.523621 -26.923077
vt -28.523621 -19.230770
vt -28.523621 -21.794872
vt -28.523621 -16.666668
vt -28.523621 -14.102564
vt -28.523621 -11.538462
vt -28.523621 -6.410256
vt -28.523621 -8.974360
vt -28.523621 -1.282051
vt -28.523621 -3.846154
vt -28.523621 1.282051
vt -28.523621 6.410256
vt -28.523621 3.846154
vt -28.523621 8.974360
vt -28.523621 11.538462
vt -28.523621 16.666668
vt -28.523621 14.102564
vt -28.523621 21.794872
vt -28.523621 19.230770
vt -28.523621 24.358974
vt -28.523621 29.487179
vt -28.523621 26.923077
vt -28.523621 34.615383
vt -28.523621 32.051281
vt -28.523621 37.179485
vt -28.523621 39.743587
vt -28.523621 42.307693
vt -28.523621 44.871796
vt -28.523621 50.000000
vt -28.523621 47.435898
vt -27.696850 -47.435898
vt -27.696850 -50.000000
vt -27.696850 -44.871796
vt -27.696850 -42.307693
vt -27.696850 -39.743587
vt -27.696850 -37.179485
vt -27.696850 -34.615383
vt -27.696850 -29.487179
vt -27.696850 -32.051281
vt -27.696850 -26.923077
vt -27.696850 -24.358974
vt -27.696850 -21.794872
vt -27.696850 -19.230770
vt -27.696850 -14.102564
vt -27.696850 -16.666668
vt -27.696850 -11.538462
vt -27.696850 -8.974360
vt -27.696850 -6.410256
vt -27.696850 -3.846154
vt -27.696850 -1.282051
vt -27.696850 1.282051
vt -27.696850 3.846154
vt -27.696850 8.974360
vt -27.696850 6.410256
vt -27.696850 11.538462
vt -27.696850 14.102564
vt -27.696850 19.230770
vt -27.696850 16.666668
vt -27.696850 24.358974
vt -27.696850 21.794872
vt -27.696850 26.923077
vt -27.696850 29.487179
vt -27.696850 32.051281
vt -27.696850 34.615383
vt -27.696850 37.179485
vt -27.696850 39.743587
vt -27.696850 42.307693
vt -27.696850 47.435898
vt -27.696850 44.871796
vt -26.870077 -47.435898
vt -26.870077 -50.000000
vt -26.870077 -44.871796
vt -26.870077 -42.307693
vt -26.870077 -39.743587
vt -26.870077 -34.615383
vt -26.870077 -37.179485
vt -26.870077 -32.051281
vt -26.870077 -29.487179
vt -26.870077 -26.923077
vt -26.870077 -21.794872
vt -26.870077 -24.358974
vt -26.870077 -19.230770
vt -26.870077 -14.102564
vt -26.870077 -16.666668
vt -26.870077 -11.538462
vt -26.870077 -8.974360
vt -26.870077 -6.410256
vt -26.870077 -1.282051
vt -26.870077 -3.846154
vt -26.870077 3.846154
vt -26.870077 1.282051
vt -26.870077 6.410256
vt -26.870077 11.538462
vt -26.870077 8.974360
vt -26.870077 16.666668
vt -26.870077 14.102564
vt -26.870077 19.230770
vt -26.870077 21.794872
vt -26.870077 24.358974
vt -26.870077 29.487179
vt -26.870077 26.923077
vt -26.870077 32.051281
vt -26.870077 34.615383
vt -26.870077 37.179485
vt -26.870077 39.743587
vt -26.870077 44.871796
vt -26.870077 42.307693
vt -26.870077 47.435898
vt -27.696850 50.000000
vt -26.043308 -50.000000
vt -26.043308 -47.435898
vt -26.043308 -44.871796
vt -26.043308 -42.307693
vt -26.043308 -39.743587
vt -26.043308 -37.179485
vt -26.043308 -34.615383
vt -26.043308 -29.487179
vt -26.043308 -32.051281
vt -26.043308 -26.923077
vt -26.043308 -24.358974
vt -26.043308 -19.230770
vt -26.043308 -21.794872
vt -26.043308 -14.102564
vt -26.043308 -16.666668
vt -26.043308 -11.538462
vt -26.043308 -8.974360
vt -26.043308 -3.846154
vt -26.043308 -6.410256
vt -26.043308 1.282051
vt -26.043308 -1.282051
vt -26.043308 3.846154
vt -26.043308 6.410256
vt -26.043308 11.538462
vt -26.043308 8.974360
vt -26.043308 14.102564
vt -26.043308 19.230770
vt -26.043308 16.666668
vt -26.043308 24.358974
vt -26.043308 21.794872
vt -26.043308 26.923077
vt -26.043308 29.487179
vt -26.043308 32.051281
vt -26.043308 34.615383
vt -26.043308 37.179485
vt -26.043308 39.743587
vt -26.043308 44.871796
vt -26.043308 42.307693
vt -26.043308 47.435898
vt -26.870077 50.000000
vt -25.216536 -50.000000
vt -25.216536 -47.435898
vt -25.216536 -44.871796
vt -25.216536 -42.307693
vt -25.216536 -39.743587
vt -25.216536 -34.615383
vt -25.216536 -37.179485
vt -25.216536 -32.051281
vt -25.216536 -29.487179
vt -25.216536 -26.923077
vt -25.216536 -21.794872
vt -25.216536 -24.358974
vt -25.216536 -19.230770
vt -25.216536 -16.666668
vt -25.216536 -11.538462
vt -25.216536 -14.102564
vt -25.216536 -6.410256
vt -25.216536 -8.974360
vt -25.216536 -1.282051
vt -25.216536 -3.846154
vt -25.216536 1.282051
vt -25.216536 6.410256
vt -25.216536 3.846154
vt -25.216536 11.538462
vt -25.216536 8.974360
vt -25.216536 14.102564
vt -25.216536 16.666668
vt -25.216536 21.794872
vt -25.216536 19.230770
vt -25.216536 26.923077
vt -25.216536 24.358974
vt -25.216536 29.487179
vt -25.216536 34.615383
vt -25.216536 32.051281
vt -25.216536 37.179485
vt -25.216536 42.307693
vt -25.216536 39.743587
vt -25.216536 44.871796
vt -25.216536 47.435898
vt -26.043308 50.000000
vt -24.389765 -50.000000
vt -24.389765 -47.435898
vt -24.389765 -44.871796
vt -24.389765 -42.307693
vt -24.389765 -39.743587
vt -24.389765 -34.615383
vt -24.389765 -37.179485
vt -24.389765 -29.487179
vt -24.389765 -32.051281
vt -24.389765 -24.358974
vt -24.389765 -26.923077
vt -24.389765 -21.794872
vt -24.389765 -19.230770
vt -24.389765 -14.102564
vt -24.389765 -16.666668
vt -24.389765 -8.974360
vt -24.389765 -11.538462
vt -24.389765 -3.846154
vt -24.389765 -6.410256
vt -24.389765 1.282051
vt -24.389765 -1.282051
vt -24.389765 3.846154
vt -24.389765 6.410256
vt -24.389765 8.974360
vt -24.389765 14.102564
vt -24.389765 11.538462
vt -24.389765 19.230770
vt -24.389765 16.666668
vt -24.389765 24.358974
vt -24.389765 21.794872
vt -24.389765 26.923077
vt -24.389765 29.487179
vt -24.389765 32.051281
vt -24.389765 34.615383
vt -24.389765 39.743587
vt -24.389765 37.179485
vt -24.389765 42.307693
vt -24.389765 44.871796
vt -24.389765 47.435898
vt -25.216536 50.000000
vt -23.562992 -50.000000
vt -23.562992 -47.435898
vt -23.562992 -44.871796
vt -23.562992 -42.307693
vt -23.562992 -39.743587
vt -23.562992 -37.179485
vt -23.562992 -32.051281
vt -23.562992 -34.615383
vt -23.562992 -29.487179
vt -23.562992 -26.923077
vt -23.562992 -24.358974
vt -23.562992 -19.230770
vt -23.562992 -21.794872
vt -23.562992 -16.666668
vt -23.562992 -11.538462
vt -23.562992 -14.102564
vt -23.562992 -6.410256
vt -23.562992 -8.974360
vt -23.562992 -3.846154
vt -23.562992 1.282051
vt -23.562992 -1.282051
vt -23.562992 3.846154
vt -23.562992 6.410256
vt -23.562992 8.974360
vt -23.562992 11.538462
vt -23.562992 16.666668
vt -23.562992 14.102564
vt -23.562992 19.230770
vt -23.562992 21.794872
vt -23.562992 26.923077
vt -23.562992 24.358974
vt -23.562992 29.487179
vt -23.562992 32.051281
vt -23.562992 34.615383
vt -23.562992 39.743587
vt -23.562992 37.179485
vt -23.562992 42.307693
vt -23.562992 44.871796
vt -23.562992 47.435898
vt -24.389765 50.000000
vt -22.736219 -50.000000
vt -22.736219 -47.435898
vt -22.736219 -42.307693
vt -22.736219 -44.871796
vt -22.736219 -39.743587
vt -22.736219 -37.179485
vt -22.736219 -32.051281
vt -22.736219 -34.615383
vt -22.736219 -26.923077
vt -22.736219 -29.487179
vt -22.736219 -24.358974
vt -22.736219 -21.794872
vt -22.736219 -19.230770
vt -22.736219 -16.666668
vt -22.736219 -14.102564
vt -22.736219 -8.974360
vt -22.736219 -11.538462
vt -22.736219 -6.410256
vt -22.736219 -3.846154
vt -22.736219 -1.282051
vt -22.736219 1.282051
vt -22.736219 3.846154
vt -22.736219 6.410256
vt -22.736219 8.974360
vt -22.736219 11.538462
vt -22.736219 14.102564
vt -22.736219 19.230770
vt -22.736219 16.666668
vt -22.736219 21.794872
vt -22.736219 24.358974
vt -22.736219 26.923077
vt -22.736219 32.051281
vt -22.736219 29.487179
vt -22.736219 34.615383
vt -22.736219 39.743587
vt -22.736219 37.179485
vt -22.736219 42.307693
vt -22.736219 44.871796
vt -22.736219 50.000000
vt -22.736219 47.435898
vt -21.909449 -50.000000
vt -21.909449 -47.435898
vt -21.909449 -42.307693
vt -21.909449 -44.871796
vt -21.909449 -39.743587
vt -21.909449 -37.179485
vt -21.909449 -32.051281
vt -21.909449 -34.615383
vt -21.909449 -29.487179
vt -21.909449 -26.923077
vt -21.909449 -24.358974
vt -21.909449 -19.230770
vt -21.909449 -21.794872
vt -21.909449 -14.102564
vt -21.909449 -16.666668
vt -21.909449 -11.538462
vt -21.909449 -8.974360
vt -21.909449 -6.410256
vt -21.909449 -1.282051
vt -21.909449 -3.846154
vt -21.909449 3.846154
vt -21.909449 1.282051
vt -21.909449 6.410256
vt -21.909449 11.538462
vt -21.909449 8.974360
vt -21.909449 14.102564
vt -21.909449 16.666668
vt -21.909449 19.230770
vt -21.909449 21.794872
vt -21.909449 24.358974
vt -21.909449 29.487179
vt -21.909449 26.923077
vt -21.909449 34.615383
vt -21.909449 32.051281
vt -21.909449 37.179485
vt -21.909449 39.743587
vt -21.909449 42.307693
vt -21.909449 44.871796
vt -21.909449 50.000000
vt -21.909449 47.435898
vt -21.082676 -50.000000
vt -21.082676 -44.871796
vt -21.082676 -47.435898
vt -21.082676 -42.307693
vt -21.082676 -39.743587
vt -21.082676 -37.179485
vt -21.082676 -32.051281
vt -21.082676 -34.615383
vt -21.082676 -29.487179
vt -21.082676 -26.923077
vt -21.082676 -24.358974
vt -21.082676 -21.794872
vt -21.082676 -16.666668
vt -21.082676 -19.230770
vt -21.082676 -11.538462
vt -21.082676 -14.102564
vt -21.082676 -8.974360
vt -21.082676 -6.410256
vt -21.082676 -3.846154
vt -21.082676 1.282051
vt -21.082676 -1.282051
vt -21.082676 3.846154
vt -21.082676 8.974360
vt -21.082676 6.410256
vt -21.082676 11.538462
vt -21.082676 14.102564
vt -21.082676 19.230770
vt -21.082676 16.666668
vt -21.082676 21.794872
vt -21.082676 26.923077
vt -21.082676 24.358974
vt -21.082676 29.487179
vt -21.082676 32.051281
vt -21.082676 37.179485
vt -21.082676 34.615383
vt -21.082676 39.743587
vt -21.082676 42.307693
vt -21.082676 47.435898
vt -21.082676 44.871796
vt -21.082676 50.000000
vt -20.255905 -50.000000
vt -20.255905 -44.871796
vt -20.255905 -47.435898
vt -20.255905 -42.307693
vt -20.255905 -39.743587
vt -20.255905 -37.179485
vt -20.255905 -32.051281
vt -20.255905 -34.615383
vt -20.255905 -29.487179
vt -20.255905 -24.358974
vt -20.255905 -26.923077
vt -20.255905 -19.230770
vt -20.255905 -21.794872
vt -20.255905 -14.102564
vt -20.255905 -16.666668
vt -20.255905 -8.974360
vt -20.255905 -11.538462
vt -20.255905 -6.410256
vt -20.255905 -3.846154
vt -20.255905 1.282051
vt -20.255905 -1.282051
vt -20.255905 3.846154
vt -20.255905 8.974360
vt -20.255905 6.410256
vt -20.255905 11.538462
vt -20.255905 14.102564
vt -20.255905 19.230770
vt -20.255905 16.666668
vt -20.255905 24.358974
vt -20.255905 21.794872
vt -20.255905 26.923077
vt -20.255905 29.487179
vt -20.255905 32.051281
vt -20.255905 34.615383
vt -20.255905 37.179485
vt -20.255905 39.743587
vt -20.255905 42.307693
vt -20.255905 47.435898
vt -20.255905 44.871796
vt -20.255905 50.000000
vt -19.429134 -50.000000
vt -19.429134 -44.871796
vt -19.429134 -47.435898
vt -19.429134 -42.307693
vt -19.429134 -39.743587
vt -19.429134 -37.179485
vt -19.429134 -32.051281
vt -19.429134 -34.615383
vt -19.429134 -29.487179
vt -19.429134 -26.923077
vt -19.429134 -24.358974
vt -19.429134 -19.230770
vt -19.429134 -21.794872
vt -19.429134 -16.666668
vt -19.429134 -14.102564
vt -19.429134 -11.538462
vt -19.429134 -8.974360
vt -19.429134 -3.846154
vt -19.429134 -6.410256
vt -19.429134 1.282051
vt -19.429134 -1.282051
vt -19.429134 6.410256
vt -19.429134 3.846154
vt -19.429134 11.538462
vt -19.429134 8.974360
vt -19.429134 16.666668
vt -19.429134 14.102564
vt -19.429134 19.230770
vt -19.429134 24.358974
vt -19.429134 21.794872
vt -19.429134 26.923077
vt -19.429134 29.487179
vt -19.429134 32.051281
vt -19.429134 34.615383
vt -19.429134 37.179485
vt -19.429134 39.743587
vt -19.429134 42.307693
vt -19.429134 44.871796
vt -19.429134 47.435898
vt -18.602362 -50.000000
vt -18.602362 -44.871796
vt -18.602362 -47.435898
vt -18.602362 -42.307693
vt -18.602362 -39.743587
vt -18.602362 -34.615383
vt -18.602362 -37.179485
vt -18.602362 -32.051281
vt -18.602362 -29.487179
vt -18.602362 -26.923077
vt -18.602362 -24.358974
vt -18.602362 -19.230770
vt -18.602362 -21.794872
vt -18.602362 -16.666668
vt -18.602362 -11.538462
vt -18.602362 -14.102564
vt -18.602362 -6.410256
vt -18.602362 -8.974360
vt -18.602362 -1.282051
vt -18.602362 -3.846154
vt -18.602362 1.282051
vt -18.602362 6.410256
vt -18.602362 3.846154
vt -18.602362 8.974360
vt -18.602362 14.102564
vt -18.602362 11.538462
vt -18.602362 16.666668
vt -18.602362 21.794872
vt -18.602362 19.230770
vt -18.602362 24.358974
vt -18.602362 29.487179
vt -18.602362 26.923077
vt -18.602362 34.615383
vt -18.602362 32.051281
vt -18.602362 37.179485
vt -18.602362 39.743587
vt -18.602362 44.871796
vt -18.602362 42.307693
vt -18.602362 47.435898
vt -19.429134 50.000000
vt -17.775591 -50.000000
vt -17.775591 -47.435898
vt -17.775591 -42.307693
vt -17.775591 -44.871796
vt -17.775591 -39.743587
vt -17.775591 -34.615383
vt -17.775591 -37.179485
vt -17.775591 -32.051281
vt -17.775591 -29.487179
vt -17.775591 -26.923077
vt -17.775591 -21.794872
vt -17.775591 -24.358974
vt -17.775591 -16.666668
vt -17.775591 -19.230770
vt -17.775591 -14.102564
vt -17.775591 -11.538462
vt -17.775591 -6.410256
vt -17.775591 -8.974360
vt -17.775591 -1.282051
vt -17.775591 -3.846154
vt -17.775591 3.846154
vt -17.775591 1.282051
vt -17.775591 6.410256
vt -17.775591 8.974360
vt -17.775591 11.538462
vt -17.775591 14.102564
vt -17.775591 19.230770
vt -17.775591 16.666668
vt -17.775591 21.794872
vt -17.775591 26.923077
vt -17.775591 24.358974
vt -17.775591 29.487179
vt -17.775591 34.615383
vt -17.775591 32.051281
vt -17.775591 37.179485
vt -17.775591 42.307693
vt -17.775591 39.743587
vt -17.775591 44.871796
vt -17.775591 47.435898
vt -18.602362 50.000000
vt -16.948818 -50.000000
vt -16.948818 -47.435898
vt -16.948818 -42.307693
vt -16.948818 -44.871796
vt -16.948818 -39.743587
vt -16.948818 -37.179485
vt -16.948818 -34.615383
vt -16.948818 -29.487179
vt -16.948818 -32.051281
vt -16.948818 -24.358974
vt -16.948818 -26.923077
vt -16.948818 -19.230770
vt -16.948818 -21.794872
vt -16.948818 -16.666668
vt -16.948818 -14.102564
vt -16.948818 -11.538462
vt -16.948818 -8.974360
vt -16.948818 -6.410256
vt -16.948818 -3.846154
vt -16.948818 -1.282051
vt -16.948818 1.282051
vt -16.948818 6.410256
vt -16.948818 3.846154
vt -16.948818 11.538462
vt -16.948818 8.974360
vt -16.948818 14.102564
vt -16.948818 16.666668
vt -16.948818 19.230770
vt -16.948818 21.794872
vt -16.948818 24.358974
vt -16.948818 26.923077
vt -16.948818 32.051281
vt -16.948818 29.487179
vt -16.948818 34.615383
vt -16.948818 37.179485
vt -16.948818 42.307693
vt -16.948818 39.743587
vt -16.948818 44.871796
vt -16.948818 47.435898
vt -17.775591 50.000000
vt -16.122047 -50.000000
vt -16.122047 -44.871796
vt -16.122047 -47.435898
vt -16.122047 -42.307693
vt -16.122047 -39.743587
vt -16.122047 -37.179485
vt -16.122047 -32.051281
vt -16.122047 -34.615383
vt -16.122047 -29.487179
vt -16.122047 -26.923077
vt -16.122047 -24.358974
vt -16.122047 -21.794872
vt -16.122047 -19.230770
vt -16.122047 -16.666668
vt -16.122047 -14.102564
vt -16.122047 -11.538462
vt -16.122047 -8.974360
vt -16.122047 -3.846154
vt -16.122047 -6.410256
vt -16.122047 1.282051
vt -16.122047 -1.282051
vt -16.122047 3.846154
vt -16.122047 8.974360
vt -16.122047 6.410256
vt -16.122047 14.102564
vt -16.122047 11.538462
vt -16.122047 16.666668
vt -16.122047 19.230770
vt -16.122047 21.794872
vt -16.122047 24.358974
vt -16.122047 29.487179
vt -16.122047 26.923077
vt -16.122047 34.615383
vt -16.122047 32.051281
vt -16.122047 37.179485
vt -16.122047 42.307693
vt -16.122047 39.743587
vt -16.122047 44.871796
vt -16.122047 50.000000
vt -16.122047 47.435898
vt -15.295276 -50.000000
vt -15.295276 -44.871796
vt -15.295276 -47.435898
vt -15.295276 -42.307693
vt -15.295276 -39.743587
vt -15.295276 -37.179485
vt -15.295276 -34.615383
vt -15.295276 -32.051281
vt -15.295276 -29.487179
vt -15.295276 -24.358974
vt -15.295276 -26.923077
vt -15.295276 -21.794872
vt -15.295276 -19.230770
vt -15.295276 -14.102564
vt -15.295276 -16.666668
vt -15.295276 -8.974360
vt -15.295276 -11.538462
vt -15.295276 -6.410256
vt -15.295276 -3.846154
vt -15.295276 -1.282051
vt -15.295276 3.846154
vt -15.295276 1.282051
vt -15.295276 8.974360
vt -15.295276 6.410256
vt -15.295276 11.538462
vt -15.295276 14.102564
vt -15.295276 19.230770
vt -15.295276 16.666668
vt -15.295276 21.794872
vt -15.295276 24.358974
vt -15.295276 26.923077
vt -15.295276 32.051281
vt -15.295276 29.487179
vt -15.295276 34.615383
vt -15.295276 37.179485
vt -15.295276 42.307693
vt -15.295276 39.743587
vt -15.295276 44.871796
vt -15.295276 50.000000
vt -15.295276 47.435898
vt -14.468504 -50.000000
vt -14.468504 -44.871796
vt -14.468504 -47.435898
vt -14.468504 -39.743587
vt -14.468504 -42.307693
vt -14.468504 -37.179485
vt -14.468504 -32.051281
vt -14.468504 -34.615383
vt -14.468504 -26.923077
vt -14.468504 -29.487179
vt -14.468504 -24.358974
vt -14.468504 -21.794872
vt -14.468504 -16.666668
vt -14.468504 -19.230770
vt -14.468504 -14.102564
vt -14.468504 -11.538462
vt -14.468504 -8.974360
vt -14.468504 -3.846154
vt -14.468504 -6.410256
vt -14.468504 -1.282051
vt -14.468504 1.282051
vt -14.468504 3.846154
vt -14.468504 8.974360
vt -14.468504 6.410256
vt -14.468504 14.102564
vt -14.468504 11.538462
vt -14.468504 16.666668
vt -14.468504 21.794872
vt -14.468504 19.230770
vt -14.468504 26.923077
vt -14.468504 24.358974
vt -14.468504 29.487179
vt -14.468504 34.615383
vt -14.468504 32.051281
vt -14.468504 37.179485
vt -14.468504 42.307693
vt -14.468504 39.743587
vt -14.468504 44.871796
vt -14.468504 47.435898
vt -13.641733 -50.000000
vt -13.641733 -44.871796
vt -13.641733 -47.435898
vt -13.641733 -42.307693
vt -13.641733 -39.743587
vt -13.641733 -37.179485
vt -13.641733 -32.051281
vt -13.641733 -34.615383
vt -13.641733 -29.487179
vt -13.641733 -24.358974
vt -13.641733 -26.923077
vt -13.641733 -21.794872
vt -13.641733 -19.230770
vt -13.641733 -16.666668
vt -13.641733 -11.538462
vt -13.641733 -14.102564
vt -13.641733 -6.410256
vt -13.641733 -8.974360
vt -13.641733 -3.846154
vt -13.641733 -1.282051
vt -13.641733 1.282051
vt -13.641733 6.410256
vt -13.641733 3.846154
vt -13.641733 8.974360
vt -13.641733 14.102564
vt -13.641733 11.538462
vt -13.641733 16.666668
vt -13.641733 19.230770
vt -13.641733 24.358974
vt -13.641733 21.794872
vt -13.641733 26.923077
vt -13.641733 32.051281
vt -13.641733 29.487179
vt -13.641733 34.615383
vt -13.641733 37.179485
vt -13.641733 39.743587
vt -13.641733 42.307693
vt -13.641733 47.435898
vt -13.641733 44.871796
vt -14.468504 50.000000
vt -12.814961 -47.435898
vt -12.814961 -50.000000
vt -12.814961 -44.871796
vt -12.814961 -42.307693
vt -12.814961 -39.743587
vt -12.814961 -37.179485
vt -12.814961 -32.051281
vt -12.814961 -34.615383
vt -12.814961 -29.487179
vt -12.814961 -26.923077
vt -12.814961 -24.358974
vt -12.814961 -19.230770
vt -12.814961 -21.794872
vt -12.814961 -14.102564
vt -12.814961 -16.666668
vt -12.814961 -11.538462
vt -12.814961 -6.410256
vt -12.814961 -8.974360
vt -12.814961 -3.846154
vt -12.814961 1.282051
vt -12.814961 -1.282051
vt -12.814961 6.410256
vt -12.814961 3.846154
vt -12.814961 8.974360
vt -12.814961 11.538462
vt -12.814961 14.102564
vt -12.814961 16.666668
vt -12.814961 19.230770
vt -12.814961 24.358974
vt -12.814961 21.794872
vt -12.814961 26.923077
vt -12.814961 29.487179
vt -12.814961 34.615383
vt -12.814961 32.051281
vt -12.814961 37.179485
vt -12.814961 39.743587
vt -12.814961 42.307693
vt -12.814961 47.435898
vt -12.814961 44.871796
vt -12.814961 50.000000
vt -11.988189 -47.435898
vt -11.988189 -50.000000
vt -11.988189 -44.871796
vt -11.988189 -39.743587
vt -11.988189 -42.307693
vt -11.988189 -37.179485
vt -11.988189 -32.051281
vt -11.988189 -34.615383
vt -11.988189 -29.487179
vt -11.988189 -24.358974
vt -11.988189 -26.923077
vt -11.988189 -21.794872
vt -11.988189 -16.666668
vt -11.988189 -19.230770
vt -11.988189 -11.538462
vt -11.988189 -14.102564
vt -11.988189 -8.974360
vt -11.988189 -3.846154
vt -11.988189 -6.410256
vt -11.988189 1.282051
vt -11.988189 -1.282051
vt -11.988189 6.410256
vt -11.988189 3.846154
vt -11.988189 11.538462
vt -11.988189 8.974360
vt -11.988189 16.666668
vt -11.988189 14.102564
vt -11.988189 21.794872
vt -11.988189 19.230770
vt -11.988189 26.923077
vt -11.988189 24.358974
vt -11.988189 29.487179
vt -11.988189 32.051281
vt -11.988189 37.179485
vt -11.988189 34.615383
vt -11.988189 39.743587
vt -11.988189 42.307693
vt -11.988189 47.435898
vt -11.988189 44.871796
vt -11.988189 50.000000
vt -11.161417 -47.435898
vt -11.161417 -50.000000
vt -11.161417 -44.871796
vt -11.161417 -39.743587
vt -11.161417 -42.307693
vt -11.161417 -37.179485
vt -11.161417 -34.615383
vt -11.161417 -32.051281
vt -11.161417 -26.923077
vt -11.161417 -29.487179
vt -11.161417 -24.358974
vt -11.161417 -19.230770
vt -11.161417 -21.794872
vt -11.161417 -16.666668
vt -11.161417 -14.102564
vt -11.161417 -8.974360
vt -11.161417 -11.538462
vt -11.161417 -6.410256
vt -11.161417 -1.282051
vt -11.161417 -3.846154
vt -11.161417 3.846154
vt -11.161417 1.282051
vt -11.161417 8.974360
vt -11.161417 6.410256
vt -11.161417 14.102564
vt -11.161417 11.538462
vt -11.161417 16.666668
vt -11.161417 21.794872
vt -11.161417 19.230770
vt -11.161417 26.923077
vt -11.161417 24.358974
vt -11.161417 29.487179
vt -11.161417 34.615383
vt -11.161417 32.051281
vt -11.161417 37.179485
vt -11.161417 39.743587
vt -11.161417 42.307693
vt -11.161417 44.871796
vt -11.161417 50.000000
vt -11.161417 47.435898
vt -10.334646 -47.435898
vt -10.334646 -50.000000
vt -10.334646 -44.871796
vt -10.334646 -39.743587
vt -10.334646 -42.307693
vt -10.334646 -37.179485
vt -10.334646 -34.615383
vt -10.334646 -32.051281
vt -10.334646 -29.487179
vt -10.334646 -26.923077
vt -10.334646 -21.794872
vt -10.334646 -24.358974
vt -10.334646 -16.666668
vt -10.334646 -19.230770
vt -10.334646 -14.102564
vt -10.334646 -11.538462
vt -10.334646 -6.410256
vt -10.334646 -8.974360
vt -10.334646 -3.846154
vt -10.334646 -1.282051
vt -10.334646 1.282051
vt -10.334646 6.410256
vt -10.334646 3.846154
vt -10.334646 11.538462
vt -10.334646 8.974360
vt -10.334646 16.666668
vt -10.334646 14.102564
vt -10.334646 19.230770
vt -10.334646 21.794872
vt -10.334646 24.358974
vt -10.334646 26.923077
vt -10.334646 32.051281
vt -10.334646 29.487179
vt -10.334646 34.615383
vt -10.334646 37.179485
vt -10.334646 39.743587
vt -10.334646 42.307693
vt -10.334646 44.871796
vt -10.334646 50.000000
vt -10.334646 47.435898
vt -9.507874 -47.435898
vt -9.507874 -50.000000
vt -9.507874 -44.871796
vt -9.507874 -39.743587
vt -9.507874 -42.307693
vt -9.507874 -37.179485
vt -9.507874 -34.615383
vt -9.507874 -32.051281
vt -9.507874 -26.923077
vt -9.507874 -29.487179
vt -9.507874 -24.358974
vt -9.507874 -19.230770
vt -9.507874 -21.794872
vt -9.507874 -16.666668
vt -9.507874 -14.102564
vt -9.507874 -8.974360
vt -9.507874 -11.538462
vt -9.507874 -6.410256
vt -9.507874 -1.282051
vt -9.507874 -3.846154
vt -9.507874 1.282051
vt -9.507874 6.410256
vt -9.507874 3.846154
vt -9.507874 8.974360
vt -9.507874 14.102564
vt -9.507874 11.538462
vt -9.507874 19.230770
vt -9.507874 16.666668
vt -9.507874 21.794872
vt -9.507874 24.358974
vt -9.507874 29.487179
vt -9.507874 26.923077
vt -9.507874 32.051281
vt -9.507874 34.615383
vt -9.507874 37.179485
vt -9.507874 39.743587
vt -9.507874 42.307693
vt -9.507874 44.871796
vt -9.507874 50.000000
vt -9.507874 47.435898
vt -8.681102 -47.435898
vt -8.681102 -50.000000
vt -8.681102 -44.871796
vt -8.681102 -39.743587
vt -8.681102 -42.307693
vt -8.681102 -37.179485
vt -8.681102 -34.615383
vt -8.681102 -32.051281
vt -8.681102 -26.923077
vt -8.681102 -29.487179
vt -8.681102 -21.794872
vt -8.681102 -24.358974
vt -8.681102 -16.666668
vt -8.681102 -19.230770
vt -8.681102 -14.102564
vt -8.681102 -11.538462
vt -8.681102 -8.974360
vt -8.681102 -3.846154
vt -8.681102 -6.410256
vt -8.681102 -1.282051
vt -8.681102 3.846154
vt -8.681102 1.282051
vt -8.681102 6.410256
vt -8.681102 8.974360
vt -8.681102 14.102564
vt -8.681102 11.538462
vt -8.681102 16.666668
vt -8.681102 19.230770
vt -8.681102 24.358974
vt -8.681102 21.794872
vt -8.681102 26.923077
vt -8.681102 29.487179
vt -8.681102 32.051281
vt -8.681102 34.615383
vt -8.681102 39.743587
vt -8.681102 37.179485
vt -8.681102 42.307693
vt -8.681102 44.871796
vt -8.681102 47.435898
vt -7.854331 -50.000000
vt -7.854331 -44.871796
vt -7.854331 -47.435898
vt -7.854331 -42.307693
vt -7.854331 -37.179485
vt -7.854331 -39.743587
vt -7.854331 -34.615383
vt -7.854331 -32.051281
vt -7.854331 -26.923077
vt -7.854331 -29.487179
vt -7.854331 -24.358974
vt -7.854331 -19.230770
vt -7.854331 -21.794872
vt -7.854331 -16.666668
vt -7.854331 -14.102564
vt -7.854331 -11.538462
vt -7.854331 -8.974360
vt -7.854331 -6.410256
vt -7.854331 -1.282051
vt -7.854331 -3.846154
vt -7.854331 1.282051
vt -7.854331 3.846154
vt -7.854331 8.974360
vt -7.854331 6.410256
vt -7.854331 11.538462
vt -7.854331 14.102564
vt -7.854331 16.666668
vt -7.854331 21.794872
vt -7.854331 19.230770
vt -7.854331 26.923077
vt -7.854331 24.358974
vt -7.854331 32.051281
vt -7.854331 29.487179
vt -7.854331 34.615383
vt -7.854331 37.179485
vt -7.854331 39.743587
vt -7.854331 42.307693
vt -7.854331 44.871796
vt -7.854331 47.435898
vt -8.681102 50.000000
vt -7.027559 -50.000000
vt -7.027559 -44.871796
vt -7.027559 -47.435898
vt -7.027559 -42.307693
vt -7.027559 -39.743587
vt -7.027559 -37.179485
vt -7.027559 -34.615383
vt -7.027559 -29.487179
vt -7.027559 -32.051281
vt -7.027559 -26.923077
vt -7.027559 -24.358974
vt -7.027559 -21.794872
vt -7.027559 -19.230770
vt -7.027559 -14.102564
vt -7.027559 -16.666668
vt -7.027559 -11.538462
vt -7.027559 -8.974360
vt -7.027559 -3.846154
vt -7.027559 -6.410256
vt -7.027559 -1.282051
vt -7.027559 1.282051
vt -7.027559 3.846154
vt -7.027559 8.974360
vt -7.027559 6.410256
vt -7.027559 14.102564
vt -7.027559 11.538462
vt -7.027559 16.666668
vt -7.027559 19.230770
vt -7.027559 21.794872
vt -7.027559 24.358974
vt -7.027559 29.487179
vt -7.027559 26.923077
vt -7.027559 34.615383
vt -7.027559 32.051281
vt -7.027559 37.179485
vt -7.027559 39.743587
vt -7.027559 42.307693
vt -7.027559 44.871796
vt -7.027559 47.435898
vt -7.854331 50.000000
vt -6.200788 -50.000000
vt -6.200788 -44.871796
vt -6.200788 -47.435898
vt -6.200788 -42.307693
vt -6.200788 -39.743587
vt -6.200788 -37.179485
vt -6.200788 -34.615383
vt -6.200788 -32.051281
vt -6.200788 -26.923077
vt -6.200788 -29.487179
vt -6.200788 -21.794872
vt -6.200788 -24.358974
vt -6.200788 -16.666668
vt -6.200788 -19.230770
vt -6.200788 -14.102564
vt -6.200788 -11.538462
vt -6.200788 -6.410256
vt -6.200788 -8.974360
vt -6.200788 -1.282051
vt -6.200788 -3.846154
vt -6.200788 3.846154
vt -6.200788 1.282051
vt -6.200788 6.410256
vt -6.200788 11.538462
vt -6.200788 8.974360
vt -6.200788 14.102564
vt -6.200788 16.666668
vt -6.200788 21.794872
vt -6.200788 19.230770
vt -6.200788 24.358974
vt -6.200788 26.923077
vt -6.200788 32.051281
vt -6.200788 29.487179
vt -6.200788 37.179485
vt -6.200788 34.615383
vt -6.200788 39.743587
vt -6.200788 42.307693
vt -6.200788 44.871796
vt -6.200788 47.435898
vt -7.027559 50.000000
vt -5.374016 -50.000000
vt -5.374016 -44.871796
vt -5.374016 -47.435898
vt -5.374016 -42.307693
vt -5.374016 -39.743587
vt -5.374016 -37.179485
vt -5.374016 -34.615383
vt -5.374016 -29.487179
vt -5.374016 -32.051281
vt -5.374016 -24.358974
vt -5.374016 -26.923077
vt -5.374016 -19.230770
vt -5.374016 -21.794872
vt -5.374016 -14.102564
vt -5.374016 -16.666668
vt -5.374016 -8.974360
vt -5.374016 -11.538462
vt -5.374016 -3.846154
vt -5.374016 -6.410256
vt -5.374016 1.282051
vt -5.374016 -1.282051
vt -5.374016 6.410256
vt -5.374016 3.846154
vt -5.374016 11.538462
vt -5.374016 8.974360
vt -5.374016 16.666668
vt -5.374016 14.102564
vt -5.374016 19.230770
vt -5.374016 24.358974
vt -5.374016 21.794872
vt -5.374016 26.923077
vt -5.374016 29.487179
vt -5.374016 34.615383
vt -5.374016 32.051281
vt -5.374016 37.179485
vt -5.374016 39.743587
vt -5.374016 42.307693
vt -5.374016 44.871796
vt -5.374016 47.435898
vt -5.374016 50.000000
vt -4.547244 -47.435898
vt -4.547244 -50.000000
vt -4.547244 -44.871796
vt -4.547244 -42.307693
vt -4.547244 -39.743587
vt -4.547244 -37.179485
vt -4.547244 -34.615383
vt -4.547244 -32.051281
vt -4.547244 -26.923077
vt -4.547244 -29.487179
vt -4.547244 -24.358974
vt -4.547244 -21.794872
vt -4.547244 -19.230770
vt -4.547244 -16.666668
vt -4.547244 -14.102564
vt -4.547244 -8.974360
vt -4.547244 -11.538462
vt -4.547244 -6.410256
vt -4.547244 -3.846154
vt -4.547244 -1.282051
vt -4.547244 1.282051
vt -4.547244 6.410256
vt -4.547244 3.846154
vt -4.547244 8.974360
vt -4.547244 14.102564
vt -4.547244 11.538462
vt -4.547244 16.666668
vt -4.547244 19.230770
vt -4.547244 24.358974
vt -4.547244 21.794872
vt -4.547244 26.923077
vt -4.547244 32.051281
vt -4.547244 29.487179
vt -4.547244 34.615383
vt -4.547244 39.743587
vt -4.547244 37.179485
vt -4.547244 44.871796
vt -4.547244 42.307693
vt -4.547244 47.435898
vt -4.547244 50.000000
vt -3.720472 -47.435898
vt -3.720472 -50.000000
vt -3.720472 -44.871796
vt -3.720472 -42.307693
vt -3.720472 -39.743587
vt -3.720472 -37.179485
vt -3.720472 -34.615383
vt -3.720472 -32.051281
vt -3.720472 -26.923077
vt -3.720472 -29.487179
vt -3.720472 -24.358974
vt -3.720472 -19.230770
vt -3.720472 -21.794872
vt -3.720472 -16.666668
vt -3.720472 -11.538462
vt -3.720472 -14.102564
vt -3.720472 -8.974360
vt -3.720472 -3.846154
vt -3.720472 -6.410256
vt -3.720472 1.282051
vt -3.720472 -1.282051
vt -3.720472 3.846154
vt -3.720472 6.410256
vt -3.720472 8.974360
vt -3.720472 14.102564
vt -3.720472 11.538462
vt -3.720472 19.230770
vt -3.720472 16.666668
vt -3.720472 21.794872
vt -3.720472 26.923077
vt -3.720472 24.358974
vt -3.720472 29.487179
vt -3.720472 32.051281
vt -3.720472 34.615383
vt -3.720472 37.179485
vt -3.720472 39.743587
vt -3.720472 44.871796
vt -3.720472 42.307693
vt -3.720472 47.435898
vt -3.720472 50.000000
vt -2.893701 -47.435898
vt -2.893701 -50.000000
vt -2.893701 -44.871796
vt -2.893701 -42.307693
vt -2.893701 -39.743587
vt -2.893701 -37.179485
vt -2.893701 -34.615383
vt -2.893701 -29.487179
vt -2.893701 -32.051281
vt -2.893701 -26.923077
vt -2.893701 -24.358974
vt -2.893701 -19.230770
vt -2.893701 -21.794872
vt -2.893701 -16.666668
vt -2.893701 -14.102564
vt -2.893701 -8.974360
vt -2.893701 -11.538462
vt -2.893701 -6.410256
vt -2.893701 -1.282051
vt -2.893701 -3.846154
vt -2.893701 1.282051
vt -2.893701 3.846154
vt -2.893701 6.410256
vt -2.893701 8.974360
vt -2.893701 14.102564
vt -2.893701 11.538462
vt -2.893701 16.666668
vt -2.893701 19.230770
vt -2.893701 24.358974
vt -2.893701 21.794872
vt -2.893701 29.487179
vt -2.893701 26.923077
vt -2.893701 34.615383
vt -2.893701 32.051281
vt -2.893701 37.179485
vt -2.893701 39.743587
vt -2.893701 44.871796
vt -2.893701 42.307693
vt -2.893701 47.435898
vt -2.893701 50.000000
vt -2.066929 -47.435898
vt -2.066929 -50.000000
vt -2.066929 -44.871796
vt -2.066929 -42.307693
vt -2.066929 -39.743587
vt -2.066929 -37.179485
vt -2.066929 -32.051281
vt -2.066929 -34.615383
vt -2.066929 -26.923077
vt -2.066929 -29.487179
vt -2.066929 -21.794872
vt -2.066929 -24.358974
vt -2.066929 -19.230770
vt -2.066929 -16.666668
vt -2.066929 -14.102564
vt -2.066929 -11.538462
vt -2.066929 -8.974360
vt -2.066929 -3.846154
vt -2.066929 -6.410256
vt -2.066929 -1.282051
vt -2.066929 1.282051
vt -2.066929 6.410256
vt -2.066929 3.846154
vt -2.066929 8.974360
vt -2.066929 11.538462
vt -2.066929 14.102564
vt -2.066929 16.666668
vt -2.066929 21.794872
vt -2.066929 19.230770
vt -2.066929 24.358974
vt -2.066929 26.923077
vt -2.066929 32.051281
vt -2.066929 29.487179
vt -2.066929 34.615383
vt -2.066929 39.743587
vt -2.066929 37.179485
vt -2.066929 44.871796
vt -2.066929 42.307693
vt -2.066929 47.435898
vt -2.066929 50.000000
vt -1.240157 -47.435898
vt -1.240157 -50.000000
vt -1.240157 -44.871796
vt -1.240157 -42.307693
vt -1.240157 -39.743587
vt -1.240157 -34.615383
vt -1.240157 -37.179485
vt -1.240157 -32.051281
vt -1.240157 -26.923077
vt -1.240157 -29.487179
vt -1.240157 -24.358974
vt -1.240157 -21.794872
vt -1.240157 -16.666668
vt -1.240157 -19.230770
vt -1.240157 -14.102564
vt -1.240157 -8.974360
vt -1.240157 -11.538462
vt -1.240157 -3.846154
vt -1.240157 -6.410256
vt -1.240157 -1.282051
vt -1.240157 1.282051
vt -1.240157 6.410256
vt -1.240157 3.846154
vt -1.240157 8.974360
vt -1.240157 14.102564
vt -1.240157 11.538462
vt -1.240157 19.230770
vt -1.240157 16.666668
vt -1.240157 21.794872
vt -1.240157 24.358974
vt -1.240157 26.923077
vt -1.240157 32.051281
vt -1.240157 29.487179
vt -1.240157 34.615383
vt -1.240157 37.179485
vt -1.240157 39.743587
vt -1.240157 44.871796
vt -1.240157 42.307693
vt -1.240157 50.000000
vt -1.240157 47.435898
vt -0.413386 -47.435898
vt -0.413386 -50.000000
vt -0.413386 -44.871796
vt -0.413386 -42.307693
vt -0.413386 -39.743587
vt -0.413386 -34.615383
vt -0.413386 -37.179485
vt -0.413386 -32.051281
vt -0.413386 -26.923077
vt -0.413386 -29.487179
vt -0.413386 -24.358974
vt -0.413386 -21.794872
vt -0.413386 -19.230770
vt -0.413386 -16.666668
vt -0.413386 -14.102564
vt -0.413386 -11.538462
vt -0.413386 -6.410256
vt -0.413386 -8.974360
vt -0.413386 -3.846154
vt -0.413386 -1.282051
vt -0.413386 1.282051
vt -0.413386 6.410256
vt -0.413386 3.846154
vt -0.413386 8.974360
vt -0.413386 11.538462
vt -0.413386 16.666668
vt -0.413386 14.102564
vt -0.413386 19.230770
vt -0.413386 21.794872
vt -0.413386 24.358974
vt -0.413386 29.487179
vt -0.413386 26.923077
vt -0.413386 32.051281
vt -0.413386 34.615383
vt -0.413386 37.179485
vt -0.413386 39.743587
vt -0.413386 44.871796
vt -0.413386 42.307693
vt -0.413386 50.000000
vt -0.413386 47.435898
vt 0.413386 -47.435898
vt 0.413386 -50.000000
vt 0.413386 -44.871796
vt 0.413386 -42.307693
vt 0.413386 -39.743587
vt 0.413386 -34.615383
vt 0.413386 -37.179485
vt 0.413386 -32.051281
vt 0.413386 -29.487179
vt 0.413386 -26.923077
vt 0.413386 -24.358974
vt 0.413386 -21.794872
vt 0.413386 -16.666668
vt 0.413386 -19.230770
vt 0.413386 -11.538462
vt 0.413386 -14.102564
vt 0.413386 -8.974360
vt 0.413386 -6.410256
vt 0.413386 -3.846154
vt 0.413386 1.282051
vt 0.413386 -1.282051
vt 0.413386 3.846154
vt 0.413386 8.974360
vt 0.413386 6.410256
vt 0.413386 11.538462
vt 0.413386 16.666668
vt 0.413386 14.102564
vt 0.413386 21.794872
vt 0.413386 19.230770
vt 0.413386 26.923077
vt 0.413386 24.358974
vt 0.413386 29.487179
vt 0.413386 32.051281
vt 0.413386 34.615383
vt 0.413386 37.179485
vt 0.413386 39.743587
vt 0.413386 44.871796
vt 0.413386 42.307693
vt 0.413386 47.435898
vt 0.413386 50.000000
vt 1.240157 -47.435898
vt 1.240157 -50.000000
vt 1.240157 -44.871796
vt 1.240157 -42.307693
vt 1.240157 -37.179485
vt 1.240157 -39.743587
vt 1.240157 -34.615383
vt 1.240157 -29.487179
vt 1.240157 -32.051281
vt 1.240157 -26.923077
vt 1.240157 -24.358974
vt 1.240157 -21.794872
vt 1.240157 -19.230770
vt 1.240157 -16.666668
vt 1.240157 -11.538462
vt 1.240157 -14.102564
vt 1.240157 -8.974360
vt 1.240157 -6.410256
vt 1.240157 -1.282051
vt 1.240157 -3.846154
vt 1.240157 1.282051
vt 1.240157 3.846154
vt 1.240157 6.410256
vt 1.240157 8.974360
vt 1.240157 11.538462
vt 1.240157 16.666668
vt 1.240157 14.102564
vt 1.240157 19.230770
vt 1.240157 24.358974
vt 1.240157 21.794872
vt 1.240157 26.923077
vt 1.240157 29.487179
vt 1.240157 32.051281
vt 1.240157 34.615383
vt 1.240157 37.179485
vt 1.240157 39.743587
vt 1.240157 44.871796
vt 1.240157 42.307693
vt 1.240157 47.435898
vt 1.240157 50.000000
vt 2.066929 -47.435898
vt 2.066929 -50.000000
vt 2.066929 -44.871796
vt 2.066929 -42.307693
vt 2.066929 -37.179485
vt 2.066929 -39.743587
vt 2.066929 -34.615383
vt 2.066929 -32.051281
vt 2.066929 -29.487179
vt 2.066929 -26.923077
vt 2.066929 -24.358974
vt 2.066929 -21.794872
vt 2.066929 -19.230770
vt 2.066929 -14.102564
vt 2.066929 -16.666668
vt 2.066929 -11.538462
vt 2.066929 -8.974360
vt 2.066929 -6.410256
vt 2.066929 -3.846154
vt 2.066929 1.282051
vt 2.066929 -1.282051
vt 2.066929 3.846154
vt 2.066929 6.410256
vt 2.066929 11.538462
vt 2.066929 8.974360
vt 2.066929 16.666668
vt 2.066929 14.102564
vt 2.066929 19.230770
vt 2.066929 21.794872
vt 2.066929 26.923077
vt 2.066929 24.358974
vt 2.066929 29.487179
vt 2.066929 32.051281
vt 2.066929 37.179485
vt 2.066929 34.615383
vt 2.066929 39.743587
vt 2.066929 44.871796
vt 2.066929 42.307693
vt 2.066929 47.435898
vt 2.066929 50.000000
vt 2.893701 -47.435898
vt 2.893701 -50.000000
vt 2.893701 -44.871796
vt 2.893701 -42.307693
vt 2.893701 -37.179485
vt 2.893701 -39.743587
vt 2.893701 -34.615383
vt 2.893701 -32.051281
vt 2.893701 -29.487179
vt 2.893701 -26.923077
vt 2.893701 -24.358974
vt 2.893701 -21.794872
vt 2.893701 -19.230770
vt 2.893701 -16.666668
vt 2.893701 -14.102564
vt 2.893701 -8.974360
vt 2.893701 -11.538462
vt 2.893701 -6.410256
vt 2.893701 -3.846154
vt 2.893701 -1.282051
vt 2.893701 1.282051
vt 2.893701 6.410256
vt 2.893701 3.846154
vt 2.893701 11.538462
vt 2.893701 8.974360
vt 2.893701 14.102564
vt 2.893701 16.666668
vt 2.893701 19.230770
vt 2.893701 24.358974
vt 2.893701 21.794872
vt 2.893701 26.923077
vt 2.893701 29.487179
vt 2.893701 32.051281
vt 2.893701 34.615383
vt 2.893701 37.179485
vt 2.893701 39.743587
vt 2.893701 44.871796
vt 2.893701 42.307693
vt 2.893701 47.435898
vt 2.893701 50.000000
vt 3.720472 -47.435898
vt 3.720472 -50.000000
vt 3.720472 -44.871796
vt 3.720472 -42.307693
vt 3.720472 -37.179485
vt 3.720472 -39.743587
vt 3.720472 -34.615383
vt 3.720472 -32.051281
vt 3.720472 -29.487179
vt 3.720472 -26.923077
vt 3.720472 -21.794872
vt 3.720472 -24.358974
vt 3.720472 -19.230770
vt 3.720472 -14.102564
vt 3.720472 -16.666668
vt 3.720472 -11.538462
vt 3.720472 -6.410256
vt 3.720472 -8.974360
vt 3.720472 -3.846154
vt 3.720472 1.282051
vt 3.720472 -1.282051
vt 3.720472 3.846154
vt 3.720472 6.410256
vt 3.720472 8.974360
vt 3.720472 11.538462
vt 3.720472 14.102564
vt 3.720472 16.666668
vt 3.720472 19.230770
vt 3.720472 24.358974
vt 3.720472 21.794872
vt 3.720472 29.487179
vt 3.720472 26.923077
vt 3.720472 32.051281
vt 3.720472 37.179485
vt 3.720472 34.615383
vt 3.720472 39.743587
vt 3.720472 44.871796
vt 3.720472 42.307693
vt 3.720472 47.435898
vt 4.547244 -47.435898
vt 4.547244 -50.000000
vt 4.547244 -44.871796
vt 4.547244 -42.307693
vt 4.547244 -37.179485
vt 4.547244 -39.743587
vt 4.547244 -34.615383
vt 4.547244 -29.487179
vt 4.547244 -32.051281
vt 4.547244 -24.358974
vt 4.547244 -26.923077
vt 4.547244 -21.794872
vt 4.547244 -16.666668
vt 4.547244 -19.230770
vt 4.547244 -14.102564
vt 4.547244 -8.974360
vt 4.547244 -11.538462
vt 4.547244 -6.410256
vt 4.547244 -3.846154
vt 4.547244 -1.282051
vt 4.547244 1.282051
vt 4.547244 6.410256
vt 4.547244 3.846154
vt 4.547244 11.538462
vt 4.547244 8.974360
vt 4.547244 16.666668
vt 4.547244 14.102564
vt 4.547244 21.794872
vt 4.547244 19.230770
vt 4.547244 26.923077
vt 4.547244 24.358974
vt 4.547244 29.487179
vt 4.547244 32.051281
vt 4.547244 37.179485
vt 4.547244 34.615383
vt 4.547244 39.743587
vt 4.547244 44.871796
vt 4.547244 42.307693
vt 4.547244 47.435898
vt 3.720472 50.000000
vt 5.374016 -50.000000
vt 5.374016 -44.871796
vt 5.374016 -47.435898
vt 5.374016 -42.307693
vt 5.374016 -39.743587
vt 5.374016 -34.615383
vt 5.374016 -37.179485
vt 5.374016 -32.051281
vt 5.374016 -29.487179
vt 5.374016 -26.923077
vt 5.374016 -21.794872
vt 5.374016 -24.358974
vt 5.374016 -19.230770
vt 5.374016 -16.666668
vt 5.374016 -11.538462
vt 5.374016 -14.102564
vt 5.374016 -8.974360
vt 5.374016 -6.410256
vt 5.374016 -1.282051
vt 5.374016 -3.846154
vt 5.374016 1.282051
vt 5.374016 3.846154
vt 5.374016 6.410256
vt 5.374016 8.974360
vt 5.374016 14.102564
vt 5.374016 11.538462
vt 5.374016 16.666668
vt 5.374016 19.230770
vt 5.374016 24.358974
vt 5.374016 21.794872
vt 5.374016 26.923077
vt 5.374016 29.487179
vt 5.374016 32.051281
vt 5.374016 34.615383
vt 5.374016 37.179485
vt 5.374016 39.743587
vt 5.374016 44.871796
vt 5.374016 42.307693
vt 5.374016 47.435898
vt 4.547244 50.000000
vt 6.200788 -50.000000
vt 6.200788 -44.871796
vt 6.200788 -47.435898
vt 6.200788 -42.307693
vt 6.200788 -39.743587
vt 6.200788 -34.615383
vt 6.200788 -37.179485
vt 6.200788 -32.051281
vt 6.200788 -26.923077
vt 6.200788 -29.487179
vt 6.200788 -24.358974
vt 6.200788 -21.794872
vt 6.200788 -16.666668
vt 6.200788 -19.230770
vt 6.200788 -14.102564
vt 6.200788 -11.538462
vt 6.200788 -6.410256
vt 6.200788 -8.974360
vt 6.200788 -1.282051
vt 6.200788 -3.846154
vt 6.200788 1.282051
vt 6.200788 6.410256
vt 6.200788 3.846154
vt 6.200788 8.974360
vt 6.200788 14.102564
vt 6.200788 11.538462
vt 6.200788 16.666668
vt 6.200788 21.794872
vt 6.200788 19.230770
vt 6.200788 24.358974
vt 6.200788 26.923077
vt 6.200788 29.487179
vt 6.200788 32.051281
vt 6.200788 34.615383
vt 6.200788 37.179485
vt 6.200788 39.743587
vt 6.200788 42.307693
vt 6.200788 47.435898
vt 6.200788 44.871796
vt 5.374016 50.000000
vt 7.027559 -50.000000
vt 7.027559 -44.871796
vt 7.027559 -47.435898
vt 7.027559 -39.743587
vt 7.027559 -42.307693
vt 7.027559 -34.615383
vt 7.027559 -37.179485
vt 7.027559 -32.051281
vt 7.027559 -29.487179
vt 7.027559 -24.358974
vt 7.027559 -26.923077
vt 7.027559 -21.794872
vt 7.027559 -16.666668
vt 7.027559 -19.230770
vt 7.027559 -14.102564
vt 7.027559 -8.974360
vt 7.027559 -11.538462
vt 7.027559 -3.846154
vt 7.027559 -6.410256
vt 7.027559 -1.282051
vt 7.027559 1.282051
vt 7.027559 6.410256
vt 7.027559 3.846154
vt 7.027559 8.974360
vt 7.027559 11.538462
vt 7.027559 16.666668
vt 7.027559 14.102564
vt 7.027559 19.230770
vt 7.027559 24.358974
vt 7.027559 21.794872
vt 7.027559 26.923077
vt 7.027559 32.051281
vt 7.027559 29.487179
vt 7.027559 34.615383
vt 7.027559 39.743587
vt 7.027559 37.179485
vt 7.027559 42.307693
vt 7.027559 47.435898
vt 7.027559 44.871796
vt 7.027559 50.000000
vt 7.854331 -47.435898
vt 7.854331 -50.000000
vt 7.854331 -44.871796
vt 7.854331 -39.743587
vt 7.854331 -42.307693
vt 7.854331 -37.179485
vt 7.854331 -34.615383
vt 7.854331 -32.051281
vt 7.854331 -29.487179
vt 7.854331 -26.923077
vt 7.854331 -24.358974
vt 7.854331 -19.230770
vt 7.854331 -21.794872
vt 7.854331 -16.666668
vt 7.854331 -11.538462
vt 7.854331 -14.102564
vt 7.854331 -6.410256
vt 7.854331 -8.974360
vt 7.854331 -3.846154
vt 7.854331 -1.282051
vt 7.854331 1.282051
vt 7.854331 3.846154
vt 7.854331 6.410256
vt 7.854331 8.974360
vt 7.854331 14.102564
vt 7.854331 11.538462
vt 7.854331 16.666668
vt 7.854331 19.230770
vt 7.854331 24.358974
vt 7.854331 21.794872
vt 7.854331 26.923077
vt 7.854331 29.487179
vt 7.854331 32.051281
vt 7.854331 34.615383
vt 7.854331 39.743587
vt 7.854331 37.179485
vt 7.854331 42.307693
vt 7.854331 47.435898
vt 7.854331 44.871796
vt 7.854331 50.000000
vt 8.681102 -47.435898
vt 8.681102 -50.000000
vt 8.681102 -44.871796
vt 8.681102 -39.743587
vt 8.681102 -42.307693
vt 8.681102 -37.179485
vt 8.681102 -34.615383
vt 8.681102 -32.051281
vt 8.681102 -29.487179
vt 8.681102 -24.358974
vt 8.681102 -26.923077
vt 8.681102 -21.794872
vt 8.681102 -16.666668
vt 8.681102 -19.230770
vt 8.681102 -14.102564
vt 8.681102 -8.974360
vt 8.681102 -11.538462
vt 8.681102 -3.846154
vt 8.681102 -6.410256
vt 8.681102 -1.282051
vt 8.681102 1.282051
vt 8.681102 6.410256
vt 8.681102 3.846154
vt 8.681102 11.538462
vt 8.681102 8.974360
vt 8.681102 14.102564
vt 8.681102 16.666668
vt 8.681102 21.794872
vt 8.681102 19.230770
vt 8.681102 26.923077
vt 8.681102 24.358974
vt 8.681102 29.487179
vt 8.681102 32.051281
vt 8.681102 34.615383
vt 8.681102 39.743587
vt 8.681102 37.179485
vt 8.681102 42.307693
vt 8.681102 47.435898
vt 8.681102 44.871796
vt 8.681102 50.000000
vt 9.507874 -47.435898
vt 9.507874 -50.000000
vt 9.507874 -44.871796
vt 9.507874 -39.743587
vt 9.507874 -42.307693
vt 9.507874 -37.179485
vt 9.507874 -34.615383
vt 9.507874 -29.487179
vt 9.507874 -32.051281
vt 9.507874 -26.923077
vt 9.507874 -21.794872
vt 9.507874 -24.358974
vt 9.507874 -19.230770
vt 9.507874 -16.666668
vt 9.507874 -11.538462
vt 9.507874 -14.102564
vt 9.507874 -8.974360
vt 9.507874 -3.846154
vt 9.507874 -6.410256
vt 9.507874 1.282051
vt 9.507874 -1.282051
vt 9.507874 3.846154
vt 9.507874 6.410256
vt 9.507874 11.538462
vt 9.507874 8.974360
vt 9.507874 14.102564
vt 9.507874 19.230770
vt 9.507874 16.666668
vt 9.507874 21.794872
vt 9.507874 24.358974
vt 9.507874 26.923077
vt 9.507874 32.051281
vt 9.507874 29.487179
vt 9.507874 34.615383
vt 9.507874 39.743587
vt 9.507874 37.179485
vt 9.507874 42.307693
vt 9.507874 47.435898
vt 9.507874 44.871796
vt 9.507874 50.000000
vt 10.334646 -47.435898
vt 10.334646 -50.000000
vt 10.334646 -44.871796
vt 10.334646 -39.743587
vt 10.334646 -42.307693
vt 10.334646 -34.615383
vt 10.334646 -37.179485
vt 10.334646 -32.051281
vt 10.334646 -29.487179
vt 10.334646 -26.923077
vt 10.334646 -21.794872
vt 10.334646 -24.358974
vt 10.334646 -16.666668
vt 10.334646 -19.230770
vt 10.334646 -14.102564
vt 10.334646 -11.538462
vt 10.334646 -8.974360
vt 10.334646 -3.846154
vt 10.334646 -6.410256
vt 10.334646 -1.282051
vt 10.334646 3.846154
vt 10.334646 1.282051
vt 10.334646 8.974360
vt 10.334646 6.410256
vt 10.334646 11.538462
vt 10.334646 14.102564
vt 10.334646 16.666668
vt 10.334646 21.794872
vt 10.334646 19.230770
vt 10.334646 26.923077
vt 10.334646 24.358974
vt 10.334646 29.487179
vt 10.334646 32.051281
vt 10.334646 37.179485
vt 10.334646 34.615383
vt 10.334646 39.743587
vt 10.334646 42.307693
vt 10.334646 44.871796
vt 10.334646 47.435898
vt 10.334646 50.000000
vt 11.161417 -47.435898
vt 11.161417 -50.000000
vt 11.161417 -44.871796
vt 11.161417 -39.743587
vt 11.161417 -42.307693
vt 11.161417 -37.179485
vt 11.161417 -34.615383
vt 11.161417 -32.051281
vt 11.161417 -29.487179
vt 11.161417 -24.358974
vt 11.161417 -26.923077
vt 11.161417 -19.230770
vt 11.161417 -21.794872
vt 11.161417 -16.666668
vt 11.161417 -14.102564
vt 11.161417 -8.974360
vt 11.161417 -11.538462
vt 11.161417 -6.410256
vt 11.161417 -3.846154
vt 11.161417 1.282051
vt 11.161417 -1.282051
vt 11.161417 6.410256
vt 11.161417 3.846154
vt 11.161417 8.974360
vt 11.161417 11.538462
vt 11.161417 16.666668
vt 11.161417 14.102564
vt 11.161417 19.230770
vt 11.161417 21.794872
vt 11.161417 24.358974
vt 11.161417 29.487179
vt 11.161417 26.923077
vt 11.161417 32.051281
vt 11.161417 34.615383
vt 11.161417 37.179485
vt 11.161417 39.743587
vt 11.161417 42.307693
vt 11.161417 44.871796
vt 11.161417 50.000000
vt 11.161417 47.435898
vt 11.988189 -47.435898
vt 11.988189 -50.000000
vt 11.988189 -44.871796
vt 11.988189 -39.743587
vt 11.988189 -42.307693
vt 11.988189 -37.179485
vt 11.988189 -34.615383
vt 11.988189 -32.051281
vt 11.988189 -29.487179
vt 11.988189 -26.923077
vt 11.988189 -24.358974
vt 11.988189 -21.794872
vt 11.988189 -19.230770
vt 11.988189 -16.666668
vt 11.988189 -11.538462
vt 11.988189 -14.102564
vt 11.988189 -6.410256
vt 11.988189 -8.974360
vt 11.988189 -3.846154
vt 11.988189 1.282051
vt 11.988189 -1.282051
vt 11.988189 6.410256
vt 11.988189 3.846154
vt 11.988189 8.974360
vt 11.988189 11.538462
vt 11.988189 16.666668
vt 11.988189 14.102564
vt 11.988189 19.230770
vt 11.988189 21.794872
vt 11.988189 24.358974
vt 11.988189 29.487179
vt 11.988189 26.923077
vt 11.988189 32.051281
vt 11.988189 34.615383
vt 11.988189 37.179485
vt 11.988189 39.743587
vt 11.988189 42.307693
vt 11.988189 44.871796
vt 11.988189 50.000000
vt 11.988189 47.435898
vt 12.814961 -47.435898
vt 12.814961 -50.000000
vt 12.814961 -44.871796
vt 12.814961 -39.743587
vt 12.814961 -42.307693
vt 12.814961 -37.179485
vt 12.814961 -32.051281
vt 12.814961 -34.615383
vt 12.814961 -29.487179
vt 12.814961 -26.923077
vt 12.814961 -24.358974
vt 12.814961 -21.794872
vt 12.814961 -19.230770
vt 12.814961 -16.666668
vt 12.814961 -14.102564
vt 12.814961 -8.974360
vt 12.814961 -11.538462
vt 12.814961 -3.846154
vt 12.814961 -6.410256
vt 12.814961 -1.282051
vt 12.814961 1.282051
vt 12.814961 3.846154
vt 12.814961 6.410256
vt 12.814961 11.538462
vt 12.814961 8.974360
vt 12.814961 14.102564
vt 12.814961 16.666668
vt 12.814961 21.794872
vt 12.814961 19.230770
vt 12.814961 24.358974
vt 12.814961 29.487179
vt 12.814961 26.923077
vt 12.814961 32.051281
vt 12.814961 34.615383
vt 12.814961 37.179485
vt 12.814961 39.743587
vt 12.814961 42.307693
vt 12.814961 44.871796
vt 12.814961 50.000000
vt 12.814961 47.435898
vt 13.641733 -47.435898
vt 13.641733 -50.000000
vt 13.641733 -42.307693
vt 13.641733 -44.871796
vt 13.641733 -39.743587
vt 13.641733 -37.179485
vt 13.641733 -34.615383
vt 13.641733 -29.487179
vt 13.641733 -32.051281
vt 13.641733 -26.923077
vt 13.641733 -24.358974
vt 13.641733 -19.230770
vt 13.641733 -21.794872
vt 13.641733 -14.102564
vt 13.641733 -16.666668
vt 13.641733 -11.538462
vt 13.641733 -8.974360
vt 13.641733 -3.846154
vt 13.641733 -6.410256
vt 13.641733 1.282051
vt 13.641733 -1.282051
vt 13.641733 3.846154
vt 13.641733 6.410256
vt 13.641733 8.974360
vt 13.641733 11.538462
vt 13.641733 14.102564
vt 13.641733 19.230770
vt 13.641733 16.666668
vt 13.641733 24.358974
vt 13.641733 21.794872
vt 13.641733 26.923077
vt 13.641733 29.487179
vt 13.641733 34.615383
vt 13.641733 32.051281
vt 13.641733 37.179485
vt 13.641733 39.743587
vt 13.641733 42.307693
vt 13.641733 44.871796
vt 13.641733 50.000000
vt 13.641733 47.435898
vt 14.468504 -47.435898
vt 14.468504 -50.000000
vt 14.468504 -44.871796
vt 14.468504 -42.307693
vt 14.468504 -39.743587
vt 14.468504 -37.179485
vt 14.468504 -34.615383
vt 14.468504 -32.051281
vt 14.468504 -29.487179
vt 14.468504 -26.923077
vt 14.468504 -24.358974
vt 14.468504 -19.230770
vt 14.468504 -21.794872
vt 14.468504 -16.666668
vt 14.468504 -11.538462
vt 14.468504 -14.102564
vt 14.468504 -8.974360
vt 14.468504 -6.410256
vt 14.468504 -1.282051
vt 14.468504 -3.846154
vt 14.468504 1.282051
vt 14.468504 6.410256
vt 14.468504 3.846154
vt 14.468504 8.974360
vt 14.468504 14.102564
vt 14.468504 11.538462
vt 14.468504 16.666668
vt 14.468504 19.230770
vt 14.468504 21.794872
vt 14.468504 24.358974
vt 14.468504 26.923077
vt 14.468504 32.051281
vt 14.468504 29.487179
vt 14.468504 34.615383
vt 14.468504 37.179485
vt 14.468504 39.743587
vt 14.468504 42.307693
vt 14.468504 44.871796
vt 14.468504 50.000000
vt 14.468504 47.435898
vt 15.295276 -47.435898
vt 15.295276 -50.000000
vt 15.295276 -44.871796
vt 15.295276 -42.307693
vt 15.295276 -39.743587
vt 15.295276 -37.179485
vt 15.295276 -34.615383
vt 15.295276 -32.051281
vt 15.295276 -26.923077
vt 15.295276 -29.487179
vt 15.295276 -24.358974
vt 15.295276 -21.794872
vt 15.295276 -19.230770
vt 15.295276 -14.102564
vt 15.295276 -16.666668
vt 15.295276 -8.974360
vt 15.295276 -11.538462
vt 15.295276 -3.846154
vt 15.295276 -6.410256
vt 15.295276 1.282051
vt 15.295276 -1.282051
vt 15.295276 3.846154
vt 15.295276 6.410256
vt 15.295276 11.538462
vt 15.295276 8.974360
vt 15.295276 14.102564
vt 15.295276 16.666668
vt 15.295276 21.794872
vt 15.295276 19.230770
vt 15.295276 26.923077
vt 15.295276 24.358974
vt 15.295276 32.051281
vt 15.295276 29.487179
vt 15.295276 34.615383
vt 15.295276 37.179485
vt 15.295276 39.743587
vt 15.295276 42.307693
vt 15.295276 44.871796
vt 15.295276 47.435898
vt 16.122047 -47.435898
vt 16.122047 -50.000000
vt 16.122047 -44.871796
vt 16.122047 -42.307693
vt 16.122047 -39.743587
vt 16.122047 -37.179485
vt 16.122047 -34.615383
vt 16.122047 -32.051281
vt 16.122047 -29.487179
vt 16.122047 -24.358974
vt 16.122047 -26.923077
vt 16.122047 -19.230770
vt 16.122047 -21.794872
vt 16.122047 -14.102564
vt 16.122047 -16.666668
vt 16.122047 -11.538462
vt 16.122047 -6.410256
vt 16.122047 -8.974360
vt 16.122047 -3.846154
vt 16.122047 -1.282051
vt 16.122047 1.282051
vt 16.122047 3.846154
vt 16.122047 8.974360
vt 16.122047 6.410256
vt 16.122047 11.538462
vt 16.122047 14.102564
vt 16.122047 16.666668
vt 16.122047 19.230770
vt 16.122047 24.358974
vt 16.122047 21.794872
vt 16.122047 29.487179
vt 16.122047 26.923077
vt 16.122047 32.051281
vt 16.122047 37.179485
vt 16.122047 34.615383
vt 16.122047 39.743587
vt 16.122047 42.307693
vt 16.122047 47.435898
vt 16.122047 44.871796
vt 15.295276 50.000000
vt 16.948818 -47.435898
vt 16.948818 -50.000000
vt 16.948818 -44.871796
vt 16.948818 -42.307693
vt 16.948818 -39.743587
vt 16.948818 -37.179485
vt 16.948818 -34.615383
vt 16.948818 -32.051281
vt 16.948818 -26.923077
vt 16.948818 -29.487179
vt 16.948818 -21.794872
vt 16.948818 -24.358974
vt 16.948818 -19.230770
vt 16.948818 -16.666668
vt 16.948818 -11.538462
vt 16.948818 -14.102564
vt 16.948818 -8.974360
vt 16.948818 -3.846154
vt 16.948818 -6.410256
vt 16.948818 1.282051
vt 16.948818 -1.282051
vt 16.948818 3.846154
vt 16.948818 8.974360
vt 16.948818 6.410256
vt 16.948818 11.538462
vt 16.948818 16.666668
vt 16.948818 14.102564
vt 16.948818 19.230770
vt 16.948818 24.358974
vt 16.948818 21.794872
vt 16.948818 26.923077
vt 16.948818 32.051281
vt 16.948818 29.487179
vt 16.948818 34.615383
vt 16.948818 37.179485
vt 16.948818 39.743587
vt 16.948818 42.307693
vt 16.948818 47.435898
vt 16.948818 44.871796
vt 16.948818 50.000000
vt 17.775591 -47.435898
vt 17.775591 -50.000000
vt 17.775591 -44.871796
vt 17.775591 -39.743587
vt 17.775591 -42.307693
vt 17.775591 -37.179485
vt 17.775591 -34.615383
vt 17.775591 -32.051281
vt 17.775591 -26.923077
vt 17.775591 -29.487179
vt 17.775591 -21.794872
vt 17.775591 -24.358974
vt 17.775591 -19.230770
vt 17.775591 -14.102564
vt 17.775591 -16.666668
vt 17.775591 -11.538462
vt 17.775591 -6.410256
vt 17.775591 -8.974360
vt 17.775591 -1.282051
vt 17.775591 -3.846154
vt 17.775591 1.282051
vt 17.775591 3.846154
vt 17.775591 6.410256
vt 17.775591 8.974360
vt 17.775591 14.102564
vt 17.775591 11.538462
vt 17.775591 19.230770
vt 17.775591 16.666668
vt 17.775591 21.794872
vt 17.775591 24.358974
vt 17.775591 26.923077
vt 17.775591 29.487179
vt 17.775591 32.051281
vt 17.775591 34.615383
vt 17.775591 37.179485
vt 17.775591 39.743587
vt 17.775591 42.307693
vt 17.775591 47.435898
vt 17.775591 44.871796
vt 17.775591 50.000000
vt 18.602362 -47.435898
vt 18.602362 -50.000000
vt 18.602362 -44.871796
vt 18.602362 -42.307693
vt 18.602362 -37.179485
vt 18.602362 -39.743587
vt 18.602362 -34.615383
vt 18.602362 -32.051281
vt 18.602362 -26.923077
vt 18.602362 -29.487179
vt 18.602362 -21.794872
vt 18.602362 -24.358974
vt 18.602362 -19.230770
vt 18.602362 -16.666668
vt 18.602362 -11.538462
vt 18.602362 -14.102564
vt 18.602362 -8.974360
vt 18.602362 -6.410256
vt 18.602362 -1.282051
vt 18.602362 -3.846154
vt 18.602362 1.282051
vt 18.602362 3.846154
vt 18.602362 6.410256
vt 18.602362 8.974360
vt 18.602362 11.538462
vt 18.602362 16.666668
vt 18.602362 14.102564
vt 18.602362 21.794872
vt 18.602362 19.230770
vt 18.602362 24.358974
vt 18.602362 26.923077
vt 18.602362 32.051281
vt 18.602362 29.487179
vt 18.602362 34.615383
vt 18.602362 37.179485
vt 18.602362 39.743587
vt 18.602362 42.307693
vt 18.602362 47.435898
vt 18.602362 44.871796
vt 18.602362 50.000000
vt 19.429134 -47.435898
vt 19.429134 -50.000000
vt 19.429134 -44.871796
vt 19.429134 -39.743587
vt 19.429134 -42.307693
vt 19.429134 -37.179485
vt 19.429134 -34.615383
vt 19.429134 -29.487179
vt 19.429134 -32.051281
vt 19.429134 -24.358974
vt 19.429134 -26.923077
vt 19.429134 -21.794872
vt 19.429134 -16.666668
vt 19.429134 -19.230770
vt 19.429134 -14.102564
vt 19.429134 -11.538462
vt 19.429134 -8.974360
vt 19.429134 -3.846154
vt 19.429134 -6.410256
vt 19.429134 -1.282051
vt 19.429134 1.282051
vt 19.429134 3.846154
vt 19.429134 8.974360
vt 19.429134 6.410256
vt 19.429134 11.538462
vt 19.429134 16.666668
vt 19.429134 14.102564
vt 19.429134 19.230770
vt 19.429134 21.794872
vt 19.429134 24.358974
vt 19.429134 26.923077
vt 19.429134 29.487179
vt 19.429134 32.051281
vt 19.429134 37.179485
vt 19.429134 34.615383
vt 19.429134 39.743587
vt 19.429134 42.307693
vt 19.429134 47.435898
vt 19.429134 44.871796
vt 19.429134 50.000000
vt 20.255905 -47.435898
vt 20.255905 -50.000000
vt 20.255905 -44.871796
vt 20.255905 -39.743587
vt 20.255905 -42.307693
vt 20.255905 -37.179485
vt 20.255905 -34.615383
vt 20.255905 -29.487179
vt 20.255905 -32.051281
vt 20.255905 -26.923077
vt 20.255905 -21.794872
vt 20.255905 -24.358974
vt 20.255905 -19.230770
vt 20.255905 -16.666668
vt 20.255905 -14.102564
vt 20.255905 -11.538462
vt 20.255905 -6.410256
vt 20.255905 -8.974360
vt 20.255905 -3.846154
vt 20.255905 1.282051
vt 20.255905 -1.282051
vt 20.255905 3.846154
vt 20.255905 8.974360
vt 20.255905 6.410256
vt 20.255905 11.538462
vt 20.255905 14.102564
vt 20.255905 19.230770
vt 20.255905 16.666668
vt 20.255905 21.794872
vt 20.255905 26.923077
vt 20.255905 24.358974
vt 20.255905 32.051281
vt 20.255905 29.487179
vt 20.255905 34.615383
vt 20.255905 37.179485
vt 20.255905 39.743587
vt 20.255905 42.307693
vt 20.255905 44.871796
vt 20.255905 47.435898
vt 20.255905 50.000000
vt 21.082676 -47.435898
vt 21.082676 -50.000000
vt 21.082676 -44.871796
vt 21.082676 -39.743587
vt 21.082676 -42.307693
vt 21.082676 -37.179485
vt 21.082676 -34.615383
vt 21.082676 -32.051281
vt 21.082676 -29.487179
vt 21.082676 -26.923077
vt 21.082676 -24.358974
vt 21.082676 -19.230770
vt 21.082676 -21.794872
vt 21.082676 -16.666668
vt 21.082676 -11.538462
vt 21.082676 -14.102564
vt 21.082676 -8.974360
vt 21.082676 -6.410256
vt 21.082676 -3.846154
vt 21.082676 1.282051
vt 21.082676 -1.282051
vt 21.082676 6.410256
vt 21.082676 3.846154
vt 21.082676 11.538462
vt 21.082676 8.974360
vt 21.082676 14.102564
vt 21.082676 16.666668
vt 21.082676 21.794872
vt 21.082676 19.230770
vt 21.082676 24.358974
vt 21.082676 26.923077
vt 21.082676 29.487179
vt 21.082676 34.615383
vt 21.082676 32.051281
vt 21.082676 37.179485
vt 21.082676 39.743587
vt 21.082676 42.307693
vt 21.082676 44.871796
vt 21.082676 47.435898
vt 21.082676 50.000000
vt 21.909449 -47.435898
vt 21.909449 -50.000000
vt 21.909449 -44.871796
vt 21.909449 -39.743587
vt 21.909449 -42.307693
vt 21.909449 -37.179485
vt 21.909449 -34.615383
vt 21.909449 -32.051281
vt 21.909449 -29.487179
vt 21.909449 -24.358974
vt 21.909449 -26.923077
vt 21.909449 -21.794872
vt 21.909449 -16.666668
vt 21.909449 -19.230770
vt 21.909449 -14.102564
vt 21.909449 -11.538462
vt 21.909449 -6.410256
vt 21.909449 -8.974360
vt 21.909449 -1.282051
vt 21.909449 -3.846154
vt 21.909449 1.282051
vt 21.909449 3.846154
vt 21.909449 8.974360
vt 21.909449 6.410256
vt 21.909449 11.538462
vt 21.909449 14.102564
vt 21.909449 16.666668
vt 21.909449 21.794872
vt 21.909449 19.230770
vt 21.909449 26.923077
vt 21.909449 24.358974
vt 21.909449 29.487179
vt 21.909449 34.615383
vt 21.909449 32.051281
vt 21.909449 37.179485
vt 21.909449 42.307693
vt 21.909449 39.743587
vt 21.909449 44.871796
vt 21.909449 50.000000
vt 21.909449 47.435898
vt 22.736219 -47.435898
vt 22.736219 -50.000000
vt 22.736219 -44.871796
vt 22.736219 -42.307693
vt 22.736219 -39.743587
vt 22.736219 -37.179485
vt 22.736219 -34.615383
vt 22.736219 -32.051281
vt 22.736219 -29.487179
vt 22.736219 -26.923077
vt 22.736219 -21.794872
vt 22.736219 -24.358974
vt 22.736219 -19.230770
vt 22.736219 -14.102564
vt 22.736219 -16.666668
vt 22.736219 -11.538462
vt 22.736219 -8.974360
vt 22.736219 -3.846154
vt 22.736219 -6.410256
vt 22.736219 -1.282051
vt 22.736219 3.846154
vt 22.736219 1.282051
vt 22.736219 8.974360
vt 22.736219 6.410256
vt 22.736219 11.538462
vt 22.736219 16.666668
vt 22.736219 14.102564
vt 22.736219 19.230770
vt 22.736219 21.794872
vt 22.736219 26.923077
vt 22.736219 24.358974
vt 22.736219 29.487179
vt 22.736219 32.051281
vt 22.736219 34.615383
vt 22.736219 37.179485
vt 22.736219 42.307693
vt 22.736219 39.743587
vt 22.736219 44.871796
vt 22.736219 50.000000
vt 22.736219 47.435898
vt 23.562992 -47.435898
vt 23.562992 -50.000000
vt 23.562992 -44.871796
vt 23.562992 -42.307693
vt 23.562992 -39.743587
vt 23.562992 -37.179485
vt 23.562992 -34.615383
vt 23.562992 -32.051281
vt 23.562992 -26.923077
vt 23.562992 -29.487179
vt 23.562992 -24.358974
vt 23.562992 -21.794872
vt 23.562992 -16.666668
vt 23.562992 -19.230770
vt 23.562992 -14.102564
vt 23.562992 -11.538462
vt 23.562992 -6.410256
vt 23.562992 -8.974360
vt 23.562992 -3.846154
vt 23.562992 -1.282051
vt 23.562992 1.282051
vt 23.562992 6.410256
vt 23.562992 3.846154
vt 23.562992 8.974360
vt 23.562992 14.102564
vt 23.562992 11.538462
vt 23.562992 19.230770
vt 23.562992 16.666668
vt 23.562992 21.794872
vt 23.562992 24.358974
vt 23.562992 26.923077
vt 23.562992 29.487179
vt 23.562992 34.615383
vt 23.562992 32.051281
vt 23.562992 37.179485
vt 23.562992 39.743587
vt 23.562992 42.307693
vt 23.562992 44.871796
vt 23.562992 50.000000
vt 23.562992 47.435898
vt 24.389765 -47.435898
vt 24.389765 -50.000000
vt 24.389765 -44.871796
vt 24.389765 -42.307693
vt 24.389765 -37.179485
vt 24.389765 -39.743587
vt 24.389765 -34.615383
vt 24.389765 -32.051281
vt 24.389765 -26.923077
vt 24.389765 -29.487179
vt 24.389765 -24.358974
vt 24.389765 -21.794872
vt 24.389765 -16.666668
vt 24.389765 -19.230770
vt 24.389765 -14.102564
vt 24.389765 -11.538462
vt 24.389765 -8.974360
vt 24.389765 -6.410256
vt 24.389765 -3.846154
vt 24.389765 -1.282051
vt 24.389765 3.846154
vt 24.389765 1.282051
vt 24.389765 8.974360
vt 24.389765 6.410256
vt 24.389765 11.538462
vt 24.389765 16.666668
vt 24.389765 14.102564
vt 24.389765 21.794872
vt 24.389765 19.230770
vt 24.389765 24.358974
vt 24.389765 26.923077
vt 24.389765 29.487179
vt 24.389765 32.051281
vt 24.389765 37.179485
vt 24.389765 34.615383
vt 24.389765 39.743587
vt 24.389765 42.307693
vt 24.389765 44.871796
vt 24.389765 50.000000
vt 24.389765 47.435898
vt 25.216536 -50.000000
vt 25.216536 -47.435898
vt 25.216536 -42.307693
vt 25.216536 -44.871796
vt 25.216536 -37.179485
vt 25.216536 -39.743587
vt 25.216536 -34.615383
vt 25.216536 -32.051281
vt 25.216536 -26.923077
vt 25.216536 -29.487179
vt 25.216536 -24.358974
vt 25.216536 -21.794872
vt 25.216536 -16.666668
vt 25.216536 -19.230770
vt 25.216536 -14.102564
vt 25.216536 -8.974360
vt 25.216536 -11.538462
vt 25.216536 -6.410256
vt 25.216536 -1.282051
vt 25.216536 -3.846154
vt 25.216536 1.282051
vt 25.216536 3.846154
vt 25.216536 6.410256
vt 25.216536 11.538462
vt 25.216536 8.974360
vt 25.216536 14.102564
vt 25.216536 16.666668
vt 25.216536 19.230770
vt 25.216536 21.794872
vt 25.216536 24.358974
vt 25.216536 29.487179
vt 25.216536 26.923077
vt 25.216536 34.615383
vt 25.216536 32.051281
vt 25.216536 37.179485
vt 25.216536 39.743587
vt 25.216536 42.307693
vt 25.216536 44.871796
vt 25.216536 50.000000
vt 25.216536 47.435898
vt 26.043308 -50.000000
vt 26.043308 -47.435898
vt 26.043308 -44.871796
vt 26.043308 -42.307693
vt 26.043308 -37.179485
vt 26.043308 -39.743587
vt 26.043308 -34.615383
vt 26.043308 -32.051281
vt 26.043308 -29.487179
vt 26.043308 -26.923077
vt 26.043308 -24.358974
vt 26.043308 -19.230770
vt 26.043308 -21.794872
vt 26.043308 -16.666668
vt 26.043308 -14.102564
vt 26.043308 -8.974360
vt 26.043308 -11.538462
vt 26.043308 -6.410256
vt 26.043308 -3.846154
vt 26.043308 1.282051
vt 26.043308 -1.282051
vt 26.043308 3.846154
vt 26.043308 8.974360
vt 26.043308 6.410256
vt 26.043308 11.538462
vt 26.043308 14.102564
vt 26.043308 16.666668
vt 26.043308 21.794872
vt 26.043308 19.230770
vt 26.043308 24.358974
vt 26.043308 29.487179
vt 26.043308 26.923077
vt 26.043308 34.615383
vt 26.043308 32.051281
vt 26.043308 37.179485
vt 26.043308 39.743587
vt 26.043308 42.307693
vt 26.043308 44.871796
vt 26.043308 50.000000
vt 26.043308 47.435898
vt 26.870077 -50.000000
vt 26.870077 -47.435898
vt 26.870077 -44.871796
vt 26.870077 -42.307693
vt 26.870077 -39.743587
vt 26.870077 -34.615383
vt 26.870077 -37.179485
vt 26.870077 -32.051281
vt 26.870077 -29.487179
vt 26.870077 -26.923077
vt 26.870077 -24.358974
vt 26.870077 -19.230770
vt 26.870077 -21.794872
vt 26.870077 -14.102564
vt 26.870077 -16.666668
vt 26.870077 -8.974360
vt 26.870077 -11.538462
vt 26.870077 -6.410256
vt 26.870077 -1.282051
vt 26.870077 -3.846154
vt 26.870077 1.282051
vt 26.870077 3.846154
vt 26.870077 8.974360
vt 26.870077 6.410256
vt 26.870077 11.538462
vt 26.870077 14.102564
vt 26.870077 19.230770
vt 26.870077 16.666668
vt 26.870077 21.794872
vt 26.870077 26.923077
vt 26.870077 24.358974
vt 26.870077 29.487179
vt 26.870077 32.051281
vt 26.870077 34.615383
vt 26.870077 37.179485
vt 26.870077 39.743587
vt 26.870077 42.307693
vt 26.870077 44.871796
vt 26.870077 50.000000
vt 26.870077 47.435898
vt 27.696850 -50.000000
vt 27.696850 -47.435898
vt 27.696850 -44.871796
vt 27.696850 -42.307693
vt 27.696850 -39.743587
vt 27.696850 -34.615383
vt 27.696850 -37.179485
vt 27.696850 -32.051281
vt 27.696850 -29.487179
vt 27.696850 -26.923077
vt 27.696850 -24.358974
vt 27.696850 -19.230770
vt 27.696850 -21.794872
vt 27.696850 -16.666668
vt 27.696850 -14.102564
vt 27.696850 -8.974360
vt 27.696850 -11.538462
vt 27.696850 -3.846154
vt 27.696850 -6.410256
vt 27.696850 -1.282051
vt 27.696850 3.846154
vt 27.696850 1.282051
vt 27.696850 6.410256
vt 27.696850 8.974360
vt 27.696850 11.538462
vt 27.696850 14.102564
vt 27.696850 19.230770
vt 27.696850 16.666668
vt 27.696850 24.358974
vt 27.696850 21.794872
vt 27.696850 26.923077
vt 27.696850 29.487179
vt 27.696850 32.051281
vt 27.696850 34.615383
vt 27.696850 37.179485
vt 27.696850 39.743587
vt 27.696850 42.307693
vt 27.696850 44.871796
vt 27.696850 50.000000
vt 27.696850 47.435898
vt 28.523621 -47.435898
vt 28.523621 -50.000000
vt 28.523621 -44.871796
vt 28.523621 -42.307693
vt 28.523621 -39.743587
vt 28.523621 -34.615383
vt 28.523621 -37.179485
vt 28.523621 -32.051281
vt 28.523621 -29.487179
vt 28.523621 -26.923077
vt 28.523621 -21.794872
vt 28.523621 -24.358974
vt 28.523621 -16.666668
vt 28.523621 -19.230770
vt 28.523621 -14.102564
vt 28.523621 -11.538462
vt 28.523621 -8.974360
vt 28.523621 -3.846154
vt 28.523621 -6.410256
vt 28.523621 -1.282051
vt 28.523621 1.282051
vt 28.523621 6.410256
vt 28.523621 3.846154
vt 28.523621 8.974360
vt 28.523621 11.538462
vt 28.523621 14.102564
vt 28.523621 16.666668
vt 28.523621 21.794872
vt 28.523621 19.230770
vt 28.523621 26.923077
vt 28.523621 24.358974
vt 28.523621 29.487179
vt 28.523621 32.051281
vt 28.523621 34.615383
vt 28.523621 37.179485
vt 28.523621 39.743587
vt 28.523621 42.307693
vt 28.523621 44.871796
vt 28.523621 50.000000
vt 28.523621 47.435898
vt 29.350393 -47.435898
vt 29.350393 -50.000000
vt 29.350393 -44.871796
vt 29.350393 -39.743587
vt 29.350393 -42.307693
vt 29.350393 -34.615383
vt 29.350393 -37.179485
vt 29.350393 -29.487179
vt 29.350393 -32.051281
vt 29.350393 -26.923077
vt 29.350393 -24.358974
vt 29.350393 -21.794872
vt 29.350393 -16.666668
vt 29.350393 -19.230770
vt 29.350393 -11.538462
vt 29.350393 -14.102564
vt 29.350393 -6.410256
vt 29.350393 -8.974360
vt 29.350393 -3.846154
vt 29.350393 -1.282051
vt 29.350393 3.846154
vt 29.350393 1.282051
vt 29.350393 6.410256
vt 29.350393 8.974360
vt 29.350393 14.102564
vt 29.350393 11.538462
vt 29.350393 16.666668
vt 29.350393 19.230770
vt 29.350393 24.358974
vt 29.350393 21.794872
vt 29.350393 29.487179
vt 29.350393 26.923077
vt 29.350393 32.051281
vt 29.350393 34.615383
vt 29.350393 37.179485
vt 29.350393 39.743587
vt 29.350393 42.307693
vt 29.350393 44.871796
vt 29.350393 50.000000
vt 29.350393 47.435898
vt 30.177166 -47.435898
vt 30.177166 -50.000000
vt 30.177166 -44.871796
vt 30.177166 -39.743587
vt 30.177166 -42.307693
vt 30.177166 -37.179485
vt 30.177166 -34.615383
vt 30.177166 -32.051281
vt 30.177166 -29.487179
vt 30.177166 -26.923077
vt 30.177166 -24.358974
vt 30.177166 -21.794872
vt 30.177166 -16.666668
vt 30.177166 -19.230770
vt 30.177166 -14.102564
vt 30.177166 -11.538462
vt 30.177166 -8.974360
vt 30.177166 -6.410256
vt 30.177166 -3.846154
vt 30.177166 -1.282051
vt 30.177166 3.846154
vt 30.177166 1.282051
vt 30.177166 6.410256
vt 30.177166 8.974360
vt 30.177166 11.538462
vt 30.177166 14.102564
vt 30.177166 16.666668
vt 30.177166 19.230770
vt 30.177166 21.794872
vt 30.177166 24.358974
vt 30.177166 26.923077
vt 30.177166 29.487179
vt 30.177166 32.051281
vt 30.177166 34.615383
vt 30.177166 37.179485
vt 30.177166 39.743587
vt 30.177166 42.307693
vt 30.177166 44.871796
vt 30.177166 50.000000
vt 30.177166 47.435898
vt 31.003937 -47.435898
vt 31.003937 -50.000000
vt 31.003937 -44.871796
vt 31.003937 -42.307693
vt 31.003937 -37.179485
vt 31.003937 -39.743587
vt 31.003937 -34.615383
vt 31.003937 -32.051281
vt 31.003937 -26.923077
vt 31.003937 -29.487179
vt 31.003937 -24.358974
vt 31.003937 -19.230770
vt 31.003937 -21.794872
vt 31.003937 -14.102564
vt 31.003937 -16.666668
vt 31.003937 -11.538462
vt 31.003937 -6.410256
vt 31.003937 -8.974360
vt 31.003937 -3.846154
vt 31.003937 -1.282051
vt 31.003937 1.282051
vt 31.003937 3.846154
vt 31.003937 8.974360
vt 31.003937 6.410256
vt 31.003937 14.102564
vt 31.003937 11.538462
vt 31.003937 16.666668
vt 31.003937 19.230770
vt 31.003937 21.794872
vt 31.003937 24.358974
vt 31.003937 26.923077
vt 31.003937 29.487179
vt 31.003937 32.051281
vt 31.003937 34.615383
vt 31.003937 37.179485
vt 31.003937 39.743587
vt 31.003937 42.307693
vt 31.003937 44.871796
vt 31.003937 50.000000
vt 31.003937 47.435898
vt 31.830709 -47.435898
vt 31.830709 -50.000000
vt 31.830709 -44.871796
vt 31.830709 -42.307693
vt 31.830709 -39.743587
vt 31.830709 -37.179485
vt 31.830709 -32.051281
vt 31.830709 -34.615383
vt 31.830709 -29.487179
vt 31.830709 -26.923077
vt 31.830709 -24.358974
vt 31.830709 -21.794872
vt 31.830709 -19.230770
vt 31.830709 -14.102564
vt 31.830709 -16.666668
vt 31.830709 -8.974360
vt 31.830709 -11.538462
vt 31.830709 -6.410256
vt 31.830709 -1.282051
vt 31.830709 -3.846154
vt 31.830709 3.846154
vt 31.830709 1.282051
vt 31.830709 6.410256
vt 31.830709 8.974360
vt 31.830709 11.538462
vt 31.830709 16.666668
vt 31.830709 14.102564
vt 31.830709 19.230770
vt 31.830709 24.358974
vt 31.830709 21.794872
vt 31.830709 26.923077
vt 31.830709 29.487179
vt 31.830709 32.051281
vt 31.830709 34.615383
vt 31.830709 37.179485
vt 31.830709 39.743587
vt 31.830709 42.307693
vt 31.830709 44.871796
vt 31.830709 47.435898
vt 32.657478 -47.435898
vt 32.657478 -50.000000
vt 32.657478 -44.871796
vt 32.657478 -42.307693
vt 32.657478 -39.743587
vt 32.657478 -37.179485
vt 32.657478 -34.615383
vt 32.657478 -29.487179
vt 32.657478 -32.051281
vt 32.657478 -26.923077
vt 32.657478 -24.358974
vt 32.657478 -21.794872
vt 32.657478 -19.230770
vt 32.657478 -14.102564
vt 32.657478 -16.666668
vt 32.657478 -11.538462
vt 32.657478 -6.410256
vt 32.657478 -8.974360
vt 32.657478 -3.846154
vt 32.657478 -1.282051
vt 32.657478 1.282051
vt 32.657478 3.846154
vt 32.657478 6.410256
vt 32.657478 11.538462
vt 32.657478 8.974360
vt 32.657478 14.102564
vt 32.657478 16.666668
vt 32.657478 19.230770
vt 32.657478 24.358974
vt 32.657478 21.794872
vt 32.657478 26.923077
vt 32.657478 29.487179
vt 32.657478 32.051281
vt 32.657478 34.615383
vt 32.657478 37.179485
vt 32.657478 39.743587
vt 32.657478 42.307693
vt 32.657478 44.871796
vt 32.657478 47.435898
vt 31.830709 50.000000
vt 33.484253 -47.435898
vt 33.484253 -50.000000
vt 33.484253 -44.871796
vt 33.484253 -42.307693
vt 33.484253 -39.743587
vt 33.484253 -37.179485
vt 33.484253 -32.051281
vt 33.484253 -34.615383
vt 33.484253 -29.487179
vt 33.484253 -26.923077
vt 33.484253 -24.358974
vt 33.484253 -19.230770
vt 33.484253 -21.794872
vt 33.484253 -14.102564
vt 33.484253 -16.666668
vt 33.484253 -11.538462
vt 33.484253 -8.974360
vt 33.484253 -6.410256
vt 33.484253 -1.282051
vt 33.484253 -3.846154
vt 33.484253 1.282051
vt 33.484253 6.410256
vt 33.484253 3.846154
vt 33.484253 8.974360
vt 33.484253 14.102564
vt 33.484253 11.538462
vt 33.484253 19.230770
vt 33.484253 16.666668
vt 33.484253 21.794872
vt 33.484253 24.358974
vt 33.484253 26.923077
vt 33.484253 29.487179
vt 33.484253 32.051281
vt 33.484253 34.615383
vt 33.484253 37.179485
vt 33.484253 39.743587
vt 33.484253 42.307693
vt 33.484253 44.871796
vt 33.484253 47.435898
vt 32.657478 50.000000
vt 34.311024 -50.000000
vt 34.311024 -44.871796
vt 34.311024 -47.435898
vt 34.311024 -42.307693
vt 34.311024 -39.743587
vt 34.311024 -37.179485
vt 34.311024 -34.615383
vt 34.311024 -29.487179
vt 34.311024 -32.051281
vt 34.311024 -26.923077
vt 34.311024 -24.358974
vt 34.311024 -21.794872
vt 34.311024 -16.666668
vt 34.311024 -19.230770
vt 34.311024 -14.102564
vt 34.311024 -11.538462
vt 34.311024 -6.410256
vt 34.311024 -8.974360
vt 34.311024 -3.846154
vt 34.311024 1.282051
vt 34.311024 -1.282051
vt 34.311024 3.846154
vt 34.311024 6.410256
vt 34.311024 8.974360
vt 34.311024 14.102564
vt 34.311024 11.538462
vt 34.311024 19.230770
vt 34.311024 16.666668
vt 34.311024 21.794872
vt 34.311024 24.358974
vt 34.311024 26.923077
vt 34.311024 29.487179
vt 34.311024 32.051281
vt 34.311024 34.615383
vt 34.311024 37.179485
vt 34.311024 39.743587
vt 34.311024 42.307693
vt 34.311024 47.435898
vt 34.311024 44.871796
vt 33.484253 50.000000
vt 35.137794 -50.000000
vt 35.137794 -44.871796
vt 35.137794 -47.435898
vt 35.137794 -42.307693
vt 35.137794 -39.743587
vt 35.137794 -37.179485
vt 35.137794 -34.615383
vt 35.137794 -32.051281
vt 35.137794 -29.487179
vt 35.137794 -24.358974
vt 35.137794 -26.923077
vt 35.137794 -19.230770
vt 35.137794 -21.794872
vt 35.137794 -16.666668
vt 35.137794 -14.102564
vt 35.137794 -11.538462
vt 35.137794 -6.410256
vt 35.137794 -8.974360
vt 35.137794 -3.846154
vt 35.137794 -1.282051
vt 35.137794 3.846154
vt 35.137794 1.282051
vt 35.137794 6.410256
vt 35.137794 8.974360
vt 35.137794 14.102564
vt 35.137794 11.538462
vt 35.137794 16.666668
vt 35.137794 21.794872
vt 35.137794 19.230770
vt 35.137794 24.358974
vt 35.137794 26.923077
vt 35.137794 29.487179
vt 35.137794 32.051281
vt 35.137794 34.615383
vt 35.137794 37.179485
vt 35.137794 39.743587
vt 35.137794 42.307693
vt 35.137794 47.435898
vt 35.137794 44.871796
vt 34.311024 50.000000
vt 35.964565 -50.000000
vt 35.964565 -44.871796
vt 35.964565 -47.435898
vt 35.964565 -42.307693
vt 35.964565 -39.743587
vt 35.964565 -37.179485
vt 35.964565 -34.615383
vt 35.964565 -32.051281
vt 35.964565 -29.487179
vt 35.964565 -26.923077
vt 35.964565 -24.358974
vt 35.964565 -21.794872
vt 35.964565 -16.666668
vt 35.964565 -19.230770
vt 35.964565 -14.102564
vt 35.964565 -8.974360
vt 35.964565 -11.538462
vt 35.964565 -6.410256
vt 35.964565 -1.282051
vt 35.964565 -3.846154
vt 35.964565 1.282051
vt 35.964565 6.410256
vt 35.964565 3.846154
vt 35.964565 8.974360
vt 35.964565 14.102564
vt 35.964565 11.538462
vt 35.964565 16.666668
vt 35.964565 19.230770
vt 35.964565 24.358974
vt 35.964565 21.794872
vt 35.964565 26.923077
vt 35.964565 32.051281
vt 35.964565 29.487179
vt 35.964565 34.615383
vt 35.964565 37.179485
vt 35.964565 39.743587
vt 35.964565 42.307693
vt 35.964565 47.435898
vt 35.964565 44.871796
vt 35.964565 50.000000
vt 36.791340 -50.000000
vt 36.791340 -44.871796
vt 36.791340 -47.435898
vt 36.791340 -42.307693
vt 36.791340 -39.743587
vt 36.791340 -37.179485
vt 36.791340 -34.615383
vt 36.791340 -32.051281
vt 36.791340 -26.923077
vt 36.791340 -29.487179
vt 36.791340 -24.358974
vt 36.791340 -19.230770
vt 36.791340 -21.794872
vt 36.791340 -14.102564
vt 36.791340 -16.666668
vt 36.791340 -11.538462
vt 36.791340 -8.974360
vt 36.791340 -6.410256
vt 36.791340 -3.846154
vt 36.791340 -1.282051
vt 36.791340 3.846154
vt 36.791340 1.282051
vt 36.791340 6.410256
vt 36.791340 8.974360
vt 36.791340 11.538462
vt 36.791340 16.666668
vt 36.791340 14.102564
vt 36.791340 19.230770
vt 36.791340 21.794872
vt 36.791340 26.923077
vt 36.791340 24.358974
vt 36.791340 29.487179
vt 36.791340 32.051281
vt 36.791340 37.179485
vt 36.791340 34.615383
vt 36.791340 39.743587
vt 36.791340 42.307693
vt 36.791340 47.435898
vt 36.791340 44.871796
vt 36.791340 50.000000
vt 37.618111 -50.000000
vt 37.618111 -47.435898
vt 37.618111 -42.307693
vt 37.618111 -44.871796
vt 37.618111 -39.743587
vt 37.618111 -37.179485
vt 37.618111 -34.615383
vt 37.618111 -32.051281
vt 37.618111 -29.487179
vt 37.618111 -24.358974
vt 37.618111 -26.923077
vt 37.618111 -21.794872
vt 37.618111 -16.666668
vt 37.618111 -19.230770
vt 37.618111 -14.102564
vt 37.618111 -11.538462
vt 37.618111 -8.974360
vt 37.618111 -6.410256
vt 37.618111 -1.282051
vt 37.618111 -3.846154
vt 37.618111 1.282051
vt 37.618111 3.846154
vt 37.618111 8.974360
vt 37.618111 6.410256
vt 37.618111 11.538462
vt 37.618111 16.666668
vt 37.618111 14.102564
vt 37.618111 21.794872
vt 37.618111 19.230770
vt 37.618111 24.358974
vt 37.618111 26.923077
vt 37.618111 29.487179
vt 37.618111 32.051281
vt 37.618111 34.615383
vt 37.618111 37.179485
vt 37.618111 39.743587
vt 37.618111 42.307693
vt 37.618111 47.435898
vt 37.618111 44.871796
vt 37.618111 50.000000
vt 38.444881 -50.000000
vt 38.444881 -47.435898
vt 38.444881 -42.307693
vt 38.444881 -44.871796
vt 38.444881 -39.743587
vt 38.444881 -37.179485
vt 38.444881 -34.615383
vt 38.444881 -29.487179
vt 38.444881 -32.051281
vt 38.444881 -26.923077
vt 38.444881 -21.794872
vt 38.444881 -24.358974
vt 38.444881 -19.230770
vt 38.444881 -16.666668
vt 38.444881 -14.102564
vt 38.444881 -8.974360
vt 38.444881 -11.538462
vt 38.444881 -6.410256
vt 38.444881 -3.846154
vt 38.444881 1.282051
vt 38.444881 -1.282051
vt 38.444881 6.410256
vt 38.444881 3.846154
vt 38.444881 8.974360
vt 38.444881 11.538462
vt 38.444881 14.102564
vt 38.444881 19.230770
vt 38.444881 16.666668
vt 38.444881 21.794872
vt 38.444881 26.923077
vt 38.444881 24.358974
vt 38.444881 29.487179
vt 38.444881 32.051281
vt 38.444881 37.179485
vt 38.444881 34.615383
vt 38.444881 39.743587
vt 38.444881 42.307693
vt 38.444881 47.435898
vt 38.444881 44.871796
vt 38.444881 50.000000
vt 39.271652 -50.000000
vt 39.271652 -47.435898
vt 39.271652 -42.307693
vt 39.271652 -44.871796
vt 39.271652 -39.743587
vt 39.271652 -37.179485
vt 39.271652 -34.615383
vt 39.271652 -29.487179
vt 39.271652 -32.051281
vt 39.271652 -26.923077
vt 39.271652 -21.794872
vt 39.271652 -24.358974
vt 39.271652 -19.230770
vt 39.271652 -14.102564
vt 39.271652 -16.666668
vt 39.271652 -11.538462
vt 39.271652 -8.974360
vt 39.271652 -6.410256
vt 39.271652 -3.846154
vt 39.271652 -1.282051
vt 39.271652 3.846154
vt 39.271652 1.282051
vt 39.271652 6.410256
vt 39.271652 11.538462
vt 39.271652 8.974360
vt 39.271652 16.666668
vt 39.271652 14.102564
vt 39.271652 19.230770
vt 39.271652 24.358974
vt 39.271652 21.794872
vt 39.271652 26.923077
vt 39.271652 29.487179
vt 39.271652 34.615383
vt 39.271652 32.051281
vt 39.271652 37.179485
vt 39.271652 39.743587
vt 39.271652 42.307693
vt 39.271652 47.435898
vt 39.271652 44.871796
vt 39.271652 50.000000
vt 40.098427 -47.435898
vt 40.098427 -50.000000
vt 40.098427 -42.307693
vt 40.098427 -44.871796
vt 40.098427 -39.743587
vt 40.098427 -37.179485
vt 40.098427 -34.615383
vt 40.098427 -32.051281
vt 40.098427 -29.487179
vt 40.098427 -26.923077
vt 40.098427 -21.794872
vt 40.098427 -24.358974
vt 40.098427 -16.666668
vt 40.098427 -19.230770
vt 40.098427 -14.102564
vt 40.098427 -8.974360
vt 40.098427 -11.538462
vt 40.098427 -6.410256
vt 40.098427 -1.282051
vt 40.098427 -3.846154
vt 40.098427 3.846154
vt 40.098427 1.282051
vt 40.098427 8.974360
vt 40.098427 6.410256
vt 40.098427 14.102564
vt 40.098427 11.538462
vt 40.098427 19.230770
vt 40.098427 16.666668
vt 40.098427 21.794872
vt 40.098427 26.923077
vt 40.098427 24.358974
vt 40.098427 29.487179
vt 40.098427 32.051281
vt 40.098427 34.615383
vt 40.098427 39.743587
vt 40.098427 37.179485
vt 40.098427 42.307693
vt 40.098427 47.435898
vt 40.098427 44.871796
vt 40.098427 50.000000
vt 40.925198 -47.435898
vt 40.925198 -50.000000
vt 40.925198 -44.871796
vt 40.925198 -42.307693
vt 40.925198 -39.743587
vt 40.925198 -34.615383
vt 40.925198 -37.179485
vt 40.925198 -29.487179
vt 40.925198 -32.051281
vt 40.925198 -26.923077
vt 40.925198 -24.358974
vt 40.925198 -19.230770
vt 40.925198 -21.794872
vt 40.925198 -16.666668
vt 40.925198 -11.538462
vt 40.925198 -14.102564
vt 40.925198 -8.974360
vt 40.925198 -6.410256
vt 40.925198 -3.846154
vt 40.925198 1.282051
vt 40.925198 -1.282051
vt 40.925198 3.846154
vt 40.925198 8.974360
vt 40.925198 6.410256
vt 40.925198 14.102564
vt 40.925198 11.538462
vt 40.925198 16.666668
vt 40.925198 19.230770
vt 40.925198 21.794872
vt 40.925198 24.358974
vt 40.925198 26.923077
vt 40.925198 29.487179
vt 40.925198 32.051281
vt 40.925198 37.179485
vt 40.925198 34.615383
vt 40.925198 39.743587
vt 40.925198 42.307693
vt 40.925198 44.871796
vt 40.925198 47.435898
vt 40.925198 50.000000
vt 41.751968 -47.435898
vt 41.751968 -50.000000
vt 41.751968 -44.871796
vt 41.751968 -42.307693
vt 41.751968 -39.743587
vt 41.751968 -34.615383
vt 41.751968 -37.179485
vt 41.751968 -29.487179
vt 41.751968 -32.051281
vt 41.751968 -26.923077
vt 41.751968 -21.794872
vt 41.751968 -24.358974
vt 41.751968 -19.230770
vt 41.751968 -14.102564
vt 41.751968 -16.666668
vt 41.751968 -8.974360
vt 41.751968 -11.538462
vt 41.751968 -6.410256
vt 41.751968 -1.282051
vt 41.751968 -3.846154
vt 41.751968 1.282051
vt 41.751968 3.846154
vt 41.751968 8.974360
vt 41.751968 6.410256
vt 41.751968 11.538462
vt 41.751968 14.102564
vt 41.751968 19.230770
vt 41.751968 16.666668
vt 41.751968 21.794872
vt 41.751968 24.358974
vt 41.751968 26.923077
vt 41.751968 29.487179
vt 41.751968 32.051281
vt 41.751968 34.615383
vt 41.751968 39.743587
vt 41.751968 37.179485
vt 41.751968 42.307693
vt 41.751968 44.871796
vt 41.751968 50.000000
vt 41.751968 47.435898
vt 42.578743 -47.435898
vt 42.578743 -50.000000
vt 42.578743 -44.871796
vt 42.578743 -42.307693
vt 42.578743 -39.743587
vt 42.578743 -34.615383
vt 42.578743 -37.179485
vt 42.578743 -29.487179
vt 42.578743 -32.051281
vt 42.578743 -26.923077
vt 42.578743 -21.794872
vt 42.578743 -24.358974
vt 42.578743 -16.666668
vt 42.578743 -19.230770
vt 42.578743 -11.538462
vt 42.578743 -14.102564
vt 42.578743 -6.410256
vt 42.578743 -8.974360
vt 42.578743 -3.846154
vt 42.578743 -1.282051
vt 42.578743 1.282051
vt 42.578743 6.410256
vt 42.578743 3.846154
vt 42.578743 11.538462
vt 42.578743 8.974360
vt 42.578743 14.102564
vt 42.578743 16.666668
vt 42.578743 21.794872
vt 42.578743 19.230770
vt 42.578743 24.358974
vt 42.578743 26.923077
vt 42.578743 29.487179
vt 42.578743 32.051281
vt 42.578743 34.615383
vt 42.578743 39.743587
vt 42.578743 37.179485
vt 42.578743 42.307693
vt 42.578743 44.871796
vt 42.578743 50.000000
vt 42.578743 47.435898
vt 43.405510 -47.435898
vt 43.405510 -50.000000
vt 43.405510 -44.871796
vt 43.405510 -42.307693
vt 43.405510 -39.743587
vt 43.405510 -34.615383
vt 43.405510 -37.179485
vt 43.405510 -29.487179
vt 43.405510 -32.051281
vt 43.405510 -26.923077
vt 43.405510 -24.358974
vt 43.405510 -19.230770
vt 43.405510 -21.794872
vt 43.405510 -14.102564
vt 43.405510 -16.666668
vt 43.405510 -8.974360
vt 43.405510 -11.538462
vt 43.405510 -6.410256
vt 43.405510 -3.846154
vt 43.405510 -1.282051
vt 43.405510 3.846154
vt 43.405510 1.282051
vt 43.405510 8.974360
vt 43.405510 6.410256
vt 43.405510 11.538462
vt 43.405510 16.666668
vt 43.405510 14.102564
vt 43.405510 19.230770
vt 43.405510 24.358974
vt 43.405510 21.794872
vt 43.405510 26.923077
vt 43.405510 29.487179
vt 43.405510 32.051281
vt 43.405510 37.179485
vt 43.405510 34.615383
vt 43.405510 39.743587
vt 43.405510 42.307693
vt 43.405510 44.871796
vt 43.405510 47.435898
vt 44.232285 -47.435898
vt 44.232285 -50.000000
vt 44.232285 -44.871796
vt 44.232285 -42.307693
vt 44.232285 -37.179485
vt 44.232285 -39.743587
vt 44.232285 -34.615383
vt 44.232285 -29.487179
vt 44.232285 -32.051281
vt 44.232285 -26.923077
vt 44.232285 -24.358974
vt 44.232285 -19.230770
vt 44.232285 -21.794872
vt 44.232285 -14.102564
vt 44.232285 -16.666668
vt 44.232285 -11.538462
vt 44.232285 -8.974360
vt 44.232285 -6.410256
vt 44.232285 -3.846154
vt 44.232285 -1.282051
vt 44.232285 3.846154
vt 44.232285 1.282051
vt 44.232285 8.974360
vt 44.232285 6.410256
vt 44.232285 11.538462
vt 44.232285 16.666668
vt 44.232285 14.102564
vt 44.232285 19.230770
vt 44.232285 21.794872
vt 44.232285 24.358974
vt 44.232285 26.923077
vt 44.232285 29.487179
vt 44.232285 32.051281
vt 44.232285 37.179485
vt 44.232285 34.615383
vt 44.232285 39.743587
vt 44.232285 42.307693
vt 44.232285 44.871796
vt 44.232285 47.435898
vt 43.405510 50.000000
vt 45.059055 -47.435898
vt 45.059055 -50.000000
vt 45.059055 -44.871796
vt 45.059055 -42.307693
vt 45.059055 -37.179485
vt 45.059055 -39.743587
vt 45.059055 -34.615383
vt 45.059055 -32.051281
vt 45.059055 -29.487179
vt 45.059055 -26.923077
vt 45.059055 -21.794872
vt 45.059055 -24.358974
vt 45.059055 -19.230770
vt 45.059055 -16.666668
vt 45.059055 -14.102564
vt 45.059055 -11.538462
vt 45.059055 -8.974360
vt 45.059055 -3.846154
vt 45.059055 -6.410256
vt 45.059055 -1.282051
vt 45.059055 1.282051
vt 45.059055 3.846154
vt 45.059055 6.410256
vt 45.059055 8.974360
vt 45.059055 14.102564
vt 45.059055 11.538462
vt 45.059055 19.230770
vt 45.059055 16.666668
vt 45.059055 24.358974
vt 45.059055 21.794872
vt 45.059055 26.923077
vt 45.059055 29.487179
vt 45.059055 32.051281
vt 45.059055 37.179485
vt 45.059055 34.615383
vt 45.059055 39.743587
vt 45.059055 42.307693
vt 45.059055 44.871796
vt 45.059055 47.435898
vt 45.059055 50.000000
vt 45.885826 -50.000000
vt 45.885826 -44.871796
vt 45.885826 -47.435898
vt 45.885826 -39.743587
vt 45.885826 -42.307693
vt 45.885826 -37.179485
vt 45.885826 -34.615383
vt 45.885826 -32.051281
vt 45.885826 -29.487179
vt 45.885826 -26.923077
vt 45.885826 -24.358974
vt 45.885826 -21.794872
vt 45.885826 -19.230770
vt 45.885826 -16.666668
vt 45.885826 -11.538462
vt 45.885826 -14.102564
vt 45.885826 -8.974360
vt 45.885826 -3.846154
vt 45.885826 -6.410256
vt 45.885826 -1.282051
vt 45.885826 3.846154
vt 45.885826 1.282051
vt 45.885826 6.410256
vt 45.885826 8.974360
vt 45.885826 11.538462
vt 45.885826 16.666668
vt 45.885826 14.102564
vt 45.885826 19.230770
vt 45.885826 24.358974
vt 45.885826 21.794872
vt 45.885826 26.923077
vt 45.885826 29.487179
vt 45.885826 32.051281
vt 45.885826 37.179485
vt 45.885826 34.615383
vt 45.885826 39.743587
vt 45.885826 44.871796
vt 45.885826 42.307693
vt 45.885826 47.435898
vt 45.885826 50.000000
vt 46.712597 -50.000000
vt 46.712597 -47.435898
vt 46.712597 -42.307693
vt 46.712597 -44.871796
vt 46.712597 -39.743587
vt 46.712597 -37.179485
vt 46.712597 -34.615383
vt 46.712597 -32.051281
vt 46.712597 -29.487179
vt 46.712597 -26.923077
vt 46.712597 -24.358974
vt 46.712597 -21.794872
vt 46.712597 -19.230770
vt 46.712597 -16.666668
vt 46.712597 -14.102564
vt 46.712597 -11.538462
vt 46.712597 -8.974360
vt 46.712597 -6.410256
vt 46.712597 -3.846154
vt 46.712597 -1.282051
vt 46.712597 3.846154
vt 46.712597 1.282051
vt 46.712597 6.410256
vt 46.712597 8.974360
vt 46.712597 11.538462
vt 46.712597 16.666668
vt 46.712597 14.102564
vt 46.712597 19.230770
vt 46.712597 24.358974
vt 46.712597 21.794872
vt 46.712597 26.923077
vt 46.712597 29.487179
vt 46.712597 32.051281
vt 46.712597 37.179485
vt 46.712597 34.615383
vt 46.712597 39.743587
vt 46.712597 44.871796
vt 46.712597 42.307693
vt 46.712597 47.435898
vt 46.712597 50.000000
vt 47.539371 -50.000000
vt 47.539371 -47.435898
vt 47.539371 -42.307693
vt 47.539371 -44.871796
vt 47.539371 -39.743587
vt 47.539371 -37.179485
vt 47.539371 -34.615383
vt 47.539371 -32.051281
vt 47.539371 -29.487179
vt 47.539371 -26.923077
vt 47.539371 -24.358974
vt 47.539371 -21.794872
vt 47.539371 -19.230770
vt 47.539371 -16.666668
vt 47.539371 -14.102564
vt 47.539371 -11.538462
vt 47.539371 -8.974360
vt 47.539371 -6.410256
vt 47.539371 -3.846154
vt 47.539371 -1.282051
vt 47.539371 1.282051
vt 47.539371 6.410256
vt 47.539371 3.846154
vt 47.539371 8.974360
vt 47.539371 11.538462
vt 47.539371 14.102564
vt 47.539371 16.666668
vt 47.539371 21.794872
vt 47.539371 19.230770
vt 47.539371 26.923077
vt 47.539371 24.358974
vt 47.539371 29.487179
vt 47.539371 32.051281
vt 47.539371 37.179485
vt 47.539371 34.615383
vt 47.539371 39.743587
vt 47.539371 44.871796
vt 47.539371 42.307693
vt 47.539371 47.435898
vt 47.539371 50.000000
vt 48.366142 -47.435898
vt 48.366142 -50.000000
vt 48.366142 -42.307693
vt 48.366142 -44.871796
vt 48.366142 -39.743587
vt 48.366142 -37.179485
vt 48.366142 -34.615383
vt 48.366142 -32.051281
vt 48.366142 -29.487179
vt 48.366142 -26.923077
vt 48.366142 -24.358974
vt 48.366142 -21.794872
vt 48.366142 -19.230770
vt 48.366142 -16.666668
vt 48.366142 -14.102564
vt 48.366142 -11.538462
vt 48.366142 -8.974360
vt 48.366142 -6.410256
vt 48.366142 -3.846154
vt 48.366142 -1.282051
vt 48.366142 1.282051
vt 48.366142 6.410256
vt 48.366142 3.846154
vt 48.366142 8.974360
vt 48.366142 14.102564
vt 48.366142 11.538462
vt 48.366142 16.666668
vt 48.366142 21.794872
vt 48.366142 19.230770
vt 48.366142 26.923077
vt 48.366142 24.358974
vt 48.366142 29.487179
vt 48.366142 32.051281
vt 48.366142 34.615383
vt 48.366142 37.179485
vt 48.366142 39.743587
vt 48.366142 42.307693
vt 48.366142 47.435898
vt 48.366142 44.871796
vt 48.366142 50.000000
vt 49.192913 -47.435898
vt 49.192913 -50.000000
vt 49.192913 -44.871796
vt 49.192913 -42.307693
vt 49.192913 -39.743587
vt 49.192913 -37.179485
vt 49.192913 -34.615383
vt 49.192913 -32.051281
vt 49.192913 -29.487179
vt 49.192913 -26.923077
vt 49.192913 -24.358974
vt 49.192913 -21.794872
vt 49.192913 -19.230770
vt 49.192913 -16.666668
vt 49.192913 -14.102564
vt 49.192913 -11.538462
vt 49.192913 -6.410256
vt 49.192913 -8.974360
vt 49.192913 -3.846154
vt 49.192913 1.282051
vt 49.192913 -1.282051
vt 49.192913 3.846154
vt 49.192913 8.974360
vt 49.192913 6.410256
vt 49.192913 11.538462
vt 49.192913 14.102564
vt 49.192913 16.666668
vt 49.192913 19.230770
vt 49.192913 24.358974
vt 49.192913 21.794872
vt 49.192913 26.923077
vt 49.192913 29.487179
vt 49.192913 32.051281
vt 49.192913 34.615383
vt 49.192913 37.179485
vt 49.192913 39.743587
vt 49.192913 42.307693
vt 49.192913 47.435898
vt 49.192913 44.871796
vt 49.192913 50.000000
vt 50.019684 -47.435898
vt 50.019684 -50.000000
vt 50.019684 -44.871796
vt 50.019684 -42.307693
vt 50.019684 -39.743587
vt 50.019684 -37.179485
vt 50.019684 -34.615383
vt 50.019684 -32.051281
vt 50.019684 -29.487179
vt 50.019684 -26.923077
vt 50.019684 -24.358974
vt 50.019684 -21.794872
vt 50.019684 -19.230770
vt 50.019684 -16.666668
vt 50.019684 -14.102564
vt 50.019684 -8.974360
vt 50.019684 -11.538462
vt 50.019684 -6.410256
vt 50.019684 -3.846154
vt 50.019684 1.282051
vt 50.019684 -1.282051
vt 50.019684 6.410256
vt 50.019684 3.846154
vt 50.019684 8.974360
vt 50.019684 11.538462
vt 50.019684 14.102564
vt 50.019684 19.230770
vt 50.019684 16.666668
vt 50.019684 24.358974
vt 50.019684 21.794872
vt 50.019684 26.923077
vt 50.019684 29.487179
vt 50.019684 32.051281
vt 50.019684 34.615383
vt 50.019684 37.179485
vt 50.019684 39.743587
vt 50.019684 44.871796
vt 50.019684 42.307693
vt 50.019684 50.000000
vt 50.019684 47.435898
vt 50.846458 -47.435898
vt 50.846458 -50.000000
vt 50.846458 -44.871796
vt 50.846458 -42.307693
vt 50.846458 -39.743587
vt 50.846458 -37.179485
vt 50.846458 -34.615383
vt 50.846458 -32.051281
vt 50.846458 -29.487179
vt 50.846458 -26.923077
vt 50.846458 -24.358974
vt 50.846458 -21.794872
vt 50.846458 -19.230770
vt 50.846458 -16.666668
vt 50.846458 -11.538462
vt 50.846458 -14.102564
vt 50.846458 -6.410256
vt 50.846458 -8.974360
vt 50.846458 -3.846154
vt 50.846458 -1.282051
vt 50.846458 1.282051
vt 50.846458 6.410256
vt 50.846458 3.846154
vt 50.846458 11.538462
vt 50.846458 8.974360
vt 50.846458 14.102564
vt 50.846458 16.666668
vt 50.846458 19.230770
vt 50.846458 21.794872
vt 50.846458 26.923077
vt 50.846458 24.358974
vt 50.846458 29.487179
vt 50.846458 32.051281
vt 50.846458 34.615383
vt 50.846458 37.179485
vt 50.846458 39.743587
vt 50.846458 44.871796
vt 50.846458 42.307693
vt 50.846458 50.000000
vt 50.846458 47.435898
vt 51.673229 -47.435898
vt 51.673229 -50.000000
vt 51.673229 -44.871796
vt 51.673229 -42.307693
vt 51.673229 -39.743587
vt 51.673229 -37.179485
vt 51.673229 -34.615383
vt 51.673229 -32.051281
vt 51.673229 -29.487179
vt 51.673229 -26.923077
vt 51.673229 -24.358974
vt 51.673229 -21.794872
vt 51.673229 -16.666668
vt 51.673229 -19.230770
vt 51.673229 -11.538462
vt 51.673229 -14.102564
vt 51.673229 -8.974360
vt 51.673229 -3.846154
vt 51.673229 -6.410256
vt 51.673229 -1.282051
vt 51.673229 3.846154
vt 51.673229 1.282051
vt 51.673229 6.410256
vt 51.673229 8.974360
vt 51.673229 11.538462
vt 51.673229 14.102564
vt 51.673229 16.666668
vt 51.673229 19.230770
vt 51.673229 24.358974
vt 51.673229 21.794872
vt 51.673229 26.923077
vt 51.673229 29.487179
vt 51.673229 32.051281
vt 51.673229 34.615383
vt 51.673229 37.179485
vt 51.673229 42.307693
vt 51.673229 39.743587
vt 51.673229 44.871796
vt 51.673229 50.000000
vt 51.673229 47.435898
vt 52.500000 -47.435898
vt 52.500000 -50.000000
vt 52.500000 -44.871796
vt 52.500000 -42.307693
vt 52.500000 -39.743587
vt 52.500000 -34.615383
vt 52.500000 -37.179485
vt 52.500000 -32.051281
vt 52.500000 -29.487179
vt 52.500000 -26.923077
vt 52.500000 -24.358974
vt 52.500000 -21.794872
vt 52.500000 -19.230770
vt 52.500000 -16.666668
vt 52.500000 -14.102564
vt 52.500000 -11.538462
vt 52.500000 -8.974360
vt 52.500000 -3.846154
vt 52.500000 -6.410256
vt 52.500000 -1.282051
vt 52.500000 1.282051
vt 52.500000 3.846154
vt 52.500000 8.974360
vt 52.500000 6.410256
vt 52.500000 11.538462
vt 52.500000 16.666668
vt 52.500000 14.102564
vt 52.500000 19.230770
vt 52.500000 24.358974
vt 52.500000 21.794872
vt 52.500000 26.923077
vt 52.500000 29.487179
vt 52.500000 32.051281
vt 52.500000 34.615383
vt 52.500000 37.179485
vt 52.500000 39.743587
vt 52.500000 42.307693
vt 52.500000 44.871796
vt 52.500000 50.000000
vt 52.500000 47.435898
vt -34.311024 50.000000
vt -23.562992 50.000000
vt -16.948818 50.000000
vt -13.641733 50.000000
vt -6.200788 50.000000
vt 6.200788 50.000000
vt 16.122047 50.000000
vt 35.137794 50.000000
vt 44.232285 50.000000
s 1
usemtl 岩
f 41/1/41 2/2/2 1/3/1
f 42/4/42 3/5/3 2/2/2
f 44/6/44 3/5/3 43/7/43
f 44/6/44 5/8/5 4/9/4
f 45/10/45 6/11/6 5/8/5
f 46/12/46 7/13/7 6/11/6
f 47/14/47 8/15/8 7/13/7
f 48/16/48 9/17/9 8/15/8
f 49/18/49 10/19/10 9/17/9
f 50/20/50 11/21/11 10/19/10
f 51/22/51 12/23/12 11/21/11
f 52/24/52 13/25/13 12/23/12
f 53/26/53 14/27/14 13/25/13
f 54/28/54 15/29/15 14/27/14
f 55/30/55 16/31/16 15/29/15
f 56/32/56 17/33/17 16/31/16
f 57/34/57 18/35/18 17/33/17
f 58/36/58 19/37/19 18/35/18
f 59/38/59 20/39/20 19/37/19
f 60/40/60 21/41/21 20/39/20
f 61/42/61 22/43/22 21/41/21
f 62/44/62 23/45/23 22/43/22
f 63/46/63 24/47/24 23/45/23
f 64/48/64 25/49/25 24/47/24
f 65/50/65 26/51/26 25/49/25
f 66/52/66 27/53/27 26/51/26
f 67/54/67 28/55/28 27/53/27
f 69/56/69 28/55/28 68/57/68
f 70/58/70 29/59/29 69/56/69
f 71/60/71 30/61/30 70/58/70
f 72/62/72 31/63/31 71/60/71
f 73/64/73 32/65/32 72/62/72
f 74/66/74 33/67/33 73/64/73
f 75/68/75 34/69/34 74/66/74
f 76/70/76 35/71/35 75/68/75
f 77/72/77 36/73/36 76/70/76
f 78/74/78 37/75/37 77/72/77
f 79/76/79 38/77/38 78/74/78
f 79/76/79 40/78/40 39/79/39
f 81/80/81 42/4/42 41/1/41
f 82/81/82 43/7/43 42/4/42
f 84/82/84 43/7/43 83/83/83
f 84/82/84 45/10/45 44/6/44
f 85/84/85 46/12/46 45/10/45
f 86/85/86 47/14/47 46/12/46
f 87/86/87 48/16/48 47/14/47
f 88/87/88 49/18/49 48/16/48
f 89/88/89 50/20/50 49/18/49
f 90/89/90 51/22/51 50/20/50
f 91/90/91 52/24/52 51/22/51
f 92/91/92 53/26/53 52/24/52
f 93/92/93 54/28/54 53/26/53
f 94/93/94 55/30/55 54/28/54
f 95/94/95 56/32/56 55/30/55
f 96/95/96 57/34/57 56/32/56
f 97/96/97 58/36/58 57/34/57
f 98/97/57 59/38/59 58/36/58
f 99/98/98 60/40/60 59/38/59
f 100/99/99 61/42/61 60/40/60
f 101/100/100 62/44/62 61/42/61
f 102/101/101 63/46/63 62/44/62
f 103/102/102 64/48/64 63/46/63
f 104/103/103 65/50/65 64/48/64
f 105/104/104 66/52/66 65/50/65
f 106/105/105 67/54/67 66/52/66
f 107/106/106 68/57/68 67/54/67
f 109/107/108 68/57/68 108/108/107
f 110/109/109 69/56/69 109/107/108
f 111/110/110 70/58/70 110/109/109
f 112/111/111 71/60/71 111/110/110
f 113/112/112 72/62/72 112/111/111
f 114/113/113 73/64/73 113/112/112
f 115/114/114 74/66/74 114/113/113
f 116/115/115 75/68/75 115/114/114
f 117/116/116 76/70/76 116/115/115
f 118/117/117 77/72/77 117/116/116
f 119/118/118 78/74/78 118/117/117
f 119/118/118 80/119/80 79/76/79
f 121/120/120 82/81/82 81/80/81
f 122/121/121 83/83/83 82/81/82
f 124/122/123 83/83/83 123/123/122
f 124/122/123 85/84/85 84/82/84
f 125/124/124 86/85/86 85/84/85
f 126/125/125 87/86/87 86/85/86
f 127/126/126 88/87/88 87/86/87
f 128/127/127 89/88/89 88/87/88
f 129/128/128 90/89/90 89/88/89
f 130/129/129 91/90/91 90/89/90
f 131/130/130 92/91/92 91/90/91
f 132/131/131 93/92/93 92/91/92
f 133/132/132 94/93/94 93/92/93
f 134/133/133 95/94/95 94/93/94
f 135/134/134 96/95/96 95/94/95
f 136/135/135 97/96/97 96/95/96
f 137/136/136 98/97/57 97/96/97
f 138/137/137 99/98/98 98/97/57
f 139/138/138 100/99/99 99/98/98
f 140/139/139 101/100/100 100/99/99
f 141/140/140 102/101/101 101/100/100
f 142/141/141 103/102/102 102/101/101
f 143/142/142 104/103/103 103/102/102
f 144/143/143 105/104/104 104/103/103
f 145/144/144 106/105/105 105/104/104
f 146/145/145 107/106/106 106/105/105
f 147/146/146 108/108/107 107/106/106
f 149/147/148 108/108/107 148/148/147
f 150/149/149 109/107/108 149/147/148
f 151/150/150 110/109/109 150/149/149
f 152/151/151 111/110/110 151/150/150
f 153/152/152 112/111/111 152/151/151
f 154/153/153 113/112/112 153/152/152
f 155/154/154 114/113/113 154/153/153
f 156/155/155 115/114/114 155/154/154
f 157/156/156 116/115/115 156/155/155
f 158/157/157 117/116/116 157/156/156
f 159/158/158 118/117/117 158/157/157
f 159/158/158 120/159/119 119/118/118
f 161/160/160 122/121/121 121/120/120
f 162/161/161 123/123/122 122/121/121
f 164/162/163 123/123/122 163/163/162
f 164/162/163 125/124/124 124/122/123
f 165/164/164 126/125/125 125/124/124
f 166/165/165 127/126/126 126/125/125
f 167/166/166 128/127/127 127/126/126
f 168/167/167 129/128/128 128/127/127
f 169/168/168 130/129/129 129/128/128
f 170/169/169 131/130/130 130/129/129
f 171/170/170 132/131/131 131/130/130
f 172/171/171 133/132/132 132/131/131
f 173/172/172 134/133/133 133/132/132
f 174/173/173 135/134/134 134/133/133
f 175/174/95 136/135/135 135/134/134
f 176/175/174 137/136/136 136/135/135
f 177/176/175 138/137/137 137/136/136
f 178/177/176 139/138/138 138/137/137
f 179/178/177 140/139/139 139/138/138
f 180/179/178 141/140/140 140/139/139
f 181/180/179 142/141/141 141/140/140
f 182/181/180 143/142/142 142/141/141
f 183/182/181 144/143/143 143/142/142
f 184/183/182 145/144/144 144/143/143
f 185/184/183 146/145/145 145/144/144
f 186/185/184 147/146/146 146/145/145
f 187/186/185 148/148/147 147/146/146
f 189/187/187 148/148/147 188/188/186
f 189/187/187 150/149/149 149/147/148
f 191/189/189 150/149/149 190/190/188
f 192/191/190 151/150/150 191/189/189
f 193/192/191 152/151/151 192/191/190
f 194/193/192 153/152/152 193/192/191
f 195/194/193 154/153/153 194/193/192
f 196/195/194 155/154/154 195/194/193
f 197/196/195 156/155/155 196/195/194
f 198/197/196 157/156/156 197/196/195
f 199/198/197 158/157/157 198/197/196
f 199/198/197 160/199/159 159/158/158
f 201/200/199 162/161/161 161/160/160
f 203/201/201 162/161/161 202/202/200
f 203/201/201 164/162/163 163/163/162
f 204/203/202 165/164/164 164/162/163
f 205/204/203 166/165/165 165/164/164
f 206/205/204 167/166/166 166/165/165
f 207/206/205 168/167/167 167/166/166
f 208/207/206 169/168/168 168/167/167
f 209/208/207 170/169/169 169/168/168
f 210/209/208 171/170/170 170/169/169
f 211/210/209 172/171/171 171/170/170
f 212/211/210 173/172/172 172/171/171
f 213/212/211 174/173/173 173/172/172
f 214/213/212 175/174/95 174/173/173
f 215/214/213 176/175/174 175/174/95
f 216/215/214 177/176/175 176/175/174
f 217/216/215 178/177/176 177/176/175
f 218/217/216 179/178/177 178/177/176
f 219/218/217 180/179/178 179/178/177
f 220/219/218 181/180/179 180/179/178
f 221/220/219 182/181/180 181/180/179
f 222/221/220 183/182/181 182/181/180
f 224/222/222 183/182/181 223/223/221
f 224/222/222 185/184/183 184/183/182
f 225/224/223 186/185/184 185/184/183
f 227/225/225 186/185/184 226/226/224
f 228/227/226 187/186/185 227/225/225
f 228/227/226 189/187/187 188/188/186
f 229/228/227 190/190/188 189/187/187
f 231/229/229 190/190/188 230/230/228
f 232/231/230 191/189/189 231/229/229
f 233/232/231 192/191/190 232/231/230
f 234/233/232 193/192/191 233/232/231
f 235/234/233 194/193/192 234/233/232
f 236/235/234 195/194/193 235/234/233
f 237/236/235 196/195/194 236/235/234
f 238/237/236 197/196/195 237/236/235
f 239/238/237 198/197/196 238/237/236
f 239/238/237 200/239/198 199/198/197
f 242/240/240 201/200/199 241/241/239
f 243/242/241 202/202/200 242/240/240
f 243/242/241 204/203/202 203/201/201
f 244/243/242 205/204/203 204/203/202
f 245/244/243 206/205/204 205/204/203
f 246/245/244 207/206/205 206/205/204
f 247/246/245 208/207/206 207/206/205
f 248/247/246 209/208/207 208/207/206
f 249/248/247 210/209/208 209/208/207
f 250/249/248 211/210/209 210/209/208
f 251/250/249 212/211/210 211/210/209
f 252/251/250 213/212/211 212/211/210
f 253/252/251 214/213/212 213/212/211
f 254/253/252 215/214/213 214/213/212
f 255/254/253 216/215/214 215/214/213
f 256/255/254 217/216/215 216/215/214
f 257/256/255 218/217/216 217/216/215
f 258/257/256 219/218/217 218/217/216
f 259/258/257 220/219/218 219/218/217
f 260/259/258 221/220/219 220/219/218
f 261/260/259 222/221/220 221/220/219
f 262/261/260 223/223/221 222/221/220
f 263/262/261 224/222/222 223/223/221
f 264/263/262 225/224/223 224/222/222
f 265/264/263 226/226/224 225/224/223
f 267/265/265 226/226/224 266/266/264
f 267/265/265 228/227/226 227/225/225
f 269/267/267 228/227/226 268/268/266
f 270/269/268 229/228/227 269/267/267
f 271/270/269 230/230/228 270/269/268
f 272/271/270 231/229/229 271/270/269
f 273/272/271 232/231/230 272/271/270
f 274/273/272 233/232/231 273/272/271
f 275/274/273 234/233/232 274/273/272
f 276/275/274 235/234/233 275/274/273
f 277/276/275 236/235/234 276/275/274
f 278/277/276 237/236/235 277/276/275
f 279/278/277 238/237/236 278/277/276
f 279/278/277 240/279/238 239/238/237
f 282/280/280 241/241/239 281/281/279
f 283/282/281 242/240/240 282/280/280
f 283/282/281 244/243/242 243/242/241
f 284/283/282 245/244/243 244/243/242
f 285/284/283 246/245/244 245/244/243
f 286/285/284 247/246/245 246/245/244
f 287/286/285 248/247/246 247/246/245
f 288/287/286 249/248/247 248/247/246
f 289/288/287 250/249/248 249/248/247
f 290/289/288 251/250/249 250/249/248
f 291/290/289 252/251/250 251/250/249
f 292/291/290 253/252/251 252/251/250
f 293/292/291 254/253/252 253/252/251
f 294/293/292 255/254/253 254/253/252
f 295/294/293 256/255/254 255/254/253
f 296/295/294 257/256/255 256/255/254
f 297/296/295 258/257/256 257/256/255
f 298/297/296 259/258/257 258/257/256
f 299/298/297 260/259/258 259/258/257
f 300/299/298 261/260/259 260/259/258
f 301/300/299 262/261/260 261/260/259
f 303/301/301 262/261/260 302/302/300
f 303/301/301 264/263/262 263/262/261
f 305/303/303 264/263/262 304/304/302
f 305/303/303 266/266/264 265/264/263
f 306/305/304 267/265/265 266/266/264
f 307/306/218 268/268/266 267/265/265
f 309/307/306 268/268/266 308/308/305
f 309/307/306 270/269/268 269/267/267
f 311/309/308 270/269/268 310/310/307
f 312/311/309 271/270/269 311/309/308
f 313/312/310 272/271/270 312/311/309
f 314/313/311 273/272/271 313/312/310
f 315/314/312 274/273/272 314/313/311
f 316/315/313 275/274/273 315/314/312
f 317/316/314 276/275/274 316/315/313
f 318/317/315 277/276/275 317/316/314
f 319/318/316 278/277/276 318/317/315
f 319/318/316 280/319/278 279/278/277
f 322/320/319 281/281/279 321/321/318
f 323/322/320 282/280/280 322/320/319
f 323/322/320 284/283/282 283/282/281
f 324/323/321 285/284/283 284/283/282
f 325/324/322 286/285/284 285/284/283
f 326/325/323 287/286/285 286/285/284
f 327/326/324 288/287/286 287/286/285
f 328/327/325 289/288/287 288/287/286
f 329/328/326 290/289/288 289/288/287
f 330/329/327 291/290/289 290/289/288
f 331/330/328 292/291/290 291/290/289
f 332/331/329 293/292/291 292/291/290
f 333/332/330 294/293/292 293/292/291
f 334/333/331 295/294/293 294/293/292
f 335/334/332 296/295/294 295/294/293
f 337/335/334 296/295/294 336/336/333
f 337/335/334 298/297/296 297/296/295
f 339/337/336 298/297/296 338/338/335
f 339/337/336 300/299/298 299/298/297
f 340/339/337 301/300/299 300/299/298
f 341/340/338 302/302/300 301/300/299
f 343/341/340 302/302/300 342/342/339
f 344/343/341 303/301/301 343/341/340
f 345/344/342 304/304/302 344/343/341
f 345/344/342 306/305/304 305/303/303
f 347/345/344 306/305/304 346/346/343
f 348/347/345 307/306/218 347/345/344
f 349/348/346 308/308/305 348/347/345
f 349/348/346 310/310/307 309/307/306
f 351/349/348 310/310/307 350/350/347
f 352/351/349 311/309/308 351/349/348
f 353/352/350 312/311/309 352/351/349
f 354/353/351 313/312/310 353/352/350
f 354/353/351 315/314/312 314/313/311
f 355/354/352 316/315/313 315/314/312
f 356/355/353 317/316/314 316/315/313
f 358/356/355 317/316/314 357/357/354
f 359/358/356 318/317/315 358/356/355
f 359/358/356 320/359/317 319/318/316
f 362/360/359 321/321/318 361/361/358
f 363/362/360 322/320/319 362/360/359
f 363/362/360 324/323/321 323/322/320
f 364/363/361 325/324/322 324/323/321
f 365/364/362 326/325/323 325/324/322
f 366/365/363 327/326/324 326/325/323
f 367/366/364 328/327/325 327/326/324
f 368/367/365 329/328/326 328/327/325
f 369/368/366 330/329/327 329/328/326
f 370/369/367 331/330/328 330/329/327
f 371/370/368 332/331/329 331/330/328
f 373/371/370 332/331/329 372/372/369
f 374/373/371 333/332/330 373/371/370
f 374/373/371 335/334/332 334/333/331
f 375/374/372 336/336/333 335/334/332
f 377/375/374 336/336/333 376/376/373
f 377/375/374 338/338/335 337/335/334
f 379/377/376 338/338/335 378/378/375
f 379/377/376 340/339/337 339/337/336
f 380/379/377 341/340/338 340/339/337
f 381/380/378 342/342/339 341/340/338
f 382/381/379 343/341/340 342/342/339
f 383/382/380 344/343/341 343/341/340
f 385/383/382 344/343/341 384/384/381
f 385/383/382 346/346/343 345/344/342
f 387/385/384 346/346/343 386/386/383
f 387/385/384 348/347/345 347/345/344
f 389/387/386 348/347/345 388/388/385
f 389/387/386 350/350/347 349/348/346
f 391/389/388 350/350/347 390/390/387
f 392/391/389 351/349/348 391/389/388
f 393/392/390 352/351/349 392/391/389
f 394/393/391 353/352/350 393/392/390
f 394/393/391 355/354/352 354/353/351
f 395/394/392 356/355/353 355/354/352
f 396/395/393 357/357/354 356/355/353
f 397/396/394 358/356/355 357/357/354
f 399/397/396 358/356/355 398/398/395
f 399/397/396 360/399/357 359/358/356
f 402/400/399 361/361/358 401/401/398
f 403/402/400 362/360/359 402/400/399
f 403/402/400 364/363/361 363/362/360
f 404/403/401 365/364/362 364/363/361
f 405/404/402 366/365/363 365/364/362
f 406/405/403 367/366/364 366/365/363
f 407/406/404 368/367/365 367/366/364
f 408/407/405 369/368/366 368/367/365
f 409/408/406 370/369/367 369/368/366
f 410/409/407 371/370/368 370/369/367
f 411/410/408 372/372/369 371/370/368
f 413/411/410 372/372/369 412/412/409
f 413/411/410 374/373/371 373/371/370
f 414/413/411 375/374/372 374/373/371
f 416/414/413 375/374/372 415/415/412
f 416/414/413 377/375/374 376/376/373
f 417/416/414 378/378/375 377/375/374
f 419/417/416 378/378/375 418/418/415
f 419/417/416 380/379/377 379/377/376
f 420/419/417 381/380/378 380/379/377
f 422/420/419 381/380/378 421/421/418
f 423/422/420 382/381/379 422/420/419
f 423/422/420 384/384/381 383/382/380
f 425/423/422 384/384/381 424/424/421
f 425/423/422 386/386/383 385/383/382
f 426/425/423 387/385/384 386/386/383
f 428/426/425 387/385/384 427/427/424
f 429/428/426 388/388/385 428/426/425
f 429/428/426 390/390/387 389/387/386
f 430/429/427 391/389/388 390/390/387
f 432/430/429 391/389/388 431/431/428
f 433/432/430 392/391/389 432/430/429
f 433/432/430 394/393/391 393/392/390
f 434/433/431 395/394/392 394/393/391
f 435/434/432 396/395/393 395/394/392
f 436/435/433 397/396/394 396/395/393
f 437/436/434 398/398/395 397/396/394
f 439/437/436 398/398/395 438/438/435
f 439/437/436 400/439/397 399/397/396
f 442/440/439 401/401/398 441/441/438
f 443/442/440 402/400/399 442/440/439
f 443/442/440 404/403/401 403/402/400
f 444/443/441 405/404/402 404/403/401
f 445/444/442 406/405/403 405/404/402
f 446/445/443 407/406/404 406/405/403
f 447/446/444 408/407/405 407/406/404
f 448/447/445 409/408/406 408/407/405
f 449/448/446 410/409/407 409/408/406
f 450/449/447 411/410/408 410/409/407
f 452/450/449 411/410/408 451/451/448
f 452/450/449 413/411/410 412/412/409
f 453/452/450 414/413/411 413/411/410
f 455/453/452 414/413/411 454/454/451
f 455/453/452 416/414/413 415/415/412
f 456/455/453 417/416/414 416/414/413
f 457/456/454 418/418/415 417/416/414
f 459/457/456 418/418/415 458/458/455
f 460/459/457 419/417/416 459/457/456
f 461/460/458 420/419/417 460/459/457
f 461/460/458 422/420/419 421/421/418
f 463/461/460 422/420/419 462/462/459
f 463/461/460 424/424/421 423/422/420
f 464/463/461 425/423/422 424/424/421
f 465/464/462 426/425/423 425/423/422
f 466/465/463 427/427/424 426/425/423
f 468/466/465 427/427/424 467/467/464
f 468/466/465 429/428/426 428/426/425
f 469/468/466 430/429/427 429/428/426
f 471/469/468 430/429/427 470/470/467
f 472/471/469 431/431/428 471/469/468
f 473/472/470 432/430/429 472/471/469
f 473/472/470 434/433/431 433/432/430
f 474/473/471 435/434/432 434/433/431
f 475/474/472 436/435/433 435/434/432
f 476/475/473 437/436/434 436/435/433
f 478/476/475 437/436/434 477/477/474
f 479/478/476 438/438/435 478/476/475
f 479/478/476 440/479/437 439/437/436
f 482/480/479 441/441/438 481/481/478
f 483/482/480 442/440/439 482/480/479
f 483/482/480 444/443/441 443/442/440
f 484/483/481 445/444/442 444/443/441
f 485/484/482 446/445/443 445/444/442
f 486/485/483 447/446/444 446/445/443
f 488/486/485 447/446/444 487/487/484
f 488/486/485 449/448/446 448/447/445
f 489/488/486 450/449/447 449/448/446
f 490/489/487 451/451/448 450/449/447
f 492/490/489 451/451/448 491/491/488
f 492/490/489 453/452/450 452/450/449
f 493/492/490 454/454/451 453/452/450
f 494/493/491 455/453/452 454/454/451
f 496/494/493 455/453/452 495/495/492
f 496/494/493 457/456/454 456/455/453
f 498/496/495 457/456/454 497/497/494
f 498/496/495 459/457/456 458/458/455
f 500/498/497 459/457/456 499/499/496
f 500/498/497 461/460/458 460/459/457
f 502/500/499 461/460/458 501/501/498
f 502/500/499 463/461/460 462/462/459
f 503/502/500 464/463/461 463/461/460
f 505/503/502 464/463/461 504/504/501
f 505/503/502 466/465/463 465/464/462
f 507/505/504 466/465/463 506/506/503
f 508/507/505 467/467/464 507/505/504
f 508/507/505 469/468/466 468/466/465
f 510/508/507 469/468/466 509/509/506
f 511/510/508 470/470/467 510/508/507
f 512/511/509 471/469/468 511/510/508
f 512/511/509 473/472/470 472/471/469
f 513/512/510 474/473/471 473/472/470
f 514/513/511 475/474/472 474/473/471
f 515/514/512 476/475/473 475/474/472
f 517/515/514 476/475/473 516/516/513
f 518/517/515 477/477/474 517/515/514
f 519/518/516 478/476/475 518/517/515
f 519/518/516 480/519/477 479/478/476
f 522/520/519 481/481/478 521/521/518
f 523/522/520 482/480/479 522/520/519
f 523/522/520 484/483/481 483/482/480
f 524/523/521 485/484/482 484/483/481
f 525/524/522 486/485/483 485/484/482
f 526/525/523 487/487/484 486/485/483
f 528/526/525 487/487/484 527/527/524
f 528/526/525 489/488/486 488/486/485
f 529/528/526 490/489/487 489/488/486
f 530/529/527 491/491/488 490/489/487
f 531/530/528 492/490/489 491/491/488
f 532/531/529 493/492/490 492/490/489
f 533/532/530 494/493/491 493/492/490
f 535/533/532 494/493/491 534/534/531
f 535/533/532 496/494/493 495/495/492
f 537/535/534 496/494/493 536/536/533
f 537/535/534 498/496/495 497/497/494
f 538/537/535 499/499/496 498/496/495
f 540/538/537 499/499/496 539/539/536
f 540/538/537 501/501/498 500/498/497
f 541/540/538 502/500/499 501/501/498
f 543/541/540 502/500/499 542/542/539
f 543/541/540 504/504/501 503/502/500
f 545/543/542 504/504/501 544/544/541
f 546/545/543 505/503/502 545/543/542
f 547/546/544 506/506/503 546/545/543
f 547/546/544 508/507/505 507/505/504
f 548/547/545 509/509/506 508/507/505
f 550/548/547 509/509/506 549/549/546
f 550/548/547 511/510/508 510/508/507
f 552/550/549 511/510/508 551/551/548
f 553/552/550 512/511/509 552/550/549
f 553/552/550 514/513/511 513/512/510
f 554/553/551 515/514/512 514/513/511
f 556/554/553 515/514/512 555/555/552
f 557/556/554 516/516/513 556/554/553
f 558/557/555 517/515/514 557/556/554
f 559/558/556 518/517/515 558/557/555
f 559/558/556 520/559/517 519/518/516
f 562/560/559 521/521/518 561/561/558
f 563/562/560 522/520/519 562/560/559
f 563/562/560 524/523/521 523/522/520
f 564/563/561 525/524/522 524/523/521
f 565/564/562 526/525/523 525/524/522
f 566/565/563 527/527/524 526/525/523
f 568/566/565 527/527/524 567/567/564
f 568/566/565 529/528/526 528/526/525
f 570/568/567 529/528/526 569/569/566
f 570/568/567 531/530/528 530/529/527
f 572/570/569 531/530/528 571/571/568
f 572/570/569 533/532/530 532/531/529
f 574/572/571 533/532/530 573/573/570
f 574/572/571 535/533/532 534/534/531
f 576/574/573 535/533/532 575/575/572
f 576/574/573 537/535/534 536/536/533
f 578/576/575 537/535/534 577/577/574
f 579/578/576 538/537/535 578/576/575
f 579/578/576 540/538/537 539/539/536
f 580/579/577 541/540/538 540/538/537
f 582/580/579 541/540/538 581/581/578
f 582/580/579 543/541/540 542/542/539
f 583/582/580 544/544/541 543/541/540
f 585/583/582 544/544/541 584/584/581
f 586/585/583 545/543/542 585/583/582
f 586/585/583 547/546/544 546/545/543
f 588/586/585 547/546/544 587/587/584
f 589/588/586 548/547/545 588/586/585
f 590/589/587 549/549/546 589/588/586
f 590/589/587 551/551/548 550/548/547
f 592/590/589 551/551/548 591/591/588
f 593/592/590 552/550/549 592/590/589
f 594/593/591 553/552/550 593/592/590
f 595/594/592 554/553/551 594/593/591
f 596/595/593 555/555/552 595/594/592
f 597/596/594 556/554/553 596/595/593
f 598/597/595 557/556/554 597/596/594
f 599/598/596 558/557/555 598/597/595
f 599/598/596 560/599/557 559/558/556
f 601/600/598 562/560/559 561/561/558
f 603/601/600 562/560/559 602/602/599
f 603/601/600 564/563/561 563/562/560
f 604/603/601 565/564/562 564/563/561
f 605/604/602 566/565/563 565/564/562
f 606/605/603 567/567/564 566/565/563
f 608/606/605 567/567/564 607/607/604
f 608/606/605 569/569/566 568/566/565
f 609/608/606 570/568/567 569/569/566
f 610/609/607 571/571/568 570/568/567
f 612/610/609 571/571/568 611/611/608
f 612/610/609 573/573/570 572/570/569
f 613/612/610 574/572/571 573/573/570
f 614/613/611 575/575/572 574/572/571
f 616/614/613 575/575/572 615/615/612
f 616/614/613 577/577/574 576/574/573
f 618/616/615 577/577/574 617/617/614
f 618/616/615 579/578/576 578/576/575
f 620/618/617 579/578/576 619/619/616
f 621/620/618 580/579/577 620/618/617
f 621/620/618 582/580/579 581/581/578
f 623/621/620 582/580/579 622/622/619
f 624/623/621 583/582/580 623/621/620
f 624/623/621 585/583/582 584/584/581
f 626/624/623 585/583/582 625/625/622
f 626/624/623 587/587/584 586/585/583
f 627/626/624 588/586/585 587/587/584
f 629/627/626 588/586/585 628/628/625
f 630/629/627 589/588/586 629/627/626
f 630/629/627 591/591/588 590/589/587
f 631/630/628 592/590/589 591/591/588
f 632/631/629 593/592/590 592/590/589
f 634/632/631 593/592/590 633/633/630
f 635/634/632 594/593/591 634/632/631
f 636/635/633 595/594/592 635/634/632
f 637/636/634 596/595/593 636/635/633
f 638/637/635 597/596/594 637/636/634
f 639/638/636 598/597/595 638/637/635
f 639/638/636 600/639/597 599/598/596
f 642/640/639 601/600/598 641/641/638
f 643/642/640 602/602/599 642/640/639
f 644/643/641 603/601/600 643/642/640
f 645/644/642 604/603/601 644/643/641
f 646/645/643 605/604/602 645/644/642
f 646/645/643 607/607/604 606/605/603
f 648/646/645 607/607/604 647/647/644
f 648/646/645 609/608/606 608/606/605
f 650/648/647 609/608/606 649/649/646
f 651/650/648 610/609/607 650/648/647
f 651/650/648 612/610/609 611/611/608
f 652/651/649 613/612/610 612/610/609
f 654/652/651 613/612/610 653/653/650
f 655/654/652 614/613/611 654/652/651
f 656/655/653 615/615/612 655/654/652
f 656/655/653 617/617/614 616/614/613
f 657/656/654 618/616/615 617/617/614
f 659/657/656 618/616/615 658/658/655
f 659/657/656 620/618/617 619/619/616
f 660/659/657 621/620/618 620/618/617
f 661/660/658 622/622/619 621/620/618
f 662/661/659 623/621/620 622/622/619
f 663/662/660 624/623/621 623/621/620
f 665/663/662 624/623/621 664/664/661
f 665/663/662 626/624/623 625/625/622
f 667/665/664 626/624/623 666/666/663
f 667/665/664 628/628/625 627/626/624
f 669/667/666 628/628/625 668/668/665
f 669/667/666 630/629/627 629/627/626
f 671/669/668 630/629/627 670/670/667
f 672/671/669 631/630/628 671/669/668
f 673/672/670 632/631/629 672/671/669
f 674/673/671 633/633/630 673/672/670
f 675/674/672 634/632/631 674/673/671
f 675/674/672 636/635/633 635/634/632
f 677/675/674 636/635/633 676/676/673
f 678/677/675 637/636/634 677/675/674
f 679/678/676 638/637/635 678/677/675
f 679/678/676 640/679/637 639/638/636
f 682/680/679 641/641/638 681/681/678
f 683/682/680 642/640/639 682/680/679
f 683/682/680 644/643/641 643/642/640
f 685/683/682 644/643/641 684/684/681
f 686/685/683 645/644/642 685/683/682
f 687/686/684 646/645/643 686/685/683
f 687/686/684 648/646/645 647/647/644
f 688/687/685 649/649/646 648/646/645
f 689/688/686 650/648/647 649/649/646
f 690/689/687 651/650/648 650/648/647
f 692/690/689 651/650/648 691/691/688
f 693/692/690 652/651/649 692/690/689
f 693/692/690 654/652/651 653/653/650
f 694/693/691 655/654/652 654/652/651
f 696/694/693 655/654/652 695/695/692
f 696/694/693 657/656/654 656/655/653
f 697/696/694 658/658/655 657/656/654
f 698/697/695 659/657/656 658/658/655
f 700/698/697 659/657/656 699/699/696
f 700/698/697 661/660/658 660/659/657
f 701/700/698 662/661/659 661/660/658
f 702/701/699 663/662/660 662/661/659
f 704/702/701 663/662/660 703/703/700
f 704/702/701 665/663/662 664/664/661
f 706/704/703 665/663/662 705/705/702
f 706/704/703 667/665/664 666/666/663
f 707/706/704 668/668/665 667/665/664
f 709/707/706 668/668/665 708/708/705
f 709/707/706 670/670/667 669/667/666
f 711/709/708 670/670/667 710/710/707
f 711/709/708 672/671/669 671/669/668
f 713/711/710 672/671/669 712/712/709
f 714/713/711 673/672/670 713/711/710
f 715/714/712 674/673/671 714/713/711
f 715/714/712 676/676/673 675/674/672
f 717/715/714 676/676/673 716/716/713
f 718/717/715 677/675/674 717/715/714
f 719/718/716 678/677/675 718/717/715
f 719/718/716 680/719/677 679/678/676
f 722/720/719 681/681/678 721/721/718
f 723/722/720 682/680/679 722/720/719
f 723/722/720 684/684/681 683/682/680
f 725/723/722 684/684/681 724/724/721
f 726/725/723 685/683/682 725/723/722
f 727/726/724 686/685/683 726/725/723
f 727/726/724 688/687/685 687/686/684
f 728/727/725 689/688/686 688/687/685
f 729/728/726 690/689/687 689/688/686
f 730/729/727 691/691/688 690/689/687
f 731/730/728 692/690/689 691/691/688
f 732/731/729 693/692/690 692/690/689
f 734/732/731 693/692/690 733/733/730
f 734/732/731 695/695/692 694/693/691
f 735/734/732 696/694/693 695/695/692
f 736/735/733 697/696/694 696/694/693
f 738/736/735 697/696/694 737/737/734
f 739/738/736 698/697/695 738/736/735
f 739/738/736 700/698/697 699/699/696
f 741/739/738 700/698/697 740/740/737
f 741/739/738 702/701/699 701/700/698
f 743/741/740 702/701/699 742/742/739
f 744/743/741 703/703/700 743/741/740
f 744/743/741 705/705/702 704/702/701
f 746/744/743 705/705/702 745/745/742
f 746/744/743 707/706/704 706/704/703
f 747/746/744 708/708/705 707/706/704
f 748/747/745 709/707/706 708/708/705
f 750/748/747 709/707/706 749/749/746
f 750/748/747 711/709/708 710/710/707
f 752/750/749 711/709/708 751/751/748
f 753/752/750 712/712/709 752/750/749
f 754/753/751 713/711/710 753/752/750
f 754/753/751 715/714/712 714/713/711
f 755/754/752 716/716/713 715/714/712
f 757/755/754 716/716/713 756/756/753
f 758/757/755 717/715/714 757/755/754
f 759/758/756 718/717/715 758/757/755
f 759/758/756 720/759/717 719/718/716
f 762/760/759 721/721/718 761/761/758
f 763/762/760 722/720/719 762/760/759
f 763/762/760 724/724/721 723/722/720
f 765/763/762 724/724/721 764/764/761
f 766/765/763 725/723/722 765/763/762
f 767/766/764 726/725/723 766/765/763
f 767/766/764 728/727/725 727/726/724
f 768/767/765 729/728/726 728/727/725
f 769/768/766 730/729/727 729/728/726
f 770/769/767 731/730/728 730/729/727
f 772/770/769 731/730/728 771/771/768
f 772/770/769 733/733/730 732/731/729
f 774/772/771 733/733/730 773/773/770
f 775/774/772 734/732/731 774/772/771
f 775/774/772 736/735/733 735/734/732
f 776/775/773 737/737/734 736/735/733
f 777/776/774 738/736/735 737/737/734
f 779/777/776 738/736/735 778/778/775
f 779/777/776 740/740/737 739/738/736
f 780/779/777 741/739/738 740/740/737
f 782/780/779 741/739/738 781/781/778
f 783/782/780 742/742/739 782/780/779
f 783/782/780 744/743/741 743/741/740
f 785/783/782 744/743/741 784/784/781
f 785/783/782 746/744/743 745/745/742
f 787/785/784 746/744/743 786/786/783
f 787/785/784 748/747/745 747/746/744
f 789/787/786 748/747/745 788/788/785
f 789/787/786 750/748/747 749/749/746
f 790/789/787 751/751/748 750/748/747
f 791/790/788 752/750/749 751/751/748
f 793/791/790 752/750/749 792/792/789
f 794/793/791 753/752/750 793/791/790
f 794/793/791 755/754/752 754/753/751
f 795/794/792 756/756/753 755/754/752
f 797/795/794 756/756/753 796/796/793
f 798/797/795 757/755/754 797/795/794
f 799/798/796 758/757/755 798/797/795
f 799/798/796 760/799/757 759/758/756
f 802/800/799 761/761/758 801/801/798
f 803/802/800 762/760/759 802/800/799
f 803/802/800 764/764/761 763/762/760
f 804/803/801 765/763/762 764/764/761
f 806/804/803 765/763/762 805/805/802
f 807/806/804 766/765/763 806/804/803
f 808/807/805 767/766/764 807/806/804
f 808/807/805 769/768/766 768/767/765
f 809/808/806 770/769/767 769/768/766
f 811/809/808 770/769/767 810/810/807
f 812/811/809 771/771/768 811/809/808
f 813/812/810 772/770/769 812/811/809
f 814/813/811 773/773/770 813/812/810
f 815/814/812 774/772/771 814/813/811
f 816/815/813 775/774/772 815/814/812
f 816/815/813 777/776/774 776/775/773
f 818/816/815 777/776/774 817/817/814
f 818/816/815 779/777/776 778/778/775
f 820/818/817 779/777/776 819/819/816
f 821/820/818 780/779/777 820/818/817
f 821/820/818 782/780/779 781/781/778
f 823/821/820 782/780/779 822/822/819
f 823/821/820 784/784/781 783/782/780
f 825/823/822 784/784/781 824/824/821
f 826/825/823 785/783/782 825/823/822
f 827/826/824 786/786/783 826/825/823
f 827/826/824 788/788/785 787/785/784
f 828/827/825 789/787/786 788/788/785
f 829/828/826 790/789/787 789/787/786
f 831/829/828 790/789/787 830/830/827
f 832/831/829 791/790/788 831/829/828
f 833/832/830 792/792/789 832/831/829
f 834/833/831 793/791/790 833/832/830
f 834/833/831 795/794/792 794/793/791
f 835/834/832 796/796/793 795/794/792
f 836/835/833 797/795/794 796/796/793
f 838/836/835 797/795/794 837/837/834
f 839/838/836 798/797/795 838/836/835
f 839/838/836 800/839/797 799/798/796
f 842/840/839 801/801/798 841/841/838
f 843/842/840 802/800/799 842/840/839
f 843/842/840 804/803/801 803/802/800
f 844/843/841 805/805/802 804/803/801
f 845/844/842 806/804/803 805/805/802
f 847/845/844 806/804/803 846/846/843
f 848/847/845 807/806/804 847/845/844
f 848/847/845 809/808/806 808/807/805
f 849/848/846 810/810/807 809/808/806
f 850/849/847 811/809/808 810/810/807
f 852/850/849 811/809/808 851/851/848
f 853/852/850 812/811/809 852/850/849
f 854/853/851 813/812/810 853/852/850
f 854/853/851 815/814/812 814/813/811
f 855/854/852 816/815/813 815/814/812
f 857/855/854 816/815/813 856/856/853
f 857/855/854 818/816/815 817/817/814
f 859/857/856 818/816/815 858/858/855
f 859/857/856 820/818/817 819/819/816
f 861/859/858 820/818/817 860/860/857
f 861/859/858 822/822/819 821/820/818
f 862/861/859 823/821/820 822/822/819
f 864/862/861 823/821/820 863/863/860
f 864/862/861 825/823/822 824/824/821
f 865/864/862 826/825/823 825/823/822
f 867/865/864 826/825/823 866/866/863
f 868/867/865 827/826/824 867/865/864
f 869/868/866 828/827/825 868/867/865
f 869/868/866 830/830/827 829/828/826
f 871/869/868 830/830/827 870/870/867
f 871/869/868 832/831/829 831/829/828
f 872/871/869 833/832/830 832/831/829
f 873/872/870 834/833/831 833/832/830
f 874/873/871 835/834/832 834/833/831
f 875/874/872 836/835/833 835/834/832
f 877/875/874 836/835/833 876/876/873
f 878/877/875 837/837/834 877/875/874
f 879/878/876 838/836/835 878/877/875
f 879/878/876 840/879/837 839/838/836
f 882/880/879 841/841/838 881/881/878
f 883/882/880 842/840/839 882/880/879
f 883/882/880 844/843/841 843/842/840
f 884/883/881 845/844/842 844/843/841
f 885/884/882 846/846/843 845/844/842
f 886/885/883 847/845/844 846/846/843
f 887/886/884 848/847/845 847/845/844
f 889/887/886 848/847/845 888/888/885
f 890/889/887 849/848/846 889/887/886
f 891/890/888 850/849/847 890/889/887
f 891/890/888 852/850/849 851/851/848
f 893/891/890 852/850/849 892/892/889
f 893/891/890 854/853/851 853/852/850
f 894/893/891 855/854/852 854/853/851
f 895/894/892 856/856/853 855/854/852
f 897/895/894 856/856/853 896/896/893
f 898/897/895 857/855/854 897/895/894
f 898/897/895 859/857/856 858/858/855
f 900/898/897 859/857/856 899/899/896
f 901/900/898 860/860/857 900/898/897
f 901/900/898 862/861/859 861/859/858
f 903/901/900 862/861/859 902/902/899
f 903/901/900 864/862/861 863/863/860
f 905/903/902 864/862/861 904/904/901
f 905/903/902 866/866/863 865/864/862
f 906/905/903 867/865/864 866/866/863
f 907/906/904 868/867/865 867/865/864
f 909/907/906 868/867/865 908/908/905
f 909/907/906 870/870/867 869/868/866
f 910/909/907 871/869/868 870/870/867
f 912/910/909 871/869/868 911/911/908
f 913/912/910 872/871/869 912/910/909
f 913/912/910 874/873/871 873/872/870
f 914/913/911 875/874/872 874/873/871
f 915/914/912 876/876/873 875/874/872
f 917/915/914 876/876/873 916/916/913
f 918/917/915 877/875/874 917/915/914
f 919/918/916 878/877/875 918/917/915
f 919/918/916 880/919/877 879/878/876
f 922/920/919 881/881/878 921/921/918
f 923/922/920 882/880/879 922/920/919
f 923/922/920 884/883/881 883/882/880
f 924/923/921 885/884/882 884/883/881
f 925/924/922 886/885/883 885/884/882
f 926/925/923 887/886/884 886/885/883
f 928/926/925 887/886/884 927/927/924
f 928/926/925 889/887/886 888/888/885
f 929/928/926 890/889/887 889/887/886
f 930/929/927 891/890/888 890/889/887
f 932/930/929 891/890/888 931/931/928
f 932/930/929 893/891/890 892/892/889
f 933/932/930 894/893/891 893/891/890
f 934/933/931 895/894/892 894/893/891
f 936/934/933 895/894/892 935/935/932
f 936/934/933 897/895/894 896/896/893
f 937/936/934 898/897/895 897/895/894
f 939/937/936 898/897/895 938/938/935
f 940/939/937 899/899/896 939/937/936
f 941/940/938 900/898/897 940/939/937
f 942/941/939 901/900/898 941/940/938
f 942/941/939 903/901/900 902/902/899
f 944/942/941 903/901/900 943/943/940
f 944/942/941 905/903/902 904/904/901
f 946/944/943 905/903/902 945/945/942
f 947/946/944 906/905/903 946/944/943
f 948/947/945 907/906/904 947/946/944
f 948/947/945 909/907/906 908/908/905
f 949/948/946 910/909/907 909/907/906
f 951/949/948 910/909/907 950/950/947
f 952/951/949 911/911/908 951/949/948
f 953/952/950 912/910/909 952/951/949
f 953/952/950 914/913/911 913/912/910
f 954/953/951 915/914/912 914/913/911
f 955/954/952 916/916/913 915/914/912
f 956/955/953 917/915/914 916/916/913
f 957/956/954 918/917/915 917/915/914
f 958/957/955 919/918/916 918/917/915
f 960/958/957 919/918/916 959/959/956
f 962/960/959 921/921/918 961/961/958
f 963/962/960 922/920/919 962/960/959
f 964/963/961 923/922/920 963/962/960
f 964/963/961 925/924/922 924/923/921
f 965/964/962 926/925/923 925/924/922
f 966/965/963 927/927/924 926/925/923
f 967/966/964 928/926/925 927/927/924
f 969/967/966 928/926/925 968/968/965
f 969/967/966 930/929/927 929/928/926
f 970/969/967 931/931/928 930/929/927
f 972/970/969 931/931/928 971/971/968
f 972/970/969 933/932/930 932/930/929
f 974/972/971 933/932/930 973/973/970
f 975/974/972 934/933/931 974/972/971
f 975/974/972 936/934/933 935/935/932
f 977/975/974 936/934/933 976/976/973
f 977/975/974 938/938/935 937/936/934
f 979/977/976 938/938/935 978/978/975
f 979/977/976 940/939/937 939/937/936
f 981/979/978 940/939/937 980/980/977
f 981/979/978 942/941/939 941/940/938
f 983/981/980 942/941/939 982/982/979
f 983/981/980 944/942/941 943/943/940
f 985/983/982 944/942/941 984/984/981
f 985/983/982 946/944/943 945/945/942
f 986/985/983 947/946/944 946/944/943
f 988/986/426 947/946/944 987/987/984
f 988/986/426 949/948/946 948/947/945
f 990/988/986 949/948/946 989/989/985
f 990/988/986 951/949/948 950/950/947
f 992/990/988 951/949/948 991/991/987
f 993/992/989 952/951/949 992/990/988
f 993/992/989 954/953/951 953/952/950
f 994/993/990 955/954/952 954/953/951
f 996/994/992 955/954/952 995/995/991
f 996/994/992 957/956/954 956/955/953
f 997/996/993 958/957/955 957/956/954
f 998/997/994 959/959/956 958/957/955
f 1000/998/996 959/959/956 999/999/995
f 1002/1000/998 961/961/958 1001/1001/997
f 1003/1002/999 962/960/959 1002/1000/998
f 1004/1003/1000 963/962/960 1003/1002/999
f 1004/1003/1000 965/964/962 964/963/961
f 1005/1004/1001 966/965/963 965/964/962
f 1006/1005/1002 967/966/964 966/965/963
f 1007/1006/1003 968/968/965 967/966/964
f 1008/1007/1004 969/967/966 968/968/965
f 1009/1008/1005 970/969/967 969/967/966
f 1010/1009/1006 971/971/968 970/969/967
f 1012/1010/1008 971/971/968 1011/1011/1007
f 1013/1012/1009 972/970/969 1012/1010/1008
f 1013/1012/1009 974/972/971 973/973/970
f 1014/1013/1010 975/974/972 974/972/971
f 1016/1014/1012 975/974/972 1015/1015/1011
f 1017/1016/1013 976/976/973 1016/1014/1012
f 1018/1017/1014 977/975/974 1017/1016/1013
f 1019/1018/1015 978/978/975 1018/1017/1014
f 1020/1019/1016 979/977/976 1019/1018/1015
f 1021/1020/1017 980/980/977 1020/1019/1016
f 1022/1021/1018 981/979/978 1021/1020/1017
f 1023/1022/1019 982/982/979 1022/1021/1018
f 1024/1023/1020 983/981/980 1023/1022/1019
f 1024/1023/1020 985/983/982 984/984/981
f 1025/1024/1021 986/985/983 985/983/982
f 1027/1025/1023 986/985/983 1026/1026/1022
f 1027/1025/1023 988/986/426 987/987/984
f 1029/1027/1025 988/986/426 1028/1028/1024
f 1030/1029/1026 989/989/985 1029/1027/1025
f 1031/1030/1027 990/988/986 1030/1029/1026
f 1031/1030/1027 992/990/988 991/991/987
f 1032/1031/1028 993/992/989 992/990/988
f 1033/1032/1029 994/993/990 993/992/989
f 1034/1033/1030 995/995/991 994/993/990
f 1036/1034/1032 995/995/991 1035/1035/1031
f 1036/1034/1032 997/996/993 996/994/992
f 1037/1036/1033 998/997/994 997/996/993
f 1038/1037/1034 999/999/995 998/997/994
f 1040/1038/1036 999/999/995 1039/1039/1035
f 1041/1040/1037 1002/1000/998 1001/1001/997
f 1043/1041/1039 1002/1000/998 1042/1042/1038
f 1043/1041/1039 1004/1003/1000 1003/1002/999
f 1044/1043/1040 1005/1004/1001 1004/1003/1000
f 1045/1044/1041 1006/1005/1002 1005/1004/1001
f 1046/1045/1042 1007/1006/1003 1006/1005/1002
f 1047/1046/1043 1008/1007/1004 1007/1006/1003
f 1048/1047/1044 1009/1008/1005 1008/1007/1004
f 1050/1048/1046 1009/1008/1005 1049/1049/1045
f 1051/1050/1047 1010/1009/1006 1050/1048/1046
f 1051/1050/1047 1012/1010/1008 1011/1011/1007
f 1053/1051/1049 1012/1010/1008 1052/1052/1048
f 1054/1053/1050 1013/1012/1009 1053/1051/1049
f 1054/1053/1050 1015/1015/1011 1014/1013/1010
f 1056/1054/1052 1015/1015/1011 1055/1055/1051
f 1056/1054/1052 1017/1016/1013 1016/1014/1012
f 1057/1056/1053 1018/1017/1014 1017/1016/1013
f 1058/1057/1054 1019/1018/1015 1018/1017/1014
f 1060/1058/1056 1019/1018/1015 1059/1059/1055
f 1060/1058/1056 1021/1020/1017 1020/1019/1016
f 1061/1060/1057 1022/1021/1018 1021/1020/1017
f 1063/1061/1059 1022/1021/1018 1062/1062/1058
f 1063/1061/1059 1024/1023/1020 1023/1022/1019
f 1065/1063/1061 1024/1023/1020 1064/1064/1060
f 1066/1065/1062 1025/1024/1021 1065/1063/1061
f 1066/1065/1062 1027/1025/1023 1026/1026/1022
f 1067/1066/1063 1028/1028/1024 1027/1025/1023
f 1068/1067/1064 1029/1027/1025 1028/1028/1024
f 1069/1068/1065 1030/1029/1026 1029/1027/1025
f 1071/1069/1067 1030/1029/1026 1070/1070/1066
f 1072/1071/1068 1031/1030/1027 1071/1069/1067
f 1072/1071/1068 1033/1032/1029 1032/1031/1028
f 1073/1072/1069 1034/1033/1030 1033/1032/1029
f 1074/1073/1070 1035/1035/1031 1034/1033/1030
f 1075/1074/1071 1036/1034/1032 1035/1035/1031
f 1076/1075/1072 1037/1036/1033 1036/1034/1032
f 1077/1076/1073 1038/1037/1034 1037/1036/1033
f 1078/1077/1074 1039/1039/1035 1038/1037/1034
f 1080/1078/1076 1039/1039/1035 1079/1079/1075
f 1082/1080/1078 1041/1040/1037 1081/1081/1077
f 1083/1082/1079 1042/1042/1038 1082/1080/1078
f 1083/1082/1079 1044/1043/1040 1043/1041/1039
f 1084/1083/1080 1045/1044/1041 1044/1043/1040
f 1085/1084/1081 1046/1045/1042 1045/1044/1041
f 1086/1085/1082 1047/1046/1043 1046/1045/1042
f 1087/1086/1083 1048/1047/1044 1047/1046/1043
f 1088/1087/1084 1049/1049/1045 1048/1047/1044
f 1089/1088/1085 1050/1048/1046 1049/1049/1045
f 1090/1089/1086 1051/1050/1047 1050/1048/1046
f 1092/1090/1088 1051/1050/1047 1091/1091/1087
f 1092/1090/1088 1053/1051/1049 1052/1052/1048
f 1093/1092/1089 1054/1053/1050 1053/1051/1049
f 1094/1093/1090 1055/1055/1051 1054/1053/1050
f 1096/1094/1092 1055/1055/1051 1095/1095/1091
f 1096/1094/1092 1057/1056/1053 1056/1054/1052
f 1097/1096/1093 1058/1057/1054 1057/1056/1053
f 1099/1097/1095 1058/1057/1054 1098/1098/1094
f 1100/1099/1096 1059/1059/1055 1099/1097/1095
f 1101/1100/1097 1060/1058/1056 1100/1099/1096
f 1101/1100/1097 1062/1062/1058 1061/1060/1057
f 1103/1101/1099 1062/1062/1058 1102/1102/1098
f 1103/1101/1099 1064/1064/1060 1063/1061/1059
f 1104/1103/1100 1065/1063/1061 1064/1064/1060
f 1106/1104/1102 1065/1063/1061 1105/1105/1101
f 1106/1104/1102 1067/1066/1063 1066/1065/1062
f 1107/1106/1103 1068/1067/1064 1067/1066/1063
f 1108/1107/1104 1069/1068/1065 1068/1067/1064
f 1110/1108/1106 1069/1068/1065 1109/1109/1105
f 1111/1110/1107 1070/1070/1066 1110/1108/1106
f 1112/1111/1108 1071/1069/1067 1111/1110/1107
f 1112/1111/1108 1073/1072/1069 1072/1071/1068
f 1113/1112/1109 1074/1073/1070 1073/1072/1069
f 1114/1113/1110 1075/1074/1071 1074/1073/1070
f 1115/1114/1111 1076/1075/1072 1075/1074/1071
f 1116/1115/1112 1077/1076/1073 1076/1075/1072
f 1117/1116/1113 1078/1077/1074 1077/1076/1073
f 1118/1117/1114 1079/1079/1075 1078/1077/1074
f 1120/1118/1116 1079/1079/1075 1119/1119/1115
f 1122/1120/1118 1081/1081/1077 1121/1121/1117
f 1122/1120/1118 1083/1082/1079 1082/1080/1078
f 1123/1122/1119 1084/1083/1080 1083/1082/1079
f 1124/1123/1120 1085/1084/1081 1084/1083/1080
f 1125/1124/1121 1086/1085/1082 1085/1084/1081
f 1126/1125/1122 1087/1086/1083 1086/1085/1082
f 1127/1126/1123 1088/1087/1084 1087/1086/1083
f 1128/1127/1124 1089/1088/1085 1088/1087/1084
f 1130/1128/1126 1089/1088/1085 1129/1129/1125
f 1131/1130/1127 1090/1089/1086 1130/1128/1126
f 1131/1130/1127 1092/1090/1088 1091/1091/1087
f 1133/1131/1129 1092/1090/1088 1132/1132/1128
f 1134/1133/1130 1093/1092/1089 1133/1131/1129
f 1135/1134/1131 1094/1093/1090 1134/1133/1130
f 1135/1134/1131 1096/1094/1092 1095/1095/1091
f 1137/1135/1133 1096/1094/1092 1136/1136/1132
f 1138/1137/1134 1097/1096/1093 1137/1135/1133
f 1138/1137/1134 1099/1097/1095 1098/1098/1094
f 1139/1138/1135 1100/1099/1096 1099/1097/1095
f 1141/1139/1137 1100/1099/1096 1140/1140/1136
f 1142/1141/1138 1101/1100/1097 1141/1139/1137
f 1142/1141/1138 1103/1101/1099 1102/1102/1098
f 1143/1142/1139 1104/1103/1100 1103/1101/1099
f 1144/1143/1140 1105/1105/1101 1104/1103/1100
f 1145/1144/1141 1106/1104/1102 1105/1105/1101
f 1147/1145/1143 1106/1104/1102 1146/1146/1142
f 1147/1145/1143 1108/1107/1104 1107/1106/1103
f 1149/1147/1145 1108/1107/1104 1148/1148/1144
f 1149/1147/1145 1110/1108/1106 1109/1109/1105
f 1151/1149/1147 1110/1108/1106 1150/1150/1146
f 1151/1149/1147 1112/1111/1108 1111/1110/1107
f 1152/1151/1148 1113/1112/1109 1112/1111/1108
f 1153/1152/1149 1114/1113/1110 1113/1112/1109
f 1154/1153/1150 1115/1114/1111 1114/1113/1110
f 1155/1154/1151 1116/1115/1112 1115/1114/1111
f 1156/1155/1152 1117/1116/1113 1116/1115/1112
f 1157/1156/1153 1118/1117/1114 1117/1116/1113
f 1158/1157/1154 1119/1119/1115 1118/1117/1114
f 1160/1158/1156 1119/1119/1115 1159/1159/1155
f 1162/1160/1158 1121/1121/1117 1161/1161/1157
f 1163/1162/1159 1122/1120/1118 1162/1160/1158
f 1163/1162/1159 1124/1123/1120 1123/1122/1119
f 1164/1163/1160 1125/1124/1121 1124/1123/1120
f 1165/1164/1161 1126/1125/1122 1125/1124/1121
f 1166/1165/1162 1127/1126/1123 1126/1125/1122
f 1167/1166/1163 1128/1127/1124 1127/1126/1123
f 1168/1167/1164 1129/1129/1125 1128/1127/1124
f 1169/1168/1165 1130/1128/1126 1129/1129/1125
f 1171/1169/1167 1130/1128/1126 1170/1170/1166
f 1171/1169/1167 1132/1132/1128 1131/1130/1127
f 1173/1171/1168 1132/1132/1128 1172/1172/1087
f 1174/1173/1169 1133/1131/1129 1173/1171/1168
f 1174/1173/1169 1135/1134/1131 1134/1133/1130
f 1175/1174/1170 1136/1136/1132 1135/1134/1131
f 1176/1175/1171 1137/1135/1133 1136/1136/1132
f 1178/1176/1173 1137/1135/1133 1177/1177/1172
f 1178/1176/1173 1139/1138/1135 1138/1137/1134
f 1180/1178/1175 1139/1138/1135 1179/1179/1174
f 1180/1178/1175 1141/1139/1137 1140/1140/1136
f 1181/1180/1176 1142/1141/1138 1141/1139/1137
f 1183/1181/1178 1142/1141/1138 1182/1182/1177
f 1184/1183/1179 1143/1142/1139 1183/1181/1178
f 1185/1184/1180 1144/1143/1140 1184/1183/1179
f 1185/1184/1180 1146/1146/1142 1145/1144/1141
f 1187/1185/1182 1146/1146/1142 1186/1186/1181
f 1187/1185/1182 1148/1148/1144 1147/1145/1143
f 1189/1187/1184 1148/1148/1144 1188/1188/1183
f 1190/1189/1185 1149/1147/1145 1189/1187/1184
f 1190/1189/1185 1151/1149/1147 1150/1150/1146
f 1192/1190/1187 1151/1149/1147 1191/1191/1186
f 1192/1190/1187 1153/1152/1149 1152/1151/1148
f 1194/1192/1189 1153/1152/1149 1193/1193/1188
f 1195/1194/1190 1154/1153/1150 1194/1192/1189
f 1195/1194/1190 1156/1155/1152 1155/1154/1151
f 1196/1195/1191 1157/1156/1153 1156/1155/1152
f 1197/1196/1192 1158/1157/1154 1157/1156/1153
f 1198/1197/1193 1159/1159/1155 1158/1157/1154
f 1200/1198/1195 1159/1159/1155 1199/1199/1194
f 1202/1200/1197 1161/1161/1157 1201/1201/1196
f 1202/1200/1197 1163/1162/1159 1162/1160/1158
f 1203/1202/1198 1164/1163/1160 1163/1162/1159
f 1204/1203/1199 1165/1164/1161 1164/1163/1160
f 1205/1204/1200 1166/1165/1162 1165/1164/1161
f 1206/1205/1201 1167/1166/1163 1166/1165/1162
f 1207/1206/1202 1168/1167/1164 1167/1166/1163
f 1209/1207/1204 1168/1167/1164 1208/1208/1203
f 1210/1209/1205 1169/1168/1165 1209/1207/1204
f 1211/1210/1206 1170/1170/1166 1210/1209/1205
f 1212/1211/1207 1171/1169/1167 1211/1210/1206
f 1212/1211/1207 1173/1171/1168 1172/1172/1087
f 1213/1212/1208 1174/1173/1169 1173/1171/1168
f 1215/1213/1210 1174/1173/1169 1214/1214/1209
f 1216/1215/1211 1175/1174/1170 1215/1213/1210
f 1217/1216/1212 1176/1175/1171 1216/1215/1211
f 1218/1217/1213 1177/1177/1172 1217/1216/1212
f 1219/1218/1214 1178/1176/1173 1218/1217/1213
f 1220/1219/1215 1179/1179/1174 1219/1218/1214
f 1221/1220/1216 1180/1178/1175 1220/1219/1215
f 1222/1221/1217 1181/1180/1176 1221/1220/1216
f 1222/1221/1217 1183/1181/1178 1182/1182/1177
f 1224/1222/1219 1183/1181/1178 1223/1223/1218
f 1225/1224/1220 1184/1183/1179 1224/1222/1219
f 1226/1225/1221 1185/1184/1180 1225/1224/1220
f 1226/1225/1221 1187/1185/1182 1186/1186/1181
f 1228/1226/1223 1187/1185/1182 1227/1227/1222
f 1228/1226/1223 1189/1187/1184 1188/1188/1183
f 1230/1228/1225 1189/1187/1184 1229/1229/1224
f 1230/1228/1225 1191/1191/1186 1190/1189/1185
f 1231/1230/1226 1192/1190/1187 1191/1191/1186
f 1232/1231/1227 1193/1193/1188 1192/1190/1187
f 1233/1232/1228 1194/1192/1189 1193/1193/1188
f 1234/1233/1229 1195/1194/1190 1194/1192/1189
f 1235/1234/1230 1196/1195/1191 1195/1194/1190
f 1236/1235/1231 1197/1196/1192 1196/1195/1191
f 1237/1236/1232 1198/1197/1193 1197/1196/1192
f 1239/1237/1234 1198/1197/1193 1238/1238/1233
f 1239/1237/1234 1200/1198/1195 1199/1199/1194
f 1242/1239/1237 1201/1201/1196 1241/1240/1236
f 1242/1239/1237 1203/1202/1198 1202/1200/1197
f 1243/1241/1238 1204/1203/1199 1203/1202/1198
f 1244/1242/1239 1205/1204/1200 1204/1203/1199
f 1245/1243/1240 1206/1205/1201 1205/1204/1200
f 1247/1244/1242 1206/1205/1201 1246/1245/1241
f 1248/1246/1243 1207/1206/1202 1247/1244/1242
f 1248/1246/1243 1209/1207/1204 1208/1208/1203
f 1249/1247/1244 1210/1209/1205 1209/1207/1204
f 1250/1248/1245 1211/1210/1206 1210/1209/1205
f 1252/1249/1247 1211/1210/1206 1251/1250/1246
f 1252/1249/1247 1213/1212/1208 1212/1211/1207
f 1253/1251/1248 1214/1214/1209 1213/1212/1208
f 1255/1252/1250 1214/1214/1209 1254/1253/1249
f 1256/1254/1251 1215/1213/1210 1255/1252/1250
f 1256/1254/1251 1217/1216/1212 1216/1215/1211
f 1257/1255/1252 1218/1217/1213 1217/1216/1212
f 1258/1256/1253 1219/1218/1214 1218/1217/1213
f 1260/1257/1255 1219/1218/1214 1259/1258/1254
f 1260/1257/1255 1221/1220/1216 1220/1219/1215
f 1262/1259/1257 1221/1220/1216 1261/1260/1256
f 1263/1261/1258 1222/1221/1217 1262/1259/1257
f 1263/1261/1258 1224/1222/1219 1223/1223/1218
f 1265/1262/1260 1224/1222/1219 1264/1263/1259
f 1265/1262/1260 1226/1225/1221 1225/1224/1220
f 1267/1264/1262 1226/1225/1221 1266/1265/1261
f 1268/1266/1263 1227/1227/1222 1267/1264/1262
f 1268/1266/1263 1229/1229/1224 1228/1226/1223
f 1269/1267/1264 1230/1228/1225 1229/1229/1224
f 1270/1268/1265 1231/1230/1226 1230/1228/1225
f 1272/1269/1267 1231/1230/1226 1271/1270/1266
f 1272/1269/1267 1233/1232/1228 1232/1231/1227
f 1273/1271/1268 1234/1233/1229 1233/1232/1228
f 1274/1272/1269 1235/1234/1230 1234/1233/1229
f 1275/1273/1270 1236/1235/1231 1235/1234/1230
f 1276/1274/1271 1237/1236/1232 1236/1235/1231
f 1278/1275/1273 1237/1236/1232 1277/1276/1272
f 1278/1275/1273 1239/1237/1234 1238/1238/1233
f 1279/1277/1274 1240/1278/1235 1239/1237/1234
f 1281/1279/1276 1242/1239/1237 1241/1240/1236
f 1282/1280/1277 1243/1241/1238 1242/1239/1237
f 1283/1281/1278 1244/1242/1239 1243/1241/1238
f 1284/1282/1279 1245/1243/1240 1244/1242/1239
f 1285/1283/1280 1246/1245/1241 1245/1243/1240
f 1286/1284/1281 1247/1244/1242 1246/1245/1241
f 1287/1285/1282 1248/1246/1243 1247/1244/1242
f 1289/1286/1284 1248/1246/1243 1288/1287/1283
f 1290/1288/1285 1249/1247/1244 1289/1286/1284
f 1290/1288/1285 1251/1250/1246 1250/1248/1245
f 1291/1289/1286 1252/1249/1247 1251/1250/1246
f 1293/1290/1288 1252/1249/1247 1292/1291/1287
f 1293/1290/1288 1254/1253/1249 1253/1251/1248
f 1295/1292/1290 1254/1253/1249 1294/1293/1289
f 1295/1292/1290 1256/1254/1251 1255/1252/1250
f 1296/1294/1291 1257/1255/1252 1256/1254/1251
f 1297/1295/1292 1258/1256/1253 1257/1255/1252
f 1299/1296/1294 1258/1256/1253 1298/1297/1293
f 1299/1296/1294 1260/1257/1255 1259/1258/1254
f 1301/1298/1296 1260/1257/1255 1300/1299/1295
f 1302/1300/1297 1261/1260/1256 1301/1298/1296
f 1302/1300/1297 1263/1261/1258 1262/1259/1257
f 1303/1301/1298 1264/1263/1259 1263/1261/1258
f 1305/1302/1300 1264/1263/1259 1304/1303/1299
f 1305/1302/1300 1266/1265/1261 1265/1262/1260
f 1306/1304/1301 1267/1264/1262 1266/1265/1261
f 1308/1305/1303 1267/1264/1262 1307/1306/1302
f 1308/1305/1303 1269/1267/1264 1268/1266/1263
f 1310/1307/1305 1269/1267/1264 1309/1308/1304
f 1311/1309/1306 1270/1268/1265 1310/1307/1305
f 1312/1310/1307 1271/1270/1266 1311/1309/1306
f 1312/1310/1307 1273/1271/1268 1272/1269/1267
f 1313/1311/1308 1274/1272/1269 1273/1271/1268
f 1314/1312/1309 1275/1273/1270 1274/1272/1269
f 1315/1313/1310 1276/1274/1271 1275/1273/1270
f 1316/1314/1311 1277/1276/1272 1276/1274/1271
f 1318/1315/1313 1277/1276/1272 1317/1316/1312
f 1318/1315/1313 1279/1277/1274 1278/1275/1273
f 1319/1317/1314 1280/1318/1275 1279/1277/1274
f 1321/1319/1316 1282/1280/1277 1281/1279/1276
f 1322/1320/1317 1283/1281/1278 1282/1280/1277
f 1323/1321/1318 1284/1282/1279 1283/1281/1278
f 1324/1322/1319 1285/1283/1280 1284/1282/1279
f 1325/1323/1320 1286/1284/1281 1285/1283/1280
f 1327/1324/1322 1286/1284/1281 1326/1325/1321
f 1328/1326/1323 1287/1285/1282 1327/1324/1322
f 1329/1327/1324 1288/1287/1283 1328/1326/1323
f 1329/1327/1324 1290/1288/1285 1289/1286/1284
f 1330/1328/1325 1291/1289/1286 1290/1288/1285
f 1332/1329/1327 1291/1289/1286 1331/1330/1326
f 1333/1331/1328 1292/1291/1287 1332/1329/1327
f 1333/1331/1328 1294/1293/1289 1293/1290/1288
f 1334/1332/1329 1295/1292/1290 1294/1293/1289
f 1336/1333/1331 1295/1292/1290 1335/1334/1330
f 1336/1333/1331 1297/1295/1292 1296/1294/1291
f 1338/1335/1333 1297/1295/1292 1337/1336/1332
f 1338/1335/1333 1299/1296/1294 1298/1297/1293
f 1340/1337/1335 1299/1296/1294 1339/1338/1334
f 1340/1337/1335 1301/1298/1296 1300/1299/1295
f 1341/1339/1336 1302/1300/1297 1301/1298/1296
f 1343/1340/1338 1302/1300/1297 1342/1341/1337
f 1343/1340/1338 1304/1303/1299 1303/1301/1298
f 1345/1342/1340 1304/1303/1299 1344/1343/1339
f 1346/1344/1341 1305/1302/1300 1345/1342/1340
f 1346/1344/1341 1307/1306/1302 1306/1304/1301
f 1347/1345/1342 1308/1305/1303 1307/1306/1302
f 1349/1346/1344 1308/1305/1303 1348/1347/1343
f 1349/1346/1344 1310/1307/1305 1309/1308/1304
f 1351/1348/1346 1310/1307/1305 1350/1349/1345
f 1351/1348/1346 1312/1310/1307 1311/1309/1306
f 1352/1350/1347 1313/1311/1308 1312/1310/1307
f 1354/1351/1349 1313/1311/1308 1353/1352/1348
f 1354/1351/1349 1315/1313/1310 1314/1312/1309
f 1355/1353/1350 1316/1314/1311 1315/1313/1310
f 1357/1354/1352 1316/1314/1311 1356/1355/1351
f 1357/1354/1352 1318/1315/1313 1317/1316/1312
f 1358/1356/1353 1319/1317/1314 1318/1315/1313
f 1359/1357/1354 1320/1358/1315 1319/1317/1314
f 1361/1359/1356 1322/1320/1317 1321/1319/1316
f 1362/1360/1357 1323/1321/1318 1322/1320/1317
f 1363/1361/1358 1324/1322/1319 1323/1321/1318
f 1364/1362/1359 1325/1323/1320 1324/1322/1319
f 1365/1363/1360 1326/1325/1321 1325/1323/1320
f 1367/1364/1362 1326/1325/1321 1366/1365/1361
f 1367/1364/1362 1328/1326/1323 1327/1324/1322
f 1369/1366/1364 1328/1326/1323 1368/1367/1363
f 1369/1366/1364 1330/1328/1325 1329/1327/1324
f 1371/1368/1366 1330/1328/1325 1370/1369/1365
f 1372/1370/1367 1331/1330/1326 1371/1368/1366
f 1372/1370/1367 1333/1331/1328 1332/1329/1327
f 1373/1371/1368 1334/1332/1329 1333/1331/1328
f 1375/1372/1370 1334/1332/1329 1374/1373/1369
f 1375/1372/1370 1336/1333/1331 1335/1334/1330
f 1377/1374/1372 1336/1333/1331 1376/1375/1371
f 1377/1374/1372 1338/1335/1333 1337/1336/1332
f 1379/1376/1374 1338/1335/1333 1378/1377/1373
f 1379/1376/1374 1340/1337/1335 1339/1338/1334
f 1381/1378/1376 1340/1337/1335 1380/1379/1375
f 1382/1380/1377 1341/1339/1336 1381/1378/1376
f 1382/1380/1377 1343/1340/1338 1342/1341/1337
f 1383/1381/1378 1344/1343/1339 1343/1340/1338
f 1384/1382/1379 1345/1342/1340 1344/1343/1339
f 1386/1383/1381 1345/1342/1340 1385/1384/1380
f 1386/1383/1381 1347/1345/1342 1346/1344/1341
f 1388/1385/1383 1347/1345/1342 1387/1386/1382
f 1388/1385/1383 1349/1346/1344 1348/1347/1343
f 1390/1387/1385 1349/1346/1344 1389/1388/1384
f 1391/1389/1386 1350/1349/1345 1390/1387/1385
f 1391/1389/1386 1352/1350/1347 1351/1348/1346
f 1392/1390/1387 1353/1352/1348 1352/1350/1347
f 1393/1391/1388 1354/1351/1349 1353/1352/1348
f 1394/1392/1389 1355/1353/1350 1354/1351/1349
f 1396/1393/1391 1355/1353/1350 1395/1394/1390
f 1397/1395/1392 1356/1355/1351 1396/1393/1391
f 1397/1395/1392 1358/1356/1353 1357/1354/1352
f 1398/1396/1393 1359/1357/1354 1358/1356/1353
f 1399/1397/1394 1360/1398/1355 1359/1357/1354
f 1401/1399/1396 1362/1360/1357 1361/1359/1356
f 1402/1400/1397 1363/1361/1358 1362/1360/1357
f 1403/1401/1398 1364/1362/1359 1363/1361/1358
f 1404/1402/1399 1365/1363/1360 1364/1362/1359
f 1405/1403/1400 1366/1365/1361 1365/1363/1360
f 1406/1404/1401 1367/1364/1362 1366/1365/1361
f 1408/1405/1403 1367/1364/1362 1407/1406/1402
f 1408/1405/1403 1369/1366/1364 1368/1367/1363
f 1409/1407/1404 1370/1369/1365 1369/1366/1364
f 1410/1408/1405 1371/1368/1366 1370/1369/1365
f 1411/1409/1406 1372/1370/1367 1371/1368/1366
f 1413/1410/1408 1372/1370/1367 1412/1411/1407
f 1414/1412/1409 1373/1371/1368 1413/1410/1408
f 1414/1412/1409 1375/1372/1370 1374/1373/1369
f 1416/1413/1411 1375/1372/1370 1415/1414/1410
f 1416/1413/1411 1377/1374/1372 1376/1375/1371
f 1418/1415/1413 1377/1374/1372 1417/1416/1412
f 1419/1417/1414 1378/1377/1373 1418/1415/1413
f 1419/1417/1414 1380/1379/1375 1379/1376/1374
f 1421/1418/1416 1380/1379/1375 1420/1419/1415
f 1422/1420/1417 1381/1378/1376 1421/1418/1416
f 1423/1421/1418 1382/1380/1377 1422/1420/1417
f 1424/1422/1419 1383/1381/1378 1423/1421/1418
f 1425/1423/1420 1384/1382/1379 1424/1422/1419
f 1425/1423/1420 1386/1383/1381 1385/1384/1380
f 1427/1424/1422 1386/1383/1381 1426/1425/1421
f 1427/1424/1422 1388/1385/1383 1387/1386/1382
f 1428/1426/1423 1389/1388/1384 1388/1385/1383
f 1429/1427/1424 1390/1387/1385 1389/1388/1384
f 1431/1428/1426 1390/1387/1385 1430/1429/1425
f 1431/1428/1426 1392/1390/1387 1391/1389/1386
f 1432/1430/1427 1393/1391/1388 1392/1390/1387
f 1433/1431/1428 1394/1392/1389 1393/1391/1388
f 1434/1432/1429 1395/1394/1390 1394/1392/1389
f 1436/1433/1431 1395/1394/1390 1435/1434/1430
f 1436/1433/1431 1397/1395/1392 1396/1393/1391
f 1437/1435/1432 1398/1396/1393 1397/1395/1392
f 1438/1436/1433 1399/1397/1394 1398/1396/1393
f 1439/1437/1434 1400/1438/1395 1399/1397/1394
f 1441/1439/1436 1402/1400/1397 1401/1399/1396
f 1442/1440/1437 1403/1401/1398 1402/1400/1397
f 1444/1441/1439 1403/1401/1398 1443/1442/1438
f 1444/1441/1439 1405/1403/1400 1404/1402/1399
f 1445/1443/1440 1406/1404/1401 1405/1403/1400
f 1446/1444/1441 1407/1406/1402 1406/1404/1401
f 1448/1445/1443 1407/1406/1402 1447/1446/1442
f 1448/1445/1443 1409/1407/1404 1408/1405/1403
f 1450/1447/1445 1409/1407/1404 1449/1448/1444
f 1451/1449/1446 1410/1408/1405 1450/1447/1445
f 1452/1450/1447 1411/1409/1406 1451/1449/1446
f 1453/1451/1448 1412/1411/1407 1452/1450/1447
f 1453/1451/1448 1414/1412/1409 1413/1410/1408
f 1454/1452/1449 1415/1414/1410 1414/1412/1409
f 1455/1453/1450 1416/1413/1411 1415/1414/1410
f 1457/1454/1452 1416/1413/1411 1456/1455/1451
f 1458/1456/1453 1417/1416/1412 1457/1454/1452
f 1459/1457/1454 1418/1415/1413 1458/1456/1453
f 1460/1458/1455 1419/1417/1414 1459/1457/1454
f 1461/1459/1456 1420/1419/1415 1460/1458/1455
f 1462/1460/1457 1421/1418/1416 1461/1459/1456
f 1463/1461/1458 1422/1420/1417 1462/1460/1457
f 1464/1462/1459 1423/1421/1418 1463/1461/1458
f 1465/1463/1460 1424/1422/1419 1464/1462/1459
f 1466/1464/1461 1425/1423/1420 1465/1463/1460
f 1466/1464/1461 1427/1424/1422 1426/1425/1421
f 1468/1465/1463 1427/1424/1422 1467/1466/1462
f 1469/1467/1464 1428/1426/1423 1468/1465/1463
f 1470/1468/1465 1429/1427/1424 1469/1467/1464
f 1470/1468/1465 1431/1428/1426 1430/1429/1425
f 1471/1469/1466 1432/1430/1427 1431/1428/1426
f 1473/1470/1468 1432/1430/1427 1472/1471/1467
f 1473/1470/1468 1434/1432/1429 1433/1431/1428
f 1474/1472/1469 1435/1434/1430 1434/1432/1429
f 1476/1473/1471 1435/1434/1430 1475/1474/1470
f 1476/1473/1471 1437/1435/1432 1436/1433/1431
f 1477/1475/1472 1438/1436/1433 1437/1435/1432
f 1478/1476/1473 1439/1437/1434 1438/1436/1433
f 1480/1477/1475 1439/1437/1434 1479/1478/1474
f 1481/1479/1476 1442/1440/1437 1441/1439/1436
f 1482/1480/1477 1443/1442/1438 1442/1440/1437
f 1484/1481/1479 1443/1442/1438 1483/1482/1478
f 1484/1481/1479 1445/1443/1440 1444/1441/1439
f 1485/1483/1480 1446/1444/1441 1445/1443/1440
f 1486/1484/1481 1447/1446/1442 1446/1444/1441
f 1488/1485/1483 1447/1446/1442 1487/1486/1482
f 1488/1485/1483 1449/1448/1444 1448/1445/1443
f 1489/1487/1484 1450/1447/1445 1449/1448/1444
f 1490/1488/1485 1451/1449/1446 1450/1447/1445
f 1491/1489/1486 1452/1450/1447 1451/1449/1446
f 1493/1490/1488 1452/1450/1447 1492/1491/1487
f 1493/1490/1488 1454/1452/1449 1453/1451/1448
f 1495/1492/1490 1454/1452/1449 1494/1493/1489
f 1496/1494/1491 1455/1453/1450 1495/1492/1490
f 1496/1494/1491 1457/1454/1452 1456/1455/1451
f 1497/1495/1492 1458/1456/1453 1457/1454/1452
f 1498/1496/1493 1459/1457/1454 1458/1456/1453
f 1500/1497/1495 1459/1457/1454 1499/1498/1494
f 1500/1497/1495 1461/1459/1456 1460/1458/1455
f 1502/1499/1497 1461/1459/1456 1501/1500/1496
f 1502/1499/1497 1463/1461/1458 1462/1460/1457
f 1503/1501/1498 1464/1462/1459 1463/1461/1458
f 1505/1502/1500 1464/1462/1459 1504/1503/1499
f 1506/1504/1501 1465/1463/1460 1505/1502/1500
f 1507/1505/1502 1466/1464/1461 1506/1504/1501
f 1508/1506/1503 1467/1466/1462 1507/1505/1502
f 1509/1507/1504 1468/1465/1463 1508/1506/1503
f 1510/1508/1505 1469/1467/1464 1509/1507/1504
f 1510/1508/1505 1471/1469/1466 1470/1468/1465
f 1512/1509/1507 1471/1469/1466 1511/1510/1506
f 1512/1509/1507 1473/1470/1468 1472/1471/1467
f 1514/1511/1509 1473/1470/1468 1513/1512/1508
f 1515/1513/1510 1474/1472/1469 1514/1511/1509
f 1515/1513/1510 1476/1473/1471 1475/1474/1470
f 1516/1514/1511 1477/1475/1472 1476/1473/1471
f 1517/1515/1512 1478/1476/1473 1477/1475/1472
f 1518/1516/1513 1479/1478/1474 1478/1476/1473
f 1520/1517/1515 1479/1478/1474 1519/1518/1514
f 1521/1519/1516 1482/1480/1477 1481/1479/1476
f 1523/1520/1518 1482/1480/1477 1522/1521/1517
f 1524/1522/1519 1483/1482/1478 1523/1520/1518
f 1524/1522/1519 1485/1483/1480 1484/1481/1479
f 1525/1523/1520 1486/1484/1481 1485/1483/1480
f 1526/1524/1521 1487/1486/1482 1486/1484/1481
f 1528/1525/1523 1487/1486/1482 1527/1526/1522
f 1529/1527/1524 1488/1485/1483 1528/1525/1523
f 1530/1528/1525 1489/1487/1484 1529/1527/1524
f 1530/1528/1525 1491/1489/1486 1490/1488/1485
f 1531/1529/1526 1492/1491/1487 1491/1489/1486
f 1532/1530/1527 1493/1490/1488 1492/1491/1487
f 1534/1531/1529 1493/1490/1488 1533/1532/1528
f 1534/1531/1529 1495/1492/1490 1494/1493/1489
f 1536/1533/1531 1495/1492/1490 1535/1534/1530
f 1536/1533/1531 1497/1495/1492 1496/1494/1491
f 1537/1535/1532 1498/1496/1493 1497/1495/1492
f 1538/1536/1533 1499/1498/1494 1498/1496/1493
f 1539/1537/1534 1500/1497/1495 1499/1498/1494
f 1541/1538/1536 1500/1497/1495 1540/1539/1535
f 1541/1538/1536 1502/1499/1497 1501/1500/1496
f 1542/1540/1537 1503/1501/1498 1502/1499/1497
f 1544/1541/1539 1503/1501/1498 1543/1542/1538
f 1544/1541/1539 1505/1502/1500 1504/1503/1499
f 1545/1543/1540 1506/1504/1501 1505/1502/1500
f 1546/1544/1541 1507/1505/1502 1506/1504/1501
f 1548/1545/1543 1507/1505/1502 1547/1546/1542
f 1549/1547/1544 1508/1506/1503 1548/1545/1543
f 1549/1547/1544 1510/1508/1505 1509/1507/1504
f 1551/1548/1546 1510/1508/1505 1550/1549/1545
f 1552/1550/1547 1511/1510/1506 1551/1548/1546
f 1553/1551/1548 1512/1509/1507 1552/1550/1547
f 1553/1551/1548 1514/1511/1509 1513/1512/1508
f 1555/1552/1550 1514/1511/1509 1554/1553/1549
f 1555/1552/1550 1516/1514/1511 1515/1513/1510
f 1556/1554/1551 1517/1515/1512 1516/1514/1511
f 1557/1555/1552 1518/1516/1513 1517/1515/1512
f 1559/1556/1554 1518/1516/1513 1558/1557/1553
f 1560/1558/1555 1519/1518/1514 1559/1556/1554
f 1561/1559/1556 1522/1521/1517 1521/1519/1516
f 1563/1560/1558 1522/1521/1517 1562/1561/1557
f 1564/1562/1559 1523/1520/1518 1563/1560/1558
f 1564/1562/1559 1525/1523/1520 1524/1522/1519
f 1565/1563/1560 1526/1524/1521 1525/1523/1520
f 1566/1564/1561 1527/1526/1522 1526/1524/1521
f 1568/1565/1563 1527/1526/1522 1567/1566/1562
f 1569/1567/1564 1528/1525/1523 1568/1565/1563
f 1569/1567/1564 1530/1528/1525 1529/1527/1524
f 1571/1568/1566 1530/1528/1525 1570/1569/1565
f 1571/1568/1566 1532/1530/1527 1531/1529/1526
f 1573/1570/1568 1532/1530/1527 1572/1571/1567
f 1573/1570/1568 1534/1531/1529 1533/1532/1528
f 1575/1572/1570 1534/1531/1529 1574/1573/1569
f 1575/1572/1570 1536/1533/1531 1535/1534/1530
f 1577/1574/1572 1536/1533/1531 1576/1575/1571
f 1578/1576/1573 1537/1535/1532 1577/1574/1572
f 1578/1576/1573 1539/1537/1534 1538/1536/1533
f 1579/1577/1574 1540/1539/1535 1539/1537/1534
f 1581/1578/1576 1540/1539/1535 1580/1579/1575
f 1582/1580/1577 1541/1538/1536 1581/1578/1576
f 1582/1580/1577 1543/1542/1538 1542/1540/1537
f 1584/1581/1579 1543/1542/1538 1583/1582/1578
f 1585/1583/1580 1544/1541/1539 1584/1581/1579
f 1586/1584/1581 1545/1543/1540 1585/1583/1580
f 1586/1584/1581 1547/1546/1542 1546/1544/1541
f 1588/1585/1583 1547/1546/1542 1587/1586/1582
f 1588/1585/1583 1549/1547/1544 1548/1545/1543
f 1590/1587/1585 1549/1547/1544 1589/1588/1584
f 1591/1589/1586 1550/1549/1545 1590/1587/1585
f 1592/1590/1587 1551/1548/1546 1591/1589/1586
f 1593/1591/1588 1552/1550/1547 1592/1590/1587
f 1594/1592/1589 1553/1551/1548 1593/1591/1588
f 1595/1593/1590 1554/1553/1549 1594/1592/1589
f 1595/1593/1590 1556/1554/1551 1555/1552/1550
f 1596/1594/1591 1557/1555/1552 1556/1554/1551
f 1597/1595/1592 1558/1557/1553 1557/1555/1552
f 1599/1596/1594 1558/1557/1553 1598/1597/1593
f 1600/1598/1595 1559/1556/1554 1599/1596/1594
f 1601/1599/1596 1562/1561/1557 1561/1559/1556
f 1603/1600/1598 1562/1561/1557 1602/1601/1597
f 1604/1602/1599 1563/1560/1558 1603/1600/1598
f 1604/1602/1599 1565/1563/1560 1564/1562/1559
f 1605/1603/1600 1566/1564/1561 1565/1563/1560
f 1606/1604/1601 1567/1566/1562 1566/1564/1561
f 1608/1605/1603 1567/1566/1562 1607/1606/1602
f 1609/1607/1604 1568/1565/1563 1608/1605/1603
f 1609/1607/1604 1570/1569/1565 1569/1567/1564
f 1610/1608/1605 1571/1568/1566 1570/1569/1565
f 1611/1609/1606 1572/1571/1567 1571/1568/1566
f 1613/1610/1608 1572/1571/1567 1612/1611/1607
f 1614/1612/1609 1573/1570/1568 1613/1610/1608
f 1614/1612/1609 1575/1572/1570 1574/1573/1569
f 1615/1613/1610 1576/1575/1571 1575/1572/1570
f 1616/1614/1611 1577/1574/1572 1576/1575/1571
f 1617/1615/1612 1578/1576/1573 1577/1574/1572
f 1619/1616/1614 1578/1576/1573 1618/1617/1613
f 1619/1616/1614 1580/1579/1575 1579/1577/1574
f 1621/1618/1616 1580/1579/1575 1620/1619/1615
f 1621/1618/1616 1582/1580/1577 1581/1578/1576
f 1623/1620/1618 1582/1580/1577 1622/1621/1617
f 1623/1620/1618 1584/1581/1579 1583/1582/1578
f 1625/1622/1620 1584/1581/1579 1624/1623/1619
f 1625/1622/1620 1586/1584/1581 1585/1583/1580
f 1627/1624/1622 1586/1584/1581 1626/1625/1621
f 1628/1626/1623 1587/1586/1582 1627/1624/1622
f 1628/1626/1623 1589/1588/1584 1588/1585/1583
f 1630/1627/1625 1589/1588/1584 1629/1628/1624
f 1631/1629/1626 1590/1587/1585 1630/1627/1625
f 1632/1630/1627 1591/1589/1586 1631/1629/1626
f 1633/1631/1628 1592/1590/1587 1632/1630/1627
f 1634/1632/1629 1593/1591/1588 1633/1631/1628
f 1635/1633/1630 1594/1592/1589 1634/1632/1629
f 1635/1633/1630 1596/1594/1591 1595/1593/1590
f 1636/1634/1631 1597/1595/1592 1596/1594/1591
f 1637/1635/1632 1598/1597/1593 1597/1595/1592
f 1638/1636/1633 1599/1596/1594 1598/1597/1593
f 1639/1637/1634 1600/1598/1595 1599/1596/1594
f 1641/1638/1636 1602/1601/1597 1601/1599/1596
f 1643/1639/1638 1602/1601/1597 1642/1640/1637
f 1644/1641/1639 1603/1600/1598 1643/1639/1638
f 1644/1641/1639 1605/1603/1600 1604/1602/1599
f 1645/1642/1640 1606/1604/1601 1605/1603/1600
f 1647/1643/1642 1606/1604/1601 1646/1644/1641
f 1648/1645/1643 1607/1606/1602 1647/1643/1642
f 1649/1646/1644 1608/1605/1603 1648/1645/1643
f 1650/1647/1645 1609/1607/1604 1649/1646/1644
f 1650/1647/1645 1611/1609/1606 1610/1608/1605
f 1651/1648/1646 1612/1611/1607 1611/1609/1606
f 1653/1649/1648 1612/1611/1607 1652/1650/1647
f 1653/1649/1648 1614/1612/1609 1613/1610/1608
f 1654/1651/1649 1615/1613/1610 1614/1612/1609
f 1656/1652/1651 1615/1613/1610 1655/1653/1650
f 1656/1652/1651 1617/1615/1612 1616/1614/1611
f 1658/1654/1653 1617/1615/1612 1657/1655/1652
f 1658/1654/1653 1619/1616/1614 1618/1617/1613
f 1660/1656/1655 1619/1616/1614 1659/1657/1654
f 1660/1656/1655 1621/1618/1616 1620/1619/1615
f 1661/1658/1656 1622/1621/1617 1621/1618/1616
f 1663/1659/1658 1622/1621/1617 1662/1660/1657
f 1664/1661/1659 1623/1620/1618 1663/1659/1658
f 1664/1661/1659 1625/1622/1620 1624/1623/1619
f 1666/1662/1661 1625/1622/1620 1665/1663/1660
f 1667/1664/1662 1626/1625/1621 1666/1662/1661
f 1667/1664/1662 1628/1626/1623 1627/1624/1622
f 1669/1665/1664 1628/1626/1623 1668/1666/1663
f 1669/1665/1664 1630/1627/1625 1629/1628/1624
f 1670/1667/1665 1631/1629/1626 1630/1627/1625
f 1672/1668/1667 1631/1629/1626 1671/1669/1666
f 1672/1668/1667 1633/1631/1628 1632/1630/1627
f 1674/1670/1669 1633/1631/1628 1673/1671/1668
f 1675/1672/1670 1634/1632/1629 1674/1670/1669
f 1675/1672/1670 1636/1634/1631 1635/1633/1630
f 1676/1673/1671 1637/1635/1632 1636/1634/1631
f 1678/1674/1673 1637/1635/1632 1677/1675/1672
f 1678/1674/1673 1639/1637/1634 1638/1636/1633
f 1679/1676/1674 1640/1677/1635 1639/1637/1634
f 1681/1678/1676 1642/1640/1637 1641/1638/1636
f 1682/1679/1677 1643/1639/1638 1642/1640/1637
f 1684/1680/1679 1643/1639/1638 1683/1681/1678
f 1684/1680/1679 1645/1642/1640 1644/1641/1639
f 1685/1682/1680 1646/1644/1641 1645/1642/1640
f 1687/1683/1682 1646/1644/1641 1686/1684/1681
f 1688/1685/1683 1647/1643/1642 1687/1683/1682
f 1689/1686/1684 1648/1645/1643 1688/1685/1683
f 1690/1687/1685 1649/1646/1644 1689/1686/1684
f 1690/1687/1685 1651/1648/1646 1650/1647/1645
f 1692/1688/1687 1651/1648/1646 1691/1689/1686
f 1692/1688/1687 1653/1649/1648 1652/1650/1647
f 1694/1690/1689 1653/1649/1648 1693/1691/1688
f 1695/1692/1690 1654/1651/1649 1694/1690/1689
f 1696/1693/1691 1655/1653/1650 1695/1692/1690
f 1696/1693/1691 1657/1655/1652 1656/1652/1651
f 1698/1694/1693 1657/1655/1652 1697/1695/1692
f 1698/1694/1693 1659/1657/1654 1658/1654/1653
f 1700/1696/1695 1659/1657/1654 1699/1697/1694
f 1700/1696/1695 1661/1658/1656 1660/1656/1655
f 1702/1698/1697 1661/1658/1656 1701/1699/1696
f 1703/1700/1698 1662/1660/1657 1702/1698/1697
f 1704/1701/1699 1663/1659/1658 1703/1700/1698
f 1705/1702/1700 1664/1661/1659 1704/1701/1699
f 1705/1702/1700 1666/1662/1661 1665/1663/1660
f 1706/1703/1701 1667/1664/1662 1666/1662/1661
f 1708/1704/1703 1667/1664/1662 1707/1705/1702
f 1708/1704/1703 1669/1665/1664 1668/1666/1663
f 1709/1706/1704 1670/1667/1665 1669/1665/1664
f 1711/1707/1706 1670/1667/1665 1710/1708/1705
f 1711/1707/1706 1672/1668/1667 1671/1669/1666
f 1712/1709/1707 1673/1671/1668 1672/1668/1667
f 1714/1710/1709 1673/1671/1668 1713/1711/1708
f 1715/1712/1710 1674/1670/1669 1714/1710/1709
f 1715/1712/1710 1676/1673/1671 1675/1672/1670
f 1717/1713/1712 1676/1673/1671 1716/1714/1711
f 1718/1715/1713 1677/1675/1672 1717/1713/1712
f 1718/1715/1713 1679/1676/1674 1678/1674/1673
f 1719/1716/1714 1680/1717/1675 1679/1676/1674
f 1721/1718/1716 1682/1679/1677 1681/1678/1676
f 1722/1719/1717 1683/1681/1678 1682/1679/1677
f 1724/1720/1719 1683/1681/1678 1723/1721/1718
f 1724/1720/1719 1685/1682/1680 1684/1680/1679
f 1725/1722/1720 1686/1684/1681 1685/1682/1680
f 1726/1723/1721 1687/1683/1682 1686/1684/1681
f 1727/1724/1722 1688/1685/1683 1687/1683/1682
f 1729/1725/1724 1688/1685/1683 1728/1726/1723
f 1729/1725/1724 1690/1687/1685 1689/1686/1684
f 1731/1727/1726 1690/1687/1685 1730/1728/1725
f 1731/1727/1726 1692/1688/1687 1691/1689/1686
f 1733/1729/1728 1692/1688/1687 1732/1730/1727
f 1734/1731/1729 1693/1691/1688 1733/1729/1728
f 1735/1732/1730 1694/1690/1689 1734/1731/1729
f 1736/1733/1731 1695/1692/1690 1735/1732/1730
f 1737/1734/1732 1696/1693/1691 1736/1733/1731
f 1738/1735/1733 1697/1695/1692 1737/1734/1732
f 1739/1736/1734 1698/1694/1693 1738/1735/1733
f 1739/1736/1734 1700/1696/1695 1699/1697/1694
f 1740/1737/1735 1701/1699/1696 1700/1696/1695
f 1741/1738/1736 1702/1698/1697 1701/1699/1696
f 1743/1739/1738 1702/1698/1697 1742/1740/1737
f 1743/1739/1738 1704/1701/1699 1703/1700/1698
f 1745/1741/1740 1704/1701/1699 1744/1742/1739
f 1746/1743/1741 1705/1702/1700 1745/1741/1740
f 1747/1744/1742 1706/1703/1701 1746/1743/1741
f 1748/1745/1743 1707/1705/1702 1747/1744/1742
f 1748/1745/1743 1709/1706/1704 1708/1704/1703
f 1749/1746/1744 1710/1708/1705 1709/1706/1704
f 1750/1747/1745 1711/1707/1706 1710/1708/1705
f 1751/1748/1746 1712/1709/1707 1711/1707/1706
f 1753/1749/1748 1712/1709/1707 1752/1750/1747
f 1754/1751/1749 1713/1711/1708 1753/1749/1748
f 1755/1752/1750 1714/1710/1709 1754/1751/1749
f 1755/1752/1750 1716/1714/1711 1715/1712/1710
f 1757/1753/1752 1716/1714/1711 1756/1754/1751
f 1758/1755/1753 1717/1713/1712 1757/1753/1752
f 1758/1755/1753 1719/1716/1714 1718/1715/1713
f 1759/1756/1754 1720/1757/1715 1719/1716/1714
f 1761/1758/1756 1722/1719/1717 1721/1718/1716
f 1763/1759/1758 1722/1719/1717 1762/1760/1757
f 1764/1761/1759 1723/1721/1718 1763/1759/1758
f 1765/1762/1760 1724/1720/1719 1764/1761/1759
f 1766/1763/1761 1725/1722/1720 1765/1762/1760
f 1766/1763/1761 1727/1724/1722 1726/1723/1721
f 1768/1764/1763 1727/1724/1722 1767/1765/1762
f 1769/1766/1764 1728/1726/1723 1768/1764/1763
f 1770/1767/1765 1729/1725/1724 1769/1766/1764
f 1771/1768/1766 1730/1728/1725 1770/1767/1765
f 1772/1769/1767 1731/1727/1726 1771/1768/1766
f 1773/1770/1768 1732/1730/1727 1772/1769/1767
f 1774/1771/1769 1733/1729/1728 1773/1770/1768
f 1774/1771/1769 1735/1732/1730 1734/1731/1729
f 1775/1772/1770 1736/1733/1731 1735/1732/1730
f 1776/1773/1771 1737/1734/1732 1736/1733/1731
f 1777/1774/1772 1738/1735/1733 1737/1734/1732
f 1779/1775/1774 1738/1735/1733 1778/1776/1773
f 1779/1775/1774 1740/1737/1735 1739/1736/1734
f 1781/1777/1776 1740/1737/1735 1780/1778/1775
f 1782/1779/1777 1741/1738/1736 1781/1777/1776
f 1782/1779/1777 1743/1739/1738 1742/1740/1737
f 1784/1780/1779 1743/1739/1738 1783/1781/1778
f 1784/1780/1779 1745/1741/1740 1744/1742/1739
f 1786/1782/1781 1745/1741/1740 1785/1783/1780
f 1787/1784/1782 1746/1743/1741 1786/1782/1781
f 1788/1785/1783 1747/1744/1742 1787/1784/1782
f 1789/1786/1784 1748/1745/1743 1788/1785/1783
f 1789/1786/1784 1750/1747/1745 1749/1746/1744
f 1790/1787/1785 1751/1748/1746 1750/1747/1745
f 1792/1788/1787 1751/1748/1746 1791/1789/1786
f 1792/1788/1787 1753/1749/1748 1752/1750/1747
f 1794/1790/1789 1753/1749/1748 1793/1791/1788
f 1795/1792/1790 1754/1751/1749 1794/1790/1789
f 1795/1792/1790 1756/1754/1751 1755/1752/1750
f 1797/1793/1792 1756/1754/1751 1796/1794/1791
f 1798/1795/1793 1757/1753/1752 1797/1793/1792
f 1798/1795/1793 1759/1756/1754 1758/1755/1753
f 1800/1796/1795 1759/1756/1754 1799/1797/1794
f 1801/1798/1796 1762/1760/1757 1761/1758/1756
f 1803/1799/1798 1762/1760/1757 1802/1800/1797
f 1804/1801/1799 1763/1759/1758 1803/1799/1798
f 1805/1802/1800 1764/1761/1759 1804/1801/1799
f 1805/1802/1800 1766/1763/1761 1765/1762/1760
f 1806/1803/1801 1767/1765/1762 1766/1763/1761
f 1807/1804/1802 1768/1764/1763 1767/1765/1762
f 1808/1805/1803 1769/1766/1764 1768/1764/1763
f 1809/1806/1804 1770/1767/1765 1769/1766/1764
f 1811/1807/1806 1770/1767/1765 1810/1808/1805
f 1811/1807/1806 1772/1769/1767 1771/1768/1766
f 1812/1809/1807 1773/1770/1768 1772/1769/1767
f 1813/1810/1808 1774/1771/1769 1773/1770/1768
f 1815/1811/1810 1774/1771/1769 1814/1812/1809
f 1815/1811/1810 1776/1773/1771 1775/1772/1770
f 1817/1813/1812 1776/1773/1771 1816/1814/1811
f 1817/1813/1812 1778/1776/1773 1777/1774/1772
f 1818/1815/1813 1779/1775/1774 1778/1776/1773
f 1819/1816/1814 1780/1778/1775 1779/1775/1774
f 1820/1817/1815 1781/1777/1776 1780/1778/1775
f 1822/1818/1817 1781/1777/1776 1821/1819/1816
f 1822/1818/1817 1783/1781/1778 1782/1779/1777
f 1824/1820/1819 1783/1781/1778 1823/1821/1818
f 1825/1822/1820 1784/1780/1779 1824/1820/1819
f 1825/1822/1820 1786/1782/1781 1785/1783/1780
f 1826/1823/1821 1787/1784/1782 1786/1782/1781
f 1828/1824/1823 1787/1784/1782 1827/1825/1822
f 1829/1826/1824 1788/1785/1783 1828/1824/1823
f 1829/1826/1824 1790/1787/1785 1789/1786/1784
f 1830/1827/1825 1791/1789/1786 1790/1787/1785
f 1831/1828/1826 1792/1788/1787 1791/1789/1786
f 1833/1829/1828 1792/1788/1787 1832/1830/1827
f 1834/1831/1829 1793/1791/1788 1833/1829/1828
f 1835/1832/1830 1794/1790/1789 1834/1831/1829
f 1835/1832/1830 1796/1794/1791 1795/1792/1790
f 1837/1833/1832 1796/1794/1791 1836/1834/1831
f 1837/1833/1832 1798/1795/1793 1797/1793/1792
f 1838/1835/1833 1799/1797/1794 1798/1795/1793
f 1840/1836/1835 1799/1797/1794 1839/1837/1834
f 1841/1838/1836 1802/1800/1797 1801/1798/1796
f 1843/1839/1838 1802/1800/1797 1842/1840/1837
f 1843/1839/1838 1804/1801/1799 1803/1799/1798
f 1845/1841/1840 1804/1801/1799 1844/1842/1839
f 1845/1841/1840 1806/1803/1801 1805/1802/1800
f 1846/1843/1841 1807/1804/1802 1806/1803/1801
f 1848/1844/1843 1807/1804/1802 1847/1845/1842
f 1848/1844/1843 1809/1806/1804 1808/1805/1803
f 1850/1846/1845 1809/1806/1804 1849/1847/1844
f 1851/1848/1846 1810/1808/1805 1850/1846/1845
f 1852/1849/1847 1811/1807/1806 1851/1848/1846
f 1852/1849/1847 1813/1810/1808 1812/1809/1807
f 1854/1850/1849 1813/1810/1808 1853/1851/1848
f 1854/1850/1849 1815/1811/1810 1814/1812/1809
f 1855/1852/1850 1816/1814/1811 1815/1811/1810
f 1856/1853/1851 1817/1813/1812 1816/1814/1811
f 1857/1854/1852 1818/1815/1813 1817/1813/1812
f 1859/1855/1854 1818/1815/1813 1858/1856/1853
f 1859/1855/1854 1820/1817/1815 1819/1816/1814
f 1860/1857/1855 1821/1819/1816 1820/1817/1815
f 1861/1858/1856 1822/1818/1817 1821/1819/1816
f 1862/1859/1857 1823/1821/1818 1822/1818/1817
f 1864/1860/1859 1823/1821/1818 1863/1861/1858
f 1864/1860/1859 1825/1822/1820 1824/1820/1819
f 1866/1862/1861 1825/1822/1820 1865/1863/1860
f 1867/1864/1862 1826/1823/1821 1866/1862/1861
f 1867/1864/1862 1828/1824/1823 1827/1825/1822
f 1869/1865/1864 1828/1824/1823 1868/1866/1863
f 1869/1865/1864 1830/1827/1825 1829/1826/1824
f 1871/1867/1866 1830/1827/1825 1870/1868/1865
f 1871/1867/1866 1832/1830/1827 1831/1828/1826
f 1872/1869/1867 1833/1829/1828 1832/1830/1827
f 1874/1870/1869 1833/1829/1828 1873/1871/1868
f 1875/1872/1870 1834/1831/1829 1874/1870/1869
f 1875/1872/1870 1836/1834/1831 1835/1832/1830
f 1877/1873/1872 1836/1834/1831 1876/1874/1871
f 1877/1873/1872 1838/1835/1833 1837/1833/1832
f 1878/1875/1873 1839/1837/1834 1838/1835/1833
f 1879/1876/1874 1840/1836/1835 1839/1837/1834
f 1881/1877/1876 1842/1840/1837 1841/1838/1836
f 1883/1878/1878 1842/1840/1837 1882/1879/1877
f 1884/1880/1879 1843/1839/1838 1883/1878/1878
f 1885/1881/1880 1844/1842/1839 1884/1880/1879
f 1885/1881/1880 1846/1843/1841 1845/1841/1840
f 1886/1882/1881 1847/1845/1842 1846/1843/1841
f 1888/1883/1883 1847/1845/1842 1887/1884/1882
f 1889/1885/1884 1848/1844/1843 1888/1883/1883
f 1889/1885/1884 1850/1846/1845 1849/1847/1844
f 1891/1886/1886 1850/1846/1845 1890/1887/1885
f 1892/1888/1887 1851/1848/1846 1891/1886/1886
f 1892/1888/1887 1853/1851/1848 1852/1849/1847
f 1893/1889/1888 1854/1850/1849 1853/1851/1848
f 1894/1890/1889 1855/1852/1850 1854/1850/1849
f 1896/1891/1891 1855/1852/1850 1895/1892/1890
f 1896/1891/1891 1857/1854/1852 1856/1853/1851
f 1898/1893/1893 1857/1854/1852 1897/1894/1892
f 1899/1895/1894 1858/1856/1853 1898/1893/1893
f 1899/1895/1894 1860/1857/1855 1859/1855/1854
f 1900/1896/1895 1861/1858/1856 1860/1857/1855
f 1901/1897/1896 1862/1859/1857 1861/1858/1856
f 1903/1898/1898 1862/1859/1857 1902/1899/1897
f 1903/1898/1898 1864/1860/1859 1863/1861/1858
f 1904/1900/1899 1865/1863/1860 1864/1860/1859
f 1906/1901/1901 1865/1863/1860 1905/1902/1900
f 1907/1903/1902 1866/1862/1861 1906/1901/1901
f 1907/1903/1902 1868/1866/1863 1867/1864/1862
f 1908/1904/1903 1869/1865/1864 1868/1866/1863
f 1910/1905/1905 1869/1865/1864 1909/1906/1904
f 1910/1905/1905 1871/1867/1866 1870/1868/1865
f 1911/1907/1906 1872/1869/1867 1871/1867/1866
f 1913/1908/1908 1872/1869/1867 1912/1909/1907
f 1914/1910/1909 1873/1871/1868 1913/1908/1908
f 1915/1911/1910 1874/1870/1869 1914/1910/1909
f 1916/1912/1911 1875/1872/1870 1915/1911/1910
f 1916/1912/1911 1877/1873/1872 1876/1874/1871
f 1917/1913/1912 1878/1875/1873 1877/1873/1872
f 1919/1914/1914 1878/1875/1873 1918/1915/1913
f 1919/1914/1914 1880/1916/1875 1879/1876/1874
f 1922/1917/1917 1881/1877/1876 1921/1918/1916
f 1923/1919/1918 1882/1879/1877 1922/1917/1917
f 1924/1920/1919 1883/1878/1878 1923/1919/1918
f 1924/1920/1919 1885/1881/1880 1884/1880/1879
f 1925/1921/1920 1886/1882/1881 1885/1881/1880
f 1926/1922/1921 1887/1884/1882 1886/1882/1881
f 1928/1923/1923 1887/1884/1882 1927/1924/1922
f 1928/1923/1923 1889/1885/1884 1888/1883/1883
f 1929/1925/1924 1890/1887/1885 1889/1885/1884
f 1930/1926/1925 1891/1886/1886 1890/1887/1885
f 1931/1927/1926 1892/1888/1887 1891/1886/1886
f 1933/1928/1928 1892/1888/1887 1932/1929/1927
f 1933/1928/1928 1894/1890/1889 1893/1889/1888
f 1935/1930/1930 1894/1890/1889 1934/1931/1929
f 1935/1930/1930 1896/1891/1891 1895/1892/1890
f 1936/1932/864 1897/1894/1892 1896/1891/1891
f 1938/1933/1932 1897/1894/1892 1937/1934/1931
f 1939/1935/1933 1898/1893/1893 1938/1933/1932
f 1939/1935/1933 1900/1896/1895 1899/1895/1894
f 1941/1936/1935 1900/1896/1895 1940/1937/1934
f 1941/1936/1935 1902/1899/1897 1901/1897/1896
f 1943/1938/1937 1902/1899/1897 1942/1939/1936
f 1944/1940/1938 1903/1898/1898 1943/1938/1937
f 1945/1941/1939 1904/1900/1899 1944/1940/1938
f 1945/1941/1939 1906/1901/1901 1905/1902/1900
f 1946/1942/1940 1907/1903/1902 1906/1901/1901
f 1947/1943/1941 1908/1904/1903 1907/1903/1902
f 1948/1944/1942 1909/1906/1904 1908/1904/1903
f 1950/1945/1944 1909/1906/1904 1949/1946/1943
f 1951/1947/1945 1910/1905/1905 1950/1945/1944
f 1951/1947/1945 1912/1909/1907 1911/1907/1906
f 1952/1948/1946 1913/1908/1908 1912/1909/1907
f 1954/1949/1948 1913/1908/1908 1953/1950/1947
f 1955/1951/1949 1914/1910/1909 1954/1949/1948
f 1956/1952/1950 1915/1911/1910 1955/1951/1949
f 1956/1952/1950 1917/1913/1912 1916/1912/1911
f 1957/1953/1951 1918/1915/1913 1917/1913/1912
f 1959/1954/1953 1918/1915/1913 1958/1955/1952
f 1960/1956/1954 1919/1914/1914 1959/1954/1953
f 1962/1957/1956 1921/1918/1916 1961/1958/1955
f 1963/1959/1957 1922/1917/1917 1962/1957/1956
f 1963/1959/1957 1924/1920/1919 1923/1919/1918
f 1965/1960/1959 1924/1920/1919 1964/1961/1958
f 1965/1960/1959 1926/1922/1921 1925/1921/1920
f 1966/1962/1960 1927/1924/1922 1926/1922/1921
f 1968/1963/1962 1927/1924/1922 1967/1964/1961
f 1969/1965/1963 1928/1923/1923 1968/1963/1962
f 1969/1965/1963 1930/1926/1925 1929/1925/1924
f 1971/1966/1965 1930/1926/1925 1970/1967/1964
f 1972/1968/1966 1931/1927/1926 1971/1966/1965
f 1972/1968/1966 1933/1928/1928 1932/1929/1927
f 1974/1969/1968 1933/1928/1928 1973/1970/1967
f 1974/1969/1968 1935/1930/1930 1934/1931/1929
f 1976/1971/1970 1935/1930/1930 1975/1972/1969
f 1977/1973/1971 1936/1932/864 1976/1971/1970
f 1977/1973/1971 1938/1933/1932 1937/1934/1931
f 1979/1974/1973 1938/1933/1932 1978/1975/1972
f 1979/1974/1973 1940/1937/1934 1939/1935/1933
f 1981/1976/1975 1940/1937/1934 1980/1977/1974
f 1981/1976/1975 1942/1939/1936 1941/1936/1935
f 1983/1978/1977 1942/1939/1936 1982/1979/1976
f 1983/1978/1977 1944/1940/1938 1943/1938/1937
f 1985/1980/1979 1944/1940/1938 1984/1981/1978
f 1985/1980/1979 1946/1942/1940 1945/1941/1939
f 1987/1982/1981 1946/1942/1940 1986/1983/1980
f 1987/1982/1981 1948/1944/1942 1947/1943/1941
f 1989/1984/1983 1948/1944/1942 1988/1985/1982
f 1989/1984/1983 1950/1945/1944 1949/1946/1943
f 1991/1986/1985 1950/1945/1944 1990/1987/1984
f 1992/1988/1986 1951/1947/1945 1991/1986/1985
f 1993/1989/1987 1952/1948/1946 1992/1988/1986
f 1993/1989/1987 1954/1949/1948 1953/1950/1947
f 1995/1990/1989 1954/1949/1948 1994/1991/1988
f 1996/1992/1990 1955/1951/1949 1995/1990/1989
f 1997/1993/1991 1956/1952/1950 1996/1992/1990
f 1997/1993/1991 1958/1955/1952 1957/1953/1951
f 1999/1994/1993 1958/1955/1952 1998/1995/1992
f 2000/1996/1994 1959/1954/1953 1999/1994/1993
f 2002/1997/1996 1961/1958/1955 2001/1998/1995
f 2002/1997/1996 1963/1959/1957 1962/1957/1956
f 2003/1999/1997 1964/1961/1958 1963/1959/1957
f 2005/2000/1999 1964/1961/1958 2004/2001/1998
f 2005/2000/1999 1966/1962/1960 1965/1960/1959
f 2006/2002/2000 1967/1964/1961 1966/1962/1960
f 2007/2003/2001 1968/1963/1962 1967/1964/1961
f 2008/2004/2002 1969/1965/1963 1968/1963/1962
f 2010/2005/2004 1969/1965/1963 2009/2006/2003
f 2010/2005/2004 1971/1966/1965 1970/1967/1964
f 2011/2007/2005 1972/1968/1966 1971/1966/1965
f 2013/2008/2007 1972/1968/1966 2012/2009/2006
f 2013/2008/2007 1974/1969/1968 1973/1970/1967
f 2014/2010/2008 1975/1972/1969 1974/1969/1968
f 2015/2011/2009 1976/1971/1970 1975/1972/1969
f 2017/2012/2011 1976/1971/1970 2016/2013/2010
f 2018/2014/2012 1977/1973/1971 2017/2012/2011
f 2018/2014/2012 1979/1974/1973 1978/1975/1972
f 2020/2015/2014 1979/1974/1973 2019/2016/2013
f 2020/2015/2014 1981/1976/1975 1980/1977/1974
f 2022/2017/2016 1981/1976/1975 2021/2018/2015
f 2022/2017/2016 1983/1978/1977 1982/1979/1976
f 2024/2019/2018 1983/1978/1977 2023/2020/2017
f 2024/2019/2018 1985/1980/1979 1984/1981/1978
f 2026/2021/2020 1985/1980/1979 2025/2022/2019
f 2026/2021/2020 1987/1982/1981 1986/1983/1980
f 2027/2023/2021 1988/1985/1982 1987/1982/1981
f 2029/2024/2023 1988/1985/1982 2028/2025/2022
f 2029/2024/2023 1990/1987/1984 1989/1984/1983
f 2031/2026/2025 1990/1987/1984 2030/2027/2024
f 2031/2026/2025 1992/1988/1986 1991/1986/1985
f 2032/2028/2026 1993/1989/1987 1992/1988/1986
f 2034/2029/2028 1993/1989/1987 2033/2030/2027
f 2035/2031/2029 1994/1991/1988 2034/2029/2028
f 2036/2032/2030 1995/1990/1989 2035/2031/2029
f 2037/2033/2031 1996/1992/1990 2036/2032/2030
f 2038/2034/2032 1997/1993/1991 2037/2033/2031
f 2038/2034/2032 1999/1994/1993 1998/1995/1992
f 2040/2035/2034 1999/1994/1993 2039/2036/2033
f 2042/2037/2036 2001/1998/1995 2041/2038/2035
f 2042/2037/2036 2003/1999/1997 2002/1997/1996
f 2043/2039/2037 2004/2001/1998 2003/1999/1997
f 2045/2040/2039 2004/2001/1998 2044/2041/2038
f 2046/2042/2040 2005/2000/1999 2045/2040/2039
f 2047/2043/2041 2006/2002/2000 2046/2042/2040
f 2048/2044/2042 2007/2003/2001 2047/2043/2041
f 2049/2045/2043 2008/2004/2002 2048/2044/2042
f 2050/2046/2044 2009/2006/2003 2049/2045/2043
f 2050/2046/2044 2011/2007/2005 2010/2005/2004
f 2052/2047/2046 2011/2007/2005 2051/2048/2045
f 2052/2047/2046 2013/2008/2007 2012/2009/2006
f 2054/2049/2048 2013/2008/2007 2053/2050/2047
f 2055/2051/2049 2014/2010/2008 2054/2049/2048
f 2056/2052/2050 2015/2011/2009 2055/2051/2049
f 2056/2052/2050 2017/2012/2011 2016/2013/2010
f 2058/2053/2052 2017/2012/2011 2057/2054/2051
f 2059/2055/2053 2018/2014/2012 2058/2053/2052
f 2059/2055/2053 2020/2015/2014 2019/2016/2013
f 2060/2056/2054 2021/2018/2015 2020/2015/2014
f 2061/2057/2055 2022/2017/2016 2021/2018/2015
f 2063/2058/2057 2022/2017/2016 2062/2059/2056
f 2063/2058/2057 2024/2019/2018 2023/2020/2017
f 2065/2060/2059 2024/2019/2018 2064/2061/2058
f 2065/2060/2059 2026/2021/2020 2025/2022/2019
f 2067/2062/2061 2026/2021/2020 2066/2063/2060
f 2068/2064/2062 2027/2023/2021 2067/2062/2061
f 2069/2065/2063 2028/2025/2022 2068/2064/2062
f 2070/2066/2064 2029/2024/2023 2069/2065/2063
f 2071/2067/2065 2030/2027/2024 2070/2066/2064
f 2071/2067/2065 2032/2028/2026 2031/2026/2025
f 2073/2068/2067 2032/2028/2026 2072/2069/2066
f 2074/2070/2068 2033/2030/2027 2073/2068/2067
f 2075/2071/2069 2034/2029/2028 2074/2070/2068
f 2076/2072/2070 2035/2031/2029 2075/2071/2069
f 2077/2073/2071 2036/2032/2030 2076/2072/2070
f 2078/2074/2072 2037/2033/2031 2077/2073/2071
f 2078/2074/2072 2039/2036/2033 2038/2034/2032
f 2080/2075/2074 2039/2036/2033 2079/2076/2073
f 2082/2077/2076 2041/2038/2035 2081/2078/2075
f 2082/2077/2076 2043/2039/2037 2042/2037/2036
f 2083/2079/2077 2044/2041/2038 2043/2039/2037
f 2085/2080/2079 2044/2041/2038 2084/2081/2078
f 2086/2082/2080 2045/2040/2039 2085/2080/2079
f 2087/2083/2081 2046/2042/2040 2086/2082/2080
f 2087/2083/2081 2048/2044/2042 2047/2043/2041
f 2088/2084/2082 2049/2045/2043 2048/2044/2042
f 2090/2085/2084 2049/2045/2043 2089/2086/2083
f 2091/2087/2085 2050/2046/2044 2090/2085/2084
f 2091/2087/2085 2052/2047/2046 2051/2048/2045
f 2093/2088/2087 2052/2047/2046 2092/2089/2086
f 2094/2090/2088 2053/2050/2047 2093/2088/2087
f 2095/2091/2089 2054/2049/2048 2094/2090/2088
f 2095/2091/2089 2056/2052/2050 2055/2051/2049
f 2097/2092/2091 2056/2052/2050 2096/2093/2090
f 2097/2092/2091 2058/2053/2052 2057/2054/2051
f 2098/2094/2092 2059/2055/2053 2058/2053/2052
f 2100/2095/2094 2059/2055/2053 2099/2096/2093
f 2101/2097/2095 2060/2056/2054 2100/2095/2094
f 2101/2097/2095 2062/2059/2056 2061/2057/2055
f 2103/2098/2097 2062/2059/2056 2102/2099/2096
f 2103/2098/2097 2064/2061/2058 2063/2058/2057
f 2104/2100/2098 2065/2060/2059 2064/2061/2058
f 2106/2101/2100 2065/2060/2059 2105/2102/2099
f 2106/2101/2100 2067/2062/2061 2066/2063/2060
f 2108/2103/2102 2067/2062/2061 2107/2104/2101
f 2109/2105/2103 2068/2064/2062 2108/2103/2102
f 2109/2105/2103 2070/2066/2064 2069/2065/2063
f 2110/2106/2104 2071/2067/2065 2070/2066/2064
f 2112/2107/2106 2071/2067/2065 2111/2108/2105
f 2113/2109/2107 2072/2069/2066 2112/2107/2106
f 2114/2110/2108 2073/2068/2067 2113/2109/2107
f 2115/2111/2109 2074/2070/2068 2114/2110/2108
f 2116/2112/2110 2075/2071/2069 2115/2111/2109
f 2117/2113/2111 2076/2072/2070 2116/2112/2110
f 2118/2114/2112 2077/2073/2071 2117/2113/2111
f 2118/2114/2112 2079/2076/2073 2078/2074/2072
f 2120/2115/2114 2079/2076/2073 2119/2116/2113
f 2122/2117/2116 2081/2078/2075 2121/2118/2115
f 2122/2117/2116 2083/2079/2077 2082/2077/2076
f 2123/2119/2117 2084/2081/2078 2083/2079/2077
f 2125/2120/2119 2084/2081/2078 2124/2121/2118
f 2126/2122/2120 2085/2080/2079 2125/2120/2119
f 2127/2123/2121 2086/2082/2080 2126/2122/2120
f 2127/2123/2121 2088/2084/2082 2087/2083/2081
f 2128/2124/2122 2089/2086/2083 2088/2084/2082
f 2130/2125/2124 2089/2086/2083 2129/2126/2123
f 2130/2125/2124 2091/2087/2085 2090/2085/2084
f 2132/2127/2126 2091/2087/2085 2131/2128/2125
f 2132/2127/2126 2093/2088/2087 2092/2089/2086
f 2134/2129/2128 2093/2088/2087 2133/2130/2127
f 2135/2131/2129 2094/2090/2088 2134/2129/2128
f 2135/2131/2129 2096/2093/2090 2095/2091/2089
f 2136/2132/2130 2097/2092/2091 2096/2093/2090
f 2137/2133/2131 2098/2094/2092 2097/2092/2091
f 2139/2134/2133 2098/2094/2092 2138/2135/2132
f 2139/2134/2133 2100/2095/2094 2099/2096/2093
f 2140/2136/2134 2101/2097/2095 2100/2095/2094
f 2142/2137/2136 2101/2097/2095 2141/2138/2135
f 2143/2139/2137 2102/2099/2096 2142/2137/2136
f 2143/2139/2137 2104/2100/2098 2103/2098/2097
f 2144/2140/2138 2105/2102/2099 2104/2100/2098
f 2146/2141/2140 2105/2102/2099 2145/2142/2139
f 2147/2143/2141 2106/2101/2100 2146/2141/2140
f 2147/2143/2141 2108/2103/2102 2107/2104/2101
f 2148/2144/2142 2109/2105/2103 2108/2103/2102
f 2150/2145/2144 2109/2105/2103 2149/2146/2143
f 2151/2147/2145 2110/2106/2104 2150/2145/2144
f 2151/2147/2145 2112/2107/2106 2111/2108/2105
f 2152/2148/2146 2113/2109/2107 2112/2107/2106
f 2153/2149/2147 2114/2110/2108 2113/2109/2107
f 2154/2150/2148 2115/2111/2109 2114/2110/2108
f 2156/2151/2150 2115/2111/2109 2155/2152/2149
f 2157/2153/2151 2116/2112/2110 2156/2151/2150
f 2158/2154/2152 2117/2113/2111 2157/2153/2151
f 2159/2155/2153 2118/2114/2112 2158/2154/2152
f 2159/2155/2153 2120/2115/2114 2119/2116/2113
f 2161/2156/2155 2122/2117/2116 2121/2118/2115
f 2163/2157/2157 2122/2117/2116 2162/2158/2156
f 2164/2159/2158 2123/2119/2117 2163/2157/2157
f 2164/2159/2158 2125/2120/2119 2124/2121/2118
f 2166/2160/2160 2125/2120/2119 2165/2161/2159
f 2166/2160/2160 2127/2123/2121 2126/2122/2120
f 2167/2162/2161 2128/2124/2122 2127/2123/2121
f 2168/2163/2162 2129/2126/2123 2128/2124/2122
f 2170/2164/2164 2129/2126/2123 2169/2165/2163
f 2170/2164/2164 2131/2128/2125 2130/2125/2124
f 2171/2166/2165 2132/2127/2126 2131/2128/2125
f 2173/2167/2167 2132/2127/2126 2172/2168/2166
f 2174/2169/2168 2133/2130/2127 2173/2167/2167
f 2175/2170/2169 2134/2129/2128 2174/2169/2168
f 2176/2171/2170 2135/2131/2129 2175/2170/2169
f 2177/2172/2171 2136/2132/2130 2176/2171/2170
f 2177/2172/2171 2138/2135/2132 2137/2133/2131
f 2178/2173/2172 2139/2134/2133 2138/2135/2132
f 2180/2174/2174 2139/2134/2133 2179/2175/2173
f 2181/2176/2175 2140/2136/2134 2180/2174/2174
f 2181/2176/2175 2142/2137/2136 2141/2138/2135
f 2182/2177/2176 2143/2139/2137 2142/2137/2136
f 2184/2178/2178 2143/2139/2137 2183/2179/2177
f 2185/2180/2179 2144/2140/2138 2184/2178/2178
f 2185/2180/2179 2146/2141/2140 2145/2142/2139
f 2186/2181/2180 2147/2143/2141 2146/2141/2140
f 2187/2182/2181 2148/2144/2142 2147/2143/2141
f 2189/2183/2183 2148/2144/2142 2188/2184/2182
f 2189/2183/2183 2150/2145/2144 2149/2146/2143
f 2191/2185/2185 2150/2145/2144 2190/2186/2184
f 2191/2185/2185 2152/2148/2146 2151/2147/2145
f 2193/2187/2187 2152/2148/2146 2192/2188/2186
f 2194/2189/2188 2153/2149/2147 2193/2187/2187
f 2195/2190/2189 2154/2150/2148 2194/2189/2188
f 2196/2191/2190 2155/2152/2149 2195/2190/2189
f 2197/2192/2191 2156/2151/2150 2196/2191/2190
f 2198/2193/2192 2157/2153/2151 2197/2192/2191
f 2199/2194/2193 2158/2154/2152 2198/2193/2192
f 2199/2194/2193 2160/2195/2154 2159/2155/2153
f 2201/2196/2195 2162/2158/2156 2161/2156/2155
f 2203/2197/2197 2162/2158/2156 2202/2198/2196
f 2204/2199/2198 2163/2157/2157 2203/2197/2197
f 2204/2199/2198 2165/2161/2159 2164/2159/2158
f 2205/2200/2199 2166/2160/2160 2165/2161/2159
f 2206/2201/2200 2167/2162/2161 2166/2160/2160
f 2207/2202/2201 2168/2163/2162 2167/2162/2161
f 2209/2203/2203 2168/2163/2162 2208/2204/2202
f 2210/2205/2204 2169/2165/2163 2209/2203/2203
f 2211/2206/2205 2170/2164/2164 2210/2205/2204
f 2212/2207/2206 2171/2166/2165 2211/2206/2205
f 2212/2207/2206 2173/2167/2167 2172/2168/2166
f 2213/2208/2207 2174/2169/2168 2173/2167/2167
f 2215/2209/2209 2174/2169/2168 2214/2210/2208
f 2216/2211/2210 2175/2170/2169 2215/2209/2209
f 2217/2212/2211 2176/2171/2170 2216/2211/2210
f 2217/2212/2211 2178/2173/2172 2177/2172/2171
f 2219/2213/2213 2178/2173/2172 2218/2214/2212
f 2220/2215/2214 2179/2175/2173 2219/2213/2213
f 2220/2215/2214 2181/2176/2175 2180/2174/2174
f 2221/2216/2215 2182/2177/2176 2181/2176/2175
f 2222/2217/2216 2183/2179/2177 2182/2177/2176
f 2224/2218/2218 2183/2179/2177 2223/2219/2217
f 2224/2218/2218 2185/2180/2179 2184/2178/2178
f 2226/2220/2220 2185/2180/2179 2225/2221/2219
f 2227/2222/2221 2186/2181/2180 2226/2220/2220
f 2228/2223/2222 2187/2182/2181 2227/2222/2221
f 2228/2223/2222 2189/2183/2183 2188/2184/2182
f 2229/2224/2223 2190/2186/2184 2189/2183/2183
f 2230/2225/2224 2191/2185/2185 2190/2186/2184
f 2232/2226/2226 2191/2185/2185 2231/2227/2225
f 2232/2226/2226 2193/2187/2187 2192/2188/2186
f 2234/2228/2228 2193/2187/2187 2233/2229/2227
f 2235/2230/2229 2194/2189/2188 2234/2228/2228
f 2236/2231/2230 2195/2190/2189 2235/2230/2229
f 2237/2232/2231 2196/2191/2190 2236/2231/2230
f 2238/2233/2232 2197/2192/2191 2237/2232/2231
f 2239/2234/2233 2198/2193/2192 2238/2233/2232
f 2239/2234/2233 2200/2235/2194 2199/2194/2193
f 2241/2236/2235 2202/2198/2196 2201/2196/2195
f 2243/2237/2237 2202/2198/2196 2242/2238/2236
f 2244/2239/2238 2203/2197/2197 2243/2237/2237
f 2244/2239/2238 2205/2200/2199 2204/2199/2198
f 2245/2240/2239 2206/2201/2200 2205/2200/2199
f 2246/2241/2240 2207/2202/2201 2206/2201/2200
f 2247/2242/2241 2208/2204/2202 2207/2202/2201
f 2248/2243/2242 2209/2203/2203 2208/2204/2202
f 2250/2244/2244 2209/2203/2203 2249/2245/2243
f 2250/2244/2244 2211/2206/2205 2210/2205/2204
f 2252/2246/2246 2211/2206/2205 2251/2247/2245
f 2252/2246/2246 2213/2208/2207 2212/2207/2206
f 2254/2248/2248 2213/2208/2207 2253/2249/2247
f 2254/2248/2248 2215/2209/2209 2214/2210/2208
f 2255/2250/2249 2216/2211/2210 2215/2209/2209
f 2256/2251/2250 2217/2212/2211 2216/2211/2210
f 2258/2252/2252 2217/2212/2211 2257/2253/2251
f 2258/2252/2252 2219/2213/2213 2218/2214/2212
f 2260/2254/2254 2219/2213/2213 2259/2255/2253
f 2260/2254/2254 2221/2216/2215 2220/2215/2214
f 2262/2256/2256 2221/2216/2215 2261/2257/2255
f 2263/2258/2257 2222/2217/2216 2262/2256/2256
f 2263/2258/2257 2224/2218/2218 2223/2219/2217
f 2265/2259/2259 2224/2218/2218 2264/2260/2258
f 2265/2259/2259 2226/2220/2220 2225/2221/2219
f 2266/2261/2260 2227/2222/2221 2226/2220/2220
f 2267/2262/2261 2228/2223/2222 2227/2222/2221
f 2269/2263/2263 2228/2223/2222 2268/2264/2262
f 2270/2265/2264 2229/2224/2223 2269/2263/2263
f 2270/2265/2264 2231/2227/2225 2230/2225/2224
f 2271/2266/2265 2232/2226/2226 2231/2227/2225
f 2273/2267/2267 2232/2226/2226 2272/2268/2266
f 2273/2267/2267 2234/2228/2228 2233/2229/2227
f 2275/2269/2269 2234/2228/2228 2274/2270/2268
f 2276/2271/2104 2235/2230/2229 2275/2269/2269
f 2277/2272/2270 2236/2231/2230 2276/2271/2104
f 2278/2273/2271 2237/2232/2231 2277/2272/2270
f 2279/2274/2272 2238/2233/2232 2278/2273/2271
f 2279/2274/2272 2240/2275/2234 2239/2234/2233
f 2281/2276/2274 2242/2238/2236 2241/2236/2235
f 2283/2277/2276 2242/2238/2236 2282/2278/2275
f 2284/2279/2277 2243/2237/2237 2283/2277/2276
f 2285/2280/2278 2244/2239/2238 2284/2279/2277
f 2286/2281/2279 2245/2240/2239 2285/2280/2278
f 2286/2281/2279 2247/2242/2241 2246/2241/2240
f 2287/2282/2280 2248/2243/2242 2247/2242/2241
f 2289/2283/2282 2248/2243/2242 2288/2284/2281
f 2289/2283/2282 2250/2244/2244 2249/2245/2243
f 2291/2285/2284 2250/2244/2244 2290/2286/2283
f 2291/2285/2284 2252/2246/2246 2251/2247/2245
f 2293/2287/2286 2252/2246/2246 2292/2288/2285
f 2293/2287/2286 2254/2248/2248 2253/2249/2247
f 2295/2289/2288 2254/2248/2248 2294/2290/2287
f 2295/2289/2288 2256/2251/2250 2255/2250/2249
f 2297/2291/2290 2256/2251/2250 2296/2292/2289
f 2297/2291/2290 2258/2252/2252 2257/2253/2251
f 2299/2293/2292 2258/2252/2252 2298/2294/2291
f 2299/2293/2292 2260/2254/2254 2259/2255/2253
f 2301/2295/2294 2260/2254/2254 2300/2296/2293
f 2301/2295/2294 2262/2256/2256 2261/2257/2255
f 2303/2297/2296 2262/2256/2256 2302/2298/2295
f 2303/2297/2296 2264/2260/2258 2263/2258/2257
f 2305/2299/2298 2264/2260/2258 2304/2300/2297
f 2305/2299/2298 2266/2261/2260 2265/2259/2259
f 2307/2301/2300 2266/2261/2260 2306/2302/2299
f 2308/2303/2301 2267/2262/2261 2307/2301/2300
f 2308/2303/2301 2269/2263/2263 2268/2264/2262
f 2310/2304/2303 2269/2263/2263 2309/2305/2302
f 2311/2306/2304 2270/2265/2264 2310/2304/2303
f 2312/2307/2305 2271/2266/2265 2311/2306/2304
f 2312/2307/2305 2273/2267/2267 2272/2268/2266
f 2314/2308/2307 2273/2267/2267 2313/2309/2306
f 2315/2310/2308 2274/2270/2268 2314/2308/2307
f 2316/2311/2309 2275/2269/2269 2315/2310/2308
f 2317/2312/2310 2276/2271/2104 2316/2311/2309
f 2318/2313/2311 2277/2272/2270 2317/2312/2310
f 2319/2314/2312 2278/2273/2271 2318/2313/2311
f 2320/2315/2313 2279/2274/2272 2319/2314/2312
f 2322/2316/2315 2281/2276/2274 2321/2317/2314
f 2323/2318/2316 2282/2278/2275 2322/2316/2315
f 2324/2319/2317 2283/2277/2276 2323/2318/2316
f 2325/2320/2318 2284/2279/2277 2324/2319/2317
f 2326/2321/2319 2285/2280/2278 2325/2320/2318
f 2326/2321/2319 2287/2282/2280 2286/2281/2279
f 2327/2322/2320 2288/2284/2281 2287/2282/2280
f 2328/2323/2321 2289/2283/2282 2288/2284/2281
f 2330/2324/2323 2289/2283/2282 2329/2325/2322
f 2331/2326/2324 2290/2286/2283 2330/2324/2323
f 2332/2327/2325 2291/2285/2284 2331/2326/2324
f 2333/2328/2326 2292/2288/2285 2332/2327/2325
f 2334/2329/2327 2293/2287/2286 2333/2328/2326
f 2334/2329/2327 2295/2289/2288 2294/2290/2287
f 2335/2330/2328 2296/2292/2289 2295/2289/2288
f 2337/2331/2330 2296/2292/2289 2336/2332/2329
f 2338/2333/2331 2297/2291/2290 2337/2331/2330
f 2339/2334/2332 2298/2294/2291 2338/2333/2331
f 2340/2335/2333 2299/2293/2292 2339/2334/2332
f 2341/2336/2334 2300/2296/2293 2340/2335/2333
f 2341/2336/2334 2302/2298/2295 2301/2295/2294
f 2343/2337/2336 2302/2298/2295 2342/2338/2335
f 2344/2339/2337 2303/2297/2296 2343/2337/2336
f 2344/2339/2337 2305/2299/2298 2304/2300/2297
f 2346/2340/2339 2305/2299/2298 2345/2341/2338
f 2346/2340/2339 2307/2301/2300 2306/2302/2299
f 2347/2342/2340 2308/2303/2301 2307/2301/2300
f 2348/2343/2341 2309/2305/2302 2308/2303/2301
f 2350/2344/2343 2309/2305/2302 2349/2345/2342
f 2350/2344/2343 2311/2306/2304 2310/2304/2303
f 2351/2346/2344 2312/2307/2305 2311/2306/2304
f 2353/2347/2346 2312/2307/2305 2352/2348/2345
f 2354/2349/2347 2313/2309/2306 2353/2347/2346
f 2354/2349/2347 2315/2310/2308 2314/2308/2307
f 2356/2350/2349 2315/2310/2308 2355/2351/2348
f 2356/2350/2349 2317/2312/2310 2316/2311/2309
f 2358/2352/2351 2317/2312/2310 2357/2353/2350
f 2359/2354/2352 2318/2313/2311 2358/2352/2351
f 2360/2355/2353 2319/2314/2312 2359/2354/2352
f 2362/2356/2355 2321/2317/2314 2361/2357/2354
f 2362/2356/2355 2323/2318/2316 2322/2316/2315
f 2363/2358/2356 2324/2319/2317 2323/2318/2316
f 2364/2359/2357 2325/2320/2318 2324/2319/2317
f 2365/2360/2358 2326/2321/2319 2325/2320/2318
f 2366/2361/2359 2327/2322/2320 2326/2321/2319
f 2367/2362/2360 2328/2323/2321 2327/2322/2320
f 2368/2363/2361 2329/2325/2322 2328/2323/2321
f 2370/2364/2363 2329/2325/2322 2369/2365/2362
f 2371/2366/2364 2330/2324/2323 2370/2364/2363
f 2371/2366/2364 2332/2327/2325 2331/2326/2324
f 2373/2367/2366 2332/2327/2325 2372/2368/2365
f 2373/2367/2366 2334/2329/2327 2333/2328/2326
f 2374/2369/2367 2335/2330/2328 2334/2329/2327
f 2376/2370/2369 2335/2330/2328 2375/2371/2368
f 2376/2370/2369 2337/2331/2330 2336/2332/2329
f 2377/2372/2370 2338/2333/2331 2337/2331/2330
f 2379/2373/2372 2338/2333/2331 2378/2374/2371
f 2379/2373/2372 2340/2335/2333 2339/2334/2332
f 2381/2375/2374 2340/2335/2333 2380/2376/2373
f 2382/2377/2375 2341/2336/2334 2381/2375/2374
f 2383/2378/2376 2342/2338/2335 2382/2377/2375
f 2383/2378/2376 2344/2339/2337 2343/2337/2336
f 2384/2379/2377 2345/2341/2338 2344/2339/2337
f 2386/2380/2379 2345/2341/2338 2385/2381/2378
f 2386/2380/2379 2347/2342/2340 2346/2340/2339
f 2388/2382/2381 2347/2342/2340 2387/2383/2380
f 2389/2384/2382 2348/2343/2341 2388/2382/2381
f 2389/2384/2382 2350/2344/2343 2349/2345/2342
f 2391/2385/2384 2350/2344/2343 2390/2386/2383
f 2392/2387/2385 2351/2346/2344 2391/2385/2384
f 2392/2387/2385 2353/2347/2346 2352/2348/2345
f 2393/2388/2386 2354/2349/2347 2353/2347/2346
f 2394/2389/2387 2355/2351/2348 2354/2349/2347
f 2395/2390/2388 2356/2350/2349 2355/2351/2348
f 2396/2391/2389 2357/2353/2350 2356/2350/2349
f 2398/2392/2391 2357/2353/2350 2397/2393/2390
f 2399/2394/2392 2358/2352/2351 2398/2392/2391
f 2400/2395/2393 2359/2354/2352 2399/2394/2392
f 2402/2396/2395 2361/2357/2354 2401/2397/2394
f 2402/2396/2395 2363/2358/2356 2362/2356/2355
f 2403/2398/2396 2364/2359/2357 2363/2358/2356
f 2404/2399/2397 2365/2360/2358 2364/2359/2357
f 2405/2400/2398 2366/2361/2359 2365/2360/2358
f 2406/2401/2399 2367/2362/2360 2366/2361/2359
f 2407/2402/2400 2368/2363/2361 2367/2362/2360
f 2409/2403/2402 2368/2363/2361 2408/2404/2401
f 2410/2405/2403 2369/2365/2362 2409/2403/2402
f 2410/2405/2403 2371/2366/2364 2370/2364/2363
f 2411/2406/2404 2372/2368/2365 2371/2366/2364
f 2413/2407/2406 2372/2368/2365 2412/2408/2405
f 2414/2409/2407 2373/2367/2366 2413/2407/2406
f 2414/2409/2407 2375/2371/2368 2374/2369/2367
f 2415/2410/2408 2376/2370/2369 2375/2371/2368
f 2417/2411/2410 2376/2370/2369 2416/2412/2409
f 2418/2413/2411 2377/2372/2370 2417/2411/2410
f 2418/2413/2411 2379/2373/2372 2378/2374/2371
f 2420/2414/2413 2379/2373/2372 2419/2415/2412
f 2421/2416/2414 2380/2376/2373 2420/2414/2413
f 2421/2416/2414 2382/2377/2375 2381/2375/2374
f 2422/2417/2415 2383/2378/2376 2382/2377/2375
f 2423/2418/2416 2384/2379/2377 2383/2378/2376
f 2424/2419/2417 2385/2381/2378 2384/2379/2377
f 2426/2420/2419 2385/2381/2378 2425/2421/2418
f 2427/2422/2420 2386/2380/2379 2426/2420/2419
f 2428/2423/2421 2387/2383/2380 2427/2422/2420
f 2428/2423/2421 2389/2384/2382 2388/2382/2381
f 2430/2424/2423 2389/2384/2382 2429/2425/2422
f 2430/2424/2423 2391/2385/2384 2390/2386/2383
f 2432/2426/2425 2391/2385/2384 2431/2427/2424
f 2432/2426/2425 2393/2388/2386 2392/2387/2385
f 2434/2428/2427 2393/2388/2386 2433/2429/2426
f 2434/2428/2427 2395/2390/2388 2394/2389/2387
f 2435/2430/2428 2396/2391/2389 2395/2390/2388
f 2436/2431/2429 2397/2393/2390 2396/2391/2389
f 2438/2432/2431 2397/2393/2390 2437/2433/2430
f 2439/2434/2432 2398/2392/2391 2438/2432/2431
f 2440/2435/2433 2399/2394/2392 2439/2434/2432
f 2442/2436/2435 2401/2397/2394 2441/2437/2434
f 2443/2438/2436 2402/2396/2395 2442/2436/2435
f 2443/2438/2436 2404/2399/2397 2403/2398/2396
f 2444/2439/2437 2405/2400/2398 2404/2399/2397
f 2445/2440/2438 2406/2401/2399 2405/2400/2398
f 2446/2441/2439 2407/2402/2400 2406/2401/2399
f 2448/2442/2441 2407/2402/2400 2447/2443/2440
f 2448/2442/2441 2409/2403/2402 2408/2404/2401
f 2450/2444/2443 2409/2403/2402 2449/2445/2442
f 2450/2444/2443 2411/2406/2404 2410/2405/2403
f 2452/2446/2445 2411/2406/2404 2451/2447/2444
f 2453/2448/2446 2412/2408/2405 2452/2446/2445
f 2454/2449/2447 2413/2407/2406 2453/2448/2446
f 2455/2450/2448 2414/2409/2407 2454/2449/2447
f 2456/2451/2449 2415/2410/2408 2455/2450/2448
f 2456/2451/2449 2417/2411/2410 2416/2412/2409
f 2457/2452/2450 2418/2413/2411 2417/2411/2410
f 2459/2453/2452 2418/2413/2411 2458/2454/2451
f 2459/2453/2452 2420/2414/2413 2419/2415/2412
f 2460/2455/2453 2421/2416/2414 2420/2414/2413
f 2461/2456/2454 2422/2417/2415 2421/2416/2414
f 2463/2457/2456 2422/2417/2415 2462/2458/2455
f 2464/2459/2457 2423/2418/2416 2463/2457/2456
f 2465/2460/2458 2424/2419/2417 2464/2459/2457
f 2466/2461/2459 2425/2421/2418 2465/2460/2458
f 2466/2461/2459 2427/2422/2420 2426/2420/2419
f 2467/2462/2460 2428/2423/2421 2427/2422/2420
f 2469/2463/2462 2428/2423/2421 2468/2464/2461
f 2470/2465/2463 2429/2425/2422 2469/2463/2462
f 2471/2466/2464 2430/2424/2423 2470/2465/2463
f 2471/2466/2464 2432/2426/2425 2431/2427/2424
f 2473/2467/2466 2432/2426/2425 2472/2468/2465
f 2473/2467/2466 2434/2428/2427 2433/2429/2426
f 2474/2469/2467 2435/2430/2428 2434/2428/2427
f 2476/2470/2469 2435/2430/2428 2475/2471/2468
f 2476/2470/2469 2437/2433/2430 2436/2431/2429
f 2478/2472/2471 2437/2433/2430 2477/2473/2470
f 2479/2474/2472 2438/2432/2431 2478/2472/2471
f 2480/2475/2473 2439/2434/2432 2479/2474/2472
f 2482/2476/2475 2441/2437/2434 2481/2477/2474
f 2483/2478/2476 2442/2436/2435 2482/2476/2475
f 2483/2478/2476 2444/2439/2437 2443/2438/2436
f 2484/2479/2477 2445/2440/2438 2444/2439/2437
f 2485/2480/2478 2446/2441/2439 2445/2440/2438
f 2487/2481/2480 2446/2441/2439 2486/2482/2479
f 2487/2481/2480 2448/2442/2441 2447/2443/2440
f 2488/2483/2481 2449/2445/2442 2448/2442/2441
f 2490/2484/2483 2449/2445/2442 2489/2485/2482
f 2491/2486/2484 2450/2444/2443 2490/2484/2483
f 2491/2486/2484 2452/2446/2445 2451/2447/2444
f 2492/2487/2485 2453/2448/2446 2452/2446/2445
f 2494/2488/2487 2453/2448/2446 2493/2489/2486
f 2495/2490/2488 2454/2449/2447 2494/2488/2487
f 2495/2490/2488 2456/2451/2449 2455/2450/2448
f 2497/2491/2490 2456/2451/2449 2496/2492/2489
f 2497/2491/2490 2458/2454/2451 2457/2452/2450
f 2499/2493/2492 2458/2454/2451 2498/2494/2491
f 2499/2493/2492 2460/2455/2453 2459/2453/2452
f 2500/2495/2493 2461/2456/2454 2460/2455/2453
f 2501/2496/2494 2462/2458/2455 2461/2456/2454
f 2503/2497/2496 2462/2458/2455 2502/2498/2495
f 2503/2497/2496 2464/2459/2457 2463/2457/2456
f 2504/2499/2497 2465/2460/2458 2464/2459/2457
f 2506/2500/2499 2465/2460/2458 2505/2501/2498
f 2506/2500/2499 2467/2462/2460 2466/2461/2459
f 2508/2502/2501 2467/2462/2460 2507/2503/2500
f 2509/2504/2502 2468/2464/2461 2508/2502/2501
f 2509/2504/2502 2470/2465/2463 2469/2463/2462
f 2510/2505/2503 2471/2466/2464 2470/2465/2463
f 2511/2506/2504 2472/2468/2465 2471/2466/2464
f 2513/2507/2506 2472/2468/2465 2512/2508/2505
f 2513/2507/2506 2474/2469/2467 2473/2467/2466
f 2514/2509/2507 2475/2471/2468 2474/2469/2467
f 2515/2510/2508 2476/2470/2469 2475/2471/2468
f 2516/2511/2509 2477/2473/2470 2476/2470/2469
f 2518/2512/2511 2477/2473/2470 2517/2513/2510
f 2518/2512/2511 2479/2474/2472 2478/2472/2471
f 2520/2514/2513 2479/2474/2472 2519/2515/2512
f 2522/2516/2515 2481/2477/2474 2521/2517/2514
f 2523/2518/2516 2482/2476/2475 2522/2516/2515
f 2523/2518/2516 2484/2479/2477 2483/2478/2476
f 2524/2519/2517 2485/2480/2478 2484/2479/2477
f 2525/2520/2518 2486/2482/2479 2485/2480/2478
f 2527/2521/2520 2486/2482/2479 2526/2522/2519
f 2527/2521/2520 2488/2483/2481 2487/2481/2480
f 2528/2523/2521 2489/2485/2482 2488/2483/2481
f 2530/2524/2523 2489/2485/2482 2529/2525/2522
f 2530/2524/2523 2491/2486/2484 2490/2484/2483
f 2531/2526/2524 2492/2487/2485 2491/2486/2484
f 2532/2527/2525 2493/2489/2486 2492/2487/2485
f 2533/2528/2526 2494/2488/2487 2493/2489/2486
f 2534/2529/2527 2495/2490/2488 2494/2488/2487
f 2535/2530/2528 2496/2492/2489 2495/2490/2488
f 2536/2531/2529 2497/2491/2490 2496/2492/2489
f 2538/2532/2531 2497/2491/2490 2537/2533/2530
f 2539/2534/2532 2498/2494/2491 2538/2532/2531
f 2539/2534/2532 2500/2495/2493 2499/2493/2492
f 2540/2535/2533 2501/2496/2494 2500/2495/2493
f 2541/2536/2534 2502/2498/2495 2501/2496/2494
f 2543/2537/2536 2502/2498/2495 2542/2538/2535
f 2544/2539/2537 2503/2497/2496 2543/2537/2536
f 2545/2540/2538 2504/2499/2497 2544/2539/2537
f 2545/2540/2538 2506/2500/2499 2505/2501/2498
f 2547/2541/2540 2506/2500/2499 2546/2542/2539
f 2548/2543/2541 2507/2503/2500 2547/2541/2540
f 2549/2544/2542 2508/2502/2501 2548/2543/2541
f 2550/2545/2543 2509/2504/2502 2549/2544/2542
f 2550/2545/2543 2511/2506/2504 2510/2505/2503
f 2552/2546/2545 2511/2506/2504 2551/2547/2544
f 2553/2548/2546 2512/2508/2505 2552/2546/2545
f 2553/2548/2546 2514/2509/2507 2513/2507/2506
f 2554/2549/2547 2515/2510/2508 2514/2509/2507
f 2555/2550/2548 2516/2511/2509 2515/2510/2508
f 2556/2551/2549 2517/2513/2510 2516/2511/2509
f 2558/2552/2551 2517/2513/2510 2557/2553/2550
f 2558/2552/2551 2519/2515/2512 2518/2512/2511
f 2560/2554/2553 2519/2515/2512 2559/2555/2552
f 2562/2556/2555 2521/2517/2514 2561/2557/2554
f 2563/2558/2556 2522/2516/2515 2562/2556/2555
f 2563/2558/2556 2524/2519/2517 2523/2518/2516
f 2564/2559/2557 2525/2520/2518 2524/2519/2517
f 2565/2560/2558 2526/2522/2519 2525/2520/2518
f 2567/2561/2560 2526/2522/2519 2566/2562/2559
f 2568/2563/2561 2527/2521/2520 2567/2561/2560
f 2569/2564/2562 2528/2523/2521 2568/2563/2561
f 2570/2565/2563 2529/2525/2522 2569/2564/2562
f 2571/2566/2564 2530/2524/2523 2570/2565/2563
f 2572/2567/2565 2531/2526/2524 2571/2566/2564
f 2572/2567/2565 2533/2528/2526 2532/2527/2525
f 2574/2568/2567 2533/2528/2526 2573/2569/2566
f 2574/2568/2567 2535/2530/2528 2534/2529/2527
f 2576/2570/2569 2535/2530/2528 2575/2571/2568
f 2577/2572/2570 2536/2531/2529 2576/2570/2569
f 2578/2573/2571 2537/2533/2530 2577/2572/2570
f 2579/2574/2572 2538/2532/2531 2578/2573/2571
f 2579/2574/2572 2540/2535/2533 2539/2534/2532
f 2581/2575/2574 2540/2535/2533 2580/2576/2573
f 2582/2577/2575 2541/2536/2534 2581/2575/2574
f 2582/2577/2575 2543/2537/2536 2542/2538/2535
f 2584/2578/2577 2543/2537/2536 2583/2579/2576
f 2585/2580/2578 2544/2539/2537 2584/2578/2577
f 2585/2580/2578 2546/2542/2539 2545/2540/2538
f 2587/2581/2580 2546/2542/2539 2586/2582/2579
f 2587/2581/2580 2548/2543/2541 2547/2541/2540
f 2589/2583/2582 2548/2543/2541 2588/2584/2581
f 2589/2583/2582 2550/2545/2543 2549/2544/2542
f 2591/2585/2584 2550/2545/2543 2590/2586/2583
f 2591/2585/2584 2552/2546/2545 2551/2547/2544
f 2592/2587/2585 2553/2548/2546 2552/2546/2545
f 2593/2588/2586 2554/2549/2547 2553/2548/2546
f 2594/2589/2587 2555/2550/2548 2554/2549/2547
f 2595/2590/2588 2556/2551/2549 2555/2550/2548
f 2596/2591/2589 2557/2553/2550 2556/2551/2549
f 2598/2592/2591 2557/2553/2550 2597/2593/2590
f 2599/2594/2592 2558/2552/2551 2598/2592/2591
f 2600/2595/2593 2559/2555/2552 2599/2594/2592
f 2602/2596/2595 2561/2557/2554 2601/2597/2594
f 2603/2598/2596 2562/2556/2555 2602/2596/2595
f 2603/2598/2596 2564/2559/2557 2563/2558/2556
f 2604/2599/2597 2565/2560/2558 2564/2559/2557
f 2606/2600/2599 2565/2560/2558 2605/2601/2598
f 2607/2602/2600 2566/2562/2559 2606/2600/2599
f 2607/2602/2600 2568/2563/2561 2567/2561/2560
f 2609/2603/2602 2568/2563/2561 2608/2604/2601
f 2610/2605/2603 2569/2564/2562 2609/2603/2602
f 2610/2605/2603 2571/2566/2564 2570/2565/2563
f 2611/2606/2604 2572/2567/2565 2571/2566/2564
f 2612/2607/2605 2573/2569/2566 2572/2567/2565
f 2613/2608/2606 2574/2568/2567 2573/2569/2566
f 2614/2609/2607 2575/2571/2568 2574/2568/2567
f 2616/2610/2609 2575/2571/2568 2615/2611/2608
f 2616/2610/2609 2577/2572/2570 2576/2570/2569
f 2617/2612/2610 2578/2573/2571 2577/2572/2570
f 2618/2613/2611 2579/2574/2572 2578/2573/2571
f 2620/2614/2613 2579/2574/2572 2619/2615/2612
f 2621/2616/2614 2580/2576/2573 2620/2614/2613
f 2622/2617/2615 2581/2575/2574 2621/2616/2614
f 2622/2617/2615 2583/2579/2576 2582/2577/2575
f 2623/2618/2616 2584/2578/2577 2583/2579/2576
f 2624/2619/2617 2585/2580/2578 2584/2578/2577
f 2625/2620/2618 2586/2582/2579 2585/2580/2578
f 2627/2621/2620 2586/2582/2579 2626/2622/2619
f 2627/2621/2620 2588/2584/2581 2587/2581/2580
f 2628/2623/2621 2589/2583/2582 2588/2584/2581
f 2630/2624/2623 2589/2583/2582 2629/2625/2622
f 2631/2626/2624 2590/2586/2583 2630/2624/2623
f 2632/2627/2625 2591/2585/2584 2631/2626/2624
f 2633/2628/2626 2592/2587/2585 2632/2627/2625
f 2633/2628/2626 2594/2589/2587 2593/2588/2586
f 2634/2629/2627 2595/2590/2588 2594/2589/2587
f 2635/2630/2628 2596/2591/2589 2595/2590/2588
f 2636/2631/2629 2597/2593/2590 2596/2591/2589
f 2638/2632/2631 2597/2593/2590 2637/2633/2630
f 2639/2634/2632 2598/2592/2591 2638/2632/2631
f 2640/2635/2633 2599/2594/2592 2639/2634/2632
f 2642/2636/2635 2601/2597/2594 2641/2637/2634
f 2643/2638/2636 2602/2596/2595 2642/2636/2635
f 2643/2638/2636 2604/2599/2597 2603/2598/2596
f 2644/2639/2637 2605/2601/2598 2604/2599/2597
f 2646/2640/2639 2605/2601/2598 2645/2641/2638
f 2647/2642/2640 2606/2600/2599 2646/2640/2639
f 2647/2642/2640 2608/2604/2601 2607/2602/2600
f 2648/2643/2641 2609/2603/2602 2608/2604/2601
f 2649/2644/2642 2610/2605/2603 2609/2603/2602
f 2650/2645/2643 2611/2606/2604 2610/2605/2603
f 2651/2646/2644 2612/2607/2605 2611/2606/2604
f 2652/2647/2645 2613/2608/2606 2612/2607/2605
f 2653/2648/2646 2614/2609/2607 2613/2608/2606
f 2655/2649/2648 2614/2609/2607 2654/2650/2647
f 2655/2649/2648 2616/2610/2609 2615/2611/2608
f 2656/2651/2649 2617/2612/2610 2616/2610/2609
f 2657/2652/2650 2618/2613/2611 2617/2612/2610
f 2658/2653/2651 2619/2615/2612 2618/2613/2611
f 2659/2654/2652 2620/2614/2613 2619/2615/2612
f 2661/2655/2654 2620/2614/2613 2660/2656/2653
f 2661/2655/2654 2622/2617/2615 2621/2616/2614
f 2662/2657/2655 2623/2618/2616 2622/2617/2615
f 2663/2658/2656 2624/2619/2617 2623/2618/2616
f 2665/2659/2658 2624/2619/2617 2664/2660/2657
f 2665/2659/2658 2626/2622/2619 2625/2620/2618
f 2667/2661/2660 2626/2622/2619 2666/2662/2659
f 2668/2663/2661 2627/2621/2620 2667/2661/2660
f 2669/2664/2662 2628/2623/2621 2668/2663/2661
f 2669/2664/2662 2630/2624/2623 2629/2625/2622
f 2671/2665/2664 2630/2624/2623 2670/2666/2663
f 2671/2665/2664 2632/2627/2625 2631/2626/2624
f 2672/2667/2665 2633/2628/2626 2632/2627/2625
f 2673/2668/2666 2634/2629/2627 2633/2628/2626
f 2675/2669/2668 2634/2629/2627 2674/2670/2667
f 2675/2669/2668 2636/2631/2629 2635/2630/2628
f 2676/2671/2669 2637/2633/2630 2636/2631/2629
f 2678/2672/2671 2637/2633/2630 2677/2673/2670
f 2679/2674/2672 2638/2632/2631 2678/2672/2671
f 2680/2675/2673 2639/2634/2632 2679/2674/2672
f 2682/2676/2675 2641/2637/2634 2681/2677/2674
f 2683/2678/2676 2642/2636/2635 2682/2676/2675
f 2683/2678/2676 2644/2639/2637 2643/2638/2636
f 2684/2679/2677 2645/2641/2638 2644/2639/2637
f 2686/2680/2679 2645/2641/2638 2685/2681/2678
f 2687/2682/2680 2646/2640/2639 2686/2680/2679
f 2687/2682/2680 2648/2643/2641 2647/2642/2640
f 2688/2683/2681 2649/2644/2642 2648/2643/2641
f 2689/2684/2682 2650/2645/2643 2649/2644/2642
f 2690/2685/2683 2651/2646/2644 2650/2645/2643
f 2691/2686/2684 2652/2647/2645 2651/2646/2644
f 2692/2687/2685 2653/2648/2646 2652/2647/2645
f 2693/2688/2686 2654/2650/2647 2653/2648/2646
f 2694/2689/2687 2655/2649/2648 2654/2650/2647
f 2695/2690/2688 2656/2651/2649 2655/2649/2648
f 2697/2691/2690 2656/2651/2649 2696/2692/2689
f 2698/2693/2691 2657/2652/2650 2697/2691/2690
f 2698/2693/2691 2659/2654/2652 2658/2653/2651
f 2699/2694/2692 2660/2656/2653 2659/2654/2652
f 2700/2695/2693 2661/2655/2654 2660/2656/2653
f 2701/2696/2694 2662/2657/2655 2661/2655/2654
f 2703/2697/2696 2662/2657/2655 2702/2698/2695
f 2703/2697/2696 2664/2660/2657 2663/2658/2656
f 2705/2699/2698 2664/2660/2657 2704/2700/2697
f 2706/2701/2699 2665/2659/2658 2705/2699/2698
f 2706/2701/2699 2667/2661/2660 2666/2662/2659
f 2707/2702/2700 2668/2663/2661 2667/2661/2660
f 2708/2703/2701 2669/2664/2662 2668/2663/2661
f 2710/2704/2703 2669/2664/2662 2709/2705/2702
f 2711/2706/2704 2670/2666/2663 2710/2704/2703
f 2712/2707/2705 2671/2665/2664 2711/2706/2704
f 2712/2707/2705 2673/2668/2666 2672/2667/2665
f 2713/2708/2706 2674/2670/2667 2673/2668/2666
f 2714/2709/2707 2675/2669/2668 2674/2670/2667
f 2715/2710/2708 2676/2671/2669 2675/2669/2668
f 2716/2711/2709 2677/2673/2670 2676/2671/2669
f 2718/2712/2711 2677/2673/2670 2717/2713/2710
f 2719/2714/2712 2678/2672/2671 2718/2712/2711
f 2720/2715/2713 2679/2674/2672 2719/2714/2712
f 2722/2716/2715 2681/2677/2674 2721/2717/2714
f 2723/2718/2716 2682/2676/2675 2722/2716/2715
f 2724/2719/2717 2683/2678/2676 2723/2718/2716
f 2724/2719/2717 2685/2681/2678 2684/2679/2677
f 2726/2720/2719 2685/2681/2678 2725/2721/2718
f 2727/2722/2720 2686/2680/2679 2726/2720/2719
f 2728/2723/2721 2687/2682/2680 2727/2722/2720
f 2729/2724/2722 2688/2683/2681 2728/2723/2721
f 2730/2725/2723 2689/2684/2682 2729/2724/2722
f 2730/2725/2723 2691/2686/2684 2690/2685/2683
f 2732/2726/2725 2691/2686/2684 2731/2727/2724
f 2732/2726/2725 2693/2688/2686 2692/2687/2685
f 2733/2728/2726 2694/2689/2687 2693/2688/2686
f 2735/2729/2728 2694/2689/2687 2734/2730/2727
f 2735/2729/2728 2696/2692/2689 2695/2690/2688
f 2736/2731/2729 2697/2691/2690 2696/2692/2689
f 2738/2732/2731 2697/2691/2690 2737/2733/2730
f 2738/2732/2731 2699/2694/2692 2698/2693/2691
f 2739/2734/2732 2700/2695/2693 2699/2694/2692
f 2741/2735/2734 2700/2695/2693 2740/2736/2733
f 2742/2737/2735 2701/2696/2694 2741/2735/2734
f 2743/2738/2736 2702/2698/2695 2742/2737/2735
f 2743/2738/2736 2704/2700/2697 2703/2697/2696
f 2744/2739/2737 2705/2699/2698 2704/2700/2697
f 2745/2740/2738 2706/2701/2699 2705/2699/2698
f 2746/2741/2739 2707/2702/2700 2706/2701/2699
f 2747/2742/2740 2708/2703/2701 2707/2702/2700
f 2748/2743/2741 2709/2705/2702 2708/2703/2701
f 2750/2744/2743 2709/2705/2702 2749/2745/2742
f 2750/2744/2743 2711/2706/2704 2710/2704/2703
f 2752/2746/2745 2711/2706/2704 2751/2747/2744
f 2752/2746/2745 2713/2708/2706 2712/2707/2705
f 2753/2748/2746 2714/2709/2707 2713/2708/2706
f 2755/2749/2748 2714/2709/2707 2754/2750/2747
f 2755/2749/2748 2716/2711/2709 2715/2710/2708
f 2756/2751/2749 2717/2713/2710 2716/2711/2709
f 2758/2752/2751 2717/2713/2710 2757/2753/2750
f 2759/2754/2752 2718/2712/2711 2758/2752/2751
f 2759/2754/2752 2720/2715/2713 2719/2714/2712
f 2762/2755/2755 2721/2717/2714 2761/2756/2754
f 2763/2757/2756 2722/2716/2715 2762/2755/2755
f 2764/2758/2757 2723/2718/2716 2763/2757/2756
f 2764/2758/2757 2725/2721/2718 2724/2719/2717
f 2766/2759/2759 2725/2721/2718 2765/2760/2758
f 2767/2761/2760 2726/2720/2719 2766/2759/2759
f 2767/2761/2760 2728/2723/2721 2727/2722/2720
f 2769/2762/2762 2728/2723/2721 2768/2763/2761
f 2769/2762/2762 2730/2725/2723 2729/2724/2722
f 2771/2764/2764 2730/2725/2723 2770/2765/2763
f 2772/2766/2765 2731/2727/2724 2771/2764/2764
f 2772/2766/2765 2733/2728/2726 2732/2726/2725
f 2774/2767/2767 2733/2728/2726 2773/2768/2766
f 2774/2767/2767 2735/2729/2728 2734/2730/2727
f 2775/2769/2768 2736/2731/2729 2735/2729/2728
f 2777/2770/2770 2736/2731/2729 2776/2771/2769
f 2777/2770/2770 2738/2732/2731 2737/2733/2730
f 2778/2772/2771 2739/2734/2732 2738/2732/2731
f 2779/2773/2772 2740/2736/2733 2739/2734/2732
f 2780/2774/2773 2741/2735/2734 2740/2736/2733
f 2781/2775/2774 2742/2737/2735 2741/2735/2734
f 2783/2776/2776 2742/2737/2735 2782/2777/2775
f 2783/2776/2776 2744/2739/2737 2743/2738/2736
f 2785/2778/2778 2744/2739/2737 2784/2779/2777
f 2785/2778/2778 2746/2741/2739 2745/2740/2738
f 2787/2780/2780 2746/2741/2739 2786/2781/2779
f 2787/2780/2780 2748/2743/2741 2747/2742/2740
f 2789/2782/2782 2748/2743/2741 2788/2783/2781
f 2789/2782/2782 2750/2744/2743 2749/2745/2742
f 2791/2784/2784 2750/2744/2743 2790/2785/2783
f 2791/2784/2784 2752/2746/2745 2751/2747/2744
f 2792/2786/2785 2753/2748/2746 2752/2746/2745
f 2793/2787/2786 2754/2750/2747 2753/2748/2746
f 2795/2788/2788 2754/2750/2747 2794/2789/2787
f 2795/2788/2788 2756/2751/2749 2755/2749/2748
f 2796/2790/2789 2757/2753/2750 2756/2751/2749
f 2798/2791/2791 2757/2753/2750 2797/2792/2790
f 2799/2793/2792 2758/2752/2751 2798/2791/2791
f 2799/2793/2792 2760/2794/2753 2759/2754/2752
f 2801/2795/2794 2762/2755/2755 2761/2756/2754
f 2803/2796/2796 2762/2755/2755 2802/2797/2795
f 2804/2798/2797 2763/2757/2756 2803/2796/2796
f 2804/2798/2797 2765/2760/2758 2764/2758/2757
f 2805/2799/2798 2766/2759/2759 2765/2760/2758
f 2807/2800/2800 2766/2759/2759 2806/2801/2799
f 2808/2802/2801 2767/2761/2760 2807/2800/2800
f 2808/2802/2801 2769/2762/2762 2768/2763/2761
f 2809/2803/2802 2770/2765/2763 2769/2762/2762
f 2810/2804/2803 2771/2764/2764 2770/2765/2763
f 2812/2805/2805 2771/2764/2764 2811/2806/2804
f 2812/2805/2805 2773/2768/2766 2772/2766/2765
f 2813/2807/2806 2774/2767/2767 2773/2768/2766
f 2814/2808/2807 2775/2769/2768 2774/2767/2767
f 2816/2809/2809 2775/2769/2768 2815/2810/2808
f 2816/2809/2809 2777/2770/2770 2776/2771/2769
f 2817/2811/2810 2778/2772/2771 2777/2770/2770
f 2818/2812/2811 2779/2773/2772 2778/2772/2771
f 2820/2813/2813 2779/2773/2772 2819/2814/2812
f 2821/2815/2814 2780/2774/2773 2820/2813/2813
f 2822/2816/2815 2781/2775/2774 2821/2815/2814
f 2823/2817/2816 2782/2777/2775 2822/2816/2815
f 2824/2818/2817 2783/2776/2776 2823/2817/2816
f 2824/2818/2817 2785/2778/2778 2784/2779/2777
f 2826/2819/2819 2785/2778/2778 2825/2820/2818
f 2827/2821/2820 2786/2781/2779 2826/2819/2819
f 2827/2821/2820 2788/2783/2781 2787/2780/2780
f 2828/2822/2821 2789/2782/2782 2788/2783/2781
f 2830/2823/2823 2789/2782/2782 2829/2824/2822
f 2831/2825/2824 2790/2785/2783 2830/2823/2823
f 2832/2826/2825 2791/2784/2784 2831/2825/2824
f 2833/2827/2826 2792/2786/2785 2832/2826/2825
f 2834/2828/2827 2793/2787/2786 2833/2827/2826
f 2834/2828/2827 2795/2788/2788 2794/2789/2787
f 2835/2829/2828 2796/2790/2789 2795/2788/2788
f 2836/2830/2829 2797/2792/2790 2796/2790/2789
f 2838/2831/2831 2797/2792/2790 2837/2832/2830
f 2839/2833/2832 2798/2791/2791 2838/2831/2831
f 2839/2833/2832 2800/2834/2793 2799/2793/2792
f 2841/2835/2834 2802/2797/2795 2801/2795/2794
f 2843/2836/2836 2802/2797/2795 2842/2837/2835
f 2844/2838/2837 2803/2796/2796 2843/2836/2836
f 2845/2839/2838 2804/2798/2797 2844/2838/2837
f 2845/2839/2838 2806/2801/2799 2805/2799/2798
f 2847/2840/2840 2806/2801/2799 2846/2841/2839
f 2847/2840/2840 2808/2802/2801 2807/2800/2800
f 2848/2842/2841 2809/2803/2802 2808/2802/2801
f 2850/2843/2843 2809/2803/2802 2849/2844/2842
f 2851/2845/2844 2810/2804/2803 2850/2843/2843
f 2851/2845/2844 2812/2805/2805 2811/2806/2804
f 2852/2846/2845 2813/2807/2806 2812/2805/2805
f 2854/2847/2847 2813/2807/2806 2853/2848/2846
f 2855/2849/2848 2814/2808/2807 2854/2847/2847
f 2856/2850/2849 2815/2810/2808 2855/2849/2848
f 2856/2850/2849 2817/2811/2810 2816/2809/2809
f 2858/2851/2851 2817/2811/2810 2857/2852/2850
f 2858/2851/2851 2819/2814/2812 2818/2812/2811
f 2860/2853/2853 2819/2814/2812 2859/2854/2852
f 2860/2853/2853 2821/2815/2814 2820/2813/2813
f 2861/2855/2854 2822/2816/2815 2821/2815/2814
f 2863/2856/2856 2822/2816/2815 2862/2857/2855
f 2863/2856/2856 2824/2818/2817 2823/2817/2816
f 2864/2858/2857 2825/2820/2818 2824/2818/2817
f 2866/2859/2859 2825/2820/2818 2865/2860/2858
f 2866/2859/2859 2827/2821/2820 2826/2819/2819
f 2867/2861/2860 2828/2822/2821 2827/2821/2820
f 2869/2862/2862 2828/2822/2821 2868/2863/2861
f 2870/2864/2863 2829/2824/2822 2869/2862/2862
f 2871/2865/2864 2830/2823/2823 2870/2864/2863
f 2872/2866/2865 2831/2825/2824 2871/2865/2864
f 2873/2867/2866 2832/2826/2825 2872/2866/2865
f 2874/2868/2867 2833/2827/2826 2873/2867/2866
f 2875/2869/2868 2834/2828/2827 2874/2868/2867
f 2876/2870/2869 2835/2829/2828 2875/2869/2868
f 2877/2871/2870 2836/2830/2829 2876/2870/2869
f 2877/2871/2870 2838/2831/2831 2837/2832/2830
f 2879/2872/2872 2838/2831/2831 2878/2873/2871
f 2879/2872/2872 2840/2874/2833 2839/2833/2832
f 2881/2875/2874 2842/2837/2835 2841/2835/2834
f 2883/2876/2876 2842/2837/2835 2882/2877/2875
f 2883/2876/2876 2844/2838/2837 2843/2836/2836
f 2885/2878/2878 2844/2838/2837 2884/2879/2877
f 2885/2878/2878 2846/2841/2839 2845/2839/2838
f 2887/2880/2880 2846/2841/2839 2886/2881/2879
f 2888/2882/2881 2847/2840/2840 2887/2880/2880
f 2889/2883/2882 2848/2842/2841 2888/2882/2881
f 2889/2883/2882 2850/2843/2843 2849/2844/2842
f 2891/2884/2884 2850/2843/2843 2890/2885/2883
f 2891/2884/2884 2852/2846/2845 2851/2845/2844
f 2892/2886/2885 2853/2848/2846 2852/2846/2845
f 2894/2887/2887 2853/2848/2846 2893/2888/2886
f 2894/2887/2887 2855/2849/2848 2854/2847/2847
f 2895/2889/2888 2856/2850/2849 2855/2849/2848
f 2897/2890/2890 2856/2850/2849 2896/2891/2889
f 2897/2890/2890 2858/2851/2851 2857/2852/2850
f 2899/2892/2892 2858/2851/2851 2898/2893/2891
f 2899/2892/2892 2860/2853/2853 2859/2854/2852
f 2900/2894/2893 2861/2855/2854 2860/2853/2853
f 2901/2895/2894 2862/2857/2855 2861/2855/2854
f 2903/2896/2896 2862/2857/2855 2902/2897/2895
f 2904/2898/2897 2863/2856/2856 2903/2896/2896
f 2904/2898/2897 2865/2860/2858 2864/2858/2857
f 2905/2899/2898 2866/2859/2859 2865/2860/2858
f 2907/2900/2900 2866/2859/2859 2906/2901/2899
f 2908/2902/2901 2867/2861/2860 2907/2900/2900
f 2908/2902/2901 2869/2862/2862 2868/2863/2861
f 2910/2903/2903 2869/2862/2862 2909/2904/2902
f 2911/2905/2904 2870/2864/2863 2910/2903/2903
f 2911/2905/2904 2872/2866/2865 2871/2865/2864
f 2913/2906/2906 2872/2866/2865 2912/2907/2905
f 2914/2908/2907 2873/2867/2866 2913/2906/2906
f 2914/2908/2907 2875/2869/2868 2874/2868/2867
f 2916/2909/2909 2875/2869/2868 2915/2910/2908
f 2917/2911/2910 2876/2870/2869 2916/2909/2909
f 2917/2911/2910 2878/2873/2871 2877/2871/2870
f 2919/2912/2912 2878/2873/2871 2918/2913/2911
f 2920/2914/2913 2879/2872/2872 2919/2912/2912
f 2922/2915/2915 2881/2875/2874 2921/2916/2914
f 2922/2915/2915 2883/2876/2876 2882/2877/2875
f 2923/2917/2916 2884/2879/2877 2883/2876/2876
f 2925/2918/2918 2884/2879/2877 2924/2919/2917
f 2926/2920/2919 2885/2878/2878 2925/2918/2918
f 2927/2921/2920 2886/2881/2879 2926/2920/2919
f 2928/2922/2921 2887/2880/2880 2927/2921/2920
f 2929/2923/2922 2888/2882/2881 2928/2922/2921
f 2930/2924/2923 2889/2883/2882 2929/2923/2922
f 2930/2924/2923 2891/2884/2884 2890/2885/2883
f 2931/2925/2924 2892/2886/2885 2891/2884/2884
f 2933/2926/2926 2892/2886/2885 2932/2927/2925
f 2934/2928/2927 2893/2888/2886 2933/2926/2926
f 2934/2928/2927 2895/2889/2888 2894/2887/2887
f 2936/2929/2929 2895/2889/2888 2935/2930/2928
f 2936/2929/2929 2897/2890/2890 2896/2891/2889
f 2938/2931/2931 2897/2890/2890 2937/2932/2930
f 2939/2933/2932 2898/2893/2891 2938/2931/2931
f 2940/2934/2933 2899/2892/2892 2939/2933/2932
f 2941/2935/2934 2900/2894/2893 2940/2934/2933
f 2941/2935/2934 2902/2897/2895 2901/2895/2894
f 2942/2936/2935 2903/2896/2896 2902/2897/2895
f 2943/2937/2936 2904/2898/2897 2903/2896/2896
f 2944/2938/2937 2905/2899/2898 2904/2898/2897
f 2946/2939/2939 2905/2899/2898 2945/2940/2938
f 2947/2941/2940 2906/2901/2899 2946/2939/2939
f 2948/2942/2941 2907/2900/2900 2947/2941/2940
f 2948/2942/2941 2909/2904/2902 2908/2902/2901
f 2950/2943/2943 2909/2904/2902 2949/2944/2942
f 2951/2945/2944 2910/2903/2903 2950/2943/2943
f 2952/2946/2945 2911/2905/2904 2951/2945/2944
f 2953/2947/2946 2912/2907/2905 2952/2946/2945
f 2954/2948/2947 2913/2906/2906 2953/2947/2946
f 2954/2948/2947 2915/2910/2908 2914/2908/2907
f 2956/2949/2949 2915/2910/2908 2955/2950/2948
f 2957/2951/2950 2916/2909/2909 2956/2949/2949
f 2957/2951/2950 2918/2913/2911 2917/2911/2910
f 2959/2952/2952 2918/2913/2911 2958/2953/2951
f 2960/2954/2953 2919/2912/2912 2959/2952/2952
f 2962/2955/2955 2921/2916/2914 2961/2956/2954
f 2962/2955/2955 2923/2917/2916 2922/2915/2915
f 2963/2957/2956 2924/2919/2917 2923/2917/2916
f 2965/2958/2958 2924/2919/2917 2964/2959/2957
f 2966/2960/2959 2925/2918/2918 2965/2958/2958
f 2967/2961/2960 2926/2920/2919 2966/2960/2959
f 2968/2962/2961 2927/2921/2920 2967/2961/2960
f 2968/2962/2961 2929/2923/2922 2928/2922/2921
f 2969/2963/2962 2930/2924/2923 2929/2923/2922
f 2971/2964/2964 2930/2924/2923 2970/2965/2963
f 2971/2964/2964 2932/2927/2925 2931/2925/2924
f 2972/2966/2965 2933/2926/2926 2932/2927/2925
f 2974/2967/2967 2933/2926/2926 2973/2968/2966
f 2975/2969/2968 2934/2928/2927 2974/2967/2967
f 2975/2969/2968 2936/2929/2929 2935/2930/2928
f 2977/2970/2970 2936/2929/2929 2976/2971/2969
f 2977/2970/2970 2938/2931/2931 2937/2932/2930
f 2979/2972/2972 2938/2931/2931 2978/2973/2971
f 2979/2972/2972 2940/2934/2933 2939/2933/2932
f 2980/2974/2973 2941/2935/2934 2940/2934/2933
f 2981/2975/2974 2942/2936/2935 2941/2935/2934
f 2983/2976/2976 2942/2936/2935 2982/2977/2975
f 2983/2976/2976 2944/2938/2937 2943/2937/2936
f 2985/2978/2978 2944/2938/2937 2984/2979/2977
f 2986/2980/2979 2945/2940/2938 2985/2978/2978
f 2987/2981/2980 2946/2939/2939 2986/2980/2979
f 2987/2981/2980 2948/2942/2941 2947/2941/2940
f 2989/2982/2982 2948/2942/2941 2988/2983/2981
f 2989/2982/2982 2950/2943/2943 2949/2944/2942
f 2991/2984/2984 2950/2943/2943 2990/2985/2983
f 2992/2986/2985 2951/2945/2944 2991/2984/2984
f 2993/2987/2986 2952/2946/2945 2992/2986/2985
f 2994/2988/2987 2953/2947/2946 2993/2987/2986
f 2994/2988/2987 2955/2950/2948 2954/2948/2947
f 2996/2989/2989 2955/2950/2948 2995/2990/2988
f 2997/2991/2990 2956/2949/2949 2996/2989/2989
f 2997/2991/2990 2958/2953/2951 2957/2951/2950
f 2999/2992/2992 2958/2953/2951 2998/2993/2991
f 3000/2994/2993 2959/2952/2952 2999/2992/2992
f 3002/2995/2995 2961/2956/2954 3001/2996/2994
f 3002/2995/2995 2963/2957/2956 2962/2955/2955
f 3003/2997/2996 2964/2959/2957 2963/2957/2956
f 3005/2998/2998 2964/2959/2957 3004/2999/2997
f 3006/3000/2999 2965/2958/2958 3005/2998/2998
f 3006/3000/2999 2967/2961/2960 2966/2960/2959
f 3007/3001/3000 2968/2962/2961 2967/2961/2960
f 3009/3002/3002 2968/2962/2961 3008/3003/3001
f 3010/3004/3003 2969/2963/2962 3009/3002/3002
f 3010/3004/3003 2971/2964/2964 2970/2965/2963
f 3012/3005/3005 2971/2964/2964 3011/3006/3004
f 3013/3007/3006 2972/2966/2965 3012/3005/3005
f 3014/3008/3007 2973/2968/2966 3013/3007/3006
f 3014/3008/3007 2975/2969/2968 2974/2967/2967
f 3016/3009/3009 2975/2969/2968 3015/3010/3008
f 3017/3011/3010 2976/2971/2969 3016/3009/3009
f 3017/3011/3010 2978/2973/2971 2977/2970/2970
f 3019/3012/3012 2978/2973/2971 3018/3013/3011
f 3019/3012/3012 2980/2974/2973 2979/2972/2972
f 3021/3014/3014 2980/2974/2973 3020/3015/3013
f 3022/3016/3015 2981/2975/2974 3021/3014/3014
f 3022/3016/3015 2983/2976/2976 2982/2977/2975
f 3023/3017/3016 2984/2979/2977 2983/2976/2976
f 3025/3018/3018 2984/2979/2977 3024/3019/3017
f 3026/3020/3019 2985/2978/2978 3025/3018/3018
f 3026/3020/3019 2987/2981/2980 2986/2980/2979
f 3028/3021/3021 2987/2981/2980 3027/3022/3020
f 3028/3021/3021 2989/2982/2982 2988/2983/2981
f 3029/3023/3022 2990/2985/2983 2989/2982/2982
f 3030/3024/3023 2991/2984/2984 2990/2985/2983
f 3031/3025/3024 2992/2986/2985 2991/2984/2984
f 3033/3026/3026 2992/2986/2985 3032/3027/3025
f 3034/3028/3027 2993/2987/2986 3033/3026/3026
f 3034/3028/3027 2995/2990/2988 2994/2988/2987
f 3036/3029/3029 2995/2990/2988 3035/3030/3028
f 3037/3031/3030 2996/2989/2989 3036/3029/3029
f 3037/3031/3030 2998/2993/2991 2997/2991/2990
f 3039/3032/3032 2998/2993/2991 3038/3033/3031
f 3040/3034/3033 2999/2992/2992 3039/3032/3032
f 3042/3035/3035 3001/2996/2994 3041/3036/3034
f 3042/3035/3035 3003/2997/2996 3002/2995/2995
f 3043/3037/3036 3004/2999/2997 3003/2997/2996
f 3045/3038/3038 3004/2999/2997 3044/3039/3037
f 3045/3038/3038 3006/3000/2999 3005/2998/2998
f 3047/3040/3040 3006/3000/2999 3046/3041/3039
f 3048/3042/3041 3007/3001/3000 3047/3040/3040
f 3049/3043/3042 3008/3003/3001 3048/3042/3041
f 3050/3044/3043 3009/3002/3002 3049/3043/3042
f 3050/3044/3043 3011/3006/3004 3010/3004/3003
f 3052/3045/3045 3011/3006/3004 3051/3046/3044
f 3052/3045/3045 3013/3007/3006 3012/3005/3005
f 3054/3047/3047 3013/3007/3006 3053/3048/3046
f 3055/3049/3048 3014/3008/3007 3054/3047/3047
f 3055/3049/3048 3016/3009/3009 3015/3010/3008
f 3056/3050/3049 3017/3011/3010 3016/3009/3009
f 3057/3051/3050 3018/3013/3011 3017/3011/3010
f 3059/3052/3052 3018/3013/3011 3058/3053/3051
f 3060/3054/3053 3019/3012/3012 3059/3052/3052
f 3060/3054/3053 3021/3014/3014 3020/3015/3013
f 3062/3055/3055 3021/3014/3014 3061/3056/3054
f 3062/3055/3055 3023/3017/3016 3022/3016/3015
f 3064/3057/3057 3023/3017/3016 3063/3058/3056
f 3065/3059/3058 3024/3019/3017 3064/3057/3057
f 3066/3060/3059 3025/3018/3018 3065/3059/3058
f 3067/3061/3060 3026/3020/3019 3066/3060/3059
f 3067/3061/3060 3028/3021/3021 3027/3022/3020
f 3069/3062/3062 3028/3021/3021 3068/3063/3061
f 3069/3062/3062 3030/3024/3023 3029/3023/3022
f 3071/3064/3064 3030/3024/3023 3070/3065/3063
f 3072/3066/3065 3031/3025/3024 3071/3064/3064
f 3072/3066/3065 3033/3026/3026 3032/3027/3025
f 3073/3067/3066 3034/3028/3027 3033/3026/3026
f 3075/3068/3068 3034/3028/3027 3074/3069/3067
f 3076/3070/3069 3035/3030/3028 3075/3068/3068
f 3077/3071/3070 3036/3029/3029 3076/3070/3069
f 3078/3072/3071 3037/3031/3030 3077/3071/3070
f 3079/3073/3072 3038/3033/3031 3078/3072/3071
f 3080/3074/3073 3039/3032/3032 3079/3073/3072
f 3082/3075/3075 3041/3036/3034 3081/3076/3074
f 3082/3075/3075 3043/3037/3036 3042/3035/3035
f 3083/3077/3076 3044/3039/3037 3043/3037/3036
f 3085/3078/3078 3044/3039/3037 3084/3079/3077
f 3086/3080/3079 3045/3038/3038 3085/3078/3078
f 3087/3081/3080 3046/3041/3039 3086/3080/3079
f 3088/3082/3081 3047/3040/3040 3087/3081/3080
f 3088/3082/3081 3049/3043/3042 3048/3042/3041
f 3089/3083/3082 3050/3044/3043 3049/3043/3042
f 3091/3084/3084 3050/3044/3043 3090/3085/3083
f 3091/3084/3084 3052/3045/3045 3051/3046/3044
f 3093/3086/3086 3052/3045/3045 3092/3087/3085
f 3093/3086/3086 3054/3047/3047 3053/3048/3046
f 3094/3088/3087 3055/3049/3048 3054/3047/3047
f 3095/3089/3088 3056/3050/3049 3055/3049/3048
f 3097/3090/3090 3056/3050/3049 3096/3091/3089
f 3098/3092/3091 3057/3051/3050 3097/3090/3090
f 3098/3092/3091 3059/3052/3052 3058/3053/3051
f 3099/3093/3092 3060/3054/3053 3059/3052/3052
f 3101/3094/3094 3060/3054/3053 3100/3095/3093
f 3101/3094/3094 3062/3055/3055 3061/3056/3054
f 3103/3096/3096 3062/3055/3055 3102/3097/3095
f 3104/3098/3097 3063/3058/3056 3103/3096/3096
f 3104/3098/3097 3065/3059/3058 3064/3057/3057
f 3105/3099/3098 3066/3060/3059 3065/3059/3058
f 3107/3100/3100 3066/3060/3059 3106/3101/3099
f 3107/3100/3100 3068/3063/3061 3067/3061/3060
f 3108/3102/3101 3069/3062/3062 3068/3063/3061
f 3109/3103/3102 3070/3065/3063 3069/3062/3062
f 3110/3104/3103 3071/3064/3064 3070/3065/3063
f 3112/3105/3105 3071/3064/3064 3111/3106/3104
f 3113/3107/3106 3072/3066/3065 3112/3105/3105
f 3114/3108/3107 3073/3067/3066 3113/3107/3106
f 3115/3109/3108 3074/3069/3067 3114/3108/3107
f 3116/3110/3109 3075/3068/3068 3115/3109/3108
f 3117/3111/3110 3076/3070/3069 3116/3110/3109
f 3117/3111/3110 3078/3072/3071 3077/3071/3070
f 3118/3112/3111 3079/3073/3072 3078/3072/3071
f 3120/3113/3113 3079/3073/3072 3119/3114/3112
f 3122/3115/3115 3081/3076/3074 3121/3116/3114
f 3122/3115/3115 3083/3077/3076 3082/3075/3075
f 3123/3117/3116 3084/3079/3077 3083/3077/3076
f 3125/3118/3118 3084/3079/3077 3124/3119/3117
f 3126/3120/3119 3085/3078/3078 3125/3118/3118
f 3126/3120/3119 3087/3081/3080 3086/3080/3079
f 3127/3121/3120 3088/3082/3081 3087/3081/3080
f 3128/3122/3121 3089/3083/3082 3088/3082/3081
f 3129/3123/3122 3090/3085/3083 3089/3083/3082
f 3130/3124/3123 3091/3084/3084 3090/3085/3083
f 3131/3125/3124 3092/3087/3085 3091/3084/3084
f 3132/3126/3125 3093/3086/3086 3092/3087/3085
f 3133/3127/3126 3094/3088/3087 3093/3086/3086
f 3134/3128/3127 3095/3089/3088 3094/3088/3087
f 3136/3129/3129 3095/3089/3088 3135/3130/3128
f 3136/3129/3129 3097/3090/3090 3096/3091/3089
f 3138/3131/3131 3097/3090/3090 3137/3132/3130
f 3139/3133/3132 3098/3092/3091 3138/3131/3131
f 3139/3133/3132 3100/3095/3093 3099/3093/3092
f 3141/3134/3134 3100/3095/3093 3140/3135/3133
f 3141/3134/3134 3102/3097/3095 3101/3094/3094
f 3143/3136/3136 3102/3097/3095 3142/3137/3135
f 3144/3138/3137 3103/3096/3096 3143/3136/3136
f 3144/3138/3137 3105/3099/3098 3104/3098/3097
f 3145/3139/3138 3106/3101/3099 3105/3099/3098
f 3147/3140/3140 3106/3101/3099 3146/3141/3139
f 3147/3140/3140 3108/3102/3101 3107/3100/3100
f 3148/3142/3141 3109/3103/3102 3108/3102/3101
f 3149/3143/3142 3110/3104/3103 3109/3103/3102
f 3150/3144/3143 3111/3106/3104 3110/3104/3103
f 3152/3145/3145 3111/3106/3104 3151/3146/3144
f 3153/3147/3146 3112/3105/3105 3152/3145/3145
f 3154/3148/3147 3113/3107/3106 3153/3147/3146
f 3154/3148/3147 3115/3109/3108 3114/3108/3107
f 3155/3149/3148 3116/3110/3109 3115/3109/3108
f 3156/3150/3149 3117/3111/3110 3116/3110/3109
f 3157/3151/3150 3118/3112/3111 3117/3111/3110
f 3158/3152/3151 3119/3114/3112 3118/3112/3111
f 3160/3153/3153 3119/3114/3112 3159/3154/3152
f 3162/3155/3155 3121/3116/3114 3161/3156/3154
f 3162/3155/3155 3123/3117/3116 3122/3115/3115
f 3163/3157/3156 3124/3119/3117 3123/3117/3116
f 3165/3158/3158 3124/3119/3117 3164/3159/3157
f 3166/3160/3159 3125/3118/3118 3165/3158/3158
f 3166/3160/3159 3127/3121/3120 3126/3120/3119
f 3168/3161/3161 3127/3121/3120 3167/3162/3160
f 3168/3161/3161 3129/3123/3122 3128/3122/3121
f 3169/3163/3162 3130/3124/3123 3129/3123/3122
f 3170/3164/3163 3131/3125/3124 3130/3124/3123
f 3171/3165/3164 3132/3126/3125 3131/3125/3124
f 3172/3166/3165 3133/3127/3126 3132/3126/3125
f 3173/3167/3166 3134/3128/3127 3133/3127/3126
f 3174/3168/3167 3135/3130/3128 3134/3128/3127
f 3175/3169/3168 3136/3129/3129 3135/3130/3128
f 3177/3170/3170 3136/3129/3129 3176/3171/3169
f 3177/3170/3170 3138/3131/3131 3137/3132/3130
f 3179/3172/3172 3138/3131/3131 3178/3173/3171
f 3180/3174/3173 3139/3133/3132 3179/3172/3172
f 3181/3175/3174 3140/3135/3133 3180/3174/3173
f 3182/3176/3175 3141/3134/3134 3181/3175/3174
f 3182/3176/3175 3143/3136/3136 3142/3137/3135
f 3183/3177/3176 3144/3138/3137 3143/3136/3136
f 3185/3178/3178 3144/3138/3137 3184/3179/3177
f 3186/3180/3179 3145/3139/3138 3185/3178/3178
f 3186/3180/3179 3147/3140/3140 3146/3141/3139
f 3187/3181/3180 3148/3142/3141 3147/3140/3140
f 3189/3182/3182 3148/3142/3141 3188/3183/3181
f 3190/3184/3183 3149/3143/3142 3189/3182/3182
f 3190/3184/3183 3151/3146/3144 3150/3144/3143
f 3192/3185/3185 3151/3146/3144 3191/3186/3184
f 3193/3187/3186 3152/3145/3145 3192/3185/3185
f 3194/3188/3187 3153/3147/3146 3193/3187/3186
f 3195/3189/3188 3154/3148/3147 3194/3188/3187
f 3195/3189/3188 3156/3150/3149 3155/3149/3148
f 3196/3190/3189 3157/3151/3150 3156/3150/3149
f 3197/3191/3190 3158/3152/3151 3157/3151/3150
f 3198/3192/3191 3159/3154/3152 3158/3152/3151
f 3200/3193/3193 3159/3154/3152 3199/3194/3192
f 3202/3195/3195 3161/3156/3154 3201/3196/3194
f 3202/3195/3195 3163/3157/3156 3162/3155/3155
f 3204/3197/3197 3163/3157/3156 3203/3198/3196
f 3205/3199/3198 3164/3159/3157 3204/3197/3197
f 3206/3200/3199 3165/3158/3158 3205/3199/3198
f 3207/3201/3200 3166/3160/3159 3206/3200/3199
f 3207/3201/3200 3168/3161/3161 3167/3162/3160
f 3209/3202/3202 3168/3161/3161 3208/3203/3201
f 3210/3204/3203 3169/3163/3162 3209/3202/3202
f 3211/3205/3204 3170/3164/3163 3210/3204/3203
f 3211/3205/3204 3172/3166/3165 3171/3165/3164
f 3213/3206/3206 3172/3166/3165 3212/3207/3205
f 3213/3206/3206 3174/3168/3167 3173/3167/3166
f 3215/3208/3208 3174/3168/3167 3214/3209/3207
f 3216/3210/3209 3175/3169/3168 3215/3208/3208
f 3216/3210/3209 3177/3170/3170 3176/3171/3169
f 3217/3211/3210 3178/3173/3171 3177/3170/3170
f 3219/3212/3212 3178/3173/3171 3218/3213/3211
f 3219/3212/3212 3180/3174/3173 3179/3172/3172
f 3221/3214/3214 3180/3174/3173 3220/3215/3213
f 3222/3216/3215 3181/3175/3174 3221/3214/3214
f 3223/3217/3216 3182/3176/3175 3222/3216/3215
f 3224/3218/3217 3183/3177/3176 3223/3217/3216
f 3225/3219/3218 3184/3179/3177 3224/3218/3217
f 3226/3220/3219 3185/3178/3178 3225/3219/3218
f 3226/3220/3219 3187/3181/3180 3186/3180/3179
f 3228/3221/3221 3187/3181/3180 3227/3222/3220
f 3228/3221/3221 3189/3182/3182 3188/3183/3181
f 3230/3223/3223 3189/3182/3182 3229/3224/3222
f 3231/3225/3224 3190/3184/3183 3230/3223/3223
f 3231/3225/3224 3192/3185/3185 3191/3186/3184
f 3232/3226/3225 3193/3187/3186 3192/3185/3185
f 3234/3227/3227 3193/3187/3186 3233/3228/3226
f 3235/3229/3228 3194/3188/3187 3234/3227/3227
f 3235/3229/3228 3196/3190/3189 3195/3189/3188
f 3236/3230/3229 3197/3191/3190 3196/3190/3189
f 3237/3231/3230 3198/3192/3191 3197/3191/3190
f 3238/3232/3231 3199/3194/3192 3198/3192/3191
f 3240/3233/3233 3199/3194/3192 3239/3234/3232
f 3242/3235/3235 3201/3196/3194 3241/3236/3234
f 3243/3237/3236 3202/3195/3195 3242/3235/3235
f 3244/3238/3237 3203/3198/3196 3243/3237/3236
f 3245/3239/3238 3204/3197/3197 3244/3238/3237
f 3246/3240/3239 3205/3199/3198 3245/3239/3238
f 3247/3241/3240 3206/3200/3199 3246/3240/3239
f 3247/3241/3240 3208/3203/3201 3207/3201/3200
f 3248/3242/3241 3209/3202/3202 3208/3203/3201
f 3249/3243/3242 3210/3204/3203 3209/3202/3202
f 3250/3244/3243 3211/3205/3204 3210/3204/3203
f 3251/3245/3244 3212/3207/3205 3211/3205/3204
f 3253/3246/3246 3212/3207/3205 3252/3247/3245
f 3253/3246/3246 3214/3209/3207 3213/3206/3206
f 3254/3248/3247 3215/3208/3208 3214/3209/3207
f 3256/3249/3249 3215/3208/3208 3255/3250/3248
f 3256/3249/3249 3217/3211/3210 3216/3210/3209
f 3257/3251/3250 3218/3213/3211 3217/3211/3210
f 3258/3252/3251 3219/3212/3212 3218/3213/3211
f 3260/3253/3253 3219/3212/3212 3259/3254/3252
f 3260/3253/3253 3221/3214/3214 3220/3215/3213
f 3261/3255/3254 3222/3216/3215 3221/3214/3214
f 3263/3256/3256 3222/3216/3215 3262/3257/3255
f 3263/3256/3256 3224/3218/3217 3223/3217/3216
f 3264/3258/3257 3225/3219/3218 3224/3218/3217
f 3266/3259/3259 3225/3219/3218 3265/3260/3258
f 3266/3259/3259 3227/3222/3220 3226/3220/3219
f 3267/3261/3260 3228/3221/3221 3227/3222/3220
f 3268/3262/3261 3229/3224/3222 3228/3221/3221
f 3269/3263/3262 3230/3223/3223 3229/3224/3222
f 3270/3264/3263 3231/3225/3224 3230/3223/3223
f 3271/3265/3264 3232/3226/3225 3231/3225/3224
f 3273/3266/3266 3232/3226/3225 3272/3267/3265
f 3274/3268/3267 3233/3228/3226 3273/3266/3266
f 3274/3268/3267 3235/3229/3228 3234/3227/3227
f 3275/3269/3268 3236/3230/3229 3235/3229/3228
f 3276/3270/3269 3237/3231/3230 3236/3230/3229
f 3277/3271/3270 3238/3232/3231 3237/3231/3230
f 3278/3272/3271 3239/3234/3232 3238/3232/3231
f 3280/3273/3273 3239/3234/3232 3279/3274/3272
f 3282/3275/3275 3241/3236/3234 3281/3276/3274
f 3283/3277/3276 3242/3235/3235 3282/3275/3275
f 3284/3278/3277 3243/3237/3236 3283/3277/3276
f 3285/3279/3278 3244/3238/3237 3284/3278/3277
f 3286/3280/3279 3245/3239/3238 3285/3279/3278
f 3286/3280/3279 3247/3241/3240 3246/3240/3239
f 3287/3281/3280 3248/3242/3241 3247/3241/3240
f 3288/3282/3281 3249/3243/3242 3248/3242/3241
f 3290/3283/3283 3249/3243/3242 3289/3284/3282
f 3291/3285/3284 3250/3244/3243 3290/3283/3283
f 3291/3285/3284 3252/3247/3245 3251/3245/3244
f 3292/3286/3285 3253/3246/3246 3252/3247/3245
f 3293/3287/3286 3254/3248/3247 3253/3246/3246
f 3295/3288/3288 3254/3248/3247 3294/3289/3287
f 3295/3288/3288 3256/3249/3249 3255/3250/3248
f 3297/3290/3290 3256/3249/3249 3296/3291/3289
f 3297/3290/3290 3258/3252/3251 3257/3251/3250
f 3299/3292/3292 3258/3252/3251 3298/3293/3291
f 3299/3292/3292 3260/3253/3253 3259/3254/3252
f 3301/3294/3294 3260/3253/3253 3300/3295/3293
f 3302/3296/3295 3261/3255/3254 3301/3294/3294
f 3303/3297/3296 3262/3257/3255 3302/3296/3295
f 3303/3297/3296 3264/3258/3257 3263/3256/3256
f 3305/3298/3298 3264/3258/3257 3304/3299/3297
f 3305/3298/3298 3266/3259/3259 3265/3260/3258
f 3306/3300/3299 3267/3261/3260 3266/3259/3259
f 3307/3301/3300 3268/3262/3261 3267/3261/3260
f 3309/3302/3302 3268/3262/3261 3308/3303/3301
f 3309/3302/3302 3270/3264/3263 3269/3263/3262
f 3311/3304/3304 3270/3264/3263 3310/3305/3303
f 3311/3304/3304 3272/3267/3265 3271/3265/3264
f 3313/3306/3306 3272/3267/3265 3312/3307/3305
f 3314/3308/3307 3273/3266/3266 3313/3306/3306
f 3315/3309/3308 3274/3268/3267 3314/3308/3307
f 3315/3309/3308 3276/3270/3269 3275/3269/3268
f 3316/3310/3309 3277/3271/3270 3276/3270/3269
f 3317/3311/3310 3278/3272/3271 3277/3271/3270
f 3318/3312/3311 3279/3274/3272 3278/3272/3271
f 3319/3313/3312 3280/3273/3273 3279/3274/3272
f 3322/3314/3315 3281/3276/3274 3321/3315/3314
f 3323/3316/3316 3282/3275/3275 3322/3314/3315
f 3324/3317/3317 3283/3277/3276 3323/3316/3316
f 3325/3318/3318 3284/3278/3277 3324/3317/3317
f 3326/3319/3319 3285/3279/3278 3325/3318/3318
f 3326/3319/3319 3287/3281/3280 3286/3280/3279
f 3327/3320/3320 3288/3282/3281 3287/3281/3280
f 3328/3321/3321 3289/3284/3282 3288/3282/3281
f 3329/3322/3322 3290/3283/3283 3289/3284/3282
f 3331/3323/3324 3290/3283/3283 3330/3324/3323
f 3331/3323/3324 3292/3286/3285 3291/3285/3284
f 3333/3325/3326 3292/3286/3285 3332/3326/3325
f 3333/3325/3326 3294/3289/3287 3293/3287/3286
f 3335/3327/3328 3294/3289/3287 3334/3328/3327
f 3336/3329/3329 3295/3288/3288 3335/3327/3328
f 3336/3329/3329 3297/3290/3290 3296/3291/3289
f 3338/3330/3331 3297/3290/3290 3337/3331/3330
f 3339/3332/3332 3298/3293/3291 3338/3330/3331
f 3340/3333/3333 3299/3292/3292 3339/3332/3332
f 3340/3333/3333 3301/3294/3294 3300/3295/3293
f 3341/3334/3334 3302/3296/3295 3301/3294/3294
f 3342/3335/3335 3303/3297/3296 3302/3296/3295
f 3344/3336/3337 3303/3297/3296 3343/3337/3336
f 3345/3338/3338 3304/3299/3297 3344/3336/3337
f 3345/3338/3338 3306/3300/3299 3305/3298/3298
f 3346/3339/3339 3307/3301/3300 3306/3300/3299
f 3347/3340/3340 3308/3303/3301 3307/3301/3300
f 3348/3341/3341 3309/3302/3302 3308/3303/3301
f 3350/3342/3343 3309/3302/3302 3349/3343/3342
f 3350/3342/3343 3311/3304/3304 3310/3305/3303
f 3352/3344/3345 3311/3304/3304 3351/3345/3344
f 3352/3344/3345 3313/3306/3306 3312/3307/3305
f 3353/3346/3346 3314/3308/3307 3313/3306/3306
f 3355/3347/3348 3314/3308/3307 3354/3348/3347
f 3355/3347/3348 3316/3310/3309 3315/3309/3308
f 3356/3349/3349 3317/3311/3310 3316/3310/3309
f 3357/3350/3350 3318/3312/3311 3317/3311/3310
f 3359/3351/3352 3318/3312/3311 3358/3352/3351
f 3359/3351/3352 3320/3353/3313 3319/3313/3312
f 3362/3354/3355 3321/3315/3314 3361/3355/3354
f 3363/3356/3356 3322/3314/3315 3362/3354/3355
f 3364/3357/3357 3323/3316/3316 3363/3356/3356
f 3365/3358/3358 3324/3317/3317 3364/3357/3357
f 3366/3359/3359 3325/3318/3318 3365/3358/3358
f 3367/3360/3360 3326/3319/3319 3366/3359/3359
f 3367/3360/3360 3328/3321/3321 3327/3320/3320
f 3368/3361/3361 3329/3322/3322 3328/3321/3321
f 3370/3362/3363 3329/3322/3322 3369/3363/3362
f 3370/3362/3363 3331/3323/3324 3330/3324/3323
f 3372/3364/3365 3331/3323/3324 3371/3365/3364
f 3373/3366/3366 3332/3326/3325 3372/3364/3365
f 3373/3366/3366 3334/3328/3327 3333/3325/3326
f 3374/3367/3367 3335/3327/3328 3334/3328/3327
f 3376/3368/3369 3335/3327/3328 3375/3369/3368
f 3376/3368/3369 3337/3331/3330 3336/3329/3329
f 3377/3370/3370 3338/3330/3331 3337/3331/3330
f 3379/3371/3372 3338/3330/3331 3378/3372/3371
f 3379/3371/3372 3340/3333/3333 3339/3332/3332
f 3381/3373/3374 3340/3333/3333 3380/3374/3373
f 3382/3375/3375 3341/3334/3334 3381/3373/3374
f 3382/3375/3375 3343/3337/3336 3342/3335/3335
f 3384/3376/3377 3343/3337/3336 3383/3377/3376
f 3385/3378/3378 3344/3336/3337 3384/3376/3377
f 3385/3378/3378 3346/3339/3339 3345/3338/3338
f 3387/3379/3380 3346/3339/3339 3386/3380/3379
f 3387/3379/3380 3348/3341/3341 3347/3340/3340
f 3388/3381/3381 3349/3343/3342 3348/3341/3341
f 3390/3382/3383 3349/3343/3342 3389/3383/3382
f 3391/3384/3384 3350/3342/3343 3390/3382/3383
f 3391/3384/3384 3352/3344/3345 3351/3345/3344
f 3393/3385/3386 3352/3344/3345 3392/3386/3385
f 3394/3387/3387 3353/3346/3346 3393/3385/3386
f 3395/3388/3388 3354/3348/3347 3394/3387/3387
f 3395/3388/3388 3356/3349/3349 3355/3347/3348
f 3396/3389/3389 3357/3350/3350 3356/3349/3349
f 3397/3390/3390 3358/3352/3351 3357/3350/3350
f 3399/3391/3392 3358/3352/3351 3398/3392/3391
f 3400/3393/3393 3359/3351/3352 3399/3391/3392
f 3402/3394/3395 3361/3355/3354 3401/3395/3394
f 3402/3394/3395 3363/3356/3356 3362/3354/3355
f 3403/3396/3396 3364/3357/3357 3363/3356/3356
f 3405/3397/3398 3364/3357/3357 3404/3398/3397
f 3406/3399/3399 3365/3358/3358 3405/3397/3398
f 3407/3400/3400 3366/3359/3359 3406/3399/3399
f 3407/3400/3400 3368/3361/3361 3367/3360/3360
f 3408/3401/3401 3369/3363/3362 3368/3361/3361
f 3410/3402/3403 3369/3363/3362 3409/3403/3402
f 3410/3402/3403 3371/3365/3364 3370/3362/3363
f 3412/3404/3405 3371/3365/3364 3411/3405/3404
f 3413/3406/3406 3372/3364/3365 3412/3404/3405
f 3413/3406/3406 3374/3367/3367 3373/3366/3366
f 3415/3407/3408 3374/3367/3367 3414/3408/3407
f 3415/3407/3408 3376/3368/3369 3375/3369/3368
f 3416/3409/3409 3377/3370/3370 3376/3368/3369
f 3418/3410/3411 3377/3370/3370 3417/3411/3410
f 3418/3410/3411 3379/3371/3372 3378/3372/3371
f 3420/3412/3413 3379/3371/3372 3419/3413/3412
f 3420/3412/3413 3381/3373/3374 3380/3374/3373
f 3421/3414/3414 3382/3375/3375 3381/3373/3374
f 3422/3415/3415 3383/3377/3376 3382/3375/3375
f 3423/3416/3416 3384/3376/3377 3383/3377/3376
f 3424/3417/3417 3385/3378/3378 3384/3376/3377
f 3426/3418/3419 3385/3378/3378 3425/3419/3418
f 3426/3418/3419 3387/3379/3380 3386/3380/3379
f 3428/3420/3421 3387/3379/3380 3427/3421/3420
f 3429/3422/3422 3388/3381/3381 3428/3420/3421
f 3429/3422/3422 3390/3382/3383 3389/3383/3382
f 3430/3423/3423 3391/3384/3384 3390/3382/3383
f 3431/3424/3424 3392/3386/3385 3391/3384/3384
f 3432/3425/3425 3393/3385/3386 3392/3386/3385
f 3433/3426/3426 3394/3387/3387 3393/3385/3386
f 3434/3427/3427 3395/3388/3388 3394/3387/3387
f 3435/3428/3428 3396/3389/3389 3395/3388/3388
f 3436/3429/3429 3397/3390/3390 3396/3389/3389
f 3437/3430/3430 3398/3392/3391 3397/3390/3390
f 3439/3431/3432 3398/3392/3391 3438/3432/3431
f 3440/3433/3433 3399/3391/3392 3439/3431/3432
f 3442/3434/3435 3401/3395/3394 3441/3435/3434
f 3443/3436/3436 3402/3394/3395 3442/3434/3435
f 3443/3436/3436 3404/3398/3397 3403/3396/3396
f 3444/3437/3437 3405/3397/3398 3404/3398/3397
f 3446/3438/3439 3405/3397/3398 3445/3439/3438
f 3447/3440/3440 3406/3399/3399 3446/3438/3439
f 3447/3440/3440 3408/3401/3401 3407/3400/3400
f 3448/3441/3441 3409/3403/3402 3408/3401/3401
f 3450/3442/3443 3409/3403/3402 3449/3443/3442
f 3450/3442/3443 3411/3405/3404 3410/3402/3403
f 3452/3444/3445 3411/3405/3404 3451/3445/3444
f 3453/3446/3446 3412/3404/3405 3452/3444/3445
f 3454/3447/3447 3413/3406/3406 3453/3446/3446
f 3454/3447/3447 3415/3407/3408 3414/3408/3407
f 3456/3448/3449 3415/3407/3408 3455/3449/3448
f 3456/3448/3449 3417/3411/3410 3416/3409/3409
f 3457/3450/3450 3418/3410/3411 3417/3411/3410
f 3458/3451/3451 3419/3413/3412 3418/3410/3411
f 3460/3452/3453 3419/3413/3412 3459/3453/3452
f 3461/3454/3454 3420/3412/3413 3460/3452/3453
f 3461/3454/3454 3422/3415/3415 3421/3414/3414
f 3462/3455/3455 3423/3416/3416 3422/3415/3415
f 3463/3456/3456 3424/3417/3417 3423/3416/3416
f 3464/3457/3457 3425/3419/3418 3424/3417/3417
f 3465/3458/3458 3426/3418/3419 3425/3419/3418
f 3467/3459/3460 3426/3418/3419 3466/3460/3459
f 3467/3459/3460 3428/3420/3421 3427/3421/3420
f 3469/3461/3462 3428/3420/3421 3468/3462/3461
f 3470/3463/3463 3429/3422/3422 3469/3461/3462
f 3471/3464/3464 3430/3423/3423 3470/3463/3463
f 3471/3464/3464 3432/3425/3425 3431/3424/3424
f 3473/3465/3466 3432/3425/3425 3472/3466/3465
f 3474/3467/3467 3433/3426/3426 3473/3465/3466
f 3474/3467/3467 3435/3428/3428 3434/3427/3427
f 3475/3468/3468 3436/3429/3429 3435/3428/3428
f 3476/3469/3469 3437/3430/3430 3436/3429/3429
f 3477/3470/3470 3438/3432/3431 3437/3430/3430
f 3479/3471/3472 3438/3432/3431 3478/3472/3471
f 3480/3473/3473 3439/3431/3432 3479/3471/3472
f 3482/3474/3475 3441/3435/3434 3481/3475/3474
f 3483/3476/3476 3442/3434/3435 3482/3474/3475
f 3483/3476/3476 3444/3437/3437 3443/3436/3436
f 3485/3477/3478 3444/3437/3437 3484/3478/3477
f 3486/3479/3479 3445/3439/3438 3485/3477/3478
f 3487/3480/3480 3446/3438/3439 3486/3479/3479
f 3487/3480/3480 3448/3441/3441 3447/3440/3440
f 3489/3481/3482 3448/3441/3441 3488/3482/3481
f 3489/3481/3482 3450/3442/3443 3449/3443/3442
f 3491/3483/3484 3450/3442/3443 3490/3484/3483
f 3492/3485/3485 3451/3445/3444 3491/3483/3484
f 3492/3485/3485 3453/3446/3446 3452/3444/3445
f 3494/3486/3487 3453/3446/3446 3493/3487/3486
f 3495/3488/3488 3454/3447/3447 3494/3486/3487
f 3496/3489/3489 3455/3449/3448 3495/3488/3488
f 3496/3489/3489 3457/3450/3450 3456/3448/3449
f 3497/3490/3490 3458/3451/3451 3457/3450/3450
f 3499/3491/3492 3458/3451/3451 3498/3492/3491
f 3500/3493/3493 3459/3453/3452 3499/3491/3492
f 3501/3494/3494 3460/3452/3453 3500/3493/3493
f 3502/3495/3495 3461/3454/3454 3501/3494/3494
f 3502/3495/3495 3463/3456/3456 3462/3455/3455
f 3504/3496/3497 3463/3456/3456 3503/3497/3496
f 3504/3496/3497 3465/3458/3458 3464/3457/3457
f 3505/3498/3498 3466/3460/3459 3465/3458/3458
f 3507/3499/3500 3466/3460/3459 3506/3500/3499
f 3508/3501/3501 3467/3459/3460 3507/3499/3500
f 3509/3502/3502 3468/3462/3461 3508/3501/3501
f 3510/3503/3503 3469/3461/3462 3509/3502/3502
f 3511/3504/3504 3470/3463/3463 3510/3503/3503
f 3512/3505/3505 3471/3464/3464 3511/3504/3504
f 3512/3505/3505 3473/3465/3466 3472/3466/3465
f 3513/3506/3506 3474/3467/3467 3473/3465/3466
f 3515/3507/3508 3474/3467/3467 3514/3508/3507
f 3516/3509/3509 3475/3468/3468 3515/3507/3508
f 3517/3510/3510 3476/3469/3469 3516/3509/3509
f 3517/3510/3510 3478/3472/3471 3477/3470/3470
f 3519/3511/3512 3478/3472/3471 3518/3512/3511
f 3520/3513/3513 3479/3471/3472 3519/3511/3512
f 3522/3514/3515 3481/3475/3474 3521/3515/3514
f 3523/3516/3516 3482/3474/3475 3522/3514/3515
f 3523/3516/3516 3484/3478/3477 3483/3476/3476
f 3525/3517/3518 3484/3478/3477 3524/3518/3517
f 3526/3519/3519 3485/3477/3478 3525/3517/3518
f 3527/3520/3520 3486/3479/3479 3526/3519/3519
f 3527/3520/3520 3488/3482/3481 3487/3480/3480
f 3529/3521/3522 3488/3482/3481 3528/3522/3521
f 3530/3523/3523 3489/3481/3482 3529/3521/3522
f 3530/3523/3523 3491/3483/3484 3490/3484/3483
f 3532/3524/3525 3491/3483/3484 3531/3525/3524
f 3533/3526/3526 3492/3485/3485 3532/3524/3525
f 3534/3527/3527 3493/3487/3486 3533/3526/3526
f 3535/3528/3528 3494/3486/3487 3534/3527/3527
f 3536/3529/3529 3495/3488/3488 3535/3528/3528
f 3536/3529/3529 3497/3490/3490 3496/3489/3489
f 3538/3530/3531 3497/3490/3490 3537/3531/3530
f 3538/3530/3531 3499/3491/3492 3498/3492/3491
f 3539/3532/3532 3500/3493/3493 3499/3491/3492
f 3541/3533/3534 3500/3493/3493 3540/3534/3533
f 3542/3535/3535 3501/3494/3494 3541/3533/3534
f 3542/3535/3535 3503/3497/3496 3502/3495/3495
f 3544/3536/3537 3503/3497/3496 3543/3537/3536
f 3545/3538/3538 3504/3496/3497 3544/3536/3537
f 3546/3539/3539 3505/3498/3498 3545/3538/3538
f 3546/3539/3539 3507/3499/3500 3506/3500/3499
f 3548/3540/3541 3507/3499/3500 3547/3541/3540
f 3548/3540/3541 3509/3502/3502 3508/3501/3501
f 3549/3542/3542 3510/3503/3503 3509/3502/3502
f 3551/3543/3544 3510/3503/3503 3550/3544/3543
f 3551/3543/3544 3512/3505/3505 3511/3504/3504
f 3553/3545/3546 3512/3505/3505 3552/3546/3545
f 3554/3547/3547 3513/3506/3506 3553/3545/3546
f 3555/3548/3548 3514/3508/3507 3554/3547/3547
f 3556/3549/3549 3515/3507/3508 3555/3548/3548
f 3557/3550/3550 3516/3509/3509 3556/3549/3549
f 3558/3551/3551 3517/3510/3510 3557/3550/3550
f 3559/3552/3552 3518/3512/3511 3558/3551/3551
f 3560/3553/3553 3519/3511/3512 3559/3552/3552
f 3562/3554/3555 3521/3515/3514 3561/3555/3554
f 3563/3556/3556 3522/3514/3515 3562/3554/3555
f 3563/3556/3556 3524/3518/3517 3523/3516/3516
f 3565/3557/3558 3524/3518/3517 3564/3558/3557
f 3566/3559/3559 3525/3517/3518 3565/3557/3558
f 3566/3559/3559 3527/3520/3520 3526/3519/3519
f 3567/3560/3560 3528/3522/3521 3527/3520/3520
f 3568/3561/3561 3529/3521/3522 3528/3522/3521
f 3569/3562/3562 3530/3523/3523 3529/3521/3522
f 3570/3563/3563 3531/3525/3524 3530/3523/3523
f 3571/3564/3564 3532/3524/3525 3531/3525/3524
f 3573/3565/3566 3532/3524/3525 3572/3566/3565
f 3573/3565/3566 3534/3527/3527 3533/3526/3526
f 3574/3567/3567 3535/3528/3528 3534/3527/3527
f 3576/3568/3569 3535/3528/3528 3575/3569/3568
f 3577/3570/3570 3536/3529/3529 3576/3568/3569
f 3578/3571/3571 3537/3531/3530 3577/3570/3570
f 3579/3572/3572 3538/3530/3531 3578/3571/3571
f 3579/3572/3572 3540/3534/3533 3539/3532/3532
f 3581/3573/3574 3540/3534/3533 3580/3574/3573
f 3581/3573/3574 3542/3535/3535 3541/3533/3534
f 3583/3575/3576 3542/3535/3535 3582/3576/3575
f 3583/3575/3576 3544/3536/3537 3543/3537/3536
f 3585/3577/3578 3544/3536/3537 3584/3578/3577
f 3585/3577/3578 3546/3539/3539 3545/3538/3538
f 3586/3579/3579 3547/3541/3540 3546/3539/3539
f 3587/3580/3580 3548/3540/3541 3547/3541/3540
f 3589/3581/3582 3548/3540/3541 3588/3582/3581
f 3590/3583/3583 3549/3542/3542 3589/3581/3582
f 3591/3584/3584 3550/3544/3543 3590/3583/3583
f 3592/3585/3585 3551/3543/3544 3591/3584/3584
f 3592/3585/3585 3553/3545/3546 3552/3546/3545
f 3594/3586/3587 3553/3545/3546 3593/3587/3586
f 3595/3588/3588 3554/3547/3547 3594/3586/3587
f 3596/3589/3589 3555/3548/3548 3595/3588/3588
f 3597/3590/3590 3556/3549/3549 3596/3589/3589
f 3598/3591/3591 3557/3550/3550 3597/3590/3590
f 3599/3592/3592 3558/3551/3551 3598/3591/3591
f 3600/3593/3593 3559/3552/3552 3599/3592/3592
f 3602/3594/3595 3561/3555/3554 3601/3595/3594
f 3603/3596/3596 3562/3554/3555 3602/3594/3595
f 3603/3596/3596 3564/3558/3557 3563/3556/3556
f 3605/3597/3598 3564/3558/3557 3604/3598/3597
f 3606/3599/3599 3565/3557/3558 3605/3597/3598
f 3607/3600/3600 3566/3559/3559 3606/3599/3599
f 3607/3600/3600 3568/3561/3561 3567/3560/3560
f 3608/3601/3601 3569/3562/3562 3568/3561/3561
f 3609/3602/3602 3570/3563/3563 3569/3562/3562
f 3611/3603/3604 3570/3563/3563 3610/3604/3603
f 3612/3605/3605 3571/3564/3564 3611/3603/3604
f 3612/3605/3605 3573/3565/3566 3572/3566/3565
f 3614/3606/3607 3573/3565/3566 3613/3607/3606
f 3614/3606/3607 3575/3569/3568 3574/3567/3567
f 3615/3608/3608 3576/3568/3569 3575/3569/3568
f 3616/3609/3609 3577/3570/3570 3576/3568/3569
f 3618/3610/3611 3577/3570/3570 3617/3611/3610
f 3618/3610/3611 3579/3572/3572 3578/3571/3571
f 3620/3612/3613 3579/3572/3572 3619/3613/3612
f 3620/3612/3613 3581/3573/3574 3580/3574/3573
f 3621/3614/3614 3582/3576/3575 3581/3573/3574
f 3622/3615/3615 3583/3575/3576 3582/3576/3575
f 3624/3616/3617 3583/3575/3576 3623/3617/3616
f 3624/3616/3617 3585/3577/3578 3584/3578/3577
f 3625/3618/3618 3586/3579/3579 3585/3577/3578
f 3626/3619/3619 3587/3580/3580 3586/3579/3579
f 3627/3620/3620 3588/3582/3581 3587/3580/3580
f 3629/3621/3622 3588/3582/3581 3628/3622/3621
f 3629/3621/3622 3590/3583/3583 3589/3581/3582
f 3631/3623/3624 3590/3583/3583 3630/3624/3623
f 3631/3623/3624 3592/3585/3585 3591/3584/3584
f 3632/3625/3625 3593/3587/3586 3592/3585/3585
f 3634/3626/3627 3593/3587/3586 3633/3627/3626
f 3635/3628/3628 3594/3586/3587 3634/3626/3627
f 3635/3628/3628 3596/3589/3589 3595/3588/3588
f 3637/3629/3630 3596/3589/3589 3636/3630/3629
f 3637/3629/3630 3598/3591/3591 3597/3590/3590
f 3638/3631/3631 3599/3592/3592 3598/3591/3591
f 3640/3632/3633 3599/3592/3592 3639/3633/3632
f 3642/3634/3635 3601/3595/3594 3641/3635/3634
f 3643/3636/3636 3602/3594/3595 3642/3634/3635
f 3644/3637/3637 3603/3596/3596 3643/3636/3636
f 3645/3638/3638 3604/3598/3597 3644/3637/3637
f 3646/3639/3639 3605/3597/3598 3645/3638/3638
f 3647/3640/3640 3606/3599/3599 3646/3639/3639
f 3647/3640/3640 3608/3601/3601 3607/3600/3600
f 3648/3641/3641 3609/3602/3602 3608/3601/3601
f 3649/3642/3642 3610/3604/3603 3609/3602/3602
f 3650/3643/3643 3611/3603/3604 3610/3604/3603
f 3652/3644/3645 3611/3603/3604 3651/3645/3644
f 3652/3644/3645 3613/3607/3606 3612/3605/3605
f 3653/3646/3646 3614/3606/3607 3613/3607/3606
f 3655/3647/3648 3614/3606/3607 3654/3648/3647
f 3656/3649/3649 3615/3608/3608 3655/3647/3648
f 3656/3649/3649 3617/3611/3610 3616/3609/3609
f 3657/3650/3650 3618/3610/3611 3617/3611/3610
f 3659/3651/3652 3618/3610/3611 3658/3652/3651
f 3659/3651/3652 3620/3612/3613 3619/3613/3612
f 3660/3653/3653 3621/3614/3614 3620/3612/3613
f 3662/3654/3655 3621/3614/3614 3661/3655/3654
f 3662/3654/3655 3623/3617/3616 3622/3615/3615
f 3664/3656/3657 3623/3617/3616 3663/3657/3656
f 3665/3658/3658 3624/3616/3617 3664/3656/3657
f 3665/3658/3658 3626/3619/3619 3625/3618/3618
f 3667/3659/3660 3626/3619/3619 3666/3660/3659
f 3668/3661/3661 3627/3620/3620 3667/3659/3660
f 3668/3661/3661 3629/3621/3622 3628/3622/3621
f 3669/3662/3662 3630/3624/3623 3629/3621/3622
f 3671/3663/3664 3630/3624/3623 3670/3664/3663
f 3672/3665/3665 3631/3623/3624 3671/3663/3664
f 3673/3666/3666 3632/3625/3625 3672/3665/3665
f 3674/3667/3667 3633/3627/3626 3673/3666/3666
f 3675/3668/3668 3634/3626/3627 3674/3667/3667
f 3675/3668/3668 3636/3630/3629 3635/3628/3628
f 3677/3669/3670 3636/3630/3629 3676/3670/3669
f 3677/3669/3670 3638/3631/3631 3637/3629/3630
f 3678/3671/3671 3639/3633/3632 3638/3631/3631
f 3680/3672/3673 3639/3633/3632 3679/3673/3672
f 3682/3674/3675 3641/3635/3634 3681/3675/3674
f 3683/3676/3676 3642/3634/3635 3682/3674/3675
f 3684/3677/3677 3643/3636/3636 3683/3676/3676
f 3685/3678/3678 3644/3637/3637 3684/3677/3677
f 3686/3679/3679 3645/3638/3638 3685/3678/3678
f 3687/3680/3680 3646/3639/3639 3686/3679/3679
f 3687/3680/3680 3648/3641/3641 3647/3640/3640
f 3688/3681/3681 3649/3642/3642 3648/3641/3641
f 3690/3682/3683 3649/3642/3642 3689/3683/3682
f 3691/3684/3684 3650/3643/3643 3690/3682/3683
f 3692/3685/3685 3651/3645/3644 3691/3684/3684
f 3692/3685/3685 3653/3646/3646 3652/3644/3645
f 3694/3686/3687 3653/3646/3646 3693/3687/3686
f 3695/3688/3688 3654/3648/3647 3694/3686/3687
f 3696/3689/3689 3655/3647/3648 3695/3688/3688
f 3696/3689/3689 3657/3650/3650 3656/3649/3649
f 3698/3690/3691 3657/3650/3650 3697/3691/3690
f 3699/3692/3692 3658/3652/3651 3698/3690/3691
f 3700/3693/3693 3659/3651/3652 3699/3692/3692
f 3700/3693/3693 3661/3655/3654 3660/3653/3653
f 3701/3694/3694 3662/3654/3655 3661/3655/3654
f 3703/3695/3696 3662/3654/3655 3702/3696/3695
f 3703/3695/3696 3664/3656/3657 3663/3657/3656
f 3704/3697/3697 3665/3658/3658 3664/3656/3657
f 3706/3698/3699 3665/3658/3658 3705/3699/3698
f 3706/3698/3699 3667/3659/3660 3666/3660/3659
f 3708/3700/3701 3667/3659/3660 3707/3701/3700
f 3709/3702/3702 3668/3661/3661 3708/3700/3701
f 3710/3703/3703 3669/3662/3662 3709/3702/3702
f 3710/3703/3703 3671/3663/3664 3670/3664/3663
f 3711/3704/3704 3672/3665/3665 3671/3663/3664
f 3712/3705/3705 3673/3666/3666 3672/3665/3665
f 3714/3706/3707 3673/3666/3666 3713/3707/3706
f 3715/3708/3708 3674/3667/3667 3714/3706/3707
f 3715/3708/3708 3676/3670/3669 3675/3668/3668
f 3716/3709/3709 3677/3669/3670 3676/3670/3669
f 3717/3710/3710 3678/3671/3671 3677/3669/3670
f 3718/3711/3711 3679/3673/3672 3678/3671/3671
f 3720/3712/3713 3679/3673/3672 3719/3713/3712
f 3722/3714/3715 3681/3675/3674 3721/3715/3714
f 3723/3716/3716 3682/3674/3675 3722/3714/3715
f 3724/3717/3717 3683/3676/3676 3723/3716/3716
f 3724/3717/3717 3685/3678/3678 3684/3677/3677
f 3726/3718/3719 3685/3678/3678 3725/3719/3718
f 3727/3720/3720 3686/3679/3679 3726/3718/3719
f 3727/3720/3720 3688/3681/3681 3687/3680/3680
f 3728/3721/3721 3689/3683/3682 3688/3681/3681
f 3730/3722/3723 3689/3683/3682 3729/3723/3722
f 3730/3722/3723 3691/3684/3684 3690/3682/3683
f 3731/3724/3724 3692/3685/3685 3691/3684/3684
f 3732/3725/3725 3693/3687/3686 3692/3685/3685
f 3734/3726/3727 3693/3687/3686 3733/3727/3726
f 3735/3728/3728 3694/3686/3687 3734/3726/3727
f 3735/3728/3728 3696/3689/3689 3695/3688/3688
f 3736/3729/3729 3697/3691/3690 3696/3689/3689
f 3737/3730/3730 3698/3690/3691 3697/3691/3690
f 3738/3731/3731 3699/3692/3692 3698/3690/3691
f 3739/3732/3732 3700/3693/3693 3699/3692/3692
f 3740/3733/3733 3701/3694/3694 3700/3693/3693
f 3742/3734/3735 3701/3694/3694 3741/3735/3734
f 3742/3734/3735 3703/3695/3696 3702/3696/3695
f 3744/3736/3737 3703/3695/3696 3743/3737/3736
f 3745/3738/3738 3704/3697/3697 3744/3736/3737
f 3745/3738/3738 3706/3698/3699 3705/3699/3698
f 3747/3739/3740 3706/3698/3699 3746/3740/3739
f 3747/3739/3740 3708/3700/3701 3707/3701/3700
f 3749/3741/3742 3708/3700/3701 3748/3742/3741
f 3750/3743/3743 3709/3702/3702 3749/3741/3742
f 3751/3744/3744 3710/3703/3703 3750/3743/3743
f 3752/3745/3745 3711/3704/3704 3751/3744/3744
f 3753/3746/3746 3712/3705/3705 3752/3745/3745
f 3753/3746/3746 3714/3706/3707 3713/3707/3706
f 3755/3747/3748 3714/3706/3707 3754/3748/3747
f 3755/3747/3748 3716/3709/3709 3715/3708/3708
f 3756/3749/3749 3717/3710/3710 3716/3709/3709
f 3757/3750/3750 3718/3711/3711 3717/3710/3710
f 3758/3751/3751 3719/3713/3712 3718/3711/3711
f 3760/3752/3753 3719/3713/3712 3759/3753/3752
f 3761/3754/3754 3722/3714/3715 3721/3715/3714
f 3762/3755/3755 3723/3716/3716 3722/3714/3715
f 3764/3756/3757 3723/3716/3716 3763/3757/3756
f 3764/3756/3757 3725/3719/3718 3724/3717/3717
f 3766/3758/3759 3725/3719/3718 3765/3759/3758
f 3767/3760/3760 3726/3718/3719 3766/3758/3759
f 3767/3760/3760 3728/3721/3721 3727/3720/3720
f 3768/3761/3761 3729/3723/3722 3728/3721/3721
f 3770/3762/3763 3729/3723/3722 3769/3763/3762
f 3771/3764/3764 3730/3722/3723 3770/3762/3763
f 3772/3765/3765 3731/3724/3724 3771/3764/3764
f 3772/3765/3765 3733/3727/3726 3732/3725/3725
f 3774/3766/3767 3733/3727/3726 3773/3767/3766
f 3774/3766/3767 3735/3728/3728 3734/3726/3727
f 3775/3768/3768 3736/3729/3729 3735/3728/3728
f 3777/3769/3770 3736/3729/3729 3776/3770/3769
f 3777/3769/3770 3738/3731/3731 3737/3730/3730
f 3778/3771/3771 3739/3732/3732 3738/3731/3731
f 3780/3772/3773 3739/3732/3732 3779/3773/3772
f 3781/3774/3774 3740/3733/3733 3780/3772/3773
f 3781/3774/3774 3742/3734/3735 3741/3735/3734
f 3782/3775/3775 3743/3737/3736 3742/3734/3735
f 3783/3776/3776 3744/3736/3737 3743/3737/3736
f 3785/3777/3778 3744/3736/3737 3784/3778/3777
f 3785/3777/3778 3746/3740/3739 3745/3738/3738
f 3786/3779/3779 3747/3739/3740 3746/3740/3739
f 3787/3780/3780 3748/3742/3741 3747/3739/3740
f 3788/3781/3781 3749/3741/3742 3748/3742/3741
f 3789/3782/3782 3750/3743/3743 3749/3741/3742
f 3790/3783/3783 3751/3744/3744 3750/3743/3743
f 3792/3784/3785 3751/3744/3744 3791/3785/3784
f 3792/3784/3785 3753/3746/3746 3752/3745/3745
f 3794/3786/3787 3753/3746/3746 3793/3787/3786
f 3795/3788/3788 3754/3748/3747 3794/3786/3787
f 3795/3788/3788 3756/3749/3749 3755/3747/3748
f 3796/3789/3789 3757/3750/3750 3756/3749/3749
f 3797/3790/3790 3758/3751/3751 3757/3750/3750
f 3798/3791/3791 3759/3753/3752 3758/3751/3751
f 3800/3792/3793 3759/3753/3752 3799/3793/3792
f 3801/3794/3794 3762/3755/3755 3761/3754/3754
f 3802/3795/3795 3763/3757/3756 3762/3755/3755
f 3803/3796/3796 3764/3756/3757 3763/3757/3756
f 3804/3797/3797 3765/3759/3758 3764/3756/3757
f 3806/3798/3799 3765/3759/3758 3805/3799/3798
f 3807/3800/3800 3766/3758/3759 3806/3798/3799
f 3808/3801/3801 3767/3760/3760 3807/3800/3800
f 3809/3802/3802 3768/3761/3761 3808/3801/3801
f 3809/3802/3802 3770/3762/3763 3769/3763/3762
f 3810/3803/3803 3771/3764/3764 3770/3762/3763
f 3811/3804/3804 3772/3765/3765 3771/3764/3764
f 3813/3805/3806 3772/3765/3765 3812/3806/3805
f 3813/3805/3806 3774/3766/3767 3773/3767/3766
f 3814/3807/3807 3775/3768/3768 3774/3766/3767
f 3815/3808/3808 3776/3770/3769 3775/3768/3768
f 3817/3809/3810 3776/3770/3769 3816/3810/3809
f 3818/3811/3811 3777/3769/3770 3817/3809/3810
f 3819/3812/3812 3778/3771/3771 3818/3811/3811
f 3819/3812/3812 3780/3772/3773 3779/3773/3772
f 3821/3813/3814 3780/3772/3773 3820/3814/3813
f 3822/3815/3815 3781/3774/3774 3821/3813/3814
f 3822/3815/3815 3783/3776/3776 3782/3775/3775
f 3824/3816/3817 3783/3776/3776 3823/3817/3816
f 3825/3818/3818 3784/3778/3777 3824/3816/3817
f 3826/3819/3819 3785/3777/3778 3825/3818/3818
f 3827/3820/3820 3786/3779/3779 3826/3819/3819
f 3827/3820/3820 3788/3781/3781 3787/3780/3780
f 3829/3821/3822 3788/3781/3781 3828/3822/3821
f 3829/3821/3822 3790/3783/3783 3789/3782/3782
f 3830/3823/3823 3791/3785/3784 3790/3783/3783
f 3832/3824/3825 3791/3785/3784 3831/3825/3824
f 3832/3824/3825 3793/3787/3786 3792/3784/3785
f 3834/3826/3827 3793/3787/3786 3833/3827/3826
f 3834/3826/3827 3795/3788/3788 3794/3786/3787
f 3835/3828/3828 3796/3789/3789 3795/3788/3788
f 3836/3829/3829 3797/3790/3790 3796/3789/3789
f 3837/3830/3830 3798/3791/3791 3797/3790/3790
f 3838/3831/3831 3799/3793/3792 3798/3791/3791
f 3840/3832/3833 3799/3793/3792 3839/3833/3832
f 3841/3834/3834 3802/3795/3795 3801/3794/3794
f 3842/3835/3835 3803/3796/3796 3802/3795/3795
f 3843/3836/3836 3804/3797/3797 3803/3796/3796
f 3844/3837/3837 3805/3799/3798 3804/3797/3797
f 3845/3838/3838 3806/3798/3799 3805/3799/3798
f 3847/3839/3840 3806/3798/3799 3846/3840/3839
f 3848/3841/3841 3807/3800/3800 3847/3839/3840
f 3849/3842/3842 3808/3801/3801 3848/3841/3841
f 3850/3843/3843 3809/3802/3802 3849/3842/3842
f 3850/3843/3843 3811/3804/3804 3810/3803/3803
f 3851/3844/3844 3812/3806/3805 3811/3804/3804
f 3853/3845/3846 3812/3806/3805 3852/3846/3845
f 3853/3845/3846 3814/3807/3807 3813/3805/3806
f 3855/3847/3848 3814/3807/3807 3854/3848/3847
f 3855/3847/3848 3816/3810/3809 3815/3808/3808
f 3857/3849/3850 3816/3810/3809 3856/3850/3849
f 3858/3851/3851 3817/3809/3810 3857/3849/3850
f 3858/3851/3851 3819/3812/3812 3818/3811/3811
f 3860/3852/3853 3819/3812/3812 3859/3853/3852
f 3860/3852/3853 3821/3813/3814 3820/3814/3813
f 3861/3854/3854 3822/3815/3815 3821/3813/3814
f 3862/3855/3855 3823/3817/3816 3822/3815/3815
f 3864/3856/3857 3823/3817/3816 3863/3857/3856
f 3865/3858/3858 3824/3816/3817 3864/3856/3857
f 3866/3859/3859 3825/3818/3818 3865/3858/3858
f 3866/3859/3859 3827/3820/3820 3826/3819/3819
f 3868/3860/3861 3827/3820/3820 3867/3861/3860
f 3868/3860/3861 3829/3821/3822 3828/3822/3821
f 3869/3862/3862 3830/3823/3823 3829/3821/3822
f 3871/3863/3864 3830/3823/3823 3870/3864/3863
f 3872/3865/3865 3831/3825/3824 3871/3863/3864
f 3873/3866/3866 3832/3824/3825 3872/3865/3865
f 3874/3867/3867 3833/3827/3826 3873/3866/3866
f 3874/3867/3867 3835/3828/3828 3834/3826/3827
f 3875/3868/3868 3836/3829/3829 3835/3828/3828
f 3876/3869/3869 3837/3830/3830 3836/3829/3829
f 3877/3870/3870 3838/3831/3831 3837/3830/3830
f 3878/3871/3871 3839/3833/3832 3838/3831/3831
f 3880/3872/3873 3839/3833/3832 3879/3873/3872
f 3881/3874/3874 3842/3835/3835 3841/3834/3834
f 3882/3875/3875 3843/3836/3836 3842/3835/3835
f 3883/3876/3876 3844/3837/3837 3843/3836/3836
f 3884/3877/3877 3845/3838/3838 3844/3837/3837
f 3885/3878/3878 3846/3840/3839 3845/3838/3838
f 3887/3879/3880 3846/3840/3839 3886/3880/3879
f 3888/3881/3881 3847/3839/3840 3887/3879/3880
f 3889/3882/3882 3848/3841/3841 3888/3881/3881
f 3890/3883/3883 3849/3842/3842 3889/3882/3882
f 3890/3883/3883 3851/3844/3844 3850/3843/3843
f 3891/3884/3884 3852/3846/3845 3851/3844/3844
f 3893/3885/3886 3852/3846/3845 3892/3886/3885
f 3893/3885/3886 3854/3848/3847 3853/3845/3846
f 3894/3887/3887 3855/3847/3848 3854/3848/3847
f 3895/3888/3888 3856/3850/3849 3855/3847/3848
f 3897/3889/3890 3856/3850/3849 3896/3890/3889
f 3897/3889/3890 3858/3851/3851 3857/3849/3850
f 3899/3891/3892 3858/3851/3851 3898/3892/3891
f 3900/3893/3893 3859/3853/3852 3899/3891/3892
f 3900/3893/3893 3861/3854/3854 3860/3852/3853
f 3902/3894/3895 3861/3854/3854 3901/3895/3894
f 3903/3896/3896 3862/3855/3855 3902/3894/3895
f 3904/3897/3897 3863/3857/3856 3903/3896/3896
f 3905/3898/3898 3864/3856/3857 3904/3897/3897
f 3905/3898/3898 3866/3859/3859 3865/3858/3858
f 3906/3899/3899 3867/3861/3860 3866/3859/3859
f 3908/3900/3901 3867/3861/3860 3907/3901/3900
f 3908/3900/3901 3869/3862/3862 3868/3860/3861
f 3910/3902/3903 3869/3862/3862 3909/3903/3902
f 3910/3902/3903 3871/3863/3864 3870/3864/3863
f 3911/3904/3904 3872/3865/3865 3871/3863/3864
f 3912/3905/3905 3873/3866/3866 3872/3865/3865
f 3913/3906/3906 3874/3867/3867 3873/3866/3866
f 3914/3907/3907 3875/3868/3868 3874/3867/3867
f 3915/3908/3908 3876/3869/3869 3875/3868/3868
f 3916/3909/3909 3877/3870/3870 3876/3869/3869
f 3917/3910/3910 3878/3871/3871 3877/3870/3870
f 3918/3911/3911 3879/3873/3872 3878/3871/3871
f 3920/3912/3913 3879/3873/3872 3919/3913/3912
f 3922/3914/3915 3881/3874/3874 3921/3915/3914
f 3923/3916/3916 3882/3875/3875 3922/3914/3915
f 3923/3916/3916 3884/3877/3877 3883/3876/3876
f 3924/3917/3917 3885/3878/3878 3884/3877/3877
f 3925/3918/3918 3886/3880/3879 3885/3878/3878
f 3927/3919/3920 3886/3880/3879 3926/3920/3919
f 3928/3921/3921 3887/3879/3880 3927/3919/3920
f 3929/3922/3922 3888/3881/3881 3928/3921/3921
f 3929/3922/3922 3890/3883/3883 3889/3882/3882
f 3930/3923/3923 3891/3884/3884 3890/3883/3883
f 3932/3924/3925 3891/3884/3884 3931/3925/3924
f 3932/3924/3925 3893/3885/3886 3892/3886/3885
f 3934/3926/3927 3893/3885/3886 3933/3927/3926
f 3934/3926/3927 3895/3888/3888 3894/3887/3887
f 3935/3928/3928 3896/3890/3889 3895/3888/3888
f 3936/3929/3929 3897/3889/3890 3896/3890/3889
f 3937/3930/3930 3898/3892/3891 3897/3889/3890
f 3939/3931/3932 3898/3892/3891 3938/3932/3931
f 3940/3933/3933 3899/3891/3892 3939/3931/3932
f 3940/3933/3933 3901/3895/3894 3900/3893/3893
f 3941/3934/3934 3902/3894/3895 3901/3895/3894
f 3943/3935/3936 3902/3894/3895 3942/3936/3935
f 3944/3937/3937 3903/3896/3896 3943/3935/3936
f 3945/3938/3938 3904/3897/3897 3944/3937/3937
f 3945/3938/3938 3906/3899/3899 3905/3898/3898
f 3946/3939/3939 3907/3901/3900 3906/3899/3899
f 3947/3940/3940 3908/3900/3901 3907/3901/3900
f 3949/3941/3942 3908/3900/3901 3948/3942/3941
f 3949/3941/3942 3910/3902/3903 3909/3903/3902
f 3951/3943/3944 3910/3902/3903 3950/3944/3943
f 3951/3943/3944 3912/3905/3905 3911/3904/3904
f 3952/3945/3945 3913/3906/3906 3912/3905/3905
f 3953/3946/3946 3914/3907/3907 3913/3906/3906
f 3954/3947/3947 3915/3908/3908 3914/3907/3907
f 3955/3948/3948 3916/3909/3909 3915/3908/3908
f 3956/3949/3949 3917/3910/3910 3916/3909/3909
f 3957/3950/3950 3918/3911/3911 3917/3910/3910
f 3958/3951/3951 3919/3913/3912 3918/3911/3911
f 3960/3952/3953 3919/3913/3912 3959/3953/3952
f 3962/3954/3955 3921/3915/3914 3961/3955/3954
f 3963/3956/3956 3922/3914/3915 3962/3954/3955
f 3963/3956/3956 3924/3917/3917 3923/3916/3916
f 3965/3957/3958 3924/3917/3917 3964/3958/3957
f 3965/3957/3958 3926/3920/3919 3925/3918/3918
f 3967/3959/3960 3926/3920/3919 3966/3960/3959
f 3967/3959/3960 3928/3921/3921 3927/3919/3920
f 3969/3961/3962 3928/3921/3921 3968/3962/3961
f 3970/3963/3963 3929/3922/3922 3969/3961/3962
f 3971/3964/3964 3930/3923/3923 3970/3963/3963
f 3972/3965/3965 3931/3925/3924 3971/3964/3964
f 3972/3965/3965 3933/3927/3926 3932/3924/3925
f 3974/3966/3967 3933/3927/3926 3973/3967/3966
f 3974/3966/3967 3935/3928/3928 3934/3926/3927
f 3976/3968/3969 3935/3928/3928 3975/3969/3968
f 3976/3968/3969 3937/3930/3930 3936/3929/3929
f 3978/3970/3971 3937/3930/3930 3977/3971/3970
f 3979/3972/3972 3938/3932/3931 3978/3970/3971
f 3979/3972/3972 3940/3933/3933 3939/3931/3932
f 3980/3973/3973 3941/3934/3934 3940/3933/3933
f 3982/3974/3975 3941/3934/3934 3981/3975/3974
f 3983/3976/3976 3942/3936/3935 3982/3974/3975
f 3983/3976/3976 3944/3937/3937 3943/3935/3936
f 3984/3977/3977 3945/3938/3938 3944/3937/3937
f 3986/3978/3979 3945/3938/3938 3985/3979/3978
f 3987/3980/3980 3946/3939/3939 3986/3978/3979
f 3988/3981/3981 3947/3940/3940 3987/3980/3980
f 3988/3981/3981 3949/3941/3942 3948/3942/3941
f 3990/3982/3983 3949/3941/3942 3989/3983/3982
f 3990/3982/3983 3951/3943/3944 3950/3944/3943
f 3992/3984/3985 3951/3943/3944 3991/3985/3984
f 3993/3986/3986 3952/3945/3945 3992/3984/3985
f 3993/3986/3986 3954/3947/3947 3953/3946/3946
f 3994/3987/3987 3955/3948/3948 3954/3947/3947
f 3995/3988/3988 3956/3949/3949 3955/3948/3948
f 3996/3989/3989 3957/3950/3950 3956/3949/3949
f 3997/3990/3990 3958/3951/3951 3957/3950/3950
f 3998/3991/3991 3959/3953/3952 3958/3951/3951
f 4000/3992/3993 3959/3953/3952 3999/3993/3992
f 4002/3994/3995 3961/3955/3954 4001/3995/3994
f 4003/3996/3996 3962/3954/3955 4002/3994/3995
f 4003/3996/3996 3964/3958/3957 3963/3956/3956
f 4005/3997/3998 3964/3958/3957 4004/3998/3997
f 4006/3999/3999 3965/3957/3958 4005/3997/3998
f 4007/4000/4000 3966/3960/3959 4006/3999/3999
f 4008/4001/4001 3967/3959/3960 4007/4000/4000
f 4009/4002/4002 3968/3962/3961 4008/4001/4001
f 4010/4003/4003 3969/3961/3962 4009/4002/4002
f 4011/4004/4004 3970/3963/3963 4010/4003/4003
f 4012/4005/4005 3971/3964/3964 4011/4004/4004
f 4012/4005/4005 3973/3967/3966 3972/3965/3965
f 4014/4006/4007 3973/3967/3966 4013/4007/4006
f 4015/4008/4008 3974/3966/3967 4014/4006/4007
f 4016/4009/4009 3975/3969/3968 4015/4008/4008
f 4017/4010/4010 3976/3968/3969 4016/4009/4009
f 4018/4011/4011 3977/3971/3970 4017/4010/4010
f 4018/4011/4011 3979/3972/3972 3978/3970/3971
f 4019/4012/4012 3980/3973/3973 3979/3972/3972
f 4020/4013/4013 3981/3975/3974 3980/3973/3973
f 4022/4014/4015 3981/3975/3974 4021/4015/4014
f 4023/4016/4016 3982/3974/3975 4022/4014/4015
f 4024/4017/4017 3983/3976/3976 4023/4016/4016
f 4025/4018/4018 3984/3977/3977 4024/4017/4017
f 4026/4019/4019 3985/3979/3978 4025/4018/4018
f 4027/4020/4020 3986/3978/3979 4026/4019/4019
f 4028/4021/4021 3987/3980/3980 4027/4020/4020
f 4029/4022/4022 3988/3981/3981 4028/4021/4021
f 4030/4023/4023 3989/3983/3982 4029/4022/4022
f 4030/4023/4023 3991/3985/3984 3990/3982/3983
f 4031/4024/4024 3992/3984/3985 3991/3985/3984
f 4032/4025/4025 3993/3986/3986 3992/3984/3985
f 4033/4026/4026 3994/3987/3987 3993/3986/3986
f 4034/4027/4027 3995/3988/3988 3994/3987/3987
f 4035/4028/4028 3996/3989/3989 3995/3988/3988
f 4036/4029/4029 3997/3990/3990 3996/3989/3989
f 4037/4030/4030 3998/3991/3991 3997/3990/3990
f 4038/4031/4031 3999/3993/3992 3998/3991/3991
f 4040/4032/4033 3999/3993/3992 4039/4033/4032
f 4042/4034/4035 4001/3995/3994 4041/4035/4034
f 4043/4036/4036 4002/3994/3995 4042/4034/4035
f 4043/4036/4036 4004/3998/3997 4003/3996/3996
f 4044/4037/4037 4005/3997/3998 4004/3998/3997
f 4046/4038/4039 4005/3997/3998 4045/4039/4038
f 4046/4038/4039 4007/4000/4000 4006/3999/3999
f 4047/4040/4040 4008/4001/4001 4007/4000/4000
f 4048/4041/4041 4009/4002/4002 4008/4001/4001
f 4050/4042/4043 4009/4002/4002 4049/4043/4042
f 4051/4044/4044 4010/4003/4003 4050/4042/4043
f 4051/4044/4044 4012/4005/4005 4011/4004/4004
f 4053/4045/4046 4012/4005/4005 4052/4046/4045
f 4053/4045/4046 4014/4006/4007 4013/4007/4006
f 4055/4047/4048 4014/4006/4007 4054/4048/4047
f 4056/4049/4049 4015/4008/4008 4055/4047/4048
f 4056/4049/4049 4017/4010/4010 4016/4009/4009
f 4058/4050/4051 4017/4010/4010 4057/4051/4050
f 4059/4052/4052 4018/4011/4011 4058/4050/4051
f 4059/4052/4052 4020/4013/4013 4019/4012/4012
f 4060/4053/4053 4021/4015/4014 4020/4013/4013
f 4061/4054/4054 4022/4014/4015 4021/4015/4014
f 4062/4055/4055 4023/4016/4016 4022/4014/4015
f 4064/4056/4057 4023/4016/4016 4063/4057/4056
f 4064/4056/4057 4025/4018/4018 4024/4017/4017
f 4066/4058/4059 4025/4018/4018 4065/4059/4058
f 4067/4060/4060 4026/4019/4019 4066/4058/4059
f 4068/4061/4061 4027/4020/4020 4067/4060/4060
f 4069/4062/4062 4028/4021/4021 4068/4061/4061
f 4069/4062/4062 4030/4023/4023 4029/4022/4022
f 4070/4063/4063 4031/4024/4024 4030/4023/4023
f 4071/4064/4064 4032/4025/4025 4031/4024/4024
f 4072/4065/4065 4033/4026/4026 4032/4025/4025
f 4073/4066/4066 4034/4027/4027 4033/4026/4026
f 4074/4067/4067 4035/4028/4028 4034/4027/4027
f 4075/4068/4068 4036/4029/4029 4035/4028/4028
f 4076/4069/4069 4037/4030/4030 4036/4029/4029
f 4077/4070/4070 4038/4031/4031 4037/4030/4030
f 4078/4071/4071 4039/4033/4032 4038/4031/4031
f 4080/4072/4073 4039/4033/4032 4079/4073/4072
f 4082/4074/4075 4041/4035/4034 4081/4075/4074
f 4083/4076/4076 4042/4034/4035 4082/4074/4075
f 4084/4077/4077 4043/4036/4036 4083/4076/4076
f 4084/4077/4077 4045/4039/4038 4044/4037/4037
f 4085/4078/4078 4046/4038/4039 4045/4039/4038
f 4086/4079/4079 4047/4040/4040 4046/4038/4039
f 4088/4080/4081 4047/4040/4040 4087/4081/4080
f 4089/4082/4082 4048/4041/4041 4088/4080/4081
f 4090/4083/4083 4049/4043/4042 4089/4082/4082
f 4090/4083/4083 4051/4044/4044 4050/4042/4043
f 4091/4084/4084 4052/4046/4045 4051/4044/4044
f 4092/4085/4085 4053/4045/4046 4052/4046/4045
f 4093/4086/4086 4054/4048/4047 4053/4045/4046
f 4095/4087/4088 4054/4048/4047 4094/4088/4087
f 4095/4087/4088 4056/4049/4049 4055/4047/4048
f 4097/4089/4090 4056/4049/4049 4096/4090/4089
f 4097/4089/4090 4058/4050/4051 4057/4051/4050
f 4098/4091/4091 4059/4052/4052 4058/4050/4051
f 4100/4092/4093 4059/4052/4052 4099/4093/4092
f 4100/4092/4093 4061/4054/4054 4060/4053/4053
f 4102/4094/4095 4061/4054/4054 4101/4095/4094
f 4103/4096/4096 4062/4055/4055 4102/4094/4095
f 4104/4097/4097 4063/4057/4056 4103/4096/4096
f 4105/4098/4098 4064/4056/4057 4104/4097/4097
f 4105/4098/4098 4066/4058/4059 4065/4059/4058
f 4107/4099/4100 4066/4058/4059 4106/4100/4099
f 4108/4101/4101 4067/4060/4060 4107/4099/4100
f 4108/4101/4101 4069/4062/4062 4068/4061/4061
f 4110/4102/4103 4069/4062/4062 4109/4103/4102
f 4110/4102/4103 4071/4064/4064 4070/4063/4063
f 4111/4104/4104 4072/4065/4065 4071/4064/4064
f 4112/4105/4105 4073/4066/4066 4072/4065/4065
f 4113/4106/4106 4074/4067/4067 4073/4066/4066
f 4114/4107/4107 4075/4068/4068 4074/4067/4067
f 4115/4108/4108 4076/4069/4069 4075/4068/4068
f 4116/4109/4109 4077/4070/4070 4076/4069/4069
f 4117/4110/4110 4078/4071/4071 4077/4070/4070
f 4118/4111/4111 4079/4073/4072 4078/4071/4071
f 4119/4112/4112 4080/4072/4073 4079/4073/4072
f 4122/4113/4115 4081/4075/4074 4121/4114/4114
f 4123/4115/4116 4082/4074/4075 4122/4113/4115
f 4124/4116/4117 4083/4076/4076 4123/4115/4116
f 4124/4116/4117 4085/4078/4078 4084/4077/4077
f 4125/4117/4118 4086/4079/4079 4085/4078/4078
f 4126/4118/4119 4087/4081/4080 4086/4079/4079
f 4127/4119/4120 4088/4080/4081 4087/4081/4080
f 4129/4120/4122 4088/4080/4081 4128/4121/4121
f 4130/4122/4123 4089/4082/4082 4129/4120/4122
f 4130/4122/4123 4091/4084/4084 4090/4083/4083
f 4131/4123/4124 4092/4085/4085 4091/4084/4084
f 4132/4124/4125 4093/4086/4086 4092/4085/4085
f 4133/4125/4126 4094/4088/4087 4093/4086/4086
f 4135/4126/4128 4094/4088/4087 4134/4127/4127
f 4135/4126/4128 4096/4090/4089 4095/4087/4088
f 4136/4128/4129 4097/4089/4090 4096/4090/4089
f 4138/4129/4131 4097/4089/4090 4137/4130/4130
f 4139/4131/4132 4098/4091/4091 4138/4129/4131
f 4140/4132/4133 4099/4093/4092 4139/4131/4132
f 4141/4133/4134 4100/4092/4093 4140/4132/4133
f 4142/4134/4135 4101/4095/4094 4141/4133/4134
f 4143/4135/4136 4102/4094/4095 4142/4134/4135
f 4143/4135/4136 4104/4097/4097 4103/4096/4096
f 4145/4136/4138 4104/4097/4097 4144/4137/4137
f 4145/4136/4138 4106/4100/4099 4105/4098/4098
f 4146/4138/4139 4107/4099/4100 4106/4100/4099
f 4147/4139/4140 4108/4101/4101 4107/4099/4100
f 4148/4140/4141 4109/4103/4102 4108/4101/4101
f 4150/4141/4143 4109/4103/4102 4149/4142/4142
f 4151/4143/4144 4110/4102/4103 4150/4141/4143
f 4151/4143/4144 4112/4105/4105 4111/4104/4104
f 4152/4144/4145 4113/4106/4106 4112/4105/4105
f 4153/4145/4146 4114/4107/4107 4113/4106/4106
f 4154/4146/4147 4115/4108/4108 4114/4107/4107
f 4155/4147/4148 4116/4109/4109 4115/4108/4108
f 4156/4148/4149 4117/4110/4110 4116/4109/4109
f 4157/4149/4150 4118/4111/4111 4117/4110/4110
f 4158/4150/4151 4119/4112/4112 4118/4111/4111
f 4159/4151/4152 4120/4152/4113 4119/4112/4112
f 4162/4153/4155 4121/4114/4114 4161/4154/4154
f 4163/4155/4156 4122/4113/4115 4162/4153/4155
f 4164/4156/4157 4123/4115/4116 4163/4155/4156
f 4165/4157/4158 4124/4116/4117 4164/4156/4157
f 4165/4157/4158 4126/4118/4119 4125/4117/4118
f 4166/4158/4159 4127/4119/4120 4126/4118/4119
f 4168/4159/4161 4127/4119/4120 4167/4160/4160
f 4169/4161/4162 4128/4121/4121 4168/4159/4161
f 4170/4162/4163 4129/4120/4122 4169/4161/4162
f 4171/4163/4164 4130/4122/4123 4170/4162/4163
f 4171/4163/4164 4132/4124/4125 4131/4123/4124
f 4173/4164/4166 4132/4124/4125 4172/4165/4165
f 4173/4164/4166 4134/4127/4127 4133/4125/4126
f 4175/4166/4168 4134/4127/4127 4174/4167/4167
f 4176/4168/4169 4135/4126/4128 4175/4166/4168
f 4177/4169/4170 4136/4128/4129 4176/4168/4169
f 4178/4170/4171 4137/4130/4130 4177/4169/4170
f 4178/4170/4171 4139/4131/4132 4138/4129/4131
f 4180/4171/4173 4139/4131/4132 4179/4172/4172
f 4180/4171/4173 4141/4133/4134 4140/4132/4133
f 4181/4173/4174 4142/4134/4135 4141/4133/4134
f 4183/4174/4176 4142/4134/4135 4182/4175/4175
f 4184/4176/4177 4143/4135/4136 4183/4174/4176
f 4184/4176/4177 4145/4136/4138 4144/4137/4137
f 4186/4177/4179 4145/4136/4138 4185/4178/4178
f 4186/4177/4179 4147/4139/4140 4146/4138/4139
f 4188/4179/4181 4147/4139/4140 4187/4180/4180
f 4189/4181/4182 4148/4140/4141 4188/4179/4181
f 4190/4182/4183 4149/4142/4142 4189/4181/4182
f 4191/4183/4184 4150/4141/4143 4190/4182/4183
f 4191/4183/4184 4152/4144/4145 4151/4143/4144
f 4192/4184/4185 4153/4145/4146 4152/4144/4145
f 4193/4185/4186 4154/4146/4147 4153/4145/4146
f 4194/4186/4187 4155/4147/4148 4154/4146/4147
f 4195/4187/4188 4156/4148/4149 4155/4147/4148
f 4196/4188/4189 4157/4149/4150 4156/4148/4149
f 4197/4189/4190 4158/4150/4151 4157/4149/4150
f 4198/4190/4191 4159/4151/4152 4158/4150/4151
f 4199/4191/4192 4160/4192/4153 4159/4151/4152
f 4201/4193/4194 4162/4153/4155 4161/4154/4154
f 4203/4194/4196 4162/4153/4155 4202/4195/4195
f 4204/4196/4197 4163/4155/4156 4203/4194/4196
f 4205/4197/4198 4164/4156/4157 4204/4196/4197
f 4206/4198/4199 4165/4157/4158 4205/4197/4198
f 4206/4198/4199 4167/4160/4160 4166/4158/4159
f 4207/4199/4200 4168/4159/4161 4167/4160/4160
f 4209/4200/4202 4168/4159/4161 4208/4201/4201
f 4210/4202/4203 4169/4161/4162 4209/4200/4202
f 4210/4202/4203 4171/4163/4164 4170/4162/4163
f 4211/4203/4204 4172/4165/4165 4171/4163/4164
f 4212/4204/4205 4173/4164/4166 4172/4165/4165
f 4214/4205/4207 4173/4164/4166 4213/4206/4206
f 4214/4205/4207 4175/4166/4168 4174/4167/4167
f 4215/4207/4208 4176/4168/4169 4175/4166/4168
f 4216/4208/4209 4177/4169/4170 4176/4168/4169
f 4218/4209/4211 4177/4169/4170 4217/4210/4210
f 4219/4211/4212 4178/4170/4171 4218/4209/4211
f 4219/4211/4212 4180/4171/4173 4179/4172/4172
f 4221/4212/4214 4180/4171/4173 4220/4213/4213
f 4222/4214/4215 4181/4173/4174 4221/4212/4214
f 4222/4214/4215 4183/4174/4176 4182/4175/4175
f 4223/4215/4216 4184/4176/4177 4183/4174/4176
f 4224/4216/4217 4185/4178/4178 4184/4176/4177
f 4226/4217/4219 4185/4178/4178 4225/4218/4218
f 4226/4217/4219 4187/4180/4180 4186/4177/4179
f 4228/4219/4221 4187/4180/4180 4227/4220/4220
f 4229/4221/4222 4188/4179/4181 4228/4219/4221
f 4229/4221/4222 4190/4182/4183 4189/4181/4182
f 4230/4222/4223 4191/4183/4184 4190/4182/4183
f 4231/4223/4224 4192/4184/4185 4191/4183/4184
f 4232/4224/4225 4193/4185/4186 4192/4184/4185
f 4233/4225/4226 4194/4186/4187 4193/4185/4186
f 4234/4226/4227 4195/4187/4188 4194/4186/4187
f 4235/4227/4228 4196/4188/4189 4195/4187/4188
f 4236/4228/4229 4197/4189/4190 4196/4188/4189
f 4237/4229/4230 4198/4190/4191 4197/4189/4190
f 4239/4230/4232 4198/4190/4191 4238/4231/4231
f 4239/4230/4232 4200/4232/4193 4199/4191/4192
f 4241/4233/4234 4202/4195/4195 4201/4193/4194
f 4243/4234/4236 4202/4195/4195 4242/4235/4235
f 4244/4236/4237 4203/4194/4196 4243/4234/4236
f 4245/4237/4238 4204/4196/4197 4244/4236/4237
f 4246/4238/4239 4205/4197/4198 4245/4237/4238
f 4246/4238/4239 4207/4199/4200 4206/4198/4199
f 4247/4239/4240 4208/4201/4201 4207/4199/4200
f 4248/4240/4241 4209/4200/4202 4208/4201/4201
f 4249/4241/4242 4210/4202/4203 4209/4200/4202
f 4251/4242/4244 4210/4202/4203 4250/4243/4243
f 4251/4242/4244 4212/4204/4205 4211/4203/4204
f 4253/4244/4246 4212/4204/4205 4252/4245/4245
f 4254/4246/4247 4213/4206/4206 4253/4244/4246
f 4254/4246/4247 4215/4207/4208 4214/4205/4207
f 4255/4247/4248 4216/4208/4209 4215/4207/4208
f 4256/4248/4249 4217/4210/4210 4216/4208/4209
f 4258/4249/4251 4217/4210/4210 4257/4250/4250
f 4259/4251/4252 4218/4209/4211 4258/4249/4251
f 4260/4252/4253 4219/4211/4212 4259/4251/4252
f 4260/4252/4253 4221/4212/4214 4220/4213/4213
f 4262/4253/4255 4221/4212/4214 4261/4254/4254
f 4263/4255/4256 4222/4214/4215 4262/4253/4255
f 4263/4255/4256 4224/4216/4217 4223/4215/4216
f 4264/4256/4257 4225/4218/4218 4224/4216/4217
f 4266/4257/4259 4225/4218/4218 4265/4258/4258
f 4267/4259/4260 4226/4217/4219 4266/4257/4259
f 4267/4259/4260 4228/4219/4221 4227/4220/4220
f 4269/4260/4262 4228/4219/4221 4268/4261/4261
f 4270/4262/4263 4229/4221/4222 4269/4260/4262
f 4271/4263/4264 4230/4222/4223 4270/4262/4263
f 4272/4264/4265 4231/4223/4224 4271/4263/4264
f 4272/4264/4265 4233/4225/4226 4232/4224/4225
f 4273/4265/4266 4234/4226/4227 4233/4225/4226
f 4274/4266/4267 4235/4227/4228 4234/4226/4227
f 4275/4267/4268 4236/4228/4229 4235/4227/4228
f 4276/4268/4269 4237/4229/4230 4236/4228/4229
f 4277/4269/4270 4238/4231/4231 4237/4229/4230
f 4279/4270/4272 4238/4231/4231 4278/4271/4271
f 4279/4270/4272 4240/4272/4233 4239/4230/4232
f 4281/4273/4274 4242/4235/4235 4241/4233/4234
f 4283/4274/4276 4242/4235/4235 4282/4275/4275
f 4284/4276/4277 4243/4234/4236 4283/4274/4276
f 4285/4277/4278 4244/4236/4237 4284/4276/4277
f 4286/4278/4279 4245/4237/4238 4285/4277/4278
f 4287/4279/4280 4246/4238/4239 4286/4278/4279
f 4288/4280/4281 4247/4239/4240 4287/4279/4280
f 4289/4281/4282 4248/4240/4241 4288/4280/4281
f 4290/4282/4283 4249/4241/4242 4289/4281/4282
f 4291/4283/4284 4250/4243/4243 4290/4282/4283
f 4292/4284/4285 4251/4242/4244 4291/4283/4284
f 4292/4284/4285 4253/4244/4246 4252/4245/4245
f 4294/4285/4287 4253/4244/4246 4293/4286/4286
f 4295/4287/4288 4254/4246/4247 4294/4285/4287
f 4295/4287/4288 4256/4248/4249 4255/4247/4248
f 4297/4288/4290 4256/4248/4249 4296/4289/4289
f 4297/4288/4290 4258/4249/4251 4257/4250/4250
f 4298/4290/4291 4259/4251/4252 4258/4249/4251
f 4300/4291/4293 4259/4251/4252 4299/4292/4292
f 4301/4293/4294 4260/4252/4253 4300/4291/4293
f 4301/4293/4294 4262/4253/4255 4261/4254/4254
f 4303/4294/4296 4262/4253/4255 4302/4295/4295
f 4304/4296/4297 4263/4255/4256 4303/4294/4296
f 4304/4296/4297 4265/4258/4258 4264/4256/4257
f 4306/4297/4299 4265/4258/4258 4305/4298/4298
f 4307/4299/4300 4266/4257/4259 4306/4297/4299
f 4308/4300/4301 4267/4259/4260 4307/4299/4300
f 4308/4300/4301 4269/4260/4262 4268/4261/4261
f 4310/4301/4303 4269/4260/4262 4309/4302/4302
f 4310/4301/4303 4271/4263/4264 4270/4262/4263
f 4311/4303/4304 4272/4264/4265 4271/4263/4264
f 4313/4304/4306 4272/4264/4265 4312/4305/4305
f 4314/4306/4307 4273/4265/4266 4313/4304/4306
f 4314/4306/4307 4275/4267/4268 4274/4266/4267
f 4315/4307/4308 4276/4268/4269 4275/4267/4268
f 4316/4308/4309 4277/4269/4270 4276/4268/4269
f 4317/4309/4310 4278/4271/4271 4277/4269/4270
f 4319/4310/4312 4278/4271/4271 4318/4311/4311
f 4320/4312/4313 4279/4270/4272 4319/4310/4312
f 4321/4313/4314 4282/4275/4275 4281/4273/4274
f 4323/4314/4316 4282/4275/4275 4322/4315/4315
f 4324/4316/4317 4283/4274/4276 4323/4314/4316
f 4325/4317/4318 4284/4276/4277 4324/4316/4317
f 4326/4318/4319 4285/4277/4278 4325/4317/4318
f 4327/4319/4320 4286/4278/4279 4326/4318/4319
f 4327/4319/4320 4288/4280/4281 4287/4279/4280
f 4328/4320/4321 4289/4281/4282 4288/4280/4281
f 4330/4321/4323 4289/4281/4282 4329/4322/4322
f 4331/4323/4324 4290/4282/4283 4330/4321/4323
f 4331/4323/4324 4292/4284/4285 4291/4283/4284
f 4333/4324/4326 4292/4284/4285 4332/4325/4325
f 4333/4324/4326 4294/4285/4287 4293/4286/4286
f 4335/4326/4328 4294/4285/4287 4334/4327/4327
f 4336/4328/4329 4295/4287/4288 4335/4326/4328
f 4337/4329/4330 4296/4289/4289 4336/4328/4329
f 4338/4330/4331 4297/4288/4290 4337/4329/4330
f 4339/4331/4332 4298/4290/4291 4338/4330/4331
f 4340/4332/4333 4299/4292/4292 4339/4331/4332
f 4340/4332/4333 4301/4293/4294 4300/4291/4293
f 4342/4333/4335 4301/4293/4294 4341/4334/4334
f 4342/4333/4335 4303/4294/4296 4302/4295/4295
f 4343/4335/4336 4304/4296/4297 4303/4294/4296
f 4344/4336/4337 4305/4298/4298 4304/4296/4297
f 4345/4337/4338 4306/4297/4299 4305/4298/4298
f 4347/4338/4340 4306/4297/4299 4346/4339/4339
f 4348/4340/4341 4307/4299/4300 4347/4338/4340
f 4349/4341/4342 4308/4300/4301 4348/4340/4341
f 4349/4341/4342 4310/4301/4303 4309/4302/4302
f 4351/4342/4344 4310/4301/4303 4350/4343/4343
f 4352/4344/4345 4311/4303/4304 4351/4342/4344
f 4353/4345/4346 4312/4305/4305 4352/4344/4345
f 4353/4345/4346 4314/4306/4307 4313/4304/4306
f 4355/4346/4348 4314/4306/4307 4354/4347/4347
f 4355/4346/4348 4316/4308/4309 4315/4307/4308
f 4356/4348/4349 4317/4309/4310 4316/4308/4309
f 4357/4349/4350 4318/4311/4311 4317/4309/4310
f 4359/4350/4352 4318/4311/4311 4358/4351/4351
f 4360/4352/4353 4319/4310/4312 4359/4350/4352
f 4361/4353/4354 4322/4315/4315 4321/4313/4314
f 4362/4354/4355 4323/4314/4316 4322/4315/4315
f 4364/4355/4357 4323/4314/4316 4363/4356/4356
f 4365/4357/4358 4324/4316/4317 4364/4355/4357
f 4366/4358/4359 4325/4317/4318 4365/4357/4358
f 4367/4359/4360 4326/4318/4319 4366/4358/4359
f 4368/4360/4361 4327/4319/4320 4367/4359/4360
f 4368/4360/4361 4329/4322/4322 4328/4320/4321
f 4369/4361/4362 4330/4321/4323 4329/4322/4322
f 4371/4362/4364 4330/4321/4323 4370/4363/4363
f 4372/4364/4365 4331/4323/4324 4371/4362/4364
f 4372/4364/4365 4333/4324/4326 4332/4325/4325
f 4374/4365/4367 4333/4324/4326 4373/4366/4366
f 4375/4367/4368 4334/4327/4327 4374/4365/4367
f 4376/4368/4369 4335/4326/4328 4375/4367/4368
f 4376/4368/4369 4337/4329/4330 4336/4328/4329
f 4377/4369/4370 4338/4330/4331 4337/4329/4330
f 4378/4370/4371 4339/4331/4332 4338/4330/4331
f 4380/4371/4373 4339/4331/4332 4379/4372/4372
f 4381/4373/4374 4340/4332/4333 4380/4371/4373
f 4382/4374/4375 4341/4334/4334 4381/4373/4374
f 4382/4374/4375 4343/4335/4336 4342/4333/4335
f 4384/4375/4377 4343/4335/4336 4383/4376/4376
f 4385/4377/4378 4344/4336/4337 4384/4375/4377
f 4385/4377/4378 4346/4339/4339 4345/4337/4338
f 4387/4378/4380 4346/4339/4339 4386/4379/4379
f 4387/4378/4380 4348/4340/4341 4347/4338/4340
f 4389/4380/4382 4348/4340/4341 4388/4381/4381
f 4389/4380/4382 4350/4343/4343 4349/4341/4342
f 4390/4382/4383 4351/4342/4344 4350/4343/4343
f 4391/4383/4384 4352/4344/4345 4351/4342/4344
f 4392/4384/4385 4353/4345/4346 4352/4344/4345
f 4393/4385/4386 4354/4347/4347 4353/4345/4346
f 4394/4386/4387 4355/4346/4348 4354/4347/4347
f 4395/4387/4388 4356/4348/4349 4355/4346/4348
f 4396/4388/4389 4357/4349/4350 4356/4348/4349
f 4397/4389/4390 4358/4351/4351 4357/4349/4350
f 4399/4390/4392 4358/4351/4351 4398/4391/4391
f 4400/4392/4393 4359/4350/4352 4399/4390/4392
f 4401/4393/4394 4362/4354/4355 4361/4353/4354
f 4402/4394/4395 4363/4356/4356 4362/4354/4355
f 4404/4395/4397 4363/4356/4356 4403/4396/4396
f 4405/4397/4398 4364/4355/4357 4404/4395/4397
f 4406/4398/4399 4365/4357/4358 4405/4397/4398
f 4407/4399/4400 4366/4358/4359 4406/4398/4399
f 4407/4399/4400 4368/4360/4361 4367/4359/4360
f 4409/4400/4402 4368/4360/4361 4408/4401/4401
f 4410/4402/4403 4369/4361/4362 4409/4400/4402
f 4410/4402/4403 4371/4362/4364 4370/4363/4363
f 4412/4403/4405 4371/4362/4364 4411/4404/4404
f 4413/4405/4406 4372/4364/4365 4412/4403/4405
f 4414/4406/4407 4373/4366/4366 4413/4405/4406
f 4414/4406/4407 4375/4367/4368 4374/4365/4367
f 4415/4407/4408 4376/4368/4369 4375/4367/4368
f 4417/4408/4410 4376/4368/4369 4416/4409/4409
f 4418/4410/4411 4377/4369/4370 4417/4408/4410
f 4419/4411/4412 4378/4370/4371 4418/4410/4411
f 4419/4411/4412 4380/4371/4373 4379/4372/4372
f 4421/4412/4414 4380/4371/4373 4420/4413/4413
f 4421/4412/4414 4382/4374/4375 4381/4373/4374
f 4423/4414/4416 4382/4374/4375 4422/4415/4415
f 4423/4414/4416 4384/4375/4377 4383/4376/4376
f 4424/4416/4417 4385/4377/4378 4384/4375/4377
f 4425/4417/4418 4386/4379/4379 4385/4377/4378
f 4426/4418/4419 4387/4378/4380 4386/4379/4379
f 4428/4419/4421 4387/4378/4380 4427/4420/4420
f 4429/4421/4422 4388/4381/4381 4428/4419/4421
f 4429/4421/4422 4390/4382/4383 4389/4380/4382
f 4431/4422/4424 4390/4382/4383 4430/4423/4423
f 4431/4422/4424 4392/4384/4385 4391/4383/4384
f 4432/4424/4425 4393/4385/4386 4392/4384/4385
f 4433/4425/4426 4394/4386/4387 4393/4385/4386
f 4435/4426/4428 4394/4386/4387 4434/4427/4427
f 4436/4428/4429 4395/4387/4388 4435/4426/4428
f 4436/4428/4429 4397/4389/4390 4396/4388/4389
f 4437/4429/4430 4398/4391/4391 4397/4389/4390
f 4439/4430/4432 4398/4391/4391 4438/4431/4431
f 4440/4432/4433 4399/4390/4392 4439/4430/4432
f 4441/4433/4434 4402/4394/4395 4401/4393/4394
f 4442/4434/4435 4403/4396/4396 4402/4394/4395
f 4444/4435/4437 4403/4396/4396 4443/4436/4436
f 4445/4437/4438 4404/4395/4397 4444/4435/4437
f 4446/4438/4439 4405/4397/4398 4445/4437/4438
f 4447/4439/4440 4406/4398/4399 4446/4438/4439
f 4447/4439/4440 4408/4401/4401 4407/4399/4400
f 4449/4440/4442 4408/4401/4401 4448/4441/4441
f 4450/4442/4443 4409/4400/4402 4449/4440/4442
f 4450/4442/4443 4411/4404/4404 4410/4402/4403
f 4452/4443/4445 4411/4404/4404 4451/4444/4444
f 4452/4443/4445 4413/4405/4406 4412/4403/4405
f 4453/4445/4446 4414/4406/4407 4413/4405/4406
f 4455/4446/4448 4414/4406/4407 4454/4447/4447
f 4456/4448/4449 4415/4407/4408 4455/4446/4448
f 4456/4448/4449 4417/4408/4410 4416/4409/4409
f 4457/4449/4450 4418/4410/4411 4417/4408/4410
f 4458/4450/4451 4419/4411/4412 4418/4410/4411
f 4459/4451/4452 4420/4413/4413 4419/4411/4412
f 4460/4452/4453 4421/4412/4414 4420/4413/4413
f 4462/4453/4455 4421/4412/4414 4461/4454/4454
f 4462/4453/4455 4423/4414/4416 4422/4415/4415
f 4463/4455/4456 4424/4416/4417 4423/4414/4416
f 4465/4456/4458 4424/4416/4417 4464/4457/4457
f 4465/4456/4458 4426/4418/4419 4425/4417/4418
f 4467/4458/4460 4426/4418/4419 4466/4459/4459
f 4467/4458/4460 4428/4419/4421 4427/4420/4420
f 4468/4460/4461 4429/4421/4422 4428/4419/4421
f 4470/4461/4463 4429/4421/4422 4469/4462/4462
f 4470/4461/4463 4431/4422/4424 4430/4423/4423
f 4471/4463/4464 4432/4424/4425 4431/4422/4424
f 4472/4464/4465 4433/4425/4426 4432/4424/4425
f 4474/4465/4467 4433/4425/4426 4473/4466/4466
f 4475/4467/4468 4434/4427/4427 4474/4465/4467
f 4476/4468/4469 4435/4426/4428 4475/4467/4468
f 4477/4469/4470 4436/4428/4429 4476/4468/4469
f 4477/4469/4470 4438/4431/4431 4437/4429/4430
f 4479/4470/4472 4438/4431/4431 4478/4471/4471
f 4480/4472/4473 4439/4430/4432 4479/4470/4472
f 4482/4473/4475 4441/4433/4434 4481/4474/4474
f 4482/4473/4475 4443/4436/4436 4442/4434/4435
f 4484/4475/4477 4443/4436/4436 4483/4476/4476
f 4485/4477/4478 4444/4435/4437 4484/4475/4477
f 4486/4478/4479 4445/4437/4438 4485/4477/4478
f 4487/4479/4480 4446/4438/4439 4486/4478/4479
f 4488/4480/4481 4447/4439/4440 4487/4479/4480
f 4489/4481/4482 4448/4441/4441 4488/4480/4481
f 4490/4482/4483 4449/4440/4442 4489/4481/4482
f 4490/4482/4483 4451/4444/4444 4450/4442/4443
f 4492/4483/4485 4451/4444/4444 4491/4484/4484
f 4492/4483/4485 4453/4445/4446 4452/4443/4445
f 4494/4485/4487 4453/4445/4446 4493/4486/4486
f 4494/4485/4487 4455/4446/4448 4454/4447/4447
f 4495/4487/4488 4456/4448/4449 4455/4446/4448
f 4497/4488/4490 4456/4448/4449 4496/4489/4489
f 4497/4488/4490 4458/4450/4451 4457/4449/4450
f 4498/4490/4491 4459/4451/4452 4458/4450/4451
f 4500/4491/4493 4459/4451/4452 4499/4492/4492
f 4500/4491/4493 4461/4454/4454 4460/4452/4453
f 4502/4493/4495 4461/4454/4454 4501/4494/4494
f 4502/4493/4495 4463/4455/4456 4462/4453/4455
f 4504/4495/4497 4463/4455/4456 4503/4496/4496
f 4504/4495/4497 4465/4456/4458 4464/4457/4457
f 4506/4497/4499 4465/4456/4458 4505/4498/4498
f 4506/4497/4499 4467/4458/4460 4466/4459/4459
f 4508/4499/4501 4467/4458/4460 4507/4500/4500
f 4509/4501/4502 4468/4460/4461 4508/4499/4501
f 4509/4501/4502 4470/4461/4463 4469/4462/4462
f 4511/4502/4504 4470/4461/4463 4510/4503/4503
f 4511/4502/4504 4472/4464/4465 4471/4463/4464
f 4512/4504/4505 4473/4466/4466 4472/4464/4465
f 4513/4505/4506 4474/4465/4467 4473/4466/4466
f 4514/4506/4507 4475/4467/4468 4474/4465/4467
f 4516/4507/4509 4475/4467/4468 4515/4508/4508
f 4517/4509/4510 4476/4468/4469 4516/4507/4509
f 4517/4509/4510 4478/4471/4471 4477/4469/4470
f 4519/4510/4512 4478/4471/4471 4518/4511/4511
f 4520/4512/4513 4479/4470/4472 4519/4510/4512
f 4522/4513/4515 4481/4474/4474 4521/4514/4514
f 4523/4515/4516 4482/4473/4475 4522/4513/4515
f 4523/4515/4516 4484/4475/4477 4483/4476/4476
f 4524/4516/4517 4485/4477/4478 4484/4475/4477
f 4525/4517/4518 4486/4478/4479 4485/4477/4478
f 4527/4518/4520 4486/4478/4479 4526/4519/4519
f 4527/4518/4520 4488/4480/4481 4487/4479/4480
f 4529/4520/4522 4488/4480/4481 4528/4521/4521
f 4530/4522/4523 4489/4481/4482 4529/4520/4522
f 4530/4522/4523 4491/4484/4484 4490/4482/4483
f 4531/4523/4524 4492/4483/4485 4491/4484/4484
f 4533/4524/4526 4492/4483/4485 4532/4525/4525
f 4534/4526/4527 4493/4486/4486 4533/4524/4526
f 4534/4526/4527 4495/4487/4488 4494/4485/4487
f 4536/4527/4529 4495/4487/4488 4535/4528/4528
f 4536/4527/4529 4497/4488/4490 4496/4489/4489
f 4537/4529/4530 4498/4490/4491 4497/4488/4490
f 4538/4530/4531 4499/4492/4492 4498/4490/4491
f 4539/4531/4532 4500/4491/4493 4499/4492/4492
f 4541/4532/4534 4500/4491/4493 4540/4533/4533
f 4542/4534/4535 4501/4494/4494 4541/4532/4534
f 4542/4534/4535 4503/4496/4496 4502/4493/4495
f 4544/4535/4537 4503/4496/4496 4543/4536/4536
f 4544/4535/4537 4505/4498/4498 4504/4495/4497
f 4546/4537/4539 4505/4498/4498 4545/4538/4538
f 4547/4539/4540 4506/4497/4499 4546/4537/4539
f 4548/4540/4541 4507/4500/4500 4547/4539/4540
f 4549/4541/4542 4508/4499/4501 4548/4540/4541
f 4550/4542/4543 4509/4501/4502 4549/4541/4542
f 4551/4543/4544 4510/4503/4503 4550/4542/4543
f 4552/4544/4545 4511/4502/4504 4551/4543/4544
f 4552/4544/4545 4513/4505/4506 4512/4504/4505
f 4553/4545/4546 4514/4506/4507 4513/4505/4506
f 4555/4546/4548 4514/4506/4507 4554/4547/4547
f 4556/4548/4549 4515/4508/4508 4555/4546/4548
f 4557/4549/4550 4516/4507/4509 4556/4548/4549
f 4558/4550/4551 4517/4509/4510 4557/4549/4550
f 4559/4551/4552 4518/4511/4511 4558/4550/4551
f 4560/4552/4553 4519/4510/4512 4559/4551/4552
f 4562/4553/4555 4521/4514/4514 4561/4554/4554
f 4563/4555/4556 4522/4513/4515 4562/4553/4555
f 4563/4555/4556 4524/4516/4517 4523/4515/4516
f 4564/4556/4557 4525/4517/4518 4524/4516/4517
f 4565/4557/4558 4526/4519/4519 4525/4517/4518
f 4567/4558/4560 4526/4519/4519 4566/4559/4559
f 4567/4558/4560 4528/4521/4521 4527/4518/4520
f 4569/4560/4562 4528/4521/4521 4568/4561/4561
f 4570/4562/4563 4529/4520/4522 4569/4560/4562
f 4570/4562/4563 4531/4523/4524 4530/4522/4523
f 4572/4563/4565 4531/4523/4524 4571/4564/4564
f 4572/4563/4565 4533/4524/4526 4532/4525/4525
f 4573/4565/4566 4534/4526/4527 4533/4524/4526
f 4575/4566/4568 4534/4526/4527 4574/4567/4567
f 4575/4566/4568 4536/4527/4529 4535/4528/4528
f 4577/4568/4570 4536/4527/4529 4576/4569/4569
f 4577/4568/4570 4538/4530/4531 4537/4529/4530
f 4578/4570/4571 4539/4531/4532 4538/4530/4531
f 4580/4571/4573 4539/4531/4532 4579/4572/4572
f 4580/4571/4573 4541/4532/4534 4540/4533/4533
f 4581/4573/4574 4542/4534/4535 4541/4532/4534
f 4582/4574/4575 4543/4536/4536 4542/4534/4535
f 4584/4575/4577 4543/4536/4536 4583/4576/4576
f 4585/4577/4578 4544/4535/4537 4584/4575/4577
f 4586/4578/4579 4545/4538/4538 4585/4577/4578
f 4586/4578/4579 4547/4539/4540 4546/4537/4539
f 4588/4579/4581 4547/4539/4540 4587/4580/4580
f 4589/4581/4582 4548/4540/4541 4588/4579/4581
f 4590/4582/4583 4549/4541/4542 4589/4581/4582
f 4591/4583/4584 4550/4542/4543 4590/4582/4583
f 4591/4583/4584 4552/4544/4545 4551/4543/4544
f 4592/4584/4585 4553/4545/4546 4552/4544/4545
f 4593/4585/4586 4554/4547/4547 4553/4545/4546
f 4594/4586/4587 4555/4546/4548 4554/4547/4547
f 4596/4587/4589 4555/4546/4548 4595/4588/4588
f 4597/4589/4590 4556/4548/4549 4596/4587/4589
f 4598/4590/4591 4557/4549/4550 4597/4589/4590
f 4598/4590/4591 4559/4551/4552 4558/4550/4551
f 4600/4591/4593 4559/4551/4552 4599/4592/4592
f 4602/4593/4595 4561/4554/4554 4601/4594/4594
f 4603/4595/4596 4562/4553/4555 4602/4593/4595
f 4603/4595/4596 4564/4556/4557 4563/4555/4556
f 4604/4596/4597 4565/4557/4558 4564/4556/4557
f 4605/4597/4598 4566/4559/4559 4565/4557/4558
f 4607/4598/4600 4566/4559/4559 4606/4599/4599
f 4607/4598/4600 4568/4561/4561 4567/4558/4560
f 4609/4600/4602 4568/4561/4561 4608/4601/4601
f 4610/4602/4603 4569/4560/4562 4609/4600/4602
f 4610/4602/4603 4571/4564/4564 4570/4562/4563
f 4612/4603/4605 4571/4564/4564 4611/4604/4604
f 4612/4603/4605 4573/4565/4566 4572/4563/4565
f 4614/4605/4607 4573/4565/4566 4613/4606/4606
f 4614/4605/4607 4575/4566/4568 4574/4567/4567
f 4616/4607/4609 4575/4566/4568 4615/4608/4608
f 4616/4607/4609 4577/4568/4570 4576/4569/4569
f 4618/4609/4611 4577/4568/4570 4617/4610/4610
f 4619/4611/4612 4578/4570/4571 4618/4609/4611
f 4620/4612/4613 4579/4572/4572 4619/4611/4612
f 4620/4612/4613 4581/4573/4574 4580/4571/4573
f 4621/4613/4614 4582/4574/4575 4581/4573/4574
f 4623/4614/4616 4582/4574/4575 4622/4615/4615
f 4623/4614/4616 4584/4575/4577 4583/4576/4576
f 4625/4616/4618 4584/4575/4577 4624/4617/4617
f 4625/4616/4618 4586/4578/4579 4585/4577/4578
f 4626/4618/4619 4587/4580/4580 4586/4578/4579
f 4627/4619/4620 4588/4579/4581 4587/4580/4580
f 4629/4620/4622 4588/4579/4581 4628/4621/4621
f 4630/4622/4623 4589/4581/4582 4629/4620/4622
f 4630/4622/4623 4591/4583/4584 4590/4582/4583
f 4631/4623/4624 4592/4584/4585 4591/4583/4584
f 4632/4624/4625 4593/4585/4586 4592/4584/4585
f 4633/4625/4626 4594/4586/4587 4593/4585/4586
f 4634/4626/4627 4595/4588/4588 4594/4586/4587
f 4636/4627/4629 4595/4588/4588 4635/4628/4628
f 4637/4629/4630 4596/4587/4589 4636/4627/4629
f 4638/4630/4631 4597/4589/4590 4637/4629/4630
f 4638/4630/4631 4599/4592/4592 4598/4590/4591
f 4640/4631/4633 4599/4592/4592 4639/4632/4632
f 4642/4633/4635 4601/4594/4594 4641/4634/4634
f 4643/4635/4636 4602/4593/4595 4642/4633/4635
f 4643/4635/4636 4604/4596/4597 4603/4595/4596
f 4644/4636/4637 4605/4597/4598 4604/4596/4597
f 4645/4637/4638 4606/4599/4599 4605/4597/4598
f 4647/4638/4640 4606/4599/4599 4646/4639/4639
f 4647/4638/4640 4608/4601/4601 4607/4598/4600
f 4649/4640/4642 4608/4601/4601 4648/4641/4641
f 4650/4642/4643 4609/4600/4602 4649/4640/4642
f 4651/4643/4644 4610/4602/4603 4650/4642/4643
f 4651/4643/4644 4612/4603/4605 4611/4604/4604
f 4653/4644/4646 4612/4603/4605 4652/4645/4645
f 4653/4644/4646 4614/4605/4607 4613/4606/4606
f 4655/4646/4648 4614/4605/4607 4654/4647/4647
f 4655/4646/4648 4616/4607/4609 4615/4608/4608
f 4657/4648/4650 4616/4607/4609 4656/4649/4649
f 4657/4648/4650 4618/4609/4611 4617/4610/4610
f 4658/4650/4651 4619/4611/4612 4618/4609/4611
f 4659/4651/4652 4620/4612/4613 4619/4611/4612
f 4660/4652/4653 4621/4613/4614 4620/4612/4613
f 4662/4653/4655 4621/4613/4614 4661/4654/4654
f 4662/4653/4655 4623/4614/4616 4622/4615/4615
f 4664/4655/4657 4623/4614/4616 4663/4656/4656
f 4665/4657/4658 4624/4617/4617 4664/4655/4657
f 4665/4657/4658 4626/4618/4619 4625/4616/4618
f 4667/4658/4660 4626/4618/4619 4666/4659/4659
f 4668/4660/4661 4627/4619/4620 4667/4658/4660
f 4668/4660/4661 4629/4620/4622 4628/4621/4621
f 4670/4661/4663 4629/4620/4622 4669/4662/4662
f 4670/4661/4663 4631/4623/4624 4630/4622/4623
f 4671/4663/4664 4632/4624/4625 4631/4623/4624
f 4672/4664/4665 4633/4625/4626 4632/4624/4625
f 4673/4665/4666 4634/4626/4627 4633/4625/4626
f 4675/4666/4668 4634/4626/4627 4674/4667/4667
f 4676/4668/4669 4635/4628/4628 4675/4666/4668
f 4677/4669/4670 4636/4627/4629 4676/4668/4669
f 4678/4670/4671 4637/4629/4630 4677/4669/4670
f 4679/4671/4672 4638/4630/4631 4678/4670/4671
f 4679/4671/4672 4640/4631/4633 4639/4632/4632
f 4682/4672/4675 4641/4634/4634 4681/4673/4674
f 4683/4674/4676 4642/4633/4635 4682/4672/4675
f 4683/4674/4676 4644/4636/4637 4643/4635/4636
f 4684/4675/4677 4645/4637/4638 4644/4636/4637
f 4686/4676/4679 4645/4637/4638 4685/4677/4678
f 4687/4678/4680 4646/4639/4639 4686/4676/4679
f 4687/4678/4680 4648/4641/4641 4647/4638/4640
f 4689/4679/4682 4648/4641/4641 4688/4680/4681
f 4690/4681/4683 4649/4640/4642 4689/4679/4682
f 4691/4682/4684 4650/4642/4643 4690/4681/4683
f 4691/4682/4684 4652/4645/4645 4651/4643/4644
f 4693/4683/4686 4652/4645/4645 4692/4684/4685
f 4693/4683/4686 4654/4647/4647 4653/4644/4646
f 4695/4685/4688 4654/4647/4647 4694/4686/4687
f 4695/4685/4688 4656/4649/4649 4655/4646/4648
f 4696/4687/4689 4657/4648/4650 4656/4649/4649
f 4697/4688/4690 4658/4650/4651 4657/4648/4650
f 4698/4689/4691 4659/4651/4652 4658/4650/4651
f 4699/4690/4692 4660/4652/4653 4659/4651/4652
f 4700/4691/4693 4661/4654/4654 4660/4652/4653
f 4702/4692/4695 4661/4654/4654 4701/4693/4694
f 4702/4692/4695 4663/4656/4656 4662/4653/4655
f 4704/4694/4697 4663/4656/4656 4703/4695/4696
f 4705/4696/4698 4664/4655/4657 4704/4694/4697
f 4705/4696/4698 4666/4659/4659 4665/4657/4658
f 4707/4697/4700 4666/4659/4659 4706/4698/4699
f 4708/4699/4701 4667/4658/4660 4707/4697/4700
f 4709/4700/4702 4668/4660/4661 4708/4699/4701
f 4710/4701/4703 4669/4662/4662 4709/4700/4702
f 4710/4701/4703 4671/4663/4664 4670/4661/4663
f 4711/4702/4704 4672/4664/4665 4671/4663/4664
f 4712/4703/4705 4673/4665/4666 4672/4664/4665
f 4713/4704/4706 4674/4667/4667 4673/4665/4666
f 4715/4705/4708 4674/4667/4667 4714/4706/4707
f 4716/4707/4709 4675/4666/4668 4715/4705/4708
f 4717/4708/4710 4676/4668/4669 4716/4707/4709
f 4718/4709/4711 4677/4669/4670 4717/4708/4710
f 4719/4710/4712 4678/4670/4671 4718/4709/4711
f 4719/4710/4712 4680/4711/4673 4679/4671/4672
f 4722/4712/4715 4681/4673/4674 4721/4713/4714
f 4723/4714/4716 4682/4672/4675 4722/4712/4715
f 4723/4714/4716 4684/4675/4677 4683/4674/4676
f 4724/4715/4717 4685/4677/4678 4684/4675/4677
f 4726/4716/4719 4685/4677/4678 4725/4717/4718
f 4727/4718/4720 4686/4676/4679 4726/4716/4719
f 4728/4719/4721 4687/4678/4680 4727/4718/4720
f 4729/4720/4722 4688/4680/4681 4728/4719/4721
f 4730/4721/4723 4689/4679/4682 4729/4720/4722
f 4730/4721/4723 4691/4682/4684 4690/4681/4683
f 4732/4722/4725 4691/4682/4684 4731/4723/4724
f 4733/4724/4726 4692/4684/4685 4732/4722/4725
f 4734/4725/4727 4693/4683/4686 4733/4724/4726
f 4734/4725/4727 4695/4685/4688 4694/4686/4687
f 4735/4726/4728 4696/4687/4689 4695/4685/4688
f 4736/4727/4729 4697/4688/4690 4696/4687/4689
f 4737/4728/4730 4698/4689/4691 4697/4688/4690
f 4739/4729/4732 4698/4689/4691 4738/4730/4731
f 4739/4729/4732 4700/4691/4693 4699/4690/4692
f 4740/4731/4733 4701/4693/4694 4700/4691/4693
f 4741/4732/4734 4702/4692/4695 4701/4693/4694
f 4742/4733/4735 4703/4695/4696 4702/4692/4695
f 4743/4734/4736 4704/4694/4697 4703/4695/4696
f 4744/4735/4737 4705/4696/4698 4704/4694/4697
f 4746/4736/4739 4705/4696/4698 4745/4737/4738
f 4746/4736/4739 4707/4697/4700 4706/4698/4699
f 4748/4738/4741 4707/4697/4700 4747/4739/4740
f 4748/4738/4741 4709/4700/4702 4708/4699/4701
f 4750/4740/4743 4709/4700/4702 4749/4741/4742
f 4750/4740/4743 4711/4702/4704 4710/4701/4703
f 4751/4742/4744 4712/4703/4705 4711/4702/4704
f 4752/4743/4745 4713/4704/4706 4712/4703/4705
f 4753/4744/4746 4714/4706/4707 4713/4704/4706
f 4755/4745/4748 4714/4706/4707 4754/4746/4747
f 4756/4747/4749 4715/4705/4708 4755/4745/4748
f 4757/4748/4750 4716/4707/4709 4756/4747/4749
f 4758/4749/4751 4717/4708/4710 4757/4748/4750
f 4759/4750/4752 4718/4709/4711 4758/4749/4751
f 4760/4751/4753 4719/4710/4712 4759/4750/4752
f 4761/4752/4754 4722/4712/4715 4721/4713/4714
f 4763/4753/4756 4722/4712/4715 4762/4754/4755
f 4763/4753/4756 4724/4715/4717 4723/4714/4716
f 4765/4755/4758 4724/4715/4717 4764/4756/4757
f 4766/4757/4759 4725/4717/4718 4765/4755/4758
f 4767/4758/4760 4726/4716/4719 4766/4757/4759
f 4768/4759/4761 4727/4718/4720 4767/4758/4760
f 4769/4760/4762 4728/4719/4721 4768/4759/4761
f 4770/4761/4763 4729/4720/4722 4769/4760/4762
f 4771/4762/4764 4730/4721/4723 4770/4761/4763
f 4771/4762/4764 4732/4722/4725 4731/4723/4724
f 4772/4763/4765 4733/4724/4726 4732/4722/4725
f 4773/4764/4766 4734/4725/4727 4733/4724/4726
f 4774/4765/4767 4735/4726/4728 4734/4725/4727
f 4776/4766/4769 4735/4726/4728 4775/4767/4768
f 4777/4768/4770 4736/4727/4729 4776/4766/4769
f 4777/4768/4770 4738/4730/4731 4737/4728/4730
f 4779/4769/4772 4738/4730/4731 4778/4770/4771
f 4779/4769/4772 4740/4731/4733 4739/4729/4732
f 4780/4771/4773 4741/4732/4734 4740/4731/4733
f 4782/4772/4775 4741/4732/4734 4781/4773/4774
f 4782/4772/4775 4743/4734/4736 4742/4733/4735
f 4783/4774/4776 4744/4735/4737 4743/4734/4736
f 4784/4775/4777 4745/4737/4738 4744/4735/4737
f 4785/4776/4778 4746/4736/4739 4745/4737/4738
f 4787/4777/4780 4746/4736/4739 4786/4778/4779
f 4788/4779/4781 4747/4739/4740 4787/4777/4780
f 4788/4779/4781 4749/4741/4742 4748/4738/4741
f 4790/4780/4783 4749/4741/4742 4789/4781/4782
f 4790/4780/4783 4751/4742/4744 4750/4740/4743
f 4791/4782/4784 4752/4743/4745 4751/4742/4744
f 4792/4783/4785 4753/4744/4746 4752/4743/4745
f 4793/4784/4786 4754/4746/4747 4753/4744/4746
f 4795/4785/4788 4754/4746/4747 4794/4786/4787
f 4796/4787/4789 4755/4745/4748 4795/4785/4788
f 4796/4787/4789 4757/4748/4750 4756/4747/4749
f 4798/4788/4791 4757/4748/4750 4797/4789/4790
f 4799/4790/4792 4758/4749/4751 4798/4788/4791
f 4800/4791/4793 4759/4750/4752 4799/4790/4792
f 4801/4792/4794 4762/4754/4755 4761/4752/4754
f 4802/4793/4795 4763/4753/4756 4762/4754/4755
f 4804/4794/4797 4763/4753/4756 4803/4795/4796
f 4805/4796/4798 4764/4756/4757 4804/4794/4797
f 4806/4797/4799 4765/4755/4758 4805/4796/4798
f 4807/4798/4800 4766/4757/4759 4806/4797/4799
f 4808/4799/4801 4767/4758/4760 4807/4798/4800
f 4809/4800/4802 4768/4759/4761 4808/4799/4801
f 4810/4801/4803 4769/4760/4762 4809/4800/4802
f 4811/4802/4804 4770/4761/4763 4810/4801/4803
f 4811/4802/4804 4772/4763/4765 4771/4762/4764
f 4812/4803/4805 4773/4764/4766 4772/4763/4765
f 4813/4804/4806 4774/4765/4767 4773/4764/4766
f 4814/4805/4807 4775/4767/4768 4774/4765/4767
f 4815/4806/4808 4776/4766/4769 4775/4767/4768
f 4816/4807/4809 4777/4768/4770 4776/4766/4769
f 4817/4808/4810 4778/4770/4771 4777/4768/4770
f 4818/4809/4811 4779/4769/4772 4778/4770/4771
f 4819/4810/4812 4780/4771/4773 4779/4769/4772
f 4820/4811/4813 4781/4773/4774 4780/4771/4773
f 4822/4812/4815 4781/4773/4774 4821/4813/4814
f 4822/4812/4815 4783/4774/4776 4782/4772/4775
f 4823/4814/4816 4784/4775/4777 4783/4774/4776
f 4824/4815/4817 4785/4776/4778 4784/4775/4777
f 4825/4816/4818 4786/4778/4779 4785/4776/4778
f 4827/4817/4820 4786/4778/4779 4826/4818/4819
f 4828/4819/4821 4787/4777/4780 4827/4817/4820
f 4828/4819/4821 4789/4781/4782 4788/4779/4781
f 4830/4820/4823 4789/4781/4782 4829/4821/4822
f 4830/4820/4823 4791/4782/4784 4790/4780/4783
f 4831/4822/4824 4792/4783/4785 4791/4782/4784
f 4832/4823/4825 4793/4784/4786 4792/4783/4785
f 4833/4824/4826 4794/4786/4787 4793/4784/4786
f 4835/4825/4828 4794/4786/4787 4834/4826/4827
f 4836/4827/4829 4795/4785/4788 4835/4825/4828
f 4836/4827/4829 4797/4789/4790 4796/4787/4789
f 4838/4828/4831 4797/4789/4790 4837/4829/4830
f 4839/4830/4832 4798/4788/4791 4838/4828/4831
f 4840/4831/4833 4799/4790/4792 4839/4830/4832
f 4841/4832/4834 4802/4793/4795 4801/4792/4794
f 4842/4833/4835 4803/4795/4796 4802/4793/4795
f 4844/4834/4837 4803/4795/4796 4843/4835/4836
f 4845/4836/4838 4804/4794/4797 4844/4834/4837
f 4846/4837/4839 4805/4796/4798 4845/4836/4838
f 4847/4838/4840 4806/4797/4799 4846/4837/4839
f 4848/4839/4841 4807/4798/4800 4847/4838/4840
f 4849/4840/4842 4808/4799/4801 4848/4839/4841
f 4850/4841/4843 4809/4800/4802 4849/4840/4842
f 4851/4842/4844 4810/4801/4803 4850/4841/4843
f 4851/4842/4844 4812/4803/4805 4811/4802/4804
f 4852/4843/4845 4813/4804/4806 4812/4803/4805
f 4853/4844/4846 4814/4805/4807 4813/4804/4806
f 4854/4845/4847 4815/4806/4808 4814/4805/4807
f 4855/4846/4848 4816/4807/4809 4815/4806/4808
f 4856/4847/4849 4817/4808/4810 4816/4807/4809
f 4857/4848/4850 4818/4809/4811 4817/4808/4810
f 4858/4849/4851 4819/4810/4812 4818/4809/4811
f 4859/4850/4852 4820/4811/4813 4819/4810/4812
f 4860/4851/4853 4821/4813/4814 4820/4811/4813
f 4861/4852/4854 4822/4812/4815 4821/4813/4814
f 4863/4853/4856 4822/4812/4815 4862/4854/4855
f 4864/4855/4857 4823/4814/4816 4863/4853/4856
f 4864/4855/4857 4825/4816/4818 4824/4815/4817
f 4865/4856/4858 4826/4818/4819 4825/4816/4818
f 4866/4857/4859 4827/4817/4820 4826/4818/4819
f 4867/4858/4860 4828/4819/4821 4827/4817/4820
f 4869/4859/4862 4828/4819/4821 4868/4860/4861
f 4869/4859/4862 4830/4820/4823 4829/4821/4822
f 4871/4861/4864 4830/4820/4823 4870/4862/4863
f 4872/4863/4865 4831/4822/4824 4871/4861/4864
f 4873/4864/4866 4832/4823/4825 4872/4863/4865
f 4873/4864/4866 4834/4826/4827 4833/4824/4826
f 4875/4865/4868 4834/4826/4827 4874/4866/4867
f 4875/4865/4868 4836/4827/4829 4835/4825/4828
f 4876/4867/4869 4837/4829/4830 4836/4827/4829
f 4878/4868/4871 4837/4829/4830 4877/4869/4870
f 4879/4870/4872 4838/4828/4831 4878/4868/4871
f 4880/4871/4873 4839/4830/4832 4879/4870/4872
f 4882/4872/4875 4841/4832/4834 4881/4873/4874
f 4882/4872/4875 4843/4835/4836 4842/4833/4835
f 4884/4874/4877 4843/4835/4836 4883/4875/4876
f 4885/4876/4878 4844/4834/4837 4884/4874/4877
f 4886/4877/4879 4845/4836/4838 4885/4876/4878
f 4887/4878/4880 4846/4837/4839 4886/4877/4879
f 4888/4879/4881 4847/4838/4840 4887/4878/4880
f 4889/4880/4882 4848/4839/4841 4888/4879/4881
f 4890/4881/4883 4849/4840/4842 4889/4880/4882
f 4891/4882/4884 4850/4841/4843 4890/4881/4883
f 4891/4882/4884 4852/4843/4845 4851/4842/4844
f 4892/4883/4885 4853/4844/4846 4852/4843/4845
f 4893/4884/4886 4854/4845/4847 4853/4844/4846
f 4894/4885/4887 4855/4846/4848 4854/4845/4847
f 4895/4886/4888 4856/4847/4849 4855/4846/4848
f 4896/4887/4889 4857/4848/4850 4856/4847/4849
f 4897/4888/4890 4858/4849/4851 4857/4848/4850
f 4898/4889/4891 4859/4850/4852 4858/4849/4851
f 4899/4890/4892 4860/4851/4853 4859/4850/4852
f 4900/4891/4893 4861/4852/4854 4860/4851/4853
f 4901/4892/4894 4862/4854/4855 4861/4852/4854
f 4903/4893/4896 4862/4854/4855 4902/4894/4895
f 4904/4895/4897 4863/4853/4856 4903/4893/4896
f 4904/4895/4897 4865/4856/4858 4864/4855/4857
f 4906/4896/4899 4865/4856/4858 4905/4897/4898
f 4906/4896/4899 4867/4858/4860 4866/4857/4859
f 4907/4898/4900 4868/4860/4861 4867/4858/4860
f 4909/4899/4902 4868/4860/4861 4908/4900/4901
f 4909/4899/4902 4870/4862/4863 4869/4859/4862
f 4911/4901/4904 4870/4862/4863 4910/4902/4903
f 4912/4903/4905 4871/4861/4864 4911/4901/4904
f 4913/4904/4906 4872/4863/4865 4912/4903/4905
f 4914/4905/4907 4873/4864/4866 4913/4904/4906
f 4914/4905/4907 4875/4865/4868 4874/4866/4867
f 4915/4906/4908 4876/4867/4869 4875/4865/4868
f 4916/4907/4909 4877/4869/4870 4876/4867/4869
f 4917/4908/4910 4878/4868/4871 4877/4869/4870
f 4919/4909/4912 4878/4868/4871 4918/4910/4911
f 4920/4911/4913 4879/4870/4872 4919/4909/4912
f 4922/4912/4915 4881/4873/4874 4921/4913/4914
f 4923/4914/4916 4882/4872/4875 4922/4912/4915
f 4924/4915/4917 4883/4875/4876 4923/4914/4916
f 4925/4916/4918 4884/4874/4877 4924/4915/4917
f 4926/4917/4919 4885/4876/4878 4925/4916/4918
f 4927/4918/4920 4886/4877/4879 4926/4917/4919
f 4928/4919/4921 4887/4878/4880 4927/4918/4920
f 4929/4920/4922 4888/4879/4881 4928/4919/4921
f 4930/4921/4923 4889/4880/4882 4929/4920/4922
f 4931/4922/4924 4890/4881/4883 4930/4921/4923
f 4931/4922/4924 4892/4883/4885 4891/4882/4884
f 4932/4923/4925 4893/4884/4886 4892/4883/4885
f 4933/4924/4926 4894/4885/4887 4893/4884/4886
f 4934/4925/4927 4895/4886/4888 4894/4885/4887
f 4935/4926/4928 4896/4887/4889 4895/4886/4888
f 4936/4927/4929 4897/4888/4890 4896/4887/4889
f 4938/4928/4931 4897/4888/4890 4937/4929/4930
f 4938/4928/4931 4899/4890/4892 4898/4889/4891
f 4939/4930/4932 4900/4891/4893 4899/4890/4892
f 4941/4931/4934 4900/4891/4893 4940/4932/4933
f 4941/4931/4934 4902/4894/4895 4901/4892/4894
f 4942/4933/4935 4903/4893/4896 4902/4894/4895
f 4944/4934/4937 4903/4893/4896 4943/4935/4936
f 4945/4936/4938 4904/4895/4897 4944/4934/4937
f 4945/4936/4938 4906/4896/4899 4905/4897/4898
f 4946/4937/4939 4907/4898/4900 4906/4896/4899
f 4947/4938/4940 4908/4900/4901 4907/4898/4900
f 4948/4939/4941 4909/4899/4902 4908/4900/4901
f 4950/4940/4943 4909/4899/4902 4949/4941/4942
f 4951/4942/4944 4910/4902/4903 4950/4940/4943
f 4952/4943/4945 4911/4901/4904 4951/4942/4944
f 4953/4944/4946 4912/4903/4905 4952/4943/4945
f 4954/4945/4947 4913/4904/4906 4953/4944/4946
f 4954/4945/4947 4915/4906/4908 4914/4905/4907
f 4955/4946/4948 4916/4907/4909 4915/4906/4908
f 4956/4947/4949 4917/4908/4910 4916/4907/4909
f 4957/4948/4950 4918/4910/4911 4917/4908/4910
f 4959/4949/4952 4918/4910/4911 4958/4950/4951
f 4960/4951/4953 4919/4909/4912 4959/4949/4952
f 4962/4952/4955 4921/4913/4914 4961/4953/4954
f 4963/4954/4956 4922/4912/4915 4962/4952/4955
f 4964/4955/4957 4923/4914/4916 4963/4954/4956
f 4965/4956/4958 4924/4915/4917 4964/4955/4957
f 4966/4957/4959 4925/4916/4918 4965/4956/4958
f 4967/4958/4960 4926/4917/4919 4966/4957/4959
f 4968/4959/4961 4927/4918/4920 4967/4958/4960
f 4969/4960/4962 4928/4919/4921 4968/4959/4961
f 4970/4961/4963 4929/4920/4922 4969/4960/4962
f 4971/4962/4964 4930/4921/4923 4970/4961/4963
f 4971/4962/4964 4932/4923/4925 4931/4922/4924
f 4972/4963/4965 4933/4924/4926 4932/4923/4925
f 4973/4964/4966 4934/4925/4927 4933/4924/4926
f 4974/4965/4967 4935/4926/4928 4934/4925/4927
f 4975/4966/2683 4936/4927/4929 4935/4926/4928
f 4977/4967/4969 4936/4927/4929 4976/4968/4968
f 4977/4967/4969 4938/4928/4931 4937/4929/4930
f 4978/4969/4970 4939/4930/4932 4938/4928/4931
f 4979/4970/4971 4940/4932/4933 4939/4930/4932
f 4981/4971/4973 4940/4932/4933 4980/4972/4972
f 4981/4971/4973 4942/4933/4935 4941/4931/4934
f 4983/4973/4975 4942/4933/4935 4982/4974/4974
f 4984/4975/4976 4943/4935/4936 4983/4973/4975
f 4985/4976/4977 4944/4934/4937 4984/4975/4976
f 4986/4977/4978 4945/4936/4938 4985/4976/4977
f 4986/4977/4978 4947/4938/4940 4946/4937/4939
f 4988/4978/4980 4947/4938/4940 4987/4979/4979
f 4988/4978/4980 4949/4941/4942 4948/4939/4941
f 4990/4980/4982 4949/4941/4942 4989/4981/4981
f 4991/4982/4983 4950/4940/4943 4990/4980/4982
f 4992/4983/4984 4951/4942/4944 4991/4982/4983
f 4993/4984/4985 4952/4943/4945 4992/4983/4984
f 4994/4985/4986 4953/4944/4946 4993/4984/4985
f 4994/4985/4986 4955/4946/4948 4954/4945/4947
f 4995/4986/4987 4956/4947/4949 4955/4946/4948
f 4996/4987/4988 4957/4948/4950 4956/4947/4949
f 4998/4988/4990 4957/4948/4950 4997/4989/4989
f 4998/4988/4990 4959/4949/4952 4958/4950/4951
f 5000/4990/4992 4959/4949/4952 4999/4991/4991
f 5002/4992/4994 4961/4953/4954 5001/4993/4993
f 5003/4994/4995 4962/4952/4955 5002/4992/4994
f 5004/4995/4996 4963/4954/4956 5003/4994/4995
f 5005/4996/4997 4964/4955/4957 5004/4995/4996
f 5006/4997/4998 4965/4956/4958 5005/4996/4997
f 5007/4998/4999 4966/4957/4959 5006/4997/4998
f 5008/4999/5000 4967/4958/4960 5007/4998/4999
f 5009/5000/5001 4968/4959/4961 5008/4999/5000
f 5010/5001/5002 4969/4960/4962 5009/5000/5001
f 5011/5002/5003 4970/4961/4963 5010/5001/5002
f 5011/5002/5003 4972/4963/4965 4971/4962/4964
f 5012/5003/5004 4973/4964/4966 4972/4963/4965
f 5013/5004/5005 4974/4965/4967 4973/4964/4966
f 5014/5005/5006 4975/4966/2683 4974/4965/4967
f 5016/5006/5008 4975/4966/2683 5015/5007/5007
f 5016/5006/5008 4977/4967/4969 4976/4968/4968
f 5018/5008/5010 4977/4967/4969 5017/5009/5009
f 5019/5010/5011 4978/4969/4970 5018/5008/5010
f 5020/5011/5012 4979/4970/4971 5019/5010/5011
f 5020/5011/5012 4981/4971/4973 4980/4972/4972
f 5021/5012/5013 4982/4974/4974 4981/4971/4973
f 5023/5013/5014 4982/4974/4974 5022/5014/5007
f 5023/5013/5014 4984/4975/4976 4983/4973/4975
f 5025/5015/5016 4984/4975/4976 5024/5016/5015
f 5026/5017/5017 4985/4976/4977 5025/5015/5016
f 5026/5017/5017 4987/4979/4979 4986/4977/4978
f 5027/5018/5018 4988/4978/4980 4987/4979/4979
f 5028/5019/5019 4989/4981/4981 4988/4978/4980
f 5029/5020/5020 4990/4980/4982 4989/4981/4981
f 5031/5021/5022 4990/4980/4982 5030/5022/5021
f 5032/5023/5023 4991/4982/4983 5031/5021/5022
f 5033/5024/5024 4992/4983/4984 5032/5023/5023
f 5034/5025/5025 4993/4984/4985 5033/5024/5024
f 5034/5025/5025 4995/4986/4987 4994/4985/4986
f 5035/5026/5026 4996/4987/4988 4995/4986/4987
f 5036/5027/5027 4997/4989/4989 4996/4987/4988
f 5038/5028/5029 4997/4989/4989 5037/5029/5028
f 5038/5028/5029 4999/4991/4991 4998/4988/4990
f 5040/5030/5031 4999/4991/4991 5039/5031/5030
f 5042/5032/5033 5001/4993/4993 5041/5033/5032
f 5043/5034/5034 5002/4992/4994 5042/5032/5033
f 5044/5035/5035 5003/4994/4995 5043/5034/5034
f 5045/5036/5036 5004/4995/4996 5044/5035/5035
f 5046/5037/5037 5005/4996/4997 5045/5036/5036
f 5047/5038/5038 5006/4997/4998 5046/5037/5037
f 5048/5039/5039 5007/4998/4999 5047/5038/5038
f 5049/5040/5040 5008/4999/5000 5048/5039/5039
f 5050/5041/5041 5009/5000/5001 5049/5040/5040
f 5051/5042/5042 5010/5001/5002 5050/5041/5041
f 5051/5042/5042 5012/5003/5004 5011/5002/5003
f 5052/5043/5043 5013/5004/5005 5012/5003/5004
f 5054/5044/5045 5013/5004/5005 5053/5045/5044
f 5054/5044/5045 5015/5007/5007 5014/5005/5006
f 5056/5046/5047 5015/5007/5007 5055/5047/5046
f 5056/5046/5047 5017/5009/5009 5016/5006/5008
f 5057/5048/5048 5018/5008/5010 5017/5009/5009
f 5059/5049/5049 5018/5008/5010 5058/5050/4979
f 5060/5051/5045 5019/5010/5011 5059/5049/5049
f 5060/5051/5045 5021/5012/5013 5020/5011/5012
f 5062/5052/5051 5021/5012/5013 5061/5053/5050
f 5063/5054/5047 5022/5014/5007 5062/5052/5051
f 5063/5054/5047 5024/5016/5015 5023/5013/5014
f 5064/5055/5052 5025/5015/5016 5024/5016/5015
f 5065/5056/5053 5026/5017/5017 5025/5015/5016
f 5066/5057/5051 5027/5018/5018 5026/5017/5017
f 5067/5058/5054 5028/5019/5019 5027/5018/5018
f 5068/5059/5055 5029/5020/5020 5028/5019/5019
f 5070/5060/5057 5029/5020/5020 5069/5061/5056
f 5071/5062/5058 5030/5022/5021 5070/5060/5057
f 5072/5063/5059 5031/5021/5022 5071/5062/5058
f 5073/5064/5060 5032/5023/5023 5072/5063/5059
f 5074/5065/5061 5033/5024/5024 5073/5064/5060
f 5075/5066/5062 5034/5025/5025 5074/5065/5061
f 5075/5066/5062 5036/5027/5027 5035/5026/5026
f 5077/5067/5064 5036/5027/5027 5076/5068/5063
f 5077/5067/5064 5038/5028/5029 5037/5029/5028
f 5078/5069/5065 5039/5031/5030 5038/5028/5029
f 5080/5070/5067 5039/5031/5030 5079/5071/5066
f 5082/5072/5069 5041/5033/5032 5081/5073/5068
f 5083/5074/5070 5042/5032/5033 5082/5072/5069
f 5084/5075/5071 5043/5034/5034 5083/5074/5070
f 5085/5076/5072 5044/5035/5035 5084/5075/5071
f 5085/5076/5072 5046/5037/5037 5045/5036/5036
f 5087/5077/5074 5046/5037/5037 5086/5078/5073
f 5088/5079/5075 5047/5038/5038 5087/5077/5074
f 5089/5080/5076 5048/5039/5039 5088/5079/5075
f 5090/5081/5077 5049/5040/5040 5089/5080/5076
f 5091/5082/5078 5050/5041/5041 5090/5081/5077
f 5092/5083/5079 5051/5042/5042 5091/5082/5078
f 5093/5084/5080 5052/5043/5043 5092/5083/5079
f 5094/5085/5081 5053/5045/5044 5093/5084/5080
f 5095/5086/5082 5054/5044/5045 5094/5085/5081
f 5096/5087/5083 5055/5047/5046 5095/5086/5082
f 5097/5088/5056 5056/5046/5047 5096/5087/5083
f 5097/5088/5056 5058/5050/4979 5057/5048/5048
f 5099/5089/5055 5058/5050/4979 5098/5090/5084
f 5100/5091/5085 5059/5049/5049 5099/5089/5055
f 5101/5092/5086 5060/5051/5045 5100/5091/5085
f 5102/5093/5087 5061/5053/5050 5101/5092/5086
f 5102/5093/5087 5063/5054/5047 5062/5052/5051
f 5104/5094/5089 5063/5054/5047 5103/5095/5088
f 5105/5096/5084 5064/5055/5052 5104/5094/5089
f 5105/5096/5084 5066/5057/5051 5065/5056/5053
f 5107/5097/5086 5066/5057/5051 5106/5098/5082
f 5108/5099/5086 5067/5058/5054 5107/5097/5086
f 5108/5099/5086 5069/5061/5056 5068/5059/5055
f 5110/5100/5091 5069/5061/5056 5109/5101/5090
f 5111/5102/5092 5070/5060/5057 5110/5100/5091
f 5112/5103/5093 5071/5062/5058 5111/5102/5092
f 5113/5104/5094 5072/5063/5059 5112/5103/5093
f 5114/5105/5095 5073/5064/5060 5113/5104/5094
f 5115/5106/5096 5074/5065/5061 5114/5105/5095
f 5116/5107/5097 5075/5066/5062 5115/5106/5096
f 5117/5108/5098 5076/5068/5063 5116/5107/5097
f 5117/5108/5098 5078/5069/5065 5077/5067/5064
f 5118/5109/5099 5079/5071/5066 5078/5069/5065
f 5120/5110/5101 5079/5071/5066 5119/5111/5100
f 41/1/41 42/4/42 2/2/2
f 42/4/42 43/7/43 3/5/3
f 44/6/44 4/9/4 3/5/3
f 44/6/44 45/10/45 5/8/5
f 45/10/45 46/12/46 6/11/6
f 46/12/46 47/14/47 7/13/7
f 47/14/47 48/16/48 8/15/8
f 48/16/48 49/18/49 9/17/9
f 49/18/49 50/20/50 10/19/10
f 50/20/50 51/22/51 11/21/11
f 51/22/51 52/24/52 12/23/12
f 52/24/52 53/26/53 13/25/13
f 53/26/53 54/28/54 14/27/14
f 54/28/54 55/30/55 15/29/15
f 55/30/55 56/32/56 16/31/16
f 56/32/56 57/34/57 17/33/17
f 57/34/57 58/36/58 18/35/18
f 58/36/58 59/38/59 19/37/19
f 59/38/59 60/40/60 20/39/20
f 60/40/60 61/42/61 21/41/21
f 61/42/61 62/44/62 22/43/22
f 62/44/62 63/46/63 23/45/23
f 63/46/63 64/48/64 24/47/24
f 64/48/64 65/50/65 25/49/25
f 65/50/65 66/52/66 26/51/26
f 66/52/66 67/54/67 27/53/27
f 67/54/67 68/57/68 28/55/28
f 69/56/69 29/59/29 28/55/28
f 70/58/70 30/61/30 29/59/29
f 71/60/71 31/63/31 30/61/30
f 72/62/72 32/65/32 31/63/31
f 73/64/73 33/67/33 32/65/32
f 74/66/74 34/69/34 33/67/33
f 75/68/75 35/71/35 34/69/34
f 76/70/76 36/73/36 35/71/35
f 77/72/77 37/75/37 36/73/36
f 78/74/78 38/77/38 37/75/37
f 79/76/79 39/79/39 38/77/38
f 79/76/79 80/119/80 40/78/40
f 81/80/81 82/81/82 42/4/42
f 82/81/82 83/83/83 43/7/43
f 84/82/84 44/6/44 43/7/43
f 84/82/84 85/84/85 45/10/45
f 85/84/85 86/85/86 46/12/46
f 86/85/86 87/86/87 47/14/47
f 87/86/87 88/87/88 48/16/48
f 88/87/88 89/88/89 49/18/49
f 89/88/89 90/89/90 50/20/50
f 90/89/90 91/90/91 51/22/51
f 91/90/91 92/91/92 52/24/52
f 92/91/92 93/92/93 53/26/53
f 93/92/93 94/93/94 54/28/54
f 94/93/94 95/94/95 55/30/55
f 95/94/95 96/95/96 56/32/56
f 96/95/96 97/96/97 57/34/57
f 97/96/97 98/97/57 58/36/58
f 98/97/57 99/98/98 59/38/59
f 99/98/98 100/99/99 60/40/60
f 100/99/99 101/100/100 61/42/61
f 101/100/100 102/101/101 62/44/62
f 102/101/101 103/102/102 63/46/63
f 103/102/102 104/103/103 64/48/64
f 104/103/103 105/104/104 65/50/65
f 105/104/104 106/105/105 66/52/66
f 106/105/105 107/106/106 67/54/67
f 107/106/106 108/108/107 68/57/68
f 109/107/108 69/56/69 68/57/68
f 110/109/109 70/58/70 69/56/69
f 111/110/110 71/60/71 70/58/70
f 112/111/111 72/62/72 71/60/71
f 113/112/112 73/64/73 72/62/72
f 114/113/113 74/66/74 73/64/73
f 115/114/114 75/68/75 74/66/74
f 116/115/115 76/70/76 75/68/75
f 117/116/116 77/72/77 76/70/76
f 118/117/117 78/74/78 77/72/77
f 119/118/118 79/76/79 78/74/78
f 119/118/118 120/159/119 80/119/80
f 121/120/120 122/121/121 82/81/82
f 122/121/121 123/123/122 83/83/83
f 124/122/123 84/82/84 83/83/83
f 124/122/123 125/124/124 85/84/85
f 125/124/124 126/125/125 86/85/86
f 126/125/125 127/126/126 87/86/87
f 127/126/126 128/127/127 88/87/88
f 128/127/127 129/128/128 89/88/89
f 129/128/128 130/129/129 90/89/90
f 130/129/129 131/130/130 91/90/91
f 131/130/130 132/131/131 92/91/92
f 132/131/131 133/132/132 93/92/93
f 133/132/132 134/133/133 94/93/94
f 134/133/133 135/134/134 95/94/95
f 135/134/134 136/135/135 96/95/96
f 136/135/135 137/136/136 97/96/97
f 137/136/136 138/137/137 98/97/57
f 138/137/137 139/138/138 99/98/98
f 139/138/138 140/139/139 100/99/99
f 140/139/139 141/140/140 101/100/100
f 141/140/140 142/141/141 102/101/101
f 142/141/141 143/142/142 103/102/102
f 143/142/142 144/143/143 104/103/103
f 144/143/143 145/144/144 105/104/104
f 145/144/144 146/145/145 106/105/105
f 146/145/145 147/146/146 107/106/106
f 147/146/146 148/148/147 108/108/107
f 149/147/148 109/107/108 108/108/107
f 150/149/149 110/109/109 109/107/108
f 151/150/150 111/110/110 110/109/109
f 152/151/151 112/111/111 111/110/110
f 153/152/152 113/112/112 112/111/111
f 154/153/153 114/113/113 113/112/112
f 155/154/154 115/114/114 114/113/113
f 156/155/155 116/115/115 115/114/114
f 157/156/156 117/116/116 116/115/115
f 158/157/157 118/117/117 117/116/116
f 159/158/158 119/118/118 118/117/117
f 159/158/158 160/199/159 120/159/119
f 161/160/160 162/161/161 122/121/121
f 162/161/161 163/163/162 123/123/122
f 164/162/163 124/122/123 123/123/122
f 164/162/163 165/164/164 125/124/124
f 165/164/164 166/165/165 126/125/125
f 166/165/165 167/166/166 127/126/126
f 167/166/166 168/167/167 128/127/127
f 168/167/167 169/168/168 129/128/128
f 169/168/168 170/169/169 130/129/129
f 170/169/169 171/170/170 131/130/130
f 171/170/170 172/171/171 132/131/131
f 172/171/171 173/172/172 133/132/132
f 173/172/172 174/173/173 134/133/133
f 174/173/173 175/174/95 135/134/134
f 175/174/95 176/175/174 136/135/135
f 176/175/174 177/176/175 137/136/136
f 177/176/175 178/177/176 138/137/137
f 178/177/176 179/178/177 139/138/138
f 179/178/177 180/179/178 140/139/139
f 180/179/178 181/180/179 141/140/140
f 181/180/179 182/181/180 142/141/141
f 182/181/180 183/182/181 143/142/142
f 183/182/181 184/183/182 144/143/143
f 184/183/182 185/184/183 145/144/144
f 185/184/183 186/185/184 146/145/145
f 186/185/184 187/186/185 147/146/146
f 187/186/185 188/188/186 148/148/147
f 189/187/187 149/147/148 148/148/147
f 189/187/187 190/190/188 150/149/149
f 191/189/189 151/150/150 150/149/149
f 192/191/190 152/151/151 151/150/150
f 193/192/191 153/152/152 152/151/151
f 194/193/192 154/153/153 153/152/152
f 195/194/193 155/154/154 154/153/153
f 196/195/194 156/155/155 155/154/154
f 197/196/195 157/156/156 156/155/155
f 198/197/196 158/157/157 157/156/156
f 199/198/197 159/158/158 158/157/157
f 199/198/197 200/239/198 160/199/159
f 201/200/199 202/202/200 162/161/161
f 203/201/201 163/163/162 162/161/161
f 203/201/201 204/203/202 164/162/163
f 204/203/202 205/204/203 165/164/164
f 205/204/203 206/205/204 166/165/165
f 206/205/204 207/206/205 167/166/166
f 207/206/205 208/207/206 168/167/167
f 208/207/206 209/208/207 169/168/168
f 209/208/207 210/209/208 170/169/169
f 210/209/208 211/210/209 171/170/170
f 211/210/209 212/211/210 172/171/171
f 212/211/210 213/212/211 173/172/172
f 213/212/211 214/213/212 174/173/173
f 214/213/212 215/214/213 175/174/95
f 215/214/213 216/215/214 176/175/174
f 216/215/214 217/216/215 177/176/175
f 217/216/215 218/217/216 178/177/176
f 218/217/216 219/218/217 179/178/177
f 219/218/217 220/219/218 180/179/178
f 220/219/218 221/220/219 181/180/179
f 221/220/219 222/221/220 182/181/180
f 222/221/220 223/223/221 183/182/181
f 224/222/222 184/183/182 183/182/181
f 224/222/222 225/224/223 185/184/183
f 225/224/223 226/226/224 186/185/184
f 227/225/225 187/186/185 186/185/184
f 228/227/226 188/188/186 187/186/185
f 228/227/226 229/228/227 189/187/187
f 229/228/227 230/230/228 190/190/188
f 231/229/229 191/189/189 190/190/188
f 232/231/230 192/191/190 191/189/189
f 233/232/231 193/192/191 192/191/190
f 234/233/232 194/193/192 193/192/191
f 235/234/233 195/194/193 194/193/192
f 236/235/234 196/195/194 195/194/193
f 237/236/235 197/196/195 196/195/194
f 238/237/236 198/197/196 197/196/195
f 239/238/237 199/198/197 198/197/196
f 239/238/237 240/279/238 200/239/198
f 242/240/240 202/202/200 201/200/199
f 243/242/241 203/201/201 202/202/200
f 243/242/241 244/243/242 204/203/202
f 244/243/242 245/244/243 205/204/203
f 245/244/243 246/245/244 206/205/204
f 246/245/244 247/246/245 207/206/205
f 247/246/245 248/247/246 208/207/206
f 248/247/246 249/248/247 209/208/207
f 249/248/247 250/249/248 210/209/208
f 250/249/248 251/250/249 211/210/209
f 251/250/249 252/251/250 212/211/210
f 252/251/250 253/252/251 213/212/211
f 253/252/251 254/253/252 214/213/212
f 254/253/252 255/254/253 215/214/213
f 255/254/253 256/255/254 216/215/214
f 256/255/254 257/256/255 217/216/215
f 257/256/255 258/257/256 218/217/216
f 258/257/256 259/258/257 219/218/217
f 259/258/257 260/259/258 220/219/218
f 260/259/258 261/260/259 221/220/219
f 261/260/259 262/261/260 222/221/220
f 262/261/260 263/262/261 223/223/221
f 263/262/261 264/263/262 224/222/222
f 264/263/262 265/264/263 225/224/223
f 265/264/263 266/266/264 226/226/224
f 267/265/265 227/225/225 226/226/224
f 267/265/265 268/268/266 228/227/226
f 269/267/267 229/228/227 228/227/226
f 270/269/268 230/230/228 229/228/227
f 271/270/269 231/229/229 230/230/228
f 272/271/270 232/231/230 231/229/229
f 273/272/271 233/232/231 232/231/230
f 274/273/272 234/233/232 233/232/231
f 275/274/273 235/234/233 234/233/232
f 276/275/274 236/235/234 235/234/233
f 277/276/275 237/236/235 236/235/234
f 278/277/276 238/237/236 237/236/235
f 279/278/277 239/238/237 238/237/236
f 279/278/277 280/319/278 240/279/238
f 282/280/280 242/240/240 241/241/239
f 283/282/281 243/242/241 242/240/240
f 283/282/281 284/283/282 244/243/242
f 284/283/282 285/284/283 245/244/243
f 285/284/283 286/285/284 246/245/244
f 286/285/284 287/286/285 247/246/245
f 287/286/285 288/287/286 248/247/246
f 288/287/286 289/288/287 249/248/247
f 289/288/287 290/289/288 250/249/248
f 290/289/288 291/290/289 251/250/249
f 291/290/289 292/291/290 252/251/250
f 292/291/290 293/292/291 253/252/251
f 293/292/291 294/293/292 254/253/252
f 294/293/292 295/294/293 255/254/253
f 295/294/293 296/295/294 256/255/254
f 296/295/294 297/296/295 257/256/255
f 297/296/295 298/297/296 258/257/256
f 298/297/296 299/298/297 259/258/257
f 299/298/297 300/299/298 260/259/258
f 300/299/298 301/300/299 261/260/259
f 301/300/299 302/302/300 262/261/260
f 303/301/301 263/262/261 262/261/260
f 303/301/301 304/304/302 264/263/262
f 305/303/303 265/264/263 264/263/262
f 305/303/303 306/305/304 266/266/264
f 306/305/304 307/306/218 267/265/265
f 307/306/218 308/308/305 268/268/266
f 309/307/306 269/267/267 268/268/266
f 309/307/306 310/310/307 270/269/268
f 311/309/308 271/270/269 270/269/268
f 312/311/309 272/271/270 271/270/269
f 313/312/310 273/272/271 272/271/270
f 314/313/311 274/273/272 273/272/271
f 315/314/312 275/274/273 274/273/272
f 316/315/313 276/275/274 275/274/273
f 317/316/314 277/276/275 276/275/274
f 318/317/315 278/277/276 277/276/275
f 319/318/316 279/278/277 278/277/276
f 319/318/316 320/359/317 280/319/278
f 322/320/319 282/280/280 281/281/279
f 323/322/320 283/282/281 282/280/280
f 323/322/320 324/323/321 284/283/282
f 324/323/321 325/324/322 285/284/283
f 325/324/322 326/325/323 286/285/284
f 326/325/323 327/326/324 287/286/285
f 327/326/324 328/327/325 288/287/286
f 328/327/325 329/328/326 289/288/287
f 329/328/326 330/329/327 290/289/288
f 330/329/327 331/330/328 291/290/289
f 331/330/328 332/331/329 292/291/290
f 332/331/329 333/332/330 293/292/291
f 333/332/330 334/333/331 294/293/292
f 334/333/331 335/334/332 295/294/293
f 335/334/332 336/336/333 296/295/294
f 337/335/334 297/296/295 296/295/294
f 337/335/334 338/338/335 298/297/296
f 339/337/336 299/298/297 298/297/296
f 339/337/336 340/339/337 300/299/298
f 340/339/337 341/340/338 301/300/299
f 341/340/338 342/342/339 302/302/300
f 343/341/340 303/301/301 302/302/300
f 344/343/341 304/304/302 303/301/301
f 345/344/342 305/303/303 304/304/302
f 345/344/342 346/346/343 306/305/304
f 347/345/344 307/306/218 306/305/304
f 348/347/345 308/308/305 307/306/218
f 349/348/346 309/307/306 308/308/305
f 349/348/346 350/350/347 310/310/307
f 351/349/348 311/309/308 310/310/307
f 352/351/349 312/311/309 311/309/308
f 353/352/350 313/312/310 312/311/309
f 354/353/351 314/313/311 313/312/310
f 354/353/351 355/354/352 315/314/312
f 355/354/352 356/355/353 316/315/313
f 356/355/353 357/357/354 317/316/314
f 358/356/355 318/317/315 317/316/314
f 359/358/356 319/318/316 318/317/315
f 359/358/356 360/399/357 320/359/317
f 362/360/359 322/320/319 321/321/318
f 363/362/360 323/322/320 322/320/319
f 363/362/360 364/363/361 324/323/321
f 364/363/361 365/364/362 325/324/322
f 365/364/362 366/365/363 326/325/323
f 366/365/363 367/366/364 327/326/324
f 367/366/364 368/367/365 328/327/325
f 368/367/365 369/368/366 329/328/326
f 369/368/366 370/369/367 330/329/327
f 370/369/367 371/370/368 331/330/328
f 371/370/368 372/372/369 332/331/329
f 373/371/370 333/332/330 332/331/329
f 374/373/371 334/333/331 333/332/330
f 374/373/371 375/374/372 335/334/332
f 375/374/372 376/376/373 336/336/333
f 377/375/374 337/335/334 336/336/333
f 377/375/374 378/378/375 338/338/335
f 379/377/376 339/337/336 338/338/335
f 379/377/376 380/379/377 340/339/337
f 380/379/377 381/380/378 341/340/338
f 381/380/378 382/381/379 342/342/339
f 382/381/379 383/382/380 343/341/340
f 383/382/380 384/384/381 344/343/341
f 385/383/382 345/344/342 344/343/341
f 385/383/382 386/386/383 346/346/343
f 387/385/384 347/345/344 346/346/343
f 387/385/384 388/388/385 348/347/345
f 389/387/386 349/348/346 348/347/345
f 389/387/386 390/390/387 350/350/347
f 391/389/388 351/349/348 350/350/347
f 392/391/389 352/351/349 351/349/348
f 393/392/390 353/352/350 352/351/349
f 394/393/391 354/353/351 353/352/350
f 394/393/391 395/394/392 355/354/352
f 395/394/392 396/395/393 356/355/353
f 396/395/393 397/396/394 357/357/354
f 397/396/394 398/398/395 358/356/355
f 399/397/396 359/358/356 358/356/355
f 399/397/396 400/439/397 360/399/357
f 402/400/399 362/360/359 361/361/358
f 403/402/400 363/362/360 362/360/359
f 403/402/400 404/403/401 364/363/361
f 404/403/401 405/404/402 365/364/362
f 405/404/402 406/405/403 366/365/363
f 406/405/403 407/406/404 367/366/364
f 407/406/404 408/407/405 368/367/365
f 408/407/405 409/408/406 369/368/366
f 409/408/406 410/409/407 370/369/367
f 410/409/407 411/410/408 371/370/368
f 411/410/408 412/412/409 372/372/369
f 413/411/410 373/371/370 372/372/369
f 413/411/410 414/413/411 374/373/371
f 414/413/411 415/415/412 375/374/372
f 416/414/413 376/376/373 375/374/372
f 416/414/413 417/416/414 377/375/374
f 417/416/414 418/418/415 378/378/375
f 419/417/416 379/377/376 378/378/375
f 419/417/416 420/419/417 380/379/377
f 420/419/417 421/421/418 381/380/378
f 422/420/419 382/381/379 381/380/378
f 423/422/420 383/382/380 382/381/379
f 423/422/420 424/424/421 384/384/381
f 425/423/422 385/383/382 384/384/381
f 425/423/422 426/425/423 386/386/383
f 426/425/423 427/427/424 387/385/384
f 428/426/425 388/388/385 387/385/384
f 429/428/426 389/387/386 388/388/385
f 429/428/426 430/429/427 390/390/387
f 430/429/427 431/431/428 391/389/388
f 432/430/429 392/391/389 391/389/388
f 433/432/430 393/392/390 392/391/389
f 433/432/430 434/433/431 394/393/391
f 434/433/431 435/434/432 395/394/392
f 435/434/432 436/435/433 396/395/393
f 436/435/433 437/436/434 397/396/394
f 437/436/434 438/438/435 398/398/395
f 439/437/436 399/397/396 398/398/395
f 439/437/436 440/479/437 400/439/397
f 442/440/439 402/400/399 401/401/398
f 443/442/440 403/402/400 402/400/399
f 443/442/440 444/443/441 404/403/401
f 444/443/441 445/444/442 405/404/402
f 445/444/442 446/445/443 406/405/403
f 446/445/443 447/446/444 407/406/404
f 447/446/444 448/447/445 408/407/405
f 448/447/445 449/448/446 409/408/406
f 449/448/446 450/449/447 410/409/407
f 450/449/447 451/451/448 411/410/408
f 452/450/449 412/412/409 411/410/408
f 452/450/449 453/452/450 413/411/410
f 453/452/450 454/454/451 414/413/411
f 455/453/452 415/415/412 414/413/411
f 455/453/452 456/455/453 416/414/413
f 456/455/453 457/456/454 417/416/414
f 457/456/454 458/458/455 418/418/415
f 459/457/456 419/417/416 418/418/415
f 460/459/457 420/419/417 419/417/416
f 461/460/458 421/421/418 420/419/417
f 461/460/458 462/462/459 422/420/419
f 463/461/460 423/422/420 422/420/419
f 463/461/460 464/463/461 424/424/421
f 464/463/461 465/464/462 425/423/422
f 465/464/462 466/465/463 426/425/423
f 466/465/463 467/467/464 427/427/424
f 468/466/465 428/426/425 427/427/424
f 468/466/465 469/468/466 429/428/426
f 469/468/466 470/470/467 430/429/427
f 471/469/468 431/431/428 430/429/427
f 472/471/469 432/430/429 431/431/428
f 473/472/470 433/432/430 432/430/429
f 473/472/470 474/473/471 434/433/431
f 474/473/471 475/474/472 435/434/432
f 475/474/472 476/475/473 436/435/433
f 476/475/473 477/477/474 437/436/434
f 478/476/475 438/438/435 437/436/434
f 479/478/476 439/437/436 438/438/435
f 479/478/476 480/519/477 440/479/437
f 482/480/479 442/440/439 441/441/438
f 483/482/480 443/442/440 442/440/439
f 483/482/480 484/483/481 444/443/441
f 484/483/481 485/484/482 445/444/442
f 485/484/482 486/485/483 446/445/443
f 486/485/483 487/487/484 447/446/444
f 488/486/485 448/447/445 447/446/444
f 488/486/485 489/488/486 449/448/446
f 489/488/486 490/489/487 450/449/447
f 490/489/487 491/491/488 451/451/448
f 492/490/489 452/450/449 451/451/448
f 492/490/489 493/492/490 453/452/450
f 493/492/490 494/493/491 454/454/451
f 494/493/491 495/495/492 455/453/452
f 496/494/493 456/455/453 455/453/452
f 496/494/493 497/497/494 457/456/454
f 498/496/495 458/458/455 457/456/454
f 498/496/495 499/499/496 459/457/456
f 500/498/497 460/459/457 459/457/456
f 500/498/497 501/501/498 461/460/458
f 502/500/499 462/462/459 461/460/458
f 502/500/499 503/502/500 463/461/460
f 503/502/500 504/504/501 464/463/461
f 505/503/502 465/464/462 464/463/461
f 505/503/502 506/506/503 466/465/463
f 507/505/504 467/467/464 466/465/463
f 508/507/505 468/466/465 467/467/464
f 508/507/505 509/509/506 469/468/466
f 510/508/507 470/470/467 469/468/466
f 511/510/508 471/469/468 470/470/467
f 512/511/509 472/471/469 471/469/468
f 512/511/509 513/512/510 473/472/470
f 513/512/510 514/513/511 474/473/471
f 514/513/511 515/514/512 475/474/472
f 515/514/512 516/516/513 476/475/473
f 517/515/514 477/477/474 476/475/473
f 518/517/515 478/476/475 477/477/474
f 519/518/516 479/478/476 478/476/475
f 519/518/516 520/559/517 480/519/477
f 522/520/519 482/480/479 481/481/478
f 523/522/520 483/482/480 482/480/479
f 523/522/520 524/523/521 484/483/481
f 524/523/521 525/524/522 485/484/482
f 525/524/522 526/525/523 486/485/483
f 526/525/523 527/527/524 487/487/484
f 528/526/525 488/486/485 487/487/484
f 528/526/525 529/528/526 489/488/486
f 529/528/526 530/529/527 490/489/487
f 530/529/527 531/530/528 491/491/488
f 531/530/528 532/531/529 492/490/489
f 532/531/529 533/532/530 493/492/490
f 533/532/530 534/534/531 494/493/491
f 535/533/532 495/495/492 494/493/491
f 535/533/532 536/536/533 496/494/493
f 537/535/534 497/497/494 496/494/493
f 537/535/534 538/537/535 498/496/495
f 538/537/535 539/539/536 499/499/496
f 540/538/537 500/498/497 499/499/496
f 540/538/537 541/540/538 501/501/498
f 541/540/538 542/542/539 502/500/499
f 543/541/540 503/502/500 502/500/499
f 543/541/540 544/544/541 504/504/501
f 545/543/542 505/503/502 504/504/501
f 546/545/543 506/506/503 505/503/502
f 547/546/544 507/505/504 506/506/503
f 547/546/544 548/547/545 508/507/505
f 548/547/545 549/549/546 509/509/506
f 550/548/547 510/508/507 509/509/506
f 550/548/547 551/551/548 511/510/508
f 552/550/549 512/511/509 511/510/508
f 553/552/550 513/512/510 512/511/509
f 553/552/550 554/553/551 514/513/511
f 554/553/551 555/555/552 515/514/512
f 556/554/553 516/516/513 515/514/512
f 557/556/554 517/515/514 516/516/513
f 558/557/555 518/517/515 517/515/514
f 559/558/556 519/518/516 518/517/515
f 559/558/556 560/599/557 520/559/517
f 562/560/559 522/520/519 521/521/518
f 563/562/560 523/522/520 522/520/519
f 563/562/560 564/563/561 524/523/521
f 564/563/561 565/564/562 525/524/522
f 565/564/562 566/565/563 526/525/523
f 566/565/563 567/567/564 527/527/524
f 568/566/565 528/526/525 527/527/524
f 568/566/565 569/569/566 529/528/526
f 570/568/567 530/529/527 529/528/526
f 570/568/567 571/571/568 531/530/528
f 572/570/569 532/531/529 531/530/528
f 572/570/569 573/573/570 533/532/530
f 574/572/571 534/534/531 533/532/530
f 574/572/571 575/575/572 535/533/532
f 576/574/573 536/536/533 535/533/532
f 576/574/573 577/577/574 537/535/534
f 578/576/575 538/537/535 537/535/534
f 579/578/576 539/539/536 538/537/535
f 579/578/576 580/579/577 540/538/537
f 580/579/577 581/581/578 541/540/538
f 582/580/579 542/542/539 541/540/538
f 582/580/579 583/582/580 543/541/540
f 583/582/580 584/584/581 544/544/541
f 585/583/582 545/543/542 544/544/541
f 586/585/583 546/545/543 545/543/542
f 586/585/583 587/587/584 547/546/544
f 588/586/585 548/547/545 547/546/544
f 589/588/586 549/549/546 548/547/545
f 590/589/587 550/548/547 549/549/546
f 590/589/587 591/591/588 551/551/548
f 592/590/589 552/550/549 551/551/548
f 593/592/590 553/552/550 552/550/549
f 594/593/591 554/553/551 553/552/550
f 595/594/592 555/555/552 554/553/551
f 596/595/593 556/554/553 555/555/552
f 597/596/594 557/556/554 556/554/553
f 598/597/595 558/557/555 557/556/554
f 599/598/596 559/558/556 558/557/555
f 599/598/596 600/639/597 560/599/557
f 601/600/598 602/602/599 562/560/559
f 603/601/600 563/562/560 562/560/559
f 603/601/600 604/603/601 564/563/561
f 604/603/601 605/604/602 565/564/562
f 605/604/602 606/605/603 566/565/563
f 606/605/603 607/607/604 567/567/564
f 608/606/605 568/566/565 567/567/564
f 608/606/605 609/608/606 569/569/566
f 609/608/606 610/609/607 570/568/567
f 610/609/607 611/611/608 571/571/568
f 612/610/609 572/570/569 571/571/568
f 612/610/609 613/612/610 573/573/570
f 613/612/610 614/613/611 574/572/571
f 614/613/611 615/615/612 575/575/572
f 616/614/613 576/574/573 575/575/572
f 616/614/613 617/617/614 577/577/574
f 618/616/615 578/576/575 577/577/574
f 618/616/615 619/619/616 579/578/576
f 620/618/617 580/579/577 579/578/576
f 621/620/618 581/581/578 580/579/577
f 621/620/618 622/622/619 582/580/579
f 623/621/620 583/582/580 582/580/579
f 624/623/621 584/584/581 583/582/580
f 624/623/621 625/625/622 585/583/582
f 626/624/623 586/585/583 585/583/582
f 626/624/623 627/626/624 587/587/584
f 627/626/624 628/628/625 588/586/585
f 629/627/626 589/588/586 588/586/585
f 630/629/627 590/589/587 589/588/586
f 630/629/627 631/630/628 591/591/588
f 631/630/628 632/631/629 592/590/589
f 632/631/629 633/633/630 593/592/590
f 634/632/631 594/593/591 593/592/590
f 635/634/632 595/594/592 594/593/591
f 636/635/633 596/595/593 595/594/592
f 637/636/634 597/596/594 596/595/593
f 638/637/635 598/597/595 597/596/594
f 639/638/636 599/598/596 598/597/595
f 639/638/636 640/679/637 600/639/597
f 642/640/639 602/602/599 601/600/598
f 643/642/640 603/601/600 602/602/599
f 644/643/641 604/603/601 603/601/600
f 645/644/642 605/604/602 604/603/601
f 646/645/643 606/605/603 605/604/602
f 646/645/643 647/647/644 607/607/604
f 648/646/645 608/606/605 607/607/604
f 648/646/645 649/649/646 609/608/606
f 650/648/647 610/609/607 609/608/606
f 651/650/648 611/611/608 610/609/607
f 651/650/648 652/651/649 612/610/609
f 652/651/649 653/653/650 613/612/610
f 654/652/651 614/613/611 613/612/610
f 655/654/652 615/615/612 614/613/611
f 656/655/653 616/614/613 615/615/612
f 656/655/653 657/656/654 617/617/614
f 657/656/654 658/658/655 618/616/615
f 659/657/656 619/619/616 618/616/615
f 659/657/656 660/659/657 620/618/617
f 660/659/657 661/660/658 621/620/618
f 661/660/658 662/661/659 622/622/619
f 662/661/659 663/662/660 623/621/620
f 663/662/660 664/664/661 624/623/621
f 665/663/662 625/625/622 624/623/621
f 665/663/662 666/666/663 626/624/623
f 667/665/664 627/626/624 626/624/623
f 667/665/664 668/668/665 628/628/625
f 669/667/666 629/627/626 628/628/625
f 669/667/666 670/670/667 630/629/627
f 671/669/668 631/630/628 630/629/627
f 672/671/669 632/631/629 631/630/628
f 673/672/670 633/633/630 632/631/629
f 674/673/671 634/632/631 633/633/630
f 675/674/672 635/634/632 634/632/631
f 675/674/672 676/676/673 636/635/633
f 677/675/674 637/636/634 636/635/633
f 678/677/675 638/637/635 637/636/634
f 679/678/676 639/638/636 638/637/635
f 679/678/676 680/719/677 640/679/637
f 682/680/679 642/640/639 641/641/638
f 683/682/680 643/642/640 642/640/639
f 683/682/680 684/684/681 644/643/641
f 685/683/682 645/644/642 644/643/641
f 686/685/683 646/645/643 645/644/642
f 687/686/684 647/647/644 646/645/643
f 687/686/684 688/687/685 648/646/645
f 688/687/685 689/688/686 649/649/646
f 689/688/686 690/689/687 650/648/647
f 690/689/687 691/691/688 651/650/648
f 692/690/689 652/651/649 651/650/648
f 693/692/690 653/653/650 652/651/649
f 693/692/690 694/693/691 654/652/651
f 694/693/691 695/695/692 655/654/652
f 696/694/693 656/655/653 655/654/652
f 696/694/693 697/696/694 657/656/654
f 697/696/694 698/697/695 658/658/655
f 698/697/695 699/699/696 659/657/656
f 700/698/697 660/659/657 659/657/656
f 700/698/697 701/700/698 661/660/658
f 701/700/698 702/701/699 662/661/659
f 702/701/699 703/703/700 663/662/660
f 704/702/701 664/664/661 663/662/660
f 704/702/701 705/705/702 665/663/662
f 706/704/703 666/666/663 665/663/662
f 706/704/703 707/706/704 667/665/664
f 707/706/704 708/708/705 668/668/665
f 709/707/706 669/667/666 668/668/665
f 709/707/706 710/710/707 670/670/667
f 711/709/708 671/669/668 670/670/667
f 711/709/708 712/712/709 672/671/669
f 713/711/710 673/672/670 672/671/669
f 714/713/711 674/673/671 673/672/670
f 715/714/712 675/674/672 674/673/671
f 715/714/712 716/716/713 676/676/673
f 717/715/714 677/675/674 676/676/673
f 718/717/715 678/677/675 677/675/674
f 719/718/716 679/678/676 678/677/675
f 719/718/716 720/759/717 680/719/677
f 722/720/719 682/680/679 681/681/678
f 723/722/720 683/682/680 682/680/679
f 723/722/720 724/724/721 684/684/681
f 725/723/722 685/683/682 684/684/681
f 726/725/723 686/685/683 685/683/682
f 727/726/724 687/686/684 686/685/683
f 727/726/724 728/727/725 688/687/685
f 728/727/725 729/728/726 689/688/686
f 729/728/726 730/729/727 690/689/687
f 730/729/727 731/730/728 691/691/688
f 731/730/728 732/731/729 692/690/689
f 732/731/729 733/733/730 693/692/690
f 734/732/731 694/693/691 693/692/690
f 734/732/731 735/734/732 695/695/692
f 735/734/732 736/735/733 696/694/693
f 736/735/733 737/737/734 697/696/694
f 738/736/735 698/697/695 697/696/694
f 739/738/736 699/699/696 698/697/695
f 739/738/736 740/740/737 700/698/697
f 741/739/738 701/700/698 700/698/697
f 741/739/738 742/742/739 702/701/699
f 743/741/740 703/703/700 702/701/699
f 744/743/741 704/702/701 703/703/700
f 744/743/741 745/745/742 705/705/702
f 746/744/743 706/704/703 705/705/702
f 746/744/743 747/746/744 707/706/704
f 747/746/744 748/747/745 708/708/705
f 748/747/745 749/749/746 709/707/706
f 750/748/747 710/710/707 709/707/706
f 750/748/747 751/751/748 711/709/708
f 752/750/749 712/712/709 711/709/708
f 753/752/750 713/711/710 712/712/709
f 754/753/751 714/713/711 713/711/710
f 754/753/751 755/754/752 715/714/712
f 755/754/752 756/756/753 716/716/713
f 757/755/754 717/715/714 716/716/713
f 758/757/755 718/717/715 717/715/714
f 759/758/756 719/718/716 718/717/715
f 759/758/756 760/799/757 720/759/717
f 762/760/759 722/720/719 721/721/718
f 763/762/760 723/722/720 722/720/719
f 763/762/760 764/764/761 724/724/721
f 765/763/762 725/723/722 724/724/721
f 766/765/763 726/725/723 725/723/722
f 767/766/764 727/726/724 726/725/723
f 767/766/764 768/767/765 728/727/725
f 768/767/765 769/768/766 729/728/726
f 769/768/766 770/769/767 730/729/727
f 770/769/767 771/771/768 731/730/728
f 772/770/769 732/731/729 731/730/728
f 772/770/769 773/773/770 733/733/730
f 774/772/771 734/732/731 733/733/730
f 775/774/772 735/734/732 734/732/731
f 775/774/772 776/775/773 736/735/733
f 776/775/773 777/776/774 737/737/734
f 777/776/774 778/778/775 738/736/735
f 779/777/776 739/738/736 738/736/735
f 779/777/776 780/779/777 740/740/737
f 780/779/777 781/781/778 741/739/738
f 782/780/779 742/742/739 741/739/738
f 783/782/780 743/741/740 742/742/739
f 783/782/780 784/784/781 744/743/741
f 785/783/782 745/745/742 744/743/741
f 785/783/782 786/786/783 746/744/743
f 787/785/784 747/746/744 746/744/743
f 787/785/784 788/788/785 748/747/745
f 789/787/786 749/749/746 748/747/745
f 789/787/786 790/789/787 750/748/747
f 790/789/787 791/790/788 751/751/748
f 791/790/788 792/792/789 752/750/749
f 793/791/790 753/752/750 752/750/749
f 794/793/791 754/753/751 753/752/750
f 794/793/791 795/794/792 755/754/752
f 795/794/792 796/796/793 756/756/753
f 797/795/794 757/755/754 756/756/753
f 798/797/795 758/757/755 757/755/754
f 799/798/796 759/758/756 758/757/755
f 799/798/796 800/839/797 760/799/757
f 802/800/799 762/760/759 761/761/758
f 803/802/800 763/762/760 762/760/759
f 803/802/800 804/803/801 764/764/761
f 804/803/801 805/805/802 765/763/762
f 806/804/803 766/765/763 765/763/762
f 807/806/804 767/766/764 766/765/763
f 808/807/805 768/767/765 767/766/764
f 808/807/805 809/808/806 769/768/766
f 809/808/806 810/810/807 770/769/767
f 811/809/808 771/771/768 770/769/767
f 812/811/809 772/770/769 771/771/768
f 813/812/810 773/773/770 772/770/769
f 814/813/811 774/772/771 773/773/770
f 815/814/812 775/774/772 774/772/771
f 816/815/813 776/775/773 775/774/772
f 816/815/813 817/817/814 777/776/774
f 818/816/815 778/778/775 777/776/774
f 818/816/815 819/819/816 779/777/776
f 820/818/817 780/779/777 779/777/776
f 821/820/818 781/781/778 780/779/777
f 821/820/818 822/822/819 782/780/779
f 823/821/820 783/782/780 782/780/779
f 823/821/820 824/824/821 784/784/781
f 825/823/822 785/783/782 784/784/781
f 826/825/823 786/786/783 785/783/782
f 827/826/824 787/785/784 786/786/783
f 827/826/824 828/827/825 788/788/785
f 828/827/825 829/828/826 789/787/786
f 829/828/826 830/830/827 790/789/787
f 831/829/828 791/790/788 790/789/787
f 832/831/829 792/792/789 791/790/788
f 833/832/830 793/791/790 792/792/789
f 834/833/831 794/793/791 793/791/790
f 834/833/831 835/834/832 795/794/792
f 835/834/832 836/835/833 796/796/793
f 836/835/833 837/837/834 797/795/794
f 838/836/835 798/797/795 797/795/794
f 839/838/836 799/798/796 798/797/795
f 839/838/836 840/879/837 800/839/797
f 842/840/839 802/800/799 801/801/798
f 843/842/840 803/802/800 802/800/799
f 843/842/840 844/843/841 804/803/801
f 844/843/841 845/844/842 805/805/802
f 845/844/842 846/846/843 806/804/803
f 847/845/844 807/806/804 806/804/803
f 848/847/845 808/807/805 807/806/804
f 848/847/845 849/848/846 809/808/806
f 849/848/846 850/849/847 810/810/807
f 850/849/847 851/851/848 811/809/808
f 852/850/849 812/811/809 811/809/808
f 853/852/850 813/812/810 812/811/809
f 854/853/851 814/813/811 813/812/810
f 854/853/851 855/854/852 815/814/812
f 855/854/852 856/856/853 816/815/813
f 857/855/854 817/817/814 816/815/813
f 857/855/854 858/858/855 818/816/815
f 859/857/856 819/819/816 818/816/815
f 859/857/856 860/860/857 820/818/817
f 861/859/858 821/820/818 820/818/817
f 861/859/858 862/861/859 822/822/819
f 862/861/859 863/863/860 823/821/820
f 864/862/861 824/824/821 823/821/820
f 864/862/861 865/864/862 825/823/822
f 865/864/862 866/866/863 826/825/823
f 867/865/864 827/826/824 826/825/823
f 868/867/865 828/827/825 827/826/824
f 869/868/866 829/828/826 828/827/825
f 869/868/866 870/870/867 830/830/827
f 871/869/868 831/829/828 830/830/827
f 871/869/868 872/871/869 832/831/829
f 872/871/869 873/872/870 833/832/830
f 873/872/870 874/873/871 834/833/831
f 874/873/871 875/874/872 835/834/832
f 875/874/872 876/876/873 836/835/833
f 877/875/874 837/837/834 836/835/833
f 878/877/875 838/836/835 837/837/834
f 879/878/876 839/838/836 838/836/835
f 879/878/876 880/919/877 840/879/837
f 882/880/879 842/840/839 841/841/838
f 883/882/880 843/842/840 842/840/839
f 883/882/880 884/883/881 844/843/841
f 884/883/881 885/884/882 845/844/842
f 885/884/882 886/885/883 846/846/843
f 886/885/883 887/886/884 847/845/844
f 887/886/884 888/888/885 848/847/845
f 889/887/886 849/848/846 848/847/845
f 890/889/887 850/849/847 849/848/846
f 891/890/888 851/851/848 850/849/847
f 891/890/888 892/892/889 852/850/849
f 893/891/890 853/852/850 852/850/849
f 893/891/890 894/893/891 854/853/851
f 894/893/891 895/894/892 855/854/852
f 895/894/892 896/896/893 856/856/853
f 897/895/894 857/855/854 856/856/853
f 898/897/895 858/858/855 857/855/854
f 898/897/895 899/899/896 859/857/856
f 900/898/897 860/860/857 859/857/856
f 901/900/898 861/859/858 860/860/857
f 901/900/898 902/902/899 862/861/859
f 903/901/900 863/863/860 862/861/859
f 903/901/900 904/904/901 864/862/861
f 905/903/902 865/864/862 864/862/861
f 905/903/902 906/905/903 866/866/863
f 906/905/903 907/906/904 867/865/864
f 907/906/904 908/908/905 868/867/865
f 909/907/906 869/868/866 868/867/865
f 909/907/906 910/909/907 870/870/867
f 910/909/907 911/911/908 871/869/868
f 912/910/909 872/871/869 871/869/868
f 913/912/910 873/872/870 872/871/869
f 913/912/910 914/913/911 874/873/871
f 914/913/911 915/914/912 875/874/872
f 915/914/912 916/916/913 876/876/873
f 917/915/914 877/875/874 876/876/873
f 918/917/915 878/877/875 877/875/874
f 919/918/916 879/878/876 878/877/875
f 919/918/916 920/5112/917 880/919/877
f 922/920/919 882/880/879 881/881/878
f 923/922/920 883/882/880 882/880/879
f 923/922/920 924/923/921 884/883/881
f 924/923/921 925/924/922 885/884/882
f 925/924/922 926/925/923 886/885/883
f 926/925/923 927/927/924 887/886/884
f 928/926/925 888/888/885 887/886/884
f 928/926/925 929/928/926 889/887/886
f 929/928/926 930/929/927 890/889/887
f 930/929/927 931/931/928 891/890/888
f 932/930/929 892/892/889 891/890/888
f 932/930/929 933/932/930 893/891/890
f 933/932/930 934/933/931 894/893/891
f 934/933/931 935/935/932 895/894/892
f 936/934/933 896/896/893 895/894/892
f 936/934/933 937/936/934 897/895/894
f 937/936/934 938/938/935 898/897/895
f 939/937/936 899/899/896 898/897/895
f 940/939/937 900/898/897 899/899/896
f 941/940/938 901/900/898 900/898/897
f 942/941/939 902/902/899 901/900/898
f 942/941/939 943/943/940 903/901/900
f 944/942/941 904/904/901 903/901/900
f 944/942/941 945/945/942 905/903/902
f 946/944/943 906/905/903 905/903/902
f 947/946/944 907/906/904 906/905/903
f 948/947/945 908/908/905 907/906/904
f 948/947/945 949/948/946 909/907/906
f 949/948/946 950/950/947 910/909/907
f 951/949/948 911/911/908 910/909/907
f 952/951/949 912/910/909 911/911/908
f 953/952/950 913/912/910 912/910/909
f 953/952/950 954/953/951 914/913/911
f 954/953/951 955/954/952 915/914/912
f 955/954/952 956/955/953 916/916/913
f 956/955/953 957/956/954 917/915/914
f 957/956/954 958/957/955 918/917/915
f 958/957/955 959/959/956 919/918/916
f 960/958/957 920/5112/917 919/918/916
f 962/960/959 922/920/919 921/921/918
f 963/962/960 923/922/920 922/920/919
f 964/963/961 924/923/921 923/922/920
f 964/963/961 965/964/962 925/924/922
f 965/964/962 966/965/963 926/925/923
f 966/965/963 967/966/964 927/927/924
f 967/966/964 968/968/965 928/926/925
f 969/967/966 929/928/926 928/926/925
f 969/967/966 970/969/967 930/929/927
f 970/969/967 971/971/968 931/931/928
f 972/970/969 932/930/929 931/931/928
f 972/970/969 973/973/970 933/932/930
f 974/972/971 934/933/931 933/932/930
f 975/974/972 935/935/932 934/933/931
f 975/974/972 976/976/973 936/934/933
f 977/975/974 937/936/934 936/934/933
f 977/975/974 978/978/975 938/938/935
f 979/977/976 939/937/936 938/938/935
f 979/977/976 980/980/977 940/939/937
f 981/979/978 941/940/938 940/939/937
f 981/979/978 982/982/979 942/941/939
f 983/981/980 943/943/940 942/941/939
f 983/981/980 984/984/981 944/942/941
f 985/983/982 945/945/942 944/942/941
f 985/983/982 986/985/983 946/944/943
f 986/985/983 987/987/984 947/946/944
f 988/986/426 948/947/945 947/946/944
f 988/986/426 989/989/985 949/948/946
f 990/988/986 950/950/947 949/948/946
f 990/988/986 991/991/987 951/949/948
f 992/990/988 952/951/949 951/949/948
f 993/992/989 953/952/950 952/951/949
f 993/992/989 994/993/990 954/953/951
f 994/993/990 995/995/991 955/954/952
f 996/994/992 956/955/953 955/954/952
f 996/994/992 997/996/993 957/956/954
f 997/996/993 998/997/994 958/957/955
f 998/997/994 999/999/995 959/959/956
f 1000/998/996 960/958/957 959/959/956
f 1002/1000/998 962/960/959 961/961/958
f 1003/1002/999 963/962/960 962/960/959
f 1004/1003/1000 964/963/961 963/962/960
f 1004/1003/1000 1005/1004/1001 965/964/962
f 1005/1004/1001 1006/1005/1002 966/965/963
f 1006/1005/1002 1007/1006/1003 967/966/964
f 1007/1006/1003 1008/1007/1004 968/968/965
f 1008/1007/1004 1009/1008/1005 969/967/966
f 1009/1008/1005 1010/1009/1006 970/969/967
f 1010/1009/1006 1011/1011/1007 971/971/968
f 1012/1010/1008 972/970/969 971/971/968
f 1013/1012/1009 973/973/970 972/970/969
f 1013/1012/1009 1014/1013/1010 974/972/971
f 1014/1013/1010 1015/1015/1011 975/974/972
f 1016/1014/1012 976/976/973 975/974/972
f 1017/1016/1013 977/975/974 976/976/973
f 1018/1017/1014 978/978/975 977/975/974
f 1019/1018/1015 979/977/976 978/978/975
f 1020/1019/1016 980/980/977 979/977/976
f 1021/1020/1017 981/979/978 980/980/977
f 1022/1021/1018 982/982/979 981/979/978
f 1023/1022/1019 983/981/980 982/982/979
f 1024/1023/1020 984/984/981 983/981/980
f 1024/1023/1020 1025/1024/1021 985/983/982
f 1025/1024/1021 1026/1026/1022 986/985/983
f 1027/1025/1023 987/987/984 986/985/983
f 1027/1025/1023 1028/1028/1024 988/986/426
f 1029/1027/1025 989/989/985 988/986/426
f 1030/1029/1026 990/988/986 989/989/985
f 1031/1030/1027 991/991/987 990/988/986
f 1031/1030/1027 1032/1031/1028 992/990/988
f 1032/1031/1028 1033/1032/1029 993/992/989
f 1033/1032/1029 1034/1033/1030 994/993/990
f 1034/1033/1030 1035/1035/1031 995/995/991
f 1036/1034/1032 996/994/992 995/995/991
f 1036/1034/1032 1037/1036/1033 997/996/993
f 1037/1036/1033 1038/1037/1034 998/997/994
f 1038/1037/1034 1039/1039/1035 999/999/995
f 1040/1038/1036 1000/998/996 999/999/995
f 1041/1040/1037 1042/1042/1038 1002/1000/998
f 1043/1041/1039 1003/1002/999 1002/1000/998
f 1043/1041/1039 1044/1043/1040 1004/1003/1000
f 1044/1043/1040 1045/1044/1041 1005/1004/1001
f 1045/1044/1041 1046/1045/1042 1006/1005/1002
f 1046/1045/1042 1047/1046/1043 1007/1006/1003
f 1047/1046/1043 1048/1047/1044 1008/1007/1004
f 1048/1047/1044 1049/1049/1045 1009/1008/1005
f 1050/1048/1046 1010/1009/1006 1009/1008/1005
f 1051/1050/1047 1011/1011/1007 1010/1009/1006
f 1051/1050/1047 1052/1052/1048 1012/1010/1008
f 1053/1051/1049 1013/1012/1009 1012/1010/1008
f 1054/1053/1050 1014/1013/1010 1013/1012/1009
f 1054/1053/1050 1055/1055/1051 1015/1015/1011
f 1056/1054/1052 1016/1014/1012 1015/1015/1011
f 1056/1054/1052 1057/1056/1053 1017/1016/1013
f 1057/1056/1053 1058/1057/1054 1018/1017/1014
f 1058/1057/1054 1059/1059/1055 1019/1018/1015
f 1060/1058/1056 1020/1019/1016 1019/1018/1015
f 1060/1058/1056 1061/1060/1057 1021/1020/1017
f 1061/1060/1057 1062/1062/1058 1022/1021/1018
f 1063/1061/1059 1023/1022/1019 1022/1021/1018
f 1063/1061/1059 1064/1064/1060 1024/1023/1020
f 1065/1063/1061 1025/1024/1021 1024/1023/1020
f 1066/1065/1062 1026/1026/1022 1025/1024/1021
f 1066/1065/1062 1067/1066/1063 1027/1025/1023
f 1067/1066/1063 1068/1067/1064 1028/1028/1024
f 1068/1067/1064 1069/1068/1065 1029/1027/1025
f 1069/1068/1065 1070/1070/1066 1030/1029/1026
f 1071/1069/1067 1031/1030/1027 1030/1029/1026
f 1072/1071/1068 1032/1031/1028 1031/1030/1027
f 1072/1071/1068 1073/1072/1069 1033/1032/1029
f 1073/1072/1069 1074/1073/1070 1034/1033/1030
f 1074/1073/1070 1075/1074/1071 1035/1035/1031
f 1075/1074/1071 1076/1075/1072 1036/1034/1032
f 1076/1075/1072 1077/1076/1073 1037/1036/1033
f 1077/1076/1073 1078/1077/1074 1038/1037/1034
f 1078/1077/1074 1079/1079/1075 1039/1039/1035
f 1080/1078/1076 1040/1038/1036 1039/1039/1035
f 1082/1080/1078 1042/1042/1038 1041/1040/1037
f 1083/1082/1079 1043/1041/1039 1042/1042/1038
f 1083/1082/1079 1084/1083/1080 1044/1043/1040
f 1084/1083/1080 1085/1084/1081 1045/1044/1041
f 1085/1084/1081 1086/1085/1082 1046/1045/1042
f 1086/1085/1082 1087/1086/1083 1047/1046/1043
f 1087/1086/1083 1088/1087/1084 1048/1047/1044
f 1088/1087/1084 1089/1088/1085 1049/1049/1045
f 1089/1088/1085 1090/1089/1086 1050/1048/1046
f 1090/1089/1086 1091/1091/1087 1051/1050/1047
f 1092/1090/1088 1052/1052/1048 1051/1050/1047
f 1092/1090/1088 1093/1092/1089 1053/1051/1049
f 1093/1092/1089 1094/1093/1090 1054/1053/1050
f 1094/1093/1090 1095/1095/1091 1055/1055/1051
f 1096/1094/1092 1056/1054/1052 1055/1055/1051
f 1096/1094/1092 1097/1096/1093 1057/1056/1053
f 1097/1096/1093 1098/1098/1094 1058/1057/1054
f 1099/1097/1095 1059/1059/1055 1058/1057/1054
f 1100/1099/1096 1060/1058/1056 1059/1059/1055
f 1101/1100/1097 1061/1060/1057 1060/1058/1056
f 1101/1100/1097 1102/1102/1098 1062/1062/1058
f 1103/1101/1099 1063/1061/1059 1062/1062/1058
f 1103/1101/1099 1104/1103/1100 1064/1064/1060
f 1104/1103/1100 1105/1105/1101 1065/1063/1061
f 1106/1104/1102 1066/1065/1062 1065/1063/1061
f 1106/1104/1102 1107/1106/1103 1067/1066/1063
f 1107/1106/1103 1108/1107/1104 1068/1067/1064
f 1108/1107/1104 1109/1109/1105 1069/1068/1065
f 1110/1108/1106 1070/1070/1066 1069/1068/1065
f 1111/1110/1107 1071/1069/1067 1070/1070/1066
f 1112/1111/1108 1072/1071/1068 1071/1069/1067
f 1112/1111/1108 1113/1112/1109 1073/1072/1069
f 1113/1112/1109 1114/1113/1110 1074/1073/1070
f 1114/1113/1110 1115/1114/1111 1075/1074/1071
f 1115/1114/1111 1116/1115/1112 1076/1075/1072
f 1116/1115/1112 1117/1116/1113 1077/1076/1073
f 1117/1116/1113 1118/1117/1114 1078/1077/1074
f 1118/1117/1114 1119/1119/1115 1079/1079/1075
f 1120/1118/1116 1080/1078/1076 1079/1079/1075
f 1122/1120/1118 1082/1080/1078 1081/1081/1077
f 1122/1120/1118 1123/1122/1119 1083/1082/1079
f 1123/1122/1119 1124/1123/1120 1084/1083/1080
f 1124/1123/1120 1125/1124/1121 1085/1084/1081
f 1125/1124/1121 1126/1125/1122 1086/1085/1082
f 1126/1125/1122 1127/1126/1123 1087/1086/1083
f 1127/1126/1123 1128/1127/1124 1088/1087/1084
f 1128/1127/1124 1129/1129/1125 1089/1088/1085
f 1130/1128/1126 1090/1089/1086 1089/1088/1085
f 1131/1130/1127 1091/1091/1087 1090/1089/1086
f 1131/1130/1127 1132/1132/1128 1092/1090/1088
f 1133/1131/1129 1093/1092/1089 1092/1090/1088
f 1134/1133/1130 1094/1093/1090 1093/1092/1089
f 1135/1134/1131 1095/1095/1091 1094/1093/1090
f 1135/1134/1131 1136/1136/1132 1096/1094/1092
f 1137/1135/1133 1097/1096/1093 1096/1094/1092
f 1138/1137/1134 1098/1098/1094 1097/1096/1093
f 1138/1137/1134 1139/1138/1135 1099/1097/1095
f 1139/1138/1135 1140/1140/1136 1100/1099/1096
f 1141/1139/1137 1101/1100/1097 1100/1099/1096
f 1142/1141/1138 1102/1102/1098 1101/1100/1097
f 1142/1141/1138 1143/1142/1139 1103/1101/1099
f 1143/1142/1139 1144/1143/1140 1104/1103/1100
f 1144/1143/1140 1145/1144/1141 1105/1105/1101
f 1145/1144/1141 1146/1146/1142 1106/1104/1102
f 1147/1145/1143 1107/1106/1103 1106/1104/1102
f 1147/1145/1143 1148/1148/1144 1108/1107/1104
f 1149/1147/1145 1109/1109/1105 1108/1107/1104
f 1149/1147/1145 1150/1150/1146 1110/1108/1106
f 1151/1149/1147 1111/1110/1107 1110/1108/1106
f 1151/1149/1147 1152/1151/1148 1112/1111/1108
f 1152/1151/1148 1153/1152/1149 1113/1112/1109
f 1153/1152/1149 1154/1153/1150 1114/1113/1110
f 1154/1153/1150 1155/1154/1151 1115/1114/1111
f 1155/1154/1151 1156/1155/1152 1116/1115/1112
f 1156/1155/1152 1157/1156/1153 1117/1116/1113
f 1157/1156/1153 1158/1157/1154 1118/1117/1114
f 1158/1157/1154 1159/1159/1155 1119/1119/1115
f 1160/1158/1156 1120/1118/1116 1119/1119/1115
f 1162/1160/1158 1122/1120/1118 1121/1121/1117
f 1163/1162/1159 1123/1122/1119 1122/1120/1118
f 1163/1162/1159 1164/1163/1160 1124/1123/1120
f 1164/1163/1160 1165/1164/1161 1125/1124/1121
f 1165/1164/1161 1166/1165/1162 1126/1125/1122
f 1166/1165/1162 1167/1166/1163 1127/1126/1123
f 1167/1166/1163 1168/1167/1164 1128/1127/1124
f 1168/1167/1164 1169/1168/1165 1129/1129/1125
f 1169/1168/1165 1170/1170/1166 1130/1128/1126
f 1171/1169/1167 1131/1130/1127 1130/1128/1126
f 1171/1169/1167 1172/1172/1087 1132/1132/1128
f 1173/1171/1168 1133/1131/1129 1132/1132/1128
f 1174/1173/1169 1134/1133/1130 1133/1131/1129
f 1174/1173/1169 1175/1174/1170 1135/1134/1131
f 1175/1174/1170 1176/1175/1171 1136/1136/1132
f 1176/1175/1171 1177/1177/1172 1137/1135/1133
f 1178/1176/1173 1138/1137/1134 1137/1135/1133
f 1178/1176/1173 1179/1179/1174 1139/1138/1135
f 1180/1178/1175 1140/1140/1136 1139/1138/1135
f 1180/1178/1175 1181/1180/1176 1141/1139/1137
f 1181/1180/1176 1182/1182/1177 1142/1141/1138
f 1183/1181/1178 1143/1142/1139 1142/1141/1138
f 1184/1183/1179 1144/1143/1140 1143/1142/1139
f 1185/1184/1180 1145/1144/1141 1144/1143/1140
f 1185/1184/1180 1186/1186/1181 1146/1146/1142
f 1187/1185/1182 1147/1145/1143 1146/1146/1142
f 1187/1185/1182 1188/1188/1183 1148/1148/1144
f 1189/1187/1184 1149/1147/1145 1148/1148/1144
f 1190/1189/1185 1150/1150/1146 1149/1147/1145
f 1190/1189/1185 1191/1191/1186 1151/1149/1147
f 1192/1190/1187 1152/1151/1148 1151/1149/1147
f 1192/1190/1187 1193/1193/1188 1153/1152/1149
f 1194/1192/1189 1154/1153/1150 1153/1152/1149
f 1195/1194/1190 1155/1154/1151 1154/1153/1150
f 1195/1194/1190 1196/1195/1191 1156/1155/1152
f 1196/1195/1191 1197/1196/1192 1157/1156/1153
f 1197/1196/1192 1198/1197/1193 1158/1157/1154
f 1198/1197/1193 1199/1199/1194 1159/1159/1155
f 1200/1198/1195 1160/1158/1156 1159/1159/1155
f 1202/1200/1197 1162/1160/1158 1161/1161/1157
f 1202/1200/1197 1203/1202/1198 1163/1162/1159
f 1203/1202/1198 1204/1203/1199 1164/1163/1160
f 1204/1203/1199 1205/1204/1200 1165/1164/1161
f 1205/1204/1200 1206/1205/1201 1166/1165/1162
f 1206/1205/1201 1207/1206/1202 1167/1166/1163
f 1207/1206/1202 1208/1208/1203 1168/1167/1164
f 1209/1207/1204 1169/1168/1165 1168/1167/1164
f 1210/1209/1205 1170/1170/1166 1169/1168/1165
f 1211/1210/1206 1171/1169/1167 1170/1170/1166
f 1212/1211/1207 1172/1172/1087 1171/1169/1167
f 1212/1211/1207 1213/1212/1208 1173/1171/1168
f 1213/1212/1208 1214/1214/1209 1174/1173/1169
f 1215/1213/1210 1175/1174/1170 1174/1173/1169
f 1216/1215/1211 1176/1175/1171 1175/1174/1170
f 1217/1216/1212 1177/1177/1172 1176/1175/1171
f 1218/1217/1213 1178/1176/1173 1177/1177/1172
f 1219/1218/1214 1179/1179/1174 1178/1176/1173
f 1220/1219/1215 1180/1178/1175 1179/1179/1174
f 1221/1220/1216 1181/1180/1176 1180/1178/1175
f 1222/1221/1217 1182/1182/1177 1181/1180/1176
f 1222/1221/1217 1223/1223/1218 1183/1181/1178
f 1224/1222/1219 1184/1183/1179 1183/1181/1178
f 1225/1224/1220 1185/1184/1180 1184/1183/1179
f 1226/1225/1221 1186/1186/1181 1185/1184/1180
f 1226/1225/1221 1227/1227/1222 1187/1185/1182
f 1228/1226/1223 1188/1188/1183 1187/1185/1182
f 1228/1226/1223 1229/1229/1224 1189/1187/1184
f 1230/1228/1225 1190/1189/1185 1189/1187/1184
f 1230/1228/1225 1231/1230/1226 1191/1191/1186
f 1231/1230/1226 1232/1231/1227 1192/1190/1187
f 1232/1231/1227 1233/1232/1228 1193/1193/1188
f 1233/1232/1228 1234/1233/1229 1194/1192/1189
f 1234/1233/1229 1235/1234/1230 1195/1194/1190
f 1235/1234/1230 1236/1235/1231 1196/1195/1191
f 1236/1235/1231 1237/1236/1232 1197/1196/1192
f 1237/1236/1232 1238/1238/1233 1198/1197/1193
f 1239/1237/1234 1199/1199/1194 1198/1197/1193
f 1239/1237/1234 1240/1278/1235 1200/1198/1195
f 1242/1239/1237 1202/1200/1197 1201/1201/1196
f 1242/1239/1237 1243/1241/1238 1203/1202/1198
f 1243/1241/1238 1244/1242/1239 1204/1203/1199
f 1244/1242/1239 1245/1243/1240 1205/1204/1200
f 1245/1243/1240 1246/1245/1241 1206/1205/1201
f 1247/1244/1242 1207/1206/1202 1206/1205/1201
f 1248/1246/1243 1208/1208/1203 1207/1206/1202
f 1248/1246/1243 1249/1247/1244 1209/1207/1204
f 1249/1247/1244 1250/1248/1245 1210/1209/1205
f 1250/1248/1245 1251/1250/1246 1211/1210/1206
f 1252/1249/1247 1212/1211/1207 1211/1210/1206
f 1252/1249/1247 1253/1251/1248 1213/1212/1208
f 1253/1251/1248 1254/1253/1249 1214/1214/1209
f 1255/1252/1250 1215/1213/1210 1214/1214/1209
f 1256/1254/1251 1216/1215/1211 1215/1213/1210
f 1256/1254/1251 1257/1255/1252 1217/1216/1212
f 1257/1255/1252 1258/1256/1253 1218/1217/1213
f 1258/1256/1253 1259/1258/1254 1219/1218/1214
f 1260/1257/1255 1220/1219/1215 1219/1218/1214
f 1260/1257/1255 1261/1260/1256 1221/1220/1216
f 1262/1259/1257 1222/1221/1217 1221/1220/1216
f 1263/1261/1258 1223/1223/1218 1222/1221/1217
f 1263/1261/1258 1264/1263/1259 1224/1222/1219
f 1265/1262/1260 1225/1224/1220 1224/1222/1219
f 1265/1262/1260 1266/1265/1261 1226/1225/1221
f 1267/1264/1262 1227/1227/1222 1226/1225/1221
f 1268/1266/1263 1228/1226/1223 1227/1227/1222
f 1268/1266/1263 1269/1267/1264 1229/1229/1224
f 1269/1267/1264 1270/1268/1265 1230/1228/1225
f 1270/1268/1265 1271/1270/1266 1231/1230/1226
f 1272/1269/1267 1232/1231/1227 1231/1230/1226
f 1272/1269/1267 1273/1271/1268 1233/1232/1228
f 1273/1271/1268 1274/1272/1269 1234/1233/1229
f 1274/1272/1269 1275/1273/1270 1235/1234/1230
f 1275/1273/1270 1276/1274/1271 1236/1235/1231
f 1276/1274/1271 1277/1276/1272 1237/1236/1232
f 1278/1275/1273 1238/1238/1233 1237/1236/1232
f 1278/1275/1273 1279/1277/1274 1239/1237/1234
f 1279/1277/1274 1280/1318/1275 1240/1278/1235
f 1281/1279/1276 1282/1280/1277 1242/1239/1237
f 1282/1280/1277 1283/1281/1278 1243/1241/1238
f 1283/1281/1278 1284/1282/1279 1244/1242/1239
f 1284/1282/1279 1285/1283/1280 1245/1243/1240
f 1285/1283/1280 1286/1284/1281 1246/1245/1241
f 1286/1284/1281 1287/1285/1282 1247/1244/1242
f 1287/1285/1282 1288/1287/1283 1248/1246/1243
f 1289/1286/1284 1249/1247/1244 1248/1246/1243
f 1290/1288/1285 1250/1248/1245 1249/1247/1244
f 1290/1288/1285 1291/1289/1286 1251/1250/1246
f 1291/1289/1286 1292/1291/1287 1252/1249/1247
f 1293/1290/1288 1253/1251/1248 1252/1249/1247
f 1293/1290/1288 1294/1293/1289 1254/1253/1249
f 1295/1292/1290 1255/1252/1250 1254/1253/1249
f 1295/1292/1290 1296/1294/1291 1256/1254/1251
f 1296/1294/1291 1297/1295/1292 1257/1255/1252
f 1297/1295/1292 1298/1297/1293 1258/1256/1253
f 1299/1296/1294 1259/1258/1254 1258/1256/1253
f 1299/1296/1294 1300/1299/1295 1260/1257/1255
f 1301/1298/1296 1261/1260/1256 1260/1257/1255
f 1302/1300/1297 1262/1259/1257 1261/1260/1256
f 1302/1300/1297 1303/1301/1298 1263/1261/1258
f 1303/1301/1298 1304/1303/1299 1264/1263/1259
f 1305/1302/1300 1265/1262/1260 1264/1263/1259
f 1305/1302/1300 1306/1304/1301 1266/1265/1261
f 1306/1304/1301 1307/1306/1302 1267/1264/1262
f 1308/1305/1303 1268/1266/1263 1267/1264/1262
f 1308/1305/1303 1309/1308/1304 1269/1267/1264
f 1310/1307/1305 1270/1268/1265 1269/1267/1264
f 1311/1309/1306 1271/1270/1266 1270/1268/1265
f 1312/1310/1307 1272/1269/1267 1271/1270/1266
f 1312/1310/1307 1313/1311/1308 1273/1271/1268
f 1313/1311/1308 1314/1312/1309 1274/1272/1269
f 1314/1312/1309 1315/1313/1310 1275/1273/1270
f 1315/1313/1310 1316/1314/1311 1276/1274/1271
f 1316/1314/1311 1317/1316/1312 1277/1276/1272
f 1318/1315/1313 1278/1275/1273 1277/1276/1272
f 1318/1315/1313 1319/1317/1314 1279/1277/1274
f 1319/1317/1314 1320/1358/1315 1280/1318/1275
f 1321/1319/1316 1322/1320/1317 1282/1280/1277
f 1322/1320/1317 1323/1321/1318 1283/1281/1278
f 1323/1321/1318 1324/1322/1319 1284/1282/1279
f 1324/1322/1319 1325/1323/1320 1285/1283/1280
f 1325/1323/1320 1326/1325/1321 1286/1284/1281
f 1327/1324/1322 1287/1285/1282 1286/1284/1281
f 1328/1326/1323 1288/1287/1283 1287/1285/1282
f 1329/1327/1324 1289/1286/1284 1288/1287/1283
f 1329/1327/1324 1330/1328/1325 1290/1288/1285
f 1330/1328/1325 1331/1330/1326 1291/1289/1286
f 1332/1329/1327 1292/1291/1287 1291/1289/1286
f 1333/1331/1328 1293/1290/1288 1292/1291/1287
f 1333/1331/1328 1334/1332/1329 1294/1293/1289
f 1334/1332/1329 1335/1334/1330 1295/1292/1290
f 1336/1333/1331 1296/1294/1291 1295/1292/1290
f 1336/1333/1331 1337/1336/1332 1297/1295/1292
f 1338/1335/1333 1298/1297/1293 1297/1295/1292
f 1338/1335/1333 1339/1338/1334 1299/1296/1294
f 1340/1337/1335 1300/1299/1295 1299/1296/1294
f 1340/1337/1335 1341/1339/1336 1301/1298/1296
f 1341/1339/1336 1342/1341/1337 1302/1300/1297
f 1343/1340/1338 1303/1301/1298 1302/1300/1297
f 1343/1340/1338 1344/1343/1339 1304/1303/1299
f 1345/1342/1340 1305/1302/1300 1304/1303/1299
f 1346/1344/1341 1306/1304/1301 1305/1302/1300
f 1346/1344/1341 1347/1345/1342 1307/1306/1302
f 1347/1345/1342 1348/1347/1343 1308/1305/1303
f 1349/1346/1344 1309/1308/1304 1308/1305/1303
f 1349/1346/1344 1350/1349/1345 1310/1307/1305
f 1351/1348/1346 1311/1309/1306 1310/1307/1305
f 1351/1348/1346 1352/1350/1347 1312/1310/1307
f 1352/1350/1347 1353/1352/1348 1313/1311/1308
f 1354/1351/1349 1314/1312/1309 1313/1311/1308
f 1354/1351/1349 1355/1353/1350 1315/1313/1310
f 1355/1353/1350 1356/1355/1351 1316/1314/1311
f 1357/1354/1352 1317/1316/1312 1316/1314/1311
f 1357/1354/1352 1358/1356/1353 1318/1315/1313
f 1358/1356/1353 1359/1357/1354 1319/1317/1314
f 1359/1357/1354 1360/1398/1355 1320/1358/1315
f 1361/1359/1356 1362/1360/1357 1322/1320/1317
f 1362/1360/1357 1363/1361/1358 1323/1321/1318
f 1363/1361/1358 1364/1362/1359 1324/1322/1319
f 1364/1362/1359 1365/1363/1360 1325/1323/1320
f 1365/1363/1360 1366/1365/1361 1326/1325/1321
f 1367/1364/1362 1327/1324/1322 1326/1325/1321
f 1367/1364/1362 1368/1367/1363 1328/1326/1323
f 1369/1366/1364 1329/1327/1324 1328/1326/1323
f 1369/1366/1364 1370/1369/1365 1330/1328/1325
f 1371/1368/1366 1331/1330/1326 1330/1328/1325
f 1372/1370/1367 1332/1329/1327 1331/1330/1326
f 1372/1370/1367 1373/1371/1368 1333/1331/1328
f 1373/1371/1368 1374/1373/1369 1334/1332/1329
f 1375/1372/1370 1335/1334/1330 1334/1332/1329
f 1375/1372/1370 1376/1375/1371 1336/1333/1331
f 1377/1374/1372 1337/1336/1332 1336/1333/1331
f 1377/1374/1372 1378/1377/1373 1338/1335/1333
f 1379/1376/1374 1339/1338/1334 1338/1335/1333
f 1379/1376/1374 1380/1379/1375 1340/1337/1335
f 1381/1378/1376 1341/1339/1336 1340/1337/1335
f 1382/1380/1377 1342/1341/1337 1341/1339/1336
f 1382/1380/1377 1383/1381/1378 1343/1340/1338
f 1383/1381/1378 1384/1382/1379 1344/1343/1339
f 1384/1382/1379 1385/1384/1380 1345/1342/1340
f 1386/1383/1381 1346/1344/1341 1345/1342/1340
f 1386/1383/1381 1387/1386/1382 1347/1345/1342
f 1388/1385/1383 1348/1347/1343 1347/1345/1342
f 1388/1385/1383 1389/1388/1384 1349/1346/1344
f 1390/1387/1385 1350/1349/1345 1349/1346/1344
f 1391/1389/1386 1351/1348/1346 1350/1349/1345
f 1391/1389/1386 1392/1390/1387 1352/1350/1347
f 1392/1390/1387 1393/1391/1388 1353/1352/1348
f 1393/1391/1388 1394/1392/1389 1354/1351/1349
f 1394/1392/1389 1395/1394/1390 1355/1353/1350
f 1396/1393/1391 1356/1355/1351 1355/1353/1350
f 1397/1395/1392 1357/1354/1352 1356/1355/1351
f 1397/1395/1392 1398/1396/1393 1358/1356/1353
f 1398/1396/1393 1399/1397/1394 1359/1357/1354
f 1399/1397/1394 1400/1438/1395 1360/1398/1355
f 1401/1399/1396 1402/1400/1397 1362/1360/1357
f 1402/1400/1397 1403/1401/1398 1363/1361/1358
f 1403/1401/1398 1404/1402/1399 1364/1362/1359
f 1404/1402/1399 1405/1403/1400 1365/1363/1360
f 1405/1403/1400 1406/1404/1401 1366/1365/1361
f 1406/1404/1401 1407/1406/1402 1367/1364/1362
f 1408/1405/1403 1368/1367/1363 1367/1364/1362
f 1408/1405/1403 1409/1407/1404 1369/1366/1364
f 1409/1407/1404 1410/1408/1405 1370/1369/1365
f 1410/1408/1405 1411/1409/1406 1371/1368/1366
f 1411/1409/1406 1412/1411/1407 1372/1370/1367
f 1413/1410/1408 1373/1371/1368 1372/1370/1367
f 1414/1412/1409 1374/1373/1369 1373/1371/1368
f 1414/1412/1409 1415/1414/1410 1375/1372/1370
f 1416/1413/1411 1376/1375/1371 1375/1372/1370
f 1416/1413/1411 1417/1416/1412 1377/1374/1372
f 1418/1415/1413 1378/1377/1373 1377/1374/1372
f 1419/1417/1414 1379/1376/1374 1378/1377/1373
f 1419/1417/1414 1420/1419/1415 1380/1379/1375
f 1421/1418/1416 1381/1378/1376 1380/1379/1375
f 1422/1420/1417 1382/1380/1377 1381/1378/1376
f 1423/1421/1418 1383/1381/1378 1382/1380/1377
f 1424/1422/1419 1384/1382/1379 1383/1381/1378
f 1425/1423/1420 1385/1384/1380 1384/1382/1379
f 1425/1423/1420 1426/1425/1421 1386/1383/1381
f 1427/1424/1422 1387/1386/1382 1386/1383/1381
f 1427/1424/1422 1428/1426/1423 1388/1385/1383
f 1428/1426/1423 1429/1427/1424 1389/1388/1384
f 1429/1427/1424 1430/1429/1425 1390/1387/1385
f 1431/1428/1426 1391/1389/1386 1390/1387/1385
f 1431/1428/1426 1432/1430/1427 1392/1390/1387
f 1432/1430/1427 1433/1431/1428 1393/1391/1388
f 1433/1431/1428 1434/1432/1429 1394/1392/1389
f 1434/1432/1429 1435/1434/1430 1395/1394/1390
f 1436/1433/1431 1396/1393/1391 1395/1394/1390
f 1436/1433/1431 1437/1435/1432 1397/1395/1392
f 1437/1435/1432 1438/1436/1433 1398/1396/1393
f 1438/1436/1433 1439/1437/1434 1399/1397/1394
f 1439/1437/1434 1440/5113/1435 1400/1438/1395
f 1441/1439/1436 1442/1440/1437 1402/1400/1397
f 1442/1440/1437 1443/1442/1438 1403/1401/1398
f 1444/1441/1439 1404/1402/1399 1403/1401/1398
f 1444/1441/1439 1445/1443/1440 1405/1403/1400
f 1445/1443/1440 1446/1444/1441 1406/1404/1401
f 1446/1444/1441 1447/1446/1442 1407/1406/1402
f 1448/1445/1443 1408/1405/1403 1407/1406/1402
f 1448/1445/1443 1449/1448/1444 1409/1407/1404
f 1450/1447/1445 1410/1408/1405 1409/1407/1404
f 1451/1449/1446 1411/1409/1406 1410/1408/1405
f 1452/1450/1447 1412/1411/1407 1411/1409/1406
f 1453/1451/1448 1413/1410/1408 1412/1411/1407
f 1453/1451/1448 1454/1452/1449 1414/1412/1409
f 1454/1452/1449 1455/1453/1450 1415/1414/1410
f 1455/1453/1450 1456/1455/1451 1416/1413/1411
f 1457/1454/1452 1417/1416/1412 1416/1413/1411
f 1458/1456/1453 1418/1415/1413 1417/1416/1412
f 1459/1457/1454 1419/1417/1414 1418/1415/1413
f 1460/1458/1455 1420/1419/1415 1419/1417/1414
f 1461/1459/1456 1421/1418/1416 1420/1419/1415
f 1462/1460/1457 1422/1420/1417 1421/1418/1416
f 1463/1461/1458 1423/1421/1418 1422/1420/1417
f 1464/1462/1459 1424/1422/1419 1423/1421/1418
f 1465/1463/1460 1425/1423/1420 1424/1422/1419
f 1466/1464/1461 1426/1425/1421 1425/1423/1420
f 1466/1464/1461 1467/1466/1462 1427/1424/1422
f 1468/1465/1463 1428/1426/1423 1427/1424/1422
f 1469/1467/1464 1429/1427/1424 1428/1426/1423
f 1470/1468/1465 1430/1429/1425 1429/1427/1424
f 1470/1468/1465 1471/1469/1466 1431/1428/1426
f 1471/1469/1466 1472/1471/1467 1432/1430/1427
f 1473/1470/1468 1433/1431/1428 1432/1430/1427
f 1473/1470/1468 1474/1472/1469 1434/1432/1429
f 1474/1472/1469 1475/1474/1470 1435/1434/1430
f 1476/1473/1471 1436/1433/1431 1435/1434/1430
f 1476/1473/1471 1477/1475/1472 1437/1435/1432
f 1477/1475/1472 1478/1476/1473 1438/1436/1433
f 1478/1476/1473 1479/1478/1474 1439/1437/1434
f 1480/1477/1475 1440/5113/1435 1439/1437/1434
f 1481/1479/1476 1482/1480/1477 1442/1440/1437
f 1482/1480/1477 1483/1482/1478 1443/1442/1438
f 1484/1481/1479 1444/1441/1439 1443/1442/1438
f 1484/1481/1479 1485/1483/1480 1445/1443/1440
f 1485/1483/1480 1486/1484/1481 1446/1444/1441
f 1486/1484/1481 1487/1486/1482 1447/1446/1442
f 1488/1485/1483 1448/1445/1443 1447/1446/1442
f 1488/1485/1483 1489/1487/1484 1449/1448/1444
f 1489/1487/1484 1490/1488/1485 1450/1447/1445
f 1490/1488/1485 1491/1489/1486 1451/1449/1446
f 1491/1489/1486 1492/1491/1487 1452/1450/1447
f 1493/1490/1488 1453/1451/1448 1452/1450/1447
f 1493/1490/1488 1494/1493/1489 1454/1452/1449
f 1495/1492/1490 1455/1453/1450 1454/1452/1449
f 1496/1494/1491 1456/1455/1451 1455/1453/1450
f 1496/1494/1491 1497/1495/1492 1457/1454/1452
f 1497/1495/1492 1498/1496/1493 1458/1456/1453
f 1498/1496/1493 1499/1498/1494 1459/1457/1454
f 1500/1497/1495 1460/1458/1455 1459/1457/1454
f 1500/1497/1495 1501/1500/1496 1461/1459/1456
f 1502/1499/1497 1462/1460/1457 1461/1459/1456
f 1502/1499/1497 1503/1501/1498 1463/1461/1458
f 1503/1501/1498 1504/1503/1499 1464/1462/1459
f 1505/1502/1500 1465/1463/1460 1464/1462/1459
f 1506/1504/1501 1466/1464/1461 1465/1463/1460
f 1507/1505/1502 1467/1466/1462 1466/1464/1461
f 1508/1506/1503 1468/1465/1463 1467/1466/1462
f 1509/1507/1504 1469/1467/1464 1468/1465/1463
f 1510/1508/1505 1470/1468/1465 1469/1467/1464
f 1510/1508/1505 1511/1510/1506 1471/1469/1466
f 1512/1509/1507 1472/1471/1467 1471/1469/1466
f 1512/1509/1507 1513/1512/1508 1473/1470/1468
f 1514/1511/1509 1474/1472/1469 1473/1470/1468
f 1515/1513/1510 1475/1474/1470 1474/1472/1469
f 1515/1513/1510 1516/1514/1511 1476/1473/1471
f 1516/1514/1511 1517/1515/1512 1477/1475/1472
f 1517/1515/1512 1518/1516/1513 1478/1476/1473
f 1518/1516/1513 1519/1518/1514 1479/1478/1474
f 1520/1517/1515 1480/1477/1475 1479/1478/1474
f 1521/1519/1516 1522/1521/1517 1482/1480/1477
f 1523/1520/1518 1483/1482/1478 1482/1480/1477
f 1524/1522/1519 1484/1481/1479 1483/1482/1478
f 1524/1522/1519 1525/1523/1520 1485/1483/1480
f 1525/1523/1520 1526/1524/1521 1486/1484/1481
f 1526/1524/1521 1527/1526/1522 1487/1486/1482
f 1528/1525/1523 1488/1485/1483 1487/1486/1482
f 1529/1527/1524 1489/1487/1484 1488/1485/1483
f 1530/1528/1525 1490/1488/1485 1489/1487/1484
f 1530/1528/1525 1531/1529/1526 1491/1489/1486
f 1531/1529/1526 1532/1530/1527 1492/1491/1487
f 1532/1530/1527 1533/1532/1528 1493/1490/1488
f 1534/1531/1529 1494/1493/1489 1493/1490/1488
f 1534/1531/1529 1535/1534/1530 1495/1492/1490
f 1536/1533/1531 1496/1494/1491 1495/1492/1490
f 1536/1533/1531 1537/1535/1532 1497/1495/1492
f 1537/1535/1532 1538/1536/1533 1498/1496/1493
f 1538/1536/1533 1539/1537/1534 1499/1498/1494
f 1539/1537/1534 1540/1539/1535 1500/1497/1495
f 1541/1538/1536 1501/1500/1496 1500/1497/1495
f 1541/1538/1536 1542/1540/1537 1502/1499/1497
f 1542/1540/1537 1543/1542/1538 1503/1501/1498
f 1544/1541/1539 1504/1503/1499 1503/1501/1498
f 1544/1541/1539 1545/1543/1540 1505/1502/1500
f 1545/1543/1540 1546/1544/1541 1506/1504/1501
f 1546/1544/1541 1547/1546/1542 1507/1505/1502
f 1548/1545/1543 1508/1506/1503 1507/1505/1502
f 1549/1547/1544 1509/1507/1504 1508/1506/1503
f 1549/1547/1544 1550/1549/1545 1510/1508/1505
f 1551/1548/1546 1511/1510/1506 1510/1508/1505
f 1552/1550/1547 1512/1509/1507 1511/1510/1506
f 1553/1551/1548 1513/1512/1508 1512/1509/1507
f 1553/1551/1548 1554/1553/1549 1514/1511/1509
f 1555/1552/1550 1515/1513/1510 1514/1511/1509
f 1555/1552/1550 1556/1554/1551 1516/1514/1511
f 1556/1554/1551 1557/1555/1552 1517/1515/1512
f 1557/1555/1552 1558/1557/1553 1518/1516/1513
f 1559/1556/1554 1519/1518/1514 1518/1516/1513
f 1560/1558/1555 1520/1517/1515 1519/1518/1514
f 1561/1559/1556 1562/1561/1557 1522/1521/1517
f 1563/1560/1558 1523/1520/1518 1522/1521/1517
f 1564/1562/1559 1524/1522/1519 1523/1520/1518
f 1564/1562/1559 1565/1563/1560 1525/1523/1520
f 1565/1563/1560 1566/1564/1561 1526/1524/1521
f 1566/1564/1561 1567/1566/1562 1527/1526/1522
f 1568/1565/1563 1528/1525/1523 1527/1526/1522
f 1569/1567/1564 1529/1527/1524 1528/1525/1523
f 1569/1567/1564 1570/1569/1565 1530/1528/1525
f 1571/1568/1566 1531/1529/1526 1530/1528/1525
f 1571/1568/1566 1572/1571/1567 1532/1530/1527
f 1573/1570/1568 1533/1532/1528 1532/1530/1527
f 1573/1570/1568 1574/1573/1569 1534/1531/1529
f 1575/1572/1570 1535/1534/1530 1534/1531/1529
f 1575/1572/1570 1576/1575/1571 1536/1533/1531
f 1577/1574/1572 1537/1535/1532 1536/1533/1531
f 1578/1576/1573 1538/1536/1533 1537/1535/1532
f 1578/1576/1573 1579/1577/1574 1539/1537/1534
f 1579/1577/1574 1580/1579/1575 1540/1539/1535
f 1581/1578/1576 1541/1538/1536 1540/1539/1535
f 1582/1580/1577 1542/1540/1537 1541/1538/1536
f 1582/1580/1577 1583/1582/1578 1543/1542/1538
f 1584/1581/1579 1544/1541/1539 1543/1542/1538
f 1585/1583/1580 1545/1543/1540 1544/1541/1539
f 1586/1584/1581 1546/1544/1541 1545/1543/1540
f 1586/1584/1581 1587/1586/1582 1547/1546/1542
f 1588/1585/1583 1548/1545/1543 1547/1546/1542
f 1588/1585/1583 1589/1588/1584 1549/1547/1544
f 1590/1587/1585 1550/1549/1545 1549/1547/1544
f 1591/1589/1586 1551/1548/1546 1550/1549/1545
f 1592/1590/1587 1552/1550/1547 1551/1548/1546
f 1593/1591/1588 1553/1551/1548 1552/1550/1547
f 1594/1592/1589 1554/1553/1549 1553/1551/1548
f 1595/1593/1590 1555/1552/1550 1554/1553/1549
f 1595/1593/1590 1596/1594/1591 1556/1554/1551
f 1596/1594/1591 1597/1595/1592 1557/1555/1552
f 1597/1595/1592 1598/1597/1593 1558/1557/1553
f 1599/1596/1594 1559/1556/1554 1558/1557/1553
f 1600/1598/1595 1560/1558/1555 1559/1556/1554
f 1601/1599/1596 1602/1601/1597 1562/1561/1557
f 1603/1600/1598 1563/1560/1558 1562/1561/1557
f 1604/1602/1599 1564/1562/1559 1563/1560/1558
f 1604/1602/1599 1605/1603/1600 1565/1563/1560
f 1605/1603/1600 1606/1604/1601 1566/1564/1561
f 1606/1604/1601 1607/1606/1602 1567/1566/1562
f 1608/1605/1603 1568/1565/1563 1567/1566/1562
f 1609/1607/1604 1569/1567/1564 1568/1565/1563
f 1609/1607/1604 1610/1608/1605 1570/1569/1565
f 1610/1608/1605 1611/1609/1606 1571/1568/1566
f 1611/1609/1606 1612/1611/1607 1572/1571/1567
f 1613/1610/1608 1573/1570/1568 1572/1571/1567
f 1614/1612/1609 1574/1573/1569 1573/1570/1568
f 1614/1612/1609 1615/1613/1610 1575/1572/1570
f 1615/1613/1610 1616/1614/1611 1576/1575/1571
f 1616/1614/1611 1617/1615/1612 1577/1574/1572
f 1617/1615/1612 1618/1617/1613 1578/1576/1573
f 1619/1616/1614 1579/1577/1574 1578/1576/1573
f 1619/1616/1614 1620/1619/1615 1580/1579/1575
f 1621/1618/1616 1581/1578/1576 1580/1579/1575
f 1621/1618/1616 1622/1621/1617 1582/1580/1577
f 1623/1620/1618 1583/1582/1578 1582/1580/1577
f 1623/1620/1618 1624/1623/1619 1584/1581/1579
f 1625/1622/1620 1585/1583/1580 1584/1581/1579
f 1625/1622/1620 1626/1625/1621 1586/1584/1581
f 1627/1624/1622 1587/1586/1582 1586/1584/1581
f 1628/1626/1623 1588/1585/1583 1587/1586/1582
f 1628/1626/1623 1629/1628/1624 1589/1588/1584
f 1630/1627/1625 1590/1587/1585 1589/1588/1584
f 1631/1629/1626 1591/1589/1586 1590/1587/1585
f 1632/1630/1627 1592/1590/1587 1591/1589/1586
f 1633/1631/1628 1593/1591/1588 1592/1590/1587
f 1634/1632/1629 1594/1592/1589 1593/1591/1588
f 1635/1633/1630 1595/1593/1590 1594/1592/1589
f 1635/1633/1630 1636/1634/1631 1596/1594/1591
f 1636/1634/1631 1637/1635/1632 1597/1595/1592
f 1637/1635/1632 1638/1636/1633 1598/1597/1593
f 1638/1636/1633 1639/1637/1634 1599/1596/1594
f 1639/1637/1634 1640/1677/1635 1600/1598/1595
f 1641/1638/1636 1642/1640/1637 1602/1601/1597
f 1643/1639/1638 1603/1600/1598 1602/1601/1597
f 1644/1641/1639 1604/1602/1599 1603/1600/1598
f 1644/1641/1639 1645/1642/1640 1605/1603/1600
f 1645/1642/1640 1646/1644/1641 1606/1604/1601
f 1647/1643/1642 1607/1606/1602 1606/1604/1601
f 1648/1645/1643 1608/1605/1603 1607/1606/1602
f 1649/1646/1644 1609/1607/1604 1608/1605/1603
f 1650/1647/1645 1610/1608/1605 1609/1607/1604
f 1650/1647/1645 1651/1648/1646 1611/1609/1606
f 1651/1648/1646 1652/1650/1647 1612/1611/1607
f 1653/1649/1648 1613/1610/1608 1612/1611/1607
f 1653/1649/1648 1654/1651/1649 1614/1612/1609
f 1654/1651/1649 1655/1653/1650 1615/1613/1610
f 1656/1652/1651 1616/1614/1611 1615/1613/1610
f 1656/1652/1651 1657/1655/1652 1617/1615/1612
f 1658/1654/1653 1618/1617/1613 1617/1615/1612
f 1658/1654/1653 1659/1657/1654 1619/1616/1614
f 1660/1656/1655 1620/1619/1615 1619/1616/1614
f 1660/1656/1655 1661/1658/1656 1621/1618/1616
f 1661/1658/1656 1662/1660/1657 1622/1621/1617
f 1663/1659/1658 1623/1620/1618 1622/1621/1617
f 1664/1661/1659 1624/1623/1619 1623/1620/1618
f 1664/1661/1659 1665/1663/1660 1625/1622/1620
f 1666/1662/1661 1626/1625/1621 1625/1622/1620
f 1667/1664/1662 1627/1624/1622 1626/1625/1621
f 1667/1664/1662 1668/1666/1663 1628/1626/1623
f 1669/1665/1664 1629/1628/1624 1628/1626/1623
f 1669/1665/1664 1670/1667/1665 1630/1627/1625
f 1670/1667/1665 1671/1669/1666 1631/1629/1626
f 1672/1668/1667 1632/1630/1627 1631/1629/1626
f 1672/1668/1667 1673/1671/1668 1633/1631/1628
f 1674/1670/1669 1634/1632/1629 1633/1631/1628
f 1675/1672/1670 1635/1633/1630 1634/1632/1629
f 1675/1672/1670 1676/1673/1671 1636/1634/1631
f 1676/1673/1671 1677/1675/1672 1637/1635/1632
f 1678/1674/1673 1638/1636/1633 1637/1635/1632
f 1678/1674/1673 1679/1676/1674 1639/1637/1634
f 1679/1676/1674 1680/1717/1675 1640/1677/1635
f 1681/1678/1676 1682/1679/1677 1642/1640/1637
f 1682/1679/1677 1683/1681/1678 1643/1639/1638
f 1684/1680/1679 1644/1641/1639 1643/1639/1638
f 1684/1680/1679 1685/1682/1680 1645/1642/1640
f 1685/1682/1680 1686/1684/1681 1646/1644/1641
f 1687/1683/1682 1647/1643/1642 1646/1644/1641
f 1688/1685/1683 1648/1645/1643 1647/1643/1642
f 1689/1686/1684 1649/1646/1644 1648/1645/1643
f 1690/1687/1685 1650/1647/1645 1649/1646/1644
f 1690/1687/1685 1691/1689/1686 1651/1648/1646
f 1692/1688/1687 1652/1650/1647 1651/1648/1646
f 1692/1688/1687 1693/1691/1688 1653/1649/1648
f 1694/1690/1689 1654/1651/1649 1653/1649/1648
f 1695/1692/1690 1655/1653/1650 1654/1651/1649
f 1696/1693/1691 1656/1652/1651 1655/1653/1650
f 1696/1693/1691 1697/1695/1692 1657/1655/1652
f 1698/1694/1693 1658/1654/1653 1657/1655/1652
f 1698/1694/1693 1699/1697/1694 1659/1657/1654
f 1700/1696/1695 1660/1656/1655 1659/1657/1654
f 1700/1696/1695 1701/1699/1696 1661/1658/1656
f 1702/1698/1697 1662/1660/1657 1661/1658/1656
f 1703/1700/1698 1663/1659/1658 1662/1660/1657
f 1704/1701/1699 1664/1661/1659 1663/1659/1658
f 1705/1702/1700 1665/1663/1660 1664/1661/1659
f 1705/1702/1700 1706/1703/1701 1666/1662/1661
f 1706/1703/1701 1707/1705/1702 1667/1664/1662
f 1708/1704/1703 1668/1666/1663 1667/1664/1662
f 1708/1704/1703 1709/1706/1704 1669/1665/1664
f 1709/1706/1704 1710/1708/1705 1670/1667/1665
f 1711/1707/1706 1671/1669/1666 1670/1667/1665
f 1711/1707/1706 1712/1709/1707 1672/1668/1667
f 1712/1709/1707 1713/1711/1708 1673/1671/1668
f 1714/1710/1709 1674/1670/1669 1673/1671/1668
f 1715/1712/1710 1675/1672/1670 1674/1670/1669
f 1715/1712/1710 1716/1714/1711 1676/1673/1671
f 1717/1713/1712 1677/1675/1672 1676/1673/1671
f 1718/1715/1713 1678/1674/1673 1677/1675/1672
f 1718/1715/1713 1719/1716/1714 1679/1676/1674
f 1719/1716/1714 1720/1757/1715 1680/1717/1675
f 1721/1718/1716 1722/1719/1717 1682/1679/1677
f 1722/1719/1717 1723/1721/1718 1683/1681/1678
f 1724/1720/1719 1684/1680/1679 1683/1681/1678
f 1724/1720/1719 1725/1722/1720 1685/1682/1680
f 1725/1722/1720 1726/1723/1721 1686/1684/1681
f 1726/1723/1721 1727/1724/1722 1687/1683/1682
f 1727/1724/1722 1728/1726/1723 1688/1685/1683
f 1729/1725/1724 1689/1686/1684 1688/1685/1683
f 1729/1725/1724 1730/1728/1725 1690/1687/1685
f 1731/1727/1726 1691/1689/1686 1690/1687/1685
f 1731/1727/1726 1732/1730/1727 1692/1688/1687
f 1733/1729/1728 1693/1691/1688 1692/1688/1687
f 1734/1731/1729 1694/1690/1689 1693/1691/1688
f 1735/1732/1730 1695/1692/1690 1694/1690/1689
f 1736/1733/1731 1696/1693/1691 1695/1692/1690
f 1737/1734/1732 1697/1695/1692 1696/1693/1691
f 1738/1735/1733 1698/1694/1693 1697/1695/1692
f 1739/1736/1734 1699/1697/1694 1698/1694/1693
f 1739/1736/1734 1740/1737/1735 1700/1696/1695
f 1740/1737/1735 1741/1738/1736 1701/1699/1696
f 1741/1738/1736 1742/1740/1737 1702/1698/1697
f 1743/1739/1738 1703/1700/1698 1702/1698/1697
f 1743/1739/1738 1744/1742/1739 1704/1701/1699
f 1745/1741/1740 1705/1702/1700 1704/1701/1699
f 1746/1743/1741 1706/1703/1701 1705/1702/1700
f 1747/1744/1742 1707/1705/1702 1706/1703/1701
f 1748/1745/1743 1708/1704/1703 1707/1705/1702
f 1748/1745/1743 1749/1746/1744 1709/1706/1704
f 1749/1746/1744 1750/1747/1745 1710/1708/1705
f 1750/1747/1745 1751/1748/1746 1711/1707/1706
f 1751/1748/1746 1752/1750/1747 1712/1709/1707
f 1753/1749/1748 1713/1711/1708 1712/1709/1707
f 1754/1751/1749 1714/1710/1709 1713/1711/1708
f 1755/1752/1750 1715/1712/1710 1714/1710/1709
f 1755/1752/1750 1756/1754/1751 1716/1714/1711
f 1757/1753/1752 1717/1713/1712 1716/1714/1711
f 1758/1755/1753 1718/1715/1713 1717/1713/1712
f 1758/1755/1753 1759/1756/1754 1719/1716/1714
f 1759/1756/1754 1760/5114/1755 1720/1757/1715
f 1761/1758/1756 1762/1760/1757 1722/1719/1717
f 1763/1759/1758 1723/1721/1718 1722/1719/1717
f 1764/1761/1759 1724/1720/1719 1723/1721/1718
f 1765/1762/1760 1725/1722/1720 1724/1720/1719
f 1766/1763/1761 1726/1723/1721 1725/1722/1720
f 1766/1763/1761 1767/1765/1762 1727/1724/1722
f 1768/1764/1763 1728/1726/1723 1727/1724/1722
f 1769/1766/1764 1729/1725/1724 1728/1726/1723
f 1770/1767/1765 1730/1728/1725 1729/1725/1724
f 1771/1768/1766 1731/1727/1726 1730/1728/1725
f 1772/1769/1767 1732/1730/1727 1731/1727/1726
f 1773/1770/1768 1733/1729/1728 1732/1730/1727
f 1774/1771/1769 1734/1731/1729 1733/1729/1728
f 1774/1771/1769 1775/1772/1770 1735/1732/1730
f 1775/1772/1770 1776/1773/1771 1736/1733/1731
f 1776/1773/1771 1777/1774/1772 1737/1734/1732
f 1777/1774/1772 1778/1776/1773 1738/1735/1733
f 1779/1775/1774 1739/1736/1734 1738/1735/1733
f 1779/1775/1774 1780/1778/1775 1740/1737/1735
f 1781/1777/1776 1741/1738/1736 1740/1737/1735
f 1782/1779/1777 1742/1740/1737 1741/1738/1736
f 1782/1779/1777 1783/1781/1778 1743/1739/1738
f 1784/1780/1779 1744/1742/1739 1743/1739/1738
f 1784/1780/1779 1785/1783/1780 1745/1741/1740
f 1786/1782/1781 1746/1743/1741 1745/1741/1740
f 1787/1784/1782 1747/1744/1742 1746/1743/1741
f 1788/1785/1783 1748/1745/1743 1747/1744/1742
f 1789/1786/1784 1749/1746/1744 1748/1745/1743
f 1789/1786/1784 1790/1787/1785 1750/1747/1745
f 1790/1787/1785 1791/1789/1786 1751/1748/1746
f 1792/1788/1787 1752/1750/1747 1751/1748/1746
f 1792/1788/1787 1793/1791/1788 1753/1749/1748
f 1794/1790/1789 1754/1751/1749 1753/1749/1748
f 1795/1792/1790 1755/1752/1750 1754/1751/1749
f 1795/1792/1790 1796/1794/1791 1756/1754/1751
f 1797/1793/1792 1757/1753/1752 1756/1754/1751
f 1798/1795/1793 1758/1755/1753 1757/1753/1752
f 1798/1795/1793 1799/1797/1794 1759/1756/1754
f 1800/1796/1795 1760/5114/1755 1759/1756/1754
f 1801/1798/1796 1802/1800/1797 1762/1760/1757
f 1803/1799/1798 1763/1759/1758 1762/1760/1757
f 1804/1801/1799 1764/1761/1759 1763/1759/1758
f 1805/1802/1800 1765/1762/1760 1764/1761/1759
f 1805/1802/1800 1806/1803/1801 1766/1763/1761
f 1806/1803/1801 1807/1804/1802 1767/1765/1762
f 1807/1804/1802 1808/1805/1803 1768/1764/1763
f 1808/1805/1803 1809/1806/1804 1769/1766/1764
f 1809/1806/1804 1810/1808/1805 1770/1767/1765
f 1811/1807/1806 1771/1768/1766 1770/1767/1765
f 1811/1807/1806 1812/1809/1807 1772/1769/1767
f 1812/1809/1807 1813/1810/1808 1773/1770/1768
f 1813/1810/1808 1814/1812/1809 1774/1771/1769
f 1815/1811/1810 1775/1772/1770 1774/1771/1769
f 1815/1811/1810 1816/1814/1811 1776/1773/1771
f 1817/1813/1812 1777/1774/1772 1776/1773/1771
f 1817/1813/1812 1818/1815/1813 1778/1776/1773
f 1818/1815/1813 1819/1816/1814 1779/1775/1774
f 1819/1816/1814 1820/1817/1815 1780/1778/1775
f 1820/1817/1815 1821/1819/1816 1781/1777/1776
f 1822/1818/1817 1782/1779/1777 1781/1777/1776
f 1822/1818/1817 1823/1821/1818 1783/1781/1778
f 1824/1820/1819 1784/1780/1779 1783/1781/1778
f 1825/1822/1820 1785/1783/1780 1784/1780/1779
f 1825/1822/1820 1826/1823/1821 1786/1782/1781
f 1826/1823/1821 1827/1825/1822 1787/1784/1782
f 1828/1824/1823 1788/1785/1783 1787/1784/1782
f 1829/1826/1824 1789/1786/1784 1788/1785/1783
f 1829/1826/1824 1830/1827/1825 1790/1787/1785
f 1830/1827/1825 1831/1828/1826 1791/1789/1786
f 1831/1828/1826 1832/1830/1827 1792/1788/1787
f 1833/1829/1828 1793/1791/1788 1792/1788/1787
f 1834/1831/1829 1794/1790/1789 1793/1791/1788
f 1835/1832/1830 1795/1792/1790 1794/1790/1789
f 1835/1832/1830 1836/1834/1831 1796/1794/1791
f 1837/1833/1832 1797/1793/1792 1796/1794/1791
f 1837/1833/1832 1838/1835/1833 1798/1795/1793
f 1838/1835/1833 1839/1837/1834 1799/1797/1794
f 1840/1836/1835 1800/1796/1795 1799/1797/1794
f 1841/1838/1836 1842/1840/1837 1802/1800/1797
f 1843/1839/1838 1803/1799/1798 1802/1800/1797
f 1843/1839/1838 1844/1842/1839 1804/1801/1799
f 1845/1841/1840 1805/1802/1800 1804/1801/1799
f 1845/1841/1840 1846/1843/1841 1806/1803/1801
f 1846/1843/1841 1847/1845/1842 1807/1804/1802
f 1848/1844/1843 1808/1805/1803 1807/1804/1802
f 1848/1844/1843 1849/1847/1844 1809/1806/1804
f 1850/1846/1845 1810/1808/1805 1809/1806/1804
f 1851/1848/1846 1811/1807/1806 1810/1808/1805
f 1852/1849/1847 1812/1809/1807 1811/1807/1806
f 1852/1849/1847 1853/1851/1848 1813/1810/1808
f 1854/1850/1849 1814/1812/1809 1813/1810/1808
f 1854/1850/1849 1855/1852/1850 1815/1811/1810
f 1855/1852/1850 1856/1853/1851 1816/1814/1811
f 1856/1853/1851 1857/1854/1852 1817/1813/1812
f 1857/1854/1852 1858/1856/1853 1818/1815/1813
f 1859/1855/1854 1819/1816/1814 1818/1815/1813
f 1859/1855/1854 1860/1857/1855 1820/1817/1815
f 1860/1857/1855 1861/1858/1856 1821/1819/1816
f 1861/1858/1856 1862/1859/1857 1822/1818/1817
f 1862/1859/1857 1863/1861/1858 1823/1821/1818
f 1864/1860/1859 1824/1820/1819 1823/1821/1818
f 1864/1860/1859 1865/1863/1860 1825/1822/1820
f 1866/1862/1861 1826/1823/1821 1825/1822/1820
f 1867/1864/1862 1827/1825/1822 1826/1823/1821
f 1867/1864/1862 1868/1866/1863 1828/1824/1823
f 1869/1865/1864 1829/1826/1824 1828/1824/1823
f 1869/1865/1864 1870/1868/1865 1830/1827/1825
f 1871/1867/1866 1831/1828/1826 1830/1827/1825
f 1871/1867/1866 1872/1869/1867 1832/1830/1827
f 1872/1869/1867 1873/1871/1868 1833/1829/1828
f 1874/1870/1869 1834/1831/1829 1833/1829/1828
f 1875/1872/1870 1835/1832/1830 1834/1831/1829
f 1875/1872/1870 1876/1874/1871 1836/1834/1831
f 1877/1873/1872 1837/1833/1832 1836/1834/1831
f 1877/1873/1872 1878/1875/1873 1838/1835/1833
f 1878/1875/1873 1879/1876/1874 1839/1837/1834
f 1879/1876/1874 1880/1916/1875 1840/1836/1835
f 1881/1877/1876 1882/1879/1877 1842/1840/1837
f 1883/1878/1878 1843/1839/1838 1842/1840/1837
f 1884/1880/1879 1844/1842/1839 1843/1839/1838
f 1885/1881/1880 1845/1841/1840 1844/1842/1839
f 1885/1881/1880 1886/1882/1881 1846/1843/1841
f 1886/1882/1881 1887/1884/1882 1847/1845/1842
f 1888/1883/1883 1848/1844/1843 1847/1845/1842
f 1889/1885/1884 1849/1847/1844 1848/1844/1843
f 1889/1885/1884 1890/1887/1885 1850/1846/1845
f 1891/1886/1886 1851/1848/1846 1850/1846/1845
f 1892/1888/1887 1852/1849/1847 1851/1848/1846
f 1892/1888/1887 1893/1889/1888 1853/1851/1848
f 1893/1889/1888 1894/1890/1889 1854/1850/1849
f 1894/1890/1889 1895/1892/1890 1855/1852/1850
f 1896/1891/1891 1856/1853/1851 1855/1852/1850
f 1896/1891/1891 1897/1894/1892 1857/1854/1852
f 1898/1893/1893 1858/1856/1853 1857/1854/1852
f 1899/1895/1894 1859/1855/1854 1858/1856/1853
f 1899/1895/1894 1900/1896/1895 1860/1857/1855
f 1900/1896/1895 1901/1897/1896 1861/1858/1856
f 1901/1897/1896 1902/1899/1897 1862/1859/1857
f 1903/1898/1898 1863/1861/1858 1862/1859/1857
f 1903/1898/1898 1904/1900/1899 1864/1860/1859
f 1904/1900/1899 1905/1902/1900 1865/1863/1860
f 1906/1901/1901 1866/1862/1861 1865/1863/1860
f 1907/1903/1902 1867/1864/1862 1866/1862/1861
f 1907/1903/1902 1908/1904/1903 1868/1866/1863
f 1908/1904/1903 1909/1906/1904 1869/1865/1864
f 1910/1905/1905 1870/1868/1865 1869/1865/1864
f 1910/1905/1905 1911/1907/1906 1871/1867/1866
f 1911/1907/1906 1912/1909/1907 1872/1869/1867
f 1913/1908/1908 1873/1871/1868 1872/1869/1867
f 1914/1910/1909 1874/1870/1869 1873/1871/1868
f 1915/1911/1910 1875/1872/1870 1874/1870/1869
f 1916/1912/1911 1876/1874/1871 1875/1872/1870
f 1916/1912/1911 1917/1913/1912 1877/1873/1872
f 1917/1913/1912 1918/1915/1913 1878/1875/1873
f 1919/1914/1914 1879/1876/1874 1878/1875/1873
f 1919/1914/1914 1920/5115/1915 1880/1916/1875
f 1922/1917/1917 1882/1879/1877 1881/1877/1876
f 1923/1919/1918 1883/1878/1878 1882/1879/1877
f 1924/1920/1919 1884/1880/1879 1883/1878/1878
f 1924/1920/1919 1925/1921/1920 1885/1881/1880
f 1925/1921/1920 1926/1922/1921 1886/1882/1881
f 1926/1922/1921 1927/1924/1922 1887/1884/1882
f 1928/1923/1923 1888/1883/1883 1887/1884/1882
f 1928/1923/1923 1929/1925/1924 1889/1885/1884
f 1929/1925/1924 1930/1926/1925 1890/1887/1885
f 1930/1926/1925 1931/1927/1926 1891/1886/1886
f 1931/1927/1926 1932/1929/1927 1892/1888/1887
f 1933/1928/1928 1893/1889/1888 1892/1888/1887
f 1933/1928/1928 1934/1931/1929 1894/1890/1889
f 1935/1930/1930 1895/1892/1890 1894/1890/1889
f 1935/1930/1930 1936/1932/864 1896/1891/1891
f 1936/1932/864 1937/1934/1931 1897/1894/1892
f 1938/1933/1932 1898/1893/1893 1897/1894/1892
f 1939/1935/1933 1899/1895/1894 1898/1893/1893
f 1939/1935/1933 1940/1937/1934 1900/1896/1895
f 1941/1936/1935 1901/1897/1896 1900/1896/1895
f 1941/1936/1935 1942/1939/1936 1902/1899/1897
f 1943/1938/1937 1903/1898/1898 1902/1899/1897
f 1944/1940/1938 1904/1900/1899 1903/1898/1898
f 1945/1941/1939 1905/1902/1900 1904/1900/1899
f 1945/1941/1939 1946/1942/1940 1906/1901/1901
f 1946/1942/1940 1947/1943/1941 1907/1903/1902
f 1947/1943/1941 1948/1944/1942 1908/1904/1903
f 1948/1944/1942 1949/1946/1943 1909/1906/1904
f 1950/1945/1944 1910/1905/1905 1909/1906/1904
f 1951/1947/1945 1911/1907/1906 1910/1905/1905
f 1951/1947/1945 1952/1948/1946 1912/1909/1907
f 1952/1948/1946 1953/1950/1947 1913/1908/1908
f 1954/1949/1948 1914/1910/1909 1913/1908/1908
f 1955/1951/1949 1915/1911/1910 1914/1910/1909
f 1956/1952/1950 1916/1912/1911 1915/1911/1910
f 1956/1952/1950 1957/1953/1951 1917/1913/1912
f 1957/1953/1951 1958/1955/1952 1918/1915/1913
f 1959/1954/1953 1919/1914/1914 1918/1915/1913
f 1960/1956/1954 1920/5115/1915 1919/1914/1914
f 1962/1957/1956 1922/1917/1917 1921/1918/1916
f 1963/1959/1957 1923/1919/1918 1922/1917/1917
f 1963/1959/1957 1964/1961/1958 1924/1920/1919
f 1965/1960/1959 1925/1921/1920 1924/1920/1919
f 1965/1960/1959 1966/1962/1960 1926/1922/1921
f 1966/1962/1960 1967/1964/1961 1927/1924/1922
f 1968/1963/1962 1928/1923/1923 1927/1924/1922
f 1969/1965/1963 1929/1925/1924 1928/1923/1923
f 1969/1965/1963 1970/1967/1964 1930/1926/1925
f 1971/1966/1965 1931/1927/1926 1930/1926/1925
f 1972/1968/1966 1932/1929/1927 1931/1927/1926
f 1972/1968/1966 1973/1970/1967 1933/1928/1928
f 1974/1969/1968 1934/1931/1929 1933/1928/1928
f 1974/1969/1968 1975/1972/1969 1935/1930/1930
f 1976/1971/1970 1936/1932/864 1935/1930/1930
f 1977/1973/1971 1937/1934/1931 1936/1932/864
f 1977/1973/1971 1978/1975/1972 1938/1933/1932
f 1979/1974/1973 1939/1935/1933 1938/1933/1932
f 1979/1974/1973 1980/1977/1974 1940/1937/1934
f 1981/1976/1975 1941/1936/1935 1940/1937/1934
f 1981/1976/1975 1982/1979/1976 1942/1939/1936
f 1983/1978/1977 1943/1938/1937 1942/1939/1936
f 1983/1978/1977 1984/1981/1978 1944/1940/1938
f 1985/1980/1979 1945/1941/1939 1944/1940/1938
f 1985/1980/1979 1986/1983/1980 1946/1942/1940
f 1987/1982/1981 1947/1943/1941 1946/1942/1940
f 1987/1982/1981 1988/1985/1982 1948/1944/1942
f 1989/1984/1983 1949/1946/1943 1948/1944/1942
f 1989/1984/1983 1990/1987/1984 1950/1945/1944
f 1991/1986/1985 1951/1947/1945 1950/1945/1944
f 1992/1988/1986 1952/1948/1946 1951/1947/1945
f 1993/1989/1987 1953/1950/1947 1952/1948/1946
f 1993/1989/1987 1994/1991/1988 1954/1949/1948
f 1995/1990/1989 1955/1951/1949 1954/1949/1948
f 1996/1992/1990 1956/1952/1950 1955/1951/1949
f 1997/1993/1991 1957/1953/1951 1956/1952/1950
f 1997/1993/1991 1998/1995/1992 1958/1955/1952
f 1999/1994/1993 1959/1954/1953 1958/1955/1952
f 2000/1996/1994 1960/1956/1954 1959/1954/1953
f 2002/1997/1996 1962/1957/1956 1961/1958/1955
f 2002/1997/1996 2003/1999/1997 1963/1959/1957
f 2003/1999/1997 2004/2001/1998 1964/1961/1958
f 2005/2000/1999 1965/1960/1959 1964/1961/1958
f 2005/2000/1999 2006/2002/2000 1966/1962/1960
f 2006/2002/2000 2007/2003/2001 1967/1964/1961
f 2007/2003/2001 2008/2004/2002 1968/1963/1962
f 2008/2004/2002 2009/2006/2003 1969/1965/1963
f 2010/2005/2004 1970/1967/1964 1969/1965/1963
f 2010/2005/2004 2011/2007/2005 1971/1966/1965
f 2011/2007/2005 2012/2009/2006 1972/1968/1966
f 2013/2008/2007 1973/1970/1967 1972/1968/1966
f 2013/2008/2007 2014/2010/2008 1974/1969/1968
f 2014/2010/2008 2015/2011/2009 1975/1972/1969
f 2015/2011/2009 2016/2013/2010 1976/1971/1970
f 2017/2012/2011 1977/1973/1971 1976/1971/1970
f 2018/2014/2012 1978/1975/1972 1977/1973/1971
f 2018/2014/2012 2019/2016/2013 1979/1974/1973
f 2020/2015/2014 1980/1977/1974 1979/1974/1973
f 2020/2015/2014 2021/2018/2015 1981/1976/1975
f 2022/2017/2016 1982/1979/1976 1981/1976/1975
f 2022/2017/2016 2023/2020/2017 1983/1978/1977
f 2024/2019/2018 1984/1981/1978 1983/1978/1977
f 2024/2019/2018 2025/2022/2019 1985/1980/1979
f 2026/2021/2020 1986/1983/1980 1985/1980/1979
f 2026/2021/2020 2027/2023/2021 1987/1982/1981
f 2027/2023/2021 2028/2025/2022 1988/1985/1982
f 2029/2024/2023 1989/1984/1983 1988/1985/1982
f 2029/2024/2023 2030/2027/2024 1990/1987/1984
f 2031/2026/2025 1991/1986/1985 1990/1987/1984
f 2031/2026/2025 2032/2028/2026 1992/1988/1986
f 2032/2028/2026 2033/2030/2027 1993/1989/1987
f 2034/2029/2028 1994/1991/1988 1993/1989/1987
f 2035/2031/2029 1995/1990/1989 1994/1991/1988
f 2036/2032/2030 1996/1992/1990 1995/1990/1989
f 2037/2033/2031 1997/1993/1991 1996/1992/1990
f 2038/2034/2032 1998/1995/1992 1997/1993/1991
f 2038/2034/2032 2039/2036/2033 1999/1994/1993
f 2040/2035/2034 2000/1996/1994 1999/1994/1993
f 2042/2037/2036 2002/1997/1996 2001/1998/1995
f 2042/2037/2036 2043/2039/2037 2003/1999/1997
f 2043/2039/2037 2044/2041/2038 2004/2001/1998
f 2045/2040/2039 2005/2000/1999 2004/2001/1998
f 2046/2042/2040 2006/2002/2000 2005/2000/1999
f 2047/2043/2041 2007/2003/2001 2006/2002/2000
f 2048/2044/2042 2008/2004/2002 2007/2003/2001
f 2049/2045/2043 2009/2006/2003 2008/2004/2002
f 2050/2046/2044 2010/2005/2004 2009/2006/2003
f 2050/2046/2044 2051/2048/2045 2011/2007/2005
f 2052/2047/2046 2012/2009/2006 2011/2007/2005
f 2052/2047/2046 2053/2050/2047 2013/2008/2007
f 2054/2049/2048 2014/2010/2008 2013/2008/2007
f 2055/2051/2049 2015/2011/2009 2014/2010/2008
f 2056/2052/2050 2016/2013/2010 2015/2011/2009
f 2056/2052/2050 2057/2054/2051 2017/2012/2011
f 2058/2053/2052 2018/2014/2012 2017/2012/2011
f 2059/2055/2053 2019/2016/2013 2018/2014/2012
f 2059/2055/2053 2060/2056/2054 2020/2015/2014
f 2060/2056/2054 2061/2057/2055 2021/2018/2015
f 2061/2057/2055 2062/2059/2056 2022/2017/2016
f 2063/2058/2057 2023/2020/2017 2022/2017/2016
f 2063/2058/2057 2064/2061/2058 2024/2019/2018
f 2065/2060/2059 2025/2022/2019 2024/2019/2018
f 2065/2060/2059 2066/2063/2060 2026/2021/2020
f 2067/2062/2061 2027/2023/2021 2026/2021/2020
f 2068/2064/2062 2028/2025/2022 2027/2023/2021
f 2069/2065/2063 2029/2024/2023 2028/2025/2022
f 2070/2066/2064 2030/2027/2024 2029/2024/2023
f 2071/2067/2065 2031/2026/2025 2030/2027/2024
f 2071/2067/2065 2072/2069/2066 2032/2028/2026
f 2073/2068/2067 2033/2030/2027 2032/2028/2026
f 2074/2070/2068 2034/2029/2028 2033/2030/2027
f 2075/2071/2069 2035/2031/2029 2034/2029/2028
f 2076/2072/2070 2036/2032/2030 2035/2031/2029
f 2077/2073/2071 2037/2033/2031 2036/2032/2030
f 2078/2074/2072 2038/2034/2032 2037/2033/2031
f 2078/2074/2072 2079/2076/2073 2039/2036/2033
f 2080/2075/2074 2040/2035/2034 2039/2036/2033
f 2082/2077/2076 2042/2037/2036 2041/2038/2035
f 2082/2077/2076 2083/2079/2077 2043/2039/2037
f 2083/2079/2077 2084/2081/2078 2044/2041/2038
f 2085/2080/2079 2045/2040/2039 2044/2041/2038
f 2086/2082/2080 2046/2042/2040 2045/2040/2039
f 2087/2083/2081 2047/2043/2041 2046/2042/2040
f 2087/2083/2081 2088/2084/2082 2048/2044/2042
f 2088/2084/2082 2089/2086/2083 2049/2045/2043
f 2090/2085/2084 2050/2046/2044 2049/2045/2043
f 2091/2087/2085 2051/2048/2045 2050/2046/2044
f 2091/2087/2085 2092/2089/2086 2052/2047/2046
f 2093/2088/2087 2053/2050/2047 2052/2047/2046
f 2094/2090/2088 2054/2049/2048 2053/2050/2047
f 2095/2091/2089 2055/2051/2049 2054/2049/2048
f 2095/2091/2089 2096/2093/2090 2056/2052/2050
f 2097/2092/2091 2057/2054/2051 2056/2052/2050
f 2097/2092/2091 2098/2094/2092 2058/2053/2052
f 2098/2094/2092 2099/2096/2093 2059/2055/2053
f 2100/2095/2094 2060/2056/2054 2059/2055/2053
f 2101/2097/2095 2061/2057/2055 2060/2056/2054
f 2101/2097/2095 2102/2099/2096 2062/2059/2056
f 2103/2098/2097 2063/2058/2057 2062/2059/2056
f 2103/2098/2097 2104/2100/2098 2064/2061/2058
f 2104/2100/2098 2105/2102/2099 2065/2060/2059
f 2106/2101/2100 2066/2063/2060 2065/2060/2059
f 2106/2101/2100 2107/2104/2101 2067/2062/2061
f 2108/2103/2102 2068/2064/2062 2067/2062/2061
f 2109/2105/2103 2069/2065/2063 2068/2064/2062
f 2109/2105/2103 2110/2106/2104 2070/2066/2064
f 2110/2106/2104 2111/2108/2105 2071/2067/2065
f 2112/2107/2106 2072/2069/2066 2071/2067/2065
f 2113/2109/2107 2073/2068/2067 2072/2069/2066
f 2114/2110/2108 2074/2070/2068 2073/2068/2067
f 2115/2111/2109 2075/2071/2069 2074/2070/2068
f 2116/2112/2110 2076/2072/2070 2075/2071/2069
f 2117/2113/2111 2077/2073/2071 2076/2072/2070
f 2118/2114/2112 2078/2074/2072 2077/2073/2071
f 2118/2114/2112 2119/2116/2113 2079/2076/2073
f 2120/2115/2114 2080/2075/2074 2079/2076/2073
f 2122/2117/2116 2082/2077/2076 2081/2078/2075
f 2122/2117/2116 2123/2119/2117 2083/2079/2077
f 2123/2119/2117 2124/2121/2118 2084/2081/2078
f 2125/2120/2119 2085/2080/2079 2084/2081/2078
f 2126/2122/2120 2086/2082/2080 2085/2080/2079
f 2127/2123/2121 2087/2083/2081 2086/2082/2080
f 2127/2123/2121 2128/2124/2122 2088/2084/2082
f 2128/2124/2122 2129/2126/2123 2089/2086/2083
f 2130/2125/2124 2090/2085/2084 2089/2086/2083
f 2130/2125/2124 2131/2128/2125 2091/2087/2085
f 2132/2127/2126 2092/2089/2086 2091/2087/2085
f 2132/2127/2126 2133/2130/2127 2093/2088/2087
f 2134/2129/2128 2094/2090/2088 2093/2088/2087
f 2135/2131/2129 2095/2091/2089 2094/2090/2088
f 2135/2131/2129 2136/2132/2130 2096/2093/2090
f 2136/2132/2130 2137/2133/2131 2097/2092/2091
f 2137/2133/2131 2138/2135/2132 2098/2094/2092
f 2139/2134/2133 2099/2096/2093 2098/2094/2092
f 2139/2134/2133 2140/2136/2134 2100/2095/2094
f 2140/2136/2134 2141/2138/2135 2101/2097/2095
f 2142/2137/2136 2102/2099/2096 2101/2097/2095
f 2143/2139/2137 2103/2098/2097 2102/2099/2096
f 2143/2139/2137 2144/2140/2138 2104/2100/2098
f 2144/2140/2138 2145/2142/2139 2105/2102/2099
f 2146/2141/2140 2106/2101/2100 2105/2102/2099
f 2147/2143/2141 2107/2104/2101 2106/2101/2100
f 2147/2143/2141 2148/2144/2142 2108/2103/2102
f 2148/2144/2142 2149/2146/2143 2109/2105/2103
f 2150/2145/2144 2110/2106/2104 2109/2105/2103
f 2151/2147/2145 2111/2108/2105 2110/2106/2104
f 2151/2147/2145 2152/2148/2146 2112/2107/2106
f 2152/2148/2146 2153/2149/2147 2113/2109/2107
f 2153/2149/2147 2154/2150/2148 2114/2110/2108
f 2154/2150/2148 2155/2152/2149 2115/2111/2109
f 2156/2151/2150 2116/2112/2110 2115/2111/2109
f 2157/2153/2151 2117/2113/2111 2116/2112/2110
f 2158/2154/2152 2118/2114/2112 2117/2113/2111
f 2159/2155/2153 2119/2116/2113 2118/2114/2112
f 2159/2155/2153 2160/2195/2154 2120/2115/2114
f 2161/2156/2155 2162/2158/2156 2122/2117/2116
f 2163/2157/2157 2123/2119/2117 2122/2117/2116
f 2164/2159/2158 2124/2121/2118 2123/2119/2117
f 2164/2159/2158 2165/2161/2159 2125/2120/2119
f 2166/2160/2160 2126/2122/2120 2125/2120/2119
f 2166/2160/2160 2167/2162/2161 2127/2123/2121
f 2167/2162/2161 2168/2163/2162 2128/2124/2122
f 2168/2163/2162 2169/2165/2163 2129/2126/2123
f 2170/2164/2164 2130/2125/2124 2129/2126/2123
f 2170/2164/2164 2171/2166/2165 2131/2128/2125
f 2171/2166/2165 2172/2168/2166 2132/2127/2126
f 2173/2167/2167 2133/2130/2127 2132/2127/2126
f 2174/2169/2168 2134/2129/2128 2133/2130/2127
f 2175/2170/2169 2135/2131/2129 2134/2129/2128
f 2176/2171/2170 2136/2132/2130 2135/2131/2129
f 2177/2172/2171 2137/2133/2131 2136/2132/2130
f 2177/2172/2171 2178/2173/2172 2138/2135/2132
f 2178/2173/2172 2179/2175/2173 2139/2134/2133
f 2180/2174/2174 2140/2136/2134 2139/2134/2133
f 2181/2176/2175 2141/2138/2135 2140/2136/2134
f 2181/2176/2175 2182/2177/2176 2142/2137/2136
f 2182/2177/2176 2183/2179/2177 2143/2139/2137
f 2184/2178/2178 2144/2140/2138 2143/2139/2137
f 2185/2180/2179 2145/2142/2139 2144/2140/2138
f 2185/2180/2179 2186/2181/2180 2146/2141/2140
f 2186/2181/2180 2187/2182/2181 2147/2143/2141
f 2187/2182/2181 2188/2184/2182 2148/2144/2142
f 2189/2183/2183 2149/2146/2143 2148/2144/2142
f 2189/2183/2183 2190/2186/2184 2150/2145/2144
f 2191/2185/2185 2151/2147/2145 2150/2145/2144
f 2191/2185/2185 2192/2188/2186 2152/2148/2146
f 2193/2187/2187 2153/2149/2147 2152/2148/2146
f 2194/2189/2188 2154/2150/2148 2153/2149/2147
f 2195/2190/2189 2155/2152/2149 2154/2150/2148
f 2196/2191/2190 2156/2151/2150 2155/2152/2149
f 2197/2192/2191 2157/2153/2151 2156/2151/2150
f 2198/2193/2192 2158/2154/2152 2157/2153/2151
f 2199/2194/2193 2159/2155/2153 2158/2154/2152
f 2199/2194/2193 2200/2235/2194 2160/2195/2154
f 2201/2196/2195 2202/2198/2196 2162/2158/2156
f 2203/2197/2197 2163/2157/2157 2162/2158/2156
f 2204/2199/2198 2164/2159/2158 2163/2157/2157
f 2204/2199/2198 2205/2200/2199 2165/2161/2159
f 2205/2200/2199 2206/2201/2200 2166/2160/2160
f 2206/2201/2200 2207/2202/2201 2167/2162/2161
f 2207/2202/2201 2208/2204/2202 2168/2163/2162
f 2209/2203/2203 2169/2165/2163 2168/2163/2162
f 2210/2205/2204 2170/2164/2164 2169/2165/2163
f 2211/2206/2205 2171/2166/2165 2170/2164/2164
f 2212/2207/2206 2172/2168/2166 2171/2166/2165
f 2212/2207/2206 2213/2208/2207 2173/2167/2167
f 2213/2208/2207 2214/2210/2208 2174/2169/2168
f 2215/2209/2209 2175/2170/2169 2174/2169/2168
f 2216/2211/2210 2176/2171/2170 2175/2170/2169
f 2217/2212/2211 2177/2172/2171 2176/2171/2170
f 2217/2212/2211 2218/2214/2212 2178/2173/2172
f 2219/2213/2213 2179/2175/2173 2178/2173/2172
f 2220/2215/2214 2180/2174/2174 2179/2175/2173
f 2220/2215/2214 2221/2216/2215 2181/2176/2175
f 2221/2216/2215 2222/2217/2216 2182/2177/2176
f 2222/2217/2216 2223/2219/2217 2183/2179/2177
f 2224/2218/2218 2184/2178/2178 2183/2179/2177
f 2224/2218/2218 2225/2221/2219 2185/2180/2179
f 2226/2220/2220 2186/2181/2180 2185/2180/2179
f 2227/2222/2221 2187/2182/2181 2186/2181/2180
f 2228/2223/2222 2188/2184/2182 2187/2182/2181
f 2228/2223/2222 2229/2224/2223 2189/2183/2183
f 2229/2224/2223 2230/2225/2224 2190/2186/2184
f 2230/2225/2224 2231/2227/2225 2191/2185/2185
f 2232/2226/2226 2192/2188/2186 2191/2185/2185
f 2232/2226/2226 2233/2229/2227 2193/2187/2187
f 2234/2228/2228 2194/2189/2188 2193/2187/2187
f 2235/2230/2229 2195/2190/2189 2194/2189/2188
f 2236/2231/2230 2196/2191/2190 2195/2190/2189
f 2237/2232/2231 2197/2192/2191 2196/2191/2190
f 2238/2233/2232 2198/2193/2192 2197/2192/2191
f 2239/2234/2233 2199/2194/2193 2198/2193/2192
f 2239/2234/2233 2240/2275/2234 2200/2235/2194
f 2241/2236/2235 2242/2238/2236 2202/2198/2196
f 2243/2237/2237 2203/2197/2197 2202/2198/2196
f 2244/2239/2238 2204/2199/2198 2203/2197/2197
f 2244/2239/2238 2245/2240/2239 2205/2200/2199
f 2245/2240/2239 2246/2241/2240 2206/2201/2200
f 2246/2241/2240 2247/2242/2241 2207/2202/2201
f 2247/2242/2241 2248/2243/2242 2208/2204/2202
f 2248/2243/2242 2249/2245/2243 2209/2203/2203
f 2250/2244/2244 2210/2205/2204 2209/2203/2203
f 2250/2244/2244 2251/2247/2245 2211/2206/2205
f 2252/2246/2246 2212/2207/2206 2211/2206/2205
f 2252/2246/2246 2253/2249/2247 2213/2208/2207
f 2254/2248/2248 2214/2210/2208 2213/2208/2207
f 2254/2248/2248 2255/2250/2249 2215/2209/2209
f 2255/2250/2249 2256/2251/2250 2216/2211/2210
f 2256/2251/2250 2257/2253/2251 2217/2212/2211
f 2258/2252/2252 2218/2214/2212 2217/2212/2211
f 2258/2252/2252 2259/2255/2253 2219/2213/2213
f 2260/2254/2254 2220/2215/2214 2219/2213/2213
f 2260/2254/2254 2261/2257/2255 2221/2216/2215
f 2262/2256/2256 2222/2217/2216 2221/2216/2215
f 2263/2258/2257 2223/2219/2217 2222/2217/2216
f 2263/2258/2257 2264/2260/2258 2224/2218/2218
f 2265/2259/2259 2225/2221/2219 2224/2218/2218
f 2265/2259/2259 2266/2261/2260 2226/2220/2220
f 2266/2261/2260 2267/2262/2261 2227/2222/2221
f 2267/2262/2261 2268/2264/2262 2228/2223/2222
f 2269/2263/2263 2229/2224/2223 2228/2223/2222
f 2270/2265/2264 2230/2225/2224 2229/2224/2223
f 2270/2265/2264 2271/2266/2265 2231/2227/2225
f 2271/2266/2265 2272/2268/2266 2232/2226/2226
f 2273/2267/2267 2233/2229/2227 2232/2226/2226
f 2273/2267/2267 2274/2270/2268 2234/2228/2228
f 2275/2269/2269 2235/2230/2229 2234/2228/2228
f 2276/2271/2104 2236/2231/2230 2235/2230/2229
f 2277/2272/2270 2237/2232/2231 2236/2231/2230
f 2278/2273/2271 2238/2233/2232 2237/2232/2231
f 2279/2274/2272 2239/2234/2233 2238/2233/2232
f 2279/2274/2272 2280/5116/2273 2240/2275/2234
f 2281/2276/2274 2282/2278/2275 2242/2238/2236
f 2283/2277/2276 2243/2237/2237 2242/2238/2236
f 2284/2279/2277 2244/2239/2238 2243/2237/2237
f 2285/2280/2278 2245/2240/2239 2244/2239/2238
f 2286/2281/2279 2246/2241/2240 2245/2240/2239
f 2286/2281/2279 2287/2282/2280 2247/2242/2241
f 2287/2282/2280 2288/2284/2281 2248/2243/2242
f 2289/2283/2282 2249/2245/2243 2248/2243/2242
f 2289/2283/2282 2290/2286/2283 2250/2244/2244
f 2291/2285/2284 2251/2247/2245 2250/2244/2244
f 2291/2285/2284 2292/2288/2285 2252/2246/2246
f 2293/2287/2286 2253/2249/2247 2252/2246/2246
f 2293/2287/2286 2294/2290/2287 2254/2248/2248
f 2295/2289/2288 2255/2250/2249 2254/2248/2248
f 2295/2289/2288 2296/2292/2289 2256/2251/2250
f 2297/2291/2290 2257/2253/2251 2256/2251/2250
f 2297/2291/2290 2298/2294/2291 2258/2252/2252
f 2299/2293/2292 2259/2255/2253 2258/2252/2252
f 2299/2293/2292 2300/2296/2293 2260/2254/2254
f 2301/2295/2294 2261/2257/2255 2260/2254/2254
f 2301/2295/2294 2302/2298/2295 2262/2256/2256
f 2303/2297/2296 2263/2258/2257 2262/2256/2256
f 2303/2297/2296 2304/2300/2297 2264/2260/2258
f 2305/2299/2298 2265/2259/2259 2264/2260/2258
f 2305/2299/2298 2306/2302/2299 2266/2261/2260
f 2307/2301/2300 2267/2262/2261 2266/2261/2260
f 2308/2303/2301 2268/2264/2262 2267/2262/2261
f 2308/2303/2301 2309/2305/2302 2269/2263/2263
f 2310/2304/2303 2270/2265/2264 2269/2263/2263
f 2311/2306/2304 2271/2266/2265 2270/2265/2264
f 2312/2307/2305 2272/2268/2266 2271/2266/2265
f 2312/2307/2305 2313/2309/2306 2273/2267/2267
f 2314/2308/2307 2274/2270/2268 2273/2267/2267
f 2315/2310/2308 2275/2269/2269 2274/2270/2268
f 2316/2311/2309 2276/2271/2104 2275/2269/2269
f 2317/2312/2310 2277/2272/2270 2276/2271/2104
f 2318/2313/2311 2278/2273/2271 2277/2272/2270
f 2319/2314/2312 2279/2274/2272 2278/2273/2271
f 2320/2315/2313 2280/5116/2273 2279/2274/2272
f 2322/2316/2315 2282/2278/2275 2281/2276/2274
f 2323/2318/2316 2283/2277/2276 2282/2278/2275
f 2324/2319/2317 2284/2279/2277 2283/2277/2276
f 2325/2320/2318 2285/2280/2278 2284/2279/2277
f 2326/2321/2319 2286/2281/2279 2285/2280/2278
f 2326/2321/2319 2327/2322/2320 2287/2282/2280
f 2327/2322/2320 2328/2323/2321 2288/2284/2281
f 2328/2323/2321 2329/2325/2322 2289/2283/2282
f 2330/2324/2323 2290/2286/2283 2289/2283/2282
f 2331/2326/2324 2291/2285/2284 2290/2286/2283
f 2332/2327/2325 2292/2288/2285 2291/2285/2284
f 2333/2328/2326 2293/2287/2286 2292/2288/2285
f 2334/2329/2327 2294/2290/2287 2293/2287/2286
f 2334/2329/2327 2335/2330/2328 2295/2289/2288
f 2335/2330/2328 2336/2332/2329 2296/2292/2289
f 2337/2331/2330 2297/2291/2290 2296/2292/2289
f 2338/2333/2331 2298/2294/2291 2297/2291/2290
f 2339/2334/2332 2299/2293/2292 2298/2294/2291
f 2340/2335/2333 2300/2296/2293 2299/2293/2292
f 2341/2336/2334 2301/2295/2294 2300/2296/2293
f 2341/2336/2334 2342/2338/2335 2302/2298/2295
f 2343/2337/2336 2303/2297/2296 2302/2298/2295
f 2344/2339/2337 2304/2300/2297 2303/2297/2296
f 2344/2339/2337 2345/2341/2338 2305/2299/2298
f 2346/2340/2339 2306/2302/2299 2305/2299/2298
f 2346/2340/2339 2347/2342/2340 2307/2301/2300
f 2347/2342/2340 2348/2343/2341 2308/2303/2301
f 2348/2343/2341 2349/2345/2342 2309/2305/2302
f 2350/2344/2343 2310/2304/2303 2309/2305/2302
f 2350/2344/2343 2351/2346/2344 2311/2306/2304
f 2351/2346/2344 2352/2348/2345 2312/2307/2305
f 2353/2347/2346 2313/2309/2306 2312/2307/2305
f 2354/2349/2347 2314/2308/2307 2313/2309/2306
f 2354/2349/2347 2355/2351/2348 2315/2310/2308
f 2356/2350/2349 2316/2311/2309 2315/2310/2308
f 2356/2350/2349 2357/2353/2350 2317/2312/2310
f 2358/2352/2351 2318/2313/2311 2317/2312/2310
f 2359/2354/2352 2319/2314/2312 2318/2313/2311
f 2360/2355/2353 2320/2315/2313 2319/2314/2312
f 2362/2356/2355 2322/2316/2315 2321/2317/2314
f 2362/2356/2355 2363/2358/2356 2323/2318/2316
f 2363/2358/2356 2364/2359/2357 2324/2319/2317
f 2364/2359/2357 2365/2360/2358 2325/2320/2318
f 2365/2360/2358 2366/2361/2359 2326/2321/2319
f 2366/2361/2359 2367/2362/2360 2327/2322/2320
f 2367/2362/2360 2368/2363/2361 2328/2323/2321
f 2368/2363/2361 2369/2365/2362 2329/2325/2322
f 2370/2364/2363 2330/2324/2323 2329/2325/2322
f 2371/2366/2364 2331/2326/2324 2330/2324/2323
f 2371/2366/2364 2372/2368/2365 2332/2327/2325
f 2373/2367/2366 2333/2328/2326 2332/2327/2325
f 2373/2367/2366 2374/2369/2367 2334/2329/2327
f 2374/2369/2367 2375/2371/2368 2335/2330/2328
f 2376/2370/2369 2336/2332/2329 2335/2330/2328
f 2376/2370/2369 2377/2372/2370 2337/2331/2330
f 2377/2372/2370 2378/2374/2371 2338/2333/2331
f 2379/2373/2372 2339/2334/2332 2338/2333/2331
f 2379/2373/2372 2380/2376/2373 2340/2335/2333
f 2381/2375/2374 2341/2336/2334 2340/2335/2333
f 2382/2377/2375 2342/2338/2335 2341/2336/2334
f 2383/2378/2376 2343/2337/2336 2342/2338/2335
f 2383/2378/2376 2384/2379/2377 2344/2339/2337
f 2384/2379/2377 2385/2381/2378 2345/2341/2338
f 2386/2380/2379 2346/2340/2339 2345/2341/2338
f 2386/2380/2379 2387/2383/2380 2347/2342/2340
f 2388/2382/2381 2348/2343/2341 2347/2342/2340
f 2389/2384/2382 2349/2345/2342 2348/2343/2341
f 2389/2384/2382 2390/2386/2383 2350/2344/2343
f 2391/2385/2384 2351/2346/2344 2350/2344/2343
f 2392/2387/2385 2352/2348/2345 2351/2346/2344
f 2392/2387/2385 2393/2388/2386 2353/2347/2346
f 2393/2388/2386 2394/2389/2387 2354/2349/2347
f 2394/2389/2387 2395/2390/2388 2355/2351/2348
f 2395/2390/2388 2396/2391/2389 2356/2350/2349
f 2396/2391/2389 2397/2393/2390 2357/2353/2350
f 2398/2392/2391 2358/2352/2351 2357/2353/2350
f 2399/2394/2392 2359/2354/2352 2358/2352/2351
f 2400/2395/2393 2360/2355/2353 2359/2354/2352
f 2402/2396/2395 2362/2356/2355 2361/2357/2354
f 2402/2396/2395 2403/2398/2396 2363/2358/2356
f 2403/2398/2396 2404/2399/2397 2364/2359/2357
f 2404/2399/2397 2405/2400/2398 2365/2360/2358
f 2405/2400/2398 2406/2401/2399 2366/2361/2359
f 2406/2401/2399 2407/2402/2400 2367/2362/2360
f 2407/2402/2400 2408/2404/2401 2368/2363/2361
f 2409/2403/2402 2369/2365/2362 2368/2363/2361
f 2410/2405/2403 2370/2364/2363 2369/2365/2362
f 2410/2405/2403 2411/2406/2404 2371/2366/2364
f 2411/2406/2404 2412/2408/2405 2372/2368/2365
f 2413/2407/2406 2373/2367/2366 2372/2368/2365
f 2414/2409/2407 2374/2369/2367 2373/2367/2366
f 2414/2409/2407 2415/2410/2408 2375/2371/2368
f 2415/2410/2408 2416/2412/2409 2376/2370/2369
f 2417/2411/2410 2377/2372/2370 2376/2370/2369
f 2418/2413/2411 2378/2374/2371 2377/2372/2370
f 2418/2413/2411 2419/2415/2412 2379/2373/2372
f 2420/2414/2413 2380/2376/2373 2379/2373/2372
f 2421/2416/2414 2381/2375/2374 2380/2376/2373
f 2421/2416/2414 2422/2417/2415 2382/2377/2375
f 2422/2417/2415 2423/2418/2416 2383/2378/2376
f 2423/2418/2416 2424/2419/2417 2384/2379/2377
f 2424/2419/2417 2425/2421/2418 2385/2381/2378
f 2426/2420/2419 2386/2380/2379 2385/2381/2378
f 2427/2422/2420 2387/2383/2380 2386/2380/2379
f 2428/2423/2421 2388/2382/2381 2387/2383/2380
f 2428/2423/2421 2429/2425/2422 2389/2384/2382
f 2430/2424/2423 2390/2386/2383 2389/2384/2382
f 2430/2424/2423 2431/2427/2424 2391/2385/2384
f 2432/2426/2425 2392/2387/2385 2391/2385/2384
f 2432/2426/2425 2433/2429/2426 2393/2388/2386
f 2434/2428/2427 2394/2389/2387 2393/2388/2386
f 2434/2428/2427 2435/2430/2428 2395/2390/2388
f 2435/2430/2428 2436/2431/2429 2396/2391/2389
f 2436/2431/2429 2437/2433/2430 2397/2393/2390
f 2438/2432/2431 2398/2392/2391 2397/2393/2390
f 2439/2434/2432 2399/2394/2392 2398/2392/2391
f 2440/2435/2433 2400/2395/2393 2399/2394/2392
f 2442/2436/2435 2402/2396/2395 2401/2397/2394
f 2443/2438/2436 2403/2398/2396 2402/2396/2395
f 2443/2438/2436 2444/2439/2437 2404/2399/2397
f 2444/2439/2437 2445/2440/2438 2405/2400/2398
f 2445/2440/2438 2446/2441/2439 2406/2401/2399
f 2446/2441/2439 2447/2443/2440 2407/2402/2400
f 2448/2442/2441 2408/2404/2401 2407/2402/2400
f 2448/2442/2441 2449/2445/2442 2409/2403/2402
f 2450/2444/2443 2410/2405/2403 2409/2403/2402
f 2450/2444/2443 2451/2447/2444 2411/2406/2404
f 2452/2446/2445 2412/2408/2405 2411/2406/2404
f 2453/2448/2446 2413/2407/2406 2412/2408/2405
f 2454/2449/2447 2414/2409/2407 2413/2407/2406
f 2455/2450/2448 2415/2410/2408 2414/2409/2407
f 2456/2451/2449 2416/2412/2409 2415/2410/2408
f 2456/2451/2449 2457/2452/2450 2417/2411/2410
f 2457/2452/2450 2458/2454/2451 2418/2413/2411
f 2459/2453/2452 2419/2415/2412 2418/2413/2411
f 2459/2453/2452 2460/2455/2453 2420/2414/2413
f 2460/2455/2453 2461/2456/2454 2421/2416/2414
f 2461/2456/2454 2462/2458/2455 2422/2417/2415
f 2463/2457/2456 2423/2418/2416 2422/2417/2415
f 2464/2459/2457 2424/2419/2417 2423/2418/2416
f 2465/2460/2458 2425/2421/2418 2424/2419/2417
f 2466/2461/2459 2426/2420/2419 2425/2421/2418
f 2466/2461/2459 2467/2462/2460 2427/2422/2420
f 2467/2462/2460 2468/2464/2461 2428/2423/2421
f 2469/2463/2462 2429/2425/2422 2428/2423/2421
f 2470/2465/2463 2430/2424/2423 2429/2425/2422
f 2471/2466/2464 2431/2427/2424 2430/2424/2423
f 2471/2466/2464 2472/2468/2465 2432/2426/2425
f 2473/2467/2466 2433/2429/2426 2432/2426/2425
f 2473/2467/2466 2474/2469/2467 2434/2428/2427
f 2474/2469/2467 2475/2471/2468 2435/2430/2428
f 2476/2470/2469 2436/2431/2429 2435/2430/2428
f 2476/2470/2469 2477/2473/2470 2437/2433/2430
f 2478/2472/2471 2438/2432/2431 2437/2433/2430
f 2479/2474/2472 2439/2434/2432 2438/2432/2431
f 2480/2475/2473 2440/2435/2433 2439/2434/2432
f 2482/2476/2475 2442/2436/2435 2441/2437/2434
f 2483/2478/2476 2443/2438/2436 2442/2436/2435
f 2483/2478/2476 2484/2479/2477 2444/2439/2437
f 2484/2479/2477 2485/2480/2478 2445/2440/2438
f 2485/2480/2478 2486/2482/2479 2446/2441/2439
f 2487/2481/2480 2447/2443/2440 2446/2441/2439
f 2487/2481/2480 2488/2483/2481 2448/2442/2441
f 2488/2483/2481 2489/2485/2482 2449/2445/2442
f 2490/2484/2483 2450/2444/2443 2449/2445/2442
f 2491/2486/2484 2451/2447/2444 2450/2444/2443
f 2491/2486/2484 2492/2487/2485 2452/2446/2445
f 2492/2487/2485 2493/2489/2486 2453/2448/2446
f 2494/2488/2487 2454/2449/2447 2453/2448/2446
f 2495/2490/2488 2455/2450/2448 2454/2449/2447
f 2495/2490/2488 2496/2492/2489 2456/2451/2449
f 2497/2491/2490 2457/2452/2450 2456/2451/2449
f 2497/2491/2490 2498/2494/2491 2458/2454/2451
f 2499/2493/2492 2459/2453/2452 2458/2454/2451
f 2499/2493/2492 2500/2495/2493 2460/2455/2453
f 2500/2495/2493 2501/2496/2494 2461/2456/2454
f 2501/2496/2494 2502/2498/2495 2462/2458/2455
f 2503/2497/2496 2463/2457/2456 2462/2458/2455
f 2503/2497/2496 2504/2499/2497 2464/2459/2457
f 2504/2499/2497 2505/2501/2498 2465/2460/2458
f 2506/2500/2499 2466/2461/2459 2465/2460/2458
f 2506/2500/2499 2507/2503/2500 2467/2462/2460
f 2508/2502/2501 2468/2464/2461 2467/2462/2460
f 2509/2504/2502 2469/2463/2462 2468/2464/2461
f 2509/2504/2502 2510/2505/2503 2470/2465/2463
f 2510/2505/2503 2511/2506/2504 2471/2466/2464
f 2511/2506/2504 2512/2508/2505 2472/2468/2465
f 2513/2507/2506 2473/2467/2466 2472/2468/2465
f 2513/2507/2506 2514/2509/2507 2474/2469/2467
f 2514/2509/2507 2515/2510/2508 2475/2471/2468
f 2515/2510/2508 2516/2511/2509 2476/2470/2469
f 2516/2511/2509 2517/2513/2510 2477/2473/2470
f 2518/2512/2511 2478/2472/2471 2477/2473/2470
f 2518/2512/2511 2519/2515/2512 2479/2474/2472
f 2520/2514/2513 2480/2475/2473 2479/2474/2472
f 2522/2516/2515 2482/2476/2475 2481/2477/2474
f 2523/2518/2516 2483/2478/2476 2482/2476/2475
f 2523/2518/2516 2524/2519/2517 2484/2479/2477
f 2524/2519/2517 2525/2520/2518 2485/2480/2478
f 2525/2520/2518 2526/2522/2519 2486/2482/2479
f 2527/2521/2520 2487/2481/2480 2486/2482/2479
f 2527/2521/2520 2528/2523/2521 2488/2483/2481
f 2528/2523/2521 2529/2525/2522 2489/2485/2482
f 2530/2524/2523 2490/2484/2483 2489/2485/2482
f 2530/2524/2523 2531/2526/2524 2491/2486/2484
f 2531/2526/2524 2532/2527/2525 2492/2487/2485
f 2532/2527/2525 2533/2528/2526 2493/2489/2486
f 2533/2528/2526 2534/2529/2527 2494/2488/2487
f 2534/2529/2527 2535/2530/2528 2495/2490/2488
f 2535/2530/2528 2536/2531/2529 2496/2492/2489
f 2536/2531/2529 2537/2533/2530 2497/2491/2490
f 2538/2532/2531 2498/2494/2491 2497/2491/2490
f 2539/2534/2532 2499/2493/2492 2498/2494/2491
f 2539/2534/2532 2540/2535/2533 2500/2495/2493
f 2540/2535/2533 2541/2536/2534 2501/2496/2494
f 2541/2536/2534 2542/2538/2535 2502/2498/2495
f 2543/2537/2536 2503/2497/2496 2502/2498/2495
f 2544/2539/2537 2504/2499/2497 2503/2497/2496
f 2545/2540/2538 2505/2501/2498 2504/2499/2497
f 2545/2540/2538 2546/2542/2539 2506/2500/2499
f 2547/2541/2540 2507/2503/2500 2506/2500/2499
f 2548/2543/2541 2508/2502/2501 2507/2503/2500
f 2549/2544/2542 2509/2504/2502 2508/2502/2501
f 2550/2545/2543 2510/2505/2503 2509/2504/2502
f 2550/2545/2543 2551/2547/2544 2511/2506/2504
f 2552/2546/2545 2512/2508/2505 2511/2506/2504
f 2553/2548/2546 2513/2507/2506 2512/2508/2505
f 2553/2548/2546 2554/2549/2547 2514/2509/2507
f 2554/2549/2547 2555/2550/2548 2515/2510/2508
f 2555/2550/2548 2556/2551/2549 2516/2511/2509
f 2556/2551/2549 2557/2553/2550 2517/2513/2510
f 2558/2552/2551 2518/2512/2511 2517/2513/2510
f 2558/2552/2551 2559/2555/2552 2519/2515/2512
f 2560/2554/2553 2520/2514/2513 2519/2515/2512
f 2562/2556/2555 2522/2516/2515 2521/2517/2514
f 2563/2558/2556 2523/2518/2516 2522/2516/2515
f 2563/2558/2556 2564/2559/2557 2524/2519/2517
f 2564/2559/2557 2565/2560/2558 2525/2520/2518
f 2565/2560/2558 2566/2562/2559 2526/2522/2519
f 2567/2561/2560 2527/2521/2520 2526/2522/2519
f 2568/2563/2561 2528/2523/2521 2527/2521/2520
f 2569/2564/2562 2529/2525/2522 2528/2523/2521
f 2570/2565/2563 2530/2524/2523 2529/2525/2522
f 2571/2566/2564 2531/2526/2524 2530/2524/2523
f 2572/2567/2565 2532/2527/2525 2531/2526/2524
f 2572/2567/2565 2573/2569/2566 2533/2528/2526
f 2574/2568/2567 2534/2529/2527 2533/2528/2526
f 2574/2568/2567 2575/2571/2568 2535/2530/2528
f 2576/2570/2569 2536/2531/2529 2535/2530/2528
f 2577/2572/2570 2537/2533/2530 2536/2531/2529
f 2578/2573/2571 2538/2532/2531 2537/2533/2530
f 2579/2574/2572 2539/2534/2532 2538/2532/2531
f 2579/2574/2572 2580/2576/2573 2540/2535/2533
f 2581/2575/2574 2541/2536/2534 2540/2535/2533
f 2582/2577/2575 2542/2538/2535 2541/2536/2534
f 2582/2577/2575 2583/2579/2576 2543/2537/2536
f 2584/2578/2577 2544/2539/2537 2543/2537/2536
f 2585/2580/2578 2545/2540/2538 2544/2539/2537
f 2585/2580/2578 2586/2582/2579 2546/2542/2539
f 2587/2581/2580 2547/2541/2540 2546/2542/2539
f 2587/2581/2580 2588/2584/2581 2548/2543/2541
f 2589/2583/2582 2549/2544/2542 2548/2543/2541
f 2589/2583/2582 2590/2586/2583 2550/2545/2543
f 2591/2585/2584 2551/2547/2544 2550/2545/2543
f 2591/2585/2584 2592/2587/2585 2552/2546/2545
f 2592/2587/2585 2593/2588/2586 2553/2548/2546
f 2593/2588/2586 2594/2589/2587 2554/2549/2547
f 2594/2589/2587 2595/2590/2588 2555/2550/2548
f 2595/2590/2588 2596/2591/2589 2556/2551/2549
f 2596/2591/2589 2597/2593/2590 2557/2553/2550
f 2598/2592/2591 2558/2552/2551 2557/2553/2550
f 2599/2594/2592 2559/2555/2552 2558/2552/2551
f 2600/2595/2593 2560/2554/2553 2559/2555/2552
f 2602/2596/2595 2562/2556/2555 2561/2557/2554
f 2603/2598/2596 2563/2558/2556 2562/2556/2555
f 2603/2598/2596 2604/2599/2597 2564/2559/2557
f 2604/2599/2597 2605/2601/2598 2565/2560/2558
f 2606/2600/2599 2566/2562/2559 2565/2560/2558
f 2607/2602/2600 2567/2561/2560 2566/2562/2559
f 2607/2602/2600 2608/2604/2601 2568/2563/2561
f 2609/2603/2602 2569/2564/2562 2568/2563/2561
f 2610/2605/2603 2570/2565/2563 2569/2564/2562
f 2610/2605/2603 2611/2606/2604 2571/2566/2564
f 2611/2606/2604 2612/2607/2605 2572/2567/2565
f 2612/2607/2605 2613/2608/2606 2573/2569/2566
f 2613/2608/2606 2614/2609/2607 2574/2568/2567
f 2614/2609/2607 2615/2611/2608 2575/2571/2568
f 2616/2610/2609 2576/2570/2569 2575/2571/2568
f 2616/2610/2609 2617/2612/2610 2577/2572/2570
f 2617/2612/2610 2618/2613/2611 2578/2573/2571
f 2618/2613/2611 2619/2615/2612 2579/2574/2572
f 2620/2614/2613 2580/2576/2573 2579/2574/2572
f 2621/2616/2614 2581/2575/2574 2580/2576/2573
f 2622/2617/2615 2582/2577/2575 2581/2575/2574
f 2622/2617/2615 2623/2618/2616 2583/2579/2576
f 2623/2618/2616 2624/2619/2617 2584/2578/2577
f 2624/2619/2617 2625/2620/2618 2585/2580/2578
f 2625/2620/2618 2626/2622/2619 2586/2582/2579
f 2627/2621/2620 2587/2581/2580 2586/2582/2579
f 2627/2621/2620 2628/2623/2621 2588/2584/2581
f 2628/2623/2621 2629/2625/2622 2589/2583/2582
f 2630/2624/2623 2590/2586/2583 2589/2583/2582
f 2631/2626/2624 2591/2585/2584 2590/2586/2583
f 2632/2627/2625 2592/2587/2585 2591/2585/2584
f 2633/2628/2626 2593/2588/2586 2592/2587/2585
f 2633/2628/2626 2634/2629/2627 2594/2589/2587
f 2634/2629/2627 2635/2630/2628 2595/2590/2588
f 2635/2630/2628 2636/2631/2629 2596/2591/2589
f 2636/2631/2629 2637/2633/2630 2597/2593/2590
f 2638/2632/2631 2598/2592/2591 2597/2593/2590
f 2639/2634/2632 2599/2594/2592 2598/2592/2591
f 2640/2635/2633 2600/2595/2593 2599/2594/2592
f 2642/2636/2635 2602/2596/2595 2601/2597/2594
f 2643/2638/2636 2603/2598/2596 2602/2596/2595
f 2643/2638/2636 2644/2639/2637 2604/2599/2597
f 2644/2639/2637 2645/2641/2638 2605/2601/2598
f 2646/2640/2639 2606/2600/2599 2605/2601/2598
f 2647/2642/2640 2607/2602/2600 2606/2600/2599
f 2647/2642/2640 2648/2643/2641 2608/2604/2601
f 2648/2643/2641 2649/2644/2642 2609/2603/2602
f 2649/2644/2642 2650/2645/2643 2610/2605/2603
f 2650/2645/2643 2651/2646/2644 2611/2606/2604
f 2651/2646/2644 2652/2647/2645 2612/2607/2605
f 2652/2647/2645 2653/2648/2646 2613/2608/2606
f 2653/2648/2646 2654/2650/2647 2614/2609/2607
f 2655/2649/2648 2615/2611/2608 2614/2609/2607
f 2655/2649/2648 2656/2651/2649 2616/2610/2609
f 2656/2651/2649 2657/2652/2650 2617/2612/2610
f 2657/2652/2650 2658/2653/2651 2618/2613/2611
f 2658/2653/2651 2659/2654/2652 2619/2615/2612
f 2659/2654/2652 2660/2656/2653 2620/2614/2613
f 2661/2655/2654 2621/2616/2614 2620/2614/2613
f 2661/2655/2654 2662/2657/2655 2622/2617/2615
f 2662/2657/2655 2663/2658/2656 2623/2618/2616
f 2663/2658/2656 2664/2660/2657 2624/2619/2617
f 2665/2659/2658 2625/2620/2618 2624/2619/2617
f 2665/2659/2658 2666/2662/2659 2626/2622/2619
f 2667/2661/2660 2627/2621/2620 2626/2622/2619
f 2668/2663/2661 2628/2623/2621 2627/2621/2620
f 2669/2664/2662 2629/2625/2622 2628/2623/2621
f 2669/2664/2662 2670/2666/2663 2630/2624/2623
f 2671/2665/2664 2631/2626/2624 2630/2624/2623
f 2671/2665/2664 2672/2667/2665 2632/2627/2625
f 2672/2667/2665 2673/2668/2666 2633/2628/2626
f 2673/2668/2666 2674/2670/2667 2634/2629/2627
f 2675/2669/2668 2635/2630/2628 2634/2629/2627
f 2675/2669/2668 2676/2671/2669 2636/2631/2629
f 2676/2671/2669 2677/2673/2670 2637/2633/2630
f 2678/2672/2671 2638/2632/2631 2637/2633/2630
f 2679/2674/2672 2639/2634/2632 2638/2632/2631
f 2680/2675/2673 2640/2635/2633 2639/2634/2632
f 2682/2676/2675 2642/2636/2635 2641/2637/2634
f 2683/2678/2676 2643/2638/2636 2642/2636/2635
f 2683/2678/2676 2684/2679/2677 2644/2639/2637
f 2684/2679/2677 2685/2681/2678 2645/2641/2638
f 2686/2680/2679 2646/2640/2639 2645/2641/2638
f 2687/2682/2680 2647/2642/2640 2646/2640/2639
f 2687/2682/2680 2688/2683/2681 2648/2643/2641
f 2688/2683/2681 2689/2684/2682 2649/2644/2642
f 2689/2684/2682 2690/2685/2683 2650/2645/2643
f 2690/2685/2683 2691/2686/2684 2651/2646/2644
f 2691/2686/2684 2692/2687/2685 2652/2647/2645
f 2692/2687/2685 2693/2688/2686 2653/2648/2646
f 2693/2688/2686 2694/2689/2687 2654/2650/2647
f 2694/2689/2687 2695/2690/2688 2655/2649/2648
f 2695/2690/2688 2696/2692/2689 2656/2651/2649
f 2697/2691/2690 2657/2652/2650 2656/2651/2649
f 2698/2693/2691 2658/2653/2651 2657/2652/2650
f 2698/2693/2691 2699/2694/2692 2659/2654/2652
f 2699/2694/2692 2700/2695/2693 2660/2656/2653
f 2700/2695/2693 2701/2696/2694 2661/2655/2654
f 2701/2696/2694 2702/2698/2695 2662/2657/2655
f 2703/2697/2696 2663/2658/2656 2662/2657/2655
f 2703/2697/2696 2704/2700/2697 2664/2660/2657
f 2705/2699/2698 2665/2659/2658 2664/2660/2657
f 2706/2701/2699 2666/2662/2659 2665/2659/2658
f 2706/2701/2699 2707/2702/2700 2667/2661/2660
f 2707/2702/2700 2708/2703/2701 2668/2663/2661
f 2708/2703/2701 2709/2705/2702 2669/2664/2662
f 2710/2704/2703 2670/2666/2663 2669/2664/2662
f 2711/2706/2704 2671/2665/2664 2670/2666/2663
f 2712/2707/2705 2672/2667/2665 2671/2665/2664
f 2712/2707/2705 2713/2708/2706 2673/2668/2666
f 2713/2708/2706 2714/2709/2707 2674/2670/2667
f 2714/2709/2707 2715/2710/2708 2675/2669/2668
f 2715/2710/2708 2716/2711/2709 2676/2671/2669
f 2716/2711/2709 2717/2713/2710 2677/2673/2670
f 2718/2712/2711 2678/2672/2671 2677/2673/2670
f 2719/2714/2712 2679/2674/2672 2678/2672/2671
f 2720/2715/2713 2680/2675/2673 2679/2674/2672
f 2722/2716/2715 2682/2676/2675 2681/2677/2674
f 2723/2718/2716 2683/2678/2676 2682/2676/2675
f 2724/2719/2717 2684/2679/2677 2683/2678/2676
f 2724/2719/2717 2725/2721/2718 2685/2681/2678
f 2726/2720/2719 2686/2680/2679 2685/2681/2678
f 2727/2722/2720 2687/2682/2680 2686/2680/2679
f 2728/2723/2721 2688/2683/2681 2687/2682/2680
f 2729/2724/2722 2689/2684/2682 2688/2683/2681
f 2730/2725/2723 2690/2685/2683 2689/2684/2682
f 2730/2725/2723 2731/2727/2724 2691/2686/2684
f 2732/2726/2725 2692/2687/2685 2691/2686/2684
f 2732/2726/2725 2733/2728/2726 2693/2688/2686
f 2733/2728/2726 2734/2730/2727 2694/2689/2687
f 2735/2729/2728 2695/2690/2688 2694/2689/2687
f 2735/2729/2728 2736/2731/2729 2696/2692/2689
f 2736/2731/2729 2737/2733/2730 2697/2691/2690
f 2738/2732/2731 2698/2693/2691 2697/2691/2690
f 2738/2732/2731 2739/2734/2732 2699/2694/2692
f 2739/2734/2732 2740/2736/2733 2700/2695/2693
f 2741/2735/2734 2701/2696/2694 2700/2695/2693
f 2742/2737/2735 2702/2698/2695 2701/2696/2694
f 2743/2738/2736 2703/2697/2696 2702/2698/2695
f 2743/2738/2736 2744/2739/2737 2704/2700/2697
f 2744/2739/2737 2745/2740/2738 2705/2699/2698
f 2745/2740/2738 2746/2741/2739 2706/2701/2699
f 2746/2741/2739 2747/2742/2740 2707/2702/2700
f 2747/2742/2740 2748/2743/2741 2708/2703/2701
f 2748/2743/2741 2749/2745/2742 2709/2705/2702
f 2750/2744/2743 2710/2704/2703 2709/2705/2702
f 2750/2744/2743 2751/2747/2744 2711/2706/2704
f 2752/2746/2745 2712/2707/2705 2711/2706/2704
f 2752/2746/2745 2753/2748/2746 2713/2708/2706
f 2753/2748/2746 2754/2750/2747 2714/2709/2707
f 2755/2749/2748 2715/2710/2708 2714/2709/2707
f 2755/2749/2748 2756/2751/2749 2716/2711/2709
f 2756/2751/2749 2757/2753/2750 2717/2713/2710
f 2758/2752/2751 2718/2712/2711 2717/2713/2710
f 2759/2754/2752 2719/2714/2712 2718/2712/2711
f 2759/2754/2752 2760/2794/2753 2720/2715/2713
f 2762/2755/2755 2722/2716/2715 2721/2717/2714
f 2763/2757/2756 2723/2718/2716 2722/2716/2715
f 2764/2758/2757 2724/2719/2717 2723/2718/2716
f 2764/2758/2757 2765/2760/2758 2725/2721/2718
f 2766/2759/2759 2726/2720/2719 2725/2721/2718
f 2767/2761/2760 2727/2722/2720 2726/2720/2719
f 2767/2761/2760 2768/2763/2761 2728/2723/2721
f 2769/2762/2762 2729/2724/2722 2728/2723/2721
f 2769/2762/2762 2770/2765/2763 2730/2725/2723
f 2771/2764/2764 2731/2727/2724 2730/2725/2723
f 2772/2766/2765 2732/2726/2725 2731/2727/2724
f 2772/2766/2765 2773/2768/2766 2733/2728/2726
f 2774/2767/2767 2734/2730/2727 2733/2728/2726
f 2774/2767/2767 2775/2769/2768 2735/2729/2728
f 2775/2769/2768 2776/2771/2769 2736/2731/2729
f 2777/2770/2770 2737/2733/2730 2736/2731/2729
f 2777/2770/2770 2778/2772/2771 2738/2732/2731
f 2778/2772/2771 2779/2773/2772 2739/2734/2732
f 2779/2773/2772 2780/2774/2773 2740/2736/2733
f 2780/2774/2773 2781/2775/2774 2741/2735/2734
f 2781/2775/2774 2782/2777/2775 2742/2737/2735
f 2783/2776/2776 2743/2738/2736 2742/2737/2735
f 2783/2776/2776 2784/2779/2777 2744/2739/2737
f 2785/2778/2778 2745/2740/2738 2744/2739/2737
f 2785/2778/2778 2786/2781/2779 2746/2741/2739
f 2787/2780/2780 2747/2742/2740 2746/2741/2739
f 2787/2780/2780 2788/2783/2781 2748/2743/2741
f 2789/2782/2782 2749/2745/2742 2748/2743/2741
f 2789/2782/2782 2790/2785/2783 2750/2744/2743
f 2791/2784/2784 2751/2747/2744 2750/2744/2743
f 2791/2784/2784 2792/2786/2785 2752/2746/2745
f 2792/2786/2785 2793/2787/2786 2753/2748/2746
f 2793/2787/2786 2794/2789/2787 2754/2750/2747
f 2795/2788/2788 2755/2749/2748 2754/2750/2747
f 2795/2788/2788 2796/2790/2789 2756/2751/2749
f 2796/2790/2789 2797/2792/2790 2757/2753/2750
f 2798/2791/2791 2758/2752/2751 2757/2753/2750
f 2799/2793/2792 2759/2754/2752 2758/2752/2751
f 2799/2793/2792 2800/2834/2793 2760/2794/2753
f 2801/2795/2794 2802/2797/2795 2762/2755/2755
f 2803/2796/2796 2763/2757/2756 2762/2755/2755
f 2804/2798/2797 2764/2758/2757 2763/2757/2756
f 2804/2798/2797 2805/2799/2798 2765/2760/2758
f 2805/2799/2798 2806/2801/2799 2766/2759/2759
f 2807/2800/2800 2767/2761/2760 2766/2759/2759
f 2808/2802/2801 2768/2763/2761 2767/2761/2760
f 2808/2802/2801 2809/2803/2802 2769/2762/2762
f 2809/2803/2802 2810/2804/2803 2770/2765/2763
f 2810/2804/2803 2811/2806/2804 2771/2764/2764
f 2812/2805/2805 2772/2766/2765 2771/2764/2764
f 2812/2805/2805 2813/2807/2806 2773/2768/2766
f 2813/2807/2806 2814/2808/2807 2774/2767/2767
f 2814/2808/2807 2815/2810/2808 2775/2769/2768
f 2816/2809/2809 2776/2771/2769 2775/2769/2768
f 2816/2809/2809 2817/2811/2810 2777/2770/2770
f 2817/2811/2810 2818/2812/2811 2778/2772/2771
f 2818/2812/2811 2819/2814/2812 2779/2773/2772
f 2820/2813/2813 2780/2774/2773 2779/2773/2772
f 2821/2815/2814 2781/2775/2774 2780/2774/2773
f 2822/2816/2815 2782/2777/2775 2781/2775/2774
f 2823/2817/2816 2783/2776/2776 2782/2777/2775
f 2824/2818/2817 2784/2779/2777 2783/2776/2776
f 2824/2818/2817 2825/2820/2818 2785/2778/2778
f 2826/2819/2819 2786/2781/2779 2785/2778/2778
f 2827/2821/2820 2787/2780/2780 2786/2781/2779
f 2827/2821/2820 2828/2822/2821 2788/2783/2781
f 2828/2822/2821 2829/2824/2822 2789/2782/2782
f 2830/2823/2823 2790/2785/2783 2789/2782/2782
f 2831/2825/2824 2791/2784/2784 2790/2785/2783
f 2832/2826/2825 2792/2786/2785 2791/2784/2784
f 2833/2827/2826 2793/2787/2786 2792/2786/2785
f 2834/2828/2827 2794/2789/2787 2793/2787/2786
f 2834/2828/2827 2835/2829/2828 2795/2788/2788
f 2835/2829/2828 2836/2830/2829 2796/2790/2789
f 2836/2830/2829 2837/2832/2830 2797/2792/2790
f 2838/2831/2831 2798/2791/2791 2797/2792/2790
f 2839/2833/2832 2799/2793/2792 2798/2791/2791
f 2839/2833/2832 2840/2874/2833 2800/2834/2793
f 2841/2835/2834 2842/2837/2835 2802/2797/2795
f 2843/2836/2836 2803/2796/2796 2802/2797/2795
f 2844/2838/2837 2804/2798/2797 2803/2796/2796
f 2845/2839/2838 2805/2799/2798 2804/2798/2797
f 2845/2839/2838 2846/2841/2839 2806/2801/2799
f 2847/2840/2840 2807/2800/2800 2806/2801/2799
f 2847/2840/2840 2848/2842/2841 2808/2802/2801
f 2848/2842/2841 2849/2844/2842 2809/2803/2802
f 2850/2843/2843 2810/2804/2803 2809/2803/2802
f 2851/2845/2844 2811/2806/2804 2810/2804/2803
f 2851/2845/2844 2852/2846/2845 2812/2805/2805
f 2852/2846/2845 2853/2848/2846 2813/2807/2806
f 2854/2847/2847 2814/2808/2807 2813/2807/2806
f 2855/2849/2848 2815/2810/2808 2814/2808/2807
f 2856/2850/2849 2816/2809/2809 2815/2810/2808
f 2856/2850/2849 2857/2852/2850 2817/2811/2810
f 2858/2851/2851 2818/2812/2811 2817/2811/2810
f 2858/2851/2851 2859/2854/2852 2819/2814/2812
f 2860/2853/2853 2820/2813/2813 2819/2814/2812
f 2860/2853/2853 2861/2855/2854 2821/2815/2814
f 2861/2855/2854 2862/2857/2855 2822/2816/2815
f 2863/2856/2856 2823/2817/2816 2822/2816/2815
f 2863/2856/2856 2864/2858/2857 2824/2818/2817
f 2864/2858/2857 2865/2860/2858 2825/2820/2818
f 2866/2859/2859 2826/2819/2819 2825/2820/2818
f 2866/2859/2859 2867/2861/2860 2827/2821/2820
f 2867/2861/2860 2868/2863/2861 2828/2822/2821
f 2869/2862/2862 2829/2824/2822 2828/2822/2821
f 2870/2864/2863 2830/2823/2823 2829/2824/2822
f 2871/2865/2864 2831/2825/2824 2830/2823/2823
f 2872/2866/2865 2832/2826/2825 2831/2825/2824
f 2873/2867/2866 2833/2827/2826 2832/2826/2825
f 2874/2868/2867 2834/2828/2827 2833/2827/2826
f 2875/2869/2868 2835/2829/2828 2834/2828/2827
f 2876/2870/2869 2836/2830/2829 2835/2829/2828
f 2877/2871/2870 2837/2832/2830 2836/2830/2829
f 2877/2871/2870 2878/2873/2871 2838/2831/2831
f 2879/2872/2872 2839/2833/2832 2838/2831/2831
f 2879/2872/2872 2880/5117/2873 2840/2874/2833
f 2881/2875/2874 2882/2877/2875 2842/2837/2835
f 2883/2876/2876 2843/2836/2836 2842/2837/2835
f 2883/2876/2876 2884/2879/2877 2844/2838/2837
f 2885/2878/2878 2845/2839/2838 2844/2838/2837
f 2885/2878/2878 2886/2881/2879 2846/2841/2839
f 2887/2880/2880 2847/2840/2840 2846/2841/2839
f 2888/2882/2881 2848/2842/2841 2847/2840/2840
f 2889/2883/2882 2849/2844/2842 2848/2842/2841
f 2889/2883/2882 2890/2885/2883 2850/2843/2843
f 2891/2884/2884 2851/2845/2844 2850/2843/2843
f 2891/2884/2884 2892/2886/2885 2852/2846/2845
f 2892/2886/2885 2893/2888/2886 2853/2848/2846
f 2894/2887/2887 2854/2847/2847 2853/2848/2846
f 2894/2887/2887 2895/2889/2888 2855/2849/2848
f 2895/2889/2888 2896/2891/2889 2856/2850/2849
f 2897/2890/2890 2857/2852/2850 2856/2850/2849
f 2897/2890/2890 2898/2893/2891 2858/2851/2851
f 2899/2892/2892 2859/2854/2852 2858/2851/2851
f 2899/2892/2892 2900/2894/2893 2860/2853/2853
f 2900/2894/2893 2901/2895/2894 2861/2855/2854
f 2901/2895/2894 2902/2897/2895 2862/2857/2855
f 2903/2896/2896 2863/2856/2856 2862/2857/2855
f 2904/2898/2897 2864/2858/2857 2863/2856/2856
f 2904/2898/2897 2905/2899/2898 2865/2860/2858
f 2905/2899/2898 2906/2901/2899 2866/2859/2859
f 2907/2900/2900 2867/2861/2860 2866/2859/2859
f 2908/2902/2901 2868/2863/2861 2867/2861/2860
f 2908/2902/2901 2909/2904/2902 2869/2862/2862
f 2910/2903/2903 2870/2864/2863 2869/2862/2862
f 2911/2905/2904 2871/2865/2864 2870/2864/2863
f 2911/2905/2904 2912/2907/2905 2872/2866/2865
f 2913/2906/2906 2873/2867/2866 2872/2866/2865
f 2914/2908/2907 2874/2868/2867 2873/2867/2866
f 2914/2908/2907 2915/2910/2908 2875/2869/2868
f 2916/2909/2909 2876/2870/2869 2875/2869/2868
f 2917/2911/2910 2877/2871/2870 2876/2870/2869
f 2917/2911/2910 2918/2913/2911 2878/2873/2871
f 2919/2912/2912 2879/2872/2872 2878/2873/2871
f 2920/2914/2913 2880/5117/2873 2879/2872/2872
f 2922/2915/2915 2882/2877/2875 2881/2875/2874
f 2922/2915/2915 2923/2917/2916 2883/2876/2876
f 2923/2917/2916 2924/2919/2917 2884/2879/2877
f 2925/2918/2918 2885/2878/2878 2884/2879/2877
f 2926/2920/2919 2886/2881/2879 2885/2878/2878
f 2927/2921/2920 2887/2880/2880 2886/2881/2879
f 2928/2922/2921 2888/2882/2881 2887/2880/2880
f 2929/2923/2922 2889/2883/2882 2888/2882/2881
f 2930/2924/2923 2890/2885/2883 2889/2883/2882
f 2930/2924/2923 2931/2925/2924 2891/2884/2884
f 2931/2925/2924 2932/2927/2925 2892/2886/2885
f 2933/2926/2926 2893/2888/2886 2892/2886/2885
f 2934/2928/2927 2894/2887/2887 2893/2888/2886
f 2934/2928/2927 2935/2930/2928 2895/2889/2888
f 2936/2929/2929 2896/2891/2889 2895/2889/2888
f 2936/2929/2929 2937/2932/2930 2897/2890/2890
f 2938/2931/2931 2898/2893/2891 2897/2890/2890
f 2939/2933/2932 2899/2892/2892 2898/2893/2891
f 2940/2934/2933 2900/2894/2893 2899/2892/2892
f 2941/2935/2934 2901/2895/2894 2900/2894/2893
f 2941/2935/2934 2942/2936/2935 2902/2897/2895
f 2942/2936/2935 2943/2937/2936 2903/2896/2896
f 2943/2937/2936 2944/2938/2937 2904/2898/2897
f 2944/2938/2937 2945/2940/2938 2905/2899/2898
f 2946/2939/2939 2906/2901/2899 2905/2899/2898
f 2947/2941/2940 2907/2900/2900 2906/2901/2899
f 2948/2942/2941 2908/2902/2901 2907/2900/2900
f 2948/2942/2941 2949/2944/2942 2909/2904/2902
f 2950/2943/2943 2910/2903/2903 2909/2904/2902
f 2951/2945/2944 2911/2905/2904 2910/2903/2903
f 2952/2946/2945 2912/2907/2905 2911/2905/2904
f 2953/2947/2946 2913/2906/2906 2912/2907/2905
f 2954/2948/2947 2914/2908/2907 2913/2906/2906
f 2954/2948/2947 2955/2950/2948 2915/2910/2908
f 2956/2949/2949 2916/2909/2909 2915/2910/2908
f 2957/2951/2950 2917/2911/2910 2916/2909/2909
f 2957/2951/2950 2958/2953/2951 2918/2913/2911
f 2959/2952/2952 2919/2912/2912 2918/2913/2911
f 2960/2954/2953 2920/2914/2913 2919/2912/2912
f 2962/2955/2955 2922/2915/2915 2921/2916/2914
f 2962/2955/2955 2963/2957/2956 2923/2917/2916
f 2963/2957/2956 2964/2959/2957 2924/2919/2917
f 2965/2958/2958 2925/2918/2918 2924/2919/2917
f 2966/2960/2959 2926/2920/2919 2925/2918/2918
f 2967/2961/2960 2927/2921/2920 2926/2920/2919
f 2968/2962/2961 2928/2922/2921 2927/2921/2920
f 2968/2962/2961 2969/2963/2962 2929/2923/2922
f 2969/2963/2962 2970/2965/2963 2930/2924/2923
f 2971/2964/2964 2931/2925/2924 2930/2924/2923
f 2971/2964/2964 2972/2966/2965 2932/2927/2925
f 2972/2966/2965 2973/2968/2966 2933/2926/2926
f 2974/2967/2967 2934/2928/2927 2933/2926/2926
f 2975/2969/2968 2935/2930/2928 2934/2928/2927
f 2975/2969/2968 2976/2971/2969 2936/2929/2929
f 2977/2970/2970 2937/2932/2930 2936/2929/2929
f 2977/2970/2970 2978/2973/2971 2938/2931/2931
f 2979/2972/2972 2939/2933/2932 2938/2931/2931
f 2979/2972/2972 2980/2974/2973 2940/2934/2933
f 2980/2974/2973 2981/2975/2974 2941/2935/2934
f 2981/2975/2974 2982/2977/2975 2942/2936/2935
f 2983/2976/2976 2943/2937/2936 2942/2936/2935
f 2983/2976/2976 2984/2979/2977 2944/2938/2937
f 2985/2978/2978 2945/2940/2938 2944/2938/2937
f 2986/2980/2979 2946/2939/2939 2945/2940/2938
f 2987/2981/2980 2947/2941/2940 2946/2939/2939
f 2987/2981/2980 2988/2983/2981 2948/2942/2941
f 2989/2982/2982 2949/2944/2942 2948/2942/2941
f 2989/2982/2982 2990/2985/2983 2950/2943/2943
f 2991/2984/2984 2951/2945/2944 2950/2943/2943
f 2992/2986/2985 2952/2946/2945 2951/2945/2944
f 2993/2987/2986 2953/2947/2946 2952/2946/2945
f 2994/2988/2987 2954/2948/2947 2953/2947/2946
f 2994/2988/2987 2995/2990/2988 2955/2950/2948
f 2996/2989/2989 2956/2949/2949 2955/2950/2948
f 2997/2991/2990 2957/2951/2950 2956/2949/2949
f 2997/2991/2990 2998/2993/2991 2958/2953/2951
f 2999/2992/2992 2959/2952/2952 2958/2953/2951
f 3000/2994/2993 2960/2954/2953 2959/2952/2952
f 3002/2995/2995 2962/2955/2955 2961/2956/2954
f 3002/2995/2995 3003/2997/2996 2963/2957/2956
f 3003/2997/2996 3004/2999/2997 2964/2959/2957
f 3005/2998/2998 2965/2958/2958 2964/2959/2957
f 3006/3000/2999 2966/2960/2959 2965/2958/2958
f 3006/3000/2999 3007/3001/3000 2967/2961/2960
f 3007/3001/3000 3008/3003/3001 2968/2962/2961
f 3009/3002/3002 2969/2963/2962 2968/2962/2961
f 3010/3004/3003 2970/2965/2963 2969/2963/2962
f 3010/3004/3003 3011/3006/3004 2971/2964/2964
f 3012/3005/3005 2972/2966/2965 2971/2964/2964
f 3013/3007/3006 2973/2968/2966 2972/2966/2965
f 3014/3008/3007 2974/2967/2967 2973/2968/2966
f 3014/3008/3007 3015/3010/3008 2975/2969/2968
f 3016/3009/3009 2976/2971/2969 2975/2969/2968
f 3017/3011/3010 2977/2970/2970 2976/2971/2969
f 3017/3011/3010 3018/3013/3011 2978/2973/2971
f 3019/3012/3012 2979/2972/2972 2978/2973/2971
f 3019/3012/3012 3020/3015/3013 2980/2974/2973
f 3021/3014/3014 2981/2975/2974 2980/2974/2973
f 3022/3016/3015 2982/2977/2975 2981/2975/2974
f 3022/3016/3015 3023/3017/3016 2983/2976/2976
f 3023/3017/3016 3024/3019/3017 2984/2979/2977
f 3025/3018/3018 2985/2978/2978 2984/2979/2977
f 3026/3020/3019 2986/2980/2979 2985/2978/2978
f 3026/3020/3019 3027/3022/3020 2987/2981/2980
f 3028/3021/3021 2988/2983/2981 2987/2981/2980
f 3028/3021/3021 3029/3023/3022 2989/2982/2982
f 3029/3023/3022 3030/3024/3023 2990/2985/2983
f 3030/3024/3023 3031/3025/3024 2991/2984/2984
f 3031/3025/3024 3032/3027/3025 2992/2986/2985
f 3033/3026/3026 2993/2987/2986 2992/2986/2985
f 3034/3028/3027 2994/2988/2987 2993/2987/2986
f 3034/3028/3027 3035/3030/3028 2995/2990/2988
f 3036/3029/3029 2996/2989/2989 2995/2990/2988
f 3037/3031/3030 2997/2991/2990 2996/2989/2989
f 3037/3031/3030 3038/3033/3031 2998/2993/2991
f 3039/3032/3032 2999/2992/2992 2998/2993/2991
f 3040/3034/3033 3000/2994/2993 2999/2992/2992
f 3042/3035/3035 3002/2995/2995 3001/2996/2994
f 3042/3035/3035 3043/3037/3036 3003/2997/2996
f 3043/3037/3036 3044/3039/3037 3004/2999/2997
f 3045/3038/3038 3005/2998/2998 3004/2999/2997
f 3045/3038/3038 3046/3041/3039 3006/3000/2999
f 3047/3040/3040 3007/3001/3000 3006/3000/2999
f 3048/3042/3041 3008/3003/3001 3007/3001/3000
f 3049/3043/3042 3009/3002/3002 3008/3003/3001
f 3050/3044/3043 3010/3004/3003 3009/3002/3002
f 3050/3044/3043 3051/3046/3044 3011/3006/3004
f 3052/3045/3045 3012/3005/3005 3011/3006/3004
f 3052/3045/3045 3053/3048/3046 3013/3007/3006
f 3054/3047/3047 3014/3008/3007 3013/3007/3006
f 3055/3049/3048 3015/3010/3008 3014/3008/3007
f 3055/3049/3048 3056/3050/3049 3016/3009/3009
f 3056/3050/3049 3057/3051/3050 3017/3011/3010
f 3057/3051/3050 3058/3053/3051 3018/3013/3011
f 3059/3052/3052 3019/3012/3012 3018/3013/3011
f 3060/3054/3053 3020/3015/3013 3019/3012/3012
f 3060/3054/3053 3061/3056/3054 3021/3014/3014
f 3062/3055/3055 3022/3016/3015 3021/3014/3014
f 3062/3055/3055 3063/3058/3056 3023/3017/3016
f 3064/3057/3057 3024/3019/3017 3023/3017/3016
f 3065/3059/3058 3025/3018/3018 3024/3019/3017
f 3066/3060/3059 3026/3020/3019 3025/3018/3018
f 3067/3061/3060 3027/3022/3020 3026/3020/3019
f 3067/3061/3060 3068/3063/3061 3028/3021/3021
f 3069/3062/3062 3029/3023/3022 3028/3021/3021
f 3069/3062/3062 3070/3065/3063 3030/3024/3023
f 3071/3064/3064 3031/3025/3024 3030/3024/3023
f 3072/3066/3065 3032/3027/3025 3031/3025/3024
f 3072/3066/3065 3073/3067/3066 3033/3026/3026
f 3073/3067/3066 3074/3069/3067 3034/3028/3027
f 3075/3068/3068 3035/3030/3028 3034/3028/3027
f 3076/3070/3069 3036/3029/3029 3035/3030/3028
f 3077/3071/3070 3037/3031/3030 3036/3029/3029
f 3078/3072/3071 3038/3033/3031 3037/3031/3030
f 3079/3073/3072 3039/3032/3032 3038/3033/3031
f 3080/3074/3073 3040/3034/3033 3039/3032/3032
f 3082/3075/3075 3042/3035/3035 3041/3036/3034
f 3082/3075/3075 3083/3077/3076 3043/3037/3036
f 3083/3077/3076 3084/3079/3077 3044/3039/3037
f 3085/3078/3078 3045/3038/3038 3044/3039/3037
f 3086/3080/3079 3046/3041/3039 3045/3038/3038
f 3087/3081/3080 3047/3040/3040 3046/3041/3039
f 3088/3082/3081 3048/3042/3041 3047/3040/3040
f 3088/3082/3081 3089/3083/3082 3049/3043/3042
f 3089/3083/3082 3090/3085/3083 3050/3044/3043
f 3091/3084/3084 3051/3046/3044 3050/3044/3043
f 3091/3084/3084 3092/3087/3085 3052/3045/3045
f 3093/3086/3086 3053/3048/3046 3052/3045/3045
f 3093/3086/3086 3094/3088/3087 3054/3047/3047
f 3094/3088/3087 3095/3089/3088 3055/3049/3048
f 3095/3089/3088 3096/3091/3089 3056/3050/3049
f 3097/3090/3090 3057/3051/3050 3056/3050/3049
f 3098/3092/3091 3058/3053/3051 3057/3051/3050
f 3098/3092/3091 3099/3093/3092 3059/3052/3052
f 3099/3093/3092 3100/3095/3093 3060/3054/3053
f 3101/3094/3094 3061/3056/3054 3060/3054/3053
f 3101/3094/3094 3102/3097/3095 3062/3055/3055
f 3103/3096/3096 3063/3058/3056 3062/3055/3055
f 3104/3098/3097 3064/3057/3057 3063/3058/3056
f 3104/3098/3097 3105/3099/3098 3065/3059/3058
f 3105/3099/3098 3106/3101/3099 3066/3060/3059
f 3107/3100/3100 3067/3061/3060 3066/3060/3059
f 3107/3100/3100 3108/3102/3101 3068/3063/3061
f 3108/3102/3101 3109/3103/3102 3069/3062/3062
f 3109/3103/3102 3110/3104/3103 3070/3065/3063
f 3110/3104/3103 3111/3106/3104 3071/3064/3064
f 3112/3105/3105 3072/3066/3065 3071/3064/3064
f 3113/3107/3106 3073/3067/3066 3072/3066/3065
f 3114/3108/3107 3074/3069/3067 3073/3067/3066
f 3115/3109/3108 3075/3068/3068 3074/3069/3067
f 3116/3110/3109 3076/3070/3069 3075/3068/3068
f 3117/3111/3110 3077/3071/3070 3076/3070/3069
f 3117/3111/3110 3118/3112/3111 3078/3072/3071
f 3118/3112/3111 3119/3114/3112 3079/3073/3072
f 3120/3113/3113 3080/3074/3073 3079/3073/3072
f 3122/3115/3115 3082/3075/3075 3081/3076/3074
f 3122/3115/3115 3123/3117/3116 3083/3077/3076
f 3123/3117/3116 3124/3119/3117 3084/3079/3077
f 3125/3118/3118 3085/3078/3078 3084/3079/3077
f 3126/3120/3119 3086/3080/3079 3085/3078/3078
f 3126/3120/3119 3127/3121/3120 3087/3081/3080
f 3127/3121/3120 3128/3122/3121 3088/3082/3081
f 3128/3122/3121 3129/3123/3122 3089/3083/3082
f 3129/3123/3122 3130/3124/3123 3090/3085/3083
f 3130/3124/3123 3131/3125/3124 3091/3084/3084
f 3131/3125/3124 3132/3126/3125 3092/3087/3085
f 3132/3126/3125 3133/3127/3126 3093/3086/3086
f 3133/3127/3126 3134/3128/3127 3094/3088/3087
f 3134/3128/3127 3135/3130/3128 3095/3089/3088
f 3136/3129/3129 3096/3091/3089 3095/3089/3088
f 3136/3129/3129 3137/3132/3130 3097/3090/3090
f 3138/3131/3131 3098/3092/3091 3097/3090/3090
f 3139/3133/3132 3099/3093/3092 3098/3092/3091
f 3139/3133/3132 3140/3135/3133 3100/3095/3093
f 3141/3134/3134 3101/3094/3094 3100/3095/3093
f 3141/3134/3134 3142/3137/3135 3102/3097/3095
f 3143/3136/3136 3103/3096/3096 3102/3097/3095
f 3144/3138/3137 3104/3098/3097 3103/3096/3096
f 3144/3138/3137 3145/3139/3138 3105/3099/3098
f 3145/3139/3138 3146/3141/3139 3106/3101/3099
f 3147/3140/3140 3107/3100/3100 3106/3101/3099
f 3147/3140/3140 3148/3142/3141 3108/3102/3101
f 3148/3142/3141 3149/3143/3142 3109/3103/3102
f 3149/3143/3142 3150/3144/3143 3110/3104/3103
f 3150/3144/3143 3151/3146/3144 3111/3106/3104
f 3152/3145/3145 3112/3105/3105 3111/3106/3104
f 3153/3147/3146 3113/3107/3106 3112/3105/3105
f 3154/3148/3147 3114/3108/3107 3113/3107/3106
f 3154/3148/3147 3155/3149/3148 3115/3109/3108
f 3155/3149/3148 3156/3150/3149 3116/3110/3109
f 3156/3150/3149 3157/3151/3150 3117/3111/3110
f 3157/3151/3150 3158/3152/3151 3118/3112/3111
f 3158/3152/3151 3159/3154/3152 3119/3114/3112
f 3160/3153/3153 3120/3113/3113 3119/3114/3112
f 3162/3155/3155 3122/3115/3115 3121/3116/3114
f 3162/3155/3155 3163/3157/3156 3123/3117/3116
f 3163/3157/3156 3164/3159/3157 3124/3119/3117
f 3165/3158/3158 3125/3118/3118 3124/3119/3117
f 3166/3160/3159 3126/3120/3119 3125/3118/3118
f 3166/3160/3159 3167/3162/3160 3127/3121/3120
f 3168/3161/3161 3128/3122/3121 3127/3121/3120
f 3168/3161/3161 3169/3163/3162 3129/3123/3122
f 3169/3163/3162 3170/3164/3163 3130/3124/3123
f 3170/3164/3163 3171/3165/3164 3131/3125/3124
f 3171/3165/3164 3172/3166/3165 3132/3126/3125
f 3172/3166/3165 3173/3167/3166 3133/3127/3126
f 3173/3167/3166 3174/3168/3167 3134/3128/3127
f 3174/3168/3167 3175/3169/3168 3135/3130/3128
f 3175/3169/3168 3176/3171/3169 3136/3129/3129
f 3177/3170/3170 3137/3132/3130 3136/3129/3129
f 3177/3170/3170 3178/3173/3171 3138/3131/3131
f 3179/3172/3172 3139/3133/3132 3138/3131/3131
f 3180/3174/3173 3140/3135/3133 3139/3133/3132
f 3181/3175/3174 3141/3134/3134 3140/3135/3133
f 3182/3176/3175 3142/3137/3135 3141/3134/3134
f 3182/3176/3175 3183/3177/3176 3143/3136/3136
f 3183/3177/3176 3184/3179/3177 3144/3138/3137
f 3185/3178/3178 3145/3139/3138 3144/3138/3137
f 3186/3180/3179 3146/3141/3139 3145/3139/3138
f 3186/3180/3179 3187/3181/3180 3147/3140/3140
f 3187/3181/3180 3188/3183/3181 3148/3142/3141
f 3189/3182/3182 3149/3143/3142 3148/3142/3141
f 3190/3184/3183 3150/3144/3143 3149/3143/3142
f 3190/3184/3183 3191/3186/3184 3151/3146/3144
f 3192/3185/3185 3152/3145/3145 3151/3146/3144
f 3193/3187/3186 3153/3147/3146 3152/3145/3145
f 3194/3188/3187 3154/3148/3147 3153/3147/3146
f 3195/3189/3188 3155/3149/3148 3154/3148/3147
f 3195/3189/3188 3196/3190/3189 3156/3150/3149
f 3196/3190/3189 3197/3191/3190 3157/3151/3150
f 3197/3191/3190 3198/3192/3191 3158/3152/3151
f 3198/3192/3191 3199/3194/3192 3159/3154/3152
f 3200/3193/3193 3160/3153/3153 3159/3154/3152
f 3202/3195/3195 3162/3155/3155 3161/3156/3154
f 3202/3195/3195 3203/3198/3196 3163/3157/3156
f 3204/3197/3197 3164/3159/3157 3163/3157/3156
f 3205/3199/3198 3165/3158/3158 3164/3159/3157
f 3206/3200/3199 3166/3160/3159 3165/3158/3158
f 3207/3201/3200 3167/3162/3160 3166/3160/3159
f 3207/3201/3200 3208/3203/3201 3168/3161/3161
f 3209/3202/3202 3169/3163/3162 3168/3161/3161
f 3210/3204/3203 3170/3164/3163 3169/3163/3162
f 3211/3205/3204 3171/3165/3164 3170/3164/3163
f 3211/3205/3204 3212/3207/3205 3172/3166/3165
f 3213/3206/3206 3173/3167/3166 3172/3166/3165
f 3213/3206/3206 3214/3209/3207 3174/3168/3167
f 3215/3208/3208 3175/3169/3168 3174/3168/3167
f 3216/3210/3209 3176/3171/3169 3175/3169/3168
f 3216/3210/3209 3217/3211/3210 3177/3170/3170
f 3217/3211/3210 3218/3213/3211 3178/3173/3171
f 3219/3212/3212 3179/3172/3172 3178/3173/3171
f 3219/3212/3212 3220/3215/3213 3180/3174/3173
f 3221/3214/3214 3181/3175/3174 3180/3174/3173
f 3222/3216/3215 3182/3176/3175 3181/3175/3174
f 3223/3217/3216 3183/3177/3176 3182/3176/3175
f 3224/3218/3217 3184/3179/3177 3183/3177/3176
f 3225/3219/3218 3185/3178/3178 3184/3179/3177
f 3226/3220/3219 3186/3180/3179 3185/3178/3178
f 3226/3220/3219 3227/3222/3220 3187/3181/3180
f 3228/3221/3221 3188/3183/3181 3187/3181/3180
f 3228/3221/3221 3229/3224/3222 3189/3182/3182
f 3230/3223/3223 3190/3184/3183 3189/3182/3182
f 3231/3225/3224 3191/3186/3184 3190/3184/3183
f 3231/3225/3224 3232/3226/3225 3192/3185/3185
f 3232/3226/3225 3233/3228/3226 3193/3187/3186
f 3234/3227/3227 3194/3188/3187 3193/3187/3186
f 3235/3229/3228 3195/3189/3188 3194/3188/3187
f 3235/3229/3228 3236/3230/3229 3196/3190/3189
f 3236/3230/3229 3237/3231/3230 3197/3191/3190
f 3237/3231/3230 3238/3232/3231 3198/3192/3191
f 3238/3232/3231 3239/3234/3232 3199/3194/3192
f 3240/3233/3233 3200/3193/3193 3199/3194/3192
f 3242/3235/3235 3202/3195/3195 3201/3196/3194
f 3243/3237/3236 3203/3198/3196 3202/3195/3195
f 3244/3238/3237 3204/3197/3197 3203/3198/3196
f 3245/3239/3238 3205/3199/3198 3204/3197/3197
f 3246/3240/3239 3206/3200/3199 3205/3199/3198
f 3247/3241/3240 3207/3201/3200 3206/3200/3199
f 3247/3241/3240 3248/3242/3241 3208/3203/3201
f 3248/3242/3241 3249/3243/3242 3209/3202/3202
f 3249/3243/3242 3250/3244/3243 3210/3204/3203
f 3250/3244/3243 3251/3245/3244 3211/3205/3204
f 3251/3245/3244 3252/3247/3245 3212/3207/3205
f 3253/3246/3246 3213/3206/3206 3212/3207/3205
f 3253/3246/3246 3254/3248/3247 3214/3209/3207
f 3254/3248/3247 3255/3250/3248 3215/3208/3208
f 3256/3249/3249 3216/3210/3209 3215/3208/3208
f 3256/3249/3249 3257/3251/3250 3217/3211/3210
f 3257/3251/3250 3258/3252/3251 3218/3213/3211
f 3258/3252/3251 3259/3254/3252 3219/3212/3212
f 3260/3253/3253 3220/3215/3213 3219/3212/3212
f 3260/3253/3253 3261/3255/3254 3221/3214/3214
f 3261/3255/3254 3262/3257/3255 3222/3216/3215
f 3263/3256/3256 3223/3217/3216 3222/3216/3215
f 3263/3256/3256 3264/3258/3257 3224/3218/3217
f 3264/3258/3257 3265/3260/3258 3225/3219/3218
f 3266/3259/3259 3226/3220/3219 3225/3219/3218
f 3266/3259/3259 3267/3261/3260 3227/3222/3220
f 3267/3261/3260 3268/3262/3261 3228/3221/3221
f 3268/3262/3261 3269/3263/3262 3229/3224/3222
f 3269/3263/3262 3270/3264/3263 3230/3223/3223
f 3270/3264/3263 3271/3265/3264 3231/3225/3224
f 3271/3265/3264 3272/3267/3265 3232/3226/3225
f 3273/3266/3266 3233/3228/3226 3232/3226/3225
f 3274/3268/3267 3234/3227/3227 3233/3228/3226
f 3274/3268/3267 3275/3269/3268 3235/3229/3228
f 3275/3269/3268 3276/3270/3269 3236/3230/3229
f 3276/3270/3269 3277/3271/3270 3237/3231/3230
f 3277/3271/3270 3278/3272/3271 3238/3232/3231
f 3278/3272/3271 3279/3274/3272 3239/3234/3232
f 3280/3273/3273 3240/3233/3233 3239/3234/3232
f 3282/3275/3275 3242/3235/3235 3241/3236/3234
f 3283/3277/3276 3243/3237/3236 3242/3235/3235
f 3284/3278/3277 3244/3238/3237 3243/3237/3236
f 3285/3279/3278 3245/3239/3238 3244/3238/3237
f 3286/3280/3279 3246/3240/3239 3245/3239/3238
f 3286/3280/3279 3287/3281/3280 3247/3241/3240
f 3287/3281/3280 3288/3282/3281 3248/3242/3241
f 3288/3282/3281 3289/3284/3282 3249/3243/3242
f 3290/3283/3283 3250/3244/3243 3249/3243/3242
f 3291/3285/3284 3251/3245/3244 3250/3244/3243
f 3291/3285/3284 3292/3286/3285 3252/3247/3245
f 3292/3286/3285 3293/3287/3286 3253/3246/3246
f 3293/3287/3286 3294/3289/3287 3254/3248/3247
f 3295/3288/3288 3255/3250/3248 3254/3248/3247
f 3295/3288/3288 3296/3291/3289 3256/3249/3249
f 3297/3290/3290 3257/3251/3250 3256/3249/3249
f 3297/3290/3290 3298/3293/3291 3258/3252/3251
f 3299/3292/3292 3259/3254/3252 3258/3252/3251
f 3299/3292/3292 3300/3295/3293 3260/3253/3253
f 3301/3294/3294 3261/3255/3254 3260/3253/3253
f 3302/3296/3295 3262/3257/3255 3261/3255/3254
f 3303/3297/3296 3263/3256/3256 3262/3257/3255
f 3303/3297/3296 3304/3299/3297 3264/3258/3257
f 3305/3298/3298 3265/3260/3258 3264/3258/3257
f 3305/3298/3298 3306/3300/3299 3266/3259/3259
f 3306/3300/3299 3307/3301/3300 3267/3261/3260
f 3307/3301/3300 3308/3303/3301 3268/3262/3261
f 3309/3302/3302 3269/3263/3262 3268/3262/3261
f 3309/3302/3302 3310/3305/3303 3270/3264/3263
f 3311/3304/3304 3271/3265/3264 3270/3264/3263
f 3311/3304/3304 3312/3307/3305 3272/3267/3265
f 3313/3306/3306 3273/3266/3266 3272/3267/3265
f 3314/3308/3307 3274/3268/3267 3273/3266/3266
f 3315/3309/3308 3275/3269/3268 3274/3268/3267
f 3315/3309/3308 3316/3310/3309 3276/3270/3269
f 3316/3310/3309 3317/3311/3310 3277/3271/3270
f 3317/3311/3310 3318/3312/3311 3278/3272/3271
f 3318/3312/3311 3319/3313/3312 3279/3274/3272
f 3319/3313/3312 3320/3353/3313 3280/3273/3273
f 3322/3314/3315 3282/3275/3275 3281/3276/3274
f 3323/3316/3316 3283/3277/3276 3282/3275/3275
f 3324/3317/3317 3284/3278/3277 3283/3277/3276
f 3325/3318/3318 3285/3279/3278 3284/3278/3277
f 3326/3319/3319 3286/3280/3279 3285/3279/3278
f 3326/3319/3319 3327/3320/3320 3287/3281/3280
f 3327/3320/3320 3328/3321/3321 3288/3282/3281
f 3328/3321/3321 3329/3322/3322 3289/3284/3282
f 3329/3322/3322 3330/3324/3323 3290/3283/3283
f 3331/3323/3324 3291/3285/3284 3290/3283/3283
f 3331/3323/3324 3332/3326/3325 3292/3286/3285
f 3333/3325/3326 3293/3287/3286 3292/3286/3285
f 3333/3325/3326 3334/3328/3327 3294/3289/3287
f 3335/3327/3328 3295/3288/3288 3294/3289/3287
f 3336/3329/3329 3296/3291/3289 3295/3288/3288
f 3336/3329/3329 3337/3331/3330 3297/3290/3290
f 3338/3330/3331 3298/3293/3291 3297/3290/3290
f 3339/3332/3332 3299/3292/3292 3298/3293/3291
f 3340/3333/3333 3300/3295/3293 3299/3292/3292
f 3340/3333/3333 3341/3334/3334 3301/3294/3294
f 3341/3334/3334 3342/3335/3335 3302/3296/3295
f 3342/3335/3335 3343/3337/3336 3303/3297/3296
f 3344/3336/3337 3304/3299/3297 3303/3297/3296
f 3345/3338/3338 3305/3298/3298 3304/3299/3297
f 3345/3338/3338 3346/3339/3339 3306/3300/3299
f 3346/3339/3339 3347/3340/3340 3307/3301/3300
f 3347/3340/3340 3348/3341/3341 3308/3303/3301
f 3348/3341/3341 3349/3343/3342 3309/3302/3302
f 3350/3342/3343 3310/3305/3303 3309/3302/3302
f 3350/3342/3343 3351/3345/3344 3311/3304/3304
f 3352/3344/3345 3312/3307/3305 3311/3304/3304
f 3352/3344/3345 3353/3346/3346 3313/3306/3306
f 3353/3346/3346 3354/3348/3347 3314/3308/3307
f 3355/3347/3348 3315/3309/3308 3314/3308/3307
f 3355/3347/3348 3356/3349/3349 3316/3310/3309
f 3356/3349/3349 3357/3350/3350 3317/3311/3310
f 3357/3350/3350 3358/3352/3351 3318/3312/3311
f 3359/3351/3352 3319/3313/3312 3318/3312/3311
f 3359/3351/3352 3360/5118/3353 3320/3353/3313
f 3362/3354/3355 3322/3314/3315 3321/3315/3314
f 3363/3356/3356 3323/3316/3316 3322/3314/3315
f 3364/3357/3357 3324/3317/3317 3323/3316/3316
f 3365/3358/3358 3325/3318/3318 3324/3317/3317
f 3366/3359/3359 3326/3319/3319 3325/3318/3318
f 3367/3360/3360 3327/3320/3320 3326/3319/3319
f 3367/3360/3360 3368/3361/3361 3328/3321/3321
f 3368/3361/3361 3369/3363/3362 3329/3322/3322
f 3370/3362/3363 3330/3324/3323 3329/3322/3322
f 3370/3362/3363 3371/3365/3364 3331/3323/3324
f 3372/3364/3365 3332/3326/3325 3331/3323/3324
f 3373/3366/3366 3333/3325/3326 3332/3326/3325
f 3373/3366/3366 3374/3367/3367 3334/3328/3327
f 3374/3367/3367 3375/3369/3368 3335/3327/3328
f 3376/3368/3369 3336/3329/3329 3335/3327/3328
f 3376/3368/3369 3377/3370/3370 3337/3331/3330
f 3377/3370/3370 3378/3372/3371 3338/3330/3331
f 3379/3371/3372 3339/3332/3332 3338/3330/3331
f 3379/3371/3372 3380/3374/3373 3340/3333/3333
f 3381/3373/3374 3341/3334/3334 3340/3333/3333
f 3382/3375/3375 3342/3335/3335 3341/3334/3334
f 3382/3375/3375 3383/3377/3376 3343/3337/3336
f 3384/3376/3377 3344/3336/3337 3343/3337/3336
f 3385/3378/3378 3345/3338/3338 3344/3336/3337
f 3385/3378/3378 3386/3380/3379 3346/3339/3339
f 3387/3379/3380 3347/3340/3340 3346/3339/3339
f 3387/3379/3380 3388/3381/3381 3348/3341/3341
f 3388/3381/3381 3389/3383/3382 3349/3343/3342
f 3390/3382/3383 3350/3342/3343 3349/3343/3342
f 3391/3384/3384 3351/3345/3344 3350/3342/3343
f 3391/3384/3384 3392/3386/3385 3352/3344/3345
f 3393/3385/3386 3353/3346/3346 3352/3344/3345
f 3394/3387/3387 3354/3348/3347 3353/3346/3346
f 3395/3388/3388 3355/3347/3348 3354/3348/3347
f 3395/3388/3388 3396/3389/3389 3356/3349/3349
f 3396/3389/3389 3397/3390/3390 3357/3350/3350
f 3397/3390/3390 3398/3392/3391 3358/3352/3351
f 3399/3391/3392 3359/3351/3352 3358/3352/3351
f 3400/3393/3393 3360/5118/3353 3359/3351/3352
f 3402/3394/3395 3362/3354/3355 3361/3355/3354
f 3402/3394/3395 3403/3396/3396 3363/3356/3356
f 3403/3396/3396 3404/3398/3397 3364/3357/3357
f 3405/3397/3398 3365/3358/3358 3364/3357/3357
f 3406/3399/3399 3366/3359/3359 3365/3358/3358
f 3407/3400/3400 3367/3360/3360 3366/3359/3359
f 3407/3400/3400 3408/3401/3401 3368/3361/3361
f 3408/3401/3401 3409/3403/3402 3369/3363/3362
f 3410/3402/3403 3370/3362/3363 3369/3363/3362
f 3410/3402/3403 3411/3405/3404 3371/3365/3364
f 3412/3404/3405 3372/3364/3365 3371/3365/3364
f 3413/3406/3406 3373/3366/3366 3372/3364/3365
f 3413/3406/3406 3414/3408/3407 3374/3367/3367
f 3415/3407/3408 3375/3369/3368 3374/3367/3367
f 3415/3407/3408 3416/3409/3409 3376/3368/3369
f 3416/3409/3409 3417/3411/3410 3377/3370/3370
f 3418/3410/3411 3378/3372/3371 3377/3370/3370
f 3418/3410/3411 3419/3413/3412 3379/3371/3372
f 3420/3412/3413 3380/3374/3373 3379/3371/3372
f 3420/3412/3413 3421/3414/3414 3381/3373/3374
f 3421/3414/3414 3422/3415/3415 3382/3375/3375
f 3422/3415/3415 3423/3416/3416 3383/3377/3376
f 3423/3416/3416 3424/3417/3417 3384/3376/3377
f 3424/3417/3417 3425/3419/3418 3385/3378/3378
f 3426/3418/3419 3386/3380/3379 3385/3378/3378
f 3426/3418/3419 3427/3421/3420 3387/3379/3380
f 3428/3420/3421 3388/3381/3381 3387/3379/3380
f 3429/3422/3422 3389/3383/3382 3388/3381/3381
f 3429/3422/3422 3430/3423/3423 3390/3382/3383
f 3430/3423/3423 3431/3424/3424 3391/3384/3384
f 3431/3424/3424 3432/3425/3425 3392/3386/3385
f 3432/3425/3425 3433/3426/3426 3393/3385/3386
f 3433/3426/3426 3434/3427/3427 3394/3387/3387
f 3434/3427/3427 3435/3428/3428 3395/3388/3388
f 3435/3428/3428 3436/3429/3429 3396/3389/3389
f 3436/3429/3429 3437/3430/3430 3397/3390/3390
f 3437/3430/3430 3438/3432/3431 3398/3392/3391
f 3439/3431/3432 3399/3391/3392 3398/3392/3391
f 3440/3433/3433 3400/3393/3393 3399/3391/3392
f 3442/3434/3435 3402/3394/3395 3401/3395/3394
f 3443/3436/3436 3403/3396/3396 3402/3394/3395
f 3443/3436/3436 3444/3437/3437 3404/3398/3397
f 3444/3437/3437 3445/3439/3438 3405/3397/3398
f 3446/3438/3439 3406/3399/3399 3405/3397/3398
f 3447/3440/3440 3407/3400/3400 3406/3399/3399
f 3447/3440/3440 3448/3441/3441 3408/3401/3401
f 3448/3441/3441 3449/3443/3442 3409/3403/3402
f 3450/3442/3443 3410/3402/3403 3409/3403/3402
f 3450/3442/3443 3451/3445/3444 3411/3405/3404
f 3452/3444/3445 3412/3404/3405 3411/3405/3404
f 3453/3446/3446 3413/3406/3406 3412/3404/3405
f 3454/3447/3447 3414/3408/3407 3413/3406/3406
f 3454/3447/3447 3455/3449/3448 3415/3407/3408
f 3456/3448/3449 3416/3409/3409 3415/3407/3408
f 3456/3448/3449 3457/3450/3450 3417/3411/3410
f 3457/3450/3450 3458/3451/3451 3418/3410/3411
f 3458/3451/3451 3459/3453/3452 3419/3413/3412
f 3460/3452/3453 3420/3412/3413 3419/3413/3412
f 3461/3454/3454 3421/3414/3414 3420/3412/3413
f 3461/3454/3454 3462/3455/3455 3422/3415/3415
f 3462/3455/3455 3463/3456/3456 3423/3416/3416
f 3463/3456/3456 3464/3457/3457 3424/3417/3417
f 3464/3457/3457 3465/3458/3458 3425/3419/3418
f 3465/3458/3458 3466/3460/3459 3426/3418/3419
f 3467/3459/3460 3427/3421/3420 3426/3418/3419
f 3467/3459/3460 3468/3462/3461 3428/3420/3421
f 3469/3461/3462 3429/3422/3422 3428/3420/3421
f 3470/3463/3463 3430/3423/3423 3429/3422/3422
f 3471/3464/3464 3431/3424/3424 3430/3423/3423
f 3471/3464/3464 3472/3466/3465 3432/3425/3425
f 3473/3465/3466 3433/3426/3426 3432/3425/3425
f 3474/3467/3467 3434/3427/3427 3433/3426/3426
f 3474/3467/3467 3475/3468/3468 3435/3428/3428
f 3475/3468/3468 3476/3469/3469 3436/3429/3429
f 3476/3469/3469 3477/3470/3470 3437/3430/3430
f 3477/3470/3470 3478/3472/3471 3438/3432/3431
f 3479/3471/3472 3439/3431/3432 3438/3432/3431
f 3480/3473/3473 3440/3433/3433 3439/3431/3432
f 3482/3474/3475 3442/3434/3435 3441/3435/3434
f 3483/3476/3476 3443/3436/3436 3442/3434/3435
f 3483/3476/3476 3484/3478/3477 3444/3437/3437
f 3485/3477/3478 3445/3439/3438 3444/3437/3437
f 3486/3479/3479 3446/3438/3439 3445/3439/3438
f 3487/3480/3480 3447/3440/3440 3446/3438/3439
f 3487/3480/3480 3488/3482/3481 3448/3441/3441
f 3489/3481/3482 3449/3443/3442 3448/3441/3441
f 3489/3481/3482 3490/3484/3483 3450/3442/3443
f 3491/3483/3484 3451/3445/3444 3450/3442/3443
f 3492/3485/3485 3452/3444/3445 3451/3445/3444
f 3492/3485/3485 3493/3487/3486 3453/3446/3446
f 3494/3486/3487 3454/3447/3447 3453/3446/3446
f 3495/3488/3488 3455/3449/3448 3454/3447/3447
f 3496/3489/3489 3456/3448/3449 3455/3449/3448
f 3496/3489/3489 3497/3490/3490 3457/3450/3450
f 3497/3490/3490 3498/3492/3491 3458/3451/3451
f 3499/3491/3492 3459/3453/3452 3458/3451/3451
f 3500/3493/3493 3460/3452/3453 3459/3453/3452
f 3501/3494/3494 3461/3454/3454 3460/3452/3453
f 3502/3495/3495 3462/3455/3455 3461/3454/3454
f 3502/3495/3495 3503/3497/3496 3463/3456/3456
f 3504/3496/3497 3464/3457/3457 3463/3456/3456
f 3504/3496/3497 3505/3498/3498 3465/3458/3458
f 3505/3498/3498 3506/3500/3499 3466/3460/3459
f 3507/3499/3500 3467/3459/3460 3466/3460/3459
f 3508/3501/3501 3468/3462/3461 3467/3459/3460
f 3509/3502/3502 3469/3461/3462 3468/3462/3461
f 3510/3503/3503 3470/3463/3463 3469/3461/3462
f 3511/3504/3504 3471/3464/3464 3470/3463/3463
f 3512/3505/3505 3472/3466/3465 3471/3464/3464
f 3512/3505/3505 3513/3506/3506 3473/3465/3466
f 3513/3506/3506 3514/3508/3507 3474/3467/3467
f 3515/3507/3508 3475/3468/3468 3474/3467/3467
f 3516/3509/3509 3476/3469/3469 3475/3468/3468
f 3517/3510/3510 3477/3470/3470 3476/3469/3469
f 3517/3510/3510 3518/3512/3511 3478/3472/3471
f 3519/3511/3512 3479/3471/3472 3478/3472/3471
f 3520/3513/3513 3480/3473/3473 3479/3471/3472
f 3522/3514/3515 3482/3474/3475 3481/3475/3474
f 3523/3516/3516 3483/3476/3476 3482/3474/3475
f 3523/3516/3516 3524/3518/3517 3484/3478/3477
f 3525/3517/3518 3485/3477/3478 3484/3478/3477
f 3526/3519/3519 3486/3479/3479 3485/3477/3478
f 3527/3520/3520 3487/3480/3480 3486/3479/3479
f 3527/3520/3520 3528/3522/3521 3488/3482/3481
f 3529/3521/3522 3489/3481/3482 3488/3482/3481
f 3530/3523/3523 3490/3484/3483 3489/3481/3482
f 3530/3523/3523 3531/3525/3524 3491/3483/3484
f 3532/3524/3525 3492/3485/3485 3491/3483/3484
f 3533/3526/3526 3493/3487/3486 3492/3485/3485
f 3534/3527/3527 3494/3486/3487 3493/3487/3486
f 3535/3528/3528 3495/3488/3488 3494/3486/3487
f 3536/3529/3529 3496/3489/3489 3495/3488/3488
f 3536/3529/3529 3537/3531/3530 3497/3490/3490
f 3538/3530/3531 3498/3492/3491 3497/3490/3490
f 3538/3530/3531 3539/3532/3532 3499/3491/3492
f 3539/3532/3532 3540/3534/3533 3500/3493/3493
f 3541/3533/3534 3501/3494/3494 3500/3493/3493
f 3542/3535/3535 3502/3495/3495 3501/3494/3494
f 3542/3535/3535 3543/3537/3536 3503/3497/3496
f 3544/3536/3537 3504/3496/3497 3503/3497/3496
f 3545/3538/3538 3505/3498/3498 3504/3496/3497
f 3546/3539/3539 3506/3500/3499 3505/3498/3498
f 3546/3539/3539 3547/3541/3540 3507/3499/3500
f 3548/3540/3541 3508/3501/3501 3507/3499/3500
f 3548/3540/3541 3549/3542/3542 3509/3502/3502
f 3549/3542/3542 3550/3544/3543 3510/3503/3503
f 3551/3543/3544 3511/3504/3504 3510/3503/3503
f 3551/3543/3544 3552/3546/3545 3512/3505/3505
f 3553/3545/3546 3513/3506/3506 3512/3505/3505
f 3554/3547/3547 3514/3508/3507 3513/3506/3506
f 3555/3548/3548 3515/3507/3508 3514/3508/3507
f 3556/3549/3549 3516/3509/3509 3515/3507/3508
f 3557/3550/3550 3517/3510/3510 3516/3509/3509
f 3558/3551/3551 3518/3512/3511 3517/3510/3510
f 3559/3552/3552 3519/3511/3512 3518/3512/3511
f 3560/3553/3553 3520/3513/3513 3519/3511/3512
f 3562/3554/3555 3522/3514/3515 3521/3515/3514
f 3563/3556/3556 3523/3516/3516 3522/3514/3515
f 3563/3556/3556 3564/3558/3557 3524/3518/3517
f 3565/3557/3558 3525/3517/3518 3524/3518/3517
f 3566/3559/3559 3526/3519/3519 3525/3517/3518
f 3566/3559/3559 3567/3560/3560 3527/3520/3520
f 3567/3560/3560 3568/3561/3561 3528/3522/3521
f 3568/3561/3561 3569/3562/3562 3529/3521/3522
f 3569/3562/3562 3570/3563/3563 3530/3523/3523
f 3570/3563/3563 3571/3564/3564 3531/3525/3524
f 3571/3564/3564 3572/3566/3565 3532/3524/3525
f 3573/3565/3566 3533/3526/3526 3532/3524/3525
f 3573/3565/3566 3574/3567/3567 3534/3527/3527
f 3574/3567/3567 3575/3569/3568 3535/3528/3528
f 3576/3568/3569 3536/3529/3529 3535/3528/3528
f 3577/3570/3570 3537/3531/3530 3536/3529/3529
f 3578/3571/3571 3538/3530/3531 3537/3531/3530
f 3579/3572/3572 3539/3532/3532 3538/3530/3531
f 3579/3572/3572 3580/3574/3573 3540/3534/3533
f 3581/3573/3574 3541/3533/3534 3540/3534/3533
f 3581/3573/3574 3582/3576/3575 3542/3535/3535
f 3583/3575/3576 3543/3537/3536 3542/3535/3535
f 3583/3575/3576 3584/3578/3577 3544/3536/3537
f 3585/3577/3578 3545/3538/3538 3544/3536/3537
f 3585/3577/3578 3586/3579/3579 3546/3539/3539
f 3586/3579/3579 3587/3580/3580 3547/3541/3540
f 3587/3580/3580 3588/3582/3581 3548/3540/3541
f 3589/3581/3582 3549/3542/3542 3548/3540/3541
f 3590/3583/3583 3550/3544/3543 3549/3542/3542
f 3591/3584/3584 3551/3543/3544 3550/3544/3543
f 3592/3585/3585 3552/3546/3545 3551/3543/3544
f 3592/3585/3585 3593/3587/3586 3553/3545/3546
f 3594/3586/3587 3554/3547/3547 3553/3545/3546
f 3595/3588/3588 3555/3548/3548 3554/3547/3547
f 3596/3589/3589 3556/3549/3549 3555/3548/3548
f 3597/3590/3590 3557/3550/3550 3556/3549/3549
f 3598/3591/3591 3558/3551/3551 3557/3550/3550
f 3599/3592/3592 3559/3552/3552 3558/3551/3551
f 3600/3593/3593 3560/3553/3553 3559/3552/3552
f 3602/3594/3595 3562/3554/3555 3561/3555/3554
f 3603/3596/3596 3563/3556/3556 3562/3554/3555
f 3603/3596/3596 3604/3598/3597 3564/3558/3557
f 3605/3597/3598 3565/3557/3558 3564/3558/3557
f 3606/3599/3599 3566/3559/3559 3565/3557/3558
f 3607/3600/3600 3567/3560/3560 3566/3559/3559
f 3607/3600/3600 3608/3601/3601 3568/3561/3561
f 3608/3601/3601 3609/3602/3602 3569/3562/3562
f 3609/3602/3602 3610/3604/3603 3570/3563/3563
f 3611/3603/3604 3571/3564/3564 3570/3563/3563
f 3612/3605/3605 3572/3566/3565 3571/3564/3564
f 3612/3605/3605 3613/3607/3606 3573/3565/3566
f 3614/3606/3607 3574/3567/3567 3573/3565/3566
f 3614/3606/3607 3615/3608/3608 3575/3569/3568
f 3615/3608/3608 3616/3609/3609 3576/3568/3569
f 3616/3609/3609 3617/3611/3610 3577/3570/3570
f 3618/3610/3611 3578/3571/3571 3577/3570/3570
f 3618/3610/3611 3619/3613/3612 3579/3572/3572
f 3620/3612/3613 3580/3574/3573 3579/3572/3572
f 3620/3612/3613 3621/3614/3614 3581/3573/3574
f 3621/3614/3614 3622/3615/3615 3582/3576/3575
f 3622/3615/3615 3623/3617/3616 3583/3575/3576
f 3624/3616/3617 3584/3578/3577 3583/3575/3576
f 3624/3616/3617 3625/3618/3618 3585/3577/3578
f 3625/3618/3618 3626/3619/3619 3586/3579/3579
f 3626/3619/3619 3627/3620/3620 3587/3580/3580
f 3627/3620/3620 3628/3622/3621 3588/3582/3581
f 3629/3621/3622 3589/3581/3582 3588/3582/3581
f 3629/3621/3622 3630/3624/3623 3590/3583/3583
f 3631/3623/3624 3591/3584/3584 3590/3583/3583
f 3631/3623/3624 3632/3625/3625 3592/3585/3585
f 3632/3625/3625 3633/3627/3626 3593/3587/3586
f 3634/3626/3627 3594/3586/3587 3593/3587/3586
f 3635/3628/3628 3595/3588/3588 3594/3586/3587
f 3635/3628/3628 3636/3630/3629 3596/3589/3589
f 3637/3629/3630 3597/3590/3590 3596/3589/3589
f 3637/3629/3630 3638/3631/3631 3598/3591/3591
f 3638/3631/3631 3639/3633/3632 3599/3592/3592
f 3640/3632/3633 3600/3593/3593 3599/3592/3592
f 3642/3634/3635 3602/3594/3595 3601/3595/3594
f 3643/3636/3636 3603/3596/3596 3602/3594/3595
f 3644/3637/3637 3604/3598/3597 3603/3596/3596
f 3645/3638/3638 3605/3597/3598 3604/3598/3597
f 3646/3639/3639 3606/3599/3599 3605/3597/3598
f 3647/3640/3640 3607/3600/3600 3606/3599/3599
f 3647/3640/3640 3648/3641/3641 3608/3601/3601
f 3648/3641/3641 3649/3642/3642 3609/3602/3602
f 3649/3642/3642 3650/3643/3643 3610/3604/3603
f 3650/3643/3643 3651/3645/3644 3611/3603/3604
f 3652/3644/3645 3612/3605/3605 3611/3603/3604
f 3652/3644/3645 3653/3646/3646 3613/3607/3606
f 3653/3646/3646 3654/3648/3647 3614/3606/3607
f 3655/3647/3648 3615/3608/3608 3614/3606/3607
f 3656/3649/3649 3616/3609/3609 3615/3608/3608
f 3656/3649/3649 3657/3650/3650 3617/3611/3610
f 3657/3650/3650 3658/3652/3651 3618/3610/3611
f 3659/3651/3652 3619/3613/3612 3618/3610/3611
f 3659/3651/3652 3660/3653/3653 3620/3612/3613
f 3660/3653/3653 3661/3655/3654 3621/3614/3614
f 3662/3654/3655 3622/3615/3615 3621/3614/3614
f 3662/3654/3655 3663/3657/3656 3623/3617/3616
f 3664/3656/3657 3624/3616/3617 3623/3617/3616
f 3665/3658/3658 3625/3618/3618 3624/3616/3617
f 3665/3658/3658 3666/3660/3659 3626/3619/3619
f 3667/3659/3660 3627/3620/3620 3626/3619/3619
f 3668/3661/3661 3628/3622/3621 3627/3620/3620
f 3668/3661/3661 3669/3662/3662 3629/3621/3622
f 3669/3662/3662 3670/3664/3663 3630/3624/3623
f 3671/3663/3664 3631/3623/3624 3630/3624/3623
f 3672/3665/3665 3632/3625/3625 3631/3623/3624
f 3673/3666/3666 3633/3627/3626 3632/3625/3625
f 3674/3667/3667 3634/3626/3627 3633/3627/3626
f 3675/3668/3668 3635/3628/3628 3634/3626/3627
f 3675/3668/3668 3676/3670/3669 3636/3630/3629
f 3677/3669/3670 3637/3629/3630 3636/3630/3629
f 3677/3669/3670 3678/3671/3671 3638/3631/3631
f 3678/3671/3671 3679/3673/3672 3639/3633/3632
f 3680/3672/3673 3640/3632/3633 3639/3633/3632
f 3682/3674/3675 3642/3634/3635 3641/3635/3634
f 3683/3676/3676 3643/3636/3636 3642/3634/3635
f 3684/3677/3677 3644/3637/3637 3643/3636/3636
f 3685/3678/3678 3645/3638/3638 3644/3637/3637
f 3686/3679/3679 3646/3639/3639 3645/3638/3638
f 3687/3680/3680 3647/3640/3640 3646/3639/3639
f 3687/3680/3680 3688/3681/3681 3648/3641/3641
f 3688/3681/3681 3689/3683/3682 3649/3642/3642
f 3690/3682/3683 3650/3643/3643 3649/3642/3642
f 3691/3684/3684 3651/3645/3644 3650/3643/3643
f 3692/3685/3685 3652/3644/3645 3651/3645/3644
f 3692/3685/3685 3693/3687/3686 3653/3646/3646
f 3694/3686/3687 3654/3648/3647 3653/3646/3646
f 3695/3688/3688 3655/3647/3648 3654/3648/3647
f 3696/3689/3689 3656/3649/3649 3655/3647/3648
f 3696/3689/3689 3697/3691/3690 3657/3650/3650
f 3698/3690/3691 3658/3652/3651 3657/3650/3650
f 3699/3692/3692 3659/3651/3652 3658/3652/3651
f 3700/3693/3693 3660/3653/3653 3659/3651/3652
f 3700/3693/3693 3701/3694/3694 3661/3655/3654
f 3701/3694/3694 3702/3696/3695 3662/3654/3655
f 3703/3695/3696 3663/3657/3656 3662/3654/3655
f 3703/3695/3696 3704/3697/3697 3664/3656/3657
f 3704/3697/3697 3705/3699/3698 3665/3658/3658
f 3706/3698/3699 3666/3660/3659 3665/3658/3658
f 3706/3698/3699 3707/3701/3700 3667/3659/3660
f 3708/3700/3701 3668/3661/3661 3667/3659/3660
f 3709/3702/3702 3669/3662/3662 3668/3661/3661
f 3710/3703/3703 3670/3664/3663 3669/3662/3662
f 3710/3703/3703 3711/3704/3704 3671/3663/3664
f 3711/3704/3704 3712/3705/3705 3672/3665/3665
f 3712/3705/3705 3713/3707/3706 3673/3666/3666
f 3714/3706/3707 3674/3667/3667 3673/3666/3666
f 3715/3708/3708 3675/3668/3668 3674/3667/3667
f 3715/3708/3708 3716/3709/3709 3676/3670/3669
f 3716/3709/3709 3717/3710/3710 3677/3669/3670
f 3717/3710/3710 3718/3711/3711 3678/3671/3671
f 3718/3711/3711 3719/3713/3712 3679/3673/3672
f 3720/3712/3713 3680/3672/3673 3679/3673/3672
f 3722/3714/3715 3682/3674/3675 3681/3675/3674
f 3723/3716/3716 3683/3676/3676 3682/3674/3675
f 3724/3717/3717 3684/3677/3677 3683/3676/3676
f 3724/3717/3717 3725/3719/3718 3685/3678/3678
f 3726/3718/3719 3686/3679/3679 3685/3678/3678
f 3727/3720/3720 3687/3680/3680 3686/3679/3679
f 3727/3720/3720 3728/3721/3721 3688/3681/3681
f 3728/3721/3721 3729/3723/3722 3689/3683/3682
f 3730/3722/3723 3690/3682/3683 3689/3683/3682
f 3730/3722/3723 3731/3724/3724 3691/3684/3684
f 3731/3724/3724 3732/3725/3725 3692/3685/3685
f 3732/3725/3725 3733/3727/3726 3693/3687/3686
f 3734/3726/3727 3694/3686/3687 3693/3687/3686
f 3735/3728/3728 3695/3688/3688 3694/3686/3687
f 3735/3728/3728 3736/3729/3729 3696/3689/3689
f 3736/3729/3729 3737/3730/3730 3697/3691/3690
f 3737/3730/3730 3738/3731/3731 3698/3690/3691
f 3738/3731/3731 3739/3732/3732 3699/3692/3692
f 3739/3732/3732 3740/3733/3733 3700/3693/3693
f 3740/3733/3733 3741/3735/3734 3701/3694/3694
f 3742/3734/3735 3702/3696/3695 3701/3694/3694
f 3742/3734/3735 3743/3737/3736 3703/3695/3696
f 3744/3736/3737 3704/3697/3697 3703/3695/3696
f 3745/3738/3738 3705/3699/3698 3704/3697/3697
f 3745/3738/3738 3746/3740/3739 3706/3698/3699
f 3747/3739/3740 3707/3701/3700 3706/3698/3699
f 3747/3739/3740 3748/3742/3741 3708/3700/3701
f 3749/3741/3742 3709/3702/3702 3708/3700/3701
f 3750/3743/3743 3710/3703/3703 3709/3702/3702
f 3751/3744/3744 3711/3704/3704 3710/3703/3703
f 3752/3745/3745 3712/3705/3705 3711/3704/3704
f 3753/3746/3746 3713/3707/3706 3712/3705/3705
f 3753/3746/3746 3754/3748/3747 3714/3706/3707
f 3755/3747/3748 3715/3708/3708 3714/3706/3707
f 3755/3747/3748 3756/3749/3749 3716/3709/3709
f 3756/3749/3749 3757/3750/3750 3717/3710/3710
f 3757/3750/3750 3758/3751/3751 3718/3711/3711
f 3758/3751/3751 3759/3753/3752 3719/3713/3712
f 3760/3752/3753 3720/3712/3713 3719/3713/3712
f 3761/3754/3754 3762/3755/3755 3722/3714/3715
f 3762/3755/3755 3763/3757/3756 3723/3716/3716
f 3764/3756/3757 3724/3717/3717 3723/3716/3716
f 3764/3756/3757 3765/3759/3758 3725/3719/3718
f 3766/3758/3759 3726/3718/3719 3725/3719/3718
f 3767/3760/3760 3727/3720/3720 3726/3718/3719
f 3767/3760/3760 3768/3761/3761 3728/3721/3721
f 3768/3761/3761 3769/3763/3762 3729/3723/3722
f 3770/3762/3763 3730/3722/3723 3729/3723/3722
f 3771/3764/3764 3731/3724/3724 3730/3722/3723
f 3772/3765/3765 3732/3725/3725 3731/3724/3724
f 3772/3765/3765 3773/3767/3766 3733/3727/3726
f 3774/3766/3767 3734/3726/3727 3733/3727/3726
f 3774/3766/3767 3775/3768/3768 3735/3728/3728
f 3775/3768/3768 3776/3770/3769 3736/3729/3729
f 3777/3769/3770 3737/3730/3730 3736/3729/3729
f 3777/3769/3770 3778/3771/3771 3738/3731/3731
f 3778/3771/3771 3779/3773/3772 3739/3732/3732
f 3780/3772/3773 3740/3733/3733 3739/3732/3732
f 3781/3774/3774 3741/3735/3734 3740/3733/3733
f 3781/3774/3774 3782/3775/3775 3742/3734/3735
f 3782/3775/3775 3783/3776/3776 3743/3737/3736
f 3783/3776/3776 3784/3778/3777 3744/3736/3737
f 3785/3777/3778 3745/3738/3738 3744/3736/3737
f 3785/3777/3778 3786/3779/3779 3746/3740/3739
f 3786/3779/3779 3787/3780/3780 3747/3739/3740
f 3787/3780/3780 3788/3781/3781 3748/3742/3741
f 3788/3781/3781 3789/3782/3782 3749/3741/3742
f 3789/3782/3782 3790/3783/3783 3750/3743/3743
f 3790/3783/3783 3791/3785/3784 3751/3744/3744
f 3792/3784/3785 3752/3745/3745 3751/3744/3744
f 3792/3784/3785 3793/3787/3786 3753/3746/3746
f 3794/3786/3787 3754/3748/3747 3753/3746/3746
f 3795/3788/3788 3755/3747/3748 3754/3748/3747
f 3795/3788/3788 3796/3789/3789 3756/3749/3749
f 3796/3789/3789 3797/3790/3790 3757/3750/3750
f 3797/3790/3790 3798/3791/3791 3758/3751/3751
f 3798/3791/3791 3799/3793/3792 3759/3753/3752
f 3800/3792/3793 3760/3752/3753 3759/3753/3752
f 3801/3794/3794 3802/3795/3795 3762/3755/3755
f 3802/3795/3795 3803/3796/3796 3763/3757/3756
f 3803/3796/3796 3804/3797/3797 3764/3756/3757
f 3804/3797/3797 3805/3799/3798 3765/3759/3758
f 3806/3798/3799 3766/3758/3759 3765/3759/3758
f 3807/3800/3800 3767/3760/3760 3766/3758/3759
f 3808/3801/3801 3768/3761/3761 3767/3760/3760
f 3809/3802/3802 3769/3763/3762 3768/3761/3761
f 3809/3802/3802 3810/3803/3803 3770/3762/3763
f 3810/3803/3803 3811/3804/3804 3771/3764/3764
f 3811/3804/3804 3812/3806/3805 3772/3765/3765
f 3813/3805/3806 3773/3767/3766 3772/3765/3765
f 3813/3805/3806 3814/3807/3807 3774/3766/3767
f 3814/3807/3807 3815/3808/3808 3775/3768/3768
f 3815/3808/3808 3816/3810/3809 3776/3770/3769
f 3817/3809/3810 3777/3769/3770 3776/3770/3769
f 3818/3811/3811 3778/3771/3771 3777/3769/3770
f 3819/3812/3812 3779/3773/3772 3778/3771/3771
f 3819/3812/3812 3820/3814/3813 3780/3772/3773
f 3821/3813/3814 3781/3774/3774 3780/3772/3773
f 3822/3815/3815 3782/3775/3775 3781/3774/3774
f 3822/3815/3815 3823/3817/3816 3783/3776/3776
f 3824/3816/3817 3784/3778/3777 3783/3776/3776
f 3825/3818/3818 3785/3777/3778 3784/3778/3777
f 3826/3819/3819 3786/3779/3779 3785/3777/3778
f 3827/3820/3820 3787/3780/3780 3786/3779/3779
f 3827/3820/3820 3828/3822/3821 3788/3781/3781
f 3829/3821/3822 3789/3782/3782 3788/3781/3781
f 3829/3821/3822 3830/3823/3823 3790/3783/3783
f 3830/3823/3823 3831/3825/3824 3791/3785/3784
f 3832/3824/3825 3792/3784/3785 3791/3785/3784
f 3832/3824/3825 3833/3827/3826 3793/3787/3786
f 3834/3826/3827 3794/3786/3787 3793/3787/3786
f 3834/3826/3827 3835/3828/3828 3795/3788/3788
f 3835/3828/3828 3836/3829/3829 3796/3789/3789
f 3836/3829/3829 3837/3830/3830 3797/3790/3790
f 3837/3830/3830 3838/3831/3831 3798/3791/3791
f 3838/3831/3831 3839/3833/3832 3799/3793/3792
f 3840/3832/3833 3800/3792/3793 3799/3793/3792
f 3841/3834/3834 3842/3835/3835 3802/3795/3795
f 3842/3835/3835 3843/3836/3836 3803/3796/3796
f 3843/3836/3836 3844/3837/3837 3804/3797/3797
f 3844/3837/3837 3845/3838/3838 3805/3799/3798
f 3845/3838/3838 3846/3840/3839 3806/3798/3799
f 3847/3839/3840 3807/3800/3800 3806/3798/3799
f 3848/3841/3841 3808/3801/3801 3807/3800/3800
f 3849/3842/3842 3809/3802/3802 3808/3801/3801
f 3850/3843/3843 3810/3803/3803 3809/3802/3802
f 3850/3843/3843 3851/3844/3844 3811/3804/3804
f 3851/3844/3844 3852/3846/3845 3812/3806/3805
f 3853/3845/3846 3813/3805/3806 3812/3806/3805
f 3853/3845/3846 3854/3848/3847 3814/3807/3807
f 3855/3847/3848 3815/3808/3808 3814/3807/3807
f 3855/3847/3848 3856/3850/3849 3816/3810/3809
f 3857/3849/3850 3817/3809/3810 3816/3810/3809
f 3858/3851/3851 3818/3811/3811 3817/3809/3810
f 3858/3851/3851 3859/3853/3852 3819/3812/3812
f 3860/3852/3853 3820/3814/3813 3819/3812/3812
f 3860/3852/3853 3861/3854/3854 3821/3813/3814
f 3861/3854/3854 3862/3855/3855 3822/3815/3815
f 3862/3855/3855 3863/3857/3856 3823/3817/3816
f 3864/3856/3857 3824/3816/3817 3823/3817/3816
f 3865/3858/3858 3825/3818/3818 3824/3816/3817
f 3866/3859/3859 3826/3819/3819 3825/3818/3818
f 3866/3859/3859 3867/3861/3860 3827/3820/3820
f 3868/3860/3861 3828/3822/3821 3827/3820/3820
f 3868/3860/3861 3869/3862/3862 3829/3821/3822
f 3869/3862/3862 3870/3864/3863 3830/3823/3823
f 3871/3863/3864 3831/3825/3824 3830/3823/3823
f 3872/3865/3865 3832/3824/3825 3831/3825/3824
f 3873/3866/3866 3833/3827/3826 3832/3824/3825
f 3874/3867/3867 3834/3826/3827 3833/3827/3826
f 3874/3867/3867 3875/3868/3868 3835/3828/3828
f 3875/3868/3868 3876/3869/3869 3836/3829/3829
f 3876/3869/3869 3877/3870/3870 3837/3830/3830
f 3877/3870/3870 3878/3871/3871 3838/3831/3831
f 3878/3871/3871 3879/3873/3872 3839/3833/3832
f 3880/3872/3873 3840/3832/3833 3839/3833/3832
f 3881/3874/3874 3882/3875/3875 3842/3835/3835
f 3882/3875/3875 3883/3876/3876 3843/3836/3836
f 3883/3876/3876 3884/3877/3877 3844/3837/3837
f 3884/3877/3877 3885/3878/3878 3845/3838/3838
f 3885/3878/3878 3886/3880/3879 3846/3840/3839
f 3887/3879/3880 3847/3839/3840 3846/3840/3839
f 3888/3881/3881 3848/3841/3841 3847/3839/3840
f 3889/3882/3882 3849/3842/3842 3848/3841/3841
f 3890/3883/3883 3850/3843/3843 3849/3842/3842
f 3890/3883/3883 3891/3884/3884 3851/3844/3844
f 3891/3884/3884 3892/3886/3885 3852/3846/3845
f 3893/3885/3886 3853/3845/3846 3852/3846/3845
f 3893/3885/3886 3894/3887/3887 3854/3848/3847
f 3894/3887/3887 3895/3888/3888 3855/3847/3848
f 3895/3888/3888 3896/3890/3889 3856/3850/3849
f 3897/3889/3890 3857/3849/3850 3856/3850/3849
f 3897/3889/3890 3898/3892/3891 3858/3851/3851
f 3899/3891/3892 3859/3853/3852 3858/3851/3851
f 3900/3893/3893 3860/3852/3853 3859/3853/3852
f 3900/3893/3893 3901/3895/3894 3861/3854/3854
f 3902/3894/3895 3862/3855/3855 3861/3854/3854
f 3903/3896/3896 3863/3857/3856 3862/3855/3855
f 3904/3897/3897 3864/3856/3857 3863/3857/3856
f 3905/3898/3898 3865/3858/3858 3864/3856/3857
f 3905/3898/3898 3906/3899/3899 3866/3859/3859
f 3906/3899/3899 3907/3901/3900 3867/3861/3860
f 3908/3900/3901 3868/3860/3861 3867/3861/3860
f 3908/3900/3901 3909/3903/3902 3869/3862/3862
f 3910/3902/3903 3870/3864/3863 3869/3862/3862
f 3910/3902/3903 3911/3904/3904 3871/3863/3864
f 3911/3904/3904 3912/3905/3905 3872/3865/3865
f 3912/3905/3905 3913/3906/3906 3873/3866/3866
f 3913/3906/3906 3914/3907/3907 3874/3867/3867
f 3914/3907/3907 3915/3908/3908 3875/3868/3868
f 3915/3908/3908 3916/3909/3909 3876/3869/3869
f 3916/3909/3909 3917/3910/3910 3877/3870/3870
f 3917/3910/3910 3918/3911/3911 3878/3871/3871
f 3918/3911/3911 3919/3913/3912 3879/3873/3872
f 3920/3912/3913 3880/3872/3873 3879/3873/3872
f 3922/3914/3915 3882/3875/3875 3881/3874/3874
f 3923/3916/3916 3883/3876/3876 3882/3875/3875
f 3923/3916/3916 3924/3917/3917 3884/3877/3877
f 3924/3917/3917 3925/3918/3918 3885/3878/3878
f 3925/3918/3918 3926/3920/3919 3886/3880/3879
f 3927/3919/3920 3887/3879/3880 3886/3880/3879
f 3928/3921/3921 3888/3881/3881 3887/3879/3880
f 3929/3922/3922 3889/3882/3882 3888/3881/3881
f 3929/3922/3922 3930/3923/3923 3890/3883/3883
f 3930/3923/3923 3931/3925/3924 3891/3884/3884
f 3932/3924/3925 3892/3886/3885 3891/3884/3884
f 3932/3924/3925 3933/3927/3926 3893/3885/3886
f 3934/3926/3927 3894/3887/3887 3893/3885/3886
f 3934/3926/3927 3935/3928/3928 3895/3888/3888
f 3935/3928/3928 3936/3929/3929 3896/3890/3889
f 3936/3929/3929 3937/3930/3930 3897/3889/3890
f 3937/3930/3930 3938/3932/3931 3898/3892/3891
f 3939/3931/3932 3899/3891/3892 3898/3892/3891
f 3940/3933/3933 3900/3893/3893 3899/3891/3892
f 3940/3933/3933 3941/3934/3934 3901/3895/3894
f 3941/3934/3934 3942/3936/3935 3902/3894/3895
f 3943/3935/3936 3903/3896/3896 3902/3894/3895
f 3944/3937/3937 3904/3897/3897 3903/3896/3896
f 3945/3938/3938 3905/3898/3898 3904/3897/3897
f 3945/3938/3938 3946/3939/3939 3906/3899/3899
f 3946/3939/3939 3947/3940/3940 3907/3901/3900
f 3947/3940/3940 3948/3942/3941 3908/3900/3901
f 3949/3941/3942 3909/3903/3902 3908/3900/3901
f 3949/3941/3942 3950/3944/3943 3910/3902/3903
f 3951/3943/3944 3911/3904/3904 3910/3902/3903
f 3951/3943/3944 3952/3945/3945 3912/3905/3905
f 3952/3945/3945 3953/3946/3946 3913/3906/3906
f 3953/3946/3946 3954/3947/3947 3914/3907/3907
f 3954/3947/3947 3955/3948/3948 3915/3908/3908
f 3955/3948/3948 3956/3949/3949 3916/3909/3909
f 3956/3949/3949 3957/3950/3950 3917/3910/3910
f 3957/3950/3950 3958/3951/3951 3918/3911/3911
f 3958/3951/3951 3959/3953/3952 3919/3913/3912
f 3960/3952/3953 3920/3912/3913 3919/3913/3912
f 3962/3954/3955 3922/3914/3915 3921/3915/3914
f 3963/3956/3956 3923/3916/3916 3922/3914/3915
f 3963/3956/3956 3964/3958/3957 3924/3917/3917
f 3965/3957/3958 3925/3918/3918 3924/3917/3917
f 3965/3957/3958 3966/3960/3959 3926/3920/3919
f 3967/3959/3960 3927/3919/3920 3926/3920/3919
f 3967/3959/3960 3968/3962/3961 3928/3921/3921
f 3969/3961/3962 3929/3922/3922 3928/3921/3921
f 3970/3963/3963 3930/3923/3923 3929/3922/3922
f 3971/3964/3964 3931/3925/3924 3930/3923/3923
f 3972/3965/3965 3932/3924/3925 3931/3925/3924
f 3972/3965/3965 3973/3967/3966 3933/3927/3926
f 3974/3966/3967 3934/3926/3927 3933/3927/3926
f 3974/3966/3967 3975/3969/3968 3935/3928/3928
f 3976/3968/3969 3936/3929/3929 3935/3928/3928
f 3976/3968/3969 3977/3971/3970 3937/3930/3930
f 3978/3970/3971 3938/3932/3931 3937/3930/3930
f 3979/3972/3972 3939/3931/3932 3938/3932/3931
f 3979/3972/3972 3980/3973/3973 3940/3933/3933
f 3980/3973/3973 3981/3975/3974 3941/3934/3934
f 3982/3974/3975 3942/3936/3935 3941/3934/3934
f 3983/3976/3976 3943/3935/3936 3942/3936/3935
f 3983/3976/3976 3984/3977/3977 3944/3937/3937
f 3984/3977/3977 3985/3979/3978 3945/3938/3938
f 3986/3978/3979 3946/3939/3939 3945/3938/3938
f 3987/3980/3980 3947/3940/3940 3946/3939/3939
f 3988/3981/3981 3948/3942/3941 3947/3940/3940
f 3988/3981/3981 3989/3983/3982 3949/3941/3942
f 3990/3982/3983 3950/3944/3943 3949/3941/3942
f 3990/3982/3983 3991/3985/3984 3951/3943/3944
f 3992/3984/3985 3952/3945/3945 3951/3943/3944
f 3993/3986/3986 3953/3946/3946 3952/3945/3945
f 3993/3986/3986 3994/3987/3987 3954/3947/3947
f 3994/3987/3987 3995/3988/3988 3955/3948/3948
f 3995/3988/3988 3996/3989/3989 3956/3949/3949
f 3996/3989/3989 3997/3990/3990 3957/3950/3950
f 3997/3990/3990 3998/3991/3991 3958/3951/3951
f 3998/3991/3991 3999/3993/3992 3959/3953/3952
f 4000/3992/3993 3960/3952/3953 3959/3953/3952
f 4002/3994/3995 3962/3954/3955 3961/3955/3954
f 4003/3996/3996 3963/3956/3956 3962/3954/3955
f 4003/3996/3996 4004/3998/3997 3964/3958/3957
f 4005/3997/3998 3965/3957/3958 3964/3958/3957
f 4006/3999/3999 3966/3960/3959 3965/3957/3958
f 4007/4000/4000 3967/3959/3960 3966/3960/3959
f 4008/4001/4001 3968/3962/3961 3967/3959/3960
f 4009/4002/4002 3969/3961/3962 3968/3962/3961
f 4010/4003/4003 3970/3963/3963 3969/3961/3962
f 4011/4004/4004 3971/3964/3964 3970/3963/3963
f 4012/4005/4005 3972/3965/3965 3971/3964/3964
f 4012/4005/4005 4013/4007/4006 3973/3967/3966
f 4014/4006/4007 3974/3966/3967 3973/3967/3966
f 4015/4008/4008 3975/3969/3968 3974/3966/3967
f 4016/4009/4009 3976/3968/3969 3975/3969/3968
f 4017/4010/4010 3977/3971/3970 3976/3968/3969
f 4018/4011/4011 3978/3970/3971 3977/3971/3970
f 4018/4011/4011 4019/4012/4012 3979/3972/3972
f 4019/4012/4012 4020/4013/4013 3980/3973/3973
f 4020/4013/4013 4021/4015/4014 3981/3975/3974
f 4022/4014/4015 3982/3974/3975 3981/3975/3974
f 4023/4016/4016 3983/3976/3976 3982/3974/3975
f 4024/4017/4017 3984/3977/3977 3983/3976/3976
f 4025/4018/4018 3985/3979/3978 3984/3977/3977
f 4026/4019/4019 3986/3978/3979 3985/3979/3978
f 4027/4020/4020 3987/3980/3980 3986/3978/3979
f 4028/4021/4021 3988/3981/3981 3987/3980/3980
f 4029/4022/4022 3989/3983/3982 3988/3981/3981
f 4030/4023/4023 3990/3982/3983 3989/3983/3982
f 4030/4023/4023 4031/4024/4024 3991/3985/3984
f 4031/4024/4024 4032/4025/4025 3992/3984/3985
f 4032/4025/4025 4033/4026/4026 3993/3986/3986
f 4033/4026/4026 4034/4027/4027 3994/3987/3987
f 4034/4027/4027 4035/4028/4028 3995/3988/3988
f 4035/4028/4028 4036/4029/4029 3996/3989/3989
f 4036/4029/4029 4037/4030/4030 3997/3990/3990
f 4037/4030/4030 4038/4031/4031 3998/3991/3991
f 4038/4031/4031 4039/4033/4032 3999/3993/3992
f 4040/4032/4033 4000/3992/3993 3999/3993/3992
f 4042/4034/4035 4002/3994/3995 4001/3995/3994
f 4043/4036/4036 4003/3996/3996 4002/3994/3995
f 4043/4036/4036 4044/4037/4037 4004/3998/3997
f 4044/4037/4037 4045/4039/4038 4005/3997/3998
f 4046/4038/4039 4006/3999/3999 4005/3997/3998
f 4046/4038/4039 4047/4040/4040 4007/4000/4000
f 4047/4040/4040 4048/4041/4041 4008/4001/4001
f 4048/4041/4041 4049/4043/4042 4009/4002/4002
f 4050/4042/4043 4010/4003/4003 4009/4002/4002
f 4051/4044/4044 4011/4004/4004 4010/4003/4003
f 4051/4044/4044 4052/4046/4045 4012/4005/4005
f 4053/4045/4046 4013/4007/4006 4012/4005/4005
f 4053/4045/4046 4054/4048/4047 4014/4006/4007
f 4055/4047/4048 4015/4008/4008 4014/4006/4007
f 4056/4049/4049 4016/4009/4009 4015/4008/4008
f 4056/4049/4049 4057/4051/4050 4017/4010/4010
f 4058/4050/4051 4018/4011/4011 4017/4010/4010
f 4059/4052/4052 4019/4012/4012 4018/4011/4011
f 4059/4052/4052 4060/4053/4053 4020/4013/4013
f 4060/4053/4053 4061/4054/4054 4021/4015/4014
f 4061/4054/4054 4062/4055/4055 4022/4014/4015
f 4062/4055/4055 4063/4057/4056 4023/4016/4016
f 4064/4056/4057 4024/4017/4017 4023/4016/4016
f 4064/4056/4057 4065/4059/4058 4025/4018/4018
f 4066/4058/4059 4026/4019/4019 4025/4018/4018
f 4067/4060/4060 4027/4020/4020 4026/4019/4019
f 4068/4061/4061 4028/4021/4021 4027/4020/4020
f 4069/4062/4062 4029/4022/4022 4028/4021/4021
f 4069/4062/4062 4070/4063/4063 4030/4023/4023
f 4070/4063/4063 4071/4064/4064 4031/4024/4024
f 4071/4064/4064 4072/4065/4065 4032/4025/4025
f 4072/4065/4065 4073/4066/4066 4033/4026/4026
f 4073/4066/4066 4074/4067/4067 4034/4027/4027
f 4074/4067/4067 4075/4068/4068 4035/4028/4028
f 4075/4068/4068 4076/4069/4069 4036/4029/4029
f 4076/4069/4069 4077/4070/4070 4037/4030/4030
f 4077/4070/4070 4078/4071/4071 4038/4031/4031
f 4078/4071/4071 4079/4073/4072 4039/4033/4032
f 4080/4072/4073 4040/4032/4033 4039/4033/4032
f 4082/4074/4075 4042/4034/4035 4041/4035/4034
f 4083/4076/4076 4043/4036/4036 4042/4034/4035
f 4084/4077/4077 4044/4037/4037 4043/4036/4036
f 4084/4077/4077 4085/4078/4078 4045/4039/4038
f 4085/4078/4078 4086/4079/4079 4046/4038/4039
f 4086/4079/4079 4087/4081/4080 4047/4040/4040
f 4088/4080/4081 4048/4041/4041 4047/4040/4040
f 4089/4082/4082 4049/4043/4042 4048/4041/4041
f 4090/4083/4083 4050/4042/4043 4049/4043/4042
f 4090/4083/4083 4091/4084/4084 4051/4044/4044
f 4091/4084/4084 4092/4085/4085 4052/4046/4045
f 4092/4085/4085 4093/4086/4086 4053/4045/4046
f 4093/4086/4086 4094/4088/4087 4054/4048/4047
f 4095/4087/4088 4055/4047/4048 4054/4048/4047
f 4095/4087/4088 4096/4090/4089 4056/4049/4049
f 4097/4089/4090 4057/4051/4050 4056/4049/4049
f 4097/4089/4090 4098/4091/4091 4058/4050/4051
f 4098/4091/4091 4099/4093/4092 4059/4052/4052
f 4100/4092/4093 4060/4053/4053 4059/4052/4052
f 4100/4092/4093 4101/4095/4094 4061/4054/4054
f 4102/4094/4095 4062/4055/4055 4061/4054/4054
f 4103/4096/4096 4063/4057/4056 4062/4055/4055
f 4104/4097/4097 4064/4056/4057 4063/4057/4056
f 4105/4098/4098 4065/4059/4058 4064/4056/4057
f 4105/4098/4098 4106/4100/4099 4066/4058/4059
f 4107/4099/4100 4067/4060/4060 4066/4058/4059
f 4108/4101/4101 4068/4061/4061 4067/4060/4060
f 4108/4101/4101 4109/4103/4102 4069/4062/4062
f 4110/4102/4103 4070/4063/4063 4069/4062/4062
f 4110/4102/4103 4111/4104/4104 4071/4064/4064
f 4111/4104/4104 4112/4105/4105 4072/4065/4065
f 4112/4105/4105 4113/4106/4106 4073/4066/4066
f 4113/4106/4106 4114/4107/4107 4074/4067/4067
f 4114/4107/4107 4115/4108/4108 4075/4068/4068
f 4115/4108/4108 4116/4109/4109 4076/4069/4069
f 4116/4109/4109 4117/4110/4110 4077/4070/4070
f 4117/4110/4110 4118/4111/4111 4078/4071/4071
f 4118/4111/4111 4119/4112/4112 4079/4073/4072
f 4119/4112/4112 4120/4152/4113 4080/4072/4073
f 4122/4113/4115 4082/4074/4075 4081/4075/4074
f 4123/4115/4116 4083/4076/4076 4082/4074/4075
f 4124/4116/4117 4084/4077/4077 4083/4076/4076
f 4124/4116/4117 4125/4117/4118 4085/4078/4078
f 4125/4117/4118 4126/4118/4119 4086/4079/4079
f 4126/4118/4119 4127/4119/4120 4087/4081/4080
f 4127/4119/4120 4128/4121/4121 4088/4080/4081
f 4129/4120/4122 4089/4082/4082 4088/4080/4081
f 4130/4122/4123 4090/4083/4083 4089/4082/4082
f 4130/4122/4123 4131/4123/4124 4091/4084/4084
f 4131/4123/4124 4132/4124/4125 4092/4085/4085
f 4132/4124/4125 4133/4125/4126 4093/4086/4086
f 4133/4125/4126 4134/4127/4127 4094/4088/4087
f 4135/4126/4128 4095/4087/4088 4094/4088/4087
f 4135/4126/4128 4136/4128/4129 4096/4090/4089
f 4136/4128/4129 4137/4130/4130 4097/4089/4090
f 4138/4129/4131 4098/4091/4091 4097/4089/4090
f 4139/4131/4132 4099/4093/4092 4098/4091/4091
f 4140/4132/4133 4100/4092/4093 4099/4093/4092
f 4141/4133/4134 4101/4095/4094 4100/4092/4093
f 4142/4134/4135 4102/4094/4095 4101/4095/4094
f 4143/4135/4136 4103/4096/4096 4102/4094/4095
f 4143/4135/4136 4144/4137/4137 4104/4097/4097
f 4145/4136/4138 4105/4098/4098 4104/4097/4097
f 4145/4136/4138 4146/4138/4139 4106/4100/4099
f 4146/4138/4139 4147/4139/4140 4107/4099/4100
f 4147/4139/4140 4148/4140/4141 4108/4101/4101
f 4148/4140/4141 4149/4142/4142 4109/4103/4102
f 4150/4141/4143 4110/4102/4103 4109/4103/4102
f 4151/4143/4144 4111/4104/4104 4110/4102/4103
f 4151/4143/4144 4152/4144/4145 4112/4105/4105
f 4152/4144/4145 4153/4145/4146 4113/4106/4106
f 4153/4145/4146 4154/4146/4147 4114/4107/4107
f 4154/4146/4147 4155/4147/4148 4115/4108/4108
f 4155/4147/4148 4156/4148/4149 4116/4109/4109
f 4156/4148/4149 4157/4149/4150 4117/4110/4110
f 4157/4149/4150 4158/4150/4151 4118/4111/4111
f 4158/4150/4151 4159/4151/4152 4119/4112/4112
f 4159/4151/4152 4160/4192/4153 4120/4152/4113
f 4162/4153/4155 4122/4113/4115 4121/4114/4114
f 4163/4155/4156 4123/4115/4116 4122/4113/4115
f 4164/4156/4157 4124/4116/4117 4123/4115/4116
f 4165/4157/4158 4125/4117/4118 4124/4116/4117
f 4165/4157/4158 4166/4158/4159 4126/4118/4119
f 4166/4158/4159 4167/4160/4160 4127/4119/4120
f 4168/4159/4161 4128/4121/4121 4127/4119/4120
f 4169/4161/4162 4129/4120/4122 4128/4121/4121
f 4170/4162/4163 4130/4122/4123 4129/4120/4122
f 4171/4163/4164 4131/4123/4124 4130/4122/4123
f 4171/4163/4164 4172/4165/4165 4132/4124/4125
f 4173/4164/4166 4133/4125/4126 4132/4124/4125
f 4173/4164/4166 4174/4167/4167 4134/4127/4127
f 4175/4166/4168 4135/4126/4128 4134/4127/4127
f 4176/4168/4169 4136/4128/4129 4135/4126/4128
f 4177/4169/4170 4137/4130/4130 4136/4128/4129
f 4178/4170/4171 4138/4129/4131 4137/4130/4130
f 4178/4170/4171 4179/4172/4172 4139/4131/4132
f 4180/4171/4173 4140/4132/4133 4139/4131/4132
f 4180/4171/4173 4181/4173/4174 4141/4133/4134
f 4181/4173/4174 4182/4175/4175 4142/4134/4135
f 4183/4174/4176 4143/4135/4136 4142/4134/4135
f 4184/4176/4177 4144/4137/4137 4143/4135/4136
f 4184/4176/4177 4185/4178/4178 4145/4136/4138
f 4186/4177/4179 4146/4138/4139 4145/4136/4138
f 4186/4177/4179 4187/4180/4180 4147/4139/4140
f 4188/4179/4181 4148/4140/4141 4147/4139/4140
f 4189/4181/4182 4149/4142/4142 4148/4140/4141
f 4190/4182/4183 4150/4141/4143 4149/4142/4142
f 4191/4183/4184 4151/4143/4144 4150/4141/4143
f 4191/4183/4184 4192/4184/4185 4152/4144/4145
f 4192/4184/4185 4193/4185/4186 4153/4145/4146
f 4193/4185/4186 4194/4186/4187 4154/4146/4147
f 4194/4186/4187 4195/4187/4188 4155/4147/4148
f 4195/4187/4188 4196/4188/4189 4156/4148/4149
f 4196/4188/4189 4197/4189/4190 4157/4149/4150
f 4197/4189/4190 4198/4190/4191 4158/4150/4151
f 4198/4190/4191 4199/4191/4192 4159/4151/4152
f 4199/4191/4192 4200/4232/4193 4160/4192/4153
f 4201/4193/4194 4202/4195/4195 4162/4153/4155
f 4203/4194/4196 4163/4155/4156 4162/4153/4155
f 4204/4196/4197 4164/4156/4157 4163/4155/4156
f 4205/4197/4198 4165/4157/4158 4164/4156/4157
f 4206/4198/4199 4166/4158/4159 4165/4157/4158
f 4206/4198/4199 4207/4199/4200 4167/4160/4160
f 4207/4199/4200 4208/4201/4201 4168/4159/4161
f 4209/4200/4202 4169/4161/4162 4168/4159/4161
f 4210/4202/4203 4170/4162/4163 4169/4161/4162
f 4210/4202/4203 4211/4203/4204 4171/4163/4164
f 4211/4203/4204 4212/4204/4205 4172/4165/4165
f 4212/4204/4205 4213/4206/4206 4173/4164/4166
f 4214/4205/4207 4174/4167/4167 4173/4164/4166
f 4214/4205/4207 4215/4207/4208 4175/4166/4168
f 4215/4207/4208 4216/4208/4209 4176/4168/4169
f 4216/4208/4209 4217/4210/4210 4177/4169/4170
f 4218/4209/4211 4178/4170/4171 4177/4169/4170
f 4219/4211/4212 4179/4172/4172 4178/4170/4171
f 4219/4211/4212 4220/4213/4213 4180/4171/4173
f 4221/4212/4214 4181/4173/4174 4180/4171/4173
f 4222/4214/4215 4182/4175/4175 4181/4173/4174
f 4222/4214/4215 4223/4215/4216 4183/4174/4176
f 4223/4215/4216 4224/4216/4217 4184/4176/4177
f 4224/4216/4217 4225/4218/4218 4185/4178/4178
f 4226/4217/4219 4186/4177/4179 4185/4178/4178
f 4226/4217/4219 4227/4220/4220 4187/4180/4180
f 4228/4219/4221 4188/4179/4181 4187/4180/4180
f 4229/4221/4222 4189/4181/4182 4188/4179/4181
f 4229/4221/4222 4230/4222/4223 4190/4182/4183
f 4230/4222/4223 4231/4223/4224 4191/4183/4184
f 4231/4223/4224 4232/4224/4225 4192/4184/4185
f 4232/4224/4225 4233/4225/4226 4193/4185/4186
f 4233/4225/4226 4234/4226/4227 4194/4186/4187
f 4234/4226/4227 4235/4227/4228 4195/4187/4188
f 4235/4227/4228 4236/4228/4229 4196/4188/4189
f 4236/4228/4229 4237/4229/4230 4197/4189/4190
f 4237/4229/4230 4238/4231/4231 4198/4190/4191
f 4239/4230/4232 4199/4191/4192 4198/4190/4191
f 4239/4230/4232 4240/4272/4233 4200/4232/4193
f 4241/4233/4234 4242/4235/4235 4202/4195/4195
f 4243/4234/4236 4203/4194/4196 4202/4195/4195
f 4244/4236/4237 4204/4196/4197 4203/4194/4196
f 4245/4237/4238 4205/4197/4198 4204/4196/4197
f 4246/4238/4239 4206/4198/4199 4205/4197/4198
f 4246/4238/4239 4247/4239/4240 4207/4199/4200
f 4247/4239/4240 4248/4240/4241 4208/4201/4201
f 4248/4240/4241 4249/4241/4242 4209/4200/4202
f 4249/4241/4242 4250/4243/4243 4210/4202/4203
f 4251/4242/4244 4211/4203/4204 4210/4202/4203
f 4251/4242/4244 4252/4245/4245 4212/4204/4205
f 4253/4244/4246 4213/4206/4206 4212/4204/4205
f 4254/4246/4247 4214/4205/4207 4213/4206/4206
f 4254/4246/4247 4255/4247/4248 4215/4207/4208
f 4255/4247/4248 4256/4248/4249 4216/4208/4209
f 4256/4248/4249 4257/4250/4250 4217/4210/4210
f 4258/4249/4251 4218/4209/4211 4217/4210/4210
f 4259/4251/4252 4219/4211/4212 4218/4209/4211
f 4260/4252/4253 4220/4213/4213 4219/4211/4212
f 4260/4252/4253 4261/4254/4254 4221/4212/4214
f 4262/4253/4255 4222/4214/4215 4221/4212/4214
f 4263/4255/4256 4223/4215/4216 4222/4214/4215
f 4263/4255/4256 4264/4256/4257 4224/4216/4217
f 4264/4256/4257 4265/4258/4258 4225/4218/4218
f 4266/4257/4259 4226/4217/4219 4225/4218/4218
f 4267/4259/4260 4227/4220/4220 4226/4217/4219
f 4267/4259/4260 4268/4261/4261 4228/4219/4221
f 4269/4260/4262 4229/4221/4222 4228/4219/4221
f 4270/4262/4263 4230/4222/4223 4229/4221/4222
f 4271/4263/4264 4231/4223/4224 4230/4222/4223
f 4272/4264/4265 4232/4224/4225 4231/4223/4224
f 4272/4264/4265 4273/4265/4266 4233/4225/4226
f 4273/4265/4266 4274/4266/4267 4234/4226/4227
f 4274/4266/4267 4275/4267/4268 4235/4227/4228
f 4275/4267/4268 4276/4268/4269 4236/4228/4229
f 4276/4268/4269 4277/4269/4270 4237/4229/4230
f 4277/4269/4270 4278/4271/4271 4238/4231/4231
f 4279/4270/4272 4239/4230/4232 4238/4231/4231
f 4279/4270/4272 4280/5119/4273 4240/4272/4233
f 4281/4273/4274 4282/4275/4275 4242/4235/4235
f 4283/4274/4276 4243/4234/4236 4242/4235/4235
f 4284/4276/4277 4244/4236/4237 4243/4234/4236
f 4285/4277/4278 4245/4237/4238 4244/4236/4237
f 4286/4278/4279 4246/4238/4239 4245/4237/4238
f 4287/4279/4280 4247/4239/4240 4246/4238/4239
f 4288/4280/4281 4248/4240/4241 4247/4239/4240
f 4289/4281/4282 4249/4241/4242 4248/4240/4241
f 4290/4282/4283 4250/4243/4243 4249/4241/4242
f 4291/4283/4284 4251/4242/4244 4250/4243/4243
f 4292/4284/4285 4252/4245/4245 4251/4242/4244
f 4292/4284/4285 4293/4286/4286 4253/4244/4246
f 4294/4285/4287 4254/4246/4247 4253/4244/4246
f 4295/4287/4288 4255/4247/4248 4254/4246/4247
f 4295/4287/4288 4296/4289/4289 4256/4248/4249
f 4297/4288/4290 4257/4250/4250 4256/4248/4249
f 4297/4288/4290 4298/4290/4291 4258/4249/4251
f 4298/4290/4291 4299/4292/4292 4259/4251/4252
f 4300/4291/4293 4260/4252/4253 4259/4251/4252
f 4301/4293/4294 4261/4254/4254 4260/4252/4253
f 4301/4293/4294 4302/4295/4295 4262/4253/4255
f 4303/4294/4296 4263/4255/4256 4262/4253/4255
f 4304/4296/4297 4264/4256/4257 4263/4255/4256
f 4304/4296/4297 4305/4298/4298 4265/4258/4258
f 4306/4297/4299 4266/4257/4259 4265/4258/4258
f 4307/4299/4300 4267/4259/4260 4266/4257/4259
f 4308/4300/4301 4268/4261/4261 4267/4259/4260
f 4308/4300/4301 4309/4302/4302 4269/4260/4262
f 4310/4301/4303 4270/4262/4263 4269/4260/4262
f 4310/4301/4303 4311/4303/4304 4271/4263/4264
f 4311/4303/4304 4312/4305/4305 4272/4264/4265
f 4313/4304/4306 4273/4265/4266 4272/4264/4265
f 4314/4306/4307 4274/4266/4267 4273/4265/4266
f 4314/4306/4307 4315/4307/4308 4275/4267/4268
f 4315/4307/4308 4316/4308/4309 4276/4268/4269
f 4316/4308/4309 4317/4309/4310 4277/4269/4270
f 4317/4309/4310 4318/4311/4311 4278/4271/4271
f 4319/4310/4312 4279/4270/4272 4278/4271/4271
f 4320/4312/4313 4280/5119/4273 4279/4270/4272
f 4321/4313/4314 4322/4315/4315 4282/4275/4275
f 4323/4314/4316 4283/4274/4276 4282/4275/4275
f 4324/4316/4317 4284/4276/4277 4283/4274/4276
f 4325/4317/4318 4285/4277/4278 4284/4276/4277
f 4326/4318/4319 4286/4278/4279 4285/4277/4278
f 4327/4319/4320 4287/4279/4280 4286/4278/4279
f 4327/4319/4320 4328/4320/4321 4288/4280/4281
f 4328/4320/4321 4329/4322/4322 4289/4281/4282
f 4330/4321/4323 4290/4282/4283 4289/4281/4282
f 4331/4323/4324 4291/4283/4284 4290/4282/4283
f 4331/4323/4324 4332/4325/4325 4292/4284/4285
f 4333/4324/4326 4293/4286/4286 4292/4284/4285
f 4333/4324/4326 4334/4327/4327 4294/4285/4287
f 4335/4326/4328 4295/4287/4288 4294/4285/4287
f 4336/4328/4329 4296/4289/4289 4295/4287/4288
f 4337/4329/4330 4297/4288/4290 4296/4289/4289
f 4338/4330/4331 4298/4290/4291 4297/4288/4290
f 4339/4331/4332 4299/4292/4292 4298/4290/4291
f 4340/4332/4333 4300/4291/4293 4299/4292/4292
f 4340/4332/4333 4341/4334/4334 4301/4293/4294
f 4342/4333/4335 4302/4295/4295 4301/4293/4294
f 4342/4333/4335 4343/4335/4336 4303/4294/4296
f 4343/4335/4336 4344/4336/4337 4304/4296/4297
f 4344/4336/4337 4345/4337/4338 4305/4298/4298
f 4345/4337/4338 4346/4339/4339 4306/4297/4299
f 4347/4338/4340 4307/4299/4300 4306/4297/4299
f 4348/4340/4341 4308/4300/4301 4307/4299/4300
f 4349/4341/4342 4309/4302/4302 4308/4300/4301
f 4349/4341/4342 4350/4343/4343 4310/4301/4303
f 4351/4342/4344 4311/4303/4304 4310/4301/4303
f 4352/4344/4345 4312/4305/4305 4311/4303/4304
f 4353/4345/4346 4313/4304/4306 4312/4305/4305
f 4353/4345/4346 4354/4347/4347 4314/4306/4307
f 4355/4346/4348 4315/4307/4308 4314/4306/4307
f 4355/4346/4348 4356/4348/4349 4316/4308/4309
f 4356/4348/4349 4357/4349/4350 4317/4309/4310
f 4357/4349/4350 4358/4351/4351 4318/4311/4311
f 4359/4350/4352 4319/4310/4312 4318/4311/4311
f 4360/4352/4353 4320/4312/4313 4319/4310/4312
f 4361/4353/4354 4362/4354/4355 4322/4315/4315
f 4362/4354/4355 4363/4356/4356 4323/4314/4316
f 4364/4355/4357 4324/4316/4317 4323/4314/4316
f 4365/4357/4358 4325/4317/4318 4324/4316/4317
f 4366/4358/4359 4326/4318/4319 4325/4317/4318
f 4367/4359/4360 4327/4319/4320 4326/4318/4319
f 4368/4360/4361 4328/4320/4321 4327/4319/4320
f 4368/4360/4361 4369/4361/4362 4329/4322/4322
f 4369/4361/4362 4370/4363/4363 4330/4321/4323
f 4371/4362/4364 4331/4323/4324 4330/4321/4323
f 4372/4364/4365 4332/4325/4325 4331/4323/4324
f 4372/4364/4365 4373/4366/4366 4333/4324/4326
f 4374/4365/4367 4334/4327/4327 4333/4324/4326
f 4375/4367/4368 4335/4326/4328 4334/4327/4327
f 4376/4368/4369 4336/4328/4329 4335/4326/4328
f 4376/4368/4369 4377/4369/4370 4337/4329/4330
f 4377/4369/4370 4378/4370/4371 4338/4330/4331
f 4378/4370/4371 4379/4372/4372 4339/4331/4332
f 4380/4371/4373 4340/4332/4333 4339/4331/4332
f 4381/4373/4374 4341/4334/4334 4340/4332/4333
f 4382/4374/4375 4342/4333/4335 4341/4334/4334
f 4382/4374/4375 4383/4376/4376 4343/4335/4336
f 4384/4375/4377 4344/4336/4337 4343/4335/4336
f 4385/4377/4378 4345/4337/4338 4344/4336/4337
f 4385/4377/4378 4386/4379/4379 4346/4339/4339
f 4387/4378/4380 4347/4338/4340 4346/4339/4339
f 4387/4378/4380 4388/4381/4381 4348/4340/4341
f 4389/4380/4382 4349/4341/4342 4348/4340/4341
f 4389/4380/4382 4390/4382/4383 4350/4343/4343
f 4390/4382/4383 4391/4383/4384 4351/4342/4344
f 4391/4383/4384 4392/4384/4385 4352/4344/4345
f 4392/4384/4385 4393/4385/4386 4353/4345/4346
f 4393/4385/4386 4394/4386/4387 4354/4347/4347
f 4394/4386/4387 4395/4387/4388 4355/4346/4348
f 4395/4387/4388 4396/4388/4389 4356/4348/4349
f 4396/4388/4389 4397/4389/4390 4357/4349/4350
f 4397/4389/4390 4398/4391/4391 4358/4351/4351
f 4399/4390/4392 4359/4350/4352 4358/4351/4351
f 4400/4392/4393 4360/4352/4353 4359/4350/4352
f 4401/4393/4394 4402/4394/4395 4362/4354/4355
f 4402/4394/4395 4403/4396/4396 4363/4356/4356
f 4404/4395/4397 4364/4355/4357 4363/4356/4356
f 4405/4397/4398 4365/4357/4358 4364/4355/4357
f 4406/4398/4399 4366/4358/4359 4365/4357/4358
f 4407/4399/4400 4367/4359/4360 4366/4358/4359
f 4407/4399/4400 4408/4401/4401 4368/4360/4361
f 4409/4400/4402 4369/4361/4362 4368/4360/4361
f 4410/4402/4403 4370/4363/4363 4369/4361/4362
f 4410/4402/4403 4411/4404/4404 4371/4362/4364
f 4412/4403/4405 4372/4364/4365 4371/4362/4364
f 4413/4405/4406 4373/4366/4366 4372/4364/4365
f 4414/4406/4407 4374/4365/4367 4373/4366/4366
f 4414/4406/4407 4415/4407/4408 4375/4367/4368
f 4415/4407/4408 4416/4409/4409 4376/4368/4369
f 4417/4408/4410 4377/4369/4370 4376/4368/4369
f 4418/4410/4411 4378/4370/4371 4377/4369/4370
f 4419/4411/4412 4379/4372/4372 4378/4370/4371
f 4419/4411/4412 4420/4413/4413 4380/4371/4373
f 4421/4412/4414 4381/4373/4374 4380/4371/4373
f 4421/4412/4414 4422/4415/4415 4382/4374/4375
f 4423/4414/4416 4383/4376/4376 4382/4374/4375
f 4423/4414/4416 4424/4416/4417 4384/4375/4377
f 4424/4416/4417 4425/4417/4418 4385/4377/4378
f 4425/4417/4418 4426/4418/4419 4386/4379/4379
f 4426/4418/4419 4427/4420/4420 4387/4378/4380
f 4428/4419/4421 4388/4381/4381 4387/4378/4380
f 4429/4421/4422 4389/4380/4382 4388/4381/4381
f 4429/4421/4422 4430/4423/4423 4390/4382/4383
f 4431/4422/4424 4391/4383/4384 4390/4382/4383
f 4431/4422/4424 4432/4424/4425 4392/4384/4385
f 4432/4424/4425 4433/4425/4426 4393/4385/4386
f 4433/4425/4426 4434/4427/4427 4394/4386/4387
f 4435/4426/4428 4395/4387/4388 4394/4386/4387
f 4436/4428/4429 4396/4388/4389 4395/4387/4388
f 4436/4428/4429 4437/4429/4430 4397/4389/4390
f 4437/4429/4430 4438/4431/4431 4398/4391/4391
f 4439/4430/4432 4399/4390/4392 4398/4391/4391
f 4440/4432/4433 4400/4392/4393 4399/4390/4392
f 4441/4433/4434 4442/4434/4435 4402/4394/4395
f 4442/4434/4435 4443/4436/4436 4403/4396/4396
f 4444/4435/4437 4404/4395/4397 4403/4396/4396
f 4445/4437/4438 4405/4397/4398 4404/4395/4397
f 4446/4438/4439 4406/4398/4399 4405/4397/4398
f 4447/4439/4440 4407/4399/4400 4406/4398/4399
f 4447/4439/4440 4448/4441/4441 4408/4401/4401
f 4449/4440/4442 4409/4400/4402 4408/4401/4401
f 4450/4442/4443 4410/4402/4403 4409/4400/4402
f 4450/4442/4443 4451/4444/4444 4411/4404/4404
f 4452/4443/4445 4412/4403/4405 4411/4404/4404
f 4452/4443/4445 4453/4445/4446 4413/4405/4406
f 4453/4445/4446 4454/4447/4447 4414/4406/4407
f 4455/4446/4448 4415/4407/4408 4414/4406/4407
f 4456/4448/4449 4416/4409/4409 4415/4407/4408
f 4456/4448/4449 4457/4449/4450 4417/4408/4410
f 4457/4449/4450 4458/4450/4451 4418/4410/4411
f 4458/4450/4451 4459/4451/4452 4419/4411/4412
f 4459/4451/4452 4460/4452/4453 4420/4413/4413
f 4460/4452/4453 4461/4454/4454 4421/4412/4414
f 4462/4453/4455 4422/4415/4415 4421/4412/4414
f 4462/4453/4455 4463/4455/4456 4423/4414/4416
f 4463/4455/4456 4464/4457/4457 4424/4416/4417
f 4465/4456/4458 4425/4417/4418 4424/4416/4417
f 4465/4456/4458 4466/4459/4459 4426/4418/4419
f 4467/4458/4460 4427/4420/4420 4426/4418/4419
f 4467/4458/4460 4468/4460/4461 4428/4419/4421
f 4468/4460/4461 4469/4462/4462 4429/4421/4422
f 4470/4461/4463 4430/4423/4423 4429/4421/4422
f 4470/4461/4463 4471/4463/4464 4431/4422/4424
f 4471/4463/4464 4472/4464/4465 4432/4424/4425
f 4472/4464/4465 4473/4466/4466 4433/4425/4426
f 4474/4465/4467 4434/4427/4427 4433/4425/4426
f 4475/4467/4468 4435/4426/4428 4434/4427/4427
f 4476/4468/4469 4436/4428/4429 4435/4426/4428
f 4477/4469/4470 4437/4429/4430 4436/4428/4429
f 4477/4469/4470 4478/4471/4471 4438/4431/4431
f 4479/4470/4472 4439/4430/4432 4438/4431/4431
f 4480/4472/4473 4440/4432/4433 4439/4430/4432
f 4482/4473/4475 4442/4434/4435 4441/4433/4434
f 4482/4473/4475 4483/4476/4476 4443/4436/4436
f 4484/4475/4477 4444/4435/4437 4443/4436/4436
f 4485/4477/4478 4445/4437/4438 4444/4435/4437
f 4486/4478/4479 4446/4438/4439 4445/4437/4438
f 4487/4479/4480 4447/4439/4440 4446/4438/4439
f 4488/4480/4481 4448/4441/4441 4447/4439/4440
f 4489/4481/4482 4449/4440/4442 4448/4441/4441
f 4490/4482/4483 4450/4442/4443 4449/4440/4442
f 4490/4482/4483 4491/4484/4484 4451/4444/4444
f 4492/4483/4485 4452/4443/4445 4451/4444/4444
f 4492/4483/4485 4493/4486/4486 4453/4445/4446
f 4494/4485/4487 4454/4447/4447 4453/4445/4446
f 4494/4485/4487 4495/4487/4488 4455/4446/4448
f 4495/4487/4488 4496/4489/4489 4456/4448/4449
f 4497/4488/4490 4457/4449/4450 4456/4448/4449
f 4497/4488/4490 4498/4490/4491 4458/4450/4451
f 4498/4490/4491 4499/4492/4492 4459/4451/4452
f 4500/4491/4493 4460/4452/4453 4459/4451/4452
f 4500/4491/4493 4501/4494/4494 4461/4454/4454
f 4502/4493/4495 4462/4453/4455 4461/4454/4454
f 4502/4493/4495 4503/4496/4496 4463/4455/4456
f 4504/4495/4497 4464/4457/4457 4463/4455/4456
f 4504/4495/4497 4505/4498/4498 4465/4456/4458
f 4506/4497/4499 4466/4459/4459 4465/4456/4458
f 4506/4497/4499 4507/4500/4500 4467/4458/4460
f 4508/4499/4501 4468/4460/4461 4467/4458/4460
f 4509/4501/4502 4469/4462/4462 4468/4460/4461
f 4509/4501/4502 4510/4503/4503 4470/4461/4463
f 4511/4502/4504 4471/4463/4464 4470/4461/4463
f 4511/4502/4504 4512/4504/4505 4472/4464/4465
f 4512/4504/4505 4513/4505/4506 4473/4466/4466
f 4513/4505/4506 4514/4506/4507 4474/4465/4467
f 4514/4506/4507 4515/4508/4508 4475/4467/4468
f 4516/4507/4509 4476/4468/4469 4475/4467/4468
f 4517/4509/4510 4477/4469/4470 4476/4468/4469
f 4517/4509/4510 4518/4511/4511 4478/4471/4471
f 4519/4510/4512 4479/4470/4472 4478/4471/4471
f 4520/4512/4513 4480/4472/4473 4479/4470/4472
f 4522/4513/4515 4482/4473/4475 4481/4474/4474
f 4523/4515/4516 4483/4476/4476 4482/4473/4475
f 4523/4515/4516 4524/4516/4517 4484/4475/4477
f 4524/4516/4517 4525/4517/4518 4485/4477/4478
f 4525/4517/4518 4526/4519/4519 4486/4478/4479
f 4527/4518/4520 4487/4479/4480 4486/4478/4479
f 4527/4518/4520 4528/4521/4521 4488/4480/4481
f 4529/4520/4522 4489/4481/4482 4488/4480/4481
f 4530/4522/4523 4490/4482/4483 4489/4481/4482
f 4530/4522/4523 4531/4523/4524 4491/4484/4484
f 4531/4523/4524 4532/4525/4525 4492/4483/4485
f 4533/4524/4526 4493/4486/4486 4492/4483/4485
f 4534/4526/4527 4494/4485/4487 4493/4486/4486
f 4534/4526/4527 4535/4528/4528 4495/4487/4488
f 4536/4527/4529 4496/4489/4489 4495/4487/4488
f 4536/4527/4529 4537/4529/4530 4497/4488/4490
f 4537/4529/4530 4538/4530/4531 4498/4490/4491
f 4538/4530/4531 4539/4531/4532 4499/4492/4492
f 4539/4531/4532 4540/4533/4533 4500/4491/4493
f 4541/4532/4534 4501/4494/4494 4500/4491/4493
f 4542/4534/4535 4502/4493/4495 4501/4494/4494
f 4542/4534/4535 4543/4536/4536 4503/4496/4496
f 4544/4535/4537 4504/4495/4497 4503/4496/4496
f 4544/4535/4537 4545/4538/4538 4505/4498/4498
f 4546/4537/4539 4506/4497/4499 4505/4498/4498
f 4547/4539/4540 4507/4500/4500 4506/4497/4499
f 4548/4540/4541 4508/4499/4501 4507/4500/4500
f 4549/4541/4542 4509/4501/4502 4508/4499/4501
f 4550/4542/4543 4510/4503/4503 4509/4501/4502
f 4551/4543/4544 4511/4502/4504 4510/4503/4503
f 4552/4544/4545 4512/4504/4505 4511/4502/4504
f 4552/4544/4545 4553/4545/4546 4513/4505/4506
f 4553/4545/4546 4554/4547/4547 4514/4506/4507
f 4555/4546/4548 4515/4508/4508 4514/4506/4507
f 4556/4548/4549 4516/4507/4509 4515/4508/4508
f 4557/4549/4550 4517/4509/4510 4516/4507/4509
f 4558/4550/4551 4518/4511/4511 4517/4509/4510
f 4559/4551/4552 4519/4510/4512 4518/4511/4511
f 4560/4552/4553 4520/4512/4513 4519/4510/4512
f 4562/4553/4555 4522/4513/4515 4521/4514/4514
f 4563/4555/4556 4523/4515/4516 4522/4513/4515
f 4563/4555/4556 4564/4556/4557 4524/4516/4517
f 4564/4556/4557 4565/4557/4558 4525/4517/4518
f 4565/4557/4558 4566/4559/4559 4526/4519/4519
f 4567/4558/4560 4527/4518/4520 4526/4519/4519
f 4567/4558/4560 4568/4561/4561 4528/4521/4521
f 4569/4560/4562 4529/4520/4522 4528/4521/4521
f 4570/4562/4563 4530/4522/4523 4529/4520/4522
f 4570/4562/4563 4571/4564/4564 4531/4523/4524
f 4572/4563/4565 4532/4525/4525 4531/4523/4524
f 4572/4563/4565 4573/4565/4566 4533/4524/4526
f 4573/4565/4566 4574/4567/4567 4534/4526/4527
f 4575/4566/4568 4535/4528/4528 4534/4526/4527
f 4575/4566/4568 4576/4569/4569 4536/4527/4529
f 4577/4568/4570 4537/4529/4530 4536/4527/4529
f 4577/4568/4570 4578/4570/4571 4538/4530/4531
f 4578/4570/4571 4579/4572/4572 4539/4531/4532
f 4580/4571/4573 4540/4533/4533 4539/4531/4532
f 4580/4571/4573 4581/4573/4574 4541/4532/4534
f 4581/4573/4574 4582/4574/4575 4542/4534/4535
f 4582/4574/4575 4583/4576/4576 4543/4536/4536
f 4584/4575/4577 4544/4535/4537 4543/4536/4536
f 4585/4577/4578 4545/4538/4538 4544/4535/4537
f 4586/4578/4579 4546/4537/4539 4545/4538/4538
f 4586/4578/4579 4587/4580/4580 4547/4539/4540
f 4588/4579/4581 4548/4540/4541 4547/4539/4540
f 4589/4581/4582 4549/4541/4542 4548/4540/4541
f 4590/4582/4583 4550/4542/4543 4549/4541/4542
f 4591/4583/4584 4551/4543/4544 4550/4542/4543
f 4591/4583/4584 4592/4584/4585 4552/4544/4545
f 4592/4584/4585 4593/4585/4586 4553/4545/4546
f 4593/4585/4586 4594/4586/4587 4554/4547/4547
f 4594/4586/4587 4595/4588/4588 4555/4546/4548
f 4596/4587/4589 4556/4548/4549 4555/4546/4548
f 4597/4589/4590 4557/4549/4550 4556/4548/4549
f 4598/4590/4591 4558/4550/4551 4557/4549/4550
f 4598/4590/4591 4599/4592/4592 4559/4551/4552
f 4600/4591/4593 4560/4552/4553 4559/4551/4552
f 4602/4593/4595 4562/4553/4555 4561/4554/4554
f 4603/4595/4596 4563/4555/4556 4562/4553/4555
f 4603/4595/4596 4604/4596/4597 4564/4556/4557
f 4604/4596/4597 4605/4597/4598 4565/4557/4558
f 4605/4597/4598 4606/4599/4599 4566/4559/4559
f 4607/4598/4600 4567/4558/4560 4566/4559/4559
f 4607/4598/4600 4608/4601/4601 4568/4561/4561
f 4609/4600/4602 4569/4560/4562 4568/4561/4561
f 4610/4602/4603 4570/4562/4563 4569/4560/4562
f 4610/4602/4603 4611/4604/4604 4571/4564/4564
f 4612/4603/4605 4572/4563/4565 4571/4564/4564
f 4612/4603/4605 4613/4606/4606 4573/4565/4566
f 4614/4605/4607 4574/4567/4567 4573/4565/4566
f 4614/4605/4607 4615/4608/4608 4575/4566/4568
f 4616/4607/4609 4576/4569/4569 4575/4566/4568
f 4616/4607/4609 4617/4610/4610 4577/4568/4570
f 4618/4609/4611 4578/4570/4571 4577/4568/4570
f 4619/4611/4612 4579/4572/4572 4578/4570/4571
f 4620/4612/4613 4580/4571/4573 4579/4572/4572
f 4620/4612/4613 4621/4613/4614 4581/4573/4574
f 4621/4613/4614 4622/4615/4615 4582/4574/4575
f 4623/4614/4616 4583/4576/4576 4582/4574/4575
f 4623/4614/4616 4624/4617/4617 4584/4575/4577
f 4625/4616/4618 4585/4577/4578 4584/4575/4577
f 4625/4616/4618 4626/4618/4619 4586/4578/4579
f 4626/4618/4619 4627/4619/4620 4587/4580/4580
f 4627/4619/4620 4628/4621/4621 4588/4579/4581
f 4629/4620/4622 4589/4581/4582 4588/4579/4581
f 4630/4622/4623 4590/4582/4583 4589/4581/4582
f 4630/4622/4623 4631/4623/4624 4591/4583/4584
f 4631/4623/4624 4632/4624/4625 4592/4584/4585
f 4632/4624/4625 4633/4625/4626 4593/4585/4586
f 4633/4625/4626 4634/4626/4627 4594/4586/4587
f 4634/4626/4627 4635/4628/4628 4595/4588/4588
f 4636/4627/4629 4596/4587/4589 4595/4588/4588
f 4637/4629/4630 4597/4589/4590 4596/4587/4589
f 4638/4630/4631 4598/4590/4591 4597/4589/4590
f 4638/4630/4631 4639/4632/4632 4599/4592/4592
f 4640/4631/4633 4600/4591/4593 4599/4592/4592
f 4642/4633/4635 4602/4593/4595 4601/4594/4594
f 4643/4635/4636 4603/4595/4596 4602/4593/4595
f 4643/4635/4636 4644/4636/4637 4604/4596/4597
f 4644/4636/4637 4645/4637/4638 4605/4597/4598
f 4645/4637/4638 4646/4639/4639 4606/4599/4599
f 4647/4638/4640 4607/4598/4600 4606/4599/4599
f 4647/4638/4640 4648/4641/4641 4608/4601/4601
f 4649/4640/4642 4609/4600/4602 4608/4601/4601
f 4650/4642/4643 4610/4602/4603 4609/4600/4602
f 4651/4643/4644 4611/4604/4604 4610/4602/4603
f 4651/4643/4644 4652/4645/4645 4612/4603/4605
f 4653/4644/4646 4613/4606/4606 4612/4603/4605
f 4653/4644/4646 4654/4647/4647 4614/4605/4607
f 4655/4646/4648 4615/4608/4608 4614/4605/4607
f 4655/4646/4648 4656/4649/4649 4616/4607/4609
f 4657/4648/4650 4617/4610/4610 4616/4607/4609
f 4657/4648/4650 4658/4650/4651 4618/4609/4611
f 4658/4650/4651 4659/4651/4652 4619/4611/4612
f 4659/4651/4652 4660/4652/4653 4620/4612/4613
f 4660/4652/4653 4661/4654/4654 4621/4613/4614
f 4662/4653/4655 4622/4615/4615 4621/4613/4614
f 4662/4653/4655 4663/4656/4656 4623/4614/4616
f 4664/4655/4657 4624/4617/4617 4623/4614/4616
f 4665/4657/4658 4625/4616/4618 4624/4617/4617
f 4665/4657/4658 4666/4659/4659 4626/4618/4619
f 4667/4658/4660 4627/4619/4620 4626/4618/4619
f 4668/4660/4661 4628/4621/4621 4627/4619/4620
f 4668/4660/4661 4669/4662/4662 4629/4620/4622
f 4670/4661/4663 4630/4622/4623 4629/4620/4622
f 4670/4661/4663 4671/4663/4664 4631/4623/4624
f 4671/4663/4664 4672/4664/4665 4632/4624/4625
f 4672/4664/4665 4673/4665/4666 4633/4625/4626
f 4673/4665/4666 4674/4667/4667 4634/4626/4627
f 4675/4666/4668 4635/4628/4628 4634/4626/4627
f 4676/4668/4669 4636/4627/4629 4635/4628/4628
f 4677/4669/4670 4637/4629/4630 4636/4627/4629
f 4678/4670/4671 4638/4630/4631 4637/4629/4630
f 4679/4671/4672 4639/4632/4632 4638/4630/4631
f 4679/4671/4672 4680/4711/4673 4640/4631/4633
f 4682/4672/4675 4642/4633/4635 4641/4634/4634
f 4683/4674/4676 4643/4635/4636 4642/4633/4635
f 4683/4674/4676 4684/4675/4677 4644/4636/4637
f 4684/4675/4677 4685/4677/4678 4645/4637/4638
f 4686/4676/4679 4646/4639/4639 4645/4637/4638
f 4687/4678/4680 4647/4638/4640 4646/4639/4639
f 4687/4678/4680 4688/4680/4681 4648/4641/4641
f 4689/4679/4682 4649/4640/4642 4648/4641/4641
f 4690/4681/4683 4650/4642/4643 4649/4640/4642
f 4691/4682/4684 4651/4643/4644 4650/4642/4643
f 4691/4682/4684 4692/4684/4685 4652/4645/4645
f 4693/4683/4686 4653/4644/4646 4652/4645/4645
f 4693/4683/4686 4694/4686/4687 4654/4647/4647
f 4695/4685/4688 4655/4646/4648 4654/4647/4647
f 4695/4685/4688 4696/4687/4689 4656/4649/4649
f 4696/4687/4689 4697/4688/4690 4657/4648/4650
f 4697/4688/4690 4698/4689/4691 4658/4650/4651
f 4698/4689/4691 4699/4690/4692 4659/4651/4652
f 4699/4690/4692 4700/4691/4693 4660/4652/4653
f 4700/4691/4693 4701/4693/4694 4661/4654/4654
f 4702/4692/4695 4662/4653/4655 4661/4654/4654
f 4702/4692/4695 4703/4695/4696 4663/4656/4656
f 4704/4694/4697 4664/4655/4657 4663/4656/4656
f 4705/4696/4698 4665/4657/4658 4664/4655/4657
f 4705/4696/4698 4706/4698/4699 4666/4659/4659
f 4707/4697/4700 4667/4658/4660 4666/4659/4659
f 4708/4699/4701 4668/4660/4661 4667/4658/4660
f 4709/4700/4702 4669/4662/4662 4668/4660/4661
f 4710/4701/4703 4670/4661/4663 4669/4662/4662
f 4710/4701/4703 4711/4702/4704 4671/4663/4664
f 4711/4702/4704 4712/4703/4705 4672/4664/4665
f 4712/4703/4705 4713/4704/4706 4673/4665/4666
f 4713/4704/4706 4714/4706/4707 4674/4667/4667
f 4715/4705/4708 4675/4666/4668 4674/4667/4667
f 4716/4707/4709 4676/4668/4669 4675/4666/4668
f 4717/4708/4710 4677/4669/4670 4676/4668/4669
f 4718/4709/4711 4678/4670/4671 4677/4669/4670
f 4719/4710/4712 4679/4671/4672 4678/4670/4671
f 4719/4710/4712 4720/5120/4713 4680/4711/4673
f 4722/4712/4715 4682/4672/4675 4681/4673/4674
f 4723/4714/4716 4683/4674/4676 4682/4672/4675
f 4723/4714/4716 4724/4715/4717 4684/4675/4677
f 4724/4715/4717 4725/4717/4718 4685/4677/4678
f 4726/4716/4719 4686/4676/4679 4685/4677/4678
f 4727/4718/4720 4687/4678/4680 4686/4676/4679
f 4728/4719/4721 4688/4680/4681 4687/4678/4680
f 4729/4720/4722 4689/4679/4682 4688/4680/4681
f 4730/4721/4723 4690/4681/4683 4689/4679/4682
f 4730/4721/4723 4731/4723/4724 4691/4682/4684
f 4732/4722/4725 4692/4684/4685 4691/4682/4684
f 4733/4724/4726 4693/4683/4686 4692/4684/4685
f 4734/4725/4727 4694/4686/4687 4693/4683/4686
f 4734/4725/4727 4735/4726/4728 4695/4685/4688
f 4735/4726/4728 4736/4727/4729 4696/4687/4689
f 4736/4727/4729 4737/4728/4730 4697/4688/4690
f 4737/4728/4730 4738/4730/4731 4698/4689/4691
f 4739/4729/4732 4699/4690/4692 4698/4689/4691
f 4739/4729/4732 4740/4731/4733 4700/4691/4693
f 4740/4731/4733 4741/4732/4734 4701/4693/4694
f 4741/4732/4734 4742/4733/4735 4702/4692/4695
f 4742/4733/4735 4743/4734/4736 4703/4695/4696
f 4743/4734/4736 4744/4735/4737 4704/4694/4697
f 4744/4735/4737 4745/4737/4738 4705/4696/4698
f 4746/4736/4739 4706/4698/4699 4705/4696/4698
f 4746/4736/4739 4747/4739/4740 4707/4697/4700
f 4748/4738/4741 4708/4699/4701 4707/4697/4700
f 4748/4738/4741 4749/4741/4742 4709/4700/4702
f 4750/4740/4743 4710/4701/4703 4709/4700/4702
f 4750/4740/4743 4751/4742/4744 4711/4702/4704
f 4751/4742/4744 4752/4743/4745 4712/4703/4705
f 4752/4743/4745 4753/4744/4746 4713/4704/4706
f 4753/4744/4746 4754/4746/4747 4714/4706/4707
f 4755/4745/4748 4715/4705/4708 4714/4706/4707
f 4756/4747/4749 4716/4707/4709 4715/4705/4708
f 4757/4748/4750 4717/4708/4710 4716/4707/4709
f 4758/4749/4751 4718/4709/4711 4717/4708/4710
f 4759/4750/4752 4719/4710/4712 4718/4709/4711
f 4760/4751/4753 4720/5120/4713 4719/4710/4712
f 4761/4752/4754 4762/4754/4755 4722/4712/4715
f 4763/4753/4756 4723/4714/4716 4722/4712/4715
f 4763/4753/4756 4764/4756/4757 4724/4715/4717
f 4765/4755/4758 4725/4717/4718 4724/4715/4717
f 4766/4757/4759 4726/4716/4719 4725/4717/4718
f 4767/4758/4760 4727/4718/4720 4726/4716/4719
f 4768/4759/4761 4728/4719/4721 4727/4718/4720
f 4769/4760/4762 4729/4720/4722 4728/4719/4721
f 4770/4761/4763 4730/4721/4723 4729/4720/4722
f 4771/4762/4764 4731/4723/4724 4730/4721/4723
f 4771/4762/4764 4772/4763/4765 4732/4722/4725
f 4772/4763/4765 4773/4764/4766 4733/4724/4726
f 4773/4764/4766 4774/4765/4767 4734/4725/4727
f 4774/4765/4767 4775/4767/4768 4735/4726/4728
f 4776/4766/4769 4736/4727/4729 4735/4726/4728
f 4777/4768/4770 4737/4728/4730 4736/4727/4729
f 4777/4768/4770 4778/4770/4771 4738/4730/4731
f 4779/4769/4772 4739/4729/4732 4738/4730/4731
f 4779/4769/4772 4780/4771/4773 4740/4731/4733
f 4780/4771/4773 4781/4773/4774 4741/4732/4734
f 4782/4772/4775 4742/4733/4735 4741/4732/4734
f 4782/4772/4775 4783/4774/4776 4743/4734/4736
f 4783/4774/4776 4784/4775/4777 4744/4735/4737
f 4784/4775/4777 4785/4776/4778 4745/4737/4738
f 4785/4776/4778 4786/4778/4779 4746/4736/4739
f 4787/4777/4780 4747/4739/4740 4746/4736/4739
f 4788/4779/4781 4748/4738/4741 4747/4739/4740
f 4788/4779/4781 4789/4781/4782 4749/4741/4742
f 4790/4780/4783 4750/4740/4743 4749/4741/4742
f 4790/4780/4783 4791/4782/4784 4751/4742/4744
f 4791/4782/4784 4792/4783/4785 4752/4743/4745
f 4792/4783/4785 4793/4784/4786 4753/4744/4746
f 4793/4784/4786 4794/4786/4787 4754/4746/4747
f 4795/4785/4788 4755/4745/4748 4754/4746/4747
f 4796/4787/4789 4756/4747/4749 4755/4745/4748
f 4796/4787/4789 4797/4789/4790 4757/4748/4750
f 4798/4788/4791 4758/4749/4751 4757/4748/4750
f 4799/4790/4792 4759/4750/4752 4758/4749/4751
f 4800/4791/4793 4760/4751/4753 4759/4750/4752
f 4801/4792/4794 4802/4793/4795 4762/4754/4755
f 4802/4793/4795 4803/4795/4796 4763/4753/4756
f 4804/4794/4797 4764/4756/4757 4763/4753/4756
f 4805/4796/4798 4765/4755/4758 4764/4756/4757
f 4806/4797/4799 4766/4757/4759 4765/4755/4758
f 4807/4798/4800 4767/4758/4760 4766/4757/4759
f 4808/4799/4801 4768/4759/4761 4767/4758/4760
f 4809/4800/4802 4769/4760/4762 4768/4759/4761
f 4810/4801/4803 4770/4761/4763 4769/4760/4762
f 4811/4802/4804 4771/4762/4764 4770/4761/4763
f 4811/4802/4804 4812/4803/4805 4772/4763/4765
f 4812/4803/4805 4813/4804/4806 4773/4764/4766
f 4813/4804/4806 4814/4805/4807 4774/4765/4767
f 4814/4805/4807 4815/4806/4808 4775/4767/4768
f 4815/4806/4808 4816/4807/4809 4776/4766/4769
f 4816/4807/4809 4817/4808/4810 4777/4768/4770
f 4817/4808/4810 4818/4809/4811 4778/4770/4771
f 4818/4809/4811 4819/4810/4812 4779/4769/4772
f 4819/4810/4812 4820/4811/4813 4780/4771/4773
f 4820/4811/4813 4821/4813/4814 4781/4773/4774
f 4822/4812/4815 4782/4772/4775 4781/4773/4774
f 4822/4812/4815 4823/4814/4816 4783/4774/4776
f 4823/4814/4816 4824/4815/4817 4784/4775/4777
f 4824/4815/4817 4825/4816/4818 4785/4776/4778
f 4825/4816/4818 4826/4818/4819 4786/4778/4779
f 4827/4817/4820 4787/4777/4780 4786/4778/4779
f 4828/4819/4821 4788/4779/4781 4787/4777/4780
f 4828/4819/4821 4829/4821/4822 4789/4781/4782
f 4830/4820/4823 4790/4780/4783 4789/4781/4782
f 4830/4820/4823 4831/4822/4824 4791/4782/4784
f 4831/4822/4824 4832/4823/4825 4792/4783/4785
f 4832/4823/4825 4833/4824/4826 4793/4784/4786
f 4833/4824/4826 4834/4826/4827 4794/4786/4787
f 4835/4825/4828 4795/4785/4788 4794/4786/4787
f 4836/4827/4829 4796/4787/4789 4795/4785/4788
f 4836/4827/4829 4837/4829/4830 4797/4789/4790
f 4838/4828/4831 4798/4788/4791 4797/4789/4790
f 4839/4830/4832 4799/4790/4792 4798/4788/4791
f 4840/4831/4833 4800/4791/4793 4799/4790/4792
f 4841/4832/4834 4842/4833/4835 4802/4793/4795
f 4842/4833/4835 4843/4835/4836 4803/4795/4796
f 4844/4834/4837 4804/4794/4797 4803/4795/4796
f 4845/4836/4838 4805/4796/4798 4804/4794/4797
f 4846/4837/4839 4806/4797/4799 4805/4796/4798
f 4847/4838/4840 4807/4798/4800 4806/4797/4799
f 4848/4839/4841 4808/4799/4801 4807/4798/4800
f 4849/4840/4842 4809/4800/4802 4808/4799/4801
f 4850/4841/4843 4810/4801/4803 4809/4800/4802
f 4851/4842/4844 4811/4802/4804 4810/4801/4803
f 4851/4842/4844 4852/4843/4845 4812/4803/4805
f 4852/4843/4845 4853/4844/4846 4813/4804/4806
f 4853/4844/4846 4854/4845/4847 4814/4805/4807
f 4854/4845/4847 4855/4846/4848 4815/4806/4808
f 4855/4846/4848 4856/4847/4849 4816/4807/4809
f 4856/4847/4849 4857/4848/4850 4817/4808/4810
f 4857/4848/4850 4858/4849/4851 4818/4809/4811
f 4858/4849/4851 4859/4850/4852 4819/4810/4812
f 4859/4850/4852 4860/4851/4853 4820/4811/4813
f 4860/4851/4853 4861/4852/4854 4821/4813/4814
f 4861/4852/4854 4862/4854/4855 4822/4812/4815
f 4863/4853/4856 4823/4814/4816 4822/4812/4815
f 4864/4855/4857 4824/4815/4817 4823/4814/4816
f 4864/4855/4857 4865/4856/4858 4825/4816/4818
f 4865/4856/4858 4866/4857/4859 4826/4818/4819
f 4866/4857/4859 4867/4858/4860 4827/4817/4820
f 4867/4858/4860 4868/4860/4861 4828/4819/4821
f 4869/4859/4862 4829/4821/4822 4828/4819/4821
f 4869/4859/4862 4870/4862/4863 4830/4820/4823
f 4871/4861/4864 4831/4822/4824 4830/4820/4823
f 4872/4863/4865 4832/4823/4825 4831/4822/4824
f 4873/4864/4866 4833/4824/4826 4832/4823/4825
f 4873/4864/4866 4874/4866/4867 4834/4826/4827
f 4875/4865/4868 4835/4825/4828 4834/4826/4827
f 4875/4865/4868 4876/4867/4869 4836/4827/4829
f 4876/4867/4869 4877/4869/4870 4837/4829/4830
f 4878/4868/4871 4838/4828/4831 4837/4829/4830
f 4879/4870/4872 4839/4830/4832 4838/4828/4831
f 4880/4871/4873 4840/4831/4833 4839/4830/4832
f 4882/4872/4875 4842/4833/4835 4841/4832/4834
f 4882/4872/4875 4883/4875/4876 4843/4835/4836
f 4884/4874/4877 4844/4834/4837 4843/4835/4836
f 4885/4876/4878 4845/4836/4838 4844/4834/4837
f 4886/4877/4879 4846/4837/4839 4845/4836/4838
f 4887/4878/4880 4847/4838/4840 4846/4837/4839
f 4888/4879/4881 4848/4839/4841 4847/4838/4840
f 4889/4880/4882 4849/4840/4842 4848/4839/4841
f 4890/4881/4883 4850/4841/4843 4849/4840/4842
f 4891/4882/4884 4851/4842/4844 4850/4841/4843
f 4891/4882/4884 4892/4883/4885 4852/4843/4845
f 4892/4883/4885 4893/4884/4886 4853/4844/4846
f 4893/4884/4886 4894/4885/4887 4854/4845/4847
f 4894/4885/4887 4895/4886/4888 4855/4846/4848
f 4895/4886/4888 4896/4887/4889 4856/4847/4849
f 4896/4887/4889 4897/4888/4890 4857/4848/4850
f 4897/4888/4890 4898/4889/4891 4858/4849/4851
f 4898/4889/4891 4899/4890/4892 4859/4850/4852
f 4899/4890/4892 4900/4891/4893 4860/4851/4853
f 4900/4891/4893 4901/4892/4894 4861/4852/4854
f 4901/4892/4894 4902/4894/4895 4862/4854/4855
f 4903/4893/4896 4863/4853/4856 4862/4854/4855
f 4904/4895/4897 4864/4855/4857 4863/4853/4856
f 4904/4895/4897 4905/4897/4898 4865/4856/4858
f 4906/4896/4899 4866/4857/4859 4865/4856/4858
f 4906/4896/4899 4907/4898/4900 4867/4858/4860
f 4907/4898/4900 4908/4900/4901 4868/4860/4861
f 4909/4899/4902 4869/4859/4862 4868/4860/4861
f 4909/4899/4902 4910/4902/4903 4870/4862/4863
f 4911/4901/4904 4871/4861/4864 4870/4862/4863
f 4912/4903/4905 4872/4863/4865 4871/4861/4864
f 4913/4904/4906 4873/4864/4866 4872/4863/4865
f 4914/4905/4907 4874/4866/4867 4873/4864/4866
f 4914/4905/4907 4915/4906/4908 4875/4865/4868
f 4915/4906/4908 4916/4907/4909 4876/4867/4869
f 4916/4907/4909 4917/4908/4910 4877/4869/4870
f 4917/4908/4910 4918/4910/4911 4878/4868/4871
f 4919/4909/4912 4879/4870/4872 4878/4868/4871
f 4920/4911/4913 4880/4871/4873 4879/4870/4872
f 4922/4912/4915 4882/4872/4875 4881/4873/4874
f 4923/4914/4916 4883/4875/4876 4882/4872/4875
f 4924/4915/4917 4884/4874/4877 4883/4875/4876
f 4925/4916/4918 4885/4876/4878 4884/4874/4877
f 4926/4917/4919 4886/4877/4879 4885/4876/4878
f 4927/4918/4920 4887/4878/4880 4886/4877/4879
f 4928/4919/4921 4888/4879/4881 4887/4878/4880
f 4929/4920/4922 4889/4880/4882 4888/4879/4881
f 4930/4921/4923 4890/4881/4883 4889/4880/4882
f 4931/4922/4924 4891/4882/4884 4890/4881/4883
f 4931/4922/4924 4932/4923/4925 4892/4883/4885
f 4932/4923/4925 4933/4924/4926 4893/4884/4886
f 4933/4924/4926 4934/4925/4927 4894/4885/4887
f 4934/4925/4927 4935/4926/4928 4895/4886/4888
f 4935/4926/4928 4936/4927/4929 4896/4887/4889
f 4936/4927/4929 4937/4929/4930 4897/4888/4890
f 4938/4928/4931 4898/4889/4891 4897/4888/4890
f 4938/4928/4931 4939/4930/4932 4899/4890/4892
f 4939/4930/4932 4940/4932/4933 4900/4891/4893
f 4941/4931/4934 4901/4892/4894 4900/4891/4893
f 4941/4931/4934 4942/4933/4935 4902/4894/4895
f 4942/4933/4935 4943/4935/4936 4903/4893/4896
f 4944/4934/4937 4904/4895/4897 4903/4893/4896
f 4945/4936/4938 4905/4897/4898 4904/4895/4897
f 4945/4936/4938 4946/4937/4939 4906/4896/4899
f 4946/4937/4939 4947/4938/4940 4907/4898/4900
f 4947/4938/4940 4948/4939/4941 4908/4900/4901
f 4948/4939/4941 4949/4941/4942 4909/4899/4902
f 4950/4940/4943 4910/4902/4903 4909/4899/4902
f 4951/4942/4944 4911/4901/4904 4910/4902/4903
f 4952/4943/4945 4912/4903/4905 4911/4901/4904
f 4953/4944/4946 4913/4904/4906 4912/4903/4905
f 4954/4945/4947 4914/4905/4907 4913/4904/4906
f 4954/4945/4947 4955/4946/4948 4915/4906/4908
f 4955/4946/4948 4956/4947/4949 4916/4907/4909
f 4956/4947/4949 4957/4948/4950 4917/4908/4910
f 4957/4948/4950 4958/4950/4951 4918/4910/4911
f 4959/4949/4952 4919/4909/4912 4918/4910/4911
f 4960/4951/4953 4920/4911/4913 4919/4909/4912
f 4962/4952/4955 4922/4912/4915 4921/4913/4914
f 4963/4954/4956 4923/4914/4916 4922/4912/4915
f 4964/4955/4957 4924/4915/4917 4923/4914/4916
f 4965/4956/4958 4925/4916/4918 4924/4915/4917
f 4966/4957/4959 4926/4917/4919 4925/4916/4918
f 4967/4958/4960 4927/4918/4920 4926/4917/4919
f 4968/4959/4961 4928/4919/4921 4927/4918/4920
f 4969/4960/4962 4929/4920/4922 4928/4919/4921
f 4970/4961/4963 4930/4921/4923 4929/4920/4922
f 4971/4962/4964 4931/4922/4924 4930/4921/4923
f 4971/4962/4964 4972/4963/4965 4932/4923/4925
f 4972/4963/4965 4973/4964/4966 4933/4924/4926
f 4973/4964/4966 4974/4965/4967 4934/4925/4927
f 4974/4965/4967 4975/4966/2683 4935/4926/4928
f 4975/4966/2683 4976/4968/4968 4936/4927/4929
f 4977/4967/4969 4937/4929/4930 4936/4927/4929
f 4977/4967/4969 4978/4969/4970 4938/4928/4931
f 4978/4969/4970 4979/4970/4971 4939/4930/4932
f 4979/4970/4971 4980/4972/4972 4940/4932/4933
f 4981/4971/4973 4941/4931/4934 4940/4932/4933
f 4981/4971/4973 4982/4974/4974 4942/4933/4935
f 4983/4973/4975 4943/4935/4936 4942/4933/4935
f 4984/4975/4976 4944/4934/4937 4943/4935/4936
f 4985/4976/4977 4945/4936/4938 4944/4934/4937
f 4986/4977/4978 4946/4937/4939 4945/4936/4938
f 4986/4977/4978 4987/4979/4979 4947/4938/4940
f 4988/4978/4980 4948/4939/4941 4947/4938/4940
f 4988/4978/4980 4989/4981/4981 4949/4941/4942
f 4990/4980/4982 4950/4940/4943 4949/4941/4942
f 4991/4982/4983 4951/4942/4944 4950/4940/4943
f 4992/4983/4984 4952/4943/4945 4951/4942/4944
f 4993/4984/4985 4953/4944/4946 4952/4943/4945
f 4994/4985/4986 4954/4945/4947 4953/4944/4946
f 4994/4985/4986 4995/4986/4987 4955/4946/4948
f 4995/4986/4987 4996/4987/4988 4956/4947/4949
f 4996/4987/4988 4997/4989/4989 4957/4948/4950
f 4998/4988/4990 4958/4950/4951 4957/4948/4950
f 4998/4988/4990 4999/4991/4991 4959/4949/4952
f 5000/4990/4992 4960/4951/4953 4959/4949/4952
f 5002/4992/4994 4962/4952/4955 4961/4953/4954
f 5003/4994/4995 4963/4954/4956 4962/4952/4955
f 5004/4995/4996 4964/4955/4957 4963/4954/4956
f 5005/4996/4997 4965/4956/4958 4964/4955/4957
f 5006/4997/4998 4966/4957/4959 4965/4956/4958
f 5007/4998/4999 4967/4958/4960 4966/4957/4959
f 5008/4999/5000 4968/4959/4961 4967/4958/4960
f 5009/5000/5001 4969/4960/4962 4968/4959/4961
f 5010/5001/5002 4970/4961/4963 4969/4960/4962
f 5011/5002/5003 4971/4962/4964 4970/4961/4963
f 5011/5002/5003 5012/5003/5004 4972/4963/4965
f 5012/5003/5004 5013/5004/5005 4973/4964/4966
f 5013/5004/5005 5014/5005/5006 4974/4965/4967
f 5014/5005/5006 5015/5007/5007 4975/4966/2683
f 5016/5006/5008 4976/4968/4968 4975/4966/2683
f 5016/5006/5008 5017/5009/5009 4977/4967/4969
f 5018/5008/5010 4978/4969/4970 4977/4967/4969
f 5019/5010/5011 4979/4970/4971 4978/4969/4970
f 5020/5011/5012 4980/4972/4972 4979/4970/4971
f 5020/5011/5012 5021/5012/5013 4981/4971/4973
f 5021/5012/5013 5022/5014/5007 4982/4974/4974
f 5023/5013/5014 4983/4973/4975 4982/4974/4974
f 5023/5013/5014 5024/5016/5015 4984/4975/4976
f 5025/5015/5016 4985/4976/4977 4984/4975/4976
f 5026/5017/5017 4986/4977/4978 4985/4976/4977
f 5026/5017/5017 5027/5018/5018 4987/4979/4979
f 5027/5018/5018 5028/5019/5019 4988/4978/4980
f 5028/5019/5019 5029/5020/5020 4989/4981/4981
f 5029/5020/5020 5030/5022/5021 4990/4980/4982
f 5031/5021/5022 4991/4982/4983 4990/4980/4982
f 5032/5023/5023 4992/4983/4984 4991/4982/4983
f 5033/5024/5024 4993/4984/4985 4992/4983/4984
f 5034/5025/5025 4994/4985/4986 4993/4984/4985
f 5034/5025/5025 5035/5026/5026 4995/4986/4987
f 5035/5026/5026 5036/5027/5027 4996/4987/4988
f 5036/5027/5027 5037/5029/5028 4997/4989/4989
f 5038/5028/5029 4998/4988/4990 4997/4989/4989
f 5038/5028/5029 5039/5031/5030 4999/4991/4991
f 5040/5030/5031 5000/4990/4992 4999/4991/4991
f 5042/5032/5033 5002/4992/4994 5001/4993/4993
f 5043/5034/5034 5003/4994/4995 5002/4992/4994
f 5044/5035/5035 5004/4995/4996 5003/4994/4995
f 5045/5036/5036 5005/4996/4997 5004/4995/4996
f 5046/5037/5037 5006/4997/4998 5005/4996/4997
f 5047/5038/5038 5007/4998/4999 5006/4997/4998
f 5048/5039/5039 5008/4999/5000 5007/4998/4999
f 5049/5040/5040 5009/5000/5001 5008/4999/5000
f 5050/5041/5041 5010/5001/5002 5009/5000/5001
f 5051/5042/5042 5011/5002/5003 5010/5001/5002
f 5051/5042/5042 5052/5043/5043 5012/5003/5004
f 5052/5043/5043 5053/5045/5044 5013/5004/5005
f 5054/5044/5045 5014/5005/5006 5013/5004/5005
f 5054/5044/5045 5055/5047/5046 5015/5007/5007
f 5056/5046/5047 5016/5006/5008 5015/5007/5007
f 5056/5046/5047 5057/5048/5048 5017/5009/5009
f 5057/5048/5048 5058/5050/4979 5018/5008/5010
f 5059/5049/5049 5019/5010/5011 5018/5008/5010
f 5060/5051/5045 5020/5011/5012 5019/5010/5011
f 5060/5051/5045 5061/5053/5050 5021/5012/5013
f 5062/5052/5051 5022/5014/5007 5021/5012/5013
f 5063/5054/5047 5023/5013/5014 5022/5014/5007
f 5063/5054/5047 5064/5055/5052 5024/5016/5015
f 5064/5055/5052 5065/5056/5053 5025/5015/5016
f 5065/5056/5053 5066/5057/5051 5026/5017/5017
f 5066/5057/5051 5067/5058/5054 5027/5018/5018
f 5067/5058/5054 5068/5059/5055 5028/5019/5019
f 5068/5059/5055 5069/5061/5056 5029/5020/5020
f 5070/5060/5057 5030/5022/5021 5029/5020/5020
f 5071/5062/5058 5031/5021/5022 5030/5022/5021
f 5072/5063/5059 5032/5023/5023 5031/5021/5022
f 5073/5064/5060 5033/5024/5024 5032/5023/5023
f 5074/5065/5061 5034/5025/5025 5033/5024/5024
f 5075/5066/5062 5035/5026/5026 5034/5025/5025
f 5075/5066/5062 5076/5068/5063 5036/5027/5027
f 5077/5067/5064 5037/5029/5028 5036/5027/5027
f 5077/5067/5064 5078/5069/5065 5038/5028/5029
f 5078/5069/5065 5079/5071/5066 5039/5031/5030
f 5080/5070/5067 5040/5030/5031 5039/5031/5030
f 5082/5072/5069 5042/5032/5033 5041/5033/5032
f 5083/5074/5070 5043/5034/5034 5042/5032/5033
f 5084/5075/5071 5044/5035/5035 5043/5034/5034
f 5085/5076/5072 5045/5036/5036 5044/5035/5035
f 5085/5076/5072 5086/5078/5073 5046/5037/5037
f 5087/5077/5074 5047/5038/5038 5046/5037/5037
f 5088/5079/5075 5048/5039/5039 5047/5038/5038
f 5089/5080/5076 5049/5040/5040 5048/5039/5039
f 5090/5081/5077 5050/5041/5041 5049/5040/5040
f 5091/5082/5078 5051/5042/5042 5050/5041/5041
f 5092/5083/5079 5052/5043/5043 5051/5042/5042
f 5093/5084/5080 5053/5045/5044 5052/5043/5043
f 5094/5085/5081 5054/5044/5045 5053/5045/5044
f 5095/5086/5082 5055/5047/5046 5054/5044/5045
f 5096/5087/5083 5056/5046/5047 5055/5047/5046
f 5097/5088/5056 5057/5048/5048 5056/5046/5047
f 5097/5088/5056 5098/5090/5084 5058/5050/4979
f 5099/5089/5055 5059/5049/5049 5058/5050/4979
f 5100/5091/5085 5060/5051/5045 5059/5049/5049
f 5101/5092/5086 5061/5053/5050 5060/5051/5045
f 5102/5093/5087 5062/5052/5051 5061/5053/5050
f 5102/5093/5087 5103/5095/5088 5063/5054/5047
f 5104/5094/5089 5064/5055/5052 5063/5054/5047
f 5105/5096/5084 5065/5056/5053 5064/5055/5052
f 5105/5096/5084 5106/5098/5082 5066/5057/5051
f 5107/5097/5086 5067/5058/5054 5066/5057/5051
f 5108/5099/5086 5068/5059/5055 5067/5058/5054
f 5108/5099/5086 5109/5101/5090 5069/5061/5056
f 5110/5100/5091 5070/5060/5057 5069/5061/5056
f 5111/5102/5092 5071/5062/5058 5070/5060/5057
f 5112/5103/5093 5072/5063/5059 5071/5062/5058
f 5113/5104/5094 5073/5064/5060 5072/5063/5059
f 5114/5105/5095 5074/5065/5061 5073/5064/5060
f 5115/5106/5096 5075/5066/5062 5074/5065/5061
f 5116/5107/5097 5076/5068/5063 5075/5066/5062
f 5117/5108/5098 5077/5067/5064 5076/5068/5063
f 5117/5108/5098 5118/5109/5099 5078/5069/5065
f 5118/5109/5099 5119/5111/5100 5079/5071/5066
f 5120/5110/5101 5080/5070/5067 5079/5071/5066
