# Blender 4.4.1
# www.blender.org
mtllib arch_1.mtl
o arch_1
v -63.988300 12.843349 -25.815205
v -63.988300 8.843349 -25.815205
v -65.441658 12.843349 -23.656605
v -65.441658 8.843349 -23.656605
v 48.120739 12.843349 49.666286
v 48.120739 8.843349 49.666286
v 46.667381 12.843349 51.824886
v 46.667381 8.843349 51.824886
v -46.014698 -13.141968 -12.899556
v -46.014698 6.858032 -12.899556
v -29.259819 -13.141968 -37.784771
v -29.259819 6.858032 -37.784771
v -32.747452 -13.141968 -3.966901
v -32.747452 6.858032 -3.966901
v -15.992574 -13.141968 -28.852116
v -15.992574 6.858032 -28.852116
v 16.025620 -13.141968 28.871346
v 16.025620 6.858032 28.871346
v 32.780499 -13.141968 3.986131
v 32.780499 6.858032 3.986131
v 29.292866 -13.141968 37.804001
v 29.292866 6.858032 37.804001
v 46.047745 -13.141968 12.918786
v 46.047745 6.858032 12.918786
v -65.987656 9.218399 -22.845697
v -65.987656 6.218399 -22.845697
v -45.988564 9.218399 -52.549385
v -45.988564 6.218399 -52.549385
v 46.121384 9.218399 52.635796
v 46.121384 6.218399 52.635796
v 66.120476 9.218399 22.932106
v 66.120476 6.218399 22.932106
v -47.411362 6.552497 -12.983623
v -47.411362 3.087842 -12.983623
v -29.863089 6.552497 -39.047230
v -29.863089 3.087842 -39.047230
v -32.144184 6.552497 -2.704442
v -32.144184 3.087842 -2.704442
v -14.595913 6.552497 -28.768047
v -14.595913 3.087842 -28.768047
v 14.277194 6.551193 28.550440
v 14.277194 3.086537 28.550440
v 31.825466 6.551193 2.486834
v 31.825466 3.086537 2.486834
v 29.544365 6.551193 38.829620
v 29.544365 3.086537 38.829620
v 47.092636 6.551193 12.766015
v 47.092636 3.086537 12.766015
v -46.575348 12.843351 -51.677864
v -46.575348 8.843351 -51.677864
v -48.028706 12.843351 -49.519260
v -48.028706 8.843351 -49.519260
v 65.533691 12.843351 23.803629
v 65.533691 8.843351 23.803629
v 64.080338 12.843351 25.962231
v 64.080338 8.843351 25.962231
v -620.882080 12.843347 -400.764038
v -620.882080 8.843347 -400.764038
v -622.335449 12.843347 -398.605438
v -622.335449 8.843347 -398.605438
v -508.773102 12.843347 -325.282562
v -508.773102 8.843347 -325.282562
v -510.226440 12.843347 -323.123962
v -510.226440 8.843347 -323.123962
v -602.908508 -13.141969 -387.848358
v -602.908508 6.858030 -387.848358
v -586.153625 -13.141969 -412.733582
v -586.153625 6.858030 -412.733582
v -589.641235 -13.141969 -378.915710
v -589.641235 6.858030 -378.915710
v -572.886353 -13.141969 -403.800934
v -572.886353 6.858030 -403.800934
v -540.868225 -13.141969 -346.077484
v -540.868225 6.858030 -346.077484
v -524.113342 -13.141969 -370.962708
v -524.113342 6.858030 -370.962708
v -527.600952 -13.141969 -337.144836
v -527.600952 6.858030 -337.144836
v -510.846069 -13.141969 -362.030060
v -510.846069 6.858030 -362.030060
v -622.881470 9.218396 -397.794556
v -622.881470 6.218397 -397.794556
v -602.882324 9.218396 -427.498230
v -602.882324 6.218397 -427.498230
v -510.772430 9.218396 -322.313049
v -510.772430 6.218397 -322.313049
v -490.773346 9.218396 -352.016724
v -490.773346 6.218397 -352.016724
v -604.305115 6.552495 -387.932465
v -604.305115 3.087839 -387.932465
v -586.756897 6.552495 -413.996063
v -586.756897 3.087839 -413.996063
v -589.037964 6.552495 -377.653290
v -589.037964 3.087839 -377.653290
v -571.489746 6.552495 -403.716888
v -571.489746 3.087839 -403.716888
v -542.616577 6.551190 -346.398407
v -542.616577 3.086535 -346.398407
v -525.068359 6.551190 -372.462006
v -525.068359 3.086535 -372.462006
v -527.349365 6.551190 -336.119202
v -527.349365 3.086535 -336.119202
v -509.801117 6.551190 -362.182800
v -509.801117 3.086535 -362.182800
v -603.469116 12.843349 -426.626709
v -603.469116 8.843349 -426.626709
v -604.922485 12.843349 -424.468109
v -604.922485 8.843349 -424.468109
v -491.360138 12.843349 -351.145203
v -491.360138 8.843349 -351.145203
v -492.813477 12.843349 -348.986603
v -492.813477 8.843349 -348.986603
v -509.265228 12.843347 -325.613922
v -509.265228 8.843347 -325.613922
v -510.718567 12.843347 -323.455322
v -510.718567 8.843347 -323.455322
v -397.156219 12.843347 -250.132446
v -397.156219 8.843347 -250.132446
v -398.609558 12.843347 -247.973831
v -398.609558 8.843347 -247.973831
v -491.291626 -13.141969 -312.698273
v -491.291626 6.858030 -312.698273
v -474.536743 -13.141969 -337.583496
v -474.536743 6.858030 -337.583496
v -478.024384 -13.141969 -303.765594
v -478.024384 6.858030 -303.765594
v -461.269501 -13.141969 -328.650818
v -461.269501 6.858030 -328.650818
v -429.251312 -13.141969 -270.927368
v -429.251312 6.858030 -270.927368
v -412.496429 -13.141969 -295.812592
v -412.496429 6.858030 -295.812592
v -415.984100 -13.141969 -261.994720
v -415.984100 6.858030 -261.994720
v -399.229218 -13.141969 -286.879944
v -399.229218 6.858030 -286.879944
v -511.264618 9.218396 -322.644440
v -511.264618 6.218397 -322.644440
v -491.265533 9.218396 -352.348114
v -491.265533 6.218397 -352.348114
v -399.155579 9.218396 -247.162949
v -399.155579 6.218397 -247.162949
v -379.156494 9.218396 -276.866638
v -379.156494 6.218397 -276.866638
v -492.688324 6.552495 -312.782349
v -492.688324 3.087839 -312.782349
v -475.140045 6.552495 -338.845947
v -475.140045 3.087839 -338.845947
v -477.421143 6.552495 -302.503174
v -477.421143 3.087839 -302.503174
v -459.872864 6.552495 -328.566772
v -459.872864 3.087839 -328.566772
v -430.999756 6.551190 -271.248291
v -430.999756 3.086535 -271.248291
v -413.451477 6.551190 -297.311890
v -413.451477 3.086535 -297.311890
v -415.732574 6.551190 -260.969116
v -415.732574 3.086535 -260.969116
v -398.184296 6.551190 -287.032715
v -398.184296 3.086535 -287.032715
v -491.852325 12.843349 -351.476593
v -491.852325 8.843349 -351.476593
v -493.305664 12.843349 -349.317993
v -493.305664 8.843349 -349.317993
v -379.743286 12.843349 -275.995117
v -379.743286 8.843349 -275.995117
v -381.196625 12.843349 -273.836517
v -381.196625 8.843349 -273.836517
v -397.331238 12.843347 -250.250275
v -397.331238 8.843347 -250.250275
v -398.784576 12.843347 -248.091660
v -398.784576 8.843347 -248.091660
v -285.222198 12.843347 -174.768799
v -285.222198 8.843347 -174.768799
v -286.675537 12.843347 -172.610184
v -286.675537 8.843347 -172.610184
v -379.357605 -13.141969 -237.334625
v -379.357605 6.858030 -237.334625
v -362.602722 -13.141969 -262.219849
v -362.602722 6.858030 -262.219849
v -366.090393 -13.141969 -228.401978
v -366.090393 6.858030 -228.401978
v -349.335510 -13.141969 -253.287186
v -349.335510 6.858030 -253.287186
v -317.317291 -13.141969 -195.563721
v -317.317291 6.858030 -195.563721
v -300.562408 -13.141969 -220.448929
v -300.562408 6.858030 -220.448929
v -304.050079 -13.141969 -186.631073
v -304.050079 6.858030 -186.631073
v -287.295197 -13.141969 -211.516281
v -287.295197 6.858030 -211.516281
v -399.330566 9.218396 -247.280746
v -399.330566 6.218397 -247.280746
v -379.331482 9.218396 -276.984436
v -379.331482 6.218397 -276.984436
v -287.221558 9.218396 -171.799286
v -287.221558 6.218397 -171.799286
v -267.222473 9.218396 -201.502975
v -267.222473 6.218397 -201.502975
v -380.754303 6.552495 -237.418686
v -380.754303 3.087839 -237.418686
v -363.206024 6.552495 -263.482300
v -363.206024 3.087839 -263.482300
v -365.487122 6.552495 -227.139496
v -365.487122 3.087839 -227.139496
v -347.938843 6.552495 -253.203110
v -347.938843 3.087839 -253.203110
v -319.065735 6.551190 -195.884613
v -319.065735 3.086535 -195.884613
v -301.517456 6.551190 -221.948227
v -301.517456 3.086535 -221.948227
v -303.798584 6.551190 -185.605453
v -303.798584 3.086535 -185.605453
v -286.250305 6.551190 -211.669067
v -286.250305 3.086535 -211.669067
v -379.918274 12.843349 -276.112915
v -379.918274 8.843349 -276.112915
v -381.371613 12.843349 -273.954315
v -381.371613 8.843349 -273.954315
v -267.809265 12.843349 -200.631454
v -267.809265 8.843349 -200.631454
v -269.262604 12.843349 -198.472839
v -269.262604 8.843349 -198.472839
v -285.801666 12.843347 -175.158936
v -285.801666 8.843347 -175.158936
v -287.255005 12.843347 -173.000320
v -287.255005 8.843347 -173.000320
v -173.692642 12.843347 -99.677452
v -173.692642 8.843347 -99.677452
v -175.145996 12.843347 -97.518852
v -175.145996 8.843347 -97.518852
v -267.828064 -13.141969 -162.243286
v -267.828064 6.858030 -162.243286
v -251.073181 -13.141969 -187.128494
v -251.073181 6.858030 -187.128494
v -254.560806 -13.141969 -153.310623
v -254.560806 6.858030 -153.310623
v -237.805923 -13.141969 -178.195831
v -237.805923 6.858030 -178.195831
v -205.787750 -13.141969 -120.472382
v -205.787750 6.858030 -120.472382
v -189.032867 -13.141969 -145.357590
v -189.032867 6.858030 -145.357590
v -192.520493 -13.141969 -111.539719
v -192.520493 6.858030 -111.539719
v -175.765610 -13.141969 -136.424942
v -175.765610 6.858030 -136.424942
v -287.800995 9.218396 -172.189423
v -287.800995 6.218397 -172.189423
v -267.801910 9.218396 -201.893112
v -267.801910 6.218397 -201.893112
v -175.691971 9.218396 -96.707932
v -175.691971 6.218397 -96.707932
v -155.692886 9.218396 -126.411621
v -155.692886 6.218397 -126.411621
v -269.224701 6.552495 -162.327347
v -269.224701 3.087839 -162.327347
v -251.676422 6.552495 -188.390961
v -251.676422 3.087839 -188.390961
v -253.957550 6.552495 -152.048172
v -253.957550 3.087839 -152.048172
v -236.409271 6.552495 -178.111786
v -236.409271 3.087839 -178.111786
v -207.536179 6.551190 -120.793289
v -207.536179 3.086535 -120.793289
v -189.987900 6.551190 -146.856903
v -189.987900 3.086535 -146.856903
v -192.268997 6.551190 -110.514114
v -192.268997 3.086535 -110.514114
v -174.720718 6.551190 -136.577713
v -174.720718 3.086535 -136.577713
v -268.388702 12.843349 -201.021591
v -268.388702 8.843349 -201.021591
v -269.842041 12.843349 -198.862976
v -269.842041 8.843349 -198.862976
v -156.279663 12.843349 -125.540092
v -156.279663 8.843349 -125.540092
v -157.733032 12.843349 -123.381493
v -157.733032 8.843349 -123.381493
v -175.605179 12.843347 -100.965324
v -175.605179 8.843347 -100.965324
v -177.058533 12.843347 -98.806725
v -177.058533 8.843347 -98.806725
v -63.496136 12.843347 -25.483839
v -63.496136 8.843347 -25.483839
v -64.949493 12.843347 -23.325237
v -64.949493 8.843347 -23.325237
v -157.631561 -13.141969 -88.049683
v -157.631561 6.858030 -88.049683
v -140.876678 -13.141969 -112.934891
v -140.876678 6.858030 -112.934891
v -144.364319 -13.141969 -79.117020
v -144.364319 6.858030 -79.117020
v -127.609444 -13.141969 -104.002228
v -127.609444 6.858030 -104.002228
v -95.591248 -13.141969 -46.278778
v -95.591248 6.858030 -46.278778
v -78.836372 -13.141969 -71.163986
v -78.836372 6.858030 -71.163986
v -82.324005 -13.141969 -37.346123
v -82.324005 6.858030 -37.346123
v -65.569130 -13.141969 -62.231335
v -65.569130 6.858030 -62.231335
v -177.604507 9.218396 -97.995811
v -177.604507 6.218397 -97.995811
v -157.605423 9.218396 -127.699501
v -157.605423 6.218397 -127.699501
v -65.495491 9.218396 -22.514332
v -65.495491 6.218397 -22.514332
v -45.496399 9.218396 -52.218018
v -45.496399 6.218397 -52.218018
v -159.028214 6.552495 -88.133743
v -159.028214 3.087839 -88.133743
v -141.479935 6.552495 -114.197342
v -141.479935 3.087839 -114.197342
v -143.761047 6.552495 -77.854561
v -143.761047 3.087839 -77.854561
v -126.212776 6.552495 -103.918167
v -126.212776 3.087839 -103.918167
v -97.339676 6.551190 -46.599678
v -97.339676 3.086535 -46.599678
v -79.791405 6.551190 -72.663284
v -79.791405 3.086535 -72.663284
v -82.072510 6.551190 -36.320503
v -82.072510 3.086535 -36.320503
v -64.524239 6.551190 -62.384106
v -64.524239 3.086535 -62.384106
v -158.192215 12.843349 -126.827980
v -158.192215 8.843349 -126.827980
v -159.645569 12.843349 -124.669373
v -159.645569 8.843349 -124.669373
v -46.083183 12.843349 -51.346493
v -46.083183 8.843349 -51.346493
v -47.536541 12.843349 -49.187893
v -47.536541 8.843349 -49.187893
v -732.228149 12.843347 -475.731842
v -732.228149 8.843347 -475.731842
v -733.681519 12.843347 -473.573242
v -733.681519 8.843347 -473.573242
v -620.119141 12.843347 -400.250366
v -620.119141 8.843347 -400.250366
v -621.572510 12.843347 -398.091766
v -621.572510 8.843347 -398.091766
v -714.254578 -13.141969 -462.816162
v -714.254578 6.858030 -462.816162
v -697.499695 -13.141969 -487.701385
v -697.499695 6.858030 -487.701385
v -700.987305 -13.141969 -453.883514
v -700.987305 6.858030 -453.883514
v -684.232422 -13.141969 -478.768738
v -684.232422 6.858030 -478.768738
v -652.214294 -13.141969 -421.045288
v -652.214294 6.858030 -421.045288
v -635.459412 -13.141969 -445.930511
v -635.459412 6.858030 -445.930511
v -638.947021 -13.141969 -412.112640
v -638.947021 6.858030 -412.112640
v -622.192139 -13.141969 -436.997864
v -622.192139 6.858030 -436.997864
v -734.227600 9.218396 -472.762360
v -734.227600 6.218397 -472.762360
v -714.228455 9.218396 -502.466034
v -714.228455 6.218397 -502.466034
v -622.118530 9.218396 -397.280853
v -622.118530 6.218397 -397.280853
v -602.119385 9.218396 -426.984528
v -602.119385 6.218397 -426.984528
v -715.651245 6.552495 -462.900269
v -715.651245 3.087839 -462.900269
v -698.103027 6.552495 -488.963867
v -698.103027 3.087839 -488.963867
v -700.384094 6.552495 -452.621094
v -700.384094 3.087839 -452.621094
v -682.835876 6.552495 -478.684692
v -682.835876 3.087839 -478.684692
v -653.962708 6.551190 -421.366211
v -653.962708 3.086535 -421.366211
v -636.414490 6.551190 -447.429810
v -636.414490 3.086535 -447.429810
v -638.695496 6.551190 -411.087006
v -638.695496 3.086535 -411.087006
v -621.147278 6.551190 -437.150604
v -621.147278 3.086535 -437.150604
v -714.815247 12.843349 -501.594513
v -714.815247 8.843349 -501.594513
v -716.268616 12.843349 -499.435913
v -716.268616 8.843349 -499.435913
v -602.706177 12.843349 -426.113007
v -602.706177 8.843349 -426.113007
v -604.159546 12.843349 -423.954407
v -604.159546 8.843349 -423.954407
v -844.128723 12.843347 -551.072998
v -844.128723 8.843347 -551.072998
v -845.582092 12.843347 -548.914368
v -845.582092 8.843347 -548.914368
v -732.019775 12.843347 -475.591522
v -732.019775 8.843347 -475.591522
v -733.473145 12.843347 -473.432922
v -733.473145 8.843347 -473.432922
v -826.155212 -13.141969 -538.157349
v -826.155212 6.858030 -538.157349
v -809.400330 -13.141969 -563.042603
v -809.400330 6.858030 -563.042603
v -812.887939 -13.141969 -529.224670
v -812.887939 6.858030 -529.224670
v -796.133057 -13.141969 -554.109924
v -796.133057 6.858030 -554.109924
v -764.114868 -13.141969 -496.386444
v -764.114868 6.858030 -496.386444
v -747.359985 -13.141969 -521.271667
v -747.359985 6.858030 -521.271667
v -750.847656 -13.141969 -487.453796
v -750.847656 6.858030 -487.453796
v -734.092773 -13.141969 -512.339050
v -734.092773 6.858030 -512.339050
v -846.128174 9.218396 -548.103455
v -846.128174 6.218397 -548.103455
v -826.129028 9.218396 -577.807129
v -826.129028 6.218397 -577.807129
v -734.019165 9.218396 -472.622009
v -734.019165 6.218397 -472.622009
v -714.020020 9.218396 -502.325684
v -714.020020 6.218397 -502.325684
v -827.551819 6.552495 -538.241455
v -827.551819 3.087839 -538.241455
v -810.003601 6.552495 -564.305054
v -810.003601 3.087839 -564.305054
v -812.284668 6.552495 -527.962280
v -812.284668 3.087839 -527.962280
v -794.736450 6.552495 -554.025879
v -794.736450 3.087839 -554.025879
v -765.863281 6.551190 -496.707367
v -765.863281 3.086535 -496.707367
v -748.315063 6.551190 -522.770935
v -748.315063 3.086535 -522.770935
v -750.596069 6.551190 -486.428162
v -750.596069 3.086535 -486.428162
v -733.047852 6.551190 -512.491760
v -733.047852 3.086535 -512.491760
v -826.715820 12.843349 -576.935608
v -826.715820 8.843349 -576.935608
v -828.169189 12.843349 -574.777039
v -828.169189 8.843349 -574.777039
v -714.606812 12.843349 -501.454163
v -714.606812 8.843349 -501.454163
v -716.060181 12.843349 -499.295563
v -716.060181 8.843349 -499.295563
v -955.767578 12.843347 -626.238037
v -955.767578 8.843347 -626.238037
v -957.220947 12.843347 -624.079468
v -957.220947 8.843347 -624.079468
v -843.658508 12.843347 -550.756531
v -843.658508 8.843347 -550.756531
v -845.111877 12.843347 -548.597900
v -845.111877 8.843347 -548.597900
v -937.793945 -13.141969 -613.322327
v -937.793945 6.858030 -613.322327
v -921.039062 -13.141969 -638.207581
v -921.039062 6.858030 -638.207581
v -924.526611 -13.141969 -604.389709
v -924.526611 6.858030 -604.389709
v -907.771790 -13.141969 -629.274963
v -907.771790 6.858030 -629.274963
v -875.753662 -13.141969 -571.551453
v -875.753662 6.858030 -571.551453
v -858.998779 -13.141969 -596.436707
v -858.998779 6.858030 -596.436707
v -862.486328 -13.141969 -562.618835
v -862.486328 6.858030 -562.618835
v -845.731506 -13.141969 -587.504089
v -845.731506 6.858030 -587.504089
v -957.766907 9.218396 -623.268494
v -957.766907 6.218397 -623.268494
v -937.767822 9.218396 -652.972229
v -937.767822 6.218397 -652.972229
v -845.657837 9.218396 -547.786987
v -845.657837 6.218397 -547.786987
v -825.658752 9.218396 -577.490723
v -825.658752 6.218397 -577.490723
v -939.190613 6.552495 -613.406433
v -939.190613 3.087839 -613.406433
v -921.642334 6.552495 -639.470032
v -921.642334 3.087839 -639.470032
v -923.923401 6.552495 -603.127258
v -923.923401 3.087839 -603.127258
v -906.375122 6.552495 -629.190857
v -906.375122 3.087839 -629.190857
v -877.502075 6.551190 -571.872375
v -877.502075 3.086535 -571.872375
v -859.953796 6.551190 -597.935974
v -859.953796 3.086535 -597.935974
v -862.234863 6.551190 -561.593201
v -862.234863 3.086535 -561.593201
v -844.686584 6.551190 -587.656799
v -844.686584 3.086535 -587.656799
v -938.354614 12.843349 -652.100708
v -938.354614 8.843349 -652.100708
v -939.807983 12.843349 -649.942078
v -939.807983 8.843349 -649.942078
v -826.245544 12.843349 -576.619202
v -826.245544 8.843349 -576.619202
v -827.698914 12.843349 -574.460571
v -827.698914 8.843349 -574.460571
v -982.890808 12.843347 -641.362671
v -981.437439 12.843347 -643.521240
v -981.437439 8.843347 -643.521240
v -982.890808 8.843347 -641.362671
v -963.437683 9.218396 -670.255432
v -983.436768 9.218396 -640.551697
v -983.436768 6.218397 -640.551697
v -963.437683 6.218397 -670.255432
v -965.477844 12.843349 -667.225281
v -964.024475 12.843349 -669.383911
v -964.024475 8.843349 -669.383911
v -965.477844 8.843349 -667.225281
v -998.706848 12.843347 -660.885986
v -996.634033 12.843347 -662.459229
v -996.634033 8.843347 -662.459229
v -998.706848 8.843347 -660.885986
v -970.961975 9.218396 -681.943909
v -999.485474 9.218396 -660.294922
v -999.485474 6.218397 -660.294922
v -970.961975 6.218397 -681.943909
v -973.871704 12.843349 -679.735474
v -971.798889 12.843349 -681.308777
v -971.798889 8.843349 -681.308777
v -973.871704 8.843349 -679.735474
v -1012.151367 12.843347 -687.024536
v -1009.600525 12.843347 -687.539124
v -1009.600525 8.843347 -687.539124
v -1012.151367 8.843347 -687.024536
v -978.007996 9.218396 -693.912720
v -1013.109741 9.218396 -686.831299
v -1013.109741 6.218397 -686.831299
v -978.007996 6.218397 -693.912720
v -981.588806 12.843349 -693.190369
v -979.037964 12.843349 -693.704956
v -979.037964 8.843349 -693.704956
v -981.588806 8.843349 -693.190369
v -1012.473755 12.843347 -735.362122
v -1009.958801 12.843347 -734.694214
v -1009.958801 8.843347 -734.694214
v -1012.473755 8.843347 -735.362122
v -978.809448 9.218396 -726.422241
v -1013.418579 9.218396 -735.613037
v -1013.418579 6.218397 -735.613037
v -978.809448 6.218397 -726.422241
v -982.339966 12.843349 -727.359802
v -979.824951 12.843349 -726.691956
v -979.824951 8.843349 -726.691956
v -982.339966 8.843349 -727.359802
v -989.298035 12.843347 -822.633301
v -986.782959 12.843347 -821.965393
v -986.782959 8.843347 -821.965393
v -989.298035 8.843347 -822.633301
v -955.633606 9.218396 -813.693359
v -990.242859 9.218396 -822.884277
v -990.242859 6.218397 -822.884277
v -955.633606 6.218397 -813.693359
v -959.164307 12.843349 -814.631042
v -956.649048 12.843349 -813.963013
v -956.649048 8.843349 -813.963013
v -959.164307 8.843349 -814.631042
v -950.156189 12.567212 -950.611938
v -950.156189 8.567212 -950.611938
v -952.660034 12.567212 -951.320801
v -952.660034 8.567212 -951.320801
v -986.972839 12.567212 -820.571899
v -986.972839 8.567212 -820.571899
v -989.476685 12.567212 -821.280762
v -989.476685 8.567212 -821.280762
v -956.832520 -13.418103 -929.510010
v -956.832520 6.581895 -929.510010
v -927.967163 -13.418103 -921.337708
v -927.967163 6.581895 -921.337708
v -961.189453 -13.418103 -914.120728
v -961.189453 6.581895 -914.120728
v -932.324036 -13.418103 -905.948486
v -932.324036 6.581895 -905.948486
v -977.206665 -13.418103 -857.546753
v -977.206665 6.581895 -857.546753
v -948.341187 -13.418103 -849.374512
v -948.341187 6.581895 -849.374512
v -981.563660 -13.418103 -842.157593
v -981.563660 6.581895 -842.157593
v -952.698120 -13.418103 -833.985229
v -952.698120 6.581895 -833.985229
v -953.600708 8.942262 -951.587097
v -953.600708 5.942262 -951.587097
v -919.146118 8.942262 -941.832458
v -919.146118 5.942262 -941.832458
v -990.417358 8.942262 -821.547119
v -990.417358 5.942262 -821.547119
v -955.962769 8.942262 -811.792358
v -955.962769 5.942262 -811.792358
v -957.187622 6.276361 -930.863464
v -957.187622 2.811705 -930.863464
v -926.955383 6.276361 -922.304138
v -926.955383 2.811705 -922.304138
v -962.201294 6.276361 -913.154419
v -962.201294 2.811705 -913.154419
v -931.969055 6.276361 -904.595093
v -931.969055 2.811705 -904.595093
v -977.446167 6.275056 -859.308228
v -977.446167 2.810400 -859.308228
v -947.213806 6.275056 -850.748901
v -947.213806 2.810400 -850.748901
v -982.459839 6.275056 -841.599182
v -982.459839 2.810400 -841.599182
v -952.227600 6.275056 -833.039856
v -952.227600 2.810400 -833.039856
v -920.156982 12.567214 -942.118652
v -920.156982 8.567214 -942.118652
v -922.660889 12.567214 -942.827515
v -922.660889 8.567214 -942.827515
v -956.973633 12.567214 -812.078552
v -956.973633 8.567214 -812.078552
v -959.477539 12.567214 -812.787476
v -959.477539 8.567214 -812.787476
v -913.624084 12.567212 -1080.879395
v -913.624084 8.567212 -1080.879395
v -916.127930 12.567212 -1081.588379
v -916.127930 8.567212 -1081.588379
v -950.440735 12.567212 -950.839355
v -950.440735 8.567212 -950.839355
v -952.944580 12.567212 -951.548218
v -952.944580 8.567212 -951.548218
v -920.300293 -13.418103 -1059.777466
v -920.300293 6.581895 -1059.777466
v -891.434998 -13.418103 -1051.605225
v -891.434998 6.581895 -1051.605225
v -924.657349 -13.418103 -1044.388184
v -924.657349 6.581895 -1044.388184
v -895.791931 -13.418103 -1036.215942
v -895.791931 6.581895 -1036.215942
v -940.674377 -13.418103 -987.814270
v -940.674377 6.581895 -987.814270
v -911.809082 -13.418103 -979.642029
v -911.809082 6.581895 -979.642029
v -945.031555 -13.418103 -972.425110
v -945.031555 6.581895 -972.425110
v -916.166016 -13.418103 -964.252747
v -916.166016 6.581895 -964.252747
v -917.068481 8.942262 -1081.854614
v -917.068481 5.942262 -1081.854614
v -882.613892 8.942262 -1072.099976
v -882.613892 5.942262 -1072.099976
v -953.885254 8.942262 -951.814636
v -953.885254 5.942262 -951.814636
v -919.430542 8.942262 -942.059875
v -919.430542 5.942262 -942.059875
v -920.655518 6.276361 -1061.130981
v -920.655518 2.811705 -1061.130981
v -890.423157 6.276361 -1052.571655
v -890.423157 2.811705 -1052.571655
v -925.669189 6.276361 -1043.421875
v -925.669189 2.811705 -1043.421875
v -895.436951 6.276361 -1034.862549
v -895.436951 2.811705 -1034.862549
v -940.913940 6.275056 -989.575684
v -940.913940 2.810400 -989.575684
v -910.681641 6.275056 -981.016357
v -910.681641 2.810400 -981.016357
v -945.927734 6.275056 -971.866699
v -945.927734 2.810400 -971.866699
v -915.695435 6.275056 -963.307373
v -915.695435 2.810400 -963.307373
v -883.624878 12.567214 -1072.386108
v -883.624878 8.567214 -1072.386108
v -886.128723 12.567214 -1073.094971
v -886.128723 8.567214 -1073.094971
v -920.441528 12.567214 -942.346069
v -920.441528 8.567214 -942.346069
v -922.945374 12.567214 -943.054932
v -922.945374 8.567214 -943.054932
v -876.966553 12.567212 -1210.358032
v -876.966553 8.567212 -1210.358032
v -879.470337 12.567212 -1211.067017
v -879.470337 8.567212 -1211.067017
v -913.783203 12.567212 -1080.317993
v -913.783203 8.567212 -1080.317993
v -916.287048 12.567212 -1081.026855
v -916.287048 8.567212 -1081.026855
v -883.642883 -13.418103 -1189.256104
v -883.642883 6.581895 -1189.256104
v -854.777466 -13.418103 -1181.083862
v -854.777466 6.581895 -1181.083862
v -887.999756 -13.418103 -1173.866821
v -887.999756 6.581895 -1173.866821
v -859.134399 -13.418103 -1165.694580
v -859.134399 6.581895 -1165.694580
v -904.016846 -13.418103 -1117.292847
v -904.016846 6.581895 -1117.292847
v -875.151550 -13.418103 -1109.120605
v -875.151550 6.581895 -1109.120605
v -908.373962 -13.418103 -1101.903687
v -908.373962 6.581895 -1101.903687
v -879.508423 -13.418103 -1093.731323
v -879.508423 6.581895 -1093.731323
v -880.410889 8.942262 -1211.333252
v -880.410889 5.942262 -1211.333252
v -845.956421 8.942262 -1201.578613
v -845.956421 5.942262 -1201.578613
v -917.227661 8.942262 -1081.293213
v -917.227661 5.942262 -1081.293213
v -882.773010 8.942262 -1071.538574
v -882.773010 5.942262 -1071.538574
v -883.997925 6.276361 -1190.609619
v -883.997925 2.811705 -1190.609619
v -853.765625 6.276361 -1182.050293
v -853.765625 2.811705 -1182.050293
v -889.011597 6.276361 -1172.900635
v -889.011597 2.811705 -1172.900635
v -858.779419 6.276361 -1164.341309
v -858.779419 2.811705 -1164.341309
v -904.256348 6.275056 -1119.054321
v -904.256348 2.810400 -1119.054321
v -874.024109 6.275056 -1110.494995
v -874.024109 2.810400 -1110.494995
v -909.270142 6.275056 -1101.345337
v -909.270142 2.810400 -1101.345337
v -879.037903 6.275056 -1092.786011
v -879.037903 2.810400 -1092.786011
v -846.967285 12.567214 -1201.864746
v -846.967285 8.567214 -1201.864746
v -849.471191 12.567214 -1202.573730
v -849.471191 8.567214 -1202.573730
v -883.783997 12.567214 -1071.824707
v -883.783997 8.567214 -1071.824707
v -886.287842 12.567214 -1072.533569
v -886.287842 8.567214 -1072.533569
v -840.128296 12.567212 -1340.473877
v -840.128296 8.567212 -1340.473877
v -842.632202 12.567212 -1341.182861
v -842.632202 8.567212 -1341.182861
v -876.944946 12.567212 -1210.433716
v -876.944946 8.567212 -1210.433716
v -879.448853 12.567212 -1211.142700
v -879.448853 8.567212 -1211.142700
v -846.804565 -13.418103 -1319.371948
v -846.804565 6.581895 -1319.371948
v -817.939270 -13.418103 -1311.199707
v -817.939270 6.581895 -1311.199707
v -851.161621 -13.418103 -1303.982666
v -851.161621 6.581895 -1303.982666
v -822.296143 -13.418103 -1295.810425
v -822.296143 6.581895 -1295.810425
v -867.178650 -13.418103 -1247.408691
v -867.178650 6.581895 -1247.408691
v -838.313354 -13.418103 -1239.236328
v -838.313354 6.581895 -1239.236328
v -871.535767 -13.418103 -1232.019531
v -871.535767 6.581895 -1232.019531
v -842.670288 -13.418103 -1223.847168
v -842.670288 6.581895 -1223.847168
v -843.572754 8.942262 -1341.448975
v -843.572754 5.942262 -1341.448975
v -809.118286 8.942262 -1331.694336
v -809.118286 5.942262 -1331.694336
v -880.389526 8.942262 -1211.408936
v -880.389526 5.942262 -1211.408936
v -845.934814 8.942262 -1201.654297
v -845.934814 5.942262 -1201.654297
v -847.159790 6.276361 -1320.725342
v -847.159790 2.811705 -1320.725342
v -816.927368 6.276361 -1312.166016
v -816.927368 2.811705 -1312.166016
v -852.173462 6.276361 -1303.016357
v -852.173462 2.811705 -1303.016357
v -821.941162 6.276361 -1294.457031
v -821.941162 2.811705 -1294.457031
v -867.418152 6.275056 -1249.170166
v -867.418152 2.810400 -1249.170166
v -837.185913 6.275056 -1240.610840
v -837.185913 2.810400 -1240.610840
v -872.432007 6.275056 -1231.461060
v -872.432007 2.810400 -1231.461060
v -842.199707 6.275056 -1222.901855
v -842.199707 2.810400 -1222.901855
v -810.129150 12.567214 -1331.980591
v -810.129150 8.567214 -1331.980591
v -812.632996 12.567214 -1332.689453
v -812.632996 8.567214 -1332.689453
v -846.945801 12.567214 -1201.940430
v -846.945801 8.567214 -1201.940430
v -849.449646 12.567214 -1202.649414
v -849.449646 8.567214 -1202.649414
v -804.183105 12.567212 -1467.436646
v -804.183105 8.567212 -1467.436646
v -806.686890 12.567212 -1468.145508
v -806.686890 8.567212 -1468.145508
v -840.999634 12.567212 -1337.396484
v -840.999634 8.567212 -1337.396484
v -843.503479 12.567212 -1338.105469
v -843.503479 8.567212 -1338.105469
v -810.859314 -13.418103 -1446.334717
v -810.859314 6.581895 -1446.334717
v -781.993896 -13.418103 -1438.162354
v -781.993896 6.581895 -1438.162354
v -815.216187 -13.418103 -1430.945435
v -815.216187 6.581895 -1430.945435
v -786.350891 -13.418103 -1422.773193
v -786.350891 6.581895 -1422.773193
v -831.233398 -13.418103 -1374.371582
v -831.233398 6.581895 -1374.371582
v -802.367920 -13.418103 -1366.199219
v -802.367920 6.581895 -1366.199219
v -835.590454 -13.418103 -1358.982178
v -835.590454 6.581895 -1358.982178
v -806.724976 -13.418103 -1350.809937
v -806.724976 6.581895 -1350.809937
v -807.627441 8.942262 -1468.411865
v -807.627441 5.942262 -1468.411865
v -773.172852 8.942262 -1458.657227
v -773.172852 5.942262 -1458.657227
v -844.444092 8.942262 -1338.371826
v -844.444092 5.942262 -1338.371826
v -809.989563 8.942262 -1328.617065
v -809.989563 5.942262 -1328.617065
v -811.214417 6.276361 -1447.687988
v -811.214417 2.811705 -1447.687988
v -780.982178 6.276361 -1439.128906
v -780.982178 2.811705 -1439.128906
v -816.228210 6.276361 -1429.979004
v -816.228210 2.811705 -1429.979004
v -785.995850 6.276361 -1421.419678
v -785.995850 2.811705 -1421.419678
v -831.472900 6.275056 -1376.132812
v -831.472900 2.810400 -1376.132812
v -801.240662 6.275056 -1367.573608
v -801.240662 2.810400 -1367.573608
v -836.486572 6.275056 -1358.423828
v -836.486572 2.810400 -1358.423828
v -806.254395 6.275056 -1349.864502
v -806.254395 2.810400 -1349.864502
v -774.183716 12.567214 -1458.943359
v -774.183716 8.567214 -1458.943359
v -776.687744 12.567214 -1459.652222
v -776.687744 8.567214 -1459.652222
v -811.000366 12.567214 -1328.903320
v -811.000366 8.567214 -1328.903320
v -813.504272 12.567214 -1329.612061
v -813.504272 8.567214 -1329.612061
v -792.521606 24.020750 -1518.178711
v -790.017761 24.020750 -1517.469727
v -790.017761 20.020750 -1517.469727
v -792.521606 20.020750 -1518.178711
v -759.007690 20.395800 -1508.690308
v -793.462280 20.395800 -1518.444824
v -793.462280 17.395800 -1518.444824
v -759.007690 17.395800 -1508.690308
v -762.522461 24.020752 -1509.685303
v -760.018555 24.020752 -1508.976440
v -760.018555 20.020752 -1508.976440
v -762.522461 20.020752 -1509.685303
v -753.234009 24.000526 -1647.393799
v -753.234009 20.000526 -1647.393799
v -755.737854 24.000526 -1648.102661
v -755.737854 20.000526 -1648.102661
v -790.050537 24.000526 -1517.353760
v -790.050537 20.000526 -1517.353760
v -792.554565 24.000526 -1518.062500
v -792.554565 20.000526 -1518.062500
v -759.910217 -1.984788 -1626.291748
v -759.910217 18.015211 -1626.291748
v -731.044922 -1.984788 -1618.119629
v -731.044922 18.015211 -1618.119629
v -764.267212 -1.984788 -1610.902588
v -764.267212 18.015211 -1610.902588
v -735.401855 -1.984788 -1602.730225
v -735.401855 18.015211 -1602.730225
v -780.284302 -1.984788 -1554.328613
v -780.284302 18.015211 -1554.328613
v -751.418884 -1.984788 -1546.156250
v -751.418884 18.015211 -1546.156250
v -784.641357 -1.984788 -1538.939453
v -784.641357 18.015211 -1538.939453
v -755.775879 -1.984788 -1530.767090
v -755.775879 18.015211 -1530.767090
v -756.678345 20.375576 -1648.368896
v -756.678345 17.375578 -1648.368896
v -722.223816 20.375576 -1638.614258
v -722.223816 17.375578 -1638.614258
v -793.495178 20.375576 -1518.328857
v -793.495178 17.375578 -1518.328857
v -759.040527 20.375576 -1508.574097
v -759.040527 17.375578 -1508.574097
v -760.265320 17.709675 -1627.645264
v -760.265320 14.245020 -1627.645264
v -730.033081 17.709675 -1619.085938
v -730.033081 14.245020 -1619.085938
v -765.279175 17.709675 -1609.936157
v -765.279175 14.245020 -1609.936157
v -735.046875 17.709675 -1601.376953
v -735.046875 14.245020 -1601.376953
v -780.523804 17.708370 -1556.090088
v -780.523804 14.243715 -1556.090088
v -750.291626 17.708370 -1547.530762
v -750.291626 14.243715 -1547.530762
v -785.537598 17.708370 -1538.380981
v -785.537598 14.243715 -1538.380981
v -755.305298 17.708370 -1529.821533
v -755.305298 14.243715 -1529.821533
v -723.234802 24.000530 -1638.900513
v -723.234802 20.000530 -1638.900513
v -725.738647 24.000530 -1639.609375
v -725.738647 20.000530 -1639.609375
v -760.051331 24.000530 -1508.860352
v -760.051331 20.000530 -1508.860352
v -762.555176 24.000530 -1509.569336
v -762.555176 20.000530 -1509.569336
v -716.559692 16.117624 -1776.931152
v -716.624573 12.124738 -1776.701904
v -719.063538 16.117624 -1777.640137
v -719.128418 12.124738 -1777.410767
v -753.310791 24.174330 -1647.122559
v -753.375854 20.181442 -1646.892944
v -755.814636 24.174330 -1647.831421
v -755.879700 20.181442 -1647.601807
v -723.647278 -8.502698 -1754.376831
v -723.322388 11.461733 -1755.523926
v -694.781738 -8.502698 -1746.204346
v -694.457092 11.461733 -1747.351562
v -727.996399 -7.549249 -1739.014771
v -727.671631 12.415182 -1740.161987
v -699.130981 -7.549249 -1730.842529
v -698.806152 12.415182 -1731.989746
v -743.985046 -4.044176 -1682.541504
v -743.660278 15.920254 -1683.688721
v -715.119629 -4.044176 -1674.369141
v -714.794861 15.920254 -1675.516357
v -748.334351 -3.090727 -1667.179565
v -748.009399 16.873703 -1668.326660
v -719.468750 -3.090727 -1659.007324
v -719.144104 16.873703 -1660.154419
v -720.062988 12.499120 -1777.698486
v -720.111633 9.504456 -1777.526489
v -685.608398 12.499120 -1767.943848
v -685.657166 9.504456 -1767.771729
v -756.814026 20.555824 -1647.889771
v -756.862854 17.561161 -1647.717651
v -722.359619 20.555824 -1638.135010
v -722.408264 17.561161 -1637.963013
v -723.683044 11.084879 -1756.857666
v -723.739258 7.626385 -1756.658936
v -693.450623 11.084879 -1748.298340
v -693.506958 7.626385 -1748.099609
v -728.687866 12.182053 -1739.180176
v -728.744141 8.723558 -1738.981445
v -698.455505 12.182053 -1730.620850
v -698.511780 8.723558 -1730.422119
v -743.905579 15.516819 -1685.429688
v -743.961792 12.058325 -1685.230957
v -713.673157 15.516819 -1676.870361
v -713.729492 12.058325 -1676.671631
v -748.910400 16.613993 -1667.752197
v -748.966553 13.155499 -1667.553345
v -718.678040 16.613993 -1659.192749
v -718.734314 13.155499 -1658.994019
v -686.560486 16.117626 -1768.437988
v -686.625366 12.124739 -1768.208496
v -689.064331 16.117626 -1769.146973
v -689.129272 12.124739 -1768.917480
v -723.311584 24.174330 -1638.629150
v -723.376648 20.181444 -1638.399658
v -725.815491 24.174330 -1639.338013
v -725.880493 20.181444 -1639.108643
v -680.147827 8.168906 -1905.125977
v -680.212646 4.175968 -1904.897339
v -682.651672 8.168906 -1905.834961
v -682.716492 4.175968 -1905.606201
v -716.899475 16.196352 -1775.315552
v -716.964294 12.203413 -1775.086914
v -719.403320 16.196352 -1776.024414
v -719.468140 12.203413 -1775.795898
v -687.234009 -16.456541 -1882.576660
v -686.910461 3.508147 -1883.719604
v -658.368469 -16.456541 -1874.404297
v -658.044922 3.508147 -1875.547241
v -691.583252 -15.506555 -1867.214600
v -691.259705 4.458134 -1868.357422
v -662.717834 -15.506555 -1859.042236
v -662.394287 4.458134 -1860.185303
v -707.572083 -12.014213 -1810.740479
v -707.248535 7.950477 -1811.883423
v -678.706665 -12.014213 -1802.568115
v -678.383118 7.950477 -1803.711182
v -711.921326 -11.064226 -1795.378296
v -711.597717 8.900463 -1796.521240
v -683.055847 -11.064226 -1787.206055
v -682.732300 8.900463 -1788.348999
v -683.650940 4.550355 -1905.894043
v -683.699585 1.555652 -1905.722534
v -649.196350 4.550355 -1896.139404
v -649.244934 1.555652 -1895.967773
v -720.402588 12.577800 -1776.083496
v -720.451233 9.583097 -1775.912109
v -685.948059 12.577800 -1766.328857
v -685.996582 9.583097 -1766.157349
v -687.270935 3.131551 -1885.053467
v -687.327026 -0.326988 -1884.855469
v -657.038696 3.131551 -1876.494141
v -657.094666 -0.326988 -1876.296143
v -692.275940 4.224740 -1867.375732
v -692.331909 0.766201 -1867.177734
v -662.043518 4.224740 -1858.816406
v -662.099609 0.766201 -1858.618408
v -707.493713 7.547390 -1813.624512
v -707.549866 4.088851 -1813.426514
v -677.261475 7.547390 -1805.065186
v -677.317627 4.088851 -1804.867188
v -712.498657 8.640579 -1795.946777
v -712.554688 5.182040 -1795.748779
v -682.266357 8.640579 -1787.387451
v -682.322327 5.182040 -1787.189453
v -650.148621 8.168907 -1896.632690
v -650.213318 4.175969 -1896.404053
v -652.652466 8.168907 -1897.341553
v -652.717285 4.175969 -1897.113037
v -686.900269 16.196352 -1766.822266
v -686.965088 12.203414 -1766.593506
v -689.404114 16.196352 -1767.531128
v -689.468933 12.203414 -1767.302490
v -587.068970 39.091099 -2114.128174
v -587.068848 35.104733 -2113.798340
v -584.466553 39.091099 -2114.128174
v -584.466797 35.104733 -2113.798340
v -587.068787 27.942148 -2248.819092
v -587.069031 23.955780 -2248.489014
v -584.466736 27.942148 -2248.818848
v -584.466614 23.955780 -2248.489014
v -586.393494 11.369407 -2134.031738
v -586.393494 31.301239 -2135.681641
v -616.393433 11.369407 -2134.031738
v -616.393433 31.301239 -2135.681641
v -586.393494 10.050014 -2149.971191
v -586.393372 29.981846 -2151.621338
v -616.393433 10.050014 -2149.971436
v -616.393555 29.981846 -2151.621094
v -586.393555 5.199659 -2208.568848
v -586.393494 25.131493 -2210.218506
v -616.393433 5.199659 -2208.568848
v -616.393555 25.131493 -2210.218506
v -586.393555 3.880266 -2224.508301
v -586.393494 23.812099 -2226.158203
v -616.393372 3.880266 -2224.508301
v -616.393433 23.812099 -2226.158203
v -583.489075 35.478504 -2113.829102
v -583.489075 32.488731 -2113.581787
v -619.297913 35.478504 -2113.829102
v -619.297852 32.488731 -2113.581787
v -583.489136 24.329554 -2248.520020
v -583.489075 21.339779 -2248.272461
v -619.297852 24.329554 -2248.520020
v -619.297913 21.339779 -2248.272461
v -585.683167 31.096189 -2134.455078
v -585.683289 27.643343 -2134.169189
v -617.103821 31.096189 -2134.455078
v -617.103699 27.643343 -2134.169189
v -585.683228 29.577909 -2152.797363
v -585.683167 26.125061 -2152.511719
v -617.103699 29.577909 -2152.797363
v -617.103699 26.125061 -2152.511719
v -585.683289 24.960125 -2208.569092
v -585.683167 21.507277 -2208.283447
v -617.103760 24.960125 -2208.569336
v -617.103760 21.507277 -2208.283203
v -585.683167 23.441843 -2226.911621
v -585.683167 19.988997 -2226.625732
v -617.103699 23.441843 -2226.911621
v -617.103821 19.988997 -2226.625732
v -618.247314 39.091103 -2114.128174
v -618.247192 35.104736 -2113.798340
v -615.644897 39.091103 -2114.128174
v -615.645142 35.104736 -2113.798096
v -618.247253 27.942152 -2248.819092
v -618.247375 23.955784 -2248.489014
v -615.645081 27.942152 -2248.818848
v -615.644958 23.955784 -2248.489014
v -587.068970 27.975307 -2248.418213
v -587.068970 23.988941 -2248.088135
v -584.466614 27.975307 -2248.418213
v -584.466675 23.988941 -2248.088135
v -587.068909 16.826357 -2383.108887
v -587.069031 12.839990 -2382.778809
v -584.466736 16.826357 -2383.108887
v -584.466614 12.839990 -2382.779053
v -586.393555 0.253615 -2268.321777
v -586.393494 20.185448 -2269.971436
v -616.393494 0.253615 -2268.321777
v -616.393494 20.185448 -2269.971680
v -586.393494 -1.065777 -2284.261230
v -586.393433 18.866055 -2285.911133
v -616.393494 -1.065777 -2284.261230
v -616.393555 18.866055 -2285.911133
v -586.393616 -5.916132 -2342.858643
v -586.393494 14.015700 -2344.508545
v -616.393433 -5.916132 -2342.858643
v -616.393555 14.015700 -2344.508301
v -586.393616 -7.235525 -2358.798340
v -586.393494 12.696308 -2360.447998
v -616.393433 -7.235525 -2358.798096
v -616.393433 12.696308 -2360.448242
v -583.489136 24.362713 -2248.119141
v -583.489075 21.372938 -2247.871582
v -619.297913 24.362713 -2248.119141
v -619.297913 21.372938 -2247.871582
v -583.489197 13.213762 -2382.809814
v -583.489136 10.223988 -2382.562500
v -619.297974 13.213762 -2382.810059
v -619.297913 10.223988 -2382.562500
v -585.683167 19.980398 -2268.744873
v -585.683289 16.527552 -2268.459229
v -617.103821 19.980398 -2268.744873
v -617.103882 16.527552 -2268.459229
v -585.683289 18.462118 -2287.087402
v -585.683167 15.009271 -2286.801758
v -617.103882 18.462118 -2287.087402
v -617.103699 15.009271 -2286.801514
v -585.683350 13.844333 -2342.858887
v -585.683228 10.391486 -2342.573242
v -617.103760 13.844333 -2342.859131
v -617.103882 10.391486 -2342.573242
v -585.683228 12.326053 -2361.201660
v -585.683228 8.873205 -2360.915771
v -617.103760 12.326053 -2361.201660
v -617.103882 8.873205 -2360.915527
v -618.247314 27.975311 -2248.418213
v -618.247192 23.988943 -2248.088135
v -615.644958 27.975311 -2248.417969
v -615.645142 23.988943 -2248.088135
v -618.247253 16.826361 -2383.108887
v -618.247375 12.839993 -2382.778809
v -615.645081 16.826361 -2383.108887
v -615.644958 12.839993 -2382.778809
v -587.068909 16.787617 -2383.576904
v -587.068848 12.801249 -2383.247070
v -584.466553 16.787617 -2383.576904
v -584.466614 12.801249 -2383.247070
v -587.068787 5.638665 -2518.267578
v -587.068970 1.652298 -2517.937500
v -584.466553 5.638665 -2518.267578
v -584.466614 1.652298 -2517.937744
v -586.393372 -10.934076 -2403.480469
v -586.393494 8.997756 -2405.130371
v -616.393433 -10.934076 -2403.480469
v -616.393433 8.997756 -2405.130371
v -586.393433 -12.253469 -2419.419922
v -586.393372 7.678363 -2421.069824
v -616.393433 -12.253469 -2419.419922
v -616.393555 7.678363 -2421.069824
v -586.393433 -17.103825 -2478.017334
v -586.393433 2.828009 -2479.667480
v -616.393372 -17.103825 -2478.017334
v -616.393372 2.828009 -2479.666992
v -586.393555 -18.423218 -2493.957031
v -586.393433 1.508616 -2495.606934
v -616.393372 -18.423218 -2493.957031
v -616.393372 1.508616 -2495.606934
v -583.489075 13.175021 -2383.277832
v -583.489014 10.185246 -2383.030518
v -619.297852 13.175021 -2383.277832
v -619.297852 10.185246 -2383.030273
v -583.489014 2.026071 -2517.968750
v -583.489075 -0.963704 -2517.721191
v -619.297791 2.026071 -2517.968750
v -619.297913 -0.963704 -2517.721191
v -585.683105 8.792706 -2403.903809
v -585.683228 5.339859 -2403.617920
v -617.103760 8.792706 -2403.903809
v -617.103699 5.339859 -2403.618164
v -585.683228 7.274426 -2422.246094
v -585.683105 3.821579 -2421.960449
v -617.103699 7.274426 -2422.246094
v -617.103699 3.821579 -2421.960205
v -585.683289 2.656641 -2478.018066
v -585.683167 -0.796206 -2477.731934
v -617.103699 2.656641 -2478.018066
v -617.103699 -0.796206 -2477.731934
v -585.683167 1.138361 -2496.360352
v -585.683167 -2.314486 -2496.074463
v -617.103699 1.138361 -2496.360352
v -617.103821 -2.314486 -2496.074219
v -618.247253 16.787621 -2383.576904
v -618.247192 12.801251 -2383.247070
v -615.644897 16.787621 -2383.576904
v -615.644958 12.801251 -2383.247070
v -618.247253 5.638669 -2518.267578
v -618.247314 1.652301 -2517.937500
v -615.644897 5.638669 -2518.267578
v -615.644897 1.652301 -2517.937500
v -587.068909 5.270941 -2517.742188
v -587.068909 1.270941 -2517.742188
v -584.466675 5.270941 -2517.742188
v -584.466675 1.270941 -2517.742188
v -587.068970 5.270941 -2652.893555
v -587.068970 1.270941 -2652.893555
v -584.466675 5.270941 -2652.893555
v -584.466675 1.270941 -2652.893555
v -586.393555 -20.714375 -2539.864746
v -586.393555 -0.714376 -2539.864746
v -616.393555 -20.714375 -2539.864990
v -616.393555 -0.714376 -2539.864990
v -586.393555 -20.714375 -2555.858887
v -586.393555 -0.714376 -2555.858887
v -616.393494 -20.714375 -2555.858887
v -616.393494 -0.714376 -2555.858887
v -586.393555 -20.714375 -2614.656738
v -586.393555 -0.714376 -2614.656738
v -616.393433 -20.714375 -2614.656494
v -616.393433 -0.714376 -2614.656494
v -586.393555 -20.714375 -2630.650879
v -586.393555 -0.714376 -2630.650879
v -616.393555 -20.714375 -2630.650635
v -616.393555 -0.714376 -2630.650635
v -583.489075 1.645990 -2517.742188
v -583.489075 -1.354009 -2517.742188
v -619.297913 1.645990 -2517.742188
v -619.297913 -1.354009 -2517.742188
v -583.489258 1.645990 -2652.893555
v -583.489258 -1.354009 -2652.893555
v -619.297974 1.645990 -2652.893555
v -619.297974 -1.354009 -2652.893555
v -585.683228 -1.019911 -2538.659424
v -585.683228 -4.484567 -2538.659424
v -617.103760 -1.019911 -2538.659180
v -617.103760 -4.484567 -2538.659180
v -585.683167 -1.019911 -2557.064453
v -585.683167 -4.484567 -2557.064453
v -617.103821 -1.019911 -2557.064453
v -617.103821 -4.484567 -2557.064453
v -585.683105 -1.021215 -2613.027100
v -585.683105 -4.485871 -2613.027100
v -617.103821 -1.021215 -2613.027100
v -617.103821 -4.485871 -2613.027100
v -585.683350 -1.021215 -2631.432129
v -585.683350 -4.485871 -2631.432129
v -617.103760 -1.021215 -2631.432129
v -617.103760 -4.485871 -2631.432129
v -618.247253 5.270943 -2517.742188
v -618.247253 1.270943 -2517.742188
v -615.645020 5.270943 -2517.742188
v -615.645020 1.270943 -2517.742188
v -618.247192 5.270943 -2652.893555
v -618.247192 1.270943 -2652.893555
v -615.645020 5.270943 -2652.893555
v -615.645020 1.270943 -2652.893555
vn -0.8295 -0.0000 -0.5585
vn -0.5585 -0.0000 0.8295
vn 0.8295 -0.0000 0.5585
vn 0.5585 -0.0000 -0.8295
vn -0.0000 1.0000 -0.0000
vn -0.0000 -1.0000 -0.0000
vn -0.7770 -0.0000 0.6295
vn -0.8893 -0.0000 0.4574
vn 0.8408 -0.0000 -0.5413
vn -0.8304 -0.0000 0.5572
vn 0.7799 -0.0000 -0.6259
vn -0.7760 -0.0000 0.6308
vn 0.8377 -0.0000 -0.5461
vn 0.9997 -0.0000 -0.0239
vn -1.0000 -0.0000 0.0063
vn 0.8618 -0.0000 -0.5073
vn -0.8674 -0.0000 0.4975
vn 0.8883 -0.0000 -0.4593
vn -0.8896 -0.0000 0.4567
vn 0.8635 -0.0000 -0.5043
vn 0.9665 -0.0000 0.2567
vn -0.9665 -0.0000 -0.2567
vn -1.0000 -0.0000 0.0067
vn 0.9997 -0.0000 -0.0246
vn -0.9998 -0.0000 0.0220
vn 1.0000 -0.0000 -0.0076
vn 0.2567 -0.0000 -0.9665
vn -0.2567 -0.0000 0.9665
vn 0.2724 -0.0000 -0.9622
vn -0.9622 -0.0000 -0.2724
vn -0.2724 -0.0000 0.9622
vn 0.9622 -0.0000 0.2724
vn 0.2725 -0.0000 -0.9622
vn -0.2725 -0.0000 0.9622
vn -0.0586 0.9766 0.2070
vn 0.0586 -0.9766 -0.2070
vn -0.2723 -0.0000 0.9622
vn 0.2720 -0.0596 -0.9605
vn -0.2719 0.0596 0.9605
vn 0.0162 0.9982 -0.0574
vn -0.0162 -0.9982 0.0574
vn 0.2719 -0.0596 -0.9605
vn -0.9622 -0.0001 -0.2724
vn 0.2720 -0.0597 -0.9605
vn 0.2720 -0.0595 -0.9605
vn -0.2719 0.0593 0.9605
vn 0.0162 0.9982 -0.0571
vn -0.0162 -0.9982 0.0571
vn 0.2719 -0.0594 -0.9605
vn -0.2719 0.0594 0.9605
vn -0.0162 -0.9982 0.0572
vn 0.0162 0.9982 -0.0572
vn 0.2719 -0.0595 -0.9605
vn -0.2719 0.0595 0.9605
vn -0.0000 0.0825 0.9966
vn 1.0000 -0.0001 -0.0000
vn 0.0001 -0.0824 -0.9966
vn -1.0000 -0.0000 -0.0000
vn -0.0000 0.9966 -0.0825
vn -0.0000 -0.9966 0.0825
vn -0.0000 -0.0825 -0.9966
vn 1.0000 -0.0000 -0.0000
vn -0.0000 0.0826 0.9966
vn -0.0000 -0.0824 -0.9966
vn -0.0000 0.0827 0.9966
vn -0.0000 -0.0826 -0.9966
vn -0.0000 0.0823 0.9966
vn -0.0000 -0.0827 -0.9966
vn -0.0001 0.0825 0.9966
vn -0.0000 0.0824 0.9966
vn -0.0000 -0.0000 1.0000
vn -0.0000 -0.0000 -1.0000
vn -0.2719 0.0598 0.9605
vn -0.2720 0.0597 0.9605
vn -0.2720 0.0594 0.9605
vn 0.2719 -0.0593 -0.9605
vn -0.2720 0.0595 0.9605
vn -1.0000 0.0001 -0.0000
vn -0.0001 -0.0825 -0.9966
vn -1.0000 -0.0001 -0.0000
vn -0.0000 -0.0822 -0.9966
vt 0.625000 0.000000
vt 0.375000 0.250000
vt 0.375000 0.000000
vt 0.625000 0.250000
vt 0.375000 0.500000
vt 0.625000 0.500000
vt 0.375000 0.750000
vt 0.625000 0.750000
vt 0.375000 1.000000
vt 0.125000 0.750000
vt 0.125000 0.500000
vt 0.875000 0.750000
vt 0.875000 0.500000
vt 0.625000 1.000000
s 0
usemtl 岩
f 2/1/1 3/2/1 1/3/1
f 4/4/2 7/5/2 3/2/2
f 8/6/3 5/7/3 7/5/3
f 6/8/4 1/9/4 5/7/4
f 7/5/5 1/10/5 3/11/5
f 8/6/6 2/12/6 6/8/6
f 10/1/1 11/2/1 9/3/1
f 12/4/4 15/5/4 11/2/4
f 16/6/3 13/7/3 15/5/3
f 14/8/2 9/9/2 13/7/2
f 15/5/6 9/10/6 11/11/6
f 12/13/5 14/8/5 16/6/5
f 18/1/1 19/2/1 17/3/1
f 20/4/4 23/5/4 19/2/4
f 24/6/3 21/7/3 23/5/3
f 22/8/2 17/9/2 21/7/2
f 23/5/6 17/10/6 19/11/6
f 20/13/5 22/8/5 24/6/5
f 26/1/3 27/2/3 25/3/3
f 31/5/4 28/4/4 27/2/4
f 29/7/3 32/6/3 31/5/3
f 25/9/2 30/8/2 29/7/2
f 27/11/5 29/7/5 31/5/5
f 30/8/6 28/13/6 32/6/6
f 35/2/1 34/1/1 33/3/1
f 39/5/4 36/4/4 35/2/4
f 37/7/3 40/6/3 39/5/3
f 33/9/2 38/8/2 37/7/2
f 39/5/6 33/10/6 35/11/6
f 38/8/6 36/13/6 40/6/6
f 43/2/1 42/1/1 41/3/1
f 47/5/4 44/4/4 43/2/4
f 45/7/3 48/6/3 47/5/3
f 41/9/2 46/8/2 45/7/2
f 47/5/6 41/10/6 43/11/6
f 48/6/5 42/12/5 46/8/5
f 50/1/1 51/2/1 49/3/1
f 52/4/2 55/5/2 51/2/2
f 56/6/3 53/7/3 55/5/3
f 54/8/4 49/9/4 53/7/4
f 55/5/5 49/10/5 51/11/5
f 52/13/6 54/8/6 56/6/6
f 58/1/1 59/2/1 57/3/1
f 60/4/2 63/5/2 59/2/2
f 64/6/3 61/7/3 63/5/3
f 62/8/4 57/9/4 61/7/4
f 63/5/5 57/10/5 59/11/5
f 64/6/6 58/12/6 62/8/6
f 66/1/1 67/2/1 65/3/1
f 68/4/4 71/5/4 67/2/4
f 72/6/3 69/7/3 71/5/3
f 70/8/2 65/9/2 69/7/2
f 67/11/6 69/7/6 65/10/6
f 68/13/5 70/8/5 72/6/5
f 74/1/1 75/2/1 73/3/1
f 76/4/4 79/5/4 75/2/4
f 80/6/3 77/7/3 79/5/3
f 78/8/2 73/9/2 77/7/2
f 75/11/6 77/7/6 73/10/6
f 76/13/5 78/8/5 80/6/5
f 82/1/3 83/2/3 81/3/3
f 87/5/4 84/4/4 83/2/4
f 88/6/1 85/7/1 87/5/1
f 81/9/2 86/8/2 85/7/2
f 83/11/5 85/7/5 87/5/5
f 86/8/6 84/13/6 88/6/6
f 91/2/1 90/1/1 89/3/1
f 95/5/4 92/4/4 91/2/4
f 93/7/3 96/6/3 95/5/3
f 89/9/2 94/8/2 93/7/2
f 95/5/6 89/10/6 91/11/6
f 96/6/6 90/12/6 92/13/6
f 99/2/1 98/1/1 97/3/1
f 103/5/4 100/4/4 99/2/4
f 101/7/3 104/6/3 103/5/3
f 97/9/2 102/8/2 101/7/2
f 103/5/6 97/10/6 99/11/6
f 104/6/6 98/12/6 100/13/6
f 106/1/1 107/2/1 105/3/1
f 108/4/2 111/5/2 107/2/2
f 112/6/3 109/7/3 111/5/3
f 110/8/4 105/9/4 109/7/4
f 107/11/5 109/7/5 105/10/5
f 112/6/6 106/12/6 110/8/6
f 114/1/1 115/2/1 113/3/1
f 116/4/2 119/5/2 115/2/2
f 120/6/3 117/7/3 119/5/3
f 118/8/4 113/9/4 117/7/4
f 119/5/5 113/10/5 115/11/5
f 116/13/6 118/8/6 120/6/6
f 122/1/1 123/2/1 121/3/1
f 124/4/4 127/5/4 123/2/4
f 128/6/3 125/7/3 127/5/3
f 126/8/2 121/9/2 125/7/2
f 127/5/6 121/10/6 123/11/6
f 128/6/5 122/12/5 126/8/5
f 130/1/1 131/2/1 129/3/1
f 132/4/4 135/5/4 131/2/4
f 136/6/3 133/7/3 135/5/3
f 134/8/2 129/9/2 133/7/2
f 135/5/6 129/10/6 131/11/6
f 136/6/5 130/12/5 134/8/5
f 138/1/3 139/2/3 137/3/3
f 143/5/4 140/4/4 139/2/4
f 144/6/1 141/7/1 143/5/1
f 137/9/2 142/8/2 141/7/2
f 137/10/5 143/5/5 139/11/5
f 142/8/6 140/13/6 144/6/6
f 147/2/1 146/1/1 145/3/1
f 151/5/4 148/4/4 147/2/4
f 149/7/3 152/6/3 151/5/3
f 145/9/2 150/8/2 149/7/2
f 147/11/6 149/7/6 145/10/6
f 150/8/6 148/13/6 152/6/6
f 155/2/1 154/1/1 153/3/1
f 159/5/4 156/4/4 155/2/4
f 157/7/3 160/6/3 159/5/3
f 153/9/2 158/8/2 157/7/2
f 155/11/6 157/7/6 153/10/6
f 158/8/6 156/13/6 160/6/6
f 162/1/1 163/2/1 161/3/1
f 164/4/2 167/5/2 163/2/2
f 168/6/3 165/7/3 167/5/3
f 166/8/4 161/9/4 165/7/4
f 167/5/5 161/10/5 163/11/5
f 164/13/6 166/8/6 168/6/6
f 170/1/1 171/2/1 169/3/1
f 172/4/2 175/5/2 171/2/2
f 176/6/3 173/7/3 175/5/3
f 174/8/4 169/9/4 173/7/4
f 175/5/5 169/10/5 171/11/5
f 172/13/6 174/8/6 176/6/6
f 178/1/1 179/2/1 177/3/1
f 180/4/4 183/5/4 179/2/4
f 184/6/3 181/7/3 183/5/3
f 182/8/2 177/9/2 181/7/2
f 183/5/6 177/10/6 179/11/6
f 184/6/5 178/12/5 182/8/5
f 186/1/1 187/2/1 185/3/1
f 188/4/4 191/5/4 187/2/4
f 192/6/3 189/7/3 191/5/3
f 190/8/2 185/9/2 189/7/2
f 191/5/6 185/10/6 187/11/6
f 192/6/5 186/12/5 190/8/5
f 194/1/3 195/2/3 193/3/3
f 199/5/4 196/4/4 195/2/4
f 200/6/1 197/7/1 199/5/1
f 193/9/2 198/8/2 197/7/2
f 193/10/5 199/5/5 195/11/5
f 198/8/6 196/13/6 200/6/6
f 203/2/1 202/1/1 201/3/1
f 207/5/4 204/4/4 203/2/4
f 205/7/3 208/6/3 207/5/3
f 201/9/2 206/8/2 205/7/2
f 207/5/6 201/10/6 203/11/6
f 208/6/6 202/12/6 204/13/6
f 211/2/1 210/1/1 209/3/1
f 215/5/4 212/4/4 211/2/4
f 216/6/1 213/7/1 215/5/1
f 209/9/2 214/8/2 213/7/2
f 215/5/6 209/10/6 211/11/6
f 214/8/6 212/13/6 216/6/6
f 218/1/1 219/2/1 217/3/1
f 220/4/2 223/5/2 219/2/2
f 224/6/3 221/7/3 223/5/3
f 222/8/4 217/9/4 221/7/4
f 223/5/5 217/10/5 219/11/5
f 224/6/6 218/12/6 222/8/6
f 226/1/1 227/2/1 225/3/1
f 228/4/2 231/5/2 227/2/2
f 232/6/3 229/7/3 231/5/3
f 230/8/4 225/9/4 229/7/4
f 231/5/5 225/10/5 227/11/5
f 228/13/6 230/8/6 232/6/6
f 234/1/1 235/2/1 233/3/1
f 236/4/4 239/5/4 235/2/4
f 240/6/3 237/7/3 239/5/3
f 238/8/2 233/9/2 237/7/2
f 239/5/6 233/10/6 235/11/6
f 236/13/5 238/8/5 240/6/5
f 242/1/1 243/2/1 241/3/1
f 244/4/4 247/5/4 243/2/4
f 248/6/3 245/7/3 247/5/3
f 246/8/2 241/9/2 245/7/2
f 243/11/6 245/7/6 241/10/6
f 244/13/5 246/8/5 248/6/5
f 250/1/3 251/2/3 249/3/3
f 255/5/4 252/4/4 251/2/4
f 256/6/1 253/7/1 255/5/1
f 249/9/2 254/8/2 253/7/2
f 249/10/5 255/5/5 251/11/5
f 256/6/6 250/12/6 252/13/6
f 259/2/1 258/1/1 257/3/1
f 263/5/4 260/4/4 259/2/4
f 261/7/3 264/6/3 263/5/3
f 257/9/2 262/8/2 261/7/2
f 263/5/6 257/10/6 259/11/6
f 264/6/6 258/12/6 260/13/6
f 267/2/1 266/1/1 265/3/1
f 271/5/4 268/4/4 267/2/4
f 269/7/3 272/6/3 271/5/3
f 265/9/2 270/8/2 269/7/2
f 267/11/6 269/7/6 265/10/6
f 270/8/6 268/13/6 272/6/6
f 274/1/1 275/2/1 273/3/1
f 276/4/2 279/5/2 275/2/2
f 280/6/3 277/7/3 279/5/3
f 278/8/4 273/9/4 277/7/4
f 279/5/5 273/10/5 275/11/5
f 276/13/6 278/8/6 280/6/6
f 282/1/1 283/2/1 281/3/1
f 284/4/2 287/5/2 283/2/2
f 288/6/3 285/7/3 287/5/3
f 286/8/4 281/9/4 285/7/4
f 287/5/5 281/10/5 283/11/5
f 288/6/6 282/12/6 286/8/6
f 290/1/1 291/2/1 289/3/1
f 292/4/4 295/5/4 291/2/4
f 296/6/3 293/7/3 295/5/3
f 294/8/2 289/9/2 293/7/2
f 295/5/6 289/10/6 291/11/6
f 296/6/5 290/12/5 294/8/5
f 298/1/1 299/2/1 297/3/1
f 300/4/4 303/5/4 299/2/4
f 304/6/3 301/7/3 303/5/3
f 302/8/2 297/9/2 301/7/2
f 303/5/6 297/10/6 299/11/6
f 300/13/5 302/8/5 304/6/5
f 306/1/3 307/2/3 305/3/3
f 311/5/4 308/4/4 307/2/4
f 312/6/1 309/7/1 311/5/1
f 305/9/2 310/8/2 309/7/2
f 305/10/5 311/5/5 307/11/5
f 312/6/6 306/12/6 308/13/6
f 315/2/1 314/1/1 313/3/1
f 319/5/4 316/4/4 315/2/4
f 317/7/3 320/6/3 319/5/3
f 313/9/2 318/8/2 317/7/2
f 319/5/6 313/10/6 315/11/6
f 320/6/6 314/12/6 316/13/6
f 323/2/1 322/1/1 321/3/1
f 327/5/4 324/4/4 323/2/4
f 325/7/3 328/6/3 327/5/3
f 321/9/2 326/8/2 325/7/2
f 327/5/6 321/10/6 323/11/6
f 326/8/6 324/13/6 328/6/6
f 330/1/1 331/2/1 329/3/1
f 332/4/2 335/5/2 331/2/2
f 336/6/3 333/7/3 335/5/3
f 334/8/4 329/9/4 333/7/4
f 331/11/5 333/7/5 329/10/5
f 336/6/6 330/12/6 334/8/6
f 338/1/1 339/2/1 337/3/1
f 340/4/2 343/5/2 339/2/2
f 344/6/3 341/7/3 343/5/3
f 342/8/4 337/9/4 341/7/4
f 343/5/5 337/10/5 339/11/5
f 344/6/6 338/12/6 342/8/6
f 346/1/1 347/2/1 345/3/1
f 348/4/4 351/5/4 347/2/4
f 352/6/3 349/7/3 351/5/3
f 350/8/2 345/9/2 349/7/2
f 347/11/6 349/7/6 345/10/6
f 348/13/5 350/8/5 352/6/5
f 354/1/1 355/2/1 353/3/1
f 356/4/4 359/5/4 355/2/4
f 360/6/3 357/7/3 359/5/3
f 358/8/2 353/9/2 357/7/2
f 355/11/6 357/7/6 353/10/6
f 356/13/5 358/8/5 360/6/5
f 362/1/3 363/2/3 361/3/3
f 367/5/4 364/4/4 363/2/4
f 368/6/1 365/7/1 367/5/1
f 361/9/2 366/8/2 365/7/2
f 363/11/5 365/7/5 367/5/5
f 366/8/6 364/13/6 368/6/6
f 371/2/1 370/1/1 369/3/1
f 375/5/4 372/4/4 371/2/4
f 373/7/3 376/6/3 375/5/3
f 369/9/2 374/8/2 373/7/2
f 375/5/6 369/10/6 371/11/6
f 376/6/6 370/12/6 372/13/6
f 379/2/1 378/1/1 377/3/1
f 383/5/4 380/4/4 379/2/4
f 381/7/3 384/6/3 383/5/3
f 377/9/2 382/8/2 381/7/2
f 383/5/6 377/10/6 379/11/6
f 384/6/6 378/12/6 380/13/6
f 386/1/1 387/2/1 385/3/1
f 388/4/2 391/5/2 387/2/2
f 392/6/3 389/7/3 391/5/3
f 390/8/4 385/9/4 389/7/4
f 391/5/5 385/10/5 387/11/5
f 392/6/6 386/12/6 390/8/6
f 394/1/1 395/2/1 393/3/1
f 396/4/2 399/5/2 395/2/2
f 400/6/3 397/7/3 399/5/3
f 398/8/4 393/9/4 397/7/4
f 399/5/5 393/10/5 395/11/5
f 396/13/6 398/8/6 400/6/6
f 402/1/1 403/2/1 401/3/1
f 404/4/4 407/5/4 403/2/4
f 408/6/3 405/7/3 407/5/3
f 406/8/2 401/9/2 405/7/2
f 407/5/6 401/10/6 403/11/6
f 408/6/5 402/12/5 406/8/5
f 410/1/1 411/2/1 409/3/1
f 412/4/4 415/5/4 411/2/4
f 416/6/3 413/7/3 415/5/3
f 414/8/2 409/9/2 413/7/2
f 415/5/6 409/10/6 411/11/6
f 412/13/5 414/8/5 416/6/5
f 418/1/3 419/2/3 417/3/3
f 423/5/4 420/4/4 419/2/4
f 424/6/1 421/7/1 423/5/1
f 417/9/2 422/8/2 421/7/2
f 419/11/5 421/7/5 423/5/5
f 422/8/6 420/13/6 424/6/6
f 427/2/1 426/1/1 425/3/1
f 431/5/4 428/4/4 427/2/4
f 429/7/3 432/6/3 431/5/3
f 425/9/2 430/8/2 429/7/2
f 431/5/6 425/10/6 427/11/6
f 432/6/6 426/12/6 428/13/6
f 435/2/1 434/1/1 433/3/1
f 439/5/4 436/4/4 435/2/4
f 437/7/3 440/6/3 439/5/3
f 433/9/2 438/8/2 437/7/2
f 439/5/6 433/10/6 435/11/6
f 440/6/6 434/12/6 436/13/6
f 442/1/1 443/2/1 441/3/1
f 444/4/2 447/5/2 443/2/2
f 448/6/3 445/7/3 447/5/3
f 446/8/4 441/9/4 445/7/4
f 447/5/5 441/10/5 443/11/5
f 444/13/6 446/8/6 448/6/6
f 475/11/5 510/10/5 473/10/5
f 452/4/2 455/5/2 451/2/2
f 456/6/3 453/7/3 455/5/3
f 454/8/4 449/9/4 453/7/4
f 451/11/5 453/7/5 449/10/5
f 452/13/6 454/8/6 456/6/6
f 458/1/1 459/2/1 457/3/1
f 460/4/4 463/5/4 459/2/4
f 464/6/3 461/7/3 463/5/3
f 462/8/2 457/9/2 461/7/2
f 459/11/6 461/7/6 457/10/6
f 460/13/5 462/8/5 464/6/5
f 466/1/1 467/2/1 465/3/1
f 468/4/4 471/5/4 467/2/4
f 472/6/3 469/7/3 471/5/3
f 470/8/2 465/9/2 469/7/2
f 467/11/6 469/7/6 465/10/6
f 468/13/5 470/8/5 472/6/5
f 512/4/4 475/2/4 476/4/4
f 479/5/4 476/4/4 475/2/4
f 480/6/1 477/7/1 479/5/1
f 473/9/2 478/8/2 477/7/2
f 473/10/5 479/5/5 475/11/5
f 480/6/6 474/12/6 476/13/6
f 483/2/1 482/1/1 481/3/1
f 487/5/4 484/4/4 483/2/4
f 485/7/3 488/6/3 487/5/3
f 481/9/2 486/8/2 485/7/2
f 483/11/6 485/7/6 481/10/6
f 486/8/6 484/13/6 488/6/6
f 491/2/1 490/1/1 489/3/1
f 495/5/4 492/4/4 491/2/4
f 493/7/3 496/6/3 495/5/3
f 489/9/2 494/8/2 493/7/2
f 491/11/6 493/7/6 489/10/6
f 494/8/6 492/13/6 496/6/6
f 498/14/4 514/9/4 497/9/4
f 500/4/2 503/5/2 499/2/2
f 504/6/3 501/7/3 503/5/3
f 502/8/4 497/9/4 501/7/4
f 499/11/5 501/7/5 497/10/5
f 500/13/6 502/8/6 504/6/6
f 506/10/5 517/11/5 505/11/5
f 515/12/6 528/13/6 527/12/6
f 505/2/7 520/4/7 508/4/7
f 452/13/6 507/12/6 450/12/6
f 498/12/6 516/13/6 515/12/6
f 451/2/2 508/4/2 452/4/2
f 510/9/2 474/14/2 473/9/2
f 451/11/5 506/10/5 505/11/5
f 499/2/2 516/4/2 500/4/2
f 511/12/6 476/13/6 474/12/6
f 497/10/5 513/11/5 499/11/5
f 450/14/4 506/9/4 449/9/4
f 517/11/5 530/10/5 529/11/5
f 528/13/6 539/12/6 527/12/6
f 517/2/8 532/4/8 520/4/8
f 524/4/9 509/2/9 512/4/9
f 509/11/5 522/10/5 510/10/5
f 513/2/10 528/4/10 516/4/10
f 507/14/11 518/9/11 506/9/11
f 514/10/5 525/11/5 513/11/5
f 522/9/12 511/14/12 510/9/12
f 507/12/6 520/13/6 519/12/6
f 515/14/13 526/9/13 514/9/13
f 523/12/6 512/13/6 511/12/6
f 539/14/14 550/9/14 538/9/14
f 532/13/6 543/12/6 531/12/6
f 546/9/15 535/14/15 534/9/15
f 536/4/16 521/2/16 524/4/16
f 533/11/5 522/10/5 521/11/5
f 525/2/17 540/4/17 528/4/17
f 519/14/18 530/9/18 518/9/18
f 525/11/5 538/10/5 537/11/5
f 534/9/19 523/14/19 522/9/19
f 520/13/6 531/12/6 519/12/6
f 527/14/20 538/9/20 526/9/20
f 523/12/6 536/13/6 524/13/6
f 551/14/21 562/9/21 550/9/21
f 544/13/6 555/12/6 543/12/6
f 558/9/22 547/14/22 546/9/22
f 535/12/6 548/13/6 536/13/6
f 529/2/23 544/4/23 532/4/23
f 540/13/6 551/12/6 539/12/6
f 529/11/5 542/10/5 541/11/5
f 548/4/24 533/2/24 536/4/24
f 545/11/5 534/10/5 533/11/5
f 537/2/25 552/4/25 540/4/25
f 531/14/26 542/9/26 530/9/26
f 537/11/5 550/10/5 549/11/5
f 555/1/27 553/2/27 554/3/27
f 559/1/28 557/2/28 558/3/28
f 563/1/27 561/2/27 562/3/27
f 547/12/6 560/13/6 548/13/6
f 541/2/22 556/4/22 544/4/22
f 551/12/6 564/13/6 563/12/6
f 541/11/5 554/10/5 553/11/5
f 560/4/21 545/2/21 548/4/21
f 557/11/5 546/10/5 545/11/5
f 549/2/22 564/4/22 552/4/22
f 543/14/21 554/9/21 542/9/21
f 549/11/5 562/10/5 561/11/5
f 566/1/29 567/2/29 565/3/29
f 568/4/30 571/5/30 567/2/30
f 572/6/31 569/7/31 571/5/31
f 570/8/32 565/9/32 569/7/32
f 567/11/5 569/7/5 565/10/5
f 572/6/6 566/12/6 570/8/6
f 574/1/29 575/2/29 573/3/29
f 576/4/32 579/5/32 575/2/32
f 580/6/31 577/7/31 579/5/31
f 578/8/30 573/9/30 577/7/30
f 575/11/6 577/7/6 573/10/6
f 576/13/5 578/8/5 580/6/5
f 582/1/29 583/2/29 581/3/29
f 584/4/32 587/5/32 583/2/32
f 588/6/31 585/7/31 587/5/31
f 586/8/30 581/9/30 585/7/30
f 587/5/6 581/10/6 583/11/6
f 588/6/5 582/12/5 586/8/5
f 590/1/31 591/2/31 589/3/31
f 595/5/32 592/4/32 591/2/32
f 593/7/31 596/6/31 595/5/31
f 589/9/30 594/8/30 593/7/30
f 589/10/5 595/5/5 591/11/5
f 596/6/6 590/12/6 592/13/6
f 599/2/29 598/1/29 597/3/29
f 603/5/32 600/4/32 599/2/32
f 601/7/31 604/6/31 603/5/31
f 597/9/30 602/8/30 601/7/30
f 599/11/6 601/7/6 597/10/6
f 602/8/6 600/13/6 604/6/6
f 607/2/29 606/1/29 605/3/29
f 611/5/32 608/4/32 607/2/32
f 609/7/31 612/6/31 611/5/31
f 605/9/30 610/8/30 609/7/30
f 607/11/6 609/7/6 605/10/6
f 610/8/6 608/13/6 612/6/6
f 614/1/29 615/2/29 613/3/29
f 616/4/30 619/5/30 615/2/30
f 620/6/31 617/7/31 619/5/31
f 618/8/32 613/9/32 617/7/32
f 619/5/5 613/10/5 615/11/5
f 616/13/6 618/8/6 620/6/6
f 622/1/33 623/2/33 621/3/33
f 624/4/30 627/5/30 623/2/30
f 628/6/31 625/7/31 627/5/31
f 626/8/32 621/9/32 625/7/32
f 623/11/5 625/7/5 621/10/5
f 628/6/6 622/12/6 626/8/6
f 630/1/29 631/2/29 629/3/29
f 632/4/32 635/5/32 631/2/32
f 636/6/31 633/7/31 635/5/31
f 634/8/30 629/9/30 633/7/30
f 635/5/6 629/10/6 631/11/6
f 636/6/5 630/12/5 634/8/5
f 638/1/29 639/2/29 637/3/29
f 640/4/32 643/5/32 639/2/32
f 644/6/31 641/7/31 643/5/31
f 642/8/30 637/9/30 641/7/30
f 643/5/6 637/10/6 639/11/6
f 644/6/5 638/12/5 642/8/5
f 646/1/31 647/2/31 645/3/31
f 651/5/32 648/4/32 647/2/32
f 652/6/29 649/7/29 651/5/29
f 645/9/30 650/8/30 649/7/30
f 645/10/5 651/5/5 647/11/5
f 652/6/6 646/12/6 648/13/6
f 655/2/29 654/1/29 653/3/29
f 659/5/32 656/4/32 655/2/32
f 660/6/29 657/7/29 659/5/29
f 653/9/30 658/8/30 657/7/30
f 655/11/6 657/7/6 653/10/6
f 658/8/6 656/13/6 660/6/6
f 663/2/29 662/1/29 661/3/29
f 667/5/32 664/4/32 663/2/32
f 665/7/31 668/6/31 667/5/31
f 661/9/30 666/8/30 665/7/30
f 667/5/6 661/10/6 663/11/6
f 668/6/6 662/12/6 664/13/6
f 670/1/29 671/2/29 669/3/29
f 672/4/30 675/5/30 671/2/30
f 676/6/31 673/7/31 675/5/31
f 674/8/32 669/9/32 673/7/32
f 671/11/5 673/7/5 669/10/5
f 676/6/6 670/12/6 674/8/6
f 678/1/33 679/2/33 677/3/33
f 680/4/30 683/5/30 679/2/30
f 684/6/31 681/7/31 683/5/31
f 682/8/32 677/9/32 681/7/32
f 683/5/5 677/10/5 679/11/5
f 684/6/6 678/12/6 682/8/6
f 686/1/29 687/2/29 685/3/29
f 688/4/32 691/5/32 687/2/32
f 692/6/31 689/7/31 691/5/31
f 690/8/30 685/9/30 689/7/30
f 687/11/6 689/7/6 685/10/6
f 688/13/5 690/8/5 692/6/5
f 694/1/29 695/2/29 693/3/29
f 696/4/32 699/5/32 695/2/32
f 700/6/31 697/7/31 699/5/31
f 698/8/30 693/9/30 697/7/30
f 699/5/6 693/10/6 695/11/6
f 700/6/5 694/12/5 698/8/5
f 702/1/31 703/2/31 701/3/31
f 707/5/32 704/4/32 703/2/32
f 708/6/29 705/7/29 707/5/29
f 701/9/30 706/8/30 705/7/30
f 701/10/5 707/5/5 703/11/5
f 708/6/6 702/12/6 704/13/6
f 711/2/29 710/1/29 709/3/29
f 715/5/32 712/4/32 711/2/32
f 713/7/31 716/6/31 715/5/31
f 709/9/30 714/8/30 713/7/30
f 711/11/6 713/7/6 709/10/6
f 714/8/6 712/13/6 716/6/6
f 719/2/29 718/1/29 717/3/29
f 723/5/32 720/4/32 719/2/32
f 721/7/31 724/6/31 723/5/31
f 717/9/30 722/8/30 721/7/30
f 723/5/6 717/10/6 719/11/6
f 724/6/6 718/12/6 720/13/6
f 726/1/29 727/2/29 725/3/29
f 728/4/30 731/5/30 727/2/30
f 732/6/31 729/7/31 731/5/31
f 730/8/32 725/9/32 729/7/32
f 727/11/5 729/7/5 725/10/5
f 732/6/6 726/12/6 730/8/6
f 734/1/29 735/2/29 733/3/29
f 736/4/30 739/5/30 735/2/30
f 740/6/31 737/7/31 739/5/31
f 738/8/32 733/9/32 737/7/32
f 739/5/5 733/10/5 735/11/5
f 740/6/6 734/12/6 738/8/6
f 742/1/29 743/2/29 741/3/29
f 744/4/32 747/5/32 743/2/32
f 748/6/31 745/7/31 747/5/31
f 746/8/30 741/9/30 745/7/30
f 747/5/6 741/10/6 743/11/6
f 748/6/5 742/12/5 746/8/5
f 750/1/29 751/2/29 749/3/29
f 752/4/32 755/5/32 751/2/32
f 756/6/31 753/7/31 755/5/31
f 754/8/30 749/9/30 753/7/30
f 755/5/6 749/10/6 751/11/6
f 756/6/5 750/12/5 754/8/5
f 758/1/31 759/2/31 757/3/31
f 763/5/32 760/4/32 759/2/32
f 764/6/29 761/7/29 763/5/29
f 757/9/30 762/8/30 761/7/30
f 757/10/5 763/5/5 759/11/5
f 764/6/6 758/12/6 760/13/6
f 766/1/31 767/2/31 765/3/31
f 771/5/32 768/4/32 767/2/32
f 769/7/31 772/6/31 771/5/31
f 765/9/30 770/8/30 769/7/30
f 767/11/6 769/7/6 765/10/6
f 770/8/6 768/13/6 772/6/6
f 775/2/29 774/1/29 773/3/29
f 779/5/32 776/4/32 775/2/32
f 777/7/31 780/6/31 779/5/31
f 773/9/30 778/8/30 777/7/30
f 779/5/6 773/10/6 775/11/6
f 780/6/6 774/12/6 776/13/6
f 782/1/29 783/2/29 781/3/29
f 784/4/30 787/5/30 783/2/30
f 788/6/34 785/7/34 787/5/34
f 786/8/32 781/9/32 785/7/32
f 787/5/5 781/10/5 783/11/5
f 788/6/6 782/12/6 786/8/6
f 837/10/35 853/11/35 839/11/35
f 792/4/30 795/5/30 791/2/30
f 796/6/34 793/7/34 795/5/34
f 794/8/32 789/9/32 793/7/32
f 795/5/5 789/10/5 791/11/5
f 796/6/6 790/12/6 794/8/6
f 798/1/29 799/2/29 797/3/29
f 800/4/32 803/5/32 799/2/32
f 804/6/31 801/7/31 803/5/31
f 802/8/30 797/9/30 801/7/30
f 799/11/6 801/7/6 797/10/6
f 800/13/5 802/8/5 804/6/5
f 806/1/29 807/2/29 805/3/29
f 808/4/32 811/5/32 807/2/32
f 812/6/31 809/7/31 811/5/31
f 810/8/30 805/9/30 809/7/30
f 811/5/6 805/10/6 807/11/6
f 812/6/5 806/12/5 810/8/5
f 839/2/30 856/4/30 840/4/30
f 819/5/32 816/4/32 815/2/32
f 820/6/29 817/7/29 819/5/29
f 813/9/30 818/8/30 817/7/30
f 815/11/5 817/7/5 819/5/5
f 818/8/6 816/13/6 820/6/6
f 823/2/29 822/1/29 821/3/29
f 827/5/32 824/4/32 823/2/32
f 825/7/31 828/6/31 827/5/31
f 821/9/30 826/8/30 825/7/30
f 827/5/6 821/10/6 823/11/6
f 828/6/6 822/12/6 824/13/6
f 831/2/29 830/1/29 829/3/29
f 835/5/32 832/4/32 831/2/32
f 833/7/31 836/6/31 835/5/31
f 829/9/30 834/8/30 833/7/30
f 831/11/6 833/7/6 829/10/6
f 834/8/6 832/13/6 836/6/6
f 789/10/35 845/11/35 791/11/35
f 840/4/30 843/5/30 839/2/30
f 844/6/31 841/7/31 843/5/31
f 842/8/32 837/9/32 841/7/32
f 839/11/5 841/7/5 837/10/5
f 840/13/6 842/8/6 844/6/6
f 847/1/33 845/2/33 846/3/33
f 851/1/31 849/2/31 850/3/31
f 855/1/29 853/2/29 854/3/29
f 851/12/36 816/13/36 814/12/36
f 789/9/32 847/14/32 846/9/32
f 837/9/32 855/14/32 854/9/32
f 852/4/32 815/2/32 816/4/32
f 815/11/35 850/10/35 813/10/35
f 790/12/36 848/13/36 847/12/36
f 838/12/36 856/13/36 855/12/36
f 791/2/30 848/4/30 792/4/30
f 813/9/30 851/14/30 814/14/30
f 858/1/29 859/2/29 857/3/29
f 860/4/30 863/5/30 859/2/30
f 864/6/37 861/7/37 863/5/37
f 862/8/32 857/9/32 861/7/32
f 859/11/5 861/7/5 857/10/5
f 860/13/6 862/8/6 864/6/6
f 866/1/29 867/2/29 865/3/29
f 868/4/32 871/5/32 867/2/32
f 872/6/31 869/7/31 871/5/31
f 870/8/30 865/9/30 869/7/30
f 871/5/6 865/10/6 867/11/6
f 872/6/5 866/12/5 870/8/5
f 874/1/29 875/2/29 873/3/29
f 876/4/32 879/5/32 875/2/32
f 880/6/31 877/7/31 879/5/31
f 878/8/30 873/9/30 877/7/30
f 879/5/6 873/10/6 875/11/6
f 880/6/5 874/12/5 878/8/5
f 882/1/31 883/2/31 881/3/31
f 887/5/32 884/4/32 883/2/32
f 888/6/29 885/7/29 887/5/29
f 881/9/30 886/8/30 885/7/30
f 881/10/5 887/5/5 883/11/5
f 888/6/6 882/12/6 884/13/6
f 891/2/29 890/1/29 889/3/29
f 895/5/32 892/4/32 891/2/32
f 893/7/31 896/6/31 895/5/31
f 889/9/30 894/8/30 893/7/30
f 895/5/6 889/10/6 891/11/6
f 896/6/6 890/12/6 892/13/6
f 899/2/29 898/1/29 897/3/29
f 903/5/32 900/4/32 899/2/32
f 901/7/31 904/6/31 903/5/31
f 897/9/30 902/8/30 901/7/30
f 899/11/6 901/7/6 897/10/6
f 902/8/6 900/13/6 904/6/6
f 906/1/29 907/2/29 905/3/29
f 908/4/30 911/5/30 907/2/30
f 912/6/31 909/7/31 911/5/31
f 910/8/32 905/9/32 909/7/32
f 911/5/5 905/10/5 907/11/5
f 912/6/6 906/12/6 910/8/6
f 913/3/38 916/4/38 915/2/38
f 916/4/30 919/5/30 915/2/30
f 919/5/39 918/8/39 917/7/39
f 918/8/32 913/9/32 917/7/32
f 915/11/40 917/7/40 913/10/40
f 920/6/41 914/12/41 918/8/41
f 922/1/42 923/2/42 921/3/42
f 923/2/32 928/6/32 927/5/32
f 928/6/39 925/7/39 927/5/39
f 926/8/30 921/9/30 925/7/30
f 923/11/41 925/7/41 921/10/41
f 924/13/40 926/8/40 928/6/40
f 929/3/42 932/4/42 931/2/42
f 932/4/32 935/5/32 931/2/32
f 935/5/39 934/8/39 933/7/39
f 934/8/30 929/9/30 933/7/30
f 935/5/41 929/10/41 931/11/41
f 932/13/40 934/8/40 936/6/40
f 938/1/39 939/2/39 937/3/39
f 943/5/32 940/4/32 939/2/32
f 944/6/42 941/7/42 943/5/42
f 941/7/30 938/14/30 942/8/30
f 939/11/40 941/7/40 943/5/40
f 942/8/41 940/13/41 944/6/41
f 947/2/42 946/1/42 945/3/42
f 951/5/32 948/4/32 947/2/32
f 949/7/39 952/6/39 951/5/39
f 949/7/30 946/14/30 950/8/30
f 951/5/41 945/10/41 947/11/41
f 952/6/41 946/12/41 948/13/41
f 955/2/42 954/1/42 953/3/42
f 959/5/32 956/4/32 955/2/32
f 959/5/39 958/8/39 960/6/39
f 957/7/43 954/14/43 958/8/43
f 959/5/41 953/10/41 955/11/41
f 958/8/41 956/13/41 960/6/41
f 962/1/44 963/2/44 961/3/44
f 964/4/30 967/5/30 963/2/30
f 967/5/39 966/8/39 965/7/39
f 965/7/32 962/14/32 961/9/32
f 963/11/40 965/7/40 961/10/40
f 968/6/41 962/12/41 966/8/41
f 970/1/45 971/2/45 969/3/45
f 972/4/30 975/5/30 971/2/30
f 976/6/46 973/7/46 975/5/46
f 973/7/32 970/14/32 969/9/32
f 975/5/47 969/10/47 971/11/47
f 976/6/48 970/12/48 974/8/48
f 977/3/49 980/4/49 979/2/49
f 980/4/32 983/5/32 979/2/32
f 984/6/50 981/7/50 983/5/50
f 981/7/30 978/14/30 977/9/30
f 983/5/51 977/10/51 979/11/51
f 984/6/52 978/12/52 982/8/52
f 985/3/49 988/4/49 987/2/49
f 987/2/32 992/6/32 991/5/32
f 992/6/50 989/7/50 991/5/50
f 990/8/30 985/9/30 989/7/30
f 991/5/48 985/10/48 987/11/48
f 988/13/47 990/8/47 992/6/47
f 993/3/49 996/4/49 994/1/49
f 999/5/32 996/4/32 995/2/32
f 1000/6/53 997/7/53 999/5/53
f 993/9/30 998/8/30 997/7/30
f 993/10/47 999/5/47 995/11/47
f 998/8/48 996/13/48 1000/6/48
f 1003/2/49 1002/1/49 1001/3/49
f 1003/2/32 1008/6/32 1004/4/32
f 1007/5/50 1006/8/50 1008/6/50
f 1005/7/30 1002/14/30 1006/8/30
f 1007/5/48 1001/10/48 1003/11/48
f 1008/6/51 1002/12/51 1004/13/51
f 1011/2/53 1010/1/53 1009/3/53
f 1011/2/32 1016/6/32 1012/4/32
f 1015/5/50 1014/8/50 1016/6/50
f 1013/7/30 1010/14/30 1014/8/30
f 1015/5/48 1009/10/48 1011/11/48
f 1014/8/48 1012/13/48 1016/6/48
f 1017/3/53 1020/4/53 1019/2/53
f 1019/2/30 1024/6/30 1023/5/30
f 1023/5/54 1022/8/54 1021/7/54
f 1021/7/32 1018/14/32 1017/9/32
f 1019/11/52 1021/7/52 1017/10/52
f 1024/6/51 1018/12/51 1022/8/51
f 1025/3/55 1028/4/55 1027/2/55
f 1028/4/56 1031/5/56 1027/2/56
f 1032/6/57 1029/7/57 1031/5/57
f 1029/7/58 1026/14/58 1025/9/58
f 1031/5/59 1025/10/59 1027/11/59
f 1028/13/60 1030/8/60 1032/6/60
f 1034/1/55 1035/2/55 1033/3/55
f 1035/2/58 1040/6/58 1039/5/58
f 1040/6/61 1037/7/61 1039/5/61
f 1037/7/62 1034/14/62 1033/9/62
f 1035/11/60 1037/7/60 1033/10/60
f 1040/6/59 1034/12/59 1038/8/59
f 1042/1/55 1043/2/55 1041/3/55
f 1043/2/58 1048/6/58 1047/5/58
f 1048/6/61 1045/7/61 1047/5/61
f 1046/8/62 1041/9/62 1045/7/62
f 1047/5/60 1041/10/60 1043/11/60
f 1048/6/59 1042/12/59 1046/8/59
f 1049/3/55 1052/4/55 1050/1/55
f 1055/5/58 1052/4/58 1051/2/58
f 1056/6/63 1053/7/63 1055/5/63
f 1053/7/62 1050/14/62 1054/8/62
f 1049/10/59 1055/5/59 1051/11/59
f 1054/8/60 1052/13/60 1056/6/60
f 1059/2/63 1058/1/63 1057/3/63
f 1063/5/58 1060/4/58 1059/2/58
f 1061/7/64 1064/6/64 1063/5/64
f 1061/7/62 1058/14/62 1062/8/62
f 1063/5/60 1057/10/60 1059/11/60
f 1064/6/60 1058/12/60 1060/13/60
f 1065/3/65 1068/4/65 1066/1/65
f 1067/2/58 1072/6/58 1068/4/58
f 1071/5/64 1070/8/64 1072/6/64
f 1069/7/62 1066/14/62 1070/8/62
f 1071/5/60 1065/10/60 1067/11/60
f 1070/8/60 1068/13/60 1072/6/60
f 1073/3/63 1076/4/63 1075/2/63
f 1076/4/56 1079/5/56 1075/2/56
f 1080/6/57 1077/7/57 1079/5/57
f 1077/7/58 1074/14/58 1073/9/58
f 1079/5/59 1073/10/59 1075/11/59
f 1076/13/60 1078/8/60 1080/6/60
f 1081/3/63 1084/4/63 1083/2/63
f 1084/4/62 1087/5/62 1083/2/62
f 1088/6/66 1085/7/66 1087/5/66
f 1086/8/58 1081/9/58 1085/7/58
f 1087/5/59 1081/10/59 1083/11/59
f 1084/13/60 1086/8/60 1088/6/60
f 1089/3/55 1092/4/55 1091/2/55
f 1092/4/58 1095/5/58 1091/2/58
f 1096/6/61 1093/7/61 1095/5/61
f 1094/8/62 1089/9/62 1093/7/62
f 1095/5/60 1089/10/60 1091/11/60
f 1092/13/59 1094/8/59 1096/6/59
f 1098/1/55 1099/2/55 1097/3/55
f 1100/4/58 1103/5/58 1099/2/58
f 1104/6/61 1101/7/61 1103/5/61
f 1102/8/62 1097/9/62 1101/7/62
f 1103/5/60 1097/10/60 1099/11/60
f 1104/6/59 1098/12/59 1102/8/59
f 1105/3/66 1108/4/66 1107/2/66
f 1107/2/58 1112/6/58 1108/4/58
f 1112/6/63 1109/7/63 1111/5/63
f 1109/7/62 1106/14/62 1110/8/62
f 1105/10/59 1111/5/59 1107/11/59
f 1110/8/60 1108/13/60 1112/6/60
f 1115/2/67 1114/1/67 1113/3/67
f 1119/5/58 1116/4/58 1115/2/58
f 1117/7/66 1120/6/66 1119/5/66
f 1117/7/62 1114/14/62 1118/8/62
f 1115/11/60 1117/7/60 1113/10/60
f 1120/6/60 1114/12/60 1116/13/60
f 1123/2/67 1122/1/67 1121/3/67
f 1123/2/58 1128/6/58 1124/4/58
f 1127/5/68 1126/8/68 1128/6/68
f 1125/7/62 1122/14/62 1126/8/62
f 1127/5/60 1121/10/60 1123/11/60
f 1126/8/60 1124/13/60 1128/6/60
f 1129/3/69 1132/4/69 1131/2/69
f 1132/4/62 1135/5/62 1131/2/62
f 1136/6/66 1133/7/66 1135/5/66
f 1134/8/58 1129/9/58 1133/7/58
f 1135/5/59 1129/10/59 1131/11/59
f 1132/13/60 1134/8/60 1136/6/60
f 1138/1/70 1139/2/70 1137/3/70
f 1140/4/62 1143/5/62 1139/2/62
f 1144/6/61 1141/7/61 1143/5/61
f 1141/7/58 1138/14/58 1137/9/58
f 1143/5/59 1137/10/59 1139/11/59
f 1140/13/60 1142/8/60 1144/6/60
f 1146/1/55 1147/2/55 1145/3/55
f 1148/4/58 1151/5/58 1147/2/58
f 1151/5/61 1150/8/61 1149/7/61
f 1149/7/62 1146/14/62 1145/9/62
f 1147/11/60 1149/7/60 1145/10/60
f 1148/13/59 1150/8/59 1152/6/59
f 1153/3/55 1156/4/55 1155/2/55
f 1155/2/58 1160/6/58 1159/5/58
f 1160/6/61 1157/7/61 1159/5/61
f 1157/7/62 1154/14/62 1153/9/62
f 1155/11/60 1157/7/60 1153/10/60
f 1160/6/59 1154/12/59 1158/8/59
f 1161/3/66 1164/4/66 1163/2/66
f 1163/2/58 1168/6/58 1164/4/58
f 1167/5/55 1166/8/55 1165/7/55
f 1165/7/62 1162/14/62 1166/8/62
f 1161/10/59 1167/5/59 1163/11/59
f 1166/8/60 1164/13/60 1168/6/60
f 1171/2/63 1170/1/63 1169/3/63
f 1175/5/58 1172/4/58 1171/2/58
f 1173/7/68 1176/6/68 1175/5/68
f 1173/7/62 1170/14/62 1174/8/62
f 1171/11/60 1173/7/60 1169/10/60
f 1176/6/60 1170/12/60 1172/13/60
f 1177/3/65 1180/4/65 1178/1/65
f 1179/2/58 1184/6/58 1180/4/58
f 1183/5/68 1182/8/68 1184/6/68
f 1177/9/62 1182/8/62 1181/7/62
f 1183/5/60 1177/10/60 1179/11/60
f 1182/8/60 1180/13/60 1184/6/60
f 1186/1/70 1187/2/70 1185/3/70
f 1188/4/62 1191/5/62 1187/2/62
f 1192/6/66 1189/7/66 1191/5/66
f 1189/7/58 1186/14/58 1185/9/58
f 1191/5/59 1185/10/59 1187/11/59
f 1188/13/60 1190/8/60 1192/6/60
f 1194/1/71 1195/2/71 1193/3/71
f 1196/4/62 1199/5/62 1195/2/62
f 1200/6/72 1197/7/72 1199/5/72
f 1198/8/58 1193/9/58 1197/7/58
f 1199/5/5 1193/10/5 1195/11/5
f 1196/13/6 1198/8/6 1200/6/6
f 1202/1/71 1203/2/71 1201/3/71
f 1204/4/58 1207/5/58 1203/2/58
f 1208/6/72 1205/7/72 1207/5/72
f 1206/8/62 1201/9/62 1205/7/62
f 1203/11/6 1205/7/6 1201/10/6
f 1204/13/5 1206/8/5 1208/6/5
f 1210/1/71 1211/2/71 1209/3/71
f 1212/4/58 1215/5/58 1211/2/58
f 1216/6/72 1213/7/72 1215/5/72
f 1214/8/62 1209/9/62 1213/7/62
f 1215/5/6 1209/10/6 1211/11/6
f 1216/6/5 1210/12/5 1214/8/5
f 1218/1/72 1219/2/72 1217/3/72
f 1223/5/58 1220/4/58 1219/2/58
f 1221/7/72 1224/6/72 1223/5/72
f 1217/9/62 1222/8/62 1221/7/62
f 1219/11/5 1221/7/5 1223/5/5
f 1222/8/6 1220/13/6 1224/6/6
f 1227/2/71 1226/1/71 1225/3/71
f 1231/5/58 1228/4/58 1227/2/58
f 1229/7/72 1232/6/72 1231/5/72
f 1225/9/62 1230/8/62 1229/7/62
f 1231/5/6 1225/10/6 1227/11/6
f 1232/6/6 1226/12/6 1228/13/6
f 1235/2/71 1234/1/71 1233/3/71
f 1239/5/58 1236/4/58 1235/2/58
f 1237/7/72 1240/6/72 1239/5/72
f 1233/9/62 1238/8/62 1237/7/62
f 1235/11/6 1237/7/6 1233/10/6
f 1238/8/6 1236/13/6 1240/6/6
f 1242/1/71 1243/2/71 1241/3/71
f 1244/4/62 1247/5/62 1243/2/62
f 1248/6/72 1245/7/72 1247/5/72
f 1246/8/58 1241/9/58 1245/7/58
f 1247/5/5 1241/10/5 1243/11/5
f 1244/13/6 1246/8/6 1248/6/6
f 2/1/1 4/4/1 3/2/1
f 4/4/2 8/6/2 7/5/2
f 8/6/3 6/8/3 5/7/3
f 6/8/4 2/14/4 1/9/4
f 7/5/5 5/7/5 1/10/5
f 8/6/6 4/13/6 2/12/6
f 10/1/1 12/4/1 11/2/1
f 12/4/4 16/6/4 15/5/4
f 16/6/3 14/8/3 13/7/3
f 14/8/2 10/14/2 9/9/2
f 15/5/6 13/7/6 9/10/6
f 12/13/5 10/12/5 14/8/5
f 18/1/1 20/4/1 19/2/1
f 20/4/4 24/6/4 23/5/4
f 24/6/3 22/8/3 21/7/3
f 22/8/2 18/14/2 17/9/2
f 23/5/6 21/7/6 17/10/6
f 20/13/5 18/12/5 22/8/5
f 26/1/3 28/4/3 27/2/3
f 31/5/4 32/6/4 28/4/4
f 29/7/3 30/8/3 32/6/3
f 25/9/2 26/14/2 30/8/2
f 27/11/5 25/10/5 29/7/5
f 30/8/6 26/12/6 28/13/6
f 35/2/1 36/4/1 34/1/1
f 39/5/4 40/6/4 36/4/4
f 37/7/3 38/8/3 40/6/3
f 33/9/2 34/14/2 38/8/2
f 39/5/6 37/7/6 33/10/6
f 38/8/6 34/12/6 36/13/6
f 43/2/1 44/4/1 42/1/1
f 47/5/4 48/6/4 44/4/4
f 45/7/3 46/8/3 48/6/3
f 41/9/2 42/14/2 46/8/2
f 47/5/6 45/7/6 41/10/6
f 48/6/5 44/13/5 42/12/5
f 50/1/1 52/4/1 51/2/1
f 52/4/2 56/6/2 55/5/2
f 56/6/3 54/8/3 53/7/3
f 54/8/4 50/14/4 49/9/4
f 55/5/5 53/7/5 49/10/5
f 52/13/6 50/12/6 54/8/6
f 58/1/1 60/4/1 59/2/1
f 60/4/2 64/6/2 63/5/2
f 64/6/3 62/8/3 61/7/3
f 62/8/4 58/14/4 57/9/4
f 63/5/5 61/7/5 57/10/5
f 64/6/6 60/13/6 58/12/6
f 66/1/1 68/4/1 67/2/1
f 68/4/4 72/6/4 71/5/4
f 72/6/3 70/8/3 69/7/3
f 70/8/2 66/14/2 65/9/2
f 67/11/6 71/5/6 69/7/6
f 68/13/5 66/12/5 70/8/5
f 74/1/1 76/4/1 75/2/1
f 76/4/4 80/6/4 79/5/4
f 80/6/3 78/8/3 77/7/3
f 78/8/2 74/14/2 73/9/2
f 75/11/6 79/5/6 77/7/6
f 76/13/5 74/12/5 78/8/5
f 82/1/3 84/4/3 83/2/3
f 87/5/4 88/6/4 84/4/4
f 88/6/1 86/8/1 85/7/1
f 81/9/2 82/14/2 86/8/2
f 83/11/5 81/10/5 85/7/5
f 86/8/6 82/12/6 84/13/6
f 91/2/1 92/4/1 90/1/1
f 95/5/4 96/6/4 92/4/4
f 93/7/3 94/8/3 96/6/3
f 89/9/2 90/14/2 94/8/2
f 95/5/6 93/7/6 89/10/6
f 96/6/6 94/8/6 90/12/6
f 99/2/1 100/4/1 98/1/1
f 103/5/4 104/6/4 100/4/4
f 101/7/3 102/8/3 104/6/3
f 97/9/2 98/14/2 102/8/2
f 103/5/6 101/7/6 97/10/6
f 104/6/6 102/8/6 98/12/6
f 106/1/1 108/4/1 107/2/1
f 108/4/2 112/6/2 111/5/2
f 112/6/3 110/8/3 109/7/3
f 110/8/4 106/14/4 105/9/4
f 107/11/5 111/5/5 109/7/5
f 112/6/6 108/13/6 106/12/6
f 114/1/1 116/4/1 115/2/1
f 116/4/2 120/6/2 119/5/2
f 120/6/3 118/8/3 117/7/3
f 118/8/4 114/14/4 113/9/4
f 119/5/5 117/7/5 113/10/5
f 116/13/6 114/12/6 118/8/6
f 122/1/1 124/4/1 123/2/1
f 124/4/4 128/6/4 127/5/4
f 128/6/3 126/8/3 125/7/3
f 126/8/2 122/14/2 121/9/2
f 127/5/6 125/7/6 121/10/6
f 128/6/5 124/13/5 122/12/5
f 130/1/1 132/4/1 131/2/1
f 132/4/4 136/6/4 135/5/4
f 136/6/3 134/8/3 133/7/3
f 134/8/2 130/14/2 129/9/2
f 135/5/6 133/7/6 129/10/6
f 136/6/5 132/13/5 130/12/5
f 138/1/3 140/4/3 139/2/3
f 143/5/4 144/6/4 140/4/4
f 144/6/1 142/8/1 141/7/1
f 137/9/2 138/14/2 142/8/2
f 137/10/5 141/7/5 143/5/5
f 142/8/6 138/12/6 140/13/6
f 147/2/1 148/4/1 146/1/1
f 151/5/4 152/6/4 148/4/4
f 149/7/3 150/8/3 152/6/3
f 145/9/2 146/14/2 150/8/2
f 147/11/6 151/5/6 149/7/6
f 150/8/6 146/12/6 148/13/6
f 155/2/1 156/4/1 154/1/1
f 159/5/4 160/6/4 156/4/4
f 157/7/3 158/8/3 160/6/3
f 153/9/2 154/14/2 158/8/2
f 155/11/6 159/5/6 157/7/6
f 158/8/6 154/12/6 156/13/6
f 162/1/1 164/4/1 163/2/1
f 164/4/2 168/6/2 167/5/2
f 168/6/3 166/8/3 165/7/3
f 166/8/4 162/14/4 161/9/4
f 167/5/5 165/7/5 161/10/5
f 164/13/6 162/12/6 166/8/6
f 170/1/1 172/4/1 171/2/1
f 172/4/2 176/6/2 175/5/2
f 176/6/3 174/8/3 173/7/3
f 174/8/4 170/14/4 169/9/4
f 175/5/5 173/7/5 169/10/5
f 172/13/6 170/12/6 174/8/6
f 178/1/1 180/4/1 179/2/1
f 180/4/4 184/6/4 183/5/4
f 184/6/3 182/8/3 181/7/3
f 182/8/2 178/14/2 177/9/2
f 183/5/6 181/7/6 177/10/6
f 184/6/5 180/13/5 178/12/5
f 186/1/1 188/4/1 187/2/1
f 188/4/4 192/6/4 191/5/4
f 192/6/3 190/8/3 189/7/3
f 190/8/2 186/14/2 185/9/2
f 191/5/6 189/7/6 185/10/6
f 192/6/5 188/13/5 186/12/5
f 194/1/3 196/4/3 195/2/3
f 199/5/4 200/6/4 196/4/4
f 200/6/1 198/8/1 197/7/1
f 193/9/2 194/14/2 198/8/2
f 193/10/5 197/7/5 199/5/5
f 198/8/6 194/12/6 196/13/6
f 203/2/1 204/4/1 202/1/1
f 207/5/4 208/6/4 204/4/4
f 205/7/3 206/8/3 208/6/3
f 201/9/2 202/14/2 206/8/2
f 207/5/6 205/7/6 201/10/6
f 208/6/6 206/8/6 202/12/6
f 211/2/1 212/4/1 210/1/1
f 215/5/4 216/6/4 212/4/4
f 216/6/1 214/8/1 213/7/1
f 209/9/2 210/14/2 214/8/2
f 215/5/6 213/7/6 209/10/6
f 214/8/6 210/12/6 212/13/6
f 218/1/1 220/4/1 219/2/1
f 220/4/2 224/6/2 223/5/2
f 224/6/3 222/8/3 221/7/3
f 222/8/4 218/14/4 217/9/4
f 223/5/5 221/7/5 217/10/5
f 224/6/6 220/13/6 218/12/6
f 226/1/1 228/4/1 227/2/1
f 228/4/2 232/6/2 231/5/2
f 232/6/3 230/8/3 229/7/3
f 230/8/4 226/14/4 225/9/4
f 231/5/5 229/7/5 225/10/5
f 228/13/6 226/12/6 230/8/6
f 234/1/1 236/4/1 235/2/1
f 236/4/4 240/6/4 239/5/4
f 240/6/3 238/8/3 237/7/3
f 238/8/2 234/14/2 233/9/2
f 239/5/6 237/7/6 233/10/6
f 236/13/5 234/12/5 238/8/5
f 242/1/1 244/4/1 243/2/1
f 244/4/4 248/6/4 247/5/4
f 248/6/3 246/8/3 245/7/3
f 246/8/2 242/14/2 241/9/2
f 243/11/6 247/5/6 245/7/6
f 244/13/5 242/12/5 246/8/5
f 250/1/3 252/4/3 251/2/3
f 255/5/4 256/6/4 252/4/4
f 256/6/1 254/8/1 253/7/1
f 249/9/2 250/14/2 254/8/2
f 249/10/5 253/7/5 255/5/5
f 256/6/6 254/8/6 250/12/6
f 259/2/1 260/4/1 258/1/1
f 263/5/4 264/6/4 260/4/4
f 261/7/3 262/8/3 264/6/3
f 257/9/2 258/14/2 262/8/2
f 263/5/6 261/7/6 257/10/6
f 264/6/6 262/8/6 258/12/6
f 267/2/1 268/4/1 266/1/1
f 271/5/4 272/6/4 268/4/4
f 269/7/3 270/8/3 272/6/3
f 265/9/2 266/14/2 270/8/2
f 267/11/6 271/5/6 269/7/6
f 270/8/6 266/12/6 268/13/6
f 274/1/1 276/4/1 275/2/1
f 276/4/2 280/6/2 279/5/2
f 280/6/3 278/8/3 277/7/3
f 278/8/4 274/14/4 273/9/4
f 279/5/5 277/7/5 273/10/5
f 276/13/6 274/12/6 278/8/6
f 282/1/1 284/4/1 283/2/1
f 284/4/2 288/6/2 287/5/2
f 288/6/3 286/8/3 285/7/3
f 286/8/4 282/14/4 281/9/4
f 287/5/5 285/7/5 281/10/5
f 288/6/6 284/13/6 282/12/6
f 290/1/1 292/4/1 291/2/1
f 292/4/4 296/6/4 295/5/4
f 296/6/3 294/8/3 293/7/3
f 294/8/2 290/14/2 289/9/2
f 295/5/6 293/7/6 289/10/6
f 296/6/5 292/13/5 290/12/5
f 298/1/1 300/4/1 299/2/1
f 300/4/4 304/6/4 303/5/4
f 304/6/3 302/8/3 301/7/3
f 302/8/2 298/14/2 297/9/2
f 303/5/6 301/7/6 297/10/6
f 300/13/5 298/12/5 302/8/5
f 306/1/3 308/4/3 307/2/3
f 311/5/4 312/6/4 308/4/4
f 312/6/1 310/8/1 309/7/1
f 305/9/2 306/14/2 310/8/2
f 305/10/5 309/7/5 311/5/5
f 312/6/6 310/8/6 306/12/6
f 315/2/1 316/4/1 314/1/1
f 319/5/4 320/6/4 316/4/4
f 317/7/3 318/8/3 320/6/3
f 313/9/2 314/14/2 318/8/2
f 319/5/6 317/7/6 313/10/6
f 320/6/6 318/8/6 314/12/6
f 323/2/1 324/4/1 322/1/1
f 327/5/4 328/6/4 324/4/4
f 325/7/3 326/8/3 328/6/3
f 321/9/2 322/14/2 326/8/2
f 327/5/6 325/7/6 321/10/6
f 326/8/6 322/12/6 324/13/6
f 330/1/1 332/4/1 331/2/1
f 332/4/2 336/6/2 335/5/2
f 336/6/3 334/8/3 333/7/3
f 334/8/4 330/14/4 329/9/4
f 331/11/5 335/5/5 333/7/5
f 336/6/6 332/13/6 330/12/6
f 338/1/1 340/4/1 339/2/1
f 340/4/2 344/6/2 343/5/2
f 344/6/3 342/8/3 341/7/3
f 342/8/4 338/14/4 337/9/4
f 343/5/5 341/7/5 337/10/5
f 344/6/6 340/13/6 338/12/6
f 346/1/1 348/4/1 347/2/1
f 348/4/4 352/6/4 351/5/4
f 352/6/3 350/8/3 349/7/3
f 350/8/2 346/14/2 345/9/2
f 347/11/6 351/5/6 349/7/6
f 348/13/5 346/12/5 350/8/5
f 354/1/1 356/4/1 355/2/1
f 356/4/4 360/6/4 359/5/4
f 360/6/3 358/8/3 357/7/3
f 358/8/2 354/14/2 353/9/2
f 355/11/6 359/5/6 357/7/6
f 356/13/5 354/12/5 358/8/5
f 362/1/3 364/4/3 363/2/3
f 367/5/4 368/6/4 364/4/4
f 368/6/1 366/8/1 365/7/1
f 361/9/2 362/14/2 366/8/2
f 363/11/5 361/10/5 365/7/5
f 366/8/6 362/12/6 364/13/6
f 371/2/1 372/4/1 370/1/1
f 375/5/4 376/6/4 372/4/4
f 373/7/3 374/8/3 376/6/3
f 369/9/2 370/14/2 374/8/2
f 375/5/6 373/7/6 369/10/6
f 376/6/6 374/8/6 370/12/6
f 379/2/1 380/4/1 378/1/1
f 383/5/4 384/6/4 380/4/4
f 381/7/3 382/8/3 384/6/3
f 377/9/2 378/14/2 382/8/2
f 383/5/6 381/7/6 377/10/6
f 384/6/6 382/8/6 378/12/6
f 386/1/1 388/4/1 387/2/1
f 388/4/2 392/6/2 391/5/2
f 392/6/3 390/8/3 389/7/3
f 390/8/4 386/14/4 385/9/4
f 391/5/5 389/7/5 385/10/5
f 392/6/6 388/13/6 386/12/6
f 394/1/1 396/4/1 395/2/1
f 396/4/2 400/6/2 399/5/2
f 400/6/3 398/8/3 397/7/3
f 398/8/4 394/14/4 393/9/4
f 399/5/5 397/7/5 393/10/5
f 396/13/6 394/12/6 398/8/6
f 402/1/1 404/4/1 403/2/1
f 404/4/4 408/6/4 407/5/4
f 408/6/3 406/8/3 405/7/3
f 406/8/2 402/14/2 401/9/2
f 407/5/6 405/7/6 401/10/6
f 408/6/5 404/13/5 402/12/5
f 410/1/1 412/4/1 411/2/1
f 412/4/4 416/6/4 415/5/4
f 416/6/3 414/8/3 413/7/3
f 414/8/2 410/14/2 409/9/2
f 415/5/6 413/7/6 409/10/6
f 412/13/5 410/12/5 414/8/5
f 418/1/3 420/4/3 419/2/3
f 423/5/4 424/6/4 420/4/4
f 424/6/1 422/8/1 421/7/1
f 417/9/2 418/14/2 422/8/2
f 419/11/5 417/10/5 421/7/5
f 422/8/6 418/12/6 420/13/6
f 427/2/1 428/4/1 426/1/1
f 431/5/4 432/6/4 428/4/4
f 429/7/3 430/8/3 432/6/3
f 425/9/2 426/14/2 430/8/2
f 431/5/6 429/7/6 425/10/6
f 432/6/6 430/8/6 426/12/6
f 435/2/1 436/4/1 434/1/1
f 439/5/4 440/6/4 436/4/4
f 437/7/3 438/8/3 440/6/3
f 433/9/2 434/14/2 438/8/2
f 439/5/6 437/7/6 433/10/6
f 440/6/6 438/8/6 434/12/6
f 442/1/1 444/4/1 443/2/1
f 444/4/2 448/6/2 447/5/2
f 448/6/3 446/8/3 445/7/3
f 446/8/4 442/14/4 441/9/4
f 447/5/5 445/7/5 441/10/5
f 444/13/6 442/12/6 446/8/6
f 475/11/5 509/11/5 510/10/5
f 452/4/2 456/6/2 455/5/2
f 456/6/3 454/8/3 453/7/3
f 454/8/4 450/14/4 449/9/4
f 451/11/5 455/5/5 453/7/5
f 452/13/6 450/12/6 454/8/6
f 458/1/1 460/4/1 459/2/1
f 460/4/4 464/6/4 463/5/4
f 464/6/3 462/8/3 461/7/3
f 462/8/2 458/14/2 457/9/2
f 459/11/6 463/5/6 461/7/6
f 460/13/5 458/12/5 462/8/5
f 466/1/1 468/4/1 467/2/1
f 468/4/4 472/6/4 471/5/4
f 472/6/3 470/8/3 469/7/3
f 470/8/2 466/14/2 465/9/2
f 467/11/6 471/5/6 469/7/6
f 468/13/5 466/12/5 470/8/5
f 512/4/4 509/2/4 475/2/4
f 479/5/4 480/6/4 476/4/4
f 480/6/1 478/8/1 477/7/1
f 473/9/2 474/14/2 478/8/2
f 473/10/5 477/7/5 479/5/5
f 480/6/6 478/8/6 474/12/6
f 483/2/1 484/4/1 482/1/1
f 487/5/4 488/6/4 484/4/4
f 485/7/3 486/8/3 488/6/3
f 481/9/2 482/14/2 486/8/2
f 483/11/6 487/5/6 485/7/6
f 486/8/6 482/12/6 484/13/6
f 491/2/1 492/4/1 490/1/1
f 495/5/4 496/6/4 492/4/4
f 493/7/3 494/8/3 496/6/3
f 489/9/2 490/14/2 494/8/2
f 491/11/6 495/5/6 493/7/6
f 494/8/6 490/12/6 492/13/6
f 498/14/4 515/14/4 514/9/4
f 500/4/2 504/6/2 503/5/2
f 504/6/3 502/8/3 501/7/3
f 502/8/4 498/14/4 497/9/4
f 499/11/5 503/5/5 501/7/5
f 500/13/6 498/12/6 502/8/6
f 506/10/5 518/10/5 517/11/5
f 515/12/6 516/13/6 528/13/6
f 505/2/7 517/2/7 520/4/7
f 452/13/6 508/13/6 507/12/6
f 498/12/6 500/13/6 516/13/6
f 451/2/2 505/2/2 508/4/2
f 510/9/2 511/14/2 474/14/2
f 451/11/5 449/10/5 506/10/5
f 499/2/2 513/2/2 516/4/2
f 511/12/6 512/13/6 476/13/6
f 497/10/5 514/10/5 513/11/5
f 450/14/4 507/14/4 506/9/4
f 517/11/5 518/10/5 530/10/5
f 528/13/6 540/13/6 539/12/6
f 517/2/8 529/2/8 532/4/8
f 524/4/9 521/2/9 509/2/9
f 509/11/5 521/11/5 522/10/5
f 513/2/10 525/2/10 528/4/10
f 507/14/11 519/14/11 518/9/11
f 514/10/5 526/10/5 525/11/5
f 522/9/12 523/14/12 511/14/12
f 507/12/6 508/13/6 520/13/6
f 515/14/13 527/14/13 526/9/13
f 523/12/6 524/13/6 512/13/6
f 539/14/14 551/14/14 550/9/14
f 532/13/6 544/13/6 543/12/6
f 546/9/15 547/14/15 535/14/15
f 536/4/16 533/2/16 521/2/16
f 533/11/5 534/10/5 522/10/5
f 525/2/17 537/2/17 540/4/17
f 519/14/18 531/14/18 530/9/18
f 525/11/5 526/10/5 538/10/5
f 534/9/19 535/14/19 523/14/19
f 520/13/6 532/13/6 531/12/6
f 527/14/20 539/14/20 538/9/20
f 523/12/6 535/12/6 536/13/6
f 551/14/21 563/14/21 562/9/21
f 544/13/6 556/13/6 555/12/6
f 558/9/22 559/14/22 547/14/22
f 535/12/6 547/12/6 548/13/6
f 529/2/23 541/2/23 544/4/23
f 540/13/6 552/13/6 551/12/6
f 529/11/5 530/10/5 542/10/5
f 548/4/24 545/2/24 533/2/24
f 545/11/5 546/10/5 534/10/5
f 537/2/25 549/2/25 552/4/25
f 531/14/26 543/14/26 542/9/26
f 537/11/5 538/10/5 550/10/5
f 555/1/27 556/4/27 553/2/27
f 559/1/28 560/4/28 557/2/28
f 563/1/27 564/4/27 561/2/27
f 547/12/6 559/12/6 560/13/6
f 541/2/22 553/2/22 556/4/22
f 551/12/6 552/13/6 564/13/6
f 541/11/5 542/10/5 554/10/5
f 560/4/21 557/2/21 545/2/21
f 557/11/5 558/10/5 546/10/5
f 549/2/22 561/2/22 564/4/22
f 543/14/21 555/14/21 554/9/21
f 549/11/5 550/10/5 562/10/5
f 566/1/29 568/4/29 567/2/29
f 568/4/30 572/6/30 571/5/30
f 572/6/31 570/8/31 569/7/31
f 570/8/32 566/14/32 565/9/32
f 567/11/5 571/5/5 569/7/5
f 572/6/6 568/13/6 566/12/6
f 574/1/29 576/4/29 575/2/29
f 576/4/32 580/6/32 579/5/32
f 580/6/31 578/8/31 577/7/31
f 578/8/30 574/14/30 573/9/30
f 575/11/6 579/5/6 577/7/6
f 576/13/5 574/12/5 578/8/5
f 582/1/29 584/4/29 583/2/29
f 584/4/32 588/6/32 587/5/32
f 588/6/31 586/8/31 585/7/31
f 586/8/30 582/14/30 581/9/30
f 587/5/6 585/7/6 581/10/6
f 588/6/5 584/13/5 582/12/5
f 590/1/31 592/4/31 591/2/31
f 595/5/32 596/6/32 592/4/32
f 593/7/31 594/8/31 596/6/31
f 589/9/30 590/14/30 594/8/30
f 589/10/5 593/7/5 595/5/5
f 596/6/6 594/8/6 590/12/6
f 599/2/29 600/4/29 598/1/29
f 603/5/32 604/6/32 600/4/32
f 601/7/31 602/8/31 604/6/31
f 597/9/30 598/14/30 602/8/30
f 599/11/6 603/5/6 601/7/6
f 602/8/6 598/12/6 600/13/6
f 607/2/29 608/4/29 606/1/29
f 611/5/32 612/6/32 608/4/32
f 609/7/31 610/8/31 612/6/31
f 605/9/30 606/14/30 610/8/30
f 607/11/6 611/5/6 609/7/6
f 610/8/6 606/12/6 608/13/6
f 614/1/29 616/4/29 615/2/29
f 616/4/30 620/6/30 619/5/30
f 620/6/31 618/8/31 617/7/31
f 618/8/32 614/14/32 613/9/32
f 619/5/5 617/7/5 613/10/5
f 616/13/6 614/12/6 618/8/6
f 622/1/29 624/4/29 623/2/29
f 624/4/30 628/6/30 627/5/30
f 628/6/31 626/8/31 625/7/31
f 626/8/32 622/14/32 621/9/32
f 623/11/5 627/5/5 625/7/5
f 628/6/6 624/13/6 622/12/6
f 630/1/29 632/4/29 631/2/29
f 632/4/32 636/6/32 635/5/32
f 636/6/31 634/8/31 633/7/31
f 634/8/30 630/14/30 629/9/30
f 635/5/6 633/7/6 629/10/6
f 636/6/5 632/13/5 630/12/5
f 638/1/29 640/4/29 639/2/29
f 640/4/32 644/6/32 643/5/32
f 644/6/31 642/8/31 641/7/31
f 642/8/30 638/14/30 637/9/30
f 643/5/6 641/7/6 637/10/6
f 644/6/5 640/13/5 638/12/5
f 646/1/31 648/4/31 647/2/31
f 651/5/32 652/6/32 648/4/32
f 652/6/29 650/8/29 649/7/29
f 645/9/30 646/14/30 650/8/30
f 645/10/5 649/7/5 651/5/5
f 652/6/6 650/8/6 646/12/6
f 655/2/29 656/4/29 654/1/29
f 659/5/32 660/6/32 656/4/32
f 660/6/29 658/8/29 657/7/29
f 653/9/30 654/14/30 658/8/30
f 655/11/6 659/5/6 657/7/6
f 658/8/6 654/12/6 656/13/6
f 663/2/29 664/4/29 662/1/29
f 667/5/32 668/6/32 664/4/32
f 665/7/31 666/8/31 668/6/31
f 661/9/30 662/14/30 666/8/30
f 667/5/6 665/7/6 661/10/6
f 668/6/6 666/8/6 662/12/6
f 670/1/29 672/4/29 671/2/29
f 672/4/30 676/6/30 675/5/30
f 676/6/31 674/8/31 673/7/31
f 674/8/32 670/14/32 669/9/32
f 671/11/5 675/5/5 673/7/5
f 676/6/6 672/13/6 670/12/6
f 678/1/33 680/4/33 679/2/33
f 680/4/30 684/6/30 683/5/30
f 684/6/31 682/8/31 681/7/31
f 682/8/32 678/14/32 677/9/32
f 683/5/5 681/7/5 677/10/5
f 684/6/6 680/13/6 678/12/6
f 686/1/29 688/4/29 687/2/29
f 688/4/32 692/6/32 691/5/32
f 692/6/31 690/8/31 689/7/31
f 690/8/30 686/14/30 685/9/30
f 687/11/6 691/5/6 689/7/6
f 688/13/5 686/12/5 690/8/5
f 694/1/29 696/4/29 695/2/29
f 696/4/32 700/6/32 699/5/32
f 700/6/31 698/8/31 697/7/31
f 698/8/30 694/14/30 693/9/30
f 699/5/6 697/7/6 693/10/6
f 700/6/5 696/13/5 694/12/5
f 702/1/31 704/4/31 703/2/31
f 707/5/32 708/6/32 704/4/32
f 708/6/29 706/8/29 705/7/29
f 701/9/30 702/14/30 706/8/30
f 701/10/5 705/7/5 707/5/5
f 708/6/6 706/8/6 702/12/6
f 711/2/29 712/4/29 710/1/29
f 715/5/32 716/6/32 712/4/32
f 713/7/31 714/8/31 716/6/31
f 709/9/30 710/14/30 714/8/30
f 711/11/6 715/5/6 713/7/6
f 714/8/6 710/12/6 712/13/6
f 719/2/29 720/4/29 718/1/29
f 723/5/32 724/6/32 720/4/32
f 721/7/31 722/8/31 724/6/31
f 717/9/30 718/14/30 722/8/30
f 723/5/6 721/7/6 717/10/6
f 724/6/6 722/8/6 718/12/6
f 726/1/29 728/4/29 727/2/29
f 728/4/30 732/6/30 731/5/30
f 732/6/31 730/8/31 729/7/31
f 730/8/32 726/14/32 725/9/32
f 727/11/5 731/5/5 729/7/5
f 732/6/6 728/13/6 726/12/6
f 734/1/29 736/4/29 735/2/29
f 736/4/30 740/6/30 739/5/30
f 740/6/31 738/8/31 737/7/31
f 738/8/32 734/14/32 733/9/32
f 739/5/5 737/7/5 733/10/5
f 740/6/6 736/13/6 734/12/6
f 742/1/29 744/4/29 743/2/29
f 744/4/32 748/6/32 747/5/32
f 748/6/31 746/8/31 745/7/31
f 746/8/30 742/14/30 741/9/30
f 747/5/6 745/7/6 741/10/6
f 748/6/5 744/13/5 742/12/5
f 750/1/29 752/4/29 751/2/29
f 752/4/32 756/6/32 755/5/32
f 756/6/31 754/8/31 753/7/31
f 754/8/30 750/14/30 749/9/30
f 755/5/6 753/7/6 749/10/6
f 756/6/5 752/13/5 750/12/5
f 758/1/31 760/4/31 759/2/31
f 763/5/32 764/6/32 760/4/32
f 764/6/29 762/8/29 761/7/29
f 757/9/30 758/14/30 762/8/30
f 757/10/5 761/7/5 763/5/5
f 764/6/6 762/8/6 758/12/6
f 766/1/31 768/4/31 767/2/31
f 771/5/32 772/6/32 768/4/32
f 769/7/31 770/8/31 772/6/31
f 765/9/30 766/14/30 770/8/30
f 767/11/6 771/5/6 769/7/6
f 770/8/6 766/12/6 768/13/6
f 775/2/29 776/4/29 774/1/29
f 779/5/32 780/6/32 776/4/32
f 777/7/31 778/8/31 780/6/31
f 773/9/30 774/14/30 778/8/30
f 779/5/6 777/7/6 773/10/6
f 780/6/6 778/8/6 774/12/6
f 782/1/29 784/4/29 783/2/29
f 784/4/30 788/6/30 787/5/30
f 788/6/31 786/8/31 785/7/31
f 786/8/32 782/14/32 781/9/32
f 787/5/5 785/7/5 781/10/5
f 788/6/6 784/13/6 782/12/6
f 837/10/35 854/10/35 853/11/35
f 792/4/30 796/6/30 795/5/30
f 796/6/31 794/8/31 793/7/31
f 794/8/32 790/14/32 789/9/32
f 795/5/5 793/7/5 789/10/5
f 796/6/6 792/13/6 790/12/6
f 798/1/29 800/4/29 799/2/29
f 800/4/32 804/6/32 803/5/32
f 804/6/31 802/8/31 801/7/31
f 802/8/30 798/14/30 797/9/30
f 799/11/6 803/5/6 801/7/6
f 800/13/5 798/12/5 802/8/5
f 806/1/29 808/4/29 807/2/29
f 808/4/32 812/6/32 811/5/32
f 812/6/31 810/8/31 809/7/31
f 810/8/30 806/14/30 805/9/30
f 811/5/6 809/7/6 805/10/6
f 812/6/5 808/13/5 806/12/5
f 839/2/30 853/2/30 856/4/30
f 819/5/32 820/6/32 816/4/32
f 820/6/29 818/8/29 817/7/29
f 813/9/30 814/14/30 818/8/30
f 815/11/5 813/10/5 817/7/5
f 818/8/6 814/12/6 816/13/6
f 823/2/29 824/4/29 822/1/29
f 827/5/32 828/6/32 824/4/32
f 825/7/31 826/8/31 828/6/31
f 821/9/30 822/14/30 826/8/30
f 827/5/6 825/7/6 821/10/6
f 828/6/6 826/8/6 822/12/6
f 831/2/29 832/4/29 830/1/29
f 835/5/32 836/6/32 832/4/32
f 833/7/31 834/8/31 836/6/31
f 829/9/30 830/14/30 834/8/30
f 831/11/6 835/5/6 833/7/6
f 834/8/6 830/12/6 832/13/6
f 789/10/35 846/10/35 845/11/35
f 840/4/30 844/6/30 843/5/30
f 844/6/31 842/8/31 841/7/31
f 842/8/32 838/14/32 837/9/32
f 839/11/5 843/5/5 841/7/5
f 840/13/6 838/12/6 842/8/6
f 847/1/29 848/4/29 845/2/29
f 851/1/31 852/4/31 849/2/31
f 855/1/29 856/4/29 853/2/29
f 851/12/36 852/13/36 816/13/36
f 789/9/32 790/14/32 847/14/32
f 837/9/32 838/14/32 855/14/32
f 852/4/32 849/2/32 815/2/32
f 815/11/35 849/11/35 850/10/35
f 790/12/36 792/13/36 848/13/36
f 838/12/36 840/13/36 856/13/36
f 791/2/30 845/2/30 848/4/30
f 813/9/30 850/9/30 851/14/30
f 858/1/29 860/4/29 859/2/29
f 860/4/30 864/6/30 863/5/30
f 864/6/37 862/8/37 861/7/37
f 862/8/32 858/14/32 857/9/32
f 859/11/5 863/5/5 861/7/5
f 860/13/6 858/12/6 862/8/6
f 866/1/29 868/4/29 867/2/29
f 868/4/32 872/6/32 871/5/32
f 872/6/31 870/8/31 869/7/31
f 870/8/30 866/14/30 865/9/30
f 871/5/6 869/7/6 865/10/6
f 872/6/5 868/13/5 866/12/5
f 874/1/29 876/4/29 875/2/29
f 876/4/32 880/6/32 879/5/32
f 880/6/31 878/8/31 877/7/31
f 878/8/30 874/14/30 873/9/30
f 879/5/6 877/7/6 873/10/6
f 880/6/5 876/13/5 874/12/5
f 882/1/31 884/4/31 883/2/31
f 887/5/32 888/6/32 884/4/32
f 888/6/29 886/8/29 885/7/29
f 881/9/30 882/14/30 886/8/30
f 881/10/5 885/7/5 887/5/5
f 888/6/6 886/8/6 882/12/6
f 891/2/29 892/4/29 890/1/29
f 895/5/32 896/6/32 892/4/32
f 893/7/31 894/8/31 896/6/31
f 889/9/30 890/14/30 894/8/30
f 895/5/6 893/7/6 889/10/6
f 896/6/6 894/8/6 890/12/6
f 899/2/29 900/4/29 898/1/29
f 903/5/32 904/6/32 900/4/32
f 901/7/31 902/8/31 904/6/31
f 897/9/30 898/14/30 902/8/30
f 899/11/6 903/5/6 901/7/6
f 902/8/6 898/12/6 900/13/6
f 906/1/29 908/4/29 907/2/29
f 908/4/30 912/6/30 911/5/30
f 912/6/34 910/8/34 909/7/34
f 910/8/32 906/14/32 905/9/32
f 911/5/5 909/7/5 905/10/5
f 912/6/6 908/13/6 906/12/6
f 913/3/42 914/1/42 916/4/42
f 916/4/30 920/6/30 919/5/30
f 919/5/73 920/6/73 918/8/73
f 918/8/32 914/14/32 913/9/32
f 915/11/40 919/5/40 917/7/40
f 920/6/41 916/13/41 914/12/41
f 922/1/42 924/4/42 923/2/42
f 923/2/32 924/4/32 928/6/32
f 928/6/39 926/8/39 925/7/39
f 926/8/30 922/14/30 921/9/30
f 923/11/41 927/5/41 925/7/41
f 924/13/40 922/12/40 926/8/40
f 929/3/42 930/1/42 932/4/42
f 932/4/32 936/6/32 935/5/32
f 935/5/39 936/6/39 934/8/39
f 934/8/30 930/14/30 929/9/30
f 935/5/41 933/7/41 929/10/41
f 932/13/40 930/12/40 934/8/40
f 938/1/39 940/4/39 939/2/39
f 943/5/32 944/6/32 940/4/32
f 944/6/42 942/8/42 941/7/42
f 941/7/30 937/9/30 938/14/30
f 939/11/40 937/10/40 941/7/40
f 942/8/41 938/12/41 940/13/41
f 947/2/42 948/4/42 946/1/42
f 951/5/32 952/6/32 948/4/32
f 949/7/39 950/8/39 952/6/39
f 949/7/30 945/9/30 946/14/30
f 951/5/41 949/7/41 945/10/41
f 952/6/41 950/8/41 946/12/41
f 955/2/42 956/4/42 954/1/42
f 959/5/32 960/6/32 956/4/32
f 959/5/39 957/7/39 958/8/39
f 957/7/30 953/9/30 954/14/30
f 959/5/41 957/7/41 953/10/41
f 958/8/41 954/12/41 956/13/41
f 962/1/38 964/4/38 963/2/38
f 964/4/30 968/6/30 967/5/30
f 967/5/74 968/6/74 966/8/74
f 965/7/32 966/8/32 962/14/32
f 963/11/40 967/5/40 965/7/40
f 968/6/41 964/13/41 962/12/41
f 970/1/49 972/4/49 971/2/49
f 972/4/30 976/6/30 975/5/30
f 976/6/75 974/8/75 973/7/75
f 973/7/32 974/8/32 970/14/32
f 975/5/47 973/7/47 969/10/47
f 976/6/48 972/13/48 970/12/48
f 977/3/49 978/1/49 980/4/49
f 980/4/32 984/6/32 983/5/32
f 984/6/50 982/8/50 981/7/50
f 981/7/30 982/8/30 978/14/30
f 983/5/48 981/7/48 977/10/48
f 984/6/47 980/13/47 978/12/47
f 985/3/49 986/1/49 988/4/49
f 987/2/32 988/4/32 992/6/32
f 992/6/50 990/8/50 989/7/50
f 990/8/30 986/14/30 985/9/30
f 991/5/51 989/7/51 985/10/51
f 988/13/47 986/12/47 990/8/47
f 993/3/49 995/2/49 996/4/49
f 999/5/32 1000/6/32 996/4/32
f 1000/6/76 998/8/76 997/7/76
f 993/9/30 994/14/30 998/8/30
f 993/10/47 997/7/47 999/5/47
f 998/8/48 994/12/48 996/13/48
f 1003/2/49 1004/4/49 1002/1/49
f 1003/2/32 1007/5/32 1008/6/32
f 1007/5/50 1005/7/50 1006/8/50
f 1005/7/30 1001/9/30 1002/14/30
f 1007/5/51 1005/7/51 1001/10/51
f 1008/6/48 1006/8/48 1002/12/48
f 1011/2/49 1012/4/49 1010/1/49
f 1011/2/32 1015/5/32 1016/6/32
f 1015/5/50 1013/7/50 1014/8/50
f 1013/7/30 1009/9/30 1010/14/30
f 1015/5/51 1013/7/51 1009/10/51
f 1014/8/51 1010/12/51 1012/13/51
f 1017/3/76 1018/1/76 1020/4/76
f 1019/2/30 1020/4/30 1024/6/30
f 1023/5/77 1024/6/77 1022/8/77
f 1021/7/32 1022/8/32 1018/14/32
f 1019/11/52 1023/5/52 1021/7/52
f 1024/6/48 1020/13/48 1018/12/48
f 1025/3/63 1026/1/63 1028/4/63
f 1028/4/62 1032/6/62 1031/5/62
f 1032/6/66 1030/8/66 1029/7/66
f 1029/7/78 1030/8/78 1026/14/78
f 1031/5/59 1029/7/59 1025/10/59
f 1028/13/60 1026/12/60 1030/8/60
f 1034/1/55 1036/4/55 1035/2/55
f 1035/2/58 1036/4/58 1040/6/58
f 1040/6/61 1038/8/61 1037/7/61
f 1037/7/62 1038/8/62 1034/14/62
f 1035/11/60 1039/5/60 1037/7/60
f 1040/6/59 1036/13/59 1034/12/59
f 1042/1/55 1044/4/55 1043/2/55
f 1043/2/58 1044/4/58 1048/6/58
f 1048/6/61 1046/8/61 1045/7/61
f 1046/8/62 1042/14/62 1041/9/62
f 1047/5/60 1045/7/60 1041/10/60
f 1048/6/59 1044/13/59 1042/12/59
f 1049/3/70 1051/2/70 1052/4/70
f 1055/5/58 1056/6/58 1052/4/58
f 1056/6/63 1054/8/63 1053/7/63
f 1053/7/62 1049/9/62 1050/14/62
f 1049/10/59 1053/7/59 1055/5/59
f 1054/8/60 1050/12/60 1052/13/60
f 1059/2/55 1060/4/55 1058/1/55
f 1063/5/58 1064/6/58 1060/4/58
f 1061/7/61 1062/8/61 1064/6/61
f 1061/7/62 1057/9/62 1058/14/62
f 1063/5/60 1061/7/60 1057/10/60
f 1064/6/60 1062/8/60 1058/12/60
f 1065/3/55 1067/2/55 1068/4/55
f 1067/2/58 1071/5/58 1072/6/58
f 1071/5/68 1069/7/68 1070/8/68
f 1069/7/62 1065/9/62 1066/14/62
f 1071/5/60 1069/7/60 1065/10/60
f 1070/8/60 1066/12/60 1068/13/60
f 1073/3/69 1074/1/69 1076/4/69
f 1076/4/62 1080/6/62 1079/5/62
f 1080/6/66 1078/8/66 1077/7/66
f 1077/7/58 1078/8/58 1074/14/58
f 1079/5/59 1077/7/59 1073/10/59
f 1076/13/60 1074/12/60 1078/8/60
f 1081/3/55 1082/1/55 1084/4/55
f 1084/4/62 1088/6/62 1087/5/62
f 1088/6/79 1086/8/79 1085/7/79
f 1086/8/58 1082/14/58 1081/9/58
f 1087/5/59 1085/7/59 1081/10/59
f 1084/13/60 1082/12/60 1086/8/60
f 1089/3/55 1090/1/55 1092/4/55
f 1092/4/58 1096/6/58 1095/5/58
f 1096/6/61 1094/8/61 1093/7/61
f 1094/8/62 1090/14/62 1089/9/62
f 1095/5/60 1093/7/60 1089/10/60
f 1092/13/59 1090/12/59 1094/8/59
f 1098/1/55 1100/4/55 1099/2/55
f 1100/4/58 1104/6/58 1103/5/58
f 1104/6/61 1102/8/61 1101/7/61
f 1102/8/62 1098/14/62 1097/9/62
f 1103/5/60 1101/7/60 1097/10/60
f 1104/6/59 1100/13/59 1098/12/59
f 1105/3/61 1106/1/61 1108/4/61
f 1107/2/58 1111/5/58 1112/6/58
f 1112/6/70 1110/8/70 1109/7/70
f 1109/7/62 1105/9/62 1106/14/62
f 1105/10/59 1109/7/59 1111/5/59
f 1110/8/60 1106/12/60 1108/13/60
f 1115/2/55 1116/4/55 1114/1/55
f 1119/5/80 1120/6/80 1116/4/80
f 1117/7/81 1118/8/81 1120/6/81
f 1117/7/62 1113/9/62 1114/14/62
f 1115/11/60 1119/5/60 1117/7/60
f 1120/6/60 1118/8/60 1114/12/60
f 1123/2/55 1124/4/55 1122/1/55
f 1123/2/58 1127/5/58 1128/6/58
f 1127/5/61 1125/7/61 1126/8/61
f 1125/7/62 1121/9/62 1122/14/62
f 1127/5/60 1125/7/60 1121/10/60
f 1126/8/60 1122/12/60 1124/13/60
f 1129/3/55 1130/1/55 1132/4/55
f 1132/4/62 1136/6/62 1135/5/62
f 1136/6/61 1134/8/61 1133/7/61
f 1134/8/58 1130/14/58 1129/9/58
f 1135/5/59 1133/7/59 1129/10/59
f 1132/13/60 1130/12/60 1134/8/60
f 1138/1/63 1140/4/63 1139/2/63
f 1140/4/62 1144/6/62 1143/5/62
f 1144/6/79 1142/8/79 1141/7/79
f 1141/7/58 1142/8/58 1138/14/58
f 1143/5/59 1141/7/59 1137/10/59
f 1140/13/60 1138/12/60 1142/8/60
f 1146/1/55 1148/4/55 1147/2/55
f 1148/4/58 1152/6/58 1151/5/58
f 1151/5/61 1152/6/61 1150/8/61
f 1149/7/62 1150/8/62 1146/14/62
f 1147/11/60 1151/5/60 1149/7/60
f 1148/13/59 1146/12/59 1150/8/59
f 1153/3/55 1154/1/55 1156/4/55
f 1155/2/58 1156/4/58 1160/6/58
f 1160/6/61 1158/8/61 1157/7/61
f 1157/7/62 1158/8/62 1154/14/62
f 1155/11/60 1159/5/60 1157/7/60
f 1160/6/59 1156/13/59 1154/12/59
f 1161/3/61 1162/1/61 1164/4/61
f 1163/2/58 1167/5/58 1168/6/58
f 1167/5/55 1168/6/55 1166/8/55
f 1165/7/62 1161/9/62 1162/14/62
f 1161/10/59 1165/7/59 1167/5/59
f 1166/8/60 1162/12/60 1164/13/60
f 1171/2/70 1172/4/70 1170/1/70
f 1175/5/58 1176/6/58 1172/4/58
f 1173/7/81 1174/8/81 1176/6/81
f 1173/7/62 1169/9/62 1170/14/62
f 1171/11/60 1175/5/60 1173/7/60
f 1176/6/60 1174/8/60 1170/12/60
f 1177/3/55 1179/2/55 1180/4/55
f 1179/2/58 1183/5/58 1184/6/58
f 1183/5/61 1181/7/61 1182/8/61
f 1177/9/62 1178/14/62 1182/8/62
f 1183/5/60 1181/7/60 1177/10/60
f 1182/8/60 1178/12/60 1180/13/60
f 1186/1/63 1188/4/63 1187/2/63
f 1188/4/62 1192/6/62 1191/5/62
f 1192/6/61 1190/8/61 1189/7/61
f 1189/7/58 1190/8/58 1186/14/58
f 1191/5/59 1189/7/59 1185/10/59
f 1188/13/60 1186/12/60 1190/8/60
f 1194/1/71 1196/4/71 1195/2/71
f 1196/4/62 1200/6/62 1199/5/62
f 1200/6/72 1198/8/72 1197/7/72
f 1198/8/58 1194/14/58 1193/9/58
f 1199/5/5 1197/7/5 1193/10/5
f 1196/13/6 1194/12/6 1198/8/6
f 1202/1/71 1204/4/71 1203/2/71
f 1204/4/58 1208/6/58 1207/5/58
f 1208/6/72 1206/8/72 1205/7/72
f 1206/8/62 1202/14/62 1201/9/62
f 1203/11/6 1207/5/6 1205/7/6
f 1204/13/5 1202/12/5 1206/8/5
f 1210/1/71 1212/4/71 1211/2/71
f 1212/4/58 1216/6/58 1215/5/58
f 1216/6/72 1214/8/72 1213/7/72
f 1214/8/62 1210/14/62 1209/9/62
f 1215/5/6 1213/7/6 1209/10/6
f 1216/6/5 1212/13/5 1210/12/5
f 1218/1/72 1220/4/72 1219/2/72
f 1223/5/58 1224/6/58 1220/4/58
f 1221/7/72 1222/8/72 1224/6/72
f 1217/9/62 1218/14/62 1222/8/62
f 1219/11/5 1217/10/5 1221/7/5
f 1222/8/6 1218/12/6 1220/13/6
f 1227/2/71 1228/4/71 1226/1/71
f 1231/5/58 1232/6/58 1228/4/58
f 1229/7/72 1230/8/72 1232/6/72
f 1225/9/62 1226/14/62 1230/8/62
f 1231/5/6 1229/7/6 1225/10/6
f 1232/6/6 1230/8/6 1226/12/6
f 1235/2/71 1236/4/71 1234/1/71
f 1239/5/58 1240/6/58 1236/4/58
f 1237/7/72 1238/8/72 1240/6/72
f 1233/9/62 1234/14/62 1238/8/62
f 1235/11/6 1239/5/6 1237/7/6
f 1238/8/6 1234/12/6 1236/13/6
f 1242/1/71 1244/4/71 1243/2/71
f 1244/4/62 1248/6/62 1247/5/62
f 1248/6/72 1246/8/72 1245/7/72
f 1246/8/58 1242/14/58 1241/9/58
f 1247/5/5 1245/7/5 1241/10/5
f 1244/13/6 1242/12/6 1246/8/6
