# Blender 4.4.1
# www.blender.org
mtllib AITerrain_02_CANYON.mtl
o AITerrain_02_CANYON
v -500.000000 40.000000 1000.000000
v -500.000000 49.851723 974.683533
v -500.000000 58.447998 949.367065
v -500.000000 60.331116 924.050659
v -500.000000 61.243744 898.734192
v -500.000000 65.022072 873.417725
v -500.000000 74.035828 848.101257
v -500.000000 85.697136 822.784790
v -500.000000 94.355186 797.468384
v -500.000000 98.850990 772.151917
v -500.000000 100.000000 746.835449
v -500.000000 100.000000 721.518982
v -500.000000 100.000000 696.202515
v -500.000000 100.000000 670.886047
v -500.000000 100.000000 645.569641
v -500.000000 100.000000 620.253174
v -500.000000 100.000000 594.936707
v -500.000000 100.000000 569.620239
v -500.000000 100.000000 544.303772
v -500.000000 100.000000 518.987366
v -500.000000 100.000000 493.670898
v -500.000000 100.000000 468.354431
v -500.000000 100.000000 443.037964
v -500.000000 100.000000 417.721527
v -500.000000 100.000000 392.405060
v -500.000000 100.000000 367.088593
v -500.000000 100.000000 341.772156
v -500.000000 100.000000 316.455688
v -500.000000 100.000000 291.139252
v -500.000000 100.000000 265.822784
v -500.000000 100.000000 240.506332
v -500.000000 100.000000 215.189880
v -500.000000 100.000000 189.873413
v -500.000000 100.000000 164.556961
v -500.000000 100.000000 139.240509
v -500.000000 100.000000 113.924049
v -500.000000 100.000000 88.607597
v -500.000000 100.000000 63.291138
v -500.000000 100.000000 37.974682
v -500.000000 100.000000 12.658228
v -500.000000 100.000000 -12.658228
v -500.000000 100.000000 -37.974682
v -500.000000 100.000000 -63.291138
v -500.000000 100.000000 -88.607597
v -500.000000 100.000000 -113.924049
v -500.000000 100.000000 -139.240509
v -500.000000 100.000000 -164.556961
v -500.000000 100.000000 -189.873413
v -500.000000 100.000000 -215.189880
v -500.000000 100.000000 -240.506332
v -500.000000 100.000000 -265.822784
v -500.000000 100.000000 -291.139252
v -500.000000 100.000000 -316.455688
v -500.000000 100.000000 -341.772156
v -500.000000 100.000000 -367.088593
v -500.000000 100.000000 -392.405060
v -500.000000 100.000000 -417.721527
v -500.000000 100.000000 -443.037964
v -500.000000 100.000000 -468.354431
v -500.000000 100.000000 -493.670898
v -500.000000 100.000000 -518.987366
v -500.000000 100.000000 -544.303772
v -500.000000 100.000000 -569.620239
v -500.000000 100.000000 -594.936707
v -500.000000 100.000000 -620.253174
v -500.000000 100.000000 -645.569641
v -500.000000 100.000000 -670.886047
v -500.000000 100.000000 -696.202515
v -500.000000 100.000000 -721.518982
v -500.000000 100.000000 -746.835449
v -500.000000 98.643333 -772.151917
v -500.000000 94.350777 -797.468384
v -500.000000 87.846588 -822.784790
v -500.000000 80.830124 -848.101257
v -500.000000 72.709900 -873.417725
v -500.000000 61.762783 -898.734192
v -500.000000 49.119114 -924.050659
v -500.000000 40.528717 -949.367065
v -500.000000 38.620266 -974.683533
v -500.000000 39.903816 -1000.000000
v -484.126984 44.965553 1000.000000
v -484.126984 52.446144 974.683533
v -484.126984 57.644516 949.367065
v -484.126984 57.820988 924.050659
v -484.126984 59.248501 898.734192
v -484.126984 64.647766 873.417725
v -484.126984 74.661911 848.101257
v -484.126984 86.346931 822.784790
v -484.126984 94.644112 797.468384
v -484.126984 98.878189 772.151917
v -484.126984 100.000000 746.835449
v -484.126984 100.000000 721.518982
v -484.126984 100.000000 696.202515
v -484.126984 100.000000 670.886047
v -484.126984 100.000000 645.569641
v -484.126984 100.000000 620.253174
v -484.126984 100.000000 594.936707
v -484.126984 100.002106 569.620239
v -484.126984 100.012772 544.303772
v -484.126984 100.035873 518.987366
v -484.126984 100.005234 493.670898
v -484.126984 100.058327 468.354431
v -484.126984 100.032898 443.037964
v -484.126984 100.034561 417.721527
v -484.126984 100.073479 392.405060
v -484.126984 100.061630 367.088593
v -484.126984 100.033218 341.772156
v -484.126984 100.083496 316.455688
v -484.126984 100.070419 291.139252
v -484.126984 100.115677 265.822784
v -484.126984 100.060753 240.506332
v -484.126984 100.067787 215.189880
v -484.126984 100.178787 189.873413
v -484.126984 100.147713 164.556961
v -484.126984 100.105698 139.240509
v -484.126984 100.145844 113.924049
v -484.126984 100.105003 88.607597
v -484.126984 100.088959 63.291138
v -484.126984 100.108620 37.974682
v -484.126984 100.110199 12.658228
v -484.126984 100.097443 -12.658228
v -484.126984 100.045158 -37.974682
v -484.126984 100.094231 -63.291138
v -484.126984 100.080658 -88.607597
v -484.126984 100.105217 -113.924049
v -484.126984 100.121025 -139.240509
v -484.126984 100.072388 -164.556961
v -484.126984 100.058884 -189.873413
v -484.126984 100.093147 -215.189880
v -484.126984 100.119171 -240.506332
v -484.126984 100.080658 -265.822784
v -484.126984 100.165871 -291.139252
v -484.126984 100.050179 -316.455688
v -484.126984 100.081512 -341.772156
v -484.126984 100.096382 -367.088593
v -484.126984 100.059601 -392.405060
v -484.126984 100.066177 -417.721527
v -484.126984 100.073387 -443.037964
v -484.126984 100.038467 -468.354431
v -484.126984 100.043030 -493.670898
v -484.126984 100.029907 -518.987366
v -484.126984 100.006607 -544.303772
v -484.126984 100.000557 -569.620239
v -484.126984 100.000000 -594.936707
v -484.126984 100.000000 -620.253174
v -484.126984 100.000000 -645.569641
v -484.126984 100.000000 -670.886047
v -484.126984 100.000000 -696.202515
v -484.126984 100.000000 -721.518982
v -484.126984 100.000000 -746.835449
v -484.126984 98.626053 -772.151917
v -484.126984 94.342430 -797.468384
v -484.126984 87.848488 -822.784790
v -484.126984 81.248398 -848.101257
v -484.126984 74.095657 -873.417725
v -484.126984 64.121445 -898.734192
v -484.126984 50.931099 -924.050659
v -484.126984 40.017761 -949.367065
v -484.126984 35.529079 -974.683533
v -484.126984 35.813358 -1000.000000
v -468.253967 50.907997 1000.000000
v -468.253967 54.431461 974.683533
v -468.253967 55.162971 949.367065
v -468.253967 54.359436 924.050659
v -468.253967 57.756325 898.734192
v -468.253967 65.673286 873.417725
v -468.253967 76.510880 848.101257
v -468.253967 87.515167 822.784790
v -468.253967 95.054626 797.468384
v -468.253967 98.937164 772.151917
v -468.253967 100.000000 746.835449
v -468.253967 100.000000 721.518982
v -468.253967 100.000000 696.202515
v -468.253967 100.005020 670.886047
v -468.253967 100.017838 645.569641
v -468.253967 100.025146 620.253174
v -468.253967 100.153336 594.936707
v -468.253967 100.040741 569.620239
v -468.253967 100.273903 544.303772
v -468.253967 100.171890 518.987366
v -468.253967 100.080864 493.670898
v -468.253967 100.338684 468.354431
v -468.253967 100.325867 443.037964
v -468.253967 100.128998 417.721527
v -468.253967 100.303139 392.405060
v -468.253967 100.407791 367.088593
v -468.253967 100.314903 341.772156
v -468.253967 100.180534 316.455688
v -468.253967 100.289864 291.139252
v -468.253967 100.291451 265.822784
v -468.253967 100.455414 240.506332
v -468.253967 100.324966 215.189880
v -468.253967 100.445770 189.873413
v -468.253967 100.566772 164.556961
v -468.253967 100.444283 139.240509
v -468.253967 100.636154 113.924049
v -468.253967 100.557343 88.607597
v -468.253967 100.497978 63.291138
v -468.253967 100.617012 37.974682
v -468.253967 100.734741 12.658228
v -468.253967 100.316422 -12.658228
v -468.253967 100.381302 -37.974682
v -468.253967 100.391479 -63.291138
v -468.253967 100.389793 -88.607597
v -468.253967 100.373192 -113.924049
v -468.253967 100.392509 -139.240509
v -468.253967 100.244034 -164.556961
v -468.253967 100.645569 -189.873413
v -468.253967 100.456306 -215.189880
v -468.253967 100.396729 -240.506332
v -468.253967 100.342827 -265.822784
v -468.253967 100.611305 -291.139252
v -468.253967 100.330643 -316.455688
v -468.253967 100.378723 -341.772156
v -468.253967 100.404861 -367.088593
v -468.253967 100.326569 -392.405060
v -468.253967 100.167747 -417.721527
v -468.253967 100.236046 -443.037964
v -468.253967 100.175049 -468.354431
v -468.253967 100.426773 -493.670898
v -468.253967 100.120346 -518.987366
v -468.253967 100.180840 -544.303772
v -468.253967 100.075241 -569.620239
v -468.253967 100.097191 -594.936707
v -468.253967 100.086807 -620.253174
v -468.253967 100.021645 -645.569641
v -468.253967 100.006981 -670.886047
v -468.253967 100.000000 -696.202515
v -468.253967 100.000000 -721.518982
v -468.253967 100.000000 -746.835449
v -468.253967 98.608391 -772.151917
v -468.253967 94.254662 -797.468384
v -468.253967 87.472923 -822.784790
v -468.253967 80.679634 -848.101257
v -468.253967 73.763779 -873.417725
v -468.253967 64.128319 -898.734192
v -468.253967 50.397812 -924.050659
v -468.253967 38.665962 -949.367065
v -468.253967 34.033276 -974.683533
v -468.253967 35.066422 -1000.000000
v -452.380951 54.089668 1000.000000
v -452.380951 53.548618 974.683533
v -452.380951 50.714432 949.367065
v -452.380951 50.562943 924.050659
v -452.380951 57.075966 898.734192
v -452.380951 67.566345 873.417725
v -452.380951 78.656868 848.101257
v -452.380951 88.486420 822.784790
v -452.380951 95.264786 797.468384
v -452.380951 98.963974 772.151917
v -452.380951 100.003151 746.835449
v -452.380951 100.022308 721.518982
v -452.380951 100.032883 696.202515
v -452.380951 100.095703 670.886047
v -452.380951 100.206139 645.569641
v -452.380951 100.193100 620.253174
v -452.380951 100.744537 594.936707
v -452.380951 100.210060 569.620239
v -452.380951 100.563080 544.303772
v -452.380951 100.236885 518.987366
v -452.380951 100.191124 493.670898
v -452.380951 100.324738 468.354431
v -452.380951 100.821182 443.037964
v -452.380951 100.585205 417.721527
v -452.380951 101.161041 392.405060
v -452.380951 100.318420 367.088593
v -452.380951 101.076378 341.772156
v -452.380951 101.043312 316.455688
v -452.380951 100.493202 291.139252
v -452.380951 100.846107 265.822784
v -452.380951 100.667297 240.506332
v -452.380951 100.505913 215.189880
v -452.380951 101.155174 189.873413
v -452.380951 100.487480 164.556961
v -452.380951 100.660690 139.240509
v -452.380951 101.693138 113.924049
v -452.380951 100.683250 88.607597
v -452.380951 100.473808 63.291138
v -452.380951 100.308273 37.974682
v -452.380951 101.104500 12.658228
v -452.380951 101.565903 -12.658228
v -452.380951 101.022987 -37.974682
v -452.380951 101.133453 -63.291138
v -452.380951 101.119888 -88.607597
v -452.380951 101.125046 -113.924049
v -452.380951 100.838036 -139.240509
v -452.380951 100.881836 -164.556961
v -452.380951 100.497108 -189.873413
v -452.380951 100.771736 -215.189880
v -452.380951 101.052689 -240.506332
v -452.380951 100.744415 -265.822784
v -452.380951 100.345627 -291.139252
v -452.380951 100.836250 -316.455688
v -452.380951 101.292686 -341.772156
v -452.380951 100.347427 -367.088593
v -452.380951 100.637024 -392.405060
v -452.380951 100.908928 -417.721527
v -452.380951 100.694084 -443.037964
v -452.380951 100.494995 -468.354431
v -452.380951 100.561653 -493.670898
v -452.380951 100.340721 -518.987366
v -452.380951 100.678680 -544.303772
v -452.380951 100.736061 -569.620239
v -452.380951 100.342690 -594.936707
v -452.380951 100.132111 -620.253174
v -452.380951 100.294579 -645.569641
v -452.380951 100.104218 -670.886047
v -452.380951 100.110855 -696.202515
v -452.380951 100.029129 -721.518982
v -452.380951 100.004471 -746.835449
v -452.380951 98.602592 -772.151917
v -452.380951 94.145058 -797.468384
v -452.380951 86.907120 -822.784790
v -452.380951 79.506943 -848.101257
v -452.380951 72.287666 -873.417725
v -452.380951 62.523460 -898.734192
v -452.380951 48.266239 -924.050659
v -452.380951 36.657574 -949.367065
v -452.380951 33.373508 -974.683533
v -452.380951 36.197906 -1000.000000
v -436.507935 52.626270 1000.000000
v -436.507935 48.977966 974.683533
v -436.507935 44.630791 949.367065
v -436.507935 46.940235 924.050659
v -436.507935 57.155716 898.734192
v -436.507935 69.655052 873.417725
v -436.507935 80.321983 848.101257
v -436.507935 88.791656 822.784790
v -436.507935 95.098953 797.468384
v -436.507935 98.934265 772.151917
v -436.507935 100.062195 746.835449
v -436.507935 100.211266 721.518982
v -436.507935 100.164429 696.202515
v -436.507935 100.341789 670.886047
v -436.507935 101.159996 645.569641
v -436.507935 100.435715 620.253174
v -436.507935 101.175720 594.936707
v -436.507935 100.121025 569.620239
v -436.507935 101.414665 544.303772
v -436.507935 100.241341 518.987366
v -436.507935 101.500069 493.670898
v -436.507935 100.888901 468.354431
v -436.507935 101.273590 443.037964
v -436.507935 101.796547 417.721527
v -436.507935 101.081032 392.405060
v -436.507935 101.512131 367.088593
v -436.507935 101.050972 341.772156
v -436.507935 100.956078 316.455688
v -436.507935 101.486877 291.139252
v -436.507935 101.537743 265.822784
v -436.507935 101.964211 240.506332
v -436.507935 101.858780 215.189880
v -436.507935 100.874207 189.873413
v -436.507935 101.639679 164.556961
v -436.507935 101.561348 139.240509
v -436.507935 101.153038 113.924049
v -436.507935 102.267464 88.607597
v -436.507935 100.803535 63.291138
v -436.507935 101.683456 37.974682
v -436.507935 101.586395 12.658228
v -436.507935 101.758018 -12.658228
v -436.507935 101.183807 -37.974682
v -436.507935 101.586967 -63.291138
v -436.507935 100.948563 -88.607597
v -436.507935 101.021202 -113.924049
v -436.507935 101.384621 -139.240509
v -436.507935 101.351807 -164.556961
v -436.507935 102.006241 -189.873413
v -436.507935 101.260315 -215.189880
v -436.507935 101.494232 -240.506332
v -436.507935 101.283257 -265.822784
v -436.507935 101.701515 -291.139252
v -436.507935 101.251495 -316.455688
v -436.507935 101.233719 -341.772156
v -436.507935 101.306808 -367.088593
v -436.507935 100.894630 -392.405060
v -436.507935 101.159691 -417.721527
v -436.507935 102.159531 -443.037964
v -436.507935 100.979263 -468.354431
v -436.507935 101.472145 -493.670898
v -436.507935 101.143257 -518.987366
v -436.507935 100.952164 -544.303772
v -436.507935 101.051048 -569.620239
v -436.507935 100.967857 -594.936707
v -436.507935 100.240845 -620.253174
v -436.507935 100.733994 -645.569641
v -436.507935 100.236015 -670.886047
v -436.507935 100.359001 -696.202515
v -436.507935 100.207314 -721.518982
v -436.507935 100.118431 -746.835449
v -436.507935 98.643463 -772.151917
v -436.507935 94.062721 -797.468384
v -436.507935 86.355263 -822.784790
v -436.507935 78.198013 -848.101257
v -436.507935 70.391487 -873.417725
v -436.507935 60.234852 -898.734192
v -436.507935 45.443436 -924.050659
v -436.507935 34.249340 -949.367065
v -436.507935 32.736729 -974.683533
v -436.507935 37.602470 -1000.000000
v -420.634918 46.519878 1000.000000
v -420.634918 41.275520 974.683533
v -420.634918 37.688805 949.367065
v -420.634918 43.754005 924.050659
v -420.634918 57.579784 898.734192
v -420.634918 71.228455 873.417725
v -420.634918 80.979614 848.101257
v -420.634918 88.257736 822.784790
v -420.634918 94.577095 797.468384
v -420.634918 98.879257 772.151917
v -420.634918 100.302528 746.835449
v -420.634918 100.336464 721.518982
v -420.634918 100.240730 696.202515
v -420.634918 100.872787 670.886047
v -420.634918 100.752060 645.569641
v -420.634918 101.010750 620.253174
v -420.634918 100.648972 594.936707
v -420.634918 100.698929 569.620239
v -420.634918 101.960274 544.303772
v -420.634918 100.957947 518.987366
v -420.634918 100.854561 493.670898
v -420.634918 101.629074 468.354431
v -420.634918 102.166229 443.037964
v -420.634918 102.554802 417.721527
v -420.634918 101.485916 392.405060
v -420.634918 101.045959 367.088593
v -420.634918 100.624329 341.772156
v -420.634918 101.494637 316.455688
v -420.634918 101.726662 291.139252
v -420.634918 101.580696 265.822784
v -420.634918 102.985802 240.506332
v -420.634918 101.593475 215.189880
v -420.634918 101.314957 189.873413
v -420.634918 102.435791 164.556961
v -420.634918 101.107224 139.240509
v -420.634918 100.667511 113.924049
v -420.634918 101.950562 88.607597
v -420.634918 102.370201 63.291138
v -420.634918 102.624260 37.974682
v -420.634918 101.844292 12.658228
v -420.634918 102.971466 -12.658228
v -420.634918 101.710197 -37.974682
v -420.634918 103.226860 -63.291138
v -420.634918 101.509834 -88.607597
v -420.634918 101.544228 -113.924049
v -420.634918 102.345375 -139.240509
v -420.634918 101.607483 -164.556961
v -420.634918 101.538788 -189.873413
v -420.634918 102.383293 -215.189880
v -420.634918 101.177650 -240.506332
v -420.634918 101.719933 -265.822784
v -420.634918 102.568123 -291.139252
v -420.634918 101.849876 -316.455688
v -420.634918 101.242081 -341.772156
v -420.634918 101.857475 -367.088593
v -420.634918 101.792465 -392.405060
v -420.634918 101.079399 -417.721527
v -420.634918 101.292442 -443.037964
v -420.634918 101.960701 -468.354431
v -420.634918 102.014732 -493.670898
v -420.634918 101.681358 -518.987366
v -420.634918 101.310135 -544.303772
v -420.634918 101.407944 -569.620239
v -420.634918 101.184235 -594.936707
v -420.634918 101.222404 -620.253174
v -420.634918 100.585846 -645.569641
v -420.634918 100.668365 -670.886047
v -420.634918 100.573318 -696.202515
v -420.634918 100.400192 -721.518982
v -420.634918 100.373932 -746.835449
v -420.634918 98.910774 -772.151917
v -420.634918 94.103851 -797.468384
v -420.634918 85.989677 -822.784790
v -420.634918 77.186798 -848.101257
v -420.634918 68.841110 -873.417725
v -420.634918 58.309677 -898.734192
v -420.634918 42.938652 -924.050659
v -420.634918 31.716539 -949.367065
v -420.634918 31.245871 -974.683533
v -420.634918 37.595745 -1000.000000
v -404.761902 37.685734 1000.000000
v -404.761902 32.533157 974.683533
v -404.761902 31.338051 949.367065
v -404.761902 41.145828 924.050659
v -404.761902 57.536522 898.734192
v -404.761902 71.422066 873.417725
v -404.761902 80.274475 848.101257
v -404.761902 87.025650 822.784790
v -404.761902 93.940437 797.468384
v -404.761902 99.275002 772.151917
v -404.761902 100.346817 746.835449
v -404.761902 100.485817 721.518982
v -404.761902 100.712158 696.202515
v -404.761902 100.407860 670.886047
v -404.761902 101.960815 645.569641
v -404.761902 102.622566 620.253174
v -404.761902 100.624695 594.936707
v -404.761902 103.091705 569.620239
v -404.761902 103.923637 544.303772
v -404.761902 101.086349 518.987366
v -404.761902 100.329071 493.670898
v -404.761902 105.900726 468.354431
v -404.761902 102.268143 443.037964
v -404.761902 100.740189 417.721527
v -404.761902 104.475777 392.405060
v -404.761902 102.330742 367.088593
v -404.761902 103.696671 341.772156
v -404.761902 101.900963 316.455688
v -404.761902 103.824356 291.139252
v -404.761902 102.434784 265.822784
v -404.761902 101.333832 240.506332
v -404.761902 103.445732 215.189880
v -404.761902 102.495834 189.873413
v -404.761902 103.047447 164.556961
v -404.761902 104.441757 139.240509
v -404.761902 104.872017 113.924049
v -404.761902 102.081825 88.607597
v -404.761902 101.405853 63.291138
v -404.761902 102.959465 37.974682
v -404.761902 101.585075 12.658228
v -404.761902 101.159546 -12.658228
v -404.761902 102.433159 -37.974682
v -404.761902 101.081184 -63.291138
v -404.761902 104.183571 -88.607597
v -404.761902 104.510918 -113.924049
v -404.761902 104.176201 -139.240509
v -404.761902 103.722595 -164.556961
v -404.761902 105.150864 -189.873413
v -404.761902 101.971397 -215.189880
v -404.761902 102.698532 -240.506332
v -404.761902 103.842865 -265.822784
v -404.761902 101.999954 -291.139252
v -404.761902 100.568573 -316.455688
v -404.761902 105.441513 -341.772156
v -404.761902 102.301079 -367.088593
v -404.761902 104.454559 -392.405060
v -404.761902 102.957451 -417.721527
v -404.761902 101.593475 -443.037964
v -404.761902 100.195633 -468.354431
v -404.761902 101.505142 -493.670898
v -404.761902 103.283348 -518.987366
v -404.761902 100.274147 -544.303772
v -404.761902 101.815369 -569.620239
v -404.761902 100.471817 -594.936707
v -404.761902 103.299065 -620.253174
v -404.761902 101.075691 -645.569641
v -404.761902 101.559601 -670.886047
v -404.761902 100.770432 -696.202515
v -404.761902 100.255554 -721.518982
v -404.761902 100.122765 -746.835449
v -404.761902 99.008652 -772.151917
v -404.761902 94.434959 -797.468384
v -404.761902 85.997650 -822.784790
v -404.761902 76.916313 -848.101257
v -404.761902 68.494179 -873.417725
v -404.761902 57.966259 -898.734192
v -404.761902 41.932499 -924.050659
v -404.761902 29.413063 -949.367065
v -404.761902 27.957659 -974.683533
v -404.761902 34.329491 -1000.000000
v -388.888885 28.198105 1000.000000
v -388.888885 24.152561 974.683533
v -388.888885 25.743959 949.367065
v -388.888885 38.231682 924.050659
v -388.888885 55.838547 898.734192
v -388.888885 69.677589 873.417725
v -388.888885 78.391144 848.101257
v -388.888885 85.525589 822.784790
v -388.888885 93.178162 797.468384
v -388.888885 99.088089 772.151917
v -388.888885 100.911079 746.835449
v -388.888885 100.775513 721.518982
v -388.888885 102.236382 696.202515
v -388.888885 100.624489 670.886047
v -388.888885 102.094528 645.569641
v -388.888885 102.527863 620.253174
v -388.888885 100.581810 594.936707
v -388.888885 103.562546 569.620239
v -388.888885 103.048859 544.303772
v -388.888885 101.197937 518.987366
v -388.888885 103.284492 493.670898
v -388.888885 103.542709 468.354431
v -388.888885 104.653076 443.037964
v -388.888885 102.131020 417.721527
v -388.888885 103.125259 392.405060
v -388.888885 104.297470 367.088593
v -388.888885 103.370110 341.772156
v -388.888885 102.924446 316.455688
v -388.888885 104.614204 291.139252
v -388.888885 104.599564 265.822784
v -388.888885 102.736549 240.506332
v -388.888885 103.794464 215.189880
v -388.888885 104.229576 189.873413
v -388.888885 103.953438 164.556961
v -388.888885 103.008598 139.240509
v -388.888885 103.024490 113.924049
v -388.888885 104.246490 88.607597
v -388.888885 102.538460 63.291138
v -388.888885 103.347649 37.974682
v -388.888885 104.142197 12.658228
v -388.888885 104.146202 -12.658228
v -388.888885 103.834686 -37.974682
v -388.888885 103.101089 -63.291138
v -388.888885 103.195625 -88.607597
v -388.888885 103.579918 -113.924049
v -388.888885 103.372322 -139.240509
v -388.888885 103.185684 -164.556961
v -388.888885 103.528099 -189.873413
v -388.888885 103.300667 -215.189880
v -388.888885 103.496849 -240.506332
v -388.888885 103.422104 -265.822784
v -388.888885 104.678535 -291.139252
v -388.888885 103.646080 -316.455688
v -388.888885 102.824135 -341.772156
v -388.888885 102.381165 -367.088593
v -388.888885 103.218681 -392.405060
v -388.888885 102.255966 -417.721527
v -388.888885 102.389023 -443.037964
v -388.888885 102.926872 -468.354431
v -388.888885 103.324425 -493.670898
v -388.888885 102.818398 -518.987366
v -388.888885 103.685280 -544.303772
v -388.888885 102.447594 -569.620239
v -388.888885 101.790466 -594.936707
v -388.888885 102.233986 -620.253174
v -388.888885 102.212242 -645.569641
v -388.888885 101.711090 -670.886047
v -388.888885 100.909264 -696.202515
v -388.888885 100.905426 -721.518982
v -388.888885 100.830719 -746.835449
v -388.888885 99.069153 -772.151917
v -388.888885 94.512047 -797.468384
v -388.888885 86.332664 -822.784790
v -388.888885 77.635422 -848.101257
v -388.888885 69.774940 -873.417725
v -388.888885 59.977093 -898.734192
v -388.888885 43.484371 -924.050659
v -388.888885 28.090729 -949.367065
v -388.888885 22.903427 -974.683533
v -388.888885 27.425692 -1000.000000
v -373.015869 18.619709 1000.000000
v -373.015869 15.096934 974.683533
v -373.015869 18.980953 949.367065
v -373.015869 33.861263 924.050659
v -373.015869 52.626347 898.734192
v -373.015869 67.194237 873.417725
v -373.015869 76.534706 848.101257
v -373.015869 84.524460 822.784790
v -373.015869 92.389893 797.468384
v -373.015869 99.234413 772.151917
v -373.015869 101.649826 746.835449
v -373.015869 101.126984 721.518982
v -373.015869 101.539276 696.202515
v -373.015869 101.303543 670.886047
v -373.015869 101.832954 645.569641
v -373.015869 102.374535 620.253174
v -373.015869 102.051659 594.936707
v -373.015869 102.133102 569.620239
v -373.015869 101.250206 544.303772
v -373.015869 103.784660 518.987366
v -373.015869 103.281174 493.670898
v -373.015869 102.666504 468.354431
v -373.015869 106.802551 443.037964
v -373.015869 105.884407 417.721527
v -373.015869 100.620483 392.405060
v -373.015869 105.935913 367.088593
v -373.015869 107.930862 341.772156
v -373.015869 105.146881 316.455688
v -373.015869 105.286552 291.139252
v -373.015869 104.263512 265.822784
v -373.015869 105.624847 240.506332
v -373.015869 105.605423 215.189880
v -373.015869 102.686920 189.873413
v -373.015869 101.543823 164.556961
v -373.015869 101.288155 139.240509
v -373.015869 105.549400 113.924049
v -373.015869 104.936043 88.607597
v -373.015869 102.680939 63.291138
v -373.015869 104.036713 37.974682
v -373.015869 106.380081 12.658228
v -373.015869 108.269852 -12.658228
v -373.015869 103.306976 -37.974682
v -373.015869 104.001221 -63.291138
v -373.015869 102.914871 -88.607597
v -373.015869 104.073509 -113.924049
v -373.015869 103.140579 -139.240509
v -373.015869 103.022247 -164.556961
v -373.015869 103.399391 -189.873413
v -373.015869 103.713112 -215.189880
v -373.015869 105.101303 -240.506332
v -373.015869 101.928421 -265.822784
v -373.015869 103.517197 -291.139252
v -373.015869 107.151306 -316.455688
v -373.015869 105.383949 -341.772156
v -373.015869 102.762497 -367.088593
v -373.015869 103.826698 -392.405060
v -373.015869 102.523674 -417.721527
v -373.015869 104.433426 -443.037964
v -373.015869 104.045509 -468.354431
v -373.015869 102.637901 -493.670898
v -373.015869 104.729988 -518.987366
v -373.015869 105.188416 -544.303772
v -373.015869 103.253914 -569.620239
v -373.015869 102.776970 -594.936707
v -373.015869 101.598991 -620.253174
v -373.015869 103.847420 -645.569641
v -373.015869 102.307999 -670.886047
v -373.015869 101.462662 -696.202515
v -373.015869 101.196220 -721.518982
v -373.015869 101.642967 -746.835449
v -373.015869 99.257523 -772.151917
v -373.015869 95.738335 -797.468384
v -373.015869 86.956596 -822.784790
v -373.015869 78.500473 -848.101257
v -373.015869 71.049965 -873.417725
v -373.015869 62.203041 -898.734192
v -373.015869 46.277161 -924.050659
v -373.015869 28.406939 -949.367065
v -373.015869 19.051571 -974.683533
v -373.015869 21.441124 -1000.000000
v -357.142853 12.378458 1000.000000
v -357.142853 8.555595 974.683533
v -357.142853 13.550879 949.367065
v -357.142853 29.891083 924.050659
v -357.142853 49.416435 898.734192
v -357.142853 64.973541 873.417725
v -357.142853 75.455902 848.101257
v -357.142853 84.200912 822.784790
v -357.142853 93.130791 797.468384
v -357.142853 99.461014 772.151917
v -357.142853 102.325478 746.835449
v -357.142853 101.817802 721.518982
v -357.142853 101.563148 696.202515
v -357.142853 101.161491 670.886047
v -357.142853 103.617088 645.569641
v -357.142853 104.693039 620.253174
v -357.142853 104.738701 594.936707
v -357.142853 103.100334 569.620239
v -357.142853 105.290947 544.303772
v -357.142853 104.237434 518.987366
v -357.142853 107.299751 493.670898
v -357.142853 105.388725 468.354431
v -357.142853 103.796822 443.037964
v -357.142853 105.548073 417.721527
v -357.142853 103.861565 392.405060
v -357.142853 108.318268 367.088593
v -357.142853 105.971992 341.772156
v -357.142853 104.109665 316.455688
v -357.142853 102.041840 291.139252
v -357.142853 106.354668 265.822784
v -357.142853 105.742729 240.506332
v -357.142853 103.937965 215.189880
v -357.142853 107.456642 189.873413
v -357.142853 104.360245 164.556961
v -357.142853 103.568146 139.240509
v -357.142853 104.486832 113.924049
v -357.142853 104.139679 88.607597
v -357.142853 104.998108 63.291138
v -357.142853 104.858704 37.974682
v -357.142853 103.043106 12.658228
v -357.142853 101.609497 -12.658228
v -357.142853 112.705711 -37.974682
v -357.142853 106.554123 -63.291138
v -357.142853 103.693481 -88.607597
v -357.142853 103.895607 -113.924049
v -357.142853 104.567909 -139.240509
v -357.142853 105.526100 -164.556961
v -357.142853 103.280113 -189.873413
v -357.142853 104.304741 -215.189880
v -357.142853 104.885391 -240.506332
v -357.142853 108.994453 -265.822784
v -357.142853 105.742943 -291.139252
v -357.142853 105.548531 -316.455688
v -357.142853 103.422859 -341.772156
v -357.142853 104.955223 -367.088593
v -357.142853 103.841125 -392.405060
v -357.142853 103.713890 -417.721527
v -357.142853 103.373222 -443.037964
v -357.142853 101.591797 -468.354431
v -357.142853 104.889030 -493.670898
v -357.142853 105.284950 -518.987366
v -357.142853 104.429398 -544.303772
v -357.142853 102.720406 -569.620239
v -357.142853 100.963394 -594.936707
v -357.142853 103.058464 -620.253174
v -357.142853 102.110657 -645.569641
v -357.142853 101.340492 -670.886047
v -357.142853 101.502716 -696.202515
v -357.142853 101.243011 -721.518982
v -357.142853 102.048920 -746.835449
v -357.142853 99.898300 -772.151917
v -357.142853 94.828522 -797.468384
v -357.142853 87.021942 -822.784790
v -357.142853 78.639244 -848.101257
v -357.142853 71.094658 -873.417725
v -357.142853 62.833912 -898.734192
v -357.142853 48.271389 -924.050659
v -357.142853 29.320843 -949.367065
v -357.142853 17.006546 -974.683533
v -357.142853 17.854546 -1000.000000
v -341.269836 11.169911 1000.000000
v -341.269836 6.318670 974.683533
v -341.269836 11.036554 949.367065
v -341.269836 27.589365 924.050659
v -341.269836 47.300121 898.734192
v -341.269836 63.593536 873.417725
v -341.269836 75.694450 848.101257
v -341.269836 83.935753 822.784790
v -341.269836 93.355751 797.468384
v -341.269836 98.588516 772.151917
v -341.269836 102.250229 746.835449
v -341.269836 102.090416 721.518982
v -341.269836 101.682045 696.202515
v -341.269836 103.889542 670.886047
v -341.269836 104.100471 645.569641
v -341.269836 104.920006 620.253174
v -341.269836 102.793823 594.936707
v -341.269836 102.467743 569.620239
v -341.269836 109.236954 544.303772
v -341.269836 102.925377 518.987366
v -341.269836 107.569054 493.670898
v -341.269836 102.170250 468.354431
v -341.269836 108.382668 443.037964
v -341.269836 103.834656 417.721527
v -341.269836 106.028152 392.405060
v -341.269836 106.378258 367.088593
v -341.269836 104.522209 341.772156
v -341.269836 103.853912 316.455688
v -341.269836 106.305908 291.139252
v -341.269836 109.999123 265.822784
v -341.269836 105.418175 240.506332
v -341.269836 105.290451 215.189880
v -341.269836 105.490234 189.873413
v -341.269836 104.641228 164.556961
v -341.269836 103.790199 139.240509
v -341.269836 106.262711 113.924049
v -341.269836 106.375061 88.607597
v -341.269836 106.097786 63.291138
v -341.269836 104.828407 37.974682
v -341.269836 105.780602 12.658228
v -341.269836 103.857140 -12.658228
v -341.269836 105.235657 -37.974682
v -341.269836 106.097778 -63.291138
v -341.269836 106.266335 -88.607597
v -341.269836 105.904953 -113.924049
v -341.269836 104.632591 -139.240509
v -341.269836 106.630783 -164.556961
v -341.269836 106.644981 -189.873413
v -341.269836 104.748688 -215.189880
v -341.269836 105.383972 -240.506332
v -341.269836 107.831985 -265.822784
v -341.269836 103.419113 -291.139252
v -341.269836 107.331802 -316.455688
v -341.269836 104.814049 -341.772156
v -341.269836 105.108414 -367.088593
v -341.269836 105.165894 -392.405060
v -341.269836 105.759514 -417.721527
v -341.269836 104.080757 -443.037964
v -341.269836 104.817009 -468.354431
v -341.269836 104.049446 -493.670898
v -341.269836 104.231712 -518.987366
v -341.269836 104.486115 -544.303772
v -341.269836 102.336609 -569.620239
v -341.269836 105.957954 -594.936707
v -341.269836 101.667732 -620.253174
v -341.269836 101.875488 -645.569641
v -341.269836 103.708160 -670.886047
v -341.269836 101.626236 -696.202515
v -341.269836 102.508812 -721.518982
v -341.269836 101.984131 -746.835449
v -341.269836 99.710381 -772.151917
v -341.269836 94.686188 -797.468384
v -341.269836 86.826218 -822.784790
v -341.269836 78.324524 -848.101257
v -341.269836 69.515068 -873.417725
v -341.269836 61.103680 -898.734192
v -341.269836 48.233727 -924.050659
v -341.269836 29.885960 -949.367065
v -341.269836 16.616295 -974.683533
v -341.269836 16.930111 -1000.000000
v -325.396820 14.495617 1000.000000
v -325.396820 8.225414 974.683533
v -325.396820 11.625037 949.367065
v -325.396820 27.359409 924.050659
v -325.396820 46.684326 898.734192
v -325.396820 63.476070 873.417725
v -325.396820 75.791626 848.101257
v -325.396820 84.995880 822.784790
v -325.396820 94.010971 797.468384
v -325.396820 99.361938 772.151917
v -325.396820 102.579102 746.835449
v -325.396820 103.193077 721.518982
v -325.396820 104.235695 696.202515
v -325.396820 103.600349 670.886047
v -325.396820 102.979782 645.569641
v -325.396820 102.453537 620.253174
v -325.396820 103.784637 594.936707
v -325.396820 103.508324 569.620239
v -325.396820 106.537323 544.303772
v -325.396820 100.000000 518.987366
v -325.396820 107.972992 493.670898
v -325.396820 103.727066 468.354431
v -325.396820 106.273491 443.037964
v -325.396820 104.465416 417.721527
v -325.396820 108.431541 392.405060
v -325.396820 103.284492 367.088593
v -325.396820 104.352142 341.772156
v -325.396820 105.240608 316.455688
v -325.396820 104.318871 291.139252
v -325.396820 112.893448 265.822784
v -325.396820 107.089180 240.506332
v -325.396820 102.857162 215.189880
v -325.396820 110.423698 189.873413
v -325.396820 107.827431 164.556961
v -325.396820 105.389282 139.240509
v -325.396820 103.314644 113.924049
v -325.396820 107.107262 88.607597
v -325.396820 105.049171 63.291138
v -325.396820 102.714882 37.974682
v -325.396820 112.461975 12.658228
v -325.396820 106.326843 -12.658228
v -325.396820 104.875397 -37.974682
v -325.396820 103.457298 -63.291138
v -325.396820 108.448441 -88.607597
v -325.396820 106.565659 -113.924049
v -325.396820 105.587799 -139.240509
v -325.396820 107.984505 -164.556961
v -325.396820 104.160942 -189.873413
v -325.396820 110.009338 -215.189880
v -325.396820 107.994713 -240.506332
v -325.396820 106.115898 -265.822784
v -325.396820 102.786545 -291.139252
v -325.396820 104.237755 -316.455688
v -325.396820 105.810478 -341.772156
v -325.396820 102.722275 -367.088593
v -325.396820 104.078018 -392.405060
v -325.396820 105.618736 -417.721527
v -325.396820 101.031410 -443.037964
v -325.396820 106.582207 -468.354431
v -325.396820 110.798286 -493.670898
v -325.396820 105.051178 -518.987366
v -325.396820 106.478691 -544.303772
v -325.396820 108.083107 -569.620239
v -325.396820 103.968468 -594.936707
v -325.396820 103.578651 -620.253174
v -325.396820 101.647049 -645.569641
v -325.396820 103.925705 -670.886047
v -325.396820 101.415359 -696.202515
v -325.396820 101.882683 -721.518982
v -325.396820 100.222313 -746.835449
v -325.396820 100.612946 -772.151917
v -325.396820 93.877930 -797.468384
v -325.396820 87.344711 -822.784790
v -325.396820 76.834457 -848.101257
v -325.396820 66.187195 -873.417725
v -325.396820 57.140003 -898.734192
v -325.396820 45.897907 -924.050659
v -325.396820 29.458899 -949.367065
v -325.396820 17.134623 -974.683533
v -325.396820 17.885008 -1000.000000
v -309.523804 19.631538 1000.000000
v -309.523804 12.174787 974.683533
v -309.523804 14.129451 949.367065
v -309.523804 28.754576 924.050659
v -309.523804 47.409760 898.734192
v -309.523804 64.077324 873.417725
v -309.523804 76.146484 848.101257
v -309.523804 85.084625 822.784790
v -309.523804 94.459259 797.468384
v -309.523804 100.414291 772.151917
v -309.523804 100.945045 746.835449
v -309.523804 101.348183 721.518982
v -309.523804 103.928413 696.202515
v -309.523804 101.595818 670.886047
v -309.523804 105.814156 645.569641
v -309.523804 103.454048 620.253174
v -309.523804 104.891800 594.936707
v -309.523804 105.212776 569.620239
v -309.523804 108.988655 544.303772
v -309.523804 104.683731 518.987366
v -309.523804 105.298393 493.670898
v -309.523804 104.146271 468.354431
v -309.523804 104.681625 443.037964
v -309.523804 105.659378 417.721527
v -309.523804 106.157272 392.405060
v -309.523804 110.193542 367.088593
v -309.523804 104.042068 341.772156
v -309.523804 107.298264 316.455688
v -309.523804 105.475403 291.139252
v -309.523804 103.683449 265.822784
v -309.523804 107.036026 240.506332
v -309.523804 104.935722 215.189880
v -309.523804 109.229279 189.873413
v -309.523804 108.057365 164.556961
v -309.523804 106.994247 139.240509
v -309.523804 111.664253 113.924049
v -309.523804 105.143112 88.607597
v -309.523804 108.458725 63.291138
v -309.523804 108.165260 37.974682
v -309.523804 102.731636 12.658228
v -309.523804 107.869949 -12.658228
v -309.523804 107.215706 -37.974682
v -309.523804 109.495255 -63.291138
v -309.523804 105.293922 -88.607597
v -309.523804 107.168739 -113.924049
v -309.523804 104.620148 -139.240509
v -309.523804 107.552063 -164.556961
v -309.523804 105.634270 -189.873413
v -309.523804 103.709862 -215.189880
v -309.523804 105.611900 -240.506332
v -309.523804 105.709602 -265.822784
v -309.523804 108.814186 -291.139252
v -309.523804 106.536774 -316.455688
v -309.523804 108.551010 -341.772156
v -309.523804 108.112724 -367.088593
v -309.523804 104.248123 -392.405060
v -309.523804 104.974525 -417.721527
v -309.523804 103.496735 -443.037964
v -309.523804 106.373016 -468.354431
v -309.523804 104.044388 -493.670898
v -309.523804 104.349289 -518.987366
v -309.523804 102.916985 -544.303772
v -309.523804 104.122528 -569.620239
v -309.523804 106.386406 -594.936707
v -309.523804 104.122635 -620.253174
v -309.523804 104.219627 -645.569641
v -309.523804 103.033058 -670.886047
v -309.523804 104.422234 -696.202515
v -309.523804 103.635254 -721.518982
v -309.523804 100.582306 -746.835449
v -309.523804 99.795532 -772.151917
v -309.523804 93.342064 -797.468384
v -309.523804 86.858154 -822.784790
v -309.523804 75.182869 -848.101257
v -309.523804 62.701977 -873.417725
v -309.523804 52.118793 -898.734192
v -309.523804 41.904274 -924.050659
v -309.523804 27.593279 -949.367065
v -309.523804 17.154343 -974.683533
v -309.523804 18.845530 -1000.000000
v -293.650787 22.662085 1000.000000
v -293.650787 15.032604 974.683533
v -293.650787 16.543297 949.367065
v -293.650787 30.603035 924.050659
v -293.650787 48.975609 898.734192
v -293.650787 64.597778 873.417725
v -293.650787 76.541687 848.101257
v -293.650787 84.861946 822.784790
v -293.650787 93.438622 797.468384
v -293.650787 100.128181 772.151917
v -293.650787 102.286865 746.835449
v -293.650787 101.803276 721.518982
v -293.650787 103.106224 696.202515
v -293.650787 106.361496 670.886047
v -293.650787 105.260979 645.569641
v -293.650787 102.697189 620.253174
v -293.650787 106.053848 594.936707
v -293.650787 105.643166 569.620239
v -293.650787 101.330330 544.303772
v -293.650787 108.436043 518.987366
v -293.650787 107.598938 493.670898
v -293.650787 107.031799 468.354431
v -293.650787 104.936409 443.037964
v -293.650787 110.162476 417.721527
v -293.650787 102.867073 392.405060
v -293.650787 114.481178 367.088593
v -293.650787 106.073105 341.772156
v -293.650787 105.735825 316.455688
v -293.650787 106.201897 291.139252
v -293.650787 105.813217 265.822784
v -293.650787 104.734642 240.506332
v -293.650787 107.316261 215.189880
v -293.650787 109.389915 189.873413
v -293.650787 103.074226 164.556961
v -293.650787 113.125107 139.240509
v -293.650787 108.033745 113.924049
v -293.650787 108.488449 88.607597
v -293.650787 107.878784 63.291138
v -293.650787 108.622841 37.974682
v -293.650787 105.648689 12.658228
v -293.650787 105.503448 -12.658228
v -293.650787 109.752007 -37.974682
v -293.650787 104.847054 -63.291138
v -293.650787 105.167595 -88.607597
v -293.650787 110.220886 -113.924049
v -293.650787 106.157516 -139.240509
v -293.650787 107.322975 -164.556961
v -293.650787 105.691772 -189.873413
v -293.650787 105.598557 -215.189880
v -293.650787 104.722244 -240.506332
v -293.650787 106.394730 -265.822784
v -293.650787 107.267540 -291.139252
v -293.650787 108.732361 -316.455688
v -293.650787 109.306839 -341.772156
v -293.650787 107.553093 -367.088593
v -293.650787 109.356445 -392.405060
v -293.650787 103.456688 -417.721527
v -293.650787 106.948029 -443.037964
v -293.650787 107.859116 -468.354431
v -293.650787 104.056290 -493.670898
v -293.650787 103.295296 -518.987366
v -293.650787 102.258041 -544.303772
v -293.650787 102.763451 -569.620239
v -293.650787 103.646172 -594.936707
v -293.650787 106.454163 -620.253174
v -293.650787 103.725899 -645.569641
v -293.650787 103.643387 -670.886047
v -293.650787 105.844536 -696.202515
v -293.650787 102.752319 -721.518982
v -293.650787 101.372551 -746.835449
v -293.650787 99.675125 -772.151917
v -293.650787 95.118874 -797.468384
v -293.650787 85.620445 -822.784790
v -293.650787 74.004959 -848.101257
v -293.650787 59.698799 -873.417725
v -293.650787 48.403435 -898.734192
v -293.650787 37.859272 -924.050659
v -293.650787 24.375309 -949.367065
v -293.650787 14.932954 -974.683533
v -293.650787 17.075302 -1000.000000
v -277.777771 25.705288 1000.000000
v -277.777771 18.953289 974.683533
v -277.777771 19.726894 949.367065
v -277.777771 32.299358 924.050659
v -277.777771 49.797676 898.734192
v -277.777771 65.168243 873.417725
v -277.777771 76.591652 848.101257
v -277.777771 84.434677 822.784790
v -277.777771 93.380028 797.468384
v -277.777771 99.601196 772.151917
v -277.777771 101.370293 746.835449
v -277.777771 101.595581 721.518982
v -277.777771 103.795601 696.202515
v -277.777771 104.586845 670.886047
v -277.777771 105.732529 645.569641
v -277.777771 101.035126 620.253174
v -277.777771 102.842888 594.936707
v -277.777771 105.981056 569.620239
v -277.777771 104.411751 544.303772
v -277.777771 105.774345 518.987366
v -277.777771 104.686150 493.670898
v -277.777771 105.273026 468.354431
v -277.777771 108.997559 443.037964
v -277.777771 106.713913 417.721527
v -277.777771 109.180145 392.405060
v -277.777771 103.940392 367.088593
v -277.777771 109.180824 341.772156
v -277.777771 106.789688 316.455688
v -277.777771 102.182617 291.139252
v -277.777771 108.365852 265.822784
v -277.777771 111.764023 240.506332
v -277.777771 107.455406 215.189880
v -277.777771 107.450394 189.873413
v -277.777771 103.776863 164.556961
v -277.777771 105.960243 139.240509
v -277.777771 104.842422 113.924049
v -277.777771 101.705551 88.607597
v -277.777771 104.572594 63.291138
v -277.777771 107.022331 37.974682
v -277.777771 111.874649 12.658228
v -277.777771 112.676849 -12.658228
v -277.777771 109.504562 -37.974682
v -277.777771 107.795990 -63.291138
v -277.777771 113.708717 -88.607597
v -277.777771 101.122589 -113.924049
v -277.777771 108.191292 -139.240509
v -277.777771 104.814865 -164.556961
v -277.777771 107.079727 -189.873413
v -277.777771 105.040009 -215.189880
v -277.777771 108.051743 -240.506332
v -277.777771 106.533867 -265.822784
v -277.777771 104.823120 -291.139252
v -277.777771 106.001999 -316.455688
v -277.777771 105.391701 -341.772156
v -277.777771 101.329742 -367.088593
v -277.777771 104.902809 -392.405060
v -277.777771 112.393623 -417.721527
v -277.777771 106.450172 -443.037964
v -277.777771 107.442589 -468.354431
v -277.777771 109.977638 -493.670898
v -277.777771 104.895126 -518.987366
v -277.777771 109.572586 -544.303772
v -277.777771 106.768158 -569.620239
v -277.777771 104.263000 -594.936707
v -277.777771 103.879135 -620.253174
v -277.777771 104.694771 -645.569641
v -277.777771 102.753265 -670.886047
v -277.777771 102.858040 -696.202515
v -277.777771 103.570908 -721.518982
v -277.777771 103.541122 -746.835449
v -277.777771 101.032204 -772.151917
v -277.777771 95.155685 -797.468384
v -277.777771 85.241013 -822.784790
v -277.777771 73.029007 -848.101257
v -277.777771 58.578373 -873.417725
v -277.777771 47.327961 -898.734192
v -277.777771 36.332172 -924.050659
v -277.777771 22.189159 -949.367065
v -277.777771 11.515631 -974.683533
v -277.777771 12.225538 -1000.000000
v -261.904755 27.275444 1000.000000
v -261.904755 22.236807 974.683533
v -261.904755 22.204165 949.367065
v -261.904755 32.795826 924.050659
v -261.904755 49.450336 898.734192
v -261.904755 64.759293 873.417725
v -261.904755 75.123238 848.101257
v -261.904755 82.926338 822.784790
v -261.904755 92.303627 797.468384
v -261.904755 101.130196 772.151917
v -261.904755 103.608505 746.835449
v -261.904755 102.379616 721.518982
v -261.904755 104.334328 696.202515
v -261.904755 102.971397 670.886047
v -261.904755 105.366447 645.569641
v -261.904755 105.388672 620.253174
v -261.904755 109.004463 594.936707
v -261.904755 104.063187 569.620239
v -261.904755 106.866699 544.303772
v -261.904755 115.815437 518.987366
v -261.904755 107.095573 493.670898
v -261.904755 101.968445 468.354431
v -261.904755 108.297501 443.037964
v -261.904755 106.473114 417.721527
v -261.904755 105.367332 392.405060
v -261.904755 108.636787 367.088593
v -261.904755 104.153404 341.772156
v -261.904755 109.629097 316.455688
v -261.904755 107.388588 291.139252
v -261.904755 117.526443 265.822784
v -261.904755 108.079643 240.506332
v -261.904755 108.659859 215.189880
v -261.904755 107.214119 189.873413
v -261.904755 107.784973 164.556961
v -261.904755 107.568779 139.240509
v -261.904755 106.776527 113.924049
v -261.904755 111.442352 88.607597
v -261.904755 107.003189 63.291138
v -261.904755 109.152390 37.974682
v -261.904755 105.669357 12.658228
v -261.904755 108.686211 -12.658228
v -261.904755 108.255341 -37.974682
v -261.904755 109.584839 -63.291138
v -261.904755 106.803009 -88.607597
v -261.904755 106.963188 -113.924049
v -261.904755 108.752090 -139.240509
v -261.904755 112.216217 -164.556961
v -261.904755 111.268967 -189.873413
v -261.904755 107.582909 -215.189880
v -261.904755 106.410629 -240.506332
v -261.904755 107.339912 -265.822784
v -261.904755 113.331627 -291.139252
v -261.904755 107.345261 -316.455688
v -261.904755 106.693062 -341.772156
v -261.904755 110.644653 -367.088593
v -261.904755 107.071007 -392.405060
v -261.904755 109.535301 -417.721527
v -261.904755 108.200150 -443.037964
v -261.904755 105.518387 -468.354431
v -261.904755 106.859749 -493.670898
v -261.904755 106.897102 -518.987366
v -261.904755 111.558952 -544.303772
v -261.904755 102.809525 -569.620239
v -261.904755 107.380905 -594.936707
v -261.904755 102.780502 -620.253174
v -261.904755 107.546272 -645.569641
v -261.904755 102.131218 -670.886047
v -261.904755 104.171898 -696.202515
v -261.904755 102.832245 -721.518982
v -261.904755 102.840149 -746.835449
v -261.904755 99.264816 -772.151917
v -261.904755 94.262146 -797.468384
v -261.904755 85.440636 -822.784790
v -261.904755 71.881805 -848.101257
v -261.904755 58.031425 -873.417725
v -261.904755 47.409882 -898.734192
v -261.904755 36.363461 -924.050659
v -261.904755 21.329336 -949.367065
v -261.904755 8.654419 -974.683533
v -261.904755 6.919787 -1000.000000
v -246.031754 25.700466 1000.000000
v -246.031754 22.990007 974.683533
v -246.031754 22.643486 949.367065
v -246.031754 31.521418 924.050659
v -246.031754 47.778873 898.734192
v -246.031754 63.850525 873.417725
v -246.031754 74.362465 848.101257
v -246.031754 81.299637 822.784790
v -246.031754 94.734352 797.468384
v -246.031754 100.642204 772.151917
v -246.031754 104.198990 746.835449
v -246.031754 102.181061 721.518982
v -246.031754 104.535492 696.202515
v -246.031754 103.645790 670.886047
v -246.031754 103.461823 645.569641
v -246.031754 108.029030 620.253174
v -246.031754 104.107124 594.936707
v -246.031754 108.415932 569.620239
v -246.031754 111.057228 544.303772
v -246.031754 105.685951 518.987366
v -246.031754 110.021416 493.670898
v -246.031754 110.354362 468.354431
v -246.031754 105.007164 443.037964
v -246.031754 106.502213 417.721527
v -246.031754 111.207962 392.405060
v -246.031754 111.336685 367.088593
v -246.031754 104.439735 341.772156
v -246.031754 110.599068 316.455688
v -246.031754 106.216148 291.139252
v -246.031754 113.845901 265.822784
v -246.031754 106.860641 240.506332
v -246.031754 113.128860 215.189880
v -246.031754 112.840683 189.873413
v -246.031754 108.970894 164.556961
v -246.031754 113.300194 139.240509
v -246.031754 114.759117 113.924049
v -246.031754 109.742577 88.607597
v -246.031754 111.211563 63.291138
v -246.031754 112.590134 37.974682
v -246.031754 107.979897 12.658228
v -246.031754 104.627235 -12.658228
v -246.031754 105.360207 -37.974682
v -246.031754 110.862373 -63.291138
v -246.031754 104.121338 -88.607597
v -246.031754 107.840584 -113.924049
v -246.031754 106.102264 -139.240509
v -246.031754 110.640335 -164.556961
v -246.031754 118.066994 -189.873413
v -246.031754 110.359840 -215.189880
v -246.031754 107.899796 -240.506332
v -246.031754 119.667633 -265.822784
v -246.031754 110.217262 -291.139252
v -246.031754 108.291359 -316.455688
v -246.031754 105.645653 -341.772156
v -246.031754 109.236023 -367.088593
v -246.031754 102.923927 -392.405060
v -246.031754 109.949890 -417.721527
v -246.031754 106.097122 -443.037964
v -246.031754 110.328743 -468.354431
v -246.031754 102.940681 -493.670898
v -246.031754 109.005066 -518.987366
v -246.031754 103.166046 -544.303772
v -246.031754 102.965897 -569.620239
v -246.031754 109.525246 -594.936707
v -246.031754 102.061615 -620.253174
v -246.031754 107.234467 -645.569641
v -246.031754 103.158867 -670.886047
v -246.031754 107.656715 -696.202515
v -246.031754 107.345741 -721.518982
v -246.031754 102.060181 -746.835449
v -246.031754 99.264221 -772.151917
v -246.031754 93.112427 -797.468384
v -246.031754 84.869003 -822.784790
v -246.031754 70.450150 -848.101257
v -246.031754 57.674538 -873.417725
v -246.031754 47.726830 -898.734192
v -246.031754 36.625843 -924.050659
v -246.031754 21.358410 -949.367065
v -246.031754 7.209322 -974.683533
v -246.031754 3.013250 -1000.000000
v -230.158737 20.737686 1000.000000
v -230.158737 20.568399 974.683533
v -230.158737 20.653887 949.367065
v -230.158737 28.577522 924.050659
v -230.158737 44.922470 898.734192
v -230.158737 62.129959 873.417725
v -230.158737 73.722496 848.101257
v -230.158737 81.248093 822.784790
v -230.158737 93.303848 797.468384
v -230.158737 99.458488 772.151917
v -230.158737 103.352982 746.835449
v -230.158737 103.178658 721.518982
v -230.158737 105.677711 696.202515
v -230.158737 107.546074 670.886047
v -230.158737 107.871017 645.569641
v -230.158737 110.500076 620.253174
v -230.158737 101.645103 594.936707
v -230.158737 105.277710 569.620239
v -230.158737 110.791245 544.303772
v -230.158737 106.944450 518.987366
v -230.158737 110.227303 493.670898
v -230.158737 106.422112 468.354431
v -230.158737 108.066315 443.037964
v -230.158737 111.945778 417.721527
v -230.158737 103.882416 392.405060
v -230.158737 107.298912 367.088593
v -230.158737 107.043922 341.772156
v -230.158737 105.798454 316.455688
v -230.158737 109.046913 291.139252
v -230.158737 108.377792 265.822784
v -230.158737 109.087189 240.506332
v -230.158737 111.921974 215.189880
v -230.158737 106.698990 189.873413
v -230.158737 105.295555 164.556961
v -230.158737 109.334999 139.240509
v -230.158737 108.313957 113.924049
v -230.158737 107.436913 88.607597
v -230.158737 105.263824 63.291138
v -230.158737 103.687187 37.974682
v -230.158737 113.804962 12.658228
v -230.158737 114.190651 -12.658228
v -230.158737 108.037277 -37.974682
v -230.158737 106.509407 -63.291138
v -230.158737 111.510254 -88.607597
v -230.158737 111.014832 -113.924049
v -230.158737 109.476837 -139.240509
v -230.158737 106.361893 -164.556961
v -230.158737 107.856323 -189.873413
v -230.158737 107.653221 -215.189880
v -230.158737 109.857262 -240.506332
v -230.158737 105.510574 -265.822784
v -230.158737 109.129623 -291.139252
v -230.158737 109.957527 -316.455688
v -230.158737 107.429642 -341.772156
v -230.158737 112.553864 -367.088593
v -230.158737 107.626968 -392.405060
v -230.158737 104.880058 -417.721527
v -230.158737 105.831497 -443.037964
v -230.158737 107.745651 -468.354431
v -230.158737 102.811806 -493.670898
v -230.158737 108.341965 -518.987366
v -230.158737 107.299416 -544.303772
v -230.158737 105.773834 -569.620239
v -230.158737 105.229652 -594.936707
v -230.158737 109.840637 -620.253174
v -230.158737 104.975075 -645.569641
v -230.158737 104.935387 -670.886047
v -230.158737 102.991096 -696.202515
v -230.158737 105.287415 -721.518982
v -230.158737 103.812897 -746.835449
v -230.158737 100.292198 -772.151917
v -230.158737 95.381111 -797.468384
v -230.158737 84.350143 -822.784790
v -230.158737 69.336510 -848.101257
v -230.158737 56.873543 -873.417725
v -230.158737 47.119640 -898.734192
v -230.158737 36.112228 -924.050659
v -230.158737 21.672560 -949.367065
v -230.158737 7.393448 -974.683533
v -230.158737 1.520871 -1000.000000
v -214.285721 13.602276 1000.000000
v -214.285721 15.702599 974.683533
v -214.285721 16.935276 949.367065
v -214.285721 25.057756 924.050659
v -214.285721 41.782585 898.734192
v -214.285721 60.562557 873.417725
v -214.285721 73.372185 848.101257
v -214.285721 81.842834 822.784790
v -214.285721 93.785629 797.468384
v -214.285721 101.382111 772.151917
v -214.285721 101.388283 746.835449
v -214.285721 103.038712 721.518982
v -214.285721 107.668297 696.202515
v -214.285721 105.158607 670.886047
v -214.285721 104.555367 645.569641
v -214.285721 108.241554 620.253174
v -214.285721 103.659729 594.936707
v -214.285721 104.530235 569.620239
v -214.285721 105.773491 544.303772
v -214.285721 114.233871 518.987366
v -214.285721 102.710968 493.670898
v -214.285721 114.282539 468.354431
v -214.285721 104.513336 443.037964
v -214.285721 107.013023 417.721527
v -214.285721 114.464363 392.405060
v -214.285721 110.759232 367.088593
v -214.285721 104.929955 341.772156
v -214.285721 114.549896 316.455688
v -214.285721 106.293594 291.139252
v -214.285721 108.294044 265.822784
v -214.285721 108.497803 240.506332
v -214.285721 105.733528 215.189880
v -214.285721 111.313171 189.873413
v -214.285721 109.806175 164.556961
v -214.285721 106.638298 139.240509
v -214.285721 110.797432 113.924049
v -214.285721 110.453880 88.607597
v -214.285721 109.660454 63.291138
v -214.285721 107.960045 37.974682
v -214.285721 109.617569 12.658228
v -214.285721 110.893845 -12.658228
v -214.285721 108.579460 -37.974682
v -214.285721 108.734108 -63.291138
v -214.285721 108.748474 -88.607597
v -214.285721 109.107864 -113.924049
v -214.285721 108.680946 -139.240509
v -214.285721 108.246895 -164.556961
v -214.285721 109.783638 -189.873413
v -214.285721 110.876961 -215.189880
v -214.285721 107.124168 -240.506332
v -214.285721 110.252213 -265.822784
v -214.285721 110.145439 -291.139252
v -214.285721 113.829109 -316.455688
v -214.285721 109.214325 -341.772156
v -214.285721 109.415070 -367.088593
v -214.285721 108.010918 -392.405060
v -214.285721 107.781570 -417.721527
v -214.285721 114.140022 -443.037964
v -214.285721 105.784920 -468.354431
v -214.285721 106.313911 -493.670898
v -214.285721 108.997841 -518.987366
v -214.285721 109.037338 -544.303772
v -214.285721 113.555702 -569.620239
v -214.285721 103.152405 -594.936707
v -214.285721 111.549698 -620.253174
v -214.285721 104.678978 -645.569641
v -214.285721 102.292297 -670.886047
v -214.285721 105.351746 -696.202515
v -214.285721 104.833405 -721.518982
v -214.285721 103.151680 -746.835449
v -214.285721 103.402161 -772.151917
v -214.285721 93.645828 -797.468384
v -214.285721 83.294502 -822.784790
v -214.285721 67.987129 -848.101257
v -214.285721 54.072422 -873.417725
v -214.285721 44.826771 -898.734192
v -214.285721 33.971497 -924.050659
v -214.285721 21.500217 -949.367065
v -214.285721 8.811827 -974.683533
v -214.285721 2.560552 -1000.000000
v -198.412704 7.021354 1000.000000
v -198.412704 10.465073 974.683533
v -198.412704 13.264645 949.367065
v -198.412704 22.357718 924.050659
v -198.412704 39.810303 898.734192
v -198.412704 59.395790 873.417725
v -198.412704 74.240318 848.101257
v -198.412704 83.775383 822.784790
v -198.412704 92.801285 797.468384
v -198.412704 100.488304 772.151917
v -198.412704 103.346924 746.835449
v -198.412704 104.897636 721.518982
v -198.412704 105.751915 696.202515
v -198.412704 102.818291 670.886047
v -198.412704 109.909943 645.569641
v -198.412704 108.685272 620.253174
v -198.412704 111.483200 594.936707
v -198.412704 97.910797 569.620239
v -198.412704 98.150940 544.303772
v -198.412704 98.426651 518.987366
v -198.412704 107.253815 493.670898
v -198.412704 108.374634 468.354431
v -198.412704 113.914711 443.037964
v -198.412704 109.127533 417.721527
v -198.412704 112.229919 392.405060
v -198.412704 111.544395 367.088593
v -198.412704 118.346794 341.772156
v -198.412704 106.250084 316.455688
v -198.412704 111.934891 291.139252
v -198.412704 113.615761 265.822784
v -198.412704 104.634270 240.506332
v -198.412704 112.545784 215.189880
v -198.412704 111.287888 189.873413
v -198.412704 112.698357 164.556961
v -198.412704 109.067917 139.240509
v -198.412704 108.990555 113.924049
v -198.412704 102.604233 88.607597
v -198.412704 110.236290 63.291138
v -198.412704 114.296936 37.974682
v -198.412704 103.486931 12.658228
v -198.412704 113.811188 -12.658228
v -198.412704 108.679474 -37.974682
v -198.412704 105.487976 -63.291138
v -198.412704 112.361649 -88.607597
v -198.412704 107.456871 -113.924049
v -198.412704 107.607956 -139.240509
v -198.412704 109.763527 -164.556961
v -198.412704 106.396812 -189.873413
v -198.412704 112.429390 -215.189880
v -198.412704 108.067604 -240.506332
v -198.412704 105.616768 -265.822784
v -198.412704 109.493256 -291.139252
v -198.412704 103.765312 -316.455688
v -198.412704 116.243446 -341.772156
v -198.412704 105.537659 -367.088593
v -198.412704 104.912903 -392.405060
v -198.412704 120.000000 -417.721527
v -198.412704 110.934494 -443.037964
v -198.412704 106.391266 -468.354431
v -198.412704 106.395416 -493.670898
v -198.412704 104.639648 -518.987366
v -198.412704 107.242340 -544.303772
v -198.412704 107.490044 -569.620239
v -198.412704 102.558281 -594.936707
v -198.412704 104.830887 -620.253174
v -198.412704 107.574066 -645.569641
v -198.412704 107.351364 -670.886047
v -198.412704 108.191025 -696.202515
v -198.412704 102.176102 -721.518982
v -198.412704 101.872398 -746.835449
v -198.412704 103.206017 -772.151917
v -198.412704 92.860214 -797.468384
v -198.412704 80.576935 -822.784790
v -198.412704 65.368866 -848.101257
v -198.412704 50.783154 -873.417725
v -198.412704 40.278423 -898.734192
v -198.412704 29.819035 -924.050659
v -198.412704 19.950312 -949.367065
v -198.412704 10.361658 -974.683533
v -198.412704 5.302136 -1000.000000
v -182.539688 -0.416895 1000.000000
v -182.539688 4.845567 974.683533
v -182.539688 11.271029 949.367065
v -182.539688 22.839165 924.050659
v -182.539688 40.520855 898.734192
v -182.539688 58.729424 873.417725
v -182.539688 73.620178 848.101257
v -182.539688 83.466621 822.784790
v -182.539688 94.149246 797.468384
v -182.539688 103.207794 772.151917
v -182.539688 104.224091 746.835449
v -182.539688 101.160706 721.518982
v -182.539688 103.882721 696.202515
v -182.539688 104.596672 670.886047
v -182.539688 107.681664 645.569641
v -182.539688 95.023750 620.253174
v -182.539688 77.820045 594.936707
v -182.539688 63.523472 569.620239
v -182.539688 67.488083 544.303772
v -182.539688 61.367023 518.987366
v -182.539688 71.735138 493.670898
v -182.539688 89.713760 468.354431
v -182.539688 107.716515 443.037964
v -182.539688 107.612709 417.721527
v -182.539688 112.877296 392.405060
v -182.539688 115.841698 367.088593
v -182.539688 107.893791 341.772156
v -182.539688 104.276680 316.455688
v -182.539688 97.592453 291.139252
v -182.539688 96.232147 265.822784
v -182.539688 95.210251 240.506332
v -182.539688 104.749985 215.189880
v -182.539688 104.620766 189.873413
v -182.539688 108.151314 164.556961
v -182.539688 105.914749 139.240509
v -182.539688 106.415588 113.924049
v -182.539688 112.184959 88.607597
v -182.539688 110.051857 63.291138
v -182.539688 106.871193 37.974682
v -182.539688 114.878197 12.658228
v -182.539688 103.966774 -12.658228
v -182.539688 107.684204 -37.974682
v -182.539688 117.131485 -63.291138
v -182.539688 108.122650 -88.607597
v -182.539688 111.815094 -113.924049
v -182.539688 109.763786 -139.240509
v -182.539688 103.902290 -164.556961
v -182.539688 104.162025 -189.873413
v -182.539688 109.384987 -215.189880
v -182.539688 107.768944 -240.506332
v -182.539688 108.315163 -265.822784
v -182.539688 112.538284 -291.139252
v -182.539688 109.472527 -316.455688
v -182.539688 102.844139 -341.772156
v -182.539688 110.917763 -367.088593
v -182.539688 114.609138 -392.405060
v -182.539688 108.902122 -417.721527
v -182.539688 112.892937 -443.037964
v -182.539688 108.268112 -468.354431
v -182.539688 108.975769 -493.670898
v -182.539688 104.971306 -518.987366
v -182.539688 104.433327 -544.303772
v -182.539688 108.457481 -569.620239
v -182.539688 105.837700 -594.936707
v -182.539688 103.431526 -620.253174
v -182.539688 102.492912 -645.569641
v -182.539688 102.910065 -670.886047
v -182.539688 105.395546 -696.202515
v -182.539688 105.225899 -721.518982
v -182.539688 104.107811 -746.835449
v -182.539688 101.145935 -772.151917
v -182.539688 94.292801 -797.468384
v -182.539688 81.109261 -822.784790
v -182.539688 64.951134 -848.101257
v -182.539688 48.786930 -873.417725
v -182.539688 36.246677 -898.734192
v -182.539688 25.271927 -924.050659
v -182.539688 16.953596 -949.367065
v -182.539688 9.997104 -974.683533
v -182.539688 6.317527 -1000.000000
v -166.666672 -7.806670 1000.000000
v -166.666672 -0.118503 974.683533
v -166.666672 11.023552 949.367065
v -166.666672 25.346867 924.050659
v -166.666672 41.630402 898.734192
v -166.666672 57.834663 873.417725
v -166.666672 71.618996 848.101257
v -166.666672 83.170578 822.784790
v -166.666672 93.789093 797.468384
v -166.666672 102.011070 772.151917
v -166.666672 103.631622 746.835449
v -166.666672 106.710464 721.518982
v -166.666672 107.783249 696.202515
v -166.666672 103.673981 670.886047
v -166.666672 77.574112 645.569641
v -166.666672 48.416676 620.253174
v -166.666672 40.172512 594.936707
v -166.666672 25.636864 569.620239
v -166.666672 26.346859 544.303772
v -166.666672 24.312124 518.987366
v -166.666672 23.964609 493.670898
v -166.666672 34.281227 468.354431
v -166.666672 39.778893 443.037964
v -166.666672 51.381207 417.721527
v -166.666672 68.323685 392.405060
v -166.666672 72.030251 367.088593
v -166.666672 61.723606 341.772156
v -166.666672 59.175938 316.455688
v -166.666672 59.792217 291.139252
v -166.666672 54.428288 265.822784
v -166.666672 63.833122 240.506332
v -166.666672 71.929985 215.189880
v -166.666672 87.140129 189.873413
v -166.666672 110.423996 164.556961
v -166.666672 110.481430 139.240509
v -166.666672 109.987495 113.924049
v -166.666672 108.549919 88.607597
v -166.666672 106.098564 63.291138
v -166.666672 110.722649 37.974682
v -166.666672 110.698547 12.658228
v -166.666672 108.643929 -12.658228
v -166.666672 109.782173 -37.974682
v -166.666672 112.160530 -63.291138
v -166.666672 111.728638 -88.607597
v -166.666672 110.822098 -113.924049
v -166.666672 106.156982 -139.240509
v -166.666672 107.081833 -164.556961
v -166.666672 108.219879 -189.873413
v -166.666672 109.156822 -215.189880
v -166.666672 107.424202 -240.506332
v -166.666672 106.918755 -265.822784
v -166.666672 114.820160 -291.139252
v -166.666672 110.153236 -316.455688
v -166.666672 106.741875 -341.772156
v -166.666672 111.675545 -367.088593
v -166.666672 107.513367 -392.405060
v -166.666672 106.718506 -417.721527
v -166.666672 109.316345 -443.037964
v -166.666672 106.837753 -468.354431
v -166.666672 106.459015 -493.670898
v -166.666672 104.141243 -518.987366
v -166.666672 107.578247 -544.303772
v -166.666672 105.348625 -569.620239
v -166.666672 107.476501 -594.936707
v -166.666672 104.887947 -620.253174
v -166.666672 110.833916 -645.569641
v -166.666672 103.047447 -670.886047
v -166.666672 104.798531 -696.202515
v -166.666672 103.735397 -721.518982
v -166.666672 101.483261 -746.835449
v -166.666672 102.674355 -772.151917
v -166.666672 94.332687 -797.468384
v -166.666672 80.624100 -822.784790
v -166.666672 65.168846 -848.101257
v -166.666672 48.986393 -873.417725
v -166.666672 34.402916 -898.734192
v -166.666672 21.938776 -924.050659
v -166.666672 13.589052 -949.367065
v -166.666672 7.760201 -974.683533
v -166.666672 4.693194 -1000.000000
v -150.793655 -12.054386 1000.000000
v -150.793655 -2.441390 974.683533
v -150.793655 12.394325 949.367065
v -150.793655 27.853346 924.050659
v -150.793655 42.506939 898.734192
v -150.793655 47.320484 873.417725
v -150.793655 51.081253 848.101257
v -150.793655 56.967564 822.784790
v -150.793655 64.204781 797.468384
v -150.793655 72.256989 772.151917
v -150.793655 75.322861 746.835449
v -150.793655 69.997978 721.518982
v -150.793655 50.251579 696.202515
v -150.793655 19.566280 670.886047
v -150.793655 7.484615 645.569641
v -150.793655 8.054955 620.253174
v -150.793655 5.506203 594.936707
v -150.793655 0.862597 569.620239
v -150.793655 8.783508 544.303772
v -150.793655 17.232256 518.987366
v -150.793655 7.712525 493.670898
v -150.793655 4.824668 468.354431
v -150.793655 11.465748 443.037964
v -150.793655 9.947061 417.721527
v -150.793655 5.669342 392.405060
v -150.793655 4.434385 367.088593
v -150.793655 5.247484 341.772156
v -150.793655 9.863666 316.455688
v -150.793655 22.598034 291.139252
v -150.793655 17.052717 265.822784
v -150.793655 31.206844 240.506332
v -150.793655 38.690571 215.189880
v -150.793655 49.645065 189.873413
v -150.793655 74.499733 164.556961
v -150.793655 104.370720 139.240509
v -150.793655 108.601273 113.924049
v -150.793655 110.748314 88.607597
v -150.793655 115.878807 63.291138
v -150.793655 111.701157 37.974682
v -150.793655 103.947594 12.658228
v -150.793655 112.105713 -12.658228
v -150.793655 107.300949 -37.974682
v -150.793655 104.955772 -63.291138
v -150.793655 102.863037 -88.607597
v -150.793655 106.760399 -113.924049
v -150.793655 114.360085 -139.240509
v -150.793655 116.439667 -164.556961
v -150.793655 110.193016 -189.873413
v -150.793655 108.462112 -215.189880
v -150.793655 107.243996 -240.506332
v -150.793655 110.937164 -265.822784
v -150.793655 105.614357 -291.139252
v -150.793655 109.873421 -316.455688
v -150.793655 112.234505 -341.772156
v -150.793655 108.906868 -367.088593
v -150.793655 117.944893 -392.405060
v -150.793655 110.095749 -417.721527
v -150.793655 102.436028 -443.037964
v -150.793655 112.037727 -468.354431
v -150.793655 107.148041 -493.670898
v -150.793655 109.472267 -518.987366
v -150.793655 105.009865 -544.303772
v -150.793655 111.574120 -569.620239
v -150.793655 103.362381 -594.936707
v -150.793655 105.935669 -620.253174
v -150.793655 110.433945 -645.569641
v -150.793655 107.453659 -670.886047
v -150.793655 106.110367 -696.202515
v -150.793655 105.085594 -721.518982
v -150.793655 105.358315 -746.835449
v -150.793655 103.354279 -772.151917
v -150.793655 94.964325 -797.468384
v -150.793655 83.126289 -822.784790
v -150.793655 67.706123 -848.101257
v -150.793655 50.247612 -873.417725
v -150.793655 33.938713 -898.734192
v -150.793655 20.125090 -924.050659
v -150.793655 10.588288 -949.367065
v -150.793655 4.783509 -974.683533
v -150.793655 1.748884 -1000.000000
v -134.920639 -11.766969 1000.000000
v -134.920639 -1.382396 974.683533
v -134.920639 14.826725 949.367065
v -134.920639 26.957554 924.050659
v -134.920639 28.613745 898.734192
v -134.920639 26.277298 873.417725
v -134.920639 24.279383 848.101257
v -134.920639 23.868534 822.784790
v -134.920639 24.100264 797.468384
v -134.920639 13.720486 772.151917
v -134.920639 2.313929 746.835449
v -134.920639 4.968699 721.518982
v -134.920639 3.363623 696.202515
v -134.920639 2.613182 670.886047
v -134.920639 4.456661 645.569641
v -134.920639 2.590843 620.253174
v -134.920639 9.039401 594.936707
v -134.920639 1.295590 569.620239
v -134.920639 7.939698 544.303772
v -134.920639 3.644898 518.987366
v -134.920639 2.953249 493.670898
v -134.920639 3.484213 468.354431
v -134.920639 8.325203 443.037964
v -134.920639 4.627862 417.721527
v -134.920639 4.128016 392.405060
v -134.920639 9.417665 367.088593
v -134.920639 4.090665 341.772156
v -134.920639 8.721490 316.455688
v -134.920639 7.101263 291.139252
v -134.920639 2.834339 265.822784
v -134.920639 6.890911 240.506332
v -134.920639 13.441109 215.189880
v -134.920639 4.996121 189.873413
v -134.920639 14.991119 164.556961
v -134.920639 42.807846 139.240509
v -134.920639 73.593231 113.924049
v -134.920639 107.019264 88.607597
v -134.920639 105.220871 63.291138
v -134.920639 111.443260 37.974682
v -134.920639 109.041946 12.658228
v -134.920639 110.345505 -12.658228
v -134.920639 112.483406 -37.974682
v -134.920639 109.791458 -63.291138
v -134.920639 117.017067 -88.607597
v -134.920639 113.852753 -113.924049
v -134.920639 108.830330 -139.240509
v -134.920639 105.884369 -164.556961
v -134.920639 108.167198 -189.873413
v -134.920639 107.658287 -215.189880
v -134.920639 110.838303 -240.506332
v -134.920639 113.394333 -265.822784
v -134.920639 111.791992 -291.139252
v -134.920639 112.783028 -316.455688
v -134.920639 109.619415 -341.772156
v -134.920639 108.707253 -367.088593
v -134.920639 105.507118 -392.405060
v -134.920639 109.367447 -417.721527
v -134.920639 112.278984 -443.037964
v -134.920639 107.812332 -468.354431
v -134.920639 105.667572 -493.670898
v -134.920639 105.418289 -518.987366
v -134.920639 107.558701 -544.303772
v -134.920639 108.411621 -569.620239
v -134.920639 109.022369 -594.936707
v -134.920639 108.291794 -620.253174
v -134.920639 106.599731 -645.569641
v -134.920639 103.207581 -670.886047
v -134.920639 110.516426 -696.202515
v -134.920639 103.048859 -721.518982
v -134.920639 101.794609 -746.835449
v -134.920639 102.119003 -772.151917
v -134.920639 94.115425 -797.468384
v -134.920639 82.536140 -822.784790
v -134.920639 69.342163 -848.101257
v -134.920639 52.616650 -873.417725
v -134.920639 35.359077 -898.734192
v -134.920639 19.782019 -924.050659
v -134.920639 8.552060 -949.367065
v -134.920639 1.401836 -974.683533
v -134.920639 -1.111145 -1000.000000
v -119.047623 -7.354473 1000.000000
v -119.047623 2.499250 974.683533
v -119.047623 14.567280 949.367065
v -119.047623 17.182203 924.050659
v -119.047623 12.856741 898.734192
v -119.047623 4.837874 873.417725
v -119.047623 -2.046488 848.101257
v -119.047623 -0.364745 822.784790
v -119.047623 1.807838 797.468384
v -119.047623 1.775322 772.151917
v -119.047623 2.002296 746.835449
v -119.047623 3.255339 721.518982
v -119.047623 1.455461 696.202515
v -119.047623 2.891198 670.886047
v -119.047623 2.420899 645.569641
v -119.047623 1.869291 620.253174
v -119.047623 3.890747 594.936707
v -119.047623 2.498844 569.620239
v -119.047623 1.701753 544.303772
v -119.047623 1.776803 518.987366
v -119.047623 2.133759 493.670898
v -119.047623 4.041376 468.354431
v -119.047623 5.417432 443.037964
v -119.047623 5.763146 417.721527
v -119.047623 4.189176 392.405060
v -119.047623 6.876307 367.088593
v -119.047623 3.191535 341.772156
v -119.047623 3.004238 316.455688
v -119.047623 8.546419 291.139252
v -119.047623 2.747846 265.822784
v -119.047623 6.150557 240.506332
v -119.047623 5.731840 215.189880
v -119.047623 4.877988 189.873413
v -119.047623 4.455392 164.556961
v -119.047623 17.364635 139.240509
v -119.047623 8.789680 113.924049
v -119.047623 18.553240 88.607597
v -119.047623 47.827358 63.291138
v -119.047623 67.599564 37.974682
v -119.047623 71.046547 12.658228
v -119.047623 75.315796 -12.658228
v -119.047623 79.199043 -37.974682
v -119.047623 82.375694 -63.291138
v -119.047623 93.405556 -88.607597
v -119.047623 108.986717 -113.924049
v -119.047623 112.215851 -139.240509
v -119.047623 109.130928 -164.556961
v -119.047623 109.225121 -189.873413
v -119.047623 109.089142 -215.189880
v -119.047623 109.445595 -240.506332
v -119.047623 107.039322 -265.822784
v -119.047623 109.014908 -291.139252
v -119.047623 113.304573 -316.455688
v -119.047623 111.951271 -341.772156
v -119.047623 112.616554 -367.088593
v -119.047623 108.995537 -392.405060
v -119.047623 107.101646 -417.721527
v -119.047623 110.891785 -443.037964
v -119.047623 112.269730 -468.354431
v -119.047623 104.244377 -493.670898
v -119.047623 107.895309 -518.987366
v -119.047623 110.176048 -544.303772
v -119.047623 108.089005 -569.620239
v -119.047623 110.766785 -594.936707
v -119.047623 108.487968 -620.253174
v -119.047623 102.835854 -645.569641
v -119.047623 105.823074 -670.886047
v -119.047623 102.385551 -696.202515
v -119.047623 103.889885 -721.518982
v -119.047623 103.258377 -746.835449
v -119.047623 103.820694 -772.151917
v -119.047623 93.562729 -797.468384
v -119.047623 81.835045 -822.784790
v -119.047623 70.976120 -848.101257
v -119.047623 54.196621 -873.417725
v -119.047623 37.049072 -898.734192
v -119.047623 18.134441 -924.050659
v -119.047623 2.837531 -949.367065
v -119.047623 -0.984727 -974.683533
v -119.047623 -2.455025 -1000.000000
v -103.174606 -1.086318 1000.000000
v -103.174606 5.723405 974.683533
v -103.174606 10.144884 949.367065
v -103.174606 5.924759 924.050659
v -103.174606 0.819460 898.734192
v -103.174606 -3.057448 873.417725
v -103.174606 -3.352516 848.101257
v -103.174606 -0.239318 822.784790
v -103.174606 1.936039 797.468384
v -103.174606 1.820272 772.151917
v -103.174606 3.633301 746.835449
v -103.174606 3.174275 721.518982
v -103.174606 1.851166 696.202515
v -103.174606 4.092671 670.886047
v -103.174606 2.599607 645.569641
v -103.174606 4.288094 620.253174
v -103.174606 2.957414 594.936707
v -103.174606 2.413519 569.620239
v -103.174606 3.348897 544.303772
v -103.174606 2.473248 518.987366
v -103.174606 2.726796 493.670898
v -103.174606 4.346487 468.354431
v -103.174606 1.341510 443.037964
v -103.174606 1.188640 417.721527
v -103.174606 3.545616 392.405060
v -103.174606 3.533590 367.088593
v -103.174606 4.180765 341.772156
v -103.174606 6.670719 316.455688
v -103.174606 4.752515 291.139252
v -103.174606 4.075920 265.822784
v -103.174606 6.184218 240.506332
v -103.174606 3.167979 215.189880
v -103.174606 5.145988 189.873413
v -103.174606 10.346426 164.556961
v -103.174606 8.564351 139.240509
v -103.174606 0.723086 113.924049
v -103.174606 15.488439 88.607597
v -103.174606 13.423983 63.291138
v -103.174606 6.717969 37.974682
v -103.174606 17.267525 12.658228
v -103.174606 23.409361 -12.658228
v -103.174606 26.857571 -37.974682
v -103.174606 47.777237 -63.291138
v -103.174606 52.121117 -88.607597
v -103.174606 67.848785 -113.924049
v -103.174606 97.055008 -139.240509
v -103.174606 106.744614 -164.556961
v -103.174606 111.969460 -189.873413
v -103.174606 111.327469 -215.189880
v -103.174606 108.473190 -240.506332
v -103.174606 111.070091 -265.822784
v -103.174606 106.412117 -291.139252
v -103.174606 107.984077 -316.455688
v -103.174606 108.496002 -341.772156
v -103.174606 108.937447 -367.088593
v -103.174606 113.535583 -392.405060
v -103.174606 101.765907 -417.721527
v -103.174606 106.461777 -443.037964
v -103.174606 110.442398 -468.354431
v -103.174606 104.185036 -493.670898
v -103.174606 109.980576 -518.987366
v -103.174606 104.824532 -544.303772
v -103.174606 103.200188 -569.620239
v -103.174606 106.506638 -594.936707
v -103.174606 113.387093 -620.253174
v -103.174606 105.480110 -645.569641
v -103.174606 108.787537 -670.886047
v -103.174606 100.356590 -696.202515
v -103.174606 100.916725 -721.518982
v -103.174606 102.002594 -746.835449
v -103.174606 101.678764 -772.151917
v -103.174606 92.660812 -797.468384
v -103.174606 82.291412 -822.784790
v -103.174606 69.691093 -848.101257
v -103.174606 54.893658 -873.417725
v -103.174606 24.134663 -898.734192
v -103.174606 3.600980 -924.050659
v -103.174606 -2.275803 -949.367065
v -103.174606 -0.723922 -974.683533
v -103.174606 -0.699929 -1000.000000
v -87.301590 4.712066 1000.000000
v -87.301590 7.594068 974.683533
v -87.301590 7.480581 949.367065
v -87.301590 3.292618 924.050659
v -87.301590 -1.105300 898.734192
v -87.301590 -2.989002 873.417725
v -87.301590 -1.577749 848.101257
v -87.301590 -0.280676 822.784790
v -87.301590 2.741889 797.468384
v -87.301590 1.993835 772.151917
v -87.301590 1.015436 746.835449
v -87.301590 1.277000 721.518982
v -87.301590 1.364744 696.202515
v -87.301590 2.904832 670.886047
v -87.301590 0.643374 645.569641
v -87.301590 2.303700 620.253174
v -87.301590 0.805956 594.936707
v -87.301590 2.980761 569.620239
v -87.301590 1.420250 544.303772
v -87.301590 2.494459 518.987366
v -87.301590 1.788050 493.670898
v -87.301590 1.781161 468.354431
v -87.301590 0.763786 443.037964
v -87.301590 2.035947 417.721527
v -87.301590 3.818981 392.405060
v -87.301590 2.045586 367.088593
v -87.301590 1.634977 341.772156
v -87.301590 2.697555 316.455688
v -87.301590 3.434576 291.139252
v -87.301590 1.784751 265.822784
v -87.301590 2.796613 240.506332
v -87.301590 2.796477 215.189880
v -87.301590 3.587587 189.873413
v -87.301590 4.257100 164.556961
v -87.301590 7.187658 139.240509
v -87.301590 5.350358 113.924049
v -87.301590 4.332476 88.607597
v -87.301590 6.929739 63.291138
v -87.301590 5.870394 37.974682
v -87.301590 4.042018 12.658228
v -87.301590 6.912655 -12.658228
v -87.301590 8.995289 -37.974682
v -87.301590 9.724132 -63.291138
v -87.301590 24.565374 -88.607597
v -87.301590 32.737801 -113.924049
v -87.301590 47.969395 -139.240509
v -87.301590 77.228035 -164.556961
v -87.301590 109.375496 -189.873413
v -87.301590 106.116493 -215.189880
v -87.301590 108.970543 -240.506332
v -87.301590 109.454796 -265.822784
v -87.301590 112.099724 -291.139252
v -87.301590 108.096184 -316.455688
v -87.301590 109.567711 -341.772156
v -87.301590 107.744026 -367.088593
v -87.301590 107.124382 -392.405060
v -87.301590 113.742538 -417.721527
v -87.301590 107.066879 -443.037964
v -87.301590 109.224266 -468.354431
v -87.301590 107.287552 -493.670898
v -87.301590 105.438713 -518.987366
v -87.301590 108.990532 -544.303772
v -87.301590 105.265305 -569.620239
v -87.301590 105.053101 -594.936707
v -87.301590 104.233749 -620.253174
v -87.301590 105.361847 -645.569641
v -87.301590 87.491196 -670.886047
v -87.301590 75.063156 -696.202515
v -87.301590 65.564880 -721.518982
v -87.301590 62.441589 -746.835449
v -87.301590 59.570366 -772.151917
v -87.301590 54.929001 -797.468384
v -87.301590 44.248730 -822.784790
v -87.301590 25.774891 -848.101257
v -87.301590 5.370930 -873.417725
v -87.301590 -1.185930 -898.734192
v -87.301590 -3.311021 -924.050659
v -87.301590 -1.554639 -949.367065
v -87.301590 1.577192 -974.683533
v -87.301590 1.837472 -1000.000000
v -71.428574 7.157057 1000.000000
v -71.428574 7.688171 974.683533
v -71.428574 6.156701 949.367065
v -71.428574 2.547412 924.050659
v -71.428574 -0.445336 898.734192
v -71.428574 -1.514855 873.417725
v -71.428574 -0.646757 848.101257
v -71.428574 -0.211990 822.784790
v -71.428574 1.603212 797.468384
v -71.428574 1.381003 772.151917
v -71.428574 0.695475 746.835449
v -71.428574 0.903234 721.518982
v -71.428574 2.060081 696.202515
v -71.428574 0.228354 670.886047
v -71.428574 1.363654 645.569641
v -71.428574 0.812145 620.253174
v -71.428574 0.918932 594.936707
v -71.428574 1.165187 569.620239
v -71.428574 1.693613 544.303772
v -71.428574 0.930038 518.987366
v -71.428574 0.827618 493.670898
v -71.428574 1.386283 468.354431
v -71.428574 0.364832 443.037964
v -71.428574 3.062493 417.721527
v -71.428574 2.244076 392.405060
v -71.428574 0.815565 367.088593
v -71.428574 3.275810 341.772156
v -71.428574 3.162862 316.455688
v -71.428574 1.462925 291.139252
v -71.428574 2.084829 265.822784
v -71.428574 2.475616 240.506332
v -71.428574 1.251237 215.189880
v -71.428574 1.612355 189.873413
v -71.428574 3.576158 164.556961
v -71.428574 2.457425 139.240509
v -71.428574 6.315761 113.924049
v -71.428574 1.688935 88.607597
v -71.428574 6.707563 63.291138
v -71.428574 5.885729 37.974682
v -71.428574 3.657091 12.658228
v -71.428574 8.267986 -12.658228
v -71.428574 12.519448 -37.974682
v -71.428574 9.181269 -63.291138
v -71.428574 8.588266 -88.607597
v -71.428574 14.224759 -113.924049
v -71.428574 5.522604 -139.240509
v -71.428574 19.622751 -164.556961
v -71.428574 41.736164 -189.873413
v -71.428574 74.760521 -215.189880
v -71.428574 100.329102 -240.506332
v -71.428574 110.765121 -265.822784
v -71.428574 99.677650 -291.139252
v -71.428574 87.317757 -316.455688
v -71.428574 88.466103 -341.772156
v -71.428574 77.417580 -367.088593
v -71.428574 72.855789 -392.405060
v -71.428574 80.779678 -417.721527
v -71.428574 87.433800 -443.037964
v -71.428574 109.977127 -468.354431
v -71.428574 107.088165 -493.670898
v -71.428574 109.662598 -518.987366
v -71.428574 105.632553 -544.303772
v -71.428574 108.377808 -569.620239
v -71.428574 103.375130 -594.936707
v -71.428574 95.032478 -620.253174
v -71.428574 62.407925 -645.569641
v -71.428574 51.460346 -670.886047
v -71.428574 37.712772 -696.202515
v -71.428574 29.856398 -721.518982
v -71.428574 22.921350 -746.835449
v -71.428574 12.426736 -772.151917
v -71.428574 2.173865 -797.468384
v -71.428574 0.524493 -822.784790
v -71.428574 0.689074 -848.101257
v -71.428574 -0.993730 -873.417725
v -71.428574 -2.653504 -898.734192
v -71.428574 -2.954659 -924.050659
v -71.428574 -0.229872 -949.367065
v -71.428574 2.409371 -974.683533
v -71.428574 2.056976 -1000.000000
v -55.555557 6.221559 1000.000000
v -55.555557 5.749279 974.683533
v -55.555557 4.403598 949.367065
v -55.555557 2.156929 924.050659
v -55.555557 0.297869 898.734192
v -55.555557 -0.711980 873.417725
v -55.555557 -0.525309 848.101257
v -55.555557 -0.034989 822.784790
v -55.555557 0.587663 797.468384
v -55.555557 0.717315 772.151917
v -55.555557 0.484914 746.835449
v -55.555557 1.269020 721.518982
v -55.555557 1.123121 696.202515
v -55.555557 0.604262 670.886047
v -55.555557 0.984069 645.569641
v -55.555557 0.613726 620.253174
v -55.555557 0.894809 594.936707
v -55.555557 0.761278 569.620239
v -55.555557 1.110232 544.303772
v -55.555557 1.387843 518.987366
v -55.555557 0.816459 493.670898
v -55.555557 1.648379 468.354431
v -55.555557 0.899672 443.037964
v -55.555557 0.804855 417.721527
v -55.555557 1.037775 392.405060
v -55.555557 1.296823 367.088593
v -55.555557 1.123841 341.772156
v -55.555557 2.670952 316.455688
v -55.555557 2.289215 291.139252
v -55.555557 1.516497 265.822784
v -55.555557 0.844497 240.506332
v -55.555557 1.938050 215.189880
v -55.555557 3.648988 189.873413
v -55.555557 1.170359 164.556961
v -55.555557 3.708562 139.240509
v -55.555557 2.700345 113.924049
v -55.555557 3.158258 88.607597
v -55.555557 3.235924 63.291138
v -55.555557 1.519080 37.974682
v -55.555557 3.705662 12.658228
v -55.555557 3.322321 -12.658228
v -55.555557 7.850557 -37.974682
v -55.555557 5.099681 -63.291138
v -55.555557 2.248905 -88.607597
v -55.555557 4.248571 -113.924049
v -55.555557 11.432383 -139.240509
v -55.555557 8.942936 -164.556961
v -55.555557 7.581729 -189.873413
v -55.555557 7.005647 -215.189880
v -55.555557 11.201604 -240.506332
v -55.555557 24.910507 -265.822784
v -55.555557 32.919254 -291.139252
v -55.555557 31.210476 -316.455688
v -55.555557 31.673452 -341.772156
v -55.555557 36.132343 -367.088593
v -55.555557 39.513882 -392.405060
v -55.555557 36.000950 -417.721527
v -55.555557 47.099400 -443.037964
v -55.555557 58.787285 -468.354431
v -55.555557 74.808044 -493.670898
v -55.555557 93.466576 -518.987366
v -55.555557 105.160362 -544.303772
v -55.555557 80.261093 -569.620239
v -55.555557 57.919334 -594.936707
v -55.555557 36.437439 -620.253174
v -55.555557 18.075825 -645.569641
v -55.555557 13.068154 -670.886047
v -55.555557 8.683697 -696.202515
v -55.555557 6.221252 -721.518982
v -55.555557 5.785552 -746.835449
v -55.555557 5.619342 -772.151917
v -55.555557 1.958581 -797.468384
v -55.555557 0.333776 -822.784790
v -55.555557 -1.376679 -848.101257
v -55.555557 -1.943459 -873.417725
v -55.555557 -2.452217 -898.734192
v -55.555557 -1.799863 -924.050659
v -55.555557 0.836993 -949.367065
v -55.555557 2.327092 -974.683533
v -55.555557 1.308402 -1000.000000
v -39.682541 3.775119 1000.000000
v -39.682541 3.162358 974.683533
v -39.682541 2.529100 949.367065
v -39.682541 1.603196 924.050659
v -39.682541 0.700872 898.734192
v -39.682541 -0.067251 873.417725
v -39.682541 -0.237555 848.101257
v -39.682541 0.330549 822.784790
v -39.682541 0.376200 797.468384
v -39.682541 0.784164 772.151917
v -39.682541 0.108889 746.835449
v -39.682541 1.370290 721.518982
v -39.682541 0.044425 696.202515
v -39.682541 1.062613 670.886047
v -39.682541 0.657961 645.569641
v -39.682541 0.952739 620.253174
v -39.682541 1.612139 594.936707
v -39.682541 1.264727 569.620239
v -39.682541 1.423520 544.303772
v -39.682541 0.806851 518.987366
v -39.682541 1.793868 493.670898
v -39.682541 2.659636 468.354431
v -39.682541 1.752419 443.037964
v -39.682541 1.396901 417.721527
v -39.682541 1.256122 392.405060
v -39.682541 2.314742 367.088593
v -39.682541 1.658113 341.772156
v -39.682541 1.059855 316.455688
v -39.682541 1.900988 291.139252
v -39.682541 1.849680 265.822784
v -39.682541 0.841729 240.506332
v -39.682541 1.471301 215.189880
v -39.682541 1.661679 189.873413
v -39.682541 1.188797 164.556961
v -39.682541 1.359247 139.240509
v -39.682541 1.779795 113.924049
v -39.682541 1.989830 88.607597
v -39.682541 2.475357 63.291138
v -39.682541 2.287842 37.974682
v -39.682541 2.589651 12.658228
v -39.682541 3.095704 -12.658228
v -39.682541 3.532077 -37.974682
v -39.682541 3.484962 -63.291138
v -39.682541 4.125953 -88.607597
v -39.682541 4.753779 -113.924049
v -39.682541 5.420227 -139.240509
v -39.682541 5.866574 -164.556961
v -39.682541 5.942758 -189.873413
v -39.682541 5.806295 -215.189880
v -39.682541 8.004807 -240.506332
v -39.682541 8.905666 -265.822784
v -39.682541 4.643997 -291.139252
v -39.682541 11.447969 -316.455688
v -39.682541 6.904115 -341.772156
v -39.682541 9.189844 -367.088593
v -39.682541 10.469005 -392.405060
v -39.682541 10.736082 -417.721527
v -39.682541 8.230392 -443.037964
v -39.682541 11.199646 -468.354431
v -39.682541 6.380815 -493.670898
v -39.682541 9.032855 -518.987366
v -39.682541 8.012375 -544.303772
v -39.682541 11.499638 -569.620239
v -39.682541 8.673863 -594.936707
v -39.682541 4.937257 -620.253174
v -39.682541 4.281964 -645.569641
v -39.682541 4.990118 -670.886047
v -39.682541 4.486749 -696.202515
v -39.682541 2.028568 -721.518982
v -39.682541 1.287163 -746.835449
v -39.682541 2.352556 -772.151917
v -39.682541 2.271718 -797.468384
v -39.682541 -0.273564 -822.784790
v -39.682541 -1.796830 -848.101257
v -39.682541 -2.155300 -873.417725
v -39.682541 -1.715265 -898.734192
v -39.682541 -0.510984 -924.050659
v -39.682541 1.477611 -949.367065
v -39.682541 1.907807 -974.683533
v -39.682541 0.521359 -1000.000000
v -23.809525 1.520417 1000.000000
v -23.809525 1.102791 974.683533
v -23.809525 1.064144 949.367065
v -23.809525 0.953761 924.050659
v -23.809525 0.597740 898.734192
v -23.809525 0.185984 873.417725
v -23.809525 0.015387 848.101257
v -23.809525 0.528094 822.784790
v -23.809525 0.366552 797.468384
v -23.809525 0.734362 772.151917
v -23.809525 0.602201 746.835449
v -23.809525 1.005700 721.518982
v -23.809525 0.422313 696.202515
v -23.809525 1.906918 670.886047
v -23.809525 2.911646 645.569641
v -23.809525 0.585236 620.253174
v -23.809525 3.939070 594.936707
v -23.809525 1.470228 569.620239
v -23.809525 2.853287 544.303772
v -23.809525 1.524571 518.987366
v -23.809525 3.446744 493.670898
v -23.809525 1.070476 468.354431
v -23.809525 3.860709 443.037964
v -23.809525 3.684795 417.721527
v -23.809525 2.804614 392.405060
v -23.809525 2.384005 367.088593
v -23.809525 3.005745 341.772156
v -23.809525 0.894534 316.455688
v -23.809525 1.254352 291.139252
v -23.809525 1.622696 265.822784
v -23.809525 0.761182 240.506332
v -23.809525 3.415390 215.189880
v -23.809525 2.072614 189.873413
v -23.809525 1.004773 164.556961
v -23.809525 1.525237 139.240509
v -23.809525 1.423422 113.924049
v -23.809525 0.764652 88.607597
v -23.809525 0.800583 63.291138
v -23.809525 3.448070 37.974682
v -23.809525 1.672456 12.658228
v -23.809525 1.876867 -12.658228
v -23.809525 3.063158 -37.974682
v -23.809525 1.161272 -63.291138
v -23.809525 3.392805 -88.607597
v -23.809525 2.707768 -113.924049
v -23.809525 2.975971 -139.240509
v -23.809525 3.508943 -164.556961
v -23.809525 5.799791 -189.873413
v -23.809525 3.570526 -215.189880
v -23.809525 6.347064 -240.506332
v -23.809525 8.439691 -265.822784
v -23.809525 6.097438 -291.139252
v -23.809525 10.340215 -316.455688
v -23.809525 2.818751 -341.772156
v -23.809525 5.151029 -367.088593
v -23.809525 12.203085 -392.405060
v -23.809525 9.606503 -417.721527
v -23.809525 3.582820 -443.037964
v -23.809525 5.181132 -468.354431
v -23.809525 3.534053 -493.670898
v -23.809525 10.899822 -518.987366
v -23.809525 9.209757 -544.303772
v -23.809525 6.224578 -569.620239
v -23.809525 5.245244 -594.936707
v -23.809525 5.986961 -620.253174
v -23.809525 4.082057 -645.569641
v -23.809525 2.557612 -670.886047
v -23.809525 1.436664 -696.202515
v -23.809525 3.296977 -721.518982
v -23.809525 1.308768 -746.835449
v -23.809525 1.823525 -772.151917
v -23.809525 0.239267 -797.468384
v -23.809525 -0.223548 -822.784790
v -23.809525 -1.588300 -848.101257
v -23.809525 -1.474913 -873.417725
v -23.809525 -0.829367 -898.734192
v -23.809525 0.385475 -924.050659
v -23.809525 1.739218 -949.367065
v -23.809525 1.549342 -974.683533
v -23.809525 0.052771 -1000.000000
v -7.936508 0.244133 1000.000000
v -7.936508 -0.030150 974.683533
v -7.936508 0.138702 949.367065
v -7.936508 0.373954 924.050659
v -7.936508 0.313363 898.734192
v -7.936508 0.140426 873.417725
v -7.936508 0.099859 848.101257
v -7.936508 0.158388 822.784790
v -7.936508 0.217054 797.468384
v -7.936508 0.723089 772.151917
v -7.936508 1.871593 746.835449
v -7.936508 0.837040 721.518982
v -7.936508 0.295248 696.202515
v -7.936508 1.650009 670.886047
v -7.936508 2.605031 645.569641
v -7.936508 0.868399 620.253174
v -7.936508 2.695233 594.936707
v -7.936508 3.252166 569.620239
v -7.936508 1.636109 544.303772
v -7.936508 3.083881 518.987366
v -7.936508 3.558589 493.670898
v -7.936508 1.074508 468.354431
v -7.936508 3.622431 443.037964
v -7.936508 2.559934 417.721527
v -7.936508 2.065822 392.405060
v -7.936508 2.088797 367.088593
v -7.936508 4.146945 341.772156
v -7.936508 3.622733 316.455688
v -7.936508 2.887493 291.139252
v -7.936508 4.499177 265.822784
v -7.936508 1.252689 240.506332
v -7.936508 1.963898 215.189880
v -7.936508 3.336991 189.873413
v -7.936508 1.248601 164.556961
v -7.936508 1.091318 139.240509
v -7.936508 2.821621 113.924049
v -7.936508 1.794327 88.607597
v -7.936508 2.378178 63.291138
v -7.936508 0.833236 37.974682
v -7.936508 1.783997 12.658228
v -7.936508 2.632659 -12.658228
v -7.936508 0.962094 -37.974682
v -7.936508 1.493586 -63.291138
v -7.936508 1.939557 -88.607597
v -7.936508 3.526490 -113.924049
v -7.936508 2.141122 -139.240509
v -7.936508 3.441836 -164.556961
v -7.936508 2.336632 -189.873413
v -7.936508 2.852106 -215.189880
v -7.936508 3.971413 -240.506332
v -7.936508 2.014591 -265.822784
v -7.936508 1.458016 -291.139252
v -7.936508 1.831263 -316.455688
v -7.936508 7.401715 -341.772156
v -7.936508 8.709382 -367.088593
v -7.936508 5.373345 -392.405060
v -7.936508 4.461630 -417.721527
v -7.936508 4.641798 -443.037964
v -7.936508 9.750075 -468.354431
v -7.936508 2.491712 -493.670898
v -7.936508 3.631725 -518.987366
v -7.936508 2.687884 -544.303772
v -7.936508 4.899190 -569.620239
v -7.936508 2.689189 -594.936707
v -7.936508 2.244389 -620.253174
v -7.936508 3.008791 -645.569641
v -7.936508 2.659197 -670.886047
v -7.936508 1.647484 -696.202515
v -7.936508 3.014697 -721.518982
v -7.936508 1.155308 -746.835449
v -7.936508 0.850956 -772.151917
v -7.936508 0.291282 -797.468384
v -7.936508 0.046906 -822.784790
v -7.936508 -1.094590 -848.101257
v -7.936508 -0.821132 -873.417725
v -7.936508 -0.164377 -898.734192
v -7.936508 0.882100 -924.050659
v -7.936508 1.909173 -949.367065
v -7.936508 1.512947 -974.683533
v -7.936508 -0.087584 -1000.000000
v 7.936508 -0.116033 1000.000000
v 7.936508 -0.461594 974.683533
v 7.936508 -0.481087 949.367065
v 7.936508 -0.348037 924.050659
v 7.936508 -0.325118 898.734192
v 7.936508 -0.173603 873.417725
v 7.936508 0.045716 848.101257
v 7.936508 0.637091 822.784790
v 7.936508 1.159910 797.468384
v 7.936508 0.246672 772.151917
v 7.936508 1.525539 746.835449
v 7.936508 1.792970 721.518982
v 7.936508 1.695586 696.202515
v 7.936508 2.046402 670.886047
v 7.936508 5.144470 645.569641
v 7.936508 0.543918 620.253174
v 7.936508 4.804943 594.936707
v 7.936508 2.576873 569.620239
v 7.936508 4.020099 544.303772
v 7.936508 4.835486 518.987366
v 7.936508 5.791822 493.670898
v 7.936508 4.853669 468.354431
v 7.936508 4.092346 443.037964
v 7.936508 6.789017 417.721527
v 7.936508 2.110622 392.405060
v 7.936508 5.782458 367.088593
v 7.936508 7.250989 341.772156
v 7.936508 2.631844 316.455688
v 7.936508 8.252993 291.139252
v 7.936508 6.367614 265.822784
v 7.936508 1.934228 240.506332
v 7.936508 3.068286 215.189880
v 7.936508 4.045439 189.873413
v 7.936508 3.011967 164.556961
v 7.936508 2.215239 139.240509
v 7.936508 2.869482 113.924049
v 7.936508 2.650937 88.607597
v 7.936508 1.911594 63.291138
v 7.936508 1.454213 37.974682
v 7.936508 1.521259 12.658228
v 7.936508 1.356538 -12.658228
v 7.936508 1.153299 -37.974682
v 7.936508 1.491236 -63.291138
v 7.936508 1.610224 -88.607597
v 7.936508 2.050189 -113.924049
v 7.936508 1.939021 -139.240509
v 7.936508 1.815699 -164.556961
v 7.936508 1.416142 -189.873413
v 7.936508 2.088820 -215.189880
v 7.936508 2.716761 -240.506332
v 7.936508 1.397992 -265.822784
v 7.936508 2.079312 -291.139252
v 7.936508 2.469460 -316.455688
v 7.936508 2.002925 -341.772156
v 7.936508 4.569019 -367.088593
v 7.936508 4.140960 -392.405060
v 7.936508 2.985713 -417.721527
v 7.936508 4.403816 -443.037964
v 7.936508 4.949376 -468.354431
v 7.936508 3.187131 -493.670898
v 7.936508 1.776118 -518.987366
v 7.936508 2.718819 -544.303772
v 7.936508 2.907811 -569.620239
v 7.936508 2.673695 -594.936707
v 7.936508 2.621047 -620.253174
v 7.936508 0.997717 -645.569641
v 7.936508 3.013737 -670.886047
v 7.936508 0.454463 -696.202515
v 7.936508 1.253686 -721.518982
v 7.936508 0.605334 -746.835449
v 7.936508 0.659009 -772.151917
v 7.936508 0.363170 -797.468384
v 7.936508 -0.032038 -822.784790
v 7.936508 -0.694828 -848.101257
v 7.936508 -0.586408 -873.417725
v 7.936508 0.176130 -898.734192
v 7.936508 1.184140 -924.050659
v 7.936508 2.266646 -949.367065
v 7.936508 1.935580 -974.683533
v 7.936508 0.139568 -1000.000000
v 23.809525 -0.346190 1000.000000
v 23.809525 -0.980538 974.683533
v 23.809525 -1.314199 949.367065
v 23.809525 -1.389496 924.050659
v 23.809525 -1.468393 898.734192
v 23.809525 -1.165402 873.417725
v 23.809525 -0.019661 848.101257
v 23.809525 0.936119 822.784790
v 23.809525 0.928312 797.468384
v 23.809525 0.871755 772.151917
v 23.809525 2.316473 746.835449
v 23.809525 1.911531 721.518982
v 23.809525 1.113908 696.202515
v 23.809525 3.469353 670.886047
v 23.809525 4.514835 645.569641
v 23.809525 4.967817 620.253174
v 23.809525 4.248034 594.936707
v 23.809525 3.441232 569.620239
v 23.809525 6.563361 544.303772
v 23.809525 2.517225 518.987366
v 23.809525 8.043028 493.670898
v 23.809525 7.210781 468.354431
v 23.809525 8.276383 443.037964
v 23.809525 14.218877 417.721527
v 23.809525 9.590492 392.405060
v 23.809525 4.561502 367.088593
v 23.809525 4.230189 341.772156
v 23.809525 3.231056 316.455688
v 23.809525 8.473009 291.139252
v 23.809525 4.810051 265.822784
v 23.809525 5.433393 240.506332
v 23.809525 5.988010 215.189880
v 23.809525 2.956251 189.873413
v 23.809525 5.521043 164.556961
v 23.809525 6.560884 139.240509
v 23.809525 2.155552 113.924049
v 23.809525 4.169741 88.607597
v 23.809525 2.871131 63.291138
v 23.809525 2.829991 37.974682
v 23.809525 2.351790 12.658228
v 23.809525 1.422415 -12.658228
v 23.809525 0.894384 -37.974682
v 23.809525 2.139004 -63.291138
v 23.809525 1.515300 -88.607597
v 23.809525 1.448384 -113.924049
v 23.809525 0.765233 -139.240509
v 23.809525 0.962619 -164.556961
v 23.809525 1.534452 -189.873413
v 23.809525 1.174903 -215.189880
v 23.809525 2.107522 -240.506332
v 23.809525 0.948925 -265.822784
v 23.809525 2.477267 -291.139252
v 23.809525 1.375628 -316.455688
v 23.809525 3.463499 -341.772156
v 23.809525 1.447787 -367.088593
v 23.809525 1.029972 -392.405060
v 23.809525 2.210660 -417.721527
v 23.809525 1.105430 -443.037964
v 23.809525 0.902587 -468.354431
v 23.809525 3.478753 -493.670898
v 23.809525 1.429378 -518.987366
v 23.809525 2.934841 -544.303772
v 23.809525 3.061345 -569.620239
v 23.809525 0.836741 -594.936707
v 23.809525 1.714458 -620.253174
v 23.809525 0.847839 -645.569641
v 23.809525 1.052917 -670.886047
v 23.809525 0.602272 -696.202515
v 23.809525 1.257802 -721.518982
v 23.809525 1.234496 -746.835449
v 23.809525 0.637636 -772.151917
v 23.809525 0.433463 -797.468384
v 23.809525 -0.032330 -822.784790
v 23.809525 -0.549959 -848.101257
v 23.809525 -0.284167 -873.417725
v 23.809525 0.515977 -898.734192
v 23.809525 1.673741 -924.050659
v 23.809525 2.770352 -949.367065
v 23.809525 2.277237 -974.683533
v 23.809525 0.236538 -1000.000000
v 39.682541 -0.611311 1000.000000
v 39.682541 -1.780004 974.683533
v 39.682541 -2.419744 949.367065
v 39.682541 -2.685553 924.050659
v 39.682541 -3.084390 898.734192
v 39.682541 -2.517915 873.417725
v 39.682541 -0.099734 848.101257
v 39.682541 1.304809 822.784790
v 39.682541 0.829842 797.468384
v 39.682541 2.040090 772.151917
v 39.682541 3.443935 746.835449
v 39.682541 3.562047 721.518982
v 39.682541 3.839423 696.202515
v 39.682541 2.861866 670.886047
v 39.682541 8.391611 645.569641
v 39.682541 8.127085 620.253174
v 39.682541 7.253010 594.936707
v 39.682541 8.242153 569.620239
v 39.682541 5.699781 544.303772
v 39.682541 2.544908 518.987366
v 39.682541 13.090424 493.670898
v 39.682541 6.750363 468.354431
v 39.682541 7.789032 443.037964
v 39.682541 2.304154 417.721527
v 39.682541 6.135024 392.405060
v 39.682541 9.614163 367.088593
v 39.682541 10.685740 341.772156
v 39.682541 10.446143 316.455688
v 39.682541 10.792389 291.139252
v 39.682541 13.014019 265.822784
v 39.682541 10.016761 240.506332
v 39.682541 5.772084 215.189880
v 39.682541 2.999643 189.873413
v 39.682541 4.164986 164.556961
v 39.682541 3.846359 139.240509
v 39.682541 4.028074 113.924049
v 39.682541 2.905765 88.607597
v 39.682541 4.014647 63.291138
v 39.682541 5.197612 37.974682
v 39.682541 3.280025 12.658228
v 39.682541 2.637962 -12.658228
v 39.682541 2.007752 -37.974682
v 39.682541 1.900684 -63.291138
v 39.682541 1.552058 -88.607597
v 39.682541 2.136888 -113.924049
v 39.682541 1.724734 -139.240509
v 39.682541 2.132725 -164.556961
v 39.682541 2.501412 -189.873413
v 39.682541 1.977853 -215.189880
v 39.682541 1.873597 -240.506332
v 39.682541 1.705622 -265.822784
v 39.682541 1.437143 -291.139252
v 39.682541 1.509408 -316.455688
v 39.682541 1.521628 -341.772156
v 39.682541 1.834837 -367.088593
v 39.682541 1.351281 -392.405060
v 39.682541 1.321852 -417.721527
v 39.682541 1.711474 -443.037964
v 39.682541 2.284473 -468.354431
v 39.682541 1.412971 -493.670898
v 39.682541 2.168801 -518.987366
v 39.682541 1.900676 -544.303772
v 39.682541 1.526971 -569.620239
v 39.682541 0.877022 -594.936707
v 39.682541 1.642964 -620.253174
v 39.682541 1.097519 -645.569641
v 39.682541 0.932450 -670.886047
v 39.682541 0.326442 -696.202515
v 39.682541 0.744673 -721.518982
v 39.682541 0.511414 -746.835449
v 39.682541 0.612895 -772.151917
v 39.682541 0.207304 -797.468384
v 39.682541 -0.207377 -822.784790
v 39.682541 -0.450348 -848.101257
v 39.682541 -0.147376 -873.417725
v 39.682541 0.926429 -898.734192
v 39.682541 2.240386 -924.050659
v 39.682541 3.023488 -949.367065
v 39.682541 1.997272 -974.683533
v 39.682541 0.001218 -1000.000000
v 55.555557 -0.828016 1000.000000
v 55.555557 -2.750082 974.683533
v 55.555557 -3.384044 949.367065
v 55.555557 -3.515103 924.050659
v 55.555557 -4.285931 898.734192
v 55.555557 -3.626457 873.417725
v 55.555557 -0.456464 848.101257
v 55.555557 2.231577 822.784790
v 55.555557 0.990507 797.468384
v 55.555557 2.313171 772.151917
v 55.555557 4.568927 746.835449
v 55.555557 4.296062 721.518982
v 55.555557 8.730651 696.202515
v 55.555557 17.169376 670.886047
v 55.555557 31.060923 645.569641
v 55.555557 38.748528 620.253174
v 55.555557 38.500996 594.936707
v 55.555557 34.725346 569.620239
v 55.555557 35.033127 544.303772
v 55.555557 40.468113 518.987366
v 55.555557 49.555153 493.670898
v 55.555557 66.536713 468.354431
v 55.555557 79.625771 443.037964
v 55.555557 91.256088 417.721527
v 55.555557 105.934822 392.405060
v 55.555557 83.533653 367.088593
v 55.555557 55.038742 341.772156
v 55.555557 34.724022 316.455688
v 55.555557 24.573929 291.139252
v 55.555557 22.643122 265.822784
v 55.555557 11.208193 240.506332
v 55.555557 6.453759 215.189880
v 55.555557 3.122746 189.873413
v 55.555557 12.935861 164.556961
v 55.555557 11.464785 139.240509
v 55.555557 8.486691 113.924049
v 55.555557 2.944787 88.607597
v 55.555557 3.432457 63.291138
v 55.555557 6.058486 37.974682
v 55.555557 3.098284 12.658228
v 55.555557 5.945809 -12.658228
v 55.555557 3.218458 -37.974682
v 55.555557 1.671528 -63.291138
v 55.555557 3.134115 -88.607597
v 55.555557 2.426876 -113.924049
v 55.555557 3.119743 -139.240509
v 55.555557 2.070592 -164.556961
v 55.555557 2.474088 -189.873413
v 55.555557 1.634682 -215.189880
v 55.555557 1.980006 -240.506332
v 55.555557 1.930986 -265.822784
v 55.555557 1.962986 -291.139252
v 55.555557 2.285722 -316.455688
v 55.555557 1.244265 -341.772156
v 55.555557 1.417694 -367.088593
v 55.555557 0.759587 -392.405060
v 55.555557 0.850677 -417.721527
v 55.555557 1.875415 -443.037964
v 55.555557 2.013050 -468.354431
v 55.555557 1.908285 -493.670898
v 55.555557 1.948917 -518.987366
v 55.555557 1.315847 -544.303772
v 55.555557 1.089905 -569.620239
v 55.555557 0.806924 -594.936707
v 55.555557 1.270601 -620.253174
v 55.555557 1.040402 -645.569641
v 55.555557 1.072061 -670.886047
v 55.555557 0.604558 -696.202515
v 55.555557 0.169522 -721.518982
v 55.555557 0.853310 -746.835449
v 55.555557 0.892170 -772.151917
v 55.555557 0.355246 -797.468384
v 55.555557 0.095711 -822.784790
v 55.555557 -0.811923 -848.101257
v 55.555557 -0.272354 -873.417725
v 55.555557 1.392359 -898.734192
v 55.555557 2.637881 -924.050659
v 55.555557 2.323889 -949.367065
v 55.555557 0.483720 -974.683533
v 55.555557 -0.627928 -1000.000000
v 71.428574 -0.784227 1000.000000
v 71.428574 -3.542292 974.683533
v 71.428574 -3.475083 949.367065
v 71.428574 -2.794515 924.050659
v 71.428574 -4.152991 898.734192
v 71.428574 -3.785169 873.417725
v 71.428574 -0.499071 848.101257
v 71.428574 1.188104 822.784790
v 71.428574 4.336164 797.468384
v 71.428574 17.197472 772.151917
v 71.428574 43.031715 746.835449
v 71.428574 78.753433 721.518982
v 71.428574 103.406883 696.202515
v 71.428574 105.911133 670.886047
v 71.428574 88.326546 645.569641
v 71.428574 79.108147 620.253174
v 71.428574 74.159004 594.936707
v 71.428574 74.207916 569.620239
v 71.428574 75.510872 544.303772
v 71.428574 81.713783 518.987366
v 71.428574 92.717735 493.670898
v 71.428574 111.141373 468.354431
v 71.428574 106.391197 443.037964
v 71.428574 103.883591 417.721527
v 71.428574 109.495941 392.405060
v 71.428574 105.332458 367.088593
v 71.428574 104.334274 341.772156
v 71.428574 90.276237 316.455688
v 71.428574 69.742867 291.139252
v 71.428574 47.583183 265.822784
v 71.428574 49.809471 240.506332
v 71.428574 43.740082 215.189880
v 71.428574 37.645489 189.873413
v 71.428574 21.500868 164.556961
v 71.428574 10.702889 139.240509
v 71.428574 5.873001 113.924049
v 71.428574 7.565855 88.607597
v 71.428574 6.711034 63.291138
v 71.428574 2.036897 37.974682
v 71.428574 4.780336 12.658228
v 71.428574 4.388292 -12.658228
v 71.428574 8.311701 -37.974682
v 71.428574 5.081944 -63.291138
v 71.428574 4.191366 -88.607597
v 71.428574 4.236268 -113.924049
v 71.428574 2.842394 -139.240509
v 71.428574 2.803282 -164.556961
v 71.428574 0.306806 -189.873413
v 71.428574 2.897328 -215.189880
v 71.428574 0.691077 -240.506332
v 71.428574 1.862827 -265.822784
v 71.428574 1.489054 -291.139252
v 71.428574 0.986699 -316.455688
v 71.428574 1.738255 -341.772156
v 71.428574 1.520161 -367.088593
v 71.428574 2.987276 -392.405060
v 71.428574 3.260581 -417.721527
v 71.428574 1.425643 -443.037964
v 71.428574 0.908532 -468.354431
v 71.428574 1.155405 -493.670898
v 71.428574 0.833224 -518.987366
v 71.428574 0.302698 -544.303772
v 71.428574 0.577613 -569.620239
v 71.428574 1.614222 -594.936707
v 71.428574 2.302368 -620.253174
v 71.428574 1.582142 -645.569641
v 71.428574 1.202437 -670.886047
v 71.428574 2.698752 -696.202515
v 71.428574 1.148700 -721.518982
v 71.428574 0.706332 -746.835449
v 71.428574 1.392662 -772.151917
v 71.428574 1.036248 -797.468384
v 71.428574 0.735539 -822.784790
v 71.428574 -0.972853 -848.101257
v 71.428574 -0.529626 -873.417725
v 71.428574 1.513488 -898.734192
v 71.428574 2.192352 -924.050659
v 71.428574 0.208041 -949.367065
v 71.428574 -2.386948 -974.683533
v 71.428574 -1.384557 -1000.000000
v 87.301590 -0.359302 1000.000000
v 87.301590 -3.902644 974.683533
v 87.301590 -2.270736 949.367065
v 87.301590 0.028012 924.050659
v 87.301590 -2.037107 898.734192
v 87.301590 -1.584044 873.417725
v 87.301590 9.105258 848.101257
v 87.301590 21.175184 822.784790
v 87.301590 45.798683 797.468384
v 87.301590 75.201920 772.151917
v 87.301590 103.247437 746.835449
v 87.301590 104.337837 721.518982
v 87.301590 106.022728 696.202515
v 87.301590 105.161926 670.886047
v 87.301590 106.076950 645.569641
v 87.301590 104.904617 620.253174
v 87.301590 107.533173 594.936707
v 87.301590 114.052162 569.620239
v 87.301590 108.457207 544.303772
v 87.301590 106.235359 518.987366
v 87.301590 108.225258 493.670898
v 87.301590 112.206657 468.354431
v 87.301590 110.630035 443.037964
v 87.301590 106.105171 417.721527
v 87.301590 103.905510 392.405060
v 87.301590 106.900314 367.088593
v 87.301590 107.700905 341.772156
v 87.301590 106.688797 316.455688
v 87.301590 111.275864 291.139252
v 87.301590 85.959389 265.822784
v 87.301590 79.218140 240.506332
v 87.301590 73.420738 215.189880
v 87.301590 65.177086 189.873413
v 87.301590 66.248322 164.556961
v 87.301590 71.257004 139.240509
v 87.301590 59.577877 113.924049
v 87.301590 40.968922 88.607597
v 87.301590 9.273881 63.291138
v 87.301590 8.096048 37.974682
v 87.301590 7.999351 12.658228
v 87.301590 7.531435 -12.658228
v 87.301590 6.171341 -37.974682
v 87.301590 5.982005 -63.291138
v 87.301590 5.831417 -88.607597
v 87.301590 5.062990 -113.924049
v 87.301590 4.449463 -139.240509
v 87.301590 4.810731 -164.556961
v 87.301590 4.361225 -189.873413
v 87.301590 3.102886 -215.189880
v 87.301590 3.800959 -240.506332
v 87.301590 3.038655 -265.822784
v 87.301590 2.896850 -291.139252
v 87.301590 2.242933 -316.455688
v 87.301590 2.142045 -341.772156
v 87.301590 1.558020 -367.088593
v 87.301590 1.032440 -392.405060
v 87.301590 1.595103 -417.721527
v 87.301590 1.253980 -443.037964
v 87.301590 1.231061 -468.354431
v 87.301590 1.472976 -493.670898
v 87.301590 1.212571 -518.987366
v 87.301590 2.486824 -544.303772
v 87.301590 2.452349 -569.620239
v 87.301590 1.643418 -594.936707
v 87.301590 1.660153 -620.253174
v 87.301590 2.069593 -645.569641
v 87.301590 1.255845 -670.886047
v 87.301590 1.956504 -696.202515
v 87.301590 0.766689 -721.518982
v 87.301590 1.103400 -746.835449
v 87.301590 2.514043 -772.151917
v 87.301590 1.323393 -797.468384
v 87.301590 0.223670 -822.784790
v 87.301590 -1.291460 -848.101257
v 87.301590 -1.865472 -873.417725
v 87.301590 1.020959 -898.734192
v 87.301590 0.960355 -924.050659
v 87.301590 -2.894568 -949.367065
v 87.301590 -5.683649 -974.683533
v 87.301590 -1.453854 -1000.000000
v 103.174606 0.091008 1000.000000
v 103.174606 -4.266349 974.683533
v 103.174606 -0.247583 949.367065
v 103.174606 6.964706 924.050659
v 103.174606 10.594499 898.734192
v 103.174606 17.919497 873.417725
v 103.174606 33.858295 848.101257
v 103.174606 55.430962 822.784790
v 103.174606 88.163284 797.468384
v 103.174606 98.567619 772.151917
v 103.174606 103.098335 746.835449
v 103.174606 103.963631 721.518982
v 103.174606 105.372902 696.202515
v 103.174606 106.360527 670.886047
v 103.174606 108.227905 645.569641
v 103.174606 112.324203 620.253174
v 103.174606 110.184906 594.936707
v 103.174606 111.937355 569.620239
v 103.174606 104.865265 544.303772
v 103.174606 106.780869 518.987366
v 103.174606 109.384628 493.670898
v 103.174606 112.617371 468.354431
v 103.174606 107.728989 443.037964
v 103.174606 106.961945 417.721527
v 103.174606 105.717613 392.405060
v 103.174606 111.282928 367.088593
v 103.174606 108.947739 341.772156
v 103.174606 102.551857 316.455688
v 103.174606 104.893745 291.139252
v 103.174606 103.061844 265.822784
v 103.174606 111.727440 240.506332
v 103.174606 107.368195 215.189880
v 103.174606 105.449570 189.873413
v 103.174606 104.823921 164.556961
v 103.174606 112.794189 139.240509
v 103.174606 111.987717 113.924049
v 103.174606 113.281303 88.607597
v 103.174606 108.069321 63.291138
v 103.174606 62.806965 37.974682
v 103.174606 28.551006 12.658228
v 103.174606 17.163465 -12.658228
v 103.174606 5.995940 -37.974682
v 103.174606 4.292972 -63.291138
v 103.174606 15.398460 -88.607597
v 103.174606 2.371096 -113.924049
v 103.174606 3.563564 -139.240509
v 103.174606 5.611033 -164.556961
v 103.174606 5.143285 -189.873413
v 103.174606 4.486519 -215.189880
v 103.174606 5.989489 -240.506332
v 103.174606 4.686738 -265.822784
v 103.174606 1.708313 -291.139252
v 103.174606 2.865094 -316.455688
v 103.174606 2.179374 -341.772156
v 103.174606 3.751811 -367.088593
v 103.174606 2.028907 -392.405060
v 103.174606 1.918271 -417.721527
v 103.174606 2.155177 -443.037964
v 103.174606 1.106244 -468.354431
v 103.174606 2.412660 -493.670898
v 103.174606 2.752975 -518.987366
v 103.174606 2.117746 -544.303772
v 103.174606 3.234309 -569.620239
v 103.174606 1.922105 -594.936707
v 103.174606 0.347605 -620.253174
v 103.174606 0.927832 -645.569641
v 103.174606 1.194372 -670.886047
v 103.174606 2.985450 -696.202515
v 103.174606 2.324159 -721.518982
v 103.174606 3.527876 -746.835449
v 103.174606 2.411964 -772.151917
v 103.174606 2.342612 -797.468384
v 103.174606 0.558806 -822.784790
v 103.174606 -2.728154 -848.101257
v 103.174606 -2.782725 -873.417725
v 103.174606 -0.177745 -898.734192
v 103.174606 -0.195774 -924.050659
v 103.174606 -2.796201 -949.367065
v 103.174606 -4.900167 -974.683533
v 103.174606 0.784873 -1000.000000
v 119.047623 1.726163 1000.000000
v 119.047623 -0.657526 974.683533
v 119.047623 6.938313 949.367065
v 119.047623 16.719971 924.050659
v 119.047623 23.981434 898.734192
v 119.047623 35.115528 873.417725
v 119.047623 56.672413 848.101257
v 119.047623 80.949997 822.784790
v 119.047623 94.484711 797.468384
v 119.047623 98.111702 772.151917
v 119.047623 105.061165 746.835449
v 119.047623 106.727898 721.518982
v 119.047623 104.614853 696.202515
v 119.047623 105.105057 670.886047
v 119.047623 100.938599 645.569641
v 119.047623 104.586639 620.253174
v 119.047623 103.999100 594.936707
v 119.047623 107.949135 569.620239
v 119.047623 106.512245 544.303772
v 119.047623 103.688934 518.987366
v 119.047623 109.761719 493.670898
v 119.047623 104.437584 468.354431
v 119.047623 117.159996 443.037964
v 119.047623 108.090775 417.721527
v 119.047623 106.573967 392.405060
v 119.047623 109.184013 367.088593
v 119.047623 120.000000 341.772156
v 119.047623 113.283089 316.455688
v 119.047623 115.032036 291.139252
v 119.047623 109.131485 265.822784
v 119.047623 107.041115 240.506332
v 119.047623 109.121262 215.189880
v 119.047623 115.612427 189.873413
v 119.047623 110.593643 164.556961
v 119.047623 104.090630 139.240509
v 119.047623 112.761131 113.924049
v 119.047623 105.454437 88.607597
v 119.047623 115.199448 63.291138
v 119.047623 114.284416 37.974682
v 119.047623 95.301430 12.658228
v 119.047623 53.650444 -12.658228
v 119.047623 43.442024 -37.974682
v 119.047623 25.684238 -63.291138
v 119.047623 11.387003 -88.607597
v 119.047623 18.235163 -113.924049
v 119.047623 9.907421 -139.240509
v 119.047623 5.529114 -164.556961
v 119.047623 9.754858 -189.873413
v 119.047623 6.035927 -215.189880
v 119.047623 7.153186 -240.506332
v 119.047623 4.951792 -265.822784
v 119.047623 8.242781 -291.139252
v 119.047623 4.351874 -316.455688
v 119.047623 5.680498 -341.772156
v 119.047623 4.534535 -367.088593
v 119.047623 2.786576 -392.405060
v 119.047623 5.661964 -417.721527
v 119.047623 4.625221 -443.037964
v 119.047623 4.587183 -468.354431
v 119.047623 4.492140 -493.670898
v 119.047623 1.498096 -518.987366
v 119.047623 4.515931 -544.303772
v 119.047623 8.083100 -569.620239
v 119.047623 2.112474 -594.936707
v 119.047623 4.294076 -620.253174
v 119.047623 4.907269 -645.569641
v 119.047623 4.259717 -670.886047
v 119.047623 3.488724 -696.202515
v 119.047623 2.827958 -721.518982
v 119.047623 1.590253 -746.835449
v 119.047623 0.875900 -772.151917
v 119.047623 2.241147 -797.468384
v 119.047623 1.090746 -822.784790
v 119.047623 -1.068007 -848.101257
v 119.047623 14.746900 -873.417725
v 119.047623 19.694838 -898.734192
v 119.047623 13.618394 -924.050659
v 119.047623 4.560265 -949.367065
v 119.047623 0.832197 -974.683533
v 119.047623 6.077243 -1000.000000
v 134.920639 4.149086 1000.000000
v 134.920639 3.940748 974.683533
v 134.920639 12.375263 949.367065
v 134.920639 23.535643 924.050659
v 134.920639 34.514072 898.734192
v 134.920639 48.161114 873.417725
v 134.920639 65.890678 848.101257
v 134.920639 81.269211 822.784790
v 134.920639 95.439445 797.468384
v 134.920639 99.127609 772.151917
v 134.920639 106.505653 746.835449
v 134.920639 101.806099 721.518982
v 134.920639 106.049927 696.202515
v 134.920639 106.819275 670.886047
v 134.920639 103.517662 645.569641
v 134.920639 109.382332 620.253174
v 134.920639 104.413948 594.936707
v 134.920639 105.625641 569.620239
v 134.920639 106.396530 544.303772
v 134.920639 106.785950 518.987366
v 134.920639 117.244141 493.670898
v 134.920639 106.582870 468.354431
v 134.920639 108.300133 443.037964
v 134.920639 105.997978 417.721527
v 134.920639 114.538406 392.405060
v 134.920639 107.769112 367.088593
v 134.920639 110.787567 341.772156
v 134.920639 112.381378 316.455688
v 134.920639 114.260971 291.139252
v 134.920639 105.347939 265.822784
v 134.920639 108.244835 240.506332
v 134.920639 112.231606 215.189880
v 134.920639 111.549149 189.873413
v 134.920639 106.154427 164.556961
v 134.920639 108.172188 139.240509
v 134.920639 111.759224 113.924049
v 134.920639 108.400368 88.607597
v 134.920639 113.135010 63.291138
v 134.920639 110.030418 37.974682
v 134.920639 108.670502 12.658228
v 134.920639 106.347984 -12.658228
v 134.920639 79.512146 -37.974682
v 134.920639 60.477348 -63.291138
v 134.920639 49.008842 -88.607597
v 134.920639 40.783482 -113.924049
v 134.920639 31.813585 -139.240509
v 134.920639 24.054399 -164.556961
v 134.920639 9.751405 -189.873413
v 134.920639 8.227822 -215.189880
v 134.920639 9.464990 -240.506332
v 134.920639 6.330644 -265.822784
v 134.920639 8.061795 -291.139252
v 134.920639 5.601343 -316.455688
v 134.920639 4.040442 -341.772156
v 134.920639 8.279941 -367.088593
v 134.920639 5.844648 -392.405060
v 134.920639 4.524213 -417.721527
v 134.920639 4.798894 -443.037964
v 134.920639 7.306822 -468.354431
v 134.920639 6.205133 -493.670898
v 134.920639 3.503806 -518.987366
v 134.920639 5.731933 -544.303772
v 134.920639 3.448426 -569.620239
v 134.920639 4.122709 -594.936707
v 134.920639 4.372310 -620.253174
v 134.920639 2.853911 -645.569641
v 134.920639 2.527952 -670.886047
v 134.920639 2.562120 -696.202515
v 134.920639 6.629254 -721.518982
v 134.920639 2.403152 -746.835449
v 134.920639 12.661048 -772.151917
v 134.920639 25.178854 -797.468384
v 134.920639 47.365746 -822.784790
v 134.920639 63.625729 -848.101257
v 134.920639 48.611916 -873.417725
v 134.920639 35.923679 -898.734192
v 134.920639 22.423923 -924.050659
v 134.920639 11.274100 -949.367065
v 134.920639 7.270931 -974.683533
v 134.920639 11.752295 -1000.000000
v 150.793655 6.095726 1000.000000
v 150.793655 7.540889 974.683533
v 150.793655 14.372872 949.367065
v 150.793655 22.965483 924.050659
v 150.793655 33.256840 898.734192
v 150.793655 47.383904 873.417725
v 150.793655 65.095428 848.101257
v 150.793655 81.659912 822.784790
v 150.793655 94.706261 797.468384
v 150.793655 103.162292 772.151917
v 150.793655 106.004784 746.835449
v 150.793655 104.387192 721.518982
v 150.793655 105.440231 696.202515
v 150.793655 104.670555 670.886047
v 150.793655 102.866470 645.569641
v 150.793655 110.106544 620.253174
v 150.793655 104.853844 594.936707
v 150.793655 106.159576 569.620239
v 150.793655 105.277802 544.303772
v 150.793655 113.334511 518.987366
v 150.793655 105.633423 493.670898
v 150.793655 102.953629 468.354431
v 150.793655 102.789948 443.037964
v 150.793655 109.853249 417.721527
v 150.793655 108.863762 392.405060
v 150.793655 112.585472 367.088593
v 150.793655 107.335541 341.772156
v 150.793655 113.491539 316.455688
v 150.793655 106.154945 291.139252
v 150.793655 107.387337 265.822784
v 150.793655 112.476952 240.506332
v 150.793655 106.689850 215.189880
v 150.793655 102.110481 189.873413
v 150.793655 106.685219 164.556961
v 150.793655 102.691101 139.240509
v 150.793655 109.307938 113.924049
v 150.793655 118.048973 88.607597
v 150.793655 103.515663 63.291138
v 150.793655 105.239540 37.974682
v 150.793655 107.095840 12.658228
v 150.793655 112.890762 -12.658228
v 150.793655 108.630989 -37.974682
v 150.793655 103.451241 -63.291138
v 150.793655 86.677231 -88.607597
v 150.793655 82.730042 -113.924049
v 150.793655 81.378548 -139.240509
v 150.793655 73.495689 -164.556961
v 150.793655 82.669762 -189.873413
v 150.793655 78.901962 -215.189880
v 150.793655 63.765564 -240.506332
v 150.793655 37.436623 -265.822784
v 150.793655 17.527109 -291.139252
v 150.793655 4.084168 -316.455688
v 150.793655 11.005578 -341.772156
v 150.793655 17.557514 -367.088593
v 150.793655 1.624367 -392.405060
v 150.793655 4.798149 -417.721527
v 150.793655 8.736865 -443.037964
v 150.793655 14.054291 -468.354431
v 150.793655 5.309747 -493.670898
v 150.793655 8.925059 -518.987366
v 150.793655 9.800869 -544.303772
v 150.793655 5.100940 -569.620239
v 150.793655 10.300099 -594.936707
v 150.793655 4.058414 -620.253174
v 150.793655 5.078893 -645.569641
v 150.793655 14.835199 -670.886047
v 150.793655 19.311150 -696.202515
v 150.793655 28.721167 -721.518982
v 150.793655 39.172333 -746.835449
v 150.793655 54.948025 -772.151917
v 150.793655 78.351082 -797.468384
v 150.793655 78.443687 -822.784790
v 150.793655 65.028297 -848.101257
v 150.793655 50.888062 -873.417725
v 150.793655 37.058807 -898.734192
v 150.793655 23.121946 -924.050659
v 150.793655 13.480523 -949.367065
v 150.793655 11.136609 -974.683533
v 150.793655 15.120618 -1000.000000
v 166.666672 6.875200 1000.000000
v 166.666672 10.532054 974.683533
v 166.666672 16.921883 949.367065
v 166.666672 23.851656 924.050659
v 166.666672 33.467339 898.734192
v 166.666672 47.886524 873.417725
v 166.666672 63.978424 848.101257
v 166.666672 80.899353 822.784790
v 166.666672 94.108627 797.468384
v 166.666672 101.524963 772.151917
v 166.666672 101.185562 746.835449
v 166.666672 104.082924 721.518982
v 166.666672 106.274269 696.202515
v 166.666672 105.733879 670.886047
v 166.666672 103.563309 645.569641
v 166.666672 110.524178 620.253174
v 166.666672 104.800293 594.936707
v 166.666672 110.188660 569.620239
v 166.666672 102.292526 544.303772
v 166.666672 112.009254 518.987366
v 166.666672 102.807434 493.670898
v 166.666672 110.765694 468.354431
v 166.666672 107.339600 443.037964
v 166.666672 107.733009 417.721527
v 166.666672 113.629143 392.405060
v 166.666672 106.943848 367.088593
v 166.666672 110.112968 341.772156
v 166.666672 104.095169 316.455688
v 166.666672 111.881203 291.139252
v 166.666672 116.469635 265.822784
v 166.666672 113.946945 240.506332
v 166.666672 110.798103 215.189880
v 166.666672 113.305923 189.873413
v 166.666672 109.083786 164.556961
v 166.666672 109.429085 139.240509
v 166.666672 106.930305 113.924049
v 166.666672 107.651619 88.607597
v 166.666672 114.343819 63.291138
v 166.666672 107.503983 37.974682
v 166.666672 112.912010 12.658228
v 166.666672 108.569290 -12.658228
v 166.666672 105.643257 -37.974682
v 166.666672 107.681679 -63.291138
v 166.666672 106.108589 -88.607597
v 166.666672 106.659996 -113.924049
v 166.666672 108.958336 -139.240509
v 166.666672 110.685356 -164.556961
v 166.666672 111.188255 -189.873413
v 166.666672 111.640434 -215.189880
v 166.666672 106.034454 -240.506332
v 166.666672 109.008789 -265.822784
v 166.666672 82.956635 -291.139252
v 166.666672 56.052872 -316.455688
v 166.666672 39.290287 -341.772156
v 166.666672 31.317373 -367.088593
v 166.666672 33.873447 -392.405060
v 166.666672 28.612333 -417.721527
v 166.666672 27.694485 -443.037964
v 166.666672 28.245897 -468.354431
v 166.666672 33.753441 -493.670898
v 166.666672 51.419075 -518.987366
v 166.666672 61.798717 -544.303772
v 166.666672 64.512764 -569.620239
v 166.666672 65.685944 -594.936707
v 166.666672 58.622719 -620.253174
v 166.666672 52.721481 -645.569641
v 166.666672 54.506760 -670.886047
v 166.666672 53.485893 -696.202515
v 166.666672 65.735214 -721.518982
v 166.666672 80.564407 -746.835449
v 166.666672 101.633537 -772.151917
v 166.666672 92.965904 -797.468384
v 166.666672 81.228783 -822.784790
v 166.666672 68.150963 -848.101257
v 166.666672 54.196411 -873.417725
v 166.666672 38.121803 -898.734192
v 166.666672 23.611143 -924.050659
v 166.666672 14.351836 -949.367065
v 166.666672 12.278279 -974.683533
v 166.666672 15.085630 -1000.000000
v 182.539688 6.393015 1000.000000
v 182.539688 12.472158 974.683533
v 182.539688 19.844772 949.367065
v 182.539688 26.494400 924.050659
v 182.539688 36.132809 898.734192
v 182.539688 49.323746 873.417725
v 182.539688 64.889183 848.101257
v 182.539688 82.180229 822.784790
v 182.539688 93.656921 797.468384
v 182.539688 101.773567 772.151917
v 182.539688 105.300026 746.835449
v 182.539688 100.771072 721.518982
v 182.539688 107.811172 696.202515
v 182.539688 107.237053 670.886047
v 182.539688 104.604401 645.569641
v 182.539688 105.620171 620.253174
v 182.539688 102.200798 594.936707
v 182.539688 110.037209 569.620239
v 182.539688 104.700043 544.303772
v 182.539688 110.671188 518.987366
v 182.539688 106.198341 493.670898
v 182.539688 119.094658 468.354431
v 182.539688 112.667458 443.037964
v 182.539688 109.392975 417.721527
v 182.539688 105.839081 392.405060
v 182.539688 110.610184 367.088593
v 182.539688 107.303841 341.772156
v 182.539688 104.478027 316.455688
v 182.539688 109.268677 291.139252
v 182.539688 104.987396 265.822784
v 182.539688 114.913239 240.506332
v 182.539688 106.811073 215.189880
v 182.539688 109.535912 189.873413
v 182.539688 107.239876 164.556961
v 182.539688 107.152145 139.240509
v 182.539688 110.381615 113.924049
v 182.539688 107.350441 88.607597
v 182.539688 111.943047 63.291138
v 182.539688 113.014465 37.974682
v 182.539688 112.144951 12.658228
v 182.539688 108.712196 -12.658228
v 182.539688 106.912552 -37.974682
v 182.539688 109.157074 -63.291138
v 182.539688 104.980164 -88.607597
v 182.539688 108.480888 -113.924049
v 182.539688 107.141899 -139.240509
v 182.539688 109.197723 -164.556961
v 182.539688 112.363724 -189.873413
v 182.539688 109.114449 -215.189880
v 182.539688 105.713562 -240.506332
v 182.539688 109.265884 -265.822784
v 182.539688 105.963097 -291.139252
v 182.539688 104.192947 -316.455688
v 182.539688 78.596977 -341.772156
v 182.539688 69.935303 -367.088593
v 182.539688 68.104721 -392.405060
v 182.539688 64.092712 -417.721527
v 182.539688 70.000755 -443.037964
v 182.539688 80.327003 -468.354431
v 182.539688 105.632614 -493.670898
v 182.539688 104.404381 -518.987366
v 182.539688 107.040642 -544.303772
v 182.539688 104.346992 -569.620239
v 182.539688 106.904129 -594.936707
v 182.539688 104.183739 -620.253174
v 182.539688 103.026505 -645.569641
v 182.539688 88.560966 -670.886047
v 182.539688 90.781433 -696.202515
v 182.539688 98.156319 -721.518982
v 182.539688 106.168007 -746.835449
v 182.539688 100.058388 -772.151917
v 182.539688 91.972946 -797.468384
v 182.539688 82.362732 -822.784790
v 182.539688 70.283943 -848.101257
v 182.539688 56.413479 -873.417725
v 182.539688 39.129330 -898.734192
v 182.539688 23.874371 -924.050659
v 182.539688 13.892303 -949.367065
v 182.539688 10.759449 -974.683533
v 182.539688 12.063683 -1000.000000
v 198.412704 5.138718 1000.000000
v 198.412704 13.311697 974.683533
v 198.412704 23.067020 949.367065
v 198.412704 30.944645 924.050659
v 198.412704 40.118225 898.734192
v 198.412704 52.175613 873.417725
v 198.412704 67.178909 848.101257
v 198.412704 82.404007 822.784790
v 198.412704 93.054131 797.468384
v 198.412704 101.208191 772.151917
v 198.412704 106.218063 746.835449
v 198.412704 102.998543 721.518982
v 198.412704 103.635529 696.202515
v 198.412704 106.913895 670.886047
v 198.412704 108.344223 645.569641
v 198.412704 107.044289 620.253174
v 198.412704 104.274666 594.936707
v 198.412704 113.695740 569.620239
v 198.412704 102.966667 544.303772
v 198.412704 117.004379 518.987366
v 198.412704 102.542336 493.670898
v 198.412704 101.412125 468.354431
v 198.412704 111.152809 443.037964
v 198.412704 104.823898 417.721527
v 198.412704 104.197914 392.405060
v 198.412704 107.897377 367.088593
v 198.412704 110.584335 341.772156
v 198.412704 111.067001 316.455688
v 198.412704 110.710091 291.139252
v 198.412704 113.201965 265.822784
v 198.412704 105.650696 240.506332
v 198.412704 116.757133 215.189880
v 198.412704 109.712532 189.873413
v 198.412704 101.890190 164.556961
v 198.412704 114.053207 139.240509
v 198.412704 110.284950 113.924049
v 198.412704 102.764961 88.607597
v 198.412704 110.527023 63.291138
v 198.412704 111.657097 37.974682
v 198.412704 106.642921 12.658228
v 198.412704 107.627068 -12.658228
v 198.412704 115.340324 -37.974682
v 198.412704 104.320572 -63.291138
v 198.412704 111.437729 -88.607597
v 198.412704 112.798683 -113.924049
v 198.412704 107.271233 -139.240509
v 198.412704 112.839783 -164.556961
v 198.412704 112.838211 -189.873413
v 198.412704 110.677277 -215.189880
v 198.412704 114.312820 -240.506332
v 198.412704 112.674011 -265.822784
v 198.412704 116.071114 -291.139252
v 198.412704 119.055237 -316.455688
v 198.412704 109.489098 -341.772156
v 198.412704 106.894157 -367.088593
v 198.412704 96.514626 -392.405060
v 198.412704 94.650528 -417.721527
v 198.412704 104.840866 -443.037964
v 198.412704 110.384682 -468.354431
v 198.412704 104.814407 -493.670898
v 198.412704 113.205116 -518.987366
v 198.412704 109.583450 -544.303772
v 198.412704 111.765564 -569.620239
v 198.412704 113.444214 -594.936707
v 198.412704 107.767334 -620.253174
v 198.412704 105.176750 -645.569641
v 198.412704 106.412682 -670.886047
v 198.412704 108.024307 -696.202515
v 198.412704 103.297165 -721.518982
v 198.412704 102.887436 -746.835449
v 198.412704 103.057404 -772.151917
v 198.412704 91.820198 -797.468384
v 198.412704 84.585884 -822.784790
v 198.412704 72.893349 -848.101257
v 198.412704 57.294762 -873.417725
v 198.412704 39.607212 -898.734192
v 198.412704 23.982553 -924.050659
v 198.412704 12.549142 -949.367065
v 198.412704 7.847192 -974.683533
v 198.412704 7.927136 -1000.000000
v 214.285721 4.772587 1000.000000
v 214.285721 14.715746 974.683533
v 214.285721 27.270683 949.367065
v 214.285721 36.881016 924.050659
v 214.285721 46.023659 898.734192
v 214.285721 56.301952 873.417725
v 214.285721 69.897598 848.101257
v 214.285721 84.325874 822.784790
v 214.285721 94.631645 797.468384
v 214.285721 98.365814 772.151917
v 214.285721 106.073311 746.835449
v 214.285721 105.404083 721.518982
v 214.285721 102.276688 696.202515
v 214.285721 105.978928 670.886047
v 214.285721 106.318695 645.569641
v 214.285721 104.750793 620.253174
v 214.285721 106.354088 594.936707
v 214.285721 113.880165 569.620239
v 214.285721 103.487213 544.303772
v 214.285721 107.293846 518.987366
v 214.285721 110.009949 493.670898
v 214.285721 106.111900 468.354431
v 214.285721 112.606834 443.037964
v 214.285721 109.802032 417.721527
v 214.285721 105.094498 392.405060
v 214.285721 107.594772 367.088593
v 214.285721 107.858986 341.772156
v 214.285721 114.597267 316.455688
v 214.285721 107.103683 291.139252
v 214.285721 110.841148 265.822784
v 214.285721 108.895134 240.506332
v 214.285721 106.991722 215.189880
v 214.285721 109.326630 189.873413
v 214.285721 108.854767 164.556961
v 214.285721 110.208817 139.240509
v 214.285721 109.254761 113.924049
v 214.285721 112.011208 88.607597
v 214.285721 106.865578 63.291138
v 214.285721 109.439964 37.974682
v 214.285721 115.427666 12.658228
v 214.285721 108.969681 -12.658228
v 214.285721 105.205261 -37.974682
v 214.285721 111.290604 -63.291138
v 214.285721 106.951927 -88.607597
v 214.285721 109.208511 -113.924049
v 214.285721 111.219887 -139.240509
v 214.285721 105.328728 -164.556961
v 214.285721 106.425095 -189.873413
v 214.285721 114.250275 -215.189880
v 214.285721 109.465805 -240.506332
v 214.285721 104.565582 -265.822784
v 214.285721 106.537857 -291.139252
v 214.285721 105.245308 -316.455688
v 214.285721 114.888229 -341.772156
v 214.285721 107.811073 -367.088593
v 214.285721 108.783188 -392.405060
v 214.285721 106.228508 -417.721527
v 214.285721 104.954735 -443.037964
v 214.285721 108.346077 -468.354431
v 214.285721 106.266037 -493.670898
v 214.285721 109.121300 -518.987366
v 214.285721 104.590172 -544.303772
v 214.285721 104.195267 -569.620239
v 214.285721 105.546631 -594.936707
v 214.285721 105.632942 -620.253174
v 214.285721 103.342361 -645.569641
v 214.285721 105.054611 -670.886047
v 214.285721 105.303658 -696.202515
v 214.285721 102.692963 -721.518982
v 214.285721 104.599609 -746.835449
v 214.285721 100.125099 -772.151917
v 214.285721 91.776505 -797.468384
v 214.285721 85.941513 -822.784790
v 214.285721 73.458794 -848.101257
v 214.285721 58.839516 -873.417725
v 214.285721 40.688755 -898.734192
v 214.285721 24.189865 -924.050659
v 214.285721 10.767009 -949.367065
v 214.285721 4.072202 -974.683533
v 214.285721 3.538747 -1000.000000
v 230.158737 6.305796 1000.000000
v 230.158737 18.128239 974.683533
v 230.158737 32.548454 949.367065
v 230.158737 42.519562 924.050659
v 230.158737 50.468800 898.734192
v 230.158737 59.966892 873.417725
v 230.158737 71.815575 848.101257
v 230.158737 85.518822 822.784790
v 230.158737 95.547096 797.468384
v 230.158737 98.339310 772.151917
v 230.158737 106.367836 746.835449
v 230.158737 104.811478 721.518982
v 230.158737 103.694733 696.202515
v 230.158737 103.896675 670.886047
v 230.158737 104.050606 645.569641
v 230.158737 105.474365 620.253174
v 230.158737 105.751411 594.936707
v 230.158737 111.156609 569.620239
v 230.158737 102.589462 544.303772
v 230.158737 110.291847 518.987366
v 230.158737 115.192116 493.670898
v 230.158737 107.373283 468.354431
v 230.158737 109.557777 443.037964
v 230.158737 111.725922 417.721527
v 230.158737 107.195198 392.405060
v 230.158737 107.719757 367.088593
v 230.158737 109.475357 341.772156
v 230.158737 108.200737 316.455688
v 230.158737 105.814537 291.139252
v 230.158737 110.250824 265.822784
v 230.158737 107.649681 240.506332
v 230.158737 109.190979 215.189880
v 230.158737 108.265930 189.873413
v 230.158737 112.795959 164.556961
v 230.158737 115.958611 139.240509
v 230.158737 111.042007 113.924049
v 230.158737 111.427505 88.607597
v 230.158737 109.593460 63.291138
v 230.158737 108.494606 37.974682
v 230.158737 108.565971 12.658228
v 230.158737 112.934654 -12.658228
v 230.158737 104.961433 -37.974682
v 230.158737 108.954338 -63.291138
v 230.158737 109.472748 -88.607597
v 230.158737 108.297119 -113.924049
v 230.158737 109.165291 -139.240509
v 230.158737 105.924423 -164.556961
v 230.158737 103.930588 -189.873413
v 230.158737 114.628014 -215.189880
v 230.158737 118.594093 -240.506332
v 230.158737 108.078056 -265.822784
v 230.158737 106.535851 -291.139252
v 230.158737 115.548698 -316.455688
v 230.158737 110.959053 -341.772156
v 230.158737 106.560837 -367.088593
v 230.158737 111.053474 -392.405060
v 230.158737 112.836449 -417.721527
v 230.158737 102.597763 -443.037964
v 230.158737 107.493729 -468.354431
v 230.158737 103.953979 -493.670898
v 230.158737 112.553574 -518.987366
v 230.158737 103.751801 -544.303772
v 230.158737 108.082199 -569.620239
v 230.158737 102.995766 -594.936707
v 230.158737 103.594749 -620.253174
v 230.158737 107.315834 -645.569641
v 230.158737 102.669472 -670.886047
v 230.158737 103.102448 -696.202515
v 230.158737 102.341270 -721.518982
v 230.158737 105.437279 -746.835449
v 230.158737 101.763069 -772.151917
v 230.158737 93.133591 -797.468384
v 230.158737 84.891434 -822.784790
v 230.158737 74.424675 -848.101257
v 230.158737 60.635235 -873.417725
v 230.158737 42.626606 -898.734192
v 230.158737 24.918934 -924.050659
v 230.158737 8.757405 -949.367065
v 230.158737 -0.102016 -974.683533
v 230.158737 -0.669204 -1000.000000
v 246.031754 9.171883 1000.000000
v 246.031754 22.457838 974.683533
v 246.031754 37.339550 949.367065
v 246.031754 46.395245 924.050659
v 246.031754 53.071472 898.734192
v 246.031754 61.212578 873.417725
v 246.031754 72.823166 848.101257
v 246.031754 85.594131 822.784790
v 246.031754 98.030060 797.468384
v 246.031754 99.049217 772.151917
v 246.031754 105.940445 746.835449
v 246.031754 100.457741 721.518982
v 246.031754 104.383537 696.202515
v 246.031754 103.270142 670.886047
v 246.031754 106.916992 645.569641
v 246.031754 107.315308 620.253174
v 246.031754 104.521576 594.936707
v 246.031754 107.775352 569.620239
v 246.031754 105.025330 544.303772
v 246.031754 107.941444 518.987366
v 246.031754 104.081345 493.670898
v 246.031754 100.173782 468.354431
v 246.031754 108.349251 443.037964
v 246.031754 107.799950 417.721527
v 246.031754 112.270515 392.405060
v 246.031754 114.021416 367.088593
v 246.031754 106.949051 341.772156
v 246.031754 107.165443 316.455688
v 246.031754 106.236412 291.139252
v 246.031754 108.145081 265.822784
v 246.031754 111.858337 240.506332
v 246.031754 108.640839 215.189880
v 246.031754 114.106621 189.873413
v 246.031754 108.730400 164.556961
v 246.031754 110.393990 139.240509
v 246.031754 105.399345 113.924049
v 246.031754 107.422279 88.607597
v 246.031754 107.169403 63.291138
v 246.031754 110.767349 37.974682
v 246.031754 104.019478 12.658228
v 246.031754 103.923492 -12.658228
v 246.031754 109.562500 -37.974682
v 246.031754 112.564651 -63.291138
v 246.031754 111.665977 -88.607597
v 246.031754 105.816994 -113.924049
v 246.031754 111.525177 -139.240509
v 246.031754 111.257736 -164.556961
v 246.031754 115.654968 -189.873413
v 246.031754 106.795456 -215.189880
v 246.031754 103.909065 -240.506332
v 246.031754 108.016403 -265.822784
v 246.031754 107.090706 -291.139252
v 246.031754 103.756729 -316.455688
v 246.031754 103.624405 -341.772156
v 246.031754 104.847427 -367.088593
v 246.031754 109.621262 -392.405060
v 246.031754 109.230675 -417.721527
v 246.031754 109.417282 -443.037964
v 246.031754 105.485092 -468.354431
v 246.031754 104.283432 -493.670898
v 246.031754 105.133308 -518.987366
v 246.031754 103.608437 -544.303772
v 246.031754 107.542938 -569.620239
v 246.031754 111.670212 -594.936707
v 246.031754 109.678688 -620.253174
v 246.031754 106.534859 -645.569641
v 246.031754 105.398750 -670.886047
v 246.031754 102.752594 -696.202515
v 246.031754 106.229584 -721.518982
v 246.031754 103.959808 -746.835449
v 246.031754 101.796051 -772.151917
v 246.031754 93.533699 -797.468384
v 246.031754 85.991814 -822.784790
v 246.031754 76.275391 -848.101257
v 246.031754 62.747093 -873.417725
v 246.031754 44.915226 -898.734192
v 246.031754 26.152761 -924.050659
v 246.031754 7.852039 -949.367065
v 246.031754 -1.928805 -974.683533
v 246.031754 -1.551589 -1000.000000
v 261.904755 12.666783 1000.000000
v 261.904755 26.777702 974.683533
v 261.904755 40.739437 949.367065
v 261.904755 47.803078 924.050659
v 261.904755 53.269199 898.734192
v 261.904755 61.023911 873.417725
v 261.904755 72.929695 848.101257
v 261.904755 84.254845 822.784790
v 261.904755 96.035156 797.468384
v 261.904755 98.485458 772.151917
v 261.904755 104.893837 746.835449
v 261.904755 102.755508 721.518982
v 261.904755 103.819801 696.202515
v 261.904755 105.504517 670.886047
v 261.904755 104.164955 645.569641
v 261.904755 103.318344 620.253174
v 261.904755 102.449570 594.936707
v 261.904755 106.893951 569.620239
v 261.904755 110.602722 544.303772
v 261.904755 107.471848 518.987366
v 261.904755 105.546616 493.670898
v 261.904755 107.036041 468.354431
v 261.904755 107.605148 443.037964
v 261.904755 104.265877 417.721527
v 261.904755 107.432343 392.405060
v 261.904755 104.527405 367.088593
v 261.904755 109.153786 341.772156
v 261.904755 103.773392 316.455688
v 261.904755 112.568817 291.139252
v 261.904755 107.268372 265.822784
v 261.904755 108.159271 240.506332
v 261.904755 103.693672 215.189880
v 261.904755 110.078697 189.873413
v 261.904755 107.309631 164.556961
v 261.904755 108.136078 139.240509
v 261.904755 109.069389 113.924049
v 261.904755 105.038406 88.607597
v 261.904755 108.193924 63.291138
v 261.904755 109.100723 37.974682
v 261.904755 106.169327 12.658228
v 261.904755 108.131851 -12.658228
v 261.904755 107.822624 -37.974682
v 261.904755 106.034966 -63.291138
v 261.904755 107.715057 -88.607597
v 261.904755 109.197067 -113.924049
v 261.904755 109.301521 -139.240509
v 261.904755 107.674721 -164.556961
v 261.904755 108.374527 -189.873413
v 261.904755 107.880203 -215.189880
v 261.904755 109.138672 -240.506332
v 261.904755 110.228897 -265.822784
v 261.904755 107.165802 -291.139252
v 261.904755 108.057205 -316.455688
v 261.904755 108.355438 -341.772156
v 261.904755 105.944695 -367.088593
v 261.904755 109.823860 -392.405060
v 261.904755 105.030060 -417.721527
v 261.904755 111.139969 -443.037964
v 261.904755 111.448303 -468.354431
v 261.904755 106.867584 -493.670898
v 261.904755 108.729385 -518.987366
v 261.904755 105.541656 -544.303772
v 261.904755 107.566025 -569.620239
v 261.904755 104.689163 -594.936707
v 261.904755 105.610840 -620.253174
v 261.904755 103.046700 -645.569641
v 261.904755 103.014915 -670.886047
v 261.904755 104.374680 -696.202515
v 261.904755 104.310532 -721.518982
v 261.904755 103.283615 -746.835449
v 261.904755 99.878548 -772.151917
v 261.904755 93.255920 -797.468384
v 261.904755 86.672562 -822.784790
v 261.904755 77.133514 -848.101257
v 261.904755 63.874218 -873.417725
v 261.904755 46.785992 -898.734192
v 261.904755 27.315042 -924.050659
v 261.904755 8.574553 -949.367065
v 261.904755 -0.222431 -974.683533
v 261.904755 2.101267 -1000.000000
v 277.777771 15.938036 1000.000000
v 277.777771 30.254921 974.683533
v 277.777771 42.496861 949.367065
v 277.777771 47.157814 924.050659
v 277.777771 51.454952 898.734192
v 277.777771 59.456059 873.417725
v 277.777771 71.189865 848.101257
v 277.777771 84.394112 822.784790
v 277.777771 94.474945 797.468384
v 277.777771 100.665596 772.151917
v 277.777771 102.506691 746.835449
v 277.777771 105.070267 721.518982
v 277.777771 102.772911 696.202515
v 277.777771 102.939880 670.886047
v 277.777771 102.709686 645.569641
v 277.777771 106.814735 620.253174
v 277.777771 109.309380 594.936707
v 277.777771 108.888184 569.620239
v 277.777771 112.028816 544.303772
v 277.777771 108.334343 518.987366
v 277.777771 109.426224 493.670898
v 277.777771 105.567802 468.354431
v 277.777771 111.054916 443.037964
v 277.777771 113.212822 417.721527
v 277.777771 113.126450 392.405060
v 277.777771 104.513580 367.088593
v 277.777771 103.754646 341.772156
v 277.777771 103.164268 316.455688
v 277.777771 110.661636 291.139252
v 277.777771 105.998642 265.822784
v 277.777771 107.229614 240.506332
v 277.777771 108.529816 215.189880
v 277.777771 107.818741 189.873413
v 277.777771 115.151871 164.556961
v 277.777771 106.297340 139.240509
v 277.777771 110.385628 113.924049
v 277.777771 108.351387 88.607597
v 277.777771 110.723152 63.291138
v 277.777771 103.409019 37.974682
v 277.777771 104.330116 12.658228
v 277.777771 108.292709 -12.658228
v 277.777771 109.702072 -37.974682
v 277.777771 104.020760 -63.291138
v 277.777771 104.207993 -88.607597
v 277.777771 107.061348 -113.924049
v 277.777771 105.336456 -139.240509
v 277.777771 108.165977 -164.556961
v 277.777771 106.993286 -189.873413
v 277.777771 104.115242 -215.189880
v 277.777771 108.797028 -240.506332
v 277.777771 108.289894 -265.822784
v 277.777771 107.604553 -291.139252
v 277.777771 108.853577 -316.455688
v 277.777771 105.028481 -341.772156
v 277.777771 108.450569 -367.088593
v 277.777771 104.371651 -392.405060
v 277.777771 107.781487 -417.721527
v 277.777771 103.871094 -443.037964
v 277.777771 106.415283 -468.354431
v 277.777771 111.169350 -493.670898
v 277.777771 106.023079 -518.987366
v 277.777771 103.459053 -544.303772
v 277.777771 108.228470 -569.620239
v 277.777771 106.197227 -594.936707
v 277.777771 103.762222 -620.253174
v 277.777771 104.465118 -645.569641
v 277.777771 105.288216 -670.886047
v 277.777771 102.893761 -696.202515
v 277.777771 101.034958 -721.518982
v 277.777771 102.317932 -746.835449
v 277.777771 99.749367 -772.151917
v 277.777771 94.006813 -797.468384
v 277.777771 85.049973 -822.784790
v 277.777771 77.569122 -848.101257
v 277.777771 64.424858 -873.417725
v 277.777771 48.102982 -898.734192
v 277.777771 28.509666 -924.050659
v 277.777771 10.877625 -949.367065
v 277.777771 4.776848 -974.683533
v 277.777771 9.647828 -1000.000000
v 293.650787 18.025913 1000.000000
v 293.650787 32.236107 974.683533
v 293.650787 43.038120 949.367065
v 293.650787 46.015671 924.050659
v 293.650787 49.696007 898.734192
v 293.650787 57.733082 873.417725
v 293.650787 69.707695 848.101257
v 293.650787 83.369530 822.784790
v 293.650787 96.389320 797.468384
v 293.650787 102.396233 772.151917
v 293.650787 100.927330 746.835449
v 293.650787 103.845200 721.518982
v 293.650787 103.913895 696.202515
v 293.650787 102.449867 670.886047
v 293.650787 104.958267 645.569641
v 293.650787 104.397995 620.253174
v 293.650787 102.927994 594.936707
v 293.650787 104.889542 569.620239
v 293.650787 104.980957 544.303772
v 293.650787 104.898155 518.987366
v 293.650787 104.773972 493.670898
v 293.650787 100.446999 468.354431
v 293.650787 108.583206 443.037964
v 293.650787 103.496109 417.721527
v 293.650787 105.479515 392.405060
v 293.650787 104.709442 367.088593
v 293.650787 109.220329 341.772156
v 293.650787 109.461578 316.455688
v 293.650787 104.318954 291.139252
v 293.650787 104.682785 265.822784
v 293.650787 101.636314 240.506332
v 293.650787 103.454086 215.189880
v 293.650787 104.504562 189.873413
v 293.650787 103.519424 164.556961
v 293.650787 109.072029 139.240509
v 293.650787 103.980118 113.924049
v 293.650787 107.402145 88.607597
v 293.650787 104.780449 63.291138
v 293.650787 109.691689 37.974682
v 293.650787 106.634712 12.658228
v 293.650787 104.116890 -12.658228
v 293.650787 105.283127 -37.974682
v 293.650787 114.572441 -63.291138
v 293.650787 110.811638 -88.607597
v 293.650787 110.364571 -113.924049
v 293.650787 107.556175 -139.240509
v 293.650787 109.201332 -164.556961
v 293.650787 103.139481 -189.873413
v 293.650787 107.807159 -215.189880
v 293.650787 105.574760 -240.506332
v 293.650787 101.696648 -265.822784
v 293.650787 102.281929 -291.139252
v 293.650787 106.644379 -316.455688
v 293.650787 111.133362 -341.772156
v 293.650787 104.565788 -367.088593
v 293.650787 106.361549 -392.405060
v 293.650787 106.816429 -417.721527
v 293.650787 107.854240 -443.037964
v 293.650787 105.673309 -468.354431
v 293.650787 103.997528 -493.670898
v 293.650787 107.764481 -518.987366
v 293.650787 107.997787 -544.303772
v 293.650787 108.883820 -569.620239
v 293.650787 106.893349 -594.936707
v 293.650787 106.384003 -620.253174
v 293.650787 101.203140 -645.569641
v 293.650787 106.339218 -670.886047
v 293.650787 103.994461 -696.202515
v 293.650787 102.020592 -721.518982
v 293.650787 103.188911 -746.835449
v 293.650787 100.519592 -772.151917
v 293.650787 93.660843 -797.468384
v 293.650787 86.134972 -822.784790
v 293.650787 77.014801 -848.101257
v 293.650787 64.677231 -873.417725
v 293.650787 48.409157 -898.734192
v 293.650787 29.388268 -924.050659
v 293.650787 14.020914 -949.367065
v 293.650787 11.370338 -974.683533
v 293.650787 18.644157 -1000.000000
v 309.523804 18.295298 1000.000000
v 309.523804 32.155064 974.683533
v 309.523804 42.624763 949.367065
v 309.523804 45.456589 924.050659
v 309.523804 49.240585 898.734192
v 309.523804 57.588055 873.417725
v 309.523804 70.436058 848.101257
v 309.523804 83.567360 822.784790
v 309.523804 95.039749 797.468384
v 309.523804 100.744324 772.151917
v 309.523804 102.458649 746.835449
v 309.523804 102.139275 721.518982
v 309.523804 103.262665 696.202515
v 309.523804 103.898643 670.886047
v 309.523804 103.015862 645.569641
v 309.523804 106.285400 620.253174
v 309.523804 102.703781 594.936707
v 309.523804 104.910492 569.620239
v 309.523804 105.786324 544.303772
v 309.523804 109.931931 518.987366
v 309.523804 102.762230 493.670898
v 309.523804 105.380455 468.354431
v 309.523804 108.213905 443.037964
v 309.523804 108.233253 417.721527
v 309.523804 102.995804 392.405060
v 309.523804 109.621262 367.088593
v 309.523804 107.574455 341.772156
v 309.523804 104.476387 316.455688
v 309.523804 105.865356 291.139252
v 309.523804 106.429382 265.822784
v 309.523804 106.785065 240.506332
v 309.523804 104.540154 215.189880
v 309.523804 109.771698 189.873413
v 309.523804 106.525681 164.556961
v 309.523804 106.620651 139.240509
v 309.523804 107.610161 113.924049
v 309.523804 104.684761 88.607597
v 309.523804 108.798592 63.291138
v 309.523804 108.867889 37.974682
v 309.523804 105.522995 12.658228
v 309.523804 106.572769 -12.658228
v 309.523804 106.670914 -37.974682
v 309.523804 106.044853 -63.291138
v 309.523804 106.460510 -88.607597
v 309.523804 107.871666 -113.924049
v 309.523804 107.286362 -139.240509
v 309.523804 107.656189 -164.556961
v 309.523804 107.060959 -189.873413
v 309.523804 107.535393 -215.189880
v 309.523804 105.893288 -240.506332
v 309.523804 106.735199 -265.822784
v 309.523804 105.882790 -291.139252
v 309.523804 105.542282 -316.455688
v 309.523804 106.421867 -341.772156
v 309.523804 106.103699 -367.088593
v 309.523804 106.226486 -392.405060
v 309.523804 106.962677 -417.721527
v 309.523804 108.696999 -443.037964
v 309.523804 104.407280 -468.354431
v 309.523804 107.645302 -493.670898
v 309.523804 104.437607 -518.987366
v 309.523804 103.805016 -544.303772
v 309.523804 105.286255 -569.620239
v 309.523804 103.045845 -594.936707
v 309.523804 109.466446 -620.253174
v 309.523804 101.600731 -645.569641
v 309.523804 105.691689 -670.886047
v 309.523804 101.697784 -696.202515
v 309.523804 103.846672 -721.518982
v 309.523804 101.909721 -746.835449
v 309.523804 100.887573 -772.151917
v 309.523804 93.159027 -797.468384
v 309.523804 85.370323 -822.784790
v 309.523804 76.361206 -848.101257
v 309.523804 64.684990 -873.417725
v 309.523804 48.358971 -898.734192
v 309.523804 30.341377 -924.050659
v 309.523804 17.540651 -949.367065
v 309.523804 17.474915 -974.683533
v 309.523804 25.650255 -1000.000000
v 325.396820 18.554676 1000.000000
v 325.396820 30.601530 974.683533
v 325.396820 40.070736 949.367065
v 325.396820 43.182766 924.050659
v 325.396820 47.490860 898.734192
v 325.396820 57.270077 873.417725
v 325.396820 71.083450 848.101257
v 325.396820 84.884239 822.784790
v 325.396820 94.517853 797.468384
v 325.396820 100.434891 772.151917
v 325.396820 101.966187 746.835449
v 325.396820 101.897873 721.518982
v 325.396820 102.354286 696.202515
v 325.396820 103.200211 670.886047
v 325.396820 103.581627 645.569641
v 325.396820 104.782440 620.253174
v 325.396820 102.423775 594.936707
v 325.396820 104.650688 569.620239
v 325.396820 103.021378 544.303772
v 325.396820 103.947548 518.987366
v 325.396820 100.811134 493.670898
v 325.396820 105.118240 468.354431
v 325.396820 105.639053 443.037964
v 325.396820 105.262672 417.721527
v 325.396820 100.743988 392.405060
v 325.396820 106.957275 367.088593
v 325.396820 106.941254 341.772156
v 325.396820 104.099258 316.455688
v 325.396820 107.886551 291.139252
v 325.396820 104.595367 265.822784
v 325.396820 104.512291 240.506332
v 325.396820 107.095436 215.189880
v 325.396820 105.952629 189.873413
v 325.396820 105.281708 164.556961
v 325.396820 106.965660 139.240509
v 325.396820 106.514046 113.924049
v 325.396820 105.302238 88.607597
v 325.396820 105.373146 63.291138
v 325.396820 110.538109 37.974682
v 325.396820 108.561630 12.658228
v 325.396820 106.661469 -12.658228
v 325.396820 107.305595 -37.974682
v 325.396820 109.650185 -63.291138
v 325.396820 105.759735 -88.607597
v 325.396820 101.389000 -113.924049
v 325.396820 109.848892 -139.240509
v 325.396820 102.825470 -164.556961
v 325.396820 113.722191 -189.873413
v 325.396820 110.505432 -215.189880
v 325.396820 105.813156 -240.506332
v 325.396820 105.557579 -265.822784
v 325.396820 106.856865 -291.139252
v 325.396820 105.719559 -316.455688
v 325.396820 102.180061 -341.772156
v 325.396820 110.064796 -367.088593
v 325.396820 104.292839 -392.405060
v 325.396820 107.042328 -417.721527
v 325.396820 106.160469 -443.037964
v 325.396820 103.892365 -468.354431
v 325.396820 105.249695 -493.670898
v 325.396820 106.077171 -518.987366
v 325.396820 104.640396 -544.303772
v 325.396820 100.993172 -569.620239
v 325.396820 101.864525 -594.936707
v 325.396820 104.086983 -620.253174
v 325.396820 102.387199 -645.569641
v 325.396820 102.718445 -670.886047
v 325.396820 101.898819 -696.202515
v 325.396820 103.970047 -721.518982
v 325.396820 102.628609 -746.835449
v 325.396820 99.480385 -772.151917
v 325.396820 93.108452 -797.468384
v 325.396820 84.615479 -822.784790
v 325.396820 75.867027 -848.101257
v 325.396820 64.470955 -873.417725
v 325.396820 48.994293 -898.734192
v 325.396820 33.351734 -924.050659
v 325.396820 23.663502 -949.367065
v 325.396820 24.561167 -974.683533
v 325.396820 30.956509 -1000.000000
v 341.269836 19.813808 1000.000000
v 341.269836 29.211134 974.683533
v 341.269836 37.452110 949.367065
v 341.269836 41.170509 924.050659
v 341.269836 46.256374 898.734192
v 341.269836 57.144581 873.417725
v 341.269836 71.891556 848.101257
v 341.269836 86.297386 822.784790
v 341.269836 94.472198 797.468384
v 341.269836 99.717346 772.151917
v 341.269836 101.984550 746.835449
v 341.269836 101.238731 721.518982
v 341.269836 103.255569 696.202515
v 341.269836 105.433258 670.886047
v 341.269836 102.147469 645.569641
v 341.269836 105.024178 620.253174
v 341.269836 101.580254 594.936707
v 341.269836 110.936852 569.620239
v 341.269836 100.445961 544.303772
v 341.269836 107.928429 518.987366
v 341.269836 106.195732 493.670898
v 341.269836 104.219185 468.354431
v 341.269836 109.240692 443.037964
v 341.269836 105.106552 417.721527
v 341.269836 104.454491 392.405060
v 341.269836 105.019104 367.088593
v 341.269836 106.138962 341.772156
v 341.269836 106.679031 316.455688
v 341.269836 105.383118 291.139252
v 341.269836 104.839607 265.822784
v 341.269836 105.122536 240.506332
v 341.269836 104.085587 215.189880
v 341.269836 105.479729 189.873413
v 341.269836 105.332855 164.556961
v 341.269836 104.254097 139.240509
v 341.269836 109.084465 113.924049
v 341.269836 105.152466 88.607597
v 341.269836 106.462471 63.291138
v 341.269836 104.403305 37.974682
v 341.269836 104.643379 12.658228
v 341.269836 104.270973 -12.658228
v 341.269836 104.375984 -37.974682
v 341.269836 104.768219 -63.291138
v 341.269836 104.582901 -88.607597
v 341.269836 107.253288 -113.924049
v 341.269836 105.203819 -139.240509
v 341.269836 105.364304 -164.556961
v 341.269836 104.583305 -189.873413
v 341.269836 105.166443 -215.189880
v 341.269836 106.070976 -240.506332
v 341.269836 104.189316 -265.822784
v 341.269836 103.344849 -291.139252
v 341.269836 105.241524 -316.455688
v 341.269836 105.767464 -341.772156
v 341.269836 104.121254 -367.088593
v 341.269836 105.098183 -392.405060
v 341.269836 104.451454 -417.721527
v 341.269836 103.443390 -443.037964
v 341.269836 106.389053 -468.354431
v 341.269836 102.725571 -493.670898
v 341.269836 104.199806 -518.987366
v 341.269836 108.831917 -544.303772
v 341.269836 103.409424 -569.620239
v 341.269836 101.999107 -594.936707
v 341.269836 102.757118 -620.253174
v 341.269836 101.854790 -645.569641
v 341.269836 102.849915 -670.886047
v 341.269836 103.882576 -696.202515
v 341.269836 103.558128 -721.518982
v 341.269836 102.359467 -746.835449
v 341.269836 99.795517 -772.151917
v 341.269836 92.570984 -797.468384
v 341.269836 84.253845 -822.784790
v 341.269836 75.463875 -848.101257
v 341.269836 64.233292 -873.417725
v 341.269836 50.513378 -898.734192
v 341.269836 37.898476 -924.050659
v 341.269836 31.257853 -949.367065
v 341.269836 31.550497 -974.683533
v 341.269836 34.142097 -1000.000000
v 357.142853 22.414202 1000.000000
v 357.142853 29.103077 974.683533
v 357.142853 36.446770 949.367065
v 357.142853 41.112133 924.050659
v 357.142853 46.949711 898.734192
v 357.142853 58.153301 873.417725
v 357.142853 73.185097 848.101257
v 357.142853 86.536667 822.784790
v 357.142853 94.792801 797.468384
v 357.142853 100.219231 772.151917
v 357.142853 102.028343 746.835449
v 357.142853 101.869720 721.518982
v 357.142853 102.220001 696.202515
v 357.142853 104.343140 670.886047
v 357.142853 102.092926 645.569641
v 357.142853 101.962196 620.253174
v 357.142853 104.355713 594.936707
v 357.142853 104.636345 569.620239
v 357.142853 101.635811 544.303772
v 357.142853 106.212547 518.987366
v 357.142853 103.422691 493.670898
v 357.142853 103.210640 468.354431
v 357.142853 106.031700 443.037964
v 357.142853 105.044754 417.721527
v 357.142853 101.394852 392.405060
v 357.142853 105.297211 367.088593
v 357.142853 102.328445 341.772156
v 357.142853 103.699699 316.455688
v 357.142853 102.817368 291.139252
v 357.142853 106.476624 265.822784
v 357.142853 104.518364 240.506332
v 357.142853 102.824890 215.189880
v 357.142853 103.538879 189.873413
v 357.142853 103.065735 164.556961
v 357.142853 106.738373 139.240509
v 357.142853 106.117615 113.924049
v 357.142853 102.780792 88.607597
v 357.142853 104.963005 63.291138
v 357.142853 103.661552 37.974682
v 357.142853 104.857605 12.658228
v 357.142853 106.628151 -12.658228
v 357.142853 104.735016 -37.974682
v 357.142853 102.544334 -63.291138
v 357.142853 105.277916 -88.607597
v 357.142853 106.539482 -113.924049
v 357.142853 105.029999 -139.240509
v 357.142853 106.964561 -164.556961
v 357.142853 104.851273 -189.873413
v 357.142853 104.165474 -215.189880
v 357.142853 105.861084 -240.506332
v 357.142853 108.048355 -265.822784
v 357.142853 106.054741 -291.139252
v 357.142853 105.592300 -316.455688
v 357.142853 104.144295 -341.772156
v 357.142853 103.640091 -367.088593
v 357.142853 104.859360 -392.405060
v 357.142853 103.530457 -417.721527
v 357.142853 103.033447 -443.037964
v 357.142853 104.535828 -468.354431
v 357.142853 105.383430 -493.670898
v 357.142853 105.739113 -518.987366
v 357.142853 101.951599 -544.303772
v 357.142853 105.417442 -569.620239
v 357.142853 102.357925 -594.936707
v 357.142853 101.234451 -620.253174
v 357.142853 102.411865 -645.569641
v 357.142853 103.068718 -670.886047
v 357.142853 102.317383 -696.202515
v 357.142853 102.256294 -721.518982
v 357.142853 101.584076 -746.835449
v 357.142853 99.326965 -772.151917
v 357.142853 92.515472 -797.468384
v 357.142853 83.596825 -822.784790
v 357.142853 75.008675 -848.101257
v 357.142853 64.629395 -873.417725
v 357.142853 52.608791 -898.734192
v 357.142853 43.045834 -924.050659
v 357.142853 38.875240 -949.367065
v 357.142853 37.376377 -974.683533
v 357.142853 35.161697 -1000.000000
v 373.015869 26.124350 1000.000000
v 373.015869 30.643501 974.683533
v 373.015869 37.740101 949.367065
v 373.015869 43.599167 924.050659
v 373.015869 49.862305 898.734192
v 373.015869 60.461433 873.417725
v 373.015869 74.383415 848.101257
v 373.015869 87.129158 822.784790
v 373.015869 94.599228 797.468384
v 373.015869 99.316101 772.151917
v 373.015869 101.487877 746.835449
v 373.015869 101.095406 721.518982
v 373.015869 101.180923 696.202515
v 373.015869 101.958069 670.886047
v 373.015869 102.247948 645.569641
v 373.015869 102.757111 620.253174
v 373.015869 103.928314 594.936707
v 373.015869 103.465912 569.620239
v 373.015869 101.694672 544.303772
v 373.015869 104.982315 518.987366
v 373.015869 105.275917 493.670898
v 373.015869 105.929016 468.354431
v 373.015869 105.277534 443.037964
v 373.015869 106.504211 417.721527
v 373.015869 102.414116 392.405060
v 373.015869 102.127640 367.088593
v 373.015869 105.421432 341.772156
v 373.015869 106.099022 316.455688
v 373.015869 103.562241 291.139252
v 373.015869 107.537407 265.822784
v 373.015869 104.839325 240.506332
v 373.015869 106.697914 215.189880
v 373.015869 104.924477 189.873413
v 373.015869 103.217369 164.556961
v 373.015869 106.246513 139.240509
v 373.015869 103.223282 113.924049
v 373.015869 102.707924 88.607597
v 373.015869 100.213013 63.291138
v 373.015869 103.058067 37.974682
v 373.015869 103.921844 12.658228
v 373.015869 105.790543 -12.658228
v 373.015869 102.611649 -37.974682
v 373.015869 103.741646 -63.291138
v 373.015869 104.702110 -88.607597
v 373.015869 103.913994 -113.924049
v 373.015869 102.579918 -139.240509
v 373.015869 102.681999 -164.556961
v 373.015869 101.735321 -189.873413
v 373.015869 101.532898 -215.189880
v 373.015869 105.077240 -240.506332
v 373.015869 104.946053 -265.822784
v 373.015869 103.799355 -291.139252
v 373.015869 103.878975 -316.455688
v 373.015869 103.172112 -341.772156
v 373.015869 105.163780 -367.088593
v 373.015869 107.791862 -392.405060
v 373.015869 103.583122 -417.721527
v 373.015869 104.308167 -443.037964
v 373.015869 102.569237 -468.354431
v 373.015869 105.788795 -493.670898
v 373.015869 103.583900 -518.987366
v 373.015869 100.865227 -544.303772
v 373.015869 104.081200 -569.620239
v 373.015869 102.588181 -594.936707
v 373.015869 104.109917 -620.253174
v 373.015869 102.945549 -645.569641
v 373.015869 103.962898 -670.886047
v 373.015869 101.140701 -696.202515
v 373.015869 100.544693 -721.518982
v 373.015869 101.651588 -746.835449
v 373.015869 98.937943 -772.151917
v 373.015869 93.167351 -797.468384
v 373.015869 83.967781 -822.784790
v 373.015869 75.205315 -848.101257
v 373.015869 65.449348 -873.417725
v 373.015869 54.755894 -898.734192
v 373.015869 47.866245 -924.050659
v 373.015869 45.413269 -949.367065
v 373.015869 41.633713 -974.683533
v 373.015869 34.702908 -1000.000000
v 388.888885 30.130516 1000.000000
v 388.888885 33.547619 974.683533
v 388.888885 41.151005 949.367065
v 388.888885 48.195381 924.050659
v 388.888885 54.459499 898.734192
v 388.888885 63.430241 873.417725
v 388.888885 75.433365 848.101257
v 388.888885 86.921349 822.784790
v 388.888885 94.449486 797.468384
v 388.888885 99.038391 772.151917
v 388.888885 101.202675 746.835449
v 388.888885 100.970360 721.518982
v 388.888885 101.700539 696.202515
v 388.888885 101.098083 670.886047
v 388.888885 101.213478 645.569641
v 388.888885 101.885475 620.253174
v 388.888885 103.501747 594.936707
v 388.888885 101.679764 569.620239
v 388.888885 101.728394 544.303772
v 388.888885 102.714256 518.987366
v 388.888885 103.989281 493.670898
v 388.888885 103.413811 468.354431
v 388.888885 102.309708 443.037964
v 388.888885 101.154869 417.721527
v 388.888885 102.787682 392.405060
v 388.888885 101.687477 367.088593
v 388.888885 102.936172 341.772156
v 388.888885 103.103287 316.455688
v 388.888885 101.428337 291.139252
v 388.888885 103.554802 265.822784
v 388.888885 102.492912 240.506332
v 388.888885 102.287460 215.189880
v 388.888885 102.950981 189.873413
v 388.888885 106.151711 164.556961
v 388.888885 102.064232 139.240509
v 388.888885 104.707413 113.924049
v 388.888885 102.955444 88.607597
v 388.888885 105.259834 63.291138
v 388.888885 104.188255 37.974682
v 388.888885 103.361191 12.658228
v 388.888885 101.452339 -12.658228
v 388.888885 102.677353 -37.974682
v 388.888885 103.111244 -63.291138
v 388.888885 102.612091 -88.607597
v 388.888885 104.249130 -113.924049
v 388.888885 102.931595 -139.240509
v 388.888885 102.246574 -164.556961
v 388.888885 103.345238 -189.873413
v 388.888885 104.780342 -215.189880
v 388.888885 102.041916 -240.506332
v 388.888885 103.915802 -265.822784
v 388.888885 103.507973 -291.139252
v 388.888885 102.175995 -316.455688
v 388.888885 103.395073 -341.772156
v 388.888885 101.825912 -367.088593
v 388.888885 103.255501 -392.405060
v 388.888885 102.267418 -417.721527
v 388.888885 102.024689 -443.037964
v 388.888885 101.920479 -468.354431
v 388.888885 103.054459 -493.670898
v 388.888885 103.663559 -518.987366
v 388.888885 104.035355 -544.303772
v 388.888885 102.448982 -569.620239
v 388.888885 101.303062 -594.936707
v 388.888885 103.334259 -620.253174
v 388.888885 101.197319 -645.569641
v 388.888885 101.522514 -670.886047
v 388.888885 100.824409 -696.202515
v 388.888885 100.795212 -721.518982
v 388.888885 100.999252 -746.835449
v 388.888885 98.719757 -772.151917
v 388.888885 93.275307 -797.468384
v 388.888885 85.363762 -822.784790
v 388.888885 76.398376 -848.101257
v 388.888885 66.528175 -873.417725
v 388.888885 56.418335 -898.734192
v 388.888885 51.285603 -924.050659
v 388.888885 49.870350 -949.367065
v 388.888885 44.408524 -974.683533
v 388.888885 34.221691 -1000.000000
v 404.761902 33.117485 1000.000000
v 404.761902 36.798580 974.683533
v 404.761902 45.510906 949.367065
v 404.761902 53.399174 924.050659
v 404.761902 59.257786 898.734192
v 404.761902 66.174767 873.417725
v 404.761902 76.039276 848.101257
v 404.761902 86.299530 822.784790
v 404.761902 93.983673 797.468384
v 404.761902 99.378082 772.151917
v 404.761902 100.493835 746.835449
v 404.761902 100.980827 721.518982
v 404.761902 100.605057 696.202515
v 404.761902 101.591377 670.886047
v 404.761902 101.491920 645.569641
v 404.761902 101.583710 620.253174
v 404.761902 101.026703 594.936707
v 404.761902 102.219162 569.620239
v 404.761902 102.220337 544.303772
v 404.761902 100.875229 518.987366
v 404.761902 101.193947 493.670898
v 404.761902 102.649239 468.354431
v 404.761902 101.369987 443.037964
v 404.761902 101.005821 417.721527
v 404.761902 103.628967 392.405060
v 404.761902 101.528839 367.088593
v 404.761902 103.225067 341.772156
v 404.761902 101.181747 316.455688
v 404.761902 101.641563 291.139252
v 404.761902 104.425941 265.822784
v 404.761902 101.849632 240.506332
v 404.761902 101.354286 215.189880
v 404.761902 101.068039 189.873413
v 404.761902 103.103409 164.556961
v 404.761902 102.642197 139.240509
v 404.761902 102.213379 113.924049
v 404.761902 105.034187 88.607597
v 404.761902 101.417000 63.291138
v 404.761902 105.118729 37.974682
v 404.761902 101.618233 12.658228
v 404.761902 101.302315 -12.658228
v 404.761902 102.403450 -37.974682
v 404.761902 102.370102 -63.291138
v 404.761902 101.388023 -88.607597
v 404.761902 102.457642 -113.924049
v 404.761902 103.114273 -139.240509
v 404.761902 102.298294 -164.556961
v 404.761902 103.081741 -189.873413
v 404.761902 103.996933 -215.189880
v 404.761902 101.836540 -240.506332
v 404.761902 101.984772 -265.822784
v 404.761902 101.919121 -291.139252
v 404.761902 101.134964 -316.455688
v 404.761902 102.552773 -341.772156
v 404.761902 104.424057 -367.088593
v 404.761902 102.654182 -392.405060
v 404.761902 102.952866 -417.721527
v 404.761902 101.420235 -443.037964
v 404.761902 102.317841 -468.354431
v 404.761902 101.558174 -493.670898
v 404.761902 101.244484 -518.987366
v 404.761902 101.357506 -544.303772
v 404.761902 101.549957 -569.620239
v 404.761902 100.855980 -594.936707
v 404.761902 101.474884 -620.253174
v 404.761902 100.815437 -645.569641
v 404.761902 101.040474 -670.886047
v 404.761902 100.655296 -696.202515
v 404.761902 100.535393 -721.518982
v 404.761902 100.436119 -746.835449
v 404.761902 98.939117 -772.151917
v 404.761902 93.949066 -797.468384
v 404.761902 86.762276 -822.784790
v 404.761902 77.965454 -848.101257
v 404.761902 67.459877 -873.417725
v 404.761902 56.959007 -898.734192
v 404.761902 52.403439 -924.050659
v 404.761902 51.757610 -949.367065
v 404.761902 46.548618 -974.683533
v 404.761902 35.928703 -1000.000000
v 420.634918 34.519596 1000.000000
v 420.634918 38.824467 974.683533
v 420.634918 48.347473 949.367065
v 420.634918 56.513325 924.050659
v 420.634918 61.919266 898.734192
v 420.634918 67.886681 873.417725
v 420.634918 76.733566 848.101257
v 420.634918 86.312126 822.784790
v 420.634918 93.872070 797.468384
v 420.634918 98.856033 772.151917
v 420.634918 100.281631 746.835449
v 420.634918 100.407364 721.518982
v 420.634918 100.247604 696.202515
v 420.634918 101.232651 670.886047
v 420.634918 100.976540 645.569641
v 420.634918 100.399841 620.253174
v 420.634918 100.476387 594.936707
v 420.634918 101.560364 569.620239
v 420.634918 101.471298 544.303772
v 420.634918 100.864128 518.987366
v 420.634918 102.197060 493.670898
v 420.634918 102.131149 468.354431
v 420.634918 102.098740 443.037964
v 420.634918 101.688599 417.721527
v 420.634918 103.539024 392.405060
v 420.634918 101.603111 367.088593
v 420.634918 102.125473 341.772156
v 420.634918 103.510590 316.455688
v 420.634918 100.987999 291.139252
v 420.634918 101.139870 265.822784
v 420.634918 102.482796 240.506332
v 420.634918 102.743362 215.189880
v 420.634918 102.205818 189.873413
v 420.634918 101.335663 164.556961
v 420.634918 101.606277 139.240509
v 420.634918 101.998642 113.924049
v 420.634918 102.082001 88.607597
v 420.634918 101.968842 63.291138
v 420.634918 101.230049 37.974682
v 420.634918 103.604515 12.658228
v 420.634918 103.153648 -12.658228
v 420.634918 102.902672 -37.974682
v 420.634918 102.780037 -63.291138
v 420.634918 102.262764 -88.607597
v 420.634918 100.514503 -113.924049
v 420.634918 103.372124 -139.240509
v 420.634918 102.727722 -164.556961
v 420.634918 103.173172 -189.873413
v 420.634918 100.882202 -215.189880
v 420.634918 102.809967 -240.506332
v 420.634918 101.661621 -265.822784
v 420.634918 101.924286 -291.139252
v 420.634918 102.832306 -316.455688
v 420.634918 100.550041 -341.772156
v 420.634918 101.367577 -367.088593
v 420.634918 101.127731 -392.405060
v 420.634918 102.775047 -417.721527
v 420.634918 101.162010 -443.037964
v 420.634918 101.400894 -468.354431
v 420.634918 100.453072 -493.670898
v 420.634918 101.712273 -518.987366
v 420.634918 100.712074 -544.303772
v 420.634918 102.113693 -569.620239
v 420.634918 101.202309 -594.936707
v 420.634918 100.545387 -620.253174
v 420.634918 100.605957 -645.569641
v 420.634918 100.266319 -670.886047
v 420.634918 100.924721 -696.202515
v 420.634918 100.169846 -721.518982
v 420.634918 100.135696 -746.835449
v 420.634918 98.733414 -772.151917
v 420.634918 94.338890 -797.468384
v 420.634918 87.686203 -822.784790
v 420.634918 78.898529 -848.101257
v 420.634918 68.259079 -873.417725
v 420.634918 57.634674 -898.734192
v 420.634918 53.110538 -924.050659
v 420.634918 53.439835 -949.367065
v 420.634918 50.257751 -974.683533
v 420.634918 41.428364 -1000.000000
v 436.507935 35.142010 1000.000000
v 436.507935 39.929398 974.683533
v 436.507935 49.646866 949.367065
v 436.507935 57.520638 924.050659
v 436.507935 62.501938 898.734192
v 436.507935 68.633575 873.417725
v 436.507935 77.620605 848.101257
v 436.507935 86.906586 822.784790
v 436.507935 94.035301 797.468384
v 436.507935 98.650131 772.151917
v 436.507935 100.115425 746.835449
v 436.507935 100.086655 721.518982
v 436.507935 100.415367 696.202515
v 436.507935 100.270042 670.886047
v 436.507935 100.544121 645.569641
v 436.507935 100.523956 620.253174
v 436.507935 100.462807 594.936707
v 436.507935 101.170418 569.620239
v 436.507935 101.549988 544.303772
v 436.507935 100.763268 518.987366
v 436.507935 101.616478 493.670898
v 436.507935 101.118813 468.354431
v 436.507935 100.503487 443.037964
v 436.507935 102.003120 417.721527
v 436.507935 101.606659 392.405060
v 436.507935 101.032043 367.088593
v 436.507935 101.069969 341.772156
v 436.507935 101.186768 316.455688
v 436.507935 101.753403 291.139252
v 436.507935 101.000900 265.822784
v 436.507935 101.181374 240.506332
v 436.507935 102.483292 215.189880
v 436.507935 101.452805 189.873413
v 436.507935 101.441650 164.556961
v 436.507935 101.536255 139.240509
v 436.507935 101.261459 113.924049
v 436.507935 101.398071 88.607597
v 436.507935 101.163452 63.291138
v 436.507935 101.204155 37.974682
v 436.507935 100.947372 12.658228
v 436.507935 101.540375 -12.658228
v 436.507935 101.512482 -37.974682
v 436.507935 101.597733 -63.291138
v 436.507935 101.452103 -88.607597
v 436.507935 101.479668 -113.924049
v 436.507935 101.411049 -139.240509
v 436.507935 101.334221 -164.556961
v 436.507935 101.521088 -189.873413
v 436.507935 101.396515 -215.189880
v 436.507935 101.329620 -240.506332
v 436.507935 101.777824 -265.822784
v 436.507935 101.646210 -291.139252
v 436.507935 101.283501 -316.455688
v 436.507935 101.536995 -341.772156
v 436.507935 101.038353 -367.088593
v 436.507935 101.894104 -392.405060
v 436.507935 101.221703 -417.721527
v 436.507935 101.065536 -443.037964
v 436.507935 101.150764 -468.354431
v 436.507935 100.746445 -493.670898
v 436.507935 100.734451 -518.987366
v 436.507935 101.294350 -544.303772
v 436.507935 100.675400 -569.620239
v 436.507935 101.229103 -594.936707
v 436.507935 100.829643 -620.253174
v 436.507935 100.475792 -645.569641
v 436.507935 100.236359 -670.886047
v 436.507935 100.461914 -696.202515
v 436.507935 100.129890 -721.518982
v 436.507935 100.091438 -746.835449
v 436.507935 98.756981 -772.151917
v 436.507935 94.532913 -797.468384
v 436.507935 87.878059 -822.784790
v 436.507935 79.068352 -848.101257
v 436.507935 68.915665 -873.417725
v 436.507935 58.780193 -898.734192
v 436.507935 53.846027 -924.050659
v 436.507935 54.639111 -949.367065
v 436.507935 53.680355 -974.683533
v 436.507935 47.466801 -1000.000000
v 452.380951 35.666492 1000.000000
v 452.380951 40.725323 974.683533
v 452.380951 50.078011 949.367065
v 452.380951 57.191303 924.050659
v 452.380951 61.747444 898.734192
v 452.380951 68.671074 873.417725
v 452.380951 78.444885 848.101257
v 452.380951 87.699921 822.784790
v 452.380951 94.347420 797.468384
v 452.380951 98.618835 772.151917
v 452.380951 100.002434 746.835449
v 452.380951 100.006714 721.518982
v 452.380951 100.115837 696.202515
v 452.380951 100.059830 670.886047
v 452.380951 100.144615 645.569641
v 452.380951 100.234505 620.253174
v 452.380951 100.443489 594.936707
v 452.380951 100.201782 569.620239
v 452.380951 100.466194 544.303772
v 452.380951 100.529366 518.987366
v 452.380951 100.668030 493.670898
v 452.380951 100.639297 468.354431
v 452.380951 100.418709 443.037964
v 452.380951 101.055191 417.721527
v 452.380951 100.822639 392.405060
v 452.380951 101.145172 367.088593
v 452.380951 100.324989 341.772156
v 452.380951 100.643433 316.455688
v 452.380951 101.134735 291.139252
v 452.380951 101.210777 265.822784
v 452.380951 101.524155 240.506332
v 452.380951 100.760834 215.189880
v 452.380951 101.394196 189.873413
v 452.380951 100.721512 164.556961
v 452.380951 100.877258 139.240509
v 452.380951 100.738945 113.924049
v 452.380951 100.811638 88.607597
v 452.380951 100.754333 63.291138
v 452.380951 100.644936 37.974682
v 452.380951 100.587753 12.658228
v 452.380951 101.347641 -12.658228
v 452.380951 101.152939 -37.974682
v 452.380951 101.110321 -63.291138
v 452.380951 100.961998 -88.607597
v 452.380951 101.016403 -113.924049
v 452.380951 101.036324 -139.240509
v 452.380951 100.773689 -164.556961
v 452.380951 100.660728 -189.873413
v 452.380951 100.613426 -215.189880
v 452.380951 101.305260 -240.506332
v 452.380951 101.157112 -265.822784
v 452.380951 100.742203 -291.139252
v 452.380951 100.571793 -316.455688
v 452.380951 101.114784 -341.772156
v 452.380951 101.196037 -367.088593
v 452.380951 100.795464 -392.405060
v 452.380951 100.217262 -417.721527
v 452.380951 100.928642 -443.037964
v 452.380951 100.306458 -468.354431
v 452.380951 100.758385 -493.670898
v 452.380951 100.836296 -518.987366
v 452.380951 100.733948 -544.303772
v 452.380951 100.381691 -569.620239
v 452.380951 100.618027 -594.936707
v 452.380951 100.092384 -620.253174
v 452.380951 100.124733 -645.569641
v 452.380951 100.118988 -670.886047
v 452.380951 100.071114 -696.202515
v 452.380951 100.017899 -721.518982
v 452.380951 100.001274 -746.835449
v 452.380951 98.809334 -772.151917
v 452.380951 94.550087 -797.468384
v 452.380951 87.488029 -822.784790
v 452.380951 78.617561 -848.101257
v 452.380951 69.359833 -873.417725
v 452.380951 60.091148 -898.734192
v 452.380951 54.247616 -924.050659
v 452.380951 54.426872 -949.367065
v 452.380951 54.794060 -974.683533
v 452.380951 51.079063 -1000.000000
v 468.253967 36.528591 1000.000000
v 468.253967 41.671440 974.683533
v 468.253967 50.323250 949.367065
v 468.253967 56.430916 924.050659
v 468.253967 60.547176 898.734192
v 468.253967 68.360741 873.417725
v 468.253967 79.023987 848.101257
v 468.253967 88.348076 822.784790
v 468.253967 94.595284 797.468384
v 468.253967 98.610420 772.151917
v 468.253967 100.000000 746.835449
v 468.253967 100.000000 721.518982
v 468.253967 100.000000 696.202515
v 468.253967 100.008217 670.886047
v 468.253967 100.019173 645.569641
v 468.253967 100.013321 620.253174
v 468.253967 100.095657 594.936707
v 468.253967 100.110588 569.620239
v 468.253967 100.193169 544.303772
v 468.253967 100.063293 518.987366
v 468.253967 100.272888 493.670898
v 468.253967 100.300026 468.354431
v 468.253967 100.325943 443.037964
v 468.253967 100.440308 417.721527
v 468.253967 100.335938 392.405060
v 468.253967 100.094612 367.088593
v 468.253967 100.255226 341.772156
v 468.253967 100.198723 316.455688
v 468.253967 100.556839 291.139252
v 468.253967 100.254028 265.822784
v 468.253967 100.403023 240.506332
v 468.253967 100.649696 215.189880
v 468.253967 100.446541 189.873413
v 468.253967 100.565437 164.556961
v 468.253967 100.704674 139.240509
v 468.253967 100.385834 113.924049
v 468.253967 100.459343 88.607597
v 468.253967 100.329956 63.291138
v 468.253967 100.424843 37.974682
v 468.253967 100.267639 12.658228
v 468.253967 100.256905 -12.658228
v 468.253967 100.290222 -37.974682
v 468.253967 100.485466 -63.291138
v 468.253967 100.333130 -88.607597
v 468.253967 100.565483 -113.924049
v 468.253967 100.318970 -139.240509
v 468.253967 100.379898 -164.556961
v 468.253967 100.349396 -189.873413
v 468.253967 100.536682 -215.189880
v 468.253967 100.470146 -240.506332
v 468.253967 100.535385 -265.822784
v 468.253967 100.112312 -291.139252
v 468.253967 100.246986 -316.455688
v 468.253967 100.546745 -341.772156
v 468.253967 100.374496 -367.088593
v 468.253967 100.297089 -392.405060
v 468.253967 100.382736 -417.721527
v 468.253967 100.180626 -443.037964
v 468.253967 100.310295 -468.354431
v 468.253967 100.344154 -493.670898
v 468.253967 100.176971 -518.987366
v 468.253967 100.055542 -544.303772
v 468.253967 100.155785 -569.620239
v 468.253967 100.068588 -594.936707
v 468.253967 100.034142 -620.253174
v 468.253967 100.029343 -645.569641
v 468.253967 100.005501 -670.886047
v 468.253967 100.000000 -696.202515
v 468.253967 100.000000 -721.518982
v 468.253967 100.000000 -746.835449
v 468.253967 98.824318 -772.151917
v 468.253967 94.400352 -797.468384
v 468.253967 86.785233 -822.784790
v 468.253967 77.826286 -848.101257
v 468.253967 69.563675 -873.417725
v 468.253967 61.243610 -898.734192
v 468.253967 54.075844 -924.050659
v 468.253967 52.467556 -949.367065
v 468.253967 52.760895 -974.683533
v 468.253967 50.812725 -1000.000000
v 484.126984 37.943588 1000.000000
v 484.126984 43.080475 974.683533
v 484.126984 51.087769 949.367065
v 484.126984 56.311073 924.050659
v 484.126984 59.984104 898.734192
v 484.126984 68.178902 873.417725
v 484.126984 79.214378 848.101257
v 484.126984 88.532036 822.784790
v 484.126984 94.617622 797.468384
v 484.126984 98.577667 772.151917
v 484.126984 100.000000 746.835449
v 484.126984 100.000000 721.518982
v 484.126984 100.000000 696.202515
v 484.126984 100.000000 670.886047
v 484.126984 100.000000 645.569641
v 484.126984 100.000000 620.253174
v 484.126984 100.000000 594.936707
v 484.126984 100.002899 569.620239
v 484.126984 100.010651 544.303772
v 484.126984 100.008942 518.987366
v 484.126984 100.031570 493.670898
v 484.126984 100.039352 468.354431
v 484.126984 100.068047 443.037964
v 484.126984 100.033653 417.721527
v 484.126984 100.082962 392.405060
v 484.126984 100.097145 367.088593
v 484.126984 100.045677 341.772156
v 484.126984 100.066910 316.455688
v 484.126984 100.114441 291.139252
v 484.126984 100.133568 265.822784
v 484.126984 100.146255 240.506332
v 484.126984 100.144684 215.189880
v 484.126984 100.163094 189.873413
v 484.126984 100.136803 164.556961
v 484.126984 100.069786 139.240509
v 484.126984 100.121582 113.924049
v 484.126984 100.123238 88.607597
v 484.126984 100.121964 63.291138
v 484.126984 100.087975 37.974682
v 484.126984 100.100471 12.658228
v 484.126984 100.126060 -12.658228
v 484.126984 100.123619 -37.974682
v 484.126984 100.120941 -63.291138
v 484.126984 100.121574 -88.607597
v 484.126984 100.148148 -113.924049
v 484.126984 100.131233 -139.240509
v 484.126984 100.104149 -164.556961
v 484.126984 100.091423 -189.873413
v 484.126984 100.130325 -215.189880
v 484.126984 100.090385 -240.506332
v 484.126984 100.120949 -265.822784
v 484.126984 100.083260 -291.139252
v 484.126984 100.086082 -316.455688
v 484.126984 100.120712 -341.772156
v 484.126984 100.064301 -367.088593
v 484.126984 100.050598 -392.405060
v 484.126984 100.059486 -417.721527
v 484.126984 100.034447 -443.037964
v 484.126984 100.044456 -468.354431
v 484.126984 100.030586 -493.670898
v 484.126984 100.012344 -518.987366
v 484.126984 100.004776 -544.303772
v 484.126984 100.001678 -569.620239
v 484.126984 100.000000 -594.936707
v 484.126984 100.000000 -620.253174
v 484.126984 100.000000 -645.569641
v 484.126984 100.000000 -670.886047
v 484.126984 100.000000 -696.202515
v 484.126984 100.000000 -721.518982
v 484.126984 100.000000 -746.835449
v 484.126984 98.813278 -772.151917
v 484.126984 94.260773 -797.468384
v 484.126984 86.195366 -822.784790
v 484.126984 77.123306 -848.101257
v 484.126984 69.552544 -873.417725
v 484.126984 61.878941 -898.734192
v 484.126984 53.246441 -924.050659
v 484.126984 49.086647 -949.367065
v 484.126984 47.944641 -974.683533
v 484.126984 46.637272 -1000.000000
v 500.000000 39.903816 1000.000000
v 500.000000 45.128761 974.683533
v 500.000000 53.094139 949.367065
v 500.000000 58.041328 924.050659
v 500.000000 61.320763 898.734192
v 500.000000 68.771965 873.417725
v 500.000000 79.009682 848.101257
v 500.000000 88.005249 822.784790
v 500.000000 94.274612 797.468384
v 500.000000 98.511147 772.151917
v 500.000000 100.000000 746.835449
v 500.000000 100.000000 721.518982
v 500.000000 100.000000 696.202515
v 500.000000 100.000000 670.886047
v 500.000000 100.000000 645.569641
v 500.000000 100.000000 620.253174
v 500.000000 100.000000 594.936707
v 500.000000 100.000000 569.620239
v 500.000000 100.000000 544.303772
v 500.000000 100.000000 518.987366
v 500.000000 100.000000 493.670898
v 500.000000 100.000000 468.354431
v 500.000000 100.000000 443.037964
v 500.000000 100.000000 417.721527
v 500.000000 100.000000 392.405060
v 500.000000 100.000000 367.088593
v 500.000000 100.000000 341.772156
v 500.000000 100.000000 316.455688
v 500.000000 100.000000 291.139252
v 500.000000 100.000000 265.822784
v 500.000000 100.000000 240.506332
v 500.000000 100.000000 215.189880
v 500.000000 100.000000 189.873413
v 500.000000 100.000000 164.556961
v 500.000000 100.000000 139.240509
v 500.000000 100.000000 113.924049
v 500.000000 100.000000 88.607597
v 500.000000 100.000000 63.291138
v 500.000000 100.000000 37.974682
v 500.000000 100.000000 12.658228
v 500.000000 100.000000 -12.658228
v 500.000000 100.000000 -37.974682
v 500.000000 100.000000 -63.291138
v 500.000000 100.000000 -88.607597
v 500.000000 100.000000 -113.924049
v 500.000000 100.000000 -139.240509
v 500.000000 100.000000 -164.556961
v 500.000000 100.000000 -189.873413
v 500.000000 100.000000 -215.189880
v 500.000000 100.000000 -240.506332
v 500.000000 100.000000 -265.822784
v 500.000000 100.000000 -291.139252
v 500.000000 100.000000 -316.455688
v 500.000000 100.000000 -341.772156
v 500.000000 100.000000 -367.088593
v 500.000000 100.000000 -392.405060
v 500.000000 100.000000 -417.721527
v 500.000000 100.000000 -443.037964
v 500.000000 100.000000 -468.354431
v 500.000000 100.000000 -493.670898
v 500.000000 100.000000 -518.987366
v 500.000000 100.000000 -544.303772
v 500.000000 100.000000 -569.620239
v 500.000000 100.000000 -594.936707
v 500.000000 100.000000 -620.253174
v 500.000000 100.000000 -645.569641
v 500.000000 100.000000 -670.886047
v 500.000000 100.000000 -696.202515
v 500.000000 100.000000 -721.518982
v 500.000000 100.000000 -746.835449
v 500.000000 98.828163 -772.151917
v 500.000000 94.375282 -797.468384
v 500.000000 86.255661 -822.784790
v 500.000000 77.039658 -848.101257
v 500.000000 69.389580 -873.417725
v 500.000000 61.618900 -898.734192
v 500.000000 51.784657 -924.050659
v 500.000000 45.148876 -949.367065
v 500.000000 41.817261 -974.683533
v 500.000000 40.000000 -1000.000000
vn -0.2799 0.8947 0.3482
vn -0.1771 0.9337 0.3112
vn 0.0337 0.9899 0.1378
vn 0.1503 0.9868 0.0608
vn 0.1063 0.9880 0.1120
vn 0.0229 0.9698 0.2429
vn -0.0263 0.9215 0.3875
vn -0.0377 0.9275 0.3719
vn -0.0213 0.9690 0.2460
vn -0.0046 0.9942 0.1071
vn -0.0003 0.9998 0.0223
vn -0.0000 1.0000 -0.0000
vn -0.0001 1.0000 -0.0000
vn -0.0009 1.0000 0.0004
vn -0.0019 1.0000 -0.0004
vn -0.0003 1.0000 -0.0000
vn -0.0028 1.0000 0.0004
vn -0.0021 1.0000 -0.0000
vn -0.0022 1.0000 -0.0000
vn -0.0041 1.0000 0.0003
vn -0.0036 1.0000 -0.0004
vn -0.0045 1.0000 0.0005
vn -0.0044 1.0000 -0.0000
vn -0.0062 1.0000 -0.0001
vn -0.0039 1.0000 0.0001
vn -0.0043 1.0000 -0.0000
vn -0.0097 1.0000 0.0010
vn -0.0088 1.0000 -0.0005
vn -0.0067 1.0000 -0.0000
vn -0.0083 1.0000 -0.0000
vn -0.0064 1.0000 -0.0002
vn -0.0056 1.0000 -0.0000
vn -0.0066 1.0000 0.0002
vn -0.0068 1.0000 -0.0001
vn -0.0056 1.0000 -0.0007
vn -0.0028 1.0000 -0.0000
vn -0.0052 1.0000 0.0005
vn -0.0051 1.0000 -0.0000
vn -0.0064 1.0000 0.0003
vn -0.0069 1.0000 -0.0004
vn -0.0044 1.0000 -0.0002
vn -0.0037 1.0000 -0.0000
vn -0.0055 1.0000 0.0004
vn -0.0068 1.0000 -0.0002
vn -0.0082 1.0000 -0.0004
vn -0.0032 1.0000 -0.0000
vn -0.0048 1.0000 0.0004
vn -0.0055 1.0000 -0.0003
vn -0.0038 1.0000 -0.0000
vn -0.0041 1.0000 0.0001
vn -0.0041 1.0000 -0.0004
vn -0.0025 1.0000 0.0001
vn -0.0026 1.0000 -0.0002
vn -0.0016 1.0000 -0.0003
vn -0.0003 1.0000 -0.0001
vn -0.0000 0.9996 -0.0268
vn 0.0009 0.9938 -0.1107
vn 0.0006 0.9781 -0.2081
vn -0.0044 0.9675 -0.2530
vn -0.0354 0.9607 -0.2752
vn -0.0913 0.9358 -0.3406
vn -0.1280 0.8961 -0.4250
vn -0.0802 0.9099 -0.4070
vn 0.0315 0.9792 -0.2002
vn 0.1739 0.9831 -0.0570
vn 0.2492 0.9672 0.0490
vn -0.2857 0.9106 0.2986
vn -0.1182 0.9704 0.2105
vn 0.1018 0.9894 0.1037
vn 0.1593 0.9861 0.0482
vn 0.0974 0.9847 0.1443
vn -0.0156 0.9618 0.2734
vn -0.0672 0.9155 0.3967
vn -0.0547 0.9298 0.3640
vn -0.0239 0.9714 0.2361
vn -0.0045 0.9947 0.1028
vn -0.0003 0.9998 0.0218
vn -0.0002 1.0000 -0.0000
vn -0.0005 1.0000 0.0001
vn -0.0008 1.0000 -0.0000
vn -0.0035 1.0000 0.0001
vn -0.0013 1.0000 0.0002
vn -0.0067 1.0000 0.0013
vn -0.0049 1.0000 -0.0007
vn -0.0030 1.0000 0.0003
vn -0.0096 1.0000 0.0019
vn -0.0093 1.0000 -0.0016
vn -0.0043 1.0000 0.0006
vn -0.0088 1.0000 0.0014
vn -0.0119 0.9999 -0.0004
vn -0.0093 1.0000 -0.0009
vn -0.0057 1.0000 0.0007
vn -0.0088 1.0000 0.0012
vn -0.0094 1.0000 -0.0005
vn -0.0127 0.9999 -0.0001
vn -0.0108 0.9999 0.0016
vn -0.0140 0.9999 0.0016
vn -0.0167 0.9999 -0.0008
vn -0.0145 0.9999 -0.0000
vn -0.0190 0.9998 0.0007
vn -0.0175 0.9998 -0.0011
vn -0.0159 0.9999 -0.0000
vn -0.0189 0.9998 0.0010
vn -0.0202 0.9998 -0.0021
vn -0.0100 0.9999 -0.0012
vn -0.0119 0.9999 0.0007
vn -0.0126 0.9999 0.0005
vn -0.0125 0.9999 0.0001
vn -0.0121 0.9999 0.0004
vn -0.0118 0.9999 -0.0013
vn -0.0080 1.0000 -0.0009
vn -0.0170 0.9999 0.0015
vn -0.0140 0.9999 0.0005
vn -0.0124 0.9999 -0.0003
vn -0.0115 0.9999 0.0006
vn -0.0173 0.9999 -0.0005
vn -0.0112 0.9999 -0.0011
vn -0.0119 0.9999 0.0009
vn -0.0125 0.9999 -0.0006
vn -0.0096 1.0000 -0.0015
vn -0.0053 1.0000 0.0002
vn -0.0069 1.0000 -0.0003
vn -0.0057 1.0000 -0.0004
vn -0.0104 0.9999 -0.0005
vn -0.0039 1.0000 -0.0006
vn -0.0048 1.0000 -0.0005
vn -0.0024 1.0000 -0.0001
vn -0.0029 1.0000 0.0001
vn -0.0024 1.0000 -0.0004
vn -0.0007 1.0000 -0.0000
vn 0.0001 0.9996 -0.0270
vn 0.0009 0.9938 -0.1109
vn 0.0025 0.9781 -0.2083
vn 0.0099 0.9677 -0.2520
vn 0.0058 0.9641 -0.2656
vn -0.0248 0.9460 -0.3232
vn -0.0604 0.9071 -0.4166
vn -0.0414 0.9021 -0.4294
vn 0.0552 0.9630 -0.2638
vn 0.1369 0.9876 -0.0772
vn 0.1384 0.9901 0.0234
vn -0.2316 0.9559 0.1809
vn -0.0568 0.9967 0.0575
vn 0.1745 0.9846 0.0113
vn 0.2093 0.9751 0.0733
vn 0.0777 0.9760 0.2036
vn -0.0635 0.9378 0.3414
vn -0.1100 0.9105 0.3985
vn -0.0650 0.9382 0.3398
vn -0.0211 0.9760 0.2166
vn -0.0034 0.9954 0.0961
vn -0.0002 0.9998 0.0208
vn -0.0006 1.0000 0.0001
vn -0.0010 1.0000 0.0002
vn -0.0027 1.0000 0.0006
vn -0.0059 1.0000 0.0008
vn -0.0068 1.0000 0.0019
vn -0.0187 0.9998 0.0003
vn -0.0084 1.0000 0.0017
vn -0.0154 0.9999 0.0019
vn -0.0073 1.0000 -0.0027
vn -0.0073 1.0000 0.0024
vn -0.0091 1.0000 0.0040
vn -0.0217 0.9998 -0.0012
vn -0.0192 0.9998 -0.0000
vn -0.0273 0.9996 0.0013
vn -0.0081 1.0000 0.0002
vn -0.0290 0.9996 0.0020
vn -0.0282 0.9996 -0.0043
vn -0.0131 0.9999 0.0025
vn -0.0203 0.9998 0.0019
vn -0.0189 0.9998 0.0005
vn -0.0146 0.9999 0.0006
vn -0.0242 0.9997 0.0022
vn -0.0107 0.9999 -0.0000
vn -0.0171 0.9998 0.0028
vn -0.0387 0.9992 0.0017
vn -0.0176 0.9998 -0.0034
vn -0.0129 0.9999 0.0008
vn -0.0085 1.0000 0.0021
vn -0.0275 0.9996 -0.0016
vn -0.0408 0.9992 -0.0034
vn -0.0306 0.9995 0.0017
vn -0.0321 0.9995 0.0007
vn -0.0325 0.9995 -0.0000
vn -0.0304 0.9995 -0.0019
vn -0.0237 0.9997 -0.0013
vn -0.0284 0.9996 0.0030
vn -0.0182 0.9998 -0.0008
vn -0.0200 0.9998 -0.0005
vn -0.0265 0.9996 -0.0011
vn -0.0183 0.9998 -0.0011
vn -0.0057 1.0000 -0.0002
vn -0.0214 0.9998 0.0012
vn -0.0304 0.9995 -0.0022
vn -0.0079 1.0000 -0.0010
vn -0.0164 0.9999 -0.0021
vn -0.0238 0.9997 -0.0002
vn -0.0188 0.9998 -0.0007
vn -0.0159 0.9999 0.0024
vn -0.0179 0.9998 -0.0017
vn -0.0119 0.9999 -0.0035
vn -0.0205 0.9998 0.0019
vn -0.0215 0.9998 -0.0038
vn -0.0097 1.0000 -0.0010
vn -0.0042 1.0000 -0.0014
vn -0.0073 1.0000 -0.0007
vn -0.0033 1.0000 -0.0004
vn -0.0030 1.0000 -0.0005
vn -0.0009 1.0000 -0.0000
vn -0.0002 0.9996 -0.0275
vn 0.0011 0.9937 -0.1120
vn 0.0070 0.9770 -0.2133
vn 0.0272 0.9651 -0.2604
vn 0.0483 0.9628 -0.2660
vn 0.0506 0.9485 -0.3129
vn 0.0473 0.9090 -0.4140
vn 0.0761 0.8916 -0.4464
vn 0.1019 0.9485 -0.3001
vn 0.0749 0.9953 -0.0613
vn 0.0164 0.9984 0.0540
vn -0.0079 0.9995 0.0299
vn 0.1692 0.9837 -0.0616
vn 0.2910 0.9552 -0.0546
vn 0.2063 0.9680 0.1427
vn 0.0225 0.9585 0.2842
vn -0.1057 0.9108 0.3990
vn -0.1063 0.9174 0.3835
vn -0.0409 0.9508 0.3072
vn -0.0036 0.9796 0.2010
vn 0.0002 0.9957 0.0931
vn -0.0016 0.9998 0.0213
vn -0.0057 1.0000 0.0010
vn -0.0055 1.0000 0.0011
vn -0.0105 0.9999 0.0035
vn -0.0280 0.9996 0.0019
vn -0.0154 0.9998 0.0081
vn -0.0282 0.9996 -0.0018
vn -0.0056 1.0000 -0.0017
vn -0.0259 0.9997 0.0011
vn -0.0034 1.0000 -0.0059
vn -0.0322 0.9995 0.0058
vn -0.0202 0.9998 0.0092
vn -0.0305 0.9995 0.0044
vn -0.0434 0.9991 0.0010
vn -0.0316 0.9995 0.0028
vn -0.0448 0.9990 -0.0011
vn -0.0300 0.9995 0.0066
vn -0.0302 0.9995 -0.0057
vn -0.0433 0.9991 -0.0019
vn -0.0409 0.9992 0.0015
vn -0.0463 0.9989 -0.0003
vn -0.0422 0.9991 -0.0039
vn -0.0135 0.9999 -0.0004
vn -0.0318 0.9995 0.0025
vn -0.0413 0.9990 0.0168
vn -0.0243 0.9997 -0.0087
vn -0.0400 0.9991 -0.0126
vn -0.0089 0.9999 -0.0046
vn -0.0314 0.9994 0.0147
vn -0.0368 0.9992 0.0136
vn -0.0467 0.9989 -0.0036
vn -0.0292 0.9996 -0.0053
vn -0.0325 0.9995 -0.0002
vn -0.0180 0.9998 0.0003
vn -0.0203 0.9998 -0.0057
vn -0.0293 0.9996 0.0013
vn -0.0298 0.9995 -0.0034
vn -0.0338 0.9994 -0.0050
vn -0.0272 0.9996 0.0088
vn -0.0354 0.9994 -0.0002
vn -0.0310 0.9994 -0.0123
vn -0.0377 0.9993 0.0063
vn -0.0366 0.9993 0.0101
vn -0.0353 0.9994 -0.0062
vn -0.0319 0.9994 -0.0135
vn -0.0203 0.9998 0.0084
vn -0.0313 0.9995 0.0011
vn -0.0497 0.9988 -0.0049
vn -0.0251 0.9997 -0.0006
vn -0.0299 0.9996 -0.0010
vn -0.0333 0.9994 -0.0000
vn -0.0273 0.9996 0.0044
vn -0.0313 0.9995 -0.0054
vn -0.0268 0.9996 -0.0126
vn -0.0073 1.0000 -0.0011
vn -0.0189 0.9998 -0.0004
vn -0.0083 1.0000 -0.0026
vn -0.0103 0.9999 -0.0012
vn -0.0065 1.0000 -0.0018
vn -0.0033 0.9996 -0.0285
vn -0.0005 0.9935 -0.1139
vn 0.0076 0.9749 -0.2225
vn 0.0345 0.9603 -0.2768
vn 0.0725 0.9575 -0.2793
vn 0.0976 0.9429 -0.3184
vn 0.1105 0.8994 -0.4230
vn 0.1345 0.8811 -0.4534
vn 0.1270 0.9516 -0.2797
vn 0.0407 0.9991 -0.0090
vn -0.0564 0.9891 0.1362
vn 0.2571 0.9613 -0.0986
vn 0.3538 0.9239 -0.1457
vn 0.3656 0.9307 -0.0094
vn 0.1998 0.9508 0.2366
vn -0.0052 0.9254 0.3789
vn -0.0966 0.9017 0.4215
vn -0.0656 0.9327 0.3546
vn 0.0033 0.9612 0.2757
vn 0.0186 0.9799 0.1987
vn 0.0029 0.9954 0.0959
vn -0.0085 0.9996 0.0263
vn -0.0103 0.9999 0.0010
vn -0.0075 1.0000 0.0022
vn -0.0259 0.9995 0.0180
vn -0.0279 0.9996 0.0021
vn -0.0308 0.9995 0.0036
vn -0.0094 0.9999 -0.0062
vn -0.0236 0.9997 0.0020
vn -0.0451 0.9990 0.0032
vn -0.0348 0.9994 -0.0012
vn -0.0284 0.9996 0.0041
vn -0.0368 0.9993 0.0098
vn -0.0457 0.9989 0.0141
vn -0.0607 0.9981 -0.0069
vn -0.0126 0.9999 -0.0029
vn -0.0089 1.0000 -0.0009
vn 0.0148 0.9998 -0.0103
vn -0.0088 0.9999 0.0147
vn -0.0316 0.9995 0.0034
vn -0.0265 0.9996 0.0056
vn -0.0602 0.9982 0.0044
vn -0.0378 0.9991 -0.0174
vn -0.0222 0.9997 -0.0030
vn -0.0508 0.9987 0.0095
vn -0.0060 1.0000 -0.0005
vn 0.0193 0.9998 0.0013
vn -0.0502 0.9987 0.0051
vn -0.0723 0.9973 -0.0101
vn -0.0674 0.9976 0.0128
vn -0.0217 0.9998 0.0033
vn -0.0350 0.9994 -0.0062
vn -0.0235 0.9997 -0.0050
vn -0.0535 0.9986 -0.0044
vn -0.0158 0.9998 -0.0072
vn -0.0167 0.9999 0.0038
vn -0.0406 0.9992 0.0053
vn -0.0246 0.9997 0.0011
vn -0.0326 0.9995 -0.0018
vn -0.0392 0.9992 -0.0024
vn -0.0039 1.0000 0.0005
vn -0.0305 0.9995 0.0031
vn -0.0607 0.9981 0.0063
vn -0.0259 0.9996 -0.0100
vn 0.0016 1.0000 0.0011
vn -0.0407 0.9991 -0.0075
vn -0.0348 0.9994 -0.0046
vn -0.0078 0.9999 0.0123
vn -0.0291 0.9995 0.0082
vn -0.0540 0.9985 -0.0100
vn -0.0481 0.9988 0.0004
vn -0.0388 0.9992 -0.0074
vn -0.0201 0.9998 -0.0021
vn -0.0204 0.9998 -0.0006
vn -0.0290 0.9995 -0.0131
vn -0.0327 0.9994 -0.0106
vn -0.0124 0.9999 0.0036
vn -0.0201 0.9998 -0.0062
vn -0.0157 0.9999 -0.0021
vn -0.0124 0.9999 -0.0039
vn -0.0121 0.9995 -0.0304
vn -0.0081 0.9929 -0.1185
vn 0.0037 0.9726 -0.2324
vn 0.0294 0.9545 -0.2969
vn 0.0693 0.9513 -0.3002
vn 0.1010 0.9375 -0.3331
vn 0.1190 0.8920 -0.4361
vn 0.1428 0.8789 -0.4552
vn 0.1392 0.9596 -0.2445
vn 0.0533 0.9962 0.0684
vn -0.0429 0.9811 0.1886
vn 0.4294 0.8879 -0.1648
vn 0.4512 0.8785 -0.1569
vn 0.3781 0.9221 0.0819
vn 0.1776 0.9215 0.3454
vn 0.0006 0.8907 0.4546
vn -0.0401 0.9075 0.4181
vn 0.0105 0.9468 0.3215
vn 0.0504 0.9636 0.2624
vn 0.0301 0.9770 0.2111
vn -0.0098 0.9942 0.1073
vn -0.0103 0.9996 0.0272
vn -0.0081 1.0000 -0.0006
vn -0.0183 0.9998 0.0101
vn -0.0021 0.9999 0.0101
vn -0.0158 0.9998 0.0133
vn -0.0456 0.9989 -0.0091
vn 0.0173 0.9998 -0.0062
vn -0.0730 0.9967 0.0342
vn -0.0709 0.9974 -0.0093
vn -0.0180 0.9997 -0.0143
vn 0.0254 0.9997 0.0003
vn -0.1064 0.9939 0.0289
vn -0.0305 0.9994 0.0191
vn 0.0223 0.9994 -0.0255
vn -0.0717 0.9974 -0.0079
vn -0.0308 0.9995 -0.0117
vn -0.0629 0.9980 -0.0028
vn -0.0281 0.9993 0.0236
vn -0.0569 0.9984 0.0045
vn -0.0208 0.9998 0.0040
vn 0.0197 0.9998 0.0003
vn -0.0336 0.9994 -0.0068
vn -0.0490 0.9988 0.0098
vn -0.0475 0.9988 -0.0077
vn -0.0857 0.9963 -0.0042
vn -0.0916 0.9958 -0.0086
vn 0.0068 0.9994 0.0325
vn -0.0182 0.9998 0.0066
vn -0.0368 0.9992 -0.0141
vn -0.0004 1.0000 -0.0047
vn 0.0045 0.9999 0.0134
vn -0.0333 0.9993 -0.0159
vn 0.0156 0.9999 -0.0039
vn -0.0800 0.9968 0.0043
vn -0.1094 0.9939 0.0154
vn -0.0955 0.9954 -0.0041
vn -0.0781 0.9969 -0.0114
vn -0.0796 0.9968 -0.0061
vn -0.0332 0.9994 0.0052
vn -0.0500 0.9987 -0.0087
vn -0.0642 0.9979 0.0115
vn -0.0094 1.0000 0.0026
vn 0.0159 0.9995 -0.0290
vn -0.0852 0.9963 0.0113
vn -0.0313 0.9995 0.0109
vn -0.0927 0.9957 -0.0085
vn -0.0530 0.9985 -0.0136
vn 0.0134 0.9997 0.0224
vn 0.0188 0.9998 0.0002
vn -0.0010 1.0000 -0.0055
vn -0.0407 0.9990 -0.0172
vn 0.0122 0.9999 0.0049
vn -0.0241 0.9997 -0.0025
vn 0.0085 0.9999 -0.0099
vn -0.0672 0.9977 -0.0090
vn -0.0171 0.9998 -0.0038
vn -0.0310 0.9995 -0.0044
vn -0.0110 0.9999 -0.0075
vn -0.0016 1.0000 -0.0038
vn -0.0004 0.9995 -0.0304
vn -0.0107 0.9929 -0.1188
vn -0.0088 0.9696 -0.2446
vn 0.0140 0.9496 -0.3132
vn 0.0396 0.9469 -0.3190
vn 0.0574 0.9361 -0.3470
vn 0.0662 0.8905 -0.4501
vn 0.0946 0.8813 -0.4631
vn 0.1344 0.9644 -0.2277
vn 0.1427 0.9840 0.1067
vn 0.1131 0.9681 0.2238
vn 0.4904 0.8538 -0.1748
vn 0.4545 0.8850 -0.1012
vn 0.3339 0.9276 0.1678
vn 0.1685 0.8846 0.4348
vn 0.0570 0.8648 0.4989
vn 0.0451 0.9134 0.4045
vn 0.0708 0.9512 0.3003
vn 0.0760 0.9606 0.2672
vn 0.0428 0.9711 0.2346
vn 0.0010 0.9927 0.1205
vn -0.0155 0.9995 0.0280
vn -0.0172 0.9998 0.0034
vn -0.0432 0.9991 0.0039
vn -0.0016 0.9999 0.0140
vn -0.0449 0.9982 0.0406
vn -0.0488 0.9984 -0.0277
vn -0.0203 0.9998 0.0046
vn -0.0765 0.9951 0.0621
vn -0.0338 0.9987 -0.0392
vn -0.0086 0.9988 -0.0488
vn -0.0848 0.9932 0.0797
vn -0.1109 0.9933 0.0330
vn -0.0842 0.9941 -0.0684
vn -0.0134 0.9998 0.0127
vn -0.0837 0.9959 0.0345
vn -0.1212 0.9925 -0.0157
vn -0.1052 0.9943 -0.0144
vn -0.0693 0.9976 0.0087
vn -0.0992 0.9949 0.0177
vn -0.0971 0.9942 -0.0458
vn -0.0258 0.9996 0.0135
vn -0.0825 0.9963 0.0249
vn -0.0919 0.9958 0.0001
vn -0.0545 0.9985 0.0010
vn -0.0560 0.9979 0.0332
vn -0.0883 0.9958 -0.0256
vn -0.0825 0.9957 -0.0415
vn -0.0053 0.9998 0.0173
vn -0.0318 0.9995 0.0043
vn -0.0772 0.9966 -0.0289
vn -0.0447 0.9986 0.0266
vn -0.0649 0.9976 -0.0237
vn -0.0387 0.9990 0.0218
vn -0.0706 0.9964 0.0465
vn -0.0567 0.9984 0.0070
vn -0.0314 0.9994 -0.0147
vn -0.0486 0.9988 0.0028
vn -0.0603 0.9976 -0.0339
vn -0.0348 0.9994 -0.0040
vn -0.0684 0.9975 0.0175
vn -0.0772 0.9970 -0.0017
vn -0.0788 0.9961 -0.0401
vn -0.0849 0.9959 0.0313
vn -0.0776 0.9970 -0.0033
vn -0.0275 0.9996 -0.0009
vn -0.0440 0.9990 0.0128
vn -0.0465 0.9982 -0.0385
vn -0.0426 0.9989 -0.0190
vn -0.0297 0.9996 -0.0017
vn -0.0508 0.9981 0.0336
vn -0.0699 0.9975 -0.0139
vn -0.0872 0.9961 -0.0116
vn -0.0378 0.9992 -0.0114
vn -0.0345 0.9993 0.0113
vn -0.0569 0.9983 0.0106
vn -0.0567 0.9979 -0.0329
vn -0.0327 0.9994 -0.0061
vn -0.0173 0.9997 -0.0181
vn -0.0175 0.9998 -0.0096
vn -0.0127 0.9994 -0.0309
vn -0.0050 0.9938 -0.1110
vn -0.0125 0.9688 -0.2474
vn -0.0124 0.9468 -0.3215
vn -0.0159 0.9463 -0.3230
vn -0.0313 0.9376 -0.3464
vn -0.0415 0.8861 -0.4616
vn 0.0052 0.8684 -0.4959
vn 0.1151 0.9621 -0.2471
vn 0.2443 0.9680 0.0573
vn 0.2893 0.9284 0.2334
vn 0.5000 0.8532 -0.1483
vn 0.4740 0.8801 -0.0264
vn 0.3563 0.9026 0.2416
vn 0.2026 0.8475 0.4907
vn 0.1317 0.8445 0.5191
vn 0.1172 0.9070 0.4044
vn 0.1063 0.9472 0.3025
vn 0.0763 0.9574 0.2785
vn 0.0460 0.9647 0.2594
vn 0.0002 0.9899 0.1419
vn -0.0340 0.9988 0.0363
vn -0.0212 0.9997 0.0117
vn -0.0258 0.9997 -0.0030
vn -0.0273 0.9995 0.0147
vn -0.0006 0.9994 0.0337
vn -0.0016 0.9998 -0.0198
vn -0.0475 0.9987 0.0169
vn 0.0139 0.9994 0.0301
vn 0.0686 0.9966 -0.0465
vn -0.0755 0.9970 0.0139
vn -0.0764 0.9951 0.0629
vn 0.0962 0.9951 0.0213
vn -0.1072 0.9938 -0.0280
vn -0.1146 0.9924 -0.0449
vn 0.0973 0.9929 0.0687
vn -0.0817 0.9967 -0.0017
vn -0.1009 0.9946 -0.0234
vn -0.0926 0.9956 0.0173
vn -0.0490 0.9987 0.0167
vn -0.0674 0.9974 -0.0250
vn -0.1318 0.9913 -0.0041
vn -0.0550 0.9985 0.0014
vn 0.0064 1.0000 -0.0004
vn 0.0419 0.9987 -0.0295
vn 0.0897 0.9960 0.0009
vn 0.0006 0.9985 0.0540
vn -0.0740 0.9960 -0.0499
vn -0.0417 0.9991 -0.0064
vn -0.0308 0.9989 0.0351
vn -0.1289 0.9916 0.0118
vn -0.1725 0.9849 -0.0161
vn -0.0354 0.9993 -0.0115
vn -0.0647 0.9979 -0.0049
vn 0.0399 0.9992 0.0094
vn 0.0218 0.9998 0.0026
vn 0.0311 0.9995 -0.0095
vn 0.0222 0.9997 0.0037
vn 0.0324 0.9994 -0.0096
vn -0.0487 0.9988 0.0062
vn -0.0447 0.9990 -0.0020
vn 0.0583 0.9980 0.0254
vn -0.0297 0.9994 -0.0151
vn -0.1394 0.9900 0.0204
vn -0.0011 0.9984 -0.0559
vn -0.0145 0.9999 0.0078
vn 0.0125 0.9999 0.0018
vn 0.0136 0.9998 -0.0164
vn -0.0707 0.9974 0.0149
vn -0.0995 0.9950 -0.0054
vn -0.0226 0.9997 0.0123
vn -0.0307 0.9993 0.0235
vn -0.1144 0.9932 -0.0212
vn -0.0462 0.9983 -0.0362
vn -0.0462 0.9989 -0.0037
vn 0.0535 0.9985 0.0083
vn -0.0562 0.9983 -0.0165
vn -0.0288 0.9994 -0.0197
vn -0.0204 0.9996 -0.0175
vn -0.0267 0.9996 -0.0048
vn -0.0411 0.9985 -0.0372
vn -0.0171 0.9935 -0.1130
vn -0.0365 0.9684 -0.2466
vn -0.0286 0.9483 -0.3162
vn -0.0476 0.9495 -0.3102
vn -0.0777 0.9422 -0.3258
vn -0.1167 0.8833 -0.4541
vn -0.1055 0.8361 -0.5383
vn 0.0387 0.9437 -0.3285
vn 0.2583 0.9647 -0.0523
vn 0.3528 0.9171 0.1857
vn 0.4376 0.8898 -0.1294
vn 0.4302 0.9026 0.0113
vn 0.3446 0.8857 0.3112
vn 0.2231 0.8179 0.5304
vn 0.1671 0.8249 0.5400
vn 0.1304 0.8967 0.4230
vn 0.0865 0.9423 0.3233
vn 0.0443 0.9549 0.2937
vn 0.0081 0.9588 0.2839
vn -0.0127 0.9860 0.1663
vn -0.0421 0.9983 0.0401
vn -0.0350 0.9994 0.0003
vn 0.0038 1.0000 -0.0028
vn -0.0126 0.9999 0.0107
vn -0.0369 0.9988 0.0333
vn -0.0662 0.9978 0.0093
vn -0.0950 0.9954 -0.0074
vn 0.0166 0.9998 -0.0135
vn -0.0751 0.9969 0.0231
vn -0.1002 0.9944 0.0330
vn -0.0923 0.9957 -0.0023
vn -0.0423 0.9990 0.0139
vn 0.0110 0.9968 0.0789
vn -0.1145 0.9877 -0.1062
vn -0.0564 0.9976 0.0401
vn -0.0998 0.9928 0.0657
vn -0.0775 0.9969 -0.0152
vn -0.0363 0.9991 -0.0217
vn 0.0378 0.9993 0.0024
vn -0.0604 0.9981 0.0131
vn -0.0808 0.9967 0.0004
vn -0.0145 0.9975 -0.0688
vn -0.0657 0.9975 -0.0252
vn -0.0133 0.9993 -0.0353
vn -0.0404 0.9979 0.0511
vn -0.0531 0.9967 0.0611
vn -0.0125 0.9993 -0.0351
vn -0.0827 0.9964 -0.0176
vn -0.0413 0.9988 0.0272
vn 0.0412 0.9979 0.0506
vn 0.0695 0.9959 -0.0578
vn -0.1589 0.9873 0.0025
vn -0.0901 0.9955 -0.0280
vn -0.0266 0.9996 0.0040
vn -0.0243 0.9997 0.0086
vn -0.0420 0.9990 -0.0165
vn -0.0525 0.9986 -0.0047
vn 0.0050 0.9999 0.0100
vn -0.0343 0.9989 0.0305
vn -0.0479 0.9981 -0.0399
vn -0.1153 0.9933 0.0037
vn -0.0568 0.9959 0.0705
vn -0.0788 0.9968 0.0117
vn -0.0486 0.9972 -0.0562
vn -0.0816 0.9962 -0.0316
vn -0.0262 0.9997 0.0028
vn -0.0576 0.9983 0.0028
vn -0.0380 0.9990 0.0214
vn 0.0075 0.9999 -0.0144
vn -0.0732 0.9973 0.0083
vn -0.0844 0.9956 0.0418
vn -0.0306 0.9988 -0.0374
vn -0.0112 0.9991 -0.0417
vn 0.0014 0.9998 -0.0212
vn -0.0297 0.9996 -0.0032
vn 0.0031 0.9999 0.0139
vn 0.0101 0.9993 -0.0356
vn -0.0133 0.9998 -0.0152
vn -0.0150 0.9999 0.0019
vn -0.0376 0.9987 -0.0343
vn -0.0294 0.9933 -0.1118
vn -0.0124 0.9685 -0.2486
vn -0.0191 0.9495 -0.3131
vn -0.0284 0.9531 -0.3015
vn -0.0403 0.9515 -0.3049
vn -0.0813 0.8992 -0.4300
vn -0.1172 0.8219 -0.5574
vn -0.0229 0.9014 -0.4323
vn 0.1728 0.9728 -0.1542
vn 0.2649 0.9573 0.1158
vn 0.2273 0.9634 -0.1419
vn 0.2549 0.9669 0.0130
vn 0.2286 0.9056 0.3573
vn 0.1655 0.8097 0.5631
vn 0.1366 0.8149 0.5632
vn 0.0970 0.8845 0.4564
vn 0.0331 0.9377 0.3459
vn 0.0135 0.9466 0.3222
vn -0.0205 0.9585 0.2843
vn 0.0130 0.9836 0.1798
vn -0.0208 0.9986 0.0484
vn -0.0256 0.9996 -0.0119
vn -0.0036 0.9999 -0.0119
vn -0.0764 0.9961 0.0442
vn -0.0865 0.9949 0.0517
vn -0.0809 0.9965 0.0204
vn -0.0329 0.9983 -0.0474
vn -0.0301 0.9995 0.0106
vn -0.1720 0.9843 0.0397
vn -0.0018 0.9996 0.0269
vn -0.1311 0.9911 0.0222
vn -0.0117 0.9965 -0.0830
vn -0.0018 0.9988 0.0491
vn 0.0791 0.9967 -0.0157
vn -0.1221 0.9907 0.0605
vn -0.0360 0.9992 0.0148
vn 0.0801 0.9951 -0.0580
vn 0.0596 0.9967 -0.0558
vn -0.0050 0.9975 0.0709
vn -0.1195 0.9926 0.0223
vn 0.0071 0.9996 -0.0257
vn -0.0077 0.9996 -0.0281
vn -0.0828 0.9965 0.0080
vn -0.0945 0.9943 -0.0502
vn -0.0627 0.9977 0.0271
vn -0.0177 0.9996 0.0224
vn -0.0448 0.9989 0.0101
vn -0.0813 0.9966 -0.0104
vn -0.0404 0.9990 -0.0209
vn -0.0018 0.9992 -0.0409
vn 0.0780 0.9959 0.0456
vn -0.0433 0.9959 0.0799
vn -0.0809 0.9943 -0.0698
vn -0.1057 0.9937 -0.0380
vn -0.0465 0.9989 0.0050
vn -0.0439 0.9989 0.0152
vn -0.1193 0.9928 -0.0041
vn -0.1026 0.9943 -0.0297
vn -0.0281 0.9989 0.0368
vn -0.0401 0.9986 0.0358
vn -0.1683 0.9856 0.0160
vn -0.0319 0.9995 0.0056
vn -0.0014 0.9989 -0.0460
vn 0.0177 0.9998 -0.0116
vn -0.0636 0.9978 -0.0184
vn -0.0543 0.9985 -0.0106
vn -0.0708 0.9975 -0.0063
vn 0.0048 0.9998 -0.0171
vn -0.0233 0.9993 0.0293
vn -0.0299 0.9992 0.0266
vn 0.0230 0.9997 -0.0007
vn 0.0270 0.9986 -0.0450
vn 0.0335 0.9975 -0.0629
vn -0.0315 0.9995 0.0003
vn 0.0161 0.9999 0.0018
vn 0.0462 0.9989 -0.0112
vn -0.0222 0.9996 -0.0161
vn -0.0052 1.0000 -0.0019
vn -0.0368 0.9992 0.0157
vn -0.0182 0.9992 -0.0349
vn -0.0051 0.9911 -0.1334
vn 0.0272 0.9675 -0.2513
vn 0.0036 0.9524 -0.3048
vn 0.0050 0.9536 -0.3011
vn 0.0387 0.9518 -0.3043
vn 0.0336 0.9121 -0.4085
vn -0.0396 0.8377 -0.5447
vn -0.0259 0.8615 -0.5071
vn 0.0771 0.9748 -0.2093
vn 0.1230 0.9910 0.0523
vn -0.0382 0.9805 -0.1926
vn 0.0101 0.9999 -0.0025
vn 0.0463 0.9311 0.3619
vn 0.0637 0.8165 0.5738
vn 0.0686 0.8125 0.5789
vn 0.0434 0.8733 0.4852
vn -0.0022 0.9318 0.3629
vn -0.0211 0.9412 0.3371
vn -0.0263 0.9621 0.2715
vn -0.0023 0.9836 0.1804
vn -0.0060 0.9981 0.0609
vn -0.0370 0.9993 -0.0085
vn -0.0905 0.9955 0.0286
vn -0.0790 0.9959 0.0434
vn 0.0243 0.9997 0.0082
vn 0.0818 0.9966 -0.0117
vn 0.0414 0.9986 -0.0342
vn -0.0174 0.9972 0.0728
vn -0.0364 0.9993 0.0082
vn 0.0843 0.9962 0.0200
vn 0.0006 1.0000 0.0046
vn 0.0275 0.9981 -0.0546
vn -0.0725 0.9969 0.0305
vn -0.0077 0.9999 -0.0135
vn -0.1096 0.9902 0.0868
vn 0.1231 0.9901 -0.0670
vn 0.0605 0.9974 -0.0387
vn -0.0333 0.9994 -0.0051
vn -0.0652 0.9901 0.1244
vn -0.1683 0.9857 0.0064
vn -0.0639 0.9957 -0.0665
vn 0.0200 0.9992 -0.0353
vn -0.0708 0.9971 0.0295
vn -0.0989 0.9942 -0.0433
vn -0.0407 0.9991 -0.0063
vn 0.0153 0.9971 0.0739
vn -0.0840 0.9965 0.0010
vn -0.0116 0.9991 -0.0418
vn 0.0549 0.9985 -0.0058
vn -0.2005 0.9797 -0.0076
vn -0.1340 0.9907 -0.0251
vn 0.1438 0.9877 0.0612
vn 0.0572 0.9977 0.0365
vn -0.1230 0.9919 -0.0324
vn -0.0884 0.9957 -0.0267
vn -0.0488 0.9986 0.0200
vn -0.0749 0.9963 0.0421
vn -0.0357 0.9965 -0.0755
vn -0.1338 0.9907 0.0252
vn -0.0967 0.9935 0.0603
vn 0.0630 0.9969 -0.0472
vn 0.1116 0.9936 -0.0183
vn 0.0624 0.9980 0.0008
vn -0.0474 0.9988 -0.0075
vn 0.0437 0.9990 -0.0063
vn -0.0102 0.9999 0.0069
vn -0.0595 0.9980 -0.0213
vn 0.0224 0.9997 0.0020
vn -0.1189 0.9929 0.0091
vn -0.1170 0.9930 -0.0175
vn -0.0001 1.0000 0.0029
vn -0.0761 0.9971 -0.0035
vn -0.1481 0.9876 -0.0522
vn -0.0881 0.9960 -0.0126
vn -0.0246 0.9991 -0.0359
vn -0.0025 0.9996 0.0265
vn -0.0782 0.9969 -0.0076
vn -0.0139 0.9997 -0.0193
vn -0.0126 0.9998 0.0155
vn 0.0514 0.9968 -0.0614
vn 0.0017 0.9906 -0.1365
vn 0.0293 0.9690 -0.2453
vn -0.0022 0.9541 -0.2993
vn 0.0497 0.9437 -0.3272
vn 0.1354 0.9348 -0.3285
vn 0.1508 0.9076 -0.3918
vn 0.0718 0.8566 -0.5110
vn 0.0021 0.8554 -0.5180
vn -0.0083 0.9738 -0.2271
vn -0.0021 0.9997 0.0247
vn -0.2388 0.9391 -0.2471
vn -0.1797 0.9831 -0.0360
vn -0.0956 0.9392 0.3297
vn -0.0352 0.8262 0.5622
vn -0.0069 0.8150 0.5794
vn -0.0117 0.8694 0.4940
vn -0.0182 0.9237 0.3827
vn -0.0332 0.9401 0.3391
vn -0.0322 0.9615 0.2728
vn -0.0361 0.9871 0.1563
vn 0.0376 0.9969 0.0688
vn 0.0064 0.9994 0.0333
vn -0.0541 0.9982 0.0259
vn 0.0670 0.9973 -0.0302
vn -0.0160 0.9999 -0.0036
vn 0.0189 0.9998 0.0025
vn -0.0653 0.9976 0.0214
vn -0.0823 0.9950 0.0573
vn -0.0203 0.9995 -0.0242
vn -0.0503 0.9984 0.0252
vn 0.0483 0.9988 0.0049
vn -0.0273 0.9991 -0.0336
vn 0.0804 0.9966 0.0202
vn -0.0323 0.9991 0.0268
vn -0.0249 0.9973 0.0690
vn -0.0835 0.9868 -0.1391
vn 0.0064 0.9996 0.0287
vn -0.0897 0.9959 0.0087
vn 0.0372 0.9967 0.0728
vn 0.1624 0.9856 0.0473
vn 0.0047 0.9958 -0.0918
vn -0.0288 0.9995 0.0164
vn -0.1270 0.9893 0.0712
vn -0.1151 0.9909 -0.0698
vn -0.1089 0.9910 -0.0783
vn -0.0877 0.9953 0.0409
vn 0.0686 0.9974 0.0216
vn -0.0486 0.9983 -0.0332
vn -0.0643 0.9979 -0.0064
vn 0.0698 0.9958 0.0598
vn -0.0907 0.9948 -0.0456
vn -0.0648 0.9976 -0.0240
vn -0.0772 0.9930 0.0897
vn 0.0053 0.9996 -0.0275
vn -0.0272 0.9994 -0.0229
vn -0.0120 0.9998 0.0170
vn -0.0181 0.9998 0.0083
vn 0.0314 0.9978 -0.0580
vn 0.0279 0.9971 0.0714
vn 0.0240 0.9997 -0.0079
vn 0.0355 0.9978 -0.0560
vn -0.1393 0.9886 -0.0579
vn -0.0119 0.9987 0.0494
vn -0.1103 0.9938 0.0111
vn -0.0596 0.9961 -0.0654
vn 0.0406 0.9982 0.0437
vn 0.0289 0.9992 -0.0276
vn 0.0175 0.9997 0.0179
vn -0.0281 0.9971 0.0714
vn 0.0001 0.9996 -0.0278
vn -0.0096 0.9998 -0.0161
vn 0.0346 0.9986 0.0394
vn -0.0303 0.9970 -0.0707
vn -0.0323 0.9988 -0.0359
vn -0.0882 0.9956 -0.0327
vn -0.0847 0.9962 0.0204
vn -0.0176 0.9998 -0.0046
vn -0.0819 0.9956 -0.0450
vn -0.0235 0.9995 -0.0225
vn 0.0289 0.9987 -0.0418
vn -0.0093 0.9916 -0.1288
vn 0.0264 0.9680 -0.2495
vn 0.0091 0.9520 -0.3059
vn 0.0946 0.9201 -0.3802
vn 0.1901 0.9126 -0.3620
vn 0.2370 0.8952 -0.3775
vn 0.1695 0.8650 -0.4722
vn 0.0724 0.8731 -0.4820
vn -0.0054 0.9781 -0.2082
vn -0.0497 0.9979 0.0415
vn -0.2342 0.9320 -0.2767
vn -0.2078 0.9744 -0.0862
vn -0.1439 0.9442 0.2964
vn -0.0852 0.8338 0.5455
vn -0.0597 0.8192 0.5703
vn -0.0340 0.8724 0.4876
vn -0.0211 0.9236 0.3829
vn 0.0031 0.9438 0.3304
vn 0.0099 0.9573 0.2889
vn -0.0238 0.9918 0.1253
vn 0.0081 0.9992 0.0402
vn 0.0493 0.9974 0.0518
vn 0.0536 0.9985 0.0059
vn -0.0777 0.9962 0.0393
vn -0.0998 0.9950 0.0017
vn -0.0197 0.9998 -0.0085
vn -0.0598 0.9975 0.0384
vn -0.0711 0.9946 0.0755
vn 0.0458 0.9989 0.0106
vn -0.1983 0.9790 -0.0471
vn -0.0090 0.9996 -0.0266
vn -0.0882 0.9957 -0.0286
vn 0.0151 0.9996 0.0250
vn -0.1099 0.9939 0.0067
vn 0.1527 0.9822 0.1095
vn -0.2311 0.9713 -0.0570
vn -0.1065 0.9940 -0.0240
vn -0.0352 0.9994 0.0051
vn -0.0592 0.9974 -0.0420
vn 0.1209 0.9926 0.0097
vn 0.0732 0.9970 0.0243
vn -0.0830 0.9934 0.0786
vn 0.0122 0.9992 0.0381
vn 0.1162 0.9903 -0.0757
vn -0.1517 0.9880 0.0278
vn -0.1236 0.9918 -0.0331
vn -0.0907 0.9958 0.0121
vn -0.1144 0.9926 0.0402
vn -0.1784 0.9783 -0.1050
vn 0.0499 0.9986 0.0190
vn -0.0033 0.9985 0.0538
vn -0.1406 0.9895 0.0343
vn -0.0299 0.9992 -0.0260
vn 0.1055 0.9937 -0.0391
vn -0.0795 0.9968 0.0072
vn -0.0177 0.9998 0.0074
vn 0.0139 0.9999 0.0053
vn -0.0459 0.9962 -0.0742
vn 0.0670 0.9975 0.0236
vn 0.0671 0.9976 0.0193
vn 0.0037 0.9988 0.0488
vn -0.1180 0.9930 0.0019
vn -0.1631 0.9865 0.0155
vn -0.1095 0.9939 0.0132
vn -0.1610 0.9850 -0.0623
vn -0.1517 0.9861 -0.0672
vn 0.0633 0.9979 -0.0096
vn -0.1237 0.9908 0.0551
vn -0.0430 0.9990 -0.0111
vn 0.1337 0.9903 -0.0369
vn 0.0652 0.9978 -0.0108
vn 0.1364 0.9906 -0.0064
vn 0.1351 0.9906 0.0219
vn -0.0184 0.9993 0.0321
vn -0.0844 0.9953 -0.0483
vn -0.0404 0.9992 -0.0054
vn 0.0089 1.0000 0.0040
vn -0.0990 0.9948 -0.0221
vn -0.0341 0.9971 -0.0674
vn -0.0229 0.9983 -0.0545
vn 0.0175 0.9913 -0.1303
vn -0.0216 0.9639 -0.2655
vn 0.0567 0.9431 -0.3277
vn 0.0897 0.9034 -0.4193
vn 0.1821 0.8945 -0.4083
vn 0.2371 0.8948 -0.3783
vn 0.2103 0.8749 -0.4364
vn 0.1369 0.8877 -0.4396
vn 0.0659 0.9849 -0.1600
vn 0.0252 0.9975 0.0666
vn -0.1898 0.9431 -0.2732
vn -0.2051 0.9726 -0.1097
vn -0.1680 0.9470 0.2738
vn -0.0998 0.8426 0.5293
vn -0.0612 0.8287 0.5563
vn -0.0307 0.8789 0.4760
vn -0.0098 0.9297 0.3681
vn 0.0175 0.9477 0.3186
vn 0.0309 0.9565 0.2902
vn 0.0222 0.9879 0.1537
vn -0.0133 0.9994 0.0329
vn -0.0088 0.9996 0.0263
vn -0.0155 0.9985 0.0525
vn -0.0724 0.9934 0.0887
vn 0.0037 0.9975 -0.0709
vn 0.0621 0.9979 -0.0199
vn 0.0429 0.9959 0.0796
vn 0.0016 0.9998 -0.0196
vn 0.1232 0.9911 0.0500
vn -0.0017 0.9999 0.0141
vn 0.0030 0.9999 -0.0129
vn -0.0313 0.9979 -0.0560
vn -0.1371 0.9869 0.0846
vn -0.1223 0.9922 -0.0236
vn -0.0764 0.9969 -0.0164
vn 0.1470 0.9879 0.0498
vn -0.0662 0.9960 -0.0599
vn 0.0031 0.9999 -0.0120
vn 0.0370 0.9993 0.0111
vn -0.1381 0.9897 -0.0375
vn -0.1270 0.9918 0.0133
vn -0.0543 0.9943 0.0922
vn 0.0834 0.9953 -0.0484
vn 0.1252 0.9917 -0.0277
vn 0.0259 0.9961 0.0839
vn 0.1411 0.9888 -0.0483
vn 0.0829 0.9963 0.0216
vn 0.1115 0.9937 0.0133
vn 0.0415 0.9979 -0.0502
vn -0.1921 0.9814 0.0045
vn -0.1569 0.9862 0.0519
vn -0.0903 0.9959 0.0045
vn 0.0245 0.9929 -0.1160
vn -0.2246 0.9680 0.1116
vn 0.0167 0.9996 -0.0227
vn -0.1101 0.9933 -0.0353
vn 0.0369 0.9992 -0.0151
vn -0.0344 0.9983 -0.0463
vn -0.0159 0.9998 -0.0131
vn -0.0535 0.9978 0.0399
vn -0.0350 0.9992 0.0200
vn 0.0995 0.9941 0.0420
vn 0.0452 0.9987 0.0255
vn 0.0901 0.9955 -0.0303
vn 0.1761 0.9844 0.0060
vn 0.0129 0.9936 -0.1120
vn -0.1544 0.9879 -0.0123
vn -0.0800 0.9919 0.0985
vn -0.0688 0.9975 -0.0161
vn -0.1550 0.9831 -0.0975
vn -0.0193 0.9991 -0.0380
vn -0.1477 0.9890 0.0041
vn -0.0662 0.9977 0.0107
vn 0.0757 0.9953 0.0606
vn 0.0356 0.9989 -0.0306
vn -0.0005 0.9996 -0.0268
vn 0.0222 0.9996 0.0163
vn 0.0478 0.9987 -0.0172
vn -0.0066 0.9987 -0.0514
vn -0.0879 0.9940 -0.0655
vn -0.0364 0.9915 -0.1248
vn -0.0441 0.9603 -0.2756
vn 0.0298 0.9282 -0.3709
vn 0.0660 0.8915 -0.4483
vn 0.1179 0.8885 -0.4435
vn 0.1385 0.9104 -0.3900
vn 0.1496 0.8902 -0.4302
vn 0.1446 0.8985 -0.4144
vn 0.1751 0.9729 -0.1510
vn 0.2057 0.9756 0.0768
vn -0.1566 0.9595 -0.2341
vn -0.2117 0.9708 -0.1133
vn -0.1681 0.9550 0.2443
vn -0.0652 0.8624 0.5020
vn -0.0145 0.8408 0.5411
vn 0.0032 0.8864 0.4628
vn 0.0418 0.9346 0.3531
vn 0.0530 0.9461 0.3194
vn 0.0360 0.9582 0.2837
vn -0.0196 0.9846 0.1737
vn -0.0354 0.9988 0.0326
vn -0.0231 0.9988 0.0421
vn -0.0400 0.9976 0.0573
vn 0.0734 0.9961 0.0480
vn -0.0051 0.9992 -0.0404
vn -0.0803 0.9952 -0.0551
vn -0.0421 0.9968 0.0684
vn 0.0691 0.9976 0.0080
vn -0.1012 0.9940 0.0424
vn -0.1244 0.9922 0.0069
vn 0.0154 0.9998 -0.0099
vn 0.0860 0.9961 0.0209
vn -0.0604 0.9954 0.0743
vn 0.1361 0.9906 -0.0164
vn -0.0621 0.9964 -0.0581
vn 0.0505 0.9979 -0.0404
vn 0.0119 0.9947 0.1026
vn -0.1175 0.9901 -0.0768
vn -0.0332 0.9990 0.0287
vn -0.2458 0.9673 0.0621
vn -0.0915 0.9957 -0.0170
vn -0.0454 0.9988 -0.0193
vn 0.0183 0.9986 -0.0489
vn -0.1442 0.9891 -0.0285
vn 0.0852 0.9958 0.0323
vn 0.0585 0.9964 -0.0614
vn 0.0002 1.0000 -0.0022
vn 0.0459 0.9955 0.0828
vn -0.0058 0.9996 0.0286
vn -0.0176 0.9930 0.1164
vn -0.0500 0.9987 -0.0013
vn 0.0453 0.9972 -0.0594
vn -0.1130 0.9932 -0.0283
vn 0.0419 0.9991 -0.0091
vn 0.1359 0.9906 -0.0121
vn -0.0234 0.9997 -0.0035
vn -0.1024 0.9946 0.0185
vn -0.1591 0.9860 -0.0502
vn -0.0939 0.9956 0.0065
vn -0.0570 0.9981 0.0222
vn -0.0015 0.9995 -0.0318
vn -0.0935 0.9956 -0.0072
vn 0.0482 0.9986 0.0202
vn 0.0485 0.9985 -0.0269
vn -0.0410 0.9979 -0.0499
vn 0.0336 0.9954 0.0897
vn -0.1581 0.9871 0.0268
vn -0.0664 0.9978 -0.0077
vn 0.0600 0.9975 0.0381
vn -0.0453 0.9952 -0.0862
vn -0.1400 0.9900 0.0145
vn -0.2708 0.9620 0.0343
vn -0.0911 0.9929 -0.0767
vn -0.1112 0.9919 -0.0613
vn 0.0774 0.9970 0.0063
vn -0.0783 0.9967 -0.0191
vn 0.0372 0.9990 -0.0244
vn 0.0413 0.9991 0.0046
vn -0.0025 0.9999 0.0135
vn -0.0378 0.9976 -0.0580
vn 0.0020 0.9865 -0.1637
vn 0.0255 0.9595 -0.2805
vn 0.0134 0.9202 -0.3913
vn 0.0533 0.8808 -0.4705
vn 0.0493 0.8926 -0.4482
vn 0.0341 0.9173 -0.3967
vn 0.0453 0.8966 -0.4406
vn 0.0883 0.8964 -0.4343
vn 0.1803 0.9645 -0.1928
vn 0.2650 0.9641 0.0152
vn 0.0001 0.9808 -0.1952
vn -0.0972 0.9910 -0.0920
vn -0.0713 0.9774 0.1991
vn 0.0268 0.8808 0.4728
vn 0.0502 0.8427 0.5360
vn 0.0360 0.8923 0.4499
vn 0.0652 0.9391 0.3373
vn 0.0929 0.9429 0.3199
vn -0.0295 0.9386 0.3437
vn -0.0508 0.9800 0.1923
vn -0.0779 0.9966 0.0262
vn -0.0252 0.9994 0.0251
vn -0.0116 0.9995 0.0308
vn 0.0438 0.9990 0.0038
vn 0.0780 0.9962 0.0394
vn -0.1744 0.9829 0.0582
vn -0.0752 0.9945 -0.0724
vn -0.0912 0.9951 0.0388
vn -0.1697 0.9814 0.0894
vn 0.0018 1.0000 0.0036
vn -0.1353 0.9884 -0.0692
vn -0.1337 0.9908 0.0214
vn 0.0712 0.9975 -0.0049
vn 0.0253 0.9990 -0.0367
vn -0.0457 0.9939 0.1000
vn -0.1828 0.9771 -0.1091
vn 0.0884 0.9931 0.0770
vn -0.0716 0.9973 0.0180
vn -0.1313 0.9880 0.0818
vn -0.1363 0.9906 0.0109
vn 0.0686 0.9920 -0.1055
vn -0.1501 0.9883 0.0258
vn -0.1459 0.9887 -0.0345
vn -0.1242 0.9922 -0.0046
vn -0.1985 0.9801 0.0080
vn -0.2693 0.9628 -0.0204
vn -0.2444 0.9687 0.0437
vn -0.2409 0.9705 0.0048
vn -0.1709 0.9846 -0.0377
vn 0.0678 0.9968 0.0412
vn 0.2031 0.9791 -0.0129
vn 0.1062 0.9934 0.0440
vn -0.0790 0.9957 -0.0475
vn 0.1329 0.9879 -0.0797
vn -0.1554 0.9867 0.0481
vn 0.0206 0.9975 0.0670
vn -0.1490 0.9866 0.0664
vn -0.2636 0.9627 -0.0614
vn -0.1438 0.9874 -0.0656
vn -0.0090 0.9998 -0.0203
vn -0.2703 0.9610 0.0578
vn -0.1418 0.9899 0.0001
vn -0.0893 0.9943 -0.0589
vn -0.0174 0.9986 0.0501
vn -0.1758 0.9838 -0.0361
vn -0.0193 0.9992 0.0349
vn 0.0228 0.9994 0.0248
vn 0.0170 0.9973 -0.0717
vn -0.0012 0.9993 -0.0380
vn 0.1493 0.9880 0.0397
vn -0.1277 0.9876 0.0910
vn 0.1484 0.9846 -0.0925
vn 0.1608 0.9868 -0.0209
vn -0.0975 0.9940 -0.0493
vn 0.0094 0.9999 0.0074
vn -0.0853 0.9963 -0.0038
vn -0.0426 0.9976 -0.0554
vn -0.1413 0.9893 0.0356
vn -0.0974 0.9942 -0.0461
vn 0.0524 0.9966 -0.0631
vn 0.0542 0.9844 -0.1674
vn 0.0500 0.9602 -0.2747
vn 0.0198 0.9199 -0.3917
vn 0.0644 0.8739 -0.4818
vn 0.0274 0.9015 -0.4318
vn -0.0080 0.9207 -0.3902
vn -0.0036 0.8915 -0.4530
vn 0.0327 0.8825 -0.4693
vn 0.1362 0.9578 -0.2532
vn 0.2507 0.9632 -0.0967
vn 0.1714 0.9760 -0.1344
vn 0.0662 0.9968 -0.0442
vn 0.0540 0.9854 0.1612
vn 0.1092 0.8879 0.4468
vn 0.1122 0.8334 0.5412
vn 0.0710 0.8842 0.4617
vn 0.0393 0.9443 0.3269
vn 0.0325 0.9378 0.3456
vn -0.0139 0.9306 0.3658
vn 0.0438 0.9830 0.1785
vn -0.0024 0.9991 0.0416
vn -0.0317 0.9995 0.0091
vn -0.0415 0.9987 0.0297
vn -0.1236 0.9923 -0.0070
vn -0.1108 0.9910 0.0751
vn -0.1012 0.9947 0.0159
vn 0.1777 0.9827 -0.0521
vn -0.0511 0.9867 0.1542
vn -0.1269 0.9910 -0.0419
vn 0.1057 0.9943 -0.0123
vn -0.1025 0.9912 0.0838
vn -0.0579 0.9946 -0.0860
vn 0.0260 0.9984 -0.0508
vn -0.1823 0.9786 0.0958
vn -0.0256 0.9982 0.0533
vn 0.0393 0.9910 -0.1277
vn -0.0298 0.9995 -0.0081
vn 0.1252 0.9910 0.0463
vn 0.0361 0.9977 0.0571
vn 0.2481 0.9687 0.0115
vn -0.0202 0.9998 -0.0015
vn -0.1154 0.9891 0.0919
vn -0.0067 0.9930 -0.1182
vn 0.0422 0.9989 0.0221
vn -0.0485 0.9954 0.0828
vn -0.0388 0.9970 -0.0668
vn 0.0946 0.9954 0.0179
vn 0.0671 0.9977 0.0009
vn 0.0577 0.9983 0.0096
vn -0.2350 0.9685 -0.0820
vn -0.1082 0.9901 -0.0897
vn 0.0508 0.9963 0.0691
vn 0.0720 0.9964 0.0459
vn -0.1288 0.9902 -0.0547
vn -0.1309 0.9914 -0.0088
vn 0.0001 0.9996 0.0283
vn 0.1710 0.9761 0.1343
vn 0.0771 0.9970 -0.0047
vn 0.0173 0.9918 -0.1264
vn -0.0604 0.9971 0.0460
vn 0.0296 0.9990 0.0339
vn 0.0805 0.9955 -0.0503
vn -0.0713 0.9945 -0.0764
vn -0.0229 0.9996 0.0182
vn -0.0456 0.9989 -0.0148
vn 0.0363 0.9982 -0.0467
vn 0.1760 0.9834 0.0452
vn 0.0751 0.9970 -0.0198
vn -0.0643 0.9963 -0.0572
vn 0.0921 0.9950 0.0387
vn 0.0200 0.9979 0.0623
vn 0.0735 0.9821 -0.1733
vn -0.0643 0.9957 0.0667
vn -0.0026 0.9984 0.0572
vn -0.2112 0.9772 -0.0220
vn 0.0262 0.9987 -0.0444
vn -0.0360 0.9989 -0.0309
vn 0.0199 0.9951 0.0966
vn -0.0670 0.9913 -0.1135
vn -0.0389 0.9931 -0.1103
vn -0.0325 0.9867 -0.1590
vn -0.0218 0.9559 -0.2929
vn 0.0353 0.9158 -0.4000
vn 0.0626 0.8752 -0.4797
vn 0.0314 0.9113 -0.4105
vn 0.0094 0.9239 -0.3825
vn 0.0072 0.8885 -0.4588
vn 0.0003 0.8709 -0.4915
vn 0.0515 0.9480 -0.3140
vn 0.1448 0.9725 -0.1826
vn 0.3073 0.9515 -0.0114
vn 0.2143 0.9768 0.0026
vn 0.1742 0.9728 0.1524
vn 0.1743 0.8880 0.4255
vn 0.1489 0.8203 0.5522
vn 0.0888 0.8671 0.4901
vn 0.0345 0.9377 0.3458
vn -0.0079 0.9329 0.3601
vn 0.0209 0.9393 0.3426
vn 0.0076 0.9840 0.1782
vn 0.0793 0.9935 0.0818
vn -0.0175 0.9993 0.0332
vn -0.1014 0.9915 0.0816
vn -0.0726 0.9973 0.0118
vn -0.0329 0.9969 0.0716
vn -0.0064 0.9935 -0.1139
vn 0.0102 0.9991 -0.0417
vn 0.1236 0.9829 0.1364
vn 0.1737 0.9847 0.0125
vn -0.1716 0.9834 0.0585
vn 0.1546 0.9854 -0.0712
vn -0.0068 0.9981 -0.0616
vn 0.0093 0.9963 0.0851
vn -0.0304 0.9950 0.0948
vn -0.0387 0.9919 -0.1208
vn 0.0296 0.9989 -0.0359
vn -0.0151 0.9994 -0.0296
vn -0.0719 0.9968 0.0348
vn -0.0173 0.9976 0.0670
vn 0.0847 0.9964 0.0014
vn -0.0006 0.9984 0.0561
vn 0.1903 0.9805 0.0494
vn 0.0292 0.9893 -0.1429
vn -0.0242 0.9984 0.0505
vn 0.1363 0.9895 0.0481
vn 0.0774 0.9960 -0.0445
vn -0.0092 0.9996 -0.0285
vn 0.0601 0.9966 -0.0567
vn 0.1170 0.9818 0.1499
vn -0.0188 0.9978 0.0643
vn -0.1440 0.9813 -0.1276
vn -0.1266 0.9893 -0.0718
vn 0.0508 0.9956 0.0788
vn -0.0484 0.9980 0.0412
vn -0.0340 0.9988 -0.0346
vn -0.0866 0.9939 -0.0680
vn 0.0301 0.9994 0.0162
vn 0.1614 0.9867 0.0165
vn -0.0015 0.9998 -0.0196
vn -0.0175 0.9998 0.0057
vn 0.0858 0.9963 0.0044
vn -0.0186 0.9978 0.0639
vn -0.1293 0.9905 -0.0458
vn -0.0925 0.9957 0.0093
vn -0.0053 1.0000 0.0037
vn -0.1417 0.9827 -0.1193
vn -0.0151 0.9999 -0.0035
vn -0.1522 0.9880 0.0267
vn 0.0856 0.9960 -0.0253
vn -0.1029 0.9946 0.0111
vn -0.0246 0.9965 0.0795
vn -0.1544 0.9848 -0.0798
vn -0.2383 0.9696 -0.0554
vn 0.1348 0.9802 0.1454
vn -0.1535 0.9877 -0.0302
vn 0.0565 0.9911 -0.1204
vn -0.0141 0.9997 -0.0222
vn 0.0332 0.9983 0.0469
vn 0.0564 0.9975 -0.0423
vn -0.0560 0.9956 -0.0753
vn -0.1046 0.9765 -0.1884
vn -0.0087 0.9534 -0.3016
vn 0.0366 0.8997 -0.4349
vn 0.0652 0.8759 -0.4781
vn 0.0949 0.9079 -0.4082
vn 0.0863 0.9229 -0.3753
vn 0.0715 0.8907 -0.4489
vn -0.0021 0.8788 -0.4772
vn -0.0362 0.9350 -0.3528
vn 0.0136 0.9740 -0.2259
vn 0.3818 0.9197 0.0920
vn 0.3062 0.9502 0.0584
vn 0.2245 0.9589 0.1733
vn 0.1716 0.8875 0.4277
vn 0.1291 0.8113 0.5701
vn 0.0701 0.8467 0.5274
vn -0.0141 0.9270 0.3748
vn -0.0672 0.9235 0.3777
vn -0.0071 0.9423 0.3347
vn -0.0316 0.9891 0.1441
vn -0.0056 0.9971 0.0753
vn -0.0350 0.9967 0.0737
vn 0.0223 0.9974 0.0682
vn 0.1498 0.9870 -0.0575
vn -0.0162 0.9940 0.1077
vn -0.0298 0.9989 -0.0351
vn -0.1939 0.9712 -0.1384
vn 0.2244 0.9739 0.0349
vn 0.3258 0.9416 0.0856
vn 0.2247 0.9732 0.0486
vn 0.1584 0.9873 -0.0103
vn -0.1286 0.9841 0.1224
vn -0.1690 0.9811 -0.0946
vn 0.0964 0.9807 0.1703
vn -0.1421 0.9897 -0.0155
vn -0.1523 0.9809 -0.1213
vn -0.2080 0.9780 -0.0148
vn -0.0101 0.9997 0.0218
vn -0.0721 0.9967 0.0376
vn -0.0963 0.9948 -0.0332
vn 0.1340 0.9899 -0.0465
vn 0.0120 0.9883 0.1519
vn -0.1351 0.9908 -0.0121
vn -0.1862 0.9813 -0.0486
vn 0.0081 0.9998 0.0189
vn -0.0157 0.9998 0.0155
vn 0.0640 0.9979 -0.0111
vn -0.1448 0.9878 -0.0570
vn -0.1785 0.9839 0.0113
vn 0.2605 0.9591 0.1110
vn 0.0108 0.9976 -0.0685
vn -0.0202 0.9989 -0.0425
vn 0.0221 0.9993 -0.0285
vn 0.0088 0.9990 0.0439
vn 0.1052 0.9944 -0.0084
vn 0.0620 0.9980 -0.0133
vn -0.0774 0.9968 0.0208
vn -0.0170 0.9989 0.0440
vn -0.1444 0.9880 -0.0551
vn 0.0535 0.9985 -0.0106
vn 0.0351 0.9976 0.0602
vn -0.0274 0.9983 0.0522
vn 0.0290 0.9991 0.0309
vn -0.2118 0.9679 -0.1351
vn 0.1699 0.9854 -0.0145
vn 0.0886 0.9957 -0.0273
vn -0.2828 0.9568 0.0676
vn -0.1333 0.9905 -0.0341
vn 0.0067 0.9980 -0.0627
vn -0.0435 0.9989 0.0152
vn 0.0983 0.9928 0.0688
vn -0.0020 0.9998 0.0176
vn -0.0424 0.9941 -0.0996
vn 0.0929 0.9955 0.0170
vn 0.1593 0.9872 0.0028
vn -0.0380 0.9961 -0.0792
vn -0.0706 0.9974 0.0129
vn -0.1007 0.9948 -0.0127
vn 0.0980 0.9943 -0.0418
vn 0.0627 0.9980 -0.0126
vn -0.0663 0.9778 -0.1986
vn 0.0435 0.9359 -0.3496
vn 0.0963 0.8854 -0.4547
vn 0.1149 0.8645 -0.4894
vn 0.1661 0.8949 -0.4141
vn 0.1878 0.9101 -0.3694
vn 0.1693 0.8918 -0.4195
vn 0.0616 0.9002 -0.4310
vn -0.0726 0.9409 -0.3309
vn -0.1178 0.9652 -0.2335
vn 0.3833 0.9122 0.1451
vn 0.3094 0.9420 0.1301
vn 0.1666 0.9596 0.2268
vn 0.0668 0.8919 0.4473
vn 0.0361 0.8089 0.5869
vn 0.0458 0.8327 0.5519
vn -0.0055 0.9091 0.4164
vn -0.0326 0.9325 0.3597
vn -0.0023 0.9465 0.3228
vn -0.0638 0.9791 0.1931
vn -0.0982 0.9923 0.0752
vn 0.0217 0.9993 0.0302
vn 0.0998 0.9949 -0.0139
vn 0.0173 0.9994 0.0300
vn -0.0631 0.9883 0.1391
vn 0.2916 0.9560 -0.0324
vn 0.2814 0.9211 -0.2689
vn 0.6649 0.7394 -0.1059
vn 0.6929 0.7209 0.0132
vn 0.7626 0.6449 0.0514
vn 0.3607 0.9087 0.2104
vn 0.4807 0.8446 0.2357
vn -0.0000 0.9969 -0.0781
vn -0.0452 0.9974 0.0564
vn 0.0087 0.9984 0.0557
vn -0.2034 0.9774 0.0573
vn -0.1265 0.9769 -0.1723
vn 0.1620 0.9866 -0.0193
vn 0.1571 0.9854 0.0654
vn 0.2348 0.9639 -0.1256
vn 0.3170 0.9480 0.0269
vn 0.0618 0.9846 0.1637
vn 0.1943 0.9807 0.0223
vn 0.0648 0.9960 -0.0613
vn 0.0479 0.9984 -0.0308
vn 0.1032 0.9946 -0.0115
vn -0.0388 0.9990 0.0212
vn -0.0116 0.9994 0.0315
vn -0.0653 0.9979 -0.0028
vn -0.0754 0.9961 -0.0468
vn 0.2190 0.9753 0.0294
vn 0.0804 0.9944 -0.0685
vn -0.1129 0.9936 0.0086
vn -0.0294 0.9956 0.0890
vn -0.1005 0.9921 -0.0750
vn -0.0480 0.9984 0.0288
vn 0.1112 0.9930 -0.0402
vn 0.1974 0.9780 0.0678
vn 0.0721 0.9974 0.0002
vn -0.0250 0.9953 -0.0935
vn 0.0264 0.9977 0.0616
vn -0.0128 0.9998 0.0173
vn 0.1956 0.9806 -0.0132
vn 0.2076 0.9748 -0.0820
vn -0.0052 0.9993 -0.0380
vn -0.1325 0.9881 0.0776
vn -0.0199 0.9963 0.0841
vn 0.0049 0.9939 -0.1104
vn -0.0745 0.9936 -0.0848
vn -0.0667 0.9968 -0.0443
vn 0.1157 0.9930 0.0233
vn 0.1363 0.9887 0.0630
vn 0.0883 0.9925 -0.0850
vn -0.0560 0.9952 -0.0797
vn 0.1809 0.9821 0.0533
vn 0.0606 0.9968 0.0529
vn -0.0033 0.9997 0.0230
vn -0.0323 0.9975 -0.0627
vn -0.0439 0.9939 -0.1010
vn -0.0057 1.0000 -0.0069
vn 0.0782 0.9826 -0.1686
vn 0.0120 0.9230 -0.3847
vn 0.0636 0.8744 -0.4811
vn 0.0851 0.8607 -0.5020
vn 0.1471 0.8870 -0.4377
vn 0.2294 0.8939 -0.3852
vn 0.2299 0.8963 -0.3792
vn 0.1251 0.9230 -0.3640
vn -0.0297 0.9668 -0.2536
vn -0.1025 0.9725 -0.2093
vn 0.3911 0.8950 0.2147
vn 0.2939 0.9272 0.2323
vn 0.0867 0.9471 0.3090
vn -0.0563 0.8675 0.4942
vn -0.0473 0.8152 0.5772
vn 0.0387 0.8452 0.5330
vn 0.0652 0.8942 0.4430
vn 0.0115 0.9309 0.3650
vn -0.0319 0.9361 0.3503
vn -0.0387 0.9783 0.2035
vn 0.0169 0.9998 -0.0109
vn -0.0190 0.9993 0.0310
vn -0.0546 0.9985 -0.0081
vn -0.0267 0.9968 0.0748
vn 0.4920 0.8615 -0.1254
vn 0.8251 0.5094 -0.2443
vn 0.8980 0.3809 -0.2202
vn 0.9153 0.3938 -0.0850
vn 0.9178 0.3968 -0.0112
vn 0.9287 0.3703 0.0185
vn 0.9235 0.3406 0.1764
vn 0.8919 0.3976 0.2154
vn 0.7255 0.6797 0.1083
vn 0.6479 0.7562 0.0912
vn 0.5429 0.8351 0.0890
vn 0.4975 0.8665 0.0416
vn 0.7608 0.6198 -0.1926
vn 0.6705 0.7394 -0.0611
vn 0.8271 0.5569 -0.0763
vn 0.8180 0.5738 -0.0397
vn 0.7472 0.6564 0.1041
vn 0.6598 0.7367 0.1479
vn 0.5088 0.8463 0.1577
vn 0.0605 0.9980 0.0182
vn -0.0417 0.9986 -0.0339
vn 0.0060 0.9978 0.0665
vn -0.0489 0.9972 0.0560
vn 0.0833 0.9949 -0.0575
vn 0.0981 0.9920 0.0790
vn -0.1188 0.9886 -0.0928
vn -0.0132 0.9985 -0.0538
vn -0.0799 0.9902 0.1150
vn -0.1500 0.9887 0.0069
vn -0.0225 0.9985 0.0507
vn -0.0803 0.9955 -0.0504
vn 0.0597 0.9927 -0.1048
vn 0.0921 0.9921 -0.0854
vn -0.0494 0.9926 0.1107
vn 0.0588 0.9978 0.0311
vn 0.0255 0.9993 -0.0285
vn -0.0258 0.9970 0.0727
vn -0.1363 0.9900 0.0351
vn -0.1911 0.9652 -0.1786
vn 0.0517 0.9982 0.0295
vn -0.2209 0.9595 0.1747
vn -0.1015 0.9911 -0.0863
vn 0.2374 0.9707 0.0364
vn 0.0485 0.9988 -0.0119
vn -0.0003 0.9972 -0.0742
vn -0.0019 0.9980 -0.0638
vn 0.0125 0.9978 -0.0644
vn -0.0054 0.9937 0.1122
vn 0.0522 0.9980 -0.0354
vn -0.1122 0.9901 -0.0839
vn -0.0278 0.9990 -0.0361
vn -0.0297 0.9995 0.0045
vn 0.1385 0.9892 0.0478
vn 0.1150 0.9927 0.0351
vn -0.0203 0.9975 -0.0680
vn 0.0010 0.9966 -0.0820
vn 0.0050 0.9858 -0.1676
vn -0.0430 0.9310 -0.3624
vn -0.0079 0.8670 -0.4983
vn 0.0112 0.8512 -0.5247
vn 0.0595 0.8753 -0.4800
vn 0.1579 0.8924 -0.4227
vn 0.2094 0.9077 -0.3636
vn 0.1740 0.9381 -0.2996
vn 0.0861 0.9765 -0.1977
vn 0.0410 0.9874 -0.1531
vn 0.3028 0.9048 0.2993
vn 0.2048 0.9158 0.3454
vn -0.0199 0.9119 0.4099
vn -0.1223 0.8428 0.5241
vn 0.0011 0.8719 0.4898
vn 0.3337 0.8352 0.4372
vn 0.4817 0.7900 0.3793
vn 0.4974 0.8029 0.3286
vn 0.5059 0.8094 0.2983
vn 0.5197 0.8379 0.1668
vn 0.4987 0.8662 0.0312
vn 0.3916 0.9175 0.0704
vn 0.4666 0.8813 -0.0756
vn 0.6663 0.7318 -0.1430
vn 0.9182 0.2899 -0.2698
vn 0.9311 0.3134 -0.1866
vn 0.9078 0.3859 -0.1644
vn 0.8804 0.4691 -0.0696
vn 0.8280 0.5601 0.0257
vn 0.7082 0.7052 -0.0332
vn 0.8405 0.5415 0.0161
vn 0.9163 0.3796 0.1276
vn 0.9316 0.3500 0.0982
vn 0.9537 0.2746 0.1229
vn 0.9565 0.2759 0.0951
vn 0.9565 0.2896 -0.0358
vn 0.9546 0.2921 -0.0590
vn 0.9397 0.3418 -0.0067
vn 0.9231 0.3834 -0.0296
vn 0.9222 0.3845 0.0411
vn 0.8985 0.4206 0.1257
vn 0.8883 0.4201 0.1856
vn 0.8327 0.4639 0.3022
vn 0.4164 0.8672 0.2730
vn 0.0363 0.9993 0.0124
vn -0.0669 0.9970 -0.0380
vn 0.0258 0.9996 -0.0064
vn -0.1115 0.9903 0.0828
vn -0.1552 0.9878 -0.0142
vn 0.1903 0.9814 0.0255
vn -0.1551 0.9834 -0.0943
vn 0.0380 0.9985 0.0399
vn 0.2764 0.9607 0.0270
vn 0.1362 0.9904 0.0222
vn 0.1687 0.9815 -0.0903
vn -0.1011 0.9939 -0.0435
vn -0.3226 0.9465 -0.0018
vn -0.1478 0.9877 0.0503
vn 0.0297 0.9994 -0.0149
vn 0.0194 0.9990 -0.0409
vn -0.0107 0.9975 0.0702
vn 0.1813 0.9818 0.0566
vn -0.0039 0.9984 -0.0556
vn -0.2484 0.9683 0.0276
vn 0.0604 0.9981 0.0136
vn -0.0095 0.9959 -0.0903
vn -0.0362 0.9987 0.0351
vn 0.1766 0.9842 0.0090
vn -0.0877 0.9926 -0.0835
vn 0.0416 0.9975 -0.0570
vn -0.0897 0.9957 -0.0237
vn 0.0175 0.9979 0.0628
vn -0.0137 0.9990 -0.0419
vn 0.0745 0.9972 -0.0089
vn -0.0888 0.9945 0.0546
vn -0.2510 0.9679 -0.0100
vn -0.1810 0.9817 -0.0594
vn -0.0391 0.9992 0.0046
vn -0.0034 0.9991 -0.0422
vn -0.0431 0.9968 -0.0669
vn -0.0683 0.9885 -0.1348
vn -0.0336 0.9258 -0.3764
vn -0.0578 0.8632 -0.5015
vn -0.0673 0.8426 -0.5343
vn -0.0226 0.8556 -0.5171
vn 0.0714 0.8841 -0.4618
vn 0.1416 0.9138 -0.3806
vn 0.1769 0.9441 -0.2782
vn 0.1564 0.9722 -0.1742
vn 0.1420 0.9827 -0.1186
vn 0.1102 0.9292 0.3528
vn 0.0500 0.9048 0.4229
vn -0.0855 0.8639 0.4964
vn 0.0178 0.8981 0.4393
vn 0.3354 0.8953 0.2930
vn 0.6503 0.7389 0.1765
vn 0.8105 0.5707 0.1323
vn 0.8720 0.4730 0.1264
vn 0.8954 0.4240 0.1359
vn 0.9192 0.3868 0.0735
vn 0.9345 0.3558 -0.0069
vn 0.9518 0.2877 -0.1062
vn 0.9508 0.2387 -0.1975
vn 0.8926 0.3931 -0.2207
vn 0.6883 0.7216 -0.0745
vn 0.6489 0.7609 0.0053
vn 0.4444 0.8784 -0.1757
vn 0.4447 0.8946 0.0433
vn 0.5090 0.8456 0.1610
vn 0.6018 0.7983 -0.0227
vn 0.5425 0.8278 -0.1427
vn 0.5191 0.8485 0.1027
vn 0.6091 0.7894 0.0766
vn 0.6755 0.7334 -0.0762
vn 0.6437 0.7645 -0.0358
vn 0.5376 0.8432 -0.0088
vn 0.6188 0.7812 0.0829
vn 0.6557 0.7430 0.1341
vn 0.8555 0.5158 0.0451
vn 0.8155 0.5767 0.0481
vn 0.8630 0.4697 0.1859
vn 0.8895 0.4407 0.1204
vn 0.9153 0.3386 0.2182
vn 0.8957 0.3062 0.3224
vn 0.7442 0.6313 0.2183
vn 0.4992 0.8535 0.1496
vn 0.0425 0.9977 0.0522
vn 0.0112 0.9917 0.1282
vn -0.0094 0.9887 -0.1498
vn 0.0430 0.9991 0.0068
vn -0.0716 0.9974 0.0028
vn -0.1090 0.9887 -0.1025
vn 0.0501 0.9975 -0.0490
vn -0.0644 0.9944 0.0838
vn -0.1568 0.9853 0.0678
vn -0.1376 0.9860 0.0945
vn 0.0018 0.9945 -0.1046
vn 0.0079 0.9984 -0.0565
vn 0.0361 0.9987 -0.0367
vn -0.1037 0.9934 0.0483
vn -0.2246 0.9744 -0.0139
vn -0.0327 0.9994 0.0074
vn -0.0695 0.9948 0.0746
vn -0.0092 1.0000 -0.0031
vn 0.1009 0.9943 -0.0345
vn 0.0374 0.9991 0.0190
vn -0.0586 0.9969 -0.0532
vn -0.0669 0.9973 0.0314
vn -0.0396 0.9967 -0.0709
vn 0.0034 0.9987 -0.0501
vn -0.0361 0.9985 -0.0405
vn -0.0238 0.9989 0.0407
vn -0.1309 0.9910 0.0267
vn -0.1235 0.9898 -0.0711
vn -0.0826 0.9927 0.0879
vn 0.1294 0.9912 0.0288
vn 0.0363 0.9944 -0.0991
vn -0.0939 0.9950 -0.0327
vn 0.0216 0.9997 -0.0151
vn -0.0037 0.9982 -0.0594
vn 0.0122 0.9866 -0.1629
vn 0.0081 0.9303 -0.3667
vn -0.0512 0.8819 -0.4686
vn -0.1126 0.8356 -0.5376
vn -0.0958 0.8291 -0.5508
vn -0.0185 0.8632 -0.5045
vn 0.0678 0.9101 -0.4087
vn 0.1411 0.9450 -0.2951
vn 0.1861 0.9665 -0.1770
vn 0.1844 0.9766 -0.1105
vn -0.1375 0.9198 0.3675
vn -0.1446 0.8835 0.4456
vn -0.0113 0.9008 0.4341
vn 0.2846 0.9287 0.2376
vn 0.6215 0.7826 0.0354
vn 0.7756 0.6292 -0.0502
vn 0.8417 0.5396 -0.0204
vn 0.8620 0.5067 0.0148
vn 0.8910 0.4511 -0.0510
vn 0.8520 0.4998 -0.1558
vn 0.6367 0.7698 -0.0454
vn 0.6626 0.7490 -0.0016
vn 0.5723 0.8158 -0.0830
vn 0.3453 0.9366 -0.0600
vn 0.1708 0.9852 0.0148
vn 0.2151 0.9744 0.0651
vn 0.0945 0.9924 -0.0792
vn 0.0080 0.9999 -0.0088
vn 0.2010 0.9783 0.0507
vn 0.3329 0.9419 -0.0455
vn 0.1503 0.9886 -0.0085
vn 0.0434 0.9956 0.0828
vn 0.1893 0.9808 0.0468
vn 0.1319 0.9876 -0.0851
vn 0.0246 0.9990 0.0361
vn -0.0706 0.9975 -0.0007
vn 0.0665 0.9978 0.0045
vn 0.1664 0.9810 0.0997
vn 0.2864 0.9566 -0.0543
vn 0.3513 0.9362 -0.0082
vn 0.4890 0.8566 0.1645
vn 0.6913 0.7223 -0.0228
vn 0.5822 0.8128 0.0211
vn 0.7743 0.5453 0.3211
vn 0.9134 0.3022 0.2726
vn 0.9329 0.2507 0.2585
vn 0.7158 0.6839 0.1415
vn 0.7967 0.5958 0.1013
vn 0.5947 0.8038 -0.0149
vn 0.4893 0.8721 -0.0016
vn 0.5867 0.8077 0.0583
vn 0.4056 0.9125 -0.0522
vn 0.3346 0.9417 0.0347
vn 0.0782 0.9776 0.1956
vn 0.0029 0.9967 -0.0814
vn 0.1332 0.9884 -0.0723
vn 0.1466 0.9874 -0.0595
vn 0.0091 0.9998 0.0157
vn -0.0441 0.9987 0.0243
vn -0.0486 0.9963 0.0702
vn 0.0933 0.9949 0.0396
vn -0.0811 0.9967 0.0063
vn -0.1164 0.9927 -0.0306
vn -0.0439 0.9978 -0.0504
vn -0.1119 0.9902 -0.0832
vn 0.1104 0.9938 0.0162
vn 0.0567 0.9932 0.1021
vn -0.1410 0.9896 0.0287
vn 0.0110 0.9832 -0.1823
vn 0.0910 0.9947 -0.0470
vn 0.0192 0.9991 0.0366
vn -0.1436 0.9888 0.0408
vn 0.0766 0.9950 0.0648
vn -0.1400 0.9896 -0.0335
vn -0.0796 0.9957 -0.0476
vn 0.1798 0.9803 -0.0816
vn 0.0958 0.9954 -0.0047
vn 0.0952 0.9955 -0.0027
vn 0.0566 0.9966 -0.0592
vn 0.0514 0.9981 -0.0328
vn -0.0033 0.9869 -0.1616
vn 0.0399 0.9319 -0.3605
vn 0.0253 0.9031 -0.4286
vn -0.0777 0.8529 -0.5162
vn -0.0999 0.8245 -0.5570
vn -0.0715 0.8306 -0.5522
vn 0.0563 0.8915 -0.4496
vn 0.2084 0.9142 -0.3477
vn 0.1906 0.9677 -0.1653
vn 0.1416 0.9863 -0.0846
vn -0.2892 0.8898 0.3530
vn -0.1640 0.9192 0.3581
vn 0.1369 0.9546 0.2647
vn 0.5092 0.8602 0.0276
vn 0.6628 0.7319 -0.1584
vn 0.6585 0.7316 -0.1763
vn 0.5300 0.8476 -0.0249
vn 0.4752 0.8778 0.0609
vn 0.4358 0.9000 -0.0077
vn 0.2624 0.9631 -0.0605
vn -0.0324 0.9987 0.0392
vn 0.0374 0.9993 -0.0085
vn 0.0472 0.9989 -0.0071
vn -0.0240 0.9997 0.0038
vn 0.0379 0.9992 -0.0138
vn -0.0402 0.9983 0.0429
vn 0.1096 0.9938 -0.0211
vn -0.0304 0.9988 -0.0378
vn 0.0876 0.9961 0.0100
vn 0.0308 0.9995 0.0019
vn 0.0065 0.9990 0.0439
vn -0.0210 0.9983 0.0542
vn 0.1529 0.9882 -0.0001
vn 0.0829 0.9966 0.0001
vn 0.0275 0.9996 0.0115
vn 0.1586 0.9873 -0.0130
vn 0.0212 0.9986 -0.0484
vn 0.0854 0.9912 0.1014
vn 0.1101 0.9926 -0.0504
vn -0.0190 0.9998 -0.0046
vn 0.0114 0.9984 0.0545
vn 0.2000 0.9794 -0.0274
vn -0.0047 0.9997 -0.0252
vn 0.1464 0.9646 0.2193
vn 0.6826 0.7198 0.1261
vn 0.7017 0.7075 0.0844
vn 0.7405 0.6243 0.2488
vn 0.9459 0.2611 0.1925
vn 0.9504 0.2887 0.1156
vn 0.9439 0.3273 0.0440
vn 0.9362 0.3477 0.0510
vn 0.9227 0.3792 0.0699
vn 0.8974 0.4305 0.0965
vn 0.8732 0.4364 0.2171
vn 0.6416 0.7546 0.1374
vn 0.2114 0.9752 0.0651
vn -0.0151 0.9989 -0.0444
vn -0.0875 0.9958 0.0284
vn -0.0791 0.9969 -0.0004
vn 0.0743 0.9964 -0.0402
vn 0.1025 0.9947 0.0103
vn 0.2006 0.9763 0.0815
vn 0.1608 0.9864 0.0347
vn 0.0560 0.9983 -0.0150
vn 0.0019 0.9978 -0.0670
vn -0.1728 0.9848 -0.0177
vn 0.1756 0.9843 -0.0198
vn 0.1679 0.9797 0.1099
vn -0.0442 0.9863 -0.1590
vn 0.0022 0.9982 -0.0599
vn -0.1302 0.9832 0.1277
vn 0.0397 0.9983 -0.0422
vn 0.1314 0.9910 0.0239
vn 0.0754 0.9971 0.0077
vn -0.0809 0.9937 -0.0772
vn -0.0024 0.9960 -0.0898
vn -0.1445 0.9888 -0.0382
vn 0.2018 0.9789 -0.0330
vn 0.0564 0.9980 0.0279
vn 0.0006 0.9999 -0.0125
vn 0.0133 0.9840 -0.1777
vn 0.0380 0.9248 -0.3785
vn 0.0134 0.9163 -0.4003
vn -0.0065 0.8700 -0.4931
vn -0.0518 0.8351 -0.5477
vn 0.1775 0.7647 -0.6195
vn 0.3601 0.7879 -0.4996
vn 0.3343 0.8973 -0.2883
vn 0.0816 0.9945 -0.0663
vn -0.0128 0.9982 -0.0580
vn -0.3128 0.9073 0.2810
vn -0.1521 0.9750 0.1618
vn 0.2140 0.9723 0.0938
vn 0.3805 0.9102 -0.1637
vn 0.3539 0.9179 -0.1792
vn 0.2004 0.9741 -0.1047
vn -0.0050 0.9978 0.0659
vn -0.0048 0.9965 0.0834
vn -0.0211 0.9989 0.0419
vn -0.0006 1.0000 0.0062
vn 0.0400 0.9985 0.0375
vn 0.0659 0.9974 -0.0305
vn 0.0129 0.9998 0.0145
vn -0.0004 0.9999 0.0146
vn 0.0333 0.9994 -0.0089
vn 0.0053 0.9996 0.0282
vn 0.0758 0.9968 -0.0262
vn -0.0249 0.9997 -0.0033
vn -0.0160 0.9999 -0.0023
vn -0.0273 0.9996 -0.0056
vn 0.0162 0.9996 0.0224
vn 0.0945 0.9955 0.0011
vn 0.1536 0.9870 -0.0484
vn 0.1180 0.9915 0.0551
vn 0.0305 0.9994 0.0177
vn 0.1075 0.9941 -0.0157
vn 0.0414 0.9985 0.0359
vn 0.0090 0.9999 0.0111
vn 0.1041 0.9944 -0.0195
vn 0.0380 0.9990 0.0234
vn 0.1176 0.9931 -0.0009
vn 0.1146 0.9934 -0.0084
vn 0.0502 0.9970 0.0587
vn -0.0200 0.9954 0.0933
vn 0.1876 0.9802 -0.0631
vn 0.1606 0.9870 0.0115
vn 0.3720 0.9081 0.1926
vn 0.6457 0.7629 -0.0331
vn 0.6329 0.7740 0.0203
vn 0.8460 0.5129 0.1456
vn 0.8660 0.4926 0.0856
vn 0.8804 0.4541 0.1368
vn 0.9076 0.3856 0.1659
vn 0.8917 0.4254 0.1549
vn 0.8956 0.3492 0.2756
vn 0.8266 0.4907 0.2755
vn 0.5136 0.8294 0.2197
vn -0.0045 0.9961 0.0879
vn 0.0706 0.9942 -0.0810
vn 0.0128 0.9999 0.0064
vn -0.1128 0.9936 0.0077
vn -0.0948 0.9942 -0.0501
vn 0.1335 0.9900 0.0463
vn 0.0788 0.9966 0.0249
vn 0.1210 0.9926 0.0012
vn 0.0056 0.9993 0.0376
vn -0.0927 0.9804 -0.1741
vn 0.1303 0.9799 0.1508
vn 0.0770 0.9960 -0.0444
vn -0.0629 0.9957 -0.0680
vn 0.1133 0.9918 0.0593
vn 0.0885 0.9918 -0.0919
vn 0.0835 0.9960 0.0324
vn 0.1530 0.9860 0.0666
vn 0.1044 0.9944 -0.0174
vn -0.0434 0.9989 -0.0195
vn 0.2613 0.9490 -0.1763
vn 0.5241 0.8439 -0.1146
vn 0.6010 0.7991 0.0122
vn 0.5907 0.8068 -0.0070
vn 0.5835 0.7987 -0.1470
vn 0.5645 0.7705 -0.2961
vn 0.5301 0.7777 -0.3379
vn 0.5622 0.7183 -0.4099
vn 0.5412 0.6837 -0.4895
vn 0.7187 0.5297 -0.4504
vn 0.5388 0.7792 -0.3203
vn 0.1429 0.9876 -0.0650
vn -0.0714 0.9966 0.0410
vn -0.1148 0.9933 -0.0150
vn -0.2071 0.9656 0.1574
vn -0.0745 0.9964 0.0392
vn 0.0912 0.9937 -0.0644
vn 0.1032 0.9805 -0.1671
vn 0.0310 0.9922 -0.1211
vn -0.0579 0.9981 -0.0201
vn -0.0776 0.9951 0.0613
vn -0.0037 0.9978 0.0665
vn 0.0104 0.9990 0.0445
vn 0.0132 0.9996 -0.0267
vn 0.0741 0.9972 0.0004
vn 0.0633 0.9980 -0.0020
vn -0.0006 0.9992 0.0389
vn 0.1021 0.9944 -0.0257
vn 0.0698 0.9976 -0.0042
vn 0.1097 0.9940 0.0044
vn 0.0833 0.9965 0.0112
vn 0.0681 0.9976 0.0106
vn 0.0737 0.9972 -0.0079
vn 0.0647 0.9979 0.0009
vn 0.0599 0.9982 -0.0066
vn 0.0725 0.9971 -0.0225
vn 0.0227 0.9997 -0.0040
vn -0.0331 0.9979 0.0564
vn 0.0506 0.9987 0.0114
vn 0.0871 0.9954 -0.0407
vn 0.0382 0.9986 0.0378
vn 0.0791 0.9967 0.0203
vn 0.0948 0.9951 -0.0270
vn 0.0782 0.9969 -0.0020
vn 0.0926 0.9957 0.0078
vn 0.0558 0.9984 0.0051
vn 0.0967 0.9943 0.0444
vn 0.2001 0.9772 0.0703
vn 0.1814 0.9831 0.0254
vn -0.1385 0.9860 -0.0931
vn 0.2697 0.9566 0.1107
vn 0.1953 0.9802 -0.0318
vn 0.0275 0.9981 -0.0554
vn 0.2899 0.9538 0.0796
vn 0.3489 0.9297 0.1179
vn 0.3384 0.9399 0.0448
vn 0.5530 0.8179 0.1588
vn 0.8019 0.5577 0.2143
vn 0.8572 0.4874 0.1662
vn 0.9094 0.3177 0.2686
vn 0.9016 0.3022 0.3096
vn 0.6535 0.7338 0.1855
vn 0.5943 0.8034 0.0359
vn 0.1778 0.9764 0.1228
vn -0.0024 0.9972 0.0748
vn 0.1272 0.9807 -0.1485
vn 0.3919 0.9185 -0.0520
vn 0.4203 0.9073 0.0102
vn 0.5332 0.8435 -0.0654
vn 0.6762 0.7282 0.1117
vn 0.2968 0.9446 -0.1403
vn 0.3305 0.9319 0.1493
vn 0.0098 0.9999 0.0099
vn -0.0658 0.9927 -0.1015
vn -0.0146 0.9999 0.0069
vn -0.0236 0.9997 -0.0033
vn -0.0911 0.9954 -0.0312
vn 0.0981 0.9950 -0.0203
vn 0.3939 0.9180 -0.0454
vn 0.5437 0.8251 -0.1539
vn 0.8527 0.4604 -0.2468
vn 0.8854 0.4336 -0.1673
vn 0.9135 0.3966 -0.0901
vn 0.9261 0.3743 -0.0466
vn 0.9339 0.3514 -0.0666
vn 0.9323 0.3450 -0.1090
vn 0.9251 0.3371 -0.1747
vn 0.8966 0.3749 -0.2358
vn 0.7138 0.6536 -0.2516
vn 0.4761 0.8611 -0.1785
vn 0.1616 0.9860 -0.0404
vn -0.0674 0.9935 0.0919
vn -0.0983 0.9935 0.0577
vn -0.0860 0.9962 0.0102
vn -0.0096 0.9992 0.0379
vn 0.0656 0.9978 -0.0106
vn 0.0938 0.9903 -0.1028
vn 0.0289 0.9921 -0.1224
vn -0.0443 0.9959 -0.0794
vn -0.0640 0.9979 -0.0057
vn -0.0321 0.9991 0.0268
vn -0.0007 0.9993 0.0372
vn 0.0580 0.9977 0.0357
vn 0.0405 0.9990 -0.0175
vn 0.0193 0.9998 -0.0066
vn 0.0045 0.9999 0.0159
vn 0.0265 0.9996 0.0082
vn 0.0641 0.9975 -0.0314
vn -0.0107 0.9999 0.0115
vn 0.0318 0.9995 -0.0027
vn -0.0007 1.0000 0.0046
vn 0.0482 0.9988 0.0131
vn 0.0098 0.9999 -0.0046
vn 0.0295 0.9995 -0.0056
vn 0.0306 0.9995 0.0090
vn 0.0074 0.9999 -0.0092
vn 0.0034 1.0000 0.0062
vn 0.0381 0.9986 0.0367
vn 0.0767 0.9968 -0.0233
vn 0.0316 0.9995 -0.0038
vn 0.0131 0.9979 0.0640
vn 0.0071 0.9999 -0.0119
vn 0.0308 0.9985 -0.0444
vn 0.0084 0.9998 0.0200
vn 0.0587 0.9982 -0.0114
vn 0.0398 0.9992 -0.0022
vn 0.0033 0.9984 0.0570
vn 0.0587 0.9983 0.0035
vn 0.1088 0.9930 0.0462
vn 0.1317 0.9909 -0.0281
vn 0.0910 0.9958 0.0084
vn 0.1252 0.9901 0.0636
vn 0.1301 0.9895 -0.0624
vn 0.0536 0.9981 0.0319
vn 0.0930 0.9828 0.1595
vn 0.0330 0.9993 0.0172
vn 0.1233 0.9912 -0.0475
vn 0.4918 0.8625 0.1190
vn 0.6589 0.7516 -0.0323
vn 0.4613 0.8805 0.1089
vn 0.8177 0.5117 0.2639
vn 0.9273 0.2763 0.2525
vn 0.9396 0.2571 0.2260
vn 0.8226 0.5193 0.2319
vn 0.6305 0.7758 0.0234
vn 0.8549 0.4882 -0.1756
vn 0.9083 0.4113 -0.0761
vn 0.8970 0.4388 -0.0532
vn 0.9212 0.3787 -0.0896
vn 0.9193 0.3932 0.0192
vn 0.9075 0.4092 0.0952
vn 0.8599 0.4558 0.2297
vn 0.5572 0.8206 0.1270
vn 0.4901 0.8714 0.0190
vn 0.1923 0.9801 0.0502
vn 0.0412 0.9990 -0.0181
vn 0.3139 0.9385 -0.1438
vn 0.5928 0.7922 -0.1450
vn 0.8069 0.5406 -0.2379
vn 0.9129 0.3222 -0.2505
vn 0.9108 0.3752 -0.1724
vn 0.8955 0.4159 -0.1581
vn 0.8797 0.4616 -0.1144
vn 0.8590 0.4937 -0.1353
vn 0.7638 0.6185 -0.1847
vn 0.5905 0.7953 -0.1373
vn 0.5467 0.8354 -0.0571
vn 0.4781 0.8711 -0.1120
vn 0.1985 0.9762 -0.0870
vn 0.0359 0.9984 -0.0429
vn -0.0475 0.9977 0.0474
vn -0.0724 0.9916 0.1076
vn -0.0300 0.9988 0.0376
vn 0.0023 0.9999 -0.0146
vn 0.1056 0.9942 -0.0185
vn 0.1336 0.9905 -0.0313
vn 0.1096 0.9912 -0.0744
vn 0.0370 0.9967 -0.0724
vn -0.0257 0.9981 -0.0561
vn -0.0414 0.9991 -0.0123
vn -0.0152 0.9998 0.0107
vn -0.0166 0.9996 0.0225
vn 0.0251 0.9995 0.0183
vn 0.0162 0.9999 -0.0049
vn 0.0101 0.9999 0.0074
vn -0.0147 0.9998 0.0126
vn 0.0335 0.9994 -0.0109
vn -0.0219 0.9997 -0.0077
vn 0.0170 0.9998 0.0038
vn -0.0007 1.0000 0.0025
vn -0.0175 0.9998 0.0029
vn -0.0053 1.0000 0.0067
vn 0.0006 1.0000 0.0057
vn -0.0011 0.9999 -0.0115
vn -0.0258 0.9995 0.0163
vn -0.0390 0.9992 0.0008
vn -0.0407 0.9990 -0.0200
vn 0.0306 0.9994 0.0138
vn 0.0195 0.9998 -0.0034
vn -0.0400 0.9992 0.0037
vn 0.0477 0.9984 0.0300
vn 0.0684 0.9975 0.0201
vn -0.0064 0.9995 -0.0312
vn 0.0115 0.9999 -0.0105
vn 0.0409 0.9991 -0.0093
vn -0.0060 0.9993 0.0371
vn 0.0232 0.9996 0.0132
vn 0.0986 0.9951 -0.0012
vn 0.0543 0.9985 0.0066
vn 0.0953 0.9954 -0.0047
vn -0.0117 0.9998 0.0132
vn 0.1007 0.9948 0.0142
vn 0.0957 0.9950 -0.0299
vn 0.0285 0.9987 0.0411
vn 0.1509 0.9850 0.0835
vn 0.2709 0.9622 0.0277
vn 0.1831 0.9815 -0.0555
vn 0.1288 0.9915 -0.0163
vn 0.1945 0.9793 0.0552
vn 0.0027 0.9963 0.0856
vn 0.3211 0.9462 0.0408
vn 0.5385 0.8416 0.0423
vn 0.6168 0.7835 0.0747
vn 0.7192 0.6786 0.1490
vn 0.9044 0.4094 0.1207
vn 0.9255 0.3749 0.0536
vn 0.8865 0.4626 -0.0115
vn 0.9005 0.4347 0.0111
vn 0.8972 0.4384 0.0528
vn 0.8915 0.4530 -0.0012
vn 0.9044 0.4242 0.0465
vn 0.9271 0.3483 0.1387
vn 0.9435 0.2939 0.1533
vn 0.9469 0.2823 0.1538
vn 0.8952 0.4085 0.1781
vn 0.7072 0.7044 -0.0617
vn 0.9314 0.2920 -0.2175
vn 0.9412 0.2714 -0.2015
vn 0.9118 0.3313 -0.2425
vn 0.8316 0.5301 -0.1653
vn 0.7360 0.6682 -0.1086
vn 0.6158 0.7824 -0.0928
vn 0.5592 0.8264 -0.0668
vn 0.4798 0.8760 -0.0499
vn 0.2658 0.9574 -0.1126
vn 0.0167 0.9965 -0.0813
vn 0.0304 0.9978 -0.0597
vn 0.0725 0.9961 -0.0506
vn 0.0259 0.9994 -0.0212
vn -0.0349 0.9994 -0.0032
vn -0.0730 0.9950 0.0686
vn -0.0507 0.9952 0.0842
vn 0.0136 0.9999 0.0068
vn 0.0442 0.9980 -0.0448
vn 0.1480 0.9887 -0.0222
vn 0.1419 0.9895 -0.0276
vn 0.1005 0.9943 -0.0352
vn 0.0371 0.9986 -0.0370
vn -0.0084 0.9996 -0.0272
vn -0.0249 0.9995 -0.0178
vn -0.0175 0.9998 0.0074
vn -0.0136 0.9998 0.0141
vn 0.0072 0.9999 0.0087
vn 0.0005 1.0000 -0.0008
vn -0.0037 0.9999 0.0116
vn 0.0086 1.0000 0.0025
vn 0.0220 0.9997 -0.0061
vn -0.0298 0.9995 0.0053
vn -0.0459 0.9989 -0.0091
vn -0.0012 0.9999 0.0164
vn -0.0685 0.9976 0.0098
vn -0.0225 0.9997 -0.0012
vn -0.0389 0.9992 -0.0001
vn -0.0130 0.9999 -0.0026
vn -0.0594 0.9980 0.0217
vn 0.0180 0.9998 -0.0008
vn -0.0741 0.9973 0.0006
vn -0.0853 0.9963 -0.0104
vn -0.0599 0.9981 0.0130
vn -0.0496 0.9987 0.0066
vn -0.0534 0.9981 -0.0313
vn 0.0464 0.9988 0.0153
vn 0.0330 0.9994 0.0059
vn -0.0033 0.9998 -0.0209
vn 0.0016 1.0000 -0.0044
vn -0.0290 0.9993 0.0223
vn 0.0330 0.9994 -0.0124
vn 0.0033 1.0000 -0.0037
vn 0.0500 0.9986 0.0143
vn 0.0402 0.9991 0.0124
vn 0.0715 0.9974 0.0069
vn 0.0629 0.9978 0.0212
vn -0.0404 0.9990 -0.0206
vn 0.0550 0.9981 0.0260
vn 0.0462 0.9988 0.0177
vn 0.1104 0.9938 0.0164
vn 0.1040 0.9945 0.0100
vn -0.0086 0.9999 0.0116
vn 0.0431 0.9990 0.0147
vn 0.2053 0.9777 0.0444
vn 0.1487 0.9888 0.0152
vn 0.0535 0.9986 -0.0040
vn 0.0927 0.9952 0.0309
vn 0.1330 0.9878 0.0806
vn 0.3474 0.9376 0.0157
vn 0.4098 0.9093 0.0725
vn 0.5134 0.8581 0.0095
vn 0.5585 0.8275 -0.0565
vn 0.5715 0.8142 0.1025
vn 0.4683 0.8836 0.0015
vn 0.5213 0.8525 -0.0379
vn 0.6296 0.7769 -0.0054
vn 0.7347 0.6783 -0.0119
vn 0.6477 0.7607 0.0432
vn 0.6035 0.7968 0.0299
vn 0.6162 0.7873 -0.0237
vn 0.7483 0.6633 -0.0083
vn 0.6587 0.7443 -0.1101
vn 0.4725 0.8754 -0.1017
vn 0.3316 0.9431 -0.0261
vn 0.2764 0.9605 -0.0325
vn 0.2187 0.9739 -0.0608
vn 0.1212 0.9918 -0.0408
vn 0.1396 0.9902 0.0028
vn 0.1051 0.9944 -0.0108
vn 0.0503 0.9972 -0.0551
vn 0.0272 0.9974 -0.0671
vn 0.0028 0.9994 -0.0354
vn -0.0147 0.9999 0.0016
vn -0.0477 0.9986 0.0242
vn -0.0649 0.9956 0.0670
vn -0.0225 0.9987 0.0464
vn 0.0266 0.9995 -0.0165
vn 0.0382 0.9977 -0.0560
vn 0.1083 0.9939 -0.0188
vn 0.0963 0.9953 -0.0105
vn 0.0686 0.9976 -0.0059
vn 0.0356 0.9993 -0.0127
vn 0.0139 0.9998 -0.0133
vn -0.0039 0.9999 -0.0114
vn -0.0078 1.0000 0.0042
vn 0.0054 1.0000 0.0069
vn 0.0043 1.0000 0.0077
vn 0.0017 1.0000 0.0049
vn -0.0323 0.9995 0.0064
vn 0.0168 0.9999 -0.0036
vn -0.0054 0.9999 0.0095
vn -0.0261 0.9989 0.0398
vn -0.0606 0.9978 -0.0258
vn -0.0153 0.9998 0.0138
vn -0.0503 0.9981 0.0363
vn -0.0641 0.9973 -0.0344
vn -0.0066 1.0000 0.0011
vn -0.0651 0.9975 0.0277
vn -0.0627 0.9979 -0.0188
vn 0.0123 0.9999 0.0037
vn -0.0583 0.9970 0.0512
vn -0.0401 0.9988 -0.0276
vn -0.0191 0.9998 -0.0092
vn 0.0096 0.9999 0.0068
vn -0.0718 0.9973 -0.0181
vn -0.0819 0.9961 -0.0315
vn -0.0336 0.9993 0.0174
vn -0.0609 0.9979 -0.0206
vn -0.0134 0.9999 0.0101
vn -0.0305 0.9986 0.0428
vn -0.0555 0.9975 -0.0442
vn -0.0014 0.9999 -0.0113
vn 0.0104 0.9999 0.0060
vn -0.0184 0.9998 0.0031
vn 0.0061 0.9999 -0.0123
vn 0.0268 0.9991 0.0324
vn 0.0606 0.9982 -0.0011
vn 0.0290 0.9996 -0.0005
vn 0.0164 0.9993 0.0334
vn 0.0790 0.9966 -0.0249
vn 0.0855 0.9963 0.0106
vn 0.0721 0.9965 0.0429
vn 0.0383 0.9992 -0.0082
vn 0.0867 0.9962 0.0126
vn 0.0950 0.9949 0.0332
vn 0.1350 0.9909 0.0004
vn 0.1167 0.9930 0.0176
vn 0.1511 0.9863 0.0661
vn 0.2101 0.9776 -0.0125
vn 0.1534 0.9878 0.0280
vn 0.2845 0.9579 -0.0382
vn 0.0550 0.9984 -0.0147
vn 0.0629 0.9922 0.1080
vn 0.1740 0.9837 0.0445
vn 0.2006 0.9731 -0.1130
vn 0.1406 0.9891 -0.0438
vn 0.0677 0.9974 -0.0259
vn 0.1539 0.9857 0.0681
vn 0.1748 0.9818 0.0740
vn 0.1557 0.9844 -0.0817
vn 0.1852 0.9826 -0.0160
vn 0.1603 0.9859 -0.0477
vn 0.0822 0.9964 -0.0227
vn 0.0605 0.9978 -0.0286
vn 0.0820 0.9958 -0.0399
vn 0.0668 0.9976 -0.0156
vn -0.0309 0.9995 -0.0025
vn 0.0025 0.9997 -0.0255
vn 0.0526 0.9986 -0.0080
vn 0.0547 0.9975 -0.0455
vn -0.0113 0.9993 -0.0346
vn -0.0212 0.9994 -0.0257
vn -0.0396 0.9991 0.0117
vn -0.0488 0.9981 0.0367
vn -0.0412 0.9977 0.0536
vn -0.0143 0.9997 0.0196
vn 0.0096 0.9995 -0.0286
vn 0.0180 0.9980 -0.0603
vn 0.0498 0.9987 -0.0126
vn 0.0498 0.9988 -0.0037
vn 0.0503 0.9987 0.0060
vn 0.0413 0.9991 -0.0006
vn 0.0282 0.9996 -0.0056
vn 0.0117 0.9999 -0.0005
vn -0.0002 1.0000 -0.0005
vn -0.0042 1.0000 0.0072
vn -0.0144 0.9999 0.0051
vn 0.0082 0.9997 0.0245
vn -0.0363 0.9993 0.0105
vn -0.0355 0.9992 -0.0194
vn -0.0399 0.9991 0.0160
vn -0.0108 0.9991 0.0400
vn -0.0455 0.9987 -0.0234
vn 0.0013 1.0000 0.0018
vn -0.0064 0.9985 0.0545
vn -0.0348 0.9992 -0.0205
vn -0.0684 0.9977 -0.0019
vn -0.0991 0.9942 0.0429
vn -0.0794 0.9965 -0.0267
vn -0.1165 0.9932 0.0019
vn -0.0222 0.9996 0.0154
vn -0.0535 0.9979 -0.0360
vn 0.0193 0.9997 -0.0121
vn -0.0922 0.9943 0.0543
vn -0.1130 0.9936 0.0005
vn -0.0450 0.9984 -0.0348
vn -0.1731 0.9843 0.0339
vn -0.1408 0.9893 -0.0391
vn -0.0502 0.9981 -0.0345
vn 0.0023 0.9984 0.0561
vn -0.0549 0.9981 -0.0270
vn -0.0649 0.9970 -0.0417
vn -0.0357 0.9991 0.0236
vn -0.0559 0.9984 0.0121
vn -0.0570 0.9982 -0.0183
vn -0.0408 0.9991 -0.0120
vn 0.0236 0.9997 -0.0024
vn 0.0019 0.9998 0.0194
vn 0.0323 0.9995 0.0020
vn 0.0542 0.9981 -0.0284
vn -0.0096 0.9998 0.0160
vn 0.0523 0.9977 0.0440
vn 0.0425 0.9991 -0.0000
vn 0.0477 0.9989 -0.0026
vn 0.0574 0.9984 -0.0010
vn 0.1053 0.9944 -0.0020
vn 0.0494 0.9984 0.0291
vn 0.1045 0.9945 -0.0059
vn 0.1835 0.9825 -0.0314
vn 0.1290 0.9916 0.0044
vn 0.1713 0.9850 0.0218
vn 0.0216 0.9891 0.1458
vn 0.0171 0.9991 -0.0392
vn 0.1933 0.9811 -0.0113
vn 0.1601 0.9860 -0.0460
vn -0.0199 0.9984 0.0527
vn 0.0064 0.9992 -0.0384
vn 0.0103 0.9988 -0.0487
vn 0.2216 0.9749 0.0208
vn 0.1865 0.9824 -0.0067
vn 0.1106 0.9938 0.0079
vn 0.0888 0.9954 -0.0369
vn 0.0826 0.9966 -0.0030
vn 0.0636 0.9980 0.0006
vn -0.0144 0.9995 -0.0269
vn 0.0260 0.9996 -0.0071
vn 0.0605 0.9981 -0.0073
vn 0.0289 0.9990 -0.0350
vn 0.0283 0.9995 -0.0161
vn -0.0024 0.9999 -0.0142
vn -0.0083 0.9996 -0.0267
vn -0.0278 0.9994 -0.0196
vn -0.0290 0.9994 0.0172
vn -0.0301 0.9989 0.0353
vn -0.0235 0.9988 0.0427
vn -0.0167 0.9998 0.0132
vn -0.0116 0.9992 -0.0387
vn -0.0027 0.9980 -0.0631
vn 0.0194 0.9997 -0.0127
vn 0.0283 0.9996 -0.0090
vn 0.0441 0.9990 0.0001
vn 0.0544 0.9985 0.0032
vn 0.0528 0.9986 0.0017
vn 0.0359 0.9993 0.0132
vn 0.0022 0.9999 0.0110
vn -0.0250 0.9995 0.0214
vn -0.0301 0.9995 -0.0056
vn -0.0126 0.9998 0.0162
vn -0.0086 0.9996 0.0265
vn -0.0265 0.9996 -0.0049
vn -0.0215 0.9998 0.0041
vn -0.0577 0.9961 0.0667
vn -0.0983 0.9951 -0.0096
vn -0.1524 0.9883 -0.0036
vn -0.0838 0.9963 0.0166
vn -0.0215 0.9998 0.0023
vn -0.0970 0.9952 0.0090
vn -0.0108 0.9981 0.0609
vn -0.1405 0.9901 0.0010
vn -0.1633 0.9863 -0.0222
vn -0.1534 0.9879 0.0244
vn -0.3291 0.9442 -0.0165
vn -0.2137 0.9748 -0.0639
vn -0.0618 0.9938 0.0924
vn -0.0025 0.9982 -0.0604
vn -0.0256 0.9993 0.0273
vn -0.1684 0.9834 0.0677
vn -0.0669 0.9945 -0.0808
vn -0.1374 0.9888 -0.0585
vn -0.1043 0.9944 0.0152
vn 0.0119 0.9999 -0.0011
vn -0.1076 0.9940 -0.0200
vn -0.1284 0.9916 -0.0120
vn 0.0210 0.9997 0.0086
vn -0.0545 0.9984 -0.0134
vn -0.0252 0.9996 -0.0126
vn -0.0486 0.9987 -0.0124
vn -0.0136 0.9999 -0.0068
vn 0.0241 0.9997 -0.0102
vn 0.0014 1.0000 0.0018
vn -0.0111 0.9999 0.0101
vn 0.0144 0.9998 0.0099
vn 0.0518 0.9986 0.0057
vn 0.0383 0.9992 -0.0062
vn 0.0605 0.9982 0.0004
vn 0.0310 0.9995 -0.0012
vn 0.0519 0.9983 0.0266
vn 0.0523 0.9985 -0.0145
vn 0.0227 0.9996 -0.0140
vn -0.0322 0.9993 0.0210
vn 0.0059 0.9999 -0.0110
vn 0.1236 0.9902 0.0646
vn 0.2142 0.9767 0.0152
vn 0.1237 0.9922 -0.0149
vn 0.0847 0.9963 -0.0109
vn 0.1205 0.9924 0.0259
vn 0.1926 0.9813 -0.0029
vn -0.0167 0.9988 -0.0464
vn 0.0517 0.9984 -0.0216
vn -0.0078 0.9997 0.0223
vn 0.0349 0.9994 -0.0010
vn 0.0418 0.9991 -0.0124
vn 0.0322 0.9993 -0.0203
vn 0.0819 0.9966 0.0010
vn 0.0719 0.9973 -0.0158
vn 0.0446 0.9988 -0.0211
vn 0.0409 0.9992 0.0020
vn -0.0008 0.9998 -0.0181
vn 0.0047 1.0000 -0.0059
vn -0.0032 0.9999 -0.0131
vn 0.0017 0.9998 -0.0200
vn -0.0135 0.9998 -0.0129
vn -0.0166 0.9997 0.0175
vn -0.0210 0.9992 0.0354
vn -0.0244 0.9988 0.0418
vn -0.0261 0.9996 0.0139
vn -0.0223 0.9988 -0.0439
vn -0.0124 0.9976 -0.0683
vn 0.0188 0.9996 -0.0214
vn 0.0403 0.9990 -0.0205
vn 0.0592 0.9982 -0.0100
vn 0.0718 0.9974 -0.0023
vn 0.0833 0.9965 0.0041
vn 0.0673 0.9971 0.0356
vn 0.0077 0.9994 0.0333
vn -0.0129 0.9997 0.0220
vn 0.0104 0.9999 -0.0013
vn -0.0454 0.9986 0.0289
vn -0.0635 0.9977 0.0235
vn -0.0614 0.9981 -0.0082
vn -0.0775 0.9968 0.0177
vn -0.0326 0.9977 0.0588
vn -0.0750 0.9955 0.0577
vn -0.1816 0.9833 -0.0111
vn -0.0759 0.9967 -0.0301
vn -0.1639 0.9858 0.0354
vn -0.0835 0.9950 -0.0539
vn 0.0488 0.9968 0.0635
vn -0.1431 0.9879 0.0594
vn -0.0687 0.9976 -0.0077
vn -0.0682 0.9967 0.0450
vn 0.0966 0.9950 0.0233
vn -0.1110 0.9907 -0.0787
vn -0.1616 0.9858 -0.0465
vn -0.1260 0.9917 -0.0252
vn -0.2242 0.9711 0.0816
vn -0.1296 0.9904 0.0475
vn -0.1673 0.9828 -0.0782
vn -0.1908 0.9810 -0.0349
vn -0.0836 0.9953 -0.0482
vn -0.0004 0.9999 -0.0137
vn -0.0382 0.9980 0.0506
vn -0.0481 0.9968 -0.0646
vn -0.0514 0.9987 -0.0001
vn -0.0255 0.9997 -0.0059
vn -0.0558 0.9984 -0.0076
vn -0.1000 0.9949 -0.0142
vn -0.0600 0.9979 -0.0225
vn -0.0422 0.9989 -0.0225
vn -0.0319 0.9995 0.0084
vn -0.0205 0.9998 0.0036
vn -0.0008 1.0000 -0.0072
vn -0.0002 1.0000 -0.0021
vn 0.0067 0.9999 -0.0096
vn -0.0070 0.9999 0.0145
vn -0.0289 0.9996 -0.0043
vn -0.0023 0.9998 0.0179
vn 0.0160 0.9998 -0.0077
vn 0.0004 1.0000 -0.0041
vn 0.0333 0.9994 0.0125
vn 0.0341 0.9994 -0.0025
vn 0.0149 0.9999 0.0014
vn 0.0728 0.9973 -0.0048
vn 0.0931 0.9956 0.0072
vn 0.0654 0.9978 -0.0133
vn 0.0777 0.9970 -0.0005
vn 0.1001 0.9944 0.0337
vn 0.0831 0.9965 -0.0134
vn 0.0133 0.9999 -0.0041
vn 0.0292 0.9992 0.0290
vn 0.0516 0.9982 -0.0317
vn 0.0656 0.9977 -0.0171
vn 0.0300 0.9995 -0.0085
vn -0.0031 0.9999 -0.0131
vn 0.0413 0.9991 -0.0091
vn 0.0053 1.0000 0.0025
vn 0.0160 0.9998 0.0125
vn 0.0053 0.9998 -0.0175
vn 0.0017 1.0000 -0.0072
vn 0.0043 0.9999 -0.0151
vn 0.0054 0.9998 -0.0186
vn -0.0062 1.0000 -0.0052
vn -0.0138 0.9997 0.0210
vn -0.0229 0.9990 0.0394
vn -0.0324 0.9984 0.0454
vn -0.0256 0.9996 0.0099
vn -0.0058 0.9986 -0.0523
vn 0.0021 0.9971 -0.0767
vn 0.0212 0.9990 -0.0393
vn 0.0531 0.9978 -0.0385
vn 0.0661 0.9977 -0.0166
vn 0.0693 0.9975 -0.0102
vn 0.0858 0.9963 0.0015
vn 0.0744 0.9953 0.0617
vn 0.0183 0.9978 0.0644
vn -0.0293 0.9993 0.0216
vn -0.0117 0.9999 0.0094
vn -0.0444 0.9976 0.0525
vn -0.0638 0.9974 0.0329
vn -0.0719 0.9974 0.0045
vn -0.1867 0.9821 0.0262
vn -0.3142 0.9445 0.0960
vn -0.5461 0.8286 0.1236
vn -0.5893 0.8079 0.0020
vn -0.5962 0.8026 -0.0193
vn -0.6043 0.7966 0.0191
vn -0.4934 0.8635 -0.1040
vn -0.5239 0.8473 0.0871
vn -0.7155 0.6967 0.0515
vn -0.5799 0.8145 -0.0175
vn -0.6342 0.7710 -0.0584
vn -0.4086 0.9127 0.0065
vn -0.5546 0.8245 0.1122
vn -0.7070 0.7066 -0.0288
vn -0.7023 0.7115 -0.0224
vn -0.6042 0.7968 -0.0058
vn -0.4141 0.9091 0.0458
vn -0.4422 0.8894 -0.1161
vn -0.1921 0.9739 -0.1205
vn -0.0395 0.9929 -0.1122
vn -0.0052 0.9995 -0.0315
vn -0.1677 0.9833 0.0709
vn -0.1553 0.9870 -0.0422
vn -0.1536 0.9878 -0.0261
vn 0.0285 0.9994 -0.0195
vn -0.0245 0.9990 0.0375
vn -0.0869 0.9961 -0.0118
vn -0.0315 0.9986 -0.0413
vn -0.1083 0.9940 -0.0181
vn -0.0580 0.9982 -0.0144
vn 0.0132 0.9999 -0.0107
vn -0.0371 0.9993 0.0038
vn -0.0308 0.9995 0.0034
vn -0.0593 0.9982 -0.0054
vn -0.0339 0.9993 0.0168
vn -0.0295 0.9996 -0.0031
vn -0.0139 0.9999 -0.0039
vn 0.0033 1.0000 -0.0046
vn -0.0270 0.9995 -0.0130
vn -0.0213 0.9998 -0.0034
vn 0.0458 0.9989 0.0039
vn 0.0009 1.0000 -0.0034
vn 0.0065 0.9999 -0.0101
vn 0.0241 0.9997 0.0093
vn -0.0262 0.9996 0.0113
vn -0.0391 0.9992 -0.0010
vn 0.0142 0.9999 0.0018
vn -0.0204 0.9998 0.0051
vn 0.0417 0.9991 -0.0006
vn 0.0539 0.9981 -0.0292
vn 0.0047 1.0000 0.0027
vn 0.0133 0.9999 0.0051
vn -0.0015 0.9999 -0.0105
vn -0.0005 0.9999 -0.0134
vn -0.0001 1.0000 -0.0037
vn 0.0242 0.9997 0.0069
vn 0.0081 0.9999 -0.0070
vn -0.0065 1.0000 -0.0060
vn 0.0013 0.9999 -0.0155
vn -0.0056 0.9999 -0.0147
vn 0.0030 1.0000 -0.0018
vn -0.0019 0.9997 0.0254
vn -0.0251 0.9984 0.0498
vn -0.0228 0.9991 0.0360
vn 0.0170 0.9999 -0.0014
vn 0.0514 0.9966 -0.0649
vn 0.0371 0.9970 -0.0674
vn 0.0139 0.9977 -0.0662
vn 0.0506 0.9972 -0.0556
vn 0.0364 0.9993 -0.0115
vn 0.0134 0.9998 -0.0140
vn 0.0352 0.9994 -0.0040
vn 0.0396 0.9964 0.0752
vn 0.0151 0.9953 0.0959
vn 0.0036 0.9996 0.0283
vn -0.0891 0.9955 0.0331
vn -0.3289 0.9369 0.1188
vn -0.5478 0.8313 0.0943
vn -0.6243 0.7787 0.0624
vn -0.7636 0.6371 0.1048
vn -0.8698 0.4680 0.1563
vn -0.9045 0.4046 0.1347
vn -0.9081 0.4153 0.0530
vn -0.9052 0.4240 -0.0286
vn -0.8989 0.4378 -0.0189
vn -0.9096 0.4147 0.0246
vn -0.9206 0.3745 0.1110
vn -0.9306 0.3375 0.1415
vn -0.9442 0.2849 0.1653
vn -0.9418 0.3171 0.1118
vn -0.8852 0.4371 0.1593
vn -0.7176 0.6962 -0.0164
vn -0.9204 0.3161 -0.2302
vn -0.9376 0.2699 -0.2191
vn -0.9047 0.3833 -0.1859
vn -0.8069 0.5825 -0.0981
vn -0.7313 0.6683 -0.1365
vn -0.5963 0.7815 -0.1834
vn -0.5607 0.8176 -0.1310
vn -0.5052 0.8629 -0.0108
vn -0.4351 0.8965 0.0832
vn -0.2027 0.9761 -0.0788
vn -0.1207 0.9864 -0.1112
vn -0.1572 0.9847 -0.0759
vn -0.0945 0.9940 0.0556
vn 0.0557 0.9971 -0.0517
vn -0.0403 0.9990 0.0181
vn -0.0712 0.9973 -0.0183
vn -0.1594 0.9864 -0.0396
vn -0.1161 0.9932 -0.0040
vn -0.1001 0.9950 0.0047
vn -0.0676 0.9976 -0.0123
vn -0.0407 0.9992 -0.0006
vn -0.0293 0.9996 -0.0035
vn 0.0353 0.9994 -0.0035
vn -0.0289 0.9995 -0.0097
vn 0.0185 0.9998 -0.0055
vn -0.0043 1.0000 -0.0011
vn -0.0036 1.0000 0.0009
vn 0.0118 0.9997 -0.0194
vn -0.0005 1.0000 -0.0015
vn 0.0101 0.9999 -0.0076
vn -0.0392 0.9992 0.0022
vn -0.0429 0.9991 0.0043
vn 0.0126 0.9997 0.0189
vn 0.0352 0.9994 0.0015
vn 0.0164 0.9999 -0.0016
vn 0.0420 0.9990 -0.0117
vn 0.0472 0.9988 -0.0141
vn 0.0278 0.9995 -0.0124
vn -0.0158 0.9998 0.0119
vn -0.0202 0.9998 0.0028
vn -0.0129 0.9999 -0.0065
vn -0.0074 0.9999 -0.0099
vn -0.0516 0.9986 -0.0079
vn -0.0127 0.9999 0.0049
vn -0.0070 1.0000 0.0017
vn -0.0219 0.9997 -0.0046
vn -0.0266 0.9995 -0.0151
vn -0.0206 0.9995 -0.0249
vn 0.0170 0.9998 -0.0079
vn 0.0079 0.9991 0.0406
vn -0.0149 0.9984 0.0542
vn 0.0015 0.9998 0.0184
vn 0.0771 0.9962 -0.0407
vn 0.1273 0.9895 -0.0680
vn 0.0673 0.9976 -0.0170
vn 0.0034 0.9942 -0.1077
vn 0.0323 0.9978 -0.0573
vn -0.0308 0.9993 0.0195
vn -0.0978 0.9952 -0.0076
vn -0.0736 0.9972 -0.0157
vn -0.0647 0.9952 0.0738
vn -0.2295 0.9635 0.1377
vn -0.3922 0.9137 0.1062
vn -0.6258 0.7564 0.1905
vn -0.8457 0.4631 0.2653
vn -0.9269 0.2617 0.2690
vn -0.9268 0.2825 0.2474
vn -0.7146 0.6800 0.1641
vn -0.6421 0.7623 -0.0815
vn -0.8995 0.4066 -0.1600
vn -0.9117 0.4035 -0.0768
vn -0.9116 0.4098 -0.0319
vn -0.9189 0.3944 0.0035
vn -0.9164 0.3962 0.0573
vn -0.8977 0.4235 0.1215
vn -0.8415 0.4841 0.2399
vn -0.5860 0.8012 0.1211
vn -0.5695 0.8174 -0.0874
vn -0.3234 0.9443 0.0606
vn 0.0571 0.9980 0.0267
vn -0.4131 0.9032 -0.1164
vn -0.6430 0.7495 -0.1573
vn -0.8780 0.4295 -0.2112
vn -0.9082 0.3228 -0.2662
vn -0.8898 0.4429 -0.1103
vn -0.8905 0.4520 -0.0526
vn -0.8955 0.4320 -0.1067
vn -0.8981 0.4177 -0.1378
vn -0.8269 0.5429 -0.1467
vn -0.5944 0.7893 -0.1541
vn -0.4867 0.8702 -0.0769
vn -0.5525 0.8218 -0.1391
vn -0.1677 0.9853 -0.0319
vn -0.0880 0.9935 -0.0727
vn -0.1495 0.9876 0.0481
vn -0.0852 0.9960 0.0261
vn -0.1155 0.9931 -0.0208
vn -0.1176 0.9926 -0.0316
vn -0.0801 0.9966 -0.0218
vn -0.0828 0.9962 -0.0263
vn -0.0533 0.9985 -0.0149
vn -0.0733 0.9971 -0.0225
vn -0.0565 0.9984 0.0018
vn -0.0505 0.9987 -0.0040
vn -0.0559 0.9982 -0.0202
vn -0.0378 0.9993 -0.0002
vn -0.0238 0.9996 -0.0130
vn -0.0087 0.9999 -0.0065
vn -0.0310 0.9995 0.0028
vn -0.0074 1.0000 0.0010
vn -0.0111 0.9993 0.0350
vn -0.0230 0.9993 -0.0307
vn 0.0128 0.9999 -0.0115
vn 0.0246 0.9997 -0.0053
vn 0.0173 0.9998 -0.0011
vn 0.0226 0.9996 -0.0175
vn -0.0264 0.9996 0.0064
vn -0.0489 0.9987 0.0123
vn -0.0342 0.9993 0.0166
vn -0.0122 0.9999 -0.0006
vn -0.0264 0.9996 -0.0142
vn -0.0147 0.9999 0.0071
vn -0.0421 0.9991 -0.0011
vn -0.0211 0.9996 -0.0179
vn -0.0115 0.9999 0.0007
vn -0.0423 0.9991 0.0058
vn -0.0295 0.9995 -0.0141
vn -0.0087 0.9990 -0.0444
vn 0.0117 0.9998 -0.0186
vn 0.0391 0.9981 0.0485
vn 0.0179 0.9988 0.0465
vn 0.0589 0.9982 -0.0114
vn 0.1552 0.9832 -0.0959
vn 0.1606 0.9867 -0.0248
vn 0.0260 0.9989 0.0396
vn -0.0183 0.9887 -0.1487
vn 0.0096 0.9991 -0.0423
vn -0.0965 0.9920 0.0818
vn -0.2667 0.9632 0.0343
vn -0.3703 0.9289 0.0016
vn -0.4789 0.8644 0.1536
vn -0.6939 0.6701 0.2636
vn -0.8316 0.4763 0.2856
vn -0.8855 0.3226 0.3345
vn -0.8776 0.3469 0.3308
vn -0.5646 0.7892 0.2415
vn -0.4018 0.9044 0.1434
vn -0.0422 0.9984 0.0373
vn -0.0037 0.9999 0.0128
vn -0.3915 0.9162 -0.0862
vn -0.6356 0.7715 0.0283
vn -0.6319 0.7710 0.0795
vn -0.4905 0.8711 -0.0233
vn -0.4513 0.8850 -0.1146
vn -0.4588 0.8867 0.0570
vn -0.3452 0.9192 0.1895
vn -0.0505 0.9978 0.0420
vn -0.0404 0.9865 -0.1589
vn -0.0917 0.9918 -0.0891
vn 0.0315 0.9993 0.0198
vn -0.1524 0.9858 0.0706
vn -0.1332 0.9910 -0.0152
vn -0.2439 0.9684 -0.0523
vn -0.3643 0.9178 -0.1582
vn -0.8232 0.4908 -0.2855
vn -0.8843 0.4624 -0.0646
vn -0.8942 0.4340 -0.1099
vn -0.8985 0.4354 -0.0560
vn -0.9258 0.3776 0.0174
vn -0.9483 0.3163 -0.0266
vn -0.9577 0.2565 -0.1306
vn -0.9464 0.2537 -0.1996
vn -0.7003 0.6917 -0.1768
vn -0.6725 0.7363 -0.0749
vn -0.4959 0.8668 -0.0524
vn -0.2888 0.9557 -0.0574
vn 0.0554 0.9972 -0.0497
vn 0.0162 0.9997 -0.0163
vn -0.2003 0.9793 -0.0291
vn 0.0434 0.9990 -0.0107
vn -0.0299 0.9996 -0.0017
vn -0.0878 0.9961 -0.0019
vn -0.1205 0.9925 -0.0185
vn -0.0499 0.9987 -0.0110
vn -0.1307 0.9914 -0.0057
vn -0.0727 0.9967 -0.0358
vn -0.0157 0.9999 -0.0057
vn -0.0519 0.9986 -0.0122
vn -0.0139 0.9998 -0.0135
vn -0.0532 0.9985 -0.0135
vn 0.0188 0.9997 0.0133
vn 0.0283 0.9996 -0.0075
vn -0.0172 0.9998 -0.0137
vn -0.0034 1.0000 0.0012
vn -0.0336 0.9994 0.0064
vn -0.0666 0.9977 0.0119
vn -0.0656 0.9977 0.0142
vn -0.0638 0.9980 -0.0009
vn -0.0097 0.9998 -0.0156
vn 0.0415 0.9991 -0.0035
vn 0.0205 0.9998 -0.0080
vn 0.0039 1.0000 0.0074
vn -0.0124 0.9999 0.0034
vn -0.0368 0.9992 -0.0168
vn -0.0829 0.9961 0.0302
vn -0.0525 0.9986 -0.0046
vn -0.0374 0.9985 -0.0391
vn 0.0045 0.9986 -0.0528
vn 0.0509 0.9976 -0.0459
vn 0.0751 0.9961 0.0468
vn 0.0578 0.9971 0.0501
vn 0.0814 0.9949 -0.0597
vn 0.0966 0.9886 -0.1159
vn 0.0768 0.9967 0.0275
vn -0.0157 0.9896 0.1428
vn -0.0868 0.9857 -0.1447
vn -0.1165 0.9931 -0.0165
vn -0.2727 0.9417 0.1971
vn -0.4721 0.8652 0.1691
vn -0.6368 0.7566 0.1484
vn -0.7292 0.6255 0.2776
vn -0.7791 0.5087 0.3663
vn -0.8002 0.4184 0.4297
vn -0.6489 0.6373 0.4158
vn -0.3735 0.8747 0.3088
vn -0.0433 0.9918 0.1206
vn -0.0517 0.9982 0.0291
vn 0.0352 0.9988 0.0341
vn -0.0036 0.9987 0.0503
vn 0.0909 0.9949 0.0444
vn 0.0323 0.9973 0.0660
vn 0.1273 0.9908 0.0460
vn 0.1941 0.9769 -0.0899
vn 0.0651 0.9941 -0.0873
vn 0.0301 0.9966 0.0772
vn -0.0438 0.9919 0.1191
vn 0.1929 0.9796 -0.0568
vn -0.0677 0.9947 -0.0778
vn -0.0608 0.9973 -0.0413
vn -0.0764 0.9961 0.0433
vn -0.0675 0.9959 0.0609
vn -0.2681 0.9626 -0.0389
vn -0.1618 0.9841 -0.0735
vn -0.0903 0.9959 -0.0028
vn -0.5361 0.8407 -0.0765
vn -0.4188 0.9080 -0.0139
vn -0.5570 0.8284 -0.0595
vn -0.7270 0.6864 -0.0188
vn -0.6637 0.7479 0.0099
vn -0.3698 0.9079 0.1972
vn -0.6130 0.7900 -0.0054
vn -0.5063 0.8620 -0.0240
vn -0.8024 0.5539 -0.2221
vn -0.9334 0.2174 -0.2855
vn -0.8826 0.3930 -0.2579
vn -0.7710 0.6016 -0.2088
vn -0.5224 0.8394 -0.1504
vn -0.3566 0.9342 -0.0110
vn -0.2386 0.9659 0.1007
vn -0.2976 0.9419 -0.1559
vn -0.1180 0.9929 0.0129
vn -0.0132 0.9997 0.0204
vn -0.1238 0.9922 -0.0118
vn -0.0931 0.9956 0.0077
vn -0.1019 0.9948 -0.0043
vn -0.0628 0.9948 -0.0805
vn -0.1131 0.9935 -0.0101
vn -0.0561 0.9984 -0.0022
vn -0.1134 0.9933 0.0197
vn -0.1080 0.9939 -0.0204
vn -0.0581 0.9980 -0.0242
vn -0.1024 0.9947 0.0132
vn -0.1078 0.9941 -0.0133
vn -0.1151 0.9933 0.0048
vn -0.0872 0.9962 -0.0013
vn 0.0018 1.0000 0.0063
vn -0.0493 0.9985 0.0252
vn -0.1345 0.9908 -0.0177
vn -0.0087 0.9990 -0.0436
vn -0.0598 0.9982 0.0038
vn -0.0868 0.9962 0.0032
vn -0.0991 0.9945 0.0333
vn -0.0625 0.9980 0.0059
vn -0.0667 0.9978 0.0018
vn -0.0146 0.9999 0.0022
vn 0.0457 0.9989 -0.0117
vn -0.0261 0.9989 -0.0396
vn -0.0275 0.9966 -0.0770
vn -0.0099 0.9976 -0.0686
vn -0.3102 0.9426 0.1234
vn -0.3810 0.9239 0.0344
vn -0.2983 0.9501 -0.0915
vn -0.2088 0.9729 -0.0998
vn -0.1976 0.9788 0.0530
vn -0.2312 0.9504 0.2081
vn -0.1505 0.9864 -0.0657
vn -0.2568 0.9646 0.0602
vn -0.3607 0.8852 0.2936
vn -0.4519 0.8489 0.2742
vn -0.5765 0.7677 0.2799
vn -0.6372 0.6568 0.4033
vn -0.6029 0.6079 0.5167
vn -0.3851 0.7392 0.5526
vn -0.1631 0.9247 0.3439
vn -0.0297 0.9815 0.1892
vn -0.1074 0.9808 0.1626
vn -0.0050 0.9999 -0.0089
vn -0.0409 0.9991 -0.0095
vn 0.0133 0.9996 -0.0238
vn 0.1307 0.9914 -0.0097
vn 0.1076 0.9934 0.0401
vn 0.1846 0.9817 0.0463
vn 0.1766 0.9843 -0.0010
vn -0.0272 0.9994 -0.0195
vn -0.0002 0.9981 0.0609
vn -0.1190 0.9920 0.0412
vn 0.1345 0.9904 -0.0323
vn -0.0121 0.9984 0.0544
vn 0.0214 0.9936 -0.1111
vn -0.1590 0.9869 0.0275
vn 0.0639 0.9872 0.1463
vn -0.0372 0.9972 0.0652
vn -0.2282 0.9729 -0.0357
vn -0.2496 0.9654 -0.0756
vn -0.0750 0.9958 -0.0522
vn 0.0696 0.9968 -0.0399
vn -0.1477 0.9857 0.0811
vn -0.1506 0.9883 0.0260
vn -0.0636 0.9784 -0.1966
vn 0.0885 0.9814 0.1702
vn 0.0581 0.9982 0.0132
vn 0.1289 0.9908 0.0405
vn -0.0942 0.9944 0.0476
vn -0.4154 0.8654 -0.2802
vn -0.8415 0.4261 -0.3322
vn -0.9107 0.3199 -0.2612
vn -0.8936 0.3912 -0.2200
vn -0.8623 0.4504 -0.2313
vn -0.4894 0.8694 0.0680
vn -0.7169 0.6899 -0.1005
vn -0.6311 0.7622 -0.1441
vn -0.3906 0.9180 -0.0681
vn -0.1510 0.9883 0.0237
vn -0.1316 0.9909 -0.0285
vn -0.1030 0.9943 -0.0264
vn -0.0916 0.9957 -0.0129
vn -0.2014 0.9794 -0.0121
vn -0.1251 0.9917 -0.0306
vn -0.0580 0.9983 0.0020
vn -0.1070 0.9939 -0.0274
vn -0.1350 0.9908 0.0029
vn -0.1026 0.9947 0.0088
vn -0.0823 0.9966 -0.0048
vn -0.1592 0.9872 0.0095
vn -0.1200 0.9911 -0.0584
vn -0.0621 0.9981 -0.0016
vn -0.0981 0.9926 0.0714
vn -0.0060 0.9990 -0.0443
vn -0.0790 0.9965 -0.0265
vn -0.1344 0.9900 0.0419
vn -0.0702 0.9974 -0.0143
vn -0.0301 0.9995 -0.0041
vn 0.0178 0.9996 -0.0232
vn -0.0773 0.9969 -0.0110
vn 0.0328 0.9986 -0.0410
vn -0.2144 0.9740 0.0729
vn -0.4275 0.9033 0.0368
vn -0.5663 0.8240 -0.0169
vn -0.6464 0.7601 0.0663
vn -0.8496 0.5162 0.1078
vn -0.7250 0.6867 -0.0533
vn -0.5711 0.7901 -0.2228
vn -0.4262 0.8853 -0.1861
vn -0.3627 0.9310 0.0399
vn -0.3290 0.9265 0.1828
vn -0.1363 0.9906 -0.0082
vn -0.2319 0.9621 0.1436
vn -0.2280 0.9141 0.3353
vn -0.1998 0.9129 0.3559
vn -0.2485 0.8744 0.4167
vn -0.2619 0.8083 0.5273
vn -0.1622 0.7991 0.5789
vn -0.0173 0.8682 0.4960
vn -0.0069 0.9476 0.3194
vn -0.1273 0.9634 0.2360
vn -0.0352 0.9961 0.0806
vn 0.0680 0.9977 -0.0085
vn -0.0098 0.9993 0.0363
vn 0.0048 0.9982 -0.0590
vn -0.0597 0.9974 0.0395
vn -0.1572 0.9873 0.0233
vn -0.0513 0.9977 -0.0453
vn 0.0288 0.9987 0.0431
vn 0.0296 0.9995 0.0124
vn -0.1602 0.9824 0.0961
vn 0.0853 0.9964 -0.0030
vn 0.0710 0.9924 -0.1004
vn 0.2794 0.9575 0.0721
vn -0.0567 0.9984 -0.0023
vn -0.0568 0.9979 0.0299
vn -0.0525 0.9986 0.0004
vn 0.2616 0.9583 0.1146
vn -0.0065 0.9976 0.0684
vn 0.2167 0.9631 -0.1593
vn 0.1056 0.9933 -0.0464
vn -0.1370 0.9852 0.1032
vn 0.0183 0.9998 0.0034
vn 0.3265 0.9415 -0.0833
vn 0.1260 0.9906 -0.0529
vn 0.0209 0.9920 0.1244
vn 0.1075 0.9942 0.0044
vn -0.1552 0.9878 -0.0115
vn 0.3359 0.9409 0.0437
vn 0.2820 0.9587 -0.0362
vn -0.2095 0.9629 -0.1700
vn -0.6639 0.7151 -0.2186
vn -0.8902 0.3668 -0.2702
vn -0.8961 0.3783 -0.2322
vn -0.9120 0.3824 -0.1482
vn -0.9027 0.4189 -0.0978
vn -0.8832 0.4458 -0.1457
vn -0.8864 0.4366 -0.1536
vn -0.6589 0.7483 -0.0764
vn -0.6500 0.7592 -0.0332
vn -0.6462 0.7606 -0.0627
vn -0.4936 0.8671 -0.0676
vn -0.2087 0.9747 -0.0802
vn 0.0325 0.9970 -0.0699
vn -0.1363 0.9884 0.0666
vn -0.3010 0.9530 -0.0348
vn 0.0298 0.9994 -0.0149
vn 0.0198 0.9994 -0.0289
vn -0.1201 0.9909 0.0607
vn -0.2303 0.9731 -0.0029
vn -0.0311 0.9972 -0.0683
vn -0.1853 0.9822 0.0316
vn -0.1579 0.9871 -0.0247
vn 0.0218 0.9991 -0.0369
vn -0.1787 0.9837 0.0181
vn 0.0051 1.0000 0.0046
vn -0.0071 0.9992 -0.0383
vn -0.2305 0.9721 0.0439
vn -0.3689 0.9276 0.0589
vn -0.5604 0.8281 0.0179
vn -0.5689 0.8207 0.0536
vn -0.8020 0.5606 0.2064
vn -0.8958 0.3897 0.2135
vn -0.9278 0.3224 0.1876
vn -0.6700 0.7189 -0.1853
vn -0.5661 0.7191 -0.4030
vn -0.4611 0.8124 -0.3570
vn -0.2972 0.8775 -0.3764
vn -0.2788 0.9266 -0.2523
vn -0.3069 0.9516 0.0152
vn -0.2724 0.9485 0.1616
vn -0.1038 0.9939 0.0360
vn -0.1799 0.9670 0.1804
vn -0.1248 0.9455 0.3006
vn -0.0181 0.9404 0.3395
vn 0.0228 0.9016 0.4320
vn 0.0171 0.8521 0.5230
vn 0.0482 0.8262 0.5613
vn 0.0141 0.8666 0.4987
vn 0.0141 0.9320 0.3621
vn -0.0267 0.9749 0.2210
vn 0.1370 0.9893 0.0509
vn -0.0362 0.9993 -0.0104
vn 0.0067 0.9997 0.0241
vn 0.0275 0.9977 -0.0626
vn -0.0087 0.9955 0.0948
vn -0.0348 0.9989 0.0323
vn -0.0142 0.9971 -0.0754
vn -0.0711 0.9975 0.0004
vn 0.0773 0.9919 0.1006
vn -0.1470 0.9891 0.0061
vn 0.2667 0.9522 -0.1492
vn -0.0443 0.9990 -0.0101
vn 0.0163 0.9900 0.1405
vn -0.0380 0.9991 0.0176
vn -0.0435 0.9950 0.0904
vn -0.0342 0.9950 -0.0935
vn 0.0874 0.9953 0.0428
vn 0.2211 0.9712 0.0887
vn 0.0049 0.9847 -0.1740
vn -0.3085 0.9436 0.1204
vn -0.1778 0.9840 0.0131
vn 0.0229 0.9909 -0.1324
vn -0.0850 0.9945 -0.0618
vn -0.1309 0.9912 0.0216
vn -0.0329 0.9983 0.0474
vn 0.0948 0.9909 0.0958
vn -0.0771 0.9965 0.0318
vn -0.0794 0.9807 -0.1787
vn 0.0754 0.9947 0.0703
vn -0.1304 0.9869 0.0955
vn -0.1147 0.9927 -0.0368
vn -0.3810 0.9042 -0.1928
vn -0.6701 0.7107 -0.2143
vn -0.8657 0.4729 -0.1643
vn -0.8871 0.4585 -0.0538
vn -0.9124 0.4061 -0.0503
vn -0.9401 0.3409 0.0086
vn -0.9336 0.3577 0.0187
vn -0.9419 0.3204 -0.1007
vn -0.9512 0.2597 -0.1667
vn -0.9283 0.2940 -0.2278
vn -0.8201 0.5200 -0.2387
vn -0.5516 0.8285 -0.0969
vn -0.6517 0.7440 0.1475
vn -0.6515 0.7578 -0.0370
vn -0.4050 0.9077 -0.1102
vn -0.4724 0.8791 0.0642
vn -0.5508 0.8265 0.1163
vn -0.6101 0.7923 -0.0123
vn -0.5149 0.8543 -0.0711
vn -0.6788 0.7277 0.0984
vn -0.7060 0.7073 -0.0345
vn -0.6454 0.7638 -0.0094
vn -0.7730 0.6342 -0.0175
vn -0.5902 0.8065 -0.0346
vn -0.6436 0.7628 0.0623
vn -0.8192 0.5598 0.1243
vn -0.8339 0.5392 0.1183
vn -0.8779 0.4560 0.1462
vn -0.9105 0.3689 0.1870
vn -0.9176 0.3196 0.2363
vn -0.8385 0.5429 0.0459
vn -0.5130 0.8477 -0.1346
vn -0.1249 0.8719 -0.4735
vn -0.1369 0.8590 -0.4934
vn -0.0634 0.8765 -0.4772
vn -0.0379 0.9087 -0.4158
vn -0.0879 0.9685 -0.2330
vn -0.1439 0.9893 0.0244
vn -0.1140 0.9836 0.1397
vn -0.0340 0.9927 0.1154
vn -0.1347 0.9684 0.2100
vn -0.1500 0.9520 0.2670
vn -0.1028 0.9452 0.3099
vn -0.0823 0.9028 0.4222
vn -0.0581 0.8587 0.5092
vn -0.0038 0.8349 0.5503
vn -0.0110 0.8596 0.5109
vn 0.0198 0.9295 0.3682
vn 0.0378 0.9891 0.1423
vn 0.0643 0.9968 0.0468
vn 0.1036 0.9902 0.0940
vn -0.0743 0.9967 0.0322
vn -0.0766 0.9954 -0.0576
vn -0.0226 0.9980 0.0589
vn 0.1330 0.9909 0.0223
vn 0.0575 0.9983 0.0009
vn -0.1303 0.9910 -0.0293
vn -0.0211 0.9971 0.0729
vn 0.0552 0.9984 0.0141
vn -0.0755 0.9933 -0.0873
vn -0.4166 0.9046 0.0898
vn -0.2599 0.9655 -0.0172
vn 0.0288 0.9994 0.0199
vn 0.1331 0.9897 0.0525
vn 0.1058 0.9908 -0.0840
vn 0.0009 0.9986 -0.0534
vn 0.2153 0.9719 0.0954
vn 0.0189 0.9974 0.0689
vn 0.0279 0.9872 0.1571
vn -0.0760 0.9909 -0.1110
vn -0.0178 0.9981 -0.0597
vn -0.1134 0.9933 -0.0234
vn -0.0040 0.9978 -0.0669
vn -0.0582 0.9982 -0.0126
vn 0.0195 0.9996 -0.0224
vn 0.2580 0.9518 0.1656
vn -0.1493 0.9864 -0.0694
vn -0.2968 0.9549 0.0065
vn -0.1282 0.9910 0.0395
vn 0.1178 0.9837 -0.1361
vn 0.0527 0.9985 -0.0172
vn -0.1204 0.9914 -0.0508
vn -0.3444 0.9344 -0.0909
vn -0.5104 0.8587 0.0451
vn -0.4682 0.8824 0.0453
vn -0.4931 0.8681 0.0571
vn -0.5381 0.8427 0.0159
vn -0.4551 0.8817 -0.1240
vn -0.5697 0.8208 -0.0424
vn -0.6069 0.7833 -0.1346
vn -0.9065 0.3263 -0.2680
vn -0.9255 0.2902 -0.2434
vn -0.9109 0.3875 -0.1416
vn -0.8303 0.5572 0.0035
vn -0.8869 0.4569 -0.0678
vn -0.8777 0.4787 -0.0226
vn -0.8490 0.5279 0.0223
vn -0.8271 0.5570 0.0758
vn -0.9171 0.3831 0.1104
vn -0.9509 0.2815 0.1284
vn -0.9507 0.3025 0.0688
vn -0.9482 0.3172 0.0156
vn -0.9479 0.3173 -0.0289
vn -0.9524 0.2966 -0.0705
vn -0.9439 0.3294 -0.0240
vn -0.9140 0.4055 0.0132
vn -0.9096 0.4064 0.0863
vn -0.8998 0.3917 0.1922
vn -0.8799 0.4010 0.2550
vn -0.5353 0.8447 -0.0058
vn -0.3223 0.8857 -0.3342
vn -0.1810 0.9129 -0.3660
vn -0.1431 0.8725 -0.4672
vn -0.1416 0.8483 -0.5103
vn -0.0625 0.8583 -0.5093
vn -0.0241 0.9076 -0.4192
vn -0.0144 0.9751 -0.2215
vn 0.0225 0.9997 0.0039
vn 0.0938 0.9895 0.1097
vn 0.0048 0.9733 0.2294
vn -0.0896 0.9641 0.2499
vn -0.1690 0.9455 0.2785
vn -0.2005 0.9308 0.3055
vn -0.1839 0.8952 0.4059
vn -0.1200 0.8656 0.4862
vn -0.0884 0.8385 0.5377
vn -0.0373 0.8738 0.4848
vn 0.0308 0.9326 0.3597
vn -0.0084 0.9809 0.1943
vn -0.1527 0.9883 -0.0011
vn 0.0254 0.9983 0.0527
vn 0.0825 0.9899 0.1155
vn -0.0598 0.9975 -0.0369
vn -0.1372 0.9896 -0.0425
vn 0.0574 0.9981 -0.0203
vn 0.0158 0.9966 0.0813
vn -0.0585 0.9983 0.0084
vn 0.0138 0.9997 0.0192
vn -0.0546 0.9984 0.0169
vn 0.0857 0.9963 0.0102
vn 0.0921 0.9809 0.1714
vn -0.1298 0.9770 -0.1695
vn 0.0495 0.9904 -0.1292
vn 0.1909 0.9813 0.0233
vn -0.0617 0.9959 0.0657
vn -0.0858 0.9932 -0.0787
vn -0.2037 0.9783 0.0366
vn -0.0469 0.9981 0.0389
vn 0.1110 0.9932 0.0340
vn 0.3086 0.9510 -0.0207
vn -0.0121 0.9990 -0.0427
vn 0.1023 0.9947 -0.0051
vn 0.1894 0.9786 -0.0804
vn -0.0651 0.9960 0.0615
vn -0.1029 0.9947 0.0038
vn 0.0885 0.9950 0.0457
vn 0.1068 0.9866 0.1236
vn -0.0476 0.9988 -0.0064
vn 0.1609 0.9804 -0.1138
vn 0.0543 0.9957 -0.0749
vn -0.1601 0.9868 -0.0232
vn 0.0998 0.9943 -0.0368
vn -0.1250 0.9908 0.0519
vn -0.1585 0.9870 0.0252
vn 0.0527 0.9985 0.0140
vn -0.0440 0.9915 0.1221
vn -0.0402 0.9992 -0.0083
vn 0.0172 0.9894 -0.1440
vn -0.1972 0.9795 0.0411
vn -0.1395 0.9897 -0.0311
vn -0.6067 0.7822 -0.1419
vn -0.7970 0.5668 -0.2086
vn -0.9009 0.3749 -0.2189
vn -0.9102 0.4046 -0.0882
vn -0.8916 0.4504 -0.0473
vn -0.9060 0.4232 0.0012
vn -0.9204 0.3740 0.1145
vn -0.9233 0.3318 0.1936
vn -0.6339 0.7693 0.0800
vn -0.7318 0.6798 0.0498
vn -0.6404 0.7670 0.0408
vn -0.7410 0.6715 -0.0039
vn -0.6949 0.7186 -0.0282
vn -0.6595 0.7482 -0.0732
vn -0.6612 0.7428 -0.1051
vn -0.8641 0.4956 -0.0871
vn -0.8363 0.5376 0.1081
vn -0.6831 0.7123 0.1614
vn -0.3213 0.9444 0.0701
vn 0.0038 0.9669 -0.2552
vn 0.0220 0.9483 -0.3167
vn -0.0880 0.9118 -0.4010
vn -0.1185 0.8770 -0.4657
vn -0.0807 0.8488 -0.5226
vn -0.0429 0.8428 -0.5364
vn -0.0102 0.8999 -0.4360
vn 0.0536 0.9671 -0.2486
vn 0.1362 0.9892 -0.0532
vn 0.2028 0.9768 0.0692
vn 0.0482 0.9505 0.3069
vn -0.0589 0.9463 0.3179
vn -0.2077 0.9208 0.3300
vn -0.2836 0.9047 0.3178
vn -0.2697 0.8862 0.3768
vn -0.1971 0.8686 0.4546
vn -0.1317 0.8496 0.5108
vn -0.0638 0.8912 0.4491
vn -0.0121 0.9453 0.3260
vn 0.0798 0.9633 0.2563
vn -0.0386 0.9980 0.0505
vn -0.1160 0.9899 -0.0821
vn 0.1318 0.9842 0.1183
vn 0.0671 0.9959 0.0611
vn -0.0296 0.9993 -0.0229
vn 0.0124 0.9977 -0.0669
vn -0.1085 0.9848 0.1358
vn -0.1277 0.9913 -0.0312
vn 0.0220 0.9996 -0.0187
vn 0.0748 0.9972 -0.0056
vn -0.0569 0.9878 -0.1448
vn 0.1946 0.9574 0.2132
vn 0.0712 0.9973 -0.0158
vn -0.0050 0.9845 -0.1753
vn 0.0232 0.9979 0.0599
vn 0.0944 0.9896 0.1086
vn 0.0160 0.9996 0.0243
vn -0.2255 0.9728 0.0532
vn 0.0203 0.9998 0.0049
vn -0.1520 0.9839 -0.0942
vn 0.0461 0.9987 -0.0230
vn -0.0037 0.9979 0.0641
vn -0.0058 0.9961 -0.0879
vn -0.0998 0.9950 -0.0020
vn -0.1327 0.9881 0.0776
vn -0.0204 0.9977 -0.0653
vn -0.1148 0.9934 0.0041
vn 0.0964 0.9920 0.0812
vn 0.1346 0.9897 -0.0488
vn -0.0176 0.9963 -0.0840
vn 0.0029 0.9993 0.0372
vn 0.0362 0.9980 -0.0519
vn -0.0955 0.9947 0.0369
vn -0.1060 0.9887 0.1064
vn -0.0612 0.9976 -0.0319
vn -0.1658 0.9861 0.0051
vn 0.0615 0.9960 0.0652
vn 0.1229 0.9922 0.0187
vn -0.1910 0.9813 -0.0233
vn -0.1168 0.9931 0.0129
vn 0.0871 0.9955 -0.0366
vn -0.0148 0.9973 0.0721
vn -0.0944 0.9955 0.0008
vn -0.5967 0.7576 -0.2647
vn -0.5887 0.7986 -0.1249
vn -0.7728 0.6213 -0.1298
vn -0.7760 0.6253 0.0834
vn -0.5588 0.8142 0.1576
vn -0.3482 0.9317 0.1033
vn -0.0238 0.9995 -0.0194
vn -0.1203 0.9892 0.0840
vn 0.0483 0.9988 -0.0104
vn 0.0343 0.9982 0.0492
vn 0.0341 0.9967 -0.0743
vn -0.0282 0.9938 -0.1072
vn -0.0189 0.9997 -0.0127
vn -0.3038 0.9523 -0.0290
vn -0.2701 0.9628 -0.0049
vn -0.0810 0.9961 -0.0346
vn 0.0261 0.9992 -0.0297
vn -0.0289 0.9732 -0.2282
vn -0.0028 0.9537 -0.3007
vn -0.0881 0.9273 -0.3637
vn -0.0897 0.8795 -0.4674
vn -0.0696 0.8374 -0.5422
vn -0.0388 0.8338 -0.5507
vn -0.0034 0.8876 -0.4606
vn 0.0927 0.9495 -0.2997
vn 0.1947 0.9757 -0.1010
vn 0.2401 0.9707 0.0106
vn -0.0514 0.9369 0.3459
vn -0.1407 0.9073 0.3962
vn -0.2639 0.8837 0.3866
vn -0.3214 0.8872 0.3310
vn -0.2879 0.8930 0.3460
vn -0.2141 0.8826 0.4185
vn -0.1315 0.8699 0.4754
vn -0.0894 0.8968 0.4333
vn -0.0768 0.9624 0.2607
vn 0.0568 0.9694 0.2389
vn 0.0115 0.9927 0.1200
vn -0.0580 0.9948 -0.0833
vn -0.0035 0.9999 0.0129
vn 0.0975 0.9924 0.0749
vn 0.1294 0.9915 -0.0154
vn 0.0412 0.9991 -0.0078
vn -0.0315 0.9855 0.1665
vn 0.0775 0.9958 -0.0492
vn 0.0232 0.9934 -0.1120
vn 0.0657 0.9916 0.1115
vn -0.3364 0.9411 -0.0326
vn -0.1588 0.9854 0.0608
vn 0.0483 0.9964 0.0692
vn -0.1631 0.9776 -0.1334
vn -0.1095 0.9939 -0.0088
vn -0.0055 0.9991 0.0419
vn 0.0390 0.9967 0.0714
vn 0.1156 0.9928 0.0312
vn 0.1738 0.9842 -0.0322
vn 0.0995 0.9947 0.0270
vn -0.0530 0.9942 -0.0932
vn 0.0937 0.9951 0.0313
vn 0.0273 0.9995 0.0160
vn -0.2046 0.9764 0.0700
vn -0.0400 0.9989 -0.0237
vn -0.0235 0.9991 0.0352
vn -0.1572 0.9873 -0.0247
vn 0.0277 0.9984 -0.0486
vn 0.0585 0.9979 0.0286
vn -0.0457 0.9989 -0.0082
vn -0.1230 0.9862 -0.1109
vn 0.1576 0.9875 -0.0027
vn -0.0947 0.9870 0.1298
vn 0.0579 0.9975 -0.0396
vn 0.1314 0.9901 0.0487
vn 0.0467 0.9977 -0.0499
vn 0.2102 0.9750 -0.0719
vn 0.2360 0.9591 0.1563
vn -0.0707 0.9921 0.1032
vn -0.0624 0.9777 -0.2007
vn 0.1233 0.9909 -0.0548
vn 0.2443 0.9697 -0.0019
vn 0.1003 0.9680 0.2302
vn -0.0134 0.9878 -0.1553
vn 0.0004 0.9973 -0.0736
vn -0.3410 0.9393 -0.0369
vn -0.4047 0.9126 -0.0583
vn 0.0619 0.9968 0.0510
vn 0.0594 0.9981 0.0171
vn 0.0187 0.9998 0.0060
vn 0.0502 0.9986 0.0175
vn 0.1760 0.9799 -0.0941
vn 0.1496 0.9885 0.0223
vn 0.2740 0.9617 -0.0012
vn 0.1285 0.9907 -0.0449
vn 0.0030 0.9999 -0.0136
vn 0.1185 0.9923 0.0365
vn 0.1340 0.9897 -0.0508
vn 0.0274 0.9995 -0.0167
vn -0.0520 0.9986 -0.0084
vn 0.0249 0.9642 -0.2640
vn -0.0266 0.9588 -0.2829
vn -0.0012 0.9397 -0.3420
vn -0.0410 0.8901 -0.4539
vn -0.0842 0.8349 -0.5439
vn -0.0748 0.8211 -0.5658
vn -0.0200 0.8689 -0.4946
vn 0.1091 0.9246 -0.3649
vn 0.2327 0.9616 -0.1454
vn 0.2609 0.9651 -0.0207
vn -0.1422 0.9057 0.3993
vn -0.2131 0.8689 0.4469
vn -0.2746 0.8671 0.4156
vn -0.2693 0.9076 0.3221
vn -0.2078 0.9258 0.3158
vn -0.1387 0.9118 0.3865
vn -0.0797 0.8889 0.4512
vn -0.0389 0.9071 0.4191
vn -0.0857 0.9617 0.2604
vn -0.0327 0.9805 0.1938
vn 0.0032 0.9926 0.1211
vn 0.1034 0.9936 -0.0457
vn -0.0476 0.9981 -0.0391
vn 0.0653 0.9974 0.0292
vn -0.0164 0.9992 0.0354
vn -0.0616 0.9980 0.0160
vn 0.0692 0.9929 0.0969
vn 0.1668 0.9845 -0.0548
vn -0.0372 0.9993 -0.0050
vn -0.0071 0.9894 0.1449
vn 0.1378 0.9892 -0.0504
vn 0.1449 0.9892 -0.0232
vn 0.0965 0.9933 0.0642
vn 0.0111 0.9999 0.0107
vn -0.2054 0.9766 -0.0645
vn -0.1472 0.9890 -0.0116
vn 0.0280 0.9996 0.0094
vn 0.1627 0.9857 -0.0443
vn 0.0492 0.9982 0.0329
vn 0.0915 0.9952 0.0350
vn -0.0296 0.9995 -0.0110
vn -0.0141 0.9998 0.0110
vn -0.0827 0.9964 0.0170
vn 0.0019 0.9917 0.1289
vn -0.0050 0.9995 -0.0327
vn 0.0980 0.9944 -0.0390
vn 0.1410 0.9896 -0.0282
vn 0.0122 0.9998 -0.0159
vn -0.0413 0.9989 -0.0202
vn 0.2406 0.9705 -0.0145
vn 0.1283 0.9897 -0.0632
vn -0.0806 0.9962 0.0336
vn -0.0485 0.9950 0.0871
vn -0.1011 0.9946 -0.0220
vn 0.0533 0.9986 -0.0050
vn -0.0473 0.9982 -0.0375
vn -0.1617 0.9835 -0.0814
vn -0.1935 0.9643 0.1806
vn 0.1667 0.9801 0.1076
vn 0.1463 0.9756 -0.1637
vn -0.0413 0.9959 -0.0805
vn -0.0060 1.0000 0.0016
vn 0.1018 0.9812 0.1639
vn 0.3356 0.9288 -0.1569
vn 0.1033 0.9945 0.0176
vn -0.0135 0.9940 0.1085
vn -0.1096 0.9876 -0.1122
vn -0.1683 0.9851 -0.0359
vn 0.0567 0.9980 -0.0292
vn 0.0861 0.9959 0.0270
vn 0.1052 0.9944 -0.0033
vn 0.0233 0.9987 -0.0448
vn -0.1527 0.9872 0.0452
vn -0.1870 0.9807 -0.0563
vn -0.1475 0.9882 0.0410
vn -0.1538 0.9873 -0.0392
vn -0.0278 0.9978 -0.0610
vn 0.0706 0.9973 -0.0193
vn -0.0912 0.9938 0.0640
vn -0.0102 0.9989 -0.0451
vn -0.0398 0.9731 -0.2268
vn -0.0575 0.9490 -0.3101
vn -0.0275 0.9401 -0.3398
vn -0.0811 0.8999 -0.4285
vn -0.1006 0.8417 -0.5304
vn -0.1030 0.8095 -0.5780
vn -0.0360 0.8357 -0.5480
vn 0.0941 0.9014 -0.4227
vn 0.1762 0.9677 -0.1800
vn 0.1669 0.9859 -0.0101
vn -0.1886 0.8770 0.4420
vn -0.2297 0.8497 0.4746
vn -0.2263 0.8825 0.4122
vn -0.1593 0.9443 0.2878
vn -0.0832 0.9562 0.2808
vn -0.0332 0.9311 0.3631
vn -0.0205 0.9020 0.4313
vn 0.0273 0.9023 0.4303
vn -0.0124 0.9652 0.2611
vn 0.0041 0.9876 0.1567
vn 0.0496 0.9962 0.0712
vn 0.0605 0.9977 -0.0290
vn 0.0083 1.0000 0.0051
vn -0.0337 0.9992 0.0222
vn 0.0023 0.9964 0.0852
vn 0.0582 0.9968 -0.0543
vn 0.0905 0.9947 0.0479
vn 0.0893 0.9959 -0.0133
vn -0.1508 0.9879 0.0361
vn 0.0778 0.9969 -0.0063
vn 0.1697 0.9814 -0.0894
vn 0.0084 0.9971 0.0752
vn 0.0526 0.9967 0.0623
vn 0.2055 0.9765 0.0655
vn 0.0339 0.9978 0.0568
vn 0.0536 0.9910 -0.1231
vn 0.0178 0.9997 -0.0136
vn 0.0982 0.9934 -0.0584
vn -0.1121 0.9931 0.0352
vn 0.0599 0.9958 0.0687
vn -0.0148 0.9998 0.0094
vn 0.0960 0.9949 0.0315
vn -0.0501 0.9987 0.0016
vn 0.1340 0.9910 0.0001
vn 0.1994 0.9798 -0.0177
vn 0.0895 0.9915 -0.0949
vn 0.1787 0.9832 0.0359
vn 0.0581 0.9972 0.0482
vn 0.0238 0.9994 -0.0237
vn 0.0704 0.9891 -0.1293
vn 0.0494 0.9967 0.0648
vn -0.0848 0.9909 0.1050
vn 0.0685 0.9961 0.0559
vn 0.0692 0.9934 -0.0914
vn 0.0132 0.9990 0.0423
vn -0.0084 0.9991 0.0405
vn -0.0567 0.9984 -0.0083
vn -0.0070 0.9994 0.0334
vn 0.2080 0.9686 -0.1363
vn 0.1177 0.9928 -0.0204
vn -0.0724 0.9969 0.0296
vn -0.0399 0.9974 -0.0608
vn 0.1079 0.9939 -0.0218
vn 0.0641 0.9974 -0.0331
vn 0.0191 0.9930 0.1166
vn 0.0352 0.9963 0.0783
vn 0.1719 0.9849 0.0191
vn -0.1772 0.9825 -0.0565
vn -0.1097 0.9848 -0.1346
vn -0.0908 0.9958 -0.0069
vn 0.0439 0.9989 -0.0147
vn -0.0557 0.9974 0.0467
vn 0.0425 0.9937 0.1041
vn 0.0035 0.9999 -0.0148
vn -0.0194 0.9995 -0.0243
vn 0.1354 0.9876 -0.0799
vn 0.0154 0.9959 -0.0895
vn -0.0387 0.9992 0.0119
vn -0.0296 0.9980 0.0566
vn 0.0659 0.9939 -0.0887
vn 0.0506 0.9773 -0.2055
vn 0.0018 0.9585 -0.2852
vn -0.0502 0.9445 -0.3246
vn -0.0746 0.9060 -0.4166
vn -0.0883 0.8495 -0.5202
vn -0.1019 0.8039 -0.5859
vn -0.0633 0.8070 -0.5871
vn -0.0034 0.8895 -0.4569
vn -0.0018 0.9837 -0.1796
vn -0.0640 0.9972 0.0391
vn -0.1917 0.8616 0.4701
vn -0.2042 0.8532 0.4799
vn -0.1450 0.9154 0.3755
vn -0.0228 0.9739 0.2258
vn 0.0498 0.9654 0.2559
vn 0.0524 0.9317 0.3594
vn 0.0386 0.9046 0.4246
vn 0.0353 0.9098 0.4136
vn 0.1043 0.9585 0.2655
vn 0.0034 0.9875 0.1578
vn 0.0773 0.9905 0.1133
vn -0.0908 0.9948 -0.0452
vn 0.0435 0.9987 0.0268
vn 0.0101 0.9999 0.0068
vn 0.1167 0.9932 0.0033
vn 0.0317 0.9994 -0.0144
vn -0.1184 0.9891 0.0876
vn -0.0910 0.9926 0.0804
vn -0.2100 0.9777 0.0035
vn -0.0631 0.9971 -0.0419
vn -0.1248 0.9907 -0.0538
vn -0.0892 0.9945 0.0547
vn -0.0710 0.9971 0.0285
vn -0.1425 0.9898 -0.0032
vn 0.0071 0.9999 -0.0143
vn 0.2343 0.9699 -0.0666
vn 0.1226 0.9922 0.0218
vn 0.1047 0.9941 0.0279
vn -0.1244 0.9904 0.0611
vn 0.0290 0.9990 -0.0344
vn 0.1034 0.9946 -0.0079
vn 0.0031 0.9994 0.0349
vn 0.1472 0.9891 0.0036
vn -0.0812 0.9960 -0.0359
vn 0.1057 0.9926 0.0598
vn -0.1316 0.9878 -0.0837
vn -0.0613 0.9979 0.0217
vn -0.0964 0.9939 0.0532
vn 0.1626 0.9841 -0.0717
vn 0.0105 0.9998 -0.0191
vn -0.1010 0.9925 0.0693
vn 0.0052 0.9995 -0.0305
vn 0.2173 0.9761 -0.0089
vn 0.1958 0.9806 0.0082
vn -0.0066 0.9978 0.0667
vn 0.1644 0.9864 -0.0048
vn 0.0950 0.9953 -0.0181
vn 0.1847 0.9821 -0.0368
vn 0.0506 0.9985 0.0217
vn -0.1008 0.9945 0.0291
vn -0.0084 0.9992 -0.0384
vn -0.0148 0.9998 -0.0141
vn -0.1342 0.9910 -0.0032
vn -0.0958 0.9949 -0.0303
vn -0.1274 0.9902 0.0571
vn 0.1376 0.9898 -0.0359
vn 0.1416 0.9898 0.0128
vn 0.1759 0.9798 0.0952
vn -0.0519 0.9974 -0.0492
vn -0.1961 0.9774 -0.0793
vn -0.0266 0.9993 -0.0256
vn -0.0058 0.9998 0.0212
vn -0.0263 0.9996 -0.0113
vn 0.1072 0.9941 -0.0135
vn 0.1611 0.9853 -0.0567
vn 0.0752 0.9965 -0.0368
vn 0.0068 0.9998 -0.0176
vn -0.0044 0.9997 0.0255
vn 0.1124 0.9937 -0.0036
vn 0.0584 0.9952 -0.0790
vn 0.0541 0.9797 -0.1931
vn -0.0144 0.9675 -0.2523
vn 0.0203 0.9469 -0.3210
vn -0.0265 0.9169 -0.3982
vn -0.0472 0.8590 -0.5097
vn -0.0774 0.8064 -0.5863
vn -0.0665 0.8015 -0.5943
vn -0.1006 0.8889 -0.4469
vn -0.2063 0.9690 -0.1359
vn -0.3039 0.9456 0.1160
vn -0.1489 0.8618 0.4849
vn -0.1419 0.8729 0.4669
vn -0.0527 0.9505 0.3062
vn 0.0588 0.9837 0.1701
vn 0.1020 0.9652 0.2409
vn 0.0963 0.9280 0.3600
vn 0.0876 0.8923 0.4429
vn 0.0339 0.9128 0.4069
vn -0.0240 0.9506 0.3094
vn -0.1217 0.9807 0.1532
vn 0.0778 0.9923 0.0964
vn -0.0075 0.9997 -0.0244
vn 0.0006 0.9999 -0.0160
vn 0.0809 0.9967 0.0013
vn -0.0110 0.9994 0.0327
vn -0.0290 0.9961 0.0828
vn 0.0006 0.9964 0.0851
vn 0.0812 0.9960 0.0383
vn 0.1600 0.9871 -0.0104
vn 0.1033 0.9941 -0.0325
vn 0.0390 0.9966 -0.0722
vn 0.1299 0.9904 0.0480
vn -0.0292 0.9886 0.1475
vn 0.0158 0.9999 -0.0041
vn 0.0499 0.9861 -0.1586
vn 0.0061 0.9953 -0.0965
vn -0.0328 0.9993 0.0151
vn -0.1023 0.9932 0.0562
vn 0.2324 0.9711 0.0547
vn 0.1090 0.9934 -0.0347
vn 0.1743 0.9844 0.0244
vn 0.0673 0.9973 0.0310
vn 0.1635 0.9865 0.0132
vn 0.0791 0.9966 -0.0248
vn -0.0020 0.9982 0.0595
vn 0.0893 0.9960 -0.0029
vn -0.0581 0.9983 -0.0010
vn 0.0526 0.9986 0.0010
vn -0.0152 0.9861 -0.1657
vn 0.0212 0.9983 0.0546
vn 0.1249 0.9890 0.0789
vn 0.0960 0.9938 -0.0565
vn -0.1366 0.9897 -0.0418
vn -0.0955 0.9931 0.0686
vn -0.0303 0.9995 -0.0024
vn 0.0523 0.9984 0.0214
vn -0.0192 0.9998 0.0087
vn 0.1071 0.9931 -0.0478
vn 0.0021 0.9994 0.0341
vn 0.0915 0.9957 0.0168
vn 0.2158 0.9753 -0.0480
vn 0.1359 0.9901 0.0356
vn 0.0666 0.9975 -0.0238
vn 0.0176 0.9997 -0.0187
vn 0.1168 0.9932 0.0012
vn 0.0894 0.9957 -0.0246
vn -0.0987 0.9951 0.0032
vn 0.0378 0.9987 0.0344
vn 0.1958 0.9791 0.0552
vn 0.1275 0.9895 -0.0675
vn 0.0216 0.9991 -0.0371
vn -0.0726 0.9965 0.0418
vn -0.0482 0.9988 0.0118
vn -0.0565 0.9966 -0.0598
vn -0.0421 0.9976 -0.0547
vn -0.0046 0.9999 0.0148
vn -0.1041 0.9941 -0.0304
vn 0.0017 0.9988 -0.0494
vn 0.0703 0.9975 -0.0112
vn 0.0112 0.9989 -0.0466
vn -0.0139 0.9856 -0.1683
vn -0.0027 0.9652 -0.2614
vn 0.0136 0.9442 -0.3291
vn 0.0035 0.9278 -0.3731
vn -0.0179 0.8668 -0.4983
vn -0.0405 0.8153 -0.5776
vn -0.0627 0.8111 -0.5816
vn -0.1699 0.9051 -0.3897
vn -0.3396 0.9389 -0.0552
vn -0.4335 0.8796 0.1961
vn -0.0646 0.8697 0.4894
vn -0.0459 0.8947 0.4443
vn -0.0031 0.9668 0.2557
vn 0.0431 0.9890 0.1413
vn 0.0625 0.9715 0.2286
vn 0.0547 0.9296 0.3645
vn 0.0265 0.8907 0.4538
vn 0.0167 0.8977 0.4402
vn -0.0137 0.9391 0.3434
vn -0.0017 0.9919 0.1274
vn 0.0195 0.9998 0.0078
vn 0.0746 0.9961 0.0479
vn -0.0271 0.9995 -0.0141
vn -0.0355 0.9993 -0.0079
vn -0.0310 0.9976 0.0625
vn 0.0022 0.9997 -0.0239
vn 0.1737 0.9842 0.0342
vn 0.1356 0.9904 0.0256
vn 0.1532 0.9882 0.0018
vn 0.0144 0.9997 -0.0222
vn 0.1630 0.9861 -0.0325
vn 0.0051 0.9977 0.0678
vn 0.0863 0.9925 0.0860
vn 0.1644 0.9807 -0.1054
vn 0.2698 0.9623 -0.0357
vn -0.1424 0.9863 0.0833
vn -0.1481 0.9878 0.0488
vn -0.0498 0.9916 -0.1192
vn 0.0829 0.9965 -0.0046
vn -0.0075 1.0000 -0.0030
vn 0.0341 0.9982 -0.0490
vn 0.1231 0.9910 0.0531
vn -0.0131 0.9999 0.0024
vn 0.1133 0.9922 0.0529
vn -0.0214 0.9974 0.0695
vn 0.0769 0.9966 -0.0310
vn 0.1371 0.9902 -0.0267
vn 0.0909 0.9921 0.0862
vn -0.1210 0.9903 -0.0685
vn -0.0806 0.9947 -0.0637
vn 0.0161 0.9998 0.0142
vn 0.0579 0.9975 0.0416
vn -0.0434 0.9946 0.0945
vn -0.0548 0.9985 -0.0006
vn -0.0245 0.9977 -0.0637
vn -0.0410 0.9992 -0.0025
vn 0.0127 0.9997 -0.0207
vn -0.0020 0.9997 -0.0256
vn -0.0524 0.9984 0.0209
vn 0.0821 0.9942 -0.0688
vn 0.0434 0.9959 -0.0797
vn 0.0494 0.9942 0.0954
vn 0.0688 0.9964 0.0490
vn -0.0377 0.9986 -0.0375
vn 0.0189 0.9994 -0.0277
vn -0.0508 0.9973 0.0523
vn 0.0273 0.9991 0.0312
vn -0.0921 0.9956 -0.0195
vn 0.0512 0.9947 -0.0891
vn 0.0463 0.9973 0.0567
vn 0.0104 0.9994 0.0344
vn 0.0184 0.9995 0.0275
vn 0.0902 0.9957 -0.0215
vn 0.0579 0.9983 -0.0074
vn -0.1194 0.9875 -0.1029
vn 0.0932 0.9956 -0.0074
vn 0.0112 0.9996 0.0268
vn 0.0054 0.9975 -0.0698
vn -0.0707 0.9969 -0.0339
vn 0.0128 0.9995 -0.0294
vn -0.0266 0.9846 -0.1727
vn 0.0152 0.9622 -0.2718
vn -0.0034 0.9470 -0.3214
vn 0.0236 0.9232 -0.3836
vn -0.0041 0.8734 -0.4869
vn -0.0104 0.8232 -0.5676
vn -0.0573 0.8328 -0.5507
vn -0.1998 0.9295 -0.3101
vn -0.3661 0.9294 0.0459
vn -0.4222 0.8683 0.2603
vn 0.0047 0.8844 0.4667
vn 0.0515 0.9035 0.4254
vn 0.0861 0.9643 0.2503
vn 0.0842 0.9875 0.1333
vn 0.0605 0.9691 0.2390
vn 0.0111 0.9257 0.3780
vn -0.0316 0.8856 0.4633
vn -0.0397 0.8972 0.4399
vn 0.0383 0.9473 0.3180
vn 0.0604 0.9876 0.1449
vn -0.0148 0.9999 0.0073
vn 0.0481 0.9983 0.0337
vn 0.0538 0.9981 0.0293
vn -0.0117 0.9998 -0.0182
vn 0.0423 0.9971 0.0629
vn 0.0094 0.9995 -0.0300
vn 0.0108 0.9999 -0.0057
vn 0.0045 0.9985 0.0542
vn 0.0414 0.9985 0.0360
vn 0.0256 0.9982 -0.0544
vn 0.0983 0.9951 -0.0078
vn -0.0629 0.9946 0.0826
vn 0.0915 0.9942 0.0557
vn -0.0251 0.9906 -0.1341
vn 0.0737 0.9969 0.0275
vn -0.0286 0.9916 0.1258
vn 0.1013 0.9926 -0.0669
vn 0.1280 0.9892 -0.0712
vn -0.0780 0.9966 0.0279
vn 0.0052 0.9999 0.0154
vn -0.0665 0.9961 -0.0577
vn -0.0976 0.9941 0.0478
vn -0.0409 0.9985 0.0370
vn -0.0314 0.9994 0.0132
vn 0.0737 0.9972 0.0121
vn -0.0092 0.9993 -0.0364
vn 0.0596 0.9977 -0.0335
vn -0.0190 0.9895 0.1434
vn -0.0326 0.9980 -0.0540
vn -0.0427 0.9971 -0.0630
vn -0.0537 0.9985 0.0068
vn -0.0605 0.9981 -0.0069
vn 0.1028 0.9944 0.0226
vn 0.1549 0.9873 0.0356
vn 0.1900 0.9817 0.0107
vn -0.0714 0.9974 -0.0042
vn 0.1480 0.9881 -0.0421
vn -0.1856 0.9819 0.0381
vn -0.0671 0.9969 -0.0423
vn 0.0020 0.9996 -0.0265
vn -0.1026 0.9946 -0.0154
vn -0.1194 0.9928 0.0099
vn 0.0291 0.9995 0.0106
vn 0.1520 0.9882 0.0183
vn -0.1284 0.9913 -0.0301
vn 0.0520 0.9983 0.0279
vn 0.0037 0.9996 0.0277
vn 0.0638 0.9973 -0.0360
vn 0.0500 0.9975 -0.0503
vn 0.0009 0.9990 0.0442
vn 0.0829 0.9953 -0.0490
vn 0.1022 0.9946 0.0166
vn 0.2180 0.9748 -0.0479
vn 0.1935 0.9785 0.0714
vn 0.1022 0.9924 -0.0687
vn 0.0031 0.9992 -0.0403
vn 0.1154 0.9931 0.0190
vn 0.0827 0.9965 -0.0154
vn -0.0417 0.9990 -0.0185
vn -0.0090 0.9988 -0.0491
vn 0.0244 0.9843 -0.1749
vn 0.0251 0.9586 -0.2837
vn 0.0411 0.9468 -0.3191
vn 0.0316 0.9248 -0.3792
vn 0.0038 0.8793 -0.4762
vn -0.0251 0.8337 -0.5516
vn -0.1185 0.8571 -0.5013
vn -0.2670 0.9339 -0.2378
vn -0.3664 0.9217 0.1276
vn -0.3617 0.8934 0.2665
vn -0.0184 0.9149 0.4034
vn 0.0828 0.9164 0.3916
vn 0.1476 0.9583 0.2446
vn 0.1297 0.9806 0.1468
vn 0.0875 0.9597 0.2672
vn 0.0157 0.9127 0.4083
vn -0.0391 0.8766 0.4796
vn -0.0656 0.9006 0.4297
vn 0.0134 0.9598 0.2804
vn 0.0290 0.9886 0.1477
vn 0.0125 0.9995 0.0284
vn 0.0246 0.9997 0.0034
vn 0.0052 0.9992 0.0398
vn -0.0260 0.9997 -0.0000
vn 0.0178 0.9990 0.0419
vn 0.0212 0.9996 -0.0174
vn 0.0293 0.9995 -0.0095
vn -0.0818 0.9965 0.0169
vn 0.1658 0.9861 -0.0137
vn 0.0481 0.9988 0.0019
vn -0.1001 0.9947 0.0221
vn 0.0108 0.9990 0.0444
vn 0.0037 0.9997 0.0248
vn 0.0719 0.9945 -0.0761
vn -0.0433 0.9986 0.0312
vn 0.0928 0.9923 0.0821
vn 0.0248 0.9990 -0.0365
vn -0.0814 0.9967 0.0029
vn -0.0133 0.9997 -0.0223
vn 0.0437 0.9987 -0.0246
vn 0.0448 0.9990 0.0008
vn -0.0003 0.9990 0.0440
vn 0.0836 0.9964 -0.0118
vn 0.0559 0.9984 0.0057
vn 0.0529 0.9975 0.0474
vn -0.0483 0.9975 -0.0518
vn -0.0147 0.9996 -0.0225
vn 0.0951 0.9916 0.0881
vn 0.1563 0.9873 0.0271
vn 0.0462 0.9964 -0.0713
vn 0.0639 0.9979 -0.0032
vn 0.0655 0.9975 0.0277
vn 0.0368 0.9989 -0.0295
vn 0.0487 0.9983 -0.0305
vn 0.0160 0.9973 0.0718
vn 0.0926 0.9947 -0.0443
vn 0.1071 0.9940 -0.0226
vn 0.0581 0.9898 0.1301
vn 0.0688 0.9919 -0.1069
vn 0.0087 0.9991 -0.0424
vn 0.0767 0.9970 0.0036
vn 0.0732 0.9973 0.0083
vn 0.0070 0.9994 -0.0333
vn 0.0688 0.9974 0.0205
vn 0.0968 0.9952 -0.0133
vn 0.0590 0.9983 -0.0007
vn 0.0892 0.9957 0.0236
vn 0.1085 0.9938 -0.0261
vn -0.0615 0.9979 -0.0178
vn 0.0892 0.9960 0.0017
vn 0.0074 0.9999 -0.0120
vn -0.0885 0.9955 -0.0353
vn 0.0514 0.9949 -0.0873
vn 0.0410 0.9978 0.0516
vn 0.1498 0.9887 -0.0022
vn -0.0072 0.9998 -0.0177
vn 0.0501 0.9987 -0.0059
vn -0.0575 0.9977 0.0367
vn -0.0044 1.0000 -0.0008
vn -0.0014 0.9973 -0.0740
vn 0.0264 0.9809 -0.1925
vn 0.0168 0.9592 -0.2821
vn 0.0328 0.9460 -0.3226
vn 0.0247 0.9285 -0.3705
vn 0.0059 0.8888 -0.4583
vn -0.0683 0.8559 -0.5125
vn -0.2147 0.8780 -0.4278
vn -0.3791 0.9083 -0.1769
vn -0.3962 0.9079 0.1370
vn -0.2897 0.9383 0.1890
vn -0.1120 0.9316 0.3458
vn 0.0218 0.9460 0.3233
vn 0.0986 0.9656 0.2406
vn 0.0673 0.9837 0.1669
vn 0.0247 0.9548 0.2963
vn -0.0218 0.8972 0.4411
vn -0.0587 0.8660 0.4967
vn -0.0444 0.9134 0.4046
vn -0.0080 0.9666 0.2560
vn 0.0040 0.9884 0.1517
vn 0.0001 0.9995 0.0304
vn 0.0015 1.0000 0.0046
vn -0.0030 0.9973 0.0738
vn -0.0353 0.9991 -0.0215
vn 0.0488 0.9988 0.0024
vn 0.1021 0.9947 -0.0147
vn -0.0169 0.9987 0.0482
vn 0.0004 0.9998 -0.0179
vn 0.0156 0.9998 -0.0133
vn -0.0673 0.9920 0.1070
vn -0.0420 0.9979 -0.0496
vn 0.0571 0.9980 0.0284
vn -0.0116 0.9998 0.0166
vn 0.0034 0.9987 -0.0504
vn -0.0022 0.9999 0.0118
vn 0.0519 0.9981 0.0332
vn 0.1221 0.9925 0.0050
vn 0.0592 0.9982 -0.0040
vn 0.1217 0.9923 -0.0242
vn -0.0485 0.9986 -0.0217
vn -0.0002 0.9999 -0.0149
vn 0.1130 0.9934 0.0210
vn 0.0868 0.9962 0.0050
vn 0.0674 0.9974 -0.0262
vn 0.0474 0.9952 0.0856
vn 0.0408 0.9990 -0.0160
vn 0.0554 0.9979 -0.0328
vn 0.0128 0.9998 -0.0147
vn 0.1555 0.9878 0.0060
vn 0.1058 0.9943 -0.0121
vn 0.0241 0.9997 -0.0044
vn 0.0769 0.9970 0.0132
vn 0.1572 0.9876 -0.0047
vn 0.0229 0.9989 0.0399
vn -0.0594 0.9976 0.0342
vn 0.1103 0.9908 -0.0780
vn -0.1119 0.9937 -0.0094
vn 0.1734 0.9839 0.0439
vn 0.1515 0.9884 -0.0083
vn 0.0076 0.9999 -0.0089
vn -0.0477 0.9982 -0.0355
vn 0.0124 0.9993 0.0340
vn 0.0078 0.9999 0.0136
vn -0.0484 0.9970 -0.0600
vn 0.1115 0.9937 0.0131
vn -0.0178 0.9998 0.0065
vn 0.0878 0.9960 -0.0147
vn 0.1080 0.9936 0.0317
vn 0.0117 0.9998 0.0130
vn -0.0041 0.9991 -0.0423
vn 0.0211 0.9996 0.0171
vn 0.0725 0.9973 -0.0144
vn -0.0894 0.9930 -0.0769
vn -0.0283 0.9996 0.0016
vn 0.0548 0.9985 0.0026
vn -0.0008 1.0000 0.0018
vn -0.0096 0.9999 0.0106
vn 0.0004 0.9996 0.0292
vn 0.0545 0.9981 -0.0292
vn 0.0357 0.9969 -0.0707
vn 0.0142 0.9827 -0.1848
vn 0.0191 0.9562 -0.2919
vn 0.0275 0.9460 -0.3231
vn 0.0254 0.9300 -0.3667
vn -0.0083 0.9032 -0.4292
vn -0.1081 0.8857 -0.4516
vn -0.2738 0.8993 -0.3409
vn -0.4034 0.9048 -0.1362
vn -0.3549 0.9318 0.0757
vn -0.1831 0.9823 0.0398
vn -0.1581 0.9457 0.2840
vn -0.0553 0.9657 0.2537
vn -0.0149 0.9720 0.2345
vn -0.0663 0.9777 0.1993
vn -0.1055 0.9436 0.3139
vn -0.0967 0.8871 0.4513
vn -0.0685 0.8705 0.4874
vn -0.0274 0.9220 0.3863
vn -0.0050 0.9682 0.2502
vn 0.0130 0.9893 0.1456
vn 0.0156 0.9993 0.0325
vn 0.0080 1.0000 -0.0031
vn 0.0633 0.9967 0.0507
vn 0.1024 0.9947 -0.0087
vn 0.0111 0.9995 -0.0308
vn 0.0248 0.9992 0.0308
vn -0.0795 0.9958 0.0446
vn 0.1339 0.9898 -0.0481
vn -0.0253 0.9992 0.0303
vn 0.0651 0.9948 0.0786
vn 0.0183 0.9974 -0.0699
vn -0.0479 0.9973 0.0564
vn 0.0747 0.9972 0.0081
vn -0.0123 0.9981 -0.0610
vn 0.0857 0.9961 -0.0219
vn 0.0955 0.9935 0.0614
vn 0.0213 0.9993 -0.0309
vn 0.0255 0.9996 -0.0132
vn 0.0562 0.9970 0.0539
vn -0.0554 0.9985 0.0042
vn 0.0001 0.9986 -0.0536
vn -0.0468 0.9988 -0.0126
vn 0.0223 0.9997 0.0033
vn 0.0433 0.9986 0.0288
vn -0.0617 0.9963 0.0593
vn 0.1350 0.9890 -0.0613
vn 0.0917 0.9958 -0.0044
vn 0.1445 0.9895 0.0036
vn 0.0442 0.9990 -0.0042
vn 0.0155 0.9991 0.0395
vn -0.0471 0.9989 -0.0024
vn 0.0510 0.9969 -0.0593
vn 0.0503 0.9982 0.0317
vn 0.0142 0.9993 0.0360
vn 0.0932 0.9956 0.0007
vn 0.0834 0.9964 -0.0133
vn 0.0807 0.9967 -0.0035
vn 0.0945 0.9950 -0.0312
vn 0.1060 0.9938 0.0345
vn 0.0259 0.9992 0.0310
vn -0.0225 0.9997 0.0038
vn -0.0026 0.9998 -0.0209
vn 0.0567 0.9982 -0.0216
vn 0.0791 0.9960 -0.0409
vn -0.0187 0.9994 0.0299
vn -0.0550 0.9984 -0.0087
vn 0.0244 0.9989 -0.0392
vn -0.0203 0.9994 0.0275
vn 0.0802 0.9955 0.0499
vn -0.0644 0.9979 0.0023
vn 0.0046 0.9965 -0.0830
vn 0.1532 0.9882 -0.0039
vn -0.0207 0.9998 0.0078
vn -0.0084 0.9987 -0.0501
vn -0.0270 0.9995 0.0177
vn -0.0339 0.9994 0.0103
vn -0.0330 0.9995 0.0004
vn 0.0631 0.9978 -0.0195
vn 0.0787 0.9969 -0.0099
vn 0.0205 0.9980 -0.0597
vn 0.0163 0.9846 -0.1741
vn -0.0134 0.9555 -0.2946
vn 0.0084 0.9444 -0.3288
vn 0.0004 0.9361 -0.3518
vn -0.0415 0.9168 -0.3973
vn -0.1283 0.9150 -0.3824
vn -0.2842 0.9238 -0.2567
vn -0.3815 0.9152 -0.1301
vn -0.2620 0.9631 -0.0613
vn -0.0176 0.9960 -0.0871
vn -0.2086 0.9577 0.1982
vn -0.1397 0.9665 0.2155
vn -0.1454 0.9595 0.2412
vn -0.2070 0.9504 0.2321
vn -0.2151 0.9262 0.3095
vn -0.1515 0.8918 0.4263
vn -0.0687 0.8860 0.4585
vn -0.0132 0.9306 0.3657
vn 0.0112 0.9725 0.2326
vn 0.0330 0.9898 0.1388
vn 0.0293 0.9990 0.0342
vn 0.0292 0.9996 -0.0050
vn 0.0262 0.9996 0.0140
vn 0.0809 0.9966 0.0124
vn 0.0231 0.9997 0.0127
vn 0.0068 0.9990 0.0438
vn 0.0311 0.9993 0.0187
vn 0.0781 0.9951 -0.0602
vn 0.0202 0.9994 0.0267
vn 0.0964 0.9918 0.0841
vn 0.0016 0.9999 -0.0142
vn 0.0131 0.9997 0.0221
vn 0.1142 0.9932 -0.0204
vn 0.1147 0.9919 -0.0548
vn -0.0143 0.9988 -0.0470
vn 0.0951 0.9932 0.0665
vn 0.0224 0.9990 0.0394
vn 0.0181 0.9992 -0.0363
vn 0.0477 0.9984 0.0304
vn 0.0883 0.9958 0.0244
vn 0.0600 0.9975 -0.0371
vn 0.0157 0.9999 0.0017
vn 0.0180 0.9991 -0.0374
vn -0.0751 0.9951 0.0641
vn 0.1139 0.9932 -0.0239
vn 0.0659 0.9961 -0.0588
vn -0.0062 1.0000 0.0007
vn -0.0084 0.9999 0.0067
vn -0.0152 0.9996 0.0220
vn 0.0357 0.9983 0.0452
vn 0.1453 0.9886 -0.0404
vn 0.0740 0.9966 -0.0372
vn 0.0004 0.9991 0.0432
vn 0.0699 0.9974 0.0187
vn 0.0590 0.9978 -0.0299
vn 0.0653 0.9976 -0.0242
vn 0.1247 0.9920 -0.0175
vn 0.0550 0.9984 -0.0126
vn -0.0094 0.9971 0.0752
vn 0.0834 0.9961 0.0284
vn 0.1113 0.9937 -0.0159
vn 0.0807 0.9965 -0.0197
vn 0.0843 0.9963 -0.0138
vn 0.0295 0.9995 -0.0131
vn 0.0544 0.9957 0.0744
vn 0.0469 0.9984 -0.0300
vn 0.0402 0.9982 -0.0437
vn 0.0494 0.9988 0.0008
vn 0.1025 0.9944 0.0259
vn 0.0994 0.9948 0.0209
vn 0.0572 0.9962 -0.0660
vn -0.0637 0.9979 0.0096
vn 0.0562 0.9984 -0.0048
vn 0.0174 0.9998 -0.0108
vn -0.0520 0.9984 0.0216
vn 0.0345 0.9993 -0.0158
vn 0.0593 0.9980 -0.0221
vn 0.0617 0.9968 -0.0502
vn 0.0540 0.9985 0.0079
vn 0.0309 0.9987 -0.0399
vn 0.0213 0.9866 -0.1620
vn -0.0221 0.9600 -0.2792
vn -0.0527 0.9413 -0.3334
vn -0.0414 0.9385 -0.3429
vn -0.0552 0.9258 -0.3741
vn -0.1157 0.9397 -0.3217
vn -0.2390 0.9532 -0.1852
vn -0.3059 0.9423 -0.1364
vn -0.2067 0.9561 -0.2076
vn -0.0222 0.9779 -0.2080
vn -0.2015 0.9688 0.1444
vn -0.1873 0.9604 0.2061
vn -0.2293 0.9352 0.2700
vn -0.2815 0.9268 0.2488
vn -0.2663 0.9211 0.2840
vn -0.1658 0.9120 0.3753
vn -0.0459 0.9111 0.4097
vn 0.0236 0.9363 0.3505
vn 0.0147 0.9715 0.2365
vn 0.0032 0.9920 0.1262
vn 0.0263 0.9988 0.0416
vn 0.0062 1.0000 -0.0013
vn 0.0092 0.9999 0.0126
vn 0.0038 1.0000 -0.0009
vn 0.0248 0.9996 0.0116
vn 0.0500 0.9983 0.0303
vn 0.1005 0.9949 0.0018
vn 0.0456 0.9986 -0.0272
vn -0.0168 0.9997 0.0201
vn 0.1078 0.9934 0.0381
vn 0.1214 0.9924 0.0201
vn 0.0982 0.9949 -0.0225
vn 0.1206 0.9917 -0.0454
vn 0.1273 0.9918 -0.0061
vn -0.0225 0.9996 0.0156
vn 0.0189 0.9998 0.0029
vn 0.0597 0.9973 0.0437
vn 0.1332 0.9900 -0.0456
vn 0.0718 0.9972 0.0224
vn 0.0890 0.9959 0.0169
vn 0.0934 0.9953 -0.0249
vn 0.1436 0.9896 -0.0012
vn 0.0999 0.9943 0.0375
vn 0.0427 0.9987 0.0280
vn 0.1152 0.9916 -0.0585
vn 0.0056 0.9989 0.0462
vn -0.0795 0.9967 0.0187
vn -0.0468 0.9988 0.0116
vn -0.0553 0.9981 -0.0267
vn 0.0784 0.9958 -0.0468
vn 0.1227 0.9920 -0.0309
vn 0.0092 0.9995 0.0298
vn 0.0393 0.9992 0.0031
vn 0.0960 0.9951 0.0248
vn 0.0591 0.9982 -0.0092
vn -0.0005 0.9997 -0.0229
vn 0.0024 1.0000 -0.0068
vn -0.0484 0.9982 0.0363
vn -0.0411 0.9991 0.0139
vn 0.1131 0.9933 -0.0241
vn 0.0998 0.9949 0.0113
vn 0.0688 0.9974 -0.0231
vn 0.0880 0.9961 0.0025
vn 0.0303 0.9994 -0.0191
vn 0.0395 0.9990 0.0210
vn 0.1271 0.9919 0.0042
vn 0.0270 0.9991 -0.0325
vn 0.0703 0.9975 -0.0047
vn 0.0185 0.9998 0.0083
vn 0.1101 0.9936 0.0238
vn 0.0744 0.9971 0.0177
vn 0.0286 0.9995 -0.0130
vn 0.0873 0.9952 -0.0446
vn 0.0648 0.9978 0.0113
vn 0.0907 0.9959 0.0009
vn 0.0755 0.9968 -0.0268
vn 0.0758 0.9970 -0.0164
vn 0.0139 0.9998 -0.0160
vn 0.0015 1.0000 0.0009
vn 0.0307 0.9988 -0.0379
vn 0.0001 0.9895 -0.1446
vn -0.0276 0.9678 -0.2504
vn -0.0773 0.9438 -0.3215
vn -0.0790 0.9335 -0.3498
vn -0.0574 0.9281 -0.3679
vn -0.0666 0.9560 -0.2857
vn -0.1348 0.9819 -0.1329
vn -0.1881 0.9728 -0.1356
vn -0.1536 0.9470 -0.2821
vn -0.0680 0.9391 -0.3369
vn -0.1388 0.9805 0.1393
vn -0.1620 0.9595 0.2303
vn -0.2105 0.9291 0.3042
vn -0.2403 0.9359 0.2576
vn -0.2127 0.9450 0.2484
vn -0.1262 0.9397 0.3179
vn -0.0432 0.9306 0.3635
vn 0.0093 0.9419 0.3357
vn 0.0207 0.9690 0.2463
vn 0.0083 0.9923 0.1235
vn 0.0251 0.9990 0.0360
vn 0.0218 0.9998 -0.0024
vn 0.0407 0.9990 0.0204
vn 0.0059 0.9999 0.0088
vn 0.0066 1.0000 -0.0011
vn 0.0397 0.9992 -0.0097
vn 0.0699 0.9975 0.0106
vn 0.0040 0.9997 0.0238
vn 0.0206 0.9997 -0.0123
vn 0.0620 0.9980 -0.0155
vn 0.0558 0.9973 0.0474
vn 0.0372 0.9993 -0.0100
vn 0.0024 0.9993 -0.0377
vn -0.0223 0.9990 0.0381
vn -0.0279 0.9996 0.0053
vn 0.0021 0.9999 -0.0108
vn 0.0186 0.9994 0.0289
vn -0.0078 0.9980 -0.0635
vn 0.0249 0.9988 0.0431
vn 0.0740 0.9973 0.0040
vn 0.0112 0.9997 -0.0194
vn -0.0129 0.9998 -0.0170
vn 0.0341 0.9992 0.0219
vn 0.1236 0.9922 0.0152
vn 0.0185 0.9997 -0.0129
vn 0.0870 0.9948 0.0538
vn 0.0845 0.9964 -0.0067
vn 0.1439 0.9896 -0.0044
vn 0.0167 0.9987 -0.0485
vn -0.0532 0.9985 0.0155
vn -0.0149 0.9998 0.0127
vn 0.0079 0.9999 -0.0111
vn 0.0109 0.9999 0.0017
vn 0.0748 0.9970 0.0212
vn -0.0148 0.9999 -0.0021
vn -0.0159 0.9999 0.0002
vn 0.0017 0.9994 0.0334
vn 0.0971 0.9943 -0.0446
vn 0.0060 0.9997 -0.0219
vn 0.0573 0.9983 0.0125
vn 0.0466 0.9987 -0.0202
vn -0.0110 0.9997 0.0232
vn 0.0563 0.9983 0.0117
vn 0.0139 0.9999 0.0020
vn 0.0500 0.9987 0.0096
vn -0.0087 0.9994 -0.0325
vn 0.0232 0.9997 -0.0090
vn 0.0219 0.9998 -0.0036
vn 0.0613 0.9981 -0.0004
vn 0.0557 0.9984 0.0018
vn 0.0795 0.9968 -0.0029
vn 0.0092 0.9999 -0.0142
vn 0.0032 1.0000 -0.0015
vn 0.0642 0.9979 -0.0093
vn 0.0282 0.9996 -0.0015
vn -0.0026 1.0000 -0.0094
vn 0.0161 0.9998 -0.0084
vn 0.0215 0.9992 -0.0341
vn -0.0031 0.9925 -0.1222
vn -0.0329 0.9720 -0.2329
vn -0.0657 0.9504 -0.3042
vn -0.0718 0.9315 -0.3565
vn -0.0529 0.9235 -0.3800
vn -0.0389 0.9595 -0.2791
vn -0.0594 0.9933 -0.0989
vn -0.1178 0.9874 -0.1053
vn -0.1815 0.9418 -0.2829
vn -0.2015 0.9052 -0.3742
vn -0.0698 0.9847 0.1596
vn -0.0964 0.9612 0.2585
vn -0.1223 0.9373 0.3264
vn -0.1227 0.9586 0.2568
vn -0.0959 0.9705 0.2214
vn -0.0679 0.9557 0.2864
vn -0.0426 0.9373 0.3460
vn -0.0196 0.9477 0.3187
vn -0.0025 0.9718 0.2360
vn 0.0203 0.9916 0.1278
vn 0.0145 0.9995 0.0277
vn 0.0222 0.9997 0.0034
vn 0.0123 0.9999 0.0091
vn 0.0395 0.9990 0.0187
vn 0.0336 0.9994 -0.0122
vn 0.0329 0.9994 -0.0103
vn 0.0191 0.9996 0.0196
vn 0.0303 0.9993 0.0239
vn 0.0170 0.9997 -0.0184
vn -0.0005 1.0000 0.0037
vn -0.0047 0.9994 0.0346
vn 0.0457 0.9989 -0.0047
vn 0.0202 0.9998 -0.0083
vn -0.0147 0.9997 0.0193
vn 0.0623 0.9981 -0.0027
vn 0.0260 0.9994 -0.0223
vn 0.0682 0.9970 0.0370
vn 0.0190 0.9989 -0.0439
vn 0.0022 0.9999 -0.0139
vn 0.0767 0.9970 0.0140
vn 0.0151 0.9992 0.0382
vn -0.0312 0.9995 -0.0102
vn -0.0162 0.9994 -0.0293
vn 0.0366 0.9993 0.0074
vn 0.0329 0.9995 0.0025
vn 0.0297 0.9995 0.0097
vn 0.0788 0.9969 -0.0054
vn 0.0073 0.9998 -0.0176
vn 0.0831 0.9965 0.0114
vn 0.0148 0.9989 0.0442
vn -0.0006 1.0000 -0.0044
vn 0.0292 0.9996 -0.0060
vn 0.0249 0.9996 -0.0107
vn 0.0085 0.9998 -0.0161
vn 0.0467 0.9989 0.0030
vn 0.0654 0.9974 0.0293
vn 0.0378 0.9993 -0.0009
vn 0.0668 0.9976 -0.0158
vn 0.0808 0.9962 -0.0313
vn 0.0158 0.9998 0.0153
vn 0.0104 0.9999 -0.0016
vn 0.0081 1.0000 0.0022
vn 0.0160 0.9999 -0.0035
vn 0.0457 0.9989 -0.0126
vn 0.0838 0.9965 -0.0000
vn 0.0429 0.9989 0.0199
vn 0.0623 0.9980 -0.0074
vn 0.0202 0.9996 -0.0188
vn 0.0310 0.9995 -0.0052
vn 0.0326 0.9995 -0.0020
vn 0.0311 0.9995 0.0022
vn 0.0221 0.9997 0.0050
vn 0.0341 0.9994 0.0020
vn 0.0010 0.9999 -0.0105
vn 0.0186 0.9996 -0.0190
vn 0.0139 0.9999 -0.0019
vn 0.0283 0.9996 0.0042
vn 0.0155 0.9999 -0.0045
vn 0.0148 0.9998 -0.0133
vn 0.0103 0.9995 -0.0290
vn 0.0051 0.9937 -0.1119
vn -0.0147 0.9762 -0.2163
vn -0.0306 0.9553 -0.2942
vn -0.0347 0.9342 -0.3550
vn -0.0454 0.9224 -0.3835
vn -0.0532 0.9573 -0.2843
vn -0.0451 0.9956 -0.0819
vn -0.0945 0.9945 -0.0448
vn -0.2162 0.9514 -0.2194
vn -0.3044 0.8923 -0.3333
vn -0.0408 0.9829 0.1798
vn -0.0570 0.9602 0.2734
vn -0.0517 0.9436 0.3269
vn -0.0199 0.9704 0.2406
vn 0.0001 0.9759 0.2181
vn -0.0244 0.9583 0.2847
vn -0.0451 0.9375 0.3450
vn -0.0394 0.9499 0.3100
vn -0.0171 0.9748 0.2226
vn 0.0040 0.9930 0.1184
vn 0.0090 0.9996 0.0281
vn 0.0132 0.9999 0.0057
vn 0.0069 1.0000 0.0005
vn 0.0321 0.9994 0.0091
vn 0.0254 0.9997 -0.0012
vn 0.0045 1.0000 0.0010
vn 0.0064 1.0000 0.0067
vn 0.0413 0.9989 0.0231
vn 0.0352 0.9993 -0.0099
vn 0.0193 0.9998 0.0022
vn 0.0478 0.9988 0.0128
vn 0.0528 0.9985 -0.0153
vn 0.0597 0.9981 0.0144
vn 0.0306 0.9995 0.0096
vn 0.0660 0.9977 -0.0125
vn 0.0195 0.9998 -0.0049
vn 0.0480 0.9988 0.0020
vn 0.0659 0.9978 0.0015
vn -0.0046 1.0000 -0.0037
vn -0.0027 1.0000 -0.0003
vn 0.0359 0.9991 0.0243
vn 0.0707 0.9975 0.0018
vn 0.0301 0.9994 -0.0154
vn 0.0163 0.9999 -0.0010
vn 0.0229 0.9997 -0.0036
vn 0.0370 0.9993 0.0020
vn 0.0410 0.9992 -0.0015
vn 0.0348 0.9994 -0.0076
vn 0.0176 0.9998 -0.0052
vn 0.0796 0.9965 0.0255
vn 0.0613 0.9981 0.0031
vn 0.0536 0.9986 -0.0021
vn 0.0504 0.9987 -0.0035
vn 0.0408 0.9992 -0.0022
vn -0.0058 0.9999 -0.0121
vn 0.0542 0.9984 0.0126
vn 0.0620 0.9981 -0.0009
vn 0.0653 0.9978 -0.0109
vn 0.0046 1.0000 0.0015
vn 0.0305 0.9995 0.0063
vn 0.0159 0.9999 0.0062
vn 0.0334 0.9994 -0.0090
vn 0.0492 0.9988 -0.0071
vn -0.0104 0.9999 0.0035
vn 0.0096 0.9999 -0.0042
vn 0.0104 0.9999 0.0036
vn 0.0549 0.9985 -0.0048
vn 0.0074 1.0000 -0.0014
vn 0.0248 0.9997 -0.0044
vn -0.0066 0.9999 -0.0117
vn 0.0159 0.9999 0.0053
vn -0.0007 1.0000 -0.0012
vn 0.0382 0.9993 0.0019
vn 0.0184 0.9998 0.0030
vn 0.0150 0.9997 -0.0173
vn 0.0144 0.9999 -0.0073
vn 0.0075 1.0000 -0.0005
vn 0.0221 0.9998 -0.0020
vn 0.0064 1.0000 -0.0055
vn 0.0040 0.9996 -0.0274
vn -0.0014 0.9941 -0.1081
vn -0.0056 0.9776 -0.2106
vn 0.0038 0.9558 -0.2939
vn 0.0079 0.9365 -0.3506
vn -0.0297 0.9305 -0.3650
vn -0.0665 0.9547 -0.2901
vn -0.0406 0.9959 -0.0809
vn -0.0419 0.9991 0.0013
vn -0.1399 0.9809 -0.1350
vn -0.2565 0.9309 -0.2601
vn -0.0457 0.9802 0.1924
vn -0.0504 0.9603 0.2742
vn -0.0145 0.9528 0.3034
vn 0.0359 0.9746 0.2212
vn 0.0528 0.9722 0.2283
vn 0.0084 0.9528 0.3036
vn -0.0367 0.9336 0.3564
vn -0.0403 0.9525 0.3019
vn -0.0175 0.9775 0.2101
vn -0.0002 0.9940 0.1091
vn 0.0030 0.9996 0.0277
vn 0.0033 1.0000 0.0015
vn 0.0113 0.9999 0.0019
vn 0.0090 1.0000 0.0005
vn 0.0160 0.9999 0.0040
vn 0.0174 0.9998 0.0044
vn 0.0131 0.9999 -0.0024
vn 0.0305 0.9995 0.0069
vn 0.0373 0.9993 0.0018
vn 0.0206 0.9998 0.0032
vn 0.0356 0.9994 0.0037
vn 0.0239 0.9997 -0.0071
vn 0.0099 0.9999 0.0065
vn 0.0434 0.9990 0.0124
vn 0.0388 0.9992 -0.0067
vn 0.0343 0.9994 -0.0044
vn 0.0332 0.9994 -0.0060
vn 0.0330 0.9994 0.0139
vn 0.0326 0.9994 0.0064
vn 0.0215 0.9998 0.0034
vn 0.0244 0.9997 -0.0089
vn 0.0470 0.9989 0.0011
vn 0.0354 0.9994 0.0034
vn 0.0321 0.9995 -0.0053
vn 0.0258 0.9997 -0.0009
vn 0.0266 0.9996 -0.0024
vn 0.0282 0.9996 -0.0004
vn 0.0267 0.9996 -0.0028
vn 0.0246 0.9997 -0.0033
vn 0.0252 0.9996 0.0083
vn 0.0422 0.9990 0.0111
vn 0.0384 0.9993 -0.0017
vn 0.0343 0.9994 -0.0029
vn 0.0342 0.9994 -0.0007
vn 0.0284 0.9996 0.0007
vn 0.0339 0.9994 -0.0053
vn 0.0319 0.9995 -0.0054
vn 0.0339 0.9994 0.0003
vn 0.0313 0.9995 0.0079
vn 0.0313 0.9995 0.0059
vn 0.0385 0.9992 -0.0042
vn 0.0471 0.9988 -0.0128
vn 0.0357 0.9993 0.0077
vn 0.0295 0.9995 0.0068
vn 0.0195 0.9998 -0.0079
vn 0.0445 0.9990 -0.0099
vn 0.0352 0.9994 0.0010
vn 0.0367 0.9993 0.0007
vn 0.0330 0.9995 -0.0012
vn 0.0170 0.9998 0.0044
vn 0.0162 0.9999 -0.0020
vn 0.0337 0.9994 -0.0066
vn 0.0207 0.9998 -0.0015
vn 0.0355 0.9994 -0.0029
vn 0.0258 0.9996 -0.0093
vn 0.0127 0.9999 -0.0010
vn 0.0072 1.0000 -0.0012
vn 0.0117 0.9999 -0.0018
vn 0.0042 1.0000 -0.0011
vn 0.0020 0.9997 -0.0247
vn -0.0021 0.9943 -0.1067
vn 0.0051 0.9764 -0.2160
vn 0.0302 0.9527 -0.3025
vn 0.0318 0.9391 -0.3422
vn -0.0190 0.9428 -0.3329
vn -0.0625 0.9528 -0.2970
vn -0.0087 0.9949 -0.1004
vn 0.0585 0.9983 -0.0010
vn 0.0359 0.9966 -0.0736
vn -0.0563 0.9865 -0.1536
vn -0.0709 0.9777 0.1976
vn -0.0678 0.9619 0.2650
vn -0.0339 0.9607 0.2756
vn 0.0195 0.9805 0.1957
vn 0.0495 0.9713 0.2326
vn 0.0149 0.9431 0.3322
vn -0.0211 0.9294 0.3684
vn -0.0229 0.9552 0.2951
vn -0.0075 0.9801 0.1985
vn 0.0011 0.9944 0.1061
vn 0.0001 0.9996 0.0274
vn 0.0002 1.0000 -0.0000
vn 0.0027 1.0000 0.0004
vn 0.0019 1.0000 0.0003
vn 0.0041 1.0000 0.0006
vn 0.0073 1.0000 0.0016
vn 0.0119 0.9999 0.0010
vn 0.0067 1.0000 0.0015
vn 0.0144 0.9999 0.0014
vn 0.0182 0.9998 0.0012
vn 0.0202 0.9998 0.0037
vn 0.0175 0.9998 -0.0005
vn 0.0119 0.9999 0.0018
vn 0.0285 0.9996 0.0027
vn 0.0242 0.9997 -0.0058
vn 0.0269 0.9996 -0.0040
vn 0.0088 1.0000 0.0021
vn 0.0182 0.9998 0.0069
vn 0.0335 0.9994 0.0043
vn 0.0365 0.9993 -0.0019
vn 0.0381 0.9993 0.0009
vn 0.0194 0.9998 0.0009
vn 0.0317 0.9995 -0.0009
vn 0.0196 0.9998 0.0038
vn 0.0263 0.9997 -0.0023
vn 0.0219 0.9998 -0.0029
vn 0.0221 0.9998 -0.0007
vn 0.0202 0.9998 -0.0020
vn 0.0181 0.9998 -0.0006
vn 0.0161 0.9999 -0.0020
vn 0.0330 0.9994 0.0037
vn 0.0335 0.9994 0.0033
vn 0.0325 0.9995 -0.0006
vn 0.0285 0.9996 0.0012
vn 0.0298 0.9996 0.0003
vn 0.0285 0.9996 -0.0048
vn 0.0206 0.9998 0.0001
vn 0.0189 0.9998 0.0023
vn 0.0165 0.9999 0.0009
vn 0.0331 0.9994 0.0034
vn 0.0327 0.9994 -0.0070
vn 0.0219 0.9997 -0.0060
vn 0.0168 0.9998 0.0069
vn 0.0314 0.9995 0.0057
vn 0.0345 0.9994 -0.0062
vn 0.0205 0.9998 -0.0041
vn 0.0050 1.0000 -0.0023
vn 0.0205 0.9998 -0.0000
vn 0.0085 1.0000 0.0029
vn 0.0219 0.9998 0.0016
vn 0.0269 0.9996 -0.0046
vn 0.0216 0.9998 -0.0032
vn 0.0120 0.9999 0.0003
vn 0.0154 0.9999 -0.0029
vn 0.0031 1.0000 -0.0005
vn 0.0037 1.0000 -0.0001
vn 0.0035 1.0000 -0.0008
vn 0.0019 1.0000 -0.0004
vn 0.0006 1.0000 -0.0000
vn 0.0001 0.9997 -0.0233
vn 0.0008 0.9941 -0.1086
vn 0.0111 0.9736 -0.2281
vn 0.0368 0.9491 -0.3128
vn 0.0388 0.9439 -0.3279
vn -0.0055 0.9527 -0.3037
vn -0.0488 0.9535 -0.2975
vn 0.0264 0.9870 -0.1587
vn 0.1517 0.9875 -0.0417
vn 0.1912 0.9802 -0.0513
vn 0.1440 0.9872 -0.0681
vn -0.1033 0.9748 0.1979
vn -0.1009 0.9621 0.2534
vn -0.0795 0.9632 0.2567
vn -0.0513 0.9839 0.1712
vn -0.0283 0.9737 0.2261
vn -0.0158 0.9382 0.3457
vn -0.0018 0.9303 0.3668
vn 0.0102 0.9564 0.2918
vn 0.0084 0.9806 0.1959
vn 0.0024 0.9943 0.1062
vn 0.0002 0.9996 0.0279
vn 0.0002 1.0000 0.0001
vn 0.0005 1.0000 -0.0000
vn 0.0004 1.0000 -0.0000
vn 0.0026 1.0000 0.0006
vn 0.0035 1.0000 0.0002
vn 0.0049 1.0000 -0.0002
vn 0.0021 1.0000 0.0003
vn 0.0076 1.0000 0.0017
vn 0.0095 1.0000 0.0007
vn 0.0103 0.9999 -0.0001
vn 0.0126 0.9999 0.0002
vn 0.0092 1.0000 -0.0005
vn 0.0030 1.0000 -0.0007
vn 0.0068 1.0000 0.0004
vn 0.0065 1.0000 0.0011
vn 0.0141 0.9999 0.0011
vn 0.0081 1.0000 0.0005
vn 0.0119 0.9999 0.0011
vn 0.0179 0.9998 0.0004
vn 0.0141 0.9999 -0.0002
vn 0.0171 0.9999 -0.0008
vn 0.0196 0.9998 -0.0012
vn 0.0122 0.9999 0.0010
vn 0.0133 0.9999 -0.0003
vn 0.0104 0.9999 -0.0007
vn 0.0120 0.9999 -0.0005
vn 0.0086 1.0000 0.0006
vn 0.0083 1.0000 0.0002
vn 0.0089 1.0000 0.0001
vn 0.0133 0.9999 0.0002
vn 0.0106 0.9999 0.0004
vn 0.0154 0.9999 -0.0000
vn 0.0101 0.9999 -0.0008
vn 0.0115 0.9999 -0.0002
vn 0.0113 0.9999 0.0004
vn 0.0159 0.9999 0.0008
vn 0.0152 0.9999 -0.0001
vn 0.0145 0.9999 -0.0024
vn 0.0038 1.0000 -0.0005
vn 0.0072 1.0000 0.0014
vn 0.0151 0.9999 0.0005
vn 0.0118 0.9999 -0.0014
vn 0.0095 1.0000 -0.0001
vn 0.0106 0.9999 -0.0010
vn 0.0059 1.0000 -0.0002
vn 0.0091 1.0000 0.0007
vn 0.0098 1.0000 -0.0012
vn 0.0050 1.0000 -0.0011
vn 0.0017 1.0000 -0.0002
vn 0.0038 1.0000 -0.0000
vn 0.0020 1.0000 -0.0003
vn 0.0011 1.0000 -0.0000
vn 0.0010 1.0000 -0.0000
vn 0.0003 1.0000 -0.0002
vn -0.0000 0.9997 -0.0233
vn -0.0000 0.9938 -0.1107
vn 0.0034 0.9711 -0.2386
vn 0.0164 0.9473 -0.3199
vn 0.0191 0.9484 -0.3166
vn 0.0048 0.9574 -0.2887
vn -0.0010 0.9532 -0.3024
vn 0.0780 0.9690 -0.2343
vn 0.2181 0.9699 -0.1081
vn 0.3107 0.9484 -0.0627
vn 0.3161 0.9471 -0.0548
vn -0.1220 0.9725 0.1985
vn -0.1235 0.9601 0.2510
vn -0.1185 0.9618 0.2469
vn -0.1026 0.9811 0.1639
vn -0.0742 0.9738 0.2151
vn -0.0274 0.9408 0.3378
vn 0.0121 0.9348 0.3550
vn 0.0285 0.9561 0.2917
vn 0.0231 0.9794 0.2007
vn 0.0072 0.9941 0.1086
vn 0.0007 0.9996 0.0285
vn 0.0001 1.0000 -0.0000
vn 0.0006 1.0000 0.0001
vn 0.0017 1.0000 0.0003
vn 0.0024 1.0000 0.0001
vn 0.0036 1.0000 -0.0001
vn 0.0021 1.0000 -0.0000
vn 0.0047 1.0000 0.0006
vn 0.0054 1.0000 -0.0005
vn 0.0029 1.0000 -0.0000
vn 0.0040 1.0000 0.0003
vn 0.0067 1.0000 0.0006
vn 0.0082 1.0000 0.0002
vn 0.0091 1.0000 0.0002
vn 0.0091 1.0000 -0.0000
vn 0.0098 1.0000 -0.0001
vn 0.0079 1.0000 -0.0009
vn 0.0044 1.0000 -0.0000
vn 0.0071 1.0000 0.0007
vn 0.0077 1.0000 -0.0000
vn 0.0073 1.0000 -0.0004
vn 0.0055 1.0000 -0.0000
vn 0.0062 1.0000 0.0002
vn 0.0077 1.0000 0.0003
vn 0.0078 1.0000 -0.0000
vn 0.0076 1.0000 -0.0000
vn 0.0088 1.0000 0.0001
vn 0.0080 1.0000 -0.0003
vn 0.0064 1.0000 -0.0002
vn 0.0058 1.0000 -0.0000
vn 0.0073 1.0000 -0.0000
vn 0.0057 1.0000 -0.0000
vn 0.0069 1.0000 -0.0001
vn 0.0052 1.0000 -0.0000
vn 0.0054 1.0000 -0.0000
vn 0.0066 1.0000 -0.0003
vn 0.0039 1.0000 -0.0002
vn 0.0032 1.0000 -0.0000
vn 0.0034 1.0000 -0.0002
vn 0.0022 1.0000 -0.0000
vn 0.0025 1.0000 -0.0000
vn 0.0008 1.0000 -0.0000
vn 0.0004 1.0000 -0.0001
vn -0.0000 0.9997 -0.0231
vn -0.0008 0.9939 -0.1101
vn -0.0059 0.9705 -0.2410
vn -0.0027 0.9469 -0.3216
vn 0.0058 0.9491 -0.3149
vn 0.0108 0.9569 -0.2902
vn 0.0276 0.9487 -0.3149
vn 0.1149 0.9542 -0.2763
vn 0.2611 0.9523 -0.1579
vn 0.3637 0.9274 -0.0877
vn 0.3849 0.9206 -0.0661
vt -48.412697 -100.000000
vt -50.000000 -97.468353
vt -50.000000 -100.000000
vt -48.412697 -97.468353
vt -50.000000 -94.936707
vt -48.412697 -92.405067
vt -48.412697 -94.936707
vt -48.412697 -89.873421
vt -50.000000 -92.405067
vt -48.412697 -87.341774
vt -50.000000 -89.873421
vt -50.000000 -84.810127
vt -50.000000 -87.341774
vt -48.412697 -84.810127
vt -50.000000 -82.278481
vt -48.412697 -82.278481
vt -50.000000 -79.746841
vt -48.412697 -79.746841
vt -50.000000 -77.215195
vt -48.412697 -77.215195
vt -50.000000 -74.683548
vt -48.412697 -72.151901
vt -48.412697 -74.683548
vt -48.412697 -69.620255
vt -50.000000 -72.151901
vt -48.412697 -67.088608
vt -50.000000 -69.620255
vt -48.412697 -64.556961
vt -50.000000 -67.088608
vt -48.412697 -62.025318
vt -50.000000 -64.556961
vt -48.412697 -59.493671
vt -50.000000 -62.025318
vt -48.412697 -56.962025
vt -50.000000 -59.493671
vt -50.000000 -54.430378
vt -50.000000 -56.962025
vt -48.412697 -51.898735
vt -48.412697 -54.430378
vt -48.412697 -49.367088
vt -50.000000 -51.898735
vt -50.000000 -46.835442
vt -50.000000 -49.367088
vt -48.412697 -44.303795
vt -48.412697 -46.835442
vt -50.000000 -41.772152
vt -50.000000 -44.303795
vt -48.412697 -41.772152
vt -50.000000 -39.240505
vt -48.412697 -36.708858
vt -48.412697 -39.240505
vt -48.412697 -34.177216
vt -50.000000 -36.708858
vt -50.000000 -31.645569
vt -50.000000 -34.177216
vt -48.412697 -29.113926
vt -48.412697 -31.645569
vt -50.000000 -26.582279
vt -50.000000 -29.113926
vt -48.412697 -24.050632
vt -48.412697 -26.582279
vt -48.412697 -21.518988
vt -50.000000 -24.050632
vt -50.000000 -18.987341
vt -50.000000 -21.518988
vt -48.412697 -16.455696
vt -48.412697 -18.987341
vt -48.412697 -13.924051
vt -50.000000 -16.455696
vt -50.000000 -11.392405
vt -50.000000 -13.924051
vt -48.412697 -8.860760
vt -48.412697 -11.392405
vt -48.412697 -6.329114
vt -50.000000 -8.860760
vt -50.000000 -3.797468
vt -50.000000 -6.329114
vt -48.412697 -3.797468
vt -50.000000 -1.265823
vt -48.412697 1.265823
vt -48.412697 -1.265823
vt -48.412697 3.797468
vt -50.000000 1.265823
vt -50.000000 6.329114
vt -50.000000 3.797468
vt -48.412697 8.860760
vt -48.412697 6.329114
vt -50.000000 11.392405
vt -50.000000 8.860760
vt -48.412697 11.392405
vt -50.000000 13.924051
vt -48.412697 16.455696
vt -48.412697 13.924051
vt -48.412697 18.987341
vt -50.000000 16.455696
vt -50.000000 21.518988
vt -50.000000 18.987341
vt -48.412697 21.518988
vt -50.000000 24.050632
vt -48.412697 26.582279
vt -48.412697 24.050632
vt -50.000000 29.113926
vt -50.000000 26.582279
vt -48.412697 31.645569
vt -48.412697 29.113926
vt -50.000000 34.177216
vt -50.000000 31.645569
vt -48.412697 34.177216
vt -50.000000 36.708858
vt -48.412697 39.240505
vt -48.412697 36.708858
vt -50.000000 41.772152
vt -50.000000 39.240505
vt -48.412697 41.772152
vt -50.000000 44.303795
vt -48.412697 46.835442
vt -48.412697 44.303795
vt -48.412697 49.367088
vt -50.000000 46.835442
vt -48.412697 51.898735
vt -50.000000 49.367088
vt -48.412697 54.430378
vt -50.000000 51.898735
vt -48.412697 56.962025
vt -50.000000 54.430378
vt -48.412697 59.493671
vt -50.000000 56.962025
vt -48.412697 62.025318
vt -50.000000 59.493671
vt -48.412697 64.556961
vt -50.000000 62.025318
vt -48.412697 67.088608
vt -50.000000 64.556961
vt -48.412697 69.620255
vt -50.000000 67.088608
vt -48.412697 72.151901
vt -50.000000 69.620255
vt -48.412697 74.683548
vt -50.000000 72.151901
vt -50.000000 77.215195
vt -50.000000 74.683548
vt -48.412697 77.215195
vt -50.000000 79.746841
vt -48.412697 79.746841
vt -50.000000 82.278481
vt -48.412697 84.810127
vt -48.412697 82.278481
vt -48.412697 87.341774
vt -50.000000 84.810127
vt -48.412697 89.873421
vt -50.000000 87.341774
vt -48.412697 92.405067
vt -50.000000 89.873421
vt -48.412697 94.936707
vt -50.000000 92.405067
vt -50.000000 97.468353
vt -50.000000 94.936707
vt -48.412697 100.000000
vt -48.412697 97.468353
vt -46.825397 -100.000000
vt -46.825397 -94.936707
vt -46.825397 -97.468353
vt -46.825397 -89.873421
vt -46.825397 -92.405067
vt -46.825397 -87.341774
vt -46.825397 -84.810127
vt -46.825397 -82.278481
vt -46.825397 -79.746841
vt -46.825397 -77.215195
vt -46.825397 -72.151901
vt -46.825397 -74.683548
vt -46.825397 -69.620255
vt -46.825397 -67.088608
vt -46.825397 -64.556961
vt -46.825397 -62.025318
vt -46.825397 -56.962025
vt -46.825397 -59.493671
vt -46.825397 -51.898735
vt -46.825397 -54.430378
vt -46.825397 -49.367088
vt -46.825397 -44.303795
vt -46.825397 -46.835442
vt -46.825397 -41.772152
vt -46.825397 -39.240505
vt -46.825397 -34.177216
vt -46.825397 -36.708858
vt -46.825397 -31.645569
vt -46.825397 -29.113926
vt -46.825397 -26.582279
vt -46.825397 -21.518988
vt -46.825397 -24.050632
vt -46.825397 -18.987341
vt -46.825397 -13.924051
vt -46.825397 -16.455696
vt -46.825397 -8.860760
vt -46.825397 -11.392405
vt -46.825397 -6.329114
vt -46.825397 -3.797468
vt -46.825397 1.265823
vt -46.825397 -1.265823
vt -46.825397 3.797468
vt -46.825397 8.860760
vt -46.825397 6.329114
vt -46.825397 11.392405
vt -46.825397 16.455696
vt -46.825397 13.924051
vt -46.825397 21.518988
vt -46.825397 18.987341
vt -46.825397 24.050632
vt -46.825397 26.582279
vt -46.825397 31.645569
vt -46.825397 29.113926
vt -46.825397 34.177216
vt -46.825397 39.240505
vt -46.825397 36.708858
vt -46.825397 41.772152
vt -46.825397 46.835442
vt -46.825397 44.303795
vt -46.825397 51.898735
vt -46.825397 49.367088
vt -46.825397 56.962025
vt -46.825397 54.430378
vt -46.825397 62.025318
vt -46.825397 59.493671
vt -46.825397 64.556961
vt -46.825397 69.620255
vt -46.825397 67.088608
vt -46.825397 72.151901
vt -46.825397 74.683548
vt -46.825397 77.215195
vt -46.825397 79.746841
vt -46.825397 82.278481
vt -46.825397 84.810127
vt -46.825397 87.341774
vt -46.825397 89.873421
vt -46.825397 92.405067
vt -46.825397 94.936707
vt -46.825397 100.000000
vt -46.825397 97.468353
vt -45.238094 -100.000000
vt -45.238094 -97.468353
vt -45.238094 -94.936707
vt -45.238094 -89.873421
vt -45.238094 -92.405067
vt -45.238094 -87.341774
vt -45.238094 -84.810127
vt -45.238094 -82.278481
vt -45.238094 -79.746841
vt -45.238094 -77.215195
vt -45.238094 -74.683548
vt -45.238094 -72.151901
vt -45.238094 -69.620255
vt -45.238094 -67.088608
vt -45.238094 -62.025318
vt -45.238094 -64.556961
vt -45.238094 -56.962025
vt -45.238094 -59.493671
vt -45.238094 -51.898735
vt -45.238094 -54.430378
vt -45.238094 -49.367088
vt -45.238094 -46.835442
vt -45.238094 -41.772152
vt -45.238094 -44.303795
vt -45.238094 -36.708858
vt -45.238094 -39.240505
vt -45.238094 -31.645569
vt -45.238094 -34.177216
vt -45.238094 -29.113926
vt -45.238094 -24.050632
vt -45.238094 -26.582279
vt -45.238094 -21.518988
vt -45.238094 -16.455696
vt -45.238094 -18.987341
vt -45.238094 -13.924051
vt -45.238094 -8.860760
vt -45.238094 -11.392405
vt -45.238094 -6.329114
vt -45.238094 -3.797468
vt -45.238094 -1.265823
vt -45.238094 3.797468
vt -45.238094 1.265823
vt -45.238094 8.860760
vt -45.238094 6.329114
vt -45.238094 11.392405
vt -45.238094 13.924051
vt -45.238094 16.455696
vt -45.238094 18.987341
vt -45.238094 21.518988
vt -45.238094 26.582279
vt -45.238094 24.050632
vt -45.238094 29.113926
vt -45.238094 31.645569
vt -45.238094 36.708858
vt -45.238094 34.177216
vt -45.238094 39.240505
vt -45.238094 44.303795
vt -45.238094 41.772152
vt -45.238094 46.835442
vt -45.238094 51.898735
vt -45.238094 49.367088
vt -45.238094 56.962025
vt -45.238094 54.430378
vt -45.238094 59.493671
vt -45.238094 62.025318
vt -45.238094 67.088608
vt -45.238094 64.556961
vt -45.238094 72.151901
vt -45.238094 69.620255
vt -45.238094 74.683548
vt -45.238094 77.215195
vt -45.238094 79.746841
vt -45.238094 82.278481
vt -45.238094 84.810127
vt -45.238094 87.341774
vt -45.238094 89.873421
vt -45.238094 92.405067
vt -45.238094 94.936707
vt -45.238094 97.468353
vt -43.650795 -100.000000
vt -43.650795 -97.468353
vt -43.650795 -92.405067
vt -43.650795 -94.936707
vt -43.650795 -89.873421
vt -43.650795 -87.341774
vt -43.650795 -84.810127
vt -43.650795 -82.278481
vt -43.650795 -77.215195
vt -43.650795 -79.746841
vt -43.650795 -74.683548
vt -43.650795 -69.620255
vt -43.650795 -72.151901
vt -43.650795 -67.088608
vt -43.650795 -62.025318
vt -43.650795 -64.556961
vt -43.650795 -56.962025
vt -43.650795 -59.493671
vt -43.650795 -51.898735
vt -43.650795 -54.430378
vt -43.650795 -46.835442
vt -43.650795 -49.367088
vt -43.650795 -44.303795
vt -43.650795 -39.240505
vt -43.650795 -41.772152
vt -43.650795 -36.708858
vt -43.650795 -34.177216
vt -43.650795 -29.113926
vt -43.650795 -31.645569
vt -43.650795 -26.582279
vt -43.650795 -21.518988
vt -43.650795 -24.050632
vt -43.650795 -18.987341
vt -43.650795 -16.455696
vt -43.650795 -13.924051
vt -43.650795 -11.392405
vt -43.650795 -6.329114
vt -43.650795 -8.860760
vt -43.650795 -3.797468
vt -43.650795 -1.265823
vt -43.650795 3.797468
vt -43.650795 1.265823
vt -43.650795 8.860760
vt -43.650795 6.329114
vt -43.650795 11.392405
vt -43.650795 13.924051
vt -43.650795 16.455696
vt -43.650795 21.518988
vt -43.650795 18.987341
vt -43.650795 26.582279
vt -43.650795 24.050632
vt -43.650795 29.113926
vt -43.650795 31.645569
vt -43.650795 36.708858
vt -43.650795 34.177216
vt -43.650795 39.240505
vt -43.650795 41.772152
vt -43.650795 46.835442
vt -43.650795 44.303795
vt -43.650795 51.898735
vt -43.650795 49.367088
vt -43.650795 54.430378
vt -43.650795 59.493671
vt -43.650795 56.962025
vt -43.650795 62.025318
vt -43.650795 67.088608
vt -43.650795 64.556961
vt -43.650795 72.151901
vt -43.650795 69.620255
vt -43.650795 74.683548
vt -43.650795 77.215195
vt -43.650795 79.746841
vt -43.650795 82.278481
vt -43.650795 84.810127
vt -43.650795 87.341774
vt -43.650795 89.873421
vt -43.650795 92.405067
vt -43.650795 94.936707
vt -43.650795 97.468353
vt -45.238094 100.000000
vt -42.063492 -100.000000
vt -42.063492 -97.468353
vt -42.063492 -92.405067
vt -42.063492 -94.936707
vt -42.063492 -89.873421
vt -42.063492 -87.341774
vt -42.063492 -84.810127
vt -42.063492 -79.746841
vt -42.063492 -82.278481
vt -42.063492 -77.215195
vt -42.063492 -74.683548
vt -42.063492 -69.620255
vt -42.063492 -72.151901
vt -42.063492 -67.088608
vt -42.063492 -62.025318
vt -42.063492 -64.556961
vt -42.063492 -56.962025
vt -42.063492 -59.493671
vt -42.063492 -51.898735
vt -42.063492 -54.430378
vt -42.063492 -49.367088
vt -42.063492 -46.835442
vt -42.063492 -44.303795
vt -42.063492 -39.240505
vt -42.063492 -41.772152
vt -42.063492 -36.708858
vt -42.063492 -34.177216
vt -42.063492 -31.645569
vt -42.063492 -26.582279
vt -42.063492 -29.113926
vt -42.063492 -21.518988
vt -42.063492 -24.050632
vt -42.063492 -18.987341
vt -42.063492 -13.924051
vt -42.063492 -16.455696
vt -42.063492 -8.860760
vt -42.063492 -11.392405
vt -42.063492 -6.329114
vt -42.063492 -1.265823
vt -42.063492 -3.797468
vt -42.063492 3.797468
vt -42.063492 1.265823
vt -42.063492 8.860760
vt -42.063492 6.329114
vt -42.063492 11.392405
vt -42.063492 16.455696
vt -42.063492 13.924051
vt -42.063492 18.987341
vt -42.063492 24.050632
vt -42.063492 21.518988
vt -42.063492 26.582279
vt -42.063492 31.645569
vt -42.063492 29.113926
vt -42.063492 34.177216
vt -42.063492 39.240505
vt -42.063492 36.708858
vt -42.063492 41.772152
vt -42.063492 44.303795
vt -42.063492 46.835442
vt -42.063492 51.898735
vt -42.063492 49.367088
vt -42.063492 54.430378
vt -42.063492 59.493671
vt -42.063492 56.962025
vt -42.063492 62.025318
vt -42.063492 64.556961
vt -42.063492 67.088608
vt -42.063492 72.151901
vt -42.063492 69.620255
vt -42.063492 74.683548
vt -42.063492 77.215195
vt -42.063492 79.746841
vt -42.063492 82.278481
vt -42.063492 84.810127
vt -42.063492 87.341774
vt -42.063492 89.873421
vt -42.063492 92.405067
vt -42.063492 94.936707
vt -42.063492 100.000000
vt -42.063492 97.468353
vt -40.476189 -100.000000
vt -40.476189 -97.468353
vt -40.476189 -92.405067
vt -40.476189 -94.936707
vt -40.476189 -89.873421
vt -40.476189 -84.810127
vt -40.476189 -87.341774
vt -40.476189 -82.278481
vt -40.476189 -79.746841
vt -40.476189 -77.215195
vt -40.476189 -74.683548
vt -40.476189 -72.151901
vt -40.476189 -69.620255
vt -40.476189 -67.088608
vt -40.476189 -64.556961
vt -40.476189 -59.493671
vt -40.476189 -62.025318
vt -40.476189 -56.962025
vt -40.476189 -51.898735
vt -40.476189 -54.430378
vt -40.476189 -49.367088
vt -40.476189 -44.303795
vt -40.476189 -46.835442
vt -40.476189 -41.772152
vt -40.476189 -36.708858
vt -40.476189 -39.240505
vt -40.476189 -31.645569
vt -40.476189 -34.177216
vt -40.476189 -26.582279
vt -40.476189 -29.113926
vt -40.476189 -24.050632
vt -40.476189 -18.987341
vt -40.476189 -21.518988
vt -40.476189 -16.455696
vt -40.476189 -11.392405
vt -40.476189 -13.924051
vt -40.476189 -8.860760
vt -40.476189 -3.797468
vt -40.476189 -6.329114
vt -40.476189 -1.265823
vt -40.476189 1.265823
vt -40.476189 3.797468
vt -40.476189 6.329114
vt -40.476189 8.860760
vt -40.476189 11.392405
vt -40.476189 16.455696
vt -40.476189 13.924051
vt -40.476189 21.518988
vt -40.476189 18.987341
vt -40.476189 24.050632
vt -40.476189 29.113926
vt -40.476189 26.582279
vt -40.476189 31.645569
vt -40.476189 36.708858
vt -40.476189 34.177216
vt -40.476189 41.772152
vt -40.476189 39.240505
vt -40.476189 44.303795
vt -40.476189 49.367088
vt -40.476189 46.835442
vt -40.476189 54.430378
vt -40.476189 51.898735
vt -40.476189 56.962025
vt -40.476189 59.493671
vt -40.476189 64.556961
vt -40.476189 62.025318
vt -40.476189 69.620255
vt -40.476189 67.088608
vt -40.476189 72.151901
vt -40.476189 74.683548
vt -40.476189 79.746841
vt -40.476189 77.215195
vt -40.476189 82.278481
vt -40.476189 84.810127
vt -40.476189 87.341774
vt -40.476189 89.873421
vt -40.476189 92.405067
vt -40.476189 94.936707
vt -40.476189 100.000000
vt -40.476189 97.468353
vt -38.888889 -100.000000
vt -38.888889 -94.936707
vt -38.888889 -97.468353
vt -38.888889 -92.405067
vt -38.888889 -89.873421
vt -38.888889 -87.341774
vt -38.888889 -84.810127
vt -38.888889 -82.278481
vt -38.888889 -79.746841
vt -38.888889 -77.215195
vt -38.888889 -74.683548
vt -38.888889 -72.151901
vt -38.888889 -67.088608
vt -38.888889 -69.620255
vt -38.888889 -64.556961
vt -38.888889 -62.025318
vt -38.888889 -59.493671
vt -38.888889 -54.430378
vt -38.888889 -56.962025
vt -38.888889 -51.898735
vt -38.888889 -49.367088
vt -38.888889 -44.303795
vt -38.888889 -46.835442
vt -38.888889 -41.772152
vt -38.888889 -36.708858
vt -38.888889 -39.240505
vt -38.888889 -31.645569
vt -38.888889 -34.177216
vt -38.888889 -26.582279
vt -38.888889 -29.113926
vt -38.888889 -24.050632
vt -38.888889 -18.987341
vt -38.888889 -21.518988
vt -38.888889 -13.924051
vt -38.888889 -16.455696
vt -38.888889 -11.392405
vt -38.888889 -8.860760
vt -38.888889 -6.329114
vt -38.888889 -1.265823
vt -38.888889 -3.797468
vt -38.888889 1.265823
vt -38.888889 6.329114
vt -38.888889 3.797468
vt -38.888889 11.392405
vt -38.888889 8.860760
vt -38.888889 13.924051
vt -38.888889 18.987341
vt -38.888889 16.455696
vt -38.888889 21.518988
vt -38.888889 24.050632
vt -38.888889 29.113926
vt -38.888889 26.582279
vt -38.888889 31.645569
vt -38.888889 34.177216
vt -38.888889 39.240505
vt -38.888889 36.708858
vt -38.888889 44.303795
vt -38.888889 41.772152
vt -38.888889 46.835442
vt -38.888889 49.367088
vt -38.888889 54.430378
vt -38.888889 51.898735
vt -38.888889 59.493671
vt -38.888889 56.962025
vt -38.888889 64.556961
vt -38.888889 62.025318
vt -38.888889 67.088608
vt -38.888889 69.620255
vt -38.888889 72.151901
vt -38.888889 74.683548
vt -38.888889 77.215195
vt -38.888889 79.746841
vt -38.888889 82.278481
vt -38.888889 84.810127
vt -38.888889 87.341774
vt -38.888889 89.873421
vt -38.888889 92.405067
vt -38.888889 94.936707
vt -38.888889 100.000000
vt -38.888889 97.468353
vt -37.301586 -100.000000
vt -37.301586 -94.936707
vt -37.301586 -97.468353
vt -37.301586 -92.405067
vt -37.301586 -89.873421
vt -37.301586 -87.341774
vt -37.301586 -84.810127
vt -37.301586 -82.278481
vt -37.301586 -79.746841
vt -37.301586 -77.215195
vt -37.301586 -72.151901
vt -37.301586 -74.683548
vt -37.301586 -69.620255
vt -37.301586 -67.088608
vt -37.301586 -62.025318
vt -37.301586 -64.556961
vt -37.301586 -59.493671
vt -37.301586 -56.962025
vt -37.301586 -54.430378
vt -37.301586 -51.898735
vt -37.301586 -49.367088
vt -37.301586 -46.835442
vt -37.301586 -41.772152
vt -37.301586 -44.303795
vt -37.301586 -39.240505
vt -37.301586 -36.708858
vt -37.301586 -31.645569
vt -37.301586 -34.177216
vt -37.301586 -26.582279
vt -37.301586 -29.113926
vt -37.301586 -24.050632
vt -37.301586 -18.987341
vt -37.301586 -21.518988
vt -37.301586 -16.455696
vt -37.301586 -13.924051
vt -37.301586 -11.392405
vt -37.301586 -6.329114
vt -37.301586 -8.860760
vt -37.301586 -3.797468
vt -37.301586 -1.265823
vt -37.301586 3.797468
vt -37.301586 1.265823
vt -37.301586 6.329114
vt -37.301586 8.860760
vt -37.301586 13.924051
vt -37.301586 11.392405
vt -37.301586 18.987341
vt -37.301586 16.455696
vt -37.301586 21.518988
vt -37.301586 26.582279
vt -37.301586 24.050632
vt -37.301586 29.113926
vt -37.301586 34.177216
vt -37.301586 31.645569
vt -37.301586 36.708858
vt -37.301586 41.772152
vt -37.301586 39.240505
vt -37.301586 44.303795
vt -37.301586 49.367088
vt -37.301586 46.835442
vt -37.301586 51.898735
vt -37.301586 56.962025
vt -37.301586 54.430378
vt -37.301586 59.493671
vt -37.301586 62.025318
vt -37.301586 67.088608
vt -37.301586 64.556961
vt -37.301586 69.620255
vt -37.301586 72.151901
vt -37.301586 77.215195
vt -37.301586 74.683548
vt -37.301586 79.746841
vt -37.301586 82.278481
vt -37.301586 84.810127
vt -37.301586 87.341774
vt -37.301586 89.873421
vt -37.301586 92.405067
vt -37.301586 94.936707
vt -37.301586 100.000000
vt -37.301586 97.468353
vt -35.714287 -100.000000
vt -35.714287 -94.936707
vt -35.714287 -97.468353
vt -35.714287 -92.405067
vt -35.714287 -89.873421
vt -35.714287 -87.341774
vt -35.714287 -84.810127
vt -35.714287 -82.278481
vt -35.714287 -79.746841
vt -35.714287 -77.215195
vt -35.714287 -72.151901
vt -35.714287 -74.683548
vt -35.714287 -69.620255
vt -35.714287 -67.088608
vt -35.714287 -64.556961
vt -35.714287 -59.493671
vt -35.714287 -62.025318
vt -35.714287 -56.962025
vt -35.714287 -54.430378
vt -35.714287 -51.898735
vt -35.714287 -46.835442
vt -35.714287 -49.367088
vt -35.714287 -44.303795
vt -35.714287 -41.772152
vt -35.714287 -39.240505
vt -35.714287 -34.177216
vt -35.714287 -36.708858
vt -35.714287 -31.645569
vt -35.714287 -26.582279
vt -35.714287 -29.113926
vt -35.714287 -24.050632
vt -35.714287 -21.518988
vt -35.714287 -16.455696
vt -35.714287 -18.987341
vt -35.714287 -13.924051
vt -35.714287 -11.392405
vt -35.714287 -6.329114
vt -35.714287 -8.860760
vt -35.714287 -1.265823
vt -35.714287 -3.797468
vt -35.714287 1.265823
vt -35.714287 6.329114
vt -35.714287 3.797468
vt -35.714287 8.860760
vt -35.714287 13.924051
vt -35.714287 11.392405
vt -35.714287 18.987341
vt -35.714287 16.455696
vt -35.714287 21.518988
vt -35.714287 24.050632
vt -35.714287 29.113926
vt -35.714287 26.582279
vt -35.714287 31.645569
vt -35.714287 36.708858
vt -35.714287 34.177216
vt -35.714287 39.240505
vt -35.714287 41.772152
vt -35.714287 44.303795
vt -35.714287 49.367088
vt -35.714287 46.835442
vt -35.714287 51.898735
vt -35.714287 54.430378
vt -35.714287 56.962025
vt -35.714287 62.025318
vt -35.714287 59.493671
vt -35.714287 64.556961
vt -35.714287 67.088608
vt -35.714287 72.151901
vt -35.714287 69.620255
vt -35.714287 77.215195
vt -35.714287 74.683548
vt -35.714287 79.746841
vt -35.714287 84.810127
vt -35.714287 82.278481
vt -35.714287 87.341774
vt -35.714287 89.873421
vt -35.714287 92.405067
vt -35.714287 94.936707
vt -35.714287 100.000000
vt -35.714287 97.468353
vt -34.126984 -100.000000
vt -34.126984 -94.936707
vt -34.126984 -97.468353
vt -34.126984 -92.405067
vt -34.126984 -89.873421
vt -34.126984 -87.341774
vt -34.126984 -84.810127
vt -34.126984 -82.278481
vt -34.126984 -79.746841
vt -34.126984 -77.215195
vt -34.126984 -74.683548
vt -34.126984 -72.151901
vt -34.126984 -69.620255
vt -34.126984 -67.088608
vt -34.126984 -64.556961
vt -34.126984 -62.025318
vt -34.126984 -59.493671
vt -34.126984 -56.962025
vt -34.126984 -51.898735
vt -34.126984 -54.430378
vt -34.126984 -49.367088
vt -34.126984 -46.835442
vt -34.126984 -41.772152
vt -34.126984 -44.303795
vt -34.126984 -39.240505
vt -34.126984 -36.708858
vt -34.126984 -34.177216
vt -34.126984 -31.645569
vt -34.126984 -29.113926
vt -34.126984 -24.050632
vt -34.126984 -26.582279
vt -34.126984 -21.518988
vt -34.126984 -18.987341
vt -34.126984 -13.924051
vt -34.126984 -16.455696
vt -34.126984 -8.860760
vt -34.126984 -11.392405
vt -34.126984 -3.797468
vt -34.126984 -6.329114
vt -34.126984 -1.265823
vt -34.126984 1.265823
vt -34.126984 3.797468
vt -34.126984 8.860760
vt -34.126984 6.329114
vt -34.126984 11.392405
vt -34.126984 13.924051
vt -34.126984 18.987341
vt -34.126984 16.455696
vt -34.126984 21.518988
vt -34.126984 26.582279
vt -34.126984 24.050632
vt -34.126984 31.645569
vt -34.126984 29.113926
vt -34.126984 34.177216
vt -34.126984 39.240505
vt -34.126984 36.708858
vt -34.126984 44.303795
vt -34.126984 41.772152
vt -34.126984 46.835442
vt -34.126984 51.898735
vt -34.126984 49.367088
vt -34.126984 54.430378
vt -34.126984 56.962025
vt -34.126984 62.025318
vt -34.126984 59.493671
vt -34.126984 64.556961
vt -34.126984 69.620255
vt -34.126984 67.088608
vt -34.126984 72.151901
vt -34.126984 74.683548
vt -34.126984 77.215195
vt -34.126984 79.746841
vt -34.126984 82.278481
vt -34.126984 84.810127
vt -34.126984 87.341774
vt -34.126984 89.873421
vt -34.126984 94.936707
vt -34.126984 92.405067
vt -34.126984 97.468353
vt -34.126984 100.000000
vt -32.539680 -97.468353
vt -32.539680 -100.000000
vt -32.539680 -94.936707
vt -32.539680 -89.873421
vt -32.539680 -92.405067
vt -32.539680 -87.341774
vt -32.539680 -84.810127
vt -32.539680 -82.278481
vt -32.539680 -79.746841
vt -32.539680 -77.215195
vt -32.539680 -74.683548
vt -32.539680 -72.151901
vt -32.539680 -69.620255
vt -32.539680 -67.088608
vt -32.539680 -62.025318
vt -32.539680 -64.556961
vt -32.539680 -56.962025
vt -32.539680 -59.493671
vt -32.539680 -54.430378
vt -32.539680 -49.367088
vt -32.539680 -51.898735
vt -32.539680 -46.835442
vt -32.539680 -44.303795
vt -32.539680 -41.772152
vt -32.539680 -39.240505
vt -32.539680 -36.708858
vt -32.539680 -34.177216
vt -32.539680 -29.113926
vt -32.539680 -31.645569
vt -32.539680 -24.050632
vt -32.539680 -26.582279
vt -32.539680 -21.518988
vt -32.539680 -16.455696
vt -32.539680 -18.987341
vt -32.539680 -13.924051
vt -32.539680 -11.392405
vt -32.539680 -8.860760
vt -32.539680 -6.329114
vt -32.539680 -3.797468
vt -32.539680 1.265823
vt -32.539680 -1.265823
vt -32.539680 3.797468
vt -32.539680 8.860760
vt -32.539680 6.329114
vt -32.539680 11.392405
vt -32.539680 13.924051
vt -32.539680 16.455696
vt -32.539680 18.987341
vt -32.539680 24.050632
vt -32.539680 21.518988
vt -32.539680 26.582279
vt -32.539680 31.645569
vt -32.539680 29.113926
vt -32.539680 34.177216
vt -32.539680 39.240505
vt -32.539680 36.708858
vt -32.539680 41.772152
vt -32.539680 46.835442
vt -32.539680 44.303795
vt -32.539680 51.898735
vt -32.539680 49.367088
vt -32.539680 56.962025
vt -32.539680 54.430378
vt -32.539680 59.493671
vt -32.539680 64.556961
vt -32.539680 62.025318
vt -32.539680 67.088608
vt -32.539680 69.620255
vt -32.539680 72.151901
vt -32.539680 74.683548
vt -32.539680 79.746841
vt -32.539680 77.215195
vt -32.539680 82.278481
vt -32.539680 84.810127
vt -32.539680 87.341774
vt -32.539680 89.873421
vt -32.539680 92.405067
vt -32.539680 97.468353
vt -32.539680 94.936707
vt -30.952381 -97.468353
vt -30.952381 -100.000000
vt -30.952381 -94.936707
vt -30.952381 -92.405067
vt -30.952381 -89.873421
vt -30.952381 -87.341774
vt -30.952381 -84.810127
vt -30.952381 -82.278481
vt -30.952381 -79.746841
vt -30.952381 -74.683548
vt -30.952381 -77.215195
vt -30.952381 -72.151901
vt -30.952381 -69.620255
vt -30.952381 -67.088608
vt -30.952381 -62.025318
vt -30.952381 -64.556961
vt -30.952381 -59.493671
vt -30.952381 -56.962025
vt -30.952381 -51.898735
vt -30.952381 -54.430378
vt -30.952381 -49.367088
vt -30.952381 -44.303795
vt -30.952381 -46.835442
vt -30.952381 -39.240505
vt -30.952381 -41.772152
vt -30.952381 -36.708858
vt -30.952381 -34.177216
vt -30.952381 -29.113926
vt -30.952381 -31.645569
vt -30.952381 -26.582279
vt -30.952381 -21.518988
vt -30.952381 -24.050632
vt -30.952381 -18.987341
vt -30.952381 -13.924051
vt -30.952381 -16.455696
vt -30.952381 -8.860760
vt -30.952381 -11.392405
vt -30.952381 -3.797468
vt -30.952381 -6.329114
vt -30.952381 -1.265823
vt -30.952381 3.797468
vt -30.952381 1.265823
vt -30.952381 6.329114
vt -30.952381 8.860760
vt -30.952381 11.392405
vt -30.952381 16.455696
vt -30.952381 13.924051
vt -30.952381 18.987341
vt -30.952381 21.518988
vt -30.952381 24.050632
vt -30.952381 29.113926
vt -30.952381 26.582279
vt -30.952381 31.645569
vt -30.952381 36.708858
vt -30.952381 34.177216
vt -30.952381 39.240505
vt -30.952381 41.772152
vt -30.952381 44.303795
vt -30.952381 49.367088
vt -30.952381 46.835442
vt -30.952381 51.898735
vt -30.952381 56.962025
vt -30.952381 54.430378
vt -30.952381 62.025318
vt -30.952381 59.493671
vt -30.952381 64.556961
vt -30.952381 69.620255
vt -30.952381 67.088608
vt -30.952381 72.151901
vt -30.952381 74.683548
vt -30.952381 77.215195
vt -30.952381 79.746841
vt -30.952381 82.278481
vt -30.952381 84.810127
vt -30.952381 87.341774
vt -30.952381 89.873421
vt -30.952381 92.405067
vt -30.952381 94.936707
vt -30.952381 97.468353
vt -32.539680 100.000000
vt -29.365078 -97.468353
vt -29.365078 -100.000000
vt -29.365078 -94.936707
vt -29.365078 -92.405067
vt -29.365078 -89.873421
vt -29.365078 -87.341774
vt -29.365078 -84.810127
vt -29.365078 -79.746841
vt -29.365078 -82.278481
vt -29.365078 -77.215195
vt -29.365078 -72.151901
vt -29.365078 -74.683548
vt -29.365078 -69.620255
vt -29.365078 -67.088608
vt -29.365078 -64.556961
vt -29.365078 -62.025318
vt -29.365078 -56.962025
vt -29.365078 -59.493671
vt -29.365078 -51.898735
vt -29.365078 -54.430378
vt -29.365078 -49.367088
vt -29.365078 -46.835442
vt -29.365078 -44.303795
vt -29.365078 -39.240505
vt -29.365078 -41.772152
vt -29.365078 -34.177216
vt -29.365078 -36.708858
vt -29.365078 -31.645569
vt -29.365078 -26.582279
vt -29.365078 -29.113926
vt -29.365078 -24.050632
vt -29.365078 -21.518988
vt -29.365078 -18.987341
vt -29.365078 -16.455696
vt -29.365078 -11.392405
vt -29.365078 -13.924051
vt -29.365078 -8.860760
vt -29.365078 -3.797468
vt -29.365078 -6.329114
vt -29.365078 -1.265823
vt -29.365078 1.265823
vt -29.365078 3.797468
vt -29.365078 6.329114
vt -29.365078 8.860760
vt -29.365078 13.924051
vt -29.365078 11.392405
vt -29.365078 16.455696
vt -29.365078 21.518988
vt -29.365078 18.987341
vt -29.365078 26.582279
vt -29.365078 24.050632
vt -29.365078 29.113926
vt -29.365078 31.645569
vt -29.365078 36.708858
vt -29.365078 34.177216
vt -29.365078 39.240505
vt -29.365078 41.772152
vt -29.365078 44.303795
vt -29.365078 49.367088
vt -29.365078 46.835442
vt -29.365078 51.898735
vt -29.365078 56.962025
vt -29.365078 54.430378
vt -29.365078 59.493671
vt -29.365078 62.025318
vt -29.365078 64.556961
vt -29.365078 67.088608
vt -29.365078 72.151901
vt -29.365078 69.620255
vt -29.365078 77.215195
vt -29.365078 74.683548
vt -29.365078 79.746841
vt -29.365078 82.278481
vt -29.365078 84.810127
vt -29.365078 87.341774
vt -29.365078 89.873421
vt -29.365078 92.405067
vt -29.365078 94.936707
vt -29.365078 100.000000
vt -29.365078 97.468353
vt -27.777777 -97.468353
vt -27.777777 -100.000000
vt -27.777777 -94.936707
vt -27.777777 -92.405067
vt -27.777777 -89.873421
vt -27.777777 -87.341774
vt -27.777777 -82.278481
vt -27.777777 -84.810127
vt -27.777777 -79.746841
vt -27.777777 -77.215195
vt -27.777777 -74.683548
vt -27.777777 -72.151901
vt -27.777777 -67.088608
vt -27.777777 -69.620255
vt -27.777777 -64.556961
vt -27.777777 -59.493671
vt -27.777777 -62.025318
vt -27.777777 -56.962025
vt -27.777777 -54.430378
vt -27.777777 -51.898735
vt -27.777777 -46.835442
vt -27.777777 -49.367088
vt -27.777777 -44.303795
vt -27.777777 -39.240505
vt -27.777777 -41.772152
vt -27.777777 -36.708858
vt -27.777777 -31.645569
vt -27.777777 -34.177216
vt -27.777777 -26.582279
vt -27.777777 -29.113926
vt -27.777777 -21.518988
vt -27.777777 -24.050632
vt -27.777777 -18.987341
vt -27.777777 -13.924051
vt -27.777777 -16.455696
vt -27.777777 -11.392405
vt -27.777777 -6.329114
vt -27.777777 -8.860760
vt -27.777777 -3.797468
vt -27.777777 -1.265823
vt -27.777777 1.265823
vt -27.777777 6.329114
vt -27.777777 3.797468
vt -27.777777 8.860760
vt -27.777777 13.924051
vt -27.777777 11.392405
vt -27.777777 18.987341
vt -27.777777 16.455696
vt -27.777777 21.518988
vt -27.777777 24.050632
vt -27.777777 26.582279
vt -27.777777 31.645569
vt -27.777777 29.113926
vt -27.777777 34.177216
vt -27.777777 39.240505
vt -27.777777 36.708858
vt -27.777777 44.303795
vt -27.777777 41.772152
vt -27.777777 46.835442
vt -27.777777 49.367088
vt -27.777777 51.898735
vt -27.777777 56.962025
vt -27.777777 54.430378
vt -27.777777 59.493671
vt -27.777777 62.025318
vt -27.777777 67.088608
vt -27.777777 64.556961
vt -27.777777 69.620255
vt -27.777777 74.683548
vt -27.777777 72.151901
vt -27.777777 77.215195
vt -27.777777 79.746841
vt -27.777777 82.278481
vt -27.777777 84.810127
vt -27.777777 87.341774
vt -27.777777 89.873421
vt -27.777777 92.405067
vt -27.777777 94.936707
vt -27.777777 100.000000
vt -27.777777 97.468353
vt -26.190475 -97.468353
vt -26.190475 -100.000000
vt -26.190475 -94.936707
vt -26.190475 -92.405067
vt -26.190475 -87.341774
vt -26.190475 -89.873421
vt -26.190475 -84.810127
vt -26.190475 -82.278481
vt -26.190475 -79.746841
vt -26.190475 -77.215195
vt -26.190475 -72.151901
vt -26.190475 -74.683548
vt -26.190475 -69.620255
vt -26.190475 -64.556961
vt -26.190475 -67.088608
vt -26.190475 -62.025318
vt -26.190475 -56.962025
vt -26.190475 -59.493671
vt -26.190475 -54.430378
vt -26.190475 -49.367088
vt -26.190475 -51.898735
vt -26.190475 -44.303795
vt -26.190475 -46.835442
vt -26.190475 -39.240505
vt -26.190475 -41.772152
vt -26.190475 -36.708858
vt -26.190475 -34.177216
vt -26.190475 -31.645569
vt -26.190475 -29.113926
vt -26.190475 -24.050632
vt -26.190475 -26.582279
vt -26.190475 -18.987341
vt -26.190475 -21.518988
vt -26.190475 -16.455696
vt -26.190475 -11.392405
vt -26.190475 -13.924051
vt -26.190475 -6.329114
vt -26.190475 -8.860760
vt -26.190475 -1.265823
vt -26.190475 -3.797468
vt -26.190475 1.265823
vt -26.190475 6.329114
vt -26.190475 3.797468
vt -26.190475 8.860760
vt -26.190475 11.392405
vt -26.190475 13.924051
vt -26.190475 16.455696
vt -26.190475 21.518988
vt -26.190475 18.987341
vt -26.190475 24.050632
vt -26.190475 26.582279
vt -26.190475 31.645569
vt -26.190475 29.113926
vt -26.190475 34.177216
vt -26.190475 36.708858
vt -26.190475 39.240505
vt -26.190475 41.772152
vt -26.190475 44.303795
vt -26.190475 49.367088
vt -26.190475 46.835442
vt -26.190475 51.898735
vt -26.190475 54.430378
vt -26.190475 59.493671
vt -26.190475 56.962025
vt -26.190475 62.025318
vt -26.190475 67.088608
vt -26.190475 64.556961
vt -26.190475 72.151901
vt -26.190475 69.620255
vt -26.190475 74.683548
vt -26.190475 77.215195
vt -26.190475 79.746841
vt -26.190475 82.278481
vt -26.190475 84.810127
vt -26.190475 87.341774
vt -26.190475 92.405067
vt -26.190475 89.873421
vt -26.190475 94.936707
vt -26.190475 97.468353
vt -24.603176 -100.000000
vt -24.603176 -94.936707
vt -24.603176 -97.468353
vt -24.603176 -92.405067
vt -24.603176 -89.873421
vt -24.603176 -87.341774
vt -24.603176 -84.810127
vt -24.603176 -82.278481
vt -24.603176 -79.746841
vt -24.603176 -77.215195
vt -24.603176 -72.151901
vt -24.603176 -74.683548
vt -24.603176 -67.088608
vt -24.603176 -69.620255
vt -24.603176 -64.556961
vt -24.603176 -62.025318
vt -24.603176 -59.493671
vt -24.603176 -56.962025
vt -24.603176 -51.898735
vt -24.603176 -54.430378
vt -24.603176 -46.835442
vt -24.603176 -49.367088
vt -24.603176 -44.303795
vt -24.603176 -41.772152
vt -24.603176 -39.240505
vt -24.603176 -34.177216
vt -24.603176 -36.708858
vt -24.603176 -31.645569
vt -24.603176 -26.582279
vt -24.603176 -29.113926
vt -24.603176 -24.050632
vt -24.603176 -18.987341
vt -24.603176 -21.518988
vt -24.603176 -16.455696
vt -24.603176 -13.924051
vt -24.603176 -8.860760
vt -24.603176 -11.392405
vt -24.603176 -6.329114
vt -24.603176 -1.265823
vt -24.603176 -3.797468
vt -24.603176 3.797468
vt -24.603176 1.265823
vt -24.603176 6.329114
vt -24.603176 11.392405
vt -24.603176 8.860760
vt -24.603176 13.924051
vt -24.603176 16.455696
vt -24.603176 21.518988
vt -24.603176 18.987341
vt -24.603176 24.050632
vt -24.603176 29.113926
vt -24.603176 26.582279
vt -24.603176 31.645569
vt -24.603176 36.708858
vt -24.603176 34.177216
vt -24.603176 41.772152
vt -24.603176 39.240505
vt -24.603176 44.303795
vt -24.603176 49.367088
vt -24.603176 46.835442
vt -24.603176 51.898735
vt -24.603176 54.430378
vt -24.603176 56.962025
vt -24.603176 62.025318
vt -24.603176 59.493671
vt -24.603176 64.556961
vt -24.603176 67.088608
vt -24.603176 72.151901
vt -24.603176 69.620255
vt -24.603176 74.683548
vt -24.603176 77.215195
vt -24.603176 79.746841
vt -24.603176 82.278481
vt -24.603176 84.810127
vt -24.603176 87.341774
vt -24.603176 92.405067
vt -24.603176 89.873421
vt -24.603176 94.936707
vt -24.603176 97.468353
vt -26.190475 100.000000
vt -23.015873 -100.000000
vt -23.015873 -97.468353
vt -23.015873 -92.405067
vt -23.015873 -94.936707
vt -23.015873 -89.873421
vt -23.015873 -87.341774
vt -23.015873 -84.810127
vt -23.015873 -82.278481
vt -23.015873 -79.746841
vt -23.015873 -77.215195
vt -23.015873 -74.683548
vt -23.015873 -72.151901
vt -23.015873 -69.620255
vt -23.015873 -67.088608
vt -23.015873 -64.556961
vt -23.015873 -59.493671
vt -23.015873 -62.025318
vt -23.015873 -56.962025
vt -23.015873 -54.430378
vt -23.015873 -51.898735
vt -23.015873 -49.367088
vt -23.015873 -46.835442
vt -23.015873 -44.303795
vt -23.015873 -41.772152
vt -23.015873 -36.708858
vt -23.015873 -39.240505
vt -23.015873 -31.645569
vt -23.015873 -34.177216
vt -23.015873 -26.582279
vt -23.015873 -29.113926
vt -23.015873 -24.050632
vt -23.015873 -21.518988
vt -23.015873 -18.987341
vt -23.015873 -13.924051
vt -23.015873 -16.455696
vt -23.015873 -11.392405
vt -23.015873 -8.860760
vt -23.015873 -6.329114
vt -23.015873 -1.265823
vt -23.015873 -3.797468
vt -23.015873 1.265823
vt -23.015873 3.797468
vt -23.015873 6.329114
vt -23.015873 8.860760
vt -23.015873 13.924051
vt -23.015873 11.392405
vt -23.015873 16.455696
vt -23.015873 18.987341
vt -23.015873 21.518988
vt -23.015873 26.582279
vt -23.015873 24.050632
vt -23.015873 31.645569
vt -23.015873 29.113926
vt -23.015873 34.177216
vt -23.015873 39.240505
vt -23.015873 36.708858
vt -23.015873 41.772152
vt -23.015873 46.835442
vt -23.015873 44.303795
vt -23.015873 51.898735
vt -23.015873 49.367088
vt -23.015873 54.430378
vt -23.015873 56.962025
vt -23.015873 59.493671
vt -23.015873 62.025318
vt -23.015873 64.556961
vt -23.015873 69.620255
vt -23.015873 67.088608
vt -23.015873 72.151901
vt -23.015873 77.215195
vt -23.015873 74.683548
vt -23.015873 79.746841
vt -23.015873 82.278481
vt -23.015873 84.810127
vt -23.015873 87.341774
vt -23.015873 89.873421
vt -23.015873 92.405067
vt -23.015873 97.468353
vt -23.015873 94.936707
vt -24.603176 100.000000
vt -21.428572 -97.468353
vt -21.428572 -100.000000
vt -21.428572 -94.936707
vt -21.428572 -92.405067
vt -21.428572 -89.873421
vt -21.428572 -87.341774
vt -21.428572 -84.810127
vt -21.428572 -82.278481
vt -21.428572 -79.746841
vt -21.428572 -74.683548
vt -21.428572 -77.215195
vt -21.428572 -72.151901
vt -21.428572 -69.620255
vt -21.428572 -67.088608
vt -21.428572 -62.025318
vt -21.428572 -64.556961
vt -21.428572 -59.493671
vt -21.428572 -54.430378
vt -21.428572 -56.962025
vt -21.428572 -51.898735
vt -21.428572 -49.367088
vt -21.428572 -44.303795
vt -21.428572 -46.835442
vt -21.428572 -41.772152
vt -21.428572 -39.240505
vt -21.428572 -36.708858
vt -21.428572 -34.177216
vt -21.428572 -29.113926
vt -21.428572 -31.645569
vt -21.428572 -26.582279
vt -21.428572 -24.050632
vt -21.428572 -21.518988
vt -21.428572 -18.987341
vt -21.428572 -16.455696
vt -21.428572 -11.392405
vt -21.428572 -13.924051
vt -21.428572 -8.860760
vt -21.428572 -6.329114
vt -21.428572 -3.797468
vt -21.428572 1.265823
vt -21.428572 -1.265823
vt -21.428572 6.329114
vt -21.428572 3.797468
vt -21.428572 8.860760
vt -21.428572 11.392405
vt -21.428572 16.455696
vt -21.428572 13.924051
vt -21.428572 18.987341
vt -21.428572 24.050632
vt -21.428572 21.518988
vt -21.428572 26.582279
vt -21.428572 29.113926
vt -21.428572 34.177216
vt -21.428572 31.645569
vt -21.428572 36.708858
vt -21.428572 41.772152
vt -21.428572 39.240505
vt -21.428572 46.835442
vt -21.428572 44.303795
vt -21.428572 49.367088
vt -21.428572 54.430378
vt -21.428572 51.898735
vt -21.428572 59.493671
vt -21.428572 56.962025
vt -21.428572 62.025318
vt -21.428572 64.556961
vt -21.428572 69.620255
vt -21.428572 67.088608
vt -21.428572 72.151901
vt -21.428572 77.215195
vt -21.428572 74.683548
vt -21.428572 79.746841
vt -21.428572 82.278481
vt -21.428572 84.810127
vt -21.428572 87.341774
vt -21.428572 89.873421
vt -21.428572 92.405067
vt -21.428572 97.468353
vt -21.428572 94.936707
vt -21.428572 100.000000
vt -19.841270 -97.468353
vt -19.841270 -100.000000
vt -19.841270 -94.936707
vt -19.841270 -92.405067
vt -19.841270 -89.873421
vt -19.841270 -87.341774
vt -19.841270 -84.810127
vt -19.841270 -82.278481
vt -19.841270 -77.215195
vt -19.841270 -79.746841
vt -19.841270 -74.683548
vt -19.841270 -69.620255
vt -19.841270 -72.151901
vt -19.841270 -67.088608
vt -19.841270 -64.556961
vt -19.841270 -59.493671
vt -19.841270 -62.025318
vt -19.841270 -56.962025
vt -19.841270 -54.430378
vt -19.841270 -51.898735
vt -19.841270 -46.835442
vt -19.841270 -49.367088
vt -19.841270 -44.303795
vt -19.841270 -41.772152
vt -19.841270 -39.240505
vt -19.841270 -36.708858
vt -19.841270 -31.645569
vt -19.841270 -34.177216
vt -19.841270 -29.113926
vt -19.841270 -24.050632
vt -19.841270 -26.582279
vt -19.841270 -21.518988
vt -19.841270 -16.455696
vt -19.841270 -18.987341
vt -19.841270 -13.924051
vt -19.841270 -11.392405
vt -19.841270 -6.329114
vt -19.841270 -8.860760
vt -19.841270 -1.265823
vt -19.841270 -3.797468
vt -19.841270 1.265823
vt -19.841270 3.797468
vt -19.841270 6.329114
vt -19.841270 11.392405
vt -19.841270 8.860760
vt -19.841270 13.924051
vt -19.841270 16.455696
vt -19.841270 21.518988
vt -19.841270 18.987341
vt -19.841270 24.050632
vt -19.841270 26.582279
vt -19.841270 29.113926
vt -19.841270 34.177216
vt -19.841270 31.645569
vt -19.841270 36.708858
vt -19.841270 39.240505
vt -19.841270 44.303795
vt -19.841270 41.772152
vt -19.841270 46.835442
vt -19.841270 51.898735
vt -19.841270 49.367088
vt -19.841270 54.430378
vt -19.841270 56.962025
vt -19.841270 62.025318
vt -19.841270 59.493671
vt -19.841270 67.088608
vt -19.841270 64.556961
vt -19.841270 72.151901
vt -19.841270 69.620255
vt -19.841270 77.215195
vt -19.841270 74.683548
vt -19.841270 79.746841
vt -19.841270 82.278481
vt -19.841270 84.810127
vt -19.841270 87.341774
vt -19.841270 89.873421
vt -19.841270 92.405067
vt -19.841270 94.936707
vt -19.841270 100.000000
vt -19.841270 97.468353
vt -18.253969 -97.468353
vt -18.253969 -100.000000
vt -18.253969 -94.936707
vt -18.253969 -92.405067
vt -18.253969 -89.873421
vt -18.253969 -84.810127
vt -18.253969 -87.341774
vt -18.253969 -82.278481
vt -18.253969 -79.746841
vt -18.253969 -77.215195
vt -18.253969 -74.683548
vt -18.253969 -69.620255
vt -18.253969 -72.151901
vt -18.253969 -64.556961
vt -18.253969 -67.088608
vt -18.253969 -62.025318
vt -18.253969 -59.493671
vt -18.253969 -54.430378
vt -18.253969 -56.962025
vt -18.253969 -49.367088
vt -18.253969 -51.898735
vt -18.253969 -46.835442
vt -18.253969 -44.303795
vt -18.253969 -39.240505
vt -18.253969 -41.772152
vt -18.253969 -36.708858
vt -18.253969 -34.177216
vt -18.253969 -31.645569
vt -18.253969 -26.582279
vt -18.253969 -29.113926
vt -18.253969 -21.518988
vt -18.253969 -24.050632
vt -18.253969 -16.455696
vt -18.253969 -18.987341
vt -18.253969 -11.392405
vt -18.253969 -13.924051
vt -18.253969 -8.860760
vt -18.253969 -3.797468
vt -18.253969 -6.329114
vt -18.253969 -1.265823
vt -18.253969 1.265823
vt -18.253969 3.797468
vt -18.253969 8.860760
vt -18.253969 6.329114
vt -18.253969 11.392405
vt -18.253969 13.924051
vt -18.253969 16.455696
vt -18.253969 21.518988
vt -18.253969 18.987341
vt -18.253969 26.582279
vt -18.253969 24.050632
vt -18.253969 31.645569
vt -18.253969 29.113926
vt -18.253969 34.177216
vt -18.253969 36.708858
vt -18.253969 41.772152
vt -18.253969 39.240505
vt -18.253969 46.835442
vt -18.253969 44.303795
vt -18.253969 51.898735
vt -18.253969 49.367088
vt -18.253969 54.430378
vt -18.253969 56.962025
vt -18.253969 59.493671
vt -18.253969 62.025318
vt -18.253969 64.556961
vt -18.253969 67.088608
vt -18.253969 69.620255
vt -18.253969 72.151901
vt -18.253969 74.683548
vt -18.253969 77.215195
vt -18.253969 82.278481
vt -18.253969 79.746841
vt -18.253969 84.810127
vt -18.253969 87.341774
vt -18.253969 89.873421
vt -18.253969 92.405067
vt -18.253969 94.936707
vt -18.253969 100.000000
vt -18.253969 97.468353
vt -16.666668 -97.468353
vt -16.666668 -100.000000
vt -16.666668 -94.936707
vt -16.666668 -92.405067
vt -16.666668 -89.873421
vt -16.666668 -84.810127
vt -16.666668 -87.341774
vt -16.666668 -82.278481
vt -16.666668 -79.746841
vt -16.666668 -77.215195
vt -16.666668 -74.683548
vt -16.666668 -72.151901
vt -16.666668 -67.088608
vt -16.666668 -69.620255
vt -16.666668 -64.556961
vt -16.666668 -62.025318
vt -16.666668 -59.493671
vt -16.666668 -54.430378
vt -16.666668 -56.962025
vt -16.666668 -49.367088
vt -16.666668 -51.898735
vt -16.666668 -46.835442
vt -16.666668 -44.303795
vt -16.666668 -41.772152
vt -16.666668 -39.240505
vt -16.666668 -36.708858
vt -16.666668 -34.177216
vt -16.666668 -31.645569
vt -16.666668 -29.113926
vt -16.666668 -24.050632
vt -16.666668 -26.582279
vt -16.666668 -21.518988
vt -16.666668 -18.987341
vt -16.666668 -16.455696
vt -16.666668 -13.924051
vt -16.666668 -8.860760
vt -16.666668 -11.392405
vt -16.666668 -3.797468
vt -16.666668 -6.329114
vt -16.666668 -1.265823
vt -16.666668 1.265823
vt -16.666668 6.329114
vt -16.666668 3.797468
vt -16.666668 8.860760
vt -16.666668 11.392405
vt -16.666668 13.924051
vt -16.666668 16.455696
vt -16.666668 18.987341
vt -16.666668 21.518988
vt -16.666668 26.582279
vt -16.666668 24.050632
vt -16.666668 31.645569
vt -16.666668 29.113926
vt -16.666668 34.177216
vt -16.666668 36.708858
vt -16.666668 39.240505
vt -16.666668 44.303795
vt -16.666668 41.772152
vt -16.666668 49.367088
vt -16.666668 46.835442
vt -16.666668 51.898735
vt -16.666668 54.430378
vt -16.666668 56.962025
vt -16.666668 62.025318
vt -16.666668 59.493671
vt -16.666668 67.088608
vt -16.666668 64.556961
vt -16.666668 69.620255
vt -16.666668 72.151901
vt -16.666668 74.683548
vt -16.666668 79.746841
vt -16.666668 77.215195
vt -16.666668 82.278481
vt -16.666668 87.341774
vt -16.666668 84.810127
vt -16.666668 89.873421
vt -16.666668 92.405067
vt -16.666668 94.936707
vt -16.666668 97.468353
vt -15.079366 -97.468353
vt -15.079366 -100.000000
vt -15.079366 -94.936707
vt -15.079366 -92.405067
vt -15.079366 -87.341774
vt -15.079366 -89.873421
vt -15.079366 -84.810127
vt -15.079366 -82.278481
vt -15.079366 -79.746841
vt -15.079366 -77.215195
vt -15.079366 -74.683548
vt -15.079366 -72.151901
vt -15.079366 -69.620255
vt -15.079366 -67.088608
vt -15.079366 -64.556961
vt -15.079366 -62.025318
vt -15.079366 -59.493671
vt -15.079366 -54.430378
vt -15.079366 -56.962025
vt -15.079366 -51.898735
vt -15.079366 -46.835442
vt -15.079366 -49.367088
vt -15.079366 -44.303795
vt -15.079366 -41.772152
vt -15.079366 -39.240505
vt -15.079366 -36.708858
vt -15.079366 -31.645569
vt -15.079366 -34.177216
vt -15.079366 -29.113926
vt -15.079366 -24.050632
vt -15.079366 -26.582279
vt -15.079366 -21.518988
vt -15.079366 -18.987341
vt -15.079366 -16.455696
vt -15.079366 -13.924051
vt -15.079366 -11.392405
vt -15.079366 -8.860760
vt -15.079366 -6.329114
vt -15.079366 -3.797468
vt -15.079366 1.265823
vt -15.079366 -1.265823
vt -15.079366 3.797468
vt -15.079366 6.329114
vt -15.079366 11.392405
vt -15.079366 8.860760
vt -15.079366 13.924051
vt -15.079366 18.987341
vt -15.079366 16.455696
vt -15.079366 21.518988
vt -15.079366 24.050632
vt -15.079366 29.113926
vt -15.079366 26.582279
vt -15.079366 34.177216
vt -15.079366 31.645569
vt -15.079366 36.708858
vt -15.079366 41.772152
vt -15.079366 39.240505
vt -15.079366 46.835442
vt -15.079366 44.303795
vt -15.079366 49.367088
vt -15.079366 54.430378
vt -15.079366 51.898735
vt -15.079366 59.493671
vt -15.079366 56.962025
vt -15.079366 62.025318
vt -15.079366 67.088608
vt -15.079366 64.556961
vt -15.079366 72.151901
vt -15.079366 69.620255
vt -15.079366 74.683548
vt -15.079366 77.215195
vt -15.079366 79.746841
vt -15.079366 82.278481
vt -15.079366 84.810127
vt -15.079366 87.341774
vt -15.079366 89.873421
vt -15.079366 92.405067
vt -15.079366 94.936707
vt -15.079366 97.468353
vt -16.666668 100.000000
vt -13.492064 -100.000000
vt -13.492064 -97.468353
vt -13.492064 -94.936707
vt -13.492064 -89.873421
vt -13.492064 -92.405067
vt -13.492064 -87.341774
vt -13.492064 -84.810127
vt -13.492064 -82.278481
vt -13.492064 -79.746841
vt -13.492064 -77.215195
vt -13.492064 -74.683548
vt -13.492064 -72.151901
vt -13.492064 -69.620255
vt -13.492064 -67.088608
vt -13.492064 -64.556961
vt -13.492064 -59.493671
vt -13.492064 -62.025318
vt -13.492064 -56.962025
vt -13.492064 -54.430378
vt -13.492064 -51.898735
vt -13.492064 -49.367088
vt -13.492064 -44.303795
vt -13.492064 -46.835442
vt -13.492064 -41.772152
vt -13.492064 -39.240505
vt -13.492064 -34.177216
vt -13.492064 -36.708858
vt -13.492064 -31.645569
vt -13.492064 -29.113926
vt -13.492064 -24.050632
vt -13.492064 -26.582279
vt -13.492064 -21.518988
vt -13.492064 -18.987341
vt -13.492064 -16.455696
vt -13.492064 -13.924051
vt -13.492064 -11.392405
vt -13.492064 -8.860760
vt -13.492064 -6.329114
vt -13.492064 -3.797468
vt -13.492064 -1.265823
vt -13.492064 3.797468
vt -13.492064 1.265823
vt -13.492064 6.329114
vt -13.492064 8.860760
vt -13.492064 11.392405
vt -13.492064 13.924051
vt -13.492064 16.455696
vt -13.492064 18.987341
vt -13.492064 21.518988
vt -13.492064 24.050632
vt -13.492064 29.113926
vt -13.492064 26.582279
vt -13.492064 34.177216
vt -13.492064 31.645569
vt -13.492064 39.240505
vt -13.492064 36.708858
vt -13.492064 44.303795
vt -13.492064 41.772152
vt -13.492064 46.835442
vt -13.492064 51.898735
vt -13.492064 49.367088
vt -13.492064 56.962025
vt -13.492064 54.430378
vt -13.492064 59.493671
vt -13.492064 64.556961
vt -13.492064 62.025318
vt -13.492064 67.088608
vt -13.492064 72.151901
vt -13.492064 69.620255
vt -13.492064 74.683548
vt -13.492064 77.215195
vt -13.492064 79.746841
vt -13.492064 84.810127
vt -13.492064 82.278481
vt -13.492064 87.341774
vt -13.492064 89.873421
vt -13.492064 92.405067
vt -13.492064 94.936707
vt -13.492064 97.468353
vt -15.079366 100.000000
vt -11.904762 -100.000000
vt -11.904762 -97.468353
vt -11.904762 -92.405067
vt -11.904762 -94.936707
vt -11.904762 -89.873421
vt -11.904762 -87.341774
vt -11.904762 -82.278481
vt -11.904762 -84.810127
vt -11.904762 -79.746841
vt -11.904762 -77.215195
vt -11.904762 -72.151901
vt -11.904762 -74.683548
vt -11.904762 -67.088608
vt -11.904762 -69.620255
vt -11.904762 -64.556961
vt -11.904762 -59.493671
vt -11.904762 -62.025318
vt -11.904762 -54.430378
vt -11.904762 -56.962025
vt -11.904762 -51.898735
vt -11.904762 -46.835442
vt -11.904762 -49.367088
vt -11.904762 -44.303795
vt -11.904762 -39.240505
vt -11.904762 -41.772152
vt -11.904762 -36.708858
vt -11.904762 -31.645569
vt -11.904762 -34.177216
vt -11.904762 -29.113926
vt -11.904762 -26.582279
vt -11.904762 -24.050632
vt -11.904762 -21.518988
vt -11.904762 -16.455696
vt -11.904762 -18.987341
vt -11.904762 -13.924051
vt -11.904762 -11.392405
vt -11.904762 -8.860760
vt -11.904762 -6.329114
vt -11.904762 -3.797468
vt -11.904762 -1.265823
vt -11.904762 1.265823
vt -11.904762 3.797468
vt -11.904762 6.329114
vt -11.904762 8.860760
vt -11.904762 11.392405
vt -11.904762 16.455696
vt -11.904762 13.924051
vt -11.904762 21.518988
vt -11.904762 18.987341
vt -11.904762 26.582279
vt -11.904762 24.050632
vt -11.904762 29.113926
vt -11.904762 31.645569
vt -11.904762 34.177216
vt -11.904762 36.708858
vt -11.904762 39.240505
vt -11.904762 44.303795
vt -11.904762 41.772152
vt -11.904762 46.835442
vt -11.904762 49.367088
vt -11.904762 51.898735
vt -11.904762 56.962025
vt -11.904762 54.430378
vt -11.904762 62.025318
vt -11.904762 59.493671
vt -11.904762 64.556961
vt -11.904762 69.620255
vt -11.904762 67.088608
vt -11.904762 74.683548
vt -11.904762 72.151901
vt -11.904762 79.746841
vt -11.904762 77.215195
vt -11.904762 84.810127
vt -11.904762 82.278481
vt -11.904762 87.341774
vt -11.904762 89.873421
vt -11.904762 92.405067
vt -11.904762 94.936707
vt -11.904762 97.468353
vt -13.492064 100.000000
vt -10.317461 -100.000000
vt -10.317461 -94.936707
vt -10.317461 -97.468353
vt -10.317461 -92.405067
vt -10.317461 -89.873421
vt -10.317461 -87.341774
vt -10.317461 -82.278481
vt -10.317461 -84.810127
vt -10.317461 -77.215195
vt -10.317461 -79.746841
vt -10.317461 -74.683548
vt -10.317461 -69.620255
vt -10.317461 -72.151901
vt -10.317461 -64.556961
vt -10.317461 -67.088608
vt -10.317461 -62.025318
vt -10.317461 -59.493671
vt -10.317461 -56.962025
vt -10.317461 -51.898735
vt -10.317461 -54.430378
vt -10.317461 -49.367088
vt -10.317461 -46.835442
vt -10.317461 -41.772152
vt -10.317461 -44.303795
vt -10.317461 -39.240505
vt -10.317461 -36.708858
vt -10.317461 -34.177216
vt -10.317461 -29.113926
vt -10.317461 -31.645569
vt -10.317461 -26.582279
vt -10.317461 -24.050632
vt -10.317461 -18.987341
vt -10.317461 -21.518988
vt -10.317461 -13.924051
vt -10.317461 -16.455696
vt -10.317461 -8.860760
vt -10.317461 -11.392405
vt -10.317461 -6.329114
vt -10.317461 -3.797468
vt -10.317461 -1.265823
vt -10.317461 1.265823
vt -10.317461 3.797468
vt -10.317461 6.329114
vt -10.317461 8.860760
vt -10.317461 11.392405
vt -10.317461 13.924051
vt -10.317461 16.455696
vt -10.317461 21.518988
vt -10.317461 18.987341
vt -10.317461 24.050632
vt -10.317461 29.113926
vt -10.317461 26.582279
vt -10.317461 31.645569
vt -10.317461 36.708858
vt -10.317461 34.177216
vt -10.317461 39.240505
vt -10.317461 44.303795
vt -10.317461 41.772152
vt -10.317461 46.835442
vt -10.317461 49.367088
vt -10.317461 51.898735
vt -10.317461 54.430378
vt -10.317461 59.493671
vt -10.317461 56.962025
vt -10.317461 64.556961
vt -10.317461 62.025318
vt -10.317461 69.620255
vt -10.317461 67.088608
vt -10.317461 72.151901
vt -10.317461 74.683548
vt -10.317461 77.215195
vt -10.317461 79.746841
vt -10.317461 82.278481
vt -10.317461 84.810127
vt -10.317461 87.341774
vt -10.317461 89.873421
vt -10.317461 92.405067
vt -10.317461 94.936707
vt -10.317461 100.000000
vt -10.317461 97.468353
vt -8.730159 -100.000000
vt -8.730159 -94.936707
vt -8.730159 -97.468353
vt -8.730159 -92.405067
vt -8.730159 -89.873421
vt -8.730159 -87.341774
vt -8.730159 -84.810127
vt -8.730159 -82.278481
vt -8.730159 -77.215195
vt -8.730159 -79.746841
vt -8.730159 -74.683548
vt -8.730159 -72.151901
vt -8.730159 -67.088608
vt -8.730159 -69.620255
vt -8.730159 -62.025318
vt -8.730159 -64.556961
vt -8.730159 -56.962025
vt -8.730159 -59.493671
vt -8.730159 -51.898735
vt -8.730159 -54.430378
vt -8.730159 -46.835442
vt -8.730159 -49.367088
vt -8.730159 -44.303795
vt -8.730159 -41.772152
vt -8.730159 -39.240505
vt -8.730159 -34.177216
vt -8.730159 -36.708858
vt -8.730159 -31.645569
vt -8.730159 -29.113926
vt -8.730159 -24.050632
vt -8.730159 -26.582279
vt -8.730159 -18.987341
vt -8.730159 -21.518988
vt -8.730159 -16.455696
vt -8.730159 -13.924051
vt -8.730159 -11.392405
vt -8.730159 -8.860760
vt -8.730159 -6.329114
vt -8.730159 -1.265823
vt -8.730159 -3.797468
vt -8.730159 1.265823
vt -8.730159 3.797468
vt -8.730159 6.329114
vt -8.730159 8.860760
vt -8.730159 11.392405
vt -8.730159 13.924051
vt -8.730159 16.455696
vt -8.730159 18.987341
vt -8.730159 21.518988
vt -8.730159 26.582279
vt -8.730159 24.050632
vt -8.730159 29.113926
vt -8.730159 31.645569
vt -8.730159 34.177216
vt -8.730159 39.240505
vt -8.730159 36.708858
vt -8.730159 41.772152
vt -8.730159 44.303795
vt -8.730159 46.835442
vt -8.730159 49.367088
vt -8.730159 51.898735
vt -8.730159 56.962025
vt -8.730159 54.430378
vt -8.730159 62.025318
vt -8.730159 59.493671
vt -8.730159 64.556961
vt -8.730159 67.088608
vt -8.730159 69.620255
vt -8.730159 72.151901
vt -8.730159 74.683548
vt -8.730159 77.215195
vt -8.730159 79.746841
vt -8.730159 82.278481
vt -8.730159 84.810127
vt -8.730159 87.341774
vt -8.730159 89.873421
vt -8.730159 92.405067
vt -8.730159 94.936707
vt -8.730159 97.468353
vt -7.142858 -100.000000
vt -7.142858 -97.468353
vt -7.142858 -94.936707
vt -7.142858 -92.405067
vt -7.142858 -87.341774
vt -7.142858 -89.873421
vt -7.142858 -84.810127
vt -7.142858 -79.746841
vt -7.142858 -82.278481
vt -7.142858 -77.215195
vt -7.142858 -72.151901
vt -7.142858 -74.683548
vt -7.142858 -69.620255
vt -7.142858 -67.088608
vt -7.142858 -62.025318
vt -7.142858 -64.556961
vt -7.142858 -56.962025
vt -7.142858 -59.493671
vt -7.142858 -51.898735
vt -7.142858 -54.430378
vt -7.142858 -46.835442
vt -7.142858 -49.367088
vt -7.142858 -44.303795
vt -7.142858 -39.240505
vt -7.142858 -41.772152
vt -7.142858 -36.708858
vt -7.142858 -34.177216
vt -7.142858 -31.645569
vt -7.142858 -29.113926
vt -7.142858 -24.050632
vt -7.142858 -26.582279
vt -7.142858 -18.987341
vt -7.142858 -21.518988
vt -7.142858 -16.455696
vt -7.142858 -13.924051
vt -7.142858 -11.392405
vt -7.142858 -6.329114
vt -7.142858 -8.860760
vt -7.142858 -3.797468
vt -7.142858 -1.265823
vt -7.142858 1.265823
vt -7.142858 6.329114
vt -7.142858 3.797468
vt -7.142858 8.860760
vt -7.142858 11.392405
vt -7.142858 13.924051
vt -7.142858 16.455696
vt -7.142858 18.987341
vt -7.142858 21.518988
vt -7.142858 24.050632
vt -7.142858 26.582279
vt -7.142858 29.113926
vt -7.142858 34.177216
vt -7.142858 31.645569
vt -7.142858 36.708858
vt -7.142858 41.772152
vt -7.142858 39.240505
vt -7.142858 46.835442
vt -7.142858 44.303795
vt -7.142858 49.367088
vt -7.142858 54.430378
vt -7.142858 51.898735
vt -7.142858 59.493671
vt -7.142858 56.962025
vt -7.142858 62.025318
vt -7.142858 64.556961
vt -7.142858 67.088608
vt -7.142858 69.620255
vt -7.142858 72.151901
vt -7.142858 74.683548
vt -7.142858 77.215195
vt -7.142858 79.746841
vt -7.142858 82.278481
vt -7.142858 84.810127
vt -7.142858 87.341774
vt -7.142858 89.873421
vt -7.142858 92.405067
vt -7.142858 94.936707
vt -7.142858 100.000000
vt -7.142858 97.468353
vt -5.555556 -97.468353
vt -5.555556 -100.000000
vt -5.555556 -94.936707
vt -5.555556 -89.873421
vt -5.555556 -92.405067
vt -5.555556 -87.341774
vt -5.555556 -84.810127
vt -5.555556 -79.746841
vt -5.555556 -82.278481
vt -5.555556 -77.215195
vt -5.555556 -74.683548
vt -5.555556 -69.620255
vt -5.555556 -72.151901
vt -5.555556 -64.556961
vt -5.555556 -67.088608
vt -5.555556 -59.493671
vt -5.555556 -62.025318
vt -5.555556 -56.962025
vt -5.555556 -54.430378
vt -5.555556 -49.367088
vt -5.555556 -51.898735
vt -5.555556 -44.303795
vt -5.555556 -46.835442
vt -5.555556 -41.772152
vt -5.555556 -39.240505
vt -5.555556 -34.177216
vt -5.555556 -36.708858
vt -5.555556 -31.645569
vt -5.555556 -29.113926
vt -5.555556 -26.582279
vt -5.555556 -24.050632
vt -5.555556 -21.518988
vt -5.555556 -18.987341
vt -5.555556 -13.924051
vt -5.555556 -16.455696
vt -5.555556 -11.392405
vt -5.555556 -6.329114
vt -5.555556 -8.860760
vt -5.555556 -3.797468
vt -5.555556 1.265823
vt -5.555556 -1.265823
vt -5.555556 3.797468
vt -5.555556 6.329114
vt -5.555556 11.392405
vt -5.555556 8.860760
vt -5.555556 16.455696
vt -5.555556 13.924051
vt -5.555556 18.987341
vt -5.555556 21.518988
vt -5.555556 24.050632
vt -5.555556 26.582279
vt -5.555556 29.113926
vt -5.555556 34.177216
vt -5.555556 31.645569
vt -5.555556 36.708858
vt -5.555556 41.772152
vt -5.555556 39.240505
vt -5.555556 44.303795
vt -5.555556 46.835442
vt -5.555556 49.367088
vt -5.555556 51.898735
vt -5.555556 54.430378
vt -5.555556 56.962025
vt -5.555556 59.493671
vt -5.555556 62.025318
vt -5.555556 64.556961
vt -5.555556 67.088608
vt -5.555556 69.620255
vt -5.555556 72.151901
vt -5.555556 74.683548
vt -5.555556 77.215195
vt -5.555556 79.746841
vt -5.555556 82.278481
vt -5.555556 84.810127
vt -5.555556 87.341774
vt -5.555556 89.873421
vt -5.555556 92.405067
vt -5.555556 94.936707
vt -5.555556 97.468353
vt -3.968254 -100.000000
vt -3.968254 -97.468353
vt -3.968254 -94.936707
vt -3.968254 -92.405067
vt -3.968254 -87.341774
vt -3.968254 -89.873421
vt -3.968254 -84.810127
vt -3.968254 -82.278481
vt -3.968254 -77.215195
vt -3.968254 -79.746841
vt -3.968254 -72.151901
vt -3.968254 -74.683548
vt -3.968254 -67.088608
vt -3.968254 -69.620255
vt -3.968254 -64.556961
vt -3.968254 -62.025318
vt -3.968254 -56.962025
vt -3.968254 -59.493671
vt -3.968254 -54.430378
vt -3.968254 -51.898735
vt -3.968254 -49.367088
vt -3.968254 -44.303795
vt -3.968254 -46.835442
vt -3.968254 -41.772152
vt -3.968254 -39.240505
vt -3.968254 -34.177216
vt -3.968254 -36.708858
vt -3.968254 -31.645569
vt -3.968254 -29.113926
vt -3.968254 -24.050632
vt -3.968254 -26.582279
vt -3.968254 -21.518988
vt -3.968254 -18.987341
vt -3.968254 -13.924051
vt -3.968254 -16.455696
vt -3.968254 -8.860760
vt -3.968254 -11.392405
vt -3.968254 -6.329114
vt -3.968254 -3.797468
vt -3.968254 -1.265823
vt -3.968254 1.265823
vt -3.968254 3.797468
vt -3.968254 8.860760
vt -3.968254 6.329114
vt -3.968254 13.924051
vt -3.968254 11.392405
vt -3.968254 16.455696
vt -3.968254 18.987341
vt -3.968254 24.050632
vt -3.968254 21.518988
vt -3.968254 26.582279
vt -3.968254 29.113926
vt -3.968254 31.645569
vt -3.968254 36.708858
vt -3.968254 34.177216
vt -3.968254 39.240505
vt -3.968254 44.303795
vt -3.968254 41.772152
vt -3.968254 46.835442
vt -3.968254 49.367088
vt -3.968254 51.898735
vt -3.968254 54.430378
vt -3.968254 56.962025
vt -3.968254 59.493671
vt -3.968254 62.025318
vt -3.968254 64.556961
vt -3.968254 67.088608
vt -3.968254 69.620255
vt -3.968254 72.151901
vt -3.968254 77.215195
vt -3.968254 74.683548
vt -3.968254 79.746841
vt -3.968254 82.278481
vt -3.968254 84.810127
vt -3.968254 89.873421
vt -3.968254 87.341774
vt -3.968254 92.405067
vt -3.968254 94.936707
vt -3.968254 97.468353
vt -5.555556 100.000000
vt -2.380952 -100.000000
vt -2.380952 -97.468353
vt -2.380952 -94.936707
vt -2.380952 -92.405067
vt -2.380952 -87.341774
vt -2.380952 -89.873421
vt -2.380952 -84.810127
vt -2.380952 -79.746841
vt -2.380952 -82.278481
vt -2.380952 -77.215195
vt -2.380952 -74.683548
vt -2.380952 -69.620255
vt -2.380952 -72.151901
vt -2.380952 -67.088608
vt -2.380952 -62.025318
vt -2.380952 -64.556961
vt -2.380952 -56.962025
vt -2.380952 -59.493671
vt -2.380952 -51.898735
vt -2.380952 -54.430378
vt -2.380952 -46.835442
vt -2.380952 -49.367088
vt -2.380952 -41.772152
vt -2.380952 -44.303795
vt -2.380952 -39.240505
vt -2.380952 -34.177216
vt -2.380952 -36.708858
vt -2.380952 -31.645569
vt -2.380952 -29.113926
vt -2.380952 -26.582279
vt -2.380952 -24.050632
vt -2.380952 -18.987341
vt -2.380952 -21.518988
vt -2.380952 -16.455696
vt -2.380952 -13.924051
vt -2.380952 -11.392405
vt -2.380952 -6.329114
vt -2.380952 -8.860760
vt -2.380952 -3.797468
vt -2.380952 -1.265823
vt -2.380952 1.265823
vt -2.380952 3.797468
vt -2.380952 8.860760
vt -2.380952 6.329114
vt -2.380952 13.924051
vt -2.380952 11.392405
vt -2.380952 16.455696
vt -2.380952 18.987341
vt -2.380952 24.050632
vt -2.380952 21.518988
vt -2.380952 26.582279
vt -2.380952 29.113926
vt -2.380952 31.645569
vt -2.380952 36.708858
vt -2.380952 34.177216
vt -2.380952 39.240505
vt -2.380952 41.772152
vt -2.380952 46.835442
vt -2.380952 44.303795
vt -2.380952 51.898735
vt -2.380952 49.367088
vt -2.380952 54.430378
vt -2.380952 56.962025
vt -2.380952 59.493671
vt -2.380952 64.556961
vt -2.380952 62.025318
vt -2.380952 67.088608
vt -2.380952 69.620255
vt -2.380952 74.683548
vt -2.380952 72.151901
vt -2.380952 77.215195
vt -2.380952 79.746841
vt -2.380952 84.810127
vt -2.380952 82.278481
vt -2.380952 87.341774
vt -2.380952 89.873421
vt -2.380952 92.405067
vt -2.380952 97.468353
vt -2.380952 94.936707
vt -3.968254 100.000000
vt -0.793651 -100.000000
vt -0.793651 -94.936707
vt -0.793651 -97.468353
vt -0.793651 -92.405067
vt -0.793651 -89.873421
vt -0.793651 -84.810127
vt -0.793651 -87.341774
vt -0.793651 -82.278481
vt -0.793651 -77.215195
vt -0.793651 -79.746841
vt -0.793651 -72.151901
vt -0.793651 -74.683548
vt -0.793651 -67.088608
vt -0.793651 -69.620255
vt -0.793651 -64.556961
vt -0.793651 -59.493671
vt -0.793651 -62.025318
vt -0.793651 -56.962025
vt -0.793651 -54.430378
vt -0.793651 -51.898735
vt -0.793651 -46.835442
vt -0.793651 -49.367088
vt -0.793651 -44.303795
vt -0.793651 -41.772152
vt -0.793651 -39.240505
vt -0.793651 -36.708858
vt -0.793651 -31.645569
vt -0.793651 -34.177216
vt -0.793651 -29.113926
vt -0.793651 -24.050632
vt -0.793651 -26.582279
vt -0.793651 -21.518988
vt -0.793651 -18.987341
vt -0.793651 -16.455696
vt -0.793651 -13.924051
vt -0.793651 -8.860760
vt -0.793651 -11.392405
vt -0.793651 -3.797468
vt -0.793651 -6.329114
vt -0.793651 -1.265823
vt -0.793651 1.265823
vt -0.793651 3.797468
vt -0.793651 8.860760
vt -0.793651 6.329114
vt -0.793651 11.392405
vt -0.793651 16.455696
vt -0.793651 13.924051
vt -0.793651 18.987341
vt -0.793651 24.050632
vt -0.793651 21.518988
vt -0.793651 26.582279
vt -0.793651 31.645569
vt -0.793651 29.113926
vt -0.793651 34.177216
vt -0.793651 39.240505
vt -0.793651 36.708858
vt -0.793651 41.772152
vt -0.793651 44.303795
vt -0.793651 49.367088
vt -0.793651 46.835442
vt -0.793651 51.898735
vt -0.793651 54.430378
vt -0.793651 56.962025
vt -0.793651 62.025318
vt -0.793651 59.493671
vt -0.793651 64.556961
vt -0.793651 69.620255
vt -0.793651 67.088608
vt -0.793651 72.151901
vt -0.793651 77.215195
vt -0.793651 74.683548
vt -0.793651 82.278481
vt -0.793651 79.746841
vt -0.793651 84.810127
vt -0.793651 87.341774
vt -0.793651 89.873421
vt -0.793651 92.405067
vt -0.793651 97.468353
vt -0.793651 94.936707
vt -2.380952 100.000000
vt 0.793651 -100.000000
vt 0.793651 -94.936707
vt 0.793651 -97.468353
vt 0.793651 -92.405067
vt 0.793651 -89.873421
vt 0.793651 -84.810127
vt 0.793651 -87.341774
vt 0.793651 -82.278481
vt 0.793651 -77.215195
vt 0.793651 -79.746841
vt 0.793651 -74.683548
vt 0.793651 -72.151901
vt 0.793651 -69.620255
vt 0.793651 -67.088608
vt 0.793651 -62.025318
vt 0.793651 -64.556961
vt 0.793651 -56.962025
vt 0.793651 -59.493671
vt 0.793651 -54.430378
vt 0.793651 -51.898735
vt 0.793651 -46.835442
vt 0.793651 -49.367088
vt 0.793651 -44.303795
vt 0.793651 -39.240505
vt 0.793651 -41.772152
vt 0.793651 -36.708858
vt 0.793651 -31.645569
vt 0.793651 -34.177216
vt 0.793651 -26.582279
vt 0.793651 -29.113926
vt 0.793651 -24.050632
vt 0.793651 -21.518988
vt 0.793651 -16.455696
vt 0.793651 -18.987341
vt 0.793651 -13.924051
vt 0.793651 -8.860760
vt 0.793651 -11.392405
vt 0.793651 -6.329114
vt 0.793651 -3.797468
vt 0.793651 1.265823
vt 0.793651 -1.265823
vt 0.793651 3.797468
vt 0.793651 8.860760
vt 0.793651 6.329114
vt 0.793651 11.392405
vt 0.793651 16.455696
vt 0.793651 13.924051
vt 0.793651 21.518988
vt 0.793651 18.987341
vt 0.793651 24.050632
vt 0.793651 26.582279
vt 0.793651 29.113926
vt 0.793651 34.177216
vt 0.793651 31.645569
vt 0.793651 36.708858
vt 0.793651 39.240505
vt 0.793651 44.303795
vt 0.793651 41.772152
vt 0.793651 46.835442
vt 0.793651 49.367088
vt 0.793651 51.898735
vt 0.793651 56.962025
vt 0.793651 54.430378
vt 0.793651 62.025318
vt 0.793651 59.493671
vt 0.793651 67.088608
vt 0.793651 64.556961
vt 0.793651 72.151901
vt 0.793651 69.620255
vt 0.793651 74.683548
vt 0.793651 77.215195
vt 0.793651 79.746841
vt 0.793651 84.810127
vt 0.793651 82.278481
vt 0.793651 87.341774
vt 0.793651 89.873421
vt 0.793651 92.405067
vt 0.793651 97.468353
vt 0.793651 94.936707
vt 0.793651 100.000000
vt 2.380952 -100.000000
vt 2.380952 -97.468353
vt 2.380952 -92.405067
vt 2.380952 -94.936707
vt 2.380952 -87.341774
vt 2.380952 -89.873421
vt 2.380952 -84.810127
vt 2.380952 -82.278481
vt 2.380952 -77.215195
vt 2.380952 -79.746841
vt 2.380952 -72.151901
vt 2.380952 -74.683548
vt 2.380952 -69.620255
vt 2.380952 -67.088608
vt 2.380952 -62.025318
vt 2.380952 -64.556961
vt 2.380952 -56.962025
vt 2.380952 -59.493671
vt 2.380952 -51.898735
vt 2.380952 -54.430378
vt 2.380952 -49.367088
vt 2.380952 -46.835442
vt 2.380952 -44.303795
vt 2.380952 -39.240505
vt 2.380952 -41.772152
vt 2.380952 -36.708858
vt 2.380952 -34.177216
vt 2.380952 -31.645569
vt 2.380952 -29.113926
vt 2.380952 -24.050632
vt 2.380952 -26.582279
vt 2.380952 -18.987341
vt 2.380952 -21.518988
vt 2.380952 -16.455696
vt 2.380952 -11.392405
vt 2.380952 -13.924051
vt 2.380952 -6.329114
vt 2.380952 -8.860760
vt 2.380952 -3.797468
vt 2.380952 -1.265823
vt 2.380952 1.265823
vt 2.380952 3.797468
vt 2.380952 8.860760
vt 2.380952 6.329114
vt 2.380952 11.392405
vt 2.380952 16.455696
vt 2.380952 13.924051
vt 2.380952 18.987341
vt 2.380952 21.518988
vt 2.380952 24.050632
vt 2.380952 29.113926
vt 2.380952 26.582279
vt 2.380952 31.645569
vt 2.380952 36.708858
vt 2.380952 34.177216
vt 2.380952 41.772152
vt 2.380952 39.240505
vt 2.380952 44.303795
vt 2.380952 46.835442
vt 2.380952 49.367088
vt 2.380952 54.430378
vt 2.380952 51.898735
vt 2.380952 56.962025
vt 2.380952 62.025318
vt 2.380952 59.493671
vt 2.380952 67.088608
vt 2.380952 64.556961
vt 2.380952 69.620255
vt 2.380952 74.683548
vt 2.380952 72.151901
vt 2.380952 77.215195
vt 2.380952 79.746841
vt 2.380952 82.278481
vt 2.380952 84.810127
vt 2.380952 87.341774
vt 2.380952 89.873421
vt 2.380952 92.405067
vt 2.380952 97.468353
vt 2.380952 94.936707
vt 2.380952 100.000000
vt 3.968254 -100.000000
vt 3.968254 -97.468353
vt 3.968254 -94.936707
vt 3.968254 -92.405067
vt 3.968254 -87.341774
vt 3.968254 -89.873421
vt 3.968254 -84.810127
vt 3.968254 -79.746841
vt 3.968254 -82.278481
vt 3.968254 -77.215195
vt 3.968254 -72.151901
vt 3.968254 -74.683548
vt 3.968254 -69.620255
vt 3.968254 -67.088608
vt 3.968254 -64.556961
vt 3.968254 -59.493671
vt 3.968254 -62.025318
vt 3.968254 -56.962025
vt 3.968254 -54.430378
vt 3.968254 -51.898735
vt 3.968254 -46.835442
vt 3.968254 -49.367088
vt 3.968254 -44.303795
vt 3.968254 -41.772152
vt 3.968254 -36.708858
vt 3.968254 -39.240505
vt 3.968254 -31.645569
vt 3.968254 -34.177216
vt 3.968254 -26.582279
vt 3.968254 -29.113926
vt 3.968254 -24.050632
vt 3.968254 -21.518988
vt 3.968254 -16.455696
vt 3.968254 -18.987341
vt 3.968254 -13.924051
vt 3.968254 -11.392405
vt 3.968254 -8.860760
vt 3.968254 -6.329114
vt 3.968254 -1.265823
vt 3.968254 -3.797468
vt 3.968254 1.265823
vt 3.968254 3.797468
vt 3.968254 6.329114
vt 3.968254 8.860760
vt 3.968254 13.924051
vt 3.968254 11.392405
vt 3.968254 16.455696
vt 3.968254 21.518988
vt 3.968254 18.987341
vt 3.968254 26.582279
vt 3.968254 24.050632
vt 3.968254 29.113926
vt 3.968254 34.177216
vt 3.968254 31.645569
vt 3.968254 39.240505
vt 3.968254 36.708858
vt 3.968254 41.772152
vt 3.968254 44.303795
vt 3.968254 49.367088
vt 3.968254 46.835442
vt 3.968254 54.430378
vt 3.968254 51.898735
vt 3.968254 56.962025
vt 3.968254 62.025318
vt 3.968254 59.493671
vt 3.968254 64.556961
vt 3.968254 67.088608
vt 3.968254 72.151901
vt 3.968254 69.620255
vt 3.968254 74.683548
vt 3.968254 77.215195
vt 3.968254 79.746841
vt 3.968254 82.278481
vt 3.968254 84.810127
vt 3.968254 87.341774
vt 3.968254 89.873421
vt 3.968254 92.405067
vt 3.968254 94.936707
vt 3.968254 97.468353
vt 5.555556 -100.000000
vt 5.555556 -97.468353
vt 5.555556 -94.936707
vt 5.555556 -92.405067
vt 5.555556 -87.341774
vt 5.555556 -89.873421
vt 5.555556 -84.810127
vt 5.555556 -79.746841
vt 5.555556 -82.278481
vt 5.555556 -77.215195
vt 5.555556 -72.151901
vt 5.555556 -74.683548
vt 5.555556 -69.620255
vt 5.555556 -67.088608
vt 5.555556 -64.556961
vt 5.555556 -59.493671
vt 5.555556 -62.025318
vt 5.555556 -56.962025
vt 5.555556 -54.430378
vt 5.555556 -51.898735
vt 5.555556 -49.367088
vt 5.555556 -46.835442
vt 5.555556 -44.303795
vt 5.555556 -41.772152
vt 5.555556 -36.708858
vt 5.555556 -39.240505
vt 5.555556 -34.177216
vt 5.555556 -31.645569
vt 5.555556 -29.113926
vt 5.555556 -24.050632
vt 5.555556 -26.582279
vt 5.555556 -21.518988
vt 5.555556 -18.987341
vt 5.555556 -13.924051
vt 5.555556 -16.455696
vt 5.555556 -11.392405
vt 5.555556 -8.860760
vt 5.555556 -6.329114
vt 5.555556 -1.265823
vt 5.555556 -3.797468
vt 5.555556 3.797468
vt 5.555556 1.265823
vt 5.555556 6.329114
vt 5.555556 11.392405
vt 5.555556 8.860760
vt 5.555556 16.455696
vt 5.555556 13.924051
vt 5.555556 18.987341
vt 5.555556 24.050632
vt 5.555556 21.518988
vt 5.555556 26.582279
vt 5.555556 29.113926
vt 5.555556 34.177216
vt 5.555556 31.645569
vt 5.555556 36.708858
vt 5.555556 41.772152
vt 5.555556 39.240505
vt 5.555556 44.303795
vt 5.555556 46.835442
vt 5.555556 49.367088
vt 5.555556 51.898735
vt 5.555556 54.430378
vt 5.555556 56.962025
vt 5.555556 62.025318
vt 5.555556 59.493671
vt 5.555556 67.088608
vt 5.555556 64.556961
vt 5.555556 69.620255
vt 5.555556 74.683548
vt 5.555556 72.151901
vt 5.555556 79.746841
vt 5.555556 77.215195
vt 5.555556 82.278481
vt 5.555556 87.341774
vt 5.555556 84.810127
vt 5.555556 89.873421
vt 5.555556 94.936707
vt 5.555556 92.405067
vt 5.555556 97.468353
vt 3.968254 100.000000
vt 7.142858 -100.000000
vt 7.142858 -97.468353
vt 7.142858 -94.936707
vt 7.142858 -89.873421
vt 7.142858 -92.405067
vt 7.142858 -87.341774
vt 7.142858 -84.810127
vt 7.142858 -82.278481
vt 7.142858 -79.746841
vt 7.142858 -77.215195
vt 7.142858 -74.683548
vt 7.142858 -72.151901
vt 7.142858 -69.620255
vt 7.142858 -64.556961
vt 7.142858 -67.088608
vt 7.142858 -62.025318
vt 7.142858 -59.493671
vt 7.142858 -56.962025
vt 7.142858 -54.430378
vt 7.142858 -51.898735
vt 7.142858 -49.367088
vt 7.142858 -46.835442
vt 7.142858 -44.303795
vt 7.142858 -41.772152
vt 7.142858 -36.708858
vt 7.142858 -39.240505
vt 7.142858 -34.177216
vt 7.142858 -31.645569
vt 7.142858 -29.113926
vt 7.142858 -26.582279
vt 7.142858 -24.050632
vt 7.142858 -21.518988
vt 7.142858 -18.987341
vt 7.142858 -16.455696
vt 7.142858 -13.924051
vt 7.142858 -8.860760
vt 7.142858 -11.392405
vt 7.142858 -6.329114
vt 7.142858 -3.797468
vt 7.142858 -1.265823
vt 7.142858 1.265823
vt 7.142858 6.329114
vt 7.142858 3.797468
vt 7.142858 11.392405
vt 7.142858 8.860760
vt 7.142858 13.924051
vt 7.142858 16.455696
vt 7.142858 21.518988
vt 7.142858 18.987341
vt 7.142858 26.582279
vt 7.142858 24.050632
vt 7.142858 29.113926
vt 7.142858 31.645569
vt 7.142858 36.708858
vt 7.142858 34.177216
vt 7.142858 39.240505
vt 7.142858 44.303795
vt 7.142858 41.772152
vt 7.142858 49.367088
vt 7.142858 46.835442
vt 7.142858 51.898735
vt 7.142858 56.962025
vt 7.142858 54.430378
vt 7.142858 59.493671
vt 7.142858 64.556961
vt 7.142858 62.025318
vt 7.142858 67.088608
vt 7.142858 72.151901
vt 7.142858 69.620255
vt 7.142858 74.683548
vt 7.142858 79.746841
vt 7.142858 77.215195
vt 7.142858 82.278481
vt 7.142858 84.810127
vt 7.142858 87.341774
vt 7.142858 89.873421
vt 7.142858 92.405067
vt 7.142858 94.936707
vt 7.142858 97.468353
vt 5.555556 100.000000
vt 8.730159 -97.468353
vt 8.730159 -100.000000
vt 8.730159 -94.936707
vt 8.730159 -89.873421
vt 8.730159 -92.405067
vt 8.730159 -87.341774
vt 8.730159 -84.810127
vt 8.730159 -82.278481
vt 8.730159 -79.746841
vt 8.730159 -77.215195
vt 8.730159 -74.683548
vt 8.730159 -72.151901
vt 8.730159 -69.620255
vt 8.730159 -64.556961
vt 8.730159 -67.088608
vt 8.730159 -62.025318
vt 8.730159 -59.493671
vt 8.730159 -54.430378
vt 8.730159 -56.962025
vt 8.730159 -51.898735
vt 8.730159 -49.367088
vt 8.730159 -44.303795
vt 8.730159 -46.835442
vt 8.730159 -41.772152
vt 8.730159 -39.240505
vt 8.730159 -34.177216
vt 8.730159 -36.708858
vt 8.730159 -31.645569
vt 8.730159 -29.113926
vt 8.730159 -26.582279
vt 8.730159 -24.050632
vt 8.730159 -21.518988
vt 8.730159 -18.987341
vt 8.730159 -16.455696
vt 8.730159 -13.924051
vt 8.730159 -11.392405
vt 8.730159 -8.860760
vt 8.730159 -6.329114
vt 8.730159 -3.797468
vt 8.730159 1.265823
vt 8.730159 -1.265823
vt 8.730159 3.797468
vt 8.730159 8.860760
vt 8.730159 6.329114
vt 8.730159 11.392405
vt 8.730159 13.924051
vt 8.730159 18.987341
vt 8.730159 16.455696
vt 8.730159 24.050632
vt 8.730159 21.518988
vt 8.730159 29.113926
vt 8.730159 26.582279
vt 8.730159 31.645569
vt 8.730159 36.708858
vt 8.730159 34.177216
vt 8.730159 39.240505
vt 8.730159 41.772152
vt 8.730159 46.835442
vt 8.730159 44.303795
vt 8.730159 51.898735
vt 8.730159 49.367088
vt 8.730159 54.430378
vt 8.730159 56.962025
vt 8.730159 62.025318
vt 8.730159 59.493671
vt 8.730159 67.088608
vt 8.730159 64.556961
vt 8.730159 69.620255
vt 8.730159 74.683548
vt 8.730159 72.151901
vt 8.730159 79.746841
vt 8.730159 77.215195
vt 8.730159 82.278481
vt 8.730159 84.810127
vt 8.730159 89.873421
vt 8.730159 87.341774
vt 8.730159 92.405067
vt 8.730159 94.936707
vt 8.730159 100.000000
vt 8.730159 97.468353
vt 10.317461 -97.468353
vt 10.317461 -100.000000
vt 10.317461 -94.936707
vt 10.317461 -92.405067
vt 10.317461 -89.873421
vt 10.317461 -87.341774
vt 10.317461 -84.810127
vt 10.317461 -82.278481
vt 10.317461 -79.746841
vt 10.317461 -77.215195
vt 10.317461 -72.151901
vt 10.317461 -74.683548
vt 10.317461 -69.620255
vt 10.317461 -67.088608
vt 10.317461 -64.556961
vt 10.317461 -62.025318
vt 10.317461 -59.493671
vt 10.317461 -56.962025
vt 10.317461 -54.430378
vt 10.317461 -51.898735
vt 10.317461 -49.367088
vt 10.317461 -46.835442
vt 10.317461 -44.303795
vt 10.317461 -39.240505
vt 10.317461 -41.772152
vt 10.317461 -34.177216
vt 10.317461 -36.708858
vt 10.317461 -29.113926
vt 10.317461 -31.645569
vt 10.317461 -26.582279
vt 10.317461 -21.518988
vt 10.317461 -24.050632
vt 10.317461 -18.987341
vt 10.317461 -16.455696
vt 10.317461 -11.392405
vt 10.317461 -13.924051
vt 10.317461 -8.860760
vt 10.317461 -6.329114
vt 10.317461 -3.797468
vt 10.317461 -1.265823
vt 10.317461 1.265823
vt 10.317461 3.797468
vt 10.317461 6.329114
vt 10.317461 11.392405
vt 10.317461 8.860760
vt 10.317461 13.924051
vt 10.317461 16.455696
vt 10.317461 18.987341
vt 10.317461 21.518988
vt 10.317461 26.582279
vt 10.317461 24.050632
vt 10.317461 29.113926
vt 10.317461 31.645569
vt 10.317461 34.177216
vt 10.317461 39.240505
vt 10.317461 36.708858
vt 10.317461 44.303795
vt 10.317461 41.772152
vt 10.317461 46.835442
vt 10.317461 49.367088
vt 10.317461 51.898735
vt 10.317461 54.430378
vt 10.317461 59.493671
vt 10.317461 56.962025
vt 10.317461 64.556961
vt 10.317461 62.025318
vt 10.317461 67.088608
vt 10.317461 72.151901
vt 10.317461 69.620255
vt 10.317461 74.683548
vt 10.317461 79.746841
vt 10.317461 77.215195
vt 10.317461 82.278481
vt 10.317461 84.810127
vt 10.317461 89.873421
vt 10.317461 87.341774
vt 10.317461 92.405067
vt 10.317461 97.468353
vt 10.317461 94.936707
vt 11.904762 -97.468353
vt 11.904762 -100.000000
vt 11.904762 -94.936707
vt 11.904762 -92.405067
vt 11.904762 -89.873421
vt 11.904762 -87.341774
vt 11.904762 -84.810127
vt 11.904762 -82.278481
vt 11.904762 -79.746841
vt 11.904762 -77.215195
vt 11.904762 -74.683548
vt 11.904762 -69.620255
vt 11.904762 -72.151901
vt 11.904762 -67.088608
vt 11.904762 -62.025318
vt 11.904762 -64.556961
vt 11.904762 -56.962025
vt 11.904762 -59.493671
vt 11.904762 -54.430378
vt 11.904762 -49.367088
vt 11.904762 -51.898735
vt 11.904762 -46.835442
vt 11.904762 -41.772152
vt 11.904762 -44.303795
vt 11.904762 -39.240505
vt 11.904762 -36.708858
vt 11.904762 -31.645569
vt 11.904762 -34.177216
vt 11.904762 -26.582279
vt 11.904762 -29.113926
vt 11.904762 -24.050632
vt 11.904762 -21.518988
vt 11.904762 -16.455696
vt 11.904762 -18.987341
vt 11.904762 -13.924051
vt 11.904762 -11.392405
vt 11.904762 -6.329114
vt 11.904762 -8.860760
vt 11.904762 -3.797468
vt 11.904762 -1.265823
vt 11.904762 1.265823
vt 11.904762 3.797468
vt 11.904762 6.329114
vt 11.904762 8.860760
vt 11.904762 11.392405
vt 11.904762 13.924051
vt 11.904762 16.455696
vt 11.904762 21.518988
vt 11.904762 18.987341
vt 11.904762 26.582279
vt 11.904762 24.050632
vt 11.904762 31.645569
vt 11.904762 29.113926
vt 11.904762 34.177216
vt 11.904762 39.240505
vt 11.904762 36.708858
vt 11.904762 44.303795
vt 11.904762 41.772152
vt 11.904762 46.835442
vt 11.904762 51.898735
vt 11.904762 49.367088
vt 11.904762 54.430378
vt 11.904762 59.493671
vt 11.904762 56.962025
vt 11.904762 62.025318
vt 11.904762 67.088608
vt 11.904762 64.556961
vt 11.904762 72.151901
vt 11.904762 69.620255
vt 11.904762 74.683548
vt 11.904762 79.746841
vt 11.904762 77.215195
vt 11.904762 82.278481
vt 11.904762 84.810127
vt 11.904762 87.341774
vt 11.904762 92.405067
vt 11.904762 89.873421
vt 11.904762 94.936707
vt 11.904762 97.468353
vt 10.317461 100.000000
vt 13.492064 -97.468353
vt 13.492064 -100.000000
vt 13.492064 -94.936707
vt 13.492064 -92.405067
vt 13.492064 -89.873421
vt 13.492064 -87.341774
vt 13.492064 -84.810127
vt 13.492064 -82.278481
vt 13.492064 -79.746841
vt 13.492064 -77.215195
vt 13.492064 -74.683548
vt 13.492064 -69.620255
vt 13.492064 -72.151901
vt 13.492064 -64.556961
vt 13.492064 -67.088608
vt 13.492064 -59.493671
vt 13.492064 -62.025318
vt 13.492064 -56.962025
vt 13.492064 -51.898735
vt 13.492064 -54.430378
vt 13.492064 -46.835442
vt 13.492064 -49.367088
vt 13.492064 -44.303795
vt 13.492064 -41.772152
vt 13.492064 -36.708858
vt 13.492064 -39.240505
vt 13.492064 -34.177216
vt 13.492064 -29.113926
vt 13.492064 -31.645569
vt 13.492064 -24.050632
vt 13.492064 -26.582279
vt 13.492064 -18.987341
vt 13.492064 -21.518988
vt 13.492064 -16.455696
vt 13.492064 -13.924051
vt 13.492064 -8.860760
vt 13.492064 -11.392405
vt 13.492064 -6.329114
vt 13.492064 -1.265823
vt 13.492064 -3.797468
vt 13.492064 1.265823
vt 13.492064 3.797468
vt 13.492064 6.329114
vt 13.492064 8.860760
vt 13.492064 11.392405
vt 13.492064 13.924051
vt 13.492064 16.455696
vt 13.492064 18.987341
vt 13.492064 21.518988
vt 13.492064 26.582279
vt 13.492064 24.050632
vt 13.492064 31.645569
vt 13.492064 29.113926
vt 13.492064 34.177216
vt 13.492064 39.240505
vt 13.492064 36.708858
vt 13.492064 41.772152
vt 13.492064 44.303795
vt 13.492064 49.367088
vt 13.492064 46.835442
vt 13.492064 51.898735
vt 13.492064 56.962025
vt 13.492064 54.430378
vt 13.492064 59.493671
vt 13.492064 62.025318
vt 13.492064 64.556961
vt 13.492064 67.088608
vt 13.492064 69.620255
vt 13.492064 74.683548
vt 13.492064 72.151901
vt 13.492064 77.215195
vt 13.492064 79.746841
vt 13.492064 82.278481
vt 13.492064 84.810127
vt 13.492064 89.873421
vt 13.492064 87.341774
vt 13.492064 92.405067
vt 13.492064 94.936707
vt 13.492064 97.468353
vt 11.904762 100.000000
vt 15.079366 -100.000000
vt 15.079366 -97.468353
vt 15.079366 -94.936707
vt 15.079366 -89.873421
vt 15.079366 -92.405067
vt 15.079366 -87.341774
vt 15.079366 -84.810127
vt 15.079366 -82.278481
vt 15.079366 -79.746841
vt 15.079366 -77.215195
vt 15.079366 -72.151901
vt 15.079366 -74.683548
vt 15.079366 -69.620255
vt 15.079366 -67.088608
vt 15.079366 -64.556961
vt 15.079366 -59.493671
vt 15.079366 -62.025318
vt 15.079366 -56.962025
vt 15.079366 -54.430378
vt 15.079366 -49.367088
vt 15.079366 -51.898735
vt 15.079366 -44.303795
vt 15.079366 -46.835442
vt 15.079366 -41.772152
vt 15.079366 -39.240505
vt 15.079366 -34.177216
vt 15.079366 -36.708858
vt 15.079366 -31.645569
vt 15.079366 -29.113926
vt 15.079366 -26.582279
vt 15.079366 -24.050632
vt 15.079366 -21.518988
vt 15.079366 -18.987341
vt 15.079366 -16.455696
vt 15.079366 -11.392405
vt 15.079366 -13.924051
vt 15.079366 -6.329114
vt 15.079366 -8.860760
vt 15.079366 -1.265823
vt 15.079366 -3.797468
vt 15.079366 3.797468
vt 15.079366 1.265823
vt 15.079366 6.329114
vt 15.079366 8.860760
vt 15.079366 11.392405
vt 15.079366 13.924051
vt 15.079366 16.455696
vt 15.079366 18.987341
vt 15.079366 21.518988
vt 15.079366 24.050632
vt 15.079366 26.582279
vt 15.079366 29.113926
vt 15.079366 31.645569
vt 15.079366 34.177216
vt 15.079366 39.240505
vt 15.079366 36.708858
vt 15.079366 41.772152
vt 15.079366 44.303795
vt 15.079366 49.367088
vt 15.079366 46.835442
vt 15.079366 51.898735
vt 15.079366 56.962025
vt 15.079366 54.430378
vt 15.079366 62.025318
vt 15.079366 59.493671
vt 15.079366 64.556961
vt 15.079366 67.088608
vt 15.079366 69.620255
vt 15.079366 72.151901
vt 15.079366 74.683548
vt 15.079366 77.215195
vt 15.079366 79.746841
vt 15.079366 82.278481
vt 15.079366 87.341774
vt 15.079366 84.810127
vt 15.079366 89.873421
vt 15.079366 92.405067
vt 15.079366 94.936707
vt 15.079366 97.468353
vt 13.492064 100.000000
vt 16.666668 -100.000000
vt 16.666668 -97.468353
vt 16.666668 -94.936707
vt 16.666668 -92.405067
vt 16.666668 -89.873421
vt 16.666668 -84.810127
vt 16.666668 -87.341774
vt 16.666668 -82.278481
vt 16.666668 -79.746841
vt 16.666668 -77.215195
vt 16.666668 -74.683548
vt 16.666668 -72.151901
vt 16.666668 -67.088608
vt 16.666668 -69.620255
vt 16.666668 -64.556961
vt 16.666668 -59.493671
vt 16.666668 -62.025318
vt 16.666668 -54.430378
vt 16.666668 -56.962025
vt 16.666668 -51.898735
vt 16.666668 -49.367088
vt 16.666668 -44.303795
vt 16.666668 -46.835442
vt 16.666668 -41.772152
vt 16.666668 -39.240505
vt 16.666668 -36.708858
vt 16.666668 -31.645569
vt 16.666668 -34.177216
vt 16.666668 -29.113926
vt 16.666668 -26.582279
vt 16.666668 -21.518988
vt 16.666668 -24.050632
vt 16.666668 -18.987341
vt 16.666668 -13.924051
vt 16.666668 -16.455696
vt 16.666668 -8.860760
vt 16.666668 -11.392405
vt 16.666668 -6.329114
vt 16.666668 -3.797468
vt 16.666668 -1.265823
vt 16.666668 1.265823
vt 16.666668 6.329114
vt 16.666668 3.797468
vt 16.666668 8.860760
vt 16.666668 11.392405
vt 16.666668 16.455696
vt 16.666668 13.924051
vt 16.666668 21.518988
vt 16.666668 18.987341
vt 16.666668 24.050632
vt 16.666668 26.582279
vt 16.666668 29.113926
vt 16.666668 31.645569
vt 16.666668 34.177216
vt 16.666668 36.708858
vt 16.666668 39.240505
vt 16.666668 41.772152
vt 16.666668 44.303795
vt 16.666668 49.367088
vt 16.666668 46.835442
vt 16.666668 51.898735
vt 16.666668 56.962025
vt 16.666668 54.430378
vt 16.666668 62.025318
vt 16.666668 59.493671
vt 16.666668 64.556961
vt 16.666668 67.088608
vt 16.666668 69.620255
vt 16.666668 72.151901
vt 16.666668 74.683548
vt 16.666668 77.215195
vt 16.666668 82.278481
vt 16.666668 79.746841
vt 16.666668 84.810127
vt 16.666668 87.341774
vt 16.666668 89.873421
vt 16.666668 92.405067
vt 16.666668 94.936707
vt 16.666668 97.468353
vt 15.079366 100.000000
vt 18.253969 -100.000000
vt 18.253969 -97.468353
vt 18.253969 -94.936707
vt 18.253969 -92.405067
vt 18.253969 -89.873421
vt 18.253969 -87.341774
vt 18.253969 -84.810127
vt 18.253969 -82.278481
vt 18.253969 -77.215195
vt 18.253969 -79.746841
vt 18.253969 -72.151901
vt 18.253969 -74.683548
vt 18.253969 -69.620255
vt 18.253969 -67.088608
vt 18.253969 -64.556961
vt 18.253969 -62.025318
vt 18.253969 -56.962025
vt 18.253969 -59.493671
vt 18.253969 -54.430378
vt 18.253969 -49.367088
vt 18.253969 -51.898735
vt 18.253969 -44.303795
vt 18.253969 -46.835442
vt 18.253969 -41.772152
vt 18.253969 -39.240505
vt 18.253969 -34.177216
vt 18.253969 -36.708858
vt 18.253969 -29.113926
vt 18.253969 -31.645569
vt 18.253969 -26.582279
vt 18.253969 -24.050632
vt 18.253969 -18.987341
vt 18.253969 -21.518988
vt 18.253969 -13.924051
vt 18.253969 -16.455696
vt 18.253969 -8.860760
vt 18.253969 -11.392405
vt 18.253969 -6.329114
vt 18.253969 -3.797468
vt 18.253969 -1.265823
vt 18.253969 3.797468
vt 18.253969 1.265823
vt 18.253969 8.860760
vt 18.253969 6.329114
vt 18.253969 11.392405
vt 18.253969 16.455696
vt 18.253969 13.924051
vt 18.253969 18.987341
vt 18.253969 21.518988
vt 18.253969 26.582279
vt 18.253969 24.050632
vt 18.253969 29.113926
vt 18.253969 31.645569
vt 18.253969 34.177216
vt 18.253969 36.708858
vt 18.253969 41.772152
vt 18.253969 39.240505
vt 18.253969 44.303795
vt 18.253969 46.835442
vt 18.253969 49.367088
vt 18.253969 51.898735
vt 18.253969 54.430378
vt 18.253969 56.962025
vt 18.253969 62.025318
vt 18.253969 59.493671
vt 18.253969 64.556961
vt 18.253969 67.088608
vt 18.253969 69.620255
vt 18.253969 72.151901
vt 18.253969 74.683548
vt 18.253969 77.215195
vt 18.253969 82.278481
vt 18.253969 79.746841
vt 18.253969 84.810127
vt 18.253969 87.341774
vt 18.253969 89.873421
vt 18.253969 92.405067
vt 18.253969 94.936707
vt 18.253969 100.000000
vt 18.253969 97.468353
vt 19.841270 -97.468353
vt 19.841270 -100.000000
vt 19.841270 -94.936707
vt 19.841270 -92.405067
vt 19.841270 -89.873421
vt 19.841270 -87.341774
vt 19.841270 -84.810127
vt 19.841270 -79.746841
vt 19.841270 -82.278481
vt 19.841270 -77.215195
vt 19.841270 -72.151901
vt 19.841270 -74.683548
vt 19.841270 -69.620255
vt 19.841270 -67.088608
vt 19.841270 -64.556961
vt 19.841270 -62.025318
vt 19.841270 -59.493671
vt 19.841270 -54.430378
vt 19.841270 -56.962025
vt 19.841270 -49.367088
vt 19.841270 -51.898735
vt 19.841270 -46.835442
vt 19.841270 -44.303795
vt 19.841270 -41.772152
vt 19.841270 -36.708858
vt 19.841270 -39.240505
vt 19.841270 -34.177216
vt 19.841270 -31.645569
vt 19.841270 -26.582279
vt 19.841270 -29.113926
vt 19.841270 -24.050632
vt 19.841270 -18.987341
vt 19.841270 -21.518988
vt 19.841270 -16.455696
vt 19.841270 -11.392405
vt 19.841270 -13.924051
vt 19.841270 -6.329114
vt 19.841270 -8.860760
vt 19.841270 -3.797468
vt 19.841270 -1.265823
vt 19.841270 1.265823
vt 19.841270 6.329114
vt 19.841270 3.797468
vt 19.841270 8.860760
vt 19.841270 13.924051
vt 19.841270 11.392405
vt 19.841270 16.455696
vt 19.841270 21.518988
vt 19.841270 18.987341
vt 19.841270 24.050632
vt 19.841270 26.582279
vt 19.841270 29.113926
vt 19.841270 34.177216
vt 19.841270 31.645569
vt 19.841270 36.708858
vt 19.841270 39.240505
vt 19.841270 41.772152
vt 19.841270 44.303795
vt 19.841270 46.835442
vt 19.841270 49.367088
vt 19.841270 54.430378
vt 19.841270 51.898735
vt 19.841270 56.962025
vt 19.841270 62.025318
vt 19.841270 59.493671
vt 19.841270 64.556961
vt 19.841270 67.088608
vt 19.841270 69.620255
vt 19.841270 72.151901
vt 19.841270 74.683548
vt 19.841270 79.746841
vt 19.841270 77.215195
vt 19.841270 82.278481
vt 19.841270 84.810127
vt 19.841270 87.341774
vt 19.841270 89.873421
vt 19.841270 92.405067
vt 19.841270 94.936707
vt 19.841270 100.000000
vt 19.841270 97.468353
vt 21.428572 -100.000000
vt 21.428572 -97.468353
vt 21.428572 -94.936707
vt 21.428572 -92.405067
vt 21.428572 -89.873421
vt 21.428572 -87.341774
vt 21.428572 -84.810127
vt 21.428572 -82.278481
vt 21.428572 -77.215195
vt 21.428572 -79.746841
vt 21.428572 -74.683548
vt 21.428572 -72.151901
vt 21.428572 -69.620255
vt 21.428572 -67.088608
vt 21.428572 -64.556961
vt 21.428572 -62.025318
vt 21.428572 -59.493671
vt 21.428572 -54.430378
vt 21.428572 -56.962025
vt 21.428572 -51.898735
vt 21.428572 -46.835442
vt 21.428572 -49.367088
vt 21.428572 -41.772152
vt 21.428572 -44.303795
vt 21.428572 -39.240505
vt 21.428572 -34.177216
vt 21.428572 -36.708858
vt 21.428572 -31.645569
vt 21.428572 -26.582279
vt 21.428572 -29.113926
vt 21.428572 -24.050632
vt 21.428572 -21.518988
vt 21.428572 -16.455696
vt 21.428572 -18.987341
vt 21.428572 -13.924051
vt 21.428572 -8.860760
vt 21.428572 -11.392405
vt 21.428572 -3.797468
vt 21.428572 -6.329114
vt 21.428572 1.265823
vt 21.428572 -1.265823
vt 21.428572 3.797468
vt 21.428572 6.329114
vt 21.428572 11.392405
vt 21.428572 8.860760
vt 21.428572 13.924051
vt 21.428572 18.987341
vt 21.428572 16.455696
vt 21.428572 21.518988
vt 21.428572 24.050632
vt 21.428572 29.113926
vt 21.428572 26.582279
vt 21.428572 31.645569
vt 21.428572 34.177216
vt 21.428572 36.708858
vt 21.428572 39.240505
vt 21.428572 41.772152
vt 21.428572 46.835442
vt 21.428572 44.303795
vt 21.428572 51.898735
vt 21.428572 49.367088
vt 21.428572 56.962025
vt 21.428572 54.430378
vt 21.428572 59.493671
vt 21.428572 62.025318
vt 21.428572 67.088608
vt 21.428572 64.556961
vt 21.428572 69.620255
vt 21.428572 72.151901
vt 21.428572 74.683548
vt 21.428572 77.215195
vt 21.428572 82.278481
vt 21.428572 79.746841
vt 21.428572 84.810127
vt 21.428572 87.341774
vt 21.428572 89.873421
vt 21.428572 92.405067
vt 21.428572 94.936707
vt 21.428572 97.468353
vt 23.015873 -100.000000
vt 23.015873 -97.468353
vt 23.015873 -94.936707
vt 23.015873 -92.405067
vt 23.015873 -89.873421
vt 23.015873 -87.341774
vt 23.015873 -84.810127
vt 23.015873 -82.278481
vt 23.015873 -79.746841
vt 23.015873 -77.215195
vt 23.015873 -74.683548
vt 23.015873 -69.620255
vt 23.015873 -72.151901
vt 23.015873 -67.088608
vt 23.015873 -64.556961
vt 23.015873 -62.025318
vt 23.015873 -56.962025
vt 23.015873 -59.493671
vt 23.015873 -54.430378
vt 23.015873 -51.898735
vt 23.015873 -46.835442
vt 23.015873 -49.367088
vt 23.015873 -44.303795
vt 23.015873 -39.240505
vt 23.015873 -41.772152
vt 23.015873 -36.708858
vt 23.015873 -31.645569
vt 23.015873 -34.177216
vt 23.015873 -26.582279
vt 23.015873 -29.113926
vt 23.015873 -21.518988
vt 23.015873 -24.050632
vt 23.015873 -18.987341
vt 23.015873 -16.455696
vt 23.015873 -11.392405
vt 23.015873 -13.924051
vt 23.015873 -6.329114
vt 23.015873 -8.860760
vt 23.015873 -1.265823
vt 23.015873 -3.797468
vt 23.015873 3.797468
vt 23.015873 1.265823
vt 23.015873 6.329114
vt 23.015873 8.860760
vt 23.015873 13.924051
vt 23.015873 11.392405
vt 23.015873 16.455696
vt 23.015873 21.518988
vt 23.015873 18.987341
vt 23.015873 24.050632
vt 23.015873 26.582279
vt 23.015873 29.113926
vt 23.015873 31.645569
vt 23.015873 34.177216
vt 23.015873 36.708858
vt 23.015873 41.772152
vt 23.015873 39.240505
vt 23.015873 44.303795
vt 23.015873 46.835442
vt 23.015873 49.367088
vt 23.015873 54.430378
vt 23.015873 51.898735
vt 23.015873 59.493671
vt 23.015873 56.962025
vt 23.015873 62.025318
vt 23.015873 67.088608
vt 23.015873 64.556961
vt 23.015873 69.620255
vt 23.015873 72.151901
vt 23.015873 77.215195
vt 23.015873 74.683548
vt 23.015873 79.746841
vt 23.015873 82.278481
vt 23.015873 87.341774
vt 23.015873 84.810127
vt 23.015873 89.873421
vt 23.015873 92.405067
vt 23.015873 94.936707
vt 23.015873 97.468353
vt 21.428572 100.000000
vt 24.603176 -100.000000
vt 24.603176 -97.468353
vt 24.603176 -94.936707
vt 24.603176 -92.405067
vt 24.603176 -89.873421
vt 24.603176 -87.341774
vt 24.603176 -84.810127
vt 24.603176 -82.278481
vt 24.603176 -79.746841
vt 24.603176 -77.215195
vt 24.603176 -74.683548
vt 24.603176 -69.620255
vt 24.603176 -72.151901
vt 24.603176 -67.088608
vt 24.603176 -64.556961
vt 24.603176 -59.493671
vt 24.603176 -62.025318
vt 24.603176 -56.962025
vt 24.603176 -54.430378
vt 24.603176 -49.367088
vt 24.603176 -51.898735
vt 24.603176 -44.303795
vt 24.603176 -46.835442
vt 24.603176 -41.772152
vt 24.603176 -39.240505
vt 24.603176 -34.177216
vt 24.603176 -36.708858
vt 24.603176 -31.645569
vt 24.603176 -26.582279
vt 24.603176 -29.113926
vt 24.603176 -21.518988
vt 24.603176 -24.050632
vt 24.603176 -16.455696
vt 24.603176 -18.987341
vt 24.603176 -13.924051
vt 24.603176 -8.860760
vt 24.603176 -11.392405
vt 24.603176 -3.797468
vt 24.603176 -6.329114
vt 24.603176 1.265823
vt 24.603176 -1.265823
vt 24.603176 3.797468
vt 24.603176 8.860760
vt 24.603176 6.329114
vt 24.603176 13.924051
vt 24.603176 11.392405
vt 24.603176 16.455696
vt 24.603176 18.987341
vt 24.603176 24.050632
vt 24.603176 21.518988
vt 24.603176 29.113926
vt 24.603176 26.582279
vt 24.603176 31.645569
vt 24.603176 34.177216
vt 24.603176 39.240505
vt 24.603176 36.708858
vt 24.603176 41.772152
vt 24.603176 44.303795
vt 24.603176 46.835442
vt 24.603176 51.898735
vt 24.603176 49.367088
vt 24.603176 56.962025
vt 24.603176 54.430378
vt 24.603176 59.493671
vt 24.603176 62.025318
vt 24.603176 67.088608
vt 24.603176 64.556961
vt 24.603176 69.620255
vt 24.603176 72.151901
vt 24.603176 74.683548
vt 24.603176 79.746841
vt 24.603176 77.215195
vt 24.603176 82.278481
vt 24.603176 84.810127
vt 24.603176 87.341774
vt 24.603176 89.873421
vt 24.603176 92.405067
vt 24.603176 94.936707
vt 24.603176 97.468353
vt 23.015873 100.000000
vt 26.190475 -100.000000
vt 26.190475 -97.468353
vt 26.190475 -94.936707
vt 26.190475 -92.405067
vt 26.190475 -89.873421
vt 26.190475 -84.810127
vt 26.190475 -87.341774
vt 26.190475 -82.278481
vt 26.190475 -79.746841
vt 26.190475 -77.215195
vt 26.190475 -74.683548
vt 26.190475 -72.151901
vt 26.190475 -69.620255
vt 26.190475 -64.556961
vt 26.190475 -67.088608
vt 26.190475 -62.025318
vt 26.190475 -56.962025
vt 26.190475 -59.493671
vt 26.190475 -51.898735
vt 26.190475 -54.430378
vt 26.190475 -49.367088
vt 26.190475 -46.835442
vt 26.190475 -44.303795
vt 26.190475 -39.240505
vt 26.190475 -41.772152
vt 26.190475 -36.708858
vt 26.190475 -34.177216
vt 26.190475 -31.645569
vt 26.190475 -26.582279
vt 26.190475 -29.113926
vt 26.190475 -24.050632
vt 26.190475 -18.987341
vt 26.190475 -21.518988
vt 26.190475 -13.924051
vt 26.190475 -16.455696
vt 26.190475 -11.392405
vt 26.190475 -8.860760
vt 26.190475 -6.329114
vt 26.190475 -3.797468
vt 26.190475 -1.265823
vt 26.190475 1.265823
vt 26.190475 6.329114
vt 26.190475 3.797468
vt 26.190475 8.860760
vt 26.190475 11.392405
vt 26.190475 13.924051
vt 26.190475 18.987341
vt 26.190475 16.455696
vt 26.190475 24.050632
vt 26.190475 21.518988
vt 26.190475 29.113926
vt 26.190475 26.582279
vt 26.190475 31.645569
vt 26.190475 36.708858
vt 26.190475 34.177216
vt 26.190475 39.240505
vt 26.190475 44.303795
vt 26.190475 41.772152
vt 26.190475 46.835442
vt 26.190475 49.367088
vt 26.190475 54.430378
vt 26.190475 51.898735
vt 26.190475 59.493671
vt 26.190475 56.962025
vt 26.190475 62.025318
vt 26.190475 64.556961
vt 26.190475 67.088608
vt 26.190475 72.151901
vt 26.190475 69.620255
vt 26.190475 74.683548
vt 26.190475 77.215195
vt 26.190475 82.278481
vt 26.190475 79.746841
vt 26.190475 84.810127
vt 26.190475 87.341774
vt 26.190475 89.873421
vt 26.190475 92.405067
vt 26.190475 94.936707
vt 26.190475 97.468353
vt 24.603176 100.000000
vt 27.777777 -100.000000
vt 27.777777 -97.468353
vt 27.777777 -94.936707
vt 27.777777 -89.873421
vt 27.777777 -92.405067
vt 27.777777 -87.341774
vt 27.777777 -84.810127
vt 27.777777 -82.278481
vt 27.777777 -79.746841
vt 27.777777 -74.683548
vt 27.777777 -77.215195
vt 27.777777 -72.151901
vt 27.777777 -69.620255
vt 27.777777 -67.088608
vt 27.777777 -64.556961
vt 27.777777 -62.025318
vt 27.777777 -59.493671
vt 27.777777 -56.962025
vt 27.777777 -51.898735
vt 27.777777 -54.430378
vt 27.777777 -49.367088
vt 27.777777 -46.835442
vt 27.777777 -41.772152
vt 27.777777 -44.303795
vt 27.777777 -36.708858
vt 27.777777 -39.240505
vt 27.777777 -34.177216
vt 27.777777 -29.113926
vt 27.777777 -31.645569
vt 27.777777 -24.050632
vt 27.777777 -26.582279
vt 27.777777 -21.518988
vt 27.777777 -18.987341
vt 27.777777 -13.924051
vt 27.777777 -16.455696
vt 27.777777 -11.392405
vt 27.777777 -8.860760
vt 27.777777 -6.329114
vt 27.777777 -3.797468
vt 27.777777 1.265823
vt 27.777777 -1.265823
vt 27.777777 3.797468
vt 27.777777 8.860760
vt 27.777777 6.329114
vt 27.777777 11.392405
vt 27.777777 16.455696
vt 27.777777 13.924051
vt 27.777777 18.987341
vt 27.777777 24.050632
vt 27.777777 21.518988
vt 27.777777 26.582279
vt 27.777777 29.113926
vt 27.777777 31.645569
vt 27.777777 36.708858
vt 27.777777 34.177216
vt 27.777777 39.240505
vt 27.777777 44.303795
vt 27.777777 41.772152
vt 27.777777 46.835442
vt 27.777777 49.367088
vt 27.777777 51.898735
vt 27.777777 56.962025
vt 27.777777 54.430378
vt 27.777777 59.493671
vt 27.777777 62.025318
vt 27.777777 64.556961
vt 27.777777 69.620255
vt 27.777777 67.088608
vt 27.777777 74.683548
vt 27.777777 72.151901
vt 27.777777 79.746841
vt 27.777777 77.215195
vt 27.777777 82.278481
vt 27.777777 87.341774
vt 27.777777 84.810127
vt 27.777777 89.873421
vt 27.777777 92.405067
vt 27.777777 94.936707
vt 27.777777 97.468353
vt 26.190475 100.000000
vt 29.365078 -100.000000
vt 29.365078 -97.468353
vt 29.365078 -92.405067
vt 29.365078 -94.936707
vt 29.365078 -89.873421
vt 29.365078 -87.341774
vt 29.365078 -84.810127
vt 29.365078 -82.278481
vt 29.365078 -79.746841
vt 29.365078 -77.215195
vt 29.365078 -72.151901
vt 29.365078 -74.683548
vt 29.365078 -67.088608
vt 29.365078 -69.620255
vt 29.365078 -62.025318
vt 29.365078 -64.556961
vt 29.365078 -59.493671
vt 29.365078 -56.962025
vt 29.365078 -54.430378
vt 29.365078 -49.367088
vt 29.365078 -51.898735
vt 29.365078 -44.303795
vt 29.365078 -46.835442
vt 29.365078 -39.240505
vt 29.365078 -41.772152
vt 29.365078 -36.708858
vt 29.365078 -31.645569
vt 29.365078 -34.177216
vt 29.365078 -29.113926
vt 29.365078 -26.582279
vt 29.365078 -21.518988
vt 29.365078 -24.050632
vt 29.365078 -18.987341
vt 29.365078 -16.455696
vt 29.365078 -13.924051
vt 29.365078 -8.860760
vt 29.365078 -11.392405
vt 29.365078 -3.797468
vt 29.365078 -6.329114
vt 29.365078 -1.265823
vt 29.365078 1.265823
vt 29.365078 3.797468
vt 29.365078 8.860760
vt 29.365078 6.329114
vt 29.365078 13.924051
vt 29.365078 11.392405
vt 29.365078 16.455696
vt 29.365078 21.518988
vt 29.365078 18.987341
vt 29.365078 24.050632
vt 29.365078 26.582279
vt 29.365078 31.645569
vt 29.365078 29.113926
vt 29.365078 36.708858
vt 29.365078 34.177216
vt 29.365078 39.240505
vt 29.365078 44.303795
vt 29.365078 41.772152
vt 29.365078 49.367088
vt 29.365078 46.835442
vt 29.365078 54.430378
vt 29.365078 51.898735
vt 29.365078 59.493671
vt 29.365078 56.962025
vt 29.365078 62.025318
vt 29.365078 67.088608
vt 29.365078 64.556961
vt 29.365078 69.620255
vt 29.365078 72.151901
vt 29.365078 77.215195
vt 29.365078 74.683548
vt 29.365078 79.746841
vt 29.365078 82.278481
vt 29.365078 84.810127
vt 29.365078 89.873421
vt 29.365078 87.341774
vt 29.365078 92.405067
vt 29.365078 94.936707
vt 29.365078 97.468353
vt 27.777777 100.000000
vt 30.952381 -100.000000
vt 30.952381 -94.936707
vt 30.952381 -97.468353
vt 30.952381 -92.405067
vt 30.952381 -89.873421
vt 30.952381 -87.341774
vt 30.952381 -84.810127
vt 30.952381 -79.746841
vt 30.952381 -82.278481
vt 30.952381 -77.215195
vt 30.952381 -74.683548
vt 30.952381 -72.151901
vt 30.952381 -69.620255
vt 30.952381 -67.088608
vt 30.952381 -64.556961
vt 30.952381 -62.025318
vt 30.952381 -59.493671
vt 30.952381 -56.962025
vt 30.952381 -54.430378
vt 30.952381 -49.367088
vt 30.952381 -51.898735
vt 30.952381 -46.835442
vt 30.952381 -41.772152
vt 30.952381 -44.303795
vt 30.952381 -39.240505
vt 30.952381 -36.708858
vt 30.952381 -34.177216
vt 30.952381 -31.645569
vt 30.952381 -29.113926
vt 30.952381 -24.050632
vt 30.952381 -26.582279
vt 30.952381 -21.518988
vt 30.952381 -16.455696
vt 30.952381 -18.987341
vt 30.952381 -11.392405
vt 30.952381 -13.924051
vt 30.952381 -8.860760
vt 30.952381 -6.329114
vt 30.952381 -3.797468
vt 30.952381 1.265823
vt 30.952381 -1.265823
vt 30.952381 6.329114
vt 30.952381 3.797468
vt 30.952381 11.392405
vt 30.952381 8.860760
vt 30.952381 16.455696
vt 30.952381 13.924051
vt 30.952381 18.987341
vt 30.952381 24.050632
vt 30.952381 21.518988
vt 30.952381 26.582279
vt 30.952381 29.113926
vt 30.952381 34.177216
vt 30.952381 31.645569
vt 30.952381 36.708858
vt 30.952381 39.240505
vt 30.952381 41.772152
vt 30.952381 44.303795
vt 30.952381 46.835442
vt 30.952381 49.367088
vt 30.952381 51.898735
vt 30.952381 56.962025
vt 30.952381 54.430378
vt 30.952381 62.025318
vt 30.952381 59.493671
vt 30.952381 64.556961
vt 30.952381 67.088608
vt 30.952381 72.151901
vt 30.952381 69.620255
vt 30.952381 74.683548
vt 30.952381 77.215195
vt 30.952381 79.746841
vt 30.952381 82.278481
vt 30.952381 84.810127
vt 30.952381 87.341774
vt 30.952381 92.405067
vt 30.952381 89.873421
vt 30.952381 94.936707
vt 30.952381 97.468353
vt 29.365078 100.000000
vt 32.539680 -97.468353
vt 32.539680 -100.000000
vt 32.539680 -94.936707
vt 32.539680 -92.405067
vt 32.539680 -89.873421
vt 32.539680 -87.341774
vt 32.539680 -84.810127
vt 32.539680 -82.278481
vt 32.539680 -77.215195
vt 32.539680 -79.746841
vt 32.539680 -74.683548
vt 32.539680 -69.620255
vt 32.539680 -72.151901
vt 32.539680 -67.088608
vt 32.539680 -62.025318
vt 32.539680 -64.556961
vt 32.539680 -56.962025
vt 32.539680 -59.493671
vt 32.539680 -51.898735
vt 32.539680 -54.430378
vt 32.539680 -46.835442
vt 32.539680 -49.367088
vt 32.539680 -44.303795
vt 32.539680 -41.772152
vt 32.539680 -36.708858
vt 32.539680 -39.240505
vt 32.539680 -34.177216
vt 32.539680 -31.645569
vt 32.539680 -26.582279
vt 32.539680 -29.113926
vt 32.539680 -24.050632
vt 32.539680 -18.987341
vt 32.539680 -21.518988
vt 32.539680 -13.924051
vt 32.539680 -16.455696
vt 32.539680 -11.392405
vt 32.539680 -6.329114
vt 32.539680 -8.860760
vt 32.539680 -3.797468
vt 32.539680 -1.265823
vt 32.539680 1.265823
vt 32.539680 3.797468
vt 32.539680 8.860760
vt 32.539680 6.329114
vt 32.539680 13.924051
vt 32.539680 11.392405
vt 32.539680 16.455696
vt 32.539680 21.518988
vt 32.539680 18.987341
vt 32.539680 24.050632
vt 32.539680 26.582279
vt 32.539680 29.113926
vt 32.539680 31.645569
vt 32.539680 36.708858
vt 32.539680 34.177216
vt 32.539680 39.240505
vt 32.539680 41.772152
vt 32.539680 44.303795
vt 32.539680 49.367088
vt 32.539680 46.835442
vt 32.539680 54.430378
vt 32.539680 51.898735
vt 32.539680 56.962025
vt 32.539680 62.025318
vt 32.539680 59.493671
vt 32.539680 67.088608
vt 32.539680 64.556961
vt 32.539680 69.620255
vt 32.539680 74.683548
vt 32.539680 72.151901
vt 32.539680 77.215195
vt 32.539680 79.746841
vt 32.539680 82.278481
vt 32.539680 84.810127
vt 32.539680 89.873421
vt 32.539680 87.341774
vt 32.539680 92.405067
vt 32.539680 94.936707
vt 32.539680 97.468353
vt 30.952381 100.000000
vt 34.126984 -97.468353
vt 34.126984 -100.000000
vt 34.126984 -94.936707
vt 34.126984 -92.405067
vt 34.126984 -89.873421
vt 34.126984 -87.341774
vt 34.126984 -84.810127
vt 34.126984 -82.278481
vt 34.126984 -77.215195
vt 34.126984 -79.746841
vt 34.126984 -74.683548
vt 34.126984 -72.151901
vt 34.126984 -69.620255
vt 34.126984 -64.556961
vt 34.126984 -67.088608
vt 34.126984 -62.025318
vt 34.126984 -59.493671
vt 34.126984 -54.430378
vt 34.126984 -56.962025
vt 34.126984 -49.367088
vt 34.126984 -51.898735
vt 34.126984 -46.835442
vt 34.126984 -41.772152
vt 34.126984 -44.303795
vt 34.126984 -39.240505
vt 34.126984 -34.177216
vt 34.126984 -36.708858
vt 34.126984 -31.645569
vt 34.126984 -29.113926
vt 34.126984 -26.582279
vt 34.126984 -21.518988
vt 34.126984 -24.050632
vt 34.126984 -18.987341
vt 34.126984 -13.924051
vt 34.126984 -16.455696
vt 34.126984 -11.392405
vt 34.126984 -8.860760
vt 34.126984 -3.797468
vt 34.126984 -6.329114
vt 34.126984 -1.265823
vt 34.126984 3.797468
vt 34.126984 1.265823
vt 34.126984 6.329114
vt 34.126984 11.392405
vt 34.126984 8.860760
vt 34.126984 13.924051
vt 34.126984 18.987341
vt 34.126984 16.455696
vt 34.126984 21.518988
vt 34.126984 24.050632
vt 34.126984 29.113926
vt 34.126984 26.582279
vt 34.126984 31.645569
vt 34.126984 34.177216
vt 34.126984 36.708858
vt 34.126984 41.772152
vt 34.126984 39.240505
vt 34.126984 46.835442
vt 34.126984 44.303795
vt 34.126984 51.898735
vt 34.126984 49.367088
vt 34.126984 56.962025
vt 34.126984 54.430378
vt 34.126984 59.493671
vt 34.126984 62.025318
vt 34.126984 67.088608
vt 34.126984 64.556961
vt 34.126984 69.620255
vt 34.126984 72.151901
vt 34.126984 77.215195
vt 34.126984 74.683548
vt 34.126984 79.746841
vt 34.126984 82.278481
vt 34.126984 84.810127
vt 34.126984 89.873421
vt 34.126984 87.341774
vt 34.126984 92.405067
vt 34.126984 94.936707
vt 34.126984 97.468353
vt 32.539680 100.000000
vt 35.714287 -100.000000
vt 35.714287 -94.936707
vt 35.714287 -97.468353
vt 35.714287 -92.405067
vt 35.714287 -89.873421
vt 35.714287 -87.341774
vt 35.714287 -84.810127
vt 35.714287 -82.278481
vt 35.714287 -79.746841
vt 35.714287 -77.215195
vt 35.714287 -72.151901
vt 35.714287 -74.683548
vt 35.714287 -69.620255
vt 35.714287 -67.088608
vt 35.714287 -62.025318
vt 35.714287 -64.556961
vt 35.714287 -56.962025
vt 35.714287 -59.493671
vt 35.714287 -51.898735
vt 35.714287 -54.430378
vt 35.714287 -49.367088
vt 35.714287 -44.303795
vt 35.714287 -46.835442
vt 35.714287 -41.772152
vt 35.714287 -36.708858
vt 35.714287 -39.240505
vt 35.714287 -31.645569
vt 35.714287 -34.177216
vt 35.714287 -26.582279
vt 35.714287 -29.113926
vt 35.714287 -24.050632
vt 35.714287 -18.987341
vt 35.714287 -21.518988
vt 35.714287 -16.455696
vt 35.714287 -11.392405
vt 35.714287 -13.924051
vt 35.714287 -6.329114
vt 35.714287 -8.860760
vt 35.714287 -1.265823
vt 35.714287 -3.797468
vt 35.714287 3.797468
vt 35.714287 1.265823
vt 35.714287 8.860760
vt 35.714287 6.329114
vt 35.714287 11.392405
vt 35.714287 13.924051
vt 35.714287 18.987341
vt 35.714287 16.455696
vt 35.714287 24.050632
vt 35.714287 21.518988
vt 35.714287 29.113926
vt 35.714287 26.582279
vt 35.714287 31.645569
vt 35.714287 34.177216
vt 35.714287 39.240505
vt 35.714287 36.708858
vt 35.714287 41.772152
vt 35.714287 46.835442
vt 35.714287 44.303795
vt 35.714287 49.367088
vt 35.714287 54.430378
vt 35.714287 51.898735
vt 35.714287 59.493671
vt 35.714287 56.962025
vt 35.714287 64.556961
vt 35.714287 62.025318
vt 35.714287 69.620255
vt 35.714287 67.088608
vt 35.714287 72.151901
vt 35.714287 74.683548
vt 35.714287 77.215195
vt 35.714287 79.746841
vt 35.714287 82.278481
vt 35.714287 84.810127
vt 35.714287 89.873421
vt 35.714287 87.341774
vt 35.714287 92.405067
vt 35.714287 94.936707
vt 35.714287 97.468353
vt 34.126984 100.000000
vt 37.301586 -100.000000
vt 37.301586 -97.468353
vt 37.301586 -94.936707
vt 37.301586 -92.405067
vt 37.301586 -89.873421
vt 37.301586 -87.341774
vt 37.301586 -84.810127
vt 37.301586 -82.278481
vt 37.301586 -77.215195
vt 37.301586 -79.746841
vt 37.301586 -74.683548
vt 37.301586 -69.620255
vt 37.301586 -72.151901
vt 37.301586 -67.088608
vt 37.301586 -64.556961
vt 37.301586 -62.025318
vt 37.301586 -59.493671
vt 37.301586 -56.962025
vt 37.301586 -51.898735
vt 37.301586 -54.430378
vt 37.301586 -49.367088
vt 37.301586 -46.835442
vt 37.301586 -44.303795
vt 37.301586 -39.240505
vt 37.301586 -41.772152
vt 37.301586 -36.708858
vt 37.301586 -34.177216
vt 37.301586 -29.113926
vt 37.301586 -31.645569
vt 37.301586 -24.050632
vt 37.301586 -26.582279
vt 37.301586 -18.987341
vt 37.301586 -21.518988
vt 37.301586 -16.455696
vt 37.301586 -13.924051
vt 37.301586 -11.392405
vt 37.301586 -8.860760
vt 37.301586 -3.797468
vt 37.301586 -6.329114
vt 37.301586 -1.265823
vt 37.301586 1.265823
vt 37.301586 3.797468
vt 37.301586 6.329114
vt 37.301586 11.392405
vt 37.301586 8.860760
vt 37.301586 16.455696
vt 37.301586 13.924051
vt 37.301586 18.987341
vt 37.301586 24.050632
vt 37.301586 21.518988
vt 37.301586 26.582279
vt 37.301586 29.113926
vt 37.301586 31.645569
vt 37.301586 34.177216
vt 37.301586 36.708858
vt 37.301586 41.772152
vt 37.301586 39.240505
vt 37.301586 44.303795
vt 37.301586 49.367088
vt 37.301586 46.835442
vt 37.301586 51.898735
vt 37.301586 56.962025
vt 37.301586 54.430378
vt 37.301586 59.493671
vt 37.301586 62.025318
vt 37.301586 64.556961
vt 37.301586 67.088608
vt 37.301586 69.620255
vt 37.301586 74.683548
vt 37.301586 72.151901
vt 37.301586 79.746841
vt 37.301586 77.215195
vt 37.301586 82.278481
vt 37.301586 84.810127
vt 37.301586 87.341774
vt 37.301586 89.873421
vt 37.301586 92.405067
vt 37.301586 94.936707
vt 37.301586 97.468353
vt 37.301586 100.000000
vt 38.888889 -100.000000
vt 38.888889 -97.468353
vt 38.888889 -94.936707
vt 38.888889 -92.405067
vt 38.888889 -89.873421
vt 38.888889 -87.341774
vt 38.888889 -84.810127
vt 38.888889 -79.746841
vt 38.888889 -82.278481
vt 38.888889 -77.215195
vt 38.888889 -74.683548
vt 38.888889 -72.151901
vt 38.888889 -67.088608
vt 38.888889 -69.620255
vt 38.888889 -64.556961
vt 38.888889 -62.025318
vt 38.888889 -59.493671
vt 38.888889 -56.962025
vt 38.888889 -51.898735
vt 38.888889 -54.430378
vt 38.888889 -49.367088
vt 38.888889 -46.835442
vt 38.888889 -41.772152
vt 38.888889 -44.303795
vt 38.888889 -39.240505
vt 38.888889 -34.177216
vt 38.888889 -36.708858
vt 38.888889 -31.645569
vt 38.888889 -26.582279
vt 38.888889 -29.113926
vt 38.888889 -21.518988
vt 38.888889 -24.050632
vt 38.888889 -18.987341
vt 38.888889 -16.455696
vt 38.888889 -13.924051
vt 38.888889 -8.860760
vt 38.888889 -11.392405
vt 38.888889 -6.329114
vt 38.888889 -3.797468
vt 38.888889 -1.265823
vt 38.888889 1.265823
vt 38.888889 6.329114
vt 38.888889 3.797468
vt 38.888889 8.860760
vt 38.888889 11.392405
vt 38.888889 13.924051
vt 38.888889 16.455696
vt 38.888889 18.987341
vt 38.888889 21.518988
vt 38.888889 26.582279
vt 38.888889 24.050632
vt 38.888889 29.113926
vt 38.888889 34.177216
vt 38.888889 31.645569
vt 38.888889 36.708858
vt 38.888889 39.240505
vt 38.888889 44.303795
vt 38.888889 41.772152
vt 38.888889 49.367088
vt 38.888889 46.835442
vt 38.888889 54.430378
vt 38.888889 51.898735
vt 38.888889 56.962025
vt 38.888889 62.025318
vt 38.888889 59.493671
vt 38.888889 67.088608
vt 38.888889 64.556961
vt 38.888889 69.620255
vt 38.888889 74.683548
vt 38.888889 72.151901
vt 38.888889 77.215195
vt 38.888889 82.278481
vt 38.888889 79.746841
vt 38.888889 84.810127
vt 38.888889 87.341774
vt 38.888889 89.873421
vt 38.888889 92.405067
vt 38.888889 94.936707
vt 38.888889 97.468353
vt 38.888889 100.000000
vt 40.476189 -100.000000
vt 40.476189 -97.468353
vt 40.476189 -94.936707
vt 40.476189 -92.405067
vt 40.476189 -89.873421
vt 40.476189 -87.341774
vt 40.476189 -82.278481
vt 40.476189 -84.810127
vt 40.476189 -79.746841
vt 40.476189 -77.215195
vt 40.476189 -74.683548
vt 40.476189 -72.151901
vt 40.476189 -69.620255
vt 40.476189 -67.088608
vt 40.476189 -62.025318
vt 40.476189 -64.556961
vt 40.476189 -59.493671
vt 40.476189 -56.962025
vt 40.476189 -54.430378
vt 40.476189 -49.367088
vt 40.476189 -51.898735
vt 40.476189 -46.835442
vt 40.476189 -44.303795
vt 40.476189 -41.772152
vt 40.476189 -36.708858
vt 40.476189 -39.240505
vt 40.476189 -34.177216
vt 40.476189 -31.645569
vt 40.476189 -29.113926
vt 40.476189 -24.050632
vt 40.476189 -26.582279
vt 40.476189 -18.987341
vt 40.476189 -21.518988
vt 40.476189 -16.455696
vt 40.476189 -11.392405
vt 40.476189 -13.924051
vt 40.476189 -8.860760
vt 40.476189 -3.797468
vt 40.476189 -6.329114
vt 40.476189 -1.265823
vt 40.476189 3.797468
vt 40.476189 1.265823
vt 40.476189 6.329114
vt 40.476189 11.392405
vt 40.476189 8.860760
vt 40.476189 16.455696
vt 40.476189 13.924051
vt 40.476189 18.987341
vt 40.476189 21.518988
vt 40.476189 26.582279
vt 40.476189 24.050632
vt 40.476189 29.113926
vt 40.476189 34.177216
vt 40.476189 31.645569
vt 40.476189 39.240505
vt 40.476189 36.708858
vt 40.476189 41.772152
vt 40.476189 44.303795
vt 40.476189 46.835442
vt 40.476189 49.367088
vt 40.476189 51.898735
vt 40.476189 54.430378
vt 40.476189 56.962025
vt 40.476189 62.025318
vt 40.476189 59.493671
vt 40.476189 67.088608
vt 40.476189 64.556961
vt 40.476189 69.620255
vt 40.476189 74.683548
vt 40.476189 72.151901
vt 40.476189 79.746841
vt 40.476189 77.215195
vt 40.476189 82.278481
vt 40.476189 84.810127
vt 40.476189 87.341774
vt 40.476189 89.873421
vt 40.476189 92.405067
vt 40.476189 94.936707
vt 40.476189 97.468353
vt 40.476189 100.000000
vt 42.063492 -100.000000
vt 42.063492 -97.468353
vt 42.063492 -94.936707
vt 42.063492 -92.405067
vt 42.063492 -89.873421
vt 42.063492 -87.341774
vt 42.063492 -84.810127
vt 42.063492 -79.746841
vt 42.063492 -82.278481
vt 42.063492 -77.215195
vt 42.063492 -74.683548
vt 42.063492 -72.151901
vt 42.063492 -67.088608
vt 42.063492 -69.620255
vt 42.063492 -64.556961
vt 42.063492 -62.025318
vt 42.063492 -56.962025
vt 42.063492 -59.493671
vt 42.063492 -54.430378
vt 42.063492 -51.898735
vt 42.063492 -49.367088
vt 42.063492 -44.303795
vt 42.063492 -46.835442
vt 42.063492 -41.772152
vt 42.063492 -39.240505
vt 42.063492 -34.177216
vt 42.063492 -36.708858
vt 42.063492 -31.645569
vt 42.063492 -29.113926
vt 42.063492 -26.582279
vt 42.063492 -21.518988
vt 42.063492 -24.050632
vt 42.063492 -18.987341
vt 42.063492 -16.455696
vt 42.063492 -13.924051
vt 42.063492 -8.860760
vt 42.063492 -11.392405
vt 42.063492 -3.797468
vt 42.063492 -6.329114
vt 42.063492 1.265823
vt 42.063492 -1.265823
vt 42.063492 6.329114
vt 42.063492 3.797468
vt 42.063492 8.860760
vt 42.063492 13.924051
vt 42.063492 11.392405
vt 42.063492 16.455696
vt 42.063492 18.987341
vt 42.063492 21.518988
vt 42.063492 26.582279
vt 42.063492 24.050632
vt 42.063492 29.113926
vt 42.063492 31.645569
vt 42.063492 36.708858
vt 42.063492 34.177216
vt 42.063492 41.772152
vt 42.063492 39.240505
vt 42.063492 46.835442
vt 42.063492 44.303795
vt 42.063492 51.898735
vt 42.063492 49.367088
vt 42.063492 56.962025
vt 42.063492 54.430378
vt 42.063492 59.493671
vt 42.063492 62.025318
vt 42.063492 64.556961
vt 42.063492 69.620255
vt 42.063492 67.088608
vt 42.063492 72.151901
vt 42.063492 74.683548
vt 42.063492 79.746841
vt 42.063492 77.215195
vt 42.063492 82.278481
vt 42.063492 84.810127
vt 42.063492 87.341774
vt 42.063492 89.873421
vt 42.063492 92.405067
vt 42.063492 94.936707
vt 42.063492 97.468353
vt 42.063492 100.000000
vt 43.650795 -100.000000
vt 43.650795 -97.468353
vt 43.650795 -94.936707
vt 43.650795 -92.405067
vt 43.650795 -89.873421
vt 43.650795 -87.341774
vt 43.650795 -84.810127
vt 43.650795 -82.278481
vt 43.650795 -77.215195
vt 43.650795 -79.746841
vt 43.650795 -74.683548
vt 43.650795 -72.151901
vt 43.650795 -69.620255
vt 43.650795 -67.088608
vt 43.650795 -64.556961
vt 43.650795 -62.025318
vt 43.650795 -56.962025
vt 43.650795 -59.493671
vt 43.650795 -54.430378
vt 43.650795 -49.367088
vt 43.650795 -51.898735
vt 43.650795 -46.835442
vt 43.650795 -41.772152
vt 43.650795 -44.303795
vt 43.650795 -39.240505
vt 43.650795 -34.177216
vt 43.650795 -36.708858
vt 43.650795 -31.645569
vt 43.650795 -26.582279
vt 43.650795 -29.113926
vt 43.650795 -24.050632
vt 43.650795 -21.518988
vt 43.650795 -18.987341
vt 43.650795 -16.455696
vt 43.650795 -11.392405
vt 43.650795 -13.924051
vt 43.650795 -8.860760
vt 43.650795 -6.329114
vt 43.650795 -1.265823
vt 43.650795 -3.797468
vt 43.650795 1.265823
vt 43.650795 3.797468
vt 43.650795 6.329114
vt 43.650795 11.392405
vt 43.650795 8.860760
vt 43.650795 13.924051
vt 43.650795 18.987341
vt 43.650795 16.455696
vt 43.650795 24.050632
vt 43.650795 21.518988
vt 43.650795 29.113926
vt 43.650795 26.582279
vt 43.650795 31.645569
vt 43.650795 34.177216
vt 43.650795 36.708858
vt 43.650795 41.772152
vt 43.650795 39.240505
vt 43.650795 46.835442
vt 43.650795 44.303795
vt 43.650795 49.367088
vt 43.650795 51.898735
vt 43.650795 56.962025
vt 43.650795 54.430378
vt 43.650795 62.025318
vt 43.650795 59.493671
vt 43.650795 64.556961
vt 43.650795 69.620255
vt 43.650795 67.088608
vt 43.650795 72.151901
vt 43.650795 74.683548
vt 43.650795 79.746841
vt 43.650795 77.215195
vt 43.650795 82.278481
vt 43.650795 84.810127
vt 43.650795 87.341774
vt 43.650795 89.873421
vt 43.650795 92.405067
vt 43.650795 97.468353
vt 43.650795 94.936707
vt 43.650795 100.000000
vt 45.238094 -100.000000
vt 45.238094 -97.468353
vt 45.238094 -94.936707
vt 45.238094 -89.873421
vt 45.238094 -92.405067
vt 45.238094 -87.341774
vt 45.238094 -84.810127
vt 45.238094 -82.278481
vt 45.238094 -79.746841
vt 45.238094 -74.683548
vt 45.238094 -77.215195
vt 45.238094 -69.620255
vt 45.238094 -72.151901
vt 45.238094 -64.556961
vt 45.238094 -67.088608
vt 45.238094 -62.025318
vt 45.238094 -59.493671
vt 45.238094 -56.962025
vt 45.238094 -54.430378
vt 45.238094 -49.367088
vt 45.238094 -51.898735
vt 45.238094 -46.835442
vt 45.238094 -41.772152
vt 45.238094 -44.303795
vt 45.238094 -39.240505
vt 45.238094 -36.708858
vt 45.238094 -31.645569
vt 45.238094 -34.177216
vt 45.238094 -29.113926
vt 45.238094 -26.582279
vt 45.238094 -21.518988
vt 45.238094 -24.050632
vt 45.238094 -18.987341
vt 45.238094 -13.924051
vt 45.238094 -16.455696
vt 45.238094 -8.860760
vt 45.238094 -11.392405
vt 45.238094 -6.329114
vt 45.238094 -3.797468
vt 45.238094 1.265823
vt 45.238094 -1.265823
vt 45.238094 6.329114
vt 45.238094 3.797468
vt 45.238094 11.392405
vt 45.238094 8.860760
vt 45.238094 13.924051
vt 45.238094 18.987341
vt 45.238094 16.455696
vt 45.238094 24.050632
vt 45.238094 21.518988
vt 45.238094 26.582279
vt 45.238094 29.113926
vt 45.238094 34.177216
vt 45.238094 31.645569
vt 45.238094 39.240505
vt 45.238094 36.708858
vt 45.238094 44.303795
vt 45.238094 41.772152
vt 45.238094 49.367088
vt 45.238094 46.835442
vt 45.238094 54.430378
vt 45.238094 51.898735
vt 45.238094 59.493671
vt 45.238094 56.962025
vt 45.238094 62.025318
vt 45.238094 64.556961
vt 45.238094 69.620255
vt 45.238094 67.088608
vt 45.238094 72.151901
vt 45.238094 74.683548
vt 45.238094 79.746841
vt 45.238094 77.215195
vt 45.238094 82.278481
vt 45.238094 84.810127
vt 45.238094 89.873421
vt 45.238094 87.341774
vt 45.238094 92.405067
vt 45.238094 97.468353
vt 45.238094 94.936707
vt 45.238094 100.000000
vt 46.825397 -100.000000
vt 46.825397 -97.468353
vt 46.825397 -92.405067
vt 46.825397 -94.936707
vt 46.825397 -89.873421
vt 46.825397 -87.341774
vt 46.825397 -84.810127
vt 46.825397 -82.278481
vt 46.825397 -79.746841
vt 46.825397 -74.683548
vt 46.825397 -77.215195
vt 46.825397 -72.151901
vt 46.825397 -69.620255
vt 46.825397 -64.556961
vt 46.825397 -67.088608
vt 46.825397 -62.025318
vt 46.825397 -59.493671
vt 46.825397 -54.430378
vt 46.825397 -56.962025
vt 46.825397 -49.367088
vt 46.825397 -51.898735
vt 46.825397 -46.835442
vt 46.825397 -41.772152
vt 46.825397 -44.303795
vt 46.825397 -36.708858
vt 46.825397 -39.240505
vt 46.825397 -31.645569
vt 46.825397 -34.177216
vt 46.825397 -29.113926
vt 46.825397 -24.050632
vt 46.825397 -26.582279
vt 46.825397 -18.987341
vt 46.825397 -21.518988
vt 46.825397 -13.924051
vt 46.825397 -16.455696
vt 46.825397 -8.860760
vt 46.825397 -11.392405
vt 46.825397 -6.329114
vt 46.825397 -3.797468
vt 46.825397 1.265823
vt 46.825397 -1.265823
vt 46.825397 6.329114
vt 46.825397 3.797468
vt 46.825397 11.392405
vt 46.825397 8.860760
vt 46.825397 13.924051
vt 46.825397 16.455696
vt 46.825397 21.518988
vt 46.825397 18.987341
vt 46.825397 24.050632
vt 46.825397 26.582279
vt 46.825397 29.113926
vt 46.825397 34.177216
vt 46.825397 31.645569
vt 46.825397 36.708858
vt 46.825397 39.240505
vt 46.825397 44.303795
vt 46.825397 41.772152
vt 46.825397 49.367088
vt 46.825397 46.835442
vt 46.825397 51.898735
vt 46.825397 54.430378
vt 46.825397 59.493671
vt 46.825397 56.962025
vt 46.825397 64.556961
vt 46.825397 62.025318
vt 46.825397 67.088608
vt 46.825397 69.620255
vt 46.825397 74.683548
vt 46.825397 72.151901
vt 46.825397 77.215195
vt 46.825397 79.746841
vt 46.825397 82.278481
vt 46.825397 84.810127
vt 46.825397 89.873421
vt 46.825397 87.341774
vt 46.825397 92.405067
vt 46.825397 97.468353
vt 46.825397 94.936707
vt 48.412697 -100.000000
vt 48.412697 -97.468353
vt 48.412697 -94.936707
vt 48.412697 -89.873421
vt 48.412697 -92.405067
vt 48.412697 -87.341774
vt 48.412697 -84.810127
vt 48.412697 -82.278481
vt 48.412697 -77.215195
vt 48.412697 -79.746841
vt 48.412697 -74.683548
vt 48.412697 -72.151901
vt 48.412697 -69.620255
vt 48.412697 -67.088608
vt 48.412697 -64.556961
vt 48.412697 -59.493671
vt 48.412697 -62.025318
vt 48.412697 -56.962025
vt 48.412697 -54.430378
vt 48.412697 -49.367088
vt 48.412697 -51.898735
vt 48.412697 -46.835442
vt 48.412697 -44.303795
vt 48.412697 -41.772152
vt 48.412697 -39.240505
vt 48.412697 -34.177216
vt 48.412697 -36.708858
vt 48.412697 -29.113926
vt 48.412697 -31.645569
vt 48.412697 -24.050632
vt 48.412697 -26.582279
vt 48.412697 -21.518988
vt 48.412697 -16.455696
vt 48.412697 -18.987341
vt 48.412697 -13.924051
vt 48.412697 -8.860760
vt 48.412697 -11.392405
vt 48.412697 -3.797468
vt 48.412697 -6.329114
vt 48.412697 1.265823
vt 48.412697 -1.265823
vt 48.412697 3.797468
vt 48.412697 6.329114
vt 48.412697 11.392405
vt 48.412697 8.860760
vt 48.412697 16.455696
vt 48.412697 13.924051
vt 48.412697 21.518988
vt 48.412697 18.987341
vt 48.412697 26.582279
vt 48.412697 24.050632
vt 48.412697 31.645569
vt 48.412697 29.113926
vt 48.412697 34.177216
vt 48.412697 36.708858
vt 48.412697 41.772152
vt 48.412697 39.240505
vt 48.412697 46.835442
vt 48.412697 44.303795
vt 48.412697 49.367088
vt 48.412697 51.898735
vt 48.412697 56.962025
vt 48.412697 54.430378
vt 48.412697 59.493671
vt 48.412697 64.556961
vt 48.412697 62.025318
vt 48.412697 67.088608
vt 48.412697 69.620255
vt 48.412697 72.151901
vt 48.412697 74.683548
vt 48.412697 77.215195
vt 48.412697 79.746841
vt 48.412697 82.278481
vt 48.412697 84.810127
vt 48.412697 89.873421
vt 48.412697 87.341774
vt 48.412697 92.405067
vt 48.412697 94.936707
vt 48.412697 97.468353
vt 46.825397 100.000000
vt 50.000000 -100.000000
vt 50.000000 -97.468353
vt 50.000000 -94.936707
vt 50.000000 -92.405067
vt 50.000000 -89.873421
vt 50.000000 -87.341774
vt 50.000000 -82.278481
vt 50.000000 -84.810127
vt 50.000000 -79.746841
vt 50.000000 -77.215195
vt 50.000000 -74.683548
vt 50.000000 -72.151901
vt 50.000000 -69.620255
vt 50.000000 -67.088608
vt 50.000000 -64.556961
vt 50.000000 -62.025318
vt 50.000000 -59.493671
vt 50.000000 -56.962025
vt 50.000000 -54.430378
vt 50.000000 -51.898735
vt 50.000000 -49.367088
vt 50.000000 -46.835442
vt 50.000000 -44.303795
vt 50.000000 -39.240505
vt 50.000000 -41.772152
vt 50.000000 -36.708858
vt 50.000000 -31.645569
vt 50.000000 -34.177216
vt 50.000000 -29.113926
vt 50.000000 -26.582279
vt 50.000000 -24.050632
vt 50.000000 -21.518988
vt 50.000000 -18.987341
vt 50.000000 -16.455696
vt 50.000000 -11.392405
vt 50.000000 -13.924051
vt 50.000000 -8.860760
vt 50.000000 -6.329114
vt 50.000000 -1.265823
vt 50.000000 -3.797468
vt 50.000000 1.265823
vt 50.000000 3.797468
vt 50.000000 6.329114
vt 50.000000 8.860760
vt 50.000000 11.392405
vt 50.000000 13.924051
vt 50.000000 16.455696
vt 50.000000 21.518988
vt 50.000000 18.987341
vt 50.000000 26.582279
vt 50.000000 24.050632
vt 50.000000 31.645569
vt 50.000000 29.113926
vt 50.000000 34.177216
vt 50.000000 36.708858
vt 50.000000 41.772152
vt 50.000000 39.240505
vt 50.000000 46.835442
vt 50.000000 44.303795
vt 50.000000 49.367088
vt 50.000000 54.430378
vt 50.000000 51.898735
vt 50.000000 56.962025
vt 50.000000 59.493671
vt 50.000000 62.025318
vt 50.000000 64.556961
vt 50.000000 67.088608
vt 50.000000 69.620255
vt 50.000000 72.151901
vt 50.000000 74.683548
vt 50.000000 77.215195
vt 50.000000 79.746841
vt 50.000000 82.278481
vt 50.000000 84.810127
vt 50.000000 87.341774
vt 50.000000 89.873421
vt 50.000000 92.405067
vt 50.000000 94.936707
vt 50.000000 97.468353
vt 48.412697 100.000000
vt -50.000000 100.000000
vt -43.650795 100.000000
vt -30.952381 100.000000
vt -23.015873 100.000000
vt -11.904762 100.000000
vt -8.730159 100.000000
vt -0.793651 100.000000
vt 7.142858 100.000000
vt 16.666668 100.000000
vt 35.714287 100.000000
vt 50.000000 100.000000
s 1
usemtl マテリアル.002
f 81/1/67 2/2/2 1/3/1
f 82/4/68 3/5/3 2/2/2
f 84/6/70 3/5/3 83/7/69
f 85/8/71 4/9/4 84/6/70
f 86/10/72 5/11/5 85/8/71
f 86/10/72 7/12/7 6/13/6
f 87/14/73 8/15/8 7/12/7
f 88/16/74 9/17/9 8/15/8
f 89/18/75 10/19/10 9/17/9
f 90/20/76 11/21/11 10/19/10
f 92/22/12 11/21/11 91/23/77
f 93/24/12 12/25/12 92/22/12
f 94/26/78 13/27/12 93/24/12
f 95/28/79 14/29/12 94/26/78
f 96/30/80 15/31/12 95/28/79
f 97/32/81 16/33/12 96/30/80
f 98/34/82 17/35/12 97/32/81
f 98/34/82 19/36/14 18/37/13
f 100/38/84 19/36/14 99/39/83
f 101/40/85 20/41/15 100/38/84
f 101/40/85 22/42/17 21/43/16
f 103/44/87 22/42/17 102/45/86
f 103/44/87 24/46/19 23/47/18
f 104/48/88 25/49/20 24/46/19
f 106/50/90 25/49/20 105/51/89
f 107/52/91 26/53/21 106/50/90
f 107/52/91 28/54/22 27/55/18
f 109/56/93 28/54/22 108/57/92
f 109/56/93 30/58/24 29/59/23
f 111/60/95 30/58/24 110/61/94
f 112/62/96 31/63/25 111/60/95
f 112/62/96 33/64/27 32/65/26
f 114/66/98 33/64/27 113/67/97
f 115/68/99 34/69/28 114/66/98
f 115/68/99 36/70/30 35/71/29
f 117/72/101 36/70/30 116/73/100
f 118/74/102 37/75/31 117/72/101
f 118/74/102 39/76/33 38/77/32
f 119/78/103 40/79/34 39/76/33
f 121/80/105 40/79/34 120/81/104
f 122/82/106 41/83/35 121/80/105
f 122/82/106 43/84/37 42/85/36
f 124/86/108 43/84/37 123/87/107
f 124/86/108 45/88/39 44/89/38
f 125/90/109 46/91/40 45/88/39
f 127/92/111 46/91/40 126/93/110
f 128/94/112 47/95/41 127/92/111
f 128/94/112 49/96/43 48/97/42
f 129/98/113 50/99/44 49/96/43
f 131/100/115 50/99/44 130/101/114
f 131/100/115 52/102/45 51/103/38
f 133/104/117 52/102/45 132/105/116
f 133/104/117 54/106/47 53/107/46
f 134/108/118 55/109/48 54/106/47
f 136/110/120 55/109/48 135/111/119
f 136/110/120 57/112/50 56/113/49
f 137/114/121 58/115/51 57/112/50
f 139/116/123 58/115/51 138/117/122
f 140/118/124 59/119/52 139/116/123
f 141/120/125 60/121/53 140/118/124
f 142/122/126 61/123/54 141/120/125
f 143/124/127 62/125/55 142/122/126
f 144/126/128 63/127/12 143/124/127
f 145/128/129 64/129/12 144/126/128
f 146/130/130 65/131/12 145/128/129
f 147/132/55 66/133/12 146/130/130
f 148/134/12 67/135/12 147/132/55
f 149/136/12 68/137/12 148/134/12
f 150/138/131 69/139/12 149/136/12
f 150/138/131 71/140/57 70/141/56
f 151/142/132 72/143/58 71/140/57
f 152/144/133 73/145/59 72/143/58
f 154/146/135 73/145/59 153/147/134
f 155/148/136 74/149/60 154/146/135
f 156/150/137 75/151/61 155/148/136
f 157/152/138 76/153/62 156/150/137
f 158/154/139 77/155/63 157/152/138
f 158/154/139 79/156/65 78/157/64
f 160/158/141 79/156/65 159/159/140
f 161/160/142 82/4/68 81/1/67
f 163/161/144 82/4/68 162/162/143
f 163/161/144 84/6/70 83/7/69
f 165/163/146 84/6/70 164/164/145
f 166/165/147 85/8/71 165/163/146
f 166/165/147 87/14/73 86/10/72
f 167/166/148 88/16/74 87/14/73
f 168/167/149 89/18/75 88/16/74
f 169/168/150 90/20/76 89/18/75
f 170/169/151 91/23/77 90/20/76
f 172/170/153 91/23/77 171/171/152
f 173/172/154 92/22/12 172/170/153
f 174/173/155 93/24/12 173/172/154
f 174/173/155 95/28/79 94/26/78
f 175/174/156 96/30/80 95/28/79
f 176/175/157 97/32/81 96/30/80
f 178/176/159 97/32/81 177/177/158
f 178/176/159 99/39/83 98/34/82
f 180/178/161 99/39/83 179/179/160
f 181/180/162 100/38/84 180/178/161
f 181/180/162 102/45/86 101/40/85
f 183/181/164 102/45/86 182/182/163
f 184/183/165 103/44/87 183/181/164
f 184/183/165 105/51/89 104/48/88
f 185/184/166 106/50/90 105/51/89
f 187/185/168 106/50/90 186/186/167
f 188/187/169 107/52/91 187/185/168
f 188/187/169 109/56/93 108/57/92
f 189/188/170 110/61/94 109/56/93
f 190/189/171 111/60/95 110/61/94
f 192/190/173 111/60/95 191/191/172
f 192/190/173 113/67/97 112/62/96
f 193/192/174 114/66/98 113/67/97
f 195/193/176 114/66/98 194/194/175
f 195/193/176 116/73/100 115/68/99
f 197/195/178 116/73/100 196/196/177
f 198/197/179 117/72/101 197/195/178
f 198/197/179 119/78/103 118/74/102
f 199/198/180 120/81/104 119/78/103
f 201/199/182 120/81/104 200/200/181
f 201/199/182 122/82/106 121/80/105
f 202/201/183 123/87/107 122/82/106
f 204/202/185 123/87/107 203/203/184
f 204/202/185 125/90/109 124/86/108
f 205/204/186 126/93/110 125/90/109
f 207/205/188 126/93/110 206/206/187
f 207/205/188 128/94/112 127/92/111
f 209/207/190 128/94/112 208/208/189
f 210/209/191 129/98/113 209/207/190
f 211/210/192 130/101/114 210/209/191
f 211/210/192 132/105/116 131/100/115
f 213/211/194 132/105/116 212/212/193
f 213/211/194 134/108/118 133/104/117
f 214/213/195 135/111/119 134/108/118
f 216/214/197 135/111/119 215/215/196
f 217/216/198 136/110/120 216/214/197
f 217/216/198 138/117/122 137/114/121
f 219/217/200 138/117/122 218/218/199
f 219/217/200 140/118/124 139/116/123
f 221/219/202 140/118/124 220/220/201
f 221/219/202 142/122/126 141/120/125
f 223/221/204 142/122/126 222/222/203
f 223/221/204 144/126/128 143/124/127
f 225/223/206 144/126/128 224/224/205
f 226/225/207 145/128/129 225/223/206
f 226/225/207 147/132/55 146/130/130
f 228/226/209 147/132/55 227/227/208
f 229/228/210 148/134/12 228/226/209
f 230/229/211 149/136/12 229/228/210
f 230/229/211 151/142/132 150/138/131
f 231/230/212 152/144/133 151/142/132
f 232/231/213 153/147/134 152/144/133
f 233/232/214 154/146/135 153/147/134
f 234/233/215 155/148/136 154/146/135
f 235/234/216 156/150/137 155/148/136
f 236/235/217 157/152/138 156/150/137
f 237/236/218 158/154/139 157/152/138
f 238/237/219 159/159/140 158/154/139
f 240/238/221 159/159/140 239/239/220
f 241/240/222 162/162/143 161/160/142
f 242/241/223 163/161/144 162/162/143
f 243/242/224 164/164/145 163/161/144
f 245/243/226 164/164/145 244/244/225
f 245/243/226 166/165/147 165/163/146
f 246/245/227 167/166/148 166/165/147
f 247/246/228 168/167/149 167/166/148
f 248/247/229 169/168/150 168/167/149
f 249/248/230 170/169/151 169/168/150
f 250/249/231 171/171/152 170/169/151
f 251/250/232 172/170/153 171/171/152
f 252/251/233 173/172/154 172/170/153
f 253/252/234 174/173/155 173/172/154
f 254/253/235 175/174/156 174/173/155
f 256/254/237 175/174/156 255/255/236
f 256/254/237 177/177/158 176/175/157
f 258/256/239 177/177/158 257/257/238
f 258/256/239 179/179/160 178/176/159
f 260/258/241 179/179/160 259/259/240
f 261/260/242 180/178/161 260/258/241
f 261/260/242 182/182/163 181/180/162
f 262/261/243 183/181/164 182/182/163
f 264/262/245 183/181/164 263/263/244
f 264/262/245 185/184/166 184/183/165
f 266/264/247 185/184/166 265/265/246
f 266/264/247 187/185/168 186/186/167
f 268/266/249 187/185/168 267/267/248
f 269/268/250 188/187/169 268/266/249
f 269/268/250 190/189/171 189/188/170
f 271/269/252 190/189/171 270/270/251
f 272/271/253 191/191/172 271/269/252
f 272/271/253 193/192/174 192/190/173
f 274/272/255 193/192/174 273/273/254
f 274/272/255 195/193/176 194/194/175
f 275/274/256 196/196/177 195/193/176
f 277/275/258 196/196/177 276/276/257
f 278/277/259 197/195/178 277/275/258
f 278/277/259 199/198/180 198/197/179
f 279/278/260 200/200/181 199/198/180
f 280/279/261 201/199/182 200/200/181
f 282/280/263 201/199/182 281/281/262
f 282/280/263 203/203/184 202/201/183
f 284/282/265 203/203/184 283/283/264
f 285/284/266 204/202/185 284/282/265
f 286/285/267 205/204/186 285/284/266
f 287/286/268 206/206/187 286/285/267
f 287/286/268 208/208/189 207/205/188
f 288/287/269 209/207/190 208/208/189
f 289/288/270 210/209/191 209/207/190
f 291/289/272 210/209/191 290/290/271
f 292/291/273 211/210/192 291/289/272
f 292/291/273 213/211/194 212/212/193
f 293/292/274 214/213/195 213/211/194
f 295/293/276 214/213/195 294/294/275
f 295/293/276 216/214/197 215/215/196
f 296/295/277 217/216/198 216/214/197
f 298/296/279 217/216/198 297/297/278
f 299/298/280 218/218/199 298/296/279
f 299/298/280 220/220/201 219/217/200
f 301/299/282 220/220/201 300/300/281
f 301/299/282 222/222/203 221/219/202
f 303/301/284 222/222/203 302/302/283
f 304/303/285 223/221/204 303/301/284
f 305/304/286 224/224/205 304/303/285
f 305/304/286 226/225/207 225/223/206
f 307/305/288 226/225/207 306/306/287
f 307/305/288 228/226/209 227/227/208
f 309/307/290 228/226/209 308/308/289
f 309/307/290 230/229/211 229/228/210
f 310/309/291 231/230/212 230/229/211
f 311/310/292 232/231/213 231/230/212
f 312/311/293 233/232/214 232/231/213
f 313/312/294 234/233/215 233/232/214
f 314/313/295 235/234/216 234/233/215
f 315/314/296 236/235/217 235/234/216
f 316/315/297 237/236/218 236/235/217
f 317/316/298 238/237/219 237/236/218
f 318/317/299 239/239/220 238/237/219
f 319/318/300 240/238/221 239/239/220
f 321/319/302 242/241/223 241/240/222
f 322/320/303 243/242/224 242/241/223
f 324/321/305 243/242/224 323/322/304
f 325/323/306 244/244/225 324/321/305
f 325/323/306 246/245/227 245/243/226
f 326/324/307 247/246/228 246/245/227
f 327/325/308 248/247/229 247/246/228
f 328/326/309 249/248/230 248/247/229
f 330/327/311 249/248/230 329/328/310
f 330/327/311 251/250/232 250/249/231
f 331/329/312 252/251/233 251/250/232
f 333/330/314 252/251/233 332/331/313
f 333/330/314 254/253/235 253/252/234
f 334/332/315 255/255/236 254/253/235
f 336/333/317 255/255/236 335/334/316
f 336/333/317 257/257/238 256/254/237
f 338/335/319 257/257/238 337/336/318
f 338/335/319 259/259/240 258/256/239
f 340/337/321 259/259/240 339/338/320
f 340/337/321 261/260/242 260/258/241
f 342/339/323 261/260/242 341/340/322
f 342/339/323 263/263/244 262/261/243
f 343/341/324 264/262/245 263/263/244
f 345/342/326 264/262/245 344/343/325
f 346/344/327 265/265/246 345/342/326
f 346/344/327 267/267/248 266/264/247
f 347/345/328 268/266/249 267/267/248
f 349/346/330 268/266/249 348/347/329
f 349/346/330 270/270/251 269/268/250
f 350/348/331 271/269/252 270/270/251
f 352/349/333 271/269/252 351/350/332
f 353/351/334 272/271/253 352/349/333
f 353/351/334 274/272/255 273/273/254
f 354/352/335 275/274/256 274/272/255
f 355/353/336 276/276/257 275/274/256
f 356/354/337 277/275/258 276/276/257
f 358/355/339 277/275/258 357/356/338
f 358/355/339 279/278/260 278/277/259
f 359/357/340 280/279/261 279/278/260
f 360/358/341 281/281/262 280/279/261
f 362/359/343 281/281/262 361/360/342
f 362/359/343 283/283/264 282/280/263
f 364/361/345 283/283/264 363/362/344
f 365/363/346 284/282/265 364/361/345
f 365/363/346 286/285/267 285/284/266
f 366/364/347 287/286/268 286/285/267
f 367/365/348 288/287/269 287/286/268
f 369/366/350 288/287/269 368/367/349
f 369/366/350 290/290/271 289/288/270
f 371/368/352 290/290/271 370/369/351
f 371/368/352 292/291/273 291/289/272
f 372/370/353 293/292/274 292/291/273
f 373/371/354 294/294/275 293/292/274
f 375/372/356 294/294/275 374/373/355
f 376/374/357 295/293/276 375/372/356
f 376/374/357 297/297/278 296/295/277
f 377/375/358 298/296/279 297/297/278
f 379/376/360 298/296/279 378/377/359
f 379/376/360 300/300/281 299/298/280
f 381/378/362 300/300/281 380/379/361
f 381/378/362 302/302/283 301/299/282
f 382/380/363 303/301/284 302/302/283
f 384/381/365 303/301/284 383/382/364
f 385/383/366 304/303/285 384/381/365
f 385/383/366 306/306/287 305/304/286
f 387/384/368 306/306/287 386/385/367
f 387/384/368 308/308/289 307/305/288
f 389/386/370 308/308/289 388/387/369
f 390/388/371 309/307/290 389/386/370
f 391/389/372 310/309/291 390/388/371
f 391/389/372 312/311/293 311/310/292
f 392/390/373 313/312/294 312/311/293
f 393/391/374 314/313/295 313/312/294
f 394/392/375 315/314/296 314/313/295
f 395/393/376 316/315/297 315/314/296
f 396/394/377 317/316/298 316/315/297
f 397/395/378 318/317/299 317/316/298
f 398/396/379 319/318/300 318/317/299
f 399/397/380 320/398/301 319/318/300
f 401/399/382 322/320/303 321/319/302
f 402/400/383 323/322/304 322/320/303
f 404/401/385 323/322/304 403/402/384
f 405/403/386 324/321/305 404/401/385
f 405/403/386 326/324/307 325/323/306
f 406/404/387 327/325/308 326/324/307
f 407/405/388 328/326/309 327/325/308
f 409/406/390 328/326/309 408/407/389
f 410/408/391 329/328/310 409/406/390
f 410/408/391 331/329/312 330/327/311
f 411/409/392 332/331/313 331/329/312
f 413/410/394 332/331/313 412/411/393
f 413/410/394 334/332/315 333/330/314
f 414/412/395 335/334/316 334/332/315
f 416/413/397 335/334/316 415/414/396
f 416/413/397 337/336/318 336/333/317
f 418/415/399 337/336/318 417/416/398
f 418/415/399 339/338/320 338/335/319
f 420/417/401 339/338/320 419/418/400
f 420/417/401 341/340/322 340/337/321
f 421/419/402 342/339/323 341/340/322
f 422/420/403 343/341/324 342/339/323
f 423/421/404 344/343/325 343/341/324
f 425/422/406 344/343/325 424/423/405
f 426/424/407 345/342/326 425/422/406
f 426/424/407 347/345/328 346/344/327
f 427/425/408 348/347/329 347/345/328
f 428/426/409 349/346/330 348/347/329
f 430/427/411 349/346/330 429/428/410
f 430/427/411 351/350/332 350/348/331
f 432/429/413 351/350/332 431/430/412
f 433/431/414 352/349/333 432/429/413
f 433/431/414 354/352/335 353/351/334
f 435/432/416 354/352/335 434/433/415
f 435/432/416 356/354/337 355/353/336
f 437/434/418 356/354/337 436/435/417
f 438/436/419 357/356/338 437/434/418
f 438/436/419 359/357/340 358/355/339
f 440/437/421 359/357/340 439/438/420
f 440/437/421 361/360/342 360/358/341
f 442/439/423 361/360/342 441/440/422
f 442/439/423 363/362/344 362/359/343
f 444/441/425 363/362/344 443/442/424
f 444/441/425 365/363/346 364/361/345
f 445/443/426 366/364/347 365/363/346
f 447/444/428 366/364/347 446/445/427
f 448/446/429 367/365/348 447/444/428
f 448/446/429 369/366/350 368/367/349
f 450/447/431 369/366/350 449/448/430
f 450/447/431 371/368/352 370/369/351
f 451/449/432 372/370/353 371/368/352
f 453/450/434 372/370/353 452/451/433
f 454/452/435 373/371/354 453/450/434
f 454/452/435 375/372/356 374/373/355
f 456/453/437 375/372/356 455/454/436
f 457/455/438 376/374/357 456/453/437
f 458/456/439 377/375/358 457/455/438
f 459/457/440 378/377/359 458/456/439
f 459/457/440 380/379/361 379/376/360
f 461/458/442 380/379/361 460/459/441
f 462/460/443 381/378/362 461/458/442
f 462/460/443 383/382/364 382/380/363
f 464/461/445 383/382/364 463/462/444
f 465/463/446 384/381/365 464/461/445
f 466/464/447 385/383/366 465/463/446
f 467/465/448 386/385/367 466/464/447
f 467/465/448 388/387/369 387/384/368
f 469/466/450 388/387/369 468/467/449
f 470/468/451 389/386/370 469/466/450
f 471/469/452 390/388/371 470/468/451
f 472/470/453 391/389/372 471/469/452
f 472/470/453 393/391/374 392/390/373
f 473/471/454 394/392/375 393/391/374
f 474/472/455 395/393/376 394/392/375
f 475/473/456 396/394/377 395/393/376
f 476/474/457 397/395/378 396/394/377
f 477/475/458 398/396/379 397/395/378
f 478/476/459 399/397/380 398/396/379
f 480/477/461 399/397/380 479/478/460
f 481/479/462 402/400/383 401/399/382
f 482/480/463 403/402/384 402/400/383
f 484/481/465 403/402/384 483/482/464
f 485/483/466 404/401/385 484/481/465
f 485/483/466 406/404/387 405/403/386
f 487/484/468 406/404/387 486/485/467
f 488/486/469 407/405/388 487/484/468
f 489/487/470 408/407/389 488/486/469
f 490/488/471 409/406/390 489/487/470
f 490/488/471 411/409/392 410/408/391
f 491/489/472 412/411/393 411/409/392
f 492/490/473 413/410/394 412/411/393
f 493/491/474 414/412/395 413/410/394
f 494/492/475 415/414/396 414/412/395
f 495/493/476 416/413/397 415/414/396
f 497/494/478 416/413/397 496/495/477
f 497/494/478 418/415/399 417/416/398
f 498/496/479 419/418/400 418/415/399
f 500/497/481 419/418/400 499/498/480
f 500/497/481 421/419/402 420/417/401
f 501/499/482 422/420/403 421/419/402
f 503/500/484 422/420/403 502/501/483
f 503/500/484 424/423/405 423/421/404
f 504/502/485 425/422/406 424/423/405
f 506/503/487 425/422/406 505/504/486
f 506/503/487 427/425/408 426/424/407
f 508/505/489 427/425/408 507/506/488
f 508/505/489 429/428/410 428/426/409
f 510/507/491 429/428/410 509/508/490
f 511/509/492 430/427/411 510/507/491
f 511/509/492 432/429/413 431/430/412
f 513/510/494 432/429/413 512/511/493
f 513/510/494 434/433/415 433/431/414
f 514/512/495 435/432/416 434/433/415
f 516/513/497 435/432/416 515/514/496
f 517/515/498 436/435/417 516/513/497
f 517/515/498 438/436/419 437/434/418
f 519/516/500 438/436/419 518/517/499
f 520/518/501 439/438/420 519/516/500
f 521/519/502 440/437/421 520/518/501
f 522/520/503 441/440/422 521/519/502
f 523/521/504 442/439/423 522/520/503
f 523/521/504 444/441/425 443/442/424
f 524/522/505 445/443/426 444/441/425
f 525/523/506 446/445/427 445/443/426
f 527/524/508 446/445/427 526/525/507
f 527/524/508 448/446/429 447/444/428
f 529/526/510 448/446/429 528/527/509
f 530/528/511 449/448/430 529/526/510
f 530/528/511 451/449/432 450/447/431
f 532/529/513 451/449/432 531/530/512
f 532/529/513 453/450/434 452/451/433
f 533/531/514 454/452/435 453/450/434
f 535/532/516 454/452/435 534/533/515
f 535/532/516 456/453/437 455/454/436
f 537/534/518 456/453/437 536/535/517
f 538/536/519 457/455/438 537/534/518
f 538/536/519 459/457/440 458/456/439
f 540/537/521 459/457/440 539/538/520
f 540/537/521 461/458/442 460/459/441
f 542/539/523 461/458/442 541/540/522
f 543/541/524 462/460/443 542/539/523
f 543/541/524 464/461/445 463/462/444
f 544/542/525 465/463/446 464/461/445
f 546/543/527 465/463/446 545/544/526
f 546/543/527 467/465/448 466/464/447
f 548/545/529 467/465/448 547/546/528
f 549/547/530 468/467/449 548/545/529
f 549/547/530 470/468/451 469/466/450
f 550/548/531 471/469/452 470/468/451
f 552/549/533 471/469/452 551/550/532
f 553/551/534 472/470/453 552/549/533
f 553/551/534 474/472/455 473/471/454
f 554/552/535 475/473/456 474/472/455
f 555/553/536 476/474/457 475/473/456
f 556/554/537 477/475/458 476/474/457
f 557/555/538 478/476/459 477/475/458
f 558/556/539 479/478/460 478/476/459
f 560/557/541 479/478/460 559/558/540
f 561/559/542 482/480/463 481/479/462
f 563/560/544 482/480/463 562/561/543
f 564/562/545 483/482/464 563/560/544
f 565/563/546 484/481/465 564/562/545
f 566/564/547 485/483/466 565/563/546
f 567/565/548 486/485/467 566/564/547
f 568/566/549 487/484/468 567/565/548
f 569/567/550 488/486/469 568/566/549
f 570/568/551 489/487/470 569/567/550
f 570/568/551 491/489/472 490/488/471
f 571/569/552 492/490/473 491/489/472
f 572/570/553 493/491/474 492/490/473
f 574/571/555 493/491/474 573/572/554
f 574/571/555 495/493/476 494/492/475
f 575/573/556 496/495/477 495/493/476
f 576/574/557 497/494/478 496/495/477
f 577/575/558 498/496/479 497/494/478
f 579/576/560 498/496/479 578/577/559
f 579/576/560 500/497/481 499/498/480
f 580/578/561 501/499/482 500/497/481
f 581/579/562 502/501/483 501/499/482
f 583/580/564 502/501/483 582/581/563
f 584/582/565 503/500/484 583/580/564
f 584/582/565 505/504/486 504/502/485
f 586/583/567 505/504/486 585/584/566
f 586/583/567 507/506/488 506/503/487
f 588/585/569 507/506/488 587/586/568
f 588/585/569 509/508/490 508/505/489
f 590/587/571 509/508/490 589/588/570
f 591/589/572 510/507/491 590/587/571
f 591/589/572 512/511/493 511/509/492
f 593/590/574 512/511/493 592/591/573
f 593/590/574 514/512/495 513/510/494
f 595/592/576 514/512/495 594/593/575
f 596/594/577 515/514/496 595/592/576
f 597/595/578 516/513/497 596/594/577
f 598/596/579 517/515/498 597/595/578
f 598/596/579 519/516/500 518/517/499
f 600/597/581 519/516/500 599/598/580
f 601/599/582 520/518/501 600/597/581
f 601/599/582 522/520/503 521/519/502
f 603/600/584 522/520/503 602/601/583
f 603/600/584 524/522/505 523/521/504
f 605/602/586 524/522/505 604/603/585
f 605/602/586 526/525/507 525/523/506
f 606/604/587 527/524/508 526/525/507
f 608/605/589 527/524/508 607/606/588
f 608/605/589 529/526/510 528/527/509
f 609/607/590 530/528/511 529/526/510
f 610/608/591 531/530/512 530/528/511
f 612/609/593 531/530/512 611/610/592
f 613/611/594 532/529/513 612/609/593
f 613/611/594 534/533/515 533/531/514
f 614/612/595 535/532/516 534/533/515
f 616/613/597 535/532/516 615/614/596
f 616/613/597 537/534/518 536/535/517
f 618/615/599 537/534/518 617/616/598
f 619/617/600 538/536/519 618/615/599
f 619/617/600 540/537/521 539/538/520
f 620/618/601 541/540/522 540/537/521
f 622/619/603 541/540/522 621/620/602
f 622/619/603 543/541/524 542/539/523
f 624/621/605 543/541/524 623/622/604
f 624/621/605 545/544/526 544/542/525
f 626/623/607 545/544/526 625/624/606
f 627/625/608 546/543/527 626/623/607
f 628/626/609 547/546/528 627/625/608
f 629/627/610 548/545/529 628/626/609
f 630/628/611 549/547/530 629/627/610
f 631/629/612 550/548/531 630/628/611
f 632/630/613 551/550/532 631/629/612
f 633/631/614 552/549/533 632/630/613
f 634/632/615 553/551/534 633/631/614
f 635/633/616 554/552/535 634/632/615
f 636/634/617 555/553/536 635/633/616
f 637/635/618 556/554/537 636/634/617
f 638/636/619 557/555/538 637/635/618
f 638/636/619 559/558/540 558/556/539
f 640/637/621 559/558/540 639/638/620
f 641/639/622 562/561/543 561/559/542
f 643/640/624 562/561/543 642/641/623
f 644/642/625 563/560/544 643/640/624
f 645/643/626 564/562/545 644/642/625
f 646/644/627 565/563/546 645/643/626
f 647/645/628 566/564/547 646/644/627
f 648/646/629 567/565/548 647/645/628
f 649/647/630 568/566/549 648/646/629
f 650/648/631 569/567/550 649/647/630
f 650/648/631 571/569/552 570/568/551
f 652/649/633 571/569/552 651/650/632
f 653/651/634 572/570/553 652/649/633
f 653/651/634 574/571/555 573/572/554
f 654/652/635 575/573/556 574/571/555
f 656/653/637 575/573/556 655/654/636
f 657/655/638 576/574/557 656/653/637
f 657/655/638 578/577/559 577/575/558
f 658/656/639 579/576/560 578/577/559
f 659/657/640 580/578/561 579/576/560
f 660/658/641 581/579/562 580/578/561
f 661/659/642 582/581/563 581/579/562
f 662/660/643 583/580/564 582/581/563
f 664/661/645 583/580/564 663/662/644
f 665/663/646 584/582/565 664/661/645
f 666/664/647 585/584/566 665/663/646
f 666/664/647 587/586/568 586/583/567
f 668/665/649 587/586/568 667/666/648
f 668/665/649 589/588/570 588/585/569
f 670/667/651 589/588/570 669/668/650
f 671/669/652 590/587/571 670/667/651
f 671/669/652 592/591/573 591/589/572
f 673/670/654 592/591/573 672/671/653
f 673/670/654 594/593/575 593/590/574
f 674/672/655 595/592/576 594/593/575
f 675/673/656 596/594/577 595/592/576
f 676/674/657 597/595/578 596/594/577
f 678/675/659 597/595/578 677/676/658
f 678/675/659 599/598/580 598/596/579
f 679/677/660 600/597/581 599/598/580
f 680/678/661 601/599/582 600/597/581
f 682/679/663 601/599/582 681/680/662
f 683/681/664 602/601/583 682/679/663
f 684/682/665 603/600/584 683/681/664
f 684/682/665 605/602/586 604/603/585
f 686/683/667 605/602/586 685/684/666
f 686/683/667 607/606/588 606/604/587
f 688/685/669 607/606/588 687/686/668
f 688/685/669 609/607/590 608/605/589
f 689/687/670 610/608/591 609/607/590
f 691/688/672 610/608/591 690/689/671
f 692/690/673 611/610/592 691/688/672
f 692/690/673 613/611/594 612/609/593
f 694/691/675 613/611/594 693/692/674
f 695/693/676 614/612/595 694/691/675
f 695/693/676 616/613/597 615/614/596
f 697/694/678 616/613/597 696/695/677
f 697/694/678 618/615/599 617/616/598
f 698/696/679 619/617/600 618/615/599
f 700/697/681 619/617/600 699/698/680
f 700/697/681 621/620/602 620/618/601
f 701/699/682 622/619/603 621/620/602
f 703/700/684 622/619/603 702/701/683
f 704/702/685 623/622/604 703/700/684
f 705/703/686 624/621/605 704/702/685
f 705/703/686 626/623/607 625/624/606
f 707/704/688 626/623/607 706/705/687
f 708/706/689 627/625/608 707/704/688
f 709/707/690 628/626/609 708/706/689
f 709/707/690 630/628/611 629/627/610
f 711/708/692 630/628/611 710/709/691
f 712/710/693 631/629/612 711/708/692
f 713/711/694 632/630/613 712/710/693
f 714/712/695 633/631/614 713/711/694
f 715/713/696 634/632/615 714/712/695
f 716/714/697 635/633/616 715/713/696
f 717/715/698 636/634/617 716/714/697
f 718/716/699 637/635/618 717/715/698
f 718/716/699 639/638/620 638/636/619
f 720/717/701 639/638/620 719/718/700
f 721/719/702 642/641/623 641/639/622
f 723/720/704 642/641/623 722/721/703
f 724/722/705 643/640/624 723/720/704
f 725/723/706 644/642/625 724/722/705
f 726/724/707 645/643/626 725/723/706
f 727/725/708 646/644/627 726/724/707
f 728/726/709 647/645/628 727/725/708
f 728/726/709 649/647/630 648/646/629
f 729/727/710 650/648/631 649/647/630
f 730/728/711 651/650/632 650/648/631
f 732/729/713 651/650/632 731/730/712
f 732/729/713 653/651/634 652/649/633
f 733/731/714 654/652/635 653/651/634
f 734/732/715 655/654/636 654/652/635
f 735/733/716 656/653/637 655/654/636
f 737/734/718 656/653/637 736/735/717
f 738/736/719 657/655/638 737/734/718
f 738/736/719 659/657/640 658/656/639
f 739/737/720 660/658/641 659/657/640
f 740/738/721 661/659/642 660/658/641
f 742/739/723 661/659/642 741/740/722
f 743/741/724 662/660/643 742/739/723
f 744/742/725 663/662/644 743/741/724
f 745/743/726 664/661/645 744/742/725
f 745/743/726 666/664/647 665/663/646
f 747/744/728 666/664/647 746/745/727
f 747/744/728 668/665/649 667/666/648
f 748/746/729 669/668/650 668/665/649
f 750/747/731 669/668/650 749/748/730
f 750/747/731 671/669/652 670/667/651
f 751/749/732 672/671/653 671/669/652
f 752/750/733 673/670/654 672/671/653
f 754/751/735 673/670/654 753/752/734
f 755/753/736 674/672/655 754/751/735
f 755/753/736 676/674/657 675/673/656
f 756/754/737 677/676/658 676/674/657
f 758/755/739 677/676/658 757/756/738
f 758/755/739 679/677/660 678/675/659
f 760/757/741 679/677/660 759/758/740
f 761/759/742 680/678/661 760/757/741
f 761/759/742 682/679/663 681/680/662
f 763/760/744 682/679/663 762/761/743
f 764/762/745 683/681/664 763/760/744
f 764/762/745 685/684/666 684/682/665
f 766/763/747 685/684/666 765/764/746
f 766/763/747 687/686/668 686/683/667
f 768/765/749 687/686/668 767/766/748
f 768/765/749 689/687/670 688/685/669
f 769/767/750 690/689/671 689/687/670
f 770/768/751 691/688/672 690/689/671
f 772/769/753 691/688/672 771/770/752
f 772/769/753 693/692/674 692/690/673
f 773/771/754 694/691/675 693/692/674
f 775/772/756 694/691/675 774/773/755
f 776/774/757 695/693/676 775/772/756
f 777/775/758 696/695/677 776/774/757
f 777/775/758 698/696/679 697/694/678
f 778/776/759 699/698/680 698/696/679
f 780/777/761 699/698/680 779/778/760
f 780/777/761 701/699/682 700/697/681
f 781/779/762 702/701/683 701/699/682
f 782/780/763 703/700/684 702/701/683
f 783/781/764 704/702/685 703/700/684
f 785/782/766 704/702/685 784/783/765
f 786/784/767 705/703/686 785/782/766
f 786/784/767 707/704/688 706/705/687
f 787/785/768 708/706/689 707/704/688
f 789/786/770 708/706/689 788/787/769
f 789/786/770 710/709/691 709/707/690
f 791/788/772 710/709/691 790/789/771
f 791/788/772 712/710/693 711/708/692
f 792/790/773 713/711/694 712/710/693
f 794/791/775 713/711/694 793/792/774
f 795/793/776 714/712/695 794/791/775
f 796/794/777 715/713/696 795/793/776
f 797/795/778 716/714/697 796/794/777
f 798/796/779 717/715/698 797/795/778
f 798/796/779 719/718/700 718/716/699
f 800/797/781 719/718/700 799/798/780
f 801/799/782 722/721/703 721/719/702
f 803/800/784 722/721/703 802/801/783
f 804/802/785 723/720/704 803/800/784
f 805/803/786 724/722/705 804/802/785
f 806/804/787 725/723/706 805/803/786
f 807/805/788 726/724/707 806/804/787
f 808/806/789 727/725/708 807/805/788
f 809/807/790 728/726/709 808/806/789
f 810/808/791 729/727/710 809/807/790
f 811/809/792 730/728/711 810/808/791
f 812/810/793 731/730/712 811/809/792
f 813/811/794 732/729/713 812/810/793
f 813/811/794 734/732/715 733/731/714
f 814/812/795 735/733/716 734/732/715
f 815/813/796 736/735/717 735/733/716
f 816/814/797 737/734/718 736/735/717
f 817/815/798 738/736/719 737/734/718
f 818/816/799 739/737/720 738/736/719
f 820/817/801 739/737/720 819/818/800
f 821/819/802 740/738/721 820/817/801
f 821/819/802 742/739/723 741/740/722
f 822/820/803 743/741/724 742/739/723
f 824/821/805 743/741/724 823/822/804
f 824/821/805 745/743/726 744/742/725
f 825/823/806 746/745/727 745/743/726
f 826/824/807 747/744/728 746/745/727
f 827/825/808 748/746/729 747/744/728
f 828/826/809 749/748/730 748/746/729
f 829/827/810 750/747/731 749/748/730
f 831/828/812 750/747/731 830/829/811
f 832/830/813 751/749/732 831/828/812
f 833/831/814 752/750/733 832/830/813
f 833/831/814 754/751/735 753/752/734
f 835/832/816 754/751/735 834/833/815
f 835/832/816 756/754/737 755/753/736
f 837/834/818 756/754/737 836/835/817
f 837/834/818 758/755/739 757/756/738
f 839/836/820 758/755/739 838/837/819
f 840/838/821 759/758/740 839/836/820
f 841/839/822 760/757/741 840/838/821
f 842/840/823 761/759/742 841/839/822
f 842/840/823 763/760/744 762/761/743
f 844/841/825 763/760/744 843/842/824
f 845/843/826 764/762/745 844/841/825
f 846/844/827 765/764/746 845/843/826
f 846/844/827 767/766/748 766/763/747
f 848/845/829 767/766/748 847/846/828
f 849/847/830 768/765/749 848/845/829
f 849/847/830 770/768/751 769/767/750
f 851/848/832 770/768/751 850/849/831
f 851/848/832 772/769/753 771/770/752
f 853/850/834 772/769/753 852/851/833
f 854/852/835 773/771/754 853/850/834
f 854/852/835 775/772/756 774/773/755
f 856/853/837 775/772/756 855/854/836
f 856/853/837 777/775/758 776/774/757
f 858/855/839 777/775/758 857/856/838
f 859/857/840 778/776/759 858/855/839
f 859/857/840 780/777/761 779/778/760
f 861/858/842 780/777/761 860/859/841
f 861/858/842 782/780/763 781/779/762
f 862/860/843 783/781/764 782/780/763
f 863/861/844 784/783/765 783/781/764
f 865/862/846 784/783/765 864/863/845
f 865/862/846 786/784/767 785/782/766
f 866/864/847 787/785/768 786/784/767
f 868/865/849 787/785/768 867/866/848
f 868/865/849 789/786/770 788/787/769
f 869/867/850 790/789/771 789/786/770
f 870/868/851 791/788/772 790/789/771
f 871/869/852 792/790/773 791/788/772
f 872/870/853 793/792/774 792/790/773
f 873/871/854 794/791/775 793/792/774
f 874/872/855 795/793/776 794/791/775
f 875/873/856 796/794/777 795/793/776
f 876/874/857 797/795/778 796/794/777
f 878/875/859 797/795/778 877/876/858
f 879/877/860 798/796/779 878/875/859
f 880/878/861 799/798/780 879/877/860
f 882/879/863 801/799/782 881/880/862
f 882/879/863 803/800/784 802/801/783
f 883/881/864 804/802/785 803/800/784
f 885/882/866 804/802/785 884/883/865
f 886/884/867 805/803/786 885/882/866
f 887/885/868 806/804/787 886/884/867
f 887/885/868 808/806/789 807/805/788
f 888/886/869 809/807/790 808/806/789
f 889/887/870 810/808/791 809/807/790
f 890/888/871 811/809/792 810/808/791
f 891/889/872 812/810/793 811/809/792
f 892/890/873 813/811/794 812/810/793
f 893/891/874 814/812/795 813/811/794
f 894/892/875 815/813/796 814/812/795
f 896/893/877 815/813/796 895/894/876
f 896/893/877 817/815/798 816/814/797
f 898/895/879 817/815/798 897/896/878
f 899/897/880 818/816/799 898/895/879
f 899/897/880 820/817/801 819/818/800
f 901/898/882 820/817/801 900/899/881
f 902/900/883 821/819/802 901/898/882
f 903/901/884 822/820/803 902/900/883
f 903/901/884 824/821/805 823/822/804
f 904/902/885 825/823/806 824/821/805
f 905/903/886 826/824/807 825/823/806
f 906/904/887 827/825/808 826/824/807
f 907/905/888 828/826/809 827/825/808
f 909/906/890 828/826/809 908/907/889
f 909/906/890 830/829/811 829/827/810
f 911/908/892 830/829/811 910/909/891
f 911/908/892 832/830/813 831/828/812
f 912/910/893 833/831/814 832/830/813
f 914/911/895 833/831/814 913/912/894
f 915/913/896 834/833/815 914/911/895
f 916/914/897 835/832/816 915/913/896
f 917/915/898 836/835/817 916/914/897
f 917/915/898 838/837/819 837/834/818
f 918/916/899 839/836/820 838/837/819
f 919/917/900 840/838/821 839/836/820
f 921/918/902 840/838/821 920/919/901
f 922/920/903 841/839/822 921/918/902
f 922/920/903 843/842/824 842/840/823
f 924/921/905 843/842/824 923/922/904
f 925/923/906 844/841/825 924/921/905
f 926/924/907 845/843/826 925/923/906
f 926/924/907 847/846/828 846/844/827
f 927/925/908 848/845/829 847/846/828
f 928/926/909 849/847/830 848/845/829
f 930/927/911 849/847/830 929/928/910
f 930/927/911 851/848/832 850/849/831
f 931/929/912 852/851/833 851/848/832
f 933/930/914 852/851/833 932/931/913
f 933/930/914 854/852/835 853/850/834
f 934/932/915 855/854/836 854/852/835
f 936/933/917 855/854/836 935/934/916
f 937/935/918 856/853/837 936/933/917
f 937/935/918 858/855/839 857/856/838
f 939/936/920 858/855/839 938/937/919
f 939/936/920 860/859/841 859/857/840
f 941/938/922 860/859/841 940/939/921
f 941/938/922 862/860/843 861/858/842
f 943/940/924 862/860/843 942/941/923
f 944/942/925 863/861/844 943/940/924
f 944/942/925 865/862/846 864/863/845
f 946/943/927 865/862/846 945/944/926
f 947/945/928 866/864/847 946/943/927
f 948/946/929 867/866/848 947/945/928
f 949/947/930 868/865/849 948/946/929
f 949/947/930 870/868/851 869/867/850
f 950/948/931 871/869/852 870/868/851
f 952/949/933 871/869/852 951/950/932
f 952/949/933 873/871/854 872/870/853
f 953/951/934 874/872/855 873/871/854
f 954/952/935 875/873/856 874/872/855
f 955/953/936 876/874/857 875/873/856
f 956/954/937 877/876/858 876/874/857
f 957/955/938 878/875/859 877/876/858
f 959/956/940 878/875/859 958/957/939
f 959/956/940 880/878/861 879/877/860
f 962/958/943 881/880/862 961/959/942
f 962/958/943 883/881/864 882/879/863
f 963/960/944 884/883/865 883/881/864
f 964/961/945 885/882/866 884/883/865
f 965/962/946 886/884/867 885/882/866
f 966/963/947 887/885/868 886/884/867
f 967/964/948 888/886/869 887/885/868
f 968/965/949 889/887/870 888/886/869
f 969/966/950 890/888/871 889/887/870
f 971/967/952 890/888/871 970/968/951
f 972/969/953 891/889/872 971/967/952
f 973/970/954 892/890/873 972/969/953
f 973/970/954 894/892/875 893/891/874
f 974/971/955 895/894/876 894/892/875
f 976/972/957 895/894/876 975/973/956
f 976/972/957 897/896/878 896/893/877
f 977/974/958 898/895/879 897/896/878
f 978/975/959 899/897/880 898/895/879
f 980/976/961 899/897/880 979/977/960
f 980/976/961 901/898/882 900/899/881
f 981/978/962 902/900/883 901/898/882
f 983/979/964 902/900/883 982/980/963
f 983/979/964 904/902/885 903/901/884
f 985/981/966 904/902/885 984/982/965
f 986/983/967 905/903/886 985/981/966
f 987/984/968 906/904/887 986/983/967
f 987/984/968 908/907/889 907/905/888
f 989/985/970 908/907/889 988/986/969
f 990/987/971 909/906/890 989/985/970
f 990/987/971 911/908/892 910/909/891
f 992/988/973 911/908/892 991/989/972
f 992/988/973 913/912/894 912/910/893
f 993/990/974 914/911/895 913/912/894
f 995/991/976 914/911/895 994/992/975
f 995/991/976 916/914/897 915/913/896
f 997/993/978 916/914/897 996/994/977
f 997/993/978 918/916/899 917/915/898
f 999/995/980 918/916/899 998/996/979
f 1000/997/981 919/917/900 999/995/980
f 1000/997/981 921/918/902 920/919/901
f 1002/998/983 921/918/902 1001/999/982
f 1002/998/983 923/922/904 922/920/903
f 1003/1000/984 924/921/905 923/922/904
f 1004/1001/985 925/923/906 924/921/905
f 1005/1002/986 926/924/907 925/923/906
f 1007/1003/988 926/924/907 1006/1004/987
f 1008/1005/989 927/925/908 1007/1003/988
f 1009/1006/990 928/926/909 1008/1005/989
f 1009/1006/990 930/927/911 929/928/910
f 1010/1007/991 931/929/912 930/927/911
f 1012/1008/993 931/929/912 1011/1009/992
f 1013/1010/994 932/931/913 1012/1008/993
f 1013/1010/994 934/932/915 933/930/914
f 1015/1011/996 934/932/915 1014/1012/995
f 1016/1013/997 935/934/916 1015/1011/996
f 1017/1014/998 936/933/917 1016/1013/997
f 1018/1015/999 937/935/918 1017/1014/998
f 1018/1015/999 939/936/920 938/937/919
f 1020/1016/1001 939/936/920 1019/1017/1000
f 1020/1016/1001 941/938/922 940/939/921
f 1021/1018/1002 942/941/923 941/938/922
f 1023/1019/1004 942/941/923 1022/1020/1003
f 1023/1019/1004 944/942/925 943/940/924
f 1025/1021/1006 944/942/925 1024/1022/1005
f 1026/1023/1007 945/944/926 1025/1021/1006
f 1026/1023/1007 947/945/928 946/943/927
f 1028/1024/1009 947/945/928 1027/1025/1008
f 1029/1026/1010 948/946/929 1028/1024/1009
f 1030/1027/1011 949/947/930 1029/1026/1010
f 1030/1027/1011 951/950/932 950/948/931
f 1031/1028/1012 952/949/933 951/950/932
f 1032/1029/1013 953/951/934 952/949/933
f 1033/1030/1014 954/952/935 953/951/934
f 1034/1031/1015 955/953/936 954/952/935
f 1035/1032/1016 956/954/937 955/953/936
f 1036/1033/1017 957/955/938 956/954/937
f 1037/1034/1018 958/957/939 957/955/938
f 1038/1035/1019 959/956/940 958/957/939
f 1039/1036/1020 960/1037/941 959/956/940
f 1042/1038/1023 961/959/942 1041/1039/1022
f 1042/1038/1023 963/960/944 962/958/943
f 1043/1040/1024 964/961/945 963/960/944
f 1044/1041/1025 965/962/946 964/961/945
f 1045/1042/1026 966/963/947 965/962/946
f 1046/1043/1027 967/964/948 966/963/947
f 1047/1044/1028 968/965/949 967/964/948
f 1049/1045/1030 968/965/949 1048/1046/1029
f 1050/1047/1031 969/966/950 1049/1045/1030
f 1050/1047/1031 971/967/952 970/968/951
f 1052/1048/1033 971/967/952 1051/1049/1032
f 1053/1050/1034 972/969/953 1052/1048/1033
f 1053/1050/1034 974/971/955 973/970/954
f 1054/1051/1035 975/973/956 974/971/955
f 1055/1052/1036 976/972/957 975/973/956
f 1056/1053/1037 977/974/958 976/972/957
f 1058/1054/1039 977/974/958 1057/1055/1038
f 1058/1054/1039 979/977/960 978/975/959
f 1060/1056/1041 979/977/960 1059/1057/1040
f 1061/1058/1042 980/976/961 1060/1056/1041
f 1062/1059/1043 981/978/962 1061/1058/1042
f 1063/1060/1044 982/980/963 1062/1059/1043
f 1063/1060/1044 984/982/965 983/979/964
f 1065/1061/1046 984/982/965 1064/1062/1045
f 1065/1061/1046 986/983/967 985/981/966
f 1067/1063/1048 986/983/967 1066/1064/1047
f 1067/1063/1048 988/986/969 987/984/968
f 1068/1065/1049 989/985/970 988/986/969
f 1070/1066/1051 989/985/970 1069/1067/1050
f 1071/1068/1052 990/987/971 1070/1066/1051
f 1071/1068/1052 992/988/973 991/989/972
f 1072/1069/1053 993/990/974 992/988/973
f 1073/1070/1054 994/992/975 993/990/974
f 1074/1071/1055 995/991/976 994/992/975
f 1076/1072/1057 995/991/976 1075/1073/1056
f 1076/1072/1057 997/993/978 996/994/977
f 1077/1074/1058 998/996/979 997/993/978
f 1079/1075/1060 998/996/979 1078/1076/1059
f 1080/1077/1061 999/995/980 1079/1075/1060
f 1080/1077/1061 1001/999/982 1000/997/981
f 1081/1078/1062 1002/998/983 1001/999/982
f 1082/1079/1063 1003/1000/984 1002/998/983
f 1083/1080/1064 1004/1001/985 1003/1000/984
f 1084/1081/1065 1005/1002/986 1004/1001/985
f 1086/1082/1067 1005/1002/986 1085/1083/1066
f 1086/1082/1067 1007/1003/988 1006/1004/987
f 1087/1084/1068 1008/1005/989 1007/1003/988
f 1089/1085/1070 1008/1005/989 1088/1086/1069
f 1089/1085/1070 1010/1007/991 1009/1006/990
f 1091/1087/1072 1010/1007/991 1090/1088/1071
f 1092/1089/1073 1011/1009/992 1091/1087/1072
f 1093/1090/1074 1012/1008/993 1092/1089/1073
f 1093/1090/1074 1014/1012/995 1013/1010/994
f 1095/1091/1076 1014/1012/995 1094/1092/1075
f 1096/1093/1077 1015/1011/996 1095/1091/1076
f 1097/1094/1078 1016/1013/997 1096/1093/1077
f 1097/1094/1078 1018/1015/999 1017/1014/998
f 1098/1095/1079 1019/1017/1000 1018/1015/999
f 1100/1096/1081 1019/1017/1000 1099/1097/1080
f 1100/1096/1081 1021/1018/1002 1020/1016/1001
f 1101/1098/1082 1022/1020/1003 1021/1018/1002
f 1103/1099/1084 1022/1020/1003 1102/1100/1083
f 1104/1101/1085 1023/1019/1004 1103/1099/1084
f 1105/1102/1086 1024/1022/1005 1104/1101/1085
f 1106/1103/1087 1025/1021/1006 1105/1102/1086
f 1107/1104/1088 1026/1023/1007 1106/1103/1087
f 1107/1104/1088 1028/1024/1009 1027/1025/1008
f 1109/1105/1090 1028/1024/1009 1108/1106/1089
f 1109/1105/1090 1030/1027/1011 1029/1026/1010
f 1111/1107/1092 1030/1027/1011 1110/1108/1091
f 1112/1109/1093 1031/1028/1012 1111/1107/1092
f 1113/1110/1094 1032/1029/1013 1112/1109/1093
f 1113/1110/1094 1034/1031/1015 1033/1030/1014
f 1114/1111/1095 1035/1032/1016 1034/1031/1015
f 1115/1112/1096 1036/1033/1017 1035/1032/1016
f 1116/1113/1097 1037/1034/1018 1036/1033/1017
f 1117/1114/1098 1038/1035/1019 1037/1034/1018
f 1118/1115/1099 1039/1036/1020 1038/1035/1019
f 1120/1116/1101 1039/1036/1020 1119/1117/1100
f 1122/1118/1103 1041/1039/1022 1121/1119/1102
f 1122/1118/1103 1043/1040/1024 1042/1038/1023
f 1123/1120/1104 1044/1041/1025 1043/1040/1024
f 1124/1121/1105 1045/1042/1026 1044/1041/1025
f 1125/1122/1106 1046/1043/1027 1045/1042/1026
f 1126/1123/1107 1047/1044/1028 1046/1043/1027
f 1128/1124/1109 1047/1044/1028 1127/1125/1108
f 1129/1126/1110 1048/1046/1029 1128/1124/1109
f 1130/1127/1111 1049/1045/1030 1129/1126/1110
f 1131/1128/1112 1050/1047/1031 1130/1127/1111
f 1131/1128/1112 1052/1048/1033 1051/1049/1032
f 1132/1129/1113 1053/1050/1034 1052/1048/1033
f 1134/1130/1115 1053/1050/1034 1133/1131/1114
f 1135/1132/1116 1054/1051/1035 1134/1130/1115
f 1135/1132/1116 1056/1053/1037 1055/1052/1036
f 1137/1133/1118 1056/1053/1037 1136/1134/1117
f 1138/1135/1119 1057/1055/1038 1137/1133/1118
f 1139/1136/1120 1058/1054/1039 1138/1135/1119
f 1139/1136/1120 1060/1056/1041 1059/1057/1040
f 1140/1137/1121 1061/1058/1042 1060/1056/1041
f 1142/1138/1123 1061/1058/1042 1141/1139/1122
f 1142/1138/1123 1063/1060/1044 1062/1059/1043
f 1143/1140/1124 1064/1062/1045 1063/1060/1044
f 1145/1141/1126 1064/1062/1045 1144/1142/1125
f 1146/1143/1127 1065/1061/1046 1145/1141/1126
f 1146/1143/1127 1067/1063/1048 1066/1064/1047
f 1148/1144/1129 1067/1063/1048 1147/1145/1128
f 1148/1144/1129 1069/1067/1050 1068/1065/1049
f 1150/1146/1131 1069/1067/1050 1149/1147/1130
f 1150/1146/1131 1071/1068/1052 1070/1066/1051
f 1152/1148/1133 1071/1068/1052 1151/1149/1132
f 1153/1150/1134 1072/1069/1053 1152/1148/1133
f 1153/1150/1134 1074/1071/1055 1073/1070/1054
f 1155/1151/1136 1074/1071/1055 1154/1152/1135
f 1155/1151/1136 1076/1072/1057 1075/1073/1056
f 1156/1153/1137 1077/1074/1058 1076/1072/1057
f 1158/1154/1139 1077/1074/1058 1157/1155/1138
f 1159/1156/1140 1078/1076/1059 1158/1154/1139
f 1159/1156/1140 1080/1077/1061 1079/1075/1060
f 1160/1157/1141 1081/1078/1062 1080/1077/1061
f 1161/1158/1142 1082/1079/1063 1081/1078/1062
f 1163/1159/1144 1082/1079/1063 1162/1160/1143
f 1163/1159/1144 1084/1081/1065 1083/1080/1064
f 1164/1161/1145 1085/1083/1066 1084/1081/1065
f 1166/1162/1147 1085/1083/1066 1165/1163/1146
f 1166/1162/1147 1087/1084/1068 1086/1082/1067
f 1168/1164/1149 1087/1084/1068 1167/1165/1148
f 1169/1166/1150 1088/1086/1069 1168/1164/1149
f 1169/1166/1150 1090/1088/1071 1089/1085/1070
f 1170/1167/1151 1091/1087/1072 1090/1088/1071
f 1171/1168/1152 1092/1089/1073 1091/1087/1072
f 1173/1169/1154 1092/1089/1073 1172/1170/1153
f 1173/1169/1154 1094/1092/1075 1093/1090/1074
f 1174/1171/1155 1095/1091/1076 1094/1092/1075
f 1176/1172/1157 1095/1091/1076 1175/1173/1156
f 1176/1172/1157 1097/1094/1078 1096/1093/1077
f 1178/1174/1159 1097/1094/1078 1177/1175/1158
f 1179/1176/1160 1098/1095/1079 1178/1174/1159
f 1180/1177/1161 1099/1097/1080 1179/1176/1160
f 1181/1178/1162 1100/1096/1081 1180/1177/1161
f 1181/1178/1162 1102/1100/1083 1101/1098/1082
f 1183/1179/1164 1102/1100/1083 1182/1180/1163
f 1184/1181/1165 1103/1099/1084 1183/1179/1164
f 1185/1182/1166 1104/1101/1085 1184/1181/1165
f 1185/1182/1166 1106/1103/1087 1105/1102/1086
f 1187/1183/1168 1106/1103/1087 1186/1184/1167
f 1188/1185/1169 1107/1104/1088 1187/1183/1168
f 1188/1185/1169 1109/1105/1090 1108/1106/1089
f 1190/1186/1171 1109/1105/1090 1189/1187/1170
f 1191/1188/1172 1110/1108/1091 1190/1186/1171
f 1192/1189/1173 1111/1107/1092 1191/1188/1172
f 1192/1189/1173 1113/1110/1094 1112/1109/1093
f 1193/1190/1174 1114/1111/1095 1113/1110/1094
f 1194/1191/1175 1115/1112/1096 1114/1111/1095
f 1195/1192/1176 1116/1113/1097 1115/1112/1096
f 1196/1193/1177 1117/1114/1098 1116/1113/1097
f 1197/1194/1178 1118/1115/1099 1117/1114/1098
f 1198/1195/1179 1119/1117/1100 1118/1115/1099
f 1200/1196/1181 1119/1117/1100 1199/1197/1180
f 1202/1198/1183 1121/1119/1102 1201/1199/1182
f 1202/1198/1183 1123/1120/1104 1122/1118/1103
f 1203/1200/1184 1124/1121/1105 1123/1120/1104
f 1204/1201/1185 1125/1122/1106 1124/1121/1105
f 1206/1202/1187 1125/1122/1106 1205/1203/1186
f 1207/1204/1188 1126/1123/1107 1206/1202/1187
f 1208/1205/1189 1127/1125/1108 1207/1204/1188
f 1209/1206/1190 1128/1124/1109 1208/1205/1189
f 1209/1206/1190 1130/1127/1111 1129/1126/1110
f 1210/1207/1191 1131/1128/1112 1130/1127/1111
f 1212/1208/1193 1131/1128/1112 1211/1209/1192
f 1212/1208/1193 1133/1131/1114 1132/1129/1113
f 1213/1210/1194 1134/1130/1115 1133/1131/1114
f 1215/1211/1196 1134/1130/1115 1214/1212/1195
f 1216/1213/1197 1135/1132/1116 1215/1211/1196
f 1216/1213/1197 1137/1133/1118 1136/1134/1117
f 1218/1214/1199 1137/1133/1118 1217/1215/1198
f 1218/1214/1199 1139/1136/1120 1138/1135/1119
f 1219/1216/1200 1140/1137/1121 1139/1136/1120
f 1221/1217/1202 1140/1137/1121 1220/1218/1201
f 1221/1217/1202 1142/1138/1123 1141/1139/1122
f 1223/1219/1204 1142/1138/1123 1222/1220/1203
f 1223/1219/1204 1144/1142/1125 1143/1140/1124
f 1225/1221/1206 1144/1142/1125 1224/1222/1205
f 1226/1223/1207 1145/1141/1126 1225/1221/1206
f 1227/1224/1208 1146/1143/1127 1226/1223/1207
f 1228/1225/1209 1147/1145/1128 1227/1224/1208
f 1229/1226/1210 1148/1144/1129 1228/1225/1209
f 1229/1226/1210 1150/1146/1131 1149/1147/1130
f 1231/1227/1212 1150/1146/1131 1230/1228/1211
f 1231/1227/1212 1152/1148/1133 1151/1149/1132
f 1233/1229/1214 1152/1148/1133 1232/1230/1213
f 1234/1231/1215 1153/1150/1134 1233/1229/1214
f 1234/1231/1215 1155/1151/1136 1154/1152/1135
f 1236/1232/1217 1155/1151/1136 1235/1233/1216
f 1236/1232/1217 1157/1155/1138 1156/1153/1137
f 1238/1234/1219 1157/1155/1138 1237/1235/1218
f 1238/1234/1219 1159/1156/1140 1158/1154/1139
f 1240/1236/1221 1159/1156/1140 1239/1237/1220
f 1241/1238/1222 1160/1157/1141 1240/1236/1221
f 1241/1238/1222 1162/1160/1143 1161/1158/1142
f 1243/1239/1224 1162/1160/1143 1242/1240/1223
f 1244/1241/1225 1163/1159/1144 1243/1239/1224
f 1244/1241/1225 1165/1163/1146 1164/1161/1145
f 1245/1242/1226 1166/1162/1147 1165/1163/1146
f 1246/1243/1227 1167/1165/1148 1166/1162/1147
f 1247/1244/1228 1168/1164/1149 1167/1165/1148
f 1249/1245/1230 1168/1164/1149 1248/1246/1229
f 1249/1245/1230 1170/1167/1151 1169/1166/1150
f 1250/1247/1231 1171/1168/1152 1170/1167/1151
f 1251/1248/1232 1172/1170/1153 1171/1168/1152
f 1253/1249/1234 1172/1170/1153 1252/1250/1233
f 1254/1251/1235 1173/1169/1154 1253/1249/1234
f 1255/1252/1236 1174/1171/1155 1254/1251/1235
f 1256/1253/1237 1175/1173/1156 1255/1252/1236
f 1257/1254/1238 1176/1172/1157 1256/1253/1237
f 1257/1254/1238 1178/1174/1159 1177/1175/1158
f 1258/1255/1239 1179/1176/1160 1178/1174/1159
f 1260/1256/1241 1179/1176/1160 1259/1257/1240
f 1260/1256/1241 1181/1178/1162 1180/1177/1161
f 1261/1258/1242 1182/1180/1163 1181/1178/1162
f 1262/1259/1243 1183/1179/1164 1182/1180/1163
f 1264/1260/1245 1183/1179/1164 1263/1261/1244
f 1265/1262/1246 1184/1181/1165 1264/1260/1245
f 1265/1262/1246 1186/1184/1167 1185/1182/1166
f 1267/1263/1248 1186/1184/1167 1266/1264/1247
f 1267/1263/1248 1188/1185/1169 1187/1183/1168
f 1269/1265/1250 1188/1185/1169 1268/1266/1249
f 1269/1265/1250 1190/1186/1171 1189/1187/1170
f 1270/1267/1251 1191/1188/1172 1190/1186/1171
f 1271/1268/1252 1192/1189/1173 1191/1188/1172
f 1272/1269/1253 1193/1190/1174 1192/1189/1173
f 1273/1270/1254 1194/1191/1175 1193/1190/1174
f 1274/1271/1255 1195/1192/1176 1194/1191/1175
f 1275/1272/1256 1196/1193/1177 1195/1192/1176
f 1277/1273/1258 1196/1193/1177 1276/1274/1257
f 1277/1273/1258 1198/1195/1179 1197/1194/1178
f 1278/1275/1259 1199/1197/1180 1198/1195/1179
f 1279/1276/1260 1200/1196/1181 1199/1197/1180
f 1281/1277/1262 1202/1198/1183 1201/1199/1182
f 1283/1278/1264 1202/1198/1183 1282/1279/1263
f 1284/1280/1265 1203/1200/1184 1283/1278/1264
f 1285/1281/1266 1204/1201/1185 1284/1280/1265
f 1286/1282/1267 1205/1203/1186 1285/1281/1266
f 1287/1283/1268 1206/1202/1187 1286/1282/1267
f 1288/1284/1269 1207/1204/1188 1287/1283/1268
f 1288/1284/1269 1209/1206/1190 1208/1205/1189
f 1289/1285/1270 1210/1207/1191 1209/1206/1190
f 1290/1286/1271 1211/1209/1192 1210/1207/1191
f 1292/1287/1273 1211/1209/1192 1291/1288/1272
f 1292/1287/1273 1213/1210/1194 1212/1208/1193
f 1294/1289/1275 1213/1210/1194 1293/1290/1274
f 1295/1291/1276 1214/1212/1195 1294/1289/1275
f 1295/1291/1276 1216/1213/1197 1215/1211/1196
f 1296/1292/1277 1217/1215/1198 1216/1213/1197
f 1297/1293/1278 1218/1214/1199 1217/1215/1198
f 1298/1294/1279 1219/1216/1200 1218/1214/1199
f 1300/1295/1281 1219/1216/1200 1299/1296/1280
f 1300/1295/1281 1221/1217/1202 1220/1218/1201
f 1302/1297/1283 1221/1217/1202 1301/1298/1282
f 1302/1297/1283 1223/1219/1204 1222/1220/1203
f 1303/1299/1284 1224/1222/1205 1223/1219/1204
f 1304/1300/1285 1225/1221/1206 1224/1222/1205
f 1305/1301/1286 1226/1223/1207 1225/1221/1206
f 1307/1302/1288 1226/1223/1207 1306/1303/1287
f 1307/1302/1288 1228/1225/1209 1227/1224/1208
f 1308/1304/1289 1229/1226/1210 1228/1225/1209
f 1310/1305/1291 1229/1226/1210 1309/1306/1290
f 1310/1305/1291 1231/1227/1212 1230/1228/1211
f 1311/1307/1292 1232/1230/1213 1231/1227/1212
f 1313/1308/1294 1232/1230/1213 1312/1309/1293
f 1314/1310/1295 1233/1229/1214 1313/1308/1294
f 1314/1310/1295 1235/1233/1216 1234/1231/1215
f 1315/1311/1296 1236/1232/1217 1235/1233/1216
f 1317/1312/1298 1236/1232/1217 1316/1313/1297
f 1318/1314/1299 1237/1235/1218 1317/1312/1298
f 1318/1314/1299 1239/1237/1220 1238/1234/1219
f 1320/1315/1301 1239/1237/1220 1319/1316/1300
f 1320/1315/1301 1241/1238/1222 1240/1236/1221
f 1322/1317/1303 1241/1238/1222 1321/1318/1302
f 1323/1319/1304 1242/1240/1223 1322/1317/1303
f 1323/1319/1304 1244/1241/1225 1243/1239/1224
f 1325/1320/1306 1244/1241/1225 1324/1321/1305
f 1326/1322/1307 1245/1242/1226 1325/1320/1306
f 1327/1323/1308 1246/1243/1227 1326/1322/1307
f 1327/1323/1308 1248/1246/1229 1247/1244/1228
f 1329/1324/1310 1248/1246/1229 1328/1325/1309
f 1330/1326/1311 1249/1245/1230 1329/1324/1310
f 1330/1326/1311 1251/1248/1232 1250/1247/1231
f 1332/1327/1313 1251/1248/1232 1331/1328/1312
f 1332/1327/1313 1253/1249/1234 1252/1250/1233
f 1333/1329/1314 1254/1251/1235 1253/1249/1234
f 1335/1330/1316 1254/1251/1235 1334/1331/1315
f 1335/1330/1316 1256/1253/1237 1255/1252/1236
f 1337/1332/1318 1256/1253/1237 1336/1333/1317
f 1337/1332/1318 1258/1255/1239 1257/1254/1238
f 1338/1334/1319 1259/1257/1240 1258/1255/1239
f 1340/1335/1321 1259/1257/1240 1339/1336/1320
f 1341/1337/1322 1260/1256/1241 1340/1335/1321
f 1341/1337/1322 1262/1259/1243 1261/1258/1242
f 1342/1338/1323 1263/1261/1244 1262/1259/1243
f 1343/1339/1324 1264/1260/1245 1263/1261/1244
f 1345/1340/1326 1264/1260/1245 1344/1341/1325
f 1346/1342/1327 1265/1262/1246 1345/1340/1326
f 1347/1343/1328 1266/1264/1247 1346/1342/1327
f 1347/1343/1328 1268/1266/1249 1267/1263/1248
f 1349/1344/1330 1268/1266/1249 1348/1345/1329
f 1350/1346/1331 1269/1265/1250 1349/1344/1330
f 1350/1346/1331 1271/1268/1252 1270/1267/1251
f 1351/1347/1332 1272/1269/1253 1271/1268/1252
f 1352/1348/1333 1273/1270/1254 1272/1269/1253
f 1353/1349/1334 1274/1271/1255 1273/1270/1254
f 1354/1350/1335 1275/1272/1256 1274/1271/1255
f 1355/1351/1336 1276/1274/1257 1275/1272/1256
f 1357/1352/1338 1276/1274/1257 1356/1353/1337
f 1358/1354/1339 1277/1273/1258 1357/1352/1338
f 1358/1354/1339 1279/1276/1260 1278/1275/1259
f 1359/1355/1340 1280/1356/1261 1279/1276/1260
f 1361/1357/1342 1282/1279/1263 1281/1277/1262
f 1362/1358/1343 1283/1278/1264 1282/1279/1263
f 1364/1359/1345 1283/1278/1264 1363/1360/1344
f 1365/1361/1346 1284/1280/1265 1364/1359/1345
f 1366/1362/1347 1285/1281/1266 1365/1361/1346
f 1367/1363/1348 1286/1282/1267 1366/1362/1347
f 1368/1364/1349 1287/1283/1268 1367/1363/1348
f 1369/1365/1350 1288/1284/1269 1368/1364/1349
f 1370/1366/1351 1289/1285/1270 1369/1365/1350
f 1371/1367/1352 1290/1286/1271 1370/1366/1351
f 1372/1368/1353 1291/1288/1272 1371/1367/1352
f 1372/1368/1353 1293/1290/1274 1292/1287/1273
f 1373/1369/1354 1294/1289/1275 1293/1290/1274
f 1374/1370/1355 1295/1291/1276 1294/1289/1275
f 1375/1371/1356 1296/1292/1277 1295/1291/1276
f 1377/1372/1358 1296/1292/1277 1376/1373/1357
f 1378/1374/1359 1297/1293/1278 1377/1372/1358
f 1379/1375/1360 1298/1294/1279 1378/1374/1359
f 1380/1376/1361 1299/1296/1280 1379/1375/1360
f 1380/1376/1361 1301/1298/1282 1300/1295/1281
f 1381/1377/1362 1302/1297/1283 1301/1298/1282
f 1382/1378/1363 1303/1299/1284 1302/1297/1283
f 1383/1379/1364 1304/1300/1285 1303/1299/1284
f 1384/1380/1365 1305/1301/1286 1304/1300/1285
f 1386/1381/1367 1305/1301/1286 1385/1382/1366
f 1386/1381/1367 1307/1302/1288 1306/1303/1287
f 1388/1383/1369 1307/1302/1288 1387/1384/1368
f 1388/1383/1369 1309/1306/1290 1308/1304/1289
f 1390/1385/1371 1309/1306/1290 1389/1386/1370
f 1390/1385/1371 1311/1307/1292 1310/1305/1291
f 1391/1387/1372 1312/1309/1293 1311/1307/1292
f 1392/1388/1373 1313/1308/1294 1312/1309/1293
f 1393/1389/1374 1314/1310/1295 1313/1308/1294
f 1395/1390/1376 1314/1310/1295 1394/1391/1375
f 1396/1392/1377 1315/1311/1296 1395/1390/1376
f 1396/1392/1377 1317/1312/1298 1316/1313/1297
f 1397/1393/1378 1318/1314/1299 1317/1312/1298
f 1398/1394/1379 1319/1316/1300 1318/1314/1299
f 1400/1395/1381 1319/1316/1300 1399/1396/1380
f 1401/1397/1382 1320/1315/1301 1400/1395/1381
f 1402/1398/1383 1321/1318/1302 1401/1397/1382
f 1403/1399/1384 1322/1317/1303 1402/1398/1383
f 1404/1400/1385 1323/1319/1304 1403/1399/1384
f 1404/1400/1385 1325/1320/1306 1324/1321/1305
f 1406/1401/1387 1325/1320/1306 1405/1402/1386
f 1407/1403/1388 1326/1322/1307 1406/1401/1387
f 1408/1404/1389 1327/1323/1308 1407/1403/1388
f 1408/1404/1389 1329/1324/1310 1328/1325/1309
f 1409/1405/1390 1330/1326/1311 1329/1324/1310
f 1411/1406/1392 1330/1326/1311 1410/1407/1391
f 1411/1406/1392 1332/1327/1313 1331/1328/1312
f 1413/1408/1394 1332/1327/1313 1412/1409/1393
f 1414/1410/1395 1333/1329/1314 1413/1408/1394
f 1414/1410/1395 1335/1330/1316 1334/1331/1315
f 1416/1411/1397 1335/1330/1316 1415/1412/1396
f 1417/1413/1398 1336/1333/1317 1416/1411/1397
f 1417/1413/1398 1338/1334/1319 1337/1332/1318
f 1419/1414/1400 1338/1334/1319 1418/1415/1399
f 1419/1414/1400 1340/1335/1321 1339/1336/1320
f 1421/1416/1402 1340/1335/1321 1420/1417/1401
f 1422/1418/1403 1341/1337/1322 1421/1416/1402
f 1423/1419/1404 1342/1338/1323 1422/1418/1403
f 1424/1420/1405 1343/1339/1324 1423/1419/1404
f 1425/1421/1406 1344/1341/1325 1424/1420/1405
f 1425/1421/1406 1346/1342/1327 1345/1340/1326
f 1426/1422/1407 1347/1343/1328 1346/1342/1327
f 1428/1423/1409 1347/1343/1328 1427/1424/1408
f 1429/1425/1410 1348/1345/1329 1428/1423/1409
f 1429/1425/1410 1350/1346/1331 1349/1344/1330
f 1431/1426/1412 1350/1346/1331 1430/1427/1411
f 1432/1428/1413 1351/1347/1332 1431/1426/1412
f 1433/1429/1414 1352/1348/1333 1432/1428/1413
f 1433/1429/1414 1354/1350/1335 1353/1349/1334
f 1434/1430/1415 1355/1351/1336 1354/1350/1335
f 1435/1431/1416 1356/1353/1337 1355/1351/1336
f 1436/1432/1417 1357/1352/1338 1356/1353/1337
f 1437/1433/1418 1358/1354/1339 1357/1352/1338
f 1439/1434/1420 1358/1354/1339 1438/1435/1419
f 1439/1434/1420 1360/1436/1341 1359/1355/1340
f 1442/1437/1423 1361/1357/1342 1441/1438/1422
f 1443/1439/1424 1362/1358/1343 1442/1437/1423
f 1444/1440/1425 1363/1360/1344 1443/1439/1424
f 1445/1441/1426 1364/1359/1345 1444/1440/1425
f 1446/1442/1427 1365/1361/1346 1445/1441/1426
f 1447/1443/1428 1366/1362/1347 1446/1442/1427
f 1447/1443/1428 1368/1364/1349 1367/1363/1348
f 1448/1444/1429 1369/1365/1350 1368/1364/1349
f 1449/1445/1430 1370/1366/1351 1369/1365/1350
f 1451/1446/1432 1370/1366/1351 1450/1447/1431
f 1452/1448/1433 1371/1367/1352 1451/1446/1432
f 1452/1448/1433 1373/1369/1354 1372/1368/1353
f 1453/1449/1434 1374/1370/1355 1373/1369/1354
f 1454/1450/1435 1375/1371/1356 1374/1370/1355
f 1456/1451/1437 1375/1371/1356 1455/1452/1436
f 1456/1451/1437 1377/1372/1358 1376/1373/1357
f 1457/1453/1438 1378/1374/1359 1377/1372/1358
f 1459/1454/1440 1378/1374/1359 1458/1455/1439
f 1459/1454/1440 1380/1376/1361 1379/1375/1360
f 1460/1456/1441 1381/1377/1362 1380/1376/1361
f 1461/1457/1442 1382/1378/1363 1381/1377/1362
f 1463/1458/1444 1382/1378/1363 1462/1459/1443
f 1464/1460/1445 1383/1379/1364 1463/1458/1444
f 1465/1461/1446 1384/1380/1365 1464/1460/1445
f 1466/1462/1447 1385/1382/1366 1465/1461/1446
f 1467/1463/1448 1386/1381/1367 1466/1462/1447
f 1467/1463/1448 1388/1383/1369 1387/1384/1368
f 1469/1464/1450 1388/1383/1369 1468/1465/1449
f 1470/1466/1451 1389/1386/1370 1469/1464/1450
f 1471/1467/1452 1390/1385/1371 1470/1466/1451
f 1472/1468/1453 1391/1387/1372 1471/1467/1452
f 1473/1469/1454 1392/1388/1373 1472/1468/1453
f 1474/1470/1455 1393/1389/1374 1473/1469/1454
f 1474/1470/1455 1395/1390/1376 1394/1391/1375
f 1476/1471/1457 1395/1390/1376 1475/1472/1456
f 1477/1473/1458 1396/1392/1377 1476/1471/1457
f 1478/1474/1459 1397/1393/1378 1477/1473/1458
f 1479/1475/1460 1398/1394/1379 1478/1474/1459
f 1479/1475/1460 1400/1395/1381 1399/1396/1380
f 1481/1476/1462 1400/1395/1381 1480/1477/1461
f 1481/1476/1462 1402/1398/1383 1401/1397/1382
f 1483/1478/1464 1402/1398/1383 1482/1479/1463
f 1484/1480/1465 1403/1399/1384 1483/1478/1464
f 1484/1480/1465 1405/1402/1386 1404/1400/1385
f 1485/1481/1466 1406/1401/1387 1405/1402/1386
f 1487/1482/1468 1406/1401/1387 1486/1483/1467
f 1487/1482/1468 1408/1404/1389 1407/1403/1388
f 1488/1484/1469 1409/1405/1390 1408/1404/1389
f 1490/1485/1471 1409/1405/1390 1489/1486/1470
f 1491/1487/1472 1410/1407/1391 1490/1485/1471
f 1491/1487/1472 1412/1409/1393 1411/1406/1392
f 1492/1488/1473 1413/1408/1394 1412/1409/1393
f 1494/1489/1475 1413/1408/1394 1493/1490/1474
f 1495/1491/1476 1414/1410/1395 1494/1489/1475
f 1495/1491/1476 1416/1411/1397 1415/1412/1396
f 1497/1492/1478 1416/1411/1397 1496/1493/1477
f 1497/1492/1478 1418/1415/1399 1417/1413/1398
f 1499/1494/1480 1418/1415/1399 1498/1495/1479
f 1500/1496/1481 1419/1414/1400 1499/1494/1480
f 1500/1496/1481 1421/1416/1402 1420/1417/1401
f 1502/1497/1483 1421/1416/1402 1501/1498/1482
f 1502/1497/1483 1423/1419/1404 1422/1418/1403
f 1504/1499/1485 1423/1419/1404 1503/1500/1484
f 1505/1501/1486 1424/1420/1405 1504/1499/1485
f 1506/1502/1487 1425/1421/1406 1505/1501/1486
f 1506/1502/1487 1427/1424/1408 1426/1422/1407
f 1508/1503/1489 1427/1424/1408 1507/1504/1488
f 1508/1503/1489 1429/1425/1410 1428/1423/1409
f 1509/1505/1490 1430/1427/1411 1429/1425/1410
f 1511/1506/1492 1430/1427/1411 1510/1507/1491
f 1512/1508/1493 1431/1426/1412 1511/1506/1492
f 1512/1508/1493 1433/1429/1414 1432/1428/1413
f 1513/1509/1494 1434/1430/1415 1433/1429/1414
f 1514/1510/1495 1435/1431/1416 1434/1430/1415
f 1515/1511/1496 1436/1432/1417 1435/1431/1416
f 1516/1512/1497 1437/1433/1418 1436/1432/1417
f 1517/1513/1498 1438/1435/1419 1437/1433/1418
f 1519/1514/1500 1438/1435/1419 1518/1515/1499
f 1520/1516/1501 1439/1434/1420 1519/1514/1500
f 1522/1517/1503 1441/1438/1422 1521/1518/1502
f 1523/1519/1504 1442/1437/1423 1522/1517/1503
f 1524/1520/1505 1443/1439/1424 1523/1519/1504
f 1525/1521/1506 1444/1440/1425 1524/1520/1505
f 1526/1522/1507 1445/1441/1426 1525/1521/1506
f 1527/1523/1508 1446/1442/1427 1526/1522/1507
f 1527/1523/1508 1448/1444/1429 1447/1443/1428
f 1528/1524/1509 1449/1445/1430 1448/1444/1429
f 1530/1525/1511 1449/1445/1430 1529/1526/1510
f 1530/1525/1511 1451/1446/1432 1450/1447/1431
f 1531/1527/1512 1452/1448/1433 1451/1446/1432
f 1533/1528/1514 1452/1448/1433 1532/1529/1513
f 1533/1528/1514 1454/1450/1435 1453/1449/1434
f 1534/1530/1515 1455/1452/1436 1454/1450/1435
f 1535/1531/1516 1456/1451/1437 1455/1452/1436
f 1537/1532/1518 1456/1451/1437 1536/1533/1517
f 1538/1534/1519 1457/1453/1438 1537/1532/1518
f 1539/1535/1520 1458/1455/1439 1538/1534/1519
f 1540/1536/1521 1459/1454/1440 1539/1535/1520
f 1540/1536/1521 1461/1457/1442 1460/1456/1441
f 1542/1537/1523 1461/1457/1442 1541/1538/1522
f 1543/1539/1524 1462/1459/1443 1542/1537/1523
f 1544/1540/1525 1463/1458/1444 1543/1539/1524
f 1545/1541/1526 1464/1460/1445 1544/1540/1525
f 1545/1541/1526 1466/1462/1447 1465/1461/1446
f 1546/1542/1527 1467/1463/1448 1466/1462/1447
f 1548/1543/1529 1467/1463/1448 1547/1544/1528
f 1548/1543/1529 1469/1464/1450 1468/1465/1449
f 1549/1545/1530 1470/1466/1451 1469/1464/1450
f 1551/1546/1532 1470/1466/1451 1550/1547/1531
f 1551/1546/1532 1472/1468/1453 1471/1467/1452
f 1552/1548/1533 1473/1469/1454 1472/1468/1453
f 1554/1549/1535 1473/1469/1454 1553/1550/1534
f 1555/1551/1536 1474/1470/1455 1554/1549/1535
f 1555/1551/1536 1476/1471/1457 1475/1472/1456
f 1556/1552/1537 1477/1473/1458 1476/1471/1457
f 1558/1553/1539 1477/1473/1458 1557/1554/1538
f 1558/1553/1539 1479/1475/1460 1478/1474/1459
f 1560/1555/1541 1479/1475/1460 1559/1556/1540
f 1561/1557/1542 1480/1477/1461 1560/1555/1541
f 1562/1558/1543 1481/1476/1462 1561/1557/1542
f 1562/1558/1543 1483/1478/1464 1482/1479/1463
f 1563/1559/1544 1484/1480/1465 1483/1478/1464
f 1565/1560/1546 1484/1480/1465 1564/1561/1545
f 1565/1560/1546 1486/1483/1467 1485/1481/1466
f 1566/1562/1547 1487/1482/1468 1486/1483/1467
f 1567/1563/1548 1488/1484/1469 1487/1482/1468
f 1569/1564/1550 1488/1484/1469 1568/1565/1549
f 1570/1566/1551 1489/1486/1470 1569/1564/1550
f 1571/1567/1552 1490/1485/1471 1570/1566/1551
f 1572/1568/1553 1491/1487/1472 1571/1567/1552
f 1572/1568/1553 1493/1490/1474 1492/1488/1473
f 1574/1569/1555 1493/1490/1474 1573/1570/1554
f 1575/1571/1556 1494/1489/1475 1574/1569/1555
f 1575/1571/1556 1496/1493/1477 1495/1491/1476
f 1576/1572/1557 1497/1492/1478 1496/1493/1477
f 1578/1573/1559 1497/1492/1478 1577/1574/1558
f 1578/1573/1559 1499/1494/1480 1498/1495/1479
f 1579/1575/1560 1500/1496/1481 1499/1494/1480
f 1581/1576/1562 1500/1496/1481 1580/1577/1561
f 1582/1578/1563 1501/1498/1482 1581/1576/1562
f 1583/1579/1564 1502/1497/1483 1582/1578/1563
f 1583/1579/1564 1504/1499/1485 1503/1500/1484
f 1585/1580/1566 1504/1499/1485 1584/1581/1565
f 1585/1580/1566 1506/1502/1487 1505/1501/1486
f 1587/1582/1568 1506/1502/1487 1586/1583/1567
f 1587/1582/1568 1508/1503/1489 1507/1504/1488
f 1589/1584/1570 1508/1503/1489 1588/1585/1569
f 1589/1584/1570 1510/1507/1491 1509/1505/1490
f 1591/1586/1572 1510/1507/1491 1590/1587/1571
f 1591/1586/1572 1512/1508/1493 1511/1506/1492
f 1592/1588/1573 1513/1509/1494 1512/1508/1493
f 1593/1589/1574 1514/1510/1495 1513/1509/1494
f 1594/1590/1575 1515/1511/1496 1514/1510/1495
f 1595/1591/1576 1516/1512/1497 1515/1511/1496
f 1596/1592/1577 1517/1513/1498 1516/1512/1497
f 1597/1593/1578 1518/1515/1499 1517/1513/1498
f 1598/1594/1579 1519/1514/1500 1518/1515/1499
f 1600/1595/1581 1519/1514/1500 1599/1596/1580
f 1602/1597/1583 1521/1518/1502 1601/1598/1582
f 1603/1599/1584 1522/1517/1503 1602/1597/1583
f 1604/1600/1585 1523/1519/1504 1603/1599/1584
f 1604/1600/1585 1525/1521/1506 1524/1520/1505
f 1605/1601/1586 1526/1522/1507 1525/1521/1506
f 1607/1602/1588 1526/1522/1507 1606/1603/1587
f 1608/1604/1589 1527/1523/1508 1607/1602/1588
f 1608/1604/1589 1529/1526/1510 1528/1524/1509
f 1609/1605/1590 1530/1525/1511 1529/1526/1510
f 1610/1606/1591 1531/1527/1512 1530/1525/1511
f 1611/1607/1592 1532/1529/1513 1531/1527/1512
f 1613/1608/1594 1532/1529/1513 1612/1609/1593
f 1613/1608/1594 1534/1530/1515 1533/1528/1514
f 1615/1610/1596 1534/1530/1515 1614/1611/1595
f 1615/1610/1596 1536/1533/1517 1535/1531/1516
f 1616/1612/1597 1537/1532/1518 1536/1533/1517
f 1617/1613/1598 1538/1534/1519 1537/1532/1518
f 1619/1614/1600 1538/1534/1519 1618/1615/1599
f 1619/1614/1600 1540/1536/1521 1539/1535/1520
f 1621/1616/1602 1540/1536/1521 1620/1617/1601
f 1622/1618/1603 1541/1538/1522 1621/1616/1602
f 1623/1619/1604 1542/1537/1523 1622/1618/1603
f 1623/1619/1604 1544/1540/1525 1543/1539/1524
f 1625/1620/1606 1544/1540/1525 1624/1621/1605
f 1625/1620/1606 1546/1542/1527 1545/1541/1526
f 1626/1622/1607 1547/1544/1528 1546/1542/1527
f 1627/1623/1608 1548/1543/1529 1547/1544/1528
f 1628/1624/1609 1549/1545/1530 1548/1543/1529
f 1630/1625/1611 1549/1545/1530 1629/1626/1610
f 1630/1625/1611 1551/1546/1532 1550/1547/1531
f 1632/1627/1613 1551/1546/1532 1631/1628/1612
f 1632/1627/1613 1553/1550/1534 1552/1548/1533
f 1634/1629/1615 1553/1550/1534 1633/1630/1614
f 1634/1629/1615 1555/1551/1536 1554/1549/1535
f 1636/1631/1617 1555/1551/1536 1635/1632/1616
f 1637/1633/1618 1556/1552/1537 1636/1631/1617
f 1637/1633/1618 1558/1553/1539 1557/1554/1538
f 1639/1634/1620 1558/1553/1539 1638/1635/1619
f 1640/1636/1621 1559/1556/1540 1639/1634/1620
f 1641/1637/1622 1560/1555/1541 1640/1636/1621
f 1641/1637/1622 1562/1558/1543 1561/1557/1542
f 1642/1638/1623 1563/1559/1544 1562/1558/1543
f 1644/1639/1625 1563/1559/1544 1643/1640/1624
f 1645/1641/1626 1564/1561/1545 1644/1639/1625
f 1646/1642/1627 1565/1560/1546 1645/1641/1626
f 1646/1642/1627 1567/1563/1548 1566/1562/1547
f 1647/1643/1628 1568/1565/1549 1567/1563/1548
f 1649/1644/1630 1568/1565/1549 1648/1645/1629
f 1649/1644/1630 1570/1566/1551 1569/1564/1550
f 1651/1646/1632 1570/1566/1551 1650/1647/1631
f 1651/1646/1632 1572/1568/1553 1571/1567/1552
f 1653/1648/1634 1572/1568/1553 1652/1649/1633
f 1654/1650/1635 1573/1570/1554 1653/1648/1634
f 1654/1650/1635 1575/1571/1556 1574/1569/1555
f 1655/1651/1636 1576/1572/1557 1575/1571/1556
f 1657/1652/1638 1576/1572/1557 1656/1653/1637
f 1657/1652/1638 1578/1573/1559 1577/1574/1558
f 1659/1654/1640 1578/1573/1559 1658/1655/1639
f 1659/1654/1640 1580/1577/1561 1579/1575/1560
f 1661/1656/1642 1580/1577/1561 1660/1657/1641
f 1662/1658/1643 1581/1576/1562 1661/1656/1642
f 1663/1659/1644 1582/1578/1563 1662/1658/1643
f 1664/1660/1645 1583/1579/1564 1663/1659/1644
f 1665/1661/1646 1584/1581/1565 1664/1660/1645
f 1666/1662/1647 1585/1580/1566 1665/1661/1646
f 1667/1663/1648 1586/1583/1567 1666/1662/1647
f 1668/1664/1649 1587/1582/1568 1667/1663/1648
f 1669/1665/1650 1588/1585/1569 1668/1664/1649
f 1670/1666/1651 1589/1584/1570 1669/1665/1650
f 1671/1667/1652 1590/1587/1571 1670/1666/1651
f 1671/1667/1652 1592/1588/1573 1591/1586/1572
f 1673/1668/1654 1592/1588/1573 1672/1669/1653
f 1674/1670/1655 1593/1589/1574 1673/1668/1654
f 1674/1670/1655 1595/1591/1576 1594/1590/1575
f 1675/1671/1656 1596/1592/1577 1595/1591/1576
f 1676/1672/1657 1597/1593/1578 1596/1592/1577
f 1677/1673/1658 1598/1594/1579 1597/1593/1578
f 1678/1674/1659 1599/1596/1580 1598/1594/1579
f 1680/1675/1661 1599/1596/1580 1679/1676/1660
f 1682/1677/1663 1601/1598/1582 1681/1678/1662
f 1683/1679/1664 1602/1597/1583 1682/1677/1663
f 1683/1679/1664 1604/1600/1585 1603/1599/1584
f 1684/1680/1665 1605/1601/1586 1604/1600/1585
f 1685/1681/1666 1606/1603/1587 1605/1601/1586
f 1687/1682/1668 1606/1603/1587 1686/1683/1667
f 1688/1684/1669 1607/1602/1588 1687/1682/1668
f 1689/1685/1670 1608/1604/1589 1688/1684/1669
f 1690/1686/1671 1609/1605/1590 1689/1685/1670
f 1691/1687/1672 1610/1606/1591 1690/1686/1671
f 1691/1687/1672 1612/1609/1593 1611/1607/1592
f 1692/1688/1673 1613/1608/1594 1612/1609/1593
f 1694/1689/1675 1613/1608/1594 1693/1690/1674
f 1694/1689/1675 1615/1610/1596 1614/1611/1595
f 1695/1691/1676 1616/1612/1597 1615/1610/1596
f 1696/1692/1677 1617/1613/1598 1616/1612/1597
f 1697/1693/1678 1618/1615/1599 1617/1613/1598
f 1699/1694/1680 1618/1615/1599 1698/1695/1679
f 1699/1694/1680 1620/1617/1601 1619/1614/1600
f 1701/1696/1682 1620/1617/1601 1700/1697/1681
f 1702/1698/1683 1621/1616/1602 1701/1696/1682
f 1703/1699/1684 1622/1618/1603 1702/1698/1683
f 1704/1700/1685 1623/1619/1604 1703/1699/1684
f 1705/1701/1686 1624/1621/1605 1704/1700/1685
f 1706/1702/1687 1625/1620/1606 1705/1701/1686
f 1706/1702/1687 1627/1623/1608 1626/1622/1607
f 1707/1703/1688 1628/1624/1609 1627/1623/1608
f 1708/1704/1689 1629/1626/1610 1628/1624/1609
f 1709/1705/1690 1630/1625/1611 1629/1626/1610
f 1711/1706/1692 1630/1625/1611 1710/1707/1691
f 1712/1708/1693 1631/1628/1612 1711/1706/1692
f 1713/1709/1694 1632/1627/1613 1712/1708/1693
f 1714/1710/1695 1633/1630/1614 1713/1709/1694
f 1715/1711/1696 1634/1629/1615 1714/1710/1695
f 1715/1711/1696 1636/1631/1617 1635/1632/1616
f 1717/1712/1698 1636/1631/1617 1716/1713/1697
f 1717/1712/1698 1638/1635/1619 1637/1633/1618
f 1719/1714/1700 1638/1635/1619 1718/1715/1699
f 1720/1716/1701 1639/1634/1620 1719/1714/1700
f 1721/1717/1702 1640/1636/1621 1720/1716/1701
f 1721/1717/1702 1642/1638/1623 1641/1637/1622
f 1723/1718/1704 1642/1638/1623 1722/1719/1703
f 1723/1718/1704 1644/1639/1625 1643/1640/1624
f 1724/1720/1705 1645/1641/1626 1644/1639/1625
f 1725/1721/1706 1646/1642/1627 1645/1641/1626
f 1726/1722/1707 1647/1643/1628 1646/1642/1627
f 1727/1723/1708 1648/1645/1629 1647/1643/1628
f 1728/1724/1709 1649/1644/1630 1648/1645/1629
f 1729/1725/1710 1650/1647/1631 1649/1644/1630
f 1731/1726/1712 1650/1647/1631 1730/1727/1711
f 1731/1726/1712 1652/1649/1633 1651/1646/1632
f 1733/1728/1714 1652/1649/1633 1732/1729/1713
f 1734/1730/1715 1653/1648/1634 1733/1728/1714
f 1734/1730/1715 1655/1651/1636 1654/1650/1635
f 1735/1731/1716 1656/1653/1637 1655/1651/1636
f 1736/1732/1717 1657/1652/1638 1656/1653/1637
f 1738/1733/1719 1657/1652/1638 1737/1734/1718
f 1738/1733/1719 1659/1654/1640 1658/1655/1639
f 1740/1735/1721 1659/1654/1640 1739/1736/1720
f 1740/1735/1721 1661/1656/1642 1660/1657/1641
f 1741/1737/1722 1662/1658/1643 1661/1656/1642
f 1742/1738/1723 1663/1659/1644 1662/1658/1643
f 1743/1739/1724 1664/1660/1645 1663/1659/1644
f 1745/1740/1726 1664/1660/1645 1744/1741/1725
f 1745/1740/1726 1666/1662/1647 1665/1661/1646
f 1747/1742/1728 1666/1662/1647 1746/1743/1727
f 1748/1744/1729 1667/1663/1648 1747/1742/1728
f 1748/1744/1729 1669/1665/1650 1668/1664/1649
f 1749/1745/1730 1670/1666/1651 1669/1665/1650
f 1750/1746/1731 1671/1667/1652 1670/1666/1651
f 1752/1747/1733 1671/1667/1652 1751/1748/1732
f 1752/1747/1733 1673/1668/1654 1672/1669/1653
f 1753/1749/1734 1674/1670/1655 1673/1668/1654
f 1755/1750/1736 1674/1670/1655 1754/1751/1735
f 1755/1750/1736 1676/1672/1657 1675/1671/1656
f 1756/1752/1737 1677/1673/1658 1676/1672/1657
f 1757/1753/1738 1678/1674/1659 1677/1673/1658
f 1758/1754/1739 1679/1676/1660 1678/1674/1659
f 1759/1755/1740 1680/1675/1661 1679/1676/1660
f 1762/1756/1743 1681/1678/1662 1761/1757/1742
f 1763/1758/1744 1682/1677/1663 1762/1756/1743
f 1763/1758/1744 1684/1680/1665 1683/1679/1664
f 1764/1759/1745 1685/1681/1666 1684/1680/1665
f 1766/1760/1747 1685/1681/1666 1765/1761/1746
f 1767/1762/1748 1686/1683/1667 1766/1760/1747
f 1768/1763/1749 1687/1682/1668 1767/1762/1748
f 1769/1764/1750 1688/1684/1669 1768/1763/1749
f 1770/1765/1751 1689/1685/1670 1769/1764/1750
f 1771/1766/1752 1690/1686/1671 1770/1765/1751
f 1771/1766/1752 1692/1688/1673 1691/1687/1672
f 1772/1767/1753 1693/1690/1674 1692/1688/1673
f 1773/1768/1754 1694/1689/1675 1693/1690/1674
f 1774/1769/1755 1695/1691/1676 1694/1689/1675
f 1775/1770/1756 1696/1692/1677 1695/1691/1676
f 1776/1771/1757 1697/1693/1678 1696/1692/1677
f 1777/1772/1758 1698/1695/1679 1697/1693/1678
f 1779/1773/1760 1698/1695/1679 1778/1774/1759
f 1780/1775/1761 1699/1694/1680 1779/1773/1760
f 1780/1775/1761 1701/1696/1682 1700/1697/1681
f 1782/1776/1763 1701/1696/1682 1781/1777/1762
f 1783/1778/1764 1702/1698/1683 1782/1776/1763
f 1784/1779/1765 1703/1699/1684 1783/1778/1764
f 1785/1780/1766 1704/1700/1685 1784/1779/1765
f 1786/1781/1767 1705/1701/1686 1785/1780/1766
f 1786/1781/1767 1707/1703/1688 1706/1702/1687
f 1788/1782/1769 1707/1703/1688 1787/1783/1768
f 1789/1784/1770 1708/1704/1689 1788/1782/1769
f 1789/1784/1770 1710/1707/1691 1709/1705/1690
f 1791/1785/1772 1710/1707/1691 1790/1786/1771
f 1792/1787/1773 1711/1706/1692 1791/1785/1772
f 1793/1788/1774 1712/1708/1693 1792/1787/1773
f 1794/1789/1775 1713/1709/1694 1793/1788/1774
f 1795/1790/1776 1714/1710/1695 1794/1789/1775
f 1796/1791/1777 1715/1711/1696 1795/1790/1776
f 1796/1791/1777 1717/1712/1698 1716/1713/1697
f 1797/1792/1778 1718/1715/1699 1717/1712/1698
f 1798/1793/1779 1719/1714/1700 1718/1715/1699
f 1799/1794/1780 1720/1716/1701 1719/1714/1700
f 1801/1795/1782 1720/1716/1701 1800/1796/1781
f 1802/1797/1783 1721/1717/1702 1801/1795/1782
f 1803/1798/1784 1722/1719/1703 1802/1797/1783
f 1803/1798/1784 1724/1720/1705 1723/1718/1704
f 1805/1799/1786 1724/1720/1705 1804/1800/1785
f 1805/1799/1786 1726/1722/1707 1725/1721/1706
f 1806/1801/1787 1727/1723/1708 1726/1722/1707
f 1808/1802/1789 1727/1723/1708 1807/1803/1788
f 1809/1804/1790 1728/1724/1709 1808/1802/1789
f 1809/1804/1790 1730/1727/1711 1729/1725/1710
f 1810/1805/1791 1731/1726/1712 1730/1727/1711
f 1812/1806/1793 1731/1726/1712 1811/1807/1792
f 1812/1806/1793 1733/1728/1714 1732/1729/1713
f 1814/1808/1795 1733/1728/1714 1813/1809/1794
f 1814/1808/1795 1735/1731/1716 1734/1730/1715
f 1815/1810/1796 1736/1732/1717 1735/1731/1716
f 1817/1811/1798 1736/1732/1717 1816/1812/1797
f 1817/1811/1798 1738/1733/1719 1737/1734/1718
f 1819/1813/1800 1738/1733/1719 1818/1814/1799
f 1820/1815/1801 1739/1736/1720 1819/1813/1800
f 1820/1815/1801 1741/1737/1722 1740/1735/1721
f 1822/1816/1803 1741/1737/1722 1821/1817/1802
f 1822/1816/1803 1743/1739/1724 1742/1738/1723
f 1824/1818/1805 1743/1739/1724 1823/1819/1804
f 1824/1818/1805 1745/1740/1726 1744/1741/1725
f 1825/1820/1806 1746/1743/1727 1745/1740/1726
f 1827/1821/1808 1746/1743/1727 1826/1822/1807
f 1827/1821/1808 1748/1744/1729 1747/1742/1728
f 1829/1823/1810 1748/1744/1729 1828/1824/1809
f 1830/1825/1811 1749/1745/1730 1829/1823/1810
f 1831/1826/1812 1750/1746/1731 1830/1825/1811
f 1832/1827/1813 1751/1748/1732 1831/1826/1812
f 1833/1828/1814 1752/1747/1733 1832/1827/1813
f 1834/1829/1815 1753/1749/1734 1833/1828/1814
f 1835/1830/1816 1754/1751/1735 1834/1829/1815
f 1836/1831/1817 1755/1750/1736 1835/1830/1816
f 1836/1831/1817 1757/1753/1738 1756/1752/1737
f 1837/1832/1818 1758/1754/1739 1757/1753/1738
f 1838/1833/1819 1759/1755/1740 1758/1754/1739
f 1839/1834/1820 1760/1835/1741 1759/1755/1740
f 1841/1836/1822 1762/1756/1743 1761/1757/1742
f 1842/1837/1823 1763/1758/1744 1762/1756/1743
f 1843/1838/1824 1764/1759/1745 1763/1758/1744
f 1845/1839/1826 1764/1759/1745 1844/1840/1825
f 1846/1841/1827 1765/1761/1746 1845/1839/1826
f 1847/1842/1828 1766/1760/1747 1846/1841/1827
f 1848/1843/1829 1767/1762/1748 1847/1842/1828
f 1849/1844/1830 1768/1763/1749 1848/1843/1829
f 1849/1844/1830 1770/1765/1751 1769/1764/1750
f 1850/1845/1831 1771/1766/1752 1770/1765/1751
f 1851/1846/1832 1772/1767/1753 1771/1766/1752
f 1852/1847/1833 1773/1768/1754 1772/1767/1753
f 1853/1848/1834 1774/1769/1755 1773/1768/1754
f 1854/1849/1835 1775/1770/1756 1774/1769/1755
f 1855/1850/1836 1776/1771/1757 1775/1770/1756
f 1857/1851/1838 1776/1771/1757 1856/1852/1837
f 1858/1853/1839 1777/1772/1758 1857/1851/1838
f 1859/1854/1840 1778/1774/1759 1858/1853/1839
f 1860/1855/1841 1779/1773/1760 1859/1854/1840
f 1860/1855/1841 1781/1777/1762 1780/1775/1761
f 1861/1856/1842 1782/1776/1763 1781/1777/1762
f 1863/1857/1844 1782/1776/1763 1862/1858/1843
f 1863/1857/1844 1784/1779/1765 1783/1778/1764
f 1864/1859/1845 1785/1780/1766 1784/1779/1765
f 1865/1860/1846 1786/1781/1767 1785/1780/1766
f 1867/1861/1848 1786/1781/1767 1866/1862/1847
f 1868/1863/1849 1787/1783/1768 1867/1861/1848
f 1869/1864/1850 1788/1782/1769 1868/1863/1849
f 1869/1864/1850 1790/1786/1771 1789/1784/1770
f 1871/1865/1852 1790/1786/1771 1870/1866/1851
f 1872/1867/1853 1791/1785/1772 1871/1865/1852
f 1873/1868/1854 1792/1787/1773 1872/1867/1853
f 1874/1869/1855 1793/1788/1774 1873/1868/1854
f 1875/1870/1856 1794/1789/1775 1874/1869/1855
f 1876/1871/1857 1795/1790/1776 1875/1870/1856
f 1877/1872/1858 1796/1791/1777 1876/1871/1857
f 1878/1873/1859 1797/1792/1778 1877/1872/1858
f 1879/1874/1860 1798/1793/1779 1878/1873/1859
f 1880/1875/1861 1799/1794/1780 1879/1874/1860
f 1880/1875/1861 1801/1795/1782 1800/1796/1781
f 1882/1876/1863 1801/1795/1782 1881/1877/1862
f 1883/1878/1864 1802/1797/1783 1882/1876/1863
f 1883/1878/1864 1804/1800/1785 1803/1798/1784
f 1884/1879/1865 1805/1799/1786 1804/1800/1785
f 1885/1880/1866 1806/1801/1787 1805/1799/1786
f 1886/1881/1867 1807/1803/1788 1806/1801/1787
f 1887/1882/1868 1808/1802/1789 1807/1803/1788
f 1888/1883/1869 1809/1804/1790 1808/1802/1789
f 1889/1884/1870 1810/1805/1791 1809/1804/1790
f 1890/1885/1871 1811/1807/1792 1810/1805/1791
f 1892/1886/1873 1811/1807/1792 1891/1887/1872
f 1892/1886/1873 1813/1809/1794 1812/1806/1793
f 1894/1888/1875 1813/1809/1794 1893/1889/1874
f 1894/1888/1875 1815/1810/1796 1814/1808/1795
f 1896/1890/1877 1815/1810/1796 1895/1891/1876
f 1896/1890/1877 1817/1811/1798 1816/1812/1797
f 1898/1892/1879 1817/1811/1798 1897/1893/1878
f 1898/1892/1879 1819/1813/1800 1818/1814/1799
f 1899/1894/1880 1820/1815/1801 1819/1813/1800
f 1901/1895/1882 1820/1815/1801 1900/1896/1881
f 1901/1895/1882 1822/1816/1803 1821/1817/1802
f 1903/1897/1884 1822/1816/1803 1902/1898/1883
f 1904/1899/1885 1823/1819/1804 1903/1897/1884
f 1904/1899/1885 1825/1820/1806 1824/1818/1805
f 1906/1900/1887 1825/1820/1806 1905/1901/1886
f 1906/1900/1887 1827/1821/1808 1826/1822/1807
f 1907/1902/1888 1828/1824/1809 1827/1821/1808
f 1909/1903/1890 1828/1824/1809 1908/1904/1889
f 1909/1903/1890 1830/1825/1811 1829/1823/1810
f 1910/1905/1891 1831/1826/1812 1830/1825/1811
f 1911/1906/1892 1832/1827/1813 1831/1826/1812
f 1912/1907/1893 1833/1828/1814 1832/1827/1813
f 1914/1908/1895 1833/1828/1814 1913/1909/1894
f 1915/1910/1896 1834/1829/1815 1914/1908/1895
f 1916/1911/1897 1835/1830/1816 1915/1910/1896
f 1917/1912/1898 1836/1831/1817 1916/1911/1897
f 1917/1912/1898 1838/1833/1819 1837/1832/1818
f 1918/1913/1899 1839/1834/1820 1838/1833/1819
f 1919/1914/1900 1840/1915/1821 1839/1834/1820
f 1921/1916/1902 1842/1837/1823 1841/1836/1822
f 1922/1917/1903 1843/1838/1824 1842/1837/1823
f 1924/1918/1905 1843/1838/1824 1923/1919/1904
f 1924/1918/1905 1845/1839/1826 1844/1840/1825
f 1925/1920/1906 1846/1841/1827 1845/1839/1826
f 1926/1921/1907 1847/1842/1828 1846/1841/1827
f 1928/1922/1909 1847/1842/1828 1927/1923/1908
f 1929/1924/1910 1848/1843/1829 1928/1922/1909
f 1929/1924/1910 1850/1845/1831 1849/1844/1830
f 1930/1925/1911 1851/1846/1832 1850/1845/1831
f 1932/1926/1913 1851/1846/1832 1931/1927/1912
f 1932/1926/1913 1853/1848/1834 1852/1847/1833
f 1934/1928/1915 1853/1848/1834 1933/1929/1914
f 1935/1930/1916 1854/1849/1835 1934/1928/1915
f 1935/1930/1916 1856/1852/1837 1855/1850/1836
f 1937/1931/1918 1856/1852/1837 1936/1932/1917
f 1937/1931/1918 1858/1853/1839 1857/1851/1838
f 1939/1933/1920 1858/1853/1839 1938/1934/1919
f 1939/1933/1920 1860/1855/1841 1859/1854/1840
f 1940/1935/1921 1861/1856/1842 1860/1855/1841
f 1942/1936/1923 1861/1856/1842 1941/1937/1922
f 1943/1938/1924 1862/1858/1843 1942/1936/1923
f 1943/1938/1924 1864/1859/1845 1863/1857/1844
f 1945/1939/1926 1864/1859/1845 1944/1940/1925
f 1946/1941/1927 1865/1860/1846 1945/1939/1926
f 1946/1941/1927 1867/1861/1848 1866/1862/1847
f 1948/1942/1929 1867/1861/1848 1947/1943/1928
f 1949/1944/1930 1868/1863/1849 1948/1942/1929
f 1950/1945/1931 1869/1864/1850 1949/1944/1930
f 1951/1946/1932 1870/1866/1851 1950/1945/1931
f 1952/1947/1933 1871/1865/1852 1951/1946/1932
f 1952/1947/1933 1873/1868/1854 1872/1867/1853
f 1954/1948/1935 1873/1868/1854 1953/1949/1934
f 1955/1950/1936 1874/1869/1855 1954/1948/1935
f 1956/1951/1937 1875/1870/1856 1955/1950/1936
f 1957/1952/1938 1876/1871/1857 1956/1951/1937
f 1958/1953/1939 1877/1872/1858 1957/1952/1938
f 1959/1954/1940 1878/1873/1859 1958/1953/1939
f 1960/1955/1941 1879/1874/1860 1959/1954/1940
f 1961/1956/1942 1880/1875/1861 1960/1955/1941
f 1962/1957/1943 1881/1877/1862 1961/1956/1942
f 1963/1958/1944 1882/1876/1863 1962/1957/1943
f 1964/1959/1945 1883/1878/1864 1963/1958/1944
f 1965/1960/1946 1884/1879/1865 1964/1959/1945
f 1965/1960/1946 1886/1881/1867 1885/1880/1866
f 1967/1961/1948 1886/1881/1867 1966/1962/1947
f 1967/1961/1948 1888/1883/1869 1887/1882/1868
f 1969/1963/1950 1888/1883/1869 1968/1964/1949
f 1969/1963/1950 1890/1885/1871 1889/1884/1870
f 1971/1965/1952 1890/1885/1871 1970/1966/1951
f 1972/1967/1953 1891/1887/1872 1971/1965/1952
f 1973/1968/1954 1892/1886/1873 1972/1967/1953
f 1974/1969/1955 1893/1889/1874 1973/1968/1954
f 1975/1970/1956 1894/1888/1875 1974/1969/1955
f 1976/1971/1957 1895/1891/1876 1975/1970/1956
f 1976/1971/1957 1897/1893/1878 1896/1890/1877
f 1978/1972/1959 1897/1893/1878 1977/1973/1958
f 1979/1974/1960 1898/1892/1879 1978/1972/1959
f 1980/1975/1961 1899/1894/1880 1979/1974/1960
f 1980/1975/1961 1901/1895/1882 1900/1896/1881
f 1981/1976/1962 1902/1898/1883 1901/1895/1882
f 1983/1977/1964 1902/1898/1883 1982/1978/1963
f 1983/1977/1964 1904/1899/1885 1903/1897/1884
f 1985/1979/1966 1904/1899/1885 1984/1980/1965
f 1985/1979/1966 1906/1900/1887 1905/1901/1886
f 1986/1981/1967 1907/1902/1888 1906/1900/1887
f 1988/1982/1969 1907/1902/1888 1987/1983/1968
f 1988/1982/1969 1909/1903/1890 1908/1904/1889
f 1990/1984/1971 1909/1903/1890 1989/1985/1970
f 1990/1984/1971 1911/1906/1892 1910/1905/1891
f 1992/1986/1973 1911/1906/1892 1991/1987/1972
f 1992/1986/1973 1913/1909/1894 1912/1907/1893
f 1994/1988/1975 1913/1909/1894 1993/1989/1974
f 1995/1990/1976 1914/1908/1895 1994/1988/1975
f 1996/1991/1977 1915/1910/1896 1995/1990/1976
f 1997/1992/1978 1916/1911/1897 1996/1991/1977
f 1997/1992/1978 1918/1913/1899 1917/1912/1898
f 1998/1993/1979 1919/1914/1900 1918/1913/1899
f 1999/1994/1980 1920/1995/1901 1919/1914/1900
f 2001/1996/1982 1922/1917/1903 1921/1916/1902
f 2003/1997/1984 1922/1917/1903 2002/1998/1983
f 2003/1997/1984 1924/1918/1905 1923/1919/1904
f 2004/1999/1985 1925/1920/1906 1924/1918/1905
f 2005/2000/1986 1926/1921/1907 1925/1920/1906
f 2006/2001/1987 1927/1923/1908 1926/1921/1907
f 2008/2002/1989 1927/1923/1908 2007/2003/1988
f 2008/2002/1989 1929/1924/1910 1928/1922/1909
f 2010/2004/1991 1929/1924/1910 2009/2005/1990
f 2010/2004/1991 1931/1927/1912 1930/1925/1911
f 2011/2006/1992 1932/1926/1913 1931/1927/1912
f 2013/2007/1994 1932/1926/1913 2012/2008/1993
f 2013/2007/1994 1934/1928/1915 1933/1929/1914
f 2015/2009/1996 1934/1928/1915 2014/2010/1995
f 2015/2009/1996 1936/1932/1917 1935/1930/1916
f 2016/2011/1997 1937/1931/1918 1936/1932/1917
f 2017/2012/1998 1938/1934/1919 1937/1931/1918
f 2018/2013/1999 1939/1933/1920 1938/1934/1919
f 2020/2014/2001 1939/1933/1920 2019/2015/2000
f 2020/2014/2001 1941/1937/1922 1940/1935/1921
f 2021/2016/2002 1942/1936/1923 1941/1937/1922
f 2022/2017/2003 1943/1938/1924 1942/1936/1923
f 2024/2018/2005 1943/1938/1924 2023/2019/2004
f 2025/2020/2006 1944/1940/1925 2024/2018/2005
f 2026/2021/2007 1945/1939/1926 2025/2020/2006
f 2026/2021/2007 1947/1943/1928 1946/1941/1927
f 2027/2022/2008 1948/1942/1929 1947/1943/1928
f 2029/2023/2010 1948/1942/1929 2028/2024/2009
f 2029/2023/2010 1950/1945/1931 1949/1944/1930
f 2030/2025/2011 1951/1946/1932 1950/1945/1931
f 2031/2026/2012 1952/1947/1933 1951/1946/1932
f 2033/2027/2014 1952/1947/1933 2032/2028/2013
f 2033/2027/2014 1954/1948/1935 1953/1949/1934
f 2035/2029/2016 1954/1948/1935 2034/2030/2015
f 2035/2029/2016 1956/1951/1937 1955/1950/1936
f 2037/2031/2018 1956/1951/1937 2036/2032/2017
f 2038/2033/2019 1957/1952/1938 2037/2031/2018
f 2039/2034/2020 1958/1953/1939 2038/2033/2019
f 2040/2035/2021 1959/1954/1940 2039/2034/2020
f 2041/2036/2022 1960/1955/1941 2040/2035/2021
f 2042/2037/2023 1961/1956/1942 2041/2036/2022
f 2043/2038/2024 1962/1957/1943 2042/2037/2023
f 2044/2039/2025 1963/1958/1944 2043/2038/2024
f 2045/2040/2026 1964/1959/1945 2044/2039/2025
f 2046/2041/2027 1965/1960/1946 2045/2040/2026
f 2047/2042/2028 1966/1962/1947 2046/2041/2027
f 2047/2042/2028 1968/1964/1949 1967/1961/1948
f 2049/2043/2030 1968/1964/1949 2048/2044/2029
f 2050/2045/2031 1969/1963/1950 2049/2043/2030
f 2050/2045/2031 1971/1965/1952 1970/1966/1951
f 2052/2046/2033 1971/1965/1952 2051/2047/2032
f 2053/2048/2034 1972/1967/1953 2052/2046/2033
f 2053/2048/2034 1974/1969/1955 1973/1968/1954
f 2055/2049/2036 1974/1969/1955 2054/2050/2035
f 2055/2049/2036 1976/1971/1957 1975/1970/1956
f 2056/2051/2037 1977/1973/1958 1976/1971/1957
f 2058/2052/2039 1977/1973/1958 2057/2053/2038
f 2059/2054/2040 1978/1972/1959 2058/2052/2039
f 2059/2054/2040 1980/1975/1961 1979/1974/1960
f 2060/2055/2041 1981/1976/1962 1980/1975/1961
f 2061/2056/2042 1982/1978/1963 1981/1976/1962
f 2062/2057/2043 1983/1977/1964 1982/1978/1963
f 2064/2058/2045 1983/1977/1964 2063/2059/2044
f 2064/2058/2045 1985/1979/1966 1984/1980/1965
f 2066/2060/2047 1985/1979/1966 2065/2061/2046
f 2066/2060/2047 1987/1983/1968 1986/1981/1967
f 2068/2062/2049 1987/1983/1968 2067/2063/2048
f 2069/2064/2050 1988/1982/1969 2068/2062/2049
f 2070/2065/2051 1989/1985/1970 2069/2064/2050
f 2071/2066/2052 1990/1984/1971 2070/2065/2051
f 2071/2066/2052 1992/1986/1973 1991/1987/1972
f 2072/2067/2053 1993/1989/1974 1992/1986/1973
f 2073/2068/2054 1994/1988/1975 1993/1989/1974
f 2074/2069/2055 1995/1990/1976 1994/1988/1975
f 2075/2070/2056 1996/1991/1977 1995/1990/1976
f 2076/2071/2057 1997/1992/1978 1996/1991/1977
f 2077/2072/2058 1998/1993/1979 1997/1992/1978
f 2078/2073/2059 1999/1994/1980 1998/1993/1979
f 2080/2074/2061 1999/1994/1980 2079/2075/2060
f 2081/2076/2062 2002/1998/1983 2001/1996/1982
f 2083/2077/2064 2002/1998/1983 2082/2078/2063
f 2083/2077/2064 2004/1999/1985 2003/1997/1984
f 2084/2079/2065 2005/2000/1986 2004/1999/1985
f 2085/2080/2066 2006/2001/1987 2005/2000/1986
f 2086/2081/2067 2007/2003/1988 2006/2001/1987
f 2087/2082/2068 2008/2002/1989 2007/2003/1988
f 2088/2083/2069 2009/2005/1990 2008/2002/1989
f 2090/2084/2071 2009/2005/1990 2089/2085/2070
f 2091/2086/2072 2010/2004/1991 2090/2084/2071
f 2091/2086/2072 2012/2008/1993 2011/2006/1992
f 2092/2087/2073 2013/2007/1994 2012/2008/1993
f 2094/2088/2075 2013/2007/1994 2093/2089/2074
f 2094/2088/2075 2015/2009/1996 2014/2010/1995
f 2096/2090/2077 2015/2009/1996 2095/2091/2076
f 2096/2090/2077 2017/2012/1998 2016/2011/1997
f 2098/2092/2079 2017/2012/1998 2097/2093/2078
f 2098/2092/2079 2019/2015/2000 2018/2013/1999
f 2100/2094/2081 2019/2015/2000 2099/2095/2080
f 2100/2094/2081 2021/2016/2002 2020/2014/2001
f 2102/2096/2083 2021/2016/2002 2101/2097/2082
f 2102/2096/2083 2023/2019/2004 2022/2017/2003
f 2103/2098/2084 2024/2018/2005 2023/2019/2004
f 2104/2099/2085 2025/2020/2006 2024/2018/2005
f 2105/2100/2086 2026/2021/2007 2025/2020/2006
f 2107/2101/2088 2026/2021/2007 2106/2102/2087
f 2108/2103/2089 2027/2022/2008 2107/2101/2088
f 2108/2103/2089 2029/2023/2010 2028/2024/2009
f 2109/2104/2090 2030/2025/2011 2029/2023/2010
f 2111/2105/2092 2030/2025/2011 2110/2106/2091
f 2111/2105/2092 2032/2028/2013 2031/2026/2012
f 2113/2107/2094 2032/2028/2013 2112/2108/2093
f 2114/2109/2095 2033/2027/2014 2113/2107/2094
f 2115/2110/2096 2034/2030/2015 2114/2109/2095
f 2116/2111/2097 2035/2029/2016 2115/2110/2096
f 2117/2112/2098 2036/2032/2017 2116/2111/2097
f 2118/2113/2099 2037/2031/2018 2117/2112/2098
f 2118/2113/2099 2039/2034/2020 2038/2033/2019
f 2120/2114/2101 2039/2034/2020 2119/2115/2100
f 2121/2116/2102 2040/2035/2021 2120/2114/2101
f 2122/2117/2103 2041/2036/2022 2121/2116/2102
f 2123/2118/2104 2042/2037/2023 2122/2117/2103
f 2124/2119/2105 2043/2038/2024 2123/2118/2104
f 2125/2120/2106 2044/2039/2025 2124/2119/2105
f 2126/2121/2107 2045/2040/2026 2125/2120/2106
f 2127/2122/2108 2046/2041/2027 2126/2121/2107
f 2128/2123/2109 2047/2042/2028 2127/2122/2108
f 2128/2123/2109 2049/2043/2030 2048/2044/2029
f 2129/2124/2110 2050/2045/2031 2049/2043/2030
f 2131/2125/2112 2050/2045/2031 2130/2126/2111
f 2132/2127/2113 2051/2047/2032 2131/2125/2112
f 2133/2128/2114 2052/2046/2033 2132/2127/2113
f 2133/2128/2114 2054/2050/2035 2053/2048/2034
f 2134/2129/2115 2055/2049/2036 2054/2050/2035
f 2136/2130/2117 2055/2049/2036 2135/2131/2116
f 2137/2132/2118 2056/2051/2037 2136/2130/2117
f 2138/2133/2119 2057/2053/2038 2137/2132/2118
f 2139/2134/2120 2058/2052/2039 2138/2133/2119
f 2140/2135/2121 2059/2054/2040 2139/2134/2120
f 2141/2136/2122 2060/2055/2041 2140/2135/2121
f 2141/2136/2122 2062/2057/2043 2061/2056/2042
f 2143/2137/2124 2062/2057/2043 2142/2138/2123
f 2143/2137/2124 2064/2058/2045 2063/2059/2044
f 2145/2139/2126 2064/2058/2045 2144/2140/2125
f 2145/2139/2126 2066/2060/2047 2065/2061/2046
f 2146/2141/2127 2067/2063/2048 2066/2060/2047
f 2147/2142/2128 2068/2062/2049 2067/2063/2048
f 2148/2143/2129 2069/2064/2050 2068/2062/2049
f 2149/2144/2130 2070/2065/2051 2069/2064/2050
f 2150/2145/2131 2071/2066/2052 2070/2065/2051
f 2151/2146/2132 2072/2067/2053 2071/2066/2052
f 2152/2147/2133 2073/2068/2054 2072/2067/2053
f 2153/2148/2134 2074/2069/2055 2073/2068/2054
f 2154/2149/2135 2075/2070/2056 2074/2069/2055
f 2155/2150/2136 2076/2071/2057 2075/2070/2056
f 2156/2151/2137 2077/2072/2058 2076/2071/2057
f 2157/2152/2138 2078/2073/2059 2077/2072/2058
f 2158/2153/2139 2079/2075/2060 2078/2073/2059
f 2159/2154/2140 2080/2074/2061 2079/2075/2060
f 2161/2155/2142 2082/2078/2063 2081/2076/2062
f 2162/2156/2143 2083/2077/2064 2082/2078/2063
f 2163/2157/2144 2084/2079/2065 2083/2077/2064
f 2164/2158/2145 2085/2080/2066 2084/2079/2065
f 2166/2159/2147 2085/2080/2066 2165/2160/2146
f 2166/2159/2147 2087/2082/2068 2086/2081/2067
f 2167/2161/2148 2088/2083/2069 2087/2082/2068
f 2169/2162/2150 2088/2083/2069 2168/2163/2149
f 2169/2162/2150 2090/2084/2071 2089/2085/2070
f 2170/2164/2151 2091/2086/2072 2090/2084/2071
f 2172/2165/2153 2091/2086/2072 2171/2166/2152
f 2172/2165/2153 2093/2089/2074 2092/2087/2073
f 2173/2167/2154 2094/2088/2075 2093/2089/2074
f 2174/2168/2155 2095/2091/2076 2094/2088/2075
f 2176/2169/2157 2095/2091/2076 2175/2170/2156
f 2176/2169/2157 2097/2093/2078 2096/2090/2077
f 2178/2171/2159 2097/2093/2078 2177/2172/2158
f 2178/2171/2159 2099/2095/2080 2098/2092/2079
f 2180/2173/2161 2099/2095/2080 2179/2174/2160
f 2180/2173/2161 2101/2097/2082 2100/2094/2081
f 2182/2175/2163 2101/2097/2082 2181/2176/2162
f 2182/2175/2163 2103/2098/2084 2102/2096/2083
f 2183/2177/2164 2104/2099/2085 2103/2098/2084
f 2185/2178/2166 2104/2099/2085 2184/2179/2165
f 2185/2178/2166 2106/2102/2087 2105/2100/2086
f 2186/2180/2167 2107/2101/2088 2106/2102/2087
f 2187/2181/2168 2108/2103/2089 2107/2101/2088
f 2188/2182/2169 2109/2104/2090 2108/2103/2089
f 2189/2183/2170 2110/2106/2091 2109/2104/2090
f 2191/2184/2172 2110/2106/2091 2190/2185/2171
f 2191/2184/2172 2112/2108/2093 2111/2105/2092
f 2193/2186/2174 2112/2108/2093 2192/2187/2173
f 2194/2188/2175 2113/2107/2094 2193/2186/2174
f 2195/2189/2176 2114/2109/2095 2194/2188/2175
f 2196/2190/2177 2115/2110/2096 2195/2189/2176
f 2196/2190/2177 2117/2112/2098 2116/2111/2097
f 2198/2191/2179 2117/2112/2098 2197/2192/2178
f 2198/2191/2179 2119/2115/2100 2118/2113/2099
f 2199/2193/2180 2120/2114/2101 2119/2115/2100
f 2200/2194/2181 2121/2116/2102 2120/2114/2101
f 2201/2195/2182 2122/2117/2103 2121/2116/2102
f 2203/2196/2184 2122/2117/2103 2202/2197/2183
f 2204/2198/2185 2123/2118/2104 2203/2196/2184
f 2205/2199/2186 2124/2119/2105 2204/2198/2185
f 2206/2200/2187 2125/2120/2106 2205/2199/2186
f 2207/2201/2188 2126/2121/2107 2206/2200/2187
f 2208/2202/2189 2127/2122/2108 2207/2201/2188
f 2209/2203/2190 2128/2123/2109 2208/2202/2189
f 2210/2204/2191 2129/2124/2110 2209/2203/2190
f 2211/2205/2192 2130/2126/2111 2210/2204/2191
f 2211/2205/2192 2132/2127/2113 2131/2125/2112
f 2212/2206/2193 2133/2128/2114 2132/2127/2113
f 2214/2207/2195 2133/2128/2114 2213/2208/2194
f 2214/2207/2195 2135/2131/2116 2134/2129/2115
f 2215/2209/2196 2136/2130/2117 2135/2131/2116
f 2217/2210/2198 2136/2130/2117 2216/2211/2197
f 2217/2210/2198 2138/2133/2119 2137/2132/2118
f 2219/2212/2200 2138/2133/2119 2218/2213/2199
f 2220/2214/2201 2139/2134/2120 2219/2212/2200
f 2220/2214/2201 2141/2136/2122 2140/2135/2121
f 2222/2215/2203 2141/2136/2122 2221/2216/2202
f 2222/2215/2203 2143/2137/2124 2142/2138/2123
f 2224/2217/2205 2143/2137/2124 2223/2218/2204
f 2224/2217/2205 2145/2139/2126 2144/2140/2125
f 2225/2219/2206 2146/2141/2127 2145/2139/2126
f 2226/2220/2207 2147/2142/2128 2146/2141/2127
f 2227/2221/2208 2148/2143/2129 2147/2142/2128
f 2228/2222/2209 2149/2144/2130 2148/2143/2129
f 2229/2223/2210 2150/2145/2131 2149/2144/2130
f 2230/2224/2211 2151/2146/2132 2150/2145/2131
f 2231/2225/2212 2152/2147/2133 2151/2146/2132
f 2232/2226/2213 2153/2148/2134 2152/2147/2133
f 2233/2227/2214 2154/2149/2135 2153/2148/2134
f 2234/2228/2215 2155/2150/2136 2154/2149/2135
f 2235/2229/2216 2156/2151/2137 2155/2150/2136
f 2236/2230/2217 2157/2152/2138 2156/2151/2137
f 2237/2231/2218 2158/2153/2139 2157/2152/2138
f 2238/2232/2219 2159/2154/2140 2158/2153/2139
f 2240/2233/2221 2159/2154/2140 2239/2234/2220
f 2242/2235/2223 2161/2155/2142 2241/2236/2222
f 2242/2235/2223 2163/2157/2144 2162/2156/2143
f 2243/2237/2224 2164/2158/2145 2163/2157/2144
f 2245/2238/2226 2164/2158/2145 2244/2239/2225
f 2246/2240/2227 2165/2160/2146 2245/2238/2226
f 2246/2240/2227 2167/2161/2148 2166/2159/2147
f 2247/2241/2228 2168/2163/2149 2167/2161/2148
f 2249/2242/2230 2168/2163/2149 2248/2243/2229
f 2249/2242/2230 2170/2164/2151 2169/2162/2150
f 2250/2244/2231 2171/2166/2152 2170/2164/2151
f 2251/2245/2232 2172/2165/2153 2171/2166/2152
f 2253/2246/2234 2172/2165/2153 2252/2247/2233
f 2253/2246/2234 2174/2168/2155 2173/2167/2154
f 2255/2248/2236 2174/2168/2155 2254/2249/2235
f 2255/2248/2236 2176/2169/2157 2175/2170/2156
f 2257/2250/2238 2176/2169/2157 2256/2251/2237
f 2258/2252/2239 2177/2172/2158 2257/2250/2238
f 2259/2253/2240 2178/2171/2159 2258/2252/2239
f 2259/2253/2240 2180/2173/2161 2179/2174/2160
f 2261/2254/2242 2180/2173/2161 2260/2255/2241
f 2261/2254/2242 2182/2175/2163 2181/2176/2162
f 2263/2256/2244 2182/2175/2163 2262/2257/2243
f 2264/2258/2245 2183/2177/2164 2263/2256/2244
f 2264/2258/2245 2185/2178/2166 2184/2179/2165
f 2265/2259/2246 2186/2180/2167 2185/2178/2166
f 2267/2260/2248 2186/2180/2167 2266/2261/2247
f 2268/2262/2249 2187/2181/2168 2267/2260/2248
f 2269/2263/2250 2188/2182/2169 2268/2262/2249
f 2270/2264/2251 2189/2183/2170 2269/2263/2250
f 2270/2264/2251 2191/2184/2172 2190/2185/2171
f 2271/2265/2252 2192/2187/2173 2191/2184/2172
f 2272/2266/2253 2193/2186/2174 2192/2187/2173
f 2273/2267/2254 2194/2188/2175 2193/2186/2174
f 2275/2268/2256 2194/2188/2175 2274/2269/2255
f 2276/2270/2257 2195/2189/2176 2275/2268/2256
f 2276/2270/2257 2197/2192/2178 2196/2190/2177
f 2278/2271/2259 2197/2192/2178 2277/2272/2258
f 2278/2271/2259 2199/2193/2180 2198/2191/2179
f 2279/2273/2260 2200/2194/2181 2199/2193/2180
f 2281/2274/2262 2200/2194/2181 2280/2275/2261
f 2282/2276/2263 2201/2195/2182 2281/2274/2262
f 2282/2276/2263 2203/2196/2184 2202/2197/2183
f 2283/2277/2264 2204/2198/2185 2203/2196/2184
f 2285/2278/2266 2204/2198/2185 2284/2279/2265
f 2285/2278/2266 2206/2200/2187 2205/2199/2186
f 2287/2280/2268 2206/2200/2187 2286/2281/2267
f 2288/2282/2269 2207/2201/2188 2287/2280/2268
f 2289/2283/2270 2208/2202/2189 2288/2282/2269
f 2290/2284/2271 2209/2203/2190 2289/2283/2270
f 2291/2285/2272 2210/2204/2191 2290/2284/2271
f 2291/2285/2272 2212/2206/2193 2211/2205/2192
f 2292/2286/2273 2213/2208/2194 2212/2206/2193
f 2294/2287/2275 2213/2208/2194 2293/2288/2274
f 2294/2287/2275 2215/2209/2196 2214/2207/2195
f 2295/2289/2276 2216/2211/2197 2215/2209/2196
f 2297/2290/2278 2216/2211/2197 2296/2291/2277
f 2298/2292/2279 2217/2210/2198 2297/2290/2278
f 2299/2293/2280 2218/2213/2199 2298/2292/2279
f 2300/2294/2281 2219/2212/2200 2299/2293/2280
f 2301/2295/2282 2220/2214/2201 2300/2294/2281
f 2302/2296/2283 2221/2216/2202 2301/2295/2282
f 2302/2296/2283 2223/2218/2204 2222/2215/2203
f 2303/2297/2284 2224/2217/2205 2223/2218/2204
f 2304/2298/2285 2225/2219/2206 2224/2217/2205
f 2305/2299/2286 2226/2220/2207 2225/2219/2206
f 2306/2300/2287 2227/2221/2208 2226/2220/2207
f 2307/2301/2288 2228/2222/2209 2227/2221/2208
f 2308/2302/2289 2229/2223/2210 2228/2222/2209
f 2309/2303/2290 2230/2224/2211 2229/2223/2210
f 2310/2304/2291 2231/2225/2212 2230/2224/2211
f 2311/2305/2292 2232/2226/2213 2231/2225/2212
f 2312/2306/2293 2233/2227/2214 2232/2226/2213
f 2313/2307/2294 2234/2228/2215 2233/2227/2214
f 2314/2308/2295 2235/2229/2216 2234/2228/2215
f 2315/2309/2296 2236/2230/2217 2235/2229/2216
f 2316/2310/2297 2237/2231/2218 2236/2230/2217
f 2317/2311/2298 2238/2232/2219 2237/2231/2218
f 2318/2312/2299 2239/2234/2220 2238/2232/2219
f 2319/2313/2300 2240/2233/2221 2239/2234/2220
f 2321/2314/2302 2242/2235/2223 2241/2236/2222
f 2322/2315/2303 2243/2237/2224 2242/2235/2223
f 2323/2316/2304 2244/2239/2225 2243/2237/2224
f 2324/2317/2305 2245/2238/2226 2244/2239/2225
f 2326/2318/2307 2245/2238/2226 2325/2319/2306
f 2326/2318/2307 2247/2241/2228 2246/2240/2227
f 2327/2320/2308 2248/2243/2229 2247/2241/2228
f 2328/2321/2309 2249/2242/2230 2248/2243/2229
f 2330/2322/2311 2249/2242/2230 2329/2323/2310
f 2330/2322/2311 2251/2245/2232 2250/2244/2231
f 2332/2324/2313 2251/2245/2232 2331/2325/2312
f 2332/2324/2313 2253/2246/2234 2252/2247/2233
f 2334/2326/2315 2253/2246/2234 2333/2327/2314
f 2335/2328/2316 2254/2249/2235 2334/2326/2315
f 2335/2328/2316 2256/2251/2237 2255/2248/2236
f 2336/2329/2317 2257/2250/2238 2256/2251/2237
f 2338/2330/2319 2257/2250/2238 2337/2331/2318
f 2338/2330/2319 2259/2253/2240 2258/2252/2239
f 2339/2332/2320 2260/2255/2241 2259/2253/2240
f 2340/2333/2321 2261/2254/2242 2260/2255/2241
f 2341/2334/2322 2262/2257/2243 2261/2254/2242
f 2343/2335/2324 2262/2257/2243 2342/2336/2323
f 2344/2337/2325 2263/2256/2244 2343/2335/2324
f 2344/2337/2325 2265/2259/2246 2264/2258/2245
f 2345/2338/2326 2266/2261/2247 2265/2259/2246
f 2347/2339/2328 2266/2261/2247 2346/2340/2327
f 2348/2341/2329 2267/2260/2248 2347/2339/2328
f 2349/2342/2330 2268/2262/2249 2348/2341/2329
f 2349/2342/2330 2270/2264/2251 2269/2263/2250
f 2351/2343/2332 2270/2264/2251 2350/2344/2331
f 2352/2345/2333 2271/2265/2252 2351/2343/2332
f 2353/2346/2334 2272/2266/2253 2352/2345/2333
f 2353/2346/2334 2274/2269/2255 2273/2267/2254
f 2355/2347/2336 2274/2269/2255 2354/2348/2335
f 2355/2347/2336 2276/2270/2257 2275/2268/2256
f 2357/2349/2338 2276/2270/2257 2356/2350/2337
f 2358/2351/2339 2277/2272/2258 2357/2349/2338
f 2359/2352/2340 2278/2271/2259 2358/2351/2339
f 2360/2353/2341 2279/2273/2260 2359/2352/2340
f 2361/2354/2342 2280/2275/2261 2360/2353/2341
f 2362/2355/2343 2281/2274/2262 2361/2354/2342
f 2362/2355/2343 2283/2277/2264 2282/2276/2263
f 2364/2356/2345 2283/2277/2264 2363/2357/2344
f 2364/2356/2345 2285/2278/2266 2284/2279/2265
f 2366/2358/2347 2285/2278/2266 2365/2359/2346
f 2366/2358/2347 2287/2280/2268 2286/2281/2267
f 2367/2360/2348 2288/2282/2269 2287/2280/2268
f 2368/2361/2349 2289/2283/2270 2288/2282/2269
f 2370/2362/2351 2289/2283/2270 2369/2363/2350
f 2371/2364/2352 2290/2284/2271 2370/2362/2351
f 2372/2365/2353 2291/2285/2272 2371/2364/2352
f 2373/2366/2354 2292/2286/2273 2372/2365/2353
f 2373/2366/2354 2294/2287/2275 2293/2288/2274
f 2375/2367/2356 2294/2287/2275 2374/2368/2355
f 2376/2369/2357 2295/2289/2276 2375/2367/2356
f 2376/2369/2357 2297/2290/2278 2296/2291/2277
f 2378/2370/2359 2297/2290/2278 2377/2371/2358
f 2379/2372/2360 2298/2292/2279 2378/2370/2359
f 2380/2373/2361 2299/2293/2280 2379/2372/2360
f 2381/2374/2362 2300/2294/2281 2380/2373/2361
f 2382/2375/2363 2301/2295/2282 2381/2374/2362
f 2382/2375/2363 2303/2297/2284 2302/2296/2283
f 2383/2376/2364 2304/2298/2285 2303/2297/2284
f 2384/2377/2365 2305/2299/2286 2304/2298/2285
f 2385/2378/2366 2306/2300/2287 2305/2299/2286
f 2386/2379/2367 2307/2301/2288 2306/2300/2287
f 2387/2380/2368 2308/2302/2289 2307/2301/2288
f 2388/2381/2369 2309/2303/2290 2308/2302/2289
f 2389/2382/2370 2310/2304/2291 2309/2303/2290
f 2391/2383/2372 2310/2304/2291 2390/2384/2371
f 2391/2383/2372 2312/2306/2293 2311/2305/2292
f 2392/2385/2373 2313/2307/2294 2312/2306/2293
f 2393/2386/2374 2314/2308/2295 2313/2307/2294
f 2394/2387/2375 2315/2309/2296 2314/2308/2295
f 2396/2388/2377 2315/2309/2296 2395/2389/2376
f 2396/2388/2377 2317/2311/2298 2316/2310/2297
f 2397/2390/2378 2318/2312/2299 2317/2311/2298
f 2398/2391/2379 2319/2313/2300 2318/2312/2299
f 2399/2392/2380 2320/2393/2301 2319/2313/2300
f 2401/2394/2382 2322/2315/2303 2321/2314/2302
f 2402/2395/2383 2323/2316/2304 2322/2315/2303
f 2403/2396/2384 2324/2317/2305 2323/2316/2304
f 2404/2397/2385 2325/2319/2306 2324/2317/2305
f 2406/2398/2387 2325/2319/2306 2405/2399/2386
f 2407/2400/2388 2326/2318/2307 2406/2398/2387
f 2407/2400/2388 2328/2321/2309 2327/2320/2308
f 2409/2401/2390 2328/2321/2309 2408/2402/2389
f 2410/2403/2391 2329/2323/2310 2409/2401/2390
f 2411/2404/2392 2330/2322/2311 2410/2403/2391
f 2411/2404/2392 2332/2324/2313 2331/2325/2312
f 2413/2405/2394 2332/2324/2313 2412/2406/2393
f 2413/2405/2394 2334/2326/2315 2333/2327/2314
f 2414/2407/2395 2335/2328/2316 2334/2326/2315
f 2416/2408/2397 2335/2328/2316 2415/2409/2396
f 2416/2408/2397 2337/2331/2318 2336/2329/2317
f 2418/2410/2399 2337/2331/2318 2417/2411/2398
f 2418/2410/2399 2339/2332/2320 2338/2330/2319
f 2420/2412/2401 2339/2332/2320 2419/2413/2400
f 2420/2412/2401 2341/2334/2322 2340/2333/2321
f 2422/2414/2403 2341/2334/2322 2421/2415/2402
f 2422/2414/2403 2343/2335/2324 2342/2336/2323
f 2424/2416/2405 2343/2335/2324 2423/2417/2404
f 2425/2418/2406 2344/2337/2325 2424/2416/2405
f 2425/2418/2406 2346/2340/2327 2345/2338/2326
f 2427/2419/2408 2346/2340/2327 2426/2420/2407
f 2428/2421/2409 2347/2339/2328 2427/2419/2408
f 2429/2422/2410 2348/2341/2329 2428/2421/2409
f 2430/2423/2411 2349/2342/2330 2429/2422/2410
f 2430/2423/2411 2351/2343/2332 2350/2344/2331
f 2431/2424/2412 2352/2345/2333 2351/2343/2332
f 2433/2425/2414 2352/2345/2333 2432/2426/2413
f 2434/2427/2415 2353/2346/2334 2433/2425/2414
f 2435/2428/2416 2354/2348/2335 2434/2427/2415
f 2436/2429/2417 2355/2347/2336 2435/2428/2416
f 2436/2429/2417 2357/2349/2338 2356/2350/2337
f 2438/2430/2419 2357/2349/2338 2437/2431/2418
f 2439/2432/2420 2358/2351/2339 2438/2430/2419
f 2440/2433/2421 2359/2352/2340 2439/2432/2420
f 2441/2434/2422 2360/2353/2341 2440/2433/2421
f 2442/2435/2423 2361/2354/2342 2441/2434/2422
f 2442/2435/2423 2363/2357/2344 2362/2355/2343
f 2444/2436/2425 2363/2357/2344 2443/2437/2424
f 2444/2436/2425 2365/2359/2346 2364/2356/2345
f 2446/2438/2427 2365/2359/2346 2445/2439/2426
f 2447/2440/2428 2366/2358/2347 2446/2438/2427
f 2448/2441/2429 2367/2360/2348 2447/2440/2428
f 2448/2441/2429 2369/2363/2350 2368/2361/2349
f 2450/2442/2431 2369/2363/2350 2449/2443/2430
f 2451/2444/2432 2370/2362/2351 2450/2442/2431
f 2452/2445/2433 2371/2364/2352 2451/2444/2432
f 2452/2445/2433 2373/2366/2354 2372/2365/2353
f 2453/2446/2434 2374/2368/2355 2373/2366/2354
f 2455/2447/2436 2374/2368/2355 2454/2448/2435
f 2456/2449/2437 2375/2367/2356 2455/2447/2436
f 2457/2450/2438 2376/2369/2357 2456/2449/2437
f 2457/2450/2438 2378/2370/2359 2377/2371/2358
f 2459/2451/2440 2378/2370/2359 2458/2452/2439
f 2459/2451/2440 2380/2373/2361 2379/2372/2360
f 2461/2453/2442 2380/2373/2361 2460/2454/2441
f 2462/2455/2443 2381/2374/2362 2461/2453/2442
f 2463/2456/2444 2382/2375/2363 2462/2455/2443
f 2463/2456/2444 2384/2377/2365 2383/2376/2364
f 2464/2457/2445 2385/2378/2366 2384/2377/2365
f 2466/2458/2447 2385/2378/2366 2465/2459/2446
f 2466/2458/2447 2387/2380/2368 2386/2379/2367
f 2467/2460/2448 2388/2381/2369 2387/2380/2368
f 2468/2461/2449 2389/2382/2370 2388/2381/2369
f 2470/2462/2451 2389/2382/2370 2469/2463/2450
f 2471/2464/2452 2390/2384/2371 2470/2462/2451
f 2471/2464/2452 2392/2385/2373 2391/2383/2372
f 2472/2465/2453 2393/2386/2374 2392/2385/2373
f 2474/2466/2455 2393/2386/2374 2473/2467/2454
f 2475/2468/2456 2394/2387/2375 2474/2466/2455
f 2475/2468/2456 2396/2388/2377 2395/2389/2376
f 2476/2469/2457 2397/2390/2378 2396/2388/2377
f 2477/2470/2458 2398/2391/2379 2397/2390/2378
f 2479/2471/2460 2398/2391/2379 2478/2472/2459
f 2479/2471/2460 2400/2473/2381 2399/2392/2380
f 2481/2474/2462 2402/2395/2383 2401/2394/2382
f 2483/2475/2464 2402/2395/2383 2482/2476/2463
f 2484/2477/2465 2403/2396/2384 2483/2475/2464
f 2484/2477/2465 2405/2399/2386 2404/2397/2385
f 2485/2478/2466 2406/2398/2387 2405/2399/2386
f 2487/2479/2468 2406/2398/2387 2486/2480/2467
f 2488/2481/2469 2407/2400/2388 2487/2479/2468
f 2488/2481/2469 2409/2401/2390 2408/2402/2389
f 2490/2482/2471 2409/2401/2390 2489/2483/2470
f 2490/2482/2471 2411/2404/2392 2410/2403/2391
f 2492/2484/2473 2411/2404/2392 2491/2485/2472
f 2492/2484/2473 2413/2405/2394 2412/2406/2393
f 2494/2486/2475 2413/2405/2394 2493/2487/2474
f 2495/2488/2476 2414/2407/2395 2494/2486/2475
f 2495/2488/2476 2416/2408/2397 2415/2409/2396
f 2497/2489/2478 2416/2408/2397 2496/2490/2477
f 2498/2491/2479 2417/2411/2398 2497/2489/2478
f 2499/2492/2480 2418/2410/2399 2498/2491/2479
f 2499/2492/2480 2420/2412/2401 2419/2413/2400
f 2500/2493/2481 2421/2415/2402 2420/2412/2401
f 2502/2494/2483 2421/2415/2402 2501/2495/2482
f 2503/2496/2484 2422/2414/2403 2502/2494/2483
f 2503/2496/2484 2424/2416/2405 2423/2417/2404
f 2504/2497/2485 2425/2418/2406 2424/2416/2405
f 2505/2498/2486 2426/2420/2407 2425/2418/2406
f 2506/2499/2487 2427/2419/2408 2426/2420/2407
f 2508/2500/2489 2427/2419/2408 2507/2501/2488
f 2509/2502/2490 2428/2421/2409 2508/2500/2489
f 2509/2502/2490 2430/2423/2411 2429/2422/2410
f 2511/2503/2492 2430/2423/2411 2510/2504/2491
f 2512/2505/2493 2431/2424/2412 2511/2503/2492
f 2513/2506/2494 2432/2426/2413 2512/2505/2493
f 2514/2507/2495 2433/2425/2414 2513/2506/2494
f 2515/2508/2496 2434/2427/2415 2514/2507/2495
f 2515/2508/2496 2436/2429/2417 2435/2428/2416
f 2517/2509/2498 2436/2429/2417 2516/2510/2497
f 2517/2509/2498 2438/2430/2419 2437/2431/2418
f 2519/2511/2500 2438/2430/2419 2518/2512/2499
f 2519/2511/2500 2440/2433/2421 2439/2432/2420
f 2520/2513/2501 2441/2434/2422 2440/2433/2421
f 2521/2514/2502 2442/2435/2423 2441/2434/2422
f 2522/2515/2503 2443/2437/2424 2442/2435/2423
f 2524/2516/2505 2443/2437/2424 2523/2517/2504
f 2525/2518/2506 2444/2436/2425 2524/2516/2505
f 2525/2518/2506 2446/2438/2427 2445/2439/2426
f 2527/2519/2508 2446/2438/2427 2526/2520/2507
f 2528/2521/2509 2447/2440/2428 2527/2519/2508
f 2528/2521/2509 2449/2443/2430 2448/2441/2429
f 2530/2522/2511 2449/2443/2430 2529/2523/2510
f 2531/2524/2512 2450/2442/2431 2530/2522/2511
f 2531/2524/2512 2452/2445/2433 2451/2444/2432
f 2533/2525/2514 2452/2445/2433 2532/2526/2513
f 2533/2525/2514 2454/2448/2435 2453/2446/2434
f 2534/2527/2515 2455/2447/2436 2454/2448/2435
f 2536/2528/2517 2455/2447/2436 2535/2529/2516
f 2536/2528/2517 2457/2450/2438 2456/2449/2437
f 2537/2530/2518 2458/2452/2439 2457/2450/2438
f 2538/2531/2519 2459/2451/2440 2458/2452/2439
f 2540/2532/2521 2459/2451/2440 2539/2533/2520
f 2541/2534/2522 2460/2454/2441 2540/2532/2521
f 2541/2534/2522 2462/2455/2443 2461/2453/2442
f 2542/2535/2523 2463/2456/2444 2462/2455/2443
f 2543/2536/2524 2464/2457/2445 2463/2456/2444
f 2545/2537/2526 2464/2457/2445 2544/2538/2525
f 2545/2537/2526 2466/2458/2447 2465/2459/2446
f 2546/2539/2527 2467/2460/2448 2466/2458/2447
f 2548/2540/2529 2467/2460/2448 2547/2541/2528
f 2549/2542/2530 2468/2461/2449 2548/2540/2529
f 2549/2542/2530 2470/2462/2451 2469/2463/2450
f 2551/2543/2532 2470/2462/2451 2550/2544/2531
f 2551/2543/2532 2472/2465/2453 2471/2464/2452
f 2553/2545/2534 2472/2465/2453 2552/2546/2533
f 2554/2547/2535 2473/2467/2454 2553/2545/2534
f 2554/2547/2535 2475/2468/2456 2474/2466/2455
f 2555/2548/2536 2476/2469/2457 2475/2468/2456
f 2556/2549/2537 2477/2470/2458 2476/2469/2457
f 2557/2550/2538 2478/2472/2459 2477/2470/2458
f 2559/2551/2540 2478/2472/2459 2558/2552/2539
f 2559/2551/2540 2480/2553/2461 2479/2471/2460
f 2561/2554/2542 2482/2476/2463 2481/2474/2462
f 2563/2555/2544 2482/2476/2463 2562/2556/2543
f 2564/2557/2545 2483/2475/2464 2563/2555/2544
f 2564/2557/2545 2485/2478/2466 2484/2477/2465
f 2565/2558/2546 2486/2480/2467 2485/2478/2466
f 2567/2559/2548 2486/2480/2467 2566/2560/2547
f 2567/2559/2548 2488/2481/2469 2487/2479/2468
f 2568/2561/2549 2489/2483/2470 2488/2481/2469
f 2570/2562/2551 2489/2483/2470 2569/2563/2550
f 2571/2564/2552 2490/2482/2471 2570/2562/2551
f 2572/2565/2553 2491/2485/2472 2571/2564/2552
f 2573/2566/2554 2492/2484/2473 2572/2565/2553
f 2573/2566/2554 2494/2486/2475 2493/2487/2474
f 2574/2567/2555 2495/2488/2476 2494/2486/2475
f 2576/2568/2557 2495/2488/2476 2575/2569/2556
f 2576/2568/2557 2497/2489/2478 2496/2490/2477
f 2578/2570/2559 2497/2489/2478 2577/2571/2558
f 2579/2572/2560 2498/2491/2479 2578/2570/2559
f 2579/2572/2560 2500/2493/2481 2499/2492/2480
f 2580/2573/2561 2501/2495/2482 2500/2493/2481
f 2582/2574/2563 2501/2495/2482 2581/2575/2562
f 2582/2574/2563 2503/2496/2484 2502/2494/2483
f 2583/2576/2564 2504/2497/2485 2503/2496/2484
f 2585/2577/2566 2504/2497/2485 2584/2578/2565
f 2585/2577/2566 2506/2499/2487 2505/2498/2486
f 2586/2579/2567 2507/2501/2488 2506/2499/2487
f 2588/2580/2569 2507/2501/2488 2587/2581/2568
f 2588/2580/2569 2509/2502/2490 2508/2500/2489
f 2590/2582/2571 2509/2502/2490 2589/2583/2570
f 2591/2584/2572 2510/2504/2491 2590/2582/2571
f 2591/2584/2572 2512/2505/2493 2511/2503/2492
f 2592/2585/2573 2513/2506/2494 2512/2505/2493
f 2594/2586/2575 2513/2506/2494 2593/2587/2574
f 2595/2588/2576 2514/2507/2495 2594/2586/2575
f 2595/2588/2576 2516/2510/2497 2515/2508/2496
f 2597/2589/2578 2516/2510/2497 2596/2590/2577
f 2598/2591/2579 2517/2509/2498 2597/2589/2578
f 2599/2592/2580 2518/2512/2499 2598/2591/2579
f 2599/2592/2580 2520/2513/2501 2519/2511/2500
f 2601/2593/2582 2520/2513/2501 2600/2594/2581
f 2601/2593/2582 2522/2515/2503 2521/2514/2502
f 2602/2595/2583 2523/2517/2504 2522/2515/2503
f 2604/2596/2585 2523/2517/2504 2603/2597/2584
f 2605/2598/2586 2524/2516/2505 2604/2596/2585
f 2605/2598/2586 2526/2520/2507 2525/2518/2506
f 2607/2599/2588 2526/2520/2507 2606/2600/2587
f 2607/2599/2588 2528/2521/2509 2527/2519/2508
f 2609/2601/2590 2528/2521/2509 2608/2602/2589
f 2610/2603/2591 2529/2523/2510 2609/2601/2590
f 2610/2603/2591 2531/2524/2512 2530/2522/2511
f 2611/2604/2592 2532/2526/2513 2531/2524/2512
f 2612/2605/2593 2533/2525/2514 2532/2526/2513
f 2614/2606/2595 2533/2525/2514 2613/2607/2594
f 2615/2608/2596 2534/2527/2515 2614/2606/2595
f 2615/2608/2596 2536/2528/2517 2535/2529/2516
f 2616/2609/2597 2537/2530/2518 2536/2528/2517
f 2618/2610/2599 2537/2530/2518 2617/2611/2598
f 2619/2612/2600 2538/2531/2519 2618/2610/2599
f 2619/2612/2600 2540/2532/2521 2539/2533/2520
f 2620/2613/2601 2541/2534/2522 2540/2532/2521
f 2621/2614/2602 2542/2535/2523 2541/2534/2522
f 2623/2615/2604 2542/2535/2523 2622/2616/2603
f 2623/2615/2604 2544/2538/2525 2543/2536/2524
f 2625/2617/2606 2544/2538/2525 2624/2618/2605
f 2625/2617/2606 2546/2539/2527 2545/2537/2526
f 2627/2619/2608 2546/2539/2527 2626/2620/2607
f 2627/2619/2608 2548/2540/2529 2547/2541/2528
f 2629/2621/2610 2548/2540/2529 2628/2622/2609
f 2629/2621/2610 2550/2544/2531 2549/2542/2530
f 2630/2623/2611 2551/2543/2532 2550/2544/2531
f 2631/2624/2612 2552/2546/2533 2551/2543/2532
f 2632/2625/2613 2553/2545/2534 2552/2546/2533
f 2634/2626/2615 2553/2545/2534 2633/2627/2614
f 2634/2626/2615 2555/2548/2536 2554/2547/2535
f 2635/2628/2616 2556/2549/2537 2555/2548/2536
f 2636/2629/2617 2557/2550/2538 2556/2549/2537
f 2637/2630/2618 2558/2552/2539 2557/2550/2538
f 2639/2631/2620 2558/2552/2539 2638/2632/2619
f 2640/2633/2621 2559/2551/2540 2639/2631/2620
f 2641/2634/2622 2562/2556/2543 2561/2554/2542
f 2642/2635/2623 2563/2555/2544 2562/2556/2543
f 2644/2636/2625 2563/2555/2544 2643/2637/2624
f 2644/2636/2625 2565/2558/2546 2564/2557/2545
f 2646/2638/2627 2565/2558/2546 2645/2639/2626
f 2647/2640/2628 2566/2560/2547 2646/2638/2627
f 2647/2640/2628 2568/2561/2549 2567/2559/2548
f 2648/2641/2629 2569/2563/2550 2568/2561/2549
f 2650/2642/2631 2569/2563/2550 2649/2643/2630
f 2650/2642/2631 2571/2564/2552 2570/2562/2551
f 2652/2644/2633 2571/2564/2552 2651/2645/2632
f 2652/2644/2633 2573/2566/2554 2572/2565/2553
f 2653/2646/2634 2574/2567/2555 2573/2566/2554
f 2654/2647/2635 2575/2569/2556 2574/2567/2555
f 2656/2648/2637 2575/2569/2556 2655/2649/2636
f 2656/2648/2637 2577/2571/2558 2576/2568/2557
f 2658/2650/2639 2577/2571/2558 2657/2651/2638
f 2658/2650/2639 2579/2572/2560 2578/2570/2559
f 2660/2652/2641 2579/2572/2560 2659/2653/2640
f 2661/2654/2642 2580/2573/2561 2660/2652/2641
f 2662/2655/2643 2581/2575/2562 2661/2654/2642
f 2662/2655/2643 2583/2576/2564 2582/2574/2563
f 2663/2656/2644 2584/2578/2565 2583/2576/2564
f 2665/2657/2646 2584/2578/2565 2664/2658/2645
f 2666/2659/2647 2585/2577/2566 2665/2657/2646
f 2667/2660/2648 2586/2579/2567 2666/2659/2647
f 2667/2660/2648 2588/2580/2569 2587/2581/2568
f 2668/2661/2649 2589/2583/2570 2588/2580/2569
f 2669/2662/2650 2590/2582/2571 2589/2583/2570
f 2671/2663/2652 2590/2582/2571 2670/2664/2651
f 2671/2663/2652 2592/2585/2573 2591/2584/2572
f 2673/2665/2654 2592/2585/2573 2672/2666/2653
f 2673/2665/2654 2594/2586/2575 2593/2587/2574
f 2674/2667/2655 2595/2588/2576 2594/2586/2575
f 2676/2668/2657 2595/2588/2576 2675/2669/2656
f 2676/2668/2657 2597/2589/2578 2596/2590/2577
f 2678/2670/2659 2597/2589/2578 2677/2671/2658
f 2679/2672/2660 2598/2591/2579 2678/2670/2659
f 2680/2673/2661 2599/2592/2580 2679/2672/2660
f 2681/2674/2662 2600/2594/2581 2680/2673/2661
f 2681/2674/2662 2602/2595/2583 2601/2593/2582
f 2682/2675/2663 2603/2597/2584 2602/2595/2583
f 2684/2676/2665 2603/2597/2584 2683/2677/2664
f 2685/2678/2666 2604/2596/2585 2684/2676/2665
f 2685/2678/2666 2606/2600/2587 2605/2598/2586
f 2687/2679/2668 2606/2600/2587 2686/2680/2667
f 2688/2681/2669 2607/2599/2588 2687/2679/2668
f 2689/2682/2670 2608/2602/2589 2688/2681/2669
f 2690/2683/2671 2609/2601/2590 2689/2682/2670
f 2690/2683/2671 2611/2604/2592 2610/2603/2591
f 2692/2684/2673 2611/2604/2592 2691/2685/2672
f 2692/2684/2673 2613/2607/2594 2612/2605/2593
f 2693/2686/2674 2614/2606/2595 2613/2607/2594
f 2695/2687/2676 2614/2606/2595 2694/2688/2675
f 2695/2687/2676 2616/2609/2597 2615/2608/2596
f 2697/2689/2678 2616/2609/2597 2696/2690/2677
f 2698/2691/2679 2617/2611/2598 2697/2689/2678
f 2699/2692/2680 2618/2610/2599 2698/2691/2679
f 2700/2693/2681 2619/2612/2600 2699/2692/2680
f 2700/2693/2681 2621/2614/2602 2620/2613/2601
f 2702/2694/2683 2621/2614/2602 2701/2695/2682
f 2702/2694/2683 2623/2615/2604 2622/2616/2603
f 2703/2696/2684 2624/2618/2605 2623/2615/2604
f 2705/2697/2686 2624/2618/2605 2704/2698/2685
f 2705/2697/2686 2626/2620/2607 2625/2617/2606
f 2707/2699/2688 2626/2620/2607 2706/2700/2687
f 2707/2699/2688 2628/2622/2609 2627/2619/2608
f 2708/2701/2689 2629/2621/2610 2628/2622/2609
f 2710/2702/2691 2629/2621/2610 2709/2703/2690
f 2711/2704/2692 2630/2623/2611 2710/2702/2691
f 2712/2705/2693 2631/2624/2612 2711/2704/2692
f 2713/2706/2694 2632/2625/2613 2712/2705/2693
f 2714/2707/2695 2633/2627/2614 2713/2706/2694
f 2714/2707/2695 2635/2628/2616 2634/2626/2615
f 2715/2708/2696 2636/2629/2617 2635/2628/2616
f 2716/2709/2697 2637/2630/2618 2636/2629/2617
f 2717/2710/2698 2638/2632/2619 2637/2630/2618
f 2719/2711/2700 2638/2632/2619 2718/2712/2699
f 2720/2713/2701 2639/2631/2620 2719/2711/2700
f 2721/2714/2702 2642/2635/2623 2641/2634/2622
f 2722/2715/2703 2643/2637/2624 2642/2635/2623
f 2723/2716/2704 2644/2636/2625 2643/2637/2624
f 2724/2717/2705 2645/2639/2626 2644/2636/2625
f 2726/2718/2707 2645/2639/2626 2725/2719/2706
f 2727/2720/2708 2646/2638/2627 2726/2718/2707
f 2727/2720/2708 2648/2641/2629 2647/2640/2628
f 2729/2721/2710 2648/2641/2629 2728/2722/2709
f 2729/2721/2710 2650/2642/2631 2649/2643/2630
f 2730/2723/2711 2651/2645/2632 2650/2642/2631
f 2732/2724/2713 2651/2645/2632 2731/2725/2712
f 2733/2726/2714 2652/2644/2633 2732/2724/2713
f 2733/2726/2714 2654/2647/2635 2653/2646/2634
f 2734/2727/2715 2655/2649/2636 2654/2647/2635
f 2735/2728/2716 2656/2648/2637 2655/2649/2636
f 2737/2729/2718 2656/2648/2637 2736/2730/2717
f 2737/2729/2718 2658/2650/2639 2657/2651/2638
f 2738/2731/2719 2659/2653/2640 2658/2650/2639
f 2739/2732/2720 2660/2652/2641 2659/2653/2640
f 2740/2733/2721 2661/2654/2642 2660/2652/2641
f 2742/2734/2723 2661/2654/2642 2741/2735/2722
f 2743/2736/2724 2662/2655/2643 2742/2734/2723
f 2744/2737/2725 2663/2656/2644 2743/2736/2724
f 2744/2737/2725 2665/2657/2646 2664/2658/2645
f 2746/2738/2727 2665/2657/2646 2745/2739/2726
f 2746/2738/2727 2667/2660/2648 2666/2659/2647
f 2748/2740/2729 2667/2660/2648 2747/2741/2728
f 2748/2740/2729 2669/2662/2650 2668/2661/2649
f 2750/2742/2731 2669/2662/2650 2749/2743/2730
f 2751/2744/2732 2670/2664/2651 2750/2742/2731
f 2752/2745/2733 2671/2663/2652 2751/2744/2732
f 2752/2745/2733 2673/2665/2654 2672/2666/2653
f 2754/2746/2735 2673/2665/2654 2753/2747/2734
f 2755/2748/2736 2674/2667/2655 2754/2746/2735
f 2755/2748/2736 2676/2668/2657 2675/2669/2656
f 2756/2749/2737 2677/2671/2658 2676/2668/2657
f 2757/2750/2738 2678/2670/2659 2677/2671/2658
f 2758/2751/2739 2679/2672/2660 2678/2670/2659
f 2760/2752/2741 2679/2672/2660 2759/2753/2740
f 2761/2754/2742 2680/2673/2661 2760/2752/2741
f 2762/2755/2743 2681/2674/2662 2761/2754/2742
f 2762/2755/2743 2683/2677/2664 2682/2675/2663
f 2763/2756/2744 2684/2676/2665 2683/2677/2664
f 2764/2757/2745 2685/2678/2666 2684/2676/2665
f 2766/2758/2747 2685/2678/2666 2765/2759/2746
f 2766/2758/2747 2687/2679/2668 2686/2680/2667
f 2767/2760/2748 2688/2681/2669 2687/2679/2668
f 2769/2761/2750 2688/2681/2669 2768/2762/2749
f 2769/2761/2750 2690/2683/2671 2689/2682/2670
f 2771/2763/2752 2690/2683/2671 2770/2764/2751
f 2772/2765/79 2691/2685/2672 2771/2763/2752
f 2772/2765/79 2693/2686/2674 2692/2684/2673
f 2774/2766/2754 2693/2686/2674 2773/2767/2753
f 2774/2766/2754 2695/2687/2676 2694/2688/2675
f 2776/2768/2756 2695/2687/2676 2775/2769/2755
f 2777/2770/2757 2696/2690/2677 2776/2768/2756
f 2777/2770/2757 2698/2691/2679 2697/2689/2678
f 2778/2771/2758 2699/2692/2680 2698/2691/2679
f 2780/2772/2760 2699/2692/2680 2779/2773/2759
f 2780/2772/2760 2701/2695/2682 2700/2693/2681
f 2782/2774/2762 2701/2695/2682 2781/2775/2761
f 2782/2774/2762 2703/2696/2684 2702/2694/2683
f 2783/2776/2763 2704/2698/2685 2703/2696/2684
f 2785/2777/2765 2704/2698/2685 2784/2778/2764
f 2786/2779/2766 2705/2697/2686 2785/2777/2765
f 2786/2779/2766 2707/2699/2688 2706/2700/2687
f 2787/2780/2767 2708/2701/2689 2707/2699/2688
f 2789/2781/2769 2708/2701/2689 2788/2782/2768
f 2789/2781/2769 2710/2702/2691 2709/2703/2690
f 2790/2783/2770 2711/2704/2692 2710/2702/2691
f 2791/2784/2771 2712/2705/2693 2711/2704/2692
f 2792/2785/2772 2713/2706/2694 2712/2705/2693
f 2793/2786/2773 2714/2707/2695 2713/2706/2694
f 2794/2787/2774 2715/2708/2696 2714/2707/2695
f 2795/2788/2775 2716/2709/2697 2715/2708/2696
f 2796/2789/2776 2717/2710/2698 2716/2709/2697
f 2797/2790/2777 2718/2712/2699 2717/2710/2698
f 2798/2791/2778 2719/2711/2700 2718/2712/2699
f 2799/2792/2779 2720/2713/2701 2719/2711/2700
f 2801/2793/2781 2722/2715/2703 2721/2714/2702
f 2802/2794/2782 2723/2716/2704 2722/2715/2703
f 2803/2795/2783 2724/2717/2705 2723/2716/2704
f 2804/2796/2784 2725/2719/2706 2724/2717/2705
f 2806/2797/2786 2725/2719/2706 2805/2798/2785
f 2807/2799/2787 2726/2718/2707 2806/2797/2786
f 2807/2799/2787 2728/2722/2709 2727/2720/2708
f 2809/2800/2789 2728/2722/2709 2808/2801/2788
f 2809/2800/2789 2730/2723/2711 2729/2721/2710
f 2810/2802/2790 2731/2725/2712 2730/2723/2711
f 2812/2803/2792 2731/2725/2712 2811/2804/2791
f 2812/2803/2792 2733/2726/2714 2732/2724/2713
f 2813/2805/2793 2734/2727/2715 2733/2726/2714
f 2814/2806/2794 2735/2728/2716 2734/2727/2715
f 2815/2807/2795 2736/2730/2717 2735/2728/2716
f 2817/2808/2797 2736/2730/2717 2816/2809/2796
f 2818/2810/2798 2737/2729/2718 2817/2808/2797
f 2819/2811/2799 2738/2731/2719 2818/2810/2798
f 2819/2811/2799 2740/2733/2721 2739/2732/2720
f 2820/2812/2800 2741/2735/2722 2740/2733/2721
f 2821/2813/2801 2742/2734/2723 2741/2735/2722
f 2822/2814/2802 2743/2736/2724 2742/2734/2723
f 2823/2815/2803 2744/2737/2725 2743/2736/2724
f 2824/2816/2804 2745/2739/2726 2744/2737/2725
f 2826/2817/2806 2745/2739/2726 2825/2818/2805
f 2827/2819/2807 2746/2738/2727 2826/2817/2806
f 2828/2820/2808 2747/2741/2728 2827/2819/2807
f 2829/2821/2809 2748/2740/2729 2828/2820/2808
f 2829/2821/2809 2750/2742/2731 2749/2743/2730
f 2831/2822/2811 2750/2742/2731 2830/2823/2810
f 2832/2824/2812 2751/2744/2732 2831/2822/2811
f 2833/2825/2813 2752/2745/2733 2832/2824/2812
f 2833/2825/2813 2754/2746/2735 2753/2747/2734
f 2835/2826/2815 2754/2746/2735 2834/2827/2814
f 2836/2828/2816 2755/2748/2736 2835/2826/2815
f 2837/2829/2817 2756/2749/2737 2836/2828/2816
f 2838/2830/2818 2757/2750/2738 2837/2829/2817
f 2838/2830/2818 2759/2753/2740 2758/2751/2739
f 2840/2831/2820 2759/2753/2740 2839/2832/2819
f 2840/2831/2820 2761/2754/2742 2760/2752/2741
f 2842/2833/2822 2761/2754/2742 2841/2834/2821
f 2843/2835/2823 2762/2755/2743 2842/2833/2822
f 2843/2835/2823 2764/2757/2745 2763/2756/2744
f 2845/2836/2825 2764/2757/2745 2844/2837/2824
f 2845/2836/2825 2766/2758/2747 2765/2759/2746
f 2847/2838/2827 2766/2758/2747 2846/2839/2826
f 2848/2840/2828 2767/2760/2748 2847/2838/2827
f 2848/2840/2828 2769/2761/2750 2768/2762/2749
f 2850/2841/2830 2769/2761/2750 2849/2842/2829
f 2851/2843/2831 2770/2764/2751 2850/2841/2830
f 2852/2844/2832 2771/2763/2752 2851/2843/2831
f 2852/2844/2832 2773/2767/2753 2772/2765/79
f 2854/2845/2834 2773/2767/2753 2853/2846/2833
f 2855/2847/2835 2774/2766/2754 2854/2845/2834
f 2855/2847/2835 2776/2768/2756 2775/2769/2755
f 2857/2848/2837 2776/2768/2756 2856/2849/2836
f 2858/2850/2838 2777/2770/2757 2857/2848/2837
f 2859/2851/2839 2778/2771/2758 2858/2850/2838
f 2860/2852/2840 2779/2773/2759 2859/2851/2839
f 2860/2852/2840 2781/2775/2761 2780/2772/2760
f 2861/2853/2841 2782/2774/2762 2781/2775/2761
f 2862/2854/2842 2783/2776/2763 2782/2774/2762
f 2863/2855/2843 2784/2778/2764 2783/2776/2763
f 2865/2856/2845 2784/2778/2764 2864/2857/2844
f 2865/2856/2845 2786/2779/2766 2785/2777/2765
f 2867/2858/2847 2786/2779/2766 2866/2859/2846
f 2868/2860/2848 2787/2780/2767 2867/2858/2847
f 2868/2860/2848 2789/2781/2769 2788/2782/2768
f 2870/2861/2850 2789/2781/2769 2869/2862/2849
f 2870/2861/2850 2791/2784/2771 2790/2783/2770
f 2872/2863/2852 2791/2784/2771 2871/2864/2851
f 2873/2865/2853 2792/2785/2772 2872/2863/2852
f 2873/2865/2853 2794/2787/2774 2793/2786/2773
f 2875/2866/2855 2794/2787/2774 2874/2867/2854
f 2875/2866/2855 2796/2789/2776 2795/2788/2775
f 2876/2868/2856 2797/2790/2777 2796/2789/2776
f 2878/2869/2858 2797/2790/2777 2877/2870/2857
f 2878/2869/2858 2799/2792/2779 2798/2791/2778
f 2879/2871/2859 2800/2872/2780 2799/2792/2779
f 2881/2873/2861 2802/2794/2782 2801/2793/2781
f 2882/2874/2862 2803/2795/2783 2802/2794/2782
f 2883/2875/2863 2804/2796/2784 2803/2795/2783
f 2885/2876/2865 2804/2796/2784 2884/2877/2864
f 2886/2878/2866 2805/2798/2785 2885/2876/2865
f 2887/2879/2867 2806/2797/2786 2886/2878/2866
f 2888/2880/2868 2807/2799/2787 2887/2879/2867
f 2888/2880/2868 2809/2800/2789 2808/2801/2788
f 2889/2881/2869 2810/2802/2790 2809/2800/2789
f 2890/2882/2870 2811/2804/2791 2810/2802/2790
f 2891/2883/2871 2812/2803/2792 2811/2804/2791
f 2892/2884/2872 2813/2805/2793 2812/2803/2792
f 2893/2885/2873 2814/2806/2794 2813/2805/2793
f 2895/2886/2875 2814/2806/2794 2894/2887/2874
f 2896/2888/2876 2815/2807/2795 2895/2886/2875
f 2897/2889/2877 2816/2809/2796 2896/2888/2876
f 2898/2890/2878 2817/2808/2797 2897/2889/2877
f 2898/2890/2878 2819/2811/2799 2818/2810/2798
f 2899/2891/2879 2820/2812/2800 2819/2811/2799
f 2900/2892/2880 2821/2813/2801 2820/2812/2800
f 2901/2893/2881 2822/2814/2802 2821/2813/2801
f 2902/2894/2882 2823/2815/2803 2822/2814/2802
f 2903/2895/2883 2824/2816/2804 2823/2815/2803
f 2904/2896/2884 2825/2818/2805 2824/2816/2804
f 2906/2897/2886 2825/2818/2805 2905/2898/2885
f 2907/2899/2887 2826/2817/2806 2906/2897/2886
f 2908/2900/2888 2827/2819/2807 2907/2899/2887
f 2909/2901/2889 2828/2820/2808 2908/2900/2888
f 2910/2902/2890 2829/2821/2809 2909/2901/2889
f 2911/2903/2891 2830/2823/2810 2910/2902/2890
f 2912/2904/2892 2831/2822/2811 2911/2903/2891
f 2913/2905/2893 2832/2824/2812 2912/2904/2892
f 2914/2906/2894 2833/2825/2813 2913/2905/2893
f 2915/2907/2895 2834/2827/2814 2914/2906/2894
f 2915/2907/2895 2836/2828/2816 2835/2826/2815
f 2917/2908/2897 2836/2828/2816 2916/2909/2896
f 2918/2910/2898 2837/2829/2817 2917/2908/2897
f 2918/2910/2898 2839/2832/2819 2838/2830/2818
f 2919/2911/2899 2840/2831/2820 2839/2832/2819
f 2920/2912/2900 2841/2834/2821 2840/2831/2820
f 2921/2913/2901 2842/2833/2822 2841/2834/2821
f 2923/2914/2903 2842/2833/2822 2922/2915/2902
f 2923/2914/2903 2844/2837/2824 2843/2835/2823
f 2925/2916/2905 2844/2837/2824 2924/2917/2904
f 2926/2918/2906 2845/2836/2825 2925/2916/2905
f 2927/2919/2907 2846/2839/2826 2926/2918/2906
f 2927/2919/2907 2848/2840/2828 2847/2838/2827
f 2929/2920/2909 2848/2840/2828 2928/2921/2908
f 2929/2920/2909 2850/2841/2830 2849/2842/2829
f 2931/2922/2911 2850/2841/2830 2930/2923/2910
f 2931/2922/2911 2852/2844/2832 2851/2843/2831
f 2932/2924/2912 2853/2846/2833 2852/2844/2832
f 2933/2925/2913 2854/2845/2834 2853/2846/2833
f 2935/2926/2915 2854/2845/2834 2934/2927/2914
f 2935/2926/2915 2856/2849/2836 2855/2847/2835
f 2936/2928/2916 2857/2848/2837 2856/2849/2836
f 2938/2929/2918 2857/2848/2837 2937/2930/2917
f 2938/2929/2918 2859/2851/2839 2858/2850/2838
f 2940/2931/2920 2859/2851/2839 2939/2932/2919
f 2940/2931/2920 2861/2853/2841 2860/2852/2840
f 2941/2933/2921 2862/2854/2842 2861/2853/2841
f 2943/2934/2923 2862/2854/2842 2942/2935/2922
f 2943/2934/2923 2864/2857/2844 2863/2855/2843
f 2944/2936/2924 2865/2856/2845 2864/2857/2844
f 2946/2937/2926 2865/2856/2845 2945/2938/2925
f 2947/2939/2927 2866/2859/2846 2946/2937/2926
f 2947/2939/2927 2868/2860/2848 2867/2858/2847
f 2949/2940/2929 2868/2860/2848 2948/2941/2928
f 2949/2940/2929 2870/2861/2850 2869/2862/2849
f 2950/2942/2930 2871/2864/2851 2870/2861/2850
f 2952/2943/2932 2871/2864/2851 2951/2944/2931
f 2953/2945/2933 2872/2863/2852 2952/2943/2932
f 2954/2946/2934 2873/2865/2853 2953/2945/2933
f 2955/2947/2935 2874/2867/2854 2954/2946/2934
f 2956/2948/2936 2875/2866/2855 2955/2947/2935
f 2957/2949/2937 2876/2868/2856 2956/2948/2936
f 2957/2949/2937 2878/2869/2858 2877/2870/2857
f 2958/2950/2938 2879/2871/2859 2878/2869/2858
f 2959/2951/2939 2880/2952/2860 2879/2871/2859
f 2962/2953/2942 2881/2873/2861 2961/2954/2941
f 2962/2953/2942 2883/2875/2863 2882/2874/2862
f 2963/2955/2943 2884/2877/2864 2883/2875/2863
f 2965/2956/2945 2884/2877/2864 2964/2957/2944
f 2965/2956/2945 2886/2878/2866 2885/2876/2865
f 2966/2958/2946 2887/2879/2867 2886/2878/2866
f 2967/2959/2947 2888/2880/2868 2887/2879/2867
f 2968/2960/2948 2889/2881/2869 2888/2880/2868
f 2969/2961/2949 2890/2882/2870 2889/2881/2869
f 2970/2962/2950 2891/2883/2871 2890/2882/2870
f 2971/2963/2951 2892/2884/2872 2891/2883/2871
f 2972/2964/2952 2893/2885/2873 2892/2884/2872
f 2973/2965/2953 2894/2887/2874 2893/2885/2873
f 2975/2966/2955 2894/2887/2874 2974/2967/2954
f 2976/2968/2956 2895/2886/2875 2975/2966/2955
f 2977/2969/2957 2896/2888/2876 2976/2968/2956
f 2977/2969/2957 2898/2890/2878 2897/2889/2877
f 2979/2970/2959 2898/2890/2878 2978/2971/2958
f 2979/2970/2959 2900/2892/2880 2899/2891/2879
f 2980/2972/2960 2901/2893/2881 2900/2892/2880
f 2981/2973/2961 2902/2894/2882 2901/2893/2881
f 2983/2974/2963 2902/2894/2882 2982/2975/2962
f 2984/2976/2964 2903/2895/2883 2983/2974/2963
f 2985/2977/2965 2904/2896/2884 2984/2976/2964
f 2985/2977/2965 2906/2897/2886 2905/2898/2885
f 2987/2978/2967 2906/2897/2886 2986/2979/2966
f 2988/2980/2968 2907/2899/2887 2987/2978/2967
f 2989/2981/2969 2908/2900/2888 2988/2980/2968
f 2990/2982/2970 2909/2901/2889 2989/2981/2969
f 2991/2983/2971 2910/2902/2890 2990/2982/2970
f 2992/2984/2972 2911/2903/2891 2991/2983/2971
f 2993/2985/2973 2912/2904/2892 2992/2984/2972
f 2994/2986/2974 2913/2905/2893 2993/2985/2973
f 2995/2987/2975 2914/2906/2894 2994/2986/2974
f 2996/2988/2976 2915/2907/2895 2995/2987/2975
f 2997/2989/2977 2916/2909/2896 2996/2988/2976
f 2998/2990/2978 2917/2908/2897 2997/2989/2977
f 2999/2991/2979 2918/2910/2898 2998/2990/2978
f 2999/2991/2979 2920/2912/2900 2919/2911/2899
f 3001/2992/2981 2920/2912/2900 3000/2993/2980
f 3001/2992/2981 2922/2915/2902 2921/2913/2901
f 3002/2994/2982 2923/2914/2903 2922/2915/2902
f 3004/2995/2984 2923/2914/2903 3003/2996/2983
f 3005/2997/2985 2924/2917/2904 3004/2995/2984
f 3006/2998/2986 2925/2916/2905 3005/2997/2985
f 3006/2998/2986 2927/2919/2907 2926/2918/2906
f 3008/2999/2988 2927/2919/2907 3007/3000/2987
f 3008/2999/2988 2929/2920/2909 2928/2921/2908
f 3010/3001/2990 2929/2920/2909 3009/3002/2989
f 3010/3001/2990 2931/2922/2911 2930/2923/2910
f 3012/3003/2992 2931/2922/2911 3011/3004/2991
f 3013/3005/2993 2932/2924/2912 3012/3003/2992
f 3013/3005/2993 2934/2927/2914 2933/2925/2913
f 3015/3006/2995 2934/2927/2914 3014/3007/2994
f 3016/3008/2996 2935/2926/2915 3015/3006/2995
f 3017/3009/2997 2936/2928/2916 3016/3008/2996
f 3017/3009/2997 2938/2929/2918 2937/2930/2917
f 3019/3010/2999 2938/2929/2918 3018/3011/2998
f 3019/3010/2999 2940/2931/2920 2939/2932/2919
f 3021/3012/3001 2940/2931/2920 3020/3013/3000
f 3021/3012/3001 2942/2935/2922 2941/2933/2921
f 3022/3014/3002 2943/2934/2923 2942/2935/2922
f 3023/3015/3003 2944/2936/2924 2943/2934/2923
f 3025/3016/3005 2944/2936/2924 3024/3017/3004
f 3025/3016/3005 2946/2937/2926 2945/2938/2925
f 3027/3018/3007 2946/2937/2926 3026/3019/3006
f 3028/3020/3008 2947/2939/2927 3027/3018/3007
f 3028/3020/3008 2949/2940/2929 2948/2941/2928
f 3030/3021/3010 2949/2940/2929 3029/3022/3009
f 3030/3021/3010 2951/2944/2931 2950/2942/2930
f 3032/3023/3012 2951/2944/2931 3031/3024/3011
f 3032/3023/3012 2953/2945/2933 2952/2943/2932
f 3033/3025/3013 2954/2946/2934 2953/2945/2933
f 3034/3026/3014 2955/2947/2935 2954/2946/2934
f 3036/3027/3016 2955/2947/2935 3035/3028/3015
f 3037/3029/3017 2956/2948/2936 3036/3027/3016
f 3037/3029/3017 2958/2950/2938 2957/2949/2937
f 3038/3030/3018 2959/2951/2939 2958/2950/2938
f 3040/3031/3020 2959/2951/2939 3039/3032/3019
f 3042/3033/3022 2961/2954/2941 3041/3034/3021
f 3042/3033/3022 2963/2955/2943 2962/2953/2942
f 3043/3035/3023 2964/2957/2944 2963/2955/2943
f 3044/3036/3024 2965/2956/2945 2964/2957/2944
f 3045/3037/3025 2966/2958/2946 2965/2956/2945
f 3046/3038/3026 2967/2959/2947 2966/2958/2946
f 3047/3039/3027 2968/2960/2948 2967/2959/2947
f 3048/3040/3028 2969/2961/2949 2968/2960/2948
f 3049/3041/3029 2970/2962/2950 2969/2961/2949
f 3050/3042/3030 2971/2963/2951 2970/2962/2950
f 3052/3043/3032 2971/2963/2951 3051/3044/3031
f 3053/3045/3033 2972/2964/2952 3052/3043/3032
f 3053/3045/3033 2974/2967/2954 2973/2965/2953
f 3054/3046/3034 2975/2966/2955 2974/2967/2954
f 3055/3047/3035 2976/2968/2956 2975/2966/2955
f 3056/3048/3036 2977/2969/2957 2976/2968/2956
f 3057/3049/3037 2978/2971/2958 2977/2969/2957
f 3058/3050/3038 2979/2970/2959 2978/2971/2958
f 3059/3051/3039 2980/2972/2960 2979/2970/2959
f 3060/3052/3040 2981/2973/2961 2980/2972/2960
f 3061/3053/3041 2982/2975/2962 2981/2973/2961
f 3062/3054/3042 2983/2974/2963 2982/2975/2962
f 3063/3055/3043 2984/2976/2964 2983/2974/2963
f 3065/3056/3045 2984/2976/2964 3064/3057/3044
f 3065/3056/3045 2986/2979/2966 2985/2977/2965
f 3067/3058/3047 2986/2979/2966 3066/3059/3046
f 3067/3058/3047 2988/2980/2968 2987/2978/2967
f 3069/3060/3049 2988/2980/2968 3068/3061/3048
f 3070/3062/3050 2989/2981/2969 3069/3060/3049
f 3070/3062/3050 2991/2983/2971 2990/2982/2970
f 3072/3063/3052 2991/2983/2971 3071/3064/3051
f 3073/3065/3053 2992/2984/2972 3072/3063/3052
f 3073/3065/3053 2994/2986/2974 2993/2985/2973
f 3074/3066/3054 2995/2987/2975 2994/2986/2974
f 3076/3067/3056 2995/2987/2975 3075/3068/3055
f 3077/3069/3057 2996/2988/2976 3076/3067/3056
f 3078/3070/3058 2997/2989/2977 3077/3069/3057
f 3079/3071/3059 2998/2990/2978 3078/3070/3058
f 3080/3072/3060 2999/2991/2979 3079/3071/3059
f 3081/3073/3061 3000/2993/2980 3080/3072/3060
f 3082/3074/3062 3001/2992/2981 3081/3073/3061
f 3082/3074/3062 3003/2996/2983 3002/2994/2982
f 3083/3075/3063 3004/2995/2984 3003/2996/2983
f 3085/3076/3065 3004/2995/2984 3084/3077/3064
f 3086/3078/3066 3005/2997/2985 3085/3076/3065
f 3087/3079/3067 3006/2998/2986 3086/3078/3066
f 3088/3080/3068 3007/3000/2987 3087/3079/3067
f 3089/3081/3069 3008/2999/2988 3088/3080/3068
f 3089/3081/3069 3010/3001/2990 3009/3002/2989
f 3091/3082/3071 3010/3001/2990 3090/3083/3070
f 3092/3084/3072 3011/3004/2991 3091/3082/3071
f 3093/3085/3073 3012/3003/2992 3092/3084/3072
f 3094/3086/3074 3013/3005/2993 3093/3085/3073
f 3094/3086/3074 3015/3006/2995 3014/3007/2994
f 3096/3087/3076 3015/3006/2995 3095/3088/3075
f 3096/3087/3076 3017/3009/2997 3016/3008/2996
f 3098/3089/3078 3017/3009/2997 3097/3090/3077
f 3099/3091/3079 3018/3011/2998 3098/3089/3078
f 3099/3091/3079 3020/3013/3000 3019/3010/2999
f 3100/3092/3080 3021/3012/3001 3020/3013/3000
f 3101/3093/3081 3022/3014/3002 3021/3012/3001
f 3102/3094/3082 3023/3015/3003 3022/3014/3002
f 3104/3095/3084 3023/3015/3003 3103/3096/3083
f 3104/3095/3084 3025/3016/3005 3024/3017/3004
f 3106/3097/3086 3025/3016/3005 3105/3098/3085
f 3106/3097/3086 3027/3018/3007 3026/3019/3006
f 3107/3099/3087 3028/3020/3008 3027/3018/3007
f 3109/3100/3089 3028/3020/3008 3108/3101/3088
f 3109/3100/3089 3030/3021/3010 3029/3022/3009
f 3110/3102/3090 3031/3024/3011 3030/3021/3010
f 3112/3103/3092 3031/3024/3011 3111/3104/3091
f 3113/3105/3093 3032/3023/3012 3112/3103/3092
f 3113/3105/3093 3034/3026/3014 3033/3025/3013
f 3114/3106/3094 3035/3028/3015 3034/3026/3014
f 3116/3107/3096 3035/3028/3015 3115/3108/3095
f 3116/3107/3096 3037/3029/3017 3036/3027/3016
f 3117/3109/3097 3038/3030/3018 3037/3029/3017
f 3119/3110/3099 3038/3030/3018 3118/3111/3098
f 3119/3110/3099 3040/3031/3020 3039/3032/3019
f 3122/3112/3102 3041/3034/3021 3121/3113/3101
f 3122/3112/3102 3043/3035/3023 3042/3033/3022
f 3123/3114/3103 3044/3036/3024 3043/3035/3023
f 3124/3115/3104 3045/3037/3025 3044/3036/3024
f 3125/3116/3105 3046/3038/3026 3045/3037/3025
f 3126/3117/3106 3047/3039/3027 3046/3038/3026
f 3127/3118/3107 3048/3040/3028 3047/3039/3027
f 3128/3119/3108 3049/3041/3029 3048/3040/3028
f 3129/3120/3109 3050/3042/3030 3049/3041/3029
f 3130/3121/3110 3051/3044/3031 3050/3042/3030
f 3131/3122/3111 3052/3043/3032 3051/3044/3031
f 3133/3123/3113 3052/3043/3032 3132/3124/3112
f 3134/3125/3114 3053/3045/3033 3133/3123/3113
f 3134/3125/3114 3055/3047/3035 3054/3046/3034
f 3136/3126/3116 3055/3047/3035 3135/3127/3115
f 3136/3126/3116 3057/3049/3037 3056/3048/3036
f 3138/3128/3118 3057/3049/3037 3137/3129/3117
f 3138/3128/3118 3059/3051/3039 3058/3050/3038
f 3139/3130/3119 3060/3052/3040 3059/3051/3039
f 3141/3131/3121 3060/3052/3040 3140/3132/3120
f 3141/3131/3121 3062/3054/3042 3061/3053/3041
f 3142/3133/3122 3063/3055/3043 3062/3054/3042
f 3144/3134/3124 3063/3055/3043 3143/3135/3123
f 3145/3136/3125 3064/3057/3044 3144/3134/3124
f 3146/3137/3126 3065/3056/3045 3145/3136/3125
f 3146/3137/3126 3067/3058/3047 3066/3059/3046
f 3148/3138/3128 3067/3058/3047 3147/3139/3127
f 3148/3138/3128 3069/3060/3049 3068/3061/3048
f 3150/3140/3130 3069/3060/3049 3149/3141/3129
f 3150/3140/3130 3071/3064/3051 3070/3062/3050
f 3151/3142/3131 3072/3063/3052 3071/3064/3051
f 3152/3143/3132 3073/3065/3053 3072/3063/3052
f 3154/3144/3134 3073/3065/3053 3153/3145/3133
f 3155/3146/3135 3074/3066/3054 3154/3144/3134
f 3156/3147/3136 3075/3068/3055 3155/3146/3135
f 3156/3147/3136 3077/3069/3057 3076/3067/3056
f 3158/3148/3138 3077/3069/3057 3157/3149/3137
f 3159/3150/3139 3078/3070/3058 3158/3148/3138
f 3160/3151/3140 3079/3071/3059 3159/3150/3139
f 3161/3152/3141 3080/3072/3060 3160/3151/3140
f 3162/3153/3142 3081/3073/3061 3161/3152/3141
f 3163/3154/3143 3082/3074/3062 3162/3153/3142
f 3164/3155/3144 3083/3075/3063 3163/3154/3143
f 3165/3156/3145 3084/3077/3064 3164/3155/3144
f 3166/3157/3146 3085/3076/3065 3165/3156/3145
f 3167/3158/3147 3086/3078/3066 3166/3157/3146
f 3167/3158/3147 3088/3080/3068 3087/3079/3067
f 3169/3159/3149 3088/3080/3068 3168/3160/3148
f 3169/3159/3149 3090/3083/3070 3089/3081/3069
f 3171/3161/3151 3090/3083/3070 3170/3162/3150
f 3171/3161/3151 3092/3084/3072 3091/3082/3071
f 3173/3163/3153 3092/3084/3072 3172/3164/3152
f 3173/3163/3153 3094/3086/3074 3093/3085/3073
f 3174/3165/3154 3095/3088/3075 3094/3086/3074
f 3176/3166/3156 3095/3088/3075 3175/3167/3155
f 3176/3166/3156 3097/3090/3077 3096/3087/3076
f 3178/3168/3158 3097/3090/3077 3177/3169/3157
f 3179/3170/3159 3098/3089/3078 3178/3168/3158
f 3179/3170/3159 3100/3092/3080 3099/3091/3079
f 3181/3171/3161 3100/3092/3080 3180/3172/3160
f 3181/3171/3161 3102/3094/3082 3101/3093/3081
f 3182/3173/3162 3103/3096/3083 3102/3094/3082
f 3184/3174/3164 3103/3096/3083 3183/3175/3163
f 3184/3174/3164 3105/3098/3085 3104/3095/3084
f 3185/3176/3165 3106/3097/3086 3105/3098/3085
f 3187/3177/3167 3106/3097/3086 3186/3178/3166
f 3187/3177/3167 3108/3101/3088 3107/3099/3087
f 3189/3179/3169 3108/3101/3088 3188/3180/3168
f 3189/3179/3169 3110/3102/3090 3109/3100/3089
f 3190/3181/3170 3111/3104/3091 3110/3102/3090
f 3192/3182/3172 3111/3104/3091 3191/3183/3171
f 3193/3184/3173 3112/3103/3092 3192/3182/3172
f 3194/3185/3174 3113/3105/3093 3193/3184/3173
f 3194/3185/3174 3115/3108/3095 3114/3106/3094
f 3195/3186/3175 3116/3107/3096 3115/3108/3095
f 3197/3187/3177 3116/3107/3096 3196/3188/3176
f 3198/3189/3178 3117/3109/3097 3197/3187/3177
f 3199/3190/3179 3118/3111/3098 3198/3189/3178
f 3199/3190/3179 3120/3191/3100 3119/3110/3099
f 3202/3192/3182 3121/3113/3101 3201/3193/3181
f 3202/3192/3182 3123/3114/3103 3122/3112/3102
f 3203/3194/3183 3124/3115/3104 3123/3114/3103
f 3204/3195/3184 3125/3116/3105 3124/3115/3104
f 3205/3196/3185 3126/3117/3106 3125/3116/3105
f 3206/3197/3186 3127/3118/3107 3126/3117/3106
f 3207/3198/3187 3128/3119/3108 3127/3118/3107
f 3208/3199/3188 3129/3120/3109 3128/3119/3108
f 3209/3200/3189 3130/3121/3110 3129/3120/3109
f 3210/3201/3190 3131/3122/3111 3130/3121/3110
f 3211/3202/3191 3132/3124/3112 3131/3122/3111
f 3213/3203/3193 3132/3124/3112 3212/3204/3192
f 3213/3203/3193 3134/3125/3114 3133/3123/3113
f 3215/3205/3195 3134/3125/3114 3214/3206/3194
f 3215/3205/3195 3136/3126/3116 3135/3127/3115
f 3217/3207/3197 3136/3126/3116 3216/3208/3196
f 3218/3209/3198 3137/3129/3117 3217/3207/3197
f 3218/3209/3198 3139/3130/3119 3138/3128/3118
f 3220/3210/3200 3139/3130/3119 3219/3211/3199
f 3220/3210/3200 3141/3131/3121 3140/3132/3120
f 3222/3212/3202 3141/3131/3121 3221/3213/3201
f 3223/3214/3203 3142/3133/3122 3222/3212/3202
f 3223/3214/3203 3144/3134/3124 3143/3135/3123
f 3224/3215/3204 3145/3136/3125 3144/3134/3124
f 3226/3216/3206 3145/3136/3125 3225/3217/3205
f 3227/3218/3207 3146/3137/3126 3226/3216/3206
f 3227/3218/3207 3148/3138/3128 3147/3139/3127
f 3229/3219/3209 3148/3138/3128 3228/3220/3208
f 3229/3219/3209 3150/3140/3130 3149/3141/3129
f 3231/3221/3211 3150/3140/3130 3230/3222/3210
f 3231/3221/3211 3152/3143/3132 3151/3142/3131
f 3233/3223/3213 3152/3143/3132 3232/3224/3212
f 3233/3223/3213 3154/3144/3134 3153/3145/3133
f 3234/3225/3214 3155/3146/3135 3154/3144/3134
f 3235/3226/3215 3156/3147/3136 3155/3146/3135
f 3237/3227/3217 3156/3147/3136 3236/3228/3216
f 3237/3227/3217 3158/3148/3138 3157/3149/3137
f 3238/3229/3218 3159/3150/3139 3158/3148/3138
f 3240/3230/3220 3159/3150/3139 3239/3231/3219
f 3241/3232/3221 3160/3151/3140 3240/3230/3220
f 3242/3233/3222 3161/3152/3141 3241/3232/3221
f 3243/3234/3223 3162/3153/3142 3242/3233/3222
f 3244/3235/3224 3163/3154/3143 3243/3234/3223
f 3245/3236/3225 3164/3155/3144 3244/3235/3224
f 3246/3237/3226 3165/3156/3145 3245/3236/3225
f 3247/3238/3227 3166/3157/3146 3246/3237/3226
f 3248/3239/3228 3167/3158/3147 3247/3238/3227
f 3249/3240/3229 3168/3160/3148 3248/3239/3228
f 3249/3240/3229 3170/3162/3150 3169/3159/3149
f 3251/3241/3231 3170/3162/3150 3250/3242/3230
f 3251/3241/3231 3172/3164/3152 3171/3161/3151
f 3253/3243/3233 3172/3164/3152 3252/3244/3232
f 3253/3243/3233 3174/3165/3154 3173/3163/3153
f 3254/3245/3234 3175/3167/3155 3174/3165/3154
f 3256/3246/3236 3175/3167/3155 3255/3247/3235
f 3256/3246/3236 3177/3169/3157 3176/3166/3156
f 3257/3248/3237 3178/3168/3158 3177/3169/3157
f 3258/3249/3238 3179/3170/3159 3178/3168/3158
f 3260/3250/3240 3179/3170/3159 3259/3251/3239
f 3261/3252/3241 3180/3172/3160 3260/3250/3240
f 3261/3252/3241 3182/3173/3162 3181/3171/3161
f 3263/3253/3243 3182/3173/3162 3262/3254/3242
f 3263/3253/3243 3184/3174/3164 3183/3175/3163
f 3264/3255/3244 3185/3176/3165 3184/3174/3164
f 3265/3256/3245 3186/3178/3166 3185/3176/3165
f 3266/3257/3246 3187/3177/3167 3186/3178/3166
f 3267/3258/3247 3188/3180/3168 3187/3177/3167
f 3268/3259/3248 3189/3179/3169 3188/3180/3168
f 3270/3260/3250 3189/3179/3169 3269/3261/3249
f 3270/3260/3250 3191/3183/3171 3190/3181/3170
f 3271/3262/3251 3192/3182/3172 3191/3183/3171
f 3272/3263/3252 3193/3184/3173 3192/3182/3172
f 3273/3264/3253 3194/3185/3174 3193/3184/3173
f 3274/3265/3254 3195/3186/3175 3194/3185/3174
f 3276/3266/3256 3195/3186/3175 3275/3267/3255
f 3277/3268/3257 3196/3188/3176 3276/3266/3256
f 3278/3269/3258 3197/3187/3177 3277/3268/3257
f 3279/3270/3259 3198/3189/3178 3278/3269/3258
f 3279/3270/3259 3200/3271/3180 3199/3190/3179
f 3281/3272/3261 3202/3192/3182 3201/3193/3181
f 3282/3273/3262 3203/3194/3183 3202/3192/3182
f 3283/3274/3263 3204/3195/3184 3203/3194/3183
f 3285/3275/3265 3204/3195/3184 3284/3276/3264
f 3286/3277/3266 3205/3196/3185 3285/3275/3265
f 3287/3278/3267 3206/3197/3186 3286/3277/3266
f 3288/3279/3268 3207/3198/3187 3287/3278/3267
f 3289/3280/3269 3208/3199/3188 3288/3279/3268
f 3289/3280/3269 3210/3201/3190 3209/3200/3189
f 3290/3281/3270 3211/3202/3191 3210/3201/3190
f 3292/3282/3272 3211/3202/3191 3291/3283/3271
f 3292/3282/3272 3213/3203/3193 3212/3204/3192
f 3293/3284/3273 3214/3206/3194 3213/3203/3193
f 3294/3285/3274 3215/3205/3195 3214/3206/3194
f 3295/3286/3275 3216/3208/3196 3215/3205/3195
f 3297/3287/3277 3216/3208/3196 3296/3288/3276
f 3297/3287/3277 3218/3209/3198 3217/3207/3197
f 3298/3289/3278 3219/3211/3199 3218/3209/3198
f 3299/3290/3279 3220/3210/3200 3219/3211/3199
f 3301/3291/3281 3220/3210/3200 3300/3292/3280
f 3301/3291/3281 3222/3212/3202 3221/3213/3201
f 3303/3293/3283 3222/3212/3202 3302/3294/3282
f 3304/3295/3284 3223/3214/3203 3303/3293/3283
f 3305/3296/3285 3224/3215/3204 3304/3295/3284
f 3305/3296/3285 3226/3216/3206 3225/3217/3205
f 3307/3297/3287 3226/3216/3206 3306/3298/3286
f 3308/3299/3288 3227/3218/3207 3307/3297/3287
f 3308/3299/3288 3229/3219/3209 3228/3220/3208
f 3309/3300/3289 3230/3222/3210 3229/3219/3209
f 3310/3301/3290 3231/3221/3211 3230/3222/3210
f 3311/3302/3291 3232/3224/3212 3231/3221/3211
f 3312/3303/3292 3233/3223/3213 3232/3224/3212
f 3313/3304/3293 3234/3225/3214 3233/3223/3213
f 3314/3305/3294 3235/3226/3215 3234/3225/3214
f 3316/3306/3296 3235/3226/3215 3315/3307/3295
f 3316/3306/3296 3237/3227/3217 3236/3228/3216
f 3318/3308/3298 3237/3227/3217 3317/3309/3297
f 3318/3308/3298 3239/3231/3219 3238/3229/3218
f 3320/3310/3300 3239/3231/3219 3319/3311/3299
f 3320/3310/3300 3241/3232/3221 3240/3230/3220
f 3322/3312/3302 3241/3232/3221 3321/3313/3301
f 3323/3314/3303 3242/3233/3222 3322/3312/3302
f 3324/3315/3304 3243/3234/3223 3323/3314/3303
f 3325/3316/3305 3244/3235/3224 3324/3315/3304
f 3326/3317/3306 3245/3236/3225 3325/3316/3305
f 3327/3318/3307 3246/3237/3226 3326/3317/3306
f 3328/3319/3308 3247/3238/3227 3327/3318/3307
f 3329/3320/3309 3248/3239/3228 3328/3319/3308
f 3330/3321/3310 3249/3240/3229 3329/3320/3309
f 3331/3322/3311 3250/3242/3230 3330/3321/3310
f 3332/3323/3312 3251/3241/3231 3331/3322/3311
f 3333/3324/3313 3252/3244/3232 3332/3323/3312
f 3333/3324/3313 3254/3245/3234 3253/3243/3233
f 3334/3325/3314 3255/3247/3235 3254/3245/3234
f 3336/3326/3316 3255/3247/3235 3335/3327/3315
f 3337/3328/3317 3256/3246/3236 3336/3326/3316
f 3337/3328/3317 3258/3249/3238 3257/3248/3237
f 3338/3329/3318 3259/3251/3239 3258/3249/3238
f 3340/3330/3320 3259/3251/3239 3339/3331/3319
f 3340/3330/3320 3261/3252/3241 3260/3250/3240
f 3341/3332/3321 3262/3254/3242 3261/3252/3241
f 3343/3333/3323 3262/3254/3242 3342/3334/3322
f 3343/3333/3323 3264/3255/3244 3263/3253/3243
f 3345/3335/3325 3264/3255/3244 3344/3336/3324
f 3346/3337/3326 3265/3256/3245 3345/3335/3325
f 3346/3337/3326 3267/3258/3247 3266/3257/3246
f 3347/3338/3327 3268/3259/3248 3267/3258/3247
f 3348/3339/3328 3269/3261/3249 3268/3259/3248
f 3349/3340/3329 3270/3260/3250 3269/3261/3249
f 3350/3341/3330 3271/3262/3251 3270/3260/3250
f 3351/3342/3331 3272/3263/3252 3271/3262/3251
f 3352/3343/3332 3273/3264/3253 3272/3263/3252
f 3353/3344/3333 3274/3265/3254 3273/3264/3253
f 3355/3345/3335 3274/3265/3254 3354/3346/3334
f 3356/3347/3336 3275/3267/3255 3355/3345/3335
f 3357/3348/3337 3276/3266/3256 3356/3347/3336
f 3358/3349/3338 3277/3268/3257 3357/3348/3337
f 3359/3350/3339 3278/3269/3258 3358/3349/3338
f 3359/3350/3339 3280/3351/3260 3279/3270/3259
f 3361/3352/3341 3282/3273/3262 3281/3272/3261
f 3362/3353/3342 3283/3274/3263 3282/3273/3262
f 3363/3354/3343 3284/3276/3264 3283/3274/3263
f 3364/3355/3344 3285/3275/3265 3284/3276/3264
f 3365/3356/3345 3286/3277/3266 3285/3275/3265
f 3367/3357/3347 3286/3277/3266 3366/3358/3346
f 3368/3359/3348 3287/3278/3267 3367/3357/3347
f 3369/3360/3349 3288/3279/3268 3368/3359/3348
f 3370/3361/3350 3289/3280/3269 3369/3360/3349
f 3371/3362/3351 3290/3281/3270 3370/3361/3350
f 3372/3363/3352 3291/3283/3271 3371/3362/3351
f 3372/3363/3352 3293/3284/3273 3292/3282/3272
f 3374/3364/3354 3293/3284/3273 3373/3365/3353
f 3375/3366/3355 3294/3285/3274 3374/3364/3354
f 3375/3366/3355 3296/3288/3276 3295/3286/3275
f 3377/3367/3357 3296/3288/3276 3376/3368/3356
f 3377/3367/3357 3298/3289/3278 3297/3287/3277
f 3379/3369/3359 3298/3289/3278 3378/3370/3358
f 3380/3371/3360 3299/3290/3279 3379/3369/3359
f 3380/3371/3360 3301/3291/3281 3300/3292/3280
f 3381/3372/3361 3302/3294/3282 3301/3291/3281
f 3383/3373/3363 3302/3294/3282 3382/3374/3362
f 3383/3373/3363 3304/3295/3284 3303/3293/3283
f 3384/3375/3364 3305/3296/3285 3304/3295/3284
f 3385/3376/3365 3306/3298/3286 3305/3296/3285
f 3386/3377/3366 3307/3297/3287 3306/3298/3286
f 3388/3378/3368 3307/3297/3287 3387/3379/3367
f 3389/3380/3369 3308/3299/3288 3388/3378/3368
f 3389/3380/3369 3310/3301/3290 3309/3300/3289
f 3390/3381/3370 3311/3302/3291 3310/3301/3290
f 3392/3382/3372 3311/3302/3291 3391/3383/3371
f 3393/3384/3373 3312/3303/3292 3392/3382/3372
f 3393/3384/3373 3314/3305/3294 3313/3304/3293
f 3395/3385/3375 3314/3305/3294 3394/3386/3374
f 3395/3385/3375 3316/3306/3296 3315/3307/3295
f 3397/3387/3377 3316/3306/3296 3396/3388/3376
f 3398/3389/3378 3317/3309/3297 3397/3387/3377
f 3399/3390/3379 3318/3308/3298 3398/3389/3378
f 3399/3390/3379 3320/3310/3300 3319/3311/3299
f 3400/3391/3380 3321/3313/3301 3320/3310/3300
f 3401/3392/3381 3322/3312/3302 3321/3313/3301
f 3403/3393/3383 3322/3312/3302 3402/3394/3382
f 3404/3395/3384 3323/3314/3303 3403/3393/3383
f 3405/3396/3385 3324/3315/3304 3404/3395/3384
f 3405/3396/3385 3326/3317/3306 3325/3316/3305
f 3407/3397/3387 3326/3317/3306 3406/3398/3386
f 3407/3397/3387 3328/3319/3308 3327/3318/3307
f 3409/3399/3389 3328/3319/3308 3408/3400/3388
f 3410/3401/3390 3329/3320/3309 3409/3399/3389
f 3411/3402/3391 3330/3321/3310 3410/3401/3390
f 3412/3403/3392 3331/3322/3311 3411/3402/3391
f 3413/3404/3393 3332/3323/3312 3412/3403/3392
f 3414/3405/3394 3333/3324/3313 3413/3404/3393
f 3415/3406/3395 3334/3325/3314 3414/3405/3394
f 3416/3407/3396 3335/3327/3315 3415/3406/3395
f 3417/3408/3397 3336/3326/3316 3416/3407/3396
f 3417/3408/3397 3338/3329/3318 3337/3328/3317
f 3418/3409/3398 3339/3331/3319 3338/3329/3318
f 3420/3410/3400 3339/3331/3319 3419/3411/3399
f 3420/3410/3400 3341/3332/3321 3340/3330/3320
f 3421/3412/3401 3342/3334/3322 3341/3332/3321
f 3423/3413/3403 3342/3334/3322 3422/3414/3402
f 3423/3413/3403 3344/3336/3324 3343/3333/3323
f 3425/3415/3405 3344/3336/3324 3424/3416/3404
f 3426/3417/3406 3345/3335/3325 3425/3415/3405
f 3426/3417/3406 3347/3338/3327 3346/3337/3326
f 3427/3418/3407 3348/3339/3328 3347/3338/3327
f 3428/3419/3408 3349/3340/3329 3348/3339/3328
f 3429/3420/3409 3350/3341/3330 3349/3340/3329
f 3430/3421/3410 3351/3342/3331 3350/3341/3330
f 3431/3422/3411 3352/3343/3332 3351/3342/3331
f 3433/3423/3413 3352/3343/3332 3432/3424/3412
f 3434/3425/3414 3353/3344/3333 3433/3423/3413
f 3435/3426/3415 3354/3346/3334 3434/3425/3414
f 3436/3427/3416 3355/3345/3335 3435/3426/3415
f 3437/3428/3417 3356/3347/3336 3436/3427/3416
f 3438/3429/3418 3357/3348/3337 3437/3428/3417
f 3439/3430/3419 3358/3349/3338 3438/3429/3418
f 3439/3430/3419 3360/3431/3340 3359/3350/3339
f 3441/3432/3421 3362/3353/3342 3361/3352/3341
f 3442/3433/3422 3363/3354/3343 3362/3353/3342
f 3443/3434/3423 3364/3355/3344 3363/3354/3343
f 3444/3435/3424 3365/3356/3345 3364/3355/3344
f 3445/3436/3425 3366/3358/3346 3365/3356/3345
f 3446/3437/3426 3367/3357/3347 3366/3358/3346
f 3447/3438/3427 3368/3359/3348 3367/3357/3347
f 3448/3439/3428 3369/3360/3349 3368/3359/3348
f 3450/3440/3430 3369/3360/3349 3449/3441/3429
f 3450/3440/3430 3371/3362/3351 3370/3361/3350
f 3452/3442/3432 3371/3362/3351 3451/3443/3431
f 3453/3444/3433 3372/3363/3352 3452/3442/3432
f 3454/3445/3434 3373/3365/3353 3453/3444/3433
f 3455/3446/3435 3374/3364/3354 3454/3445/3434
f 3456/3447/3436 3375/3366/3355 3455/3446/3435
f 3456/3447/3436 3377/3367/3357 3376/3368/3356
f 3458/3448/3438 3377/3367/3357 3457/3449/3437
f 3459/3450/3439 3378/3370/3358 3458/3448/3438
f 3459/3450/3439 3380/3371/3360 3379/3369/3359
f 3461/3451/3441 3380/3371/3360 3460/3452/3440
f 3461/3451/3441 3382/3374/3362 3381/3372/3361
f 3463/3453/3443 3382/3374/3362 3462/3454/3442
f 3464/3455/3444 3383/3373/3363 3463/3453/3443
f 3465/3456/3445 3384/3375/3364 3464/3455/3444
f 3465/3456/3445 3386/3377/3366 3385/3376/3365
f 3467/3457/3447 3386/3377/3366 3466/3458/3446
f 3467/3457/3447 3388/3378/3368 3387/3379/3367
f 3469/3459/3449 3388/3378/3368 3468/3460/3448
f 3470/3461/3450 3389/3380/3369 3469/3459/3449
f 3471/3462/3451 3390/3381/3370 3470/3461/3450
f 3471/3462/3451 3392/3382/3372 3391/3383/3371
f 3473/3463/3453 3392/3382/3372 3472/3464/3452
f 3473/3463/3453 3394/3386/3374 3393/3384/3373
f 3475/3465/3455 3394/3386/3374 3474/3466/3454
f 3475/3465/3455 3396/3388/3376 3395/3385/3375
f 3477/3467/3457 3396/3388/3376 3476/3468/3456
f 3478/3469/3458 3397/3387/3377 3477/3467/3457
f 3479/3470/3459 3398/3389/3378 3478/3469/3458
f 3479/3470/3459 3400/3391/3380 3399/3390/3379
f 3480/3471/3460 3401/3392/3381 3400/3391/3380
f 3482/3472/3462 3401/3392/3381 3481/3473/3461
f 3482/3472/3462 3403/3393/3383 3402/3394/3382
f 3484/3474/3464 3403/3393/3383 3483/3475/3463
f 3484/3474/3464 3405/3396/3385 3404/3395/3384
f 3485/3476/3465 3406/3398/3386 3405/3396/3385
f 3487/3477/3467 3406/3398/3386 3486/3478/3466
f 3488/3479/3468 3407/3397/3387 3487/3477/3467
f 3488/3479/3468 3409/3399/3389 3408/3400/3388
f 3489/3480/3469 3410/3401/3390 3409/3399/3389
f 3491/3481/3471 3410/3401/3390 3490/3482/3470
f 3492/3483/3472 3411/3402/3391 3491/3481/3471
f 3493/3484/3473 3412/3403/3392 3492/3483/3472
f 3494/3485/3474 3413/3404/3393 3493/3484/3473
f 3495/3486/3475 3414/3405/3394 3494/3485/3474
f 3495/3486/3475 3416/3407/3396 3415/3406/3395
f 3497/3487/3477 3416/3407/3396 3496/3488/3476
f 3497/3487/3477 3418/3409/3398 3417/3408/3397
f 3498/3489/3478 3419/3411/3399 3418/3409/3398
f 3499/3490/3479 3420/3410/3400 3419/3411/3399
f 3500/3491/3480 3421/3412/3401 3420/3410/3400
f 3501/3492/3481 3422/3414/3402 3421/3412/3401
f 3502/3493/3482 3423/3413/3403 3422/3414/3402
f 3503/3494/3483 3424/3416/3404 3423/3413/3403
f 3505/3495/3485 3424/3416/3404 3504/3496/3484
f 3506/3497/3486 3425/3415/3405 3505/3495/3485
f 3507/3498/3487 3426/3417/3406 3506/3497/3486
f 3507/3498/3487 3428/3419/3408 3427/3418/3407
f 3508/3499/3488 3429/3420/3409 3428/3419/3408
f 3509/3500/3489 3430/3421/3410 3429/3420/3409
f 3510/3501/3490 3431/3422/3411 3430/3421/3410
f 3511/3502/3491 3432/3424/3412 3431/3422/3411
f 3513/3503/3493 3432/3424/3412 3512/3504/3492
f 3514/3505/3494 3433/3423/3413 3513/3503/3493
f 3515/3506/3495 3434/3425/3414 3514/3505/3494
f 3516/3507/3496 3435/3426/3415 3515/3506/3495
f 3517/3508/3497 3436/3427/3416 3516/3507/3496
f 3517/3508/3497 3438/3429/3418 3437/3428/3417
f 3518/3509/3498 3439/3430/3419 3438/3429/3418
f 3520/3510/3500 3439/3430/3419 3519/3511/3499
f 3522/3512/3502 3441/3432/3421 3521/3513/3501
f 3522/3512/3502 3443/3434/3423 3442/3433/3422
f 3523/3514/3503 3444/3435/3424 3443/3434/3423
f 3524/3515/3504 3445/3436/3425 3444/3435/3424
f 3525/3516/3505 3446/3437/3426 3445/3436/3425
f 3526/3517/3506 3447/3438/3427 3446/3437/3426
f 3527/3518/3507 3448/3439/3428 3447/3438/3427
f 3529/3519/3509 3448/3439/3428 3528/3520/3508
f 3530/3521/3510 3449/3441/3429 3529/3519/3509
f 3530/3521/3510 3451/3443/3431 3450/3440/3430
f 3532/3522/3512 3451/3443/3431 3531/3523/3511
f 3533/3524/3513 3452/3442/3432 3532/3522/3512
f 3534/3525/3514 3453/3444/3433 3533/3524/3513
f 3535/3526/3515 3454/3445/3434 3534/3525/3514
f 3536/3527/3516 3455/3446/3435 3535/3526/3515
f 3537/3528/3517 3456/3447/3436 3536/3527/3516
f 3537/3528/3517 3458/3448/3438 3457/3449/3437
f 3539/3529/3519 3458/3448/3438 3538/3530/3518
f 3539/3529/3519 3460/3452/3440 3459/3450/3439
f 3541/3531/3521 3460/3452/3440 3540/3532/3520
f 3542/3533/3522 3461/3451/3441 3541/3531/3521
f 3543/3534/3523 3462/3454/3442 3542/3533/3522
f 3543/3534/3523 3464/3455/3444 3463/3453/3443
f 3544/3535/3524 3465/3456/3445 3464/3455/3444
f 3546/3536/3526 3465/3456/3445 3545/3537/3525
f 3547/3538/3527 3466/3458/3446 3546/3536/3526
f 3548/3539/3528 3467/3457/3447 3547/3538/3527
f 3548/3539/3528 3469/3459/3449 3468/3460/3448
f 3550/3540/3530 3469/3459/3449 3549/3541/3529
f 3551/3542/3531 3470/3461/3450 3550/3540/3530
f 3551/3542/3531 3472/3464/3452 3471/3462/3451
f 3553/3543/3533 3472/3464/3452 3552/3544/3532
f 3553/3543/3533 3474/3466/3454 3473/3463/3453
f 3554/3545/3534 3475/3465/3455 3474/3466/3454
f 3556/3546/3536 3475/3465/3455 3555/3547/3535
f 3556/3546/3536 3477/3467/3457 3476/3468/3456
f 3558/3548/3538 3477/3467/3457 3557/3549/3537
f 3559/3550/3539 3478/3469/3458 3558/3548/3538
f 3559/3550/3539 3480/3471/3460 3479/3470/3459
f 3560/3551/3540 3481/3473/3461 3480/3471/3460
f 3561/3552/3541 3482/3472/3462 3481/3473/3461
f 3563/3553/3543 3482/3472/3462 3562/3554/3542
f 3563/3553/3543 3484/3474/3464 3483/3475/3463
f 3564/3555/3544 3485/3476/3465 3484/3474/3464
f 3566/3556/3546 3485/3476/3465 3565/3557/3545
f 3566/3556/3546 3487/3477/3467 3486/3478/3466
f 3567/3558/3547 3488/3479/3468 3487/3477/3467
f 3569/3559/3549 3488/3479/3468 3568/3560/3548
f 3569/3559/3549 3490/3482/3470 3489/3480/3469
f 3570/3561/3550 3491/3481/3471 3490/3482/3470
f 3571/3562/3551 3492/3483/3472 3491/3481/3471
f 3572/3563/3552 3493/3484/3473 3492/3483/3472
f 3574/3564/3554 3493/3484/3473 3573/3565/3553
f 3575/3566/3555 3494/3485/3474 3574/3564/3554
f 3576/3567/3556 3495/3486/3475 3575/3566/3555
f 3577/3568/3557 3496/3488/3476 3576/3567/3556
f 3577/3568/3557 3498/3489/3478 3497/3487/3477
f 3578/3569/3558 3499/3490/3479 3498/3489/3478
f 3579/3570/3559 3500/3491/3480 3499/3490/3479
f 3580/3571/3560 3501/3492/3481 3500/3491/3480
f 3582/3572/3562 3501/3492/3481 3581/3573/3561
f 3583/3574/3563 3502/3493/3482 3582/3572/3562
f 3583/3574/3563 3504/3496/3484 3503/3494/3483
f 3585/3575/3565 3504/3496/3484 3584/3576/3564
f 3586/3577/3566 3505/3495/3485 3585/3575/3565
f 3587/3578/3567 3506/3497/3486 3586/3577/3566
f 3587/3578/3567 3508/3499/3488 3507/3498/3487
f 3588/3579/3568 3509/3500/3489 3508/3499/3488
f 3589/3580/3569 3510/3501/3490 3509/3500/3489
f 3590/3581/3570 3511/3502/3491 3510/3501/3490
f 3592/3582/3572 3511/3502/3491 3591/3583/3571
f 3593/3584/3573 3512/3504/3492 3592/3582/3572
f 3594/3585/3574 3513/3503/3493 3593/3584/3573
f 3595/3586/3575 3514/3505/3494 3594/3585/3574
f 3596/3587/3576 3515/3506/3495 3595/3586/3575
f 3597/3588/3577 3516/3507/3496 3596/3587/3576
f 3597/3588/3577 3518/3509/3498 3517/3508/3497
f 3598/3589/3578 3519/3511/3499 3518/3509/3498
f 3600/3590/3580 3519/3511/3499 3599/3591/3579
f 3601/3592/3581 3522/3512/3502 3521/3513/3501
f 3602/3593/3582 3523/3514/3503 3522/3512/3502
f 3603/3594/3583 3524/3515/3504 3523/3514/3503
f 3604/3595/3584 3525/3516/3505 3524/3515/3504
f 3605/3596/3585 3526/3517/3506 3525/3516/3505
f 3606/3597/3586 3527/3518/3507 3526/3517/3506
f 3607/3598/3587 3528/3520/3508 3527/3518/3507
f 3608/3599/3588 3529/3519/3509 3528/3520/3508
f 3610/3600/3590 3529/3519/3509 3609/3601/3589
f 3611/3602/3591 3530/3521/3510 3610/3600/3590
f 3612/3603/3592 3531/3523/3511 3611/3602/3591
f 3613/3604/3593 3532/3522/3512 3612/3603/3592
f 3614/3605/3594 3533/3524/3513 3613/3604/3593
f 3615/3606/3595 3534/3525/3514 3614/3605/3594
f 3615/3606/3595 3536/3527/3516 3535/3526/3515
f 3616/3607/3596 3537/3528/3517 3536/3527/3516
f 3617/3608/3597 3538/3530/3518 3537/3528/3517
f 3619/3609/3599 3538/3530/3518 3618/3610/3598
f 3620/3611/3600 3539/3529/3519 3619/3609/3599
f 3620/3611/3600 3541/3531/3521 3540/3532/3520
f 3622/3612/3602 3541/3531/3521 3621/3613/3601
f 3622/3612/3602 3543/3534/3523 3542/3533/3522
f 3624/3614/3604 3543/3534/3523 3623/3615/3603
f 3625/3616/3605 3544/3535/3524 3624/3614/3604
f 3625/3616/3605 3546/3536/3526 3545/3537/3525
f 3627/3617/3607 3546/3536/3526 3626/3618/3606
f 3627/3617/3607 3548/3539/3528 3547/3538/3527
f 3628/3619/3608 3549/3541/3529 3548/3539/3528
f 3630/3620/3610 3549/3541/3529 3629/3621/3609
f 3631/3622/3611 3550/3540/3530 3630/3620/3610
f 3632/3623/3612 3551/3542/3531 3631/3622/3611
f 3632/3623/3612 3553/3543/3533 3552/3544/3532
f 3634/3624/3614 3553/3543/3533 3633/3625/3613
f 3634/3624/3614 3555/3547/3535 3554/3545/3534
f 3635/3626/3615 3556/3546/3536 3555/3547/3535
f 3637/3627/3617 3556/3546/3536 3636/3628/3616
f 3637/3627/3617 3558/3548/3538 3557/3549/3537
f 3639/3629/3619 3558/3548/3538 3638/3630/3618
f 3639/3629/3619 3560/3551/3540 3559/3550/3539
f 3641/3631/3621 3560/3551/3540 3640/3632/3620
f 3642/3633/3622 3561/3552/3541 3641/3631/3621
f 3642/3633/3622 3563/3553/3543 3562/3554/3542
f 3643/3634/3623 3564/3555/3544 3563/3553/3543
f 3645/3635/3625 3564/3555/3544 3644/3636/3624
f 3646/3637/3626 3565/3557/3545 3645/3635/3625
f 3646/3637/3626 3567/3558/3547 3566/3556/3546
f 3648/3638/3628 3567/3558/3547 3647/3639/3627
f 3649/3640/3629 3568/3560/3548 3648/3638/3628
f 3649/3640/3629 3570/3561/3550 3569/3559/3549
f 3650/3641/3630 3571/3562/3551 3570/3561/3550
f 3652/3642/3632 3571/3562/3551 3651/3643/3631
f 3653/3644/3633 3572/3563/3552 3652/3642/3632
f 3654/3645/3634 3573/3565/3553 3653/3644/3633
f 3655/3646/3635 3574/3564/3554 3654/3645/3634
f 3656/3647/3636 3575/3566/3555 3655/3646/3635
f 3657/3648/3637 3576/3567/3556 3656/3647/3636
f 3657/3648/3637 3578/3569/3558 3577/3568/3557
f 3659/3649/3639 3578/3569/3558 3658/3650/3638
f 3659/3649/3639 3580/3571/3560 3579/3570/3559
f 3661/3651/3641 3580/3571/3560 3660/3652/3640
f 3661/3651/3641 3582/3572/3562 3581/3573/3561
f 3663/3653/3643 3582/3572/3562 3662/3654/3642
f 3664/3655/3644 3583/3574/3563 3663/3653/3643
f 3664/3655/3644 3585/3575/3565 3584/3576/3564
f 3665/3656/3645 3586/3577/3566 3585/3575/3565
f 3667/3657/3647 3586/3577/3566 3666/3658/3646
f 3668/3659/3648 3587/3578/3567 3667/3657/3647
f 3668/3659/3648 3589/3580/3569 3588/3579/3568
f 3669/3660/3649 3590/3581/3570 3589/3580/3569
f 3670/3661/3650 3591/3583/3571 3590/3581/3570
f 3671/3662/3651 3592/3582/3572 3591/3583/3571
f 3673/3663/3653 3592/3582/3572 3672/3664/3652
f 3674/3665/3654 3593/3584/3573 3673/3663/3653
f 3675/3666/3655 3594/3585/3574 3674/3665/3654
f 3676/3667/3656 3595/3586/3575 3675/3666/3655
f 3677/3668/3657 3596/3587/3576 3676/3667/3656
f 3677/3668/3657 3598/3589/3578 3597/3588/3577
f 3678/3669/3658 3599/3591/3579 3598/3589/3578
f 3679/3670/3659 3600/3590/3580 3599/3591/3579
f 3681/3671/3661 3602/3593/3582 3601/3592/3581
f 3682/3672/3662 3603/3594/3583 3602/3593/3582
f 3683/3673/3663 3604/3595/3584 3603/3594/3583
f 3684/3674/3664 3605/3596/3585 3604/3595/3584
f 3685/3675/3665 3606/3597/3586 3605/3596/3585
f 3686/3676/3666 3607/3598/3587 3606/3597/3586
f 3687/3677/3667 3608/3599/3588 3607/3598/3587
f 3688/3678/3668 3609/3601/3589 3608/3599/3588
f 3689/3679/3669 3610/3600/3590 3609/3601/3589
f 3690/3680/3670 3611/3602/3591 3610/3600/3590
f 3691/3681/3671 3612/3603/3592 3611/3602/3591
f 3693/3682/3673 3612/3603/3592 3692/3683/3672
f 3694/3684/3674 3613/3604/3593 3693/3682/3673
f 3695/3685/3675 3614/3605/3594 3694/3684/3674
f 3695/3685/3675 3616/3607/3596 3615/3606/3595
f 3696/3686/3676 3617/3608/3597 3616/3607/3596
f 3698/3687/3678 3617/3608/3597 3697/3688/3677
f 3698/3687/3678 3619/3609/3599 3618/3610/3598
f 3699/3689/3679 3620/3611/3600 3619/3609/3599
f 3700/3690/3680 3621/3613/3601 3620/3611/3600
f 3702/3691/3682 3621/3613/3601 3701/3692/3681
f 3703/3693/3683 3622/3612/3602 3702/3691/3682
f 3703/3693/3683 3624/3614/3604 3623/3615/3603
f 3705/3694/3685 3624/3614/3604 3704/3695/3684
f 3705/3694/3685 3626/3618/3606 3625/3616/3605
f 3706/3696/3686 3627/3617/3607 3626/3618/3606
f 3708/3697/3688 3627/3617/3607 3707/3698/3687
f 3708/3697/3688 3629/3621/3609 3628/3619/3608
f 3710/3699/3690 3629/3621/3609 3709/3700/3689
f 3710/3699/3690 3631/3622/3611 3630/3620/3610
f 3712/3701/3692 3631/3622/3611 3711/3702/3691
f 3712/3701/3692 3633/3625/3613 3632/3623/3612
f 3713/3703/3693 3634/3624/3614 3633/3625/3613
f 3714/3704/3694 3635/3626/3615 3634/3624/3614
f 3716/3705/3696 3635/3626/3615 3715/3706/3695
f 3716/3705/3696 3637/3627/3617 3636/3628/3616
f 3718/3707/3698 3637/3627/3617 3717/3708/3697
f 3718/3707/3698 3639/3629/3619 3638/3630/3618
f 3720/3709/3700 3639/3629/3619 3719/3710/3699
f 3720/3709/3700 3641/3631/3621 3640/3632/3620
f 3722/3711/3702 3641/3631/3621 3721/3712/3701
f 3723/3713/3703 3642/3633/3622 3722/3711/3702
f 3724/3714/3704 3643/3634/3623 3723/3713/3703
f 3724/3714/3704 3645/3635/3625 3644/3636/3624
f 3726/3715/3706 3645/3635/3625 3725/3716/3705
f 3726/3715/3706 3647/3639/3627 3646/3637/3626
f 3727/3717/3707 3648/3638/3628 3647/3639/3627
f 3729/3718/3709 3648/3638/3628 3728/3719/3708
f 3730/3720/3710 3649/3640/3629 3729/3718/3709
f 3731/3721/3711 3650/3641/3630 3730/3720/3710
f 3731/3721/3711 3652/3642/3632 3651/3643/3631
f 3732/3722/3712 3653/3644/3633 3652/3642/3632
f 3733/3723/3713 3654/3645/3634 3653/3644/3633
f 3734/3724/3714 3655/3646/3635 3654/3645/3634
f 3735/3725/3715 3656/3647/3636 3655/3646/3635
f 3737/3726/3717 3656/3647/3636 3736/3727/3716
f 3738/3728/3718 3657/3648/3637 3737/3726/3717
f 3739/3729/3719 3658/3650/3638 3738/3728/3718
f 3739/3729/3719 3660/3652/3640 3659/3649/3639
f 3740/3730/3720 3661/3651/3641 3660/3652/3640
f 3742/3731/3722 3661/3651/3641 3741/3732/3721
f 3742/3731/3722 3663/3653/3643 3662/3654/3642
f 3744/3733/3724 3663/3653/3643 3743/3734/3723
f 3745/3735/3725 3664/3655/3644 3744/3733/3724
f 3745/3735/3725 3666/3658/3646 3665/3656/3645
f 3747/3736/3727 3666/3658/3646 3746/3737/3726
f 3748/3738/3728 3667/3657/3647 3747/3736/3727
f 3748/3738/3728 3669/3660/3649 3668/3659/3648
f 3749/3739/3729 3670/3661/3650 3669/3660/3649
f 3751/3740/3731 3670/3661/3650 3750/3741/3730
f 3752/3742/3732 3671/3662/3651 3751/3740/3731
f 3753/3743/3733 3672/3664/3652 3752/3742/3732
f 3753/3743/3733 3674/3665/3654 3673/3663/3653
f 3755/3744/3735 3674/3665/3654 3754/3745/3734
f 3756/3746/3736 3675/3666/3655 3755/3744/3735
f 3757/3747/3737 3676/3667/3656 3756/3746/3736
f 3757/3747/3737 3678/3669/3658 3677/3668/3657
f 3758/3748/3738 3679/3670/3659 3678/3669/3658
f 3759/3749/3739 3680/3750/3660 3679/3670/3659
f 3761/3751/3741 3682/3672/3662 3681/3671/3661
f 3762/3752/3742 3683/3673/3663 3682/3672/3662
f 3763/3753/3743 3684/3674/3664 3683/3673/3663
f 3764/3754/3744 3685/3675/3665 3684/3674/3664
f 3765/3755/3745 3686/3676/3666 3685/3675/3665
f 3766/3756/3746 3687/3677/3667 3686/3676/3666
f 3767/3757/3747 3688/3678/3668 3687/3677/3667
f 3768/3758/3748 3689/3679/3669 3688/3678/3668
f 3769/3759/3749 3690/3680/3670 3689/3679/3669
f 3770/3760/3750 3691/3681/3671 3690/3680/3670
f 3771/3761/3751 3692/3683/3672 3691/3681/3671
f 3773/3762/3753 3692/3683/3672 3772/3763/3752
f 3774/3764/3754 3693/3682/3673 3773/3762/3753
f 3774/3764/3754 3695/3685/3675 3694/3684/3674
f 3775/3765/3755 3696/3686/3676 3695/3685/3675
f 3777/3766/3757 3696/3686/3676 3776/3767/3756
f 3778/3768/3758 3697/3688/3677 3777/3766/3757
f 3778/3768/3758 3699/3689/3679 3698/3687/3678
f 3779/3769/3759 3700/3690/3680 3699/3689/3679
f 3781/3770/3761 3700/3690/3680 3780/3771/3760
f 3781/3770/3761 3702/3691/3682 3701/3692/3681
f 3783/3772/3763 3702/3691/3682 3782/3773/3762
f 3784/3774/3764 3703/3693/3683 3783/3772/3763
f 3785/3775/3765 3704/3695/3684 3784/3774/3764
f 3785/3775/3765 3706/3696/3686 3705/3694/3685
f 3787/3776/3767 3706/3696/3686 3786/3777/3766
f 3787/3776/3767 3708/3697/3688 3707/3698/3687
f 3788/3778/3768 3709/3700/3689 3708/3697/3688
f 3790/3779/3770 3709/3700/3689 3789/3780/3769
f 3790/3779/3770 3711/3702/3691 3710/3699/3690
f 3792/3781/3772 3711/3702/3691 3791/3782/3771
f 3792/3781/3772 3713/3703/3693 3712/3701/3692
f 3794/3783/3774 3713/3703/3693 3793/3784/3773
f 3795/3785/3775 3714/3704/3694 3794/3783/3774
f 3795/3785/3775 3716/3705/3696 3715/3706/3695
f 3797/3786/3777 3716/3705/3696 3796/3787/3776
f 3797/3786/3777 3718/3707/3698 3717/3708/3697
f 3799/3788/3779 3718/3707/3698 3798/3789/3778
f 3799/3788/3779 3720/3709/3700 3719/3710/3699
f 3801/3790/3781 3720/3709/3700 3800/3791/3780
f 3801/3790/3781 3722/3711/3702 3721/3712/3701
f 3802/3792/3782 3723/3713/3703 3722/3711/3702
f 3804/3793/3784 3723/3713/3703 3803/3794/3783
f 3804/3793/3784 3725/3716/3705 3724/3714/3704
f 3806/3795/3786 3725/3716/3705 3805/3796/3785
f 3807/3797/3787 3726/3715/3706 3806/3795/3786
f 3807/3797/3787 3728/3719/3708 3727/3717/3707
f 3808/3798/3788 3729/3718/3709 3728/3719/3708
f 3810/3799/3790 3729/3718/3709 3809/3800/3789
f 3810/3799/3790 3731/3721/3711 3730/3720/3710
f 3812/3801/3792 3731/3721/3711 3811/3802/3791
f 3813/3803/3793 3732/3722/3712 3812/3801/3792
f 3813/3803/3793 3734/3724/3714 3733/3723/3713
f 3814/3804/3794 3735/3725/3715 3734/3724/3714
f 3816/3805/3796 3735/3725/3715 3815/3806/3795
f 3817/3807/3797 3736/3727/3716 3816/3805/3796
f 3818/3808/3798 3737/3726/3717 3817/3807/3797
f 3818/3808/3798 3739/3729/3719 3738/3728/3718
f 3819/3809/3799 3740/3730/3720 3739/3729/3719
f 3821/3810/3801 3740/3730/3720 3820/3811/3800
f 3821/3810/3801 3742/3731/3722 3741/3732/3721
f 3823/3812/3803 3742/3731/3722 3822/3813/3802
f 3824/3814/3804 3743/3734/3723 3823/3812/3803
f 3825/3815/3805 3744/3733/3724 3824/3814/3804
f 3825/3815/3805 3746/3737/3726 3745/3735/3725
f 3827/3816/3807 3746/3737/3726 3826/3817/3806
f 3828/3818/3808 3747/3736/3727 3827/3816/3807
f 3828/3818/3808 3749/3739/3729 3748/3738/3728
f 3829/3819/3809 3750/3741/3730 3749/3739/3729
f 3830/3820/3810 3751/3740/3731 3750/3741/3730
f 3832/3821/3812 3751/3740/3731 3831/3822/3811
f 3833/3823/3813 3752/3742/3732 3832/3821/3812
f 3834/3824/3814 3753/3743/3733 3833/3823/3813
f 3835/3825/3815 3754/3745/3734 3834/3824/3814
f 3836/3826/3816 3755/3744/3735 3835/3825/3815
f 3837/3827/3817 3756/3746/3736 3836/3826/3816
f 3838/3828/3818 3757/3747/3737 3837/3827/3817
f 3838/3828/3818 3759/3749/3739 3758/3748/3738
f 3839/3829/3819 3760/3830/3740 3759/3749/3739
f 3841/3831/3821 3762/3752/3742 3761/3751/3741
f 3842/3832/3822 3763/3753/3743 3762/3752/3742
f 3843/3833/3823 3764/3754/3744 3763/3753/3743
f 3844/3834/3824 3765/3755/3745 3764/3754/3744
f 3845/3835/3825 3766/3756/3746 3765/3755/3745
f 3847/3836/3827 3766/3756/3746 3846/3837/3826
f 3848/3838/3828 3767/3757/3747 3847/3836/3827
f 3849/3839/3829 3768/3758/3748 3848/3838/3828
f 3850/3840/3830 3769/3759/3749 3849/3839/3829
f 3851/3841/3831 3770/3760/3750 3850/3840/3830
f 3852/3842/3832 3771/3761/3751 3851/3841/3831
f 3852/3842/3832 3773/3762/3753 3772/3763/3752
f 3853/3843/3833 3774/3764/3754 3773/3762/3753
f 3855/3844/3835 3774/3764/3754 3854/3845/3834
f 3855/3844/3835 3776/3767/3756 3775/3765/3755
f 3856/3846/3836 3777/3766/3757 3776/3767/3756
f 3858/3847/3838 3777/3766/3757 3857/3848/3837
f 3858/3847/3838 3779/3769/3759 3778/3768/3758
f 3860/3849/3840 3779/3769/3759 3859/3850/3839
f 3861/3851/3841 3780/3771/3760 3860/3849/3840
f 3862/3852/3842 3781/3770/3761 3861/3851/3841
f 3862/3852/3842 3783/3772/3763 3782/3773/3762
f 3863/3853/3843 3784/3774/3764 3783/3772/3763
f 3865/3854/3845 3784/3774/3764 3864/3855/3844
f 3865/3854/3845 3786/3777/3766 3785/3775/3765
f 3866/3856/3846 3787/3776/3767 3786/3777/3766
f 3867/3857/3847 3788/3778/3768 3787/3776/3767
f 3868/3858/3848 3789/3780/3769 3788/3778/3768
f 3870/3859/3850 3789/3780/3769 3869/3860/3849
f 3871/3861/3851 3790/3779/3770 3870/3859/3850
f 3871/3861/3851 3792/3781/3772 3791/3782/3771
f 3873/3862/3853 3792/3781/3772 3872/3863/3852
f 3873/3862/3853 3794/3783/3774 3793/3784/3773
f 3875/3864/3855 3794/3783/3774 3874/3865/3854
f 3876/3866/3856 3795/3785/3775 3875/3864/3855
f 3877/3867/3857 3796/3787/3776 3876/3866/3856
f 3878/3868/3858 3797/3786/3777 3877/3867/3857
f 3879/3869/3859 3798/3789/3778 3878/3868/3858
f 3880/3870/3860 3799/3788/3779 3879/3869/3859
f 3880/3870/3860 3801/3790/3781 3800/3791/3780
f 3881/3871/3861 3802/3792/3782 3801/3790/3781
f 3883/3872/3863 3802/3792/3782 3882/3873/3862
f 3884/3874/3864 3803/3794/3783 3883/3872/3863
f 3884/3874/3864 3805/3796/3785 3804/3793/3784
f 3885/3875/3865 3806/3795/3786 3805/3796/3785
f 3886/3876/3866 3807/3797/3787 3806/3795/3786
f 3888/3877/3868 3807/3797/3787 3887/3878/3867
f 3888/3877/3868 3809/3800/3789 3808/3798/3788
f 3890/3879/3870 3809/3800/3789 3889/3880/3869
f 3890/3879/3870 3811/3802/3791 3810/3799/3790
f 3892/3881/3872 3811/3802/3791 3891/3882/3871
f 3893/3883/3873 3812/3801/3792 3892/3881/3872
f 3893/3883/3873 3814/3804/3794 3813/3803/3793
f 3895/3884/3875 3814/3804/3794 3894/3885/3874
f 3895/3884/3875 3816/3805/3796 3815/3806/3795
f 3896/3886/3876 3817/3807/3797 3816/3805/3796
f 3898/3887/3878 3817/3807/3797 3897/3888/3877
f 3899/3889/3879 3818/3808/3798 3898/3887/3878
f 3900/3890/3880 3819/3809/3799 3899/3889/3879
f 3900/3890/3880 3821/3810/3801 3820/3811/3800
f 3902/3891/3882 3821/3810/3801 3901/3892/3881
f 3902/3891/3882 3823/3812/3803 3822/3813/3802
f 3904/3893/3884 3823/3812/3803 3903/3894/3883
f 3904/3893/3884 3825/3815/3805 3824/3814/3804
f 3905/3895/3885 3826/3817/3806 3825/3815/3805
f 3906/3896/3886 3827/3816/3807 3826/3817/3806
f 3907/3897/3887 3828/3818/3808 3827/3816/3807
f 3909/3898/3889 3828/3818/3808 3908/3899/3888
f 3909/3898/3889 3830/3820/3810 3829/3819/3809
f 3910/3900/3890 3831/3822/3811 3830/3820/3810
f 3911/3901/3891 3832/3821/3812 3831/3822/3811
f 3913/3902/3893 3832/3821/3812 3912/3903/3892
f 3914/3904/3894 3833/3823/3813 3913/3902/3893
f 3915/3905/3895 3834/3824/3814 3914/3904/3894
f 3916/3906/3896 3835/3825/3815 3915/3905/3895
f 3917/3907/3897 3836/3826/3816 3916/3906/3896
f 3918/3908/3898 3837/3827/3817 3917/3907/3897
f 3919/3909/3899 3838/3828/3818 3918/3908/3898
f 3919/3909/3899 3840/3910/3820 3839/3829/3819
f 3921/3911/3901 3842/3832/3822 3841/3831/3821
f 3922/3912/3902 3843/3833/3823 3842/3832/3822
f 3923/3913/3903 3844/3834/3824 3843/3833/3823
f 3925/3914/3905 3844/3834/3824 3924/3915/3904
f 3926/3916/3906 3845/3835/3825 3925/3914/3905
f 3927/3917/3907 3846/3837/3826 3926/3916/3906
f 3928/3918/3908 3847/3836/3827 3927/3917/3907
f 3929/3919/3909 3848/3838/3828 3928/3918/3908
f 3929/3919/3909 3850/3840/3830 3849/3839/3829
f 3931/3920/3911 3850/3840/3830 3930/3921/3910
f 3932/3922/3912 3851/3841/3831 3931/3920/3911
f 3933/3923/3913 3852/3842/3832 3932/3922/3912
f 3934/3924/3914 3853/3843/3833 3933/3923/3913
f 3934/3924/3914 3855/3844/3835 3854/3845/3834
f 3935/3925/3915 3856/3846/3836 3855/3844/3835
f 3936/3926/3916 3857/3848/3837 3856/3846/3836
f 3937/3927/3917 3858/3847/3838 3857/3848/3837
f 3938/3928/3918 3859/3850/3839 3858/3847/3838
f 3940/3929/3920 3859/3850/3839 3939/3930/3919
f 3941/3931/3921 3860/3849/3840 3940/3929/3920
f 3942/3932/3922 3861/3851/3841 3941/3931/3921
f 3942/3932/3922 3863/3853/3843 3862/3852/3842
f 3944/3933/3924 3863/3853/3843 3943/3934/3923
f 3944/3933/3924 3865/3854/3845 3864/3855/3844
f 3946/3935/3926 3865/3854/3845 3945/3936/3925
f 3947/3937/3927 3866/3856/3846 3946/3935/3926
f 3947/3937/3927 3868/3858/3848 3867/3857/3847
f 3949/3938/3929 3868/3858/3848 3948/3939/3928
f 3949/3938/3929 3870/3859/3850 3869/3860/3849
f 3951/3940/3931 3870/3859/3850 3950/3941/3930
f 3952/3942/3932 3871/3861/3851 3951/3940/3931
f 3952/3942/3932 3873/3862/3853 3872/3863/3852
f 3953/3943/3933 3874/3865/3854 3873/3862/3853
f 3955/3944/3935 3874/3865/3854 3954/3945/3934
f 3956/3946/3936 3875/3864/3855 3955/3944/3935
f 3957/3947/3937 3876/3866/3856 3956/3946/3936
f 3957/3947/3937 3878/3868/3858 3877/3867/3857
f 3958/3948/3938 3879/3869/3859 3878/3868/3858
f 3959/3949/3939 3880/3870/3860 3879/3869/3859
f 3961/3950/3941 3880/3870/3860 3960/3951/3940
f 3961/3950/3941 3882/3873/3862 3881/3871/3861
f 3962/3952/3942 3883/3872/3863 3882/3873/3862
f 3964/3953/3944 3883/3872/3863 3963/3954/3943
f 3965/3955/3945 3884/3874/3864 3964/3953/3944
f 3965/3955/3945 3886/3876/3866 3885/3875/3865
f 3967/3956/3947 3886/3876/3866 3966/3957/3946
f 3967/3956/3947 3888/3877/3868 3887/3878/3867
f 3968/3958/3948 3889/3880/3869 3888/3877/3868
f 3970/3959/3950 3889/3880/3869 3969/3960/3949
f 3971/3961/3951 3890/3879/3870 3970/3959/3950
f 3971/3961/3951 3892/3881/3872 3891/3882/3871
f 3972/3962/3952 3893/3883/3873 3892/3881/3872
f 3973/3963/3953 3894/3885/3874 3893/3883/3873
f 3975/3964/3955 3894/3885/3874 3974/3965/3954
f 3975/3964/3955 3896/3886/3876 3895/3884/3875
f 3976/3966/3956 3897/3888/3877 3896/3886/3876
f 3978/3967/3958 3897/3888/3877 3977/3968/3957
f 3979/3969/3959 3898/3887/3878 3978/3967/3958
f 3980/3970/3960 3899/3889/3879 3979/3969/3959
f 3981/3971/3961 3900/3890/3880 3980/3970/3960
f 3981/3971/3961 3902/3891/3882 3901/3892/3881
f 3983/3972/3963 3902/3891/3882 3982/3973/3962
f 3984/3974/3964 3903/3894/3883 3983/3972/3963
f 3984/3974/3964 3905/3895/3885 3904/3893/3884
f 3985/3975/3965 3906/3896/3886 3905/3895/3885
f 3986/3976/3966 3907/3897/3887 3906/3896/3886
f 3988/3977/3968 3907/3897/3887 3987/3978/3967
f 3988/3977/3968 3909/3898/3889 3908/3899/3888
f 3990/3979/3970 3909/3898/3889 3989/3980/3969
f 3990/3979/3970 3911/3901/3891 3910/3900/3890
f 3992/3981/3972 3911/3901/3891 3991/3982/3971
f 3992/3981/3972 3913/3902/3893 3912/3903/3892
f 3993/3983/3973 3914/3904/3894 3913/3902/3893
f 3995/3984/3975 3914/3904/3894 3994/3985/3974
f 3996/3986/3976 3915/3905/3895 3995/3984/3975
f 3997/3987/3977 3916/3906/3896 3996/3986/3976
f 3998/3988/3978 3917/3907/3897 3997/3987/3977
f 3999/3989/3979 3918/3908/3898 3998/3988/3978
f 3999/3989/3979 3920/3990/3900 3919/3909/3899
f 4001/3991/3981 3922/3912/3902 3921/3911/3901
f 4002/3992/3982 3923/3913/3903 3922/3912/3902
f 4004/3993/3984 3923/3913/3903 4003/3994/3983
f 4005/3995/3985 3924/3915/3904 4004/3993/3984
f 4006/3996/3986 3925/3914/3905 4005/3995/3985
f 4007/3997/3987 3926/3916/3906 4006/3996/3986
f 4008/3998/3988 3927/3917/3907 4007/3997/3987
f 4008/3998/3988 3929/3919/3909 3928/3918/3908
f 4009/3999/3989 3930/3921/3910 3929/3919/3909
f 4010/4000/3990 3931/3920/3911 3930/3921/3910
f 4012/4001/3992 3931/3920/3911 4011/4002/3991
f 4012/4001/3992 3933/3923/3913 3932/3922/3912
f 4014/4003/3994 3933/3923/3913 4013/4004/3993
f 4014/4003/3994 3935/3925/3915 3934/3924/3914
f 4016/4005/3996 3935/3925/3915 4015/4006/3995
f 4017/4007/3997 3936/3926/3916 4016/4005/3996
f 4018/4008/3998 3937/3927/3917 4017/4007/3997
f 4019/4009/3999 3938/3928/3918 4018/4008/3998
f 4019/4009/3999 3940/3929/3920 3939/3930/3919
f 4021/4010/4001 3940/3929/3920 4020/4011/4000
f 4021/4010/4001 3942/3932/3922 3941/3931/3921
f 4023/4012/4003 3942/3932/3922 4022/4013/4002
f 4023/4012/4003 3944/3933/3924 3943/3934/3923
f 4025/4014/4005 3944/3933/3924 4024/4015/4004
f 4025/4014/4005 3946/3935/3926 3945/3936/3925
f 4026/4016/4006 3947/3937/3927 3946/3935/3926
f 4028/4017/4008 3947/3937/3927 4027/4018/4007
f 4029/4019/4009 3948/3939/3928 4028/4017/4008
f 4029/4019/4009 3950/3941/3930 3949/3938/3929
f 4030/4020/4010 3951/3940/3931 3950/3941/3930
f 4032/4021/4012 3951/3940/3931 4031/4022/4011
f 4033/4023/4013 3952/3942/3932 4032/4021/4012
f 4034/4024/4014 3953/3943/3933 4033/4023/4013
f 4034/4024/4014 3955/3944/3935 3954/3945/3934
f 4035/4025/4015 3956/3946/3936 3955/3944/3935
f 4037/4026/4017 3956/3946/3936 4036/4027/4016
f 4037/4026/4017 3958/3948/3938 3957/3947/3937
f 4039/4028/4019 3958/3948/3938 4038/4029/4018
f 4040/4030/4020 3959/3949/3939 4039/4028/4019
f 4041/4031/4021 3960/3951/3940 4040/4030/4020
f 4042/4032/4022 3961/3950/3941 4041/4031/4021
f 4042/4032/4022 3963/3954/3943 3962/3952/3942
f 4044/4033/4024 3963/3954/3943 4043/4034/4023
f 4044/4033/4024 3965/3955/3945 3964/3953/3944
f 4046/4035/4026 3965/3955/3945 4045/4036/4025
f 4046/4035/4026 3967/3956/3947 3966/3957/3946
f 4047/4037/4027 3968/3958/3948 3967/3956/3947
f 4049/4038/4029 3968/3958/3948 4048/4039/4028
f 4049/4038/4029 3970/3959/3950 3969/3960/3949
f 4050/4040/4030 3971/3961/3951 3970/3959/3950
f 4051/4041/4031 3972/3962/3952 3971/3961/3951
f 4053/4042/4033 3972/3962/3952 4052/4043/4032
f 4053/4042/4033 3974/3965/3954 3973/3963/3953
f 4055/4044/4035 3974/3965/3954 4054/4045/4034
f 4055/4044/4035 3976/3966/3956 3975/3964/3955
f 4056/4046/4036 3977/3968/3957 3976/3966/3956
f 4058/4047/4038 3977/3968/3957 4057/4048/4037
f 4058/4047/4038 3979/3969/3959 3978/3967/3958
f 4060/4049/4040 3979/3969/3959 4059/4050/4039
f 4060/4049/4040 3981/3971/3961 3980/3970/3960
f 4062/4051/4042 3981/3971/3961 4061/4052/4041
f 4062/4051/4042 3983/3972/3963 3982/3973/3962
f 4064/4053/4044 3983/3972/3963 4063/4054/4043
f 4065/4055/4045 3984/3974/3964 4064/4053/4044
f 4065/4055/4045 3986/3976/3966 3985/3975/3965
f 4067/4056/4047 3986/3976/3966 4066/4057/4046
f 4068/4058/4048 3987/3978/3967 4067/4056/4047
f 4069/4059/4049 3988/3977/3968 4068/4058/4048
f 4069/4059/4049 3990/3979/3970 3989/3980/3969
f 4071/4060/4051 3990/3979/3970 4070/4061/4050
f 4072/4062/4052 3991/3982/3971 4071/4060/4051
f 4073/4063/4053 3992/3981/3972 4072/4062/4052
f 4074/4064/4054 3993/3983/3973 4073/4063/4053
f 4074/4064/4054 3995/3984/3975 3994/3985/3974
f 4076/4065/4056 3995/3984/3975 4075/4066/4055
f 4077/4067/4057 3996/3986/3976 4076/4065/4056
f 4078/4068/4058 3997/3987/3977 4077/4067/4057
f 4079/4069/4059 3998/3988/3978 4078/4068/4058
f 4079/4069/4059 4000/4070/3980 3999/3989/3979
f 4081/4071/4061 4002/3992/3982 4001/3991/3981
f 4083/4072/4063 4002/3992/3982 4082/4073/4062
f 4084/4074/4064 4003/3994/3983 4083/4072/4063
f 4085/4075/4065 4004/3993/3984 4084/4074/4064
f 4086/4076/4066 4005/3995/3985 4085/4075/4065
f 4086/4076/4066 4007/3997/3987 4006/3996/3986
f 4087/4077/4067 4008/3998/3988 4007/3997/3987
f 4089/4078/4069 4008/3998/3988 4088/4079/4068
f 4090/4080/4070 4009/3999/3989 4089/4078/4069
f 4091/4081/4071 4010/4000/3990 4090/4080/4070
f 4092/4082/4072 4011/4002/3991 4091/4081/4071
f 4093/4083/4073 4012/4001/3992 4092/4082/4072
f 4094/4084/4074 4013/4004/3993 4093/4083/4073
f 4095/4085/4075 4014/4003/3994 4094/4084/4074
f 4096/4086/4076 4015/4006/3995 4095/4085/4075
f 4097/4087/4077 4016/4005/3996 4096/4086/4076
f 4098/4088/4078 4017/4007/3997 4097/4087/4077
f 4098/4088/4078 4019/4009/3999 4018/4008/3998
f 4099/4089/4079 4020/4011/4000 4019/4009/3999
f 4101/4090/4081 4020/4011/4000 4100/4091/4080
f 4102/4092/4082 4021/4010/4001 4101/4090/4081
f 4102/4092/4082 4023/4012/4003 4022/4013/4002
f 4104/4093/4084 4023/4012/4003 4103/4094/4083
f 4105/4095/4085 4024/4015/4004 4104/4093/4084
f 4105/4095/4085 4026/4016/4006 4025/4014/4005
f 4106/4096/4086 4027/4018/4007 4026/4016/4006
f 4107/4097/4087 4028/4017/4008 4027/4018/4007
f 4108/4098/4088 4029/4019/4009 4028/4017/4008
f 4109/4099/4089 4030/4020/4010 4029/4019/4009
f 4111/4100/4091 4030/4020/4010 4110/4101/4090
f 4112/4102/4092 4031/4022/4011 4111/4100/4091
f 4112/4102/4092 4033/4023/4013 4032/4021/4012
f 4114/4103/4094 4033/4023/4013 4113/4104/4093
f 4114/4103/4094 4035/4025/4015 4034/4024/4014
f 4116/4105/4096 4035/4025/4015 4115/4106/4095
f 4116/4105/4096 4037/4026/4017 4036/4027/4016
f 4117/4107/4097 4038/4029/4018 4037/4026/4017
f 4118/4108/4098 4039/4028/4019 4038/4029/4018
f 4119/4109/4099 4040/4030/4020 4039/4028/4019
f 4121/4110/4101 4040/4030/4020 4120/4111/4100
f 4121/4110/4101 4042/4032/4022 4041/4031/4021
f 4123/4112/4103 4042/4032/4022 4122/4113/4102
f 4123/4112/4103 4044/4033/4024 4043/4034/4023
f 4125/4114/4105 4044/4033/4024 4124/4115/4104
f 4125/4114/4105 4046/4035/4026 4045/4036/4025
f 4127/4116/4107 4046/4035/4026 4126/4117/4106
f 4128/4118/4108 4047/4037/4027 4127/4116/4107
f 4128/4118/4108 4049/4038/4029 4048/4039/4028
f 4130/4119/4110 4049/4038/4029 4129/4120/4109
f 4131/4121/4111 4050/4040/4030 4130/4119/4110
f 4132/4122/4112 4051/4041/4031 4131/4121/4111
f 4132/4122/4112 4053/4042/4033 4052/4043/4032
f 4134/4123/4114 4053/4042/4033 4133/4124/4113
f 4134/4123/4114 4055/4044/4035 4054/4045/4034
f 4135/4125/4115 4056/4046/4036 4055/4044/4035
f 4136/4126/4116 4057/4048/4037 4056/4046/4036
f 4137/4127/4117 4058/4047/4038 4057/4048/4037
f 4138/4128/4118 4059/4050/4039 4058/4047/4038
f 4139/4129/4119 4060/4049/4040 4059/4050/4039
f 4140/4130/4120 4061/4052/4041 4060/4049/4040
f 4141/4131/4121 4062/4051/4042 4061/4052/4041
f 4143/4132/4123 4062/4051/4042 4142/4133/4122
f 4143/4132/4123 4064/4053/4044 4063/4054/4043
f 4145/4134/4125 4064/4053/4044 4144/4135/4124
f 4146/4136/4126 4065/4055/4045 4145/4134/4125
f 4147/4137/4127 4066/4057/4046 4146/4136/4126
f 4147/4137/4127 4068/4058/4048 4067/4056/4047
f 4149/4138/4129 4068/4058/4048 4148/4139/4128
f 4150/4140/4130 4069/4059/4049 4149/4138/4129
f 4150/4140/4130 4071/4060/4051 4070/4061/4050
f 4151/4141/4131 4072/4062/4052 4071/4060/4051
f 4152/4142/4132 4073/4063/4053 4072/4062/4052
f 4153/4143/4133 4074/4064/4054 4073/4063/4053
f 4154/4144/4134 4075/4066/4055 4074/4064/4054
f 4155/4145/4135 4076/4065/4056 4075/4066/4055
f 4157/4146/4137 4076/4065/4056 4156/4147/4136
f 4158/4148/4138 4077/4067/4057 4157/4146/4137
f 4159/4149/4139 4078/4068/4058 4158/4148/4138
f 4159/4149/4139 4080/4150/4060 4079/4069/4059
f 4162/4151/4142 4081/4071/4061 4161/4152/4141
f 4163/4153/4143 4082/4073/4062 4162/4151/4142
f 4164/4154/4144 4083/4072/4063 4163/4153/4143
f 4165/4155/4145 4084/4074/4064 4164/4154/4144
f 4166/4156/4146 4085/4075/4065 4165/4155/4145
f 4166/4156/4146 4087/4077/4067 4086/4076/4066
f 4167/4157/4147 4088/4079/4068 4087/4077/4067
f 4168/4158/4148 4089/4078/4069 4088/4079/4068
f 4170/4159/4150 4089/4078/4069 4169/4160/4149
f 4171/4161/4151 4090/4080/4070 4170/4159/4150
f 4171/4161/4151 4092/4082/4072 4091/4081/4071
f 4173/4162/4153 4092/4082/4072 4172/4163/4152
f 4174/4164/4154 4093/4083/4073 4173/4162/4153
f 4174/4164/4154 4095/4085/4075 4094/4084/4074
f 4176/4165/4156 4095/4085/4075 4175/4166/4155
f 4176/4165/4156 4097/4087/4077 4096/4086/4076
f 4178/4167/4158 4097/4087/4077 4177/4168/4157
f 4178/4167/4158 4099/4089/4079 4098/4088/4078
f 4180/4169/4160 4099/4089/4079 4179/4170/4159
f 4180/4169/4160 4101/4090/4081 4100/4091/4080
f 4182/4171/4162 4101/4090/4081 4181/4172/4161
f 4183/4173/4163 4102/4092/4082 4182/4171/4162
f 4183/4173/4163 4104/4093/4084 4103/4094/4083
f 4184/4174/4164 4105/4095/4085 4104/4093/4084
f 4186/4175/4166 4105/4095/4085 4185/4176/4165
f 4186/4175/4166 4107/4097/4087 4106/4096/4086
f 4187/4177/4167 4108/4098/4088 4107/4097/4087
f 4188/4178/4168 4109/4099/4089 4108/4098/4088
f 4190/4179/4170 4109/4099/4089 4189/4180/4169
f 4191/4181/4171 4110/4101/4090 4190/4179/4170
f 4191/4181/4171 4112/4102/4092 4111/4100/4091
f 4193/4182/4173 4112/4102/4092 4192/4183/4172
f 4193/4182/4173 4114/4103/4094 4113/4104/4093
f 4195/4184/4175 4114/4103/4094 4194/4185/4174
f 4196/4186/4176 4115/4106/4095 4195/4184/4175
f 4196/4186/4176 4117/4107/4097 4116/4105/4096
f 4198/4187/4178 4117/4107/4097 4197/4188/4177
f 4199/4189/4179 4118/4108/4098 4198/4187/4178
f 4200/4190/4180 4119/4109/4099 4199/4189/4179
f 4201/4191/4181 4120/4111/4100 4200/4190/4180
f 4201/4191/4181 4122/4113/4102 4121/4110/4101
f 4202/4192/4182 4123/4112/4103 4122/4113/4102
f 4204/4193/4184 4123/4112/4103 4203/4194/4183
f 4204/4193/4184 4125/4114/4105 4124/4115/4104
f 4206/4195/4186 4125/4114/4105 4205/4196/4185
f 4206/4195/4186 4127/4116/4107 4126/4117/4106
f 4207/4197/4187 4128/4118/4108 4127/4116/4107
f 4209/4198/4189 4128/4118/4108 4208/4199/4188
f 4210/4200/4190 4129/4120/4109 4209/4198/4189
f 4211/4201/4191 4130/4119/4110 4210/4200/4190
f 4212/4202/4192 4131/4121/4111 4211/4201/4191
f 4213/4203/4193 4132/4122/4112 4212/4202/4192
f 4213/4203/4193 4134/4123/4114 4133/4124/4113
f 4215/4204/4195 4134/4123/4114 4214/4205/4194
f 4216/4206/4196 4135/4125/4115 4215/4204/4195
f 4217/4207/4197 4136/4126/4116 4216/4206/4196
f 4218/4208/4198 4137/4127/4117 4217/4207/4197
f 4218/4208/4198 4139/4129/4119 4138/4128/4118
f 4220/4209/4200 4139/4129/4119 4219/4210/4199
f 4220/4209/4200 4141/4131/4121 4140/4130/4120
f 4222/4211/4202 4141/4131/4121 4221/4212/4201
f 4222/4211/4202 4143/4132/4123 4142/4133/4122
f 4223/4213/4203 4144/4135/4124 4143/4132/4123
f 4225/4214/4205 4144/4135/4124 4224/4215/4204
f 4225/4214/4205 4146/4136/4126 4145/4134/4125
f 4227/4216/4207 4146/4136/4126 4226/4217/4206
f 4227/4216/4207 4148/4139/4128 4147/4137/4127
f 4228/4218/4208 4149/4138/4129 4148/4139/4128
f 4230/4219/4210 4149/4138/4129 4229/4220/4209
f 4230/4219/4210 4151/4141/4131 4150/4140/4130
f 4231/4221/4211 4152/4142/4132 4151/4141/4131
f 4232/4222/4212 4153/4143/4133 4152/4142/4132
f 4233/4223/4213 4154/4144/4134 4153/4143/4133
f 4234/4224/4214 4155/4145/4135 4154/4144/4134
f 4236/4225/4216 4155/4145/4135 4235/4226/4215
f 4237/4227/4217 4156/4147/4136 4236/4225/4216
f 4238/4228/4218 4157/4146/4137 4237/4227/4217
f 4238/4228/4218 4159/4149/4139 4158/4148/4138
f 4239/4229/4219 4160/4230/4140 4159/4149/4139
f 4242/4231/4222 4161/4152/4141 4241/4232/4221
f 4243/4233/4223 4162/4151/4142 4242/4231/4222
f 4244/4234/4224 4163/4153/4143 4243/4233/4223
f 4245/4235/4225 4164/4154/4144 4244/4234/4224
f 4246/4236/4226 4165/4155/4145 4245/4235/4225
f 4246/4236/4226 4167/4157/4147 4166/4156/4146
f 4247/4237/4227 4168/4158/4148 4167/4157/4147
f 4248/4238/4228 4169/4160/4149 4168/4158/4148
f 4250/4239/4230 4169/4160/4149 4249/4240/4229
f 4251/4241/4231 4170/4159/4150 4250/4239/4230
f 4251/4241/4231 4172/4163/4152 4171/4161/4151
f 4252/4242/4232 4173/4162/4153 4172/4163/4152
f 4253/4243/4233 4174/4164/4154 4173/4162/4153
f 4255/4244/4235 4174/4164/4154 4254/4245/4234
f 4256/4246/4236 4175/4166/4155 4255/4244/4235
f 4256/4246/4236 4177/4168/4157 4176/4165/4156
f 4257/4247/4237 4178/4167/4158 4177/4168/4157
f 4259/4248/4239 4178/4167/4158 4258/4249/4238
f 4259/4248/4239 4180/4169/4160 4179/4170/4159
f 4261/4250/4241 4180/4169/4160 4260/4251/4240
f 4261/4250/4241 4182/4171/4162 4181/4172/4161
f 4262/4252/4242 4183/4173/4163 4182/4171/4162
f 4264/4253/4244 4183/4173/4163 4263/4254/4243
f 4265/4255/4245 4184/4174/4164 4264/4253/4244
f 4265/4255/4245 4186/4175/4166 4185/4176/4165
f 4267/4256/4247 4186/4175/4166 4266/4257/4246
f 4268/4258/4248 4187/4177/4167 4267/4256/4247
f 4268/4258/4248 4189/4180/4169 4188/4178/4168
f 4269/4259/4249 4190/4179/4170 4189/4180/4169
f 4270/4260/4250 4191/4181/4171 4190/4179/4170
f 4272/4261/4252 4191/4181/4171 4271/4262/4251
f 4273/4263/4253 4192/4183/4172 4272/4261/4252
f 4273/4263/4253 4194/4185/4174 4193/4182/4173
f 4275/4264/4255 4194/4185/4174 4274/4265/4254
f 4276/4266/4256 4195/4184/4175 4275/4264/4255
f 4277/4267/4257 4196/4186/4176 4276/4266/4256
f 4277/4267/4257 4198/4187/4178 4197/4188/4177
f 4279/4268/4259 4198/4187/4178 4278/4269/4258
f 4279/4268/4259 4200/4190/4180 4199/4189/4179
f 4280/4270/4260 4201/4191/4181 4200/4190/4180
f 4282/4271/4262 4201/4191/4181 4281/4272/4261
f 4283/4273/4263 4202/4192/4182 4282/4271/4262
f 4283/4273/4263 4204/4193/4184 4203/4194/4183
f 4285/4274/4265 4204/4193/4184 4284/4275/4264
f 4285/4274/4265 4206/4195/4186 4205/4196/4185
f 4286/4276/4266 4207/4197/4187 4206/4195/4186
f 4288/4277/4268 4207/4197/4187 4287/4278/4267
f 4288/4277/4268 4209/4198/4189 4208/4199/4188
f 4289/4279/4269 4210/4200/4190 4209/4198/4189
f 4290/4280/4270 4211/4201/4191 4210/4200/4190
f 4292/4281/4272 4211/4201/4191 4291/4282/4271
f 4293/4283/4273 4212/4202/4192 4292/4281/4272
f 4294/4284/4274 4213/4203/4193 4293/4283/4273
f 4295/4285/4275 4214/4205/4194 4294/4284/4274
f 4295/4285/4275 4216/4206/4196 4215/4204/4195
f 4297/4286/4277 4216/4206/4196 4296/4287/4276
f 4297/4286/4277 4218/4208/4198 4217/4207/4197
f 4299/4288/4279 4218/4208/4198 4298/4289/4278
f 4299/4288/4279 4220/4209/4200 4219/4210/4199
f 4301/4290/4281 4220/4209/4200 4300/4291/4280
f 4301/4290/4281 4222/4211/4202 4221/4212/4201
f 4303/4292/4283 4222/4211/4202 4302/4293/4282
f 4304/4294/4284 4223/4213/4203 4303/4292/4283
f 4305/4295/4285 4224/4215/4204 4304/4294/4284
f 4305/4295/4285 4226/4217/4206 4225/4214/4205
f 4307/4296/4287 4226/4217/4206 4306/4297/4286
f 4307/4296/4287 4228/4218/4208 4227/4216/4207
f 4308/4298/4288 4229/4220/4209 4228/4218/4208
f 4309/4299/4289 4230/4219/4210 4229/4220/4209
f 4311/4300/4291 4230/4219/4210 4310/4301/4290
f 4311/4300/4291 4232/4222/4212 4231/4221/4211
f 4312/4302/4292 4233/4223/4213 4232/4222/4212
f 4313/4303/4293 4234/4224/4214 4233/4223/4213
f 4314/4304/4294 4235/4226/4215 4234/4224/4214
f 4316/4305/4296 4235/4226/4215 4315/4306/4295
f 4317/4307/4297 4236/4225/4216 4316/4305/4296
f 4318/4308/4298 4237/4227/4217 4317/4307/4297
f 4318/4308/4298 4239/4229/4219 4238/4228/4218
f 4319/4309/4299 4240/4310/4220 4239/4229/4219
f 4321/4311/4301 4242/4231/4222 4241/4232/4221
f 4323/4312/4303 4242/4231/4222 4322/4313/4302
f 4324/4314/4304 4243/4233/4223 4323/4312/4303
f 4324/4314/4304 4245/4235/4225 4244/4234/4224
f 4325/4315/4305 4246/4236/4226 4245/4235/4225
f 4326/4316/4306 4247/4237/4227 4246/4236/4226
f 4327/4317/4307 4248/4238/4228 4247/4237/4227
f 4328/4318/4308 4249/4240/4229 4248/4238/4228
f 4329/4319/4309 4250/4239/4230 4249/4240/4229
f 4330/4320/4310 4251/4241/4231 4250/4239/4230
f 4332/4321/4312 4251/4241/4231 4331/4322/4311
f 4333/4323/4313 4252/4242/4232 4332/4321/4312
f 4334/4324/4314 4253/4243/4233 4333/4323/4313
f 4334/4324/4314 4255/4244/4235 4254/4245/4234
f 4336/4325/4316 4255/4244/4235 4335/4326/4315
f 4336/4325/4316 4257/4247/4237 4256/4246/4236
f 4338/4327/4318 4257/4247/4237 4337/4328/4317
f 4338/4327/4318 4259/4248/4239 4258/4249/4238
f 4340/4329/4320 4259/4248/4239 4339/4330/4319
f 4340/4329/4320 4261/4250/4241 4260/4251/4240
f 4341/4331/4321 4262/4252/4242 4261/4250/4241
f 4343/4332/4323 4262/4252/4242 4342/4333/4322
f 4343/4332/4323 4264/4253/4244 4263/4254/4243
f 4344/4334/4324 4265/4255/4245 4264/4253/4244
f 4346/4335/4326 4265/4255/4245 4345/4336/4325
f 4346/4335/4326 4267/4256/4247 4266/4257/4246
f 4348/4337/4328 4267/4256/4247 4347/4338/4327
f 4348/4337/4328 4269/4259/4249 4268/4258/4248
f 4350/4339/4330 4269/4259/4249 4349/4340/4329
f 4351/4341/4331 4270/4260/4250 4350/4339/4330
f 4351/4341/4331 4272/4261/4252 4271/4262/4251
f 4353/4342/4333 4272/4261/4252 4352/4343/4332
f 4353/4342/4333 4274/4265/4254 4273/4263/4253
f 4354/4344/4334 4275/4264/4255 4274/4265/4254
f 4356/4345/4336 4275/4264/4255 4355/4346/4335
f 4356/4345/4336 4277/4267/4257 4276/4266/4256
f 4358/4347/4338 4277/4267/4257 4357/4348/4337
f 4358/4347/4338 4279/4268/4259 4278/4269/4258
f 4360/4349/4340 4279/4268/4259 4359/4350/4339
f 4360/4349/4340 4281/4272/4261 4280/4270/4260
f 4362/4351/4342 4281/4272/4261 4361/4352/4341
f 4362/4351/4342 4283/4273/4263 4282/4271/4262
f 4364/4353/4344 4283/4273/4263 4363/4354/4343
f 4365/4355/4345 4284/4275/4264 4364/4353/4344
f 4365/4355/4345 4286/4276/4266 4285/4274/4265
f 4366/4356/4346 4287/4278/4267 4286/4276/4266
f 4368/4357/4348 4287/4278/4267 4367/4358/4347
f 4368/4357/4348 4289/4279/4269 4288/4277/4268
f 4370/4359/4350 4289/4279/4269 4369/4360/4349
f 4370/4359/4350 4291/4282/4271 4290/4280/4270
f 4372/4361/4352 4291/4282/4271 4371/4362/4351
f 4372/4361/4352 4293/4283/4273 4292/4281/4272
f 4373/4363/4353 4294/4284/4274 4293/4283/4273
f 4374/4364/4354 4295/4285/4275 4294/4284/4274
f 4376/4365/4356 4295/4285/4275 4375/4366/4355
f 4376/4365/4356 4297/4286/4277 4296/4287/4276
f 4377/4367/4357 4298/4289/4278 4297/4286/4277
f 4379/4368/4359 4298/4289/4278 4378/4369/4358
f 4380/4370/4360 4299/4288/4279 4379/4368/4359
f 4380/4370/4360 4301/4290/4281 4300/4291/4280
f 4382/4371/4362 4301/4290/4281 4381/4372/4361
f 4382/4371/4362 4303/4292/4283 4302/4293/4282
f 4384/4373/4364 4303/4292/4283 4383/4374/4363
f 4384/4373/4364 4305/4295/4285 4304/4294/4284
f 4386/4375/4366 4305/4295/4285 4385/4376/4365
f 4386/4375/4366 4307/4296/4287 4306/4297/4286
f 4388/4377/4368 4307/4296/4287 4387/4378/4367
f 4388/4377/4368 4309/4299/4289 4308/4298/4288
f 4389/4379/4369 4310/4301/4290 4309/4299/4289
f 4390/4380/4370 4311/4300/4291 4310/4301/4290
f 4391/4381/4371 4312/4302/4292 4311/4300/4291
f 4392/4382/4372 4313/4303/4293 4312/4302/4292
f 4393/4383/4373 4314/4304/4294 4313/4303/4293
f 4394/4384/4374 4315/4306/4295 4314/4304/4294
f 4396/4385/4376 4315/4306/4295 4395/4386/4375
f 4397/4387/4377 4316/4305/4296 4396/4385/4376
f 4398/4388/4378 4317/4307/4297 4397/4387/4377
f 4399/4389/4379 4318/4308/4298 4398/4388/4378
f 4399/4389/4379 4320/4390/4300 4319/4309/4299
f 4401/4391/4381 4322/4313/4302 4321/4311/4301
f 4402/4392/4382 4323/4312/4303 4322/4313/4302
f 4403/4393/4383 4324/4314/4304 4323/4312/4303
f 4404/4394/4384 4325/4315/4305 4324/4314/4304
f 4405/4395/4385 4326/4316/4306 4325/4315/4305
f 4406/4396/4386 4327/4317/4307 4326/4316/4306
f 4407/4397/4387 4328/4318/4308 4327/4317/4307
f 4408/4398/4388 4329/4319/4309 4328/4318/4308
f 4410/4399/4390 4329/4319/4309 4409/4400/4389
f 4411/4401/4391 4330/4320/4310 4410/4399/4390
f 4411/4401/4391 4332/4321/4312 4331/4322/4311
f 4413/4402/4393 4332/4321/4312 4412/4403/4392
f 4414/4404/4394 4333/4323/4313 4413/4402/4393
f 4414/4404/4394 4335/4326/4315 4334/4324/4314
f 4415/4405/4395 4336/4325/4316 4335/4326/4315
f 4416/4406/4396 4337/4328/4317 4336/4325/4316
f 4417/4407/4397 4338/4327/4318 4337/4328/4317
f 4418/4408/4398 4339/4330/4319 4338/4327/4318
f 4420/4409/4400 4339/4330/4319 4419/4410/4399
f 4421/4411/4401 4340/4329/4320 4420/4409/4400
f 4421/4411/4401 4342/4333/4322 4341/4331/4321
f 4422/4412/4402 4343/4332/4323 4342/4333/4322
f 4423/4413/4403 4344/4334/4324 4343/4332/4323
f 4425/4414/4405 4344/4334/4324 4424/4415/4404
f 4426/4416/4406 4345/4336/4325 4425/4414/4405
f 4427/4417/4407 4346/4335/4326 4426/4416/4406
f 4427/4417/4407 4348/4337/4328 4347/4338/4327
f 4429/4418/4409 4348/4337/4328 4428/4419/4408
f 4429/4418/4409 4350/4339/4330 4349/4340/4329
f 4431/4420/4411 4350/4339/4330 4430/4421/4410
f 4431/4420/4411 4352/4343/4332 4351/4341/4331
f 4433/4422/4413 4352/4343/4332 4432/4423/4412
f 4434/4424/4414 4353/4342/4333 4433/4422/4413
f 4435/4425/4415 4354/4344/4334 4434/4424/4414
f 4435/4425/4415 4356/4345/4336 4355/4346/4335
f 4436/4426/4416 4357/4348/4337 4356/4345/4336
f 4437/4427/4417 4358/4347/4338 4357/4348/4337
f 4439/4428/4419 4358/4347/4338 4438/4429/4418
f 4440/4430/4420 4359/4350/4339 4439/4428/4419
f 4441/4431/4421 4360/4349/4340 4440/4430/4420
f 4441/4431/4421 4362/4351/4342 4361/4352/4341
f 4442/4432/4422 4363/4354/4343 4362/4351/4342
f 4443/4433/4423 4364/4353/4344 4363/4354/4343
f 4445/4434/4425 4364/4353/4344 4444/4435/4424
f 4445/4434/4425 4366/4356/4346 4365/4355/4345
f 4447/4436/4427 4366/4356/4346 4446/4437/4426
f 4447/4436/4427 4368/4357/4348 4367/4358/4347
f 4448/4438/4428 4369/4360/4349 4368/4357/4348
f 4450/4439/4430 4369/4360/4349 4449/4440/4429
f 4451/4441/4431 4370/4359/4350 4450/4439/4430
f 4451/4441/4431 4372/4361/4352 4371/4362/4351
f 4452/4442/4432 4373/4363/4353 4372/4361/4352
f 4453/4443/4433 4374/4364/4354 4373/4363/4353
f 4454/4444/4434 4375/4366/4355 4374/4364/4354
f 4455/4445/4435 4376/4365/4356 4375/4366/4355
f 4457/4446/4437 4376/4365/4356 4456/4447/4436
f 4457/4446/4437 4378/4369/4358 4377/4367/4357
f 4458/4448/4438 4379/4368/4359 4378/4369/4358
f 4460/4449/4440 4379/4368/4359 4459/4450/4439
f 4460/4449/4440 4381/4372/4361 4380/4370/4360
f 4461/4451/4441 4382/4371/4362 4381/4372/4361
f 4463/4452/4443 4382/4371/4362 4462/4453/4442
f 4463/4452/4443 4384/4373/4364 4383/4374/4363
f 4464/4454/4444 4385/4376/4365 4384/4373/4364
f 4465/4455/4445 4386/4375/4366 4385/4376/4365
f 4466/4456/4446 4387/4378/4367 4386/4375/4366
f 4467/4457/4447 4388/4377/4368 4387/4378/4367
f 4468/4458/4448 4389/4379/4369 4388/4377/4368
f 4470/4459/4450 4389/4379/4369 4469/4460/4449
f 4470/4459/4450 4391/4381/4371 4390/4380/4370
f 4472/4461/4452 4391/4381/4371 4471/4462/4451
f 4473/4463/4453 4392/4382/4372 4472/4461/4452
f 4474/4464/4454 4393/4383/4373 4473/4463/4453
f 4475/4465/4455 4394/4384/4374 4474/4464/4454
f 4476/4466/4456 4395/4386/4375 4475/4465/4455
f 4477/4467/4457 4396/4385/4376 4476/4466/4456
f 4478/4468/4458 4397/4387/4377 4477/4467/4457
f 4479/4469/4459 4398/4388/4378 4478/4468/4458
f 4480/4470/4460 4399/4389/4379 4479/4469/4459
f 4481/4471/4461 4402/4392/4382 4401/4391/4381
f 4482/4472/4462 4403/4393/4383 4402/4392/4382
f 4483/4473/4463 4404/4394/4384 4403/4393/4383
f 4484/4474/4464 4405/4395/4385 4404/4394/4384
f 4485/4475/4465 4406/4396/4386 4405/4395/4385
f 4486/4476/4466 4407/4397/4387 4406/4396/4386
f 4487/4477/4467 4408/4398/4388 4407/4397/4387
f 4489/4478/4469 4408/4398/4388 4488/4479/4468
f 4490/4480/4470 4409/4400/4389 4489/4478/4469
f 4491/4481/4471 4410/4399/4390 4490/4480/4470
f 4491/4481/4471 4412/4403/4392 4411/4401/4391
f 4492/4482/4472 4413/4402/4393 4412/4403/4392
f 4494/4483/4474 4413/4402/4393 4493/4484/4473
f 4495/4485/4475 4414/4404/4394 4494/4483/4474
f 4496/4486/4476 4415/4405/4395 4495/4485/4475
f 4497/4487/4477 4416/4406/4396 4496/4486/4476
f 4497/4487/4477 4418/4408/4398 4417/4407/4397
f 4498/4488/4478 4419/4410/4399 4418/4408/4398
f 4500/4489/4480 4419/4410/4399 4499/4490/4479
f 4501/4491/4481 4420/4409/4400 4500/4489/4480
f 4502/4492/4482 4421/4411/4401 4501/4491/4481
f 4502/4492/4482 4423/4413/4403 4422/4412/4402
f 4504/4493/4484 4423/4413/4403 4503/4494/4483
f 4504/4493/4484 4425/4414/4405 4424/4415/4404
f 4505/4495/4485 4426/4416/4406 4425/4414/4405
f 4507/4496/4487 4426/4416/4406 4506/4497/4486
f 4508/4498/4488 4427/4417/4407 4507/4496/4487
f 4508/4498/4488 4429/4418/4409 4428/4419/4408
f 4510/4499/4490 4429/4418/4409 4509/4500/4489
f 4510/4499/4490 4431/4420/4411 4430/4421/4410
f 4512/4501/4492 4431/4420/4411 4511/4502/4491
f 4512/4501/4492 4433/4422/4413 4432/4423/4412
f 4513/4503/4493 4434/4424/4414 4433/4422/4413
f 4514/4504/4494 4435/4425/4415 4434/4424/4414
f 4515/4505/4495 4436/4426/4416 4435/4425/4415
f 4517/4506/4497 4436/4426/4416 4516/4507/4496
f 4518/4508/4498 4437/4427/4417 4517/4506/4497
f 4518/4508/4498 4439/4428/4419 4438/4429/4418
f 4519/4509/4499 4440/4430/4420 4439/4428/4419
f 4520/4510/4500 4441/4431/4421 4440/4430/4420
f 4521/4511/4501 4442/4432/4422 4441/4431/4421
f 4523/4512/4503 4442/4432/4422 4522/4513/4502
f 4524/4514/4504 4443/4433/4423 4523/4512/4503
f 4525/4515/4505 4444/4435/4424 4524/4514/4504
f 4526/4516/4506 4445/4434/4425 4525/4515/4505
f 4526/4516/4506 4447/4436/4427 4446/4437/4426
f 4527/4517/4507 4448/4438/4428 4447/4436/4427
f 4528/4518/4508 4449/4440/4429 4448/4438/4428
f 4529/4519/4509 4450/4439/4430 4449/4440/4429
f 4531/4520/4511 4450/4439/4430 4530/4521/4510
f 4531/4520/4511 4452/4442/4432 4451/4441/4431
f 4532/4522/4512 4453/4443/4433 4452/4442/4432
f 4534/4523/4514 4453/4443/4433 4533/4524/4513
f 4535/4525/4515 4454/4444/4434 4534/4523/4514
f 4536/4526/4516 4455/4445/4435 4535/4525/4515
f 4536/4526/4516 4457/4446/4437 4456/4447/4436
f 4538/4527/4518 4457/4446/4437 4537/4528/4517
f 4538/4527/4518 4459/4450/4439 4458/4448/4438
f 4540/4529/4520 4459/4450/4439 4539/4530/4519
f 4540/4529/4520 4461/4451/4441 4460/4449/4440
f 4542/4531/4522 4461/4451/4441 4541/4532/4521
f 4542/4531/4522 4463/4452/4443 4462/4453/4442
f 4543/4533/4523 4464/4454/4444 4463/4452/4443
f 4545/4534/4525 4464/4454/4444 4544/4535/4524
f 4545/4534/4525 4466/4456/4446 4465/4455/4445
f 4547/4536/4527 4466/4456/4446 4546/4537/4526
f 4547/4536/4527 4468/4458/4448 4467/4457/4447
f 4548/4538/4528 4469/4460/4449 4468/4458/4448
f 4550/4539/4530 4469/4460/4449 4549/4540/4529
f 4550/4539/4530 4471/4462/4451 4470/4459/4450
f 4551/4541/4531 4472/4461/4452 4471/4462/4451
f 4553/4542/4533 4472/4461/4452 4552/4543/4532
f 4554/4544/4534 4473/4463/4453 4553/4542/4533
f 4555/4545/4535 4474/4464/4454 4554/4544/4534
f 4556/4546/4536 4475/4465/4455 4555/4545/4535
f 4557/4547/4537 4476/4466/4456 4556/4546/4536
f 4558/4548/4538 4477/4467/4457 4557/4547/4537
f 4559/4549/4539 4478/4468/4458 4558/4548/4538
f 4560/4550/4540 4479/4469/4459 4559/4549/4539
f 4561/4551/4541 4482/4472/4462 4481/4471/4461
f 4562/4552/4542 4483/4473/4463 4482/4472/4462
f 4563/4553/4543 4484/4474/4464 4483/4473/4463
f 4564/4554/4544 4485/4475/4465 4484/4474/4464
f 4565/4555/4545 4486/4476/4466 4485/4475/4465
f 4566/4556/4546 4487/4477/4467 4486/4476/4466
f 4568/4557/4548 4487/4477/4467 4567/4558/4547
f 4569/4559/4549 4488/4479/4468 4568/4557/4548
f 4570/4560/4550 4489/4478/4469 4569/4559/4549
f 4571/4561/4551 4490/4480/4470 4570/4560/4550
f 4572/4562/4552 4491/4481/4471 4571/4561/4551
f 4573/4563/4553 4492/4482/4472 4572/4562/4552
f 4574/4564/4554 4493/4484/4473 4573/4563/4553
f 4574/4564/4554 4495/4485/4475 4494/4483/4474
f 4576/4565/4556 4495/4485/4475 4575/4566/4555
f 4577/4567/4557 4496/4486/4476 4576/4565/4556
f 4577/4567/4557 4498/4488/4478 4497/4487/4477
f 4578/4568/4558 4499/4490/4479 4498/4488/4478
f 4579/4569/4559 4500/4489/4480 4499/4490/4479
f 4581/4570/4561 4500/4489/4480 4580/4571/4560
f 4582/4572/4562 4501/4491/4481 4581/4570/4561
f 4582/4572/4562 4503/4494/4483 4502/4492/4482
f 4583/4573/4563 4504/4493/4484 4503/4494/4483
f 4584/4574/4564 4505/4495/4485 4504/4493/4484
f 4586/4575/4566 4505/4495/4485 4585/4576/4565
f 4586/4575/4566 4507/4496/4487 4506/4497/4486
f 4587/4577/4567 4508/4498/4488 4507/4496/4487
f 4588/4578/4568 4509/4500/4489 4508/4498/4488
f 4589/4579/4569 4510/4499/4490 4509/4500/4489
f 4591/4580/4571 4510/4499/4490 4590/4581/4570
f 4591/4580/4571 4512/4501/4492 4511/4502/4491
f 4593/4582/4573 4512/4501/4492 4592/4583/4572
f 4594/4584/4574 4513/4503/4493 4593/4582/4573
f 4594/4584/4574 4515/4505/4495 4514/4504/4494
f 4596/4585/4576 4515/4505/4495 4595/4586/4575
f 4597/4587/4577 4516/4507/4496 4596/4585/4576
f 4597/4587/4577 4518/4508/4498 4517/4506/4497
f 4599/4588/3115 4518/4508/4498 4598/4589/4578
f 4599/4588/3115 4520/4510/4500 4519/4509/4499
f 4600/4590/4579 4521/4511/4501 4520/4510/4500
f 4602/4591/4581 4521/4511/4501 4601/4592/4580
f 4603/4593/4582 4522/4513/4502 4602/4591/4581
f 4603/4593/4582 4524/4514/4504 4523/4512/4503
f 4605/4594/4584 4524/4514/4504 4604/4595/4583
f 4605/4594/4584 4526/4516/4506 4525/4515/4505
f 4607/4596/4586 4526/4516/4506 4606/4597/4585
f 4608/4598/4587 4527/4517/4507 4607/4596/4586
f 4609/4599/4588 4528/4518/4508 4608/4598/4587
f 4609/4599/4588 4530/4521/4510 4529/4519/4509
f 4611/4600/4590 4530/4521/4510 4610/4601/4589
f 4611/4600/4590 4532/4522/4512 4531/4520/4511
f 4612/4602/4591 4533/4524/4513 4532/4522/4512
f 4614/4603/4593 4533/4524/4513 4613/4604/4592
f 4614/4603/4593 4535/4525/4515 4534/4523/4514
f 4616/4605/4595 4535/4525/4515 4615/4606/4594
f 4617/4607/4596 4536/4526/4516 4616/4605/4595
f 4618/4608/4597 4537/4528/4517 4617/4607/4596
f 4619/4609/4598 4538/4527/4518 4618/4608/4597
f 4620/4610/4599 4539/4530/4519 4619/4609/4598
f 4621/4611/4600 4540/4529/4520 4620/4610/4599
f 4622/4612/4601 4541/4532/4521 4621/4611/4600
f 4622/4612/4601 4543/4533/4523 4542/4531/4522
f 4623/4613/4602 4544/4535/4524 4543/4533/4523
f 4625/4614/4604 4544/4535/4524 4624/4615/4603
f 4625/4614/4604 4546/4537/4526 4545/4534/4525
f 4627/4616/4605 4546/4537/4526 4626/4617/2084
f 4627/4616/4605 4548/4538/4528 4547/4536/4527
f 4628/4618/4606 4549/4540/4529 4548/4538/4528
f 4630/4619/4608 4549/4540/4529 4629/4620/4607
f 4630/4619/4608 4551/4541/4531 4550/4539/4530
f 4632/4621/4610 4551/4541/4531 4631/4622/4609
f 4633/4623/4611 4552/4543/4532 4632/4621/4610
f 4634/4624/4612 4553/4542/4533 4633/4623/4611
f 4635/4625/4613 4554/4544/4534 4634/4624/4612
f 4636/4626/4614 4555/4545/4535 4635/4625/4613
f 4637/4627/4615 4556/4546/4536 4636/4626/4614
f 4638/4628/4616 4557/4547/4537 4637/4627/4615
f 4639/4629/4617 4558/4548/4538 4638/4628/4616
f 4640/4630/4618 4559/4549/4539 4639/4629/4617
f 4641/4631/4619 4562/4552/4542 4561/4551/4541
f 4642/4632/4620 4563/4553/4543 4562/4552/4542
f 4643/4633/4621 4564/4554/4544 4563/4553/4543
f 4644/4634/4622 4565/4555/4545 4564/4554/4544
f 4645/4635/4623 4566/4556/4546 4565/4555/4545
f 4646/4636/4624 4567/4558/4547 4566/4556/4546
f 4647/4637/4625 4568/4557/4548 4567/4558/4547
f 4649/4638/4627 4568/4557/4548 4648/4639/4626
f 4650/4640/4628 4569/4559/4549 4649/4638/4627
f 4651/4641/4629 4570/4560/4550 4650/4640/4628
f 4652/4642/4630 4571/4561/4551 4651/4641/4629
f 4652/4642/4630 4573/4563/4553 4572/4562/4552
f 4654/4643/4632 4573/4563/4553 4653/4644/4631
f 4654/4643/4632 4575/4566/4555 4574/4564/4554
f 4655/4645/4633 4576/4565/4556 4575/4566/4555
f 4656/4646/4634 4577/4567/4557 4576/4565/4556
f 4658/4647/4636 4577/4567/4557 4657/4648/4635
f 4658/4647/4636 4579/4569/4559 4578/4568/4558
f 4659/4649/4637 4580/4571/4560 4579/4569/4559
f 4660/4650/4638 4581/4570/4561 4580/4571/4560
f 4661/4651/4639 4582/4572/4562 4581/4570/4561
f 4663/4652/4641 4582/4572/4562 4662/4653/4640
f 4664/4654/4642 4583/4573/4563 4663/4652/4641
f 4664/4654/4642 4585/4576/4565 4584/4574/4564
f 4665/4655/4643 4586/4575/4566 4585/4576/4565
f 4667/4656/4645 4586/4575/4566 4666/4657/4644
f 4668/4658/4646 4587/4577/4567 4667/4656/4645
f 4669/4659/4647 4588/4578/4568 4668/4658/4646
f 4670/4660/4648 4589/4579/4569 4669/4659/4647
f 4670/4660/4648 4591/4580/4571 4590/4581/4570
f 4672/4661/4650 4591/4580/4571 4671/4662/4649
f 4673/4663/4651 4592/4583/4572 4672/4661/4650
f 4674/4664/4652 4593/4582/4573 4673/4663/4651
f 4674/4664/4652 4595/4586/4575 4594/4584/4574
f 4675/4665/4653 4596/4585/4576 4595/4586/4575
f 4677/4666/4655 4596/4585/4576 4676/4667/4654
f 4677/4666/4655 4598/4589/4578 4597/4587/4577
f 4679/4668/4657 4598/4589/4578 4678/4669/4656
f 4679/4668/4657 4600/4590/4579 4599/4588/3115
f 4681/4670/4659 4600/4590/4579 4680/4671/4658
f 4681/4670/4659 4602/4591/4581 4601/4592/4580
f 4683/4672/4661 4602/4591/4581 4682/4673/4660
f 4684/4674/4662 4603/4593/4582 4683/4672/4661
f 4684/4674/4662 4605/4594/4584 4604/4595/4583
f 4686/4675/4664 4605/4594/4584 4685/4676/4663
f 4687/4677/4665 4606/4597/4585 4686/4675/4664
f 4687/4677/4665 4608/4598/4587 4607/4596/4586
f 4688/4678/4666 4609/4599/4588 4608/4598/4587
f 4689/4679/4667 4610/4601/4589 4609/4599/4588
f 4691/4680/4669 4610/4601/4589 4690/4681/4668
f 4692/4682/4670 4611/4600/4590 4691/4680/4669
f 4692/4682/4670 4613/4604/4592 4612/4602/4591
f 4693/4683/4671 4614/4603/4593 4613/4604/4592
f 4695/4684/4673 4614/4603/4593 4694/4685/4672
f 4695/4684/4673 4616/4605/4595 4615/4606/4594
f 4697/4686/4675 4616/4605/4595 4696/4687/4674
f 4697/4686/4675 4618/4608/4597 4617/4607/4596
f 4699/4688/4677 4618/4608/4597 4698/4689/4676
f 4699/4688/4677 4620/4610/4599 4619/4609/4598
f 4701/4690/4679 4620/4610/4599 4700/4691/4678
f 4701/4690/4679 4622/4612/4601 4621/4611/4600
f 4703/4692/4681 4622/4612/4601 4702/4693/4680
f 4704/4694/4682 4623/4613/4602 4703/4692/4681
f 4704/4694/4682 4625/4614/4604 4624/4615/4603
f 4705/4695/4683 4626/4617/2084 4625/4614/4604
f 4706/4696/4684 4627/4616/4605 4626/4617/2084
f 4708/4697/4686 4627/4616/4605 4707/4698/4685
f 4708/4697/4686 4629/4620/4607 4628/4618/4606
f 4709/4699/4687 4630/4619/4608 4629/4620/4607
f 4710/4700/4688 4631/4622/4609 4630/4619/4608
f 4712/4701/4690 4631/4622/4609 4711/4702/4689
f 4713/4703/4691 4632/4621/4610 4712/4701/4690
f 4714/4704/4692 4633/4623/4611 4713/4703/4691
f 4715/4705/4693 4634/4624/4612 4714/4704/4692
f 4716/4706/4694 4635/4625/4613 4715/4705/4693
f 4717/4707/4695 4636/4626/4614 4716/4706/4694
f 4718/4708/4696 4637/4627/4615 4717/4707/4695
f 4719/4709/4697 4638/4628/4616 4718/4708/4696
f 4720/4710/4698 4639/4629/4617 4719/4709/4697
f 4721/4711/4699 4642/4632/4620 4641/4631/4619
f 4722/4712/4700 4643/4633/4621 4642/4632/4620
f 4723/4713/4701 4644/4634/4622 4643/4633/4621
f 4724/4714/4702 4645/4635/4623 4644/4634/4622
f 4725/4715/4703 4646/4636/4624 4645/4635/4623
f 4726/4716/4704 4647/4637/4625 4646/4636/4624
f 4727/4717/4705 4648/4639/4626 4647/4637/4625
f 4728/4718/4706 4649/4638/4627 4648/4639/4626
f 4730/4719/4708 4649/4638/4627 4729/4720/4707
f 4731/4721/4709 4650/4640/4628 4730/4719/4708
f 4732/4722/4710 4651/4641/4629 4731/4721/4709
f 4733/4723/4711 4652/4642/4630 4732/4722/4710
f 4734/4724/4712 4653/4644/4631 4733/4723/4711
f 4735/4725/4713 4654/4643/4632 4734/4724/4712
f 4735/4725/4713 4656/4646/4634 4655/4645/4633
f 4736/4726/4714 4657/4648/4635 4656/4646/4634
f 4738/4727/4716 4657/4648/4635 4737/4728/4715
f 4739/4729/4717 4658/4647/4636 4738/4727/4716
f 4739/4729/4717 4660/4650/4638 4659/4649/4637
f 4741/4730/4719 4660/4650/4638 4740/4731/4718
f 4741/4730/4719 4662/4653/4640 4661/4651/4639
f 4742/4732/4720 4663/4652/4641 4662/4653/4640
f 4744/4733/4722 4663/4652/4641 4743/4734/4721
f 4745/4735/4723 4664/4654/4642 4744/4733/4722
f 4745/4735/4723 4666/4657/4644 4665/4655/4643
f 4747/4736/4725 4666/4657/4644 4746/4737/4724
f 4748/4738/4726 4667/4656/4645 4747/4736/4725
f 4748/4738/4726 4669/4659/4647 4668/4658/4646
f 4750/4739/4728 4669/4659/4647 4749/4740/4727
f 4751/4741/4729 4670/4660/4648 4750/4739/4728
f 4752/4742/4730 4671/4662/4649 4751/4741/4729
f 4752/4742/4730 4673/4663/4651 4672/4661/4650
f 4753/4743/4731 4674/4664/4652 4673/4663/4651
f 4754/4744/4732 4675/4665/4653 4674/4664/4652
f 4756/4745/4734 4675/4665/4653 4755/4746/4733
f 4757/4747/4735 4676/4667/4654 4756/4745/4734
f 4757/4747/4735 4678/4669/4656 4677/4666/4655
f 4758/4748/4736 4679/4668/4657 4678/4669/4656
f 4760/4749/4738 4679/4668/4657 4759/4750/4737
f 4761/4751/4739 4680/4671/4658 4760/4749/4738
f 4761/4751/4739 4682/4673/4660 4681/4670/4659
f 4762/4752/4740 4683/4672/4661 4682/4673/4660
f 4763/4753/4741 4684/4674/4662 4683/4672/4661
f 4765/4754/4743 4684/4674/4662 4764/4755/4742
f 4766/4756/4744 4685/4676/4663 4765/4754/4743
f 4766/4756/4744 4687/4677/4665 4686/4675/4664
f 4768/4757/4746 4687/4677/4665 4767/4758/4745
f 4768/4757/4746 4689/4679/4667 4688/4678/4666
f 4770/4759/4748 4689/4679/4667 4769/4760/4747
f 4770/4759/4748 4691/4680/4669 4690/4681/4668
f 4772/4761/4750 4691/4680/4669 4771/4762/4749
f 4773/4763/4751 4692/4682/4670 4772/4761/4750
f 4773/4763/4751 4694/4685/4672 4693/4683/4671
f 4774/4764/4752 4695/4684/4673 4694/4685/4672
f 4775/4765/4753 4696/4687/4674 4695/4684/4673
f 4777/4766/4755 4696/4687/4674 4776/4767/4754
f 4777/4766/4755 4698/4689/4676 4697/4686/4675
f 4779/4768/4757 4698/4689/4676 4778/4769/4756
f 4780/4770/4758 4699/4688/4677 4779/4768/4757
f 4781/4771/4759 4700/4691/4678 4780/4770/4758
f 4781/4771/4759 4702/4693/4680 4701/4690/4679
f 4783/4772/4761 4702/4693/4680 4782/4773/4760
f 4783/4772/4761 4704/4694/4682 4703/4692/4681
f 4785/4774/4763 4704/4694/4682 4784/4775/4762
f 4786/4776/4764 4705/4695/4683 4785/4774/4763
f 4786/4776/4764 4707/4698/4685 4706/4696/4684
f 4788/4777/4766 4707/4698/4685 4787/4778/4765
f 4788/4777/4766 4709/4699/4687 4708/4697/4686
f 4789/4779/4767 4710/4700/4688 4709/4699/4687
f 4790/4780/4768 4711/4702/4689 4710/4700/4688
f 4792/4781/4770 4711/4702/4689 4791/4782/4769
f 4793/4783/4771 4712/4701/4690 4792/4781/4770
f 4794/4784/4772 4713/4703/4691 4793/4783/4771
f 4795/4785/4773 4714/4704/4692 4794/4784/4772
f 4796/4786/4774 4715/4705/4693 4795/4785/4773
f 4797/4787/4775 4716/4706/4694 4796/4786/4774
f 4797/4787/4775 4718/4708/4696 4717/4707/4695
f 4799/4788/4777 4718/4708/4696 4798/4789/4776
f 4800/4790/4778 4719/4709/4697 4799/4788/4777
f 4801/4791/4779 4722/4712/4700 4721/4711/4699
f 4802/4792/4780 4723/4713/4701 4722/4712/4700
f 4803/4793/4781 4724/4714/4702 4723/4713/4701
f 4805/4794/4783 4724/4714/4702 4804/4795/4782
f 4806/4796/4784 4725/4715/4703 4805/4794/4783
f 4806/4796/4784 4727/4717/4705 4726/4716/4704
f 4807/4797/4785 4728/4718/4706 4727/4717/4705
f 4808/4798/4786 4729/4720/4707 4728/4718/4706
f 4809/4799/4787 4730/4719/4708 4729/4720/4707
f 4811/4800/4789 4730/4719/4708 4810/4801/4788
f 4811/4800/4789 4732/4722/4710 4731/4721/4709
f 4813/4802/4791 4732/4722/4710 4812/4803/4790
f 4813/4802/4791 4734/4724/4712 4733/4723/4711
f 4815/4804/4793 4734/4724/4712 4814/4805/4792
f 4816/4806/4794 4735/4725/4713 4815/4804/4793
f 4817/4807/4795 4736/4726/4714 4816/4806/4794
f 4818/4808/4796 4737/4728/4715 4817/4807/4795
f 4819/4809/4797 4738/4727/4716 4818/4808/4796
f 4819/4809/4797 4740/4731/4718 4739/4729/4717
f 4821/4810/4799 4740/4731/4718 4820/4811/4798
f 4821/4810/4799 4742/4732/4720 4741/4730/4719
f 4822/4812/4800 4743/4734/4721 4742/4732/4720
f 4824/4813/4802 4743/4734/4721 4823/4814/4801
f 4824/4813/4802 4745/4735/4723 4744/4733/4722
f 4825/4815/4803 4746/4737/4724 4745/4735/4723
f 4826/4816/4804 4747/4736/4725 4746/4737/4724
f 4828/4817/4806 4747/4736/4725 4827/4818/4805
f 4829/4819/4807 4748/4738/4726 4828/4817/4806
f 4829/4819/4807 4750/4739/4728 4749/4740/4727
f 4830/4820/4808 4751/4741/4729 4750/4739/4728
f 4832/4821/4810 4751/4741/4729 4831/4822/4809
f 4832/4821/4810 4753/4743/4731 4752/4742/4730
f 4833/4823/4811 4754/4744/4732 4753/4743/4731
f 4835/4824/4813 4754/4744/4732 4834/4825/4812
f 4835/4824/4813 4756/4745/4734 4755/4746/4733
f 4837/4826/4815 4756/4745/4734 4836/4827/4814
f 4837/4826/4815 4758/4748/4736 4757/4747/4735
f 4838/4828/4816 4759/4750/4737 4758/4748/4736
f 4839/4829/4817 4760/4749/4738 4759/4750/4737
f 4841/4830/4819 4760/4749/4738 4840/4831/4818
f 4841/4830/4819 4762/4752/4740 4761/4751/4739
f 4843/4832/4821 4762/4752/4740 4842/4833/4820
f 4843/4832/4821 4764/4755/4742 4763/4753/4741
f 4845/4834/4823 4764/4755/4742 4844/4835/4822
f 4845/4834/4823 4766/4756/4744 4765/4754/4743
f 4846/4836/4824 4767/4758/4745 4766/4756/4744
f 4848/4837/4826 4767/4758/4745 4847/4838/4825
f 4848/4837/4826 4769/4760/4747 4768/4757/4746
f 4850/4839/4828 4769/4760/4747 4849/4840/4827
f 4851/4841/4829 4770/4759/4748 4850/4839/4828
f 4851/4841/4829 4772/4761/4750 4771/4762/4749
f 4852/4842/4830 4773/4763/4751 4772/4761/4750
f 4854/4843/4832 4773/4763/4751 4853/4844/4831
f 4854/4843/4832 4775/4765/4753 4774/4764/4752
f 4856/4845/4834 4775/4765/4753 4855/4846/4833
f 4856/4845/4834 4777/4766/4755 4776/4767/4754
f 4858/4847/4836 4777/4766/4755 4857/4848/4835
f 4858/4847/4836 4779/4768/4757 4778/4769/4756
f 4860/4849/4838 4779/4768/4757 4859/4850/4837
f 4860/4849/4838 4781/4771/4759 4780/4770/4758
f 4862/4851/4840 4781/4771/4759 4861/4852/4839
f 4862/4851/4840 4783/4772/4761 4782/4773/4760
f 4864/4853/4842 4783/4772/4761 4863/4854/4841
f 4864/4853/4842 4785/4774/4763 4784/4775/4762
f 4865/4855/4843 4786/4776/4764 4785/4774/4763
f 4866/4856/4844 4787/4778/4765 4786/4776/4764
f 4868/4857/4846 4787/4778/4765 4867/4858/4845
f 4868/4857/4846 4789/4779/4767 4788/4777/4766
f 4869/4859/4847 4790/4780/4768 4789/4779/4767
f 4870/4860/4848 4791/4782/4769 4790/4780/4768
f 4872/4861/4850 4791/4782/4769 4871/4862/4849
f 4872/4861/4850 4793/4783/4771 4792/4781/4770
f 4873/4863/4851 4794/4784/4772 4793/4783/4771
f 4874/4864/4852 4795/4785/4773 4794/4784/4772
f 4876/4865/4854 4795/4785/4773 4875/4866/4853
f 4877/4867/4855 4796/4786/4774 4876/4865/4854
f 4877/4867/4855 4798/4789/4776 4797/4787/4775
f 4879/4868/4857 4798/4789/4776 4878/4869/4856
f 4880/4870/4858 4799/4788/4777 4879/4868/4857
f 4881/4871/4859 4802/4792/4780 4801/4791/4779
f 4882/4872/4860 4803/4793/4781 4802/4792/4780
f 4884/4873/4862 4803/4793/4781 4883/4874/4861
f 4885/4875/4863 4804/4795/4782 4884/4873/4862
f 4886/4876/4864 4805/4794/4783 4885/4875/4863
f 4886/4876/4864 4807/4797/4785 4806/4796/4784
f 4887/4877/4865 4808/4798/4786 4807/4797/4785
f 4888/4878/4866 4809/4799/4787 4808/4798/4786
f 4889/4879/4867 4810/4801/4788 4809/4799/4787
f 4891/4880/4869 4810/4801/4788 4890/4881/4868
f 4892/4882/4870 4811/4800/4789 4891/4880/4869
f 4893/4883/4871 4812/4803/4790 4892/4882/4870
f 4893/4883/4871 4814/4805/4792 4813/4802/4791
f 4895/4884/4873 4814/4805/4792 4894/4885/4872
f 4896/4886/4874 4815/4804/4793 4895/4884/4873
f 4897/4887/4875 4816/4806/4794 4896/4886/4874
f 4897/4887/4875 4818/4808/4796 4817/4807/4795
f 4899/4888/4877 4818/4808/4796 4898/4889/4876
f 4899/4888/4877 4820/4811/4798 4819/4809/4797
f 4901/4890/4879 4820/4811/4798 4900/4891/4878
f 4901/4890/4879 4822/4812/4800 4821/4810/4799
f 4902/4892/4880 4823/4814/4801 4822/4812/4800
f 4904/4893/4882 4823/4814/4801 4903/4894/4881
f 4904/4893/4882 4825/4815/4803 4824/4813/4802
f 4906/4895/4884 4825/4815/4803 4905/4896/4883
f 4906/4895/4884 4827/4818/4805 4826/4816/4804
f 4908/4897/4886 4827/4818/4805 4907/4898/4885
f 4909/4899/4887 4828/4817/4806 4908/4897/4886
f 4909/4899/4887 4830/4820/4808 4829/4819/4807
f 4911/4900/4889 4830/4820/4808 4910/4901/4888
f 4911/4900/4889 4832/4821/4810 4831/4822/4809
f 4913/4902/4891 4832/4821/4810 4912/4903/4890
f 4913/4902/4891 4834/4825/4812 4833/4823/4811
f 4915/4904/4893 4834/4825/4812 4914/4905/4892
f 4915/4904/4893 4836/4827/4814 4835/4824/4813
f 4917/4906/4895 4836/4827/4814 4916/4907/4894
f 4917/4906/4895 4838/4828/4816 4837/4826/4815
f 4918/4908/4896 4839/4829/4817 4838/4828/4816
f 4919/4909/4897 4840/4831/4818 4839/4829/4817
f 4921/4910/4899 4840/4831/4818 4920/4911/4898
f 4921/4910/4899 4842/4833/4820 4841/4830/4819
f 4923/4912/4901 4842/4833/4820 4922/4913/4900
f 4923/4912/4901 4844/4835/4822 4843/4832/4821
f 4925/4914/4903 4844/4835/4822 4924/4915/4902
f 4925/4914/4903 4846/4836/4824 4845/4834/4823
f 4926/4916/4904 4847/4838/4825 4846/4836/4824
f 4927/4917/4905 4848/4837/4826 4847/4838/4825
f 4929/4918/4907 4848/4837/4826 4928/4919/4906
f 4930/4920/4908 4849/4840/4827 4929/4918/4907
f 4930/4920/4908 4851/4841/4829 4850/4839/4828
f 4931/4921/4909 4852/4842/4830 4851/4841/4829
f 4932/4922/4910 4853/4844/4831 4852/4842/4830
f 4934/4923/4912 4853/4844/4831 4933/4924/4911
f 4934/4923/4912 4855/4846/4833 4854/4843/4832
f 4935/4925/4913 4856/4845/4834 4855/4846/4833
f 4936/4926/4914 4857/4848/4835 4856/4845/4834
f 4938/4927/4916 4857/4848/4835 4937/4928/4915
f 4938/4927/4916 4859/4850/4837 4858/4847/4836
f 4940/4929/4918 4859/4850/4837 4939/4930/4917
f 4940/4929/4918 4861/4852/4839 4860/4849/4838
f 4941/4931/4919 4862/4851/4840 4861/4852/4839
f 4942/4932/4920 4863/4854/4841 4862/4851/4840
f 4944/4933/4922 4863/4854/4841 4943/4934/4921
f 4944/4933/4922 4865/4855/4843 4864/4853/4842
f 4946/4935/4924 4865/4855/4843 4945/4936/4923
f 4946/4935/4924 4867/4858/4845 4866/4856/4844
f 4947/4937/4925 4868/4857/4846 4867/4858/4845
f 4948/4938/4926 4869/4859/4847 4868/4857/4846
f 4950/4939/4928 4869/4859/4847 4949/4940/4927
f 4951/4941/4929 4870/4860/4848 4950/4939/4928
f 4951/4941/4929 4872/4861/4850 4871/4862/4849
f 4952/4942/4930 4873/4863/4851 4872/4861/4850
f 4953/4943/4931 4874/4864/4852 4873/4863/4851
f 4954/4944/4932 4875/4866/4853 4874/4864/4852
f 4956/4945/4934 4875/4866/4853 4955/4946/4933
f 4957/4947/4935 4876/4865/4854 4956/4945/4934
f 4957/4947/4935 4878/4869/4856 4877/4867/4855
f 4959/4948/4937 4878/4869/4856 4958/4949/4936
f 4959/4948/4937 4880/4870/4858 4879/4868/4857
f 4961/4950/4939 4882/4872/4860 4881/4871/4859
f 4962/4951/4940 4883/4874/4861 4882/4872/4860
f 4963/4952/4941 4884/4873/4862 4883/4874/4861
f 4965/4953/4943 4884/4873/4862 4964/4954/4942
f 4966/4955/4944 4885/4875/4863 4965/4953/4943
f 4966/4955/4944 4887/4877/4865 4886/4876/4864
f 4967/4956/4945 4888/4878/4866 4887/4877/4865
f 4968/4957/4946 4889/4879/4867 4888/4878/4866
f 4970/4958/4948 4889/4879/4867 4969/4959/4947
f 4971/4960/4949 4890/4881/4868 4970/4958/4948
f 4972/4961/12 4891/4880/4869 4971/4960/4949
f 4973/4962/12 4892/4882/4870 4972/4961/12
f 4974/4963/4950 4893/4883/4871 4973/4962/12
f 4975/4964/4951 4894/4885/4872 4974/4963/4950
f 4975/4964/4951 4896/4886/4874 4895/4884/4873
f 4977/4965/4953 4896/4886/4874 4976/4966/4952
f 4978/4967/4954 4897/4887/4875 4977/4965/4953
f 4979/4968/4955 4898/4889/4876 4978/4967/4954
f 4979/4968/4955 4900/4891/4878 4899/4888/4877
f 4981/4969/4957 4900/4891/4878 4980/4970/4956
f 4982/4971/4958 4901/4890/4879 4981/4969/4957
f 4983/4972/4959 4902/4892/4880 4982/4971/4958
f 4984/4973/4960 4903/4894/4881 4983/4972/4959
f 4984/4973/4960 4905/4896/4883 4904/4893/4882
f 4985/4974/4961 4906/4895/4884 4905/4896/4883
f 4987/4975/4963 4906/4895/4884 4986/4976/4962
f 4987/4975/4963 4908/4897/4886 4907/4898/4885
f 4989/4977/4965 4908/4897/4886 4988/4978/4964
f 4989/4977/4965 4910/4901/4888 4909/4899/4887
f 4991/4979/4967 4910/4901/4888 4990/4980/4966
f 4992/4981/4968 4911/4900/4889 4991/4979/4967
f 4992/4981/4968 4913/4902/4891 4912/4903/4890
f 4994/4982/4970 4913/4902/4891 4993/4983/4969
f 4995/4984/4971 4914/4905/4892 4994/4982/4970
f 4995/4984/4971 4916/4907/4894 4915/4904/4893
f 4997/4985/4973 4916/4907/4894 4996/4986/4972
f 4997/4985/4973 4918/4908/4896 4917/4906/4895
f 4999/4987/4975 4918/4908/4896 4998/4988/4974
f 4999/4987/4975 4920/4911/4898 4919/4909/4897
f 5001/4989/4977 4920/4911/4898 5000/4990/4976
f 5002/4991/4978 4921/4910/4899 5001/4989/4977
f 5003/4992/4979 4922/4913/4900 5002/4991/4978
f 5003/4992/4979 4924/4915/4902 4923/4912/4901
f 5005/4993/4981 4924/4915/4902 5004/4994/4980
f 5005/4993/4981 4926/4916/4904 4925/4914/4903
f 5007/4995/4983 4926/4916/4904 5006/4996/4982
f 5007/4995/4983 4928/4919/4906 4927/4917/4905
f 5009/4997/4985 4928/4919/4906 5008/4998/4984
f 5009/4997/4985 4930/4920/4908 4929/4918/4907
f 5011/4999/4987 4930/4920/4908 5010/5000/4986
f 5011/4999/4987 4932/4922/4910 4931/4921/4909
f 5013/5001/4989 4932/4922/4910 5012/5002/4988
f 5014/5003/4990 4933/4924/4911 5013/5001/4989
f 5014/5003/4990 4935/4925/4913 4934/4923/4912
f 5015/5004/4991 4936/4926/4914 4935/4925/4913
f 5017/5005/4993 4936/4926/4914 5016/5006/4992
f 5017/5005/4993 4938/4927/4916 4937/4928/4915
f 5019/5007/4995 4938/4927/4916 5018/5008/4994
f 5020/5009/4996 4939/4930/4917 5019/5007/4995
f 5020/5009/4996 4941/4931/4919 4940/4929/4918
f 5021/5010/4997 4942/4932/4920 4941/4931/4919
f 5023/5011/4999 4942/4932/4920 5022/5012/4998
f 5023/5011/4999 4944/4933/4922 4943/4934/4921
f 5024/5013/5000 4945/4936/4923 4944/4933/4922
f 5026/5014/5002 4945/4936/4923 5025/5015/5001
f 5027/5016/5003 4946/4935/4924 5026/5014/5002
f 5028/5017/12 4947/4937/4925 5027/5016/5003
f 5029/5018/12 4948/4938/4926 5028/5017/12
f 5030/5019/5004 4949/4940/4927 5029/5018/12
f 5030/5019/5004 4951/4941/4929 4950/4939/4928
f 5031/5020/5005 4952/4942/4930 4951/4941/4929
f 5032/5021/5006 4953/4943/4931 4952/4942/4930
f 5033/5022/5007 4954/4944/4932 4953/4943/4931
f 5034/5023/5008 4955/4946/4933 4954/4944/4932
f 5036/5024/5010 4955/4946/4933 5035/5025/5009
f 5036/5024/5010 4957/4947/4935 4956/4945/4934
f 5037/5026/5011 4958/4949/4936 4957/4947/4935
f 5038/5027/5012 4959/4948/4937 4958/4949/4936
f 5039/5028/5013 4960/5029/4938 4959/4948/4937
f 5041/5030/5015 4962/4951/4940 4961/4950/4939
f 5042/5031/5016 4963/4952/4941 4962/4951/4940
f 5043/5032/5017 4964/4954/4942 4963/4952/4941
f 5044/5033/5018 4965/4953/4943 4964/4954/4942
f 5045/5034/5019 4966/4955/4944 4965/4953/4943
f 5046/5035/5020 4967/4956/4945 4966/4955/4944
f 5048/5036/5022 4967/4956/4945 5047/5037/5021
f 5049/5038/5023 4968/4957/4946 5048/5036/5022
f 5050/5039/5024 4969/4959/4947 5049/5038/5023
f 5051/5040/5025 4970/4958/4948 5050/5039/5024
f 5052/5041/12 4971/4960/4949 5051/5040/5025
f 5053/5042/12 4972/4961/12 5052/5041/12
f 5054/5043/12 4973/4962/12 5053/5042/12
f 5055/5044/12 4974/4963/4950 5054/5043/12
f 5056/5045/12 4975/4964/4951 5055/5044/12
f 5057/5046/12 4976/4966/4952 5056/5045/12
f 5058/5047/5026 4977/4965/4953 5057/5046/12
f 5059/5048/5027 4978/4967/4954 5058/5047/5026
f 5060/5049/4927 4979/4968/4955 5059/5048/5027
f 5061/5050/5028 4980/4970/4956 5060/5049/4927
f 5062/5051/5029 4981/4969/4957 5061/5050/5028
f 5063/5052/5030 4982/4971/4958 5062/5051/5029
f 5063/5052/5030 4984/4973/4960 4983/4972/4959
f 5065/5053/5032 4984/4973/4960 5064/5054/5031
f 5066/5055/5033 4985/4974/4961 5065/5053/5032
f 5066/5055/5033 4987/4975/4963 4986/4976/4962
f 5068/5056/5035 4987/4975/4963 5067/5057/5034
f 5069/5058/5036 4988/4978/4964 5068/5056/5035
f 5070/5059/5037 4989/4977/4965 5069/5058/5036
f 5071/5060/5038 4990/4980/4966 5070/5059/5037
f 5072/5061/5039 4991/4979/4967 5071/5060/5038
f 5073/5062/5040 4992/4981/4968 5072/5061/5039
f 5073/5062/5040 4994/4982/4970 4993/4983/4969
f 5074/5063/5041 4995/4984/4971 4994/4982/4970
f 5076/5064/5043 4995/4984/4971 5075/5065/5042
f 5077/5066/5044 4996/4986/4972 5076/5064/5043
f 5077/5066/5044 4998/4988/4974 4997/4985/4973
f 5078/5067/5045 4999/4987/4975 4998/4988/4974
f 5080/5068/5047 4999/4987/4975 5079/5069/5046
f 5081/5070/5048 5000/4990/4976 5080/5068/5047
f 5082/5071/5049 5001/4989/4977 5081/5070/5048
f 5083/5072/5050 5002/4991/4978 5082/5071/5049
f 5084/5073/5044 5003/4992/4979 5083/5072/5050
f 5085/5074/5051 5004/4994/4980 5084/5073/5044
f 5085/5074/5051 5006/4996/4982 5005/4993/4981
f 5086/5075/5052 5007/4995/4983 5006/4996/4982
f 5087/5076/5053 5008/4998/4984 5007/4995/4983
f 5089/5077/5055 5008/4998/4984 5088/5078/5054
f 5089/5077/5055 5010/5000/4986 5009/4997/4985
f 5091/5079/5057 5010/5000/4986 5090/5080/5056
f 5091/5079/5057 5012/5002/4988 5011/4999/4987
f 5093/5081/5059 5012/5002/4988 5092/5082/5058
f 5094/5083/5060 5013/5001/4989 5093/5081/5059
f 5094/5083/5060 5015/5004/4991 5014/5003/4990
f 5095/5084/5061 5016/5006/4992 5015/5004/4991
f 5097/5085/5063 5016/5006/4992 5096/5086/5062
f 5097/5085/5063 5018/5008/4994 5017/5005/4993
f 5099/5087/5065 5018/5008/4994 5098/5088/5064
f 5099/5087/5065 5020/5009/4996 5019/5007/4995
f 5100/5089/4998 5021/5010/4997 5020/5009/4996
f 5102/5090/5067 5021/5010/4997 5101/5091/5066
f 5103/5092/5026 5022/5012/4998 5102/5090/5067
f 5104/5093/12 5023/5011/4999 5103/5092/5026
f 5105/5094/12 5024/5013/5000 5104/5093/12
f 5106/5095/12 5025/5015/5001 5105/5094/12
f 5107/5096/12 5026/5014/5002 5106/5095/12
f 5108/5097/12 5027/5016/5003 5107/5096/12
f 5109/5098/12 5028/5017/12 5108/5097/12
f 5110/5099/5068 5029/5018/12 5109/5098/12
f 5111/5100/5069 5030/5019/5004 5110/5099/5068
f 5112/5101/5070 5031/5020/5005 5111/5100/5069
f 5113/5102/5071 5032/5021/5006 5112/5101/5070
f 5113/5102/5071 5034/5023/5008 5033/5022/5007
f 5114/5103/5072 5035/5025/5009 5034/5023/5008
f 5115/5104/5073 5036/5024/5010 5035/5025/5009
f 5116/5105/5074 5037/5026/5011 5036/5024/5010
f 5117/5106/5075 5038/5027/5012 5037/5026/5011
f 5118/5107/5076 5039/5028/5013 5038/5027/5012
f 5119/5108/5077 5040/5109/5014 5039/5028/5013
f 81/1/67 82/4/68 2/2/2
f 82/4/68 83/7/69 3/5/3
f 84/6/70 4/9/4 3/5/3
f 85/8/71 5/11/5 4/9/4
f 86/10/72 6/13/6 5/11/5
f 86/10/72 87/14/73 7/12/7
f 87/14/73 88/16/74 8/15/8
f 88/16/74 89/18/75 9/17/9
f 89/18/75 90/20/76 10/19/10
f 90/20/76 91/23/77 11/21/11
f 92/22/12 12/25/12 11/21/11
f 93/24/12 13/27/12 12/25/12
f 94/26/78 14/29/12 13/27/12
f 95/28/79 15/31/12 14/29/12
f 96/30/80 16/33/12 15/31/12
f 97/32/81 17/35/12 16/33/12
f 98/34/82 18/37/13 17/35/12
f 98/34/82 99/39/83 19/36/14
f 100/38/84 20/41/15 19/36/14
f 101/40/85 21/43/16 20/41/15
f 101/40/85 102/45/86 22/42/17
f 103/44/87 23/47/18 22/42/17
f 103/44/87 104/48/88 24/46/19
f 104/48/88 105/51/89 25/49/20
f 106/50/90 26/53/21 25/49/20
f 107/52/91 27/55/18 26/53/21
f 107/52/91 108/57/92 28/54/22
f 109/56/93 29/59/23 28/54/22
f 109/56/93 110/61/94 30/58/24
f 111/60/95 31/63/25 30/58/24
f 112/62/96 32/65/26 31/63/25
f 112/62/96 113/67/97 33/64/27
f 114/66/98 34/69/28 33/64/27
f 115/68/99 35/71/29 34/69/28
f 115/68/99 116/73/100 36/70/30
f 117/72/101 37/75/31 36/70/30
f 118/74/102 38/77/32 37/75/31
f 118/74/102 119/78/103 39/76/33
f 119/78/103 120/81/104 40/79/34
f 121/80/105 41/83/35 40/79/34
f 122/82/106 42/85/36 41/83/35
f 122/82/106 123/87/107 43/84/37
f 124/86/108 44/89/38 43/84/37
f 124/86/108 125/90/109 45/88/39
f 125/90/109 126/93/110 46/91/40
f 127/92/111 47/95/41 46/91/40
f 128/94/112 48/97/42 47/95/41
f 128/94/112 129/98/113 49/96/43
f 129/98/113 130/101/114 50/99/44
f 131/100/115 51/103/38 50/99/44
f 131/100/115 132/105/116 52/102/45
f 133/104/117 53/107/46 52/102/45
f 133/104/117 134/108/118 54/106/47
f 134/108/118 135/111/119 55/109/48
f 136/110/120 56/113/49 55/109/48
f 136/110/120 137/114/121 57/112/50
f 137/114/121 138/117/122 58/115/51
f 139/116/123 59/119/52 58/115/51
f 140/118/124 60/121/53 59/119/52
f 141/120/125 61/123/54 60/121/53
f 142/122/126 62/125/55 61/123/54
f 143/124/127 63/127/12 62/125/55
f 144/126/128 64/129/12 63/127/12
f 145/128/129 65/131/12 64/129/12
f 146/130/130 66/133/12 65/131/12
f 147/132/55 67/135/12 66/133/12
f 148/134/12 68/137/12 67/135/12
f 149/136/12 69/139/12 68/137/12
f 150/138/131 70/141/56 69/139/12
f 150/138/131 151/142/132 71/140/57
f 151/142/132 152/144/133 72/143/58
f 152/144/133 153/147/134 73/145/59
f 154/146/135 74/149/60 73/145/59
f 155/148/136 75/151/61 74/149/60
f 156/150/137 76/153/62 75/151/61
f 157/152/138 77/155/63 76/153/62
f 158/154/139 78/157/64 77/155/63
f 158/154/139 159/159/140 79/156/65
f 160/158/141 80/5110/66 79/156/65
f 161/160/142 162/162/143 82/4/68
f 163/161/144 83/7/69 82/4/68
f 163/161/144 164/164/145 84/6/70
f 165/163/146 85/8/71 84/6/70
f 166/165/147 86/10/72 85/8/71
f 166/165/147 167/166/148 87/14/73
f 167/166/148 168/167/149 88/16/74
f 168/167/149 169/168/150 89/18/75
f 169/168/150 170/169/151 90/20/76
f 170/169/151 171/171/152 91/23/77
f 172/170/153 92/22/12 91/23/77
f 173/172/154 93/24/12 92/22/12
f 174/173/155 94/26/78 93/24/12
f 174/173/155 175/174/156 95/28/79
f 175/174/156 176/175/157 96/30/80
f 176/175/157 177/177/158 97/32/81
f 178/176/159 98/34/82 97/32/81
f 178/176/159 179/179/160 99/39/83
f 180/178/161 100/38/84 99/39/83
f 181/180/162 101/40/85 100/38/84
f 181/180/162 182/182/163 102/45/86
f 183/181/164 103/44/87 102/45/86
f 184/183/165 104/48/88 103/44/87
f 184/183/165 185/184/166 105/51/89
f 185/184/166 186/186/167 106/50/90
f 187/185/168 107/52/91 106/50/90
f 188/187/169 108/57/92 107/52/91
f 188/187/169 189/188/170 109/56/93
f 189/188/170 190/189/171 110/61/94
f 190/189/171 191/191/172 111/60/95
f 192/190/173 112/62/96 111/60/95
f 192/190/173 193/192/174 113/67/97
f 193/192/174 194/194/175 114/66/98
f 195/193/176 115/68/99 114/66/98
f 195/193/176 196/196/177 116/73/100
f 197/195/178 117/72/101 116/73/100
f 198/197/179 118/74/102 117/72/101
f 198/197/179 199/198/180 119/78/103
f 199/198/180 200/200/181 120/81/104
f 201/199/182 121/80/105 120/81/104
f 201/199/182 202/201/183 122/82/106
f 202/201/183 203/203/184 123/87/107
f 204/202/185 124/86/108 123/87/107
f 204/202/185 205/204/186 125/90/109
f 205/204/186 206/206/187 126/93/110
f 207/205/188 127/92/111 126/93/110
f 207/205/188 208/208/189 128/94/112
f 209/207/190 129/98/113 128/94/112
f 210/209/191 130/101/114 129/98/113
f 211/210/192 131/100/115 130/101/114
f 211/210/192 212/212/193 132/105/116
f 213/211/194 133/104/117 132/105/116
f 213/211/194 214/213/195 134/108/118
f 214/213/195 215/215/196 135/111/119
f 216/214/197 136/110/120 135/111/119
f 217/216/198 137/114/121 136/110/120
f 217/216/198 218/218/199 138/117/122
f 219/217/200 139/116/123 138/117/122
f 219/217/200 220/220/201 140/118/124
f 221/219/202 141/120/125 140/118/124
f 221/219/202 222/222/203 142/122/126
f 223/221/204 143/124/127 142/122/126
f 223/221/204 224/224/205 144/126/128
f 225/223/206 145/128/129 144/126/128
f 226/225/207 146/130/130 145/128/129
f 226/225/207 227/227/208 147/132/55
f 228/226/209 148/134/12 147/132/55
f 229/228/210 149/136/12 148/134/12
f 230/229/211 150/138/131 149/136/12
f 230/229/211 231/230/212 151/142/132
f 231/230/212 232/231/213 152/144/133
f 232/231/213 233/232/214 153/147/134
f 233/232/214 234/233/215 154/146/135
f 234/233/215 235/234/216 155/148/136
f 235/234/216 236/235/217 156/150/137
f 236/235/217 237/236/218 157/152/138
f 237/236/218 238/237/219 158/154/139
f 238/237/219 239/239/220 159/159/140
f 240/238/221 160/158/141 159/159/140
f 241/240/222 242/241/223 162/162/143
f 242/241/223 243/242/224 163/161/144
f 243/242/224 244/244/225 164/164/145
f 245/243/226 165/163/146 164/164/145
f 245/243/226 246/245/227 166/165/147
f 246/245/227 247/246/228 167/166/148
f 247/246/228 248/247/229 168/167/149
f 248/247/229 249/248/230 169/168/150
f 249/248/230 250/249/231 170/169/151
f 250/249/231 251/250/232 171/171/152
f 251/250/232 252/251/233 172/170/153
f 252/251/233 253/252/234 173/172/154
f 253/252/234 254/253/235 174/173/155
f 254/253/235 255/255/236 175/174/156
f 256/254/237 176/175/157 175/174/156
f 256/254/237 257/257/238 177/177/158
f 258/256/239 178/176/159 177/177/158
f 258/256/239 259/259/240 179/179/160
f 260/258/241 180/178/161 179/179/160
f 261/260/242 181/180/162 180/178/161
f 261/260/242 262/261/243 182/182/163
f 262/261/243 263/263/244 183/181/164
f 264/262/245 184/183/165 183/181/164
f 264/262/245 265/265/246 185/184/166
f 266/264/247 186/186/167 185/184/166
f 266/264/247 267/267/248 187/185/168
f 268/266/249 188/187/169 187/185/168
f 269/268/250 189/188/170 188/187/169
f 269/268/250 270/270/251 190/189/171
f 271/269/252 191/191/172 190/189/171
f 272/271/253 192/190/173 191/191/172
f 272/271/253 273/273/254 193/192/174
f 274/272/255 194/194/175 193/192/174
f 274/272/255 275/274/256 195/193/176
f 275/274/256 276/276/257 196/196/177
f 277/275/258 197/195/178 196/196/177
f 278/277/259 198/197/179 197/195/178
f 278/277/259 279/278/260 199/198/180
f 279/278/260 280/279/261 200/200/181
f 280/279/261 281/281/262 201/199/182
f 282/280/263 202/201/183 201/199/182
f 282/280/263 283/283/264 203/203/184
f 284/282/265 204/202/185 203/203/184
f 285/284/266 205/204/186 204/202/185
f 286/285/267 206/206/187 205/204/186
f 287/286/268 207/205/188 206/206/187
f 287/286/268 288/287/269 208/208/189
f 288/287/269 289/288/270 209/207/190
f 289/288/270 290/290/271 210/209/191
f 291/289/272 211/210/192 210/209/191
f 292/291/273 212/212/193 211/210/192
f 292/291/273 293/292/274 213/211/194
f 293/292/274 294/294/275 214/213/195
f 295/293/276 215/215/196 214/213/195
f 295/293/276 296/295/277 216/214/197
f 296/295/277 297/297/278 217/216/198
f 298/296/279 218/218/199 217/216/198
f 299/298/280 219/217/200 218/218/199
f 299/298/280 300/300/281 220/220/201
f 301/299/282 221/219/202 220/220/201
f 301/299/282 302/302/283 222/222/203
f 303/301/284 223/221/204 222/222/203
f 304/303/285 224/224/205 223/221/204
f 305/304/286 225/223/206 224/224/205
f 305/304/286 306/306/287 226/225/207
f 307/305/288 227/227/208 226/225/207
f 307/305/288 308/308/289 228/226/209
f 309/307/290 229/228/210 228/226/209
f 309/307/290 310/309/291 230/229/211
f 310/309/291 311/310/292 231/230/212
f 311/310/292 312/311/293 232/231/213
f 312/311/293 313/312/294 233/232/214
f 313/312/294 314/313/295 234/233/215
f 314/313/295 315/314/296 235/234/216
f 315/314/296 316/315/297 236/235/217
f 316/315/297 317/316/298 237/236/218
f 317/316/298 318/317/299 238/237/219
f 318/317/299 319/318/300 239/239/220
f 319/318/300 320/398/301 240/238/221
f 321/319/302 322/320/303 242/241/223
f 322/320/303 323/322/304 243/242/224
f 324/321/305 244/244/225 243/242/224
f 325/323/306 245/243/226 244/244/225
f 325/323/306 326/324/307 246/245/227
f 326/324/307 327/325/308 247/246/228
f 327/325/308 328/326/309 248/247/229
f 328/326/309 329/328/310 249/248/230
f 330/327/311 250/249/231 249/248/230
f 330/327/311 331/329/312 251/250/232
f 331/329/312 332/331/313 252/251/233
f 333/330/314 253/252/234 252/251/233
f 333/330/314 334/332/315 254/253/235
f 334/332/315 335/334/316 255/255/236
f 336/333/317 256/254/237 255/255/236
f 336/333/317 337/336/318 257/257/238
f 338/335/319 258/256/239 257/257/238
f 338/335/319 339/338/320 259/259/240
f 340/337/321 260/258/241 259/259/240
f 340/337/321 341/340/322 261/260/242
f 342/339/323 262/261/243 261/260/242
f 342/339/323 343/341/324 263/263/244
f 343/341/324 344/343/325 264/262/245
f 345/342/326 265/265/246 264/262/245
f 346/344/327 266/264/247 265/265/246
f 346/344/327 347/345/328 267/267/248
f 347/345/328 348/347/329 268/266/249
f 349/346/330 269/268/250 268/266/249
f 349/346/330 350/348/331 270/270/251
f 350/348/331 351/350/332 271/269/252
f 352/349/333 272/271/253 271/269/252
f 353/351/334 273/273/254 272/271/253
f 353/351/334 354/352/335 274/272/255
f 354/352/335 355/353/336 275/274/256
f 355/353/336 356/354/337 276/276/257
f 356/354/337 357/356/338 277/275/258
f 358/355/339 278/277/259 277/275/258
f 358/355/339 359/357/340 279/278/260
f 359/357/340 360/358/341 280/279/261
f 360/358/341 361/360/342 281/281/262
f 362/359/343 282/280/263 281/281/262
f 362/359/343 363/362/344 283/283/264
f 364/361/345 284/282/265 283/283/264
f 365/363/346 285/284/266 284/282/265
f 365/363/346 366/364/347 286/285/267
f 366/364/347 367/365/348 287/286/268
f 367/365/348 368/367/349 288/287/269
f 369/366/350 289/288/270 288/287/269
f 369/366/350 370/369/351 290/290/271
f 371/368/352 291/289/272 290/290/271
f 371/368/352 372/370/353 292/291/273
f 372/370/353 373/371/354 293/292/274
f 373/371/354 374/373/355 294/294/275
f 375/372/356 295/293/276 294/294/275
f 376/374/357 296/295/277 295/293/276
f 376/374/357 377/375/358 297/297/278
f 377/375/358 378/377/359 298/296/279
f 379/376/360 299/298/280 298/296/279
f 379/376/360 380/379/361 300/300/281
f 381/378/362 301/299/282 300/300/281
f 381/378/362 382/380/363 302/302/283
f 382/380/363 383/382/364 303/301/284
f 384/381/365 304/303/285 303/301/284
f 385/383/366 305/304/286 304/303/285
f 385/383/366 386/385/367 306/306/287
f 387/384/368 307/305/288 306/306/287
f 387/384/368 388/387/369 308/308/289
f 389/386/370 309/307/290 308/308/289
f 390/388/371 310/309/291 309/307/290
f 391/389/372 311/310/292 310/309/291
f 391/389/372 392/390/373 312/311/293
f 392/390/373 393/391/374 313/312/294
f 393/391/374 394/392/375 314/313/295
f 394/392/375 395/393/376 315/314/296
f 395/393/376 396/394/377 316/315/297
f 396/394/377 397/395/378 317/316/298
f 397/395/378 398/396/379 318/317/299
f 398/396/379 399/397/380 319/318/300
f 399/397/380 400/5111/381 320/398/301
f 401/399/382 402/400/383 322/320/303
f 402/400/383 403/402/384 323/322/304
f 404/401/385 324/321/305 323/322/304
f 405/403/386 325/323/306 324/321/305
f 405/403/386 406/404/387 326/324/307
f 406/404/387 407/405/388 327/325/308
f 407/405/388 408/407/389 328/326/309
f 409/406/390 329/328/310 328/326/309
f 410/408/391 330/327/311 329/328/310
f 410/408/391 411/409/392 331/329/312
f 411/409/392 412/411/393 332/331/313
f 413/410/394 333/330/314 332/331/313
f 413/410/394 414/412/395 334/332/315
f 414/412/395 415/414/396 335/334/316
f 416/413/397 336/333/317 335/334/316
f 416/413/397 417/416/398 337/336/318
f 418/415/399 338/335/319 337/336/318
f 418/415/399 419/418/400 339/338/320
f 420/417/401 340/337/321 339/338/320
f 420/417/401 421/419/402 341/340/322
f 421/419/402 422/420/403 342/339/323
f 422/420/403 423/421/404 343/341/324
f 423/421/404 424/423/405 344/343/325
f 425/422/406 345/342/326 344/343/325
f 426/424/407 346/344/327 345/342/326
f 426/424/407 427/425/408 347/345/328
f 427/425/408 428/426/409 348/347/329
f 428/426/409 429/428/410 349/346/330
f 430/427/411 350/348/331 349/346/330
f 430/427/411 431/430/412 351/350/332
f 432/429/413 352/349/333 351/350/332
f 433/431/414 353/351/334 352/349/333
f 433/431/414 434/433/415 354/352/335
f 435/432/416 355/353/336 354/352/335
f 435/432/416 436/435/417 356/354/337
f 437/434/418 357/356/338 356/354/337
f 438/436/419 358/355/339 357/356/338
f 438/436/419 439/438/420 359/357/340
f 440/437/421 360/358/341 359/357/340
f 440/437/421 441/440/422 361/360/342
f 442/439/423 362/359/343 361/360/342
f 442/439/423 443/442/424 363/362/344
f 444/441/425 364/361/345 363/362/344
f 444/441/425 445/443/426 365/363/346
f 445/443/426 446/445/427 366/364/347
f 447/444/428 367/365/348 366/364/347
f 448/446/429 368/367/349 367/365/348
f 448/446/429 449/448/430 369/366/350
f 450/447/431 370/369/351 369/366/350
f 450/447/431 451/449/432 371/368/352
f 451/449/432 452/451/433 372/370/353
f 453/450/434 373/371/354 372/370/353
f 454/452/435 374/373/355 373/371/354
f 454/452/435 455/454/436 375/372/356
f 456/453/437 376/374/357 375/372/356
f 457/455/438 377/375/358 376/374/357
f 458/456/439 378/377/359 377/375/358
f 459/457/440 379/376/360 378/377/359
f 459/457/440 460/459/441 380/379/361
f 461/458/442 381/378/362 380/379/361
f 462/460/443 382/380/363 381/378/362
f 462/460/443 463/462/444 383/382/364
f 464/461/445 384/381/365 383/382/364
f 465/463/446 385/383/366 384/381/365
f 466/464/447 386/385/367 385/383/366
f 467/465/448 387/384/368 386/385/367
f 467/465/448 468/467/449 388/387/369
f 469/466/450 389/386/370 388/387/369
f 470/468/451 390/388/371 389/386/370
f 471/469/452 391/389/372 390/388/371
f 472/470/453 392/390/373 391/389/372
f 472/470/453 473/471/454 393/391/374
f 473/471/454 474/472/455 394/392/375
f 474/472/455 475/473/456 395/393/376
f 475/473/456 476/474/457 396/394/377
f 476/474/457 477/475/458 397/395/378
f 477/475/458 478/476/459 398/396/379
f 478/476/459 479/478/460 399/397/380
f 480/477/461 400/5111/381 399/397/380
f 481/479/462 482/480/463 402/400/383
f 482/480/463 483/482/464 403/402/384
f 484/481/465 404/401/385 403/402/384
f 485/483/466 405/403/386 404/401/385
f 485/483/466 486/485/467 406/404/387
f 487/484/468 407/405/388 406/404/387
f 488/486/469 408/407/389 407/405/388
f 489/487/470 409/406/390 408/407/389
f 490/488/471 410/408/391 409/406/390
f 490/488/471 491/489/472 411/409/392
f 491/489/472 492/490/473 412/411/393
f 492/490/473 493/491/474 413/410/394
f 493/491/474 494/492/475 414/412/395
f 494/492/475 495/493/476 415/414/396
f 495/493/476 496/495/477 416/413/397
f 497/494/478 417/416/398 416/413/397
f 497/494/478 498/496/479 418/415/399
f 498/496/479 499/498/480 419/418/400
f 500/497/481 420/417/401 419/418/400
f 500/497/481 501/499/482 421/419/402
f 501/499/482 502/501/483 422/420/403
f 503/500/484 423/421/404 422/420/403
f 503/500/484 504/502/485 424/423/405
f 504/502/485 505/504/486 425/422/406
f 506/503/487 426/424/407 425/422/406
f 506/503/487 507/506/488 427/425/408
f 508/505/489 428/426/409 427/425/408
f 508/505/489 509/508/490 429/428/410
f 510/507/491 430/427/411 429/428/410
f 511/509/492 431/430/412 430/427/411
f 511/509/492 512/511/493 432/429/413
f 513/510/494 433/431/414 432/429/413
f 513/510/494 514/512/495 434/433/415
f 514/512/495 515/514/496 435/432/416
f 516/513/497 436/435/417 435/432/416
f 517/515/498 437/434/418 436/435/417
f 517/515/498 518/517/499 438/436/419
f 519/516/500 439/438/420 438/436/419
f 520/518/501 440/437/421 439/438/420
f 521/519/502 441/440/422 440/437/421
f 522/520/503 442/439/423 441/440/422
f 523/521/504 443/442/424 442/439/423
f 523/521/504 524/522/505 444/441/425
f 524/522/505 525/523/506 445/443/426
f 525/523/506 526/525/507 446/445/427
f 527/524/508 447/444/428 446/445/427
f 527/524/508 528/527/509 448/446/429
f 529/526/510 449/448/430 448/446/429
f 530/528/511 450/447/431 449/448/430
f 530/528/511 531/530/512 451/449/432
f 532/529/513 452/451/433 451/449/432
f 532/529/513 533/531/514 453/450/434
f 533/531/514 534/533/515 454/452/435
f 535/532/516 455/454/436 454/452/435
f 535/532/516 536/535/517 456/453/437
f 537/534/518 457/455/438 456/453/437
f 538/536/519 458/456/439 457/455/438
f 538/536/519 539/538/520 459/457/440
f 540/537/521 460/459/441 459/457/440
f 540/537/521 541/540/522 461/458/442
f 542/539/523 462/460/443 461/458/442
f 543/541/524 463/462/444 462/460/443
f 543/541/524 544/542/525 464/461/445
f 544/542/525 545/544/526 465/463/446
f 546/543/527 466/464/447 465/463/446
f 546/543/527 547/546/528 467/465/448
f 548/545/529 468/467/449 467/465/448
f 549/547/530 469/466/450 468/467/449
f 549/547/530 550/548/531 470/468/451
f 550/548/531 551/550/532 471/469/452
f 552/549/533 472/470/453 471/469/452
f 553/551/534 473/471/454 472/470/453
f 553/551/534 554/552/535 474/472/455
f 554/552/535 555/553/536 475/473/456
f 555/553/536 556/554/537 476/474/457
f 556/554/537 557/555/538 477/475/458
f 557/555/538 558/556/539 478/476/459
f 558/556/539 559/558/540 479/478/460
f 560/557/541 480/477/461 479/478/460
f 561/559/542 562/561/543 482/480/463
f 563/560/544 483/482/464 482/480/463
f 564/562/545 484/481/465 483/482/464
f 565/563/546 485/483/466 484/481/465
f 566/564/547 486/485/467 485/483/466
f 567/565/548 487/484/468 486/485/467
f 568/566/549 488/486/469 487/484/468
f 569/567/550 489/487/470 488/486/469
f 570/568/551 490/488/471 489/487/470
f 570/568/551 571/569/552 491/489/472
f 571/569/552 572/570/553 492/490/473
f 572/570/553 573/572/554 493/491/474
f 574/571/555 494/492/475 493/491/474
f 574/571/555 575/573/556 495/493/476
f 575/573/556 576/574/557 496/495/477
f 576/574/557 577/575/558 497/494/478
f 577/575/558 578/577/559 498/496/479
f 579/576/560 499/498/480 498/496/479
f 579/576/560 580/578/561 500/497/481
f 580/578/561 581/579/562 501/499/482
f 581/579/562 582/581/563 502/501/483
f 583/580/564 503/500/484 502/501/483
f 584/582/565 504/502/485 503/500/484
f 584/582/565 585/584/566 505/504/486
f 586/583/567 506/503/487 505/504/486
f 586/583/567 587/586/568 507/506/488
f 588/585/569 508/505/489 507/506/488
f 588/585/569 589/588/570 509/508/490
f 590/587/571 510/507/491 509/508/490
f 591/589/572 511/509/492 510/507/491
f 591/589/572 592/591/573 512/511/493
f 593/590/574 513/510/494 512/511/493
f 593/590/574 594/593/575 514/512/495
f 595/592/576 515/514/496 514/512/495
f 596/594/577 516/513/497 515/514/496
f 597/595/578 517/515/498 516/513/497
f 598/596/579 518/517/499 517/515/498
f 598/596/579 599/598/580 519/516/500
f 600/597/581 520/518/501 519/516/500
f 601/599/582 521/519/502 520/518/501
f 601/599/582 602/601/583 522/520/503
f 603/600/584 523/521/504 522/520/503
f 603/600/584 604/603/585 524/522/505
f 605/602/586 525/523/506 524/522/505
f 605/602/586 606/604/587 526/525/507
f 606/604/587 607/606/588 527/524/508
f 608/605/589 528/527/509 527/524/508
f 608/605/589 609/607/590 529/526/510
f 609/607/590 610/608/591 530/528/511
f 610/608/591 611/610/592 531/530/512
f 612/609/593 532/529/513 531/530/512
f 613/611/594 533/531/514 532/529/513
f 613/611/594 614/612/595 534/533/515
f 614/612/595 615/614/596 535/532/516
f 616/613/597 536/535/517 535/532/516
f 616/613/597 617/616/598 537/534/518
f 618/615/599 538/536/519 537/534/518
f 619/617/600 539/538/520 538/536/519
f 619/617/600 620/618/601 540/537/521
f 620/618/601 621/620/602 541/540/522
f 622/619/603 542/539/523 541/540/522
f 622/619/603 623/622/604 543/541/524
f 624/621/605 544/542/525 543/541/524
f 624/621/605 625/624/606 545/544/526
f 626/623/607 546/543/527 545/544/526
f 627/625/608 547/546/528 546/543/527
f 628/626/609 548/545/529 547/546/528
f 629/627/610 549/547/530 548/545/529
f 630/628/611 550/548/531 549/547/530
f 631/629/612 551/550/532 550/548/531
f 632/630/613 552/549/533 551/550/532
f 633/631/614 553/551/534 552/549/533
f 634/632/615 554/552/535 553/551/534
f 635/633/616 555/553/536 554/552/535
f 636/634/617 556/554/537 555/553/536
f 637/635/618 557/555/538 556/554/537
f 638/636/619 558/556/539 557/555/538
f 638/636/619 639/638/620 559/558/540
f 640/637/621 560/557/541 559/558/540
f 641/639/622 642/641/623 562/561/543
f 643/640/624 563/560/544 562/561/543
f 644/642/625 564/562/545 563/560/544
f 645/643/626 565/563/546 564/562/545
f 646/644/627 566/564/547 565/563/546
f 647/645/628 567/565/548 566/564/547
f 648/646/629 568/566/549 567/565/548
f 649/647/630 569/567/550 568/566/549
f 650/648/631 570/568/551 569/567/550
f 650/648/631 651/650/632 571/569/552
f 652/649/633 572/570/553 571/569/552
f 653/651/634 573/572/554 572/570/553
f 653/651/634 654/652/635 574/571/555
f 654/652/635 655/654/636 575/573/556
f 656/653/637 576/574/557 575/573/556
f 657/655/638 577/575/558 576/574/557
f 657/655/638 658/656/639 578/577/559
f 658/656/639 659/657/640 579/576/560
f 659/657/640 660/658/641 580/578/561
f 660/658/641 661/659/642 581/579/562
f 661/659/642 662/660/643 582/581/563
f 662/660/643 663/662/644 583/580/564
f 664/661/645 584/582/565 583/580/564
f 665/663/646 585/584/566 584/582/565
f 666/664/647 586/583/567 585/584/566
f 666/664/647 667/666/648 587/586/568
f 668/665/649 588/585/569 587/586/568
f 668/665/649 669/668/650 589/588/570
f 670/667/651 590/587/571 589/588/570
f 671/669/652 591/589/572 590/587/571
f 671/669/652 672/671/653 592/591/573
f 673/670/654 593/590/574 592/591/573
f 673/670/654 674/672/655 594/593/575
f 674/672/655 675/673/656 595/592/576
f 675/673/656 676/674/657 596/594/577
f 676/674/657 677/676/658 597/595/578
f 678/675/659 598/596/579 597/595/578
f 678/675/659 679/677/660 599/598/580
f 679/677/660 680/678/661 600/597/581
f 680/678/661 681/680/662 601/599/582
f 682/679/663 602/601/583 601/599/582
f 683/681/664 603/600/584 602/601/583
f 684/682/665 604/603/585 603/600/584
f 684/682/665 685/684/666 605/602/586
f 686/683/667 606/604/587 605/602/586
f 686/683/667 687/686/668 607/606/588
f 688/685/669 608/605/589 607/606/588
f 688/685/669 689/687/670 609/607/590
f 689/687/670 690/689/671 610/608/591
f 691/688/672 611/610/592 610/608/591
f 692/690/673 612/609/593 611/610/592
f 692/690/673 693/692/674 613/611/594
f 694/691/675 614/612/595 613/611/594
f 695/693/676 615/614/596 614/612/595
f 695/693/676 696/695/677 616/613/597
f 697/694/678 617/616/598 616/613/597
f 697/694/678 698/696/679 618/615/599
f 698/696/679 699/698/680 619/617/600
f 700/697/681 620/618/601 619/617/600
f 700/697/681 701/699/682 621/620/602
f 701/699/682 702/701/683 622/619/603
f 703/700/684 623/622/604 622/619/603
f 704/702/685 624/621/605 623/622/604
f 705/703/686 625/624/606 624/621/605
f 705/703/686 706/705/687 626/623/607
f 707/704/688 627/625/608 626/623/607
f 708/706/689 628/626/609 627/625/608
f 709/707/690 629/627/610 628/626/609
f 709/707/690 710/709/691 630/628/611
f 711/708/692 631/629/612 630/628/611
f 712/710/693 632/630/613 631/629/612
f 713/711/694 633/631/614 632/630/613
f 714/712/695 634/632/615 633/631/614
f 715/713/696 635/633/616 634/632/615
f 716/714/697 636/634/617 635/633/616
f 717/715/698 637/635/618 636/634/617
f 718/716/699 638/636/619 637/635/618
f 718/716/699 719/718/700 639/638/620
f 720/717/701 640/637/621 639/638/620
f 721/719/702 722/721/703 642/641/623
f 723/720/704 643/640/624 642/641/623
f 724/722/705 644/642/625 643/640/624
f 725/723/706 645/643/626 644/642/625
f 726/724/707 646/644/627 645/643/626
f 727/725/708 647/645/628 646/644/627
f 728/726/709 648/646/629 647/645/628
f 728/726/709 729/727/710 649/647/630
f 729/727/710 730/728/711 650/648/631
f 730/728/711 731/730/712 651/650/632
f 732/729/713 652/649/633 651/650/632
f 732/729/713 733/731/714 653/651/634
f 733/731/714 734/732/715 654/652/635
f 734/732/715 735/733/716 655/654/636
f 735/733/716 736/735/717 656/653/637
f 737/734/718 657/655/638 656/653/637
f 738/736/719 658/656/639 657/655/638
f 738/736/719 739/737/720 659/657/640
f 739/737/720 740/738/721 660/658/641
f 740/738/721 741/740/722 661/659/642
f 742/739/723 662/660/643 661/659/642
f 743/741/724 663/662/644 662/660/643
f 744/742/725 664/661/645 663/662/644
f 745/743/726 665/663/646 664/661/645
f 745/743/726 746/745/727 666/664/647
f 747/744/728 667/666/648 666/664/647
f 747/744/728 748/746/729 668/665/649
f 748/746/729 749/748/730 669/668/650
f 750/747/731 670/667/651 669/668/650
f 750/747/731 751/749/732 671/669/652
f 751/749/732 752/750/733 672/671/653
f 752/750/733 753/752/734 673/670/654
f 754/751/735 674/672/655 673/670/654
f 755/753/736 675/673/656 674/672/655
f 755/753/736 756/754/737 676/674/657
f 756/754/737 757/756/738 677/676/658
f 758/755/739 678/675/659 677/676/658
f 758/755/739 759/758/740 679/677/660
f 760/757/741 680/678/661 679/677/660
f 761/759/742 681/680/662 680/678/661
f 761/759/742 762/761/743 682/679/663
f 763/760/744 683/681/664 682/679/663
f 764/762/745 684/682/665 683/681/664
f 764/762/745 765/764/746 685/684/666
f 766/763/747 686/683/667 685/684/666
f 766/763/747 767/766/748 687/686/668
f 768/765/749 688/685/669 687/686/668
f 768/765/749 769/767/750 689/687/670
f 769/767/750 770/768/751 690/689/671
f 770/768/751 771/770/752 691/688/672
f 772/769/753 692/690/673 691/688/672
f 772/769/753 773/771/754 693/692/674
f 773/771/754 774/773/755 694/691/675
f 775/772/756 695/693/676 694/691/675
f 776/774/757 696/695/677 695/693/676
f 777/775/758 697/694/678 696/695/677
f 777/775/758 778/776/759 698/696/679
f 778/776/759 779/778/760 699/698/680
f 780/777/761 700/697/681 699/698/680
f 780/777/761 781/779/762 701/699/682
f 781/779/762 782/780/763 702/701/683
f 782/780/763 783/781/764 703/700/684
f 783/781/764 784/783/765 704/702/685
f 785/782/766 705/703/686 704/702/685
f 786/784/767 706/705/687 705/703/686
f 786/784/767 787/785/768 707/704/688
f 787/785/768 788/787/769 708/706/689
f 789/786/770 709/707/690 708/706/689
f 789/786/770 790/789/771 710/709/691
f 791/788/772 711/708/692 710/709/691
f 791/788/772 792/790/773 712/710/693
f 792/790/773 793/792/774 713/711/694
f 794/791/775 714/712/695 713/711/694
f 795/793/776 715/713/696 714/712/695
f 796/794/777 716/714/697 715/713/696
f 797/795/778 717/715/698 716/714/697
f 798/796/779 718/716/699 717/715/698
f 798/796/779 799/798/780 719/718/700
f 800/797/781 720/717/701 719/718/700
f 801/799/782 802/801/783 722/721/703
f 803/800/784 723/720/704 722/721/703
f 804/802/785 724/722/705 723/720/704
f 805/803/786 725/723/706 724/722/705
f 806/804/787 726/724/707 725/723/706
f 807/805/788 727/725/708 726/724/707
f 808/806/789 728/726/709 727/725/708
f 809/807/790 729/727/710 728/726/709
f 810/808/791 730/728/711 729/727/710
f 811/809/792 731/730/712 730/728/711
f 812/810/793 732/729/713 731/730/712
f 813/811/794 733/731/714 732/729/713
f 813/811/794 814/812/795 734/732/715
f 814/812/795 815/813/796 735/733/716
f 815/813/796 816/814/797 736/735/717
f 816/814/797 817/815/798 737/734/718
f 817/815/798 818/816/799 738/736/719
f 818/816/799 819/818/800 739/737/720
f 820/817/801 740/738/721 739/737/720
f 821/819/802 741/740/722 740/738/721
f 821/819/802 822/820/803 742/739/723
f 822/820/803 823/822/804 743/741/724
f 824/821/805 744/742/725 743/741/724
f 824/821/805 825/823/806 745/743/726
f 825/823/806 826/824/807 746/745/727
f 826/824/807 827/825/808 747/744/728
f 827/825/808 828/826/809 748/746/729
f 828/826/809 829/827/810 749/748/730
f 829/827/810 830/829/811 750/747/731
f 831/828/812 751/749/732 750/747/731
f 832/830/813 752/750/733 751/749/732
f 833/831/814 753/752/734 752/750/733
f 833/831/814 834/833/815 754/751/735
f 835/832/816 755/753/736 754/751/735
f 835/832/816 836/835/817 756/754/737
f 837/834/818 757/756/738 756/754/737
f 837/834/818 838/837/819 758/755/739
f 839/836/820 759/758/740 758/755/739
f 840/838/821 760/757/741 759/758/740
f 841/839/822 761/759/742 760/757/741
f 842/840/823 762/761/743 761/759/742
f 842/840/823 843/842/824 763/760/744
f 844/841/825 764/762/745 763/760/744
f 845/843/826 765/764/746 764/762/745
f 846/844/827 766/763/747 765/764/746
f 846/844/827 847/846/828 767/766/748
f 848/845/829 768/765/749 767/766/748
f 849/847/830 769/767/750 768/765/749
f 849/847/830 850/849/831 770/768/751
f 851/848/832 771/770/752 770/768/751
f 851/848/832 852/851/833 772/769/753
f 853/850/834 773/771/754 772/769/753
f 854/852/835 774/773/755 773/771/754
f 854/852/835 855/854/836 775/772/756
f 856/853/837 776/774/757 775/772/756
f 856/853/837 857/856/838 777/775/758
f 858/855/839 778/776/759 777/775/758
f 859/857/840 779/778/760 778/776/759
f 859/857/840 860/859/841 780/777/761
f 861/858/842 781/779/762 780/777/761
f 861/858/842 862/860/843 782/780/763
f 862/860/843 863/861/844 783/781/764
f 863/861/844 864/863/845 784/783/765
f 865/862/846 785/782/766 784/783/765
f 865/862/846 866/864/847 786/784/767
f 866/864/847 867/866/848 787/785/768
f 868/865/849 788/787/769 787/785/768
f 868/865/849 869/867/850 789/786/770
f 869/867/850 870/868/851 790/789/771
f 870/868/851 871/869/852 791/788/772
f 871/869/852 872/870/853 792/790/773
f 872/870/853 873/871/854 793/792/774
f 873/871/854 874/872/855 794/791/775
f 874/872/855 875/873/856 795/793/776
f 875/873/856 876/874/857 796/794/777
f 876/874/857 877/876/858 797/795/778
f 878/875/859 798/796/779 797/795/778
f 879/877/860 799/798/780 798/796/779
f 880/878/861 800/797/781 799/798/780
f 882/879/863 802/801/783 801/799/782
f 882/879/863 883/881/864 803/800/784
f 883/881/864 884/883/865 804/802/785
f 885/882/866 805/803/786 804/802/785
f 886/884/867 806/804/787 805/803/786
f 887/885/868 807/805/788 806/804/787
f 887/885/868 888/886/869 808/806/789
f 888/886/869 889/887/870 809/807/790
f 889/887/870 890/888/871 810/808/791
f 890/888/871 891/889/872 811/809/792
f 891/889/872 892/890/873 812/810/793
f 892/890/873 893/891/874 813/811/794
f 893/891/874 894/892/875 814/812/795
f 894/892/875 895/894/876 815/813/796
f 896/893/877 816/814/797 815/813/796
f 896/893/877 897/896/878 817/815/798
f 898/895/879 818/816/799 817/815/798
f 899/897/880 819/818/800 818/816/799
f 899/897/880 900/899/881 820/817/801
f 901/898/882 821/819/802 820/817/801
f 902/900/883 822/820/803 821/819/802
f 903/901/884 823/822/804 822/820/803
f 903/901/884 904/902/885 824/821/805
f 904/902/885 905/903/886 825/823/806
f 905/903/886 906/904/887 826/824/807
f 906/904/887 907/905/888 827/825/808
f 907/905/888 908/907/889 828/826/809
f 909/906/890 829/827/810 828/826/809
f 909/906/890 910/909/891 830/829/811
f 911/908/892 831/828/812 830/829/811
f 911/908/892 912/910/893 832/830/813
f 912/910/893 913/912/894 833/831/814
f 914/911/895 834/833/815 833/831/814
f 915/913/896 835/832/816 834/833/815
f 916/914/897 836/835/817 835/832/816
f 917/915/898 837/834/818 836/835/817
f 917/915/898 918/916/899 838/837/819
f 918/916/899 919/917/900 839/836/820
f 919/917/900 920/919/901 840/838/821
f 921/918/902 841/839/822 840/838/821
f 922/920/903 842/840/823 841/839/822
f 922/920/903 923/922/904 843/842/824
f 924/921/905 844/841/825 843/842/824
f 925/923/906 845/843/826 844/841/825
f 926/924/907 846/844/827 845/843/826
f 926/924/907 927/925/908 847/846/828
f 927/925/908 928/926/909 848/845/829
f 928/926/909 929/928/910 849/847/830
f 930/927/911 850/849/831 849/847/830
f 930/927/911 931/929/912 851/848/832
f 931/929/912 932/931/913 852/851/833
f 933/930/914 853/850/834 852/851/833
f 933/930/914 934/932/915 854/852/835
f 934/932/915 935/934/916 855/854/836
f 936/933/917 856/853/837 855/854/836
f 937/935/918 857/856/838 856/853/837
f 937/935/918 938/937/919 858/855/839
f 939/936/920 859/857/840 858/855/839
f 939/936/920 940/939/921 860/859/841
f 941/938/922 861/858/842 860/859/841
f 941/938/922 942/941/923 862/860/843
f 943/940/924 863/861/844 862/860/843
f 944/942/925 864/863/845 863/861/844
f 944/942/925 945/944/926 865/862/846
f 946/943/927 866/864/847 865/862/846
f 947/945/928 867/866/848 866/864/847
f 948/946/929 868/865/849 867/866/848
f 949/947/930 869/867/850 868/865/849
f 949/947/930 950/948/931 870/868/851
f 950/948/931 951/950/932 871/869/852
f 952/949/933 872/870/853 871/869/852
f 952/949/933 953/951/934 873/871/854
f 953/951/934 954/952/935 874/872/855
f 954/952/935 955/953/936 875/873/856
f 955/953/936 956/954/937 876/874/857
f 956/954/937 957/955/938 877/876/858
f 957/955/938 958/957/939 878/875/859
f 959/956/940 879/877/860 878/875/859
f 959/956/940 960/1037/941 880/878/861
f 962/958/943 882/879/863 881/880/862
f 962/958/943 963/960/944 883/881/864
f 963/960/944 964/961/945 884/883/865
f 964/961/945 965/962/946 885/882/866
f 965/962/946 966/963/947 886/884/867
f 966/963/947 967/964/948 887/885/868
f 967/964/948 968/965/949 888/886/869
f 968/965/949 969/966/950 889/887/870
f 969/966/950 970/968/951 890/888/871
f 971/967/952 891/889/872 890/888/871
f 972/969/953 892/890/873 891/889/872
f 973/970/954 893/891/874 892/890/873
f 973/970/954 974/971/955 894/892/875
f 974/971/955 975/973/956 895/894/876
f 976/972/957 896/893/877 895/894/876
f 976/972/957 977/974/958 897/896/878
f 977/974/958 978/975/959 898/895/879
f 978/975/959 979/977/960 899/897/880
f 980/976/961 900/899/881 899/897/880
f 980/976/961 981/978/962 901/898/882
f 981/978/962 982/980/963 902/900/883
f 983/979/964 903/901/884 902/900/883
f 983/979/964 984/982/965 904/902/885
f 985/981/966 905/903/886 904/902/885
f 986/983/967 906/904/887 905/903/886
f 987/984/968 907/905/888 906/904/887
f 987/984/968 988/986/969 908/907/889
f 989/985/970 909/906/890 908/907/889
f 990/987/971 910/909/891 909/906/890
f 990/987/971 991/989/972 911/908/892
f 992/988/973 912/910/893 911/908/892
f 992/988/973 993/990/974 913/912/894
f 993/990/974 994/992/975 914/911/895
f 995/991/976 915/913/896 914/911/895
f 995/991/976 996/994/977 916/914/897
f 997/993/978 917/915/898 916/914/897
f 997/993/978 998/996/979 918/916/899
f 999/995/980 919/917/900 918/916/899
f 1000/997/981 920/919/901 919/917/900
f 1000/997/981 1001/999/982 921/918/902
f 1002/998/983 922/920/903 921/918/902
f 1002/998/983 1003/1000/984 923/922/904
f 1003/1000/984 1004/1001/985 924/921/905
f 1004/1001/985 1005/1002/986 925/923/906
f 1005/1002/986 1006/1004/987 926/924/907
f 1007/1003/988 927/925/908 926/924/907
f 1008/1005/989 928/926/909 927/925/908
f 1009/1006/990 929/928/910 928/926/909
f 1009/1006/990 1010/1007/991 930/927/911
f 1010/1007/991 1011/1009/992 931/929/912
f 1012/1008/993 932/931/913 931/929/912
f 1013/1010/994 933/930/914 932/931/913
f 1013/1010/994 1014/1012/995 934/932/915
f 1015/1011/996 935/934/916 934/932/915
f 1016/1013/997 936/933/917 935/934/916
f 1017/1014/998 937/935/918 936/933/917
f 1018/1015/999 938/937/919 937/935/918
f 1018/1015/999 1019/1017/1000 939/936/920
f 1020/1016/1001 940/939/921 939/936/920
f 1020/1016/1001 1021/1018/1002 941/938/922
f 1021/1018/1002 1022/1020/1003 942/941/923
f 1023/1019/1004 943/940/924 942/941/923
f 1023/1019/1004 1024/1022/1005 944/942/925
f 1025/1021/1006 945/944/926 944/942/925
f 1026/1023/1007 946/943/927 945/944/926
f 1026/1023/1007 1027/1025/1008 947/945/928
f 1028/1024/1009 948/946/929 947/945/928
f 1029/1026/1010 949/947/930 948/946/929
f 1030/1027/1011 950/948/931 949/947/930
f 1030/1027/1011 1031/1028/1012 951/950/932
f 1031/1028/1012 1032/1029/1013 952/949/933
f 1032/1029/1013 1033/1030/1014 953/951/934
f 1033/1030/1014 1034/1031/1015 954/952/935
f 1034/1031/1015 1035/1032/1016 955/953/936
f 1035/1032/1016 1036/1033/1017 956/954/937
f 1036/1033/1017 1037/1034/1018 957/955/938
f 1037/1034/1018 1038/1035/1019 958/957/939
f 1038/1035/1019 1039/1036/1020 959/956/940
f 1039/1036/1020 1040/5112/1021 960/1037/941
f 1042/1038/1023 962/958/943 961/959/942
f 1042/1038/1023 1043/1040/1024 963/960/944
f 1043/1040/1024 1044/1041/1025 964/961/945
f 1044/1041/1025 1045/1042/1026 965/962/946
f 1045/1042/1026 1046/1043/1027 966/963/947
f 1046/1043/1027 1047/1044/1028 967/964/948
f 1047/1044/1028 1048/1046/1029 968/965/949
f 1049/1045/1030 969/966/950 968/965/949
f 1050/1047/1031 970/968/951 969/966/950
f 1050/1047/1031 1051/1049/1032 971/967/952
f 1052/1048/1033 972/969/953 971/967/952
f 1053/1050/1034 973/970/954 972/969/953
f 1053/1050/1034 1054/1051/1035 974/971/955
f 1054/1051/1035 1055/1052/1036 975/973/956
f 1055/1052/1036 1056/1053/1037 976/972/957
f 1056/1053/1037 1057/1055/1038 977/974/958
f 1058/1054/1039 978/975/959 977/974/958
f 1058/1054/1039 1059/1057/1040 979/977/960
f 1060/1056/1041 980/976/961 979/977/960
f 1061/1058/1042 981/978/962 980/976/961
f 1062/1059/1043 982/980/963 981/978/962
f 1063/1060/1044 983/979/964 982/980/963
f 1063/1060/1044 1064/1062/1045 984/982/965
f 1065/1061/1046 985/981/966 984/982/965
f 1065/1061/1046 1066/1064/1047 986/983/967
f 1067/1063/1048 987/984/968 986/983/967
f 1067/1063/1048 1068/1065/1049 988/986/969
f 1068/1065/1049 1069/1067/1050 989/985/970
f 1070/1066/1051 990/987/971 989/985/970
f 1071/1068/1052 991/989/972 990/987/971
f 1071/1068/1052 1072/1069/1053 992/988/973
f 1072/1069/1053 1073/1070/1054 993/990/974
f 1073/1070/1054 1074/1071/1055 994/992/975
f 1074/1071/1055 1075/1073/1056 995/991/976
f 1076/1072/1057 996/994/977 995/991/976
f 1076/1072/1057 1077/1074/1058 997/993/978
f 1077/1074/1058 1078/1076/1059 998/996/979
f 1079/1075/1060 999/995/980 998/996/979
f 1080/1077/1061 1000/997/981 999/995/980
f 1080/1077/1061 1081/1078/1062 1001/999/982
f 1081/1078/1062 1082/1079/1063 1002/998/983
f 1082/1079/1063 1083/1080/1064 1003/1000/984
f 1083/1080/1064 1084/1081/1065 1004/1001/985
f 1084/1081/1065 1085/1083/1066 1005/1002/986
f 1086/1082/1067 1006/1004/987 1005/1002/986
f 1086/1082/1067 1087/1084/1068 1007/1003/988
f 1087/1084/1068 1088/1086/1069 1008/1005/989
f 1089/1085/1070 1009/1006/990 1008/1005/989
f 1089/1085/1070 1090/1088/1071 1010/1007/991
f 1091/1087/1072 1011/1009/992 1010/1007/991
f 1092/1089/1073 1012/1008/993 1011/1009/992
f 1093/1090/1074 1013/1010/994 1012/1008/993
f 1093/1090/1074 1094/1092/1075 1014/1012/995
f 1095/1091/1076 1015/1011/996 1014/1012/995
f 1096/1093/1077 1016/1013/997 1015/1011/996
f 1097/1094/1078 1017/1014/998 1016/1013/997
f 1097/1094/1078 1098/1095/1079 1018/1015/999
f 1098/1095/1079 1099/1097/1080 1019/1017/1000
f 1100/1096/1081 1020/1016/1001 1019/1017/1000
f 1100/1096/1081 1101/1098/1082 1021/1018/1002
f 1101/1098/1082 1102/1100/1083 1022/1020/1003
f 1103/1099/1084 1023/1019/1004 1022/1020/1003
f 1104/1101/1085 1024/1022/1005 1023/1019/1004
f 1105/1102/1086 1025/1021/1006 1024/1022/1005
f 1106/1103/1087 1026/1023/1007 1025/1021/1006
f 1107/1104/1088 1027/1025/1008 1026/1023/1007
f 1107/1104/1088 1108/1106/1089 1028/1024/1009
f 1109/1105/1090 1029/1026/1010 1028/1024/1009
f 1109/1105/1090 1110/1108/1091 1030/1027/1011
f 1111/1107/1092 1031/1028/1012 1030/1027/1011
f 1112/1109/1093 1032/1029/1013 1031/1028/1012
f 1113/1110/1094 1033/1030/1014 1032/1029/1013
f 1113/1110/1094 1114/1111/1095 1034/1031/1015
f 1114/1111/1095 1115/1112/1096 1035/1032/1016
f 1115/1112/1096 1116/1113/1097 1036/1033/1017
f 1116/1113/1097 1117/1114/1098 1037/1034/1018
f 1117/1114/1098 1118/1115/1099 1038/1035/1019
f 1118/1115/1099 1119/1117/1100 1039/1036/1020
f 1120/1116/1101 1040/5112/1021 1039/1036/1020
f 1122/1118/1103 1042/1038/1023 1041/1039/1022
f 1122/1118/1103 1123/1120/1104 1043/1040/1024
f 1123/1120/1104 1124/1121/1105 1044/1041/1025
f 1124/1121/1105 1125/1122/1106 1045/1042/1026
f 1125/1122/1106 1126/1123/1107 1046/1043/1027
f 1126/1123/1107 1127/1125/1108 1047/1044/1028
f 1128/1124/1109 1048/1046/1029 1047/1044/1028
f 1129/1126/1110 1049/1045/1030 1048/1046/1029
f 1130/1127/1111 1050/1047/1031 1049/1045/1030
f 1131/1128/1112 1051/1049/1032 1050/1047/1031
f 1131/1128/1112 1132/1129/1113 1052/1048/1033
f 1132/1129/1113 1133/1131/1114 1053/1050/1034
f 1134/1130/1115 1054/1051/1035 1053/1050/1034
f 1135/1132/1116 1055/1052/1036 1054/1051/1035
f 1135/1132/1116 1136/1134/1117 1056/1053/1037
f 1137/1133/1118 1057/1055/1038 1056/1053/1037
f 1138/1135/1119 1058/1054/1039 1057/1055/1038
f 1139/1136/1120 1059/1057/1040 1058/1054/1039
f 1139/1136/1120 1140/1137/1121 1060/1056/1041
f 1140/1137/1121 1141/1139/1122 1061/1058/1042
f 1142/1138/1123 1062/1059/1043 1061/1058/1042
f 1142/1138/1123 1143/1140/1124 1063/1060/1044
f 1143/1140/1124 1144/1142/1125 1064/1062/1045
f 1145/1141/1126 1065/1061/1046 1064/1062/1045
f 1146/1143/1127 1066/1064/1047 1065/1061/1046
f 1146/1143/1127 1147/1145/1128 1067/1063/1048
f 1148/1144/1129 1068/1065/1049 1067/1063/1048
f 1148/1144/1129 1149/1147/1130 1069/1067/1050
f 1150/1146/1131 1070/1066/1051 1069/1067/1050
f 1150/1146/1131 1151/1149/1132 1071/1068/1052
f 1152/1148/1133 1072/1069/1053 1071/1068/1052
f 1153/1150/1134 1073/1070/1054 1072/1069/1053
f 1153/1150/1134 1154/1152/1135 1074/1071/1055
f 1155/1151/1136 1075/1073/1056 1074/1071/1055
f 1155/1151/1136 1156/1153/1137 1076/1072/1057
f 1156/1153/1137 1157/1155/1138 1077/1074/1058
f 1158/1154/1139 1078/1076/1059 1077/1074/1058
f 1159/1156/1140 1079/1075/1060 1078/1076/1059
f 1159/1156/1140 1160/1157/1141 1080/1077/1061
f 1160/1157/1141 1161/1158/1142 1081/1078/1062
f 1161/1158/1142 1162/1160/1143 1082/1079/1063
f 1163/1159/1144 1083/1080/1064 1082/1079/1063
f 1163/1159/1144 1164/1161/1145 1084/1081/1065
f 1164/1161/1145 1165/1163/1146 1085/1083/1066
f 1166/1162/1147 1086/1082/1067 1085/1083/1066
f 1166/1162/1147 1167/1165/1148 1087/1084/1068
f 1168/1164/1149 1088/1086/1069 1087/1084/1068
f 1169/1166/1150 1089/1085/1070 1088/1086/1069
f 1169/1166/1150 1170/1167/1151 1090/1088/1071
f 1170/1167/1151 1171/1168/1152 1091/1087/1072
f 1171/1168/1152 1172/1170/1153 1092/1089/1073
f 1173/1169/1154 1093/1090/1074 1092/1089/1073
f 1173/1169/1154 1174/1171/1155 1094/1092/1075
f 1174/1171/1155 1175/1173/1156 1095/1091/1076
f 1176/1172/1157 1096/1093/1077 1095/1091/1076
f 1176/1172/1157 1177/1175/1158 1097/1094/1078
f 1178/1174/1159 1098/1095/1079 1097/1094/1078
f 1179/1176/1160 1099/1097/1080 1098/1095/1079
f 1180/1177/1161 1100/1096/1081 1099/1097/1080
f 1181/1178/1162 1101/1098/1082 1100/1096/1081
f 1181/1178/1162 1182/1180/1163 1102/1100/1083
f 1183/1179/1164 1103/1099/1084 1102/1100/1083
f 1184/1181/1165 1104/1101/1085 1103/1099/1084
f 1185/1182/1166 1105/1102/1086 1104/1101/1085
f 1185/1182/1166 1186/1184/1167 1106/1103/1087
f 1187/1183/1168 1107/1104/1088 1106/1103/1087
f 1188/1185/1169 1108/1106/1089 1107/1104/1088
f 1188/1185/1169 1189/1187/1170 1109/1105/1090
f 1190/1186/1171 1110/1108/1091 1109/1105/1090
f 1191/1188/1172 1111/1107/1092 1110/1108/1091
f 1192/1189/1173 1112/1109/1093 1111/1107/1092
f 1192/1189/1173 1193/1190/1174 1113/1110/1094
f 1193/1190/1174 1194/1191/1175 1114/1111/1095
f 1194/1191/1175 1195/1192/1176 1115/1112/1096
f 1195/1192/1176 1196/1193/1177 1116/1113/1097
f 1196/1193/1177 1197/1194/1178 1117/1114/1098
f 1197/1194/1178 1198/1195/1179 1118/1115/1099
f 1198/1195/1179 1199/1197/1180 1119/1117/1100
f 1200/1196/1181 1120/1116/1101 1119/1117/1100
f 1202/1198/1183 1122/1118/1103 1121/1119/1102
f 1202/1198/1183 1203/1200/1184 1123/1120/1104
f 1203/1200/1184 1204/1201/1185 1124/1121/1105
f 1204/1201/1185 1205/1203/1186 1125/1122/1106
f 1206/1202/1187 1126/1123/1107 1125/1122/1106
f 1207/1204/1188 1127/1125/1108 1126/1123/1107
f 1208/1205/1189 1128/1124/1109 1127/1125/1108
f 1209/1206/1190 1129/1126/1110 1128/1124/1109
f 1209/1206/1190 1210/1207/1191 1130/1127/1111
f 1210/1207/1191 1211/1209/1192 1131/1128/1112
f 1212/1208/1193 1132/1129/1113 1131/1128/1112
f 1212/1208/1193 1213/1210/1194 1133/1131/1114
f 1213/1210/1194 1214/1212/1195 1134/1130/1115
f 1215/1211/1196 1135/1132/1116 1134/1130/1115
f 1216/1213/1197 1136/1134/1117 1135/1132/1116
f 1216/1213/1197 1217/1215/1198 1137/1133/1118
f 1218/1214/1199 1138/1135/1119 1137/1133/1118
f 1218/1214/1199 1219/1216/1200 1139/1136/1120
f 1219/1216/1200 1220/1218/1201 1140/1137/1121
f 1221/1217/1202 1141/1139/1122 1140/1137/1121
f 1221/1217/1202 1222/1220/1203 1142/1138/1123
f 1223/1219/1204 1143/1140/1124 1142/1138/1123
f 1223/1219/1204 1224/1222/1205 1144/1142/1125
f 1225/1221/1206 1145/1141/1126 1144/1142/1125
f 1226/1223/1207 1146/1143/1127 1145/1141/1126
f 1227/1224/1208 1147/1145/1128 1146/1143/1127
f 1228/1225/1209 1148/1144/1129 1147/1145/1128
f 1229/1226/1210 1149/1147/1130 1148/1144/1129
f 1229/1226/1210 1230/1228/1211 1150/1146/1131
f 1231/1227/1212 1151/1149/1132 1150/1146/1131
f 1231/1227/1212 1232/1230/1213 1152/1148/1133
f 1233/1229/1214 1153/1150/1134 1152/1148/1133
f 1234/1231/1215 1154/1152/1135 1153/1150/1134
f 1234/1231/1215 1235/1233/1216 1155/1151/1136
f 1236/1232/1217 1156/1153/1137 1155/1151/1136
f 1236/1232/1217 1237/1235/1218 1157/1155/1138
f 1238/1234/1219 1158/1154/1139 1157/1155/1138
f 1238/1234/1219 1239/1237/1220 1159/1156/1140
f 1240/1236/1221 1160/1157/1141 1159/1156/1140
f 1241/1238/1222 1161/1158/1142 1160/1157/1141
f 1241/1238/1222 1242/1240/1223 1162/1160/1143
f 1243/1239/1224 1163/1159/1144 1162/1160/1143
f 1244/1241/1225 1164/1161/1145 1163/1159/1144
f 1244/1241/1225 1245/1242/1226 1165/1163/1146
f 1245/1242/1226 1246/1243/1227 1166/1162/1147
f 1246/1243/1227 1247/1244/1228 1167/1165/1148
f 1247/1244/1228 1248/1246/1229 1168/1164/1149
f 1249/1245/1230 1169/1166/1150 1168/1164/1149
f 1249/1245/1230 1250/1247/1231 1170/1167/1151
f 1250/1247/1231 1251/1248/1232 1171/1168/1152
f 1251/1248/1232 1252/1250/1233 1172/1170/1153
f 1253/1249/1234 1173/1169/1154 1172/1170/1153
f 1254/1251/1235 1174/1171/1155 1173/1169/1154
f 1255/1252/1236 1175/1173/1156 1174/1171/1155
f 1256/1253/1237 1176/1172/1157 1175/1173/1156
f 1257/1254/1238 1177/1175/1158 1176/1172/1157
f 1257/1254/1238 1258/1255/1239 1178/1174/1159
f 1258/1255/1239 1259/1257/1240 1179/1176/1160
f 1260/1256/1241 1180/1177/1161 1179/1176/1160
f 1260/1256/1241 1261/1258/1242 1181/1178/1162
f 1261/1258/1242 1262/1259/1243 1182/1180/1163
f 1262/1259/1243 1263/1261/1244 1183/1179/1164
f 1264/1260/1245 1184/1181/1165 1183/1179/1164
f 1265/1262/1246 1185/1182/1166 1184/1181/1165
f 1265/1262/1246 1266/1264/1247 1186/1184/1167
f 1267/1263/1248 1187/1183/1168 1186/1184/1167
f 1267/1263/1248 1268/1266/1249 1188/1185/1169
f 1269/1265/1250 1189/1187/1170 1188/1185/1169
f 1269/1265/1250 1270/1267/1251 1190/1186/1171
f 1270/1267/1251 1271/1268/1252 1191/1188/1172
f 1271/1268/1252 1272/1269/1253 1192/1189/1173
f 1272/1269/1253 1273/1270/1254 1193/1190/1174
f 1273/1270/1254 1274/1271/1255 1194/1191/1175
f 1274/1271/1255 1275/1272/1256 1195/1192/1176
f 1275/1272/1256 1276/1274/1257 1196/1193/1177
f 1277/1273/1258 1197/1194/1178 1196/1193/1177
f 1277/1273/1258 1278/1275/1259 1198/1195/1179
f 1278/1275/1259 1279/1276/1260 1199/1197/1180
f 1279/1276/1260 1280/1356/1261 1200/1196/1181
f 1281/1277/1262 1282/1279/1263 1202/1198/1183
f 1283/1278/1264 1203/1200/1184 1202/1198/1183
f 1284/1280/1265 1204/1201/1185 1203/1200/1184
f 1285/1281/1266 1205/1203/1186 1204/1201/1185
f 1286/1282/1267 1206/1202/1187 1205/1203/1186
f 1287/1283/1268 1207/1204/1188 1206/1202/1187
f 1288/1284/1269 1208/1205/1189 1207/1204/1188
f 1288/1284/1269 1289/1285/1270 1209/1206/1190
f 1289/1285/1270 1290/1286/1271 1210/1207/1191
f 1290/1286/1271 1291/1288/1272 1211/1209/1192
f 1292/1287/1273 1212/1208/1193 1211/1209/1192
f 1292/1287/1273 1293/1290/1274 1213/1210/1194
f 1294/1289/1275 1214/1212/1195 1213/1210/1194
f 1295/1291/1276 1215/1211/1196 1214/1212/1195
f 1295/1291/1276 1296/1292/1277 1216/1213/1197
f 1296/1292/1277 1297/1293/1278 1217/1215/1198
f 1297/1293/1278 1298/1294/1279 1218/1214/1199
f 1298/1294/1279 1299/1296/1280 1219/1216/1200
f 1300/1295/1281 1220/1218/1201 1219/1216/1200
f 1300/1295/1281 1301/1298/1282 1221/1217/1202
f 1302/1297/1283 1222/1220/1203 1221/1217/1202
f 1302/1297/1283 1303/1299/1284 1223/1219/1204
f 1303/1299/1284 1304/1300/1285 1224/1222/1205
f 1304/1300/1285 1305/1301/1286 1225/1221/1206
f 1305/1301/1286 1306/1303/1287 1226/1223/1207
f 1307/1302/1288 1227/1224/1208 1226/1223/1207
f 1307/1302/1288 1308/1304/1289 1228/1225/1209
f 1308/1304/1289 1309/1306/1290 1229/1226/1210
f 1310/1305/1291 1230/1228/1211 1229/1226/1210
f 1310/1305/1291 1311/1307/1292 1231/1227/1212
f 1311/1307/1292 1312/1309/1293 1232/1230/1213
f 1313/1308/1294 1233/1229/1214 1232/1230/1213
f 1314/1310/1295 1234/1231/1215 1233/1229/1214
f 1314/1310/1295 1315/1311/1296 1235/1233/1216
f 1315/1311/1296 1316/1313/1297 1236/1232/1217
f 1317/1312/1298 1237/1235/1218 1236/1232/1217
f 1318/1314/1299 1238/1234/1219 1237/1235/1218
f 1318/1314/1299 1319/1316/1300 1239/1237/1220
f 1320/1315/1301 1240/1236/1221 1239/1237/1220
f 1320/1315/1301 1321/1318/1302 1241/1238/1222
f 1322/1317/1303 1242/1240/1223 1241/1238/1222
f 1323/1319/1304 1243/1239/1224 1242/1240/1223
f 1323/1319/1304 1324/1321/1305 1244/1241/1225
f 1325/1320/1306 1245/1242/1226 1244/1241/1225
f 1326/1322/1307 1246/1243/1227 1245/1242/1226
f 1327/1323/1308 1247/1244/1228 1246/1243/1227
f 1327/1323/1308 1328/1325/1309 1248/1246/1229
f 1329/1324/1310 1249/1245/1230 1248/1246/1229
f 1330/1326/1311 1250/1247/1231 1249/1245/1230
f 1330/1326/1311 1331/1328/1312 1251/1248/1232
f 1332/1327/1313 1252/1250/1233 1251/1248/1232
f 1332/1327/1313 1333/1329/1314 1253/1249/1234
f 1333/1329/1314 1334/1331/1315 1254/1251/1235
f 1335/1330/1316 1255/1252/1236 1254/1251/1235
f 1335/1330/1316 1336/1333/1317 1256/1253/1237
f 1337/1332/1318 1257/1254/1238 1256/1253/1237
f 1337/1332/1318 1338/1334/1319 1258/1255/1239
f 1338/1334/1319 1339/1336/1320 1259/1257/1240
f 1340/1335/1321 1260/1256/1241 1259/1257/1240
f 1341/1337/1322 1261/1258/1242 1260/1256/1241
f 1341/1337/1322 1342/1338/1323 1262/1259/1243
f 1342/1338/1323 1343/1339/1324 1263/1261/1244
f 1343/1339/1324 1344/1341/1325 1264/1260/1245
f 1345/1340/1326 1265/1262/1246 1264/1260/1245
f 1346/1342/1327 1266/1264/1247 1265/1262/1246
f 1347/1343/1328 1267/1263/1248 1266/1264/1247
f 1347/1343/1328 1348/1345/1329 1268/1266/1249
f 1349/1344/1330 1269/1265/1250 1268/1266/1249
f 1350/1346/1331 1270/1267/1251 1269/1265/1250
f 1350/1346/1331 1351/1347/1332 1271/1268/1252
f 1351/1347/1332 1352/1348/1333 1272/1269/1253
f 1352/1348/1333 1353/1349/1334 1273/1270/1254
f 1353/1349/1334 1354/1350/1335 1274/1271/1255
f 1354/1350/1335 1355/1351/1336 1275/1272/1256
f 1355/1351/1336 1356/1353/1337 1276/1274/1257
f 1357/1352/1338 1277/1273/1258 1276/1274/1257
f 1358/1354/1339 1278/1275/1259 1277/1273/1258
f 1358/1354/1339 1359/1355/1340 1279/1276/1260
f 1359/1355/1340 1360/1436/1341 1280/1356/1261
f 1361/1357/1342 1362/1358/1343 1282/1279/1263
f 1362/1358/1343 1363/1360/1344 1283/1278/1264
f 1364/1359/1345 1284/1280/1265 1283/1278/1264
f 1365/1361/1346 1285/1281/1266 1284/1280/1265
f 1366/1362/1347 1286/1282/1267 1285/1281/1266
f 1367/1363/1348 1287/1283/1268 1286/1282/1267
f 1368/1364/1349 1288/1284/1269 1287/1283/1268
f 1369/1365/1350 1289/1285/1270 1288/1284/1269
f 1370/1366/1351 1290/1286/1271 1289/1285/1270
f 1371/1367/1352 1291/1288/1272 1290/1286/1271
f 1372/1368/1353 1292/1287/1273 1291/1288/1272
f 1372/1368/1353 1373/1369/1354 1293/1290/1274
f 1373/1369/1354 1374/1370/1355 1294/1289/1275
f 1374/1370/1355 1375/1371/1356 1295/1291/1276
f 1375/1371/1356 1376/1373/1357 1296/1292/1277
f 1377/1372/1358 1297/1293/1278 1296/1292/1277
f 1378/1374/1359 1298/1294/1279 1297/1293/1278
f 1379/1375/1360 1299/1296/1280 1298/1294/1279
f 1380/1376/1361 1300/1295/1281 1299/1296/1280
f 1380/1376/1361 1381/1377/1362 1301/1298/1282
f 1381/1377/1362 1382/1378/1363 1302/1297/1283
f 1382/1378/1363 1383/1379/1364 1303/1299/1284
f 1383/1379/1364 1384/1380/1365 1304/1300/1285
f 1384/1380/1365 1385/1382/1366 1305/1301/1286
f 1386/1381/1367 1306/1303/1287 1305/1301/1286
f 1386/1381/1367 1387/1384/1368 1307/1302/1288
f 1388/1383/1369 1308/1304/1289 1307/1302/1288
f 1388/1383/1369 1389/1386/1370 1309/1306/1290
f 1390/1385/1371 1310/1305/1291 1309/1306/1290
f 1390/1385/1371 1391/1387/1372 1311/1307/1292
f 1391/1387/1372 1392/1388/1373 1312/1309/1293
f 1392/1388/1373 1393/1389/1374 1313/1308/1294
f 1393/1389/1374 1394/1391/1375 1314/1310/1295
f 1395/1390/1376 1315/1311/1296 1314/1310/1295
f 1396/1392/1377 1316/1313/1297 1315/1311/1296
f 1396/1392/1377 1397/1393/1378 1317/1312/1298
f 1397/1393/1378 1398/1394/1379 1318/1314/1299
f 1398/1394/1379 1399/1396/1380 1319/1316/1300
f 1400/1395/1381 1320/1315/1301 1319/1316/1300
f 1401/1397/1382 1321/1318/1302 1320/1315/1301
f 1402/1398/1383 1322/1317/1303 1321/1318/1302
f 1403/1399/1384 1323/1319/1304 1322/1317/1303
f 1404/1400/1385 1324/1321/1305 1323/1319/1304
f 1404/1400/1385 1405/1402/1386 1325/1320/1306
f 1406/1401/1387 1326/1322/1307 1325/1320/1306
f 1407/1403/1388 1327/1323/1308 1326/1322/1307
f 1408/1404/1389 1328/1325/1309 1327/1323/1308
f 1408/1404/1389 1409/1405/1390 1329/1324/1310
f 1409/1405/1390 1410/1407/1391 1330/1326/1311
f 1411/1406/1392 1331/1328/1312 1330/1326/1311
f 1411/1406/1392 1412/1409/1393 1332/1327/1313
f 1413/1408/1394 1333/1329/1314 1332/1327/1313
f 1414/1410/1395 1334/1331/1315 1333/1329/1314
f 1414/1410/1395 1415/1412/1396 1335/1330/1316
f 1416/1411/1397 1336/1333/1317 1335/1330/1316
f 1417/1413/1398 1337/1332/1318 1336/1333/1317
f 1417/1413/1398 1418/1415/1399 1338/1334/1319
f 1419/1414/1400 1339/1336/1320 1338/1334/1319
f 1419/1414/1400 1420/1417/1401 1340/1335/1321
f 1421/1416/1402 1341/1337/1322 1340/1335/1321
f 1422/1418/1403 1342/1338/1323 1341/1337/1322
f 1423/1419/1404 1343/1339/1324 1342/1338/1323
f 1424/1420/1405 1344/1341/1325 1343/1339/1324
f 1425/1421/1406 1345/1340/1326 1344/1341/1325
f 1425/1421/1406 1426/1422/1407 1346/1342/1327
f 1426/1422/1407 1427/1424/1408 1347/1343/1328
f 1428/1423/1409 1348/1345/1329 1347/1343/1328
f 1429/1425/1410 1349/1344/1330 1348/1345/1329
f 1429/1425/1410 1430/1427/1411 1350/1346/1331
f 1431/1426/1412 1351/1347/1332 1350/1346/1331
f 1432/1428/1413 1352/1348/1333 1351/1347/1332
f 1433/1429/1414 1353/1349/1334 1352/1348/1333
f 1433/1429/1414 1434/1430/1415 1354/1350/1335
f 1434/1430/1415 1435/1431/1416 1355/1351/1336
f 1435/1431/1416 1436/1432/1417 1356/1353/1337
f 1436/1432/1417 1437/1433/1418 1357/1352/1338
f 1437/1433/1418 1438/1435/1419 1358/1354/1339
f 1439/1434/1420 1359/1355/1340 1358/1354/1339
f 1439/1434/1420 1440/5113/1421 1360/1436/1341
f 1442/1437/1423 1362/1358/1343 1361/1357/1342
f 1443/1439/1424 1363/1360/1344 1362/1358/1343
f 1444/1440/1425 1364/1359/1345 1363/1360/1344
f 1445/1441/1426 1365/1361/1346 1364/1359/1345
f 1446/1442/1427 1366/1362/1347 1365/1361/1346
f 1447/1443/1428 1367/1363/1348 1366/1362/1347
f 1447/1443/1428 1448/1444/1429 1368/1364/1349
f 1448/1444/1429 1449/1445/1430 1369/1365/1350
f 1449/1445/1430 1450/1447/1431 1370/1366/1351
f 1451/1446/1432 1371/1367/1352 1370/1366/1351
f 1452/1448/1433 1372/1368/1353 1371/1367/1352
f 1452/1448/1433 1453/1449/1434 1373/1369/1354
f 1453/1449/1434 1454/1450/1435 1374/1370/1355
f 1454/1450/1435 1455/1452/1436 1375/1371/1356
f 1456/1451/1437 1376/1373/1357 1375/1371/1356
f 1456/1451/1437 1457/1453/1438 1377/1372/1358
f 1457/1453/1438 1458/1455/1439 1378/1374/1359
f 1459/1454/1440 1379/1375/1360 1378/1374/1359
f 1459/1454/1440 1460/1456/1441 1380/1376/1361
f 1460/1456/1441 1461/1457/1442 1381/1377/1362
f 1461/1457/1442 1462/1459/1443 1382/1378/1363
f 1463/1458/1444 1383/1379/1364 1382/1378/1363
f 1464/1460/1445 1384/1380/1365 1383/1379/1364
f 1465/1461/1446 1385/1382/1366 1384/1380/1365
f 1466/1462/1447 1386/1381/1367 1385/1382/1366
f 1467/1463/1448 1387/1384/1368 1386/1381/1367
f 1467/1463/1448 1468/1465/1449 1388/1383/1369
f 1469/1464/1450 1389/1386/1370 1388/1383/1369
f 1470/1466/1451 1390/1385/1371 1389/1386/1370
f 1471/1467/1452 1391/1387/1372 1390/1385/1371
f 1472/1468/1453 1392/1388/1373 1391/1387/1372
f 1473/1469/1454 1393/1389/1374 1392/1388/1373
f 1474/1470/1455 1394/1391/1375 1393/1389/1374
f 1474/1470/1455 1475/1472/1456 1395/1390/1376
f 1476/1471/1457 1396/1392/1377 1395/1390/1376
f 1477/1473/1458 1397/1393/1378 1396/1392/1377
f 1478/1474/1459 1398/1394/1379 1397/1393/1378
f 1479/1475/1460 1399/1396/1380 1398/1394/1379
f 1479/1475/1460 1480/1477/1461 1400/1395/1381
f 1481/1476/1462 1401/1397/1382 1400/1395/1381
f 1481/1476/1462 1482/1479/1463 1402/1398/1383
f 1483/1478/1464 1403/1399/1384 1402/1398/1383
f 1484/1480/1465 1404/1400/1385 1403/1399/1384
f 1484/1480/1465 1485/1481/1466 1405/1402/1386
f 1485/1481/1466 1486/1483/1467 1406/1401/1387
f 1487/1482/1468 1407/1403/1388 1406/1401/1387
f 1487/1482/1468 1488/1484/1469 1408/1404/1389
f 1488/1484/1469 1489/1486/1470 1409/1405/1390
f 1490/1485/1471 1410/1407/1391 1409/1405/1390
f 1491/1487/1472 1411/1406/1392 1410/1407/1391
f 1491/1487/1472 1492/1488/1473 1412/1409/1393
f 1492/1488/1473 1493/1490/1474 1413/1408/1394
f 1494/1489/1475 1414/1410/1395 1413/1408/1394
f 1495/1491/1476 1415/1412/1396 1414/1410/1395
f 1495/1491/1476 1496/1493/1477 1416/1411/1397
f 1497/1492/1478 1417/1413/1398 1416/1411/1397
f 1497/1492/1478 1498/1495/1479 1418/1415/1399
f 1499/1494/1480 1419/1414/1400 1418/1415/1399
f 1500/1496/1481 1420/1417/1401 1419/1414/1400
f 1500/1496/1481 1501/1498/1482 1421/1416/1402
f 1502/1497/1483 1422/1418/1403 1421/1416/1402
f 1502/1497/1483 1503/1500/1484 1423/1419/1404
f 1504/1499/1485 1424/1420/1405 1423/1419/1404
f 1505/1501/1486 1425/1421/1406 1424/1420/1405
f 1506/1502/1487 1426/1422/1407 1425/1421/1406
f 1506/1502/1487 1507/1504/1488 1427/1424/1408
f 1508/1503/1489 1428/1423/1409 1427/1424/1408
f 1508/1503/1489 1509/1505/1490 1429/1425/1410
f 1509/1505/1490 1510/1507/1491 1430/1427/1411
f 1511/1506/1492 1431/1426/1412 1430/1427/1411
f 1512/1508/1493 1432/1428/1413 1431/1426/1412
f 1512/1508/1493 1513/1509/1494 1433/1429/1414
f 1513/1509/1494 1514/1510/1495 1434/1430/1415
f 1514/1510/1495 1515/1511/1496 1435/1431/1416
f 1515/1511/1496 1516/1512/1497 1436/1432/1417
f 1516/1512/1497 1517/1513/1498 1437/1433/1418
f 1517/1513/1498 1518/1515/1499 1438/1435/1419
f 1519/1514/1500 1439/1434/1420 1438/1435/1419
f 1520/1516/1501 1440/5113/1421 1439/1434/1420
f 1522/1517/1503 1442/1437/1423 1441/1438/1422
f 1523/1519/1504 1443/1439/1424 1442/1437/1423
f 1524/1520/1505 1444/1440/1425 1443/1439/1424
f 1525/1521/1506 1445/1441/1426 1444/1440/1425
f 1526/1522/1507 1446/1442/1427 1445/1441/1426
f 1527/1523/1508 1447/1443/1428 1446/1442/1427
f 1527/1523/1508 1528/1524/1509 1448/1444/1429
f 1528/1524/1509 1529/1526/1510 1449/1445/1430
f 1530/1525/1511 1450/1447/1431 1449/1445/1430
f 1530/1525/1511 1531/1527/1512 1451/1446/1432
f 1531/1527/1512 1532/1529/1513 1452/1448/1433
f 1533/1528/1514 1453/1449/1434 1452/1448/1433
f 1533/1528/1514 1534/1530/1515 1454/1450/1435
f 1534/1530/1515 1535/1531/1516 1455/1452/1436
f 1535/1531/1516 1536/1533/1517 1456/1451/1437
f 1537/1532/1518 1457/1453/1438 1456/1451/1437
f 1538/1534/1519 1458/1455/1439 1457/1453/1438
f 1539/1535/1520 1459/1454/1440 1458/1455/1439
f 1540/1536/1521 1460/1456/1441 1459/1454/1440
f 1540/1536/1521 1541/1538/1522 1461/1457/1442
f 1542/1537/1523 1462/1459/1443 1461/1457/1442
f 1543/1539/1524 1463/1458/1444 1462/1459/1443
f 1544/1540/1525 1464/1460/1445 1463/1458/1444
f 1545/1541/1526 1465/1461/1446 1464/1460/1445
f 1545/1541/1526 1546/1542/1527 1466/1462/1447
f 1546/1542/1527 1547/1544/1528 1467/1463/1448
f 1548/1543/1529 1468/1465/1449 1467/1463/1448
f 1548/1543/1529 1549/1545/1530 1469/1464/1450
f 1549/1545/1530 1550/1547/1531 1470/1466/1451
f 1551/1546/1532 1471/1467/1452 1470/1466/1451
f 1551/1546/1532 1552/1548/1533 1472/1468/1453
f 1552/1548/1533 1553/1550/1534 1473/1469/1454
f 1554/1549/1535 1474/1470/1455 1473/1469/1454
f 1555/1551/1536 1475/1472/1456 1474/1470/1455
f 1555/1551/1536 1556/1552/1537 1476/1471/1457
f 1556/1552/1537 1557/1554/1538 1477/1473/1458
f 1558/1553/1539 1478/1474/1459 1477/1473/1458
f 1558/1553/1539 1559/1556/1540 1479/1475/1460
f 1560/1555/1541 1480/1477/1461 1479/1475/1460
f 1561/1557/1542 1481/1476/1462 1480/1477/1461
f 1562/1558/1543 1482/1479/1463 1481/1476/1462
f 1562/1558/1543 1563/1559/1544 1483/1478/1464
f 1563/1559/1544 1564/1561/1545 1484/1480/1465
f 1565/1560/1546 1485/1481/1466 1484/1480/1465
f 1565/1560/1546 1566/1562/1547 1486/1483/1467
f 1566/1562/1547 1567/1563/1548 1487/1482/1468
f 1567/1563/1548 1568/1565/1549 1488/1484/1469
f 1569/1564/1550 1489/1486/1470 1488/1484/1469
f 1570/1566/1551 1490/1485/1471 1489/1486/1470
f 1571/1567/1552 1491/1487/1472 1490/1485/1471
f 1572/1568/1553 1492/1488/1473 1491/1487/1472
f 1572/1568/1553 1573/1570/1554 1493/1490/1474
f 1574/1569/1555 1494/1489/1475 1493/1490/1474
f 1575/1571/1556 1495/1491/1476 1494/1489/1475
f 1575/1571/1556 1576/1572/1557 1496/1493/1477
f 1576/1572/1557 1577/1574/1558 1497/1492/1478
f 1578/1573/1559 1498/1495/1479 1497/1492/1478
f 1578/1573/1559 1579/1575/1560 1499/1494/1480
f 1579/1575/1560 1580/1577/1561 1500/1496/1481
f 1581/1576/1562 1501/1498/1482 1500/1496/1481
f 1582/1578/1563 1502/1497/1483 1501/1498/1482
f 1583/1579/1564 1503/1500/1484 1502/1497/1483
f 1583/1579/1564 1584/1581/1565 1504/1499/1485
f 1585/1580/1566 1505/1501/1486 1504/1499/1485
f 1585/1580/1566 1586/1583/1567 1506/1502/1487
f 1587/1582/1568 1507/1504/1488 1506/1502/1487
f 1587/1582/1568 1588/1585/1569 1508/1503/1489
f 1589/1584/1570 1509/1505/1490 1508/1503/1489
f 1589/1584/1570 1590/1587/1571 1510/1507/1491
f 1591/1586/1572 1511/1506/1492 1510/1507/1491
f 1591/1586/1572 1592/1588/1573 1512/1508/1493
f 1592/1588/1573 1593/1589/1574 1513/1509/1494
f 1593/1589/1574 1594/1590/1575 1514/1510/1495
f 1594/1590/1575 1595/1591/1576 1515/1511/1496
f 1595/1591/1576 1596/1592/1577 1516/1512/1497
f 1596/1592/1577 1597/1593/1578 1517/1513/1498
f 1597/1593/1578 1598/1594/1579 1518/1515/1499
f 1598/1594/1579 1599/1596/1580 1519/1514/1500
f 1600/1595/1581 1520/1516/1501 1519/1514/1500
f 1602/1597/1583 1522/1517/1503 1521/1518/1502
f 1603/1599/1584 1523/1519/1504 1522/1517/1503
f 1604/1600/1585 1524/1520/1505 1523/1519/1504
f 1604/1600/1585 1605/1601/1586 1525/1521/1506
f 1605/1601/1586 1606/1603/1587 1526/1522/1507
f 1607/1602/1588 1527/1523/1508 1526/1522/1507
f 1608/1604/1589 1528/1524/1509 1527/1523/1508
f 1608/1604/1589 1609/1605/1590 1529/1526/1510
f 1609/1605/1590 1610/1606/1591 1530/1525/1511
f 1610/1606/1591 1611/1607/1592 1531/1527/1512
f 1611/1607/1592 1612/1609/1593 1532/1529/1513
f 1613/1608/1594 1533/1528/1514 1532/1529/1513
f 1613/1608/1594 1614/1611/1595 1534/1530/1515
f 1615/1610/1596 1535/1531/1516 1534/1530/1515
f 1615/1610/1596 1616/1612/1597 1536/1533/1517
f 1616/1612/1597 1617/1613/1598 1537/1532/1518
f 1617/1613/1598 1618/1615/1599 1538/1534/1519
f 1619/1614/1600 1539/1535/1520 1538/1534/1519
f 1619/1614/1600 1620/1617/1601 1540/1536/1521
f 1621/1616/1602 1541/1538/1522 1540/1536/1521
f 1622/1618/1603 1542/1537/1523 1541/1538/1522
f 1623/1619/1604 1543/1539/1524 1542/1537/1523
f 1623/1619/1604 1624/1621/1605 1544/1540/1525
f 1625/1620/1606 1545/1541/1526 1544/1540/1525
f 1625/1620/1606 1626/1622/1607 1546/1542/1527
f 1626/1622/1607 1627/1623/1608 1547/1544/1528
f 1627/1623/1608 1628/1624/1609 1548/1543/1529
f 1628/1624/1609 1629/1626/1610 1549/1545/1530
f 1630/1625/1611 1550/1547/1531 1549/1545/1530
f 1630/1625/1611 1631/1628/1612 1551/1546/1532
f 1632/1627/1613 1552/1548/1533 1551/1546/1532
f 1632/1627/1613 1633/1630/1614 1553/1550/1534
f 1634/1629/1615 1554/1549/1535 1553/1550/1534
f 1634/1629/1615 1635/1632/1616 1555/1551/1536
f 1636/1631/1617 1556/1552/1537 1555/1551/1536
f 1637/1633/1618 1557/1554/1538 1556/1552/1537
f 1637/1633/1618 1638/1635/1619 1558/1553/1539
f 1639/1634/1620 1559/1556/1540 1558/1553/1539
f 1640/1636/1621 1560/1555/1541 1559/1556/1540
f 1641/1637/1622 1561/1557/1542 1560/1555/1541
f 1641/1637/1622 1642/1638/1623 1562/1558/1543
f 1642/1638/1623 1643/1640/1624 1563/1559/1544
f 1644/1639/1625 1564/1561/1545 1563/1559/1544
f 1645/1641/1626 1565/1560/1546 1564/1561/1545
f 1646/1642/1627 1566/1562/1547 1565/1560/1546
f 1646/1642/1627 1647/1643/1628 1567/1563/1548
f 1647/1643/1628 1648/1645/1629 1568/1565/1549
f 1649/1644/1630 1569/1564/1550 1568/1565/1549
f 1649/1644/1630 1650/1647/1631 1570/1566/1551
f 1651/1646/1632 1571/1567/1552 1570/1566/1551
f 1651/1646/1632 1652/1649/1633 1572/1568/1553
f 1653/1648/1634 1573/1570/1554 1572/1568/1553
f 1654/1650/1635 1574/1569/1555 1573/1570/1554
f 1654/1650/1635 1655/1651/1636 1575/1571/1556
f 1655/1651/1636 1656/1653/1637 1576/1572/1557
f 1657/1652/1638 1577/1574/1558 1576/1572/1557
f 1657/1652/1638 1658/1655/1639 1578/1573/1559
f 1659/1654/1640 1579/1575/1560 1578/1573/1559
f 1659/1654/1640 1660/1657/1641 1580/1577/1561
f 1661/1656/1642 1581/1576/1562 1580/1577/1561
f 1662/1658/1643 1582/1578/1563 1581/1576/1562
f 1663/1659/1644 1583/1579/1564 1582/1578/1563
f 1664/1660/1645 1584/1581/1565 1583/1579/1564
f 1665/1661/1646 1585/1580/1566 1584/1581/1565
f 1666/1662/1647 1586/1583/1567 1585/1580/1566
f 1667/1663/1648 1587/1582/1568 1586/1583/1567
f 1668/1664/1649 1588/1585/1569 1587/1582/1568
f 1669/1665/1650 1589/1584/1570 1588/1585/1569
f 1670/1666/1651 1590/1587/1571 1589/1584/1570
f 1671/1667/1652 1591/1586/1572 1590/1587/1571
f 1671/1667/1652 1672/1669/1653 1592/1588/1573
f 1673/1668/1654 1593/1589/1574 1592/1588/1573
f 1674/1670/1655 1594/1590/1575 1593/1589/1574
f 1674/1670/1655 1675/1671/1656 1595/1591/1576
f 1675/1671/1656 1676/1672/1657 1596/1592/1577
f 1676/1672/1657 1677/1673/1658 1597/1593/1578
f 1677/1673/1658 1678/1674/1659 1598/1594/1579
f 1678/1674/1659 1679/1676/1660 1599/1596/1580
f 1680/1675/1661 1600/1595/1581 1599/1596/1580
f 1682/1677/1663 1602/1597/1583 1601/1598/1582
f 1683/1679/1664 1603/1599/1584 1602/1597/1583
f 1683/1679/1664 1684/1680/1665 1604/1600/1585
f 1684/1680/1665 1685/1681/1666 1605/1601/1586
f 1685/1681/1666 1686/1683/1667 1606/1603/1587
f 1687/1682/1668 1607/1602/1588 1606/1603/1587
f 1688/1684/1669 1608/1604/1589 1607/1602/1588
f 1689/1685/1670 1609/1605/1590 1608/1604/1589
f 1690/1686/1671 1610/1606/1591 1609/1605/1590
f 1691/1687/1672 1611/1607/1592 1610/1606/1591
f 1691/1687/1672 1692/1688/1673 1612/1609/1593
f 1692/1688/1673 1693/1690/1674 1613/1608/1594
f 1694/1689/1675 1614/1611/1595 1613/1608/1594
f 1694/1689/1675 1695/1691/1676 1615/1610/1596
f 1695/1691/1676 1696/1692/1677 1616/1612/1597
f 1696/1692/1677 1697/1693/1678 1617/1613/1598
f 1697/1693/1678 1698/1695/1679 1618/1615/1599
f 1699/1694/1680 1619/1614/1600 1618/1615/1599
f 1699/1694/1680 1700/1697/1681 1620/1617/1601
f 1701/1696/1682 1621/1616/1602 1620/1617/1601
f 1702/1698/1683 1622/1618/1603 1621/1616/1602
f 1703/1699/1684 1623/1619/1604 1622/1618/1603
f 1704/1700/1685 1624/1621/1605 1623/1619/1604
f 1705/1701/1686 1625/1620/1606 1624/1621/1605
f 1706/1702/1687 1626/1622/1607 1625/1620/1606
f 1706/1702/1687 1707/1703/1688 1627/1623/1608
f 1707/1703/1688 1708/1704/1689 1628/1624/1609
f 1708/1704/1689 1709/1705/1690 1629/1626/1610
f 1709/1705/1690 1710/1707/1691 1630/1625/1611
f 1711/1706/1692 1631/1628/1612 1630/1625/1611
f 1712/1708/1693 1632/1627/1613 1631/1628/1612
f 1713/1709/1694 1633/1630/1614 1632/1627/1613
f 1714/1710/1695 1634/1629/1615 1633/1630/1614
f 1715/1711/1696 1635/1632/1616 1634/1629/1615
f 1715/1711/1696 1716/1713/1697 1636/1631/1617
f 1717/1712/1698 1637/1633/1618 1636/1631/1617
f 1717/1712/1698 1718/1715/1699 1638/1635/1619
f 1719/1714/1700 1639/1634/1620 1638/1635/1619
f 1720/1716/1701 1640/1636/1621 1639/1634/1620
f 1721/1717/1702 1641/1637/1622 1640/1636/1621
f 1721/1717/1702 1722/1719/1703 1642/1638/1623
f 1723/1718/1704 1643/1640/1624 1642/1638/1623
f 1723/1718/1704 1724/1720/1705 1644/1639/1625
f 1724/1720/1705 1725/1721/1706 1645/1641/1626
f 1725/1721/1706 1726/1722/1707 1646/1642/1627
f 1726/1722/1707 1727/1723/1708 1647/1643/1628
f 1727/1723/1708 1728/1724/1709 1648/1645/1629
f 1728/1724/1709 1729/1725/1710 1649/1644/1630
f 1729/1725/1710 1730/1727/1711 1650/1647/1631
f 1731/1726/1712 1651/1646/1632 1650/1647/1631
f 1731/1726/1712 1732/1729/1713 1652/1649/1633
f 1733/1728/1714 1653/1648/1634 1652/1649/1633
f 1734/1730/1715 1654/1650/1635 1653/1648/1634
f 1734/1730/1715 1735/1731/1716 1655/1651/1636
f 1735/1731/1716 1736/1732/1717 1656/1653/1637
f 1736/1732/1717 1737/1734/1718 1657/1652/1638
f 1738/1733/1719 1658/1655/1639 1657/1652/1638
f 1738/1733/1719 1739/1736/1720 1659/1654/1640
f 1740/1735/1721 1660/1657/1641 1659/1654/1640
f 1740/1735/1721 1741/1737/1722 1661/1656/1642
f 1741/1737/1722 1742/1738/1723 1662/1658/1643
f 1742/1738/1723 1743/1739/1724 1663/1659/1644
f 1743/1739/1724 1744/1741/1725 1664/1660/1645
f 1745/1740/1726 1665/1661/1646 1664/1660/1645
f 1745/1740/1726 1746/1743/1727 1666/1662/1647
f 1747/1742/1728 1667/1663/1648 1666/1662/1647
f 1748/1744/1729 1668/1664/1649 1667/1663/1648
f 1748/1744/1729 1749/1745/1730 1669/1665/1650
f 1749/1745/1730 1750/1746/1731 1670/1666/1651
f 1750/1746/1731 1751/1748/1732 1671/1667/1652
f 1752/1747/1733 1672/1669/1653 1671/1667/1652
f 1752/1747/1733 1753/1749/1734 1673/1668/1654
f 1753/1749/1734 1754/1751/1735 1674/1670/1655
f 1755/1750/1736 1675/1671/1656 1674/1670/1655
f 1755/1750/1736 1756/1752/1737 1676/1672/1657
f 1756/1752/1737 1757/1753/1738 1677/1673/1658
f 1757/1753/1738 1758/1754/1739 1678/1674/1659
f 1758/1754/1739 1759/1755/1740 1679/1676/1660
f 1759/1755/1740 1760/1835/1741 1680/1675/1661
f 1762/1756/1743 1682/1677/1663 1681/1678/1662
f 1763/1758/1744 1683/1679/1664 1682/1677/1663
f 1763/1758/1744 1764/1759/1745 1684/1680/1665
f 1764/1759/1745 1765/1761/1746 1685/1681/1666
f 1766/1760/1747 1686/1683/1667 1685/1681/1666
f 1767/1762/1748 1687/1682/1668 1686/1683/1667
f 1768/1763/1749 1688/1684/1669 1687/1682/1668
f 1769/1764/1750 1689/1685/1670 1688/1684/1669
f 1770/1765/1751 1690/1686/1671 1689/1685/1670
f 1771/1766/1752 1691/1687/1672 1690/1686/1671
f 1771/1766/1752 1772/1767/1753 1692/1688/1673
f 1772/1767/1753 1773/1768/1754 1693/1690/1674
f 1773/1768/1754 1774/1769/1755 1694/1689/1675
f 1774/1769/1755 1775/1770/1756 1695/1691/1676
f 1775/1770/1756 1776/1771/1757 1696/1692/1677
f 1776/1771/1757 1777/1772/1758 1697/1693/1678
f 1777/1772/1758 1778/1774/1759 1698/1695/1679
f 1779/1773/1760 1699/1694/1680 1698/1695/1679
f 1780/1775/1761 1700/1697/1681 1699/1694/1680
f 1780/1775/1761 1781/1777/1762 1701/1696/1682
f 1782/1776/1763 1702/1698/1683 1701/1696/1682
f 1783/1778/1764 1703/1699/1684 1702/1698/1683
f 1784/1779/1765 1704/1700/1685 1703/1699/1684
f 1785/1780/1766 1705/1701/1686 1704/1700/1685
f 1786/1781/1767 1706/1702/1687 1705/1701/1686
f 1786/1781/1767 1787/1783/1768 1707/1703/1688
f 1788/1782/1769 1708/1704/1689 1707/1703/1688
f 1789/1784/1770 1709/1705/1690 1708/1704/1689
f 1789/1784/1770 1790/1786/1771 1710/1707/1691
f 1791/1785/1772 1711/1706/1692 1710/1707/1691
f 1792/1787/1773 1712/1708/1693 1711/1706/1692
f 1793/1788/1774 1713/1709/1694 1712/1708/1693
f 1794/1789/1775 1714/1710/1695 1713/1709/1694
f 1795/1790/1776 1715/1711/1696 1714/1710/1695
f 1796/1791/1777 1716/1713/1697 1715/1711/1696
f 1796/1791/1777 1797/1792/1778 1717/1712/1698
f 1797/1792/1778 1798/1793/1779 1718/1715/1699
f 1798/1793/1779 1799/1794/1780 1719/1714/1700
f 1799/1794/1780 1800/1796/1781 1720/1716/1701
f 1801/1795/1782 1721/1717/1702 1720/1716/1701
f 1802/1797/1783 1722/1719/1703 1721/1717/1702
f 1803/1798/1784 1723/1718/1704 1722/1719/1703
f 1803/1798/1784 1804/1800/1785 1724/1720/1705
f 1805/1799/1786 1725/1721/1706 1724/1720/1705
f 1805/1799/1786 1806/1801/1787 1726/1722/1707
f 1806/1801/1787 1807/1803/1788 1727/1723/1708
f 1808/1802/1789 1728/1724/1709 1727/1723/1708
f 1809/1804/1790 1729/1725/1710 1728/1724/1709
f 1809/1804/1790 1810/1805/1791 1730/1727/1711
f 1810/1805/1791 1811/1807/1792 1731/1726/1712
f 1812/1806/1793 1732/1729/1713 1731/1726/1712
f 1812/1806/1793 1813/1809/1794 1733/1728/1714
f 1814/1808/1795 1734/1730/1715 1733/1728/1714
f 1814/1808/1795 1815/1810/1796 1735/1731/1716
f 1815/1810/1796 1816/1812/1797 1736/1732/1717
f 1817/1811/1798 1737/1734/1718 1736/1732/1717
f 1817/1811/1798 1818/1814/1799 1738/1733/1719
f 1819/1813/1800 1739/1736/1720 1738/1733/1719
f 1820/1815/1801 1740/1735/1721 1739/1736/1720
f 1820/1815/1801 1821/1817/1802 1741/1737/1722
f 1822/1816/1803 1742/1738/1723 1741/1737/1722
f 1822/1816/1803 1823/1819/1804 1743/1739/1724
f 1824/1818/1805 1744/1741/1725 1743/1739/1724
f 1824/1818/1805 1825/1820/1806 1745/1740/1726
f 1825/1820/1806 1826/1822/1807 1746/1743/1727
f 1827/1821/1808 1747/1742/1728 1746/1743/1727
f 1827/1821/1808 1828/1824/1809 1748/1744/1729
f 1829/1823/1810 1749/1745/1730 1748/1744/1729
f 1830/1825/1811 1750/1746/1731 1749/1745/1730
f 1831/1826/1812 1751/1748/1732 1750/1746/1731
f 1832/1827/1813 1752/1747/1733 1751/1748/1732
f 1833/1828/1814 1753/1749/1734 1752/1747/1733
f 1834/1829/1815 1754/1751/1735 1753/1749/1734
f 1835/1830/1816 1755/1750/1736 1754/1751/1735
f 1836/1831/1817 1756/1752/1737 1755/1750/1736
f 1836/1831/1817 1837/1832/1818 1757/1753/1738
f 1837/1832/1818 1838/1833/1819 1758/1754/1739
f 1838/1833/1819 1839/1834/1820 1759/1755/1740
f 1839/1834/1820 1840/1915/1821 1760/1835/1741
f 1841/1836/1822 1842/1837/1823 1762/1756/1743
f 1842/1837/1823 1843/1838/1824 1763/1758/1744
f 1843/1838/1824 1844/1840/1825 1764/1759/1745
f 1845/1839/1826 1765/1761/1746 1764/1759/1745
f 1846/1841/1827 1766/1760/1747 1765/1761/1746
f 1847/1842/1828 1767/1762/1748 1766/1760/1747
f 1848/1843/1829 1768/1763/1749 1767/1762/1748
f 1849/1844/1830 1769/1764/1750 1768/1763/1749
f 1849/1844/1830 1850/1845/1831 1770/1765/1751
f 1850/1845/1831 1851/1846/1832 1771/1766/1752
f 1851/1846/1832 1852/1847/1833 1772/1767/1753
f 1852/1847/1833 1853/1848/1834 1773/1768/1754
f 1853/1848/1834 1854/1849/1835 1774/1769/1755
f 1854/1849/1835 1855/1850/1836 1775/1770/1756
f 1855/1850/1836 1856/1852/1837 1776/1771/1757
f 1857/1851/1838 1777/1772/1758 1776/1771/1757
f 1858/1853/1839 1778/1774/1759 1777/1772/1758
f 1859/1854/1840 1779/1773/1760 1778/1774/1759
f 1860/1855/1841 1780/1775/1761 1779/1773/1760
f 1860/1855/1841 1861/1856/1842 1781/1777/1762
f 1861/1856/1842 1862/1858/1843 1782/1776/1763
f 1863/1857/1844 1783/1778/1764 1782/1776/1763
f 1863/1857/1844 1864/1859/1845 1784/1779/1765
f 1864/1859/1845 1865/1860/1846 1785/1780/1766
f 1865/1860/1846 1866/1862/1847 1786/1781/1767
f 1867/1861/1848 1787/1783/1768 1786/1781/1767
f 1868/1863/1849 1788/1782/1769 1787/1783/1768
f 1869/1864/1850 1789/1784/1770 1788/1782/1769
f 1869/1864/1850 1870/1866/1851 1790/1786/1771
f 1871/1865/1852 1791/1785/1772 1790/1786/1771
f 1872/1867/1853 1792/1787/1773 1791/1785/1772
f 1873/1868/1854 1793/1788/1774 1792/1787/1773
f 1874/1869/1855 1794/1789/1775 1793/1788/1774
f 1875/1870/1856 1795/1790/1776 1794/1789/1775
f 1876/1871/1857 1796/1791/1777 1795/1790/1776
f 1877/1872/1858 1797/1792/1778 1796/1791/1777
f 1878/1873/1859 1798/1793/1779 1797/1792/1778
f 1879/1874/1860 1799/1794/1780 1798/1793/1779
f 1880/1875/1861 1800/1796/1781 1799/1794/1780
f 1880/1875/1861 1881/1877/1862 1801/1795/1782
f 1882/1876/1863 1802/1797/1783 1801/1795/1782
f 1883/1878/1864 1803/1798/1784 1802/1797/1783
f 1883/1878/1864 1884/1879/1865 1804/1800/1785
f 1884/1879/1865 1885/1880/1866 1805/1799/1786
f 1885/1880/1866 1886/1881/1867 1806/1801/1787
f 1886/1881/1867 1887/1882/1868 1807/1803/1788
f 1887/1882/1868 1888/1883/1869 1808/1802/1789
f 1888/1883/1869 1889/1884/1870 1809/1804/1790
f 1889/1884/1870 1890/1885/1871 1810/1805/1791
f 1890/1885/1871 1891/1887/1872 1811/1807/1792
f 1892/1886/1873 1812/1806/1793 1811/1807/1792
f 1892/1886/1873 1893/1889/1874 1813/1809/1794
f 1894/1888/1875 1814/1808/1795 1813/1809/1794
f 1894/1888/1875 1895/1891/1876 1815/1810/1796
f 1896/1890/1877 1816/1812/1797 1815/1810/1796
f 1896/1890/1877 1897/1893/1878 1817/1811/1798
f 1898/1892/1879 1818/1814/1799 1817/1811/1798
f 1898/1892/1879 1899/1894/1880 1819/1813/1800
f 1899/1894/1880 1900/1896/1881 1820/1815/1801
f 1901/1895/1882 1821/1817/1802 1820/1815/1801
f 1901/1895/1882 1902/1898/1883 1822/1816/1803
f 1903/1897/1884 1823/1819/1804 1822/1816/1803
f 1904/1899/1885 1824/1818/1805 1823/1819/1804
f 1904/1899/1885 1905/1901/1886 1825/1820/1806
f 1906/1900/1887 1826/1822/1807 1825/1820/1806
f 1906/1900/1887 1907/1902/1888 1827/1821/1808
f 1907/1902/1888 1908/1904/1889 1828/1824/1809
f 1909/1903/1890 1829/1823/1810 1828/1824/1809
f 1909/1903/1890 1910/1905/1891 1830/1825/1811
f 1910/1905/1891 1911/1906/1892 1831/1826/1812
f 1911/1906/1892 1912/1907/1893 1832/1827/1813
f 1912/1907/1893 1913/1909/1894 1833/1828/1814
f 1914/1908/1895 1834/1829/1815 1833/1828/1814
f 1915/1910/1896 1835/1830/1816 1834/1829/1815
f 1916/1911/1897 1836/1831/1817 1835/1830/1816
f 1917/1912/1898 1837/1832/1818 1836/1831/1817
f 1917/1912/1898 1918/1913/1899 1838/1833/1819
f 1918/1913/1899 1919/1914/1900 1839/1834/1820
f 1919/1914/1900 1920/1995/1901 1840/1915/1821
f 1921/1916/1902 1922/1917/1903 1842/1837/1823
f 1922/1917/1903 1923/1919/1904 1843/1838/1824
f 1924/1918/1905 1844/1840/1825 1843/1838/1824
f 1924/1918/1905 1925/1920/1906 1845/1839/1826
f 1925/1920/1906 1926/1921/1907 1846/1841/1827
f 1926/1921/1907 1927/1923/1908 1847/1842/1828
f 1928/1922/1909 1848/1843/1829 1847/1842/1828
f 1929/1924/1910 1849/1844/1830 1848/1843/1829
f 1929/1924/1910 1930/1925/1911 1850/1845/1831
f 1930/1925/1911 1931/1927/1912 1851/1846/1832
f 1932/1926/1913 1852/1847/1833 1851/1846/1832
f 1932/1926/1913 1933/1929/1914 1853/1848/1834
f 1934/1928/1915 1854/1849/1835 1853/1848/1834
f 1935/1930/1916 1855/1850/1836 1854/1849/1835
f 1935/1930/1916 1936/1932/1917 1856/1852/1837
f 1937/1931/1918 1857/1851/1838 1856/1852/1837
f 1937/1931/1918 1938/1934/1919 1858/1853/1839
f 1939/1933/1920 1859/1854/1840 1858/1853/1839
f 1939/1933/1920 1940/1935/1921 1860/1855/1841
f 1940/1935/1921 1941/1937/1922 1861/1856/1842
f 1942/1936/1923 1862/1858/1843 1861/1856/1842
f 1943/1938/1924 1863/1857/1844 1862/1858/1843
f 1943/1938/1924 1944/1940/1925 1864/1859/1845
f 1945/1939/1926 1865/1860/1846 1864/1859/1845
f 1946/1941/1927 1866/1862/1847 1865/1860/1846
f 1946/1941/1927 1947/1943/1928 1867/1861/1848
f 1948/1942/1929 1868/1863/1849 1867/1861/1848
f 1949/1944/1930 1869/1864/1850 1868/1863/1849
f 1950/1945/1931 1870/1866/1851 1869/1864/1850
f 1951/1946/1932 1871/1865/1852 1870/1866/1851
f 1952/1947/1933 1872/1867/1853 1871/1865/1852
f 1952/1947/1933 1953/1949/1934 1873/1868/1854
f 1954/1948/1935 1874/1869/1855 1873/1868/1854
f 1955/1950/1936 1875/1870/1856 1874/1869/1855
f 1956/1951/1937 1876/1871/1857 1875/1870/1856
f 1957/1952/1938 1877/1872/1858 1876/1871/1857
f 1958/1953/1939 1878/1873/1859 1877/1872/1858
f 1959/1954/1940 1879/1874/1860 1878/1873/1859
f 1960/1955/1941 1880/1875/1861 1879/1874/1860
f 1961/1956/1942 1881/1877/1862 1880/1875/1861
f 1962/1957/1943 1882/1876/1863 1881/1877/1862
f 1963/1958/1944 1883/1878/1864 1882/1876/1863
f 1964/1959/1945 1884/1879/1865 1883/1878/1864
f 1965/1960/1946 1885/1880/1866 1884/1879/1865
f 1965/1960/1946 1966/1962/1947 1886/1881/1867
f 1967/1961/1948 1887/1882/1868 1886/1881/1867
f 1967/1961/1948 1968/1964/1949 1888/1883/1869
f 1969/1963/1950 1889/1884/1870 1888/1883/1869
f 1969/1963/1950 1970/1966/1951 1890/1885/1871
f 1971/1965/1952 1891/1887/1872 1890/1885/1871
f 1972/1967/1953 1892/1886/1873 1891/1887/1872
f 1973/1968/1954 1893/1889/1874 1892/1886/1873
f 1974/1969/1955 1894/1888/1875 1893/1889/1874
f 1975/1970/1956 1895/1891/1876 1894/1888/1875
f 1976/1971/1957 1896/1890/1877 1895/1891/1876
f 1976/1971/1957 1977/1973/1958 1897/1893/1878
f 1978/1972/1959 1898/1892/1879 1897/1893/1878
f 1979/1974/1960 1899/1894/1880 1898/1892/1879
f 1980/1975/1961 1900/1896/1881 1899/1894/1880
f 1980/1975/1961 1981/1976/1962 1901/1895/1882
f 1981/1976/1962 1982/1978/1963 1902/1898/1883
f 1983/1977/1964 1903/1897/1884 1902/1898/1883
f 1983/1977/1964 1984/1980/1965 1904/1899/1885
f 1985/1979/1966 1905/1901/1886 1904/1899/1885
f 1985/1979/1966 1986/1981/1967 1906/1900/1887
f 1986/1981/1967 1987/1983/1968 1907/1902/1888
f 1988/1982/1969 1908/1904/1889 1907/1902/1888
f 1988/1982/1969 1989/1985/1970 1909/1903/1890
f 1990/1984/1971 1910/1905/1891 1909/1903/1890
f 1990/1984/1971 1991/1987/1972 1911/1906/1892
f 1992/1986/1973 1912/1907/1893 1911/1906/1892
f 1992/1986/1973 1993/1989/1974 1913/1909/1894
f 1994/1988/1975 1914/1908/1895 1913/1909/1894
f 1995/1990/1976 1915/1910/1896 1914/1908/1895
f 1996/1991/1977 1916/1911/1897 1915/1910/1896
f 1997/1992/1978 1917/1912/1898 1916/1911/1897
f 1997/1992/1978 1998/1993/1979 1918/1913/1899
f 1998/1993/1979 1999/1994/1980 1919/1914/1900
f 1999/1994/1980 2000/5114/1981 1920/1995/1901
f 2001/1996/1982 2002/1998/1983 1922/1917/1903
f 2003/1997/1984 1923/1919/1904 1922/1917/1903
f 2003/1997/1984 2004/1999/1985 1924/1918/1905
f 2004/1999/1985 2005/2000/1986 1925/1920/1906
f 2005/2000/1986 2006/2001/1987 1926/1921/1907
f 2006/2001/1987 2007/2003/1988 1927/1923/1908
f 2008/2002/1989 1928/1922/1909 1927/1923/1908
f 2008/2002/1989 2009/2005/1990 1929/1924/1910
f 2010/2004/1991 1930/1925/1911 1929/1924/1910
f 2010/2004/1991 2011/2006/1992 1931/1927/1912
f 2011/2006/1992 2012/2008/1993 1932/1926/1913
f 2013/2007/1994 1933/1929/1914 1932/1926/1913
f 2013/2007/1994 2014/2010/1995 1934/1928/1915
f 2015/2009/1996 1935/1930/1916 1934/1928/1915
f 2015/2009/1996 2016/2011/1997 1936/1932/1917
f 2016/2011/1997 2017/2012/1998 1937/1931/1918
f 2017/2012/1998 2018/2013/1999 1938/1934/1919
f 2018/2013/1999 2019/2015/2000 1939/1933/1920
f 2020/2014/2001 1940/1935/1921 1939/1933/1920
f 2020/2014/2001 2021/2016/2002 1941/1937/1922
f 2021/2016/2002 2022/2017/2003 1942/1936/1923
f 2022/2017/2003 2023/2019/2004 1943/1938/1924
f 2024/2018/2005 1944/1940/1925 1943/1938/1924
f 2025/2020/2006 1945/1939/1926 1944/1940/1925
f 2026/2021/2007 1946/1941/1927 1945/1939/1926
f 2026/2021/2007 2027/2022/2008 1947/1943/1928
f 2027/2022/2008 2028/2024/2009 1948/1942/1929
f 2029/2023/2010 1949/1944/1930 1948/1942/1929
f 2029/2023/2010 2030/2025/2011 1950/1945/1931
f 2030/2025/2011 2031/2026/2012 1951/1946/1932
f 2031/2026/2012 2032/2028/2013 1952/1947/1933
f 2033/2027/2014 1953/1949/1934 1952/1947/1933
f 2033/2027/2014 2034/2030/2015 1954/1948/1935
f 2035/2029/2016 1955/1950/1936 1954/1948/1935
f 2035/2029/2016 2036/2032/2017 1956/1951/1937
f 2037/2031/2018 1957/1952/1938 1956/1951/1937
f 2038/2033/2019 1958/1953/1939 1957/1952/1938
f 2039/2034/2020 1959/1954/1940 1958/1953/1939
f 2040/2035/2021 1960/1955/1941 1959/1954/1940
f 2041/2036/2022 1961/1956/1942 1960/1955/1941
f 2042/2037/2023 1962/1957/1943 1961/1956/1942
f 2043/2038/2024 1963/1958/1944 1962/1957/1943
f 2044/2039/2025 1964/1959/1945 1963/1958/1944
f 2045/2040/2026 1965/1960/1946 1964/1959/1945
f 2046/2041/2027 1966/1962/1947 1965/1960/1946
f 2047/2042/2028 1967/1961/1948 1966/1962/1947
f 2047/2042/2028 2048/2044/2029 1968/1964/1949
f 2049/2043/2030 1969/1963/1950 1968/1964/1949
f 2050/2045/2031 1970/1966/1951 1969/1963/1950
f 2050/2045/2031 2051/2047/2032 1971/1965/1952
f 2052/2046/2033 1972/1967/1953 1971/1965/1952
f 2053/2048/2034 1973/1968/1954 1972/1967/1953
f 2053/2048/2034 2054/2050/2035 1974/1969/1955
f 2055/2049/2036 1975/1970/1956 1974/1969/1955
f 2055/2049/2036 2056/2051/2037 1976/1971/1957
f 2056/2051/2037 2057/2053/2038 1977/1973/1958
f 2058/2052/2039 1978/1972/1959 1977/1973/1958
f 2059/2054/2040 1979/1974/1960 1978/1972/1959
f 2059/2054/2040 2060/2055/2041 1980/1975/1961
f 2060/2055/2041 2061/2056/2042 1981/1976/1962
f 2061/2056/2042 2062/2057/2043 1982/1978/1963
f 2062/2057/2043 2063/2059/2044 1983/1977/1964
f 2064/2058/2045 1984/1980/1965 1983/1977/1964
f 2064/2058/2045 2065/2061/2046 1985/1979/1966
f 2066/2060/2047 1986/1981/1967 1985/1979/1966
f 2066/2060/2047 2067/2063/2048 1987/1983/1968
f 2068/2062/2049 1988/1982/1969 1987/1983/1968
f 2069/2064/2050 1989/1985/1970 1988/1982/1969
f 2070/2065/2051 1990/1984/1971 1989/1985/1970
f 2071/2066/2052 1991/1987/1972 1990/1984/1971
f 2071/2066/2052 2072/2067/2053 1992/1986/1973
f 2072/2067/2053 2073/2068/2054 1993/1989/1974
f 2073/2068/2054 2074/2069/2055 1994/1988/1975
f 2074/2069/2055 2075/2070/2056 1995/1990/1976
f 2075/2070/2056 2076/2071/2057 1996/1991/1977
f 2076/2071/2057 2077/2072/2058 1997/1992/1978
f 2077/2072/2058 2078/2073/2059 1998/1993/1979
f 2078/2073/2059 2079/2075/2060 1999/1994/1980
f 2080/2074/2061 2000/5114/1981 1999/1994/1980
f 2081/2076/2062 2082/2078/2063 2002/1998/1983
f 2083/2077/2064 2003/1997/1984 2002/1998/1983
f 2083/2077/2064 2084/2079/2065 2004/1999/1985
f 2084/2079/2065 2085/2080/2066 2005/2000/1986
f 2085/2080/2066 2086/2081/2067 2006/2001/1987
f 2086/2081/2067 2087/2082/2068 2007/2003/1988
f 2087/2082/2068 2088/2083/2069 2008/2002/1989
f 2088/2083/2069 2089/2085/2070 2009/2005/1990
f 2090/2084/2071 2010/2004/1991 2009/2005/1990
f 2091/2086/2072 2011/2006/1992 2010/2004/1991
f 2091/2086/2072 2092/2087/2073 2012/2008/1993
f 2092/2087/2073 2093/2089/2074 2013/2007/1994
f 2094/2088/2075 2014/2010/1995 2013/2007/1994
f 2094/2088/2075 2095/2091/2076 2015/2009/1996
f 2096/2090/2077 2016/2011/1997 2015/2009/1996
f 2096/2090/2077 2097/2093/2078 2017/2012/1998
f 2098/2092/2079 2018/2013/1999 2017/2012/1998
f 2098/2092/2079 2099/2095/2080 2019/2015/2000
f 2100/2094/2081 2020/2014/2001 2019/2015/2000
f 2100/2094/2081 2101/2097/2082 2021/2016/2002
f 2102/2096/2083 2022/2017/2003 2021/2016/2002
f 2102/2096/2083 2103/2098/2084 2023/2019/2004
f 2103/2098/2084 2104/2099/2085 2024/2018/2005
f 2104/2099/2085 2105/2100/2086 2025/2020/2006
f 2105/2100/2086 2106/2102/2087 2026/2021/2007
f 2107/2101/2088 2027/2022/2008 2026/2021/2007
f 2108/2103/2089 2028/2024/2009 2027/2022/2008
f 2108/2103/2089 2109/2104/2090 2029/2023/2010
f 2109/2104/2090 2110/2106/2091 2030/2025/2011
f 2111/2105/2092 2031/2026/2012 2030/2025/2011
f 2111/2105/2092 2112/2108/2093 2032/2028/2013
f 2113/2107/2094 2033/2027/2014 2032/2028/2013
f 2114/2109/2095 2034/2030/2015 2033/2027/2014
f 2115/2110/2096 2035/2029/2016 2034/2030/2015
f 2116/2111/2097 2036/2032/2017 2035/2029/2016
f 2117/2112/2098 2037/2031/2018 2036/2032/2017
f 2118/2113/2099 2038/2033/2019 2037/2031/2018
f 2118/2113/2099 2119/2115/2100 2039/2034/2020
f 2120/2114/2101 2040/2035/2021 2039/2034/2020
f 2121/2116/2102 2041/2036/2022 2040/2035/2021
f 2122/2117/2103 2042/2037/2023 2041/2036/2022
f 2123/2118/2104 2043/2038/2024 2042/2037/2023
f 2124/2119/2105 2044/2039/2025 2043/2038/2024
f 2125/2120/2106 2045/2040/2026 2044/2039/2025
f 2126/2121/2107 2046/2041/2027 2045/2040/2026
f 2127/2122/2108 2047/2042/2028 2046/2041/2027
f 2128/2123/2109 2048/2044/2029 2047/2042/2028
f 2128/2123/2109 2129/2124/2110 2049/2043/2030
f 2129/2124/2110 2130/2126/2111 2050/2045/2031
f 2131/2125/2112 2051/2047/2032 2050/2045/2031
f 2132/2127/2113 2052/2046/2033 2051/2047/2032
f 2133/2128/2114 2053/2048/2034 2052/2046/2033
f 2133/2128/2114 2134/2129/2115 2054/2050/2035
f 2134/2129/2115 2135/2131/2116 2055/2049/2036
f 2136/2130/2117 2056/2051/2037 2055/2049/2036
f 2137/2132/2118 2057/2053/2038 2056/2051/2037
f 2138/2133/2119 2058/2052/2039 2057/2053/2038
f 2139/2134/2120 2059/2054/2040 2058/2052/2039
f 2140/2135/2121 2060/2055/2041 2059/2054/2040
f 2141/2136/2122 2061/2056/2042 2060/2055/2041
f 2141/2136/2122 2142/2138/2123 2062/2057/2043
f 2143/2137/2124 2063/2059/2044 2062/2057/2043
f 2143/2137/2124 2144/2140/2125 2064/2058/2045
f 2145/2139/2126 2065/2061/2046 2064/2058/2045
f 2145/2139/2126 2146/2141/2127 2066/2060/2047
f 2146/2141/2127 2147/2142/2128 2067/2063/2048
f 2147/2142/2128 2148/2143/2129 2068/2062/2049
f 2148/2143/2129 2149/2144/2130 2069/2064/2050
f 2149/2144/2130 2150/2145/2131 2070/2065/2051
f 2150/2145/2131 2151/2146/2132 2071/2066/2052
f 2151/2146/2132 2152/2147/2133 2072/2067/2053
f 2152/2147/2133 2153/2148/2134 2073/2068/2054
f 2153/2148/2134 2154/2149/2135 2074/2069/2055
f 2154/2149/2135 2155/2150/2136 2075/2070/2056
f 2155/2150/2136 2156/2151/2137 2076/2071/2057
f 2156/2151/2137 2157/2152/2138 2077/2072/2058
f 2157/2152/2138 2158/2153/2139 2078/2073/2059
f 2158/2153/2139 2159/2154/2140 2079/2075/2060
f 2159/2154/2140 2160/5115/2141 2080/2074/2061
f 2161/2155/2142 2162/2156/2143 2082/2078/2063
f 2162/2156/2143 2163/2157/2144 2083/2077/2064
f 2163/2157/2144 2164/2158/2145 2084/2079/2065
f 2164/2158/2145 2165/2160/2146 2085/2080/2066
f 2166/2159/2147 2086/2081/2067 2085/2080/2066
f 2166/2159/2147 2167/2161/2148 2087/2082/2068
f 2167/2161/2148 2168/2163/2149 2088/2083/2069
f 2169/2162/2150 2089/2085/2070 2088/2083/2069
f 2169/2162/2150 2170/2164/2151 2090/2084/2071
f 2170/2164/2151 2171/2166/2152 2091/2086/2072
f 2172/2165/2153 2092/2087/2073 2091/2086/2072
f 2172/2165/2153 2173/2167/2154 2093/2089/2074
f 2173/2167/2154 2174/2168/2155 2094/2088/2075
f 2174/2168/2155 2175/2170/2156 2095/2091/2076
f 2176/2169/2157 2096/2090/2077 2095/2091/2076
f 2176/2169/2157 2177/2172/2158 2097/2093/2078
f 2178/2171/2159 2098/2092/2079 2097/2093/2078
f 2178/2171/2159 2179/2174/2160 2099/2095/2080
f 2180/2173/2161 2100/2094/2081 2099/2095/2080
f 2180/2173/2161 2181/2176/2162 2101/2097/2082
f 2182/2175/2163 2102/2096/2083 2101/2097/2082
f 2182/2175/2163 2183/2177/2164 2103/2098/2084
f 2183/2177/2164 2184/2179/2165 2104/2099/2085
f 2185/2178/2166 2105/2100/2086 2104/2099/2085
f 2185/2178/2166 2186/2180/2167 2106/2102/2087
f 2186/2180/2167 2187/2181/2168 2107/2101/2088
f 2187/2181/2168 2188/2182/2169 2108/2103/2089
f 2188/2182/2169 2189/2183/2170 2109/2104/2090
f 2189/2183/2170 2190/2185/2171 2110/2106/2091
f 2191/2184/2172 2111/2105/2092 2110/2106/2091
f 2191/2184/2172 2192/2187/2173 2112/2108/2093
f 2193/2186/2174 2113/2107/2094 2112/2108/2093
f 2194/2188/2175 2114/2109/2095 2113/2107/2094
f 2195/2189/2176 2115/2110/2096 2114/2109/2095
f 2196/2190/2177 2116/2111/2097 2115/2110/2096
f 2196/2190/2177 2197/2192/2178 2117/2112/2098
f 2198/2191/2179 2118/2113/2099 2117/2112/2098
f 2198/2191/2179 2199/2193/2180 2119/2115/2100
f 2199/2193/2180 2200/2194/2181 2120/2114/2101
f 2200/2194/2181 2201/2195/2182 2121/2116/2102
f 2201/2195/2182 2202/2197/2183 2122/2117/2103
f 2203/2196/2184 2123/2118/2104 2122/2117/2103
f 2204/2198/2185 2124/2119/2105 2123/2118/2104
f 2205/2199/2186 2125/2120/2106 2124/2119/2105
f 2206/2200/2187 2126/2121/2107 2125/2120/2106
f 2207/2201/2188 2127/2122/2108 2126/2121/2107
f 2208/2202/2189 2128/2123/2109 2127/2122/2108
f 2209/2203/2190 2129/2124/2110 2128/2123/2109
f 2210/2204/2191 2130/2126/2111 2129/2124/2110
f 2211/2205/2192 2131/2125/2112 2130/2126/2111
f 2211/2205/2192 2212/2206/2193 2132/2127/2113
f 2212/2206/2193 2213/2208/2194 2133/2128/2114
f 2214/2207/2195 2134/2129/2115 2133/2128/2114
f 2214/2207/2195 2215/2209/2196 2135/2131/2116
f 2215/2209/2196 2216/2211/2197 2136/2130/2117
f 2217/2210/2198 2137/2132/2118 2136/2130/2117
f 2217/2210/2198 2218/2213/2199 2138/2133/2119
f 2219/2212/2200 2139/2134/2120 2138/2133/2119
f 2220/2214/2201 2140/2135/2121 2139/2134/2120
f 2220/2214/2201 2221/2216/2202 2141/2136/2122
f 2222/2215/2203 2142/2138/2123 2141/2136/2122
f 2222/2215/2203 2223/2218/2204 2143/2137/2124
f 2224/2217/2205 2144/2140/2125 2143/2137/2124
f 2224/2217/2205 2225/2219/2206 2145/2139/2126
f 2225/2219/2206 2226/2220/2207 2146/2141/2127
f 2226/2220/2207 2227/2221/2208 2147/2142/2128
f 2227/2221/2208 2228/2222/2209 2148/2143/2129
f 2228/2222/2209 2229/2223/2210 2149/2144/2130
f 2229/2223/2210 2230/2224/2211 2150/2145/2131
f 2230/2224/2211 2231/2225/2212 2151/2146/2132
f 2231/2225/2212 2232/2226/2213 2152/2147/2133
f 2232/2226/2213 2233/2227/2214 2153/2148/2134
f 2233/2227/2214 2234/2228/2215 2154/2149/2135
f 2234/2228/2215 2235/2229/2216 2155/2150/2136
f 2235/2229/2216 2236/2230/2217 2156/2151/2137
f 2236/2230/2217 2237/2231/2218 2157/2152/2138
f 2237/2231/2218 2238/2232/2219 2158/2153/2139
f 2238/2232/2219 2239/2234/2220 2159/2154/2140
f 2240/2233/2221 2160/5115/2141 2159/2154/2140
f 2242/2235/2223 2162/2156/2143 2161/2155/2142
f 2242/2235/2223 2243/2237/2224 2163/2157/2144
f 2243/2237/2224 2244/2239/2225 2164/2158/2145
f 2245/2238/2226 2165/2160/2146 2164/2158/2145
f 2246/2240/2227 2166/2159/2147 2165/2160/2146
f 2246/2240/2227 2247/2241/2228 2167/2161/2148
f 2247/2241/2228 2248/2243/2229 2168/2163/2149
f 2249/2242/2230 2169/2162/2150 2168/2163/2149
f 2249/2242/2230 2250/2244/2231 2170/2164/2151
f 2250/2244/2231 2251/2245/2232 2171/2166/2152
f 2251/2245/2232 2252/2247/2233 2172/2165/2153
f 2253/2246/2234 2173/2167/2154 2172/2165/2153
f 2253/2246/2234 2254/2249/2235 2174/2168/2155
f 2255/2248/2236 2175/2170/2156 2174/2168/2155
f 2255/2248/2236 2256/2251/2237 2176/2169/2157
f 2257/2250/2238 2177/2172/2158 2176/2169/2157
f 2258/2252/2239 2178/2171/2159 2177/2172/2158
f 2259/2253/2240 2179/2174/2160 2178/2171/2159
f 2259/2253/2240 2260/2255/2241 2180/2173/2161
f 2261/2254/2242 2181/2176/2162 2180/2173/2161
f 2261/2254/2242 2262/2257/2243 2182/2175/2163
f 2263/2256/2244 2183/2177/2164 2182/2175/2163
f 2264/2258/2245 2184/2179/2165 2183/2177/2164
f 2264/2258/2245 2265/2259/2246 2185/2178/2166
f 2265/2259/2246 2266/2261/2247 2186/2180/2167
f 2267/2260/2248 2187/2181/2168 2186/2180/2167
f 2268/2262/2249 2188/2182/2169 2187/2181/2168
f 2269/2263/2250 2189/2183/2170 2188/2182/2169
f 2270/2264/2251 2190/2185/2171 2189/2183/2170
f 2270/2264/2251 2271/2265/2252 2191/2184/2172
f 2271/2265/2252 2272/2266/2253 2192/2187/2173
f 2272/2266/2253 2273/2267/2254 2193/2186/2174
f 2273/2267/2254 2274/2269/2255 2194/2188/2175
f 2275/2268/2256 2195/2189/2176 2194/2188/2175
f 2276/2270/2257 2196/2190/2177 2195/2189/2176
f 2276/2270/2257 2277/2272/2258 2197/2192/2178
f 2278/2271/2259 2198/2191/2179 2197/2192/2178
f 2278/2271/2259 2279/2273/2260 2199/2193/2180
f 2279/2273/2260 2280/2275/2261 2200/2194/2181
f 2281/2274/2262 2201/2195/2182 2200/2194/2181
f 2282/2276/2263 2202/2197/2183 2201/2195/2182
f 2282/2276/2263 2283/2277/2264 2203/2196/2184
f 2283/2277/2264 2284/2279/2265 2204/2198/2185
f 2285/2278/2266 2205/2199/2186 2204/2198/2185
f 2285/2278/2266 2286/2281/2267 2206/2200/2187
f 2287/2280/2268 2207/2201/2188 2206/2200/2187
f 2288/2282/2269 2208/2202/2189 2207/2201/2188
f 2289/2283/2270 2209/2203/2190 2208/2202/2189
f 2290/2284/2271 2210/2204/2191 2209/2203/2190
f 2291/2285/2272 2211/2205/2192 2210/2204/2191
f 2291/2285/2272 2292/2286/2273 2212/2206/2193
f 2292/2286/2273 2293/2288/2274 2213/2208/2194
f 2294/2287/2275 2214/2207/2195 2213/2208/2194
f 2294/2287/2275 2295/2289/2276 2215/2209/2196
f 2295/2289/2276 2296/2291/2277 2216/2211/2197
f 2297/2290/2278 2217/2210/2198 2216/2211/2197
f 2298/2292/2279 2218/2213/2199 2217/2210/2198
f 2299/2293/2280 2219/2212/2200 2218/2213/2199
f 2300/2294/2281 2220/2214/2201 2219/2212/2200
f 2301/2295/2282 2221/2216/2202 2220/2214/2201
f 2302/2296/2283 2222/2215/2203 2221/2216/2202
f 2302/2296/2283 2303/2297/2284 2223/2218/2204
f 2303/2297/2284 2304/2298/2285 2224/2217/2205
f 2304/2298/2285 2305/2299/2286 2225/2219/2206
f 2305/2299/2286 2306/2300/2287 2226/2220/2207
f 2306/2300/2287 2307/2301/2288 2227/2221/2208
f 2307/2301/2288 2308/2302/2289 2228/2222/2209
f 2308/2302/2289 2309/2303/2290 2229/2223/2210
f 2309/2303/2290 2310/2304/2291 2230/2224/2211
f 2310/2304/2291 2311/2305/2292 2231/2225/2212
f 2311/2305/2292 2312/2306/2293 2232/2226/2213
f 2312/2306/2293 2313/2307/2294 2233/2227/2214
f 2313/2307/2294 2314/2308/2295 2234/2228/2215
f 2314/2308/2295 2315/2309/2296 2235/2229/2216
f 2315/2309/2296 2316/2310/2297 2236/2230/2217
f 2316/2310/2297 2317/2311/2298 2237/2231/2218
f 2317/2311/2298 2318/2312/2299 2238/2232/2219
f 2318/2312/2299 2319/2313/2300 2239/2234/2220
f 2319/2313/2300 2320/2393/2301 2240/2233/2221
f 2321/2314/2302 2322/2315/2303 2242/2235/2223
f 2322/2315/2303 2323/2316/2304 2243/2237/2224
f 2323/2316/2304 2324/2317/2305 2244/2239/2225
f 2324/2317/2305 2325/2319/2306 2245/2238/2226
f 2326/2318/2307 2246/2240/2227 2245/2238/2226
f 2326/2318/2307 2327/2320/2308 2247/2241/2228
f 2327/2320/2308 2328/2321/2309 2248/2243/2229
f 2328/2321/2309 2329/2323/2310 2249/2242/2230
f 2330/2322/2311 2250/2244/2231 2249/2242/2230
f 2330/2322/2311 2331/2325/2312 2251/2245/2232
f 2332/2324/2313 2252/2247/2233 2251/2245/2232
f 2332/2324/2313 2333/2327/2314 2253/2246/2234
f 2334/2326/2315 2254/2249/2235 2253/2246/2234
f 2335/2328/2316 2255/2248/2236 2254/2249/2235
f 2335/2328/2316 2336/2329/2317 2256/2251/2237
f 2336/2329/2317 2337/2331/2318 2257/2250/2238
f 2338/2330/2319 2258/2252/2239 2257/2250/2238
f 2338/2330/2319 2339/2332/2320 2259/2253/2240
f 2339/2332/2320 2340/2333/2321 2260/2255/2241
f 2340/2333/2321 2341/2334/2322 2261/2254/2242
f 2341/2334/2322 2342/2336/2323 2262/2257/2243
f 2343/2335/2324 2263/2256/2244 2262/2257/2243
f 2344/2337/2325 2264/2258/2245 2263/2256/2244
f 2344/2337/2325 2345/2338/2326 2265/2259/2246
f 2345/2338/2326 2346/2340/2327 2266/2261/2247
f 2347/2339/2328 2267/2260/2248 2266/2261/2247
f 2348/2341/2329 2268/2262/2249 2267/2260/2248
f 2349/2342/2330 2269/2263/2250 2268/2262/2249
f 2349/2342/2330 2350/2344/2331 2270/2264/2251
f 2351/2343/2332 2271/2265/2252 2270/2264/2251
f 2352/2345/2333 2272/2266/2253 2271/2265/2252
f 2353/2346/2334 2273/2267/2254 2272/2266/2253
f 2353/2346/2334 2354/2348/2335 2274/2269/2255
f 2355/2347/2336 2275/2268/2256 2274/2269/2255
f 2355/2347/2336 2356/2350/2337 2276/2270/2257
f 2357/2349/2338 2277/2272/2258 2276/2270/2257
f 2358/2351/2339 2278/2271/2259 2277/2272/2258
f 2359/2352/2340 2279/2273/2260 2278/2271/2259
f 2360/2353/2341 2280/2275/2261 2279/2273/2260
f 2361/2354/2342 2281/2274/2262 2280/2275/2261
f 2362/2355/2343 2282/2276/2263 2281/2274/2262
f 2362/2355/2343 2363/2357/2344 2283/2277/2264
f 2364/2356/2345 2284/2279/2265 2283/2277/2264
f 2364/2356/2345 2365/2359/2346 2285/2278/2266
f 2366/2358/2347 2286/2281/2267 2285/2278/2266
f 2366/2358/2347 2367/2360/2348 2287/2280/2268
f 2367/2360/2348 2368/2361/2349 2288/2282/2269
f 2368/2361/2349 2369/2363/2350 2289/2283/2270
f 2370/2362/2351 2290/2284/2271 2289/2283/2270
f 2371/2364/2352 2291/2285/2272 2290/2284/2271
f 2372/2365/2353 2292/2286/2273 2291/2285/2272
f 2373/2366/2354 2293/2288/2274 2292/2286/2273
f 2373/2366/2354 2374/2368/2355 2294/2287/2275
f 2375/2367/2356 2295/2289/2276 2294/2287/2275
f 2376/2369/2357 2296/2291/2277 2295/2289/2276
f 2376/2369/2357 2377/2371/2358 2297/2290/2278
f 2378/2370/2359 2298/2292/2279 2297/2290/2278
f 2379/2372/2360 2299/2293/2280 2298/2292/2279
f 2380/2373/2361 2300/2294/2281 2299/2293/2280
f 2381/2374/2362 2301/2295/2282 2300/2294/2281
f 2382/2375/2363 2302/2296/2283 2301/2295/2282
f 2382/2375/2363 2383/2376/2364 2303/2297/2284
f 2383/2376/2364 2384/2377/2365 2304/2298/2285
f 2384/2377/2365 2385/2378/2366 2305/2299/2286
f 2385/2378/2366 2386/2379/2367 2306/2300/2287
f 2386/2379/2367 2387/2380/2368 2307/2301/2288
f 2387/2380/2368 2388/2381/2369 2308/2302/2289
f 2388/2381/2369 2389/2382/2370 2309/2303/2290
f 2389/2382/2370 2390/2384/2371 2310/2304/2291
f 2391/2383/2372 2311/2305/2292 2310/2304/2291
f 2391/2383/2372 2392/2385/2373 2312/2306/2293
f 2392/2385/2373 2393/2386/2374 2313/2307/2294
f 2393/2386/2374 2394/2387/2375 2314/2308/2295
f 2394/2387/2375 2395/2389/2376 2315/2309/2296
f 2396/2388/2377 2316/2310/2297 2315/2309/2296
f 2396/2388/2377 2397/2390/2378 2317/2311/2298
f 2397/2390/2378 2398/2391/2379 2318/2312/2299
f 2398/2391/2379 2399/2392/2380 2319/2313/2300
f 2399/2392/2380 2400/2473/2381 2320/2393/2301
f 2401/2394/2382 2402/2395/2383 2322/2315/2303
f 2402/2395/2383 2403/2396/2384 2323/2316/2304
f 2403/2396/2384 2404/2397/2385 2324/2317/2305
f 2404/2397/2385 2405/2399/2386 2325/2319/2306
f 2406/2398/2387 2326/2318/2307 2325/2319/2306
f 2407/2400/2388 2327/2320/2308 2326/2318/2307
f 2407/2400/2388 2408/2402/2389 2328/2321/2309
f 2409/2401/2390 2329/2323/2310 2328/2321/2309
f 2410/2403/2391 2330/2322/2311 2329/2323/2310
f 2411/2404/2392 2331/2325/2312 2330/2322/2311
f 2411/2404/2392 2412/2406/2393 2332/2324/2313
f 2413/2405/2394 2333/2327/2314 2332/2324/2313
f 2413/2405/2394 2414/2407/2395 2334/2326/2315
f 2414/2407/2395 2415/2409/2396 2335/2328/2316
f 2416/2408/2397 2336/2329/2317 2335/2328/2316
f 2416/2408/2397 2417/2411/2398 2337/2331/2318
f 2418/2410/2399 2338/2330/2319 2337/2331/2318
f 2418/2410/2399 2419/2413/2400 2339/2332/2320
f 2420/2412/2401 2340/2333/2321 2339/2332/2320
f 2420/2412/2401 2421/2415/2402 2341/2334/2322
f 2422/2414/2403 2342/2336/2323 2341/2334/2322
f 2422/2414/2403 2423/2417/2404 2343/2335/2324
f 2424/2416/2405 2344/2337/2325 2343/2335/2324
f 2425/2418/2406 2345/2338/2326 2344/2337/2325
f 2425/2418/2406 2426/2420/2407 2346/2340/2327
f 2427/2419/2408 2347/2339/2328 2346/2340/2327
f 2428/2421/2409 2348/2341/2329 2347/2339/2328
f 2429/2422/2410 2349/2342/2330 2348/2341/2329
f 2430/2423/2411 2350/2344/2331 2349/2342/2330
f 2430/2423/2411 2431/2424/2412 2351/2343/2332
f 2431/2424/2412 2432/2426/2413 2352/2345/2333
f 2433/2425/2414 2353/2346/2334 2352/2345/2333
f 2434/2427/2415 2354/2348/2335 2353/2346/2334
f 2435/2428/2416 2355/2347/2336 2354/2348/2335
f 2436/2429/2417 2356/2350/2337 2355/2347/2336
f 2436/2429/2417 2437/2431/2418 2357/2349/2338
f 2438/2430/2419 2358/2351/2339 2357/2349/2338
f 2439/2432/2420 2359/2352/2340 2358/2351/2339
f 2440/2433/2421 2360/2353/2341 2359/2352/2340
f 2441/2434/2422 2361/2354/2342 2360/2353/2341
f 2442/2435/2423 2362/2355/2343 2361/2354/2342
f 2442/2435/2423 2443/2437/2424 2363/2357/2344
f 2444/2436/2425 2364/2356/2345 2363/2357/2344
f 2444/2436/2425 2445/2439/2426 2365/2359/2346
f 2446/2438/2427 2366/2358/2347 2365/2359/2346
f 2447/2440/2428 2367/2360/2348 2366/2358/2347
f 2448/2441/2429 2368/2361/2349 2367/2360/2348
f 2448/2441/2429 2449/2443/2430 2369/2363/2350
f 2450/2442/2431 2370/2362/2351 2369/2363/2350
f 2451/2444/2432 2371/2364/2352 2370/2362/2351
f 2452/2445/2433 2372/2365/2353 2371/2364/2352
f 2452/2445/2433 2453/2446/2434 2373/2366/2354
f 2453/2446/2434 2454/2448/2435 2374/2368/2355
f 2455/2447/2436 2375/2367/2356 2374/2368/2355
f 2456/2449/2437 2376/2369/2357 2375/2367/2356
f 2457/2450/2438 2377/2371/2358 2376/2369/2357
f 2457/2450/2438 2458/2452/2439 2378/2370/2359
f 2459/2451/2440 2379/2372/2360 2378/2370/2359
f 2459/2451/2440 2460/2454/2441 2380/2373/2361
f 2461/2453/2442 2381/2374/2362 2380/2373/2361
f 2462/2455/2443 2382/2375/2363 2381/2374/2362
f 2463/2456/2444 2383/2376/2364 2382/2375/2363
f 2463/2456/2444 2464/2457/2445 2384/2377/2365
f 2464/2457/2445 2465/2459/2446 2385/2378/2366
f 2466/2458/2447 2386/2379/2367 2385/2378/2366
f 2466/2458/2447 2467/2460/2448 2387/2380/2368
f 2467/2460/2448 2468/2461/2449 2388/2381/2369
f 2468/2461/2449 2469/2463/2450 2389/2382/2370
f 2470/2462/2451 2390/2384/2371 2389/2382/2370
f 2471/2464/2452 2391/2383/2372 2390/2384/2371
f 2471/2464/2452 2472/2465/2453 2392/2385/2373
f 2472/2465/2453 2473/2467/2454 2393/2386/2374
f 2474/2466/2455 2394/2387/2375 2393/2386/2374
f 2475/2468/2456 2395/2389/2376 2394/2387/2375
f 2475/2468/2456 2476/2469/2457 2396/2388/2377
f 2476/2469/2457 2477/2470/2458 2397/2390/2378
f 2477/2470/2458 2478/2472/2459 2398/2391/2379
f 2479/2471/2460 2399/2392/2380 2398/2391/2379
f 2479/2471/2460 2480/2553/2461 2400/2473/2381
f 2481/2474/2462 2482/2476/2463 2402/2395/2383
f 2483/2475/2464 2403/2396/2384 2402/2395/2383
f 2484/2477/2465 2404/2397/2385 2403/2396/2384
f 2484/2477/2465 2485/2478/2466 2405/2399/2386
f 2485/2478/2466 2486/2480/2467 2406/2398/2387
f 2487/2479/2468 2407/2400/2388 2406/2398/2387
f 2488/2481/2469 2408/2402/2389 2407/2400/2388
f 2488/2481/2469 2489/2483/2470 2409/2401/2390
f 2490/2482/2471 2410/2403/2391 2409/2401/2390
f 2490/2482/2471 2491/2485/2472 2411/2404/2392
f 2492/2484/2473 2412/2406/2393 2411/2404/2392
f 2492/2484/2473 2493/2487/2474 2413/2405/2394
f 2494/2486/2475 2414/2407/2395 2413/2405/2394
f 2495/2488/2476 2415/2409/2396 2414/2407/2395
f 2495/2488/2476 2496/2490/2477 2416/2408/2397
f 2497/2489/2478 2417/2411/2398 2416/2408/2397
f 2498/2491/2479 2418/2410/2399 2417/2411/2398
f 2499/2492/2480 2419/2413/2400 2418/2410/2399
f 2499/2492/2480 2500/2493/2481 2420/2412/2401
f 2500/2493/2481 2501/2495/2482 2421/2415/2402
f 2502/2494/2483 2422/2414/2403 2421/2415/2402
f 2503/2496/2484 2423/2417/2404 2422/2414/2403
f 2503/2496/2484 2504/2497/2485 2424/2416/2405
f 2504/2497/2485 2505/2498/2486 2425/2418/2406
f 2505/2498/2486 2506/2499/2487 2426/2420/2407
f 2506/2499/2487 2507/2501/2488 2427/2419/2408
f 2508/2500/2489 2428/2421/2409 2427/2419/2408
f 2509/2502/2490 2429/2422/2410 2428/2421/2409
f 2509/2502/2490 2510/2504/2491 2430/2423/2411
f 2511/2503/2492 2431/2424/2412 2430/2423/2411
f 2512/2505/2493 2432/2426/2413 2431/2424/2412
f 2513/2506/2494 2433/2425/2414 2432/2426/2413
f 2514/2507/2495 2434/2427/2415 2433/2425/2414
f 2515/2508/2496 2435/2428/2416 2434/2427/2415
f 2515/2508/2496 2516/2510/2497 2436/2429/2417
f 2517/2509/2498 2437/2431/2418 2436/2429/2417
f 2517/2509/2498 2518/2512/2499 2438/2430/2419
f 2519/2511/2500 2439/2432/2420 2438/2430/2419
f 2519/2511/2500 2520/2513/2501 2440/2433/2421
f 2520/2513/2501 2521/2514/2502 2441/2434/2422
f 2521/2514/2502 2522/2515/2503 2442/2435/2423
f 2522/2515/2503 2523/2517/2504 2443/2437/2424
f 2524/2516/2505 2444/2436/2425 2443/2437/2424
f 2525/2518/2506 2445/2439/2426 2444/2436/2425
f 2525/2518/2506 2526/2520/2507 2446/2438/2427
f 2527/2519/2508 2447/2440/2428 2446/2438/2427
f 2528/2521/2509 2448/2441/2429 2447/2440/2428
f 2528/2521/2509 2529/2523/2510 2449/2443/2430
f 2530/2522/2511 2450/2442/2431 2449/2443/2430
f 2531/2524/2512 2451/2444/2432 2450/2442/2431
f 2531/2524/2512 2532/2526/2513 2452/2445/2433
f 2533/2525/2514 2453/2446/2434 2452/2445/2433
f 2533/2525/2514 2534/2527/2515 2454/2448/2435
f 2534/2527/2515 2535/2529/2516 2455/2447/2436
f 2536/2528/2517 2456/2449/2437 2455/2447/2436
f 2536/2528/2517 2537/2530/2518 2457/2450/2438
f 2537/2530/2518 2538/2531/2519 2458/2452/2439
f 2538/2531/2519 2539/2533/2520 2459/2451/2440
f 2540/2532/2521 2460/2454/2441 2459/2451/2440
f 2541/2534/2522 2461/2453/2442 2460/2454/2441
f 2541/2534/2522 2542/2535/2523 2462/2455/2443
f 2542/2535/2523 2543/2536/2524 2463/2456/2444
f 2543/2536/2524 2544/2538/2525 2464/2457/2445
f 2545/2537/2526 2465/2459/2446 2464/2457/2445
f 2545/2537/2526 2546/2539/2527 2466/2458/2447
f 2546/2539/2527 2547/2541/2528 2467/2460/2448
f 2548/2540/2529 2468/2461/2449 2467/2460/2448
f 2549/2542/2530 2469/2463/2450 2468/2461/2449
f 2549/2542/2530 2550/2544/2531 2470/2462/2451
f 2551/2543/2532 2471/2464/2452 2470/2462/2451
f 2551/2543/2532 2552/2546/2533 2472/2465/2453
f 2553/2545/2534 2473/2467/2454 2472/2465/2453
f 2554/2547/2535 2474/2466/2455 2473/2467/2454
f 2554/2547/2535 2555/2548/2536 2475/2468/2456
f 2555/2548/2536 2556/2549/2537 2476/2469/2457
f 2556/2549/2537 2557/2550/2538 2477/2470/2458
f 2557/2550/2538 2558/2552/2539 2478/2472/2459
f 2559/2551/2540 2479/2471/2460 2478/2472/2459
f 2559/2551/2540 2560/5116/2541 2480/2553/2461
f 2561/2554/2542 2562/2556/2543 2482/2476/2463
f 2563/2555/2544 2483/2475/2464 2482/2476/2463
f 2564/2557/2545 2484/2477/2465 2483/2475/2464
f 2564/2557/2545 2565/2558/2546 2485/2478/2466
f 2565/2558/2546 2566/2560/2547 2486/2480/2467
f 2567/2559/2548 2487/2479/2468 2486/2480/2467
f 2567/2559/2548 2568/2561/2549 2488/2481/2469
f 2568/2561/2549 2569/2563/2550 2489/2483/2470
f 2570/2562/2551 2490/2482/2471 2489/2483/2470
f 2571/2564/2552 2491/2485/2472 2490/2482/2471
f 2572/2565/2553 2492/2484/2473 2491/2485/2472
f 2573/2566/2554 2493/2487/2474 2492/2484/2473
f 2573/2566/2554 2574/2567/2555 2494/2486/2475
f 2574/2567/2555 2575/2569/2556 2495/2488/2476
f 2576/2568/2557 2496/2490/2477 2495/2488/2476
f 2576/2568/2557 2577/2571/2558 2497/2489/2478
f 2578/2570/2559 2498/2491/2479 2497/2489/2478
f 2579/2572/2560 2499/2492/2480 2498/2491/2479
f 2579/2572/2560 2580/2573/2561 2500/2493/2481
f 2580/2573/2561 2581/2575/2562 2501/2495/2482
f 2582/2574/2563 2502/2494/2483 2501/2495/2482
f 2582/2574/2563 2583/2576/2564 2503/2496/2484
f 2583/2576/2564 2584/2578/2565 2504/2497/2485
f 2585/2577/2566 2505/2498/2486 2504/2497/2485
f 2585/2577/2566 2586/2579/2567 2506/2499/2487
f 2586/2579/2567 2587/2581/2568 2507/2501/2488
f 2588/2580/2569 2508/2500/2489 2507/2501/2488
f 2588/2580/2569 2589/2583/2570 2509/2502/2490
f 2590/2582/2571 2510/2504/2491 2509/2502/2490
f 2591/2584/2572 2511/2503/2492 2510/2504/2491
f 2591/2584/2572 2592/2585/2573 2512/2505/2493
f 2592/2585/2573 2593/2587/2574 2513/2506/2494
f 2594/2586/2575 2514/2507/2495 2513/2506/2494
f 2595/2588/2576 2515/2508/2496 2514/2507/2495
f 2595/2588/2576 2596/2590/2577 2516/2510/2497
f 2597/2589/2578 2517/2509/2498 2516/2510/2497
f 2598/2591/2579 2518/2512/2499 2517/2509/2498
f 2599/2592/2580 2519/2511/2500 2518/2512/2499
f 2599/2592/2580 2600/2594/2581 2520/2513/2501
f 2601/2593/2582 2521/2514/2502 2520/2513/2501
f 2601/2593/2582 2602/2595/2583 2522/2515/2503
f 2602/2595/2583 2603/2597/2584 2523/2517/2504
f 2604/2596/2585 2524/2516/2505 2523/2517/2504
f 2605/2598/2586 2525/2518/2506 2524/2516/2505
f 2605/2598/2586 2606/2600/2587 2526/2520/2507
f 2607/2599/2588 2527/2519/2508 2526/2520/2507
f 2607/2599/2588 2608/2602/2589 2528/2521/2509
f 2609/2601/2590 2529/2523/2510 2528/2521/2509
f 2610/2603/2591 2530/2522/2511 2529/2523/2510
f 2610/2603/2591 2611/2604/2592 2531/2524/2512
f 2611/2604/2592 2612/2605/2593 2532/2526/2513
f 2612/2605/2593 2613/2607/2594 2533/2525/2514
f 2614/2606/2595 2534/2527/2515 2533/2525/2514
f 2615/2608/2596 2535/2529/2516 2534/2527/2515
f 2615/2608/2596 2616/2609/2597 2536/2528/2517
f 2616/2609/2597 2617/2611/2598 2537/2530/2518
f 2618/2610/2599 2538/2531/2519 2537/2530/2518
f 2619/2612/2600 2539/2533/2520 2538/2531/2519
f 2619/2612/2600 2620/2613/2601 2540/2532/2521
f 2620/2613/2601 2621/2614/2602 2541/2534/2522
f 2621/2614/2602 2622/2616/2603 2542/2535/2523
f 2623/2615/2604 2543/2536/2524 2542/2535/2523
f 2623/2615/2604 2624/2618/2605 2544/2538/2525
f 2625/2617/2606 2545/2537/2526 2544/2538/2525
f 2625/2617/2606 2626/2620/2607 2546/2539/2527
f 2627/2619/2608 2547/2541/2528 2546/2539/2527
f 2627/2619/2608 2628/2622/2609 2548/2540/2529
f 2629/2621/2610 2549/2542/2530 2548/2540/2529
f 2629/2621/2610 2630/2623/2611 2550/2544/2531
f 2630/2623/2611 2631/2624/2612 2551/2543/2532
f 2631/2624/2612 2632/2625/2613 2552/2546/2533
f 2632/2625/2613 2633/2627/2614 2553/2545/2534
f 2634/2626/2615 2554/2547/2535 2553/2545/2534
f 2634/2626/2615 2635/2628/2616 2555/2548/2536
f 2635/2628/2616 2636/2629/2617 2556/2549/2537
f 2636/2629/2617 2637/2630/2618 2557/2550/2538
f 2637/2630/2618 2638/2632/2619 2558/2552/2539
f 2639/2631/2620 2559/2551/2540 2558/2552/2539
f 2640/2633/2621 2560/5116/2541 2559/2551/2540
f 2641/2634/2622 2642/2635/2623 2562/2556/2543
f 2642/2635/2623 2643/2637/2624 2563/2555/2544
f 2644/2636/2625 2564/2557/2545 2563/2555/2544
f 2644/2636/2625 2645/2639/2626 2565/2558/2546
f 2646/2638/2627 2566/2560/2547 2565/2558/2546
f 2647/2640/2628 2567/2559/2548 2566/2560/2547
f 2647/2640/2628 2648/2641/2629 2568/2561/2549
f 2648/2641/2629 2649/2643/2630 2569/2563/2550
f 2650/2642/2631 2570/2562/2551 2569/2563/2550
f 2650/2642/2631 2651/2645/2632 2571/2564/2552
f 2652/2644/2633 2572/2565/2553 2571/2564/2552
f 2652/2644/2633 2653/2646/2634 2573/2566/2554
f 2653/2646/2634 2654/2647/2635 2574/2567/2555
f 2654/2647/2635 2655/2649/2636 2575/2569/2556
f 2656/2648/2637 2576/2568/2557 2575/2569/2556
f 2656/2648/2637 2657/2651/2638 2577/2571/2558
f 2658/2650/2639 2578/2570/2559 2577/2571/2558
f 2658/2650/2639 2659/2653/2640 2579/2572/2560
f 2660/2652/2641 2580/2573/2561 2579/2572/2560
f 2661/2654/2642 2581/2575/2562 2580/2573/2561
f 2662/2655/2643 2582/2574/2563 2581/2575/2562
f 2662/2655/2643 2663/2656/2644 2583/2576/2564
f 2663/2656/2644 2664/2658/2645 2584/2578/2565
f 2665/2657/2646 2585/2577/2566 2584/2578/2565
f 2666/2659/2647 2586/2579/2567 2585/2577/2566
f 2667/2660/2648 2587/2581/2568 2586/2579/2567
f 2667/2660/2648 2668/2661/2649 2588/2580/2569
f 2668/2661/2649 2669/2662/2650 2589/2583/2570
f 2669/2662/2650 2670/2664/2651 2590/2582/2571
f 2671/2663/2652 2591/2584/2572 2590/2582/2571
f 2671/2663/2652 2672/2666/2653 2592/2585/2573
f 2673/2665/2654 2593/2587/2574 2592/2585/2573
f 2673/2665/2654 2674/2667/2655 2594/2586/2575
f 2674/2667/2655 2675/2669/2656 2595/2588/2576
f 2676/2668/2657 2596/2590/2577 2595/2588/2576
f 2676/2668/2657 2677/2671/2658 2597/2589/2578
f 2678/2670/2659 2598/2591/2579 2597/2589/2578
f 2679/2672/2660 2599/2592/2580 2598/2591/2579
f 2680/2673/2661 2600/2594/2581 2599/2592/2580
f 2681/2674/2662 2601/2593/2582 2600/2594/2581
f 2681/2674/2662 2682/2675/2663 2602/2595/2583
f 2682/2675/2663 2683/2677/2664 2603/2597/2584
f 2684/2676/2665 2604/2596/2585 2603/2597/2584
f 2685/2678/2666 2605/2598/2586 2604/2596/2585
f 2685/2678/2666 2686/2680/2667 2606/2600/2587
f 2687/2679/2668 2607/2599/2588 2606/2600/2587
f 2688/2681/2669 2608/2602/2589 2607/2599/2588
f 2689/2682/2670 2609/2601/2590 2608/2602/2589
f 2690/2683/2671 2610/2603/2591 2609/2601/2590
f 2690/2683/2671 2691/2685/2672 2611/2604/2592
f 2692/2684/2673 2612/2605/2593 2611/2604/2592
f 2692/2684/2673 2693/2686/2674 2613/2607/2594
f 2693/2686/2674 2694/2688/2675 2614/2606/2595
f 2695/2687/2676 2615/2608/2596 2614/2606/2595
f 2695/2687/2676 2696/2690/2677 2616/2609/2597
f 2697/2689/2678 2617/2611/2598 2616/2609/2597
f 2698/2691/2679 2618/2610/2599 2617/2611/2598
f 2699/2692/2680 2619/2612/2600 2618/2610/2599
f 2700/2693/2681 2620/2613/2601 2619/2612/2600
f 2700/2693/2681 2701/2695/2682 2621/2614/2602
f 2702/2694/2683 2622/2616/2603 2621/2614/2602
f 2702/2694/2683 2703/2696/2684 2623/2615/2604
f 2703/2696/2684 2704/2698/2685 2624/2618/2605
f 2705/2697/2686 2625/2617/2606 2624/2618/2605
f 2705/2697/2686 2706/2700/2687 2626/2620/2607
f 2707/2699/2688 2627/2619/2608 2626/2620/2607
f 2707/2699/2688 2708/2701/2689 2628/2622/2609
f 2708/2701/2689 2709/2703/2690 2629/2621/2610
f 2710/2702/2691 2630/2623/2611 2629/2621/2610
f 2711/2704/2692 2631/2624/2612 2630/2623/2611
f 2712/2705/2693 2632/2625/2613 2631/2624/2612
f 2713/2706/2694 2633/2627/2614 2632/2625/2613
f 2714/2707/2695 2634/2626/2615 2633/2627/2614
f 2714/2707/2695 2715/2708/2696 2635/2628/2616
f 2715/2708/2696 2716/2709/2697 2636/2629/2617
f 2716/2709/2697 2717/2710/2698 2637/2630/2618
f 2717/2710/2698 2718/2712/2699 2638/2632/2619
f 2719/2711/2700 2639/2631/2620 2638/2632/2619
f 2720/2713/2701 2640/2633/2621 2639/2631/2620
f 2721/2714/2702 2722/2715/2703 2642/2635/2623
f 2722/2715/2703 2723/2716/2704 2643/2637/2624
f 2723/2716/2704 2724/2717/2705 2644/2636/2625
f 2724/2717/2705 2725/2719/2706 2645/2639/2626
f 2726/2718/2707 2646/2638/2627 2645/2639/2626
f 2727/2720/2708 2647/2640/2628 2646/2638/2627
f 2727/2720/2708 2728/2722/2709 2648/2641/2629
f 2729/2721/2710 2649/2643/2630 2648/2641/2629
f 2729/2721/2710 2730/2723/2711 2650/2642/2631
f 2730/2723/2711 2731/2725/2712 2651/2645/2632
f 2732/2724/2713 2652/2644/2633 2651/2645/2632
f 2733/2726/2714 2653/2646/2634 2652/2644/2633
f 2733/2726/2714 2734/2727/2715 2654/2647/2635
f 2734/2727/2715 2735/2728/2716 2655/2649/2636
f 2735/2728/2716 2736/2730/2717 2656/2648/2637
f 2737/2729/2718 2657/2651/2638 2656/2648/2637
f 2737/2729/2718 2738/2731/2719 2658/2650/2639
f 2738/2731/2719 2739/2732/2720 2659/2653/2640
f 2739/2732/2720 2740/2733/2721 2660/2652/2641
f 2740/2733/2721 2741/2735/2722 2661/2654/2642
f 2742/2734/2723 2662/2655/2643 2661/2654/2642
f 2743/2736/2724 2663/2656/2644 2662/2655/2643
f 2744/2737/2725 2664/2658/2645 2663/2656/2644
f 2744/2737/2725 2745/2739/2726 2665/2657/2646
f 2746/2738/2727 2666/2659/2647 2665/2657/2646
f 2746/2738/2727 2747/2741/2728 2667/2660/2648
f 2748/2740/2729 2668/2661/2649 2667/2660/2648
f 2748/2740/2729 2749/2743/2730 2669/2662/2650
f 2750/2742/2731 2670/2664/2651 2669/2662/2650
f 2751/2744/2732 2671/2663/2652 2670/2664/2651
f 2752/2745/2733 2672/2666/2653 2671/2663/2652
f 2752/2745/2733 2753/2747/2734 2673/2665/2654
f 2754/2746/2735 2674/2667/2655 2673/2665/2654
f 2755/2748/2736 2675/2669/2656 2674/2667/2655
f 2755/2748/2736 2756/2749/2737 2676/2668/2657
f 2756/2749/2737 2757/2750/2738 2677/2671/2658
f 2757/2750/2738 2758/2751/2739 2678/2670/2659
f 2758/2751/2739 2759/2753/2740 2679/2672/2660
f 2760/2752/2741 2680/2673/2661 2679/2672/2660
f 2761/2754/2742 2681/2674/2662 2680/2673/2661
f 2762/2755/2743 2682/2675/2663 2681/2674/2662
f 2762/2755/2743 2763/2756/2744 2683/2677/2664
f 2763/2756/2744 2764/2757/2745 2684/2676/2665
f 2764/2757/2745 2765/2759/2746 2685/2678/2666
f 2766/2758/2747 2686/2680/2667 2685/2678/2666
f 2766/2758/2747 2767/2760/2748 2687/2679/2668
f 2767/2760/2748 2768/2762/2749 2688/2681/2669
f 2769/2761/2750 2689/2682/2670 2688/2681/2669
f 2769/2761/2750 2770/2764/2751 2690/2683/2671
f 2771/2763/2752 2691/2685/2672 2690/2683/2671
f 2772/2765/79 2692/2684/2673 2691/2685/2672
f 2772/2765/79 2773/2767/2753 2693/2686/2674
f 2774/2766/2754 2694/2688/2675 2693/2686/2674
f 2774/2766/2754 2775/2769/2755 2695/2687/2676
f 2776/2768/2756 2696/2690/2677 2695/2687/2676
f 2777/2770/2757 2697/2689/2678 2696/2690/2677
f 2777/2770/2757 2778/2771/2758 2698/2691/2679
f 2778/2771/2758 2779/2773/2759 2699/2692/2680
f 2780/2772/2760 2700/2693/2681 2699/2692/2680
f 2780/2772/2760 2781/2775/2761 2701/2695/2682
f 2782/2774/2762 2702/2694/2683 2701/2695/2682
f 2782/2774/2762 2783/2776/2763 2703/2696/2684
f 2783/2776/2763 2784/2778/2764 2704/2698/2685
f 2785/2777/2765 2705/2697/2686 2704/2698/2685
f 2786/2779/2766 2706/2700/2687 2705/2697/2686
f 2786/2779/2766 2787/2780/2767 2707/2699/2688
f 2787/2780/2767 2788/2782/2768 2708/2701/2689
f 2789/2781/2769 2709/2703/2690 2708/2701/2689
f 2789/2781/2769 2790/2783/2770 2710/2702/2691
f 2790/2783/2770 2791/2784/2771 2711/2704/2692
f 2791/2784/2771 2792/2785/2772 2712/2705/2693
f 2792/2785/2772 2793/2786/2773 2713/2706/2694
f 2793/2786/2773 2794/2787/2774 2714/2707/2695
f 2794/2787/2774 2795/2788/2775 2715/2708/2696
f 2795/2788/2775 2796/2789/2776 2716/2709/2697
f 2796/2789/2776 2797/2790/2777 2717/2710/2698
f 2797/2790/2777 2798/2791/2778 2718/2712/2699
f 2798/2791/2778 2799/2792/2779 2719/2711/2700
f 2799/2792/2779 2800/2872/2780 2720/2713/2701
f 2801/2793/2781 2802/2794/2782 2722/2715/2703
f 2802/2794/2782 2803/2795/2783 2723/2716/2704
f 2803/2795/2783 2804/2796/2784 2724/2717/2705
f 2804/2796/2784 2805/2798/2785 2725/2719/2706
f 2806/2797/2786 2726/2718/2707 2725/2719/2706
f 2807/2799/2787 2727/2720/2708 2726/2718/2707
f 2807/2799/2787 2808/2801/2788 2728/2722/2709
f 2809/2800/2789 2729/2721/2710 2728/2722/2709
f 2809/2800/2789 2810/2802/2790 2730/2723/2711
f 2810/2802/2790 2811/2804/2791 2731/2725/2712
f 2812/2803/2792 2732/2724/2713 2731/2725/2712
f 2812/2803/2792 2813/2805/2793 2733/2726/2714
f 2813/2805/2793 2814/2806/2794 2734/2727/2715
f 2814/2806/2794 2815/2807/2795 2735/2728/2716
f 2815/2807/2795 2816/2809/2796 2736/2730/2717
f 2817/2808/2797 2737/2729/2718 2736/2730/2717
f 2818/2810/2798 2738/2731/2719 2737/2729/2718
f 2819/2811/2799 2739/2732/2720 2738/2731/2719
f 2819/2811/2799 2820/2812/2800 2740/2733/2721
f 2820/2812/2800 2821/2813/2801 2741/2735/2722
f 2821/2813/2801 2822/2814/2802 2742/2734/2723
f 2822/2814/2802 2823/2815/2803 2743/2736/2724
f 2823/2815/2803 2824/2816/2804 2744/2737/2725
f 2824/2816/2804 2825/2818/2805 2745/2739/2726
f 2826/2817/2806 2746/2738/2727 2745/2739/2726
f 2827/2819/2807 2747/2741/2728 2746/2738/2727
f 2828/2820/2808 2748/2740/2729 2747/2741/2728
f 2829/2821/2809 2749/2743/2730 2748/2740/2729
f 2829/2821/2809 2830/2823/2810 2750/2742/2731
f 2831/2822/2811 2751/2744/2732 2750/2742/2731
f 2832/2824/2812 2752/2745/2733 2751/2744/2732
f 2833/2825/2813 2753/2747/2734 2752/2745/2733
f 2833/2825/2813 2834/2827/2814 2754/2746/2735
f 2835/2826/2815 2755/2748/2736 2754/2746/2735
f 2836/2828/2816 2756/2749/2737 2755/2748/2736
f 2837/2829/2817 2757/2750/2738 2756/2749/2737
f 2838/2830/2818 2758/2751/2739 2757/2750/2738
f 2838/2830/2818 2839/2832/2819 2759/2753/2740
f 2840/2831/2820 2760/2752/2741 2759/2753/2740
f 2840/2831/2820 2841/2834/2821 2761/2754/2742
f 2842/2833/2822 2762/2755/2743 2761/2754/2742
f 2843/2835/2823 2763/2756/2744 2762/2755/2743
f 2843/2835/2823 2844/2837/2824 2764/2757/2745
f 2845/2836/2825 2765/2759/2746 2764/2757/2745
f 2845/2836/2825 2846/2839/2826 2766/2758/2747
f 2847/2838/2827 2767/2760/2748 2766/2758/2747
f 2848/2840/2828 2768/2762/2749 2767/2760/2748
f 2848/2840/2828 2849/2842/2829 2769/2761/2750
f 2850/2841/2830 2770/2764/2751 2769/2761/2750
f 2851/2843/2831 2771/2763/2752 2770/2764/2751
f 2852/2844/2832 2772/2765/79 2771/2763/2752
f 2852/2844/2832 2853/2846/2833 2773/2767/2753
f 2854/2845/2834 2774/2766/2754 2773/2767/2753
f 2855/2847/2835 2775/2769/2755 2774/2766/2754
f 2855/2847/2835 2856/2849/2836 2776/2768/2756
f 2857/2848/2837 2777/2770/2757 2776/2768/2756
f 2858/2850/2838 2778/2771/2758 2777/2770/2757
f 2859/2851/2839 2779/2773/2759 2778/2771/2758
f 2860/2852/2840 2780/2772/2760 2779/2773/2759
f 2860/2852/2840 2861/2853/2841 2781/2775/2761
f 2861/2853/2841 2862/2854/2842 2782/2774/2762
f 2862/2854/2842 2863/2855/2843 2783/2776/2763
f 2863/2855/2843 2864/2857/2844 2784/2778/2764
f 2865/2856/2845 2785/2777/2765 2784/2778/2764
f 2865/2856/2845 2866/2859/2846 2786/2779/2766
f 2867/2858/2847 2787/2780/2767 2786/2779/2766
f 2868/2860/2848 2788/2782/2768 2787/2780/2767
f 2868/2860/2848 2869/2862/2849 2789/2781/2769
f 2870/2861/2850 2790/2783/2770 2789/2781/2769
f 2870/2861/2850 2871/2864/2851 2791/2784/2771
f 2872/2863/2852 2792/2785/2772 2791/2784/2771
f 2873/2865/2853 2793/2786/2773 2792/2785/2772
f 2873/2865/2853 2874/2867/2854 2794/2787/2774
f 2875/2866/2855 2795/2788/2775 2794/2787/2774
f 2875/2866/2855 2876/2868/2856 2796/2789/2776
f 2876/2868/2856 2877/2870/2857 2797/2790/2777
f 2878/2869/2858 2798/2791/2778 2797/2790/2777
f 2878/2869/2858 2879/2871/2859 2799/2792/2779
f 2879/2871/2859 2880/2952/2860 2800/2872/2780
f 2881/2873/2861 2882/2874/2862 2802/2794/2782
f 2882/2874/2862 2883/2875/2863 2803/2795/2783
f 2883/2875/2863 2884/2877/2864 2804/2796/2784
f 2885/2876/2865 2805/2798/2785 2804/2796/2784
f 2886/2878/2866 2806/2797/2786 2805/2798/2785
f 2887/2879/2867 2807/2799/2787 2806/2797/2786
f 2888/2880/2868 2808/2801/2788 2807/2799/2787
f 2888/2880/2868 2889/2881/2869 2809/2800/2789
f 2889/2881/2869 2890/2882/2870 2810/2802/2790
f 2890/2882/2870 2891/2883/2871 2811/2804/2791
f 2891/2883/2871 2892/2884/2872 2812/2803/2792
f 2892/2884/2872 2893/2885/2873 2813/2805/2793
f 2893/2885/2873 2894/2887/2874 2814/2806/2794
f 2895/2886/2875 2815/2807/2795 2814/2806/2794
f 2896/2888/2876 2816/2809/2796 2815/2807/2795
f 2897/2889/2877 2817/2808/2797 2816/2809/2796
f 2898/2890/2878 2818/2810/2798 2817/2808/2797
f 2898/2890/2878 2899/2891/2879 2819/2811/2799
f 2899/2891/2879 2900/2892/2880 2820/2812/2800
f 2900/2892/2880 2901/2893/2881 2821/2813/2801
f 2901/2893/2881 2902/2894/2882 2822/2814/2802
f 2902/2894/2882 2903/2895/2883 2823/2815/2803
f 2903/2895/2883 2904/2896/2884 2824/2816/2804
f 2904/2896/2884 2905/2898/2885 2825/2818/2805
f 2906/2897/2886 2826/2817/2806 2825/2818/2805
f 2907/2899/2887 2827/2819/2807 2826/2817/2806
f 2908/2900/2888 2828/2820/2808 2827/2819/2807
f 2909/2901/2889 2829/2821/2809 2828/2820/2808
f 2910/2902/2890 2830/2823/2810 2829/2821/2809
f 2911/2903/2891 2831/2822/2811 2830/2823/2810
f 2912/2904/2892 2832/2824/2812 2831/2822/2811
f 2913/2905/2893 2833/2825/2813 2832/2824/2812
f 2914/2906/2894 2834/2827/2814 2833/2825/2813
f 2915/2907/2895 2835/2826/2815 2834/2827/2814
f 2915/2907/2895 2916/2909/2896 2836/2828/2816
f 2917/2908/2897 2837/2829/2817 2836/2828/2816
f 2918/2910/2898 2838/2830/2818 2837/2829/2817
f 2918/2910/2898 2919/2911/2899 2839/2832/2819
f 2919/2911/2899 2920/2912/2900 2840/2831/2820
f 2920/2912/2900 2921/2913/2901 2841/2834/2821
f 2921/2913/2901 2922/2915/2902 2842/2833/2822
f 2923/2914/2903 2843/2835/2823 2842/2833/2822
f 2923/2914/2903 2924/2917/2904 2844/2837/2824
f 2925/2916/2905 2845/2836/2825 2844/2837/2824
f 2926/2918/2906 2846/2839/2826 2845/2836/2825
f 2927/2919/2907 2847/2838/2827 2846/2839/2826
f 2927/2919/2907 2928/2921/2908 2848/2840/2828
f 2929/2920/2909 2849/2842/2829 2848/2840/2828
f 2929/2920/2909 2930/2923/2910 2850/2841/2830
f 2931/2922/2911 2851/2843/2831 2850/2841/2830
f 2931/2922/2911 2932/2924/2912 2852/2844/2832
f 2932/2924/2912 2933/2925/2913 2853/2846/2833
f 2933/2925/2913 2934/2927/2914 2854/2845/2834
f 2935/2926/2915 2855/2847/2835 2854/2845/2834
f 2935/2926/2915 2936/2928/2916 2856/2849/2836
f 2936/2928/2916 2937/2930/2917 2857/2848/2837
f 2938/2929/2918 2858/2850/2838 2857/2848/2837
f 2938/2929/2918 2939/2932/2919 2859/2851/2839
f 2940/2931/2920 2860/2852/2840 2859/2851/2839
f 2940/2931/2920 2941/2933/2921 2861/2853/2841
f 2941/2933/2921 2942/2935/2922 2862/2854/2842
f 2943/2934/2923 2863/2855/2843 2862/2854/2842
f 2943/2934/2923 2944/2936/2924 2864/2857/2844
f 2944/2936/2924 2945/2938/2925 2865/2856/2845
f 2946/2937/2926 2866/2859/2846 2865/2856/2845
f 2947/2939/2927 2867/2858/2847 2866/2859/2846
f 2947/2939/2927 2948/2941/2928 2868/2860/2848
f 2949/2940/2929 2869/2862/2849 2868/2860/2848
f 2949/2940/2929 2950/2942/2930 2870/2861/2850
f 2950/2942/2930 2951/2944/2931 2871/2864/2851
f 2952/2943/2932 2872/2863/2852 2871/2864/2851
f 2953/2945/2933 2873/2865/2853 2872/2863/2852
f 2954/2946/2934 2874/2867/2854 2873/2865/2853
f 2955/2947/2935 2875/2866/2855 2874/2867/2854
f 2956/2948/2936 2876/2868/2856 2875/2866/2855
f 2957/2949/2937 2877/2870/2857 2876/2868/2856
f 2957/2949/2937 2958/2950/2938 2878/2869/2858
f 2958/2950/2938 2959/2951/2939 2879/2871/2859
f 2959/2951/2939 2960/5117/2940 2880/2952/2860
f 2962/2953/2942 2882/2874/2862 2881/2873/2861
f 2962/2953/2942 2963/2955/2943 2883/2875/2863
f 2963/2955/2943 2964/2957/2944 2884/2877/2864
f 2965/2956/2945 2885/2876/2865 2884/2877/2864
f 2965/2956/2945 2966/2958/2946 2886/2878/2866
f 2966/2958/2946 2967/2959/2947 2887/2879/2867
f 2967/2959/2947 2968/2960/2948 2888/2880/2868
f 2968/2960/2948 2969/2961/2949 2889/2881/2869
f 2969/2961/2949 2970/2962/2950 2890/2882/2870
f 2970/2962/2950 2971/2963/2951 2891/2883/2871
f 2971/2963/2951 2972/2964/2952 2892/2884/2872
f 2972/2964/2952 2973/2965/2953 2893/2885/2873
f 2973/2965/2953 2974/2967/2954 2894/2887/2874
f 2975/2966/2955 2895/2886/2875 2894/2887/2874
f 2976/2968/2956 2896/2888/2876 2895/2886/2875
f 2977/2969/2957 2897/2889/2877 2896/2888/2876
f 2977/2969/2957 2978/2971/2958 2898/2890/2878
f 2979/2970/2959 2899/2891/2879 2898/2890/2878
f 2979/2970/2959 2980/2972/2960 2900/2892/2880
f 2980/2972/2960 2981/2973/2961 2901/2893/2881
f 2981/2973/2961 2982/2975/2962 2902/2894/2882
f 2983/2974/2963 2903/2895/2883 2902/2894/2882
f 2984/2976/2964 2904/2896/2884 2903/2895/2883
f 2985/2977/2965 2905/2898/2885 2904/2896/2884
f 2985/2977/2965 2986/2979/2966 2906/2897/2886
f 2987/2978/2967 2907/2899/2887 2906/2897/2886
f 2988/2980/2968 2908/2900/2888 2907/2899/2887
f 2989/2981/2969 2909/2901/2889 2908/2900/2888
f 2990/2982/2970 2910/2902/2890 2909/2901/2889
f 2991/2983/2971 2911/2903/2891 2910/2902/2890
f 2992/2984/2972 2912/2904/2892 2911/2903/2891
f 2993/2985/2973 2913/2905/2893 2912/2904/2892
f 2994/2986/2974 2914/2906/2894 2913/2905/2893
f 2995/2987/2975 2915/2907/2895 2914/2906/2894
f 2996/2988/2976 2916/2909/2896 2915/2907/2895
f 2997/2989/2977 2917/2908/2897 2916/2909/2896
f 2998/2990/2978 2918/2910/2898 2917/2908/2897
f 2999/2991/2979 2919/2911/2899 2918/2910/2898
f 2999/2991/2979 3000/2993/2980 2920/2912/2900
f 3001/2992/2981 2921/2913/2901 2920/2912/2900
f 3001/2992/2981 3002/2994/2982 2922/2915/2902
f 3002/2994/2982 3003/2996/2983 2923/2914/2903
f 3004/2995/2984 2924/2917/2904 2923/2914/2903
f 3005/2997/2985 2925/2916/2905 2924/2917/2904
f 3006/2998/2986 2926/2918/2906 2925/2916/2905
f 3006/2998/2986 3007/3000/2987 2927/2919/2907
f 3008/2999/2988 2928/2921/2908 2927/2919/2907
f 3008/2999/2988 3009/3002/2989 2929/2920/2909
f 3010/3001/2990 2930/2923/2910 2929/2920/2909
f 3010/3001/2990 3011/3004/2991 2931/2922/2911
f 3012/3003/2992 2932/2924/2912 2931/2922/2911
f 3013/3005/2993 2933/2925/2913 2932/2924/2912
f 3013/3005/2993 3014/3007/2994 2934/2927/2914
f 3015/3006/2995 2935/2926/2915 2934/2927/2914
f 3016/3008/2996 2936/2928/2916 2935/2926/2915
f 3017/3009/2997 2937/2930/2917 2936/2928/2916
f 3017/3009/2997 3018/3011/2998 2938/2929/2918
f 3019/3010/2999 2939/2932/2919 2938/2929/2918
f 3019/3010/2999 3020/3013/3000 2940/2931/2920
f 3021/3012/3001 2941/2933/2921 2940/2931/2920
f 3021/3012/3001 3022/3014/3002 2942/2935/2922
f 3022/3014/3002 3023/3015/3003 2943/2934/2923
f 3023/3015/3003 3024/3017/3004 2944/2936/2924
f 3025/3016/3005 2945/2938/2925 2944/2936/2924
f 3025/3016/3005 3026/3019/3006 2946/2937/2926
f 3027/3018/3007 2947/2939/2927 2946/2937/2926
f 3028/3020/3008 2948/2941/2928 2947/2939/2927
f 3028/3020/3008 3029/3022/3009 2949/2940/2929
f 3030/3021/3010 2950/2942/2930 2949/2940/2929
f 3030/3021/3010 3031/3024/3011 2951/2944/2931
f 3032/3023/3012 2952/2943/2932 2951/2944/2931
f 3032/3023/3012 3033/3025/3013 2953/2945/2933
f 3033/3025/3013 3034/3026/3014 2954/2946/2934
f 3034/3026/3014 3035/3028/3015 2955/2947/2935
f 3036/3027/3016 2956/2948/2936 2955/2947/2935
f 3037/3029/3017 2957/2949/2937 2956/2948/2936
f 3037/3029/3017 3038/3030/3018 2958/2950/2938
f 3038/3030/3018 3039/3032/3019 2959/2951/2939
f 3040/3031/3020 2960/5117/2940 2959/2951/2939
f 3042/3033/3022 2962/2953/2942 2961/2954/2941
f 3042/3033/3022 3043/3035/3023 2963/2955/2943
f 3043/3035/3023 3044/3036/3024 2964/2957/2944
f 3044/3036/3024 3045/3037/3025 2965/2956/2945
f 3045/3037/3025 3046/3038/3026 2966/2958/2946
f 3046/3038/3026 3047/3039/3027 2967/2959/2947
f 3047/3039/3027 3048/3040/3028 2968/2960/2948
f 3048/3040/3028 3049/3041/3029 2969/2961/2949
f 3049/3041/3029 3050/3042/3030 2970/2962/2950
f 3050/3042/3030 3051/3044/3031 2971/2963/2951
f 3052/3043/3032 2972/2964/2952 2971/2963/2951
f 3053/3045/3033 2973/2965/2953 2972/2964/2952
f 3053/3045/3033 3054/3046/3034 2974/2967/2954
f 3054/3046/3034 3055/3047/3035 2975/2966/2955
f 3055/3047/3035 3056/3048/3036 2976/2968/2956
f 3056/3048/3036 3057/3049/3037 2977/2969/2957
f 3057/3049/3037 3058/3050/3038 2978/2971/2958
f 3058/3050/3038 3059/3051/3039 2979/2970/2959
f 3059/3051/3039 3060/3052/3040 2980/2972/2960
f 3060/3052/3040 3061/3053/3041 2981/2973/2961
f 3061/3053/3041 3062/3054/3042 2982/2975/2962
f 3062/3054/3042 3063/3055/3043 2983/2974/2963
f 3063/3055/3043 3064/3057/3044 2984/2976/2964
f 3065/3056/3045 2985/2977/2965 2984/2976/2964
f 3065/3056/3045 3066/3059/3046 2986/2979/2966
f 3067/3058/3047 2987/2978/2967 2986/2979/2966
f 3067/3058/3047 3068/3061/3048 2988/2980/2968
f 3069/3060/3049 2989/2981/2969 2988/2980/2968
f 3070/3062/3050 2990/2982/2970 2989/2981/2969
f 3070/3062/3050 3071/3064/3051 2991/2983/2971
f 3072/3063/3052 2992/2984/2972 2991/2983/2971
f 3073/3065/3053 2993/2985/2973 2992/2984/2972
f 3073/3065/3053 3074/3066/3054 2994/2986/2974
f 3074/3066/3054 3075/3068/3055 2995/2987/2975
f 3076/3067/3056 2996/2988/2976 2995/2987/2975
f 3077/3069/3057 2997/2989/2977 2996/2988/2976
f 3078/3070/3058 2998/2990/2978 2997/2989/2977
f 3079/3071/3059 2999/2991/2979 2998/2990/2978
f 3080/3072/3060 3000/2993/2980 2999/2991/2979
f 3081/3073/3061 3001/2992/2981 3000/2993/2980
f 3082/3074/3062 3002/2994/2982 3001/2992/2981
f 3082/3074/3062 3083/3075/3063 3003/2996/2983
f 3083/3075/3063 3084/3077/3064 3004/2995/2984
f 3085/3076/3065 3005/2997/2985 3004/2995/2984
f 3086/3078/3066 3006/2998/2986 3005/2997/2985
f 3087/3079/3067 3007/3000/2987 3006/2998/2986
f 3088/3080/3068 3008/2999/2988 3007/3000/2987
f 3089/3081/3069 3009/3002/2989 3008/2999/2988
f 3089/3081/3069 3090/3083/3070 3010/3001/2990
f 3091/3082/3071 3011/3004/2991 3010/3001/2990
f 3092/3084/3072 3012/3003/2992 3011/3004/2991
f 3093/3085/3073 3013/3005/2993 3012/3003/2992
f 3094/3086/3074 3014/3007/2994 3013/3005/2993
f 3094/3086/3074 3095/3088/3075 3015/3006/2995
f 3096/3087/3076 3016/3008/2996 3015/3006/2995
f 3096/3087/3076 3097/3090/3077 3017/3009/2997
f 3098/3089/3078 3018/3011/2998 3017/3009/2997
f 3099/3091/3079 3019/3010/2999 3018/3011/2998
f 3099/3091/3079 3100/3092/3080 3020/3013/3000
f 3100/3092/3080 3101/3093/3081 3021/3012/3001
f 3101/3093/3081 3102/3094/3082 3022/3014/3002
f 3102/3094/3082 3103/3096/3083 3023/3015/3003
f 3104/3095/3084 3024/3017/3004 3023/3015/3003
f 3104/3095/3084 3105/3098/3085 3025/3016/3005
f 3106/3097/3086 3026/3019/3006 3025/3016/3005
f 3106/3097/3086 3107/3099/3087 3027/3018/3007
f 3107/3099/3087 3108/3101/3088 3028/3020/3008
f 3109/3100/3089 3029/3022/3009 3028/3020/3008
f 3109/3100/3089 3110/3102/3090 3030/3021/3010
f 3110/3102/3090 3111/3104/3091 3031/3024/3011
f 3112/3103/3092 3032/3023/3012 3031/3024/3011
f 3113/3105/3093 3033/3025/3013 3032/3023/3012
f 3113/3105/3093 3114/3106/3094 3034/3026/3014
f 3114/3106/3094 3115/3108/3095 3035/3028/3015
f 3116/3107/3096 3036/3027/3016 3035/3028/3015
f 3116/3107/3096 3117/3109/3097 3037/3029/3017
f 3117/3109/3097 3118/3111/3098 3038/3030/3018
f 3119/3110/3099 3039/3032/3019 3038/3030/3018
f 3119/3110/3099 3120/3191/3100 3040/3031/3020
f 3122/3112/3102 3042/3033/3022 3041/3034/3021
f 3122/3112/3102 3123/3114/3103 3043/3035/3023
f 3123/3114/3103 3124/3115/3104 3044/3036/3024
f 3124/3115/3104 3125/3116/3105 3045/3037/3025
f 3125/3116/3105 3126/3117/3106 3046/3038/3026
f 3126/3117/3106 3127/3118/3107 3047/3039/3027
f 3127/3118/3107 3128/3119/3108 3048/3040/3028
f 3128/3119/3108 3129/3120/3109 3049/3041/3029
f 3129/3120/3109 3130/3121/3110 3050/3042/3030
f 3130/3121/3110 3131/3122/3111 3051/3044/3031
f 3131/3122/3111 3132/3124/3112 3052/3043/3032
f 3133/3123/3113 3053/3045/3033 3052/3043/3032
f 3134/3125/3114 3054/3046/3034 3053/3045/3033
f 3134/3125/3114 3135/3127/3115 3055/3047/3035
f 3136/3126/3116 3056/3048/3036 3055/3047/3035
f 3136/3126/3116 3137/3129/3117 3057/3049/3037
f 3138/3128/3118 3058/3050/3038 3057/3049/3037
f 3138/3128/3118 3139/3130/3119 3059/3051/3039
f 3139/3130/3119 3140/3132/3120 3060/3052/3040
f 3141/3131/3121 3061/3053/3041 3060/3052/3040
f 3141/3131/3121 3142/3133/3122 3062/3054/3042
f 3142/3133/3122 3143/3135/3123 3063/3055/3043
f 3144/3134/3124 3064/3057/3044 3063/3055/3043
f 3145/3136/3125 3065/3056/3045 3064/3057/3044
f 3146/3137/3126 3066/3059/3046 3065/3056/3045
f 3146/3137/3126 3147/3139/3127 3067/3058/3047
f 3148/3138/3128 3068/3061/3048 3067/3058/3047
f 3148/3138/3128 3149/3141/3129 3069/3060/3049
f 3150/3140/3130 3070/3062/3050 3069/3060/3049
f 3150/3140/3130 3151/3142/3131 3071/3064/3051
f 3151/3142/3131 3152/3143/3132 3072/3063/3052
f 3152/3143/3132 3153/3145/3133 3073/3065/3053
f 3154/3144/3134 3074/3066/3054 3073/3065/3053
f 3155/3146/3135 3075/3068/3055 3074/3066/3054
f 3156/3147/3136 3076/3067/3056 3075/3068/3055
f 3156/3147/3136 3157/3149/3137 3077/3069/3057
f 3158/3148/3138 3078/3070/3058 3077/3069/3057
f 3159/3150/3139 3079/3071/3059 3078/3070/3058
f 3160/3151/3140 3080/3072/3060 3079/3071/3059
f 3161/3152/3141 3081/3073/3061 3080/3072/3060
f 3162/3153/3142 3082/3074/3062 3081/3073/3061
f 3163/3154/3143 3083/3075/3063 3082/3074/3062
f 3164/3155/3144 3084/3077/3064 3083/3075/3063
f 3165/3156/3145 3085/3076/3065 3084/3077/3064
f 3166/3157/3146 3086/3078/3066 3085/3076/3065
f 3167/3158/3147 3087/3079/3067 3086/3078/3066
f 3167/3158/3147 3168/3160/3148 3088/3080/3068
f 3169/3159/3149 3089/3081/3069 3088/3080/3068
f 3169/3159/3149 3170/3162/3150 3090/3083/3070
f 3171/3161/3151 3091/3082/3071 3090/3083/3070
f 3171/3161/3151 3172/3164/3152 3092/3084/3072
f 3173/3163/3153 3093/3085/3073 3092/3084/3072
f 3173/3163/3153 3174/3165/3154 3094/3086/3074
f 3174/3165/3154 3175/3167/3155 3095/3088/3075
f 3176/3166/3156 3096/3087/3076 3095/3088/3075
f 3176/3166/3156 3177/3169/3157 3097/3090/3077
f 3178/3168/3158 3098/3089/3078 3097/3090/3077
f 3179/3170/3159 3099/3091/3079 3098/3089/3078
f 3179/3170/3159 3180/3172/3160 3100/3092/3080
f 3181/3171/3161 3101/3093/3081 3100/3092/3080
f 3181/3171/3161 3182/3173/3162 3102/3094/3082
f 3182/3173/3162 3183/3175/3163 3103/3096/3083
f 3184/3174/3164 3104/3095/3084 3103/3096/3083
f 3184/3174/3164 3185/3176/3165 3105/3098/3085
f 3185/3176/3165 3186/3178/3166 3106/3097/3086
f 3187/3177/3167 3107/3099/3087 3106/3097/3086
f 3187/3177/3167 3188/3180/3168 3108/3101/3088
f 3189/3179/3169 3109/3100/3089 3108/3101/3088
f 3189/3179/3169 3190/3181/3170 3110/3102/3090
f 3190/3181/3170 3191/3183/3171 3111/3104/3091
f 3192/3182/3172 3112/3103/3092 3111/3104/3091
f 3193/3184/3173 3113/3105/3093 3112/3103/3092
f 3194/3185/3174 3114/3106/3094 3113/3105/3093
f 3194/3185/3174 3195/3186/3175 3115/3108/3095
f 3195/3186/3175 3196/3188/3176 3116/3107/3096
f 3197/3187/3177 3117/3109/3097 3116/3107/3096
f 3198/3189/3178 3118/3111/3098 3117/3109/3097
f 3199/3190/3179 3119/3110/3099 3118/3111/3098
f 3199/3190/3179 3200/3271/3180 3120/3191/3100
f 3202/3192/3182 3122/3112/3102 3121/3113/3101
f 3202/3192/3182 3203/3194/3183 3123/3114/3103
f 3203/3194/3183 3204/3195/3184 3124/3115/3104
f 3204/3195/3184 3205/3196/3185 3125/3116/3105
f 3205/3196/3185 3206/3197/3186 3126/3117/3106
f 3206/3197/3186 3207/3198/3187 3127/3118/3107
f 3207/3198/3187 3208/3199/3188 3128/3119/3108
f 3208/3199/3188 3209/3200/3189 3129/3120/3109
f 3209/3200/3189 3210/3201/3190 3130/3121/3110
f 3210/3201/3190 3211/3202/3191 3131/3122/3111
f 3211/3202/3191 3212/3204/3192 3132/3124/3112
f 3213/3203/3193 3133/3123/3113 3132/3124/3112
f 3213/3203/3193 3214/3206/3194 3134/3125/3114
f 3215/3205/3195 3135/3127/3115 3134/3125/3114
f 3215/3205/3195 3216/3208/3196 3136/3126/3116
f 3217/3207/3197 3137/3129/3117 3136/3126/3116
f 3218/3209/3198 3138/3128/3118 3137/3129/3117
f 3218/3209/3198 3219/3211/3199 3139/3130/3119
f 3220/3210/3200 3140/3132/3120 3139/3130/3119
f 3220/3210/3200 3221/3213/3201 3141/3131/3121
f 3222/3212/3202 3142/3133/3122 3141/3131/3121
f 3223/3214/3203 3143/3135/3123 3142/3133/3122
f 3223/3214/3203 3224/3215/3204 3144/3134/3124
f 3224/3215/3204 3225/3217/3205 3145/3136/3125
f 3226/3216/3206 3146/3137/3126 3145/3136/3125
f 3227/3218/3207 3147/3139/3127 3146/3137/3126
f 3227/3218/3207 3228/3220/3208 3148/3138/3128
f 3229/3219/3209 3149/3141/3129 3148/3138/3128
f 3229/3219/3209 3230/3222/3210 3150/3140/3130
f 3231/3221/3211 3151/3142/3131 3150/3140/3130
f 3231/3221/3211 3232/3224/3212 3152/3143/3132
f 3233/3223/3213 3153/3145/3133 3152/3143/3132
f 3233/3223/3213 3234/3225/3214 3154/3144/3134
f 3234/3225/3214 3235/3226/3215 3155/3146/3135
f 3235/3226/3215 3236/3228/3216 3156/3147/3136
f 3237/3227/3217 3157/3149/3137 3156/3147/3136
f 3237/3227/3217 3238/3229/3218 3158/3148/3138
f 3238/3229/3218 3239/3231/3219 3159/3150/3139
f 3240/3230/3220 3160/3151/3140 3159/3150/3139
f 3241/3232/3221 3161/3152/3141 3160/3151/3140
f 3242/3233/3222 3162/3153/3142 3161/3152/3141
f 3243/3234/3223 3163/3154/3143 3162/3153/3142
f 3244/3235/3224 3164/3155/3144 3163/3154/3143
f 3245/3236/3225 3165/3156/3145 3164/3155/3144
f 3246/3237/3226 3166/3157/3146 3165/3156/3145
f 3247/3238/3227 3167/3158/3147 3166/3157/3146
f 3248/3239/3228 3168/3160/3148 3167/3158/3147
f 3249/3240/3229 3169/3159/3149 3168/3160/3148
f 3249/3240/3229 3250/3242/3230 3170/3162/3150
f 3251/3241/3231 3171/3161/3151 3170/3162/3150
f 3251/3241/3231 3252/3244/3232 3172/3164/3152
f 3253/3243/3233 3173/3163/3153 3172/3164/3152
f 3253/3243/3233 3254/3245/3234 3174/3165/3154
f 3254/3245/3234 3255/3247/3235 3175/3167/3155
f 3256/3246/3236 3176/3166/3156 3175/3167/3155
f 3256/3246/3236 3257/3248/3237 3177/3169/3157
f 3257/3248/3237 3258/3249/3238 3178/3168/3158
f 3258/3249/3238 3259/3251/3239 3179/3170/3159
f 3260/3250/3240 3180/3172/3160 3179/3170/3159
f 3261/3252/3241 3181/3171/3161 3180/3172/3160
f 3261/3252/3241 3262/3254/3242 3182/3173/3162
f 3263/3253/3243 3183/3175/3163 3182/3173/3162
f 3263/3253/3243 3264/3255/3244 3184/3174/3164
f 3264/3255/3244 3265/3256/3245 3185/3176/3165
f 3265/3256/3245 3266/3257/3246 3186/3178/3166
f 3266/3257/3246 3267/3258/3247 3187/3177/3167
f 3267/3258/3247 3268/3259/3248 3188/3180/3168
f 3268/3259/3248 3269/3261/3249 3189/3179/3169
f 3270/3260/3250 3190/3181/3170 3189/3179/3169
f 3270/3260/3250 3271/3262/3251 3191/3183/3171
f 3271/3262/3251 3272/3263/3252 3192/3182/3172
f 3272/3263/3252 3273/3264/3253 3193/3184/3173
f 3273/3264/3253 3274/3265/3254 3194/3185/3174
f 3274/3265/3254 3275/3267/3255 3195/3186/3175
f 3276/3266/3256 3196/3188/3176 3195/3186/3175
f 3277/3268/3257 3197/3187/3177 3196/3188/3176
f 3278/3269/3258 3198/3189/3178 3197/3187/3177
f 3279/3270/3259 3199/3190/3179 3198/3189/3178
f 3279/3270/3259 3280/3351/3260 3200/3271/3180
f 3281/3272/3261 3282/3273/3262 3202/3192/3182
f 3282/3273/3262 3283/3274/3263 3203/3194/3183
f 3283/3274/3263 3284/3276/3264 3204/3195/3184
f 3285/3275/3265 3205/3196/3185 3204/3195/3184
f 3286/3277/3266 3206/3197/3186 3205/3196/3185
f 3287/3278/3267 3207/3198/3187 3206/3197/3186
f 3288/3279/3268 3208/3199/3188 3207/3198/3187
f 3289/3280/3269 3209/3200/3189 3208/3199/3188
f 3289/3280/3269 3290/3281/3270 3210/3201/3190
f 3290/3281/3270 3291/3283/3271 3211/3202/3191
f 3292/3282/3272 3212/3204/3192 3211/3202/3191
f 3292/3282/3272 3293/3284/3273 3213/3203/3193
f 3293/3284/3273 3294/3285/3274 3214/3206/3194
f 3294/3285/3274 3295/3286/3275 3215/3205/3195
f 3295/3286/3275 3296/3288/3276 3216/3208/3196
f 3297/3287/3277 3217/3207/3197 3216/3208/3196
f 3297/3287/3277 3298/3289/3278 3218/3209/3198
f 3298/3289/3278 3299/3290/3279 3219/3211/3199
f 3299/3290/3279 3300/3292/3280 3220/3210/3200
f 3301/3291/3281 3221/3213/3201 3220/3210/3200
f 3301/3291/3281 3302/3294/3282 3222/3212/3202
f 3303/3293/3283 3223/3214/3203 3222/3212/3202
f 3304/3295/3284 3224/3215/3204 3223/3214/3203
f 3305/3296/3285 3225/3217/3205 3224/3215/3204
f 3305/3296/3285 3306/3298/3286 3226/3216/3206
f 3307/3297/3287 3227/3218/3207 3226/3216/3206
f 3308/3299/3288 3228/3220/3208 3227/3218/3207
f 3308/3299/3288 3309/3300/3289 3229/3219/3209
f 3309/3300/3289 3310/3301/3290 3230/3222/3210
f 3310/3301/3290 3311/3302/3291 3231/3221/3211
f 3311/3302/3291 3312/3303/3292 3232/3224/3212
f 3312/3303/3292 3313/3304/3293 3233/3223/3213
f 3313/3304/3293 3314/3305/3294 3234/3225/3214
f 3314/3305/3294 3315/3307/3295 3235/3226/3215
f 3316/3306/3296 3236/3228/3216 3235/3226/3215
f 3316/3306/3296 3317/3309/3297 3237/3227/3217
f 3318/3308/3298 3238/3229/3218 3237/3227/3217
f 3318/3308/3298 3319/3311/3299 3239/3231/3219
f 3320/3310/3300 3240/3230/3220 3239/3231/3219
f 3320/3310/3300 3321/3313/3301 3241/3232/3221
f 3322/3312/3302 3242/3233/3222 3241/3232/3221
f 3323/3314/3303 3243/3234/3223 3242/3233/3222
f 3324/3315/3304 3244/3235/3224 3243/3234/3223
f 3325/3316/3305 3245/3236/3225 3244/3235/3224
f 3326/3317/3306 3246/3237/3226 3245/3236/3225
f 3327/3318/3307 3247/3238/3227 3246/3237/3226
f 3328/3319/3308 3248/3239/3228 3247/3238/3227
f 3329/3320/3309 3249/3240/3229 3248/3239/3228
f 3330/3321/3310 3250/3242/3230 3249/3240/3229
f 3331/3322/3311 3251/3241/3231 3250/3242/3230
f 3332/3323/3312 3252/3244/3232 3251/3241/3231
f 3333/3324/3313 3253/3243/3233 3252/3244/3232
f 3333/3324/3313 3334/3325/3314 3254/3245/3234
f 3334/3325/3314 3335/3327/3315 3255/3247/3235
f 3336/3326/3316 3256/3246/3236 3255/3247/3235
f 3337/3328/3317 3257/3248/3237 3256/3246/3236
f 3337/3328/3317 3338/3329/3318 3258/3249/3238
f 3338/3329/3318 3339/3331/3319 3259/3251/3239
f 3340/3330/3320 3260/3250/3240 3259/3251/3239
f 3340/3330/3320 3341/3332/3321 3261/3252/3241
f 3341/3332/3321 3342/3334/3322 3262/3254/3242
f 3343/3333/3323 3263/3253/3243 3262/3254/3242
f 3343/3333/3323 3344/3336/3324 3264/3255/3244
f 3345/3335/3325 3265/3256/3245 3264/3255/3244
f 3346/3337/3326 3266/3257/3246 3265/3256/3245
f 3346/3337/3326 3347/3338/3327 3267/3258/3247
f 3347/3338/3327 3348/3339/3328 3268/3259/3248
f 3348/3339/3328 3349/3340/3329 3269/3261/3249
f 3349/3340/3329 3350/3341/3330 3270/3260/3250
f 3350/3341/3330 3351/3342/3331 3271/3262/3251
f 3351/3342/3331 3352/3343/3332 3272/3263/3252
f 3352/3343/3332 3353/3344/3333 3273/3264/3253
f 3353/3344/3333 3354/3346/3334 3274/3265/3254
f 3355/3345/3335 3275/3267/3255 3274/3265/3254
f 3356/3347/3336 3276/3266/3256 3275/3267/3255
f 3357/3348/3337 3277/3268/3257 3276/3266/3256
f 3358/3349/3338 3278/3269/3258 3277/3268/3257
f 3359/3350/3339 3279/3270/3259 3278/3269/3258
f 3359/3350/3339 3360/3431/3340 3280/3351/3260
f 3361/3352/3341 3362/3353/3342 3282/3273/3262
f 3362/3353/3342 3363/3354/3343 3283/3274/3263
f 3363/3354/3343 3364/3355/3344 3284/3276/3264
f 3364/3355/3344 3365/3356/3345 3285/3275/3265
f 3365/3356/3345 3366/3358/3346 3286/3277/3266
f 3367/3357/3347 3287/3278/3267 3286/3277/3266
f 3368/3359/3348 3288/3279/3268 3287/3278/3267
f 3369/3360/3349 3289/3280/3269 3288/3279/3268
f 3370/3361/3350 3290/3281/3270 3289/3280/3269
f 3371/3362/3351 3291/3283/3271 3290/3281/3270
f 3372/3363/3352 3292/3282/3272 3291/3283/3271
f 3372/3363/3352 3373/3365/3353 3293/3284/3273
f 3374/3364/3354 3294/3285/3274 3293/3284/3273
f 3375/3366/3355 3295/3286/3275 3294/3285/3274
f 3375/3366/3355 3376/3368/3356 3296/3288/3276
f 3377/3367/3357 3297/3287/3277 3296/3288/3276
f 3377/3367/3357 3378/3370/3358 3298/3289/3278
f 3379/3369/3359 3299/3290/3279 3298/3289/3278
f 3380/3371/3360 3300/3292/3280 3299/3290/3279
f 3380/3371/3360 3381/3372/3361 3301/3291/3281
f 3381/3372/3361 3382/3374/3362 3302/3294/3282
f 3383/3373/3363 3303/3293/3283 3302/3294/3282
f 3383/3373/3363 3384/3375/3364 3304/3295/3284
f 3384/3375/3364 3385/3376/3365 3305/3296/3285
f 3385/3376/3365 3386/3377/3366 3306/3298/3286
f 3386/3377/3366 3387/3379/3367 3307/3297/3287
f 3388/3378/3368 3308/3299/3288 3307/3297/3287
f 3389/3380/3369 3309/3300/3289 3308/3299/3288
f 3389/3380/3369 3390/3381/3370 3310/3301/3290
f 3390/3381/3370 3391/3383/3371 3311/3302/3291
f 3392/3382/3372 3312/3303/3292 3311/3302/3291
f 3393/3384/3373 3313/3304/3293 3312/3303/3292
f 3393/3384/3373 3394/3386/3374 3314/3305/3294
f 3395/3385/3375 3315/3307/3295 3314/3305/3294
f 3395/3385/3375 3396/3388/3376 3316/3306/3296
f 3397/3387/3377 3317/3309/3297 3316/3306/3296
f 3398/3389/3378 3318/3308/3298 3317/3309/3297
f 3399/3390/3379 3319/3311/3299 3318/3308/3298
f 3399/3390/3379 3400/3391/3380 3320/3310/3300
f 3400/3391/3380 3401/3392/3381 3321/3313/3301
f 3401/3392/3381 3402/3394/3382 3322/3312/3302
f 3403/3393/3383 3323/3314/3303 3322/3312/3302
f 3404/3395/3384 3324/3315/3304 3323/3314/3303
f 3405/3396/3385 3325/3316/3305 3324/3315/3304
f 3405/3396/3385 3406/3398/3386 3326/3317/3306
f 3407/3397/3387 3327/3318/3307 3326/3317/3306
f 3407/3397/3387 3408/3400/3388 3328/3319/3308
f 3409/3399/3389 3329/3320/3309 3328/3319/3308
f 3410/3401/3390 3330/3321/3310 3329/3320/3309
f 3411/3402/3391 3331/3322/3311 3330/3321/3310
f 3412/3403/3392 3332/3323/3312 3331/3322/3311
f 3413/3404/3393 3333/3324/3313 3332/3323/3312
f 3414/3405/3394 3334/3325/3314 3333/3324/3313
f 3415/3406/3395 3335/3327/3315 3334/3325/3314
f 3416/3407/3396 3336/3326/3316 3335/3327/3315
f 3417/3408/3397 3337/3328/3317 3336/3326/3316
f 3417/3408/3397 3418/3409/3398 3338/3329/3318
f 3418/3409/3398 3419/3411/3399 3339/3331/3319
f 3420/3410/3400 3340/3330/3320 3339/3331/3319
f 3420/3410/3400 3421/3412/3401 3341/3332/3321
f 3421/3412/3401 3422/3414/3402 3342/3334/3322
f 3423/3413/3403 3343/3333/3323 3342/3334/3322
f 3423/3413/3403 3424/3416/3404 3344/3336/3324
f 3425/3415/3405 3345/3335/3325 3344/3336/3324
f 3426/3417/3406 3346/3337/3326 3345/3335/3325
f 3426/3417/3406 3427/3418/3407 3347/3338/3327
f 3427/3418/3407 3428/3419/3408 3348/3339/3328
f 3428/3419/3408 3429/3420/3409 3349/3340/3329
f 3429/3420/3409 3430/3421/3410 3350/3341/3330
f 3430/3421/3410 3431/3422/3411 3351/3342/3331
f 3431/3422/3411 3432/3424/3412 3352/3343/3332
f 3433/3423/3413 3353/3344/3333 3352/3343/3332
f 3434/3425/3414 3354/3346/3334 3353/3344/3333
f 3435/3426/3415 3355/3345/3335 3354/3346/3334
f 3436/3427/3416 3356/3347/3336 3355/3345/3335
f 3437/3428/3417 3357/3348/3337 3356/3347/3336
f 3438/3429/3418 3358/3349/3338 3357/3348/3337
f 3439/3430/3419 3359/3350/3339 3358/3349/3338
f 3439/3430/3419 3440/5118/3420 3360/3431/3340
f 3441/3432/3421 3442/3433/3422 3362/3353/3342
f 3442/3433/3422 3443/3434/3423 3363/3354/3343
f 3443/3434/3423 3444/3435/3424 3364/3355/3344
f 3444/3435/3424 3445/3436/3425 3365/3356/3345
f 3445/3436/3425 3446/3437/3426 3366/3358/3346
f 3446/3437/3426 3447/3438/3427 3367/3357/3347
f 3447/3438/3427 3448/3439/3428 3368/3359/3348
f 3448/3439/3428 3449/3441/3429 3369/3360/3349
f 3450/3440/3430 3370/3361/3350 3369/3360/3349
f 3450/3440/3430 3451/3443/3431 3371/3362/3351
f 3452/3442/3432 3372/3363/3352 3371/3362/3351
f 3453/3444/3433 3373/3365/3353 3372/3363/3352
f 3454/3445/3434 3374/3364/3354 3373/3365/3353
f 3455/3446/3435 3375/3366/3355 3374/3364/3354
f 3456/3447/3436 3376/3368/3356 3375/3366/3355
f 3456/3447/3436 3457/3449/3437 3377/3367/3357
f 3458/3448/3438 3378/3370/3358 3377/3367/3357
f 3459/3450/3439 3379/3369/3359 3378/3370/3358
f 3459/3450/3439 3460/3452/3440 3380/3371/3360
f 3461/3451/3441 3381/3372/3361 3380/3371/3360
f 3461/3451/3441 3462/3454/3442 3382/3374/3362
f 3463/3453/3443 3383/3373/3363 3382/3374/3362
f 3464/3455/3444 3384/3375/3364 3383/3373/3363
f 3465/3456/3445 3385/3376/3365 3384/3375/3364
f 3465/3456/3445 3466/3458/3446 3386/3377/3366
f 3467/3457/3447 3387/3379/3367 3386/3377/3366
f 3467/3457/3447 3468/3460/3448 3388/3378/3368
f 3469/3459/3449 3389/3380/3369 3388/3378/3368
f 3470/3461/3450 3390/3381/3370 3389/3380/3369
f 3471/3462/3451 3391/3383/3371 3390/3381/3370
f 3471/3462/3451 3472/3464/3452 3392/3382/3372
f 3473/3463/3453 3393/3384/3373 3392/3382/3372
f 3473/3463/3453 3474/3466/3454 3394/3386/3374
f 3475/3465/3455 3395/3385/3375 3394/3386/3374
f 3475/3465/3455 3476/3468/3456 3396/3388/3376
f 3477/3467/3457 3397/3387/3377 3396/3388/3376
f 3478/3469/3458 3398/3389/3378 3397/3387/3377
f 3479/3470/3459 3399/3390/3379 3398/3389/3378
f 3479/3470/3459 3480/3471/3460 3400/3391/3380
f 3480/3471/3460 3481/3473/3461 3401/3392/3381
f 3482/3472/3462 3402/3394/3382 3401/3392/3381
f 3482/3472/3462 3483/3475/3463 3403/3393/3383
f 3484/3474/3464 3404/3395/3384 3403/3393/3383
f 3484/3474/3464 3485/3476/3465 3405/3396/3385
f 3485/3476/3465 3486/3478/3466 3406/3398/3386
f 3487/3477/3467 3407/3397/3387 3406/3398/3386
f 3488/3479/3468 3408/3400/3388 3407/3397/3387
f 3488/3479/3468 3489/3480/3469 3409/3399/3389
f 3489/3480/3469 3490/3482/3470 3410/3401/3390
f 3491/3481/3471 3411/3402/3391 3410/3401/3390
f 3492/3483/3472 3412/3403/3392 3411/3402/3391
f 3493/3484/3473 3413/3404/3393 3412/3403/3392
f 3494/3485/3474 3414/3405/3394 3413/3404/3393
f 3495/3486/3475 3415/3406/3395 3414/3405/3394
f 3495/3486/3475 3496/3488/3476 3416/3407/3396
f 3497/3487/3477 3417/3408/3397 3416/3407/3396
f 3497/3487/3477 3498/3489/3478 3418/3409/3398
f 3498/3489/3478 3499/3490/3479 3419/3411/3399
f 3499/3490/3479 3500/3491/3480 3420/3410/3400
f 3500/3491/3480 3501/3492/3481 3421/3412/3401
f 3501/3492/3481 3502/3493/3482 3422/3414/3402
f 3502/3493/3482 3503/3494/3483 3423/3413/3403
f 3503/3494/3483 3504/3496/3484 3424/3416/3404
f 3505/3495/3485 3425/3415/3405 3424/3416/3404
f 3506/3497/3486 3426/3417/3406 3425/3415/3405
f 3507/3498/3487 3427/3418/3407 3426/3417/3406
f 3507/3498/3487 3508/3499/3488 3428/3419/3408
f 3508/3499/3488 3509/3500/3489 3429/3420/3409
f 3509/3500/3489 3510/3501/3490 3430/3421/3410
f 3510/3501/3490 3511/3502/3491 3431/3422/3411
f 3511/3502/3491 3512/3504/3492 3432/3424/3412
f 3513/3503/3493 3433/3423/3413 3432/3424/3412
f 3514/3505/3494 3434/3425/3414 3433/3423/3413
f 3515/3506/3495 3435/3426/3415 3434/3425/3414
f 3516/3507/3496 3436/3427/3416 3435/3426/3415
f 3517/3508/3497 3437/3428/3417 3436/3427/3416
f 3517/3508/3497 3518/3509/3498 3438/3429/3418
f 3518/3509/3498 3519/3511/3499 3439/3430/3419
f 3520/3510/3500 3440/5118/3420 3439/3430/3419
f 3522/3512/3502 3442/3433/3422 3441/3432/3421
f 3522/3512/3502 3523/3514/3503 3443/3434/3423
f 3523/3514/3503 3524/3515/3504 3444/3435/3424
f 3524/3515/3504 3525/3516/3505 3445/3436/3425
f 3525/3516/3505 3526/3517/3506 3446/3437/3426
f 3526/3517/3506 3527/3518/3507 3447/3438/3427
f 3527/3518/3507 3528/3520/3508 3448/3439/3428
f 3529/3519/3509 3449/3441/3429 3448/3439/3428
f 3530/3521/3510 3450/3440/3430 3449/3441/3429
f 3530/3521/3510 3531/3523/3511 3451/3443/3431
f 3532/3522/3512 3452/3442/3432 3451/3443/3431
f 3533/3524/3513 3453/3444/3433 3452/3442/3432
f 3534/3525/3514 3454/3445/3434 3453/3444/3433
f 3535/3526/3515 3455/3446/3435 3454/3445/3434
f 3536/3527/3516 3456/3447/3436 3455/3446/3435
f 3537/3528/3517 3457/3449/3437 3456/3447/3436
f 3537/3528/3517 3538/3530/3518 3458/3448/3438
f 3539/3529/3519 3459/3450/3439 3458/3448/3438
f 3539/3529/3519 3540/3532/3520 3460/3452/3440
f 3541/3531/3521 3461/3451/3441 3460/3452/3440
f 3542/3533/3522 3462/3454/3442 3461/3451/3441
f 3543/3534/3523 3463/3453/3443 3462/3454/3442
f 3543/3534/3523 3544/3535/3524 3464/3455/3444
f 3544/3535/3524 3545/3537/3525 3465/3456/3445
f 3546/3536/3526 3466/3458/3446 3465/3456/3445
f 3547/3538/3527 3467/3457/3447 3466/3458/3446
f 3548/3539/3528 3468/3460/3448 3467/3457/3447
f 3548/3539/3528 3549/3541/3529 3469/3459/3449
f 3550/3540/3530 3470/3461/3450 3469/3459/3449
f 3551/3542/3531 3471/3462/3451 3470/3461/3450
f 3551/3542/3531 3552/3544/3532 3472/3464/3452
f 3553/3543/3533 3473/3463/3453 3472/3464/3452
f 3553/3543/3533 3554/3545/3534 3474/3466/3454
f 3554/3545/3534 3555/3547/3535 3475/3465/3455
f 3556/3546/3536 3476/3468/3456 3475/3465/3455
f 3556/3546/3536 3557/3549/3537 3477/3467/3457
f 3558/3548/3538 3478/3469/3458 3477/3467/3457
f 3559/3550/3539 3479/3470/3459 3478/3469/3458
f 3559/3550/3539 3560/3551/3540 3480/3471/3460
f 3560/3551/3540 3561/3552/3541 3481/3473/3461
f 3561/3552/3541 3562/3554/3542 3482/3472/3462
f 3563/3553/3543 3483/3475/3463 3482/3472/3462
f 3563/3553/3543 3564/3555/3544 3484/3474/3464
f 3564/3555/3544 3565/3557/3545 3485/3476/3465
f 3566/3556/3546 3486/3478/3466 3485/3476/3465
f 3566/3556/3546 3567/3558/3547 3487/3477/3467
f 3567/3558/3547 3568/3560/3548 3488/3479/3468
f 3569/3559/3549 3489/3480/3469 3488/3479/3468
f 3569/3559/3549 3570/3561/3550 3490/3482/3470
f 3570/3561/3550 3571/3562/3551 3491/3481/3471
f 3571/3562/3551 3572/3563/3552 3492/3483/3472
f 3572/3563/3552 3573/3565/3553 3493/3484/3473
f 3574/3564/3554 3494/3485/3474 3493/3484/3473
f 3575/3566/3555 3495/3486/3475 3494/3485/3474
f 3576/3567/3556 3496/3488/3476 3495/3486/3475
f 3577/3568/3557 3497/3487/3477 3496/3488/3476
f 3577/3568/3557 3578/3569/3558 3498/3489/3478
f 3578/3569/3558 3579/3570/3559 3499/3490/3479
f 3579/3570/3559 3580/3571/3560 3500/3491/3480
f 3580/3571/3560 3581/3573/3561 3501/3492/3481
f 3582/3572/3562 3502/3493/3482 3501/3492/3481
f 3583/3574/3563 3503/3494/3483 3502/3493/3482
f 3583/3574/3563 3584/3576/3564 3504/3496/3484
f 3585/3575/3565 3505/3495/3485 3504/3496/3484
f 3586/3577/3566 3506/3497/3486 3505/3495/3485
f 3587/3578/3567 3507/3498/3487 3506/3497/3486
f 3587/3578/3567 3588/3579/3568 3508/3499/3488
f 3588/3579/3568 3589/3580/3569 3509/3500/3489
f 3589/3580/3569 3590/3581/3570 3510/3501/3490
f 3590/3581/3570 3591/3583/3571 3511/3502/3491
f 3592/3582/3572 3512/3504/3492 3511/3502/3491
f 3593/3584/3573 3513/3503/3493 3512/3504/3492
f 3594/3585/3574 3514/3505/3494 3513/3503/3493
f 3595/3586/3575 3515/3506/3495 3514/3505/3494
f 3596/3587/3576 3516/3507/3496 3515/3506/3495
f 3597/3588/3577 3517/3508/3497 3516/3507/3496
f 3597/3588/3577 3598/3589/3578 3518/3509/3498
f 3598/3589/3578 3599/3591/3579 3519/3511/3499
f 3600/3590/3580 3520/3510/3500 3519/3511/3499
f 3601/3592/3581 3602/3593/3582 3522/3512/3502
f 3602/3593/3582 3603/3594/3583 3523/3514/3503
f 3603/3594/3583 3604/3595/3584 3524/3515/3504
f 3604/3595/3584 3605/3596/3585 3525/3516/3505
f 3605/3596/3585 3606/3597/3586 3526/3517/3506
f 3606/3597/3586 3607/3598/3587 3527/3518/3507
f 3607/3598/3587 3608/3599/3588 3528/3520/3508
f 3608/3599/3588 3609/3601/3589 3529/3519/3509
f 3610/3600/3590 3530/3521/3510 3529/3519/3509
f 3611/3602/3591 3531/3523/3511 3530/3521/3510
f 3612/3603/3592 3532/3522/3512 3531/3523/3511
f 3613/3604/3593 3533/3524/3513 3532/3522/3512
f 3614/3605/3594 3534/3525/3514 3533/3524/3513
f 3615/3606/3595 3535/3526/3515 3534/3525/3514
f 3615/3606/3595 3616/3607/3596 3536/3527/3516
f 3616/3607/3596 3617/3608/3597 3537/3528/3517
f 3617/3608/3597 3618/3610/3598 3538/3530/3518
f 3619/3609/3599 3539/3529/3519 3538/3530/3518
f 3620/3611/3600 3540/3532/3520 3539/3529/3519
f 3620/3611/3600 3621/3613/3601 3541/3531/3521
f 3622/3612/3602 3542/3533/3522 3541/3531/3521
f 3622/3612/3602 3623/3615/3603 3543/3534/3523
f 3624/3614/3604 3544/3535/3524 3543/3534/3523
f 3625/3616/3605 3545/3537/3525 3544/3535/3524
f 3625/3616/3605 3626/3618/3606 3546/3536/3526
f 3627/3617/3607 3547/3538/3527 3546/3536/3526
f 3627/3617/3607 3628/3619/3608 3548/3539/3528
f 3628/3619/3608 3629/3621/3609 3549/3541/3529
f 3630/3620/3610 3550/3540/3530 3549/3541/3529
f 3631/3622/3611 3551/3542/3531 3550/3540/3530
f 3632/3623/3612 3552/3544/3532 3551/3542/3531
f 3632/3623/3612 3633/3625/3613 3553/3543/3533
f 3634/3624/3614 3554/3545/3534 3553/3543/3533
f 3634/3624/3614 3635/3626/3615 3555/3547/3535
f 3635/3626/3615 3636/3628/3616 3556/3546/3536
f 3637/3627/3617 3557/3549/3537 3556/3546/3536
f 3637/3627/3617 3638/3630/3618 3558/3548/3538
f 3639/3629/3619 3559/3550/3539 3558/3548/3538
f 3639/3629/3619 3640/3632/3620 3560/3551/3540
f 3641/3631/3621 3561/3552/3541 3560/3551/3540
f 3642/3633/3622 3562/3554/3542 3561/3552/3541
f 3642/3633/3622 3643/3634/3623 3563/3553/3543
f 3643/3634/3623 3644/3636/3624 3564/3555/3544
f 3645/3635/3625 3565/3557/3545 3564/3555/3544
f 3646/3637/3626 3566/3556/3546 3565/3557/3545
f 3646/3637/3626 3647/3639/3627 3567/3558/3547
f 3648/3638/3628 3568/3560/3548 3567/3558/3547
f 3649/3640/3629 3569/3559/3549 3568/3560/3548
f 3649/3640/3629 3650/3641/3630 3570/3561/3550
f 3650/3641/3630 3651/3643/3631 3571/3562/3551
f 3652/3642/3632 3572/3563/3552 3571/3562/3551
f 3653/3644/3633 3573/3565/3553 3572/3563/3552
f 3654/3645/3634 3574/3564/3554 3573/3565/3553
f 3655/3646/3635 3575/3566/3555 3574/3564/3554
f 3656/3647/3636 3576/3567/3556 3575/3566/3555
f 3657/3648/3637 3577/3568/3557 3576/3567/3556
f 3657/3648/3637 3658/3650/3638 3578/3569/3558
f 3659/3649/3639 3579/3570/3559 3578/3569/3558
f 3659/3649/3639 3660/3652/3640 3580/3571/3560
f 3661/3651/3641 3581/3573/3561 3580/3571/3560
f 3661/3651/3641 3662/3654/3642 3582/3572/3562
f 3663/3653/3643 3583/3574/3563 3582/3572/3562
f 3664/3655/3644 3584/3576/3564 3583/3574/3563
f 3664/3655/3644 3665/3656/3645 3585/3575/3565
f 3665/3656/3645 3666/3658/3646 3586/3577/3566
f 3667/3657/3647 3587/3578/3567 3586/3577/3566
f 3668/3659/3648 3588/3579/3568 3587/3578/3567
f 3668/3659/3648 3669/3660/3649 3589/3580/3569
f 3669/3660/3649 3670/3661/3650 3590/3581/3570
f 3670/3661/3650 3671/3662/3651 3591/3583/3571
f 3671/3662/3651 3672/3664/3652 3592/3582/3572
f 3673/3663/3653 3593/3584/3573 3592/3582/3572
f 3674/3665/3654 3594/3585/3574 3593/3584/3573
f 3675/3666/3655 3595/3586/3575 3594/3585/3574
f 3676/3667/3656 3596/3587/3576 3595/3586/3575
f 3677/3668/3657 3597/3588/3577 3596/3587/3576
f 3677/3668/3657 3678/3669/3658 3598/3589/3578
f 3678/3669/3658 3679/3670/3659 3599/3591/3579
f 3679/3670/3659 3680/3750/3660 3600/3590/3580
f 3681/3671/3661 3682/3672/3662 3602/3593/3582
f 3682/3672/3662 3683/3673/3663 3603/3594/3583
f 3683/3673/3663 3684/3674/3664 3604/3595/3584
f 3684/3674/3664 3685/3675/3665 3605/3596/3585
f 3685/3675/3665 3686/3676/3666 3606/3597/3586
f 3686/3676/3666 3687/3677/3667 3607/3598/3587
f 3687/3677/3667 3688/3678/3668 3608/3599/3588
f 3688/3678/3668 3689/3679/3669 3609/3601/3589
f 3689/3679/3669 3690/3680/3670 3610/3600/3590
f 3690/3680/3670 3691/3681/3671 3611/3602/3591
f 3691/3681/3671 3692/3683/3672 3612/3603/3592
f 3693/3682/3673 3613/3604/3593 3612/3603/3592
f 3694/3684/3674 3614/3605/3594 3613/3604/3593
f 3695/3685/3675 3615/3606/3595 3614/3605/3594
f 3695/3685/3675 3696/3686/3676 3616/3607/3596
f 3696/3686/3676 3697/3688/3677 3617/3608/3597
f 3698/3687/3678 3618/3610/3598 3617/3608/3597
f 3698/3687/3678 3699/3689/3679 3619/3609/3599
f 3699/3689/3679 3700/3690/3680 3620/3611/3600
f 3700/3690/3680 3701/3692/3681 3621/3613/3601
f 3702/3691/3682 3622/3612/3602 3621/3613/3601
f 3703/3693/3683 3623/3615/3603 3622/3612/3602
f 3703/3693/3683 3704/3695/3684 3624/3614/3604
f 3705/3694/3685 3625/3616/3605 3624/3614/3604
f 3705/3694/3685 3706/3696/3686 3626/3618/3606
f 3706/3696/3686 3707/3698/3687 3627/3617/3607
f 3708/3697/3688 3628/3619/3608 3627/3617/3607
f 3708/3697/3688 3709/3700/3689 3629/3621/3609
f 3710/3699/3690 3630/3620/3610 3629/3621/3609
f 3710/3699/3690 3711/3702/3691 3631/3622/3611
f 3712/3701/3692 3632/3623/3612 3631/3622/3611
f 3712/3701/3692 3713/3703/3693 3633/3625/3613
f 3713/3703/3693 3714/3704/3694 3634/3624/3614
f 3714/3704/3694 3715/3706/3695 3635/3626/3615
f 3716/3705/3696 3636/3628/3616 3635/3626/3615
f 3716/3705/3696 3717/3708/3697 3637/3627/3617
f 3718/3707/3698 3638/3630/3618 3637/3627/3617
f 3718/3707/3698 3719/3710/3699 3639/3629/3619
f 3720/3709/3700 3640/3632/3620 3639/3629/3619
f 3720/3709/3700 3721/3712/3701 3641/3631/3621
f 3722/3711/3702 3642/3633/3622 3641/3631/3621
f 3723/3713/3703 3643/3634/3623 3642/3633/3622
f 3724/3714/3704 3644/3636/3624 3643/3634/3623
f 3724/3714/3704 3725/3716/3705 3645/3635/3625
f 3726/3715/3706 3646/3637/3626 3645/3635/3625
f 3726/3715/3706 3727/3717/3707 3647/3639/3627
f 3727/3717/3707 3728/3719/3708 3648/3638/3628
f 3729/3718/3709 3649/3640/3629 3648/3638/3628
f 3730/3720/3710 3650/3641/3630 3649/3640/3629
f 3731/3721/3711 3651/3643/3631 3650/3641/3630
f 3731/3721/3711 3732/3722/3712 3652/3642/3632
f 3732/3722/3712 3733/3723/3713 3653/3644/3633
f 3733/3723/3713 3734/3724/3714 3654/3645/3634
f 3734/3724/3714 3735/3725/3715 3655/3646/3635
f 3735/3725/3715 3736/3727/3716 3656/3647/3636
f 3737/3726/3717 3657/3648/3637 3656/3647/3636
f 3738/3728/3718 3658/3650/3638 3657/3648/3637
f 3739/3729/3719 3659/3649/3639 3658/3650/3638
f 3739/3729/3719 3740/3730/3720 3660/3652/3640
f 3740/3730/3720 3741/3732/3721 3661/3651/3641
f 3742/3731/3722 3662/3654/3642 3661/3651/3641
f 3742/3731/3722 3743/3734/3723 3663/3653/3643
f 3744/3733/3724 3664/3655/3644 3663/3653/3643
f 3745/3735/3725 3665/3656/3645 3664/3655/3644
f 3745/3735/3725 3746/3737/3726 3666/3658/3646
f 3747/3736/3727 3667/3657/3647 3666/3658/3646
f 3748/3738/3728 3668/3659/3648 3667/3657/3647
f 3748/3738/3728 3749/3739/3729 3669/3660/3649
f 3749/3739/3729 3750/3741/3730 3670/3661/3650
f 3751/3740/3731 3671/3662/3651 3670/3661/3650
f 3752/3742/3732 3672/3664/3652 3671/3662/3651
f 3753/3743/3733 3673/3663/3653 3672/3664/3652
f 3753/3743/3733 3754/3745/3734 3674/3665/3654
f 3755/3744/3735 3675/3666/3655 3674/3665/3654
f 3756/3746/3736 3676/3667/3656 3675/3666/3655
f 3757/3747/3737 3677/3668/3657 3676/3667/3656
f 3757/3747/3737 3758/3748/3738 3678/3669/3658
f 3758/3748/3738 3759/3749/3739 3679/3670/3659
f 3759/3749/3739 3760/3830/3740 3680/3750/3660
f 3761/3751/3741 3762/3752/3742 3682/3672/3662
f 3762/3752/3742 3763/3753/3743 3683/3673/3663
f 3763/3753/3743 3764/3754/3744 3684/3674/3664
f 3764/3754/3744 3765/3755/3745 3685/3675/3665
f 3765/3755/3745 3766/3756/3746 3686/3676/3666
f 3766/3756/3746 3767/3757/3747 3687/3677/3667
f 3767/3757/3747 3768/3758/3748 3688/3678/3668
f 3768/3758/3748 3769/3759/3749 3689/3679/3669
f 3769/3759/3749 3770/3760/3750 3690/3680/3670
f 3770/3760/3750 3771/3761/3751 3691/3681/3671
f 3771/3761/3751 3772/3763/3752 3692/3683/3672
f 3773/3762/3753 3693/3682/3673 3692/3683/3672
f 3774/3764/3754 3694/3684/3674 3693/3682/3673
f 3774/3764/3754 3775/3765/3755 3695/3685/3675
f 3775/3765/3755 3776/3767/3756 3696/3686/3676
f 3777/3766/3757 3697/3688/3677 3696/3686/3676
f 3778/3768/3758 3698/3687/3678 3697/3688/3677
f 3778/3768/3758 3779/3769/3759 3699/3689/3679
f 3779/3769/3759 3780/3771/3760 3700/3690/3680
f 3781/3770/3761 3701/3692/3681 3700/3690/3680
f 3781/3770/3761 3782/3773/3762 3702/3691/3682
f 3783/3772/3763 3703/3693/3683 3702/3691/3682
f 3784/3774/3764 3704/3695/3684 3703/3693/3683
f 3785/3775/3765 3705/3694/3685 3704/3695/3684
f 3785/3775/3765 3786/3777/3766 3706/3696/3686
f 3787/3776/3767 3707/3698/3687 3706/3696/3686
f 3787/3776/3767 3788/3778/3768 3708/3697/3688
f 3788/3778/3768 3789/3780/3769 3709/3700/3689
f 3790/3779/3770 3710/3699/3690 3709/3700/3689
f 3790/3779/3770 3791/3782/3771 3711/3702/3691
f 3792/3781/3772 3712/3701/3692 3711/3702/3691
f 3792/3781/3772 3793/3784/3773 3713/3703/3693
f 3794/3783/3774 3714/3704/3694 3713/3703/3693
f 3795/3785/3775 3715/3706/3695 3714/3704/3694
f 3795/3785/3775 3796/3787/3776 3716/3705/3696
f 3797/3786/3777 3717/3708/3697 3716/3705/3696
f 3797/3786/3777 3798/3789/3778 3718/3707/3698
f 3799/3788/3779 3719/3710/3699 3718/3707/3698
f 3799/3788/3779 3800/3791/3780 3720/3709/3700
f 3801/3790/3781 3721/3712/3701 3720/3709/3700
f 3801/3790/3781 3802/3792/3782 3722/3711/3702
f 3802/3792/3782 3803/3794/3783 3723/3713/3703
f 3804/3793/3784 3724/3714/3704 3723/3713/3703
f 3804/3793/3784 3805/3796/3785 3725/3716/3705
f 3806/3795/3786 3726/3715/3706 3725/3716/3705
f 3807/3797/3787 3727/3717/3707 3726/3715/3706
f 3807/3797/3787 3808/3798/3788 3728/3719/3708
f 3808/3798/3788 3809/3800/3789 3729/3718/3709
f 3810/3799/3790 3730/3720/3710 3729/3718/3709
f 3810/3799/3790 3811/3802/3791 3731/3721/3711
f 3812/3801/3792 3732/3722/3712 3731/3721/3711
f 3813/3803/3793 3733/3723/3713 3732/3722/3712
f 3813/3803/3793 3814/3804/3794 3734/3724/3714
f 3814/3804/3794 3815/3806/3795 3735/3725/3715
f 3816/3805/3796 3736/3727/3716 3735/3725/3715
f 3817/3807/3797 3737/3726/3717 3736/3727/3716
f 3818/3808/3798 3738/3728/3718 3737/3726/3717
f 3818/3808/3798 3819/3809/3799 3739/3729/3719
f 3819/3809/3799 3820/3811/3800 3740/3730/3720
f 3821/3810/3801 3741/3732/3721 3740/3730/3720
f 3821/3810/3801 3822/3813/3802 3742/3731/3722
f 3823/3812/3803 3743/3734/3723 3742/3731/3722
f 3824/3814/3804 3744/3733/3724 3743/3734/3723
f 3825/3815/3805 3745/3735/3725 3744/3733/3724
f 3825/3815/3805 3826/3817/3806 3746/3737/3726
f 3827/3816/3807 3747/3736/3727 3746/3737/3726
f 3828/3818/3808 3748/3738/3728 3747/3736/3727
f 3828/3818/3808 3829/3819/3809 3749/3739/3729
f 3829/3819/3809 3830/3820/3810 3750/3741/3730
f 3830/3820/3810 3831/3822/3811 3751/3740/3731
f 3832/3821/3812 3752/3742/3732 3751/3740/3731
f 3833/3823/3813 3753/3743/3733 3752/3742/3732
f 3834/3824/3814 3754/3745/3734 3753/3743/3733
f 3835/3825/3815 3755/3744/3735 3754/3745/3734
f 3836/3826/3816 3756/3746/3736 3755/3744/3735
f 3837/3827/3817 3757/3747/3737 3756/3746/3736
f 3838/3828/3818 3758/3748/3738 3757/3747/3737
f 3838/3828/3818 3839/3829/3819 3759/3749/3739
f 3839/3829/3819 3840/3910/3820 3760/3830/3740
f 3841/3831/3821 3842/3832/3822 3762/3752/3742
f 3842/3832/3822 3843/3833/3823 3763/3753/3743
f 3843/3833/3823 3844/3834/3824 3764/3754/3744
f 3844/3834/3824 3845/3835/3825 3765/3755/3745
f 3845/3835/3825 3846/3837/3826 3766/3756/3746
f 3847/3836/3827 3767/3757/3747 3766/3756/3746
f 3848/3838/3828 3768/3758/3748 3767/3757/3747
f 3849/3839/3829 3769/3759/3749 3768/3758/3748
f 3850/3840/3830 3770/3760/3750 3769/3759/3749
f 3851/3841/3831 3771/3761/3751 3770/3760/3750
f 3852/3842/3832 3772/3763/3752 3771/3761/3751
f 3852/3842/3832 3853/3843/3833 3773/3762/3753
f 3853/3843/3833 3854/3845/3834 3774/3764/3754
f 3855/3844/3835 3775/3765/3755 3774/3764/3754
f 3855/3844/3835 3856/3846/3836 3776/3767/3756
f 3856/3846/3836 3857/3848/3837 3777/3766/3757
f 3858/3847/3838 3778/3768/3758 3777/3766/3757
f 3858/3847/3838 3859/3850/3839 3779/3769/3759
f 3860/3849/3840 3780/3771/3760 3779/3769/3759
f 3861/3851/3841 3781/3770/3761 3780/3771/3760
f 3862/3852/3842 3782/3773/3762 3781/3770/3761
f 3862/3852/3842 3863/3853/3843 3783/3772/3763
f 3863/3853/3843 3864/3855/3844 3784/3774/3764
f 3865/3854/3845 3785/3775/3765 3784/3774/3764
f 3865/3854/3845 3866/3856/3846 3786/3777/3766
f 3866/3856/3846 3867/3857/3847 3787/3776/3767
f 3867/3857/3847 3868/3858/3848 3788/3778/3768
f 3868/3858/3848 3869/3860/3849 3789/3780/3769
f 3870/3859/3850 3790/3779/3770 3789/3780/3769
f 3871/3861/3851 3791/3782/3771 3790/3779/3770
f 3871/3861/3851 3872/3863/3852 3792/3781/3772
f 3873/3862/3853 3793/3784/3773 3792/3781/3772
f 3873/3862/3853 3874/3865/3854 3794/3783/3774
f 3875/3864/3855 3795/3785/3775 3794/3783/3774
f 3876/3866/3856 3796/3787/3776 3795/3785/3775
f 3877/3867/3857 3797/3786/3777 3796/3787/3776
f 3878/3868/3858 3798/3789/3778 3797/3786/3777
f 3879/3869/3859 3799/3788/3779 3798/3789/3778
f 3880/3870/3860 3800/3791/3780 3799/3788/3779
f 3880/3870/3860 3881/3871/3861 3801/3790/3781
f 3881/3871/3861 3882/3873/3862 3802/3792/3782
f 3883/3872/3863 3803/3794/3783 3802/3792/3782
f 3884/3874/3864 3804/3793/3784 3803/3794/3783
f 3884/3874/3864 3885/3875/3865 3805/3796/3785
f 3885/3875/3865 3886/3876/3866 3806/3795/3786
f 3886/3876/3866 3887/3878/3867 3807/3797/3787
f 3888/3877/3868 3808/3798/3788 3807/3797/3787
f 3888/3877/3868 3889/3880/3869 3809/3800/3789
f 3890/3879/3870 3810/3799/3790 3809/3800/3789
f 3890/3879/3870 3891/3882/3871 3811/3802/3791
f 3892/3881/3872 3812/3801/3792 3811/3802/3791
f 3893/3883/3873 3813/3803/3793 3812/3801/3792
f 3893/3883/3873 3894/3885/3874 3814/3804/3794
f 3895/3884/3875 3815/3806/3795 3814/3804/3794
f 3895/3884/3875 3896/3886/3876 3816/3805/3796
f 3896/3886/3876 3897/3888/3877 3817/3807/3797
f 3898/3887/3878 3818/3808/3798 3817/3807/3797
f 3899/3889/3879 3819/3809/3799 3818/3808/3798
f 3900/3890/3880 3820/3811/3800 3819/3809/3799
f 3900/3890/3880 3901/3892/3881 3821/3810/3801
f 3902/3891/3882 3822/3813/3802 3821/3810/3801
f 3902/3891/3882 3903/3894/3883 3823/3812/3803
f 3904/3893/3884 3824/3814/3804 3823/3812/3803
f 3904/3893/3884 3905/3895/3885 3825/3815/3805
f 3905/3895/3885 3906/3896/3886 3826/3817/3806
f 3906/3896/3886 3907/3897/3887 3827/3816/3807
f 3907/3897/3887 3908/3899/3888 3828/3818/3808
f 3909/3898/3889 3829/3819/3809 3828/3818/3808
f 3909/3898/3889 3910/3900/3890 3830/3820/3810
f 3910/3900/3890 3911/3901/3891 3831/3822/3811
f 3911/3901/3891 3912/3903/3892 3832/3821/3812
f 3913/3902/3893 3833/3823/3813 3832/3821/3812
f 3914/3904/3894 3834/3824/3814 3833/3823/3813
f 3915/3905/3895 3835/3825/3815 3834/3824/3814
f 3916/3906/3896 3836/3826/3816 3835/3825/3815
f 3917/3907/3897 3837/3827/3817 3836/3826/3816
f 3918/3908/3898 3838/3828/3818 3837/3827/3817
f 3919/3909/3899 3839/3829/3819 3838/3828/3818
f 3919/3909/3899 3920/3990/3900 3840/3910/3820
f 3921/3911/3901 3922/3912/3902 3842/3832/3822
f 3922/3912/3902 3923/3913/3903 3843/3833/3823
f 3923/3913/3903 3924/3915/3904 3844/3834/3824
f 3925/3914/3905 3845/3835/3825 3844/3834/3824
f 3926/3916/3906 3846/3837/3826 3845/3835/3825
f 3927/3917/3907 3847/3836/3827 3846/3837/3826
f 3928/3918/3908 3848/3838/3828 3847/3836/3827
f 3929/3919/3909 3849/3839/3829 3848/3838/3828
f 3929/3919/3909 3930/3921/3910 3850/3840/3830
f 3931/3920/3911 3851/3841/3831 3850/3840/3830
f 3932/3922/3912 3852/3842/3832 3851/3841/3831
f 3933/3923/3913 3853/3843/3833 3852/3842/3832
f 3934/3924/3914 3854/3845/3834 3853/3843/3833
f 3934/3924/3914 3935/3925/3915 3855/3844/3835
f 3935/3925/3915 3936/3926/3916 3856/3846/3836
f 3936/3926/3916 3937/3927/3917 3857/3848/3837
f 3937/3927/3917 3938/3928/3918 3858/3847/3838
f 3938/3928/3918 3939/3930/3919 3859/3850/3839
f 3940/3929/3920 3860/3849/3840 3859/3850/3839
f 3941/3931/3921 3861/3851/3841 3860/3849/3840
f 3942/3932/3922 3862/3852/3842 3861/3851/3841
f 3942/3932/3922 3943/3934/3923 3863/3853/3843
f 3944/3933/3924 3864/3855/3844 3863/3853/3843
f 3944/3933/3924 3945/3936/3925 3865/3854/3845
f 3946/3935/3926 3866/3856/3846 3865/3854/3845
f 3947/3937/3927 3867/3857/3847 3866/3856/3846
f 3947/3937/3927 3948/3939/3928 3868/3858/3848
f 3949/3938/3929 3869/3860/3849 3868/3858/3848
f 3949/3938/3929 3950/3941/3930 3870/3859/3850
f 3951/3940/3931 3871/3861/3851 3870/3859/3850
f 3952/3942/3932 3872/3863/3852 3871/3861/3851
f 3952/3942/3932 3953/3943/3933 3873/3862/3853
f 3953/3943/3933 3954/3945/3934 3874/3865/3854
f 3955/3944/3935 3875/3864/3855 3874/3865/3854
f 3956/3946/3936 3876/3866/3856 3875/3864/3855
f 3957/3947/3937 3877/3867/3857 3876/3866/3856
f 3957/3947/3937 3958/3948/3938 3878/3868/3858
f 3958/3948/3938 3959/3949/3939 3879/3869/3859
f 3959/3949/3939 3960/3951/3940 3880/3870/3860
f 3961/3950/3941 3881/3871/3861 3880/3870/3860
f 3961/3950/3941 3962/3952/3942 3882/3873/3862
f 3962/3952/3942 3963/3954/3943 3883/3872/3863
f 3964/3953/3944 3884/3874/3864 3883/3872/3863
f 3965/3955/3945 3885/3875/3865 3884/3874/3864
f 3965/3955/3945 3966/3957/3946 3886/3876/3866
f 3967/3956/3947 3887/3878/3867 3886/3876/3866
f 3967/3956/3947 3968/3958/3948 3888/3877/3868
f 3968/3958/3948 3969/3960/3949 3889/3880/3869
f 3970/3959/3950 3890/3879/3870 3889/3880/3869
f 3971/3961/3951 3891/3882/3871 3890/3879/3870
f 3971/3961/3951 3972/3962/3952 3892/3881/3872
f 3972/3962/3952 3973/3963/3953 3893/3883/3873
f 3973/3963/3953 3974/3965/3954 3894/3885/3874
f 3975/3964/3955 3895/3884/3875 3894/3885/3874
f 3975/3964/3955 3976/3966/3956 3896/3886/3876
f 3976/3966/3956 3977/3968/3957 3897/3888/3877
f 3978/3967/3958 3898/3887/3878 3897/3888/3877
f 3979/3969/3959 3899/3889/3879 3898/3887/3878
f 3980/3970/3960 3900/3890/3880 3899/3889/3879
f 3981/3971/3961 3901/3892/3881 3900/3890/3880
f 3981/3971/3961 3982/3973/3962 3902/3891/3882
f 3983/3972/3963 3903/3894/3883 3902/3891/3882
f 3984/3974/3964 3904/3893/3884 3903/3894/3883
f 3984/3974/3964 3985/3975/3965 3905/3895/3885
f 3985/3975/3965 3986/3976/3966 3906/3896/3886
f 3986/3976/3966 3987/3978/3967 3907/3897/3887
f 3988/3977/3968 3908/3899/3888 3907/3897/3887
f 3988/3977/3968 3989/3980/3969 3909/3898/3889
f 3990/3979/3970 3910/3900/3890 3909/3898/3889
f 3990/3979/3970 3991/3982/3971 3911/3901/3891
f 3992/3981/3972 3912/3903/3892 3911/3901/3891
f 3992/3981/3972 3993/3983/3973 3913/3902/3893
f 3993/3983/3973 3994/3985/3974 3914/3904/3894
f 3995/3984/3975 3915/3905/3895 3914/3904/3894
f 3996/3986/3976 3916/3906/3896 3915/3905/3895
f 3997/3987/3977 3917/3907/3897 3916/3906/3896
f 3998/3988/3978 3918/3908/3898 3917/3907/3897
f 3999/3989/3979 3919/3909/3899 3918/3908/3898
f 3999/3989/3979 4000/4070/3980 3920/3990/3900
f 4001/3991/3981 4002/3992/3982 3922/3912/3902
f 4002/3992/3982 4003/3994/3983 3923/3913/3903
f 4004/3993/3984 3924/3915/3904 3923/3913/3903
f 4005/3995/3985 3925/3914/3905 3924/3915/3904
f 4006/3996/3986 3926/3916/3906 3925/3914/3905
f 4007/3997/3987 3927/3917/3907 3926/3916/3906
f 4008/3998/3988 3928/3918/3908 3927/3917/3907
f 4008/3998/3988 4009/3999/3989 3929/3919/3909
f 4009/3999/3989 4010/4000/3990 3930/3921/3910
f 4010/4000/3990 4011/4002/3991 3931/3920/3911
f 4012/4001/3992 3932/3922/3912 3931/3920/3911
f 4012/4001/3992 4013/4004/3993 3933/3923/3913
f 4014/4003/3994 3934/3924/3914 3933/3923/3913
f 4014/4003/3994 4015/4006/3995 3935/3925/3915
f 4016/4005/3996 3936/3926/3916 3935/3925/3915
f 4017/4007/3997 3937/3927/3917 3936/3926/3916
f 4018/4008/3998 3938/3928/3918 3937/3927/3917
f 4019/4009/3999 3939/3930/3919 3938/3928/3918
f 4019/4009/3999 4020/4011/4000 3940/3929/3920
f 4021/4010/4001 3941/3931/3921 3940/3929/3920
f 4021/4010/4001 4022/4013/4002 3942/3932/3922
f 4023/4012/4003 3943/3934/3923 3942/3932/3922
f 4023/4012/4003 4024/4015/4004 3944/3933/3924
f 4025/4014/4005 3945/3936/3925 3944/3933/3924
f 4025/4014/4005 4026/4016/4006 3946/3935/3926
f 4026/4016/4006 4027/4018/4007 3947/3937/3927
f 4028/4017/4008 3948/3939/3928 3947/3937/3927
f 4029/4019/4009 3949/3938/3929 3948/3939/3928
f 4029/4019/4009 4030/4020/4010 3950/3941/3930
f 4030/4020/4010 4031/4022/4011 3951/3940/3931
f 4032/4021/4012 3952/3942/3932 3951/3940/3931
f 4033/4023/4013 3953/3943/3933 3952/3942/3932
f 4034/4024/4014 3954/3945/3934 3953/3943/3933
f 4034/4024/4014 4035/4025/4015 3955/3944/3935
f 4035/4025/4015 4036/4027/4016 3956/3946/3936
f 4037/4026/4017 3957/3947/3937 3956/3946/3936
f 4037/4026/4017 4038/4029/4018 3958/3948/3938
f 4039/4028/4019 3959/3949/3939 3958/3948/3938
f 4040/4030/4020 3960/3951/3940 3959/3949/3939
f 4041/4031/4021 3961/3950/3941 3960/3951/3940
f 4042/4032/4022 3962/3952/3942 3961/3950/3941
f 4042/4032/4022 4043/4034/4023 3963/3954/3943
f 4044/4033/4024 3964/3953/3944 3963/3954/3943
f 4044/4033/4024 4045/4036/4025 3965/3955/3945
f 4046/4035/4026 3966/3957/3946 3965/3955/3945
f 4046/4035/4026 4047/4037/4027 3967/3956/3947
f 4047/4037/4027 4048/4039/4028 3968/3958/3948
f 4049/4038/4029 3969/3960/3949 3968/3958/3948
f 4049/4038/4029 4050/4040/4030 3970/3959/3950
f 4050/4040/4030 4051/4041/4031 3971/3961/3951
f 4051/4041/4031 4052/4043/4032 3972/3962/3952
f 4053/4042/4033 3973/3963/3953 3972/3962/3952
f 4053/4042/4033 4054/4045/4034 3974/3965/3954
f 4055/4044/4035 3975/3964/3955 3974/3965/3954
f 4055/4044/4035 4056/4046/4036 3976/3966/3956
f 4056/4046/4036 4057/4048/4037 3977/3968/3957
f 4058/4047/4038 3978/3967/3958 3977/3968/3957
f 4058/4047/4038 4059/4050/4039 3979/3969/3959
f 4060/4049/4040 3980/3970/3960 3979/3969/3959
f 4060/4049/4040 4061/4052/4041 3981/3971/3961
f 4062/4051/4042 3982/3973/3962 3981/3971/3961
f 4062/4051/4042 4063/4054/4043 3983/3972/3963
f 4064/4053/4044 3984/3974/3964 3983/3972/3963
f 4065/4055/4045 3985/3975/3965 3984/3974/3964
f 4065/4055/4045 4066/4057/4046 3986/3976/3966
f 4067/4056/4047 3987/3978/3967 3986/3976/3966
f 4068/4058/4048 3988/3977/3968 3987/3978/3967
f 4069/4059/4049 3989/3980/3969 3988/3977/3968
f 4069/4059/4049 4070/4061/4050 3990/3979/3970
f 4071/4060/4051 3991/3982/3971 3990/3979/3970
f 4072/4062/4052 3992/3981/3972 3991/3982/3971
f 4073/4063/4053 3993/3983/3973 3992/3981/3972
f 4074/4064/4054 3994/3985/3974 3993/3983/3973
f 4074/4064/4054 4075/4066/4055 3995/3984/3975
f 4076/4065/4056 3996/3986/3976 3995/3984/3975
f 4077/4067/4057 3997/3987/3977 3996/3986/3976
f 4078/4068/4058 3998/3988/3978 3997/3987/3977
f 4079/4069/4059 3999/3989/3979 3998/3988/3978
f 4079/4069/4059 4080/4150/4060 4000/4070/3980
f 4081/4071/4061 4082/4073/4062 4002/3992/3982
f 4083/4072/4063 4003/3994/3983 4002/3992/3982
f 4084/4074/4064 4004/3993/3984 4003/3994/3983
f 4085/4075/4065 4005/3995/3985 4004/3993/3984
f 4086/4076/4066 4006/3996/3986 4005/3995/3985
f 4086/4076/4066 4087/4077/4067 4007/3997/3987
f 4087/4077/4067 4088/4079/4068 4008/3998/3988
f 4089/4078/4069 4009/3999/3989 4008/3998/3988
f 4090/4080/4070 4010/4000/3990 4009/3999/3989
f 4091/4081/4071 4011/4002/3991 4010/4000/3990
f 4092/4082/4072 4012/4001/3992 4011/4002/3991
f 4093/4083/4073 4013/4004/3993 4012/4001/3992
f 4094/4084/4074 4014/4003/3994 4013/4004/3993
f 4095/4085/4075 4015/4006/3995 4014/4003/3994
f 4096/4086/4076 4016/4005/3996 4015/4006/3995
f 4097/4087/4077 4017/4007/3997 4016/4005/3996
f 4098/4088/4078 4018/4008/3998 4017/4007/3997
f 4098/4088/4078 4099/4089/4079 4019/4009/3999
f 4099/4089/4079 4100/4091/4080 4020/4011/4000
f 4101/4090/4081 4021/4010/4001 4020/4011/4000
f 4102/4092/4082 4022/4013/4002 4021/4010/4001
f 4102/4092/4082 4103/4094/4083 4023/4012/4003
f 4104/4093/4084 4024/4015/4004 4023/4012/4003
f 4105/4095/4085 4025/4014/4005 4024/4015/4004
f 4105/4095/4085 4106/4096/4086 4026/4016/4006
f 4106/4096/4086 4107/4097/4087 4027/4018/4007
f 4107/4097/4087 4108/4098/4088 4028/4017/4008
f 4108/4098/4088 4109/4099/4089 4029/4019/4009
f 4109/4099/4089 4110/4101/4090 4030/4020/4010
f 4111/4100/4091 4031/4022/4011 4030/4020/4010
f 4112/4102/4092 4032/4021/4012 4031/4022/4011
f 4112/4102/4092 4113/4104/4093 4033/4023/4013
f 4114/4103/4094 4034/4024/4014 4033/4023/4013
f 4114/4103/4094 4115/4106/4095 4035/4025/4015
f 4116/4105/4096 4036/4027/4016 4035/4025/4015
f 4116/4105/4096 4117/4107/4097 4037/4026/4017
f 4117/4107/4097 4118/4108/4098 4038/4029/4018
f 4118/4108/4098 4119/4109/4099 4039/4028/4019
f 4119/4109/4099 4120/4111/4100 4040/4030/4020
f 4121/4110/4101 4041/4031/4021 4040/4030/4020
f 4121/4110/4101 4122/4113/4102 4042/4032/4022
f 4123/4112/4103 4043/4034/4023 4042/4032/4022
f 4123/4112/4103 4124/4115/4104 4044/4033/4024
f 4125/4114/4105 4045/4036/4025 4044/4033/4024
f 4125/4114/4105 4126/4117/4106 4046/4035/4026
f 4127/4116/4107 4047/4037/4027 4046/4035/4026
f 4128/4118/4108 4048/4039/4028 4047/4037/4027
f 4128/4118/4108 4129/4120/4109 4049/4038/4029
f 4130/4119/4110 4050/4040/4030 4049/4038/4029
f 4131/4121/4111 4051/4041/4031 4050/4040/4030
f 4132/4122/4112 4052/4043/4032 4051/4041/4031
f 4132/4122/4112 4133/4124/4113 4053/4042/4033
f 4134/4123/4114 4054/4045/4034 4053/4042/4033
f 4134/4123/4114 4135/4125/4115 4055/4044/4035
f 4135/4125/4115 4136/4126/4116 4056/4046/4036
f 4136/4126/4116 4137/4127/4117 4057/4048/4037
f 4137/4127/4117 4138/4128/4118 4058/4047/4038
f 4138/4128/4118 4139/4129/4119 4059/4050/4039
f 4139/4129/4119 4140/4130/4120 4060/4049/4040
f 4140/4130/4120 4141/4131/4121 4061/4052/4041
f 4141/4131/4121 4142/4133/4122 4062/4051/4042
f 4143/4132/4123 4063/4054/4043 4062/4051/4042
f 4143/4132/4123 4144/4135/4124 4064/4053/4044
f 4145/4134/4125 4065/4055/4045 4064/4053/4044
f 4146/4136/4126 4066/4057/4046 4065/4055/4045
f 4147/4137/4127 4067/4056/4047 4066/4057/4046
f 4147/4137/4127 4148/4139/4128 4068/4058/4048
f 4149/4138/4129 4069/4059/4049 4068/4058/4048
f 4150/4140/4130 4070/4061/4050 4069/4059/4049
f 4150/4140/4130 4151/4141/4131 4071/4060/4051
f 4151/4141/4131 4152/4142/4132 4072/4062/4052
f 4152/4142/4132 4153/4143/4133 4073/4063/4053
f 4153/4143/4133 4154/4144/4134 4074/4064/4054
f 4154/4144/4134 4155/4145/4135 4075/4066/4055
f 4155/4145/4135 4156/4147/4136 4076/4065/4056
f 4157/4146/4137 4077/4067/4057 4076/4065/4056
f 4158/4148/4138 4078/4068/4058 4077/4067/4057
f 4159/4149/4139 4079/4069/4059 4078/4068/4058
f 4159/4149/4139 4160/4230/4140 4080/4150/4060
f 4162/4151/4142 4082/4073/4062 4081/4071/4061
f 4163/4153/4143 4083/4072/4063 4082/4073/4062
f 4164/4154/4144 4084/4074/4064 4083/4072/4063
f 4165/4155/4145 4085/4075/4065 4084/4074/4064
f 4166/4156/4146 4086/4076/4066 4085/4075/4065
f 4166/4156/4146 4167/4157/4147 4087/4077/4067
f 4167/4157/4147 4168/4158/4148 4088/4079/4068
f 4168/4158/4148 4169/4160/4149 4089/4078/4069
f 4170/4159/4150 4090/4080/4070 4089/4078/4069
f 4171/4161/4151 4091/4081/4071 4090/4080/4070
f 4171/4161/4151 4172/4163/4152 4092/4082/4072
f 4173/4162/4153 4093/4083/4073 4092/4082/4072
f 4174/4164/4154 4094/4084/4074 4093/4083/4073
f 4174/4164/4154 4175/4166/4155 4095/4085/4075
f 4176/4165/4156 4096/4086/4076 4095/4085/4075
f 4176/4165/4156 4177/4168/4157 4097/4087/4077
f 4178/4167/4158 4098/4088/4078 4097/4087/4077
f 4178/4167/4158 4179/4170/4159 4099/4089/4079
f 4180/4169/4160 4100/4091/4080 4099/4089/4079
f 4180/4169/4160 4181/4172/4161 4101/4090/4081
f 4182/4171/4162 4102/4092/4082 4101/4090/4081
f 4183/4173/4163 4103/4094/4083 4102/4092/4082
f 4183/4173/4163 4184/4174/4164 4104/4093/4084
f 4184/4174/4164 4185/4176/4165 4105/4095/4085
f 4186/4175/4166 4106/4096/4086 4105/4095/4085
f 4186/4175/4166 4187/4177/4167 4107/4097/4087
f 4187/4177/4167 4188/4178/4168 4108/4098/4088
f 4188/4178/4168 4189/4180/4169 4109/4099/4089
f 4190/4179/4170 4110/4101/4090 4109/4099/4089
f 4191/4181/4171 4111/4100/4091 4110/4101/4090
f 4191/4181/4171 4192/4183/4172 4112/4102/4092
f 4193/4182/4173 4113/4104/4093 4112/4102/4092
f 4193/4182/4173 4194/4185/4174 4114/4103/4094
f 4195/4184/4175 4115/4106/4095 4114/4103/4094
f 4196/4186/4176 4116/4105/4096 4115/4106/4095
f 4196/4186/4176 4197/4188/4177 4117/4107/4097
f 4198/4187/4178 4118/4108/4098 4117/4107/4097
f 4199/4189/4179 4119/4109/4099 4118/4108/4098
f 4200/4190/4180 4120/4111/4100 4119/4109/4099
f 4201/4191/4181 4121/4110/4101 4120/4111/4100
f 4201/4191/4181 4202/4192/4182 4122/4113/4102
f 4202/4192/4182 4203/4194/4183 4123/4112/4103
f 4204/4193/4184 4124/4115/4104 4123/4112/4103
f 4204/4193/4184 4205/4196/4185 4125/4114/4105
f 4206/4195/4186 4126/4117/4106 4125/4114/4105
f 4206/4195/4186 4207/4197/4187 4127/4116/4107
f 4207/4197/4187 4208/4199/4188 4128/4118/4108
f 4209/4198/4189 4129/4120/4109 4128/4118/4108
f 4210/4200/4190 4130/4119/4110 4129/4120/4109
f 4211/4201/4191 4131/4121/4111 4130/4119/4110
f 4212/4202/4192 4132/4122/4112 4131/4121/4111
f 4213/4203/4193 4133/4124/4113 4132/4122/4112
f 4213/4203/4193 4214/4205/4194 4134/4123/4114
f 4215/4204/4195 4135/4125/4115 4134/4123/4114
f 4216/4206/4196 4136/4126/4116 4135/4125/4115
f 4217/4207/4197 4137/4127/4117 4136/4126/4116
f 4218/4208/4198 4138/4128/4118 4137/4127/4117
f 4218/4208/4198 4219/4210/4199 4139/4129/4119
f 4220/4209/4200 4140/4130/4120 4139/4129/4119
f 4220/4209/4200 4221/4212/4201 4141/4131/4121
f 4222/4211/4202 4142/4133/4122 4141/4131/4121
f 4222/4211/4202 4223/4213/4203 4143/4132/4123
f 4223/4213/4203 4224/4215/4204 4144/4135/4124
f 4225/4214/4205 4145/4134/4125 4144/4135/4124
f 4225/4214/4205 4226/4217/4206 4146/4136/4126
f 4227/4216/4207 4147/4137/4127 4146/4136/4126
f 4227/4216/4207 4228/4218/4208 4148/4139/4128
f 4228/4218/4208 4229/4220/4209 4149/4138/4129
f 4230/4219/4210 4150/4140/4130 4149/4138/4129
f 4230/4219/4210 4231/4221/4211 4151/4141/4131
f 4231/4221/4211 4232/4222/4212 4152/4142/4132
f 4232/4222/4212 4233/4223/4213 4153/4143/4133
f 4233/4223/4213 4234/4224/4214 4154/4144/4134
f 4234/4224/4214 4235/4226/4215 4155/4145/4135
f 4236/4225/4216 4156/4147/4136 4155/4145/4135
f 4237/4227/4217 4157/4146/4137 4156/4147/4136
f 4238/4228/4218 4158/4148/4138 4157/4146/4137
f 4238/4228/4218 4239/4229/4219 4159/4149/4139
f 4239/4229/4219 4240/4310/4220 4160/4230/4140
f 4242/4231/4222 4162/4151/4142 4161/4152/4141
f 4243/4233/4223 4163/4153/4143 4162/4151/4142
f 4244/4234/4224 4164/4154/4144 4163/4153/4143
f 4245/4235/4225 4165/4155/4145 4164/4154/4144
f 4246/4236/4226 4166/4156/4146 4165/4155/4145
f 4246/4236/4226 4247/4237/4227 4167/4157/4147
f 4247/4237/4227 4248/4238/4228 4168/4158/4148
f 4248/4238/4228 4249/4240/4229 4169/4160/4149
f 4250/4239/4230 4170/4159/4150 4169/4160/4149
f 4251/4241/4231 4171/4161/4151 4170/4159/4150
f 4251/4241/4231 4252/4242/4232 4172/4163/4152
f 4252/4242/4232 4253/4243/4233 4173/4162/4153
f 4253/4243/4233 4254/4245/4234 4174/4164/4154
f 4255/4244/4235 4175/4166/4155 4174/4164/4154
f 4256/4246/4236 4176/4165/4156 4175/4166/4155
f 4256/4246/4236 4257/4247/4237 4177/4168/4157
f 4257/4247/4237 4258/4249/4238 4178/4167/4158
f 4259/4248/4239 4179/4170/4159 4178/4167/4158
f 4259/4248/4239 4260/4251/4240 4180/4169/4160
f 4261/4250/4241 4181/4172/4161 4180/4169/4160
f 4261/4250/4241 4262/4252/4242 4182/4171/4162
f 4262/4252/4242 4263/4254/4243 4183/4173/4163
f 4264/4253/4244 4184/4174/4164 4183/4173/4163
f 4265/4255/4245 4185/4176/4165 4184/4174/4164
f 4265/4255/4245 4266/4257/4246 4186/4175/4166
f 4267/4256/4247 4187/4177/4167 4186/4175/4166
f 4268/4258/4248 4188/4178/4168 4187/4177/4167
f 4268/4258/4248 4269/4259/4249 4189/4180/4169
f 4269/4259/4249 4270/4260/4250 4190/4179/4170
f 4270/4260/4250 4271/4262/4251 4191/4181/4171
f 4272/4261/4252 4192/4183/4172 4191/4181/4171
f 4273/4263/4253 4193/4182/4173 4192/4183/4172
f 4273/4263/4253 4274/4265/4254 4194/4185/4174
f 4275/4264/4255 4195/4184/4175 4194/4185/4174
f 4276/4266/4256 4196/4186/4176 4195/4184/4175
f 4277/4267/4257 4197/4188/4177 4196/4186/4176
f 4277/4267/4257 4278/4269/4258 4198/4187/4178
f 4279/4268/4259 4199/4189/4179 4198/4187/4178
f 4279/4268/4259 4280/4270/4260 4200/4190/4180
f 4280/4270/4260 4281/4272/4261 4201/4191/4181
f 4282/4271/4262 4202/4192/4182 4201/4191/4181
f 4283/4273/4263 4203/4194/4183 4202/4192/4182
f 4283/4273/4263 4284/4275/4264 4204/4193/4184
f 4285/4274/4265 4205/4196/4185 4204/4193/4184
f 4285/4274/4265 4286/4276/4266 4206/4195/4186
f 4286/4276/4266 4287/4278/4267 4207/4197/4187
f 4288/4277/4268 4208/4199/4188 4207/4197/4187
f 4288/4277/4268 4289/4279/4269 4209/4198/4189
f 4289/4279/4269 4290/4280/4270 4210/4200/4190
f 4290/4280/4270 4291/4282/4271 4211/4201/4191
f 4292/4281/4272 4212/4202/4192 4211/4201/4191
f 4293/4283/4273 4213/4203/4193 4212/4202/4192
f 4294/4284/4274 4214/4205/4194 4213/4203/4193
f 4295/4285/4275 4215/4204/4195 4214/4205/4194
f 4295/4285/4275 4296/4287/4276 4216/4206/4196
f 4297/4286/4277 4217/4207/4197 4216/4206/4196
f 4297/4286/4277 4298/4289/4278 4218/4208/4198
f 4299/4288/4279 4219/4210/4199 4218/4208/4198
f 4299/4288/4279 4300/4291/4280 4220/4209/4200
f 4301/4290/4281 4221/4212/4201 4220/4209/4200
f 4301/4290/4281 4302/4293/4282 4222/4211/4202
f 4303/4292/4283 4223/4213/4203 4222/4211/4202
f 4304/4294/4284 4224/4215/4204 4223/4213/4203
f 4305/4295/4285 4225/4214/4205 4224/4215/4204
f 4305/4295/4285 4306/4297/4286 4226/4217/4206
f 4307/4296/4287 4227/4216/4207 4226/4217/4206
f 4307/4296/4287 4308/4298/4288 4228/4218/4208
f 4308/4298/4288 4309/4299/4289 4229/4220/4209
f 4309/4299/4289 4310/4301/4290 4230/4219/4210
f 4311/4300/4291 4231/4221/4211 4230/4219/4210
f 4311/4300/4291 4312/4302/4292 4232/4222/4212
f 4312/4302/4292 4313/4303/4293 4233/4223/4213
f 4313/4303/4293 4314/4304/4294 4234/4224/4214
f 4314/4304/4294 4315/4306/4295 4235/4226/4215
f 4316/4305/4296 4236/4225/4216 4235/4226/4215
f 4317/4307/4297 4237/4227/4217 4236/4225/4216
f 4318/4308/4298 4238/4228/4218 4237/4227/4217
f 4318/4308/4298 4319/4309/4299 4239/4229/4219
f 4319/4309/4299 4320/4390/4300 4240/4310/4220
f 4321/4311/4301 4322/4313/4302 4242/4231/4222
f 4323/4312/4303 4243/4233/4223 4242/4231/4222
f 4324/4314/4304 4244/4234/4224 4243/4233/4223
f 4324/4314/4304 4325/4315/4305 4245/4235/4225
f 4325/4315/4305 4326/4316/4306 4246/4236/4226
f 4326/4316/4306 4327/4317/4307 4247/4237/4227
f 4327/4317/4307 4328/4318/4308 4248/4238/4228
f 4328/4318/4308 4329/4319/4309 4249/4240/4229
f 4329/4319/4309 4330/4320/4310 4250/4239/4230
f 4330/4320/4310 4331/4322/4311 4251/4241/4231
f 4332/4321/4312 4252/4242/4232 4251/4241/4231
f 4333/4323/4313 4253/4243/4233 4252/4242/4232
f 4334/4324/4314 4254/4245/4234 4253/4243/4233
f 4334/4324/4314 4335/4326/4315 4255/4244/4235
f 4336/4325/4316 4256/4246/4236 4255/4244/4235
f 4336/4325/4316 4337/4328/4317 4257/4247/4237
f 4338/4327/4318 4258/4249/4238 4257/4247/4237
f 4338/4327/4318 4339/4330/4319 4259/4248/4239
f 4340/4329/4320 4260/4251/4240 4259/4248/4239
f 4340/4329/4320 4341/4331/4321 4261/4250/4241
f 4341/4331/4321 4342/4333/4322 4262/4252/4242
f 4343/4332/4323 4263/4254/4243 4262/4252/4242
f 4343/4332/4323 4344/4334/4324 4264/4253/4244
f 4344/4334/4324 4345/4336/4325 4265/4255/4245
f 4346/4335/4326 4266/4257/4246 4265/4255/4245
f 4346/4335/4326 4347/4338/4327 4267/4256/4247
f 4348/4337/4328 4268/4258/4248 4267/4256/4247
f 4348/4337/4328 4349/4340/4329 4269/4259/4249
f 4350/4339/4330 4270/4260/4250 4269/4259/4249
f 4351/4341/4331 4271/4262/4251 4270/4260/4250
f 4351/4341/4331 4352/4343/4332 4272/4261/4252
f 4353/4342/4333 4273/4263/4253 4272/4261/4252
f 4353/4342/4333 4354/4344/4334 4274/4265/4254
f 4354/4344/4334 4355/4346/4335 4275/4264/4255
f 4356/4345/4336 4276/4266/4256 4275/4264/4255
f 4356/4345/4336 4357/4348/4337 4277/4267/4257
f 4358/4347/4338 4278/4269/4258 4277/4267/4257
f 4358/4347/4338 4359/4350/4339 4279/4268/4259
f 4360/4349/4340 4280/4270/4260 4279/4268/4259
f 4360/4349/4340 4361/4352/4341 4281/4272/4261
f 4362/4351/4342 4282/4271/4262 4281/4272/4261
f 4362/4351/4342 4363/4354/4343 4283/4273/4263
f 4364/4353/4344 4284/4275/4264 4283/4273/4263
f 4365/4355/4345 4285/4274/4265 4284/4275/4264
f 4365/4355/4345 4366/4356/4346 4286/4276/4266
f 4366/4356/4346 4367/4358/4347 4287/4278/4267
f 4368/4357/4348 4288/4277/4268 4287/4278/4267
f 4368/4357/4348 4369/4360/4349 4289/4279/4269
f 4370/4359/4350 4290/4280/4270 4289/4279/4269
f 4370/4359/4350 4371/4362/4351 4291/4282/4271
f 4372/4361/4352 4292/4281/4272 4291/4282/4271
f 4372/4361/4352 4373/4363/4353 4293/4283/4273
f 4373/4363/4353 4374/4364/4354 4294/4284/4274
f 4374/4364/4354 4375/4366/4355 4295/4285/4275
f 4376/4365/4356 4296/4287/4276 4295/4285/4275
f 4376/4365/4356 4377/4367/4357 4297/4286/4277
f 4377/4367/4357 4378/4369/4358 4298/4289/4278
f 4379/4368/4359 4299/4288/4279 4298/4289/4278
f 4380/4370/4360 4300/4291/4280 4299/4288/4279
f 4380/4370/4360 4381/4372/4361 4301/4290/4281
f 4382/4371/4362 4302/4293/4282 4301/4290/4281
f 4382/4371/4362 4383/4374/4363 4303/4292/4283
f 4384/4373/4364 4304/4294/4284 4303/4292/4283
f 4384/4373/4364 4385/4376/4365 4305/4295/4285
f 4386/4375/4366 4306/4297/4286 4305/4295/4285
f 4386/4375/4366 4387/4378/4367 4307/4296/4287
f 4388/4377/4368 4308/4298/4288 4307/4296/4287
f 4388/4377/4368 4389/4379/4369 4309/4299/4289
f 4389/4379/4369 4390/4380/4370 4310/4301/4290
f 4390/4380/4370 4391/4381/4371 4311/4300/4291
f 4391/4381/4371 4392/4382/4372 4312/4302/4292
f 4392/4382/4372 4393/4383/4373 4313/4303/4293
f 4393/4383/4373 4394/4384/4374 4314/4304/4294
f 4394/4384/4374 4395/4386/4375 4315/4306/4295
f 4396/4385/4376 4316/4305/4296 4315/4306/4295
f 4397/4387/4377 4317/4307/4297 4316/4305/4296
f 4398/4388/4378 4318/4308/4298 4317/4307/4297
f 4399/4389/4379 4319/4309/4299 4318/4308/4298
f 4399/4389/4379 4400/5119/4380 4320/4390/4300
f 4401/4391/4381 4402/4392/4382 4322/4313/4302
f 4402/4392/4382 4403/4393/4383 4323/4312/4303
f 4403/4393/4383 4404/4394/4384 4324/4314/4304
f 4404/4394/4384 4405/4395/4385 4325/4315/4305
f 4405/4395/4385 4406/4396/4386 4326/4316/4306
f 4406/4396/4386 4407/4397/4387 4327/4317/4307
f 4407/4397/4387 4408/4398/4388 4328/4318/4308
f 4408/4398/4388 4409/4400/4389 4329/4319/4309
f 4410/4399/4390 4330/4320/4310 4329/4319/4309
f 4411/4401/4391 4331/4322/4311 4330/4320/4310
f 4411/4401/4391 4412/4403/4392 4332/4321/4312
f 4413/4402/4393 4333/4323/4313 4332/4321/4312
f 4414/4404/4394 4334/4324/4314 4333/4323/4313
f 4414/4404/4394 4415/4405/4395 4335/4326/4315
f 4415/4405/4395 4416/4406/4396 4336/4325/4316
f 4416/4406/4396 4417/4407/4397 4337/4328/4317
f 4417/4407/4397 4418/4408/4398 4338/4327/4318
f 4418/4408/4398 4419/4410/4399 4339/4330/4319
f 4420/4409/4400 4340/4329/4320 4339/4330/4319
f 4421/4411/4401 4341/4331/4321 4340/4329/4320
f 4421/4411/4401 4422/4412/4402 4342/4333/4322
f 4422/4412/4402 4423/4413/4403 4343/4332/4323
f 4423/4413/4403 4424/4415/4404 4344/4334/4324
f 4425/4414/4405 4345/4336/4325 4344/4334/4324
f 4426/4416/4406 4346/4335/4326 4345/4336/4325
f 4427/4417/4407 4347/4338/4327 4346/4335/4326
f 4427/4417/4407 4428/4419/4408 4348/4337/4328
f 4429/4418/4409 4349/4340/4329 4348/4337/4328
f 4429/4418/4409 4430/4421/4410 4350/4339/4330
f 4431/4420/4411 4351/4341/4331 4350/4339/4330
f 4431/4420/4411 4432/4423/4412 4352/4343/4332
f 4433/4422/4413 4353/4342/4333 4352/4343/4332
f 4434/4424/4414 4354/4344/4334 4353/4342/4333
f 4435/4425/4415 4355/4346/4335 4354/4344/4334
f 4435/4425/4415 4436/4426/4416 4356/4345/4336
f 4436/4426/4416 4437/4427/4417 4357/4348/4337
f 4437/4427/4417 4438/4429/4418 4358/4347/4338
f 4439/4428/4419 4359/4350/4339 4358/4347/4338
f 4440/4430/4420 4360/4349/4340 4359/4350/4339
f 4441/4431/4421 4361/4352/4341 4360/4349/4340
f 4441/4431/4421 4442/4432/4422 4362/4351/4342
f 4442/4432/4422 4443/4433/4423 4363/4354/4343
f 4443/4433/4423 4444/4435/4424 4364/4353/4344
f 4445/4434/4425 4365/4355/4345 4364/4353/4344
f 4445/4434/4425 4446/4437/4426 4366/4356/4346
f 4447/4436/4427 4367/4358/4347 4366/4356/4346
f 4447/4436/4427 4448/4438/4428 4368/4357/4348
f 4448/4438/4428 4449/4440/4429 4369/4360/4349
f 4450/4439/4430 4370/4359/4350 4369/4360/4349
f 4451/4441/4431 4371/4362/4351 4370/4359/4350
f 4451/4441/4431 4452/4442/4432 4372/4361/4352
f 4452/4442/4432 4453/4443/4433 4373/4363/4353
f 4453/4443/4433 4454/4444/4434 4374/4364/4354
f 4454/4444/4434 4455/4445/4435 4375/4366/4355
f 4455/4445/4435 4456/4447/4436 4376/4365/4356
f 4457/4446/4437 4377/4367/4357 4376/4365/4356
f 4457/4446/4437 4458/4448/4438 4378/4369/4358
f 4458/4448/4438 4459/4450/4439 4379/4368/4359
f 4460/4449/4440 4380/4370/4360 4379/4368/4359
f 4460/4449/4440 4461/4451/4441 4381/4372/4361
f 4461/4451/4441 4462/4453/4442 4382/4371/4362
f 4463/4452/4443 4383/4374/4363 4382/4371/4362
f 4463/4452/4443 4464/4454/4444 4384/4373/4364
f 4464/4454/4444 4465/4455/4445 4385/4376/4365
f 4465/4455/4445 4466/4456/4446 4386/4375/4366
f 4466/4456/4446 4467/4457/4447 4387/4378/4367
f 4467/4457/4447 4468/4458/4448 4388/4377/4368
f 4468/4458/4448 4469/4460/4449 4389/4379/4369
f 4470/4459/4450 4390/4380/4370 4389/4379/4369
f 4470/4459/4450 4471/4462/4451 4391/4381/4371
f 4472/4461/4452 4392/4382/4372 4391/4381/4371
f 4473/4463/4453 4393/4383/4373 4392/4382/4372
f 4474/4464/4454 4394/4384/4374 4393/4383/4373
f 4475/4465/4455 4395/4386/4375 4394/4384/4374
f 4476/4466/4456 4396/4385/4376 4395/4386/4375
f 4477/4467/4457 4397/4387/4377 4396/4385/4376
f 4478/4468/4458 4398/4388/4378 4397/4387/4377
f 4479/4469/4459 4399/4389/4379 4398/4388/4378
f 4480/4470/4460 4400/5119/4380 4399/4389/4379
f 4481/4471/4461 4482/4472/4462 4402/4392/4382
f 4482/4472/4462 4483/4473/4463 4403/4393/4383
f 4483/4473/4463 4484/4474/4464 4404/4394/4384
f 4484/4474/4464 4485/4475/4465 4405/4395/4385
f 4485/4475/4465 4486/4476/4466 4406/4396/4386
f 4486/4476/4466 4487/4477/4467 4407/4397/4387
f 4487/4477/4467 4488/4479/4468 4408/4398/4388
f 4489/4478/4469 4409/4400/4389 4408/4398/4388
f 4490/4480/4470 4410/4399/4390 4409/4400/4389
f 4491/4481/4471 4411/4401/4391 4410/4399/4390
f 4491/4481/4471 4492/4482/4472 4412/4403/4392
f 4492/4482/4472 4493/4484/4473 4413/4402/4393
f 4494/4483/4474 4414/4404/4394 4413/4402/4393
f 4495/4485/4475 4415/4405/4395 4414/4404/4394
f 4496/4486/4476 4416/4406/4396 4415/4405/4395
f 4497/4487/4477 4417/4407/4397 4416/4406/4396
f 4497/4487/4477 4498/4488/4478 4418/4408/4398
f 4498/4488/4478 4499/4490/4479 4419/4410/4399
f 4500/4489/4480 4420/4409/4400 4419/4410/4399
f 4501/4491/4481 4421/4411/4401 4420/4409/4400
f 4502/4492/4482 4422/4412/4402 4421/4411/4401
f 4502/4492/4482 4503/4494/4483 4423/4413/4403
f 4504/4493/4484 4424/4415/4404 4423/4413/4403
f 4504/4493/4484 4505/4495/4485 4425/4414/4405
f 4505/4495/4485 4506/4497/4486 4426/4416/4406
f 4507/4496/4487 4427/4417/4407 4426/4416/4406
f 4508/4498/4488 4428/4419/4408 4427/4417/4407
f 4508/4498/4488 4509/4500/4489 4429/4418/4409
f 4510/4499/4490 4430/4421/4410 4429/4418/4409
f 4510/4499/4490 4511/4502/4491 4431/4420/4411
f 4512/4501/4492 4432/4423/4412 4431/4420/4411
f 4512/4501/4492 4513/4503/4493 4433/4422/4413
f 4513/4503/4493 4514/4504/4494 4434/4424/4414
f 4514/4504/4494 4515/4505/4495 4435/4425/4415
f 4515/4505/4495 4516/4507/4496 4436/4426/4416
f 4517/4506/4497 4437/4427/4417 4436/4426/4416
f 4518/4508/4498 4438/4429/4418 4437/4427/4417
f 4518/4508/4498 4519/4509/4499 4439/4428/4419
f 4519/4509/4499 4520/4510/4500 4440/4430/4420
f 4520/4510/4500 4521/4511/4501 4441/4431/4421
f 4521/4511/4501 4522/4513/4502 4442/4432/4422
f 4523/4512/4503 4443/4433/4423 4442/4432/4422
f 4524/4514/4504 4444/4435/4424 4443/4433/4423
f 4525/4515/4505 4445/4434/4425 4444/4435/4424
f 4526/4516/4506 4446/4437/4426 4445/4434/4425
f 4526/4516/4506 4527/4517/4507 4447/4436/4427
f 4527/4517/4507 4528/4518/4508 4448/4438/4428
f 4528/4518/4508 4529/4519/4509 4449/4440/4429
f 4529/4519/4509 4530/4521/4510 4450/4439/4430
f 4531/4520/4511 4451/4441/4431 4450/4439/4430
f 4531/4520/4511 4532/4522/4512 4452/4442/4432
f 4532/4522/4512 4533/4524/4513 4453/4443/4433
f 4534/4523/4514 4454/4444/4434 4453/4443/4433
f 4535/4525/4515 4455/4445/4435 4454/4444/4434
f 4536/4526/4516 4456/4447/4436 4455/4445/4435
f 4536/4526/4516 4537/4528/4517 4457/4446/4437
f 4538/4527/4518 4458/4448/4438 4457/4446/4437
f 4538/4527/4518 4539/4530/4519 4459/4450/4439
f 4540/4529/4520 4460/4449/4440 4459/4450/4439
f 4540/4529/4520 4541/4532/4521 4461/4451/4441
f 4542/4531/4522 4462/4453/4442 4461/4451/4441
f 4542/4531/4522 4543/4533/4523 4463/4452/4443
f 4543/4533/4523 4544/4535/4524 4464/4454/4444
f 4545/4534/4525 4465/4455/4445 4464/4454/4444
f 4545/4534/4525 4546/4537/4526 4466/4456/4446
f 4547/4536/4527 4467/4457/4447 4466/4456/4446
f 4547/4536/4527 4548/4538/4528 4468/4458/4448
f 4548/4538/4528 4549/4540/4529 4469/4460/4449
f 4550/4539/4530 4470/4459/4450 4469/4460/4449
f 4550/4539/4530 4551/4541/4531 4471/4462/4451
f 4551/4541/4531 4552/4543/4532 4472/4461/4452
f 4553/4542/4533 4473/4463/4453 4472/4461/4452
f 4554/4544/4534 4474/4464/4454 4473/4463/4453
f 4555/4545/4535 4475/4465/4455 4474/4464/4454
f 4556/4546/4536 4476/4466/4456 4475/4465/4455
f 4557/4547/4537 4477/4467/4457 4476/4466/4456
f 4558/4548/4538 4478/4468/4458 4477/4467/4457
f 4559/4549/4539 4479/4469/4459 4478/4468/4458
f 4560/4550/4540 4480/4470/4460 4479/4469/4459
f 4561/4551/4541 4562/4552/4542 4482/4472/4462
f 4562/4552/4542 4563/4553/4543 4483/4473/4463
f 4563/4553/4543 4564/4554/4544 4484/4474/4464
f 4564/4554/4544 4565/4555/4545 4485/4475/4465
f 4565/4555/4545 4566/4556/4546 4486/4476/4466
f 4566/4556/4546 4567/4558/4547 4487/4477/4467
f 4568/4557/4548 4488/4479/4468 4487/4477/4467
f 4569/4559/4549 4489/4478/4469 4488/4479/4468
f 4570/4560/4550 4490/4480/4470 4489/4478/4469
f 4571/4561/4551 4491/4481/4471 4490/4480/4470
f 4572/4562/4552 4492/4482/4472 4491/4481/4471
f 4573/4563/4553 4493/4484/4473 4492/4482/4472
f 4574/4564/4554 4494/4483/4474 4493/4484/4473
f 4574/4564/4554 4575/4566/4555 4495/4485/4475
f 4576/4565/4556 4496/4486/4476 4495/4485/4475
f 4577/4567/4557 4497/4487/4477 4496/4486/4476
f 4577/4567/4557 4578/4568/4558 4498/4488/4478
f 4578/4568/4558 4579/4569/4559 4499/4490/4479
f 4579/4569/4559 4580/4571/4560 4500/4489/4480
f 4581/4570/4561 4501/4491/4481 4500/4489/4480
f 4582/4572/4562 4502/4492/4482 4501/4491/4481
f 4582/4572/4562 4583/4573/4563 4503/4494/4483
f 4583/4573/4563 4584/4574/4564 4504/4493/4484
f 4584/4574/4564 4585/4576/4565 4505/4495/4485
f 4586/4575/4566 4506/4497/4486 4505/4495/4485
f 4586/4575/4566 4587/4577/4567 4507/4496/4487
f 4587/4577/4567 4588/4578/4568 4508/4498/4488
f 4588/4578/4568 4589/4579/4569 4509/4500/4489
f 4589/4579/4569 4590/4581/4570 4510/4499/4490
f 4591/4580/4571 4511/4502/4491 4510/4499/4490
f 4591/4580/4571 4592/4583/4572 4512/4501/4492
f 4593/4582/4573 4513/4503/4493 4512/4501/4492
f 4594/4584/4574 4514/4504/4494 4513/4503/4493
f 4594/4584/4574 4595/4586/4575 4515/4505/4495
f 4596/4585/4576 4516/4507/4496 4515/4505/4495
f 4597/4587/4577 4517/4506/4497 4516/4507/4496
f 4597/4587/4577 4598/4589/4578 4518/4508/4498
f 4599/4588/3115 4519/4509/4499 4518/4508/4498
f 4599/4588/3115 4600/4590/4579 4520/4510/4500
f 4600/4590/4579 4601/4592/4580 4521/4511/4501
f 4602/4591/4581 4522/4513/4502 4521/4511/4501
f 4603/4593/4582 4523/4512/4503 4522/4513/4502
f 4603/4593/4582 4604/4595/4583 4524/4514/4504
f 4605/4594/4584 4525/4515/4505 4524/4514/4504
f 4605/4594/4584 4606/4597/4585 4526/4516/4506
f 4607/4596/4586 4527/4517/4507 4526/4516/4506
f 4608/4598/4587 4528/4518/4508 4527/4517/4507
f 4609/4599/4588 4529/4519/4509 4528/4518/4508
f 4609/4599/4588 4610/4601/4589 4530/4521/4510
f 4611/4600/4590 4531/4520/4511 4530/4521/4510
f 4611/4600/4590 4612/4602/4591 4532/4522/4512
f 4612/4602/4591 4613/4604/4592 4533/4524/4513
f 4614/4603/4593 4534/4523/4514 4533/4524/4513
f 4614/4603/4593 4615/4606/4594 4535/4525/4515
f 4616/4605/4595 4536/4526/4516 4535/4525/4515
f 4617/4607/4596 4537/4528/4517 4536/4526/4516
f 4618/4608/4597 4538/4527/4518 4537/4528/4517
f 4619/4609/4598 4539/4530/4519 4538/4527/4518
f 4620/4610/4599 4540/4529/4520 4539/4530/4519
f 4621/4611/4600 4541/4532/4521 4540/4529/4520
f 4622/4612/4601 4542/4531/4522 4541/4532/4521
f 4622/4612/4601 4623/4613/4602 4543/4533/4523
f 4623/4613/4602 4624/4615/4603 4544/4535/4524
f 4625/4614/4604 4545/4534/4525 4544/4535/4524
f 4625/4614/4604 4626/4617/2084 4546/4537/4526
f 4627/4616/4605 4547/4536/4527 4546/4537/4526
f 4627/4616/4605 4628/4618/4606 4548/4538/4528
f 4628/4618/4606 4629/4620/4607 4549/4540/4529
f 4630/4619/4608 4550/4539/4530 4549/4540/4529
f 4630/4619/4608 4631/4622/4609 4551/4541/4531
f 4632/4621/4610 4552/4543/4532 4551/4541/4531
f 4633/4623/4611 4553/4542/4533 4552/4543/4532
f 4634/4624/4612 4554/4544/4534 4553/4542/4533
f 4635/4625/4613 4555/4545/4535 4554/4544/4534
f 4636/4626/4614 4556/4546/4536 4555/4545/4535
f 4637/4627/4615 4557/4547/4537 4556/4546/4536
f 4638/4628/4616 4558/4548/4538 4557/4547/4537
f 4639/4629/4617 4559/4549/4539 4558/4548/4538
f 4640/4630/4618 4560/4550/4540 4559/4549/4539
f 4641/4631/4619 4642/4632/4620 4562/4552/4542
f 4642/4632/4620 4643/4633/4621 4563/4553/4543
f 4643/4633/4621 4644/4634/4622 4564/4554/4544
f 4644/4634/4622 4645/4635/4623 4565/4555/4545
f 4645/4635/4623 4646/4636/4624 4566/4556/4546
f 4646/4636/4624 4647/4637/4625 4567/4558/4547
f 4647/4637/4625 4648/4639/4626 4568/4557/4548
f 4649/4638/4627 4569/4559/4549 4568/4557/4548
f 4650/4640/4628 4570/4560/4550 4569/4559/4549
f 4651/4641/4629 4571/4561/4551 4570/4560/4550
f 4652/4642/4630 4572/4562/4552 4571/4561/4551
f 4652/4642/4630 4653/4644/4631 4573/4563/4553
f 4654/4643/4632 4574/4564/4554 4573/4563/4553
f 4654/4643/4632 4655/4645/4633 4575/4566/4555
f 4655/4645/4633 4656/4646/4634 4576/4565/4556
f 4656/4646/4634 4657/4648/4635 4577/4567/4557
f 4658/4647/4636 4578/4568/4558 4577/4567/4557
f 4658/4647/4636 4659/4649/4637 4579/4569/4559
f 4659/4649/4637 4660/4650/4638 4580/4571/4560
f 4660/4650/4638 4661/4651/4639 4581/4570/4561
f 4661/4651/4639 4662/4653/4640 4582/4572/4562
f 4663/4652/4641 4583/4573/4563 4582/4572/4562
f 4664/4654/4642 4584/4574/4564 4583/4573/4563
f 4664/4654/4642 4665/4655/4643 4585/4576/4565
f 4665/4655/4643 4666/4657/4644 4586/4575/4566
f 4667/4656/4645 4587/4577/4567 4586/4575/4566
f 4668/4658/4646 4588/4578/4568 4587/4577/4567
f 4669/4659/4647 4589/4579/4569 4588/4578/4568
f 4670/4660/4648 4590/4581/4570 4589/4579/4569
f 4670/4660/4648 4671/4662/4649 4591/4580/4571
f 4672/4661/4650 4592/4583/4572 4591/4580/4571
f 4673/4663/4651 4593/4582/4573 4592/4583/4572
f 4674/4664/4652 4594/4584/4574 4593/4582/4573
f 4674/4664/4652 4675/4665/4653 4595/4586/4575
f 4675/4665/4653 4676/4667/4654 4596/4585/4576
f 4677/4666/4655 4597/4587/4577 4596/4585/4576
f 4677/4666/4655 4678/4669/4656 4598/4589/4578
f 4679/4668/4657 4599/4588/3115 4598/4589/4578
f 4679/4668/4657 4680/4671/4658 4600/4590/4579
f 4681/4670/4659 4601/4592/4580 4600/4590/4579
f 4681/4670/4659 4682/4673/4660 4602/4591/4581
f 4683/4672/4661 4603/4593/4582 4602/4591/4581
f 4684/4674/4662 4604/4595/4583 4603/4593/4582
f 4684/4674/4662 4685/4676/4663 4605/4594/4584
f 4686/4675/4664 4606/4597/4585 4605/4594/4584
f 4687/4677/4665 4607/4596/4586 4606/4597/4585
f 4687/4677/4665 4688/4678/4666 4608/4598/4587
f 4688/4678/4666 4689/4679/4667 4609/4599/4588
f 4689/4679/4667 4690/4681/4668 4610/4601/4589
f 4691/4680/4669 4611/4600/4590 4610/4601/4589
f 4692/4682/4670 4612/4602/4591 4611/4600/4590
f 4692/4682/4670 4693/4683/4671 4613/4604/4592
f 4693/4683/4671 4694/4685/4672 4614/4603/4593
f 4695/4684/4673 4615/4606/4594 4614/4603/4593
f 4695/4684/4673 4696/4687/4674 4616/4605/4595
f 4697/4686/4675 4617/4607/4596 4616/4605/4595
f 4697/4686/4675 4698/4689/4676 4618/4608/4597
f 4699/4688/4677 4619/4609/4598 4618/4608/4597
f 4699/4688/4677 4700/4691/4678 4620/4610/4599
f 4701/4690/4679 4621/4611/4600 4620/4610/4599
f 4701/4690/4679 4702/4693/4680 4622/4612/4601
f 4703/4692/4681 4623/4613/4602 4622/4612/4601
f 4704/4694/4682 4624/4615/4603 4623/4613/4602
f 4704/4694/4682 4705/4695/4683 4625/4614/4604
f 4705/4695/4683 4706/4696/4684 4626/4617/2084
f 4706/4696/4684 4707/4698/4685 4627/4616/4605
f 4708/4697/4686 4628/4618/4606 4627/4616/4605
f 4708/4697/4686 4709/4699/4687 4629/4620/4607
f 4709/4699/4687 4710/4700/4688 4630/4619/4608
f 4710/4700/4688 4711/4702/4689 4631/4622/4609
f 4712/4701/4690 4632/4621/4610 4631/4622/4609
f 4713/4703/4691 4633/4623/4611 4632/4621/4610
f 4714/4704/4692 4634/4624/4612 4633/4623/4611
f 4715/4705/4693 4635/4625/4613 4634/4624/4612
f 4716/4706/4694 4636/4626/4614 4635/4625/4613
f 4717/4707/4695 4637/4627/4615 4636/4626/4614
f 4718/4708/4696 4638/4628/4616 4637/4627/4615
f 4719/4709/4697 4639/4629/4617 4638/4628/4616
f 4720/4710/4698 4640/4630/4618 4639/4629/4617
f 4721/4711/4699 4722/4712/4700 4642/4632/4620
f 4722/4712/4700 4723/4713/4701 4643/4633/4621
f 4723/4713/4701 4724/4714/4702 4644/4634/4622
f 4724/4714/4702 4725/4715/4703 4645/4635/4623
f 4725/4715/4703 4726/4716/4704 4646/4636/4624
f 4726/4716/4704 4727/4717/4705 4647/4637/4625
f 4727/4717/4705 4728/4718/4706 4648/4639/4626
f 4728/4718/4706 4729/4720/4707 4649/4638/4627
f 4730/4719/4708 4650/4640/4628 4649/4638/4627
f 4731/4721/4709 4651/4641/4629 4650/4640/4628
f 4732/4722/4710 4652/4642/4630 4651/4641/4629
f 4733/4723/4711 4653/4644/4631 4652/4642/4630
f 4734/4724/4712 4654/4643/4632 4653/4644/4631
f 4735/4725/4713 4655/4645/4633 4654/4643/4632
f 4735/4725/4713 4736/4726/4714 4656/4646/4634
f 4736/4726/4714 4737/4728/4715 4657/4648/4635
f 4738/4727/4716 4658/4647/4636 4657/4648/4635
f 4739/4729/4717 4659/4649/4637 4658/4647/4636
f 4739/4729/4717 4740/4731/4718 4660/4650/4638
f 4741/4730/4719 4661/4651/4639 4660/4650/4638
f 4741/4730/4719 4742/4732/4720 4662/4653/4640
f 4742/4732/4720 4743/4734/4721 4663/4652/4641
f 4744/4733/4722 4664/4654/4642 4663/4652/4641
f 4745/4735/4723 4665/4655/4643 4664/4654/4642
f 4745/4735/4723 4746/4737/4724 4666/4657/4644
f 4747/4736/4725 4667/4656/4645 4666/4657/4644
f 4748/4738/4726 4668/4658/4646 4667/4656/4645
f 4748/4738/4726 4749/4740/4727 4669/4659/4647
f 4750/4739/4728 4670/4660/4648 4669/4659/4647
f 4751/4741/4729 4671/4662/4649 4670/4660/4648
f 4752/4742/4730 4672/4661/4650 4671/4662/4649
f 4752/4742/4730 4753/4743/4731 4673/4663/4651
f 4753/4743/4731 4754/4744/4732 4674/4664/4652
f 4754/4744/4732 4755/4746/4733 4675/4665/4653
f 4756/4745/4734 4676/4667/4654 4675/4665/4653
f 4757/4747/4735 4677/4666/4655 4676/4667/4654
f 4757/4747/4735 4758/4748/4736 4678/4669/4656
f 4758/4748/4736 4759/4750/4737 4679/4668/4657
f 4760/4749/4738 4680/4671/4658 4679/4668/4657
f 4761/4751/4739 4681/4670/4659 4680/4671/4658
f 4761/4751/4739 4762/4752/4740 4682/4673/4660
f 4762/4752/4740 4763/4753/4741 4683/4672/4661
f 4763/4753/4741 4764/4755/4742 4684/4674/4662
f 4765/4754/4743 4685/4676/4663 4684/4674/4662
f 4766/4756/4744 4686/4675/4664 4685/4676/4663
f 4766/4756/4744 4767/4758/4745 4687/4677/4665
f 4768/4757/4746 4688/4678/4666 4687/4677/4665
f 4768/4757/4746 4769/4760/4747 4689/4679/4667
f 4770/4759/4748 4690/4681/4668 4689/4679/4667
f 4770/4759/4748 4771/4762/4749 4691/4680/4669
f 4772/4761/4750 4692/4682/4670 4691/4680/4669
f 4773/4763/4751 4693/4683/4671 4692/4682/4670
f 4773/4763/4751 4774/4764/4752 4694/4685/4672
f 4774/4764/4752 4775/4765/4753 4695/4684/4673
f 4775/4765/4753 4776/4767/4754 4696/4687/4674
f 4777/4766/4755 4697/4686/4675 4696/4687/4674
f 4777/4766/4755 4778/4769/4756 4698/4689/4676
f 4779/4768/4757 4699/4688/4677 4698/4689/4676
f 4780/4770/4758 4700/4691/4678 4699/4688/4677
f 4781/4771/4759 4701/4690/4679 4700/4691/4678
f 4781/4771/4759 4782/4773/4760 4702/4693/4680
f 4783/4772/4761 4703/4692/4681 4702/4693/4680
f 4783/4772/4761 4784/4775/4762 4704/4694/4682
f 4785/4774/4763 4705/4695/4683 4704/4694/4682
f 4786/4776/4764 4706/4696/4684 4705/4695/4683
f 4786/4776/4764 4787/4778/4765 4707/4698/4685
f 4788/4777/4766 4708/4697/4686 4707/4698/4685
f 4788/4777/4766 4789/4779/4767 4709/4699/4687
f 4789/4779/4767 4790/4780/4768 4710/4700/4688
f 4790/4780/4768 4791/4782/4769 4711/4702/4689
f 4792/4781/4770 4712/4701/4690 4711/4702/4689
f 4793/4783/4771 4713/4703/4691 4712/4701/4690
f 4794/4784/4772 4714/4704/4692 4713/4703/4691
f 4795/4785/4773 4715/4705/4693 4714/4704/4692
f 4796/4786/4774 4716/4706/4694 4715/4705/4693
f 4797/4787/4775 4717/4707/4695 4716/4706/4694
f 4797/4787/4775 4798/4789/4776 4718/4708/4696
f 4799/4788/4777 4719/4709/4697 4718/4708/4696
f 4800/4790/4778 4720/4710/4698 4719/4709/4697
f 4801/4791/4779 4802/4792/4780 4722/4712/4700
f 4802/4792/4780 4803/4793/4781 4723/4713/4701
f 4803/4793/4781 4804/4795/4782 4724/4714/4702
f 4805/4794/4783 4725/4715/4703 4724/4714/4702
f 4806/4796/4784 4726/4716/4704 4725/4715/4703
f 4806/4796/4784 4807/4797/4785 4727/4717/4705
f 4807/4797/4785 4808/4798/4786 4728/4718/4706
f 4808/4798/4786 4809/4799/4787 4729/4720/4707
f 4809/4799/4787 4810/4801/4788 4730/4719/4708
f 4811/4800/4789 4731/4721/4709 4730/4719/4708
f 4811/4800/4789 4812/4803/4790 4732/4722/4710
f 4813/4802/4791 4733/4723/4711 4732/4722/4710
f 4813/4802/4791 4814/4805/4792 4734/4724/4712
f 4815/4804/4793 4735/4725/4713 4734/4724/4712
f 4816/4806/4794 4736/4726/4714 4735/4725/4713
f 4817/4807/4795 4737/4728/4715 4736/4726/4714
f 4818/4808/4796 4738/4727/4716 4737/4728/4715
f 4819/4809/4797 4739/4729/4717 4738/4727/4716
f 4819/4809/4797 4820/4811/4798 4740/4731/4718
f 4821/4810/4799 4741/4730/4719 4740/4731/4718
f 4821/4810/4799 4822/4812/4800 4742/4732/4720
f 4822/4812/4800 4823/4814/4801 4743/4734/4721
f 4824/4813/4802 4744/4733/4722 4743/4734/4721
f 4824/4813/4802 4825/4815/4803 4745/4735/4723
f 4825/4815/4803 4826/4816/4804 4746/4737/4724
f 4826/4816/4804 4827/4818/4805 4747/4736/4725
f 4828/4817/4806 4748/4738/4726 4747/4736/4725
f 4829/4819/4807 4749/4740/4727 4748/4738/4726
f 4829/4819/4807 4830/4820/4808 4750/4739/4728
f 4830/4820/4808 4831/4822/4809 4751/4741/4729
f 4832/4821/4810 4752/4742/4730 4751/4741/4729
f 4832/4821/4810 4833/4823/4811 4753/4743/4731
f 4833/4823/4811 4834/4825/4812 4754/4744/4732
f 4835/4824/4813 4755/4746/4733 4754/4744/4732
f 4835/4824/4813 4836/4827/4814 4756/4745/4734
f 4837/4826/4815 4757/4747/4735 4756/4745/4734
f 4837/4826/4815 4838/4828/4816 4758/4748/4736
f 4838/4828/4816 4839/4829/4817 4759/4750/4737
f 4839/4829/4817 4840/4831/4818 4760/4749/4738
f 4841/4830/4819 4761/4751/4739 4760/4749/4738
f 4841/4830/4819 4842/4833/4820 4762/4752/4740
f 4843/4832/4821 4763/4753/4741 4762/4752/4740
f 4843/4832/4821 4844/4835/4822 4764/4755/4742
f 4845/4834/4823 4765/4754/4743 4764/4755/4742
f 4845/4834/4823 4846/4836/4824 4766/4756/4744
f 4846/4836/4824 4847/4838/4825 4767/4758/4745
f 4848/4837/4826 4768/4757/4746 4767/4758/4745
f 4848/4837/4826 4849/4840/4827 4769/4760/4747
f 4850/4839/4828 4770/4759/4748 4769/4760/4747
f 4851/4841/4829 4771/4762/4749 4770/4759/4748
f 4851/4841/4829 4852/4842/4830 4772/4761/4750
f 4852/4842/4830 4853/4844/4831 4773/4763/4751
f 4854/4843/4832 4774/4764/4752 4773/4763/4751
f 4854/4843/4832 4855/4846/4833 4775/4765/4753
f 4856/4845/4834 4776/4767/4754 4775/4765/4753
f 4856/4845/4834 4857/4848/4835 4777/4766/4755
f 4858/4847/4836 4778/4769/4756 4777/4766/4755
f 4858/4847/4836 4859/4850/4837 4779/4768/4757
f 4860/4849/4838 4780/4770/4758 4779/4768/4757
f 4860/4849/4838 4861/4852/4839 4781/4771/4759
f 4862/4851/4840 4782/4773/4760 4781/4771/4759
f 4862/4851/4840 4863/4854/4841 4783/4772/4761
f 4864/4853/4842 4784/4775/4762 4783/4772/4761
f 4864/4853/4842 4865/4855/4843 4785/4774/4763
f 4865/4855/4843 4866/4856/4844 4786/4776/4764
f 4866/4856/4844 4867/4858/4845 4787/4778/4765
f 4868/4857/4846 4788/4777/4766 4787/4778/4765
f 4868/4857/4846 4869/4859/4847 4789/4779/4767
f 4869/4859/4847 4870/4860/4848 4790/4780/4768
f 4870/4860/4848 4871/4862/4849 4791/4782/4769
f 4872/4861/4850 4792/4781/4770 4791/4782/4769
f 4872/4861/4850 4873/4863/4851 4793/4783/4771
f 4873/4863/4851 4874/4864/4852 4794/4784/4772
f 4874/4864/4852 4875/4866/4853 4795/4785/4773
f 4876/4865/4854 4796/4786/4774 4795/4785/4773
f 4877/4867/4855 4797/4787/4775 4796/4786/4774
f 4877/4867/4855 4878/4869/4856 4798/4789/4776
f 4879/4868/4857 4799/4788/4777 4798/4789/4776
f 4880/4870/4858 4800/4790/4778 4799/4788/4777
f 4881/4871/4859 4882/4872/4860 4802/4792/4780
f 4882/4872/4860 4883/4874/4861 4803/4793/4781
f 4884/4873/4862 4804/4795/4782 4803/4793/4781
f 4885/4875/4863 4805/4794/4783 4804/4795/4782
f 4886/4876/4864 4806/4796/4784 4805/4794/4783
f 4886/4876/4864 4887/4877/4865 4807/4797/4785
f 4887/4877/4865 4888/4878/4866 4808/4798/4786
f 4888/4878/4866 4889/4879/4867 4809/4799/4787
f 4889/4879/4867 4890/4881/4868 4810/4801/4788
f 4891/4880/4869 4811/4800/4789 4810/4801/4788
f 4892/4882/4870 4812/4803/4790 4811/4800/4789
f 4893/4883/4871 4813/4802/4791 4812/4803/4790
f 4893/4883/4871 4894/4885/4872 4814/4805/4792
f 4895/4884/4873 4815/4804/4793 4814/4805/4792
f 4896/4886/4874 4816/4806/4794 4815/4804/4793
f 4897/4887/4875 4817/4807/4795 4816/4806/4794
f 4897/4887/4875 4898/4889/4876 4818/4808/4796
f 4899/4888/4877 4819/4809/4797 4818/4808/4796
f 4899/4888/4877 4900/4891/4878 4820/4811/4798
f 4901/4890/4879 4821/4810/4799 4820/4811/4798
f 4901/4890/4879 4902/4892/4880 4822/4812/4800
f 4902/4892/4880 4903/4894/4881 4823/4814/4801
f 4904/4893/4882 4824/4813/4802 4823/4814/4801
f 4904/4893/4882 4905/4896/4883 4825/4815/4803
f 4906/4895/4884 4826/4816/4804 4825/4815/4803
f 4906/4895/4884 4907/4898/4885 4827/4818/4805
f 4908/4897/4886 4828/4817/4806 4827/4818/4805
f 4909/4899/4887 4829/4819/4807 4828/4817/4806
f 4909/4899/4887 4910/4901/4888 4830/4820/4808
f 4911/4900/4889 4831/4822/4809 4830/4820/4808
f 4911/4900/4889 4912/4903/4890 4832/4821/4810
f 4913/4902/4891 4833/4823/4811 4832/4821/4810
f 4913/4902/4891 4914/4905/4892 4834/4825/4812
f 4915/4904/4893 4835/4824/4813 4834/4825/4812
f 4915/4904/4893 4916/4907/4894 4836/4827/4814
f 4917/4906/4895 4837/4826/4815 4836/4827/4814
f 4917/4906/4895 4918/4908/4896 4838/4828/4816
f 4918/4908/4896 4919/4909/4897 4839/4829/4817
f 4919/4909/4897 4920/4911/4898 4840/4831/4818
f 4921/4910/4899 4841/4830/4819 4840/4831/4818
f 4921/4910/4899 4922/4913/4900 4842/4833/4820
f 4923/4912/4901 4843/4832/4821 4842/4833/4820
f 4923/4912/4901 4924/4915/4902 4844/4835/4822
f 4925/4914/4903 4845/4834/4823 4844/4835/4822
f 4925/4914/4903 4926/4916/4904 4846/4836/4824
f 4926/4916/4904 4927/4917/4905 4847/4838/4825
f 4927/4917/4905 4928/4919/4906 4848/4837/4826
f 4929/4918/4907 4849/4840/4827 4848/4837/4826
f 4930/4920/4908 4850/4839/4828 4849/4840/4827
f 4930/4920/4908 4931/4921/4909 4851/4841/4829
f 4931/4921/4909 4932/4922/4910 4852/4842/4830
f 4932/4922/4910 4933/4924/4911 4853/4844/4831
f 4934/4923/4912 4854/4843/4832 4853/4844/4831
f 4934/4923/4912 4935/4925/4913 4855/4846/4833
f 4935/4925/4913 4936/4926/4914 4856/4845/4834
f 4936/4926/4914 4937/4928/4915 4857/4848/4835
f 4938/4927/4916 4858/4847/4836 4857/4848/4835
f 4938/4927/4916 4939/4930/4917 4859/4850/4837
f 4940/4929/4918 4860/4849/4838 4859/4850/4837
f 4940/4929/4918 4941/4931/4919 4861/4852/4839
f 4941/4931/4919 4942/4932/4920 4862/4851/4840
f 4942/4932/4920 4943/4934/4921 4863/4854/4841
f 4944/4933/4922 4864/4853/4842 4863/4854/4841
f 4944/4933/4922 4945/4936/4923 4865/4855/4843
f 4946/4935/4924 4866/4856/4844 4865/4855/4843
f 4946/4935/4924 4947/4937/4925 4867/4858/4845
f 4947/4937/4925 4948/4938/4926 4868/4857/4846
f 4948/4938/4926 4949/4940/4927 4869/4859/4847
f 4950/4939/4928 4870/4860/4848 4869/4859/4847
f 4951/4941/4929 4871/4862/4849 4870/4860/4848
f 4951/4941/4929 4952/4942/4930 4872/4861/4850
f 4952/4942/4930 4953/4943/4931 4873/4863/4851
f 4953/4943/4931 4954/4944/4932 4874/4864/4852
f 4954/4944/4932 4955/4946/4933 4875/4866/4853
f 4956/4945/4934 4876/4865/4854 4875/4866/4853
f 4957/4947/4935 4877/4867/4855 4876/4865/4854
f 4957/4947/4935 4958/4949/4936 4878/4869/4856
f 4959/4948/4937 4879/4868/4857 4878/4869/4856
f 4959/4948/4937 4960/5029/4938 4880/4870/4858
f 4961/4950/4939 4962/4951/4940 4882/4872/4860
f 4962/4951/4940 4963/4952/4941 4883/4874/4861
f 4963/4952/4941 4964/4954/4942 4884/4873/4862
f 4965/4953/4943 4885/4875/4863 4884/4873/4862
f 4966/4955/4944 4886/4876/4864 4885/4875/4863
f 4966/4955/4944 4967/4956/4945 4887/4877/4865
f 4967/4956/4945 4968/4957/4946 4888/4878/4866
f 4968/4957/4946 4969/4959/4947 4889/4879/4867
f 4970/4958/4948 4890/4881/4868 4889/4879/4867
f 4971/4960/4949 4891/4880/4869 4890/4881/4868
f 4972/4961/12 4892/4882/4870 4891/4880/4869
f 4973/4962/12 4893/4883/4871 4892/4882/4870
f 4974/4963/4950 4894/4885/4872 4893/4883/4871
f 4975/4964/4951 4895/4884/4873 4894/4885/4872
f 4975/4964/4951 4976/4966/4952 4896/4886/4874
f 4977/4965/4953 4897/4887/4875 4896/4886/4874
f 4978/4967/4954 4898/4889/4876 4897/4887/4875
f 4979/4968/4955 4899/4888/4877 4898/4889/4876
f 4979/4968/4955 4980/4970/4956 4900/4891/4878
f 4981/4969/4957 4901/4890/4879 4900/4891/4878
f 4982/4971/4958 4902/4892/4880 4901/4890/4879
f 4983/4972/4959 4903/4894/4881 4902/4892/4880
f 4984/4973/4960 4904/4893/4882 4903/4894/4881
f 4984/4973/4960 4985/4974/4961 4905/4896/4883
f 4985/4974/4961 4986/4976/4962 4906/4895/4884
f 4987/4975/4963 4907/4898/4885 4906/4895/4884
f 4987/4975/4963 4988/4978/4964 4908/4897/4886
f 4989/4977/4965 4909/4899/4887 4908/4897/4886
f 4989/4977/4965 4990/4980/4966 4910/4901/4888
f 4991/4979/4967 4911/4900/4889 4910/4901/4888
f 4992/4981/4968 4912/4903/4890 4911/4900/4889
f 4992/4981/4968 4993/4983/4969 4913/4902/4891
f 4994/4982/4970 4914/4905/4892 4913/4902/4891
f 4995/4984/4971 4915/4904/4893 4914/4905/4892
f 4995/4984/4971 4996/4986/4972 4916/4907/4894
f 4997/4985/4973 4917/4906/4895 4916/4907/4894
f 4997/4985/4973 4998/4988/4974 4918/4908/4896
f 4999/4987/4975 4919/4909/4897 4918/4908/4896
f 4999/4987/4975 5000/4990/4976 4920/4911/4898
f 5001/4989/4977 4921/4910/4899 4920/4911/4898
f 5002/4991/4978 4922/4913/4900 4921/4910/4899
f 5003/4992/4979 4923/4912/4901 4922/4913/4900
f 5003/4992/4979 5004/4994/4980 4924/4915/4902
f 5005/4993/4981 4925/4914/4903 4924/4915/4902
f 5005/4993/4981 5006/4996/4982 4926/4916/4904
f 5007/4995/4983 4927/4917/4905 4926/4916/4904
f 5007/4995/4983 5008/4998/4984 4928/4919/4906
f 5009/4997/4985 4929/4918/4907 4928/4919/4906
f 5009/4997/4985 5010/5000/4986 4930/4920/4908
f 5011/4999/4987 4931/4921/4909 4930/4920/4908
f 5011/4999/4987 5012/5002/4988 4932/4922/4910
f 5013/5001/4989 4933/4924/4911 4932/4922/4910
f 5014/5003/4990 4934/4923/4912 4933/4924/4911
f 5014/5003/4990 5015/5004/4991 4935/4925/4913
f 5015/5004/4991 5016/5006/4992 4936/4926/4914
f 5017/5005/4993 4937/4928/4915 4936/4926/4914
f 5017/5005/4993 5018/5008/4994 4938/4927/4916
f 5019/5007/4995 4939/4930/4917 4938/4927/4916
f 5020/5009/4996 4940/4929/4918 4939/4930/4917
f 5020/5009/4996 5021/5010/4997 4941/4931/4919
f 5021/5010/4997 5022/5012/4998 4942/4932/4920
f 5023/5011/4999 4943/4934/4921 4942/4932/4920
f 5023/5011/4999 5024/5013/5000 4944/4933/4922
f 5024/5013/5000 5025/5015/5001 4945/4936/4923
f 5026/5014/5002 4946/4935/4924 4945/4936/4923
f 5027/5016/5003 4947/4937/4925 4946/4935/4924
f 5028/5017/12 4948/4938/4926 4947/4937/4925
f 5029/5018/12 4949/4940/4927 4948/4938/4926
f 5030/5019/5004 4950/4939/4928 4949/4940/4927
f 5030/5019/5004 5031/5020/5005 4951/4941/4929
f 5031/5020/5005 5032/5021/5006 4952/4942/4930
f 5032/5021/5006 5033/5022/5007 4953/4943/4931
f 5033/5022/5007 5034/5023/5008 4954/4944/4932
f 5034/5023/5008 5035/5025/5009 4955/4946/4933
f 5036/5024/5010 4956/4945/4934 4955/4946/4933
f 5036/5024/5010 5037/5026/5011 4957/4947/4935
f 5037/5026/5011 5038/5027/5012 4958/4949/4936
f 5038/5027/5012 5039/5028/5013 4959/4948/4937
f 5039/5028/5013 5040/5109/5014 4960/5029/4938
f 5041/5030/5015 5042/5031/5016 4962/4951/4940
f 5042/5031/5016 5043/5032/5017 4963/4952/4941
f 5043/5032/5017 5044/5033/5018 4964/4954/4942
f 5044/5033/5018 5045/5034/5019 4965/4953/4943
f 5045/5034/5019 5046/5035/5020 4966/4955/4944
f 5046/5035/5020 5047/5037/5021 4967/4956/4945
f 5048/5036/5022 4968/4957/4946 4967/4956/4945
f 5049/5038/5023 4969/4959/4947 4968/4957/4946
f 5050/5039/5024 4970/4958/4948 4969/4959/4947
f 5051/5040/5025 4971/4960/4949 4970/4958/4948
f 5052/5041/12 4972/4961/12 4971/4960/4949
f 5053/5042/12 4973/4962/12 4972/4961/12
f 5054/5043/12 4974/4963/4950 4973/4962/12
f 5055/5044/12 4975/4964/4951 4974/4963/4950
f 5056/5045/12 4976/4966/4952 4975/4964/4951
f 5057/5046/12 4977/4965/4953 4976/4966/4952
f 5058/5047/5026 4978/4967/4954 4977/4965/4953
f 5059/5048/5027 4979/4968/4955 4978/4967/4954
f 5060/5049/4927 4980/4970/4956 4979/4968/4955
f 5061/5050/5028 4981/4969/4957 4980/4970/4956
f 5062/5051/5029 4982/4971/4958 4981/4969/4957
f 5063/5052/5030 4983/4972/4959 4982/4971/4958
f 5063/5052/5030 5064/5054/5031 4984/4973/4960
f 5065/5053/5032 4985/4974/4961 4984/4973/4960
f 5066/5055/5033 4986/4976/4962 4985/4974/4961
f 5066/5055/5033 5067/5057/5034 4987/4975/4963
f 5068/5056/5035 4988/4978/4964 4987/4975/4963
f 5069/5058/5036 4989/4977/4965 4988/4978/4964
f 5070/5059/5037 4990/4980/4966 4989/4977/4965
f 5071/5060/5038 4991/4979/4967 4990/4980/4966
f 5072/5061/5039 4992/4981/4968 4991/4979/4967
f 5073/5062/5040 4993/4983/4969 4992/4981/4968
f 5073/5062/5040 5074/5063/5041 4994/4982/4970
f 5074/5063/5041 5075/5065/5042 4995/4984/4971
f 5076/5064/5043 4996/4986/4972 4995/4984/4971
f 5077/5066/5044 4997/4985/4973 4996/4986/4972
f 5077/5066/5044 5078/5067/5045 4998/4988/4974
f 5078/5067/5045 5079/5069/5046 4999/4987/4975
f 5080/5068/5047 5000/4990/4976 4999/4987/4975
f 5081/5070/5048 5001/4989/4977 5000/4990/4976
f 5082/5071/5049 5002/4991/4978 5001/4989/4977
f 5083/5072/5050 5003/4992/4979 5002/4991/4978
f 5084/5073/5044 5004/4994/4980 5003/4992/4979
f 5085/5074/5051 5005/4993/4981 5004/4994/4980
f 5085/5074/5051 5086/5075/5052 5006/4996/4982
f 5086/5075/5052 5087/5076/5053 5007/4995/4983
f 5087/5076/5053 5088/5078/5054 5008/4998/4984
f 5089/5077/5055 5009/4997/4985 5008/4998/4984
f 5089/5077/5055 5090/5080/5056 5010/5000/4986
f 5091/5079/5057 5011/4999/4987 5010/5000/4986
f 5091/5079/5057 5092/5082/5058 5012/5002/4988
f 5093/5081/5059 5013/5001/4989 5012/5002/4988
f 5094/5083/5060 5014/5003/4990 5013/5001/4989
f 5094/5083/5060 5095/5084/5061 5015/5004/4991
f 5095/5084/5061 5096/5086/5062 5016/5006/4992
f 5097/5085/5063 5017/5005/4993 5016/5006/4992
f 5097/5085/5063 5098/5088/5064 5018/5008/4994
f 5099/5087/5065 5019/5007/4995 5018/5008/4994
f 5099/5087/5065 5100/5089/4998 5020/5009/4996
f 5100/5089/4998 5101/5091/5066 5021/5010/4997
f 5102/5090/5067 5022/5012/4998 5021/5010/4997
f 5103/5092/5026 5023/5011/4999 5022/5012/4998
f 5104/5093/12 5024/5013/5000 5023/5011/4999
f 5105/5094/12 5025/5015/5001 5024/5013/5000
f 5106/5095/12 5026/5014/5002 5025/5015/5001
f 5107/5096/12 5027/5016/5003 5026/5014/5002
f 5108/5097/12 5028/5017/12 5027/5016/5003
f 5109/5098/12 5029/5018/12 5028/5017/12
f 5110/5099/5068 5030/5019/5004 5029/5018/12
f 5111/5100/5069 5031/5020/5005 5030/5019/5004
f 5112/5101/5070 5032/5021/5006 5031/5020/5005
f 5113/5102/5071 5033/5022/5007 5032/5021/5006
f 5113/5102/5071 5114/5103/5072 5034/5023/5008
f 5114/5103/5072 5115/5104/5073 5035/5025/5009
f 5115/5104/5073 5116/5105/5074 5036/5024/5010
f 5116/5105/5074 5117/5106/5075 5037/5026/5011
f 5117/5106/5075 5118/5107/5076 5038/5027/5012
f 5118/5107/5076 5119/5108/5077 5039/5028/5013
f 5119/5108/5077 5120/5120/5078 5040/5109/5014
